SmoothFactor,TanimotoDistance,Fold,Repeat,Sensitivity,Specificity,Accuracy,kappa,Coverage,AreaUnderTheCurve,PR_AUC,GMean,Precision,F1,MCC
0.1,1,1,1,0.5167785234899329,0.9146039603960396,0.8526645768025078,0.43495374926195646,1.0,0.7156912419429863,0.5349654532545172,0.6874937703219648,0.5273972602739726,0.5220338983050847,0.43498518563570737
0.1,1,2,1,0.49324324324324326,0.930778739184178,0.8631138975966562,0.4474912408276592,1.0,0.7120109912137106,0.5775403752308291,0.6775694237914376,0.5658914728682171,0.5270758122743683,0.44893500186664137
0.1,1,3,1,0.43243243243243246,0.9344059405940595,0.856694560669456,0.4011558790716389,1.0,0.683419186513246,0.5504219827986535,0.6356629875731354,0.5470085470085471,0.4830188679245283,0.40489031209345566
0.1,1,4,1,0.46621621621621623,0.9294554455445545,0.8577405857740585,0.4212456821338269,1.0,0.6978358308803854,0.5229367010561526,0.6582759307185244,0.5476190476190477,0.5036496350364964,0.42310403423884024
0.1,1,5,1,0.6148648648648649,0.9220297029702971,0.8744769874476988,0.5281497811852193,1.0,0.768447283917581,0.6211434009462727,0.7529433369903895,0.5909090909090909,0.6026490066225165,0.5282968283933824
0.11,1,1,1,0.5167785234899329,0.9158415841584159,0.8537095088819227,0.4374086702386749,1.0,0.7163100538241745,0.5372068396053066,0.687958764470711,0.5310344827586206,0.5238095238095238,0.43746518885755464
0.11,1,2,1,0.4864864864864865,0.9320148331273177,0.8631138975966562,0.444253334692774,1.0,0.7092506598069022,0.5803814025712821,0.6733592069032678,0.5669291338582677,0.5236363636363637,0.44602689143971785
0.11,1,3,1,0.43243243243243246,0.9344059405940595,0.856694560669456,0.4011558790716389,1.0,0.683419186513246,0.5515834466684366,0.6356629875731354,0.5470085470085471,0.4830188679245283,0.40489031209345566
0.11,1,4,1,0.4594594594594595,0.9294554455445545,0.856694560669456,0.4152722467275032,1.0,0.694457452502007,0.5265550584929245,0.6534884058662036,0.544,0.4981684981684982,0.41728772277712844
0.11,1,5,1,0.6148648648648649,0.9232673267326733,0.8755230125523012,0.5308081891218634,1.0,0.7690660957987692,0.622698652048152,0.7534484986285593,0.5947712418300654,0.6046511627906976,0.53091136570992
0.12,1,1,1,0.5167785234899329,0.9158415841584159,0.8537095088819227,0.4374086702386749,1.0,0.7163100538241745,0.540367398737435,0.687958764470711,0.5310344827586206,0.5238095238095238,0.43746518885755464
0.12,1,2,1,0.4864864864864865,0.9320148331273177,0.8631138975966562,0.444253334692774,1.0,0.7092506598069022,0.5823396542413106,0.6733592069032678,0.5669291338582677,0.5236363636363637,0.44602689143971785
0.12,1,3,1,0.43243243243243246,0.9356435643564357,0.8577405857740585,0.4037276196066919,1.0,0.684037998394434,0.5532944478882912,0.636083817137651,0.5517241379310345,0.48484848484848486,0.4077607292795098
0.12,1,4,1,0.4594594594594595,0.9294554455445545,0.856694560669456,0.4152722467275032,1.0,0.694457452502007,0.5279234641999007,0.6534884058662036,0.544,0.4981684981684982,0.41728772277712844
0.12,1,5,1,0.6081081081081081,0.9245049504950495,0.8755230125523012,0.5282399190538589,1.0,0.7663065293015788,0.6245370338255003,0.7497992773950404,0.5960264900662252,0.6020066889632107,0.5282772817546685
0.13,1,1,1,0.5100671140939598,0.9146039603960396,0.851619644723093,0.4293716512420848,1.0,0.7123355372449998,0.5419047487336142,0.6830149358675213,0.5241379310344828,0.5170068027210885,0.4294271313785461
0.13,1,2,1,0.4864864864864865,0.930778739184178,0.8620689655172413,0.4416470713035482,1.0,0.7086326128353322,0.5846275946661228,0.6729125340800486,0.5625,0.5217391304347826,0.4432360348878888
0.13,1,3,1,0.43243243243243246,0.9381188118811881,0.8598326359832636,0.40891809087888975,1.0,0.6852756221568103,0.5545157113835614,0.6369246421142816,0.5614035087719298,0.48854961832061067,0.4135960121045039
0.13,1,4,1,0.46621621621621623,0.9306930693069307,0.858786610878661,0.4238084183081235,1.0,0.6984546427615734,0.529644346157896,0.6587140511868059,0.552,0.5054945054945055,0.42586532368396024
0.13,1,5,1,0.6081081081081081,0.9245049504950495,0.8755230125523012,0.5282399190538589,1.0,0.7663065293015788,0.6249914084407512,0.7497992773950404,0.5960264900662252,0.6020066889632107,0.5282772817546685
0.13999999999999999,1,1,1,0.5100671140939598,0.9158415841584159,0.8526645768025078,0.4318178947235451,1.0,0.7129543491261878,0.5412349954717095,0.6834769007061786,0.5277777777777778,0.5187713310580204,0.43190557053196205
0.13999999999999999,1,2,1,0.49324324324324326,0.9332509270704573,0.8652037617554859,0.45273801660586116,1.0,0.7132470851568503,0.587966133381652,0.6784686536812117,0.5748031496062992,0.5309090909090909,0.45454544606388586
0.13999999999999999,1,3,1,0.4189189189189189,0.9381188118811881,0.8577405857740585,0.3964198172769813,1.0,0.6785188654000535,0.5565301857459551,0.6268937058950009,0.5535714285714286,0.47692307692307695,0.4015784665966761
0.13999999999999999,1,4,1,0.46621621621621623,0.9331683168316832,0.8608786610878661,0.42897946718881935,1.0,0.6996922665239497,0.5312829720695357,0.6595894190829039,0.5609756097560976,0.5092250922509225,0.43147210512265666
0.13999999999999999,1,5,1,0.5945945945945946,0.9257425742574258,0.8744769874476988,0.5203371688520203,1.0,0.7601685844260102,0.6259488952036169,0.7419174688869042,0.5945945945945946,0.5945945945945946,0.5203371688520203
0.14999999999999997,1,1,1,0.5100671140939598,0.9195544554455446,0.8557993730407524,0.4392387649036994,1.0,0.7148107847697522,0.5439237858139387,0.6848609255471885,0.5390070921985816,0.5241379310344828,0.43947103473856053
0.14999999999999997,1,2,1,0.49324324324324326,0.9332509270704573,0.8652037617554859,0.45273801660586116,1.0,0.7132470851568503,0.5920950747659102,0.6784686536812117,0.5748031496062992,0.5309090909090909,0.45454544606388586
0.14999999999999997,1,3,1,0.41216216216216217,0.9393564356435643,0.8577405857740585,0.3926983296588318,1.0,0.6757592989028633,0.5583860071274019,0.6222275946595373,0.5545454545454546,0.4728682170542636,0.3984770569813083
0.14999999999999997,1,4,1,0.4594594594594595,0.9356435643564357,0.8619246861924686,0.42818821141158575,1.0,0.6975515119079475,0.5339296997791413,0.655660191201151,0.5666666666666667,0.5074626865671642,0.4313731698832343
0.14999999999999997,1,5,1,0.5878378378378378,0.9294554455445545,0.8765690376569037,0.5230670364607994,1.0,0.7586466416911961,0.6266977211846477,0.7391678290317533,0.6041666666666666,0.5958904109589042,0.5231354092270316
0.15999999999999998,1,1,1,0.5033557046979866,0.9220297029702971,0.8568443051201672,0.43858950478514996,1.0,0.7126927038341418,0.5440562487343866,0.6812553932932122,0.5434782608695652,0.5226480836236934,0.4390357730288935
0.15999999999999998,1,2,1,0.4864864864864865,0.9357231149567367,0.8662486938349008,0.4521645796064403,1.0,0.7111048007216116,0.5965460247672553,0.6746974510990045,0.5806451612903226,0.5294117647058824,0.4545690685771445
0.15999999999999998,1,3,1,0.41216216216216217,0.943069306930693,0.8608786610878661,0.400550662869859,1.0,0.6776157345464275,0.5603481975429537,0.6234560807413191,0.5700934579439252,0.47843137254901963,0.407570024983655
0.15999999999999998,1,4,1,0.4594594594594595,0.9368811881188119,0.8629707112970711,0.4308178959041576,1.0,0.6981703237891357,0.5374705385618221,0.6560936855897986,0.5714285714285714,0.5093632958801498,0.4342791139012071
0.15999999999999998,1,5,1,0.581081081081081,0.9294554455445545,0.8755230125523012,0.517679379992199,1.0,0.7552682633128178,0.6285782244534319,0.7349074602381769,0.6013986013986014,0.5910652920962199,0.5177857165044604
0.16999999999999998,1,1,1,0.5033557046979866,0.9232673267326733,0.857889237199582,0.441110290455006,1.0,0.71331151571533,0.5442122175629316,0.6817124583518707,0.5474452554744526,0.5244755244755245,0.4416476278733688
0.16999999999999998,1,2,1,0.4864864864864865,0.9394313967861557,0.8693834900731452,0.46021740209460443,1.0,0.7129589416363211,0.6026047093374475,0.6760330461727365,0.5950413223140496,0.5353159851301115,0.4633777431961033
0.16999999999999998,1,3,1,0.3918918918918919,0.943069306930693,0.8577405857740585,0.3812533313028246,1.0,0.6674805994112925,0.5636216440270463,0.6079319163181388,0.5576923076923077,0.4603174603174603,0.3891298738609148
0.16999999999999998,1,4,1,0.4527027027027027,0.9418316831683168,0.8661087866108786,0.4353844450186407,1.0,0.6972671929355098,0.5417752081033299,0.6529699445313947,0.5877192982456141,0.5114503816793893,0.44036513475109434
0.16999999999999998,1,5,1,0.5743243243243243,0.931930693069307,0.8765690376569037,0.5176836776576823,1.0,0.7531275086968157,0.6308704924104188,0.73159446800405,0.6071428571428571,0.5902777777777778,0.5179606668365825
0.17999999999999997,1,1,1,0.4966442953020134,0.9282178217821783,0.8610240334378265,0.4455943653873796,1.0,0.7124310585420959,0.5405906635637792,0.6789654527188992,0.5606060606060606,0.5266903914590747,0.4467174150774558
0.17999999999999997,1,2,1,0.4797297297297297,0.9431396786155748,0.8714733542319749,0.4624405748653944,1.0,0.7114347041726523,0.6072799329268419,0.6726456296740757,0.6068376068376068,0.5358490566037736,0.4667440740564145
0.17999999999999997,1,3,1,0.3918918918918919,0.9467821782178217,0.8608786610878661,0.389146184445683,1.0,0.6693370350548569,0.5672428537253164,0.6091274571313532,0.5742574257425742,0.46586345381526106,0.39854259188969043
0.17999999999999997,1,4,1,0.4527027027027027,0.9443069306930693,0.8682008368200836,0.44080071306543855,1.0,0.698504816697886,0.5467695290377242,0.6538274234885274,0.5982142857142857,0.5153846153846153,0.446536895262877
0.17999999999999997,1,5,1,0.5675675675675675,0.9356435643564357,0.8786610878661087,0.5204455822320624,1.0,0.7516055659620016,0.6330491897195905,0.7287255600924336,0.6176470588235294,0.5915492957746479,0.5210871908093341
0.18999999999999995,1,1,1,0.4899328859060403,0.9344059405940595,0.8652037617554859,0.4528447393264101,1.0,0.7121694132500499,0.5437034606082516,0.6766063841577284,0.5793650793650794,0.5309090909090909,0.45501509150334113
0.18999999999999995,1,2,1,0.47297297297297297,0.9468479604449939,0.8735632183908046,0.4647180914255604,1.0,0.7099104667089834,0.6150413456185602,0.6692036273101519,0.6194690265486725,0.5363984674329502,0.47039073957695
0.18999999999999995,1,3,1,0.3783783783783784,0.9504950495049505,0.8619246861924686,0.38397250644380226,1.0,0.6644367139416645,0.5712169681593359,0.5997055740014092,0.5833333333333334,0.45901639344262296,0.3958042753276912
0.18999999999999995,1,4,1,0.44594594594594594,0.9467821782178217,0.8692468619246861,0.4400922090822194,1.0,0.6963640620818838,0.5519533364656695,0.649779711956375,0.6055045871559633,0.5136186770428015,0.4469650725769938
0.18999999999999995,1,5,1,0.5675675675675675,0.9381188118811881,0.8807531380753139,0.5260081416791345,1.0,0.7528431897243778,0.6366297303719356,0.7296888461178384,0.6268656716417911,0.5957446808510638,0.5269015623096908
0.19999999999999996,1,1,1,0.4899328859060403,0.943069306930693,0.8725182863113897,0.471734822228456,1.0,0.7165010964183667,0.5467006043853605,0.6797357333213869,0.6134453781512605,0.5447761194029851,0.4757660195038771
0.19999999999999996,1,2,1,0.46621621621621623,0.9505562422744128,0.8756530825496343,0.46705196901981866,1.0,0.7083862292453145,0.6216957651423685,0.6657061923806039,0.6330275229357798,0.5369649805447471,0.4743435016109794
0.19999999999999996,1,3,1,0.36486486486486486,0.9529702970297029,0.8619246861924686,0.37592973571767707,1.0,0.6589175809472839,0.5758850652238272,0.5896654802902852,0.5869565217391305,0.45,0.38984116337960806
0.19999999999999996,1,4,1,0.4527027027027027,0.9504950495049505,0.8734309623430963,0.4546363173477664,1.0,0.7015988761038265,0.5566208925770664,0.6559662169780013,0.6261682242990654,0.5254901960784314,0.46260349163399034
0.19999999999999996,1,5,1,0.5608108108108109,0.9381188118811881,0.8797071129707112,0.5204738559240711,1.0,0.7494648113459994,0.6417198487198472,0.725332455862802,0.6240601503759399,0.5907473309608541,0.5214949291505108
0.20999999999999996,1,1,1,0.48322147651006714,0.9443069306930693,0.8725182863113897,0.46856565435875025,1.0,0.7137642036015682,0.549538061031053,0.6755067648278547,0.6153846153846154,0.5413533834586466,0.4731852707334396
0.20999999999999996,1,2,1,0.4527027027027027,0.9542645241038319,0.8766980146290491,0.4632284437684188,1.0,0.7034836134032673,0.6299657044950385,0.6572656458047332,0.6442307692307693,0.5317460317460317,0.4727955388629363
0.20999999999999996,1,3,1,0.3581081081081081,0.9529702970297029,0.8608786610878661,0.3691428344612699,1.0,0.6555392025689055,0.5777965314171709,0.5841801007844488,0.5824175824175825,0.4435146443514644,0.38342255062740743
0.20999999999999996,1,4,1,0.44594594594594594,0.9566831683168316,0.8776150627615062,0.46263235774545014,1.0,0.7013145571313888,0.5630003085715616,0.6531684166167361,0.6534653465346535,0.5301204819277109,0.47380317813098305
0.20999999999999996,1,5,1,0.5472972972972973,0.9455445544554455,0.8838912133891214,0.5262424772755684,1.0,0.7464209258763714,0.6453261218962056,0.7193705436891633,0.648,0.5934065934065934,0.5287965345659422
0.21999999999999995,1,1,1,0.48322147651006714,0.9504950495049505,0.877742946708464,0.48258557030697663,1.0,0.7168582630075088,0.5576961810744785,0.6777164755539675,0.6428571428571429,0.5517241379310345,0.4891785656455815
0.21999999999999995,1,2,1,0.44594594594594594,0.9604449938195303,0.8808777429467085,0.4714602691677891,1.0,0.7031954698827381,0.6363193874233714,0.6544513360807651,0.673469387755102,0.5365853658536586,0.4846626089526032
0.21999999999999995,1,3,1,0.35135135135135137,0.9554455445544554,0.8619246861924686,0.3676741762206367,1.0,0.6533984479529034,0.5813787542378259,0.579393720385228,0.5909090909090909,0.4406779661016949,0.3838718808774161
0.21999999999999995,1,4,1,0.4189189189189189,0.9616336633663366,0.8776150627615062,0.4486464104738055,1.0,0.6902762911426278,0.5696752693521989,0.6347019258309095,0.6666666666666666,0.5145228215767634,0.46451991638791257
0.21999999999999995,1,5,1,0.527027027027027,0.9566831683168316,0.8901673640167364,0.5354240331747411,1.0,0.7418550976719294,0.6474835033202706,0.7100689304601467,0.6902654867256637,0.5977011494252874,0.5419619170453773
0.22999999999999995,1,1,1,0.47651006711409394,0.9517326732673267,0.877742946708464,0.4794149235411447,1.0,0.7141213701907103,0.5637696961237939,0.6734316594973019,0.6454545454545455,0.5482625482625483,0.4868002317822465
0.22999999999999995,1,2,1,0.42567567567567566,0.9666254635352287,0.8829676071055381,0.4670803376987559,1.0,0.6961505696054522,0.6444047384411957,0.6414584533043989,0.7,0.5294117647058824,0.4859525711904033
0.22999999999999995,1,3,1,0.3581081081081081,0.9616336633663366,0.8682008368200836,0.3883246668833276,1.0,0.6598708857372224,0.5862175900399664,0.5868294572370989,0.6309523809523809,0.45689655172413796,0.40854324052112695
0.22999999999999995,1,4,1,0.39864864864864863,0.9678217821782178,0.8797071129707112,0.4435896916816809,1.0,0.6832352154134332,0.5732016314793854,0.6211447863405708,0.6941176470588235,0.5064377682403434,0.4657543679121404
0.22999999999999995,1,5,1,0.5202702702702703,0.9591584158415841,0.891213389121339,0.5355928403273422,1.0,0.7397143430559272,0.6501657844626831,0.7064146149690741,0.7,0.5968992248062015,0.543474322743657
0.23999999999999994,1,1,1,0.4563758389261745,0.9603960396039604,0.8819226750261233,0.4813207158034083,1.0,0.7083859392650674,0.5656899404890942,0.6620434640381498,0.68,0.5461847389558233,0.4939770942342353
0.23999999999999994,1,2,1,0.42567567567567566,0.969097651421508,0.8850574712643678,0.47313367099757764,1.0,0.6973866635485919,0.6519720587364028,0.6422782088507759,0.7159090909090909,0.5338983050847458,0.49397127625883847
0.23999999999999994,1,3,1,0.3581081081081081,0.9678217821782178,0.8734309623430963,0.4025864027929844,1.0,0.662964945143163,0.590730344059299,0.5887145551127975,0.6708860759493671,0.4669603524229075,0.4282007130965766
0.23999999999999994,1,4,1,0.3918918918918919,0.9715346534653465,0.8817991631799164,0.4458624864066316,1.0,0.6817132726786193,0.578355395162432,0.6170385347651054,0.7160493827160493,0.5065502183406113,0.47207026740919567
0.23999999999999994,1,5,1,0.46621621621621623,0.9641089108910891,0.8870292887029289,0.4992045322261456,1.0,0.7151625635536527,0.6532599280692036,0.6704350889206059,0.7040816326530612,0.5609756097560976,0.5131880820201259
0.24999999999999992,1,1,1,0.3959731543624161,0.9641089108910891,0.8756530825496343,0.4322456813819578,1.0,0.6800410326267525,0.5716671441044576,0.6178683084561452,0.6704545454545454,0.4978902953586498,0.4518029696173045
0.24999999999999992,1,2,1,0.41216216216216217,0.9728059332509271,0.8861024033437827,0.4691423366022219,1.0,0.6924840477065446,0.6581071397060257,0.6332091256550889,0.7349397590361446,0.5281385281385281,0.49457834213554736
0.24999999999999992,1,3,1,0.34459459459459457,0.9727722772277227,0.8755230125523012,0.4001940232406099,1.0,0.6586834359111586,0.5960703723199029,0.578975015440345,0.6986301369863014,0.46153846153846156,0.43227124550471757
0.24999999999999992,1,4,1,0.3783783783783784,0.9764851485148515,0.8838912133891214,0.4443839403522736,1.0,0.6774317634466149,0.5807422032154215,0.6078493785516438,0.7466666666666667,0.5022421524663677,0.47739659461182893
0.24999999999999992,1,5,1,0.44594594594594594,0.9665841584158416,0.8859832635983264,0.4863458012106394,1.0,0.7062650521808937,0.6526323052432004,0.6565396308381685,0.7096774193548387,0.5477178423236515,0.5035531448371385
0.2599999999999999,1,1,1,0.35570469798657717,0.9715346534653465,0.8756530825496343,0.4089434649698717,1.0,0.6636196757259618,0.5769846640414147,0.5878600517932691,0.6973684210526315,0.4711111111111111,0.43880299942397216
0.2599999999999999,1,2,1,0.3918918918918919,0.9777503090234858,0.8871473354231975,0.46132838559039346,1.0,0.6848211004576888,0.6604030142800799,0.6190092231954996,0.7631578947368421,0.5178571428571429,0.494301485473816
0.2599999999999999,1,3,1,0.3108108108108108,0.974009900990099,0.8713389121338913,0.36681241518943747,1.0,0.6424103559004549,0.5989148308338644,0.5502116020809542,0.6865671641791045,0.42790697674418604,0.4035708817642129
0.2599999999999999,1,4,1,0.3310810810810811,0.9814356435643564,0.8807531380753139,0.4068187755812942,1.0,0.6562583623227187,0.5839917434432169,0.570030502589812,0.765625,0.46226415094339623,0.45231124807137973
0.2599999999999999,1,5,1,0.41216216216216217,0.9727722772277227,0.8859832635983264,0.4690729003199706,1.0,0.6924672196949424,0.6497189719857595,0.6331981720390454,0.7349397590361446,0.5281385281385281,0.49451234571748154
0.2699999999999999,1,1,1,0.3221476510067114,0.9764851485148515,0.8746081504702194,0.38504706928126975,1.0,0.6493163997607814,0.5813227147734091,0.5608675394752304,0.7164179104477612,0.4444444444444444,0.4243301740576275
0.2699999999999999,1,2,1,0.36486486486486486,0.9839307787391842,0.8881922675026124,0.4492397390317498,1.0,0.6743978218020246,0.6634838553011934,0.5991675647271418,0.8059701492537313,0.5023255813953489,0.4942466858629793
0.2699999999999999,1,3,1,0.27702702702702703,0.9826732673267327,0.8734309623430963,0.34935991180507137,1.0,0.6298501471768798,0.6036776354011497,0.5217538248891519,0.7454545454545455,0.4039408866995074,0.4034272591865286
0.2699999999999999,1,4,1,0.28378378378378377,0.9863861386138614,0.8776150627615062,0.36616270371965437,1.0,0.6350849611988225,0.5844700413126331,0.5290750331358657,0.7924528301886793,0.417910447761194,0.42706278330317876
0.2699999999999999,1,5,1,0.41216216216216217,0.9752475247524752,0.8880753138075314,0.47528571721689866,1.0,0.6937048434573188,0.6484114573705829,0.6340032558633094,0.7530864197530864,0.5327510917030568,0.5032229946740271
0.2799999999999999,1,1,1,0.2684563758389262,0.9839108910891089,0.8725182863113897,0.3423050923839564,1.0,0.6261836334640175,0.5830693367444185,0.5139427516467477,0.7547169811320755,0.39603960396039606,0.40004577586716916
0.2799999999999999,1,2,1,0.35135135135135137,0.9888751545117429,0.890282131661442,0.44775413971432815,1.0,0.6701132529315471,0.6645895057411221,0.5894426366114665,0.8524590163934426,0.49760765550239233,0.5035636132854798
0.2799999999999999,1,3,1,0.25,0.9900990099009901,0.8755230125523012,0.33544407318269975,1.0,0.620049504950495,0.6024164001891259,0.4975185951049946,0.8222222222222222,0.38341968911917096,0.41007327045217135
0.2799999999999999,1,4,1,0.24324324324324326,0.9913366336633663,0.8755230125523012,0.3302799821037511,1.0,0.6172899384533048,0.5846254535186564,0.49105594173995715,0.8372093023255814,0.3769633507853403,0.4094092734755521
0.2799999999999999,1,5,1,0.3310810810810811,0.9801980198019802,0.8797071129707112,0.40375729440093694,1.0,0.6556395504415307,0.6510609692537453,0.569670975273951,0.7538461538461538,0.460093896713615,0.4472918356158539
0.2899999999999999,1,1,1,0.21476510067114093,0.9938118811881188,0.8725182863113897,0.3007737638942121,1.0,0.6042884909296299,0.5823716876766517,0.46199145956558796,0.8648648648648649,0.34408602150537637,0.392256742804747
0.2899999999999999,1,2,1,0.30405405405405406,0.9888751545117429,0.8829676071055381,0.39556758585687707,1.0,0.6464646042828985,0.6660898222813154,0.5483352074074986,0.8333333333333334,0.44554455445544555,0.45901517304409567
0.2899999999999999,1,3,1,0.22297297297297297,0.9925742574257426,0.8734309623430963,0.3082737340636734,1.0,0.6077736151993578,0.604939294092364,0.4704436555791339,0.8461538461538461,0.35294117647058826,0.39415043812055905
0.2899999999999999,1,4,1,0.1891891891891892,0.9925742574257426,0.8682008368200836,0.2651895954321405,1.0,0.5908817233074659,0.5820505000707121,0.4333408807999054,0.8235294117647058,0.3076923076923077,0.355008023226956
0.2899999999999999,1,5,1,0.28378378378378377,0.9863861386138614,0.8776150627615062,0.36616270371965437,1.0,0.6350849611988225,0.6485865223254793,0.5290750331358657,0.7924528301886793,0.417910447761194,0.42706278330317876
0.29999999999999993,1,1,1,0.12751677852348994,0.9938118811881188,0.8589341692789969,0.1844213396966082,1.0,0.5606643298558044,0.5764603175323683,0.35598832782477324,0.7916666666666666,0.21965317919075145,0.2813298223361107
0.29999999999999993,1,2,1,0.22972972972972974,0.992583436341162,0.8746081504702194,0.3167376662938197,1.0,0.6111565830354458,0.6609100466939546,0.47752060119419093,0.85,0.3617021276595745,0.4016572761212603
0.29999999999999993,1,3,1,0.14864864864864866,0.995049504950495,0.8640167364016736,0.21663052796127266,1.0,0.5718490767995719,0.6030002726639161,0.3845942852531716,0.8461538461538461,0.25287356321839083,0.319565272288139
0.29999999999999993,1,4,1,0.1554054054054054,0.9938118811881188,0.8640167364016736,0.22309461892378477,1.0,0.5746086432967621,0.5806513970528726,0.3929933056589491,0.8214285714285714,0.26136363636363635,0.3201125291612348
0.29999999999999993,1,5,1,0.21621621621621623,0.9913366336633663,0.8713389121338913,0.29684024206472603,1.0,0.6037764249397912,0.6455881712391308,0.4629719817950265,0.8205128205128205,0.3422459893048128,0.3795318852479933
0.30999999999999994,1,1,1,0.09395973154362416,0.995049504950495,0.8547544409613375,0.1387588618044087,1.0,0.5445046182470596,0.5662743381796059,0.30576884137819643,0.7777777777777778,0.16766467065868262,0.2375553642313277
0.30999999999999994,1,2,1,0.12837837837837837,0.9962917181705809,0.8620689655172413,0.19115368361741036,1.0,0.5623350482744797,0.6603004187339192,0.35763433164413555,0.8636363636363636,0.2235294117647059,0.3007809096735212
0.30999999999999994,1,3,1,0.0945945945945946,0.9987623762376238,0.858786610878661,0.14748857240996624,1.0,0.5466784854161092,0.6035082800776914,0.30737196045919996,0.9333333333333333,0.17177914110429449,0.2717332909189003
0.30999999999999994,1,4,1,0.08783783783783784,0.995049504950495,0.854602510460251,0.12981638159101047,1.0,0.5414436713941665,0.5785801069009562,0.29563997878579007,0.7647058823529411,0.15757575757575756,0.22686499945633326
0.30999999999999994,1,5,1,0.14189189189189189,0.995049504950495,0.8629707112970711,0.2073068840671445,1.0,0.5684706984211935,0.6418276963055715,0.3757518553294397,0.84,0.24277456647398843,0.3104033836264392
0.3199999999999999,1,1,1,0.04697986577181208,0.9975247524752475,0.8495297805642633,0.07214995556273715,1.0,0.5222523091235298,0.5590973306936255,0.21647997361268131,0.7777777777777778,0.08860759493670886,0.16717774823209922
0.3199999999999999,1,2,1,0.06756756756756757,0.9975278121137207,0.8537095088819227,0.10422015404364585,1.0,0.5325476898406442,0.6542109257477681,0.2596161163054437,0.8333333333333334,0.125,0.21151869369147702
0.3199999999999999,1,3,1,0.05405405405405406,0.9987623762376238,0.852510460251046,0.08568250264535891,1.0,0.5264082151458389,0.6003352848995073,0.23235136210554908,0.8888888888888888,0.10191082802547771,0.1978378296558156
0.3199999999999999,1,4,1,0.05405405405405406,0.995049504950495,0.8493723849372385,0.07860355536517508,1.0,0.5245517795022745,0.5748433766384262,0.23191908012721546,0.6666666666666666,0.1,0.15954121261775756
0.3199999999999999,1,5,1,0.10810810810810811,0.995049504950495,0.8577405857740585,0.15949524203558116,1.0,0.5515788065293016,0.6401447228508675,0.32798310848900064,0.8,0.19047619047619047,0.2607263353376831
0.32999999999999985,1,1,1,0.020134228187919462,0.9975247524752475,0.845350052246604,0.029145645974994302,1.0,0.5088294903315835,0.5559256218513249,0.14171940936030786,0.6,0.03896103896103896,0.08880981578761227
0.32999999999999985,1,2,1,0.04054054054054054,1.0,0.851619644723093,0.0666749083116994,1.0,0.5202702702702703,0.648356566121595,0.2013468165642073,1.0,0.07792207792207792,0.1857072119131866
0.32999999999999985,1,3,1,0.02702702702702703,0.9987623762376238,0.8483263598326359,0.04260021548747112,1.0,0.5128947016323254,0.5985486437711565,0.16429722376276476,0.8,0.05228758169934641,0.12933098066213303
0.32999999999999985,1,4,1,0.02027027027027027,0.9975247524752475,0.8462343096234309,0.029394701218332937,1.0,0.5088975113727588,0.5668417885066898,0.14219738511645608,0.6,0.0392156862745098,0.08924005410149777
0.32999999999999985,1,5,1,0.04054054054054054,0.9987623762376238,0.850418410041841,0.06433597065184705,1.0,0.5196514583890821,0.6423053290089004,0.20122218218732246,0.8571428571428571,0.07741935483870968,0.16675512629217606
0.33999999999999986,1,1,1,0.013422818791946308,0.9987623762376238,0.845350052246604,0.020294666943349308,1.0,0.5060925975147851,0.5473781770804357,0.11578517345692982,0.6666666666666666,0.02631578947368421,0.07903081935699989
0.33999999999999986,1,2,1,0.013513513513513514,1.0,0.8474399164054337,0.022636018970607356,1.0,0.5067567567567568,0.6417111969737431,0.11624763874381928,1.0,0.02666666666666667,0.10699333263188851
0.33999999999999986,1,3,1,0.02027027027027027,1.0,0.8483263598326359,0.033791507513870334,1.0,0.5101351351351351,0.5980668525328056,0.14237369936287486,1.0,0.039735099337748346,0.13109586688829064
0.33999999999999986,1,4,1,0.02027027027027027,1.0,0.8483263598326359,0.033791507513870334,1.0,0.5101351351351351,0.5632894308680659,0.14237369936287486,1.0,0.039735099337748346,0.13109586688829064
0.33999999999999986,1,5,1,0.013513513513513514,1.0,0.8472803347280334,0.022631785334154945,1.0,0.5067567567567568,0.637502541541185,0.11624763874381928,1.0,0.02666666666666667,0.1069832121027536
0.34999999999999987,1,1,1,0.0,1.0,0.8443051201671892,0.0,1.0,0.5,0.5375725115775428,0.0,,0.0,0.0
0.34999999999999987,1,2,1,0.006756756756756757,1.0,0.8463949843260188,0.011370584060099245,1.0,0.5033783783783784,0.6308273998984505,0.08219949365267865,1.0,0.013422818791946308,0.07561613180629849
0.34999999999999987,1,3,1,0.013513513513513514,1.0,0.8472803347280334,0.022631785334154945,1.0,0.5067567567567568,0.5944365028693196,0.11624763874381928,1.0,0.02666666666666667,0.1069832121027536
0.34999999999999987,1,4,1,0.013513513513513514,1.0,0.8472803347280334,0.022631785334154945,1.0,0.5067567567567568,0.5564198077417173,0.11624763874381928,1.0,0.02666666666666667,0.1069832121027536
0.34999999999999987,1,5,1,0.006756756756756757,1.0,0.8462343096234309,0.011368432900919812,1.0,0.5033783783783784,0.6348948852943279,0.08219949365267865,1.0,0.013422818791946308,0.07560893780416295
0.3599999999999999,1,1,1,0.0,1.0,0.8443051201671892,0.0,1.0,0.5,0.5203020897994516,0.0,,0.0,0.0
0.3599999999999999,1,2,1,0.006756756756756757,1.0,0.8463949843260188,0.011370584060099245,1.0,0.5033783783783784,0.6203760251034339,0.08219949365267865,1.0,0.013422818791946308,0.07561613180629849
0.3599999999999999,1,3,1,0.0,1.0,0.8451882845188284,0.0,1.0,0.5,0.591389823604424,0.0,,0.0,0.0
0.3599999999999999,1,4,1,0.006756756756756757,1.0,0.8462343096234309,0.011368432900919812,1.0,0.5033783783783784,0.552723611813545,0.08219949365267865,1.0,0.013422818791946308,0.07560893780416295
0.3599999999999999,1,5,1,0.006756756756756757,1.0,0.8462343096234309,0.011368432900919812,1.0,0.5033783783783784,0.6305597864873103,0.08219949365267865,1.0,0.013422818791946308,0.07560893780416295
0.3699999999999999,1,1,1,0.0,1.0,0.8443051201671892,0.0,1.0,0.5,0.5130826079735064,0.0,,0.0,0.0
0.3699999999999999,1,2,1,0.0,1.0,0.845350052246604,0.0,1.0,0.5,0.6067567796443711,0.0,,0.0,0.0
0.3699999999999999,1,3,1,0.0,1.0,0.8451882845188284,0.0,1.0,0.5,0.5872651708181509,0.0,,0.0,0.0
0.3699999999999999,1,4,1,0.0,1.0,0.8451882845188284,0.0,1.0,0.5,0.5531644018217523,0.0,,0.0,0.0
0.3699999999999999,1,5,1,0.0,1.0,0.8451882845188284,0.0,1.0,0.5,0.6279904595577326,0.0,,0.0,0.0
0.3799999999999999,1,1,1,0.0,1.0,0.8443051201671892,0.0,1.0,0.5,0.503657264212403,0.0,,0.0,0.0
0.3799999999999999,1,2,1,0.0,1.0,0.845350052246604,0.0,1.0,0.5,0.5965308301283012,0.0,,0.0,0.0
0.3799999999999999,1,3,1,0.0,1.0,0.8451882845188284,0.0,1.0,0.5,0.579679095063363,0.0,,0.0,0.0
0.3799999999999999,1,4,1,0.0,1.0,0.8451882845188284,0.0,1.0,0.5,0.549575288362384,0.0,,0.0,0.0
0.3799999999999999,1,5,1,0.0,1.0,0.8451882845188284,0.0,1.0,0.5,0.6209793793239583,0.0,,0.0,0.0
0.3899999999999999,1,1,1,0.0,1.0,0.8443051201671892,0.0,1.0,0.5,0.5005694869376575,0.0,,0.0,0.0
0.3899999999999999,1,2,1,0.0,1.0,0.845350052246604,0.0,1.0,0.5,0.5875716611198741,0.0,,0.0,0.0
0.3899999999999999,1,3,1,0.0,1.0,0.8451882845188284,0.0,1.0,0.5,0.5685138448386949,0.0,,0.0,0.0
0.3899999999999999,1,4,1,0.0,1.0,0.8451882845188284,0.0,1.0,0.5,0.5383982369710422,0.0,,0.0,0.0
0.3899999999999999,1,5,1,0.0,1.0,0.8451882845188284,0.0,1.0,0.5,0.6102782123661483,0.0,,0.0,0.0
0.3999999999999998,1,1,1,0.0,1.0,0.8443051201671892,0.0,1.0,0.5,0.4955043011706226,0.0,,0.0,0.0
0.3999999999999998,1,2,1,0.0,1.0,0.845350052246604,0.0,1.0,0.5,0.5728519433769448,0.0,,0.0,0.0
0.3999999999999998,1,3,1,0.0,1.0,0.8451882845188284,0.0,1.0,0.5,0.5595412206521595,0.0,,0.0,0.0
0.3999999999999998,1,4,1,0.0,1.0,0.8451882845188284,0.0,1.0,0.5,0.5286038043128355,0.0,,0.0,0.0
0.3999999999999998,1,5,1,0.0,1.0,0.8451882845188284,0.0,1.0,0.5,0.5992886938080833,0.0,,0.0,0.0
0.4099999999999998,1,1,1,0.0,1.0,0.8443051201671892,0.0,1.0,0.5,0.4877725917573941,0.0,,0.0,0.0
0.4099999999999998,1,2,1,0.0,1.0,0.845350052246604,0.0,1.0,0.5,0.5634875974406361,0.0,,0.0,0.0
0.4099999999999998,1,3,1,0.0,1.0,0.8451882845188284,0.0,1.0,0.5,0.5502400579447256,0.0,,0.0,0.0
0.4099999999999998,1,4,1,0.0,1.0,0.8451882845188284,0.0,1.0,0.5,0.5161747837601542,0.0,,0.0,0.0
0.4099999999999998,1,5,1,0.0,1.0,0.8451882845188284,0.0,1.0,0.5,0.5909755012281148,0.0,,0.0,0.0
0.4199999999999998,1,1,1,0.0,1.0,0.8443051201671892,0.0,1.0,0.5,0.47931128222767017,0.0,,0.0,0.0
0.4199999999999998,1,2,1,0.0,1.0,0.845350052246604,0.0,1.0,0.5,0.5536437994071023,0.0,,0.0,0.0
0.4199999999999998,1,3,1,0.0,1.0,0.8451882845188284,0.0,1.0,0.5,0.5425398715812482,0.0,,0.0,0.0
0.4199999999999998,1,4,1,0.0,1.0,0.8451882845188284,0.0,1.0,0.5,0.5052459221145805,0.0,,0.0,0.0
0.4199999999999998,1,5,1,0.0,1.0,0.8451882845188284,0.0,1.0,0.5,0.5811201713062043,0.0,,0.0,0.0
0.4299999999999998,1,1,1,0.0,1.0,0.8443051201671892,0.0,1.0,0.5,0.47563139977196683,0.0,,0.0,0.0
0.4299999999999998,1,2,1,0.0,1.0,0.845350052246604,0.0,1.0,0.5,0.5446993841621731,0.0,,0.0,0.0
0.4299999999999998,1,3,1,0.0,1.0,0.8451882845188284,0.0,1.0,0.5,0.5349446132198867,0.0,,0.0,0.0
0.4299999999999998,1,4,1,0.0,1.0,0.8451882845188284,0.0,1.0,0.5,0.4962109659941542,0.0,,0.0,0.0
0.4299999999999998,1,5,1,0.0,1.0,0.8451882845188284,0.0,1.0,0.5,0.5705614761888238,0.0,,0.0,0.0
0.43999999999999984,1,1,1,0.0,1.0,0.8443051201671892,0.0,1.0,0.5,0.4702799640875819,0.0,,0.0,0.0
0.43999999999999984,1,2,1,0.0,1.0,0.845350052246604,0.0,1.0,0.5,0.5374761853588267,0.0,,0.0,0.0
0.43999999999999984,1,3,1,0.0,1.0,0.8451882845188284,0.0,1.0,0.5,0.5320868829573668,0.0,,0.0,0.0
0.43999999999999984,1,4,1,0.0,1.0,0.8451882845188284,0.0,1.0,0.5,0.48448247208200573,0.0,,0.0,0.0
0.43999999999999984,1,5,1,0.0,1.0,0.8451882845188284,0.0,1.0,0.5,0.5620492893184266,0.0,,0.0,0.0
0.44999999999999984,1,1,1,0.0,1.0,0.8443051201671892,0.0,1.0,0.5,0.46695461480570816,0.0,,0.0,0.0
0.44999999999999984,1,2,1,0.0,1.0,0.845350052246604,0.0,1.0,0.5,0.5298317651374694,0.0,,0.0,0.0
0.44999999999999984,1,3,1,0.0,1.0,0.8451882845188284,0.0,1.0,0.5,0.5242050979303899,0.0,,0.0,0.0
0.44999999999999984,1,4,1,0.0,1.0,0.8451882845188284,0.0,1.0,0.5,0.47685688801829057,0.0,,0.0,0.0
0.44999999999999984,1,5,1,0.0,1.0,0.8451882845188284,0.0,1.0,0.5,0.5549776506927893,0.0,,0.0,0.0
0.45999999999999985,1,1,1,0.0,1.0,0.8443051201671892,0.0,1.0,0.5,0.46249819376961593,0.0,,0.0,0.0
0.45999999999999985,1,2,1,0.0,1.0,0.845350052246604,0.0,1.0,0.5,0.5239919917422724,0.0,,0.0,0.0
0.45999999999999985,1,3,1,0.0,1.0,0.8451882845188284,0.0,1.0,0.5,0.5196327138420354,0.0,,0.0,0.0
0.45999999999999985,1,4,1,0.0,1.0,0.8451882845188284,0.0,1.0,0.5,0.46767611556951544,0.0,,0.0,0.0
0.45999999999999985,1,5,1,0.0,1.0,0.8451882845188284,0.0,1.0,0.5,0.5480451045333861,0.0,,0.0,0.0
0.46999999999999986,1,1,1,0.0,1.0,0.8443051201671892,0.0,1.0,0.5,0.4558373274029043,0.0,,0.0,0.0
0.46999999999999986,1,2,1,0.0,1.0,0.845350052246604,0.0,1.0,0.5,0.5172393966117168,0.0,,0.0,0.0
0.46999999999999986,1,3,1,0.0,1.0,0.8451882845188284,0.0,1.0,0.5,0.5131058226964619,0.0,,0.0,0.0
0.46999999999999986,1,4,1,0.0,1.0,0.8451882845188284,0.0,1.0,0.5,0.4572396567587153,0.0,,0.0,0.0
0.46999999999999986,1,5,1,0.0,1.0,0.8451882845188284,0.0,1.0,0.5,0.5399176336437034,0.0,,0.0,0.0
0.47999999999999976,1,1,1,0.0,1.0,0.8443051201671892,0.0,1.0,0.5,0.45272286199209244,0.0,,0.0,0.0
0.47999999999999976,1,2,1,0.0,1.0,0.845350052246604,0.0,1.0,0.5,0.5111005440211192,0.0,,0.0,0.0
0.47999999999999976,1,3,1,0.0,1.0,0.8451882845188284,0.0,1.0,0.5,0.5066230859447836,0.0,,0.0,0.0
0.47999999999999976,1,4,1,0.0,1.0,0.8451882845188284,0.0,1.0,0.5,0.4513334273537825,0.0,,0.0,0.0
0.47999999999999976,1,5,1,0.0,1.0,0.8451882845188284,0.0,1.0,0.5,0.5334587259960578,0.0,,0.0,0.0
0.48999999999999977,1,1,1,0.0,1.0,0.8443051201671892,0.0,1.0,0.5,0.44946539909049776,0.0,,0.0,0.0
0.48999999999999977,1,2,1,0.0,1.0,0.845350052246604,0.0,1.0,0.5,0.5058376890534974,0.0,,0.0,0.0
0.48999999999999977,1,3,1,0.0,1.0,0.8451882845188284,0.0,1.0,0.5,0.504425597996622,0.0,,0.0,0.0
0.48999999999999977,1,4,1,0.0,1.0,0.8451882845188284,0.0,1.0,0.5,0.4435816280585918,0.0,,0.0,0.0
0.48999999999999977,1,5,1,0.0,1.0,0.8451882845188284,0.0,1.0,0.5,0.5269289125825866,0.0,,0.0,0.0
0.4999999999999998,1,1,1,0.0,1.0,0.8443051201671892,0.0,1.0,0.5,0.4467782535933573,0.0,,0.0,0.0
0.4999999999999998,1,2,1,0.0,1.0,0.845350052246604,0.0,1.0,0.5,0.49992494629154793,0.0,,0.0,0.0
0.4999999999999998,1,3,1,0.0,1.0,0.8451882845188284,0.0,1.0,0.5,0.5001476857880868,0.0,,0.0,0.0
0.4999999999999998,1,4,1,0.0,1.0,0.8451882845188284,0.0,1.0,0.5,0.4367602408992543,0.0,,0.0,0.0
0.4999999999999998,1,5,1,0.0,1.0,0.8451882845188284,0.0,1.0,0.5,0.5230326127772195,0.0,,0.0,0.0
0.5099999999999998,1,1,1,0.0,1.0,0.8443051201671892,0.0,1.0,0.5,0.4447007592370613,0.0,,0.0,0.0
0.5099999999999998,1,2,1,0.0,1.0,0.845350052246604,0.0,1.0,0.5,0.4956040506419683,0.0,,0.0,0.0
0.5099999999999998,1,3,1,0.0,1.0,0.8451882845188284,0.0,1.0,0.5,0.4968283786162282,0.0,,0.0,0.0
0.5099999999999998,1,4,1,0.0,1.0,0.8451882845188284,0.0,1.0,0.5,0.4322935917532116,0.0,,0.0,0.0
0.5099999999999998,1,5,1,0.0,1.0,0.8451882845188284,0.0,1.0,0.5,0.518392030188938,0.0,,0.0,0.0
0.5199999999999998,1,1,1,0.0,1.0,0.8443051201671892,0.0,1.0,0.5,0.44183869090302075,0.0,,0.0,0.0
0.5199999999999998,1,2,1,0.0,1.0,0.845350052246604,0.0,1.0,0.5,0.4917668568514392,0.0,,0.0,0.0
0.5199999999999998,1,3,1,0.0,1.0,0.8451882845188284,0.0,1.0,0.5,0.49249600907710805,0.0,,0.0,0.0
0.5199999999999998,1,4,1,0.0,1.0,0.8451882845188284,0.0,1.0,0.5,0.4279283453011719,0.0,,0.0,0.0
0.5199999999999998,1,5,1,0.0,1.0,0.8451882845188284,0.0,1.0,0.5,0.515102094945723,0.0,,0.0,0.0
0.5299999999999998,1,1,1,0.0,1.0,0.8443051201671892,0.0,1.0,0.5,0.43893846931359526,0.0,,0.0,0.0
0.5299999999999998,1,2,1,0.0,1.0,0.845350052246604,0.0,1.0,0.5,0.4884267257269671,0.0,,0.0,0.0
0.5299999999999998,1,3,1,0.0,1.0,0.8451882845188284,0.0,1.0,0.5,0.4901011056372383,0.0,,0.0,0.0
0.5299999999999998,1,4,1,0.0,1.0,0.8451882845188284,0.0,1.0,0.5,0.4236462735485708,0.0,,0.0,0.0
0.5299999999999998,1,5,1,0.0,1.0,0.8451882845188284,0.0,1.0,0.5,0.5109761826011019,0.0,,0.0,0.0
0.5399999999999998,1,1,1,0.0,1.0,0.8443051201671892,0.0,1.0,0.5,0.43567217299663497,0.0,,0.0,0.0
0.5399999999999998,1,2,1,0.0,1.0,0.845350052246604,0.0,1.0,0.5,0.48569337168340776,0.0,,0.0,0.0
0.5399999999999998,1,3,1,0.0,1.0,0.8451882845188284,0.0,1.0,0.5,0.48664425843342873,0.0,,0.0,0.0
0.5399999999999998,1,4,1,0.0,1.0,0.8451882845188284,0.0,1.0,0.5,0.4198264030725374,0.0,,0.0,0.0
0.5399999999999998,1,5,1,0.0,1.0,0.8451882845188284,0.0,1.0,0.5,0.5069646795503401,0.0,,0.0,0.0
0.5499999999999998,1,1,1,0.0,1.0,0.8443051201671892,0.0,1.0,0.5,0.4333432243748799,0.0,,0.0,0.0
0.5499999999999998,1,2,1,0.0,1.0,0.845350052246604,0.0,1.0,0.5,0.4830685275865308,0.0,,0.0,0.0
0.5499999999999998,1,3,1,0.0,1.0,0.8451882845188284,0.0,1.0,0.5,0.48448710195379435,0.0,,0.0,0.0
0.5499999999999998,1,4,1,0.0,1.0,0.8451882845188284,0.0,1.0,0.5,0.41674762053881165,0.0,,0.0,0.0
0.5499999999999998,1,5,1,0.0,1.0,0.8451882845188284,0.0,1.0,0.5,0.5023764542412753,0.0,,0.0,0.0
0.5599999999999997,1,1,1,0.0,1.0,0.8443051201671892,0.0,1.0,0.5,0.4330762937776688,0.0,,0.0,0.0
0.5599999999999997,1,2,1,0.0,1.0,0.845350052246604,0.0,1.0,0.5,0.48083469500911274,0.0,,0.0,0.0
0.5599999999999997,1,3,1,0.0,1.0,0.8451882845188284,0.0,1.0,0.5,0.48171544602092603,0.0,,0.0,0.0
0.5599999999999997,1,4,1,0.0,1.0,0.8451882845188284,0.0,1.0,0.5,0.41112751309936746,0.0,,0.0,0.0
0.5599999999999997,1,5,1,0.0,1.0,0.8451882845188284,0.0,1.0,0.5,0.4987426743834386,0.0,,0.0,0.0
0.5699999999999997,1,1,1,0.0,1.0,0.8443051201671892,0.0,1.0,0.5,0.4302997957179507,0.0,,0.0,0.0
0.5699999999999997,1,2,1,0.0,1.0,0.845350052246604,0.0,1.0,0.5,0.478501706513494,0.0,,0.0,0.0
0.5699999999999997,1,3,1,0.0,1.0,0.8451882845188284,0.0,1.0,0.5,0.4807998996181975,0.0,,0.0,0.0
0.5699999999999997,1,4,1,0.0,1.0,0.8451882845188284,0.0,1.0,0.5,0.40846437355464926,0.0,,0.0,0.0
0.5699999999999997,1,5,1,0.0,1.0,0.8451882845188284,0.0,1.0,0.5,0.49555985833641,0.0,,0.0,0.0
0.5799999999999997,1,1,1,0.0,1.0,0.8443051201671892,0.0,1.0,0.5,0.42800474583091636,0.0,,0.0,0.0
0.5799999999999997,1,2,1,0.0,1.0,0.845350052246604,0.0,1.0,0.5,0.47619255953642303,0.0,,0.0,0.0
0.5799999999999997,1,3,1,0.0,1.0,0.8451882845188284,0.0,1.0,0.5,0.48041227435571315,0.0,,0.0,0.0
0.5799999999999997,1,4,1,0.0,1.0,0.8451882845188284,0.0,1.0,0.5,0.4058916223552771,0.0,,0.0,0.0
0.5799999999999997,1,5,1,0.0,1.0,0.8451882845188284,0.0,1.0,0.5,0.49373631718908584,0.0,,0.0,0.0
0.5899999999999997,1,1,1,0.0,1.0,0.8443051201671892,0.0,1.0,0.5,0.4263844587334551,0.0,,0.0,0.0
0.5899999999999997,1,2,1,0.0,1.0,0.845350052246604,0.0,1.0,0.5,0.47432462694154615,0.0,,0.0,0.0
0.5899999999999997,1,3,1,0.0,1.0,0.8451882845188284,0.0,1.0,0.5,0.47857029678536656,0.0,,0.0,0.0
0.5899999999999997,1,4,1,0.0,1.0,0.8451882845188284,0.0,1.0,0.5,0.40336222375350045,0.0,,0.0,0.0
0.5899999999999997,1,5,1,0.0,1.0,0.8451882845188284,0.0,1.0,0.5,0.49207810627739956,0.0,,0.0,0.0
0.5999999999999998,1,1,1,0.0,1.0,0.8443051201671892,0.0,1.0,0.5,0.42414188273885894,0.0,,0.0,0.0
0.5999999999999998,1,2,1,0.0,1.0,0.845350052246604,0.0,1.0,0.5,0.47219966460391216,0.0,,0.0,0.0
0.5999999999999998,1,3,1,0.0,1.0,0.8451882845188284,0.0,1.0,0.5,0.4765391378405741,0.0,,0.0,0.0
0.5999999999999998,1,4,1,0.0,1.0,0.8451882845188284,0.0,1.0,0.5,0.40201772488606513,0.0,,0.0,0.0
0.5999999999999998,1,5,1,0.0,1.0,0.8451882845188284,0.0,1.0,0.5,0.4902150013855448,0.0,,0.0,0.0
0.6099999999999998,1,1,1,0.0,1.0,0.8443051201671892,0.0,1.0,0.5,0.4229238210426532,0.0,,0.0,0.0
0.6099999999999998,1,2,1,0.0,1.0,0.845350052246604,0.0,1.0,0.5,0.4690647489292908,0.0,,0.0,0.0
0.6099999999999998,1,3,1,0.0,1.0,0.8451882845188284,0.0,1.0,0.5,0.4749921855406722,0.0,,0.0,0.0
0.6099999999999998,1,4,1,0.0,1.0,0.8451882845188284,0.0,1.0,0.5,0.39998801565285236,0.0,,0.0,0.0
0.6099999999999998,1,5,1,0.0,1.0,0.8451882845188284,0.0,1.0,0.5,0.4877335608165379,0.0,,0.0,0.0
0.6199999999999998,1,1,1,0.0,1.0,0.8443051201671892,0.0,1.0,0.5,0.42151632627411695,0.0,,0.0,0.0
0.6199999999999998,1,2,1,0.0,1.0,0.845350052246604,0.0,1.0,0.5,0.4675251533249395,0.0,,0.0,0.0
0.6199999999999998,1,3,1,0.0,1.0,0.8451882845188284,0.0,1.0,0.5,0.4730469451870214,0.0,,0.0,0.0
0.6199999999999998,1,4,1,0.0,1.0,0.8451882845188284,0.0,1.0,0.5,0.39816437099024127,0.0,,0.0,0.0
0.6199999999999998,1,5,1,0.0,1.0,0.8451882845188284,0.0,1.0,0.5,0.48512260778325317,0.0,,0.0,0.0
0.6299999999999997,1,1,1,0.0,1.0,0.8443051201671892,0.0,1.0,0.5,0.42001495275811085,0.0,,0.0,0.0
0.6299999999999997,1,2,1,0.0,1.0,0.845350052246604,0.0,1.0,0.5,0.4647678139286119,0.0,,0.0,0.0
0.6299999999999997,1,3,1,0.0,1.0,0.8451882845188284,0.0,1.0,0.5,0.47274371001799464,0.0,,0.0,0.0
0.6299999999999997,1,4,1,0.0,1.0,0.8451882845188284,0.0,1.0,0.5,0.39564416074177955,0.0,,0.0,0.0
0.6299999999999997,1,5,1,0.0,1.0,0.8451882845188284,0.0,1.0,0.5,0.4835357815045396,0.0,,0.0,0.0
0.6399999999999997,1,1,1,0.0,1.0,0.8443051201671892,0.0,1.0,0.5,0.4182854819268137,0.0,,0.0,0.0
0.6399999999999997,1,2,1,0.0,1.0,0.845350052246604,0.0,1.0,0.5,0.4632055905722521,0.0,,0.0,0.0
0.6399999999999997,1,3,1,0.0,1.0,0.8451882845188284,0.0,1.0,0.5,0.47072878603097035,0.0,,0.0,0.0
0.6399999999999997,1,4,1,0.0,1.0,0.8451882845188284,0.0,1.0,0.5,0.3941492043066688,0.0,,0.0,0.0
0.6399999999999997,1,5,1,0.0,1.0,0.8451882845188284,0.0,1.0,0.5,0.48116604685816483,0.0,,0.0,0.0
0.6499999999999997,1,1,1,0.0,1.0,0.8443051201671892,0.0,1.0,0.5,0.41830932640025303,0.0,,0.0,0.0
0.6499999999999997,1,2,1,0.0,1.0,0.845350052246604,0.0,1.0,0.5,0.46092788900263093,0.0,,0.0,0.0
0.6499999999999997,1,3,1,0.0,1.0,0.8451882845188284,0.0,1.0,0.5,0.4697512089217674,0.0,,0.0,0.0
0.6499999999999997,1,4,1,0.0,1.0,0.8451882845188284,0.0,1.0,0.5,0.3926527897805456,0.0,,0.0,0.0
0.6499999999999997,1,5,1,0.0,1.0,0.8451882845188284,0.0,1.0,0.5,0.4802032557663086,0.0,,0.0,0.0
0.6599999999999997,1,1,1,0.0,1.0,0.8443051201671892,0.0,1.0,0.5,0.41758646037294095,0.0,,0.0,0.0
0.6599999999999997,1,2,1,0.0,1.0,0.845350052246604,0.0,1.0,0.5,0.4595844263006224,0.0,,0.0,0.0
0.6599999999999997,1,3,1,0.0,1.0,0.8451882845188284,0.0,1.0,0.5,0.46864477765781387,0.0,,0.0,0.0
0.6599999999999997,1,4,1,0.0,1.0,0.8451882845188284,0.0,1.0,0.5,0.39122357768285454,0.0,,0.0,0.0
0.6599999999999997,1,5,1,0.0,1.0,0.8451882845188284,0.0,1.0,0.5,0.47921099818609736,0.0,,0.0,0.0
0.6699999999999997,1,1,1,0.0,1.0,0.8443051201671892,0.0,1.0,0.5,0.417208135367449,0.0,,0.0,0.0
0.6699999999999997,1,2,1,0.0,1.0,0.845350052246604,0.0,1.0,0.5,0.45904205526656755,0.0,,0.0,0.0
0.6699999999999997,1,3,1,0.0,1.0,0.8451882845188284,0.0,1.0,0.5,0.46732934528474024,0.0,,0.0,0.0
0.6699999999999997,1,4,1,0.0,1.0,0.8451882845188284,0.0,1.0,0.5,0.389032670817945,0.0,,0.0,0.0
0.6699999999999997,1,5,1,0.0,1.0,0.8451882845188284,0.0,1.0,0.5,0.4771898045203356,0.0,,0.0,0.0
0.6799999999999997,1,1,1,0.0,1.0,0.8443051201671892,0.0,1.0,0.5,0.41593682340369825,0.0,,0.0,0.0
0.6799999999999997,1,2,1,0.0,1.0,0.845350052246604,0.0,1.0,0.5,0.45801007903819096,0.0,,0.0,0.0
0.6799999999999997,1,3,1,0.0,1.0,0.8451882845188284,0.0,1.0,0.5,0.4657055948934157,0.0,,0.0,0.0
0.6799999999999997,1,4,1,0.0,1.0,0.8451882845188284,0.0,1.0,0.5,0.388462876278648,0.0,,0.0,0.0
0.6799999999999997,1,5,1,0.0,1.0,0.8451882845188284,0.0,1.0,0.5,0.4761220243589553,0.0,,0.0,0.0
0.6899999999999997,1,1,1,0.0,1.0,0.8443051201671892,0.0,1.0,0.5,0.41420796829268575,0.0,,0.0,0.0
0.6899999999999997,1,2,1,0.0,1.0,0.845350052246604,0.0,1.0,0.5,0.45717140310281273,0.0,,0.0,0.0
0.6899999999999997,1,3,1,0.0,1.0,0.8451882845188284,0.0,1.0,0.5,0.4647982158201846,0.0,,0.0,0.0
0.6899999999999997,1,4,1,0.0,1.0,0.8451882845188284,0.0,1.0,0.5,0.3875149303607844,0.0,,0.0,0.0
0.6899999999999997,1,5,1,0.0,1.0,0.8451882845188284,0.0,1.0,0.5,0.47497563534315623,0.0,,0.0,0.0
0.6999999999999996,1,1,1,0.0,1.0,0.8443051201671892,0.0,1.0,0.5,0.413389096015474,0.0,,0.0,0.0
0.6999999999999996,1,2,1,0.0,1.0,0.845350052246604,0.0,1.0,0.5,0.45608694873035427,0.0,,0.0,0.0
0.6999999999999996,1,3,1,0.0,1.0,0.8451882845188284,0.0,1.0,0.5,0.46459877287972406,0.0,,0.0,0.0
0.6999999999999996,1,4,1,0.0,1.0,0.8451882845188284,0.0,1.0,0.5,0.3862515752133145,0.0,,0.0,0.0
0.6999999999999996,1,5,1,0.0,1.0,0.8451882845188284,0.0,1.0,0.5,0.47267817927532424,0.0,,0.0,0.0
0.7099999999999996,1,1,1,0.0,1.0,0.8443051201671892,0.0,1.0,0.5,0.4120033053071735,0.0,,0.0,0.0
0.7099999999999996,1,2,1,0.0,1.0,0.845350052246604,0.0,1.0,0.5,0.45501636900628223,0.0,,0.0,0.0
0.7099999999999996,1,3,1,0.0,1.0,0.8451882845188284,0.0,1.0,0.5,0.4631593420085614,0.0,,0.0,0.0
0.7099999999999996,1,4,1,0.0,1.0,0.8451882845188284,0.0,1.0,0.5,0.3850675575735254,0.0,,0.0,0.0
0.7099999999999996,1,5,1,0.0,1.0,0.8451882845188284,0.0,1.0,0.5,0.471898314680088,0.0,,0.0,0.0
0.7199999999999996,1,1,1,0.0,1.0,0.8443051201671892,0.0,1.0,0.5,0.41165419434142014,0.0,,0.0,0.0
0.7199999999999996,1,2,1,0.0,1.0,0.845350052246604,0.0,1.0,0.5,0.454091874467962,0.0,,0.0,0.0
0.7199999999999996,1,3,1,0.0,1.0,0.8451882845188284,0.0,1.0,0.5,0.4613962751899868,0.0,,0.0,0.0
0.7199999999999996,1,4,1,0.0,1.0,0.8451882845188284,0.0,1.0,0.5,0.38394485279594237,0.0,,0.0,0.0
0.7199999999999996,1,5,1,0.0,1.0,0.8451882845188284,0.0,1.0,0.5,0.4703566182201315,0.0,,0.0,0.0
0.7299999999999996,1,1,1,0.0,1.0,0.8443051201671892,0.0,1.0,0.5,0.4101301867188455,0.0,,0.0,0.0
0.7299999999999996,1,2,1,0.0,1.0,0.845350052246604,0.0,1.0,0.5,0.45381181214304184,0.0,,0.0,0.0
0.7299999999999996,1,3,1,0.0,1.0,0.8451882845188284,0.0,1.0,0.5,0.46049362663635657,0.0,,0.0,0.0
0.7299999999999996,1,4,1,0.0,1.0,0.8451882845188284,0.0,1.0,0.5,0.3829589410512853,0.0,,0.0,0.0
0.7299999999999996,1,5,1,0.0,1.0,0.8451882845188284,0.0,1.0,0.5,0.4691939987732193,0.0,,0.0,0.0
0.7399999999999997,1,1,1,0.0,1.0,0.8443051201671892,0.0,1.0,0.5,0.409784946854566,0.0,,0.0,0.0
0.7399999999999997,1,2,1,0.0,1.0,0.845350052246604,0.0,1.0,0.5,0.45264881676511876,0.0,,0.0,0.0
0.7399999999999997,1,3,1,0.0,1.0,0.8451882845188284,0.0,1.0,0.5,0.4595215996585392,0.0,,0.0,0.0
0.7399999999999997,1,4,1,0.0,1.0,0.8451882845188284,0.0,1.0,0.5,0.3824235254148684,0.0,,0.0,0.0
0.7399999999999997,1,5,1,0.0,1.0,0.8451882845188284,0.0,1.0,0.5,0.4683459054638206,0.0,,0.0,0.0
0.7499999999999997,1,1,1,0.0,1.0,0.8443051201671892,0.0,1.0,0.5,0.4092763775072432,0.0,,0.0,0.0
0.7499999999999997,1,2,1,0.0,1.0,0.845350052246604,0.0,1.0,0.5,0.45197007229354436,0.0,,0.0,0.0
0.7499999999999997,1,3,1,0.0,1.0,0.8451882845188284,0.0,1.0,0.5,0.45877267740185723,0.0,,0.0,0.0
0.7499999999999997,1,4,1,0.0,1.0,0.8451882845188284,0.0,1.0,0.5,0.38134819450576696,0.0,,0.0,0.0
0.7499999999999997,1,5,1,0.0,1.0,0.8451882845188284,0.0,1.0,0.5,0.46772921585674343,0.0,,0.0,0.0
0.7599999999999997,1,1,1,0.0,1.0,0.8443051201671892,0.0,1.0,0.5,0.4086803154348654,0.0,,0.0,0.0
0.7599999999999997,1,2,1,0.0,1.0,0.845350052246604,0.0,1.0,0.5,0.4512214522027803,0.0,,0.0,0.0
0.7599999999999997,1,3,1,0.0,1.0,0.8451882845188284,0.0,1.0,0.5,0.4572732200150349,0.0,,0.0,0.0
0.7599999999999997,1,4,1,0.0,1.0,0.8451882845188284,0.0,1.0,0.5,0.3801612874016597,0.0,,0.0,0.0
0.7599999999999997,1,5,1,0.0,1.0,0.8451882845188284,0.0,1.0,0.5,0.4670406508548509,0.0,,0.0,0.0
0.7699999999999997,1,1,1,0.0,1.0,0.8443051201671892,0.0,1.0,0.5,0.4080832206865373,0.0,,0.0,0.0
0.7699999999999997,1,2,1,0.0,1.0,0.845350052246604,0.0,1.0,0.5,0.45044208387752444,0.0,,0.0,0.0
0.7699999999999997,1,3,1,0.0,1.0,0.8451882845188284,0.0,1.0,0.5,0.4565400634335219,0.0,,0.0,0.0
0.7699999999999997,1,4,1,0.0,1.0,0.8451882845188284,0.0,1.0,0.5,0.3789548950685008,0.0,,0.0,0.0
0.7699999999999997,1,5,1,0.0,1.0,0.8451882845188284,0.0,1.0,0.5,0.4655807973491052,0.0,,0.0,0.0
0.7799999999999997,1,1,1,0.0,1.0,0.8443051201671892,0.0,1.0,0.5,0.4081597166810765,0.0,,0.0,0.0
0.7799999999999997,1,2,1,0.0,1.0,0.845350052246604,0.0,1.0,0.5,0.44927745645274764,0.0,,0.0,0.0
0.7799999999999997,1,3,1,0.0,1.0,0.8451882845188284,0.0,1.0,0.5,0.45570903495875814,0.0,,0.0,0.0
0.7799999999999997,1,4,1,0.0,1.0,0.8451882845188284,0.0,1.0,0.5,0.3776578182888969,0.0,,0.0,0.0
0.7799999999999997,1,5,1,0.0,1.0,0.8451882845188284,0.0,1.0,0.5,0.46426514018417286,0.0,,0.0,0.0
0.7899999999999996,1,1,1,0.0,1.0,0.8443051201671892,0.0,1.0,0.5,0.40722193193751155,0.0,,0.0,0.0
0.7899999999999996,1,2,1,0.0,1.0,0.845350052246604,0.0,1.0,0.5,0.4484176528108215,0.0,,0.0,0.0
0.7899999999999996,1,3,1,0.0,1.0,0.8451882845188284,0.0,1.0,0.5,0.45540268338746365,0.0,,0.0,0.0
0.7899999999999996,1,4,1,0.0,1.0,0.8451882845188284,0.0,1.0,0.5,0.3779125474871781,0.0,,0.0,0.0
0.7899999999999996,1,5,1,0.0,1.0,0.8451882845188284,0.0,1.0,0.5,0.46344728299424526,0.0,,0.0,0.0
0.7999999999999996,1,1,1,0.0,1.0,0.8443051201671892,0.0,1.0,0.5,0.40604471951950494,0.0,,0.0,0.0
0.7999999999999996,1,2,1,0.0,1.0,0.845350052246604,0.0,1.0,0.5,0.4477090154791116,0.0,,0.0,0.0
0.7999999999999996,1,3,1,0.0,1.0,0.8451882845188284,0.0,1.0,0.5,0.45512495995351554,0.0,,0.0,0.0
0.7999999999999996,1,4,1,0.0,1.0,0.8451882845188284,0.0,1.0,0.5,0.3782566999928161,0.0,,0.0,0.0
0.7999999999999996,1,5,1,0.0,1.0,0.8451882845188284,0.0,1.0,0.5,0.4610594904031766,0.0,,0.0,0.0
0.8099999999999996,1,1,1,0.0,1.0,0.8443051201671892,0.0,1.0,0.5,0.405412105147807,0.0,,0.0,0.0
0.8099999999999996,1,2,1,0.0,1.0,0.845350052246604,0.0,1.0,0.5,0.44738224887468053,0.0,,0.0,0.0
0.8099999999999996,1,3,1,0.0,1.0,0.8451882845188284,0.0,1.0,0.5,0.4546543803612552,0.0,,0.0,0.0
0.8099999999999996,1,4,1,0.0,1.0,0.8451882845188284,0.0,1.0,0.5,0.3784740304170561,0.0,,0.0,0.0
0.8099999999999996,1,5,1,0.0,1.0,0.8451882845188284,0.0,1.0,0.5,0.45995255858817957,0.0,,0.0,0.0
0.8199999999999996,1,1,1,0.0,1.0,0.8443051201671892,0.0,1.0,0.5,0.40487420578147926,0.0,,0.0,0.0
0.8199999999999996,1,2,1,0.0,1.0,0.845350052246604,0.0,1.0,0.5,0.44703201119536773,0.0,,0.0,0.0
0.8199999999999996,1,3,1,0.0,1.0,0.8451882845188284,0.0,1.0,0.5,0.453774067196731,0.0,,0.0,0.0
0.8199999999999996,1,4,1,0.0,1.0,0.8451882845188284,0.0,1.0,0.5,0.378381094487969,0.0,,0.0,0.0
0.8199999999999996,1,5,1,0.0,1.0,0.8451882845188284,0.0,1.0,0.5,0.45892166235331233,0.0,,0.0,0.0
0.8299999999999996,1,1,1,0.0,1.0,0.8443051201671892,0.0,1.0,0.5,0.4042155535980104,0.0,,0.0,0.0
0.8299999999999996,1,2,1,0.0,1.0,0.845350052246604,0.0,1.0,0.5,0.44682092111801575,0.0,,0.0,0.0
0.8299999999999996,1,3,1,0.0,1.0,0.8451882845188284,0.0,1.0,0.5,0.45381856967024836,0.0,,0.0,0.0
0.8299999999999996,1,4,1,0.0,1.0,0.8451882845188284,0.0,1.0,0.5,0.3772122129097642,0.0,,0.0,0.0
0.8299999999999996,1,5,1,0.0,1.0,0.8451882845188284,0.0,1.0,0.5,0.458140601441661,0.0,,0.0,0.0
0.8399999999999996,1,1,1,0.0,1.0,0.8443051201671892,0.0,1.0,0.5,0.4040041261278015,0.0,,0.0,0.0
0.8399999999999996,1,2,1,0.0,1.0,0.845350052246604,0.0,1.0,0.5,0.4456854846547039,0.0,,0.0,0.0
0.8399999999999996,1,3,1,0.0,1.0,0.8451882845188284,0.0,1.0,0.5,0.45304330709072865,0.0,,0.0,0.0
0.8399999999999996,1,4,1,0.0,1.0,0.8451882845188284,0.0,1.0,0.5,0.37645627982151875,0.0,,0.0,0.0
0.8399999999999996,1,5,1,0.0,1.0,0.8451882845188284,0.0,1.0,0.5,0.45749231852409517,0.0,,0.0,0.0
0.8499999999999996,1,1,1,0.0,1.0,0.8443051201671892,0.0,1.0,0.5,0.40383085113179273,0.0,,0.0,0.0
0.8499999999999996,1,2,1,0.0,1.0,0.845350052246604,0.0,1.0,0.5,0.4449447221690551,0.0,,0.0,0.0
0.8499999999999996,1,3,1,0.0,1.0,0.8451882845188284,0.0,1.0,0.5,0.4523647050250309,0.0,,0.0,0.0
0.8499999999999996,1,4,1,0.0,1.0,0.8451882845188284,0.0,1.0,0.5,0.37532908623180555,0.0,,0.0,0.0
0.8499999999999996,1,5,1,0.0,1.0,0.8451882845188284,0.0,1.0,0.5,0.4561643621303408,0.0,,0.0,0.0
0.8599999999999995,1,1,1,0.0,1.0,0.8443051201671892,0.0,1.0,0.5,0.4031280228343508,0.0,,0.0,0.0
0.8599999999999995,1,2,1,0.0,1.0,0.845350052246604,0.0,1.0,0.5,0.44463107565656657,0.0,,0.0,0.0
0.8599999999999995,1,3,1,0.0,1.0,0.8451882845188284,0.0,1.0,0.5,0.45216305030902176,0.0,,0.0,0.0
0.8599999999999995,1,4,1,0.0,1.0,0.8451882845188284,0.0,1.0,0.5,0.3748318026033146,0.0,,0.0,0.0
0.8599999999999995,1,5,1,0.0,1.0,0.8451882845188284,0.0,1.0,0.5,0.45581776763884285,0.0,,0.0,0.0
0.8699999999999996,1,1,1,0.0,1.0,0.8443051201671892,0.0,1.0,0.5,0.4029641901973711,0.0,,0.0,0.0
0.8699999999999996,1,2,1,0.0,1.0,0.845350052246604,0.0,1.0,0.5,0.4442153181994646,0.0,,0.0,0.0
0.8699999999999996,1,3,1,0.0,1.0,0.8451882845188284,0.0,1.0,0.5,0.4512794112105811,0.0,,0.0,0.0
0.8699999999999996,1,4,1,0.0,1.0,0.8451882845188284,0.0,1.0,0.5,0.37445097961576557,0.0,,0.0,0.0
0.8699999999999996,1,5,1,0.0,1.0,0.8451882845188284,0.0,1.0,0.5,0.4550312449404988,0.0,,0.0,0.0
0.8799999999999996,1,1,1,0.0,1.0,0.8443051201671892,0.0,1.0,0.5,0.4023756456437312,0.0,,0.0,0.0
0.8799999999999996,1,2,1,0.0,1.0,0.845350052246604,0.0,1.0,0.5,0.4436309101931733,0.0,,0.0,0.0
0.8799999999999996,1,3,1,0.0,1.0,0.8451882845188284,0.0,1.0,0.5,0.4506262640677967,0.0,,0.0,0.0
0.8799999999999996,1,4,1,0.0,1.0,0.8451882845188284,0.0,1.0,0.5,0.37404985478031344,0.0,,0.0,0.0
0.8799999999999996,1,5,1,0.0,1.0,0.8451882845188284,0.0,1.0,0.5,0.454236198603791,0.0,,0.0,0.0
0.8899999999999996,1,1,1,0.0,1.0,0.8443051201671892,0.0,1.0,0.5,0.401888446700217,0.0,,0.0,0.0
0.8899999999999996,1,2,1,0.0,1.0,0.845350052246604,0.0,1.0,0.5,0.4430160481728921,0.0,,0.0,0.0
0.8899999999999996,1,3,1,0.0,1.0,0.8451882845188284,0.0,1.0,0.5,0.450322124373693,0.0,,0.0,0.0
0.8899999999999996,1,4,1,0.0,1.0,0.8451882845188284,0.0,1.0,0.5,0.3738707615830955,0.0,,0.0,0.0
0.8899999999999996,1,5,1,0.0,1.0,0.8451882845188284,0.0,1.0,0.5,0.45406368556400484,0.0,,0.0,0.0
0.8999999999999996,1,1,1,0.0,1.0,0.8443051201671892,0.0,1.0,0.5,0.4016913066248567,0.0,,0.0,0.0
0.8999999999999996,1,2,1,0.0,1.0,0.845350052246604,0.0,1.0,0.5,0.4427135763369018,0.0,,0.0,0.0
0.8999999999999996,1,3,1,0.0,1.0,0.8451882845188284,0.0,1.0,0.5,0.44988784829414225,0.0,,0.0,0.0
0.8999999999999996,1,4,1,0.0,1.0,0.8451882845188284,0.0,1.0,0.5,0.3733209936396301,0.0,,0.0,0.0
0.8999999999999996,1,5,1,0.0,1.0,0.8451882845188284,0.0,1.0,0.5,0.45360461990026313,0.0,,0.0,0.0
0.9099999999999996,1,1,1,0.0,1.0,0.8443051201671892,0.0,1.0,0.5,0.4014337653751952,0.0,,0.0,0.0
0.9099999999999996,1,2,1,0.0,1.0,0.845350052246604,0.0,1.0,0.5,0.44236529141771486,0.0,,0.0,0.0
0.9099999999999996,1,3,1,0.0,1.0,0.8451882845188284,0.0,1.0,0.5,0.44954233985361236,0.0,,0.0,0.0
0.9099999999999996,1,4,1,0.0,1.0,0.8451882845188284,0.0,1.0,0.5,0.3726566172419629,0.0,,0.0,0.0
0.9099999999999996,1,5,1,0.0,1.0,0.8451882845188284,0.0,1.0,0.5,0.4530090068563055,0.0,,0.0,0.0
0.9199999999999996,1,1,1,0.0,1.0,0.8443051201671892,0.0,1.0,0.5,0.40103342731864516,0.0,,0.0,0.0
0.9199999999999996,1,2,1,0.0,1.0,0.845350052246604,0.0,1.0,0.5,0.4420732266369218,0.0,,0.0,0.0
0.9199999999999996,1,3,1,0.0,1.0,0.8451882845188284,0.0,1.0,0.5,0.4492162291769702,0.0,,0.0,0.0
0.9199999999999996,1,4,1,0.0,1.0,0.8451882845188284,0.0,1.0,0.5,0.37212977529561453,0.0,,0.0,0.0
0.9199999999999996,1,5,1,0.0,1.0,0.8451882845188284,0.0,1.0,0.5,0.4523553578493833,0.0,,0.0,0.0
0.9299999999999996,1,1,1,0.0,1.0,0.8443051201671892,0.0,1.0,0.5,0.3996728774031212,0.0,,0.0,0.0
0.9299999999999996,1,2,1,0.0,1.0,0.845350052246604,0.0,1.0,0.5,0.4416576528045303,0.0,,0.0,0.0
0.9299999999999996,1,3,1,0.0,1.0,0.8451882845188284,0.0,1.0,0.5,0.4490246670050687,0.0,,0.0,0.0
0.9299999999999996,1,4,1,0.0,1.0,0.8451882845188284,0.0,1.0,0.5,0.37153212497509186,0.0,,0.0,0.0
0.9299999999999996,1,5,1,0.0,1.0,0.8451882845188284,0.0,1.0,0.5,0.45212683891216626,0.0,,0.0,0.0
0.9399999999999996,1,1,1,0.0,1.0,0.8443051201671892,0.0,1.0,0.5,0.39953018138488383,0.0,,0.0,0.0
0.9399999999999996,1,2,1,0.0,1.0,0.845350052246604,0.0,1.0,0.5,0.44648462765985536,0.0,,0.0,0.0
0.9399999999999996,1,3,1,0.0,1.0,0.8451882845188284,0.0,1.0,0.5,0.4486619951977219,0.0,,0.0,0.0
0.9399999999999996,1,4,1,0.0,1.0,0.8451882845188284,0.0,1.0,0.5,0.3711747050638893,0.0,,0.0,0.0
0.9399999999999996,1,5,1,0.0,1.0,0.8451882845188284,0.0,1.0,0.5,0.4519638874595187,0.0,,0.0,0.0
0.9499999999999995,1,1,1,0.0,1.0,0.8443051201671892,0.0,1.0,0.5,0.3989792140834495,0.0,,0.0,0.0
0.9499999999999995,1,2,1,0.0,1.0,0.845350052246604,0.0,1.0,0.5,0.4460651411461496,0.0,,0.0,0.0
0.9499999999999995,1,3,1,0.0,1.0,0.8451882845188284,0.0,1.0,0.5,0.44845615218660406,0.0,,0.0,0.0
0.9499999999999995,1,4,1,0.0,1.0,0.8451882845188284,0.0,1.0,0.5,0.37075978944390936,0.0,,0.0,0.0
0.9499999999999995,1,5,1,0.0,1.0,0.8451882845188284,0.0,1.0,0.5,0.45158774620773634,0.0,,0.0,0.0
0.9599999999999995,1,1,1,0.0,1.0,0.8443051201671892,0.0,1.0,0.5,0.3975682736775317,0.0,,0.0,0.0
0.9599999999999995,1,2,1,0.0,1.0,0.845350052246604,0.0,1.0,0.5,0.44575425049828993,0.0,,0.0,0.0
0.9599999999999995,1,3,1,0.0,1.0,0.8451882845188284,0.0,1.0,0.5,0.44804948323214305,0.0,,0.0,0.0
0.9599999999999995,1,4,1,0.0,1.0,0.8451882845188284,0.0,1.0,0.5,0.3702228174708558,0.0,,0.0,0.0
0.9599999999999995,1,5,1,0.0,1.0,0.8451882845188284,0.0,1.0,0.5,0.4512444567885651,0.0,,0.0,0.0
0.9699999999999995,1,1,1,0.0,1.0,0.8443051201671892,0.0,1.0,0.5,0.3973287974130092,0.0,,0.0,0.0
0.9699999999999995,1,2,1,0.0,1.0,0.845350052246604,0.0,1.0,0.5,0.44543627042237915,0.0,,0.0,0.0
0.9699999999999995,1,3,1,0.0,1.0,0.8451882845188284,0.0,1.0,0.5,0.4477559056642041,0.0,,0.0,0.0
0.9699999999999995,1,4,1,0.0,1.0,0.8451882845188284,0.0,1.0,0.5,0.3699445837616386,0.0,,0.0,0.0
0.9699999999999995,1,5,1,0.0,1.0,0.8451882845188284,0.0,1.0,0.5,0.45092834615879557,0.0,,0.0,0.0
0.9799999999999995,1,1,1,0.0,1.0,0.8443051201671892,0.0,1.0,0.5,0.3963643765689478,0.0,,0.0,0.0
0.9799999999999995,1,2,1,0.0,1.0,0.845350052246604,0.0,1.0,0.5,0.44494071349248066,0.0,,0.0,0.0
0.9799999999999995,1,3,1,0.0,1.0,0.8451882845188284,0.0,1.0,0.5,0.4466511141930819,0.0,,0.0,0.0
0.9799999999999995,1,4,1,0.0,1.0,0.8451882845188284,0.0,1.0,0.5,0.36952570370650006,0.0,,0.0,0.0
0.9799999999999995,1,5,1,0.0,1.0,0.8451882845188284,0.0,1.0,0.5,0.4503152636219804,0.0,,0.0,0.0
0.9899999999999995,1,1,1,0.0,1.0,0.8443051201671892,0.0,1.0,0.5,0.3959126142378578,0.0,,0.0,0.0
0.9899999999999995,1,2,1,0.0,1.0,0.845350052246604,0.0,1.0,0.5,0.44447766734670385,0.0,,0.0,0.0
0.9899999999999995,1,3,1,0.0,1.0,0.8451882845188284,0.0,1.0,0.5,0.4462035747474641,0.0,,0.0,0.0
0.9899999999999995,1,4,1,0.0,1.0,0.8451882845188284,0.0,1.0,0.5,0.36928173984011664,0.0,,0.0,0.0
0.9899999999999995,1,5,1,0.0,1.0,0.8451882845188284,0.0,1.0,0.5,0.44996227490582746,0.0,,0.0,0.0
1.0,1,1,1,0.0,1.0,0.8443051201671892,0.0,1.0,0.5,0.39565702742925946,0.0,,0.0,0.0
1.0,1,2,1,0.0,1.0,0.845350052246604,0.0,1.0,0.5,0.44432134358157904,0.0,,0.0,0.0
1.0,1,3,1,0.0,1.0,0.8451882845188284,0.0,1.0,0.5,0.4458545563597726,0.0,,0.0,0.0
1.0,1,4,1,0.0,1.0,0.8451882845188284,0.0,1.0,0.5,0.3690480638358003,0.0,,0.0,0.0
1.0,1,5,1,0.0,1.0,0.8451882845188284,0.0,1.0,0.5,0.44977554593496333,0.0,,0.0,0.0
0.1,1,1,2,0.5369127516778524,0.9195544554455446,0.8599791013584117,0.46151972722844614,1.0,0.7282336035616985,0.560529528440237,0.7026524838004178,0.5517241379310345,0.54421768707483,0.4615793612945802
0.1,1,2,2,0.4864864864864865,0.9221260815822002,0.8547544409613375,0.42382109489715014,1.0,0.7043062840343434,0.5364466773877952,0.6697774835917342,0.5333333333333333,0.508833922261484,0.42443779140054017
0.1,1,3,2,0.527027027027027,0.948019801980198,0.8828451882845189,0.5148263611977091,1.0,0.7375234145036125,0.5962714769434879,0.7068465588799132,0.65,0.582089552238806,0.518655753359439
0.1,1,4,2,0.5135135135135135,0.9220297029702971,0.858786610878661,0.4466359099250516,1.0,0.7177716082419052,0.5881352326679621,0.6880949878731122,0.5467625899280576,0.5296167247386759,0.4469401431444302
0.1,1,5,2,0.44594594594594594,0.9195544554455446,0.8462343096234309,0.3834909716251073,1.0,0.6827502006957453,0.49054144896392454,0.640368317050799,0.5038167938931297,0.4731182795698925,0.38446939494756466
0.11,1,1,2,0.5369127516778524,0.9220297029702971,0.8620689655172413,0.4666047375754759,1.0,0.7294712273240747,0.56187773625914,0.7035975447302919,0.5594405594405595,0.547945205479452,0.4667419405779466
0.11,1,2,2,0.4864864864864865,0.92336217552534,0.8557993730407524,0.426323791320968,1.0,0.7049243310059132,0.5371505031485867,0.670226245775142,0.5373134328358209,0.5106382978723404,0.42704763723229056
0.11,1,3,2,0.527027027027027,0.948019801980198,0.8828451882845189,0.5148263611977091,1.0,0.7375234145036125,0.5988493571642124,0.7068465588799132,0.65,0.582089552238806,0.518655753359439
0.11,1,4,2,0.5067567567567568,0.9207920792079208,0.856694560669456,0.4384379234054228,1.0,0.7137744179823389,0.588988294129585,0.6830941426382726,0.539568345323741,0.5226480836236934,0.43873657243469066
0.11,1,5,2,0.44594594594594594,0.9195544554455446,0.8462343096234309,0.3834909716251073,1.0,0.6827502006957453,0.4873001561421512,0.640368317050799,0.5038167938931297,0.4731182795698925,0.38446939494756466
0.12,1,1,2,0.5369127516778524,0.9220297029702971,0.8620689655172413,0.4666047375754759,1.0,0.7294712273240747,0.5644486513411028,0.7035975447302919,0.5594405594405595,0.547945205479452,0.4667419405779466
0.12,1,2,2,0.47297297297297297,0.9245982694684796,0.8547544409613375,0.41714608700986283,1.0,0.6987856212207263,0.5387003284613379,0.6612941798595938,0.5343511450381679,0.5017921146953405,0.41820999692232985
0.12,1,3,2,0.5202702702702703,0.948019801980198,0.8817991631799164,0.5090261239478613,1.0,0.7341450361252342,0.6016255782706572,0.7023008746953158,0.6470588235294118,0.5767790262172284,0.5131156717543168
0.12,1,4,2,0.5067567567567568,0.9232673267326733,0.858786610878661,0.44348621004881233,1.0,0.715012041744715,0.5908391748213757,0.6840116637269649,0.5474452554744526,0.5263157894736842,0.443942867138329
0.12,1,5,2,0.44594594594594594,0.9195544554455446,0.8462343096234309,0.3834909716251073,1.0,0.6827502006957453,0.4892101237522361,0.640368317050799,0.5038167938931297,0.4731182795698925,0.38446939494756466
0.13,1,1,2,0.5369127516778524,0.9220297029702971,0.8620689655172413,0.4666047375754759,1.0,0.7294712273240747,0.566216690529032,0.7035975447302919,0.5594405594405595,0.547945205479452,0.4667419405779466
0.13,1,2,2,0.47297297297297297,0.9258343634116193,0.8557993730407524,0.41965847270681933,1.0,0.6994036681922962,0.5406392106220396,0.6617360737811816,0.5384615384615384,0.5035971223021583,0.42086598464212016
0.13,1,3,2,0.5135135135135135,0.948019801980198,0.8807531380753139,0.5031909850114877,1.0,0.7307666577468557,0.6056664774395836,0.6977255759933391,0.6440677966101694,0.5714285714285714,0.5075473690509269
0.13,1,4,2,0.5067567567567568,0.9232673267326733,0.858786610878661,0.44348621004881233,1.0,0.715012041744715,0.594668635181021,0.6840116637269649,0.5474452554744526,0.5263157894736842,0.443942867138329
0.13,1,5,2,0.44594594594594594,0.9207920792079208,0.8472803347280334,0.38590686705853355,1.0,0.6833690125769334,0.49179180547055035,0.6407991064147255,0.5076923076923077,0.4748201438848921,0.38701765780570996
0.13999999999999999,1,1,2,0.5369127516778524,0.9207920792079208,0.8610240334378265,0.46405517729242185,1.0,0.7288524154428866,0.5691912100487706,0.7031251730458068,0.5555555555555556,0.5460750853242321,0.46414939852159365
0.13999999999999999,1,2,2,0.46621621621621623,0.9283065512978986,0.8568443051201672,0.41879928895351165,1.0,0.6972613837570574,0.5429578245268675,0.6578689594705249,0.5433070866141733,0.5018181818181818,0.42047122756721383
0.13999999999999999,1,3,2,0.5135135135135135,0.948019801980198,0.8807531380753139,0.5031909850114877,1.0,0.7307666577468557,0.6084052850897279,0.6977255759933391,0.6440677966101694,0.5714285714285714,0.5075473690509269
0.13999999999999999,1,4,2,0.5067567567567568,0.9245049504950495,0.8598326359832636,0.4460319656818655,1.0,0.7156308536259032,0.5965576945298016,0.6844699630505617,0.5514705882352942,0.528169014084507,0.4465818366860372
0.13999999999999999,1,5,2,0.44594594594594594,0.9232673267326733,0.8493723849372385,0.3907809955391916,1.0,0.6846066363393096,0.4948367332358572,0.6416598174896,0.515625,0.4782608695652174,0.3921874478571957
0.14999999999999997,1,1,2,0.5369127516778524,0.9294554455445545,0.8683385579937304,0.4822051220391968,1.0,0.7331840986112035,0.5726910106541608,0.7064251417024249,0.583941605839416,0.5594405594405595,0.48279251902585646
0.14999999999999997,1,2,2,0.47297297297297297,0.9283065512978986,0.857889237199582,0.42472728558547396,1.0,0.7006397621354358,0.5448785885699472,0.6626189775411316,0.546875,0.5072463768115942,0.42625537494442567
0.14999999999999997,1,3,2,0.5067567567567568,0.948019801980198,0.8797071129707112,0.49732062841779895,1.0,0.7273882793684774,0.611995315979742,0.693120076316267,0.6410256410256411,0.5660377358490566,0.5019502765772429
0.14999999999999997,1,4,2,0.5067567567567568,0.9282178217821783,0.8629707112970711,0.45375717500915963,1.0,0.7174872892694675,0.5987466624575117,0.6858430235339265,0.5639097744360902,0.5338078291814946,0.45464736247474136
0.14999999999999997,1,5,2,0.4391891891891892,0.926980198019802,0.8514644351464435,0.3921407078377991,1.0,0.6830846936044956,0.49786783798550555,0.6380593088128649,0.5241935483870968,0.47794117647058826,0.3942267281124158
0.15999999999999998,1,1,2,0.5369127516778524,0.9282178217821783,0.8672936259143156,0.4795683730490077,1.0,0.7325652867300153,0.5762989885880749,0.7059546620353829,0.5797101449275363,0.5574912891986062,0.4800563376109968
0.15999999999999998,1,2,2,0.47297297297297297,0.9295426452410384,0.8589341692789969,0.42728397086659925,1.0,0.7012578091070056,0.5483879785613792,0.6630599885567032,0.5511811023622047,0.509090909090909,0.42898978219138184
0.15999999999999998,1,3,2,0.4797297297297297,0.9492574257425742,0.8765690376569037,0.47630542969620443,1.0,0.714493577736152,0.6148915860532248,0.674823686821546,0.6339285714285714,0.5461538461538461,0.48250363819583764
0.15999999999999998,1,4,2,0.49324324324324326,0.931930693069307,0.8640167364016736,0.45001062097288114,1.0,0.7125869681562751,0.6016104293525362,0.677988582151225,0.5703125,0.5289855072463768,0.45163024548947406
0.15999999999999998,1,5,2,0.4391891891891892,0.926980198019802,0.8514644351464435,0.3921407078377991,1.0,0.6830846936044956,0.5010781030013548,0.6380593088128649,0.5241935483870968,0.47794117647058826,0.3942267281124158
0.16999999999999998,1,1,2,0.5234899328859061,0.9294554455445545,0.8662486938349008,0.4709921488352811,1.0,0.7264726892152302,0.5800944694185943,0.6975389371272107,0.5777777777777777,0.5492957746478874,0.4717825292435544
0.16999999999999998,1,2,2,0.4797297297297297,0.9320148331273177,0.8620689655172413,0.43836529997065615,1.0,0.7058722814285237,0.5523465574006314,0.6686667510802876,0.5634920634920635,0.5182481751824818,0.4402985011135051
0.16999999999999998,1,3,2,0.4797297297297297,0.9492574257425742,0.8765690376569037,0.47630542969620443,1.0,0.714493577736152,0.6196969962162818,0.674823686821546,0.6339285714285714,0.5461538461538461,0.48250363819583764
0.16999999999999998,1,4,2,0.49324324324324326,0.9356435643564357,0.8671548117154811,0.4579531046306051,1.0,0.7144434037998394,0.6050914842772481,0.6793378144949952,0.584,0.5347985347985348,0.4601757273112876
0.16999999999999998,1,5,2,0.42567567567567566,0.9282178217821783,0.850418410041841,0.38238429983555317,1.0,0.6769467487289269,0.5043987025152988,0.6285855140403195,0.5206611570247934,0.4684014869888476,0.385011053454821
0.17999999999999997,1,1,2,0.5234899328859061,0.9294554455445545,0.8662486938349008,0.4709921488352811,1.0,0.7264726892152302,0.5841034100251663,0.6975389371272107,0.5777777777777777,0.5492957746478874,0.4717825292435544
0.17999999999999997,1,2,2,0.4797297297297297,0.934487021013597,0.864158829676071,0.44360465116279074,1.0,0.7071083753716634,0.5573908643349963,0.6695529897079044,0.5725806451612904,0.5220588235294118,0.44596362074860507
0.17999999999999997,1,3,2,0.46621621621621623,0.9566831683168316,0.8807531380753139,0.4813447041803092,1.0,0.7114496922665239,0.62301884438642,0.6678481914704978,0.6634615384615384,0.5476190476190477,0.49128909478964905
0.17999999999999997,1,4,2,0.4864864864864865,0.9405940594059405,0.8702928870292888,0.4628434713260352,1.0,0.7135402729462135,0.6076465966541172,0.6764512540977787,0.6,0.5373134328358209,0.4662862032737162
0.17999999999999997,1,5,2,0.41216216216216217,0.9344059405940595,0.8535564853556485,0.38245173673913835,1.0,0.6732840513781109,0.5098610047070773,0.620585830334867,0.5350877192982456,0.46564885496183206,0.38682688945791344
0.18999999999999995,1,1,2,0.5369127516778524,0.9331683168316832,0.8714733542319749,0.4902056743424614,1.0,0.7350405342547677,0.5895265242653203,0.7078347044110574,0.5970149253731343,0.5653710247349824,0.49115577979830016
0.18999999999999995,1,2,2,0.47297297297297297,0.9369592088998764,0.8652037617554859,0.44294435896163187,1.0,0.7049660909364247,0.5604967795088125,0.6656999193238492,0.5785123966942148,0.5204460966542751,0.4459860850174747
0.18999999999999995,1,3,2,0.47297297297297297,0.9603960396039604,0.8849372384937239,0.4963794490632544,1.0,0.7166845062884667,0.6289798497090867,0.6739743096609501,0.6862745098039216,0.56,0.5077680509621866
0.18999999999999995,1,4,2,0.4864864864864865,0.9455445544554455,0.8744769874476988,0.4738773114176695,1.0,0.716015520470966,0.6111356974300872,0.678229052837948,0.6206896551724138,0.5454545454545454,0.4786111940543573
0.18999999999999995,1,5,2,0.39864864864864863,0.9381188118811881,0.854602510460251,0.3773825364994282,1.0,0.6683837302649184,0.5134927524441557,0.6115388758111061,0.5412844036697247,0.4591439688715953,0.3832760710931925
0.19999999999999996,1,1,2,0.5302013422818792,0.9344059405940595,0.8714733542319749,0.4872789995687797,1.0,0.7323036414379693,0.5932404719974317,0.7038631144896941,0.5984848484848485,0.5622775800711743,0.488507108745992
0.19999999999999996,1,2,2,0.4594594594594595,0.9406674907292955,0.8662486938349008,0.43889479277364535,1.0,0.7000634750943775,0.5640832977990715,0.6574181141568646,0.5862068965517241,0.5151515151515151,0.4432777470526262
0.19999999999999996,1,3,2,0.4797297297297297,0.9653465346534653,0.8901673640167364,0.5146691937261876,1.0,0.7225381321915976,0.6327959287174407,0.680518502441218,0.7171717171717171,0.5748987854251012,0.5284001887692957
0.19999999999999996,1,4,2,0.4797297297297297,0.9492574257425742,0.8765690376569037,0.47630542969620443,1.0,0.714493577736152,0.6145228637465332,0.674823686821546,0.6339285714285714,0.5461538461538461,0.48250363819583764
0.19999999999999996,1,5,2,0.39864864864864863,0.9418316831683168,0.8577405857740585,0.38511596231697603,1.0,0.6702401659084827,0.5173539401163125,0.6127478500570457,0.5566037735849056,0.4645669291338583,0.3922529081524396
0.20999999999999996,1,1,2,0.5167785234899329,0.943069306930693,0.8766980146290491,0.49507712944332644,1.0,0.729923915210313,0.5989155655393409,0.6981102806751366,0.6260162601626016,0.5661764705882353,0.49816977605037766
0.20999999999999996,1,2,2,0.4527027027027027,0.9431396786155748,0.8672936259143156,0.43817518686815005,1.0,0.6979211906591387,0.5669259601326688,0.6534232024771,0.5929203539823009,0.5134099616858238,0.4435238352415061
0.20999999999999996,1,3,2,0.47297297297297297,0.9665841584158416,0.8901673640167364,0.5115518617280105,1.0,0.7197785656944072,0.6394915603175597,0.6761421322728821,0.7216494845360825,0.5714285714285714,0.5265861344343631
0.20999999999999996,1,4,2,0.4797297297297297,0.9529702970297029,0.8797071129707112,0.48488483235564184,1.0,0.7163500133797163,0.6161892911618805,0.6761421322728821,0.6513761467889908,0.5525291828793775,0.4924572164939947
0.20999999999999996,1,5,2,0.38513513513513514,0.9443069306930693,0.8577405857740585,0.37734186429638705,1.0,0.6647210329141022,0.5246115472942374,0.6030636594601932,0.5588235294117647,0.456,0.38599934655191226
0.21999999999999995,1,1,2,0.5100671140939598,0.948019801980198,0.8798328108672936,0.5005559211272718,1.0,0.7290434580370788,0.6034135436856063,0.6953802733037275,0.6440677966101694,0.5692883895131086,0.5051550722822465
0.21999999999999995,1,2,2,0.44594594594594594,0.9480840543881335,0.8704284221525601,0.44293600721045523,1.0,0.6970150001670397,0.5741072257453911,0.6502262994299629,0.6111111111111112,0.515625,0.4502655131881985
0.21999999999999995,1,3,2,0.4594594594594595,0.9678217821782178,0.8891213389121339,0.5021029047600327,1.0,0.7136406208188386,0.6469409820411737,0.6668394656082487,0.723404255319149,0.5619834710743802,0.5190782183881729
0.21999999999999995,1,4,2,0.4797297297297297,0.9566831683168316,0.8828451882845189,0.49362491014339227,1.0,0.7182064490232807,0.6201208390851761,0.6774580118159466,0.6698113207547169,0.5590551181102362,0.5027727372693663
0.21999999999999995,1,5,2,0.38513513513513514,0.9517326732673267,0.8640167364016736,0.39330625634616884,1.0,0.6684339042012309,0.531105797324967,0.605430170813559,0.59375,0.4672131147540984,0.4054256363735942
0.22999999999999995,1,1,2,0.4966442953020134,0.9529702970297029,0.8819226750261233,0.5002749525187039,1.0,0.7248072961658582,0.6084833877711503,0.687958764470711,0.6607142857142857,0.5670498084291188,0.5071096169449082
0.22999999999999995,1,2,2,0.4391891891891892,0.9517923362175525,0.8725182863113897,0.44503279779446697,1.0,0.6954907627033708,0.5801881293451526,0.6465422680845166,0.625,0.5158730158730159,0.45422409671825964
0.22999999999999995,1,3,2,0.4391891891891892,0.9715346534653465,0.8891213389121339,0.4922232021165716,1.0,0.7053619213272678,0.6551533880690518,0.6532132245481911,0.7386363636363636,0.5508474576271186,0.5139078527359128
0.22999999999999995,1,4,2,0.4594594594594595,0.9653465346534653,0.8870292887029289,0.4959775052722017,1.0,0.7124029970564624,0.6230124698149055,0.6659861837928348,0.7083333333333334,0.5573770491803278,0.5112606078785271
0.22999999999999995,1,5,2,0.3581081081081081,0.9579207920792079,0.8650627615062761,0.37999477145212873,1.0,0.658014450093658,0.5359084669814407,0.5856954862118245,0.6091954022988506,0.451063829787234,0.3974603615999299
0.23999999999999994,1,1,2,0.4899328859060403,0.9591584158415841,0.8861024033437827,0.5089928311531816,1.0,0.7245456508738122,0.6118393059684212,0.6855094825852762,0.6886792452830188,0.5725490196078431,0.5188188484336947
0.23999999999999994,1,2,2,0.4189189189189189,0.957972805933251,0.8746081504702194,0.44005616991398994,1.0,0.688445862426085,0.5864448041235396,0.6334926457468001,0.6458333333333334,0.5081967213114754,0.45361199300867744
0.23999999999999994,1,3,2,0.40540540540540543,0.9752475247524752,0.8870292887029289,0.4685827225562052,1.0,0.6903264650789404,0.6616562067277036,0.6287850333324541,0.75,0.5263157894736842,0.4972429893716579
0.23999999999999994,1,4,2,0.4391891891891892,0.9678217821782178,0.8859832635983264,0.4829817214757774,1.0,0.7035054856837035,0.6246890584666067,0.6519638516010589,0.7142857142857143,0.5439330543933054,0.5016651178531498
0.23999999999999994,1,5,2,0.34459459459459457,0.9628712871287128,0.8671548117154811,0.37720828118267413,1.0,0.6537329408616537,0.5419521997615845,0.5760210420070557,0.6296296296296297,0.44541484716157204,0.3993805704579224
0.24999999999999992,1,1,2,0.44966442953020136,0.9727722772277227,0.8913270637408568,0.5054361869173738,1.0,0.711218353378962,0.6139758487564291,0.6613781755564655,0.7528089887640449,0.5630252100840336,0.5273580708367852
0.24999999999999992,1,2,2,0.39864864864864863,0.9666254635352287,0.8787878787878788,0.44069487409437635,1.0,0.6826370560919387,0.5951306282057492,0.6207607709800068,0.686046511627907,0.5042735042735043,0.46181252693425306
0.24999999999999992,1,3,2,0.3783783783783784,0.9764851485148515,0.8838912133891214,0.4443839403522736,1.0,0.6774317634466149,0.6675971221623794,0.6078493785516438,0.7466666666666667,0.5022421524663677,0.47739659461182893
0.24999999999999992,1,4,2,0.43243243243243246,0.9752475247524752,0.891213389121339,0.4951251218719533,1.0,0.7038399785924538,0.6253256965941435,0.6494063899842853,0.7619047619047619,0.5517241379310345,0.5209043849222194
0.24999999999999992,1,5,2,0.32432432432432434,0.969059405940594,0.8692468619246861,0.369951705084674,1.0,0.6466918651324591,0.5452944067642914,0.5606153200384505,0.6575342465753424,0.4343891402714932,0.39960487924977633
0.2599999999999999,1,1,2,0.4228187919463087,0.9764851485148515,0.890282131661442,0.4889666431030711,1.0,0.6996519702305801,0.6131453744774101,0.642554488622219,0.7682926829268293,0.5454545454545454,0.5172392316083866
0.2599999999999999,1,2,2,0.3716216216216216,0.9728059332509271,0.8798328108672936,0.4283837056504597,1.0,0.6722137774362744,0.6007685223908287,0.6012617719744409,0.7142857142857143,0.4888888888888889,0.45784271515551234
0.2599999999999999,1,3,2,0.3581081081081081,0.9789603960396039,0.8828451882845189,0.4295213332765016,1.0,0.668534252073856,0.6704686222260688,0.5920926070628706,0.7571428571428571,0.48623853211009177,0.4680463155692969
0.2599999999999999,1,4,2,0.3918918918918919,0.9801980198019802,0.8891213389121339,0.4675717708377114,1.0,0.686044955846936,0.625606251257928,0.6197835560975171,0.7837837837837838,0.5225225225225225,0.50365631194207
0.2599999999999999,1,5,2,0.2702702702702703,0.9789603960396039,0.8692468619246861,0.33280478817249914,1.0,0.6246153331549371,0.5495186728513977,0.5143771873066637,0.7017543859649122,0.3902439024390244,0.3807331946692932
0.2699999999999999,1,1,2,0.38926174496644295,0.9777227722772277,0.8861024033437827,0.4586120813589582,1.0,0.6834922586218353,0.6139053912726506,0.6169198265820784,0.7631578947368421,0.5155555555555555,0.4920982338896347
0.2699999999999999,1,2,2,0.3581081081081081,0.9789864029666254,0.8829676071055381,0.429587133992528,1.0,0.6685472555373668,0.6049192046951847,0.5921004717359548,0.7571428571428571,0.48623853211009177,0.46810789890441573
0.2699999999999999,1,3,2,0.31756756756756754,0.9839108910891089,0.8807531380753139,0.3981710549567064,1.0,0.6507392293283383,0.6719984558765194,0.5589795956798478,0.7833333333333333,0.4519230769230769,0.4496381934956666
0.2699999999999999,1,4,2,0.3581081081081081,0.9863861386138614,0.8891213389121339,0.4484455281720801,1.0,0.6722471233609848,0.6256042033131731,0.5943339751041261,0.828125,0.5,0.49859290847555815
0.2699999999999999,1,5,2,0.24324324324324326,0.9814356435643564,0.8671548117154811,0.30680338913376093,1.0,0.6123394434037999,0.548326090170992,0.4885975736484103,0.7058823529411765,0.36180904522613067,0.3616507948059032
0.2799999999999999,1,1,2,0.348993288590604,0.9839108910891089,0.8850574712643678,0.43228638609055825,1.0,0.6664520898398565,0.6175704362348802,0.5859848953354512,0.8,0.48598130841121495,0.4797102044551694
0.2799999999999999,1,2,2,0.31756756756756754,0.9864029666254636,0.8829676071055381,0.4044473090557525,1.0,0.6519852670965156,0.6125740255962997,0.5596870471546407,0.8103448275862069,0.4563106796116505,0.46061996985072234
0.2799999999999999,1,3,2,0.30405405405405406,0.9888613861386139,0.8828451882845189,0.39551059121087573,1.0,0.646457720096334,0.6777493641589212,0.5483313900853725,0.8333333333333334,0.44554455445544555,0.4589640342185684
0.2799999999999999,1,4,2,0.3108108108108108,0.9876237623762376,0.8828451882845189,0.3999820676051287,1.0,0.6492172865935242,0.6252946286557064,0.5540434480798252,0.8214285714285714,0.45098039215686275,0.4596956603631731
0.2799999999999999,1,5,2,0.20270270270270271,0.9863861386138614,0.8650627615062761,0.26831525737475365,1.0,0.5945444206582821,0.5519072380985242,0.4471500153254078,0.7317073170731707,0.31746031746031744,0.3375980763346843
0.2899999999999999,1,1,2,0.30201342281879195,0.9863861386138614,0.8798328108672936,0.3868699755427666,1.0,0.6441997807163267,0.6157454719651217,0.54580386032327,0.8035714285714286,0.43902439024390244,0.44548901672007246
0.2899999999999999,1,2,2,0.25,0.9901112484548825,0.8756530825496343,0.3354981007229505,1.0,0.6200556242274413,0.6156444048424574,0.4975216699941025,0.8222222222222222,0.38341968911917096,0.4101228326505861
0.2899999999999999,1,3,2,0.25675675675675674,0.9925742574257426,0.8786610878661087,0.3496903734284102,1.0,0.6246655070912497,0.678154078599744,0.5048268487084258,0.8636363636363636,0.3958333333333333,0.43041667107266623
0.2899999999999999,1,4,2,0.24324324324324326,0.9938118811881188,0.8776150627615062,0.3363789543631485,1.0,0.6185275622156811,0.6225491396358607,0.49166861314697197,0.8780487804878049,0.38095238095238093,0.4232367887818694
0.2899999999999999,1,5,2,0.16216216216216217,0.9900990099009901,0.8619246861924686,0.22394962117485026,1.0,0.5761305860315762,0.5493933300746422,0.4006951412235498,0.75,0.26666666666666666,0.30620673014214395
0.29999999999999993,1,1,2,0.20134228187919462,0.9913366336633663,0.8683385579937304,0.27784831353008804,1.0,0.5963394577712805,0.6123031731239517,0.4467638973017195,0.8108108108108109,0.3225806451612903,0.3623583155924382
0.29999999999999993,1,2,2,0.19594594594594594,0.9913473423980222,0.8683385579937304,0.27110837081096734,1.0,0.5936466441719841,0.6209349090553052,0.4407385764454707,0.8055555555555556,0.31521739130434784,0.3559149803690489
0.29999999999999993,1,3,2,0.21621621621621623,0.9975247524752475,0.8765690376569037,0.31184422429359204,1.0,0.6068704843457319,0.6776951177541727,0.46441471505779797,0.9411764705882353,0.3516483516483517,0.4174643482554746
0.29999999999999993,1,4,2,0.16891891891891891,0.9962871287128713,0.8682008368200836,0.24699939987997574,1.0,0.5826030238158951,0.6224444202419512,0.410233768374828,0.8928571428571429,0.2840909090909091,0.35441286292923974
0.29999999999999993,1,5,2,0.12162162162162163,0.9925742574257426,0.8577405857740585,0.17359910505440815,1.0,0.5570979395236821,0.5504593789793816,0.3474456659220197,0.75,0.20930232558139536,0.2640422306131292
0.30999999999999994,1,1,2,0.12751677852348994,0.995049504950495,0.8599791013584117,0.18708082408874802,1.0,0.5612831417369925,0.6075997123349064,0.3562099203316502,0.8260869565217391,0.22093023255813954,0.2901566148425096
0.30999999999999994,1,2,2,0.12837837837837837,0.9950556242274413,0.8610240334378265,0.18846077825030766,1.0,0.5617170013029098,0.626133398648809,0.3574124052612107,0.8260869565217391,0.2222222222222222,0.29140874094955793
0.30999999999999994,1,3,2,0.12162162162162163,0.9987623762376238,0.8629707112970711,0.18692705222427078,1.0,0.5601919989296227,0.6727199221051611,0.3485270431583236,0.9473684210526315,0.2155688622754491,0.3120029526342515
0.30999999999999994,1,4,2,0.14189189189189189,0.9975247524752475,0.8650627615062761,0.21283223121505343,1.0,0.5697083221835697,0.6168018009047324,0.3762189181018201,0.9130434782608695,0.24561403508771928,0.3291140505843573
0.30999999999999994,1,5,2,0.07432432432432433,0.995049504950495,0.852510460251046,0.10959917562818737,1.0,0.5346869146374097,0.5491060988648473,0.27194922710811104,0.7333333333333333,0.13496932515337423,0.20192577763016814
0.3199999999999999,1,1,2,0.0738255033557047,0.9975247524752475,0.8537095088819227,0.11365440592749387,1.0,0.5356751279154761,0.6040158643391415,0.27137200843355214,0.8461538461538461,0.13580246913580246,0.22347897765568892
0.3199999999999999,1,2,2,0.08783783783783784,0.9975278121137207,0.8568443051201672,0.1348852861412987,1.0,0.5426828249757792,0.6297497663378965,0.29600791577114655,0.8666666666666667,0.15950920245398773,0.2484947334770072
0.3199999999999999,1,3,2,0.060810810810810814,0.9987623762376238,0.8535564853556485,0.0962130625033765,1.0,0.5297865935242173,0.6673288700307642,0.24644583564414715,0.9,0.11392405063291139,0.21180772937089057
0.3199999999999999,1,4,2,0.05405405405405406,0.9975247524752475,0.8514644351464435,0.08330182053913916,1.0,0.5257894032646508,0.6154837086089601,0.23220735752889898,0.8,0.10126582278481013,0.18338434513751448
0.3199999999999999,1,5,2,0.0472972972972973,0.995049504950495,0.8483263598326359,0.06808831043106416,1.0,0.5211734011238962,0.5508894986901381,0.21694043482295333,0.6363636363636364,0.0880503144654088,0.14362991785425705
0.32999999999999985,1,1,2,0.03355704697986577,0.9987623762376238,0.8484848484848485,0.05310241765440481,1.0,0.5161597116087447,0.5937560953381884,0.183072433700785,0.8333333333333334,0.06451612903225806,0.14845558221640343
0.32999999999999985,1,2,2,0.0472972972972973,1.0,0.8526645768025078,0.0774358518559034,1.0,0.5236486486486487,0.6291191147437072,0.21747941810042,1.0,0.09032258064516129,0.20069225855972547
0.32999999999999985,1,3,2,0.033783783783783786,0.9987623762376238,0.8493723849372385,0.0535174082833729,1.0,0.5162730800107038,0.6627035915898968,0.1836898804240179,0.8333333333333334,0.06493506493506493,0.1490729568255842
0.32999999999999985,1,4,2,0.02027027027027027,0.9975247524752475,0.8462343096234309,0.029394701218332937,1.0,0.5088975113727588,0.6070283401078038,0.14219738511645608,0.6,0.0392156862745098,0.08924005410149777
0.32999999999999985,1,5,2,0.02702702702702703,0.9962871287128713,0.8462343096234309,0.03816355025049969,1.0,0.5116570778699492,0.5526498288054832,0.1640935073499312,0.5714285714285714,0.05161290322580645,0.09891772172395465
0.33999999999999986,1,1,2,0.020134228187919462,1.0,0.8474399164054337,0.03353392820087192,1.0,0.5100671140939598,0.5860491187381938,0.14189513095212064,1.0,0.039473684210526314,0.13058671173917363
0.33999999999999986,1,2,2,0.006756756756756757,1.0,0.8463949843260188,0.011370584060099245,1.0,0.5033783783783784,0.6286741424710587,0.08219949365267865,1.0,0.013422818791946308,0.07561613180629849
0.33999999999999986,1,3,2,0.013513513513513514,1.0,0.8472803347280334,0.022631785334154945,1.0,0.5067567567567568,0.6545420333156182,0.11624763874381928,1.0,0.02666666666666667,0.1069832121027536
0.33999999999999986,1,4,2,0.02027027027027027,0.9975247524752475,0.8462343096234309,0.029394701218332937,1.0,0.5088975113727588,0.6019231550499485,0.14219738511645608,0.6,0.0392156862745098,0.08924005410149777
0.33999999999999986,1,5,2,0.013513513513513514,1.0,0.8472803347280334,0.022631785334154945,1.0,0.5067567567567568,0.555020611103344,0.11624763874381928,1.0,0.02666666666666667,0.1069832121027536
0.34999999999999987,1,1,2,0.013422818791946308,1.0,0.8463949843260188,0.0224583249369402,1.0,0.5067114093959731,0.5737182895321774,0.11585688927269845,1.0,0.026490066225165563,0.10656776515213719
0.34999999999999987,1,2,2,0.006756756756756757,1.0,0.8463949843260188,0.011370584060099245,1.0,0.5033783783783784,0.6253364498925599,0.08219949365267865,1.0,0.013422818791946308,0.07561613180629849
0.34999999999999987,1,3,2,0.006756756756756757,1.0,0.8462343096234309,0.011368432900919812,1.0,0.5033783783783784,0.6432125455151316,0.08219949365267865,1.0,0.013422818791946308,0.07560893780416295
0.34999999999999987,1,4,2,0.006756756756756757,1.0,0.8462343096234309,0.011368432900919812,1.0,0.5033783783783784,0.5926496412465291,0.08219949365267865,1.0,0.013422818791946308,0.07560893780416295
0.34999999999999987,1,5,2,0.013513513513513514,1.0,0.8472803347280334,0.022631785334154945,1.0,0.5067567567567568,0.5488397596984055,0.11624763874381928,1.0,0.02666666666666667,0.1069832121027536
0.3599999999999999,1,1,2,0.0,1.0,0.8443051201671892,0.0,1.0,0.5,0.5646485576764877,0.0,,0.0,0.0
0.3599999999999999,1,2,2,0.0,1.0,0.845350052246604,0.0,1.0,0.5,0.6197737113266129,0.0,,0.0,0.0
0.3599999999999999,1,3,2,0.0,1.0,0.8451882845188284,0.0,1.0,0.5,0.6347407946300588,0.0,,0.0,0.0
0.3599999999999999,1,4,2,0.0,1.0,0.8451882845188284,0.0,1.0,0.5,0.5776958818363692,0.0,,0.0,0.0
0.3599999999999999,1,5,2,0.006756756756756757,1.0,0.8462343096234309,0.011368432900919812,1.0,0.5033783783783784,0.5454088958813745,0.08219949365267865,1.0,0.013422818791946308,0.07560893780416295
0.3699999999999999,1,1,2,0.0,1.0,0.8443051201671892,0.0,1.0,0.5,0.5527504411775195,0.0,,0.0,0.0
0.3699999999999999,1,2,2,0.0,1.0,0.845350052246604,0.0,1.0,0.5,0.6108136376375443,0.0,,0.0,0.0
0.3699999999999999,1,3,2,0.0,1.0,0.8451882845188284,0.0,1.0,0.5,0.6275150504534245,0.0,,0.0,0.0
0.3699999999999999,1,4,2,0.0,1.0,0.8451882845188284,0.0,1.0,0.5,0.5689041832344311,0.0,,0.0,0.0
0.3699999999999999,1,5,2,0.0,1.0,0.8451882845188284,0.0,1.0,0.5,0.5468858292236322,0.0,,0.0,0.0
0.3799999999999999,1,1,2,0.0,1.0,0.8443051201671892,0.0,1.0,0.5,0.5402960842619224,0.0,,0.0,0.0
0.3799999999999999,1,2,2,0.0,1.0,0.845350052246604,0.0,1.0,0.5,0.60459766013759,0.0,,0.0,0.0
0.3799999999999999,1,3,2,0.0,1.0,0.8451882845188284,0.0,1.0,0.5,0.6174596480256679,0.0,,0.0,0.0
0.3799999999999999,1,4,2,0.0,1.0,0.8451882845188284,0.0,1.0,0.5,0.559890883848496,0.0,,0.0,0.0
0.3799999999999999,1,5,2,0.0,1.0,0.8451882845188284,0.0,1.0,0.5,0.5427130437626712,0.0,,0.0,0.0
0.3899999999999999,1,1,2,0.0,1.0,0.8443051201671892,0.0,1.0,0.5,0.527523142942033,0.0,,0.0,0.0
0.3899999999999999,1,2,2,0.0,1.0,0.845350052246604,0.0,1.0,0.5,0.594084093517689,0.0,,0.0,0.0
0.3899999999999999,1,3,2,0.0,1.0,0.8451882845188284,0.0,1.0,0.5,0.606410908723015,0.0,,0.0,0.0
0.3899999999999999,1,4,2,0.0,1.0,0.8451882845188284,0.0,1.0,0.5,0.5478068978250292,0.0,,0.0,0.0
0.3899999999999999,1,5,2,0.0,1.0,0.8451882845188284,0.0,1.0,0.5,0.5425574749625589,0.0,,0.0,0.0
0.3999999999999998,1,1,2,0.0,1.0,0.8443051201671892,0.0,1.0,0.5,0.5173922411327728,0.0,,0.0,0.0
0.3999999999999998,1,2,2,0.0,1.0,0.845350052246604,0.0,1.0,0.5,0.5836933237978718,0.0,,0.0,0.0
0.3999999999999998,1,3,2,0.0,1.0,0.8451882845188284,0.0,1.0,0.5,0.590798697438513,0.0,,0.0,0.0
0.3999999999999998,1,4,2,0.0,1.0,0.8451882845188284,0.0,1.0,0.5,0.5375282278113427,0.0,,0.0,0.0
0.3999999999999998,1,5,2,0.0,1.0,0.8451882845188284,0.0,1.0,0.5,0.537744782146418,0.0,,0.0,0.0
0.4099999999999998,1,1,2,0.0,1.0,0.8443051201671892,0.0,1.0,0.5,0.5036273593265725,0.0,,0.0,0.0
0.4099999999999998,1,2,2,0.0,1.0,0.845350052246604,0.0,1.0,0.5,0.5753813354337898,0.0,,0.0,0.0
0.4099999999999998,1,3,2,0.0,1.0,0.8451882845188284,0.0,1.0,0.5,0.5814010702519805,0.0,,0.0,0.0
0.4099999999999998,1,4,2,0.0,1.0,0.8451882845188284,0.0,1.0,0.5,0.5341620282164811,0.0,,0.0,0.0
0.4099999999999998,1,5,2,0.0,1.0,0.8451882845188284,0.0,1.0,0.5,0.5345432856785494,0.0,,0.0,0.0
0.4199999999999998,1,1,2,0.0,1.0,0.8443051201671892,0.0,1.0,0.5,0.490721845597347,0.0,,0.0,0.0
0.4199999999999998,1,2,2,0.0,1.0,0.845350052246604,0.0,1.0,0.5,0.5664856625312582,0.0,,0.0,0.0
0.4199999999999998,1,3,2,0.0,1.0,0.8451882845188284,0.0,1.0,0.5,0.5715710073222027,0.0,,0.0,0.0
0.4199999999999998,1,4,2,0.0,1.0,0.8451882845188284,0.0,1.0,0.5,0.5253776623449058,0.0,,0.0,0.0
0.4199999999999998,1,5,2,0.0,1.0,0.8451882845188284,0.0,1.0,0.5,0.528152239703639,0.0,,0.0,0.0
0.4299999999999998,1,1,2,0.0,1.0,0.8443051201671892,0.0,1.0,0.5,0.47980231271850415,0.0,,0.0,0.0
0.4299999999999998,1,2,2,0.0,1.0,0.845350052246604,0.0,1.0,0.5,0.5573800138154438,0.0,,0.0,0.0
0.4299999999999998,1,3,2,0.0,1.0,0.8451882845188284,0.0,1.0,0.5,0.5632046216175833,0.0,,0.0,0.0
0.4299999999999998,1,4,2,0.0,1.0,0.8451882845188284,0.0,1.0,0.5,0.5178524148507576,0.0,,0.0,0.0
0.4299999999999998,1,5,2,0.0,1.0,0.8451882845188284,0.0,1.0,0.5,0.5219498874701882,0.0,,0.0,0.0
0.43999999999999984,1,1,2,0.0,1.0,0.8443051201671892,0.0,1.0,0.5,0.4698333340243975,0.0,,0.0,0.0
0.43999999999999984,1,2,2,0.0,1.0,0.845350052246604,0.0,1.0,0.5,0.549262804067274,0.0,,0.0,0.0
0.43999999999999984,1,3,2,0.0,1.0,0.8451882845188284,0.0,1.0,0.5,0.5555782373196939,0.0,,0.0,0.0
0.43999999999999984,1,4,2,0.0,1.0,0.8451882845188284,0.0,1.0,0.5,0.5098534013295609,0.0,,0.0,0.0
0.43999999999999984,1,5,2,0.0,1.0,0.8451882845188284,0.0,1.0,0.5,0.5150634916012504,0.0,,0.0,0.0
0.44999999999999984,1,1,2,0.0,1.0,0.8443051201671892,0.0,1.0,0.5,0.4610618090645546,0.0,,0.0,0.0
0.44999999999999984,1,2,2,0.0,1.0,0.845350052246604,0.0,1.0,0.5,0.5409615336131145,0.0,,0.0,0.0
0.44999999999999984,1,3,2,0.0,1.0,0.8451882845188284,0.0,1.0,0.5,0.5545303859430553,0.0,,0.0,0.0
0.44999999999999984,1,4,2,0.0,1.0,0.8451882845188284,0.0,1.0,0.5,0.5019699398983556,0.0,,0.0,0.0
0.44999999999999984,1,5,2,0.0,1.0,0.8451882845188284,0.0,1.0,0.5,0.5092453823523396,0.0,,0.0,0.0
0.45999999999999985,1,1,2,0.0,1.0,0.8443051201671892,0.0,1.0,0.5,0.4533202598067362,0.0,,0.0,0.0
0.45999999999999985,1,2,2,0.0,1.0,0.845350052246604,0.0,1.0,0.5,0.533347911921699,0.0,,0.0,0.0
0.45999999999999985,1,3,2,0.0,1.0,0.8451882845188284,0.0,1.0,0.5,0.5477180107216494,0.0,,0.0,0.0
0.45999999999999985,1,4,2,0.0,1.0,0.8451882845188284,0.0,1.0,0.5,0.49583077096578165,0.0,,0.0,0.0
0.45999999999999985,1,5,2,0.0,1.0,0.8451882845188284,0.0,1.0,0.5,0.5044739622641593,0.0,,0.0,0.0
0.46999999999999986,1,1,2,0.0,1.0,0.8443051201671892,0.0,1.0,0.5,0.44672991657189903,0.0,,0.0,0.0
0.46999999999999986,1,2,2,0.0,1.0,0.845350052246604,0.0,1.0,0.5,0.5290538071866073,0.0,,0.0,0.0
0.46999999999999986,1,3,2,0.0,1.0,0.8451882845188284,0.0,1.0,0.5,0.5421205868284104,0.0,,0.0,0.0
0.46999999999999986,1,4,2,0.0,1.0,0.8451882845188284,0.0,1.0,0.5,0.48877259610553425,0.0,,0.0,0.0
0.46999999999999986,1,5,2,0.0,1.0,0.8451882845188284,0.0,1.0,0.5,0.4993395337038351,0.0,,0.0,0.0
0.47999999999999976,1,1,2,0.0,1.0,0.8443051201671892,0.0,1.0,0.5,0.43965703080622276,0.0,,0.0,0.0
0.47999999999999976,1,2,2,0.0,1.0,0.845350052246604,0.0,1.0,0.5,0.5236860220311301,0.0,,0.0,0.0
0.47999999999999976,1,3,2,0.0,1.0,0.8451882845188284,0.0,1.0,0.5,0.5388792187578999,0.0,,0.0,0.0
0.47999999999999976,1,4,2,0.0,1.0,0.8451882845188284,0.0,1.0,0.5,0.48306956490176517,0.0,,0.0,0.0
0.47999999999999976,1,5,2,0.0,1.0,0.8451882845188284,0.0,1.0,0.5,0.49225000437942956,0.0,,0.0,0.0
0.48999999999999977,1,1,2,0.0,1.0,0.8443051201671892,0.0,1.0,0.5,0.4337150503823244,0.0,,0.0,0.0
0.48999999999999977,1,2,2,0.0,1.0,0.845350052246604,0.0,1.0,0.5,0.5185748317801644,0.0,,0.0,0.0
0.48999999999999977,1,3,2,0.0,1.0,0.8451882845188284,0.0,1.0,0.5,0.5351669128198793,0.0,,0.0,0.0
0.48999999999999977,1,4,2,0.0,1.0,0.8451882845188284,0.0,1.0,0.5,0.47784432566804635,0.0,,0.0,0.0
0.48999999999999977,1,5,2,0.0,1.0,0.8451882845188284,0.0,1.0,0.5,0.4866441402355854,0.0,,0.0,0.0
0.4999999999999998,1,1,2,0.0,1.0,0.8443051201671892,0.0,1.0,0.5,0.427711356010572,0.0,,0.0,0.0
0.4999999999999998,1,2,2,0.0,1.0,0.845350052246604,0.0,1.0,0.5,0.5143203970982758,0.0,,0.0,0.0
0.4999999999999998,1,3,2,0.0,1.0,0.8451882845188284,0.0,1.0,0.5,0.5303326421884542,0.0,,0.0,0.0
0.4999999999999998,1,4,2,0.0,1.0,0.8451882845188284,0.0,1.0,0.5,0.4709418976977814,0.0,,0.0,0.0
0.4999999999999998,1,5,2,0.0,1.0,0.8451882845188284,0.0,1.0,0.5,0.48105996818109675,0.0,,0.0,0.0
0.5099999999999998,1,1,2,0.0,1.0,0.8443051201671892,0.0,1.0,0.5,0.4220265136772513,0.0,,0.0,0.0
0.5099999999999998,1,2,2,0.0,1.0,0.845350052246604,0.0,1.0,0.5,0.509942179170243,0.0,,0.0,0.0
0.5099999999999998,1,3,2,0.0,1.0,0.8451882845188284,0.0,1.0,0.5,0.5263360433664498,0.0,,0.0,0.0
0.5099999999999998,1,4,2,0.0,1.0,0.8451882845188284,0.0,1.0,0.5,0.46824449377505023,0.0,,0.0,0.0
0.5099999999999998,1,5,2,0.0,1.0,0.8451882845188284,0.0,1.0,0.5,0.4770384398377305,0.0,,0.0,0.0
0.5199999999999998,1,1,2,0.0,1.0,0.8443051201671892,0.0,1.0,0.5,0.4164490877240526,0.0,,0.0,0.0
0.5199999999999998,1,2,2,0.0,1.0,0.845350052246604,0.0,1.0,0.5,0.5064265649168138,0.0,,0.0,0.0
0.5199999999999998,1,3,2,0.0,1.0,0.8451882845188284,0.0,1.0,0.5,0.5228146321585424,0.0,,0.0,0.0
0.5199999999999998,1,4,2,0.0,1.0,0.8451882845188284,0.0,1.0,0.5,0.46555218799757275,0.0,,0.0,0.0
0.5199999999999998,1,5,2,0.0,1.0,0.8451882845188284,0.0,1.0,0.5,0.4738375380920123,0.0,,0.0,0.0
0.5299999999999998,1,1,2,0.0,1.0,0.8443051201671892,0.0,1.0,0.5,0.4124266613044773,0.0,,0.0,0.0
0.5299999999999998,1,2,2,0.0,1.0,0.845350052246604,0.0,1.0,0.5,0.5032533265430409,0.0,,0.0,0.0
0.5299999999999998,1,3,2,0.0,1.0,0.8451882845188284,0.0,1.0,0.5,0.5195566491437039,0.0,,0.0,0.0
0.5299999999999998,1,4,2,0.0,1.0,0.8451882845188284,0.0,1.0,0.5,0.4621784955526004,0.0,,0.0,0.0
0.5299999999999998,1,5,2,0.0,1.0,0.8451882845188284,0.0,1.0,0.5,0.4704283100099885,0.0,,0.0,0.0
0.5399999999999998,1,1,2,0.0,1.0,0.8443051201671892,0.0,1.0,0.5,0.40900678978123517,0.0,,0.0,0.0
0.5399999999999998,1,2,2,0.0,1.0,0.845350052246604,0.0,1.0,0.5,0.5009058520815292,0.0,,0.0,0.0
0.5399999999999998,1,3,2,0.0,1.0,0.8451882845188284,0.0,1.0,0.5,0.5159487335038309,0.0,,0.0,0.0
0.5399999999999998,1,4,2,0.0,1.0,0.8451882845188284,0.0,1.0,0.5,0.4593744059228845,0.0,,0.0,0.0
0.5399999999999998,1,5,2,0.0,1.0,0.8451882845188284,0.0,1.0,0.5,0.46710063756216597,0.0,,0.0,0.0
0.5499999999999998,1,1,2,0.0,1.0,0.8443051201671892,0.0,1.0,0.5,0.40447997750519904,0.0,,0.0,0.0
0.5499999999999998,1,2,2,0.0,1.0,0.845350052246604,0.0,1.0,0.5,0.4979815487702431,0.0,,0.0,0.0
0.5499999999999998,1,3,2,0.0,1.0,0.8451882845188284,0.0,1.0,0.5,0.512993901553478,0.0,,0.0,0.0
0.5499999999999998,1,4,2,0.0,1.0,0.8451882845188284,0.0,1.0,0.5,0.4569379177703265,0.0,,0.0,0.0
0.5499999999999998,1,5,2,0.0,1.0,0.8451882845188284,0.0,1.0,0.5,0.4636592842895667,0.0,,0.0,0.0
0.5599999999999997,1,1,2,0.0,1.0,0.8443051201671892,0.0,1.0,0.5,0.4008970656983237,0.0,,0.0,0.0
0.5599999999999997,1,2,2,0.0,1.0,0.845350052246604,0.0,1.0,0.5,0.49442460925607973,0.0,,0.0,0.0
0.5599999999999997,1,3,2,0.0,1.0,0.8451882845188284,0.0,1.0,0.5,0.5096581588616804,0.0,,0.0,0.0
0.5599999999999997,1,4,2,0.0,1.0,0.8451882845188284,0.0,1.0,0.5,0.4532747306692528,0.0,,0.0,0.0
0.5599999999999997,1,5,2,0.0,1.0,0.8451882845188284,0.0,1.0,0.5,0.4606382292540938,0.0,,0.0,0.0
0.5699999999999997,1,1,2,0.0,1.0,0.8443051201671892,0.0,1.0,0.5,0.3982462861939542,0.0,,0.0,0.0
0.5699999999999997,1,2,2,0.0,1.0,0.845350052246604,0.0,1.0,0.5,0.4910975978617447,0.0,,0.0,0.0
0.5699999999999997,1,3,2,0.0,1.0,0.8451882845188284,0.0,1.0,0.5,0.5074433656669861,0.0,,0.0,0.0
0.5699999999999997,1,4,2,0.0,1.0,0.8451882845188284,0.0,1.0,0.5,0.4509770687871471,0.0,,0.0,0.0
0.5699999999999997,1,5,2,0.0,1.0,0.8451882845188284,0.0,1.0,0.5,0.4586861978493963,0.0,,0.0,0.0
0.5799999999999997,1,1,2,0.0,1.0,0.8443051201671892,0.0,1.0,0.5,0.395647478971099,0.0,,0.0,0.0
0.5799999999999997,1,2,2,0.0,1.0,0.845350052246604,0.0,1.0,0.5,0.4892733344977062,0.0,,0.0,0.0
0.5799999999999997,1,3,2,0.0,1.0,0.8451882845188284,0.0,1.0,0.5,0.5049055536568413,0.0,,0.0,0.0
0.5799999999999997,1,4,2,0.0,1.0,0.8451882845188284,0.0,1.0,0.5,0.4468949676539038,0.0,,0.0,0.0
0.5799999999999997,1,5,2,0.0,1.0,0.8451882845188284,0.0,1.0,0.5,0.45614862239885184,0.0,,0.0,0.0
0.5899999999999997,1,1,2,0.0,1.0,0.8443051201671892,0.0,1.0,0.5,0.39368281414630846,0.0,,0.0,0.0
0.5899999999999997,1,2,2,0.0,1.0,0.845350052246604,0.0,1.0,0.5,0.4879204407736261,0.0,,0.0,0.0
0.5899999999999997,1,3,2,0.0,1.0,0.8451882845188284,0.0,1.0,0.5,0.503028294371219,0.0,,0.0,0.0
0.5899999999999997,1,4,2,0.0,1.0,0.8451882845188284,0.0,1.0,0.5,0.44466537989117916,0.0,,0.0,0.0
0.5899999999999997,1,5,2,0.0,1.0,0.8451882845188284,0.0,1.0,0.5,0.45397161394837515,0.0,,0.0,0.0
0.5999999999999998,1,1,2,0.0,1.0,0.8443051201671892,0.0,1.0,0.5,0.3907287183357199,0.0,,0.0,0.0
0.5999999999999998,1,2,2,0.0,1.0,0.845350052246604,0.0,1.0,0.5,0.48592956645920377,0.0,,0.0,0.0
0.5999999999999998,1,3,2,0.0,1.0,0.8451882845188284,0.0,1.0,0.5,0.5017652412777901,0.0,,0.0,0.0
0.5999999999999998,1,4,2,0.0,1.0,0.8451882845188284,0.0,1.0,0.5,0.44252126267478337,0.0,,0.0,0.0
0.5999999999999998,1,5,2,0.0,1.0,0.8451882845188284,0.0,1.0,0.5,0.45206815119036564,0.0,,0.0,0.0
0.6099999999999998,1,1,2,0.0,1.0,0.8443051201671892,0.0,1.0,0.5,0.38850215016636136,0.0,,0.0,0.0
0.6099999999999998,1,2,2,0.0,1.0,0.845350052246604,0.0,1.0,0.5,0.4833672604960509,0.0,,0.0,0.0
0.6099999999999998,1,3,2,0.0,1.0,0.8451882845188284,0.0,1.0,0.5,0.4995331430637019,0.0,,0.0,0.0
0.6099999999999998,1,4,2,0.0,1.0,0.8451882845188284,0.0,1.0,0.5,0.4387896934820975,0.0,,0.0,0.0
0.6099999999999998,1,5,2,0.0,1.0,0.8451882845188284,0.0,1.0,0.5,0.45002348992566327,0.0,,0.0,0.0
0.6199999999999998,1,1,2,0.0,1.0,0.8443051201671892,0.0,1.0,0.5,0.3869234108326866,0.0,,0.0,0.0
0.6199999999999998,1,2,2,0.0,1.0,0.845350052246604,0.0,1.0,0.5,0.4819083916567931,0.0,,0.0,0.0
0.6199999999999998,1,3,2,0.0,1.0,0.8451882845188284,0.0,1.0,0.5,0.4985760994160087,0.0,,0.0,0.0
0.6199999999999998,1,4,2,0.0,1.0,0.8451882845188284,0.0,1.0,0.5,0.4372757412451179,0.0,,0.0,0.0
0.6199999999999998,1,5,2,0.0,1.0,0.8451882845188284,0.0,1.0,0.5,0.44836996316907063,0.0,,0.0,0.0
0.6299999999999997,1,1,2,0.0,1.0,0.8443051201671892,0.0,1.0,0.5,0.38528939035621723,0.0,,0.0,0.0
0.6299999999999997,1,2,2,0.0,1.0,0.845350052246604,0.0,1.0,0.5,0.4799329849124415,0.0,,0.0,0.0
0.6299999999999997,1,3,2,0.0,1.0,0.8451882845188284,0.0,1.0,0.5,0.49760265779651947,0.0,,0.0,0.0
0.6299999999999997,1,4,2,0.0,1.0,0.8451882845188284,0.0,1.0,0.5,0.4357774666918677,0.0,,0.0,0.0
0.6299999999999997,1,5,2,0.0,1.0,0.8451882845188284,0.0,1.0,0.5,0.44773501021562323,0.0,,0.0,0.0
0.6399999999999997,1,1,2,0.0,1.0,0.8443051201671892,0.0,1.0,0.5,0.3833809789898327,0.0,,0.0,0.0
0.6399999999999997,1,2,2,0.0,1.0,0.845350052246604,0.0,1.0,0.5,0.47780863945625324,0.0,,0.0,0.0
0.6399999999999997,1,3,2,0.0,1.0,0.8451882845188284,0.0,1.0,0.5,0.49643899089854404,0.0,,0.0,0.0
0.6399999999999997,1,4,2,0.0,1.0,0.8451882845188284,0.0,1.0,0.5,0.4338372440108273,0.0,,0.0,0.0
0.6399999999999997,1,5,2,0.0,1.0,0.8451882845188284,0.0,1.0,0.5,0.446398915441364,0.0,,0.0,0.0
0.6499999999999997,1,1,2,0.0,1.0,0.8443051201671892,0.0,1.0,0.5,0.3819016739883965,0.0,,0.0,0.0
0.6499999999999997,1,2,2,0.0,1.0,0.845350052246604,0.0,1.0,0.5,0.4763042172165683,0.0,,0.0,0.0
0.6499999999999997,1,3,2,0.0,1.0,0.8451882845188284,0.0,1.0,0.5,0.4950773388881815,0.0,,0.0,0.0
0.6499999999999997,1,4,2,0.0,1.0,0.8451882845188284,0.0,1.0,0.5,0.43307629136100634,0.0,,0.0,0.0
0.6499999999999997,1,5,2,0.0,1.0,0.8451882845188284,0.0,1.0,0.5,0.4454399802200284,0.0,,0.0,0.0
0.6599999999999997,1,1,2,0.0,1.0,0.8443051201671892,0.0,1.0,0.5,0.38109798965743863,0.0,,0.0,0.0
0.6599999999999997,1,2,2,0.0,1.0,0.845350052246604,0.0,1.0,0.5,0.47483885722278624,0.0,,0.0,0.0
0.6599999999999997,1,3,2,0.0,1.0,0.8451882845188284,0.0,1.0,0.5,0.4933199288305625,0.0,,0.0,0.0
0.6599999999999997,1,4,2,0.0,1.0,0.8451882845188284,0.0,1.0,0.5,0.431772059866346,0.0,,0.0,0.0
0.6599999999999997,1,5,2,0.0,1.0,0.8451882845188284,0.0,1.0,0.5,0.4436506196495425,0.0,,0.0,0.0
0.6699999999999997,1,1,2,0.0,1.0,0.8443051201671892,0.0,1.0,0.5,0.3802240691642407,0.0,,0.0,0.0
0.6699999999999997,1,2,2,0.0,1.0,0.845350052246604,0.0,1.0,0.5,0.4742012563076872,0.0,,0.0,0.0
0.6699999999999997,1,3,2,0.0,1.0,0.8451882845188284,0.0,1.0,0.5,0.49189226683093795,0.0,,0.0,0.0
0.6699999999999997,1,4,2,0.0,1.0,0.8451882845188284,0.0,1.0,0.5,0.43056382062345444,0.0,,0.0,0.0
0.6699999999999997,1,5,2,0.0,1.0,0.8451882845188284,0.0,1.0,0.5,0.44304375544686125,0.0,,0.0,0.0
0.6799999999999997,1,1,2,0.0,1.0,0.8443051201671892,0.0,1.0,0.5,0.3791407479415779,0.0,,0.0,0.0
0.6799999999999997,1,2,2,0.0,1.0,0.845350052246604,0.0,1.0,0.5,0.47301895940466204,0.0,,0.0,0.0
0.6799999999999997,1,3,2,0.0,1.0,0.8451882845188284,0.0,1.0,0.5,0.49006854326537047,0.0,,0.0,0.0
0.6799999999999997,1,4,2,0.0,1.0,0.8451882845188284,0.0,1.0,0.5,0.4288646513513941,0.0,,0.0,0.0
0.6799999999999997,1,5,2,0.0,1.0,0.8451882845188284,0.0,1.0,0.5,0.4415133446141119,0.0,,0.0,0.0
0.6899999999999997,1,1,2,0.0,1.0,0.8443051201671892,0.0,1.0,0.5,0.3776918804898138,0.0,,0.0,0.0
0.6899999999999997,1,2,2,0.0,1.0,0.845350052246604,0.0,1.0,0.5,0.4720307062210951,0.0,,0.0,0.0
0.6899999999999997,1,3,2,0.0,1.0,0.8451882845188284,0.0,1.0,0.5,0.48832600731027964,0.0,,0.0,0.0
0.6899999999999997,1,4,2,0.0,1.0,0.8451882845188284,0.0,1.0,0.5,0.4216296006893519,0.0,,0.0,0.0
0.6899999999999997,1,5,2,0.0,1.0,0.8451882845188284,0.0,1.0,0.5,0.440712269155271,0.0,,0.0,0.0
0.6999999999999996,1,1,2,0.0,1.0,0.8443051201671892,0.0,1.0,0.5,0.37697521690259406,0.0,,0.0,0.0
0.6999999999999996,1,2,2,0.0,1.0,0.845350052246604,0.0,1.0,0.5,0.470953322128983,0.0,,0.0,0.0
0.6999999999999996,1,3,2,0.0,1.0,0.8451882845188284,0.0,1.0,0.5,0.48662784963630046,0.0,,0.0,0.0
0.6999999999999996,1,4,2,0.0,1.0,0.8451882845188284,0.0,1.0,0.5,0.42072741329876784,0.0,,0.0,0.0
0.6999999999999996,1,5,2,0.0,1.0,0.8451882845188284,0.0,1.0,0.5,0.4399352346045772,0.0,,0.0,0.0
0.7099999999999996,1,1,2,0.0,1.0,0.8443051201671892,0.0,1.0,0.5,0.37598968925690623,0.0,,0.0,0.0
0.7099999999999996,1,2,2,0.0,1.0,0.845350052246604,0.0,1.0,0.5,0.47007163726097584,0.0,,0.0,0.0
0.7099999999999996,1,3,2,0.0,1.0,0.8451882845188284,0.0,1.0,0.5,0.4850394208031523,0.0,,0.0,0.0
0.7099999999999996,1,4,2,0.0,1.0,0.8451882845188284,0.0,1.0,0.5,0.4199821605833058,0.0,,0.0,0.0
0.7099999999999996,1,5,2,0.0,1.0,0.8451882845188284,0.0,1.0,0.5,0.439108752939949,0.0,,0.0,0.0
0.7199999999999996,1,1,2,0.0,1.0,0.8443051201671892,0.0,1.0,0.5,0.3751902303766661,0.0,,0.0,0.0
0.7199999999999996,1,2,2,0.0,1.0,0.845350052246604,0.0,1.0,0.5,0.4688829761993976,0.0,,0.0,0.0
0.7199999999999996,1,3,2,0.0,1.0,0.8451882845188284,0.0,1.0,0.5,0.4844635778823761,0.0,,0.0,0.0
0.7199999999999996,1,4,2,0.0,1.0,0.8451882845188284,0.0,1.0,0.5,0.4180975790028027,0.0,,0.0,0.0
0.7199999999999996,1,5,2,0.0,1.0,0.8451882845188284,0.0,1.0,0.5,0.4375857654414187,0.0,,0.0,0.0
0.7299999999999996,1,1,2,0.0,1.0,0.8443051201671892,0.0,1.0,0.5,0.37429502108239526,0.0,,0.0,0.0
0.7299999999999996,1,2,2,0.0,1.0,0.845350052246604,0.0,1.0,0.5,0.46755048630189655,0.0,,0.0,0.0
0.7299999999999996,1,3,2,0.0,1.0,0.8451882845188284,0.0,1.0,0.5,0.48364247332779026,0.0,,0.0,0.0
0.7299999999999996,1,4,2,0.0,1.0,0.8451882845188284,0.0,1.0,0.5,0.41706500745579955,0.0,,0.0,0.0
0.7299999999999996,1,5,2,0.0,1.0,0.8451882845188284,0.0,1.0,0.5,0.43656884512813043,0.0,,0.0,0.0
0.7399999999999997,1,1,2,0.0,1.0,0.8443051201671892,0.0,1.0,0.5,0.3732451721314575,0.0,,0.0,0.0
0.7399999999999997,1,2,2,0.0,1.0,0.845350052246604,0.0,1.0,0.5,0.4666332716292979,0.0,,0.0,0.0
0.7399999999999997,1,3,2,0.0,1.0,0.8451882845188284,0.0,1.0,0.5,0.48181330437266484,0.0,,0.0,0.0
0.7399999999999997,1,4,2,0.0,1.0,0.8451882845188284,0.0,1.0,0.5,0.41609795966522756,0.0,,0.0,0.0
0.7399999999999997,1,5,2,0.0,1.0,0.8451882845188284,0.0,1.0,0.5,0.4357605652514566,0.0,,0.0,0.0
0.7499999999999997,1,1,2,0.0,1.0,0.8443051201671892,0.0,1.0,0.5,0.37271834583072294,0.0,,0.0,0.0
0.7499999999999997,1,2,2,0.0,1.0,0.845350052246604,0.0,1.0,0.5,0.4659642209650603,0.0,,0.0,0.0
0.7499999999999997,1,3,2,0.0,1.0,0.8451882845188284,0.0,1.0,0.5,0.4809226917906949,0.0,,0.0,0.0
0.7499999999999997,1,4,2,0.0,1.0,0.8451882845188284,0.0,1.0,0.5,0.4154274639272884,0.0,,0.0,0.0
0.7499999999999997,1,5,2,0.0,1.0,0.8451882845188284,0.0,1.0,0.5,0.43483350842027596,0.0,,0.0,0.0
0.7599999999999997,1,1,2,0.0,1.0,0.8443051201671892,0.0,1.0,0.5,0.3716632942633024,0.0,,0.0,0.0
0.7599999999999997,1,2,2,0.0,1.0,0.845350052246604,0.0,1.0,0.5,0.46403485859796856,0.0,,0.0,0.0
0.7599999999999997,1,3,2,0.0,1.0,0.8451882845188284,0.0,1.0,0.5,0.4794356499146932,0.0,,0.0,0.0
0.7599999999999997,1,4,2,0.0,1.0,0.8451882845188284,0.0,1.0,0.5,0.41459285098579785,0.0,,0.0,0.0
0.7599999999999997,1,5,2,0.0,1.0,0.8451882845188284,0.0,1.0,0.5,0.43433176408069435,0.0,,0.0,0.0
0.7699999999999997,1,1,2,0.0,1.0,0.8443051201671892,0.0,1.0,0.5,0.37047567295476297,0.0,,0.0,0.0
0.7699999999999997,1,2,2,0.0,1.0,0.845350052246604,0.0,1.0,0.5,0.4629326809020271,0.0,,0.0,0.0
0.7699999999999997,1,3,2,0.0,1.0,0.8451882845188284,0.0,1.0,0.5,0.47795527073348065,0.0,,0.0,0.0
0.7699999999999997,1,4,2,0.0,1.0,0.8451882845188284,0.0,1.0,0.5,0.4138266928914254,0.0,,0.0,0.0
0.7699999999999997,1,5,2,0.0,1.0,0.8451882845188284,0.0,1.0,0.5,0.433828979087322,0.0,,0.0,0.0
0.7799999999999997,1,1,2,0.0,1.0,0.8443051201671892,0.0,1.0,0.5,0.36952806055275184,0.0,,0.0,0.0
0.7799999999999997,1,2,2,0.0,1.0,0.845350052246604,0.0,1.0,0.5,0.4625183673701991,0.0,,0.0,0.0
0.7799999999999997,1,3,2,0.0,1.0,0.8451882845188284,0.0,1.0,0.5,0.47583460287988155,0.0,,0.0,0.0
0.7799999999999997,1,4,2,0.0,1.0,0.8451882845188284,0.0,1.0,0.5,0.41328202571588346,0.0,,0.0,0.0
0.7799999999999997,1,5,2,0.0,1.0,0.8451882845188284,0.0,1.0,0.5,0.43313889971872244,0.0,,0.0,0.0
0.7899999999999996,1,1,2,0.0,1.0,0.8443051201671892,0.0,1.0,0.5,0.3685455756451442,0.0,,0.0,0.0
0.7899999999999996,1,2,2,0.0,1.0,0.845350052246604,0.0,1.0,0.5,0.46204800055817596,0.0,,0.0,0.0
0.7899999999999996,1,3,2,0.0,1.0,0.8451882845188284,0.0,1.0,0.5,0.4746365719997181,0.0,,0.0,0.0
0.7899999999999996,1,4,2,0.0,1.0,0.8451882845188284,0.0,1.0,0.5,0.41281993377255305,0.0,,0.0,0.0
0.7899999999999996,1,5,2,0.0,1.0,0.8451882845188284,0.0,1.0,0.5,0.43265345103816116,0.0,,0.0,0.0
0.7999999999999996,1,1,2,0.0,1.0,0.8443051201671892,0.0,1.0,0.5,0.3671109147363051,0.0,,0.0,0.0
0.7999999999999996,1,2,2,0.0,1.0,0.845350052246604,0.0,1.0,0.5,0.46143496756067875,0.0,,0.0,0.0
0.7999999999999996,1,3,2,0.0,1.0,0.8451882845188284,0.0,1.0,0.5,0.4736726161849411,0.0,,0.0,0.0
0.7999999999999996,1,4,2,0.0,1.0,0.8451882845188284,0.0,1.0,0.5,0.41200709012344805,0.0,,0.0,0.0
0.7999999999999996,1,5,2,0.0,1.0,0.8451882845188284,0.0,1.0,0.5,0.4319270512647487,0.0,,0.0,0.0
0.8099999999999996,1,1,2,0.0,1.0,0.8443051201671892,0.0,1.0,0.5,0.36622228973895954,0.0,,0.0,0.0
0.8099999999999996,1,2,2,0.0,1.0,0.845350052246604,0.0,1.0,0.5,0.4611834896805666,0.0,,0.0,0.0
0.8099999999999996,1,3,2,0.0,1.0,0.8451882845188284,0.0,1.0,0.5,0.4730593086667415,0.0,,0.0,0.0
0.8099999999999996,1,4,2,0.0,1.0,0.8451882845188284,0.0,1.0,0.5,0.4112377905942925,0.0,,0.0,0.0
0.8099999999999996,1,5,2,0.0,1.0,0.8451882845188284,0.0,1.0,0.5,0.431686952213221,0.0,,0.0,0.0
0.8199999999999996,1,1,2,0.0,1.0,0.8443051201671892,0.0,1.0,0.5,0.365502588694133,0.0,,0.0,0.0
0.8199999999999996,1,2,2,0.0,1.0,0.845350052246604,0.0,1.0,0.5,0.46071101395927616,0.0,,0.0,0.0
0.8199999999999996,1,3,2,0.0,1.0,0.8451882845188284,0.0,1.0,0.5,0.4714386969938119,0.0,,0.0,0.0
0.8199999999999996,1,4,2,0.0,1.0,0.8451882845188284,0.0,1.0,0.5,0.4106166118434374,0.0,,0.0,0.0
0.8199999999999996,1,5,2,0.0,1.0,0.8451882845188284,0.0,1.0,0.5,0.4313940954352342,0.0,,0.0,0.0
0.8299999999999996,1,1,2,0.0,1.0,0.8443051201671892,0.0,1.0,0.5,0.3649305811986727,0.0,,0.0,0.0
0.8299999999999996,1,2,2,0.0,1.0,0.845350052246604,0.0,1.0,0.5,0.4601047161658711,0.0,,0.0,0.0
0.8299999999999996,1,3,2,0.0,1.0,0.8451882845188284,0.0,1.0,0.5,0.4711130888415477,0.0,,0.0,0.0
0.8299999999999996,1,4,2,0.0,1.0,0.8451882845188284,0.0,1.0,0.5,0.40945559035526385,0.0,,0.0,0.0
0.8299999999999996,1,5,2,0.0,1.0,0.8451882845188284,0.0,1.0,0.5,0.43111307877419763,0.0,,0.0,0.0
0.8399999999999996,1,1,2,0.0,1.0,0.8443051201671892,0.0,1.0,0.5,0.3641306823512915,0.0,,0.0,0.0
0.8399999999999996,1,2,2,0.0,1.0,0.845350052246604,0.0,1.0,0.5,0.4593635424419862,0.0,,0.0,0.0
0.8399999999999996,1,3,2,0.0,1.0,0.8451882845188284,0.0,1.0,0.5,0.47027104429557853,0.0,,0.0,0.0
0.8399999999999996,1,4,2,0.0,1.0,0.8451882845188284,0.0,1.0,0.5,0.4083784947669037,0.0,,0.0,0.0
0.8399999999999996,1,5,2,0.0,1.0,0.8451882845188284,0.0,1.0,0.5,0.43024187403446246,0.0,,0.0,0.0
0.8499999999999996,1,1,2,0.0,1.0,0.8443051201671892,0.0,1.0,0.5,0.36352511651437236,0.0,,0.0,0.0
0.8499999999999996,1,2,2,0.0,1.0,0.845350052246604,0.0,1.0,0.5,0.4592856303521846,0.0,,0.0,0.0
0.8499999999999996,1,3,2,0.0,1.0,0.8451882845188284,0.0,1.0,0.5,0.4699146207825695,0.0,,0.0,0.0
0.8499999999999996,1,4,2,0.0,1.0,0.8451882845188284,0.0,1.0,0.5,0.4066312986931034,0.0,,0.0,0.0
0.8499999999999996,1,5,2,0.0,1.0,0.8451882845188284,0.0,1.0,0.5,0.4292388026026246,0.0,,0.0,0.0
0.8599999999999995,1,1,2,0.0,1.0,0.8443051201671892,0.0,1.0,0.5,0.36279547472612245,0.0,,0.0,0.0
0.8599999999999995,1,2,2,0.0,1.0,0.845350052246604,0.0,1.0,0.5,0.45884486695561577,0.0,,0.0,0.0
0.8599999999999995,1,3,2,0.0,1.0,0.8451882845188284,0.0,1.0,0.5,0.46892595895541245,0.0,,0.0,0.0
0.8599999999999995,1,4,2,0.0,1.0,0.8451882845188284,0.0,1.0,0.5,0.40596687775958124,0.0,,0.0,0.0
0.8599999999999995,1,5,2,0.0,1.0,0.8451882845188284,0.0,1.0,0.5,0.4288521489517106,0.0,,0.0,0.0
0.8699999999999996,1,1,2,0.0,1.0,0.8443051201671892,0.0,1.0,0.5,0.36236786051471126,0.0,,0.0,0.0
0.8699999999999996,1,2,2,0.0,1.0,0.845350052246604,0.0,1.0,0.5,0.45769624730890013,0.0,,0.0,0.0
0.8699999999999996,1,3,2,0.0,1.0,0.8451882845188284,0.0,1.0,0.5,0.46771243339494895,0.0,,0.0,0.0
0.8699999999999996,1,4,2,0.0,1.0,0.8451882845188284,0.0,1.0,0.5,0.4050529286187548,0.0,,0.0,0.0
0.8699999999999996,1,5,2,0.0,1.0,0.8451882845188284,0.0,1.0,0.5,0.42857637357730527,0.0,,0.0,0.0
0.8799999999999996,1,1,2,0.0,1.0,0.8443051201671892,0.0,1.0,0.5,0.36197359238179594,0.0,,0.0,0.0
0.8799999999999996,1,2,2,0.0,1.0,0.845350052246604,0.0,1.0,0.5,0.4568133890684781,0.0,,0.0,0.0
0.8799999999999996,1,3,2,0.0,1.0,0.8451882845188284,0.0,1.0,0.5,0.46736222348747575,0.0,,0.0,0.0
0.8799999999999996,1,4,2,0.0,1.0,0.8451882845188284,0.0,1.0,0.5,0.40456486704181416,0.0,,0.0,0.0
0.8799999999999996,1,5,2,0.0,1.0,0.8451882845188284,0.0,1.0,0.5,0.4273730679245848,0.0,,0.0,0.0
0.8899999999999996,1,1,2,0.0,1.0,0.8443051201671892,0.0,1.0,0.5,0.36156831083878477,0.0,,0.0,0.0
0.8899999999999996,1,2,2,0.0,1.0,0.845350052246604,0.0,1.0,0.5,0.45667888853512784,0.0,,0.0,0.0
0.8899999999999996,1,3,2,0.0,1.0,0.8451882845188284,0.0,1.0,0.5,0.4667861033380035,0.0,,0.0,0.0
0.8899999999999996,1,4,2,0.0,1.0,0.8451882845188284,0.0,1.0,0.5,0.40430563724865876,0.0,,0.0,0.0
0.8899999999999996,1,5,2,0.0,1.0,0.8451882845188284,0.0,1.0,0.5,0.4269378247832255,0.0,,0.0,0.0
0.8999999999999996,1,1,2,0.0,1.0,0.8443051201671892,0.0,1.0,0.5,0.3599705158282282,0.0,,0.0,0.0
0.8999999999999996,1,2,2,0.0,1.0,0.845350052246604,0.0,1.0,0.5,0.45657193931746204,0.0,,0.0,0.0
0.8999999999999996,1,3,2,0.0,1.0,0.8451882845188284,0.0,1.0,0.5,0.46628469540818895,0.0,,0.0,0.0
0.8999999999999996,1,4,2,0.0,1.0,0.8451882845188284,0.0,1.0,0.5,0.4038958337261818,0.0,,0.0,0.0
0.8999999999999996,1,5,2,0.0,1.0,0.8451882845188284,0.0,1.0,0.5,0.42598246790527255,0.0,,0.0,0.0
0.9099999999999996,1,1,2,0.0,1.0,0.8443051201671892,0.0,1.0,0.5,0.35919634315587956,0.0,,0.0,0.0
0.9099999999999996,1,2,2,0.0,1.0,0.845350052246604,0.0,1.0,0.5,0.4558391350925817,0.0,,0.0,0.0
0.9099999999999996,1,3,2,0.0,1.0,0.8451882845188284,0.0,1.0,0.5,0.464975182820989,0.0,,0.0,0.0
0.9099999999999996,1,4,2,0.0,1.0,0.8451882845188284,0.0,1.0,0.5,0.40364040058127804,0.0,,0.0,0.0
0.9099999999999996,1,5,2,0.0,1.0,0.8451882845188284,0.0,1.0,0.5,0.42589888742177573,0.0,,0.0,0.0
0.9199999999999996,1,1,2,0.0,1.0,0.8443051201671892,0.0,1.0,0.5,0.35737875345105513,0.0,,0.0,0.0
0.9199999999999996,1,2,2,0.0,1.0,0.845350052246604,0.0,1.0,0.5,0.45553337685344747,0.0,,0.0,0.0
0.9199999999999996,1,3,2,0.0,1.0,0.8451882845188284,0.0,1.0,0.5,0.46411140254461763,0.0,,0.0,0.0
0.9199999999999996,1,4,2,0.0,1.0,0.8451882845188284,0.0,1.0,0.5,0.40315259176292856,0.0,,0.0,0.0
0.9199999999999996,1,5,2,0.0,1.0,0.8451882845188284,0.0,1.0,0.5,0.42555534615924445,0.0,,0.0,0.0
0.9299999999999996,1,1,2,0.0,1.0,0.8443051201671892,0.0,1.0,0.5,0.3567247628068233,0.0,,0.0,0.0
0.9299999999999996,1,2,2,0.0,1.0,0.845350052246604,0.0,1.0,0.5,0.45488449219426724,0.0,,0.0,0.0
0.9299999999999996,1,3,2,0.0,1.0,0.8451882845188284,0.0,1.0,0.5,0.4623974364489968,0.0,,0.0,0.0
0.9299999999999996,1,4,2,0.0,1.0,0.8451882845188284,0.0,1.0,0.5,0.40271060129455527,0.0,,0.0,0.0
0.9299999999999996,1,5,2,0.0,1.0,0.8451882845188284,0.0,1.0,0.5,0.4252763786646353,0.0,,0.0,0.0
0.9399999999999996,1,1,2,0.0,1.0,0.8443051201671892,0.0,1.0,0.5,0.3564191126720658,0.0,,0.0,0.0
0.9399999999999996,1,2,2,0.0,1.0,0.845350052246604,0.0,1.0,0.5,0.4539336695572895,0.0,,0.0,0.0
0.9399999999999996,1,3,2,0.0,1.0,0.8451882845188284,0.0,1.0,0.5,0.4618555185046063,0.0,,0.0,0.0
0.9399999999999996,1,4,2,0.0,1.0,0.8451882845188284,0.0,1.0,0.5,0.4023928722310499,0.0,,0.0,0.0
0.9399999999999996,1,5,2,0.0,1.0,0.8451882845188284,0.0,1.0,0.5,0.4252172557752449,0.0,,0.0,0.0
0.9499999999999995,1,1,2,0.0,1.0,0.8443051201671892,0.0,1.0,0.5,0.3562318095381106,0.0,,0.0,0.0
0.9499999999999995,1,2,2,0.0,1.0,0.845350052246604,0.0,1.0,0.5,0.4536841989401453,0.0,,0.0,0.0
0.9499999999999995,1,3,2,0.0,1.0,0.8451882845188284,0.0,1.0,0.5,0.46139548758406923,0.0,,0.0,0.0
0.9499999999999995,1,4,2,0.0,1.0,0.8451882845188284,0.0,1.0,0.5,0.4021673794438302,0.0,,0.0,0.0
0.9499999999999995,1,5,2,0.0,1.0,0.8451882845188284,0.0,1.0,0.5,0.42462435283755073,0.0,,0.0,0.0
0.9599999999999995,1,1,2,0.0,1.0,0.8443051201671892,0.0,1.0,0.5,0.35576545284933603,0.0,,0.0,0.0
0.9599999999999995,1,2,2,0.0,1.0,0.845350052246604,0.0,1.0,0.5,0.45358270016457153,0.0,,0.0,0.0
0.9599999999999995,1,3,2,0.0,1.0,0.8451882845188284,0.0,1.0,0.5,0.46103384487315047,0.0,,0.0,0.0
0.9599999999999995,1,4,2,0.0,1.0,0.8451882845188284,0.0,1.0,0.5,0.4019116990235765,0.0,,0.0,0.0
0.9599999999999995,1,5,2,0.0,1.0,0.8451882845188284,0.0,1.0,0.5,0.42414077756189417,0.0,,0.0,0.0
0.9699999999999995,1,1,2,0.0,1.0,0.8443051201671892,0.0,1.0,0.5,0.3554227158682328,0.0,,0.0,0.0
0.9699999999999995,1,2,2,0.0,1.0,0.845350052246604,0.0,1.0,0.5,0.453169882514794,0.0,,0.0,0.0
0.9699999999999995,1,3,2,0.0,1.0,0.8451882845188284,0.0,1.0,0.5,0.4609778969410724,0.0,,0.0,0.0
0.9699999999999995,1,4,2,0.0,1.0,0.8451882845188284,0.0,1.0,0.5,0.4011625450145305,0.0,,0.0,0.0
0.9699999999999995,1,5,2,0.0,1.0,0.8451882845188284,0.0,1.0,0.5,0.42387654727364454,0.0,,0.0,0.0
0.9799999999999995,1,1,2,0.0,1.0,0.8443051201671892,0.0,1.0,0.5,0.3553217419613365,0.0,,0.0,0.0
0.9799999999999995,1,2,2,0.0,1.0,0.845350052246604,0.0,1.0,0.5,0.4525988039086972,0.0,,0.0,0.0
0.9799999999999995,1,3,2,0.0,1.0,0.8451882845188284,0.0,1.0,0.5,0.46067869092730035,0.0,,0.0,0.0
0.9799999999999995,1,4,2,0.0,1.0,0.8451882845188284,0.0,1.0,0.5,0.40092794957270234,0.0,,0.0,0.0
0.9799999999999995,1,5,2,0.0,1.0,0.8451882845188284,0.0,1.0,0.5,0.4236676952662435,0.0,,0.0,0.0
0.9899999999999995,1,1,2,0.0,1.0,0.8443051201671892,0.0,1.0,0.5,0.35511731728146245,0.0,,0.0,0.0
0.9899999999999995,1,2,2,0.0,1.0,0.845350052246604,0.0,1.0,0.5,0.4520655104043709,0.0,,0.0,0.0
0.9899999999999995,1,3,2,0.0,1.0,0.8451882845188284,0.0,1.0,0.5,0.4623782915693769,0.0,,0.0,0.0
0.9899999999999995,1,4,2,0.0,1.0,0.8451882845188284,0.0,1.0,0.5,0.400757588016695,0.0,,0.0,0.0
0.9899999999999995,1,5,2,0.0,1.0,0.8451882845188284,0.0,1.0,0.5,0.42327518956020754,0.0,,0.0,0.0
1.0,1,1,2,0.0,1.0,0.8443051201671892,0.0,1.0,0.5,0.35482743395879307,0.0,,0.0,0.0
1.0,1,2,2,0.0,1.0,0.845350052246604,0.0,1.0,0.5,0.45126243536020766,0.0,,0.0,0.0
1.0,1,3,2,0.0,1.0,0.8451882845188284,0.0,1.0,0.5,0.4622392374270218,0.0,,0.0,0.0
1.0,1,4,2,0.0,1.0,0.8451882845188284,0.0,1.0,0.5,0.40063985380395034,0.0,,0.0,0.0
1.0,1,5,2,0.0,1.0,0.8451882845188284,0.0,1.0,0.5,0.4232367516862741,0.0,,0.0,0.0
0.1,1,1,3,0.4899328859060403,0.926980198019802,0.8589341692789969,0.43725743855109983,1.0,0.7084565419629212,0.5759880080447027,0.6739125192438513,0.553030303030303,0.5195729537366548,0.43835947634374856
0.1,1,2,3,0.5337837837837838,0.9097651421508035,0.851619644723093,0.43870504072562677,1.0,0.7217744629672936,0.5229192432187661,0.6968628845991497,0.5197368421052632,0.5266666666666666,0.43875988731719984
0.1,1,3,3,0.5675675675675675,0.9170792079207921,0.8629707112970711,0.48066747391643305,1.0,0.7423233877441798,0.6127326603543851,0.7214599194039787,0.5562913907284768,0.5618729096989966,0.4807014717919608
0.1,1,4,3,0.5743243243243243,0.9257425742574258,0.8713389121338913,0.5042413612830331,1.0,0.7500334492908751,0.5672856378828858,0.7291614899723221,0.5862068965517241,0.5802047781569966,0.5042782275331413
0.1,1,5,3,0.44594594594594594,0.9282178217821783,0.8535564853556485,0.40070210631895675,1.0,0.6870818838640621,0.5380597915210911,0.6433777852696959,0.532258064516129,0.4852941176470588,0.4028336695592841
0.11,1,1,3,0.4899328859060403,0.926980198019802,0.8589341692789969,0.43725743855109983,1.0,0.7084565419629212,0.5765324777649985,0.6739125192438513,0.553030303030303,0.5195729537366548,0.43835947634374856
0.11,1,2,3,0.5135135135135135,0.9097651421508035,0.8484848484848485,0.42211348256116615,1.0,0.7116393278321584,0.523554209885238,0.6835032513587482,0.5100671140939598,0.5117845117845118,0.42211683494333346
0.11,1,3,3,0.5675675675675675,0.9170792079207921,0.8629707112970711,0.48066747391643305,1.0,0.7423233877441798,0.614317844602335,0.7214599194039787,0.5562913907284768,0.5618729096989966,0.4807014717919608
0.11,1,4,3,0.5743243243243243,0.9282178217821783,0.8734309623430963,0.509573151084505,1.0,0.7512710730532512,0.5678045667593958,0.7301356540539886,0.5944055944055944,0.584192439862543,0.5096778224964301
0.11,1,5,3,0.4391891891891892,0.9282178217821783,0.852510460251046,0.3946323674708535,1.0,0.6837035054856837,0.5389758276192301,0.6384851075314679,0.5284552845528455,0.4797047970479705,0.39692542735906705
0.12,1,1,3,0.4899328859060403,0.9306930693069307,0.8620689655172413,0.4449833922075181,1.0,0.7103129776064855,0.5781317892347194,0.6752607950549883,0.5658914728682171,0.5251798561151079,0.4465651820933606
0.12,1,2,3,0.5067567567567568,0.9134734239802225,0.8505747126436781,0.4237391622908779,1.0,0.7101150903684896,0.5251808826728293,0.6803740366296376,0.5172413793103449,0.5119453924914675,0.42377013112553424
0.12,1,3,3,0.5675675675675675,0.9170792079207921,0.8629707112970711,0.48066747391643305,1.0,0.7423233877441798,0.6158601121283493,0.7214599194039787,0.5562913907284768,0.5618729096989966,0.4807014717919608
0.12,1,4,3,0.5743243243243243,0.9282178217821783,0.8734309623430963,0.509573151084505,1.0,0.7512710730532512,0.569358072393227,0.7301356540539886,0.5944055944055944,0.584192439862543,0.5096778224964301
0.12,1,5,3,0.4391891891891892,0.9282178217821783,0.852510460251046,0.3946323674708535,1.0,0.6837035054856837,0.5410385756953302,0.6384851075314679,0.5284552845528455,0.4797047970479705,0.39692542735906705
0.13,1,1,3,0.48322147651006714,0.931930693069307,0.8620689655172413,0.441750704860221,1.0,0.707576084789687,0.5797851691243395,0.6710655150654076,0.5669291338582677,0.5217391304347826,0.4436752674897864
0.13,1,2,3,0.5067567567567568,0.9122373300370828,0.8495297805642633,0.42132005274164147,1.0,0.7094970433969199,0.5265723876322538,0.6799135465351719,0.5136986301369864,0.5102040816326531,0.4213336613917773
0.13,1,3,3,0.5608108108108109,0.9183168316831684,0.8629707112970711,0.477809096519172,1.0,0.7395638212469896,0.6176941547158946,0.7176364030325194,0.5570469798657718,0.5589225589225589,0.47781289268876875
0.13,1,4,3,0.5743243243243243,0.9294554455445545,0.8744769874476988,0.5122614877045,1.0,0.7518898849344394,0.5712439870196353,0.7306222490124018,0.5985915492957746,0.5862068965517241,0.5124138823065472
0.13,1,5,3,0.4391891891891892,0.9282178217821783,0.852510460251046,0.3946323674708535,1.0,0.6837035054856837,0.5433639976160054,0.6384851075314679,0.5284552845528455,0.4797047970479705,0.39692542735906705
0.13999999999999999,1,1,3,0.48322147651006714,0.9331683168316832,0.8631138975966562,0.44436171202914543,1.0,0.7081948966708751,0.5821193235961677,0.6715109618552926,0.5714285714285714,0.5236363636363637,0.4464914075413019
0.13999999999999999,1,2,3,0.5,0.9171817058096415,0.8526645768025078,0.42540144866439283,1.0,0.7085908529048208,0.5290498522933834,0.6771933644867031,0.524822695035461,0.5121107266435986,0.4255746379531862
0.13999999999999999,1,3,3,0.5675675675675675,0.9220297029702971,0.8671548117154811,0.4909520854646385,1.0,0.7447986352689323,0.6214460593910823,0.7234045588326758,0.5714285714285714,0.5694915254237288,0.4909560293495204
0.13999999999999999,1,4,3,0.5743243243243243,0.931930693069307,0.8765690376569037,0.5176836776576823,1.0,0.7531275086968157,0.5740978581990646,0.73159446800405,0.6071428571428571,0.5902777777777778,0.5179606668365825
0.13999999999999999,1,5,3,0.4391891891891892,0.9282178217821783,0.852510460251046,0.3946323674708535,1.0,0.6837035054856837,0.5456429579649409,0.6384851075314679,0.5284552845528455,0.4797047970479705,0.39692542735906705
0.14999999999999997,1,1,3,0.47651006711409394,0.9356435643564357,0.864158829676071,0.44372904091213955,1.0,0.7060768157352648,0.5845357069457491,0.6677151920140467,0.5772357723577236,0.5220588235294118,0.4465009264047494
0.14999999999999997,1,2,3,0.49324324324324326,0.9171817058096415,0.851619644723093,0.4196928805684614,1.0,0.7052124745264424,0.5316698901363891,0.6726021700953081,0.5214285714285715,0.5069444444444444,0.4199173560998716
0.14999999999999997,1,3,3,0.5608108108108109,0.9257425742574258,0.8692468619246861,0.4933606932691164,1.0,0.7432766925341183,0.6238513137001787,0.7205320559637817,0.5804195804195804,0.570446735395189,0.4934620344803696
0.14999999999999997,1,4,3,0.5540540540540541,0.9344059405940595,0.8755230125523012,0.5066352108522559,1.0,0.7442299973240567,0.5762148056612876,0.719521646316725,0.6074074074074074,0.5795053003533569,0.5073726766821246
0.14999999999999997,1,5,3,0.44594594594594594,0.9306930693069307,0.8556485355648535,0.40575114410291524,1.0,0.6883195076264383,0.548789644542454,0.6442350511866108,0.5409836065573771,0.4888888888888889,0.40831835504157704
0.15999999999999998,1,1,3,0.47651006711409394,0.9393564356435643,0.8672936259143156,0.45171942455779457,1.0,0.7079332513788292,0.5875019589817857,0.6690387120283631,0.5916666666666667,0.5278810408921933,0.4553018372229252
0.15999999999999998,1,2,3,0.49324324324324326,0.9184177997527813,0.8526645768025078,0.42214847011969253,1.0,0.7058305214980122,0.5341854963429494,0.6730552534542653,0.5251798561151079,0.5087108013937283,0.42243591723368545
0.15999999999999998,1,3,3,0.5608108108108109,0.9294554455445545,0.8723849372384938,0.5013339718155699,1.0,0.7451331281776827,0.6279198040088456,0.7219755273057149,0.5928571428571429,0.5763888888888888,0.5016022130045451
0.15999999999999998,1,4,3,0.5608108108108109,0.9344059405940595,0.8765690376569037,0.5121774026153738,1.0,0.7476083757024352,0.5802896338091856,0.7238956783756848,0.6102941176470589,0.5845070422535211,0.5128088181289677
0.15999999999999998,1,5,3,0.4391891891891892,0.9306930693069307,0.854602510460251,0.3996602634765165,1.0,0.6849411292480599,0.5520402924104689,0.639335854221323,0.5371900826446281,0.483271375464684,0.40240569273189136
0.16999999999999998,1,1,3,0.4697986577181208,0.9418316831683168,0.8683385579937304,0.4511415774524798,1.0,0.7058151704432187,0.5921035404541769,0.6651851325374566,0.5982905982905983,0.5263157894736842,0.4555894088270495
0.16999999999999998,1,2,3,0.4864864864864865,0.9208899876390606,0.8537095088819227,0.42133268835409343,1.0,0.7036882370627735,0.5351311107832483,0.6693284205284508,0.5294117647058824,0.5070422535211268,0.4218519206674308
0.16999999999999998,1,3,3,0.5540540540540541,0.931930693069307,0.8734309623430963,0.5011987512289358,1.0,0.7429923735616806,0.630515122630384,0.7185680055446763,0.5985401459854015,0.5754385964912281,0.5017148348360907
0.16999999999999998,1,4,3,0.5540540540540541,0.9356435643564357,0.8765690376569037,0.5093768484047179,1.0,0.7448488092052448,0.5847407173391989,0.7199979930397503,0.6119402985074627,0.5815602836879432,0.5102420209163827
0.16999999999999998,1,5,3,0.4391891891891892,0.9393564356435643,0.8619246861924686,0.4177402089254734,1.0,0.6892728124163768,0.5565330012625188,0.6423045938882453,0.5701754385964912,0.4961832061068702,0.4225190529867007
0.17999999999999997,1,1,3,0.46308724832214765,0.9467821782178217,0.8714733542319749,0.4560514969893855,1.0,0.7049347132699847,0.5968511632351838,0.6621500990495586,0.6160714285714286,0.5287356321839081,0.46228198869659143
0.17999999999999997,1,2,3,0.4864864864864865,0.927070457354759,0.8589341692789969,0.4339188614843995,1.0,0.7067784719206227,0.5387009751462473,0.6715707330757772,0.549618320610687,0.5161290322580645,0.43502554950645106
0.17999999999999997,1,3,3,0.5540540540540541,0.9368811881188119,0.8776150627615062,0.5121342708097073,1.0,0.745467621086433,0.6341665784278501,0.7204740248226903,0.6165413533834586,0.5836298932384342,0.5131389833160396
0.17999999999999997,1,4,3,0.5540540540540541,0.9368811881188119,0.8776150627615062,0.5121342708097073,1.0,0.745467621086433,0.5892796541200674,0.7204740248226903,0.6165413533834586,0.5836298932384342,0.5131389833160396
0.17999999999999997,1,5,3,0.43243243243243246,0.9418316831683168,0.8629707112970711,0.41682343956637546,1.0,0.6871320578003746,0.5599151451225676,0.6381838024381434,0.5765765765765766,0.4942084942084942,0.4225955146532363
0.18999999999999995,1,1,3,0.4563758389261745,0.9517326732673267,0.8746081504702194,0.4611132488057588,1.0,0.7040542560967507,0.6027933001944648,0.6590506787765467,0.6355140186915887,0.53125,0.46954056275534234
0.18999999999999995,1,2,3,0.46621621621621623,0.9295426452410384,0.857889237199582,0.4213460666364337,1.0,0.6978794307286273,0.540399983050038,0.6583068090760489,0.5476190476190477,0.5036496350364964,0.4232042125654362
0.18999999999999995,1,3,3,0.5472972972972973,0.9393564356435643,0.8786610878661087,0.5120903875259581,1.0,0.7433268664704309,0.635652894113488,0.7170127184552205,0.6230769230769231,0.5827338129496403,0.5135643837482008
0.18999999999999995,1,4,3,0.5405405405405406,0.9393564356435643,0.8776150627615062,0.5064511004818467,1.0,0.7399484880920525,0.5959050498197078,0.7125729685323516,0.6201550387596899,0.5776173285198556,0.5080856645496552
0.18999999999999995,1,5,3,0.42567567567567566,0.9455445544554455,0.8650627615062761,0.4185792143624947,1.0,0.6856101150655606,0.5638756282783937,0.6344251863689504,0.5887850467289719,0.49411764705882355,0.4259145138671001
0.19999999999999996,1,1,3,0.44966442953020136,0.9554455445544554,0.8766980146290491,0.4634579750083146,1.0,0.7025549870423284,0.6069228456707876,0.6554615745711199,0.6504854368932039,0.5317460317460317,0.47394091518638376
0.19999999999999996,1,2,3,0.46621621621621623,0.9332509270704573,0.8610240334378265,0.4290770120974796,1.0,0.6997335716433368,0.5407387335377755,0.6596186140483489,0.5609756097560976,0.5092250922509225,0.4315693576590459
0.19999999999999996,1,3,3,0.5472972972972973,0.943069306930693,0.8817991631799164,0.5205318941182738,1.0,0.7451833021139951,0.6389632032258619,0.7184283421797915,0.6377952755905512,0.5890909090909091,0.5226107006145302
0.19999999999999996,1,4,3,0.527027027027027,0.9443069306930693,0.8797071129707112,0.506260441554242,1.0,0.7356669788600481,0.6026954173095271,0.7054610366874878,0.6341463414634146,0.5756457564575646,0.5092021300907332
0.19999999999999996,1,5,3,0.4189189189189189,0.9492574257425742,0.8671548117154811,0.4203792464720147,1.0,0.6840881723307466,0.5683203226447516,0.6306043883195194,0.6019417475728155,0.4940239043824701,0.4295357263070205
0.20999999999999996,1,1,3,0.4429530201342282,0.9566831683168316,0.8766980146290491,0.4600768818849446,1.0,0.6998180942255299,0.612197592877356,0.650972886315185,0.6534653465346535,0.528,0.47159159212692014
0.20999999999999996,1,2,3,0.4594594594594595,0.9443757725587144,0.8693834900731452,0.44702282172061986,1.0,0.701917616009087,0.5439381039380137,0.6587126702792625,0.6017699115044248,0.5210727969348659,0.4524794700199874
0.20999999999999996,1,3,3,0.5405405405405406,0.9467821782178217,0.8838912133891214,0.5234339914132251,1.0,0.7436613593791812,0.6413969239578419,0.7153839181782128,0.6504065040650406,0.5904059040590406,0.5264754689725281
0.20999999999999996,1,4,3,0.5202702702702703,0.9504950495049505,0.8838912133891214,0.5148051282989192,1.0,0.7353826598876103,0.609752966475065,0.7032171188875413,0.6581196581196581,0.5811320754716981,0.5195975428470224
0.20999999999999996,1,5,3,0.39864864864864863,0.9504950495049505,0.8650627615062761,0.4037364380064593,1.0,0.6745718490767996,0.5742626273002828,0.6155595560401762,0.5959595959595959,0.4777327935222672,0.4145078288271388
0.21999999999999995,1,1,3,0.44966442953020136,0.9579207920792079,0.8787878787878788,0.4692281211750305,1.0,0.7037926108047046,0.6177200938422035,0.656310068874016,0.6633663366336634,0.536,0.4809718667650733
0.21999999999999995,1,2,3,0.44594594594594594,0.9530284301606922,0.8746081504702194,0.4541306207814431,1.0,0.6994871880533191,0.5458033614803948,0.6519195999518573,0.6346153846153846,0.5238095238095238,0.46350981779059797
0.21999999999999995,1,3,3,0.5405405405405406,0.9492574257425742,0.8859832635983264,0.5292299907837432,1.0,0.7448989831415573,0.6433692035935114,0.7163184501484051,0.6611570247933884,0.5947955390334573,0.5328654873099191
0.21999999999999995,1,4,3,0.5067567567567568,0.9554455445544554,0.8859832635983264,0.5147614878834726,1.0,0.7311011506556061,0.6172857544201197,0.6958293507866057,0.6756756756756757,0.5791505791505791,0.521889786529486
0.21999999999999995,1,5,3,0.3918918918918919,0.9603960396039604,0.8723849372384938,0.4194177850344472,1.0,0.6761439657479261,0.5789428976521286,0.6134911742852348,0.6444444444444445,0.48739495798319327,0.4363692135767295
0.22999999999999995,1,1,3,0.436241610738255,0.9616336633663366,0.8798328108672936,0.46538130838397507,1.0,0.6989376370522958,0.6219422565605215,0.6476917617563617,0.6770833333333334,0.5306122448979592,0.48018498199028203
0.22999999999999995,1,2,3,0.43243243243243246,0.9604449938195303,0.8787878787878788,0.4587209642501902,1.0,0.6964387131259814,0.5487619411674213,0.6444591258527821,0.6666666666666666,0.5245901639344263,0.4728517517867346
0.22999999999999995,1,3,3,0.5202702702702703,0.9566831683168316,0.8891213389121339,0.529562504642353,1.0,0.738476719293551,0.6443080751216799,0.7055025234137837,0.6875,0.5923076923076923,0.5364537525952787
0.22999999999999995,1,4,3,0.5067567567567568,0.9591584158415841,0.8891213389121339,0.5237253722364263,1.0,0.7329575862991704,0.620471619872292,0.6971800398948824,0.6944444444444444,0.5859375,0.5323945337007375
0.22999999999999995,1,5,3,0.3716216216216216,0.9653465346534653,0.8734309623430963,0.41062221044694,1.0,0.6684840781375434,0.5855246955218678,0.5989521221556309,0.6626506024096386,0.47619047619047616,0.43289167281525104
0.23999999999999994,1,1,3,0.3959731543624161,0.9641089108910891,0.8756530825496343,0.4322456813819578,1.0,0.6800410326267525,0.6273270414619384,0.6178683084561452,0.6704545454545454,0.4978902953586498,0.4518029696173045
0.23999999999999994,1,2,3,0.42567567567567566,0.9678615574783683,0.8840125391849529,0.4700970244182275,1.0,0.6967686165770219,0.5516855904072827,0.6418684619453711,0.7078651685393258,0.5316455696202531,0.4899323091960537
0.23999999999999994,1,3,3,0.5,0.9603960396039604,0.8891213389121339,0.520752147099996,1.0,0.7301980198019802,0.6400473448878171,0.6929632167741518,0.6981132075471698,0.5826771653543307,0.530402694548598
0.23999999999999994,1,4,3,0.46621621621621623,0.9665841584158416,0.8891213389121339,0.5053112551745682,1.0,0.7164001873160288,0.6274193281648657,0.6712951727751134,0.71875,0.5655737704918032,0.5208819689244301
0.23999999999999994,1,5,3,0.3783783783783784,0.9715346534653465,0.8797071129707112,0.4322102175305221,1.0,0.6749565159218625,0.5915573091688094,0.6063066111437493,0.7088607594936709,0.4933920704845815,0.4597093246821929
0.24999999999999992,1,1,3,0.3624161073825503,0.9764851485148515,0.8808777429467085,0.42790770844258,1.0,0.6694506279487009,0.6327686082495577,0.5948898607655235,0.7397260273972602,0.4864864864864865,0.4628970683313941
0.24999999999999992,1,2,3,0.39864864864864863,0.969097651421508,0.8808777429467085,0.44665246500304334,1.0,0.6838731500350783,0.5540277044216052,0.6215540758033554,0.7023809523809523,0.5086206896551724,0.4699013206087754
0.24999999999999992,1,3,3,0.46621621621621623,0.9653465346534653,0.8880753138075314,0.502248087665687,1.0,0.7157813754348408,0.6403343635317166,0.6708652686818531,0.711340206185567,0.563265306122449,0.5170089267538356
0.24999999999999992,1,4,3,0.4391891891891892,0.974009900990099,0.891213389121339,0.49848674387635705,1.0,0.7065995450896441,0.6294376080645436,0.6540448139677312,0.7558139534883721,0.5555555555555556,0.5223806034302347
0.24999999999999992,1,5,3,0.3581081081081081,0.9789603960396039,0.8828451882845189,0.4295213332765016,1.0,0.668534252073856,0.5980913713178235,0.5920926070628706,0.7571428571428571,0.48623853211009177,0.4680463155692969
0.2599999999999999,1,1,3,0.348993288590604,0.9826732673267327,0.8840125391849529,0.4291541053378256,1.0,0.6658332779586683,0.6398651975681867,0.585616235408847,0.7878787878787878,0.48372093023255813,0.474558411701563
0.2599999999999999,1,2,3,0.3783783783783784,0.9728059332509271,0.8808777429467085,0.4352930215224079,1.0,0.6755921558146527,0.5552615783954591,0.6067031658895071,0.717948717948718,0.49557522123893805,0.46408602011725636
0.2599999999999999,1,3,3,0.42567567567567566,0.9702970297029703,0.8859832635983264,0.4761196130874576,1.0,0.697986352689323,0.6342945416083746,0.6426755353402781,0.7241379310344828,0.5361702127659574,0.49800336162362097
0.2599999999999999,1,4,3,0.40540540540540543,0.9814356435643564,0.8922594142259415,0.4844283410476053,1.0,0.6934205244848809,0.6336975143884332,0.6307767552458817,0.8,0.5381165919282511,0.5204158371840703
0.2599999999999999,1,5,3,0.2972972972972973,0.9839108910891089,0.8776150627615062,0.3755052817294593,1.0,0.6406040941932031,0.6024968261952036,0.5408456791933975,0.7719298245614035,0.4292682926829268,0.4295831388517981
0.2699999999999999,1,1,3,0.31543624161073824,0.9888613861386139,0.8840125391849529,0.40819623726301807,1.0,0.652148813874676,0.6460424443219217,0.558500419979743,0.8392857142857143,0.4585365853658537,0.4700466613156261
0.2699999999999999,1,2,3,0.3310810810810811,0.9752781211372065,0.8756530825496343,0.39179684370744206,1.0,0.6531796011091437,0.5568241221620687,0.568239504699235,0.7101449275362319,0.45161290322580644,0.42825754214169265
0.2699999999999999,1,3,3,0.3918918918918919,0.974009900990099,0.8838912133891214,0.45195942735554767,1.0,0.6829508964409954,0.6248652268431565,0.6178240710917989,0.7341772151898734,0.5110132158590308,0.4807150657392705
0.2699999999999999,1,4,3,0.39864864864864863,0.9839108910891089,0.893305439330544,0.4840853297214935,1.0,0.6912797698688787,0.6397266750113397,0.6262864736870508,0.8194444444444444,0.5363636363636364,0.5243764675663385
0.2699999999999999,1,5,3,0.2635135135135135,0.9863861386138614,0.8744769874476988,0.34253358397139066,1.0,0.6249498260636874,0.6083384898631053,0.5098294588067329,0.78,0.3939393939393939,0.4060252932065911
0.2799999999999999,1,1,3,0.28187919463087246,0.9900990099009901,0.8798328108672936,0.3730595922366599,1.0,0.6359891022659313,0.6514983904733505,0.5282880951864383,0.84,0.4221105527638191,0.44314338557697575
0.2799999999999999,1,2,3,0.2635135135135135,0.9802224969097652,0.8693834900731452,0.3279154563994806,1.0,0.6218680052116393,0.5579959485468339,0.5082340742076247,0.7090909090909091,0.3842364532019704,0.37865195470977564
0.2799999999999999,1,3,3,0.34459459459459457,0.9826732673267327,0.8838912133891214,0.42449617111742644,1.0,0.6636339309606636,0.6154647723488972,0.581913993794101,0.7846153846153846,0.4788732394366197,0.470266851457717
0.2799999999999999,1,4,3,0.35135135135135137,0.9876237623762376,0.8891213389121339,0.4444541906056751,1.0,0.6694875568637945,0.6450774823784701,0.5890695574697414,0.8387096774193549,0.49523809523809526,0.49789727462127836
0.2799999999999999,1,5,3,0.22972972972972974,0.9888613861386139,0.8713389121338913,0.3077683848635413,1.0,0.6092955579341718,0.6160940465066999,0.47662444227902295,0.7906976744186046,0.35602094240837695,0.38150429233747796
0.2899999999999999,1,1,3,0.22818791946308725,0.9938118811881188,0.8746081504702194,0.317622731648187,1.0,0.610999900325603,0.6546339302427076,0.4762098964805474,0.8717948717948718,0.3617021276595745,0.407096862188538
0.2899999999999999,1,2,3,0.20270270270270271,0.9839307787391842,0.8631138975966562,0.2628029095784404,1.0,0.5933167407209434,0.5581825558527622,0.4465931348809648,0.6976744186046512,0.31413612565445026,0.32575219461749166
0.2899999999999999,1,3,3,0.27702702702702703,0.9888613861386139,0.8786610878661087,0.36444913117234407,1.0,0.6329442065828205,0.6080540464370772,0.52339404844133,0.82,0.41414141414141414,0.43200308602585896
0.2899999999999999,1,4,3,0.2905405405405405,0.9888613861386139,0.8807531380753139,0.3800964688751369,1.0,0.6397009633395772,0.6490308071590959,0.5360077626754869,0.8269230769230769,0.43,0.445635774478225
0.2899999999999999,1,5,3,0.17567567567567569,0.995049504950495,0.8682008368200836,0.2531620455334555,1.0,0.5853625903130854,0.6224192801976677,0.41809806757855844,0.8666666666666667,0.29213483146067415,0.3542158562883271
0.29999999999999993,1,1,3,0.15436241610738255,1.0,0.8683385579937304,0.23561331220285245,1.0,0.5771812080536913,0.6560829131415897,0.39288982693292346,1.0,0.26744186046511625,0.3654290139762265
0.29999999999999993,1,2,3,0.1554054054054054,0.9864029666254636,0.857889237199582,0.2069221863384314,1.0,0.5709041860154345,0.5547620850906352,0.3915256733874865,0.6764705882352942,0.25274725274725274,0.2769916522155687
0.29999999999999993,1,3,3,0.21621621621621623,0.9925742574257426,0.8723849372384938,0.29979347773882153,1.0,0.6043952368209794,0.5991392049513325,0.46326088789602626,0.8421052631578947,0.34408602150537637,0.3865752795924858
0.29999999999999993,1,4,3,0.21621621621621623,0.9913366336633663,0.8713389121338913,0.29684024206472603,1.0,0.6037764249397912,0.6493330822871548,0.4629719817950265,0.8205128205128205,0.3422459893048128,0.3795318852479933
0.29999999999999993,1,5,3,0.11486486486486487,0.9975247524752475,0.8608786610878661,0.1745137247773132,1.0,0.5561948086700562,0.626074268605028,0.33849748284503844,0.8947368421052632,0.20359281437125748,0.2912836679219464
0.30999999999999994,1,1,3,0.10067114093959731,1.0,0.8599791013584117,0.15897375359068175,1.0,0.5503355704697986,0.6568245863744722,0.3172871584851762,1.0,0.18292682926829268,0.29385475614008943
0.30999999999999994,1,2,3,0.10135135135135136,0.9901112484548825,0.8526645768025078,0.13964638897213089,1.0,0.545731299903117,0.5559461414157052,0.3167792812339152,0.6521739130434783,0.17543859649122806,0.21592916449953373
0.30999999999999994,1,3,3,0.13513513513513514,0.9938118811881188,0.8608786610878661,0.19520469909107052,1.0,0.564473508161627,0.5878142460857685,0.36646814713322534,0.8,0.23121387283236994,0.2922826194137575
0.30999999999999994,1,4,3,0.14189189189189189,0.995049504950495,0.8629707112970711,0.2073068840671445,1.0,0.5684706984211935,0.6516387292321967,0.3757518553294397,0.84,0.24277456647398843,0.3104033836264392
0.30999999999999994,1,5,3,0.07432432432432433,0.9987623762376238,0.8556485355648535,0.11699507389162572,1.0,0.536543350280974,0.6244313346589219,0.2724561226590769,0.9166666666666666,0.1375,0.23746427082411461
0.3199999999999999,1,1,3,0.04697986577181208,1.0,0.851619644723093,0.0768446938304149,1.0,0.5234899328859061,0.6551352905374342,0.21674839277792138,1.0,0.08974358974358974,0.19989400228917156
0.3199999999999999,1,2,3,0.06756756756756757,0.992583436341162,0.8495297805642633,0.0946311723123014,1.0,0.5300755019543648,0.5570840304781376,0.2589719065872394,0.625,0.12195121951219512,0.16962630250653066
0.3199999999999999,1,3,3,0.0945945945945946,0.995049504950495,0.8556485355648535,0.1397944812477178,1.0,0.5448220497725448,0.5774750445107663,0.30680010515373707,0.7777777777777778,0.1686746987951807,0.23857260655837442
0.3199999999999999,1,4,3,0.07432432432432433,0.9975247524752475,0.854602510460251,0.11450808966601801,1.0,0.5359245383997859,0.6531002910183996,0.27228726232512535,0.8461538461538461,0.13664596273291926,0.22440380044637798
0.3199999999999999,1,5,3,0.05405405405405406,0.9987623762376238,0.852510460251046,0.08568250264535891,1.0,0.5264082151458389,0.6274358989150728,0.23235136210554908,0.8888888888888888,0.10191082802547771,0.1978378296558156
0.32999999999999985,1,1,3,0.013422818791946308,1.0,0.8463949843260188,0.0224583249369402,1.0,0.5067114093959731,0.6501304275226527,0.11585688927269845,1.0,0.026490066225165563,0.10656776515213719
0.32999999999999985,1,2,3,0.0472972972972973,0.9975278121137207,0.8505747126436781,0.07273096859436932,1.0,0.522412554705509,0.5548070332708153,0.21721042675678617,0.7777777777777778,0.08917197452229299,0.1679194694474666
0.32999999999999985,1,3,3,0.05405405405405406,0.9987623762376238,0.852510460251046,0.08568250264535891,1.0,0.5264082151458389,0.5697388031317564,0.23235136210554908,0.8888888888888888,0.10191082802547771,0.1978378296558156
0.32999999999999985,1,4,3,0.04054054054054054,0.9987623762376238,0.850418410041841,0.06433597065184705,1.0,0.5196514583890821,0.6488340898911598,0.20122218218732246,0.8571428571428571,0.07741935483870968,0.16675512629217606
0.32999999999999985,1,5,3,0.02027027027027027,1.0,0.8483263598326359,0.033791507513870334,1.0,0.5101351351351351,0.6252152148110999,0.14237369936287486,1.0,0.039735099337748346,0.13109586688829064
0.33999999999999986,1,1,3,0.013422818791946308,1.0,0.8463949843260188,0.0224583249369402,1.0,0.5067114093959731,0.6456704428129291,0.11585688927269845,1.0,0.026490066225165563,0.10656776515213719
0.33999999999999986,1,2,3,0.02027027027027027,1.0,0.8484848484848485,0.03379775656424309,1.0,0.5101351351351351,0.5539440857250294,0.14237369936287486,1.0,0.039735099337748346,0.13110819642757368
0.33999999999999986,1,3,3,0.013513513513513514,1.0,0.8472803347280334,0.022631785334154945,1.0,0.5067567567567568,0.5600224429797773,0.11624763874381928,1.0,0.02666666666666667,0.1069832121027536
0.33999999999999986,1,4,3,0.02027027027027027,1.0,0.8483263598326359,0.033791507513870334,1.0,0.5101351351351351,0.6447043275050609,0.14237369936287486,1.0,0.039735099337748346,0.13109586688829064
0.33999999999999986,1,5,3,0.006756756756756757,1.0,0.8462343096234309,0.011368432900919812,1.0,0.5033783783783784,0.6244747750430494,0.08219949365267865,1.0,0.013422818791946308,0.07560893780416295
0.34999999999999987,1,1,3,0.0,1.0,0.8443051201671892,0.0,1.0,0.5,0.6376742602512403,0.0,,0.0,0.0
0.34999999999999987,1,2,3,0.006756756756756757,1.0,0.8463949843260188,0.011370584060099245,1.0,0.5033783783783784,0.55153254602949,0.08219949365267865,1.0,0.013422818791946308,0.07561613180629849
0.34999999999999987,1,3,3,0.0,1.0,0.8451882845188284,0.0,1.0,0.5,0.5532972075611641,0.0,,0.0,0.0
0.34999999999999987,1,4,3,0.013513513513513514,1.0,0.8472803347280334,0.022631785334154945,1.0,0.5067567567567568,0.637683941023592,0.11624763874381928,1.0,0.02666666666666667,0.1069832121027536
0.34999999999999987,1,5,3,0.006756756756756757,1.0,0.8462343096234309,0.011368432900919812,1.0,0.5033783783783784,0.6190825958739556,0.08219949365267865,1.0,0.013422818791946308,0.07560893780416295
0.3599999999999999,1,1,3,0.0,1.0,0.8443051201671892,0.0,1.0,0.5,0.6299075463799955,0.0,,0.0,0.0
0.3599999999999999,1,2,3,0.006756756756756757,1.0,0.8463949843260188,0.011370584060099245,1.0,0.5033783783783784,0.5487076115477725,0.08219949365267865,1.0,0.013422818791946308,0.07561613180629849
0.3599999999999999,1,3,3,0.0,1.0,0.8451882845188284,0.0,1.0,0.5,0.5420017169218554,0.0,,0.0,0.0
0.3599999999999999,1,4,3,0.0,1.0,0.8451882845188284,0.0,1.0,0.5,0.6268532911112527,0.0,,0.0,0.0
0.3599999999999999,1,5,3,0.0,1.0,0.8451882845188284,0.0,1.0,0.5,0.6159868348896878,0.0,,0.0,0.0
0.3699999999999999,1,1,3,0.0,1.0,0.8443051201671892,0.0,1.0,0.5,0.6207301553482306,0.0,,0.0,0.0
0.3699999999999999,1,2,3,0.0,1.0,0.845350052246604,0.0,1.0,0.5,0.5472449414362679,0.0,,0.0,0.0
0.3699999999999999,1,3,3,0.0,1.0,0.8451882845188284,0.0,1.0,0.5,0.5319272389457423,0.0,,0.0,0.0
0.3699999999999999,1,4,3,0.0,1.0,0.8451882845188284,0.0,1.0,0.5,0.6121651173444017,0.0,,0.0,0.0
0.3699999999999999,1,5,3,0.0,1.0,0.8451882845188284,0.0,1.0,0.5,0.6129864437934912,0.0,,0.0,0.0
0.3799999999999999,1,1,3,0.0,1.0,0.8443051201671892,0.0,1.0,0.5,0.6122118188513274,0.0,,0.0,0.0
0.3799999999999999,1,2,3,0.0,1.0,0.845350052246604,0.0,1.0,0.5,0.5403165019201516,0.0,,0.0,0.0
0.3799999999999999,1,3,3,0.0,1.0,0.8451882845188284,0.0,1.0,0.5,0.5171293678060634,0.0,,0.0,0.0
0.3799999999999999,1,4,3,0.0,1.0,0.8451882845188284,0.0,1.0,0.5,0.6000444483502411,0.0,,0.0,0.0
0.3799999999999999,1,5,3,0.0,1.0,0.8451882845188284,0.0,1.0,0.5,0.6069097673720341,0.0,,0.0,0.0
0.3899999999999999,1,1,3,0.0,1.0,0.8443051201671892,0.0,1.0,0.5,0.6010218453734288,0.0,,0.0,0.0
0.3899999999999999,1,2,3,0.0,1.0,0.845350052246604,0.0,1.0,0.5,0.5347116005340783,0.0,,0.0,0.0
0.3899999999999999,1,3,3,0.0,1.0,0.8451882845188284,0.0,1.0,0.5,0.5068321084433667,0.0,,0.0,0.0
0.3899999999999999,1,4,3,0.0,1.0,0.8451882845188284,0.0,1.0,0.5,0.5811079988112555,0.0,,0.0,0.0
0.3899999999999999,1,5,3,0.0,1.0,0.8451882845188284,0.0,1.0,0.5,0.6019390291884721,0.0,,0.0,0.0
0.3999999999999998,1,1,3,0.0,1.0,0.8443051201671892,0.0,1.0,0.5,0.5907879099439426,0.0,,0.0,0.0
0.3999999999999998,1,2,3,0.0,1.0,0.845350052246604,0.0,1.0,0.5,0.5297796566413606,0.0,,0.0,0.0
0.3999999999999998,1,3,3,0.0,1.0,0.8451882845188284,0.0,1.0,0.5,0.4918793086270599,0.0,,0.0,0.0
0.3999999999999998,1,4,3,0.0,1.0,0.8451882845188284,0.0,1.0,0.5,0.5724818788220127,0.0,,0.0,0.0
0.3999999999999998,1,5,3,0.0,1.0,0.8451882845188284,0.0,1.0,0.5,0.5952201112140914,0.0,,0.0,0.0
0.4099999999999998,1,1,3,0.0,1.0,0.8443051201671892,0.0,1.0,0.5,0.581140796331491,0.0,,0.0,0.0
0.4099999999999998,1,2,3,0.0,1.0,0.845350052246604,0.0,1.0,0.5,0.5231946525283993,0.0,,0.0,0.0
0.4099999999999998,1,3,3,0.0,1.0,0.8451882845188284,0.0,1.0,0.5,0.4799051633042201,0.0,,0.0,0.0
0.4099999999999998,1,4,3,0.0,1.0,0.8451882845188284,0.0,1.0,0.5,0.5612213992056052,0.0,,0.0,0.0
0.4099999999999998,1,5,3,0.0,1.0,0.8451882845188284,0.0,1.0,0.5,0.5871733576481311,0.0,,0.0,0.0
0.4199999999999998,1,1,3,0.0,1.0,0.8443051201671892,0.0,1.0,0.5,0.5721244768244684,0.0,,0.0,0.0
0.4199999999999998,1,2,3,0.0,1.0,0.845350052246604,0.0,1.0,0.5,0.516957293459132,0.0,,0.0,0.0
0.4199999999999998,1,3,3,0.0,1.0,0.8451882845188284,0.0,1.0,0.5,0.47092077142534083,0.0,,0.0,0.0
0.4199999999999998,1,4,3,0.0,1.0,0.8451882845188284,0.0,1.0,0.5,0.5477498532445347,0.0,,0.0,0.0
0.4199999999999998,1,5,3,0.0,1.0,0.8451882845188284,0.0,1.0,0.5,0.57683761724127,0.0,,0.0,0.0
0.4299999999999998,1,1,3,0.0,1.0,0.8443051201671892,0.0,1.0,0.5,0.5630857680686745,0.0,,0.0,0.0
0.4299999999999998,1,2,3,0.0,1.0,0.845350052246604,0.0,1.0,0.5,0.5103779198726678,0.0,,0.0,0.0
0.4299999999999998,1,3,3,0.0,1.0,0.8451882845188284,0.0,1.0,0.5,0.46011509919819515,0.0,,0.0,0.0
0.4299999999999998,1,4,3,0.0,1.0,0.8451882845188284,0.0,1.0,0.5,0.5377173345220752,0.0,,0.0,0.0
0.4299999999999998,1,5,3,0.0,1.0,0.8451882845188284,0.0,1.0,0.5,0.5685862559133075,0.0,,0.0,0.0
0.43999999999999984,1,1,3,0.0,1.0,0.8443051201671892,0.0,1.0,0.5,0.5555279551125961,0.0,,0.0,0.0
0.43999999999999984,1,2,3,0.0,1.0,0.845350052246604,0.0,1.0,0.5,0.5034495606619076,0.0,,0.0,0.0
0.43999999999999984,1,3,3,0.0,1.0,0.8451882845188284,0.0,1.0,0.5,0.44724814714674327,0.0,,0.0,0.0
0.43999999999999984,1,4,3,0.0,1.0,0.8451882845188284,0.0,1.0,0.5,0.5262208096728724,0.0,,0.0,0.0
0.43999999999999984,1,5,3,0.0,1.0,0.8451882845188284,0.0,1.0,0.5,0.5595600750828047,0.0,,0.0,0.0
0.44999999999999984,1,1,3,0.0,1.0,0.8443051201671892,0.0,1.0,0.5,0.5504715828141031,0.0,,0.0,0.0
0.44999999999999984,1,2,3,0.0,1.0,0.845350052246604,0.0,1.0,0.5,0.49863456888962526,0.0,,0.0,0.0
0.44999999999999984,1,3,3,0.0,1.0,0.8451882845188284,0.0,1.0,0.5,0.4394056538729404,0.0,,0.0,0.0
0.44999999999999984,1,4,3,0.0,1.0,0.8451882845188284,0.0,1.0,0.5,0.5167777302937895,0.0,,0.0,0.0
0.44999999999999984,1,5,3,0.0,1.0,0.8451882845188284,0.0,1.0,0.5,0.5486036312684601,0.0,,0.0,0.0
0.45999999999999985,1,1,3,0.0,1.0,0.8443051201671892,0.0,1.0,0.5,0.5438369094412903,0.0,,0.0,0.0
0.45999999999999985,1,2,3,0.0,1.0,0.845350052246604,0.0,1.0,0.5,0.4952939523648206,0.0,,0.0,0.0
0.45999999999999985,1,3,3,0.0,1.0,0.8451882845188284,0.0,1.0,0.5,0.43215488216997794,0.0,,0.0,0.0
0.45999999999999985,1,4,3,0.0,1.0,0.8451882845188284,0.0,1.0,0.5,0.5085943470520143,0.0,,0.0,0.0
0.45999999999999985,1,5,3,0.0,1.0,0.8451882845188284,0.0,1.0,0.5,0.5411555048798985,0.0,,0.0,0.0
0.46999999999999986,1,1,3,0.0,1.0,0.8443051201671892,0.0,1.0,0.5,0.5385673291310841,0.0,,0.0,0.0
0.46999999999999986,1,2,3,0.0,1.0,0.845350052246604,0.0,1.0,0.5,0.4911102234556493,0.0,,0.0,0.0
0.46999999999999986,1,3,3,0.0,1.0,0.8451882845188284,0.0,1.0,0.5,0.42580207874743325,0.0,,0.0,0.0
0.46999999999999986,1,4,3,0.0,1.0,0.8451882845188284,0.0,1.0,0.5,0.5002109138046447,0.0,,0.0,0.0
0.46999999999999986,1,5,3,0.0,1.0,0.8451882845188284,0.0,1.0,0.5,0.5349401255003906,0.0,,0.0,0.0
0.47999999999999976,1,1,3,0.0,1.0,0.8443051201671892,0.0,1.0,0.5,0.5328952434021998,0.0,,0.0,0.0
0.47999999999999976,1,2,3,0.0,1.0,0.845350052246604,0.0,1.0,0.5,0.48663277268006294,0.0,,0.0,0.0
0.47999999999999976,1,3,3,0.0,1.0,0.8451882845188284,0.0,1.0,0.5,0.4214820021685323,0.0,,0.0,0.0
0.47999999999999976,1,4,3,0.0,1.0,0.8451882845188284,0.0,1.0,0.5,0.4930129154699032,0.0,,0.0,0.0
0.47999999999999976,1,5,3,0.0,1.0,0.8451882845188284,0.0,1.0,0.5,0.5306995871198489,0.0,,0.0,0.0
0.48999999999999977,1,1,3,0.0,1.0,0.8443051201671892,0.0,1.0,0.5,0.527193406359646,0.0,,0.0,0.0
0.48999999999999977,1,2,3,0.0,1.0,0.845350052246604,0.0,1.0,0.5,0.4839947687650314,0.0,,0.0,0.0
0.48999999999999977,1,3,3,0.0,1.0,0.8451882845188284,0.0,1.0,0.5,0.41637893772661205,0.0,,0.0,0.0
0.48999999999999977,1,4,3,0.0,1.0,0.8451882845188284,0.0,1.0,0.5,0.4873785109719913,0.0,,0.0,0.0
0.48999999999999977,1,5,3,0.0,1.0,0.8451882845188284,0.0,1.0,0.5,0.5261810349099217,0.0,,0.0,0.0
0.4999999999999998,1,1,3,0.0,1.0,0.8443051201671892,0.0,1.0,0.5,0.5241708575373363,0.0,,0.0,0.0
0.4999999999999998,1,2,3,0.0,1.0,0.845350052246604,0.0,1.0,0.5,0.4809375938268107,0.0,,0.0,0.0
0.4999999999999998,1,3,3,0.0,1.0,0.8451882845188284,0.0,1.0,0.5,0.4120678960778164,0.0,,0.0,0.0
0.4999999999999998,1,4,3,0.0,1.0,0.8451882845188284,0.0,1.0,0.5,0.48268120492119215,0.0,,0.0,0.0
0.4999999999999998,1,5,3,0.0,1.0,0.8451882845188284,0.0,1.0,0.5,0.5199636483888187,0.0,,0.0,0.0
0.5099999999999998,1,1,3,0.0,1.0,0.8443051201671892,0.0,1.0,0.5,0.5205173758631906,0.0,,0.0,0.0
0.5099999999999998,1,2,3,0.0,1.0,0.845350052246604,0.0,1.0,0.5,0.47890048162652366,0.0,,0.0,0.0
0.5099999999999998,1,3,3,0.0,1.0,0.8451882845188284,0.0,1.0,0.5,0.4058022922781257,0.0,,0.0,0.0
0.5099999999999998,1,4,3,0.0,1.0,0.8451882845188284,0.0,1.0,0.5,0.4792197884691422,0.0,,0.0,0.0
0.5099999999999998,1,5,3,0.0,1.0,0.8451882845188284,0.0,1.0,0.5,0.5143404509392813,0.0,,0.0,0.0
0.5199999999999998,1,1,3,0.0,1.0,0.8443051201671892,0.0,1.0,0.5,0.5168564853831393,0.0,,0.0,0.0
0.5199999999999998,1,2,3,0.0,1.0,0.845350052246604,0.0,1.0,0.5,0.47582142920703335,0.0,,0.0,0.0
0.5199999999999998,1,3,3,0.0,1.0,0.8451882845188284,0.0,1.0,0.5,0.4023291305972245,0.0,,0.0,0.0
0.5199999999999998,1,4,3,0.0,1.0,0.8451882845188284,0.0,1.0,0.5,0.47424635122859116,0.0,,0.0,0.0
0.5199999999999998,1,5,3,0.0,1.0,0.8451882845188284,0.0,1.0,0.5,0.5101559439213024,0.0,,0.0,0.0
0.5299999999999998,1,1,3,0.0,1.0,0.8443051201671892,0.0,1.0,0.5,0.5146830033539243,0.0,,0.0,0.0
0.5299999999999998,1,2,3,0.0,1.0,0.845350052246604,0.0,1.0,0.5,0.47345685045146535,0.0,,0.0,0.0
0.5299999999999998,1,3,3,0.0,1.0,0.8451882845188284,0.0,1.0,0.5,0.3987048551050044,0.0,,0.0,0.0
0.5299999999999998,1,4,3,0.0,1.0,0.8451882845188284,0.0,1.0,0.5,0.47014409574769406,0.0,,0.0,0.0
0.5299999999999998,1,5,3,0.0,1.0,0.8451882845188284,0.0,1.0,0.5,0.5052476030987659,0.0,,0.0,0.0
0.5399999999999998,1,1,3,0.0,1.0,0.8443051201671892,0.0,1.0,0.5,0.5099371370476296,0.0,,0.0,0.0
0.5399999999999998,1,2,3,0.0,1.0,0.845350052246604,0.0,1.0,0.5,0.47116209545353804,0.0,,0.0,0.0
0.5399999999999998,1,3,3,0.0,1.0,0.8451882845188284,0.0,1.0,0.5,0.3954321596502858,0.0,,0.0,0.0
0.5399999999999998,1,4,3,0.0,1.0,0.8451882845188284,0.0,1.0,0.5,0.46681319362859075,0.0,,0.0,0.0
0.5399999999999998,1,5,3,0.0,1.0,0.8451882845188284,0.0,1.0,0.5,0.5017706280671107,0.0,,0.0,0.0
0.5499999999999998,1,1,3,0.0,1.0,0.8443051201671892,0.0,1.0,0.5,0.5073897584068211,0.0,,0.0,0.0
0.5499999999999998,1,2,3,0.0,1.0,0.845350052246604,0.0,1.0,0.5,0.46868461196648864,0.0,,0.0,0.0
0.5499999999999998,1,3,3,0.0,1.0,0.8451882845188284,0.0,1.0,0.5,0.39302847158964904,0.0,,0.0,0.0
0.5499999999999998,1,4,3,0.0,1.0,0.8451882845188284,0.0,1.0,0.5,0.4631931698982839,0.0,,0.0,0.0
0.5499999999999998,1,5,3,0.0,1.0,0.8451882845188284,0.0,1.0,0.5,0.49861346250750477,0.0,,0.0,0.0
0.5599999999999997,1,1,3,0.0,1.0,0.8443051201671892,0.0,1.0,0.5,0.5052330943686981,0.0,,0.0,0.0
0.5599999999999997,1,2,3,0.0,1.0,0.845350052246604,0.0,1.0,0.5,0.46516359704893995,0.0,,0.0,0.0
0.5599999999999997,1,3,3,0.0,1.0,0.8451882845188284,0.0,1.0,0.5,0.3904479185580323,0.0,,0.0,0.0
0.5599999999999997,1,4,3,0.0,1.0,0.8451882845188284,0.0,1.0,0.5,0.4607780276350016,0.0,,0.0,0.0
0.5599999999999997,1,5,3,0.0,1.0,0.8451882845188284,0.0,1.0,0.5,0.49544712065605306,0.0,,0.0,0.0
0.5699999999999997,1,1,3,0.0,1.0,0.8443051201671892,0.0,1.0,0.5,0.5029689356309877,0.0,,0.0,0.0
0.5699999999999997,1,2,3,0.0,1.0,0.845350052246604,0.0,1.0,0.5,0.4636268324955364,0.0,,0.0,0.0
0.5699999999999997,1,3,3,0.0,1.0,0.8451882845188284,0.0,1.0,0.5,0.38752957228459123,0.0,,0.0,0.0
0.5699999999999997,1,4,3,0.0,1.0,0.8451882845188284,0.0,1.0,0.5,0.4583550733059219,0.0,,0.0,0.0
0.5699999999999997,1,5,3,0.0,1.0,0.8451882845188284,0.0,1.0,0.5,0.4923009181931701,0.0,,0.0,0.0
0.5799999999999997,1,1,3,0.0,1.0,0.8443051201671892,0.0,1.0,0.5,0.4999726380880702,0.0,,0.0,0.0
0.5799999999999997,1,2,3,0.0,1.0,0.845350052246604,0.0,1.0,0.5,0.46106741887971364,0.0,,0.0,0.0
0.5799999999999997,1,3,3,0.0,1.0,0.8451882845188284,0.0,1.0,0.5,0.38212712756361766,0.0,,0.0,0.0
0.5799999999999997,1,4,3,0.0,1.0,0.8451882845188284,0.0,1.0,0.5,0.45545202299271564,0.0,,0.0,0.0
0.5799999999999997,1,5,3,0.0,1.0,0.8451882845188284,0.0,1.0,0.5,0.48958959713717354,0.0,,0.0,0.0
0.5899999999999997,1,1,3,0.0,1.0,0.8443051201671892,0.0,1.0,0.5,0.4979049365435556,0.0,,0.0,0.0
0.5899999999999997,1,2,3,0.0,1.0,0.845350052246604,0.0,1.0,0.5,0.45916356002135505,0.0,,0.0,0.0
0.5899999999999997,1,3,3,0.0,1.0,0.8451882845188284,0.0,1.0,0.5,0.3805327470504064,0.0,,0.0,0.0
0.5899999999999997,1,4,3,0.0,1.0,0.8451882845188284,0.0,1.0,0.5,0.4532925326088095,0.0,,0.0,0.0
0.5899999999999997,1,5,3,0.0,1.0,0.8451882845188284,0.0,1.0,0.5,0.4870056980332904,0.0,,0.0,0.0
0.5999999999999998,1,1,3,0.0,1.0,0.8443051201671892,0.0,1.0,0.5,0.4956195116244866,0.0,,0.0,0.0
0.5999999999999998,1,2,3,0.0,1.0,0.845350052246604,0.0,1.0,0.5,0.4566212087848348,0.0,,0.0,0.0
0.5999999999999998,1,3,3,0.0,1.0,0.8451882845188284,0.0,1.0,0.5,0.3787294353544285,0.0,,0.0,0.0
0.5999999999999998,1,4,3,0.0,1.0,0.8451882845188284,0.0,1.0,0.5,0.4512660312816214,0.0,,0.0,0.0
0.5999999999999998,1,5,3,0.0,1.0,0.8451882845188284,0.0,1.0,0.5,0.4846869428725473,0.0,,0.0,0.0
0.6099999999999998,1,1,3,0.0,1.0,0.8443051201671892,0.0,1.0,0.5,0.4936646205891038,0.0,,0.0,0.0
0.6099999999999998,1,2,3,0.0,1.0,0.845350052246604,0.0,1.0,0.5,0.45495464855152257,0.0,,0.0,0.0
0.6099999999999998,1,3,3,0.0,1.0,0.8451882845188284,0.0,1.0,0.5,0.37629461450404506,0.0,,0.0,0.0
0.6099999999999998,1,4,3,0.0,1.0,0.8451882845188284,0.0,1.0,0.5,0.45002554530962896,0.0,,0.0,0.0
0.6099999999999998,1,5,3,0.0,1.0,0.8451882845188284,0.0,1.0,0.5,0.48105080847912485,0.0,,0.0,0.0
0.6199999999999998,1,1,3,0.0,1.0,0.8443051201671892,0.0,1.0,0.5,0.491900089399567,0.0,,0.0,0.0
0.6199999999999998,1,2,3,0.0,1.0,0.845350052246604,0.0,1.0,0.5,0.45276392086253026,0.0,,0.0,0.0
0.6199999999999998,1,3,3,0.0,1.0,0.8451882845188284,0.0,1.0,0.5,0.37470858047568745,0.0,,0.0,0.0
0.6199999999999998,1,4,3,0.0,1.0,0.8451882845188284,0.0,1.0,0.5,0.4471880890956617,0.0,,0.0,0.0
0.6199999999999998,1,5,3,0.0,1.0,0.8451882845188284,0.0,1.0,0.5,0.4790074519240765,0.0,,0.0,0.0
0.6299999999999997,1,1,3,0.0,1.0,0.8443051201671892,0.0,1.0,0.5,0.490843317234521,0.0,,0.0,0.0
0.6299999999999997,1,2,3,0.0,1.0,0.845350052246604,0.0,1.0,0.5,0.4520616441195368,0.0,,0.0,0.0
0.6299999999999997,1,3,3,0.0,1.0,0.8451882845188284,0.0,1.0,0.5,0.37301426648355884,0.0,,0.0,0.0
0.6299999999999997,1,4,3,0.0,1.0,0.8451882845188284,0.0,1.0,0.5,0.4456043112512609,0.0,,0.0,0.0
0.6299999999999997,1,5,3,0.0,1.0,0.8451882845188284,0.0,1.0,0.5,0.4767136282478459,0.0,,0.0,0.0
0.6399999999999997,1,1,3,0.0,1.0,0.8443051201671892,0.0,1.0,0.5,0.4875740637692013,0.0,,0.0,0.0
0.6399999999999997,1,2,3,0.0,1.0,0.845350052246604,0.0,1.0,0.5,0.45098302770523274,0.0,,0.0,0.0
0.6399999999999997,1,3,3,0.0,1.0,0.8451882845188284,0.0,1.0,0.5,0.3720118470624271,0.0,,0.0,0.0
0.6399999999999997,1,4,3,0.0,1.0,0.8451882845188284,0.0,1.0,0.5,0.44384281213715815,0.0,,0.0,0.0
0.6399999999999997,1,5,3,0.0,1.0,0.8451882845188284,0.0,1.0,0.5,0.4754887673601243,0.0,,0.0,0.0
0.6499999999999997,1,1,3,0.0,1.0,0.8443051201671892,0.0,1.0,0.5,0.48597013716747994,0.0,,0.0,0.0
0.6499999999999997,1,2,3,0.0,1.0,0.845350052246604,0.0,1.0,0.5,0.45017443731229156,0.0,,0.0,0.0
0.6499999999999997,1,3,3,0.0,1.0,0.8451882845188284,0.0,1.0,0.5,0.37060168198028776,0.0,,0.0,0.0
0.6499999999999997,1,4,3,0.0,1.0,0.8451882845188284,0.0,1.0,0.5,0.4412207150461145,0.0,,0.0,0.0
0.6499999999999997,1,5,3,0.0,1.0,0.8451882845188284,0.0,1.0,0.5,0.472501748431064,0.0,,0.0,0.0
0.6599999999999997,1,1,3,0.0,1.0,0.8443051201671892,0.0,1.0,0.5,0.4839191804725635,0.0,,0.0,0.0
0.6599999999999997,1,2,3,0.0,1.0,0.845350052246604,0.0,1.0,0.5,0.4490415379702829,0.0,,0.0,0.0
0.6599999999999997,1,3,3,0.0,1.0,0.8451882845188284,0.0,1.0,0.5,0.36976172603401397,0.0,,0.0,0.0
0.6599999999999997,1,4,3,0.0,1.0,0.8451882845188284,0.0,1.0,0.5,0.43933714323506373,0.0,,0.0,0.0
0.6599999999999997,1,5,3,0.0,1.0,0.8451882845188284,0.0,1.0,0.5,0.4716858417134876,0.0,,0.0,0.0
0.6699999999999997,1,1,3,0.0,1.0,0.8443051201671892,0.0,1.0,0.5,0.4820832288968069,0.0,,0.0,0.0
0.6699999999999997,1,2,3,0.0,1.0,0.845350052246604,0.0,1.0,0.5,0.44770140878517356,0.0,,0.0,0.0
0.6699999999999997,1,3,3,0.0,1.0,0.8451882845188284,0.0,1.0,0.5,0.36921332118279815,0.0,,0.0,0.0
0.6699999999999997,1,4,3,0.0,1.0,0.8451882845188284,0.0,1.0,0.5,0.44232894451375826,0.0,,0.0,0.0
0.6699999999999997,1,5,3,0.0,1.0,0.8451882845188284,0.0,1.0,0.5,0.4704009947585853,0.0,,0.0,0.0
0.6799999999999997,1,1,3,0.0,1.0,0.8443051201671892,0.0,1.0,0.5,0.48059287412865404,0.0,,0.0,0.0
0.6799999999999997,1,2,3,0.0,1.0,0.845350052246604,0.0,1.0,0.5,0.4463546066015071,0.0,,0.0,0.0
0.6799999999999997,1,3,3,0.0,1.0,0.8451882845188284,0.0,1.0,0.5,0.36263412202927553,0.0,,0.0,0.0
0.6799999999999997,1,4,3,0.0,1.0,0.8451882845188284,0.0,1.0,0.5,0.4409285099842617,0.0,,0.0,0.0
0.6799999999999997,1,5,3,0.0,1.0,0.8451882845188284,0.0,1.0,0.5,0.46820574345616867,0.0,,0.0,0.0
0.6899999999999997,1,1,3,0.0,1.0,0.8443051201671892,0.0,1.0,0.5,0.4798285336874017,0.0,,0.0,0.0
0.6899999999999997,1,2,3,0.0,1.0,0.845350052246604,0.0,1.0,0.5,0.4450020321151158,0.0,,0.0,0.0
0.6899999999999997,1,3,3,0.0,1.0,0.8451882845188284,0.0,1.0,0.5,0.3626530210804975,0.0,,0.0,0.0
0.6899999999999997,1,4,3,0.0,1.0,0.8451882845188284,0.0,1.0,0.5,0.4409213954761027,0.0,,0.0,0.0
0.6899999999999997,1,5,3,0.0,1.0,0.8451882845188284,0.0,1.0,0.5,0.46723859142973145,0.0,,0.0,0.0
0.6999999999999996,1,1,3,0.0,1.0,0.8443051201671892,0.0,1.0,0.5,0.47948696702216065,0.0,,0.0,0.0
0.6999999999999996,1,2,3,0.0,1.0,0.845350052246604,0.0,1.0,0.5,0.44481019260010785,0.0,,0.0,0.0
0.6999999999999996,1,3,3,0.0,1.0,0.8451882845188284,0.0,1.0,0.5,0.36149052733645864,0.0,,0.0,0.0
0.6999999999999996,1,4,3,0.0,1.0,0.8451882845188284,0.0,1.0,0.5,0.4390865330731808,0.0,,0.0,0.0
0.6999999999999996,1,5,3,0.0,1.0,0.8451882845188284,0.0,1.0,0.5,0.46643293927607477,0.0,,0.0,0.0
0.7099999999999996,1,1,3,0.0,1.0,0.8443051201671892,0.0,1.0,0.5,0.47862087803542097,0.0,,0.0,0.0
0.7099999999999996,1,2,3,0.0,1.0,0.845350052246604,0.0,1.0,0.5,0.4441737967268644,0.0,,0.0,0.0
0.7099999999999996,1,3,3,0.0,1.0,0.8451882845188284,0.0,1.0,0.5,0.3608635976443884,0.0,,0.0,0.0
0.7099999999999996,1,4,3,0.0,1.0,0.8451882845188284,0.0,1.0,0.5,0.43787068575671123,0.0,,0.0,0.0
0.7099999999999996,1,5,3,0.0,1.0,0.8451882845188284,0.0,1.0,0.5,0.4647959789024493,0.0,,0.0,0.0
0.7199999999999996,1,1,3,0.0,1.0,0.8443051201671892,0.0,1.0,0.5,0.47713260949812475,0.0,,0.0,0.0
0.7199999999999996,1,2,3,0.0,1.0,0.845350052246604,0.0,1.0,0.5,0.44242280878707785,0.0,,0.0,0.0
0.7199999999999996,1,3,3,0.0,1.0,0.8451882845188284,0.0,1.0,0.5,0.36019740508540704,0.0,,0.0,0.0
0.7199999999999996,1,4,3,0.0,1.0,0.8451882845188284,0.0,1.0,0.5,0.43796883826247845,0.0,,0.0,0.0
0.7199999999999996,1,5,3,0.0,1.0,0.8451882845188284,0.0,1.0,0.5,0.4630014902586599,0.0,,0.0,0.0
0.7299999999999996,1,1,3,0.0,1.0,0.8443051201671892,0.0,1.0,0.5,0.47665139028845777,0.0,,0.0,0.0
0.7299999999999996,1,2,3,0.0,1.0,0.845350052246604,0.0,1.0,0.5,0.44171903917657696,0.0,,0.0,0.0
0.7299999999999996,1,3,3,0.0,1.0,0.8451882845188284,0.0,1.0,0.5,0.3592160413695411,0.0,,0.0,0.0
0.7299999999999996,1,4,3,0.0,1.0,0.8451882845188284,0.0,1.0,0.5,0.43681307809423964,0.0,,0.0,0.0
0.7299999999999996,1,5,3,0.0,1.0,0.8451882845188284,0.0,1.0,0.5,0.46212005189237054,0.0,,0.0,0.0
0.7399999999999997,1,1,3,0.0,1.0,0.8443051201671892,0.0,1.0,0.5,0.47552816168985873,0.0,,0.0,0.0
0.7399999999999997,1,2,3,0.0,1.0,0.845350052246604,0.0,1.0,0.5,0.440439388633337,0.0,,0.0,0.0
0.7399999999999997,1,3,3,0.0,1.0,0.8451882845188284,0.0,1.0,0.5,0.35848421511967055,0.0,,0.0,0.0
0.7399999999999997,1,4,3,0.0,1.0,0.8451882845188284,0.0,1.0,0.5,0.4362663266410497,0.0,,0.0,0.0
0.7399999999999997,1,5,3,0.0,1.0,0.8451882845188284,0.0,1.0,0.5,0.45871804513784886,0.0,,0.0,0.0
0.7499999999999997,1,1,3,0.0,1.0,0.8443051201671892,0.0,1.0,0.5,0.4747099120162102,0.0,,0.0,0.0
0.7499999999999997,1,2,3,0.0,1.0,0.845350052246604,0.0,1.0,0.5,0.43845352626208345,0.0,,0.0,0.0
0.7499999999999997,1,3,3,0.0,1.0,0.8451882845188284,0.0,1.0,0.5,0.3577524986951688,0.0,,0.0,0.0
0.7499999999999997,1,4,3,0.0,1.0,0.8451882845188284,0.0,1.0,0.5,0.4350503794046014,0.0,,0.0,0.0
0.7499999999999997,1,5,3,0.0,1.0,0.8451882845188284,0.0,1.0,0.5,0.4580111083306553,0.0,,0.0,0.0
0.7599999999999997,1,1,3,0.0,1.0,0.8443051201671892,0.0,1.0,0.5,0.4723943909214256,0.0,,0.0,0.0
0.7599999999999997,1,2,3,0.0,1.0,0.845350052246604,0.0,1.0,0.5,0.43787386636964,0.0,,0.0,0.0
0.7599999999999997,1,3,3,0.0,1.0,0.8451882845188284,0.0,1.0,0.5,0.35569615459687165,0.0,,0.0,0.0
0.7599999999999997,1,4,3,0.0,1.0,0.8451882845188284,0.0,1.0,0.5,0.434830295547985,0.0,,0.0,0.0
0.7599999999999997,1,5,3,0.0,1.0,0.8451882845188284,0.0,1.0,0.5,0.45669342311870886,0.0,,0.0,0.0
0.7699999999999997,1,1,3,0.0,1.0,0.8443051201671892,0.0,1.0,0.5,0.4719204768446589,0.0,,0.0,0.0
0.7699999999999997,1,2,3,0.0,1.0,0.845350052246604,0.0,1.0,0.5,0.4361274205194566,0.0,,0.0,0.0
0.7699999999999997,1,3,3,0.0,1.0,0.8451882845188284,0.0,1.0,0.5,0.3555426343246736,0.0,,0.0,0.0
0.7699999999999997,1,4,3,0.0,1.0,0.8451882845188284,0.0,1.0,0.5,0.43447222323867196,0.0,,0.0,0.0
0.7699999999999997,1,5,3,0.0,1.0,0.8451882845188284,0.0,1.0,0.5,0.45454410027532394,0.0,,0.0,0.0
0.7799999999999997,1,1,3,0.0,1.0,0.8443051201671892,0.0,1.0,0.5,0.4707628201515889,0.0,,0.0,0.0
0.7799999999999997,1,2,3,0.0,1.0,0.845350052246604,0.0,1.0,0.5,0.4339107355184459,0.0,,0.0,0.0
0.7799999999999997,1,3,3,0.0,1.0,0.8451882845188284,0.0,1.0,0.5,0.3553939236237645,0.0,,0.0,0.0
0.7799999999999997,1,4,3,0.0,1.0,0.8451882845188284,0.0,1.0,0.5,0.4336175728686805,0.0,,0.0,0.0
0.7799999999999997,1,5,3,0.0,1.0,0.8451882845188284,0.0,1.0,0.5,0.4542303662841445,0.0,,0.0,0.0
0.7899999999999996,1,1,3,0.0,1.0,0.8443051201671892,0.0,1.0,0.5,0.47006260055176524,0.0,,0.0,0.0
0.7899999999999996,1,2,3,0.0,1.0,0.845350052246604,0.0,1.0,0.5,0.4327569671056448,0.0,,0.0,0.0
0.7899999999999996,1,3,3,0.0,1.0,0.8451882845188284,0.0,1.0,0.5,0.35464686291019587,0.0,,0.0,0.0
0.7899999999999996,1,4,3,0.0,1.0,0.8451882845188284,0.0,1.0,0.5,0.4327508872701693,0.0,,0.0,0.0
0.7899999999999996,1,5,3,0.0,1.0,0.8451882845188284,0.0,1.0,0.5,0.4526187791050271,0.0,,0.0,0.0
0.7999999999999996,1,1,3,0.0,1.0,0.8443051201671892,0.0,1.0,0.5,0.46965547219387593,0.0,,0.0,0.0
0.7999999999999996,1,2,3,0.0,1.0,0.845350052246604,0.0,1.0,0.5,0.43238780133719923,0.0,,0.0,0.0
0.7999999999999996,1,3,3,0.0,1.0,0.8451882845188284,0.0,1.0,0.5,0.353886058569948,0.0,,0.0,0.0
0.7999999999999996,1,4,3,0.0,1.0,0.8451882845188284,0.0,1.0,0.5,0.43184043166448216,0.0,,0.0,0.0
0.7999999999999996,1,5,3,0.0,1.0,0.8451882845188284,0.0,1.0,0.5,0.45134528996526807,0.0,,0.0,0.0
0.8099999999999996,1,1,3,0.0,1.0,0.8443051201671892,0.0,1.0,0.5,0.4687900225488234,0.0,,0.0,0.0
0.8099999999999996,1,2,3,0.0,1.0,0.845350052246604,0.0,1.0,0.5,0.4317145746225115,0.0,,0.0,0.0
0.8099999999999996,1,3,3,0.0,1.0,0.8451882845188284,0.0,1.0,0.5,0.35307258327463736,0.0,,0.0,0.0
0.8099999999999996,1,4,3,0.0,1.0,0.8451882845188284,0.0,1.0,0.5,0.4310988123396087,0.0,,0.0,0.0
0.8099999999999996,1,5,3,0.0,1.0,0.8451882845188284,0.0,1.0,0.5,0.45034170746450725,0.0,,0.0,0.0
0.8199999999999996,1,1,3,0.0,1.0,0.8443051201671892,0.0,1.0,0.5,0.46825183949873506,0.0,,0.0,0.0
0.8199999999999996,1,2,3,0.0,1.0,0.845350052246604,0.0,1.0,0.5,0.43082547107344904,0.0,,0.0,0.0
0.8199999999999996,1,3,3,0.0,1.0,0.8451882845188284,0.0,1.0,0.5,0.3526715535845761,0.0,,0.0,0.0
0.8199999999999996,1,4,3,0.0,1.0,0.8451882845188284,0.0,1.0,0.5,0.43075583114230104,0.0,,0.0,0.0
0.8199999999999996,1,5,3,0.0,1.0,0.8451882845188284,0.0,1.0,0.5,0.44948438539759317,0.0,,0.0,0.0
0.8299999999999996,1,1,3,0.0,1.0,0.8443051201671892,0.0,1.0,0.5,0.46675333532068525,0.0,,0.0,0.0
0.8299999999999996,1,2,3,0.0,1.0,0.845350052246604,0.0,1.0,0.5,0.43068839790322816,0.0,,0.0,0.0
0.8299999999999996,1,3,3,0.0,1.0,0.8451882845188284,0.0,1.0,0.5,0.3522710022413364,0.0,,0.0,0.0
0.8299999999999996,1,4,3,0.0,1.0,0.8451882845188284,0.0,1.0,0.5,0.43039257770168776,0.0,,0.0,0.0
0.8299999999999996,1,5,3,0.0,1.0,0.8451882845188284,0.0,1.0,0.5,0.4487190023145036,0.0,,0.0,0.0
0.8399999999999996,1,1,3,0.0,1.0,0.8443051201671892,0.0,1.0,0.5,0.46621052315469286,0.0,,0.0,0.0
0.8399999999999996,1,2,3,0.0,1.0,0.845350052246604,0.0,1.0,0.5,0.43050445576760427,0.0,,0.0,0.0
0.8399999999999996,1,3,3,0.0,1.0,0.8451882845188284,0.0,1.0,0.5,0.35162487263478565,0.0,,0.0,0.0
0.8399999999999996,1,4,3,0.0,1.0,0.8451882845188284,0.0,1.0,0.5,0.4298485346971639,0.0,,0.0,0.0
0.8399999999999996,1,5,3,0.0,1.0,0.8451882845188284,0.0,1.0,0.5,0.44845176978115714,0.0,,0.0,0.0
0.8499999999999996,1,1,3,0.0,1.0,0.8443051201671892,0.0,1.0,0.5,0.46500391978549516,0.0,,0.0,0.0
0.8499999999999996,1,2,3,0.0,1.0,0.845350052246604,0.0,1.0,0.5,0.4300692232345563,0.0,,0.0,0.0
0.8499999999999996,1,3,3,0.0,1.0,0.8451882845188284,0.0,1.0,0.5,0.3507934265335265,0.0,,0.0,0.0
0.8499999999999996,1,4,3,0.0,1.0,0.8451882845188284,0.0,1.0,0.5,0.42913638167004003,0.0,,0.0,0.0
0.8499999999999996,1,5,3,0.0,1.0,0.8451882845188284,0.0,1.0,0.5,0.4473205809975681,0.0,,0.0,0.0
0.8599999999999995,1,1,3,0.0,1.0,0.8443051201671892,0.0,1.0,0.5,0.46430486936733795,0.0,,0.0,0.0
0.8599999999999995,1,2,3,0.0,1.0,0.845350052246604,0.0,1.0,0.5,0.42975435175952775,0.0,,0.0,0.0
0.8599999999999995,1,3,3,0.0,1.0,0.8451882845188284,0.0,1.0,0.5,0.35022525302548657,0.0,,0.0,0.0
0.8599999999999995,1,4,3,0.0,1.0,0.8451882845188284,0.0,1.0,0.5,0.4283902059428722,0.0,,0.0,0.0
0.8599999999999995,1,5,3,0.0,1.0,0.8451882845188284,0.0,1.0,0.5,0.44673727209349817,0.0,,0.0,0.0
0.8699999999999996,1,1,3,0.0,1.0,0.8443051201671892,0.0,1.0,0.5,0.4640126744864317,0.0,,0.0,0.0
0.8699999999999996,1,2,3,0.0,1.0,0.845350052246604,0.0,1.0,0.5,0.42937698179412714,0.0,,0.0,0.0
0.8699999999999996,1,3,3,0.0,1.0,0.8451882845188284,0.0,1.0,0.5,0.349791211739883,0.0,,0.0,0.0
0.8699999999999996,1,4,3,0.0,1.0,0.8451882845188284,0.0,1.0,0.5,0.4273414298127092,0.0,,0.0,0.0
0.8699999999999996,1,5,3,0.0,1.0,0.8451882845188284,0.0,1.0,0.5,0.4462555710800363,0.0,,0.0,0.0
0.8799999999999996,1,1,3,0.0,1.0,0.8443051201671892,0.0,1.0,0.5,0.46406723006638584,0.0,,0.0,0.0
0.8799999999999996,1,2,3,0.0,1.0,0.845350052246604,0.0,1.0,0.5,0.4292867739539925,0.0,,0.0,0.0
0.8799999999999996,1,3,3,0.0,1.0,0.8451882845188284,0.0,1.0,0.5,0.3486365900084206,0.0,,0.0,0.0
0.8799999999999996,1,4,3,0.0,1.0,0.8451882845188284,0.0,1.0,0.5,0.42685379314779187,0.0,,0.0,0.0
0.8799999999999996,1,5,3,0.0,1.0,0.8451882845188284,0.0,1.0,0.5,0.44563340610510854,0.0,,0.0,0.0
0.8899999999999996,1,1,3,0.0,1.0,0.8443051201671892,0.0,1.0,0.5,0.46332121277730903,0.0,,0.0,0.0
0.8899999999999996,1,2,3,0.0,1.0,0.845350052246604,0.0,1.0,0.5,0.4289937324888519,0.0,,0.0,0.0
0.8899999999999996,1,3,3,0.0,1.0,0.8451882845188284,0.0,1.0,0.5,0.3483288312499091,0.0,,0.0,0.0
0.8899999999999996,1,4,3,0.0,1.0,0.8451882845188284,0.0,1.0,0.5,0.42627765292346526,0.0,,0.0,0.0
0.8899999999999996,1,5,3,0.0,1.0,0.8451882845188284,0.0,1.0,0.5,0.4448662929161366,0.0,,0.0,0.0
0.8999999999999996,1,1,3,0.0,1.0,0.8443051201671892,0.0,1.0,0.5,0.4630714790352987,0.0,,0.0,0.0
0.8999999999999996,1,2,3,0.0,1.0,0.845350052246604,0.0,1.0,0.5,0.428744942763324,0.0,,0.0,0.0
0.8999999999999996,1,3,3,0.0,1.0,0.8451882845188284,0.0,1.0,0.5,0.34685765661318174,0.0,,0.0,0.0
0.8999999999999996,1,4,3,0.0,1.0,0.8451882845188284,0.0,1.0,0.5,0.42615886206456915,0.0,,0.0,0.0
0.8999999999999996,1,5,3,0.0,1.0,0.8451882845188284,0.0,1.0,0.5,0.4445273352305981,0.0,,0.0,0.0
0.9099999999999996,1,1,3,0.0,1.0,0.8443051201671892,0.0,1.0,0.5,0.4629876869798626,0.0,,0.0,0.0
0.9099999999999996,1,2,3,0.0,1.0,0.845350052246604,0.0,1.0,0.5,0.42867547461788647,0.0,,0.0,0.0
0.9099999999999996,1,3,3,0.0,1.0,0.8451882845188284,0.0,1.0,0.5,0.3463516662007584,0.0,,0.0,0.0
0.9099999999999996,1,4,3,0.0,1.0,0.8451882845188284,0.0,1.0,0.5,0.4264200304162808,0.0,,0.0,0.0
0.9099999999999996,1,5,3,0.0,1.0,0.8451882845188284,0.0,1.0,0.5,0.44433555034217825,0.0,,0.0,0.0
0.9199999999999996,1,1,3,0.0,1.0,0.8443051201671892,0.0,1.0,0.5,0.46233173224989504,0.0,,0.0,0.0
0.9199999999999996,1,2,3,0.0,1.0,0.845350052246604,0.0,1.0,0.5,0.42849212327949904,0.0,,0.0,0.0
0.9199999999999996,1,3,3,0.0,1.0,0.8451882845188284,0.0,1.0,0.5,0.3458236162222951,0.0,,0.0,0.0
0.9199999999999996,1,4,3,0.0,1.0,0.8451882845188284,0.0,1.0,0.5,0.4258587802896603,0.0,,0.0,0.0
0.9199999999999996,1,5,3,0.0,1.0,0.8451882845188284,0.0,1.0,0.5,0.44353539105802986,0.0,,0.0,0.0
0.9299999999999996,1,1,3,0.0,1.0,0.8443051201671892,0.0,1.0,0.5,0.46155272733725194,0.0,,0.0,0.0
0.9299999999999996,1,2,3,0.0,1.0,0.845350052246604,0.0,1.0,0.5,0.4283042544114701,0.0,,0.0,0.0
0.9299999999999996,1,3,3,0.0,1.0,0.8451882845188284,0.0,1.0,0.5,0.3453810638110241,0.0,,0.0,0.0
0.9299999999999996,1,4,3,0.0,1.0,0.8451882845188284,0.0,1.0,0.5,0.42568039821373704,0.0,,0.0,0.0
0.9299999999999996,1,5,3,0.0,1.0,0.8451882845188284,0.0,1.0,0.5,0.4428450598390993,0.0,,0.0,0.0
0.9399999999999996,1,1,3,0.0,1.0,0.8443051201671892,0.0,1.0,0.5,0.46132153007613025,0.0,,0.0,0.0
0.9399999999999996,1,2,3,0.0,1.0,0.845350052246604,0.0,1.0,0.5,0.42808068913187636,0.0,,0.0,0.0
0.9399999999999996,1,3,3,0.0,1.0,0.8451882845188284,0.0,1.0,0.5,0.345114508535545,0.0,,0.0,0.0
0.9399999999999996,1,4,3,0.0,1.0,0.8451882845188284,0.0,1.0,0.5,0.42515115783019186,0.0,,0.0,0.0
0.9399999999999996,1,5,3,0.0,1.0,0.8451882845188284,0.0,1.0,0.5,0.4422653008264463,0.0,,0.0,0.0
0.9499999999999995,1,1,3,0.0,1.0,0.8443051201671892,0.0,1.0,0.5,0.4606072956062808,0.0,,0.0,0.0
0.9499999999999995,1,2,3,0.0,1.0,0.845350052246604,0.0,1.0,0.5,0.42753362299942166,0.0,,0.0,0.0
0.9499999999999995,1,3,3,0.0,1.0,0.8451882845188284,0.0,1.0,0.5,0.34486657597380643,0.0,,0.0,0.0
0.9499999999999995,1,4,3,0.0,1.0,0.8451882845188284,0.0,1.0,0.5,0.42495755488322545,0.0,,0.0,0.0
0.9499999999999995,1,5,3,0.0,1.0,0.8451882845188284,0.0,1.0,0.5,0.4418026701884256,0.0,,0.0,0.0
0.9599999999999995,1,1,3,0.0,1.0,0.8443051201671892,0.0,1.0,0.5,0.45963133395813216,0.0,,0.0,0.0
0.9599999999999995,1,2,3,0.0,1.0,0.845350052246604,0.0,1.0,0.5,0.42763373764175083,0.0,,0.0,0.0
0.9599999999999995,1,3,3,0.0,1.0,0.8451882845188284,0.0,1.0,0.5,0.3446290755250057,0.0,,0.0,0.0
0.9599999999999995,1,4,3,0.0,1.0,0.8451882845188284,0.0,1.0,0.5,0.42469463609974334,0.0,,0.0,0.0
0.9599999999999995,1,5,3,0.0,1.0,0.8451882845188284,0.0,1.0,0.5,0.4407214560807366,0.0,,0.0,0.0
0.9699999999999995,1,1,3,0.0,1.0,0.8443051201671892,0.0,1.0,0.5,0.4592405163994649,0.0,,0.0,0.0
0.9699999999999995,1,2,3,0.0,1.0,0.845350052246604,0.0,1.0,0.5,0.42722735596131217,0.0,,0.0,0.0
0.9699999999999995,1,3,3,0.0,1.0,0.8451882845188284,0.0,1.0,0.5,0.34433410473330706,0.0,,0.0,0.0
0.9699999999999995,1,4,3,0.0,1.0,0.8451882845188284,0.0,1.0,0.5,0.42433766161701003,0.0,,0.0,0.0
0.9699999999999995,1,5,3,0.0,1.0,0.8451882845188284,0.0,1.0,0.5,0.4405868385108359,0.0,,0.0,0.0
0.9799999999999995,1,1,3,0.0,1.0,0.8443051201671892,0.0,1.0,0.5,0.45895343223047186,0.0,,0.0,0.0
0.9799999999999995,1,2,3,0.0,1.0,0.845350052246604,0.0,1.0,0.5,0.4267384852511714,0.0,,0.0,0.0
0.9799999999999995,1,3,3,0.0,1.0,0.8451882845188284,0.0,1.0,0.5,0.3437496159157312,0.0,,0.0,0.0
0.9799999999999995,1,4,3,0.0,1.0,0.8451882845188284,0.0,1.0,0.5,0.4240458630642674,0.0,,0.0,0.0
0.9799999999999995,1,5,3,0.0,1.0,0.8451882845188284,0.0,1.0,0.5,0.44073642225935056,0.0,,0.0,0.0
0.9899999999999995,1,1,3,0.0,1.0,0.8443051201671892,0.0,1.0,0.5,0.45883281405159193,0.0,,0.0,0.0
0.9899999999999995,1,2,3,0.0,1.0,0.845350052246604,0.0,1.0,0.5,0.4265479477258978,0.0,,0.0,0.0
0.9899999999999995,1,3,3,0.0,1.0,0.8451882845188284,0.0,1.0,0.5,0.34343906310286026,0.0,,0.0,0.0
0.9899999999999995,1,4,3,0.0,1.0,0.8451882845188284,0.0,1.0,0.5,0.4238034044243281,0.0,,0.0,0.0
0.9899999999999995,1,5,3,0.0,1.0,0.8451882845188284,0.0,1.0,0.5,0.44037779270944766,0.0,,0.0,0.0
1.0,1,1,3,0.0,1.0,0.8443051201671892,0.0,1.0,0.5,0.4587617405816277,0.0,,0.0,0.0
1.0,1,2,3,0.0,1.0,0.845350052246604,0.0,1.0,0.5,0.4264669450362886,0.0,,0.0,0.0
1.0,1,3,3,0.0,1.0,0.8451882845188284,0.0,1.0,0.5,0.34275465822855256,0.0,,0.0,0.0
1.0,1,4,3,0.0,1.0,0.8451882845188284,0.0,1.0,0.5,0.4228194021978429,0.0,,0.0,0.0
1.0,1,5,3,0.0,1.0,0.8451882845188284,0.0,1.0,0.5,0.440036469934397,0.0,,0.0,0.0
0.1,1,1,4,0.5167785234899329,0.8972772277227723,0.8380355276907001,0.40195457862461864,1.0,0.7070278756063526,0.47808594865037446,0.6809505128155162,0.48125,0.49838187702265374,0.4023170923961372
0.1,1,2,4,0.41216216216216217,0.934487021013597,0.8537095088819227,0.3825521913452232,1.0,0.6733245915878796,0.5231501517581124,0.6206127545365484,0.5350877192982456,0.46564885496183206,0.3869270450831646
0.1,1,3,4,0.5135135135135135,0.931930693069307,0.8671548117154811,0.467369750995841,1.0,0.7227221032914102,0.5290829602620417,0.6917795924635993,0.5801526717557252,0.5448028673835126,0.46856217923645266
0.1,1,4,4,0.5675675675675675,0.9418316831683168,0.8838912133891214,0.5344727744924281,1.0,0.7546996253679421,0.6302227398040634,0.7311313954918839,0.6412213740458015,0.6021505376344086,0.535836406667563
0.1,1,5,4,0.5067567567567568,0.9121287128712872,0.8493723849372385,0.42121018465574667,1.0,0.709442734814022,0.5586693535309176,0.6798730677702777,0.5136986301369864,0.5102040816326531,0.4212237949240056
0.11,1,1,4,0.5100671140939598,0.8972772277227723,0.8369905956112853,0.39649275995052036,1.0,0.703672170908366,0.481341987256995,0.6765143058995746,0.4779874213836478,0.4935064935064935,0.39678979579323326
0.11,1,2,4,0.39864864864864863,0.934487021013597,0.851619644723093,0.3698926127195505,1.0,0.6665678348311228,0.5239392234076093,0.6103539859022564,0.5267857142857143,0.45384615384615384,0.3747044828243002
0.11,1,3,4,0.5067567567567568,0.9331683168316832,0.8671548117154811,0.46426743385636354,1.0,0.71996253679422,0.5204033489142733,0.6876695061915902,0.5813953488372093,0.5415162454873647,0.4657658507114425
0.11,1,4,4,0.5675675675675675,0.9418316831683168,0.8838912133891214,0.5344727744924281,1.0,0.7546996253679421,0.6307465701168944,0.7311313954918839,0.6412213740458015,0.6021505376344086,0.535836406667563
0.11,1,5,4,0.5067567567567568,0.9121287128712872,0.8493723849372385,0.42121018465574667,1.0,0.709442734814022,0.5604843516684372,0.6798730677702777,0.5136986301369864,0.5102040816326531,0.4212237949240056
0.12,1,1,4,0.5033557046979866,0.8972772277227723,0.8359456635318704,0.3910017631680277,1.0,0.7003164662103795,0.48345939094758705,0.6720488161360393,0.47468354430379744,0.48859934853420195,0.39124024961413306
0.12,1,2,4,0.3918918918918919,0.9357231149567367,0.851619644723093,0.36600636354305677,1.0,0.6638075034243143,0.5268284218098785,0.6055594948536186,0.5272727272727272,0.4496124031007752,0.37139055751698324
0.12,1,3,4,0.5067567567567568,0.9331683168316832,0.8671548117154811,0.46426743385636354,1.0,0.71996253679422,0.5208150285118986,0.6876695061915902,0.5813953488372093,0.5415162454873647,0.4657658507114425
0.12,1,4,4,0.5675675675675675,0.943069306930693,0.8849372384937239,0.5373270916194433,1.0,0.7553184372491303,0.6319303329571279,0.7316116132090067,0.6461538461538462,0.60431654676259,0.538873728936699
0.12,1,5,4,0.5,0.9146039603960396,0.850418410041841,0.4204046330998696,1.0,0.7073019801980198,0.5616112421277021,0.6762410666308427,0.5174825174825175,0.5085910652920962,0.4204909884080972
0.13,1,1,4,0.4966442953020134,0.8972772277227723,0.8349007314524556,0.38548135383815063,1.0,0.6969607615123928,0.4864704225848952,0.6675534558766965,0.4713375796178344,0.48366013071895425,0.3856680884365465
0.13,1,2,4,0.38513513513513514,0.9357231149567367,0.8505747126436781,0.3595666518473451,1.0,0.6604291250459359,0.5284964596449317,0.6003164568191783,0.5229357798165137,0.44357976653696496,0.3651801427103464
0.13,1,3,4,0.5,0.9331683168316832,0.8661087866108786,0.45847199603483674,1.0,0.7165841584158416,0.5219007306552769,0.683069658538455,0.578125,0.5362318840579711,0.4601220737226567
0.13,1,4,4,0.5675675675675675,0.9455445544554455,0.8870292887029289,0.5430857466543935,1.0,0.7565560610115065,0.6339366682382992,0.732571104261584,0.65625,0.6086956521739131,0.5450403560544829
0.13,1,5,4,0.5,0.9146039603960396,0.850418410041841,0.4204046330998696,1.0,0.7073019801980198,0.5628752435605389,0.6762410666308427,0.5174825174825175,0.5085910652920962,0.4204909884080972
0.13999999999999999,1,1,4,0.4899328859060403,0.8997524752475248,0.8359456635318704,0.3844247149488483,1.0,0.6948426805767826,0.48950589713242704,0.6639415085676771,0.474025974025974,0.48184818481848185,0.38449860901498206
0.13999999999999999,1,2,4,0.3716216216216216,0.9369592088998764,0.8495297805642633,0.34904724565663064,1.0,0.6542904152607489,0.5303548889657144,0.5900799103551008,0.5188679245283019,0.4330708661417323,0.35551370666152005
0.13999999999999999,1,3,4,0.5,0.9331683168316832,0.8661087866108786,0.45847199603483674,1.0,0.7165841584158416,0.5231393953669516,0.683069658538455,0.578125,0.5362318840579711,0.4601220737226567
0.13999999999999999,1,4,4,0.5675675675675675,0.9467821782178217,0.8880753138075314,0.5459903776164183,1.0,0.7571748728926946,0.6352150781875838,0.7330503788331415,0.6614173228346457,0.610909090909091,0.5481708556173008
0.13999999999999999,1,5,4,0.49324324324324326,0.9158415841584159,0.850418410041841,0.4171427596909802,1.0,0.7045424137008296,0.5642717294297365,0.6721106108873202,0.5177304964539007,0.5051903114186851,0.4173126499041176
0.14999999999999997,1,1,4,0.48322147651006714,0.9034653465346535,0.8380355276907001,0.38563139126004886,1.0,0.6933434115223603,0.49219322955579625,0.6607373598701338,0.48,0.4816053511705686,0.3856344205590318
0.14999999999999997,1,2,4,0.3716216216216216,0.9394313967861557,0.851619644723093,0.35405456792470785,1.0,0.6555265092038887,0.5334555104591391,0.5908578670678222,0.5288461538461539,0.4365079365079365,0.3613668859948763
0.14999999999999997,1,3,4,0.5,0.9344059405940595,0.8671548117154811,0.4611287659559358,1.0,0.7172029702970297,0.5257950826761002,0.6835224724155232,0.5826771653543307,0.5381818181818182,0.4629703389413986
0.14999999999999997,1,4,4,0.5540540540540541,0.9467821782178217,0.8859832635983264,0.5347786488561888,1.0,0.7504181161359379,0.6383636717880649,0.7242710156755633,0.656,0.6007326007326007,0.537374135472774
0.14999999999999997,1,5,4,0.49324324324324326,0.9183168316831684,0.852510460251046,0.42204195036616526,1.0,0.7057800374632058,0.567032585351382,0.6730182556099541,0.5251798561151079,0.5087108013937283,0.42232943101521153
0.15999999999999998,1,1,4,0.47651006711409394,0.905940594059406,0.8390804597701149,0.38455563629074685,1.0,0.69122533058675,0.4968473046962365,0.657031059598121,0.48299319727891155,0.4797297297297297,0.3845679204699017
0.15999999999999998,1,2,4,0.3716216216216216,0.9419035846724351,0.8537095088819227,0.3591252188387909,1.0,0.6567626031470284,0.536697309033956,0.5916348008249588,0.5392156862745098,0.44,0.36736217488870404
0.15999999999999998,1,3,4,0.5,0.9356435643564357,0.8682008368200836,0.46380114668281025,1.0,0.7178217821782178,0.5274741651088515,0.6839749865150171,0.5873015873015873,0.5401459854014599,0.46584723492490115
0.15999999999999998,1,4,4,0.5472972972972973,0.948019801980198,0.8859832635983264,0.5320207663427164,1.0,0.7476585496387476,0.6421204693754665,0.7203115127554753,0.6585365853658537,0.5977859778597786,0.5351121384134254
0.15999999999999998,1,5,4,0.49324324324324326,0.9207920792079208,0.854602510460251,0.42699691256877736,1.0,0.7070176612255821,0.5684459284604466,0.673924677913789,0.5328467153284672,0.512280701754386,0.4274365906532542
0.16999999999999998,1,1,4,0.4697986577181208,0.9084158415841584,0.8401253918495298,0.38346197087022993,1.0,0.6891072496511397,0.5022077409421345,0.6532783044201871,0.4861111111111111,0.4778156996587031,0.3835398285475146
0.16999999999999998,1,2,4,0.3716216216216216,0.9431396786155748,0.8547544409613375,0.36168466916510283,1.0,0.6573806501185981,0.5400139156286833,0.5920228853539489,0.5445544554455446,0.44176706827309237,0.3704152684584476
0.16999999999999998,1,3,4,0.49324324324324326,0.9368811881188119,0.8682008368200836,0.4606318956870609,1.0,0.7150622156810276,0.5282708746341341,0.6797869635123241,0.5887096774193549,0.5367647058823529,0.4630822596873623
0.16999999999999998,1,4,4,0.527027027027027,0.9492574257425742,0.8838912133891214,0.5177159270638282,1.0,0.7381422263848005,0.6449427465614364,0.7073077964878075,0.6554621848739496,0.5842696629213483,0.5218752892935512
0.16999999999999998,1,5,4,0.49324324324324326,0.9257425742574258,0.858786610878661,0.4370780047804314,1.0,0.7094929087503345,0.5707916919737798,0.6757338749353045,0.5488721804511278,0.5195729537366548,0.437935470805799
0.17999999999999997,1,1,4,0.46308724832214765,0.9121287128712872,0.8422152560083594,0.38469170076601095,1.0,0.6876079805967175,0.5094695317885073,0.6499193609665638,0.4928571428571429,0.47750865051903113,0.384950663845324
0.17999999999999997,1,2,4,0.3716216216216216,0.9468479604449939,0.857889237199582,0.3694613737440287,1.0,0.6592347910333077,0.5431023373859158,0.5931856155451628,0.5612244897959183,0.44715447154471544,0.3798074302678226
0.17999999999999997,1,3,4,0.4797297297297297,0.9393564356435643,0.8682008368200836,0.45417965634742247,1.0,0.7095430826866471,0.5307877549851764,0.6712951727751134,0.5916666666666667,0.5298507462686567,0.45755794492609575
0.17999999999999997,1,4,4,0.527027027027027,0.9504950495049505,0.8849372384937239,0.5206228802742424,1.0,0.7387610382659887,0.6499157421849243,0.7077687335171714,0.6610169491525424,0.5864661654135338,0.5251301812270643
0.17999999999999997,1,5,4,0.4864864864864865,0.9306930693069307,0.8619246861924686,0.44154924591092554,1.0,0.7085897778967085,0.5727978757724057,0.6728815655703854,0.5625,0.5217391304347826,0.44313841725629144
0.18999999999999995,1,1,4,0.4429530201342282,0.9207920792079208,0.8463949843260188,0.38369775215431307,1.0,0.6818725496710745,0.5175947158355779,0.6386451537440991,0.5076923076923077,0.4731182795698925,0.3849209372049278
0.18999999999999995,1,2,4,0.3581081081081081,0.9505562422744128,0.8589341692789969,0.3639129728372453,1.0,0.6543321751912605,0.5470545020338713,0.5834397120279373,0.5698924731182796,0.43983402489626555,0.37678468848546137
0.18999999999999995,1,3,4,0.47297297297297297,0.9405940594059405,0.8682008368200836,0.4508952992232229,1.0,0.7067835161894568,0.5309509845030584,0.6669899314367084,0.5932203389830508,0.5263157894736842,0.4547989325225149
0.18999999999999995,1,4,4,0.5135135135135135,0.9517326732673267,0.8838912133891214,0.5118589802565,1.0,0.7326230933904201,0.6537475469504859,0.6990905441894588,0.6608695652173913,0.5779467680608364,0.5173356920286822
0.18999999999999995,1,5,4,0.4797297297297297,0.9356435643564357,0.8650627615062761,0.4461530170478021,1.0,0.7076866470430827,0.5744660325019957,0.6699671889369463,0.5772357723577236,0.5239852398523985,0.4487454440044515
0.19999999999999996,1,1,4,0.436241610738255,0.9257425742574258,0.8495297805642633,0.38743287934283976,1.0,0.6809920924978404,0.5247401386710892,0.6354899147296029,0.52,0.4744525547445255,0.3894679652832103
0.19999999999999996,1,2,4,0.36486486486486486,0.9555006180469716,0.864158829676071,0.3814325348289132,1.0,0.6601827414559183,0.5520985293648226,0.5904477994556362,0.6,0.453781512605042,0.3968441959021841
0.19999999999999996,1,3,4,0.4594594594594595,0.9455445544554455,0.8702928870292888,0.44967689222313034,1.0,0.7025020069574525,0.532808568928676,0.6591201634640944,0.6071428571428571,0.5230769230769231,0.45552858099611715
0.19999999999999996,1,4,4,0.5067567567567568,0.9529702970297029,0.8838912133891214,0.5088768350704408,1.0,0.7298635268932299,0.6587925312159901,0.6949274329081386,0.6637168141592921,0.5747126436781609,0.5150905599800613
0.19999999999999996,1,5,4,0.46621621621621623,0.9393564356435643,0.8661087866108786,0.44217935159184557,1.0,0.7027863259298903,0.5781281627468173,0.6617727730150993,0.5847457627118644,0.518796992481203,0.44600752643444624
0.20999999999999996,1,1,4,0.4429530201342282,0.9344059405940595,0.857889237199582,0.4111142280579509,1.0,0.6886794803641438,0.5318089019827236,0.6433489981475862,0.5546218487394958,0.4925373134328358,0.41462739367121887
0.20999999999999996,1,2,4,0.33783783783783783,0.9629171817058096,0.8662486938349008,0.37025231857533586,1.0,0.6503775097718237,0.5600682402803028,0.5703594118487002,0.625,0.43859649122807015,0.39289202426058
0.20999999999999996,1,3,4,0.4594594594594595,0.9467821782178217,0.8713389121338913,0.4524372753180473,1.0,0.7031208188386406,0.5321087228714954,0.659551383767641,0.6126126126126126,0.525096525096525,0.45870252260823624
0.20999999999999996,1,4,4,0.5,0.9542079207920792,0.8838912133891214,0.5058580289455548,1.0,0.7271039603960396,0.6646027553596368,0.6907271244102403,0.6666666666666666,0.5714285714285714,0.5128630345407361
0.20999999999999996,1,5,4,0.44594594594594594,0.9393564356435643,0.8629707112970711,0.4239056433657793,1.0,0.6926511907947552,0.5801466530540496,0.6472265401491825,0.5739130434782609,0.5019011406844106,0.42844128524540875
0.21999999999999995,1,1,4,0.42953020134228187,0.943069306930693,0.8631138975966562,0.4171226921699996,1.0,0.6862997541364875,0.5391403311758504,0.6364564001451056,0.5818181818181818,0.4942084942084942,0.42354839880691303
0.21999999999999995,1,2,4,0.3310810810810811,0.9678615574783683,0.8693834900731452,0.37438222696392975,1.0,0.6494713192797247,0.566914034863228,0.5660747749076592,0.6533333333333333,0.43946188340807174,0.40218702684789875
0.21999999999999995,1,3,4,0.44594594594594594,0.9517326732673267,0.8734309623430963,0.4512211321327591,1.0,0.6988393096066363,0.538485940632041,0.6514762676167581,0.6285714285714286,0.5217391304347826,0.46005457164268404
0.21999999999999995,1,4,4,0.4797297297297297,0.9641089108910891,0.8891213389121339,0.5116054904380011,1.0,0.7219193203104094,0.6713251351361165,0.6800821327250159,0.71,0.5725806451612904,0.5245957465594829
0.21999999999999995,1,5,4,0.44594594594594594,0.9443069306930693,0.8671548117154811,0.4346303574422112,1.0,0.6951264383195076,0.5839131741601472,0.648929770831354,0.5945945945945946,0.5096525096525096,0.44064901863073624
0.22999999999999995,1,1,4,0.3959731543624161,0.9529702970297029,0.8662486938349008,0.4068449902186756,1.0,0.6744717256960595,0.5420545357446805,0.6142887387284094,0.6082474226804123,0.4796747967479675,0.4191975871043149
0.22999999999999995,1,2,4,0.31756756756756754,0.9715698393077874,0.8704284221525601,0.36847146977744194,1.0,0.6445687034376775,0.5757690679246993,0.5554629335887198,0.6714285714285714,0.43119266055045874,0.4015120376643782
0.22999999999999995,1,3,4,0.4391891891891892,0.9542079207920792,0.8744769874476988,0.4505957626144593,1.0,0.6966985549906342,0.5405127162035251,0.647362188462205,0.6372549019607843,0.52,0.4609339338813118
0.22999999999999995,1,4,4,0.4527027027027027,0.9727722772277227,0.8922594142259415,0.5082206284835289,1.0,0.7127374899652127,0.6792240872638523,0.6636087996819006,0.7528089887640449,0.5654008438818565,0.5296707767521889
0.22999999999999995,1,5,4,0.42567567567567566,0.9542079207920792,0.8723849372384938,0.43788556446637894,1.0,0.6899417982338774,0.5840941960816245,0.6373249574732265,0.63,0.5080645161290323,0.4490039862594052
0.23999999999999994,1,1,4,0.3825503355704698,0.9579207920792079,0.8683385579937304,0.4047155932504614,1.0,0.6702355638248388,0.5518810922349857,0.6053535499688023,0.6263736263736264,0.475,0.4208229936805458
0.23999999999999994,1,2,4,0.31756756756756754,0.9765142150803461,0.8746081504702194,0.380121125757036,1.0,0.6470408913239568,0.5828383885826147,0.5568745316300773,0.7121212121212122,0.4392523364485981,0.4196260307220624
0.23999999999999994,1,3,4,0.4189189189189189,0.9566831683168316,0.8734309623430963,0.4371216692294219,1.0,0.6878010436178753,0.5415138013822655,0.6330660934051145,0.6391752577319587,0.5061224489795918,0.44996847299014253
0.23999999999999994,1,4,4,0.4189189189189189,0.9752475247524752,0.8891213389121339,0.48194347879432325,1.0,0.697083221835697,0.6845274427866799,0.639178878521231,0.7560975609756098,0.5391304347826087,0.5091591403552262
0.23999999999999994,1,5,4,0.4189189189189189,0.9579207920792079,0.8744769874476988,0.439975005858002,1.0,0.6884198554990634,0.5836657485734503,0.6334754475335065,0.6458333333333334,0.5081967213114754,0.4535324416031091
0.24999999999999992,1,1,4,0.3288590604026846,0.9653465346534653,0.8662486938349008,0.3664087391898044,1.0,0.647102797528075,0.5601988640498858,0.5634385098208377,0.6363636363636364,0.4336283185840708,0.3921597739758702
0.24999999999999992,1,2,4,0.28378378378378377,0.9802224969097652,0.8725182863113897,0.35127296165001604,1.0,0.6320031403467745,0.5880639374892849,0.5274194242944049,0.7241379310344828,0.4077669902912621,0.4000603722209461
0.24999999999999992,1,3,4,0.39864864864864863,0.9603960396039604,0.8734309623430963,0.42606227796852364,1.0,0.6795223441263045,0.5434531957190404,0.6187572895373701,0.6483516483516484,0.49372384937238495,0.4425438342402786
0.24999999999999992,1,4,4,0.41216216216216217,0.9789603960396039,0.891213389121339,0.48476431325401126,1.0,0.6955612791008831,0.6916391790682015,0.6352089683740381,0.782051282051282,0.5398230088495575,0.516838483636752
0.24999999999999992,1,5,4,0.4189189189189189,0.9641089108910891,0.8797071129707112,0.45452199972215024,1.0,0.691513914905004,0.5799854569255982,0.6355182630503953,0.6813186813186813,0.5188284518828452,0.47210447604671424
0.2599999999999999,1,1,4,0.30201342281879195,0.9702970297029703,0.8662486938349008,0.3486472690148038,1.0,0.6361552262608812,0.5644292915126767,0.5413342101618012,0.6521739130434783,0.41284403669724773,0.3817087348012246
0.2599999999999999,1,2,4,0.27702702702702703,0.9864029666254636,0.8766980146290491,0.35840416344711573,1.0,0.6317149968262453,0.59159662781672,0.5227430356254322,0.7884615384615384,0.41,0.4201887092953833
0.2599999999999999,1,3,4,0.36486486486486486,0.9641089108910891,0.8713389121338913,0.40088042880143493,1.0,0.6644868878779769,0.5428891387073003,0.5931015659120192,0.6506024096385542,0.4675324675324675,0.42262156066487927
0.2599999999999999,1,4,4,0.38513513513513514,0.9863861386138614,0.893305439330544,0.4767771291208792,1.0,0.6857606368744983,0.6968131700197945,0.6163537610743312,0.8382352941176471,0.5277777777777778,0.5228285390153605
0.2599999999999999,1,5,4,0.3716216216216216,0.9702970297029703,0.8776150627615062,0.4223356126180095,1.0,0.6709593256622959,0.577664158946385,0.6004859329183828,0.6962025316455697,0.4845814977973568,0.4492064541536541
0.2699999999999999,1,1,4,0.2751677852348993,0.9777227722772277,0.8683385579937304,0.335541179452704,1.0,0.6264452787560635,0.5695798271329138,0.5186885479950859,0.6949152542372882,0.3942307692307692,0.3812126066769742
0.2699999999999999,1,2,4,0.2702702702702703,0.9888751545117429,0.877742946708464,0.35659244361442327,1.0,0.6295727123910067,0.5914589426125746,0.5169753913615657,0.8163265306122449,0.40609137055837563,0.4251162440023766
0.2699999999999999,1,3,4,0.32432432432432434,0.9727722772277227,0.8723849372384938,0.3785857380333321,1.0,0.6485483007760235,0.545794595833611,0.5616882690009785,0.6857142857142857,0.44036697247706424,0.41254216283482137
0.2699999999999999,1,4,4,0.36486486486486486,0.9913366336633663,0.8943514644351465,0.468736932455928,1.0,0.6781007492641156,0.7025149546447492,0.6014182462123794,0.8852459016393442,0.5167464114832536,0.527176260487815
0.2699999999999999,1,5,4,0.31756756756756754,0.9727722772277227,0.8713389121338913,0.37128130547297733,1.0,0.6451699223976451,0.5743042787664404,0.5558065543661493,0.6811594202898551,0.43317972350230416,0.40584184450720473
0.2799999999999999,1,1,4,0.24161073825503357,0.9851485148514851,0.8693834900731452,0.3133878605251826,1.0,0.6133796265532594,0.5720628948984332,0.48787545538192145,0.75,0.36548223350253806,0.37667020823174047
0.2799999999999999,1,2,4,0.23648648648648649,0.9938195302843016,0.8766980146290491,0.32812537185558904,1.0,0.615153008385394,0.5946419877097521,0.484793656021389,0.875,0.3723404255319149,0.41609810613283316
0.2799999999999999,1,3,4,0.2905405405405405,0.9826732673267327,0.8755230125523012,0.3648301583402194,1.0,0.6366069039336366,0.5432358906001818,0.5343280099937191,0.7543859649122807,0.4195121951219512,0.41737065280617186
0.2799999999999999,1,4,4,0.3108108108108108,0.9938118811881188,0.8880753138075314,0.41596820974261745,1.0,0.6523113459994648,0.7044321123943846,0.555776462784721,0.9019607843137255,0.4623115577889447,0.4903310686760995
0.2799999999999999,1,5,4,0.2702702702702703,0.9801980198019802,0.8702928870292888,0.3356944319913926,1.0,0.6252341450361252,0.5666735393437791,0.5147022282157567,0.7142857142857143,0.39215686274509803,0.385810480251002
0.2899999999999999,1,1,4,0.20134228187919462,0.9900990099009901,0.8672936259143156,0.2749783756375458,1.0,0.5957206458900923,0.5718021776873555,0.4464849313692419,0.7894736842105263,0.32085561497326204,0.3554552038604629
0.2899999999999999,1,2,4,0.17567567567567569,0.9962917181705809,0.8693834900731452,0.2560865644724972,1.0,0.5859836969231283,0.595790880989075,0.41835896161035757,0.896551724137931,0.2937853107344633,0.36272562780663553
0.2899999999999999,1,3,4,0.20945945945945946,0.9851485148514851,0.8650627615062761,0.274000989003226,1.0,0.5973039871554723,0.54361391836123,0.45425617817271496,0.7209302325581395,0.32460732984293195,0.3396468206303668
0.2899999999999999,1,4,4,0.25675675675675674,0.995049504950495,0.8807531380753139,0.35591697792066607,1.0,0.6259031308536259,0.7070450492331756,0.5054559166767222,0.9047619047619048,0.4,0.4444319991031708
0.2899999999999999,1,5,4,0.20945945945945946,0.9826732673267327,0.8629707112970711,0.2684300301422998,1.0,0.596066363393096,0.5561569170613849,0.45368514566769574,0.6888888888888889,0.32124352331606215,0.32815002305339536
0.29999999999999993,1,1,4,0.1476510067114094,0.9938118811881188,0.8620689655172413,0.212375144962777,1.0,0.5707314439497642,0.5693991597853973,0.38306308193192584,0.8148148148148148,0.25,0.3097547522217684
0.29999999999999993,1,2,4,0.12837837837837837,0.9962917181705809,0.8620689655172413,0.19115368361741036,1.0,0.5623350482744797,0.5948726471925865,0.35763433164413555,0.8636363636363636,0.2235294117647059,0.3007809096735212
0.29999999999999993,1,3,4,0.19594594594594594,0.9876237623762376,0.8650627615062761,0.26253976606788315,1.0,0.5917848541610917,0.5425613478798104,0.43991007303482604,0.7435897435897436,0.31016042780748665,0.3356762266302961
0.29999999999999993,1,4,4,0.16216216216216217,0.9962871287128713,0.8671548117154811,0.23787882592211315,1.0,0.5792246454375167,0.712008664077731,0.4019453631109725,0.8888888888888888,0.2742857142857143,0.345968930393118
0.29999999999999993,1,5,4,0.16216216216216217,0.9876237623762376,0.8598326359832636,0.21853496657068963,1.0,0.5748929622691998,0.5502006358833434,0.400193958862025,0.7058823529411765,0.26373626373626374,0.29255169819843746
0.30999999999999994,1,1,4,0.09395973154362416,0.9975247524752475,0.8568443051201672,0.14384505377537776,1.0,0.5457422420094359,0.567555027909029,0.30614891466522365,0.875,0.1696969696969697,0.2586970369879097
0.30999999999999994,1,2,4,0.08108108108108109,0.9987639060568603,0.8568443051201672,0.12727236419066898,1.0,0.5399224935689707,0.5906353900574047,0.28457135704046804,0.9230769230769231,0.14906832298136646,0.24939922550616891
0.30999999999999994,1,3,4,0.11486486486486487,0.9913366336633663,0.8556485355648535,0.16144615071697313,1.0,0.5531007492641156,0.5416475689823147,0.3374459193134992,0.7083333333333334,0.19767441860465115,0.24555772764987852
0.30999999999999994,1,4,4,0.10135135135135136,0.9987623762376238,0.8598326359832636,0.15747658634115558,1.0,0.5500568637944876,0.7127033859220177,0.31816020573065074,0.9375,0.18292682926829268,0.28229699290017135
0.30999999999999994,1,5,4,0.12837837837837837,0.9913366336633663,0.8577405857740585,0.1804750138671773,1.0,0.5598575060208724,0.5428656293245969,0.3567438709449449,0.7307692307692307,0.21839080459770116,0.26623000687133375
0.3199999999999999,1,1,4,0.053691275167785234,0.9975247524752475,0.8505747126436781,0.08266357426784503,1.0,0.5256080138215163,0.5630385595412549,0.23142682638757628,0.8,0.10062893081761007,0.18261216958968926
0.3199999999999999,1,2,4,0.06756756756756757,1.0,0.8557993730407524,0.10914291110721387,1.0,0.5337837837837838,0.5862569394666616,0.25993762245501817,1.0,0.12658227848101267,0.24025277554810096
0.3199999999999999,1,3,4,0.07432432432432433,0.9938118811881188,0.8514644351464435,0.1071766810480901,1.0,0.5340681027562215,0.5423503891414486,0.27178005183381765,0.6875,0.13414634146341464,0.19212795674495456
0.3199999999999999,1,4,4,0.06756756756756757,0.9987623762376238,0.854602510460251,0.10665017344771004,1.0,0.5331649719025957,0.713410788098165,0.25977672016633824,0.9090909090909091,0.12578616352201258,0.22497482393759222
0.3199999999999999,1,5,4,0.0945945945945946,0.9938118811881188,0.854602510460251,0.13727374243643983,1.0,0.5442032378913567,0.5400465338933933,0.3066092497043778,0.7368421052631579,0.16766467065868262,0.22912581378503102
0.32999999999999985,1,1,4,0.040268456375838924,0.9987623762376238,0.8495297805642633,0.06384250641957537,1.0,0.5195154163067314,0.5576566296840665,0.20054580319057783,0.8571428571428571,0.07692307692307693,0.1660717674605405
0.32999999999999985,1,2,4,0.02702702702702703,1.0,0.8495297805642633,0.044857222068200524,1.0,0.5135135135135135,0.5797513597381305,0.1643989873053573,1.0,0.05263157894736842,0.1514701126669474
0.32999999999999985,1,3,4,0.033783783783783786,0.9962871287128713,0.8472803347280334,0.049002507358552,1.0,0.5150354562483276,0.5385808329466735,0.18346211855040379,0.625,0.0641025641025641,0.11940815356769247
0.32999999999999985,1,4,4,0.0472972972972973,1.0,0.852510460251046,0.07742218085252038,1.0,0.5236486486486487,0.7089580261754475,0.21747941810042,1.0,0.09032258064516129,0.20067382857628677
0.32999999999999985,1,5,4,0.033783783783783786,0.9938118811881188,0.8451882845188284,0.04456809464642644,1.0,0.5137978324859513,0.5387089967065927,0.18323407356661267,0.5,0.06329113924050633,0.09811419243738614
0.33999999999999986,1,1,4,0.013422818791946308,1.0,0.8463949843260188,0.0224583249369402,1.0,0.5067114093959731,0.5511561646375224,0.11585688927269845,1.0,0.026490066225165563,0.10656776515213719
0.33999999999999986,1,2,4,0.006756756756756757,1.0,0.8463949843260188,0.011370584060099245,1.0,0.5033783783783784,0.5694611462170601,0.08219949365267865,1.0,0.013422818791946308,0.07561613180629849
0.33999999999999986,1,3,4,0.02027027027027027,0.9987623762376238,0.8472803347280334,0.031583037300177065,1.0,0.509516323253947,0.5325002435023559,0.14228556954981061,0.75,0.039473684210526314,0.10665648080684328
0.33999999999999986,1,4,4,0.02702702702702703,1.0,0.8493723849372385,0.04484902309058616,1.0,0.5135135135135135,0.7025383283001032,0.1643989873053573,1.0,0.05263157894736842,0.1514559516554119
0.33999999999999986,1,5,4,0.02027027027027027,0.9975247524752475,0.8462343096234309,0.029394701218332937,1.0,0.5088975113727588,0.5383155214772363,0.14219738511645608,0.6,0.0392156862745098,0.08924005410149777
0.34999999999999987,1,1,4,0.013422818791946308,1.0,0.8463949843260188,0.0224583249369402,1.0,0.5067114093959731,0.5450573623091798,0.11585688927269845,1.0,0.026490066225165563,0.10656776515213719
0.34999999999999987,1,2,4,0.006756756756756757,1.0,0.8463949843260188,0.011370584060099245,1.0,0.5033783783783784,0.5616205400101782,0.08219949365267865,1.0,0.013422818791946308,0.07561613180629849
0.34999999999999987,1,3,4,0.013513513513513514,1.0,0.8472803347280334,0.022631785334154945,1.0,0.5067567567567568,0.5289621492423955,0.11624763874381928,1.0,0.02666666666666667,0.1069832121027536
0.34999999999999987,1,4,4,0.013513513513513514,1.0,0.8472803347280334,0.022631785334154945,1.0,0.5067567567567568,0.696458117342405,0.11624763874381928,1.0,0.02666666666666667,0.1069832121027536
0.34999999999999987,1,5,4,0.013513513513513514,0.9987623762376238,0.8462343096234309,0.020464493824406627,1.0,0.5061379448755686,0.5354009151179571,0.11617568105277454,0.6666666666666666,0.026490066225165563,0.07939304149835424
0.3599999999999999,1,1,4,0.0,1.0,0.8443051201671892,0.0,1.0,0.5,0.5360279392215914,0.0,,0.0,0.0
0.3599999999999999,1,2,4,0.006756756756756757,1.0,0.8463949843260188,0.011370584060099245,1.0,0.5033783783783784,0.5504277228002962,0.08219949365267865,1.0,0.013422818791946308,0.07561613180629849
0.3599999999999999,1,3,4,0.0,1.0,0.8451882845188284,0.0,1.0,0.5,0.5261660176961944,0.0,,0.0,0.0
0.3599999999999999,1,4,4,0.0,1.0,0.8451882845188284,0.0,1.0,0.5,0.6894668308579145,0.0,,0.0,0.0
0.3599999999999999,1,5,4,0.0,1.0,0.8451882845188284,0.0,1.0,0.5,0.5355716600185101,0.0,,0.0,0.0
0.3699999999999999,1,1,4,0.0,1.0,0.8443051201671892,0.0,1.0,0.5,0.5310592441789349,0.0,,0.0,0.0
0.3699999999999999,1,2,4,0.0,1.0,0.845350052246604,0.0,1.0,0.5,0.5368103546515964,0.0,,0.0,0.0
0.3699999999999999,1,3,4,0.0,1.0,0.8451882845188284,0.0,1.0,0.5,0.5221444587832162,0.0,,0.0,0.0
0.3699999999999999,1,4,4,0.0,1.0,0.8451882845188284,0.0,1.0,0.5,0.6815793538712885,0.0,,0.0,0.0
0.3699999999999999,1,5,4,0.0,1.0,0.8451882845188284,0.0,1.0,0.5,0.5324120221291777,0.0,,0.0,0.0
0.3799999999999999,1,1,4,0.0,1.0,0.8443051201671892,0.0,1.0,0.5,0.5261368033556888,0.0,,0.0,0.0
0.3799999999999999,1,2,4,0.0,1.0,0.845350052246604,0.0,1.0,0.5,0.5274604752763987,0.0,,0.0,0.0
0.3799999999999999,1,3,4,0.0,1.0,0.8451882845188284,0.0,1.0,0.5,0.5169569296113912,0.0,,0.0,0.0
0.3799999999999999,1,4,4,0.0,1.0,0.8451882845188284,0.0,1.0,0.5,0.6747215121558591,0.0,,0.0,0.0
0.3799999999999999,1,5,4,0.0,1.0,0.8451882845188284,0.0,1.0,0.5,0.5275532183322258,0.0,,0.0,0.0
0.3899999999999999,1,1,4,0.0,1.0,0.8443051201671892,0.0,1.0,0.5,0.5174175119778228,0.0,,0.0,0.0
0.3899999999999999,1,2,4,0.0,1.0,0.845350052246604,0.0,1.0,0.5,0.5153417670734562,0.0,,0.0,0.0
0.3899999999999999,1,3,4,0.0,1.0,0.8451882845188284,0.0,1.0,0.5,0.5115961878371258,0.0,,0.0,0.0
0.3899999999999999,1,4,4,0.0,1.0,0.8451882845188284,0.0,1.0,0.5,0.6631526899289165,0.0,,0.0,0.0
0.3899999999999999,1,5,4,0.0,1.0,0.8451882845188284,0.0,1.0,0.5,0.5274336477161378,0.0,,0.0,0.0
0.3999999999999998,1,1,4,0.0,1.0,0.8443051201671892,0.0,1.0,0.5,0.5103356443467655,0.0,,0.0,0.0
0.3999999999999998,1,2,4,0.0,1.0,0.845350052246604,0.0,1.0,0.5,0.5040470561113439,0.0,,0.0,0.0
0.3999999999999998,1,3,4,0.0,1.0,0.8451882845188284,0.0,1.0,0.5,0.5040563584932916,0.0,,0.0,0.0
0.3999999999999998,1,4,4,0.0,1.0,0.8451882845188284,0.0,1.0,0.5,0.6523164949592987,0.0,,0.0,0.0
0.3999999999999998,1,5,4,0.0,1.0,0.8451882845188284,0.0,1.0,0.5,0.5257939174480203,0.0,,0.0,0.0
0.4099999999999998,1,1,4,0.0,1.0,0.8443051201671892,0.0,1.0,0.5,0.5028819280139132,0.0,,0.0,0.0
0.4099999999999998,1,2,4,0.0,1.0,0.845350052246604,0.0,1.0,0.5,0.494153355203754,0.0,,0.0,0.0
0.4099999999999998,1,3,4,0.0,1.0,0.8451882845188284,0.0,1.0,0.5,0.5005078417425195,0.0,,0.0,0.0
0.4099999999999998,1,4,4,0.0,1.0,0.8451882845188284,0.0,1.0,0.5,0.6460108457577951,0.0,,0.0,0.0
0.4099999999999998,1,5,4,0.0,1.0,0.8451882845188284,0.0,1.0,0.5,0.523503900143247,0.0,,0.0,0.0
0.4199999999999998,1,1,4,0.0,1.0,0.8443051201671892,0.0,1.0,0.5,0.4968303188115756,0.0,,0.0,0.0
0.4199999999999998,1,2,4,0.0,1.0,0.845350052246604,0.0,1.0,0.5,0.48461548291256107,0.0,,0.0,0.0
0.4199999999999998,1,3,4,0.0,1.0,0.8451882845188284,0.0,1.0,0.5,0.49100440513071497,0.0,,0.0,0.0
0.4199999999999998,1,4,4,0.0,1.0,0.8451882845188284,0.0,1.0,0.5,0.6346175902877206,0.0,,0.0,0.0
0.4199999999999998,1,5,4,0.0,1.0,0.8451882845188284,0.0,1.0,0.5,0.5199516841816321,0.0,,0.0,0.0
0.4299999999999998,1,1,4,0.0,1.0,0.8443051201671892,0.0,1.0,0.5,0.4884168860552499,0.0,,0.0,0.0
0.4299999999999998,1,2,4,0.0,1.0,0.845350052246604,0.0,1.0,0.5,0.47393115024435006,0.0,,0.0,0.0
0.4299999999999998,1,3,4,0.0,1.0,0.8451882845188284,0.0,1.0,0.5,0.48689605729913243,0.0,,0.0,0.0
0.4299999999999998,1,4,4,0.0,1.0,0.8451882845188284,0.0,1.0,0.5,0.6241451162122637,0.0,,0.0,0.0
0.4299999999999998,1,5,4,0.0,1.0,0.8451882845188284,0.0,1.0,0.5,0.5159030258299186,0.0,,0.0,0.0
0.43999999999999984,1,1,4,0.0,1.0,0.8443051201671892,0.0,1.0,0.5,0.4835915413049483,0.0,,0.0,0.0
0.43999999999999984,1,2,4,0.0,1.0,0.845350052246604,0.0,1.0,0.5,0.46504945593481983,0.0,,0.0,0.0
0.43999999999999984,1,3,4,0.0,1.0,0.8451882845188284,0.0,1.0,0.5,0.4769960141299512,0.0,,0.0,0.0
0.43999999999999984,1,4,4,0.0,1.0,0.8451882845188284,0.0,1.0,0.5,0.6143427981107873,0.0,,0.0,0.0
0.43999999999999984,1,5,4,0.0,1.0,0.8451882845188284,0.0,1.0,0.5,0.5097516983263396,0.0,,0.0,0.0
0.44999999999999984,1,1,4,0.0,1.0,0.8443051201671892,0.0,1.0,0.5,0.4777493617249246,0.0,,0.0,0.0
0.44999999999999984,1,2,4,0.0,1.0,0.845350052246604,0.0,1.0,0.5,0.4567072805987822,0.0,,0.0,0.0
0.44999999999999984,1,3,4,0.0,1.0,0.8451882845188284,0.0,1.0,0.5,0.47057622173015345,0.0,,0.0,0.0
0.44999999999999984,1,4,4,0.0,1.0,0.8451882845188284,0.0,1.0,0.5,0.6068380897965981,0.0,,0.0,0.0
0.44999999999999984,1,5,4,0.0,1.0,0.8451882845188284,0.0,1.0,0.5,0.506001908603415,0.0,,0.0,0.0
0.45999999999999985,1,1,4,0.0,1.0,0.8443051201671892,0.0,1.0,0.5,0.4726864051064784,0.0,,0.0,0.0
0.45999999999999985,1,2,4,0.0,1.0,0.845350052246604,0.0,1.0,0.5,0.4512674090256199,0.0,,0.0,0.0
0.45999999999999985,1,3,4,0.0,1.0,0.8451882845188284,0.0,1.0,0.5,0.46372001263960316,0.0,,0.0,0.0
0.45999999999999985,1,4,4,0.0,1.0,0.8451882845188284,0.0,1.0,0.5,0.5967368339262036,0.0,,0.0,0.0
0.45999999999999985,1,5,4,0.0,1.0,0.8451882845188284,0.0,1.0,0.5,0.5007702613900904,0.0,,0.0,0.0
0.46999999999999986,1,1,4,0.0,1.0,0.8443051201671892,0.0,1.0,0.5,0.4678995476398943,0.0,,0.0,0.0
0.46999999999999986,1,2,4,0.0,1.0,0.845350052246604,0.0,1.0,0.5,0.4449528157743768,0.0,,0.0,0.0
0.46999999999999986,1,3,4,0.0,1.0,0.8451882845188284,0.0,1.0,0.5,0.4576567190190194,0.0,,0.0,0.0
0.46999999999999986,1,4,4,0.0,1.0,0.8451882845188284,0.0,1.0,0.5,0.5886251371340053,0.0,,0.0,0.0
0.46999999999999986,1,5,4,0.0,1.0,0.8451882845188284,0.0,1.0,0.5,0.4970304184503968,0.0,,0.0,0.0
0.47999999999999976,1,1,4,0.0,1.0,0.8443051201671892,0.0,1.0,0.5,0.46364022715954056,0.0,,0.0,0.0
0.47999999999999976,1,2,4,0.0,1.0,0.845350052246604,0.0,1.0,0.5,0.4405602775679887,0.0,,0.0,0.0
0.47999999999999976,1,3,4,0.0,1.0,0.8451882845188284,0.0,1.0,0.5,0.45378580053453055,0.0,,0.0,0.0
0.47999999999999976,1,4,4,0.0,1.0,0.8451882845188284,0.0,1.0,0.5,0.5838075606529709,0.0,,0.0,0.0
0.47999999999999976,1,5,4,0.0,1.0,0.8451882845188284,0.0,1.0,0.5,0.4932758759333186,0.0,,0.0,0.0
0.48999999999999977,1,1,4,0.0,1.0,0.8443051201671892,0.0,1.0,0.5,0.4602063227390626,0.0,,0.0,0.0
0.48999999999999977,1,2,4,0.0,1.0,0.845350052246604,0.0,1.0,0.5,0.43423834287585505,0.0,,0.0,0.0
0.48999999999999977,1,3,4,0.0,1.0,0.8451882845188284,0.0,1.0,0.5,0.4493673057316502,0.0,,0.0,0.0
0.48999999999999977,1,4,4,0.0,1.0,0.8451882845188284,0.0,1.0,0.5,0.5763827964260068,0.0,,0.0,0.0
0.48999999999999977,1,5,4,0.0,1.0,0.8451882845188284,0.0,1.0,0.5,0.48894063017422806,0.0,,0.0,0.0
0.4999999999999998,1,1,4,0.0,1.0,0.8443051201671892,0.0,1.0,0.5,0.45626303712835303,0.0,,0.0,0.0
0.4999999999999998,1,2,4,0.0,1.0,0.845350052246604,0.0,1.0,0.5,0.4271159152988633,0.0,,0.0,0.0
0.4999999999999998,1,3,4,0.0,1.0,0.8451882845188284,0.0,1.0,0.5,0.44414109661910195,0.0,,0.0,0.0
0.4999999999999998,1,4,4,0.0,1.0,0.8451882845188284,0.0,1.0,0.5,0.5692312237817848,0.0,,0.0,0.0
0.4999999999999998,1,5,4,0.0,1.0,0.8451882845188284,0.0,1.0,0.5,0.4850371933767058,0.0,,0.0,0.0
0.5099999999999998,1,1,4,0.0,1.0,0.8443051201671892,0.0,1.0,0.5,0.4536825654613118,0.0,,0.0,0.0
0.5099999999999998,1,2,4,0.0,1.0,0.845350052246604,0.0,1.0,0.5,0.4229856174601889,0.0,,0.0,0.0
0.5099999999999998,1,3,4,0.0,1.0,0.8451882845188284,0.0,1.0,0.5,0.44159230687743,0.0,,0.0,0.0
0.5099999999999998,1,4,4,0.0,1.0,0.8451882845188284,0.0,1.0,0.5,0.5627684793237416,0.0,,0.0,0.0
0.5099999999999998,1,5,4,0.0,1.0,0.8451882845188284,0.0,1.0,0.5,0.4811297854519874,0.0,,0.0,0.0
0.5199999999999998,1,1,4,0.0,1.0,0.8443051201671892,0.0,1.0,0.5,0.4518691445403487,0.0,,0.0,0.0
0.5199999999999998,1,2,4,0.0,1.0,0.845350052246604,0.0,1.0,0.5,0.4188814303042415,0.0,,0.0,0.0
0.5199999999999998,1,3,4,0.0,1.0,0.8451882845188284,0.0,1.0,0.5,0.4373943707059594,0.0,,0.0,0.0
0.5199999999999998,1,4,4,0.0,1.0,0.8451882845188284,0.0,1.0,0.5,0.5565032492488381,0.0,,0.0,0.0
0.5199999999999998,1,5,4,0.0,1.0,0.8451882845188284,0.0,1.0,0.5,0.4764917506567657,0.0,,0.0,0.0
0.5299999999999998,1,1,4,0.0,1.0,0.8443051201671892,0.0,1.0,0.5,0.44901861896511197,0.0,,0.0,0.0
0.5299999999999998,1,2,4,0.0,1.0,0.845350052246604,0.0,1.0,0.5,0.41633078846403837,0.0,,0.0,0.0
0.5299999999999998,1,3,4,0.0,1.0,0.8451882845188284,0.0,1.0,0.5,0.4340511802966348,0.0,,0.0,0.0
0.5299999999999998,1,4,4,0.0,1.0,0.8451882845188284,0.0,1.0,0.5,0.5519591325118486,0.0,,0.0,0.0
0.5299999999999998,1,5,4,0.0,1.0,0.8451882845188284,0.0,1.0,0.5,0.4728279018235867,0.0,,0.0,0.0
0.5399999999999998,1,1,4,0.0,1.0,0.8443051201671892,0.0,1.0,0.5,0.44651573008957424,0.0,,0.0,0.0
0.5399999999999998,1,2,4,0.0,1.0,0.845350052246604,0.0,1.0,0.5,0.41011223735638563,0.0,,0.0,0.0
0.5399999999999998,1,3,4,0.0,1.0,0.8451882845188284,0.0,1.0,0.5,0.43268241248334155,0.0,,0.0,0.0
0.5399999999999998,1,4,4,0.0,1.0,0.8451882845188284,0.0,1.0,0.5,0.5478509669631535,0.0,,0.0,0.0
0.5399999999999998,1,5,4,0.0,1.0,0.8451882845188284,0.0,1.0,0.5,0.4701833667989416,0.0,,0.0,0.0
0.5499999999999998,1,1,4,0.0,1.0,0.8443051201671892,0.0,1.0,0.5,0.44583902747321247,0.0,,0.0,0.0
0.5499999999999998,1,2,4,0.0,1.0,0.845350052246604,0.0,1.0,0.5,0.4065981148918531,0.0,,0.0,0.0
0.5499999999999998,1,3,4,0.0,1.0,0.8451882845188284,0.0,1.0,0.5,0.43101610882967517,0.0,,0.0,0.0
0.5499999999999998,1,4,4,0.0,1.0,0.8451882845188284,0.0,1.0,0.5,0.5430698009780388,0.0,,0.0,0.0
0.5499999999999998,1,5,4,0.0,1.0,0.8451882845188284,0.0,1.0,0.5,0.4680160048755059,0.0,,0.0,0.0
0.5599999999999997,1,1,4,0.0,1.0,0.8443051201671892,0.0,1.0,0.5,0.44512958212017534,0.0,,0.0,0.0
0.5599999999999997,1,2,4,0.0,1.0,0.845350052246604,0.0,1.0,0.5,0.40362847037093685,0.0,,0.0,0.0
0.5599999999999997,1,3,4,0.0,1.0,0.8451882845188284,0.0,1.0,0.5,0.4291840663143256,0.0,,0.0,0.0
0.5599999999999997,1,4,4,0.0,1.0,0.8451882845188284,0.0,1.0,0.5,0.5396342560709814,0.0,,0.0,0.0
0.5599999999999997,1,5,4,0.0,1.0,0.8451882845188284,0.0,1.0,0.5,0.4650185153199446,0.0,,0.0,0.0
0.5699999999999997,1,1,4,0.0,1.0,0.8443051201671892,0.0,1.0,0.5,0.4428076633906511,0.0,,0.0,0.0
0.5699999999999997,1,2,4,0.0,1.0,0.845350052246604,0.0,1.0,0.5,0.40376676774968295,0.0,,0.0,0.0
0.5699999999999997,1,3,4,0.0,1.0,0.8451882845188284,0.0,1.0,0.5,0.4280099404663996,0.0,,0.0,0.0
0.5699999999999997,1,4,4,0.0,1.0,0.8451882845188284,0.0,1.0,0.5,0.5363074628161415,0.0,,0.0,0.0
0.5699999999999997,1,5,4,0.0,1.0,0.8451882845188284,0.0,1.0,0.5,0.46080126421196677,0.0,,0.0,0.0
0.5799999999999997,1,1,4,0.0,1.0,0.8443051201671892,0.0,1.0,0.5,0.4415294675342287,0.0,,0.0,0.0
0.5799999999999997,1,2,4,0.0,1.0,0.845350052246604,0.0,1.0,0.5,0.4004225147046558,0.0,,0.0,0.0
0.5799999999999997,1,3,4,0.0,1.0,0.8451882845188284,0.0,1.0,0.5,0.4250851737665104,0.0,,0.0,0.0
0.5799999999999997,1,4,4,0.0,1.0,0.8451882845188284,0.0,1.0,0.5,0.5315088909369948,0.0,,0.0,0.0
0.5799999999999997,1,5,4,0.0,1.0,0.8451882845188284,0.0,1.0,0.5,0.4588209457642007,0.0,,0.0,0.0
0.5899999999999997,1,1,4,0.0,1.0,0.8443051201671892,0.0,1.0,0.5,0.44108037454352395,0.0,,0.0,0.0
0.5899999999999997,1,2,4,0.0,1.0,0.845350052246604,0.0,1.0,0.5,0.39846383819235054,0.0,,0.0,0.0
0.5899999999999997,1,3,4,0.0,1.0,0.8451882845188284,0.0,1.0,0.5,0.4236825237804288,0.0,,0.0,0.0
0.5899999999999997,1,4,4,0.0,1.0,0.8451882845188284,0.0,1.0,0.5,0.5278126538222151,0.0,,0.0,0.0
0.5899999999999997,1,5,4,0.0,1.0,0.8451882845188284,0.0,1.0,0.5,0.4569614712623477,0.0,,0.0,0.0
0.5999999999999998,1,1,4,0.0,1.0,0.8443051201671892,0.0,1.0,0.5,0.4392715365233973,0.0,,0.0,0.0
0.5999999999999998,1,2,4,0.0,1.0,0.845350052246604,0.0,1.0,0.5,0.39612830179978986,0.0,,0.0,0.0
0.5999999999999998,1,3,4,0.0,1.0,0.8451882845188284,0.0,1.0,0.5,0.42278272496368224,0.0,,0.0,0.0
0.5999999999999998,1,4,4,0.0,1.0,0.8451882845188284,0.0,1.0,0.5,0.5250079911335371,0.0,,0.0,0.0
0.5999999999999998,1,5,4,0.0,1.0,0.8451882845188284,0.0,1.0,0.5,0.45524813829937794,0.0,,0.0,0.0
0.6099999999999998,1,1,4,0.0,1.0,0.8443051201671892,0.0,1.0,0.5,0.43706670997273506,0.0,,0.0,0.0
0.6099999999999998,1,2,4,0.0,1.0,0.845350052246604,0.0,1.0,0.5,0.3946304113612996,0.0,,0.0,0.0
0.6099999999999998,1,3,4,0.0,1.0,0.8451882845188284,0.0,1.0,0.5,0.4216009779985501,0.0,,0.0,0.0
0.6099999999999998,1,4,4,0.0,1.0,0.8451882845188284,0.0,1.0,0.5,0.5219524369851483,0.0,,0.0,0.0
0.6099999999999998,1,5,4,0.0,1.0,0.8451882845188284,0.0,1.0,0.5,0.452672316576809,0.0,,0.0,0.0
0.6199999999999998,1,1,4,0.0,1.0,0.8443051201671892,0.0,1.0,0.5,0.4365105689153449,0.0,,0.0,0.0
0.6199999999999998,1,2,4,0.0,1.0,0.845350052246604,0.0,1.0,0.5,0.39286085759387523,0.0,,0.0,0.0
0.6199999999999998,1,3,4,0.0,1.0,0.8451882845188284,0.0,1.0,0.5,0.4207826518429861,0.0,,0.0,0.0
0.6199999999999998,1,4,4,0.0,1.0,0.8451882845188284,0.0,1.0,0.5,0.5205197922620497,0.0,,0.0,0.0
0.6199999999999998,1,5,4,0.0,1.0,0.8451882845188284,0.0,1.0,0.5,0.451178302416768,0.0,,0.0,0.0
0.6299999999999997,1,1,4,0.0,1.0,0.8443051201671892,0.0,1.0,0.5,0.4355650625445563,0.0,,0.0,0.0
0.6299999999999997,1,2,4,0.0,1.0,0.845350052246604,0.0,1.0,0.5,0.3924043864115452,0.0,,0.0,0.0
0.6299999999999997,1,3,4,0.0,1.0,0.8451882845188284,0.0,1.0,0.5,0.41916168503274387,0.0,,0.0,0.0
0.6299999999999997,1,4,4,0.0,1.0,0.8451882845188284,0.0,1.0,0.5,0.5178774073615668,0.0,,0.0,0.0
0.6299999999999997,1,5,4,0.0,1.0,0.8451882845188284,0.0,1.0,0.5,0.4496300624773053,0.0,,0.0,0.0
0.6399999999999997,1,1,4,0.0,1.0,0.8443051201671892,0.0,1.0,0.5,0.43457301606439336,0.0,,0.0,0.0
0.6399999999999997,1,2,4,0.0,1.0,0.845350052246604,0.0,1.0,0.5,0.39053170472172566,0.0,,0.0,0.0
0.6399999999999997,1,3,4,0.0,1.0,0.8451882845188284,0.0,1.0,0.5,0.41775963662489746,0.0,,0.0,0.0
0.6399999999999997,1,4,4,0.0,1.0,0.8451882845188284,0.0,1.0,0.5,0.5160465158592746,0.0,,0.0,0.0
0.6399999999999997,1,5,4,0.0,1.0,0.8451882845188284,0.0,1.0,0.5,0.4488423608066535,0.0,,0.0,0.0
0.6499999999999997,1,1,4,0.0,1.0,0.8443051201671892,0.0,1.0,0.5,0.4340548264977766,0.0,,0.0,0.0
0.6499999999999997,1,2,4,0.0,1.0,0.845350052246604,0.0,1.0,0.5,0.3891951786915713,0.0,,0.0,0.0
0.6499999999999997,1,3,4,0.0,1.0,0.8451882845188284,0.0,1.0,0.5,0.4172292144689097,0.0,,0.0,0.0
0.6499999999999997,1,4,4,0.0,1.0,0.8451882845188284,0.0,1.0,0.5,0.5135020957743502,0.0,,0.0,0.0
0.6499999999999997,1,5,4,0.0,1.0,0.8451882845188284,0.0,1.0,0.5,0.44728521645933006,0.0,,0.0,0.0
0.6599999999999997,1,1,4,0.0,1.0,0.8443051201671892,0.0,1.0,0.5,0.4332361455535104,0.0,,0.0,0.0
0.6599999999999997,1,2,4,0.0,1.0,0.845350052246604,0.0,1.0,0.5,0.39027715999810764,0.0,,0.0,0.0
0.6599999999999997,1,3,4,0.0,1.0,0.8451882845188284,0.0,1.0,0.5,0.41702819416463177,0.0,,0.0,0.0
0.6599999999999997,1,4,4,0.0,1.0,0.8451882845188284,0.0,1.0,0.5,0.5114994318622212,0.0,,0.0,0.0
0.6599999999999997,1,5,4,0.0,1.0,0.8451882845188284,0.0,1.0,0.5,0.4472216065208059,0.0,,0.0,0.0
0.6699999999999997,1,1,4,0.0,1.0,0.8443051201671892,0.0,1.0,0.5,0.43174685226309184,0.0,,0.0,0.0
0.6699999999999997,1,2,4,0.0,1.0,0.845350052246604,0.0,1.0,0.5,0.38929005314247717,0.0,,0.0,0.0
0.6699999999999997,1,3,4,0.0,1.0,0.8451882845188284,0.0,1.0,0.5,0.4146043017236215,0.0,,0.0,0.0
0.6699999999999997,1,4,4,0.0,1.0,0.8451882845188284,0.0,1.0,0.5,0.5098316553947806,0.0,,0.0,0.0
0.6699999999999997,1,5,4,0.0,1.0,0.8451882845188284,0.0,1.0,0.5,0.4462360757364197,0.0,,0.0,0.0
0.6799999999999997,1,1,4,0.0,1.0,0.8443051201671892,0.0,1.0,0.5,0.4302250733240224,0.0,,0.0,0.0
0.6799999999999997,1,2,4,0.0,1.0,0.845350052246604,0.0,1.0,0.5,0.38972886280663444,0.0,,0.0,0.0
0.6799999999999997,1,3,4,0.0,1.0,0.8451882845188284,0.0,1.0,0.5,0.4137936210407121,0.0,,0.0,0.0
0.6799999999999997,1,4,4,0.0,1.0,0.8451882845188284,0.0,1.0,0.5,0.5070759740084642,0.0,,0.0,0.0
0.6799999999999997,1,5,4,0.0,1.0,0.8451882845188284,0.0,1.0,0.5,0.44523731301173053,0.0,,0.0,0.0
0.6899999999999997,1,1,4,0.0,1.0,0.8443051201671892,0.0,1.0,0.5,0.4294380969942936,0.0,,0.0,0.0
0.6899999999999997,1,2,4,0.0,1.0,0.845350052246604,0.0,1.0,0.5,0.3885509309219093,0.0,,0.0,0.0
0.6899999999999997,1,3,4,0.0,1.0,0.8451882845188284,0.0,1.0,0.5,0.4136119985230413,0.0,,0.0,0.0
0.6899999999999997,1,4,4,0.0,1.0,0.8451882845188284,0.0,1.0,0.5,0.5039115489671856,0.0,,0.0,0.0
0.6899999999999997,1,5,4,0.0,1.0,0.8451882845188284,0.0,1.0,0.5,0.4438244508105325,0.0,,0.0,0.0
0.6999999999999996,1,1,4,0.0,1.0,0.8443051201671892,0.0,1.0,0.5,0.42865837146729197,0.0,,0.0,0.0
0.6999999999999996,1,2,4,0.0,1.0,0.845350052246604,0.0,1.0,0.5,0.38790837244809423,0.0,,0.0,0.0
0.6999999999999996,1,3,4,0.0,1.0,0.8451882845188284,0.0,1.0,0.5,0.41213417392074164,0.0,,0.0,0.0
0.6999999999999996,1,4,4,0.0,1.0,0.8451882845188284,0.0,1.0,0.5,0.502697844678071,0.0,,0.0,0.0
0.6999999999999996,1,5,4,0.0,1.0,0.8451882845188284,0.0,1.0,0.5,0.4427380635168518,0.0,,0.0,0.0
0.7099999999999996,1,1,4,0.0,1.0,0.8443051201671892,0.0,1.0,0.5,0.42697344373523405,0.0,,0.0,0.0
0.7099999999999996,1,2,4,0.0,1.0,0.845350052246604,0.0,1.0,0.5,0.38674636899269277,0.0,,0.0,0.0
0.7099999999999996,1,3,4,0.0,1.0,0.8451882845188284,0.0,1.0,0.5,0.41134495921673475,0.0,,0.0,0.0
0.7099999999999996,1,4,4,0.0,1.0,0.8451882845188284,0.0,1.0,0.5,0.5013660712462935,0.0,,0.0,0.0
0.7099999999999996,1,5,4,0.0,1.0,0.8451882845188284,0.0,1.0,0.5,0.4413793124090221,0.0,,0.0,0.0
0.7199999999999996,1,1,4,0.0,1.0,0.8443051201671892,0.0,1.0,0.5,0.426499644297319,0.0,,0.0,0.0
0.7199999999999996,1,2,4,0.0,1.0,0.845350052246604,0.0,1.0,0.5,0.3851273790691819,0.0,,0.0,0.0
0.7199999999999996,1,3,4,0.0,1.0,0.8451882845188284,0.0,1.0,0.5,0.41032195384085396,0.0,,0.0,0.0
0.7199999999999996,1,4,4,0.0,1.0,0.8451882845188284,0.0,1.0,0.5,0.500031951332463,0.0,,0.0,0.0
0.7199999999999996,1,5,4,0.0,1.0,0.8451882845188284,0.0,1.0,0.5,0.440754905911118,0.0,,0.0,0.0
0.7299999999999996,1,1,4,0.0,1.0,0.8443051201671892,0.0,1.0,0.5,0.42585120553367584,0.0,,0.0,0.0
0.7299999999999996,1,2,4,0.0,1.0,0.845350052246604,0.0,1.0,0.5,0.38427445611297434,0.0,,0.0,0.0
0.7299999999999996,1,3,4,0.0,1.0,0.8451882845188284,0.0,1.0,0.5,0.4100770382581682,0.0,,0.0,0.0
0.7299999999999996,1,4,4,0.0,1.0,0.8451882845188284,0.0,1.0,0.5,0.4982479966363322,0.0,,0.0,0.0
0.7299999999999996,1,5,4,0.0,1.0,0.8451882845188284,0.0,1.0,0.5,0.4399283504707787,0.0,,0.0,0.0
0.7399999999999997,1,1,4,0.0,1.0,0.8443051201671892,0.0,1.0,0.5,0.4253137859558077,0.0,,0.0,0.0
0.7399999999999997,1,2,4,0.0,1.0,0.845350052246604,0.0,1.0,0.5,0.38389029261852725,0.0,,0.0,0.0
0.7399999999999997,1,3,4,0.0,1.0,0.8451882845188284,0.0,1.0,0.5,0.4095612293123293,0.0,,0.0,0.0
0.7399999999999997,1,4,4,0.0,1.0,0.8451882845188284,0.0,1.0,0.5,0.49684744811129344,0.0,,0.0,0.0
0.7399999999999997,1,5,4,0.0,1.0,0.8451882845188284,0.0,1.0,0.5,0.43831388906243296,0.0,,0.0,0.0
0.7499999999999997,1,1,4,0.0,1.0,0.8443051201671892,0.0,1.0,0.5,0.4236714534058218,0.0,,0.0,0.0
0.7499999999999997,1,2,4,0.0,1.0,0.845350052246604,0.0,1.0,0.5,0.38349016306544487,0.0,,0.0,0.0
0.7499999999999997,1,3,4,0.0,1.0,0.8451882845188284,0.0,1.0,0.5,0.40860082436556766,0.0,,0.0,0.0
0.7499999999999997,1,4,4,0.0,1.0,0.8451882845188284,0.0,1.0,0.5,0.4956894680588598,0.0,,0.0,0.0
0.7499999999999997,1,5,4,0.0,1.0,0.8451882845188284,0.0,1.0,0.5,0.4376670996144801,0.0,,0.0,0.0
0.7599999999999997,1,1,4,0.0,1.0,0.8443051201671892,0.0,1.0,0.5,0.42257946967789556,0.0,,0.0,0.0
0.7599999999999997,1,2,4,0.0,1.0,0.845350052246604,0.0,1.0,0.5,0.3828005103974955,0.0,,0.0,0.0
0.7599999999999997,1,3,4,0.0,1.0,0.8451882845188284,0.0,1.0,0.5,0.4084540628560087,0.0,,0.0,0.0
0.7599999999999997,1,4,4,0.0,1.0,0.8451882845188284,0.0,1.0,0.5,0.49400518758453515,0.0,,0.0,0.0
0.7599999999999997,1,5,4,0.0,1.0,0.8451882845188284,0.0,1.0,0.5,0.4369814639387324,0.0,,0.0,0.0
0.7699999999999997,1,1,4,0.0,1.0,0.8443051201671892,0.0,1.0,0.5,0.4217484863790578,0.0,,0.0,0.0
0.7699999999999997,1,2,4,0.0,1.0,0.845350052246604,0.0,1.0,0.5,0.3814373030401159,0.0,,0.0,0.0
0.7699999999999997,1,3,4,0.0,1.0,0.8451882845188284,0.0,1.0,0.5,0.40779970431372947,0.0,,0.0,0.0
0.7699999999999997,1,4,4,0.0,1.0,0.8451882845188284,0.0,1.0,0.5,0.49268890823827244,0.0,,0.0,0.0
0.7699999999999997,1,5,4,0.0,1.0,0.8451882845188284,0.0,1.0,0.5,0.43540408598735597,0.0,,0.0,0.0
0.7799999999999997,1,1,4,0.0,1.0,0.8443051201671892,0.0,1.0,0.5,0.4210622505656816,0.0,,0.0,0.0
0.7799999999999997,1,2,4,0.0,1.0,0.845350052246604,0.0,1.0,0.5,0.3805351352264047,0.0,,0.0,0.0
0.7799999999999997,1,3,4,0.0,1.0,0.8451882845188284,0.0,1.0,0.5,0.4073062056969539,0.0,,0.0,0.0
0.7799999999999997,1,4,4,0.0,1.0,0.8451882845188284,0.0,1.0,0.5,0.49129693256303697,0.0,,0.0,0.0
0.7799999999999997,1,5,4,0.0,1.0,0.8451882845188284,0.0,1.0,0.5,0.4347510092556641,0.0,,0.0,0.0
0.7899999999999996,1,1,4,0.0,1.0,0.8443051201671892,0.0,1.0,0.5,0.4197335385186229,0.0,,0.0,0.0
0.7899999999999996,1,2,4,0.0,1.0,0.845350052246604,0.0,1.0,0.5,0.3797736589987309,0.0,,0.0,0.0
0.7899999999999996,1,3,4,0.0,1.0,0.8451882845188284,0.0,1.0,0.5,0.40567433530956243,0.0,,0.0,0.0
0.7899999999999996,1,4,4,0.0,1.0,0.8451882845188284,0.0,1.0,0.5,0.4898677044778587,0.0,,0.0,0.0
0.7899999999999996,1,5,4,0.0,1.0,0.8451882845188284,0.0,1.0,0.5,0.43358818700414664,0.0,,0.0,0.0
0.7999999999999996,1,1,4,0.0,1.0,0.8443051201671892,0.0,1.0,0.5,0.41836825869012007,0.0,,0.0,0.0
0.7999999999999996,1,2,4,0.0,1.0,0.845350052246604,0.0,1.0,0.5,0.37915236348534065,0.0,,0.0,0.0
0.7999999999999996,1,3,4,0.0,1.0,0.8451882845188284,0.0,1.0,0.5,0.4054544646572043,0.0,,0.0,0.0
0.7999999999999996,1,4,4,0.0,1.0,0.8451882845188284,0.0,1.0,0.5,0.4903292134547235,0.0,,0.0,0.0
0.7999999999999996,1,5,4,0.0,1.0,0.8451882845188284,0.0,1.0,0.5,0.4331233400432243,0.0,,0.0,0.0
0.8099999999999996,1,1,4,0.0,1.0,0.8443051201671892,0.0,1.0,0.5,0.4180940507924949,0.0,,0.0,0.0
0.8099999999999996,1,2,4,0.0,1.0,0.845350052246604,0.0,1.0,0.5,0.3789406919532965,0.0,,0.0,0.0
0.8099999999999996,1,3,4,0.0,1.0,0.8451882845188284,0.0,1.0,0.5,0.4048136466359863,0.0,,0.0,0.0
0.8099999999999996,1,4,4,0.0,1.0,0.8451882845188284,0.0,1.0,0.5,0.48854374696133174,0.0,,0.0,0.0
0.8099999999999996,1,5,4,0.0,1.0,0.8451882845188284,0.0,1.0,0.5,0.4324765591427018,0.0,,0.0,0.0
0.8199999999999996,1,1,4,0.0,1.0,0.8443051201671892,0.0,1.0,0.5,0.41774449481203596,0.0,,0.0,0.0
0.8199999999999996,1,2,4,0.0,1.0,0.845350052246604,0.0,1.0,0.5,0.37777195873461883,0.0,,0.0,0.0
0.8199999999999996,1,3,4,0.0,1.0,0.8451882845188284,0.0,1.0,0.5,0.4041431172606487,0.0,,0.0,0.0
0.8199999999999996,1,4,4,0.0,1.0,0.8451882845188284,0.0,1.0,0.5,0.4873954834519415,0.0,,0.0,0.0
0.8199999999999996,1,5,4,0.0,1.0,0.8451882845188284,0.0,1.0,0.5,0.4319027566363883,0.0,,0.0,0.0
0.8299999999999996,1,1,4,0.0,1.0,0.8443051201671892,0.0,1.0,0.5,0.417540891104202,0.0,,0.0,0.0
0.8299999999999996,1,2,4,0.0,1.0,0.845350052246604,0.0,1.0,0.5,0.3776400260547511,0.0,,0.0,0.0
0.8299999999999996,1,3,4,0.0,1.0,0.8451882845188284,0.0,1.0,0.5,0.4038983984874559,0.0,,0.0,0.0
0.8299999999999996,1,4,4,0.0,1.0,0.8451882845188284,0.0,1.0,0.5,0.4863151811921158,0.0,,0.0,0.0
0.8299999999999996,1,5,4,0.0,1.0,0.8451882845188284,0.0,1.0,0.5,0.43108780634989824,0.0,,0.0,0.0
0.8399999999999996,1,1,4,0.0,1.0,0.8443051201671892,0.0,1.0,0.5,0.4165296134009033,0.0,,0.0,0.0
0.8399999999999996,1,2,4,0.0,1.0,0.845350052246604,0.0,1.0,0.5,0.37743446011721365,0.0,,0.0,0.0
0.8399999999999996,1,3,4,0.0,1.0,0.8451882845188284,0.0,1.0,0.5,0.4033507151632791,0.0,,0.0,0.0
0.8399999999999996,1,4,4,0.0,1.0,0.8451882845188284,0.0,1.0,0.5,0.48562929245471376,0.0,,0.0,0.0
0.8399999999999996,1,5,4,0.0,1.0,0.8451882845188284,0.0,1.0,0.5,0.4305600536709676,0.0,,0.0,0.0
0.8499999999999996,1,1,4,0.0,1.0,0.8443051201671892,0.0,1.0,0.5,0.4147522227296791,0.0,,0.0,0.0
0.8499999999999996,1,2,4,0.0,1.0,0.845350052246604,0.0,1.0,0.5,0.3764584935827903,0.0,,0.0,0.0
0.8499999999999996,1,3,4,0.0,1.0,0.8451882845188284,0.0,1.0,0.5,0.4024468068451044,0.0,,0.0,0.0
0.8499999999999996,1,4,4,0.0,1.0,0.8451882845188284,0.0,1.0,0.5,0.48528391662187664,0.0,,0.0,0.0
0.8499999999999996,1,5,4,0.0,1.0,0.8451882845188284,0.0,1.0,0.5,0.4291858318956994,0.0,,0.0,0.0
0.8599999999999995,1,1,4,0.0,1.0,0.8443051201671892,0.0,1.0,0.5,0.4144737107819979,0.0,,0.0,0.0
0.8599999999999995,1,2,4,0.0,1.0,0.845350052246604,0.0,1.0,0.5,0.3758095393304932,0.0,,0.0,0.0
0.8599999999999995,1,3,4,0.0,1.0,0.8451882845188284,0.0,1.0,0.5,0.402045103084245,0.0,,0.0,0.0
0.8599999999999995,1,4,4,0.0,1.0,0.8451882845188284,0.0,1.0,0.5,0.4843742457241692,0.0,,0.0,0.0
0.8599999999999995,1,5,4,0.0,1.0,0.8451882845188284,0.0,1.0,0.5,0.4285688330942048,0.0,,0.0,0.0
0.8699999999999996,1,1,4,0.0,1.0,0.8443051201671892,0.0,1.0,0.5,0.4137495341270545,0.0,,0.0,0.0
0.8699999999999996,1,2,4,0.0,1.0,0.845350052246604,0.0,1.0,0.5,0.3756124896581714,0.0,,0.0,0.0
0.8699999999999996,1,3,4,0.0,1.0,0.8451882845188284,0.0,1.0,0.5,0.40182504707259803,0.0,,0.0,0.0
0.8699999999999996,1,4,4,0.0,1.0,0.8451882845188284,0.0,1.0,0.5,0.4834358422995393,0.0,,0.0,0.0
0.8699999999999996,1,5,4,0.0,1.0,0.8451882845188284,0.0,1.0,0.5,0.42816457245121126,0.0,,0.0,0.0
0.8799999999999996,1,1,4,0.0,1.0,0.8443051201671892,0.0,1.0,0.5,0.41354005515651965,0.0,,0.0,0.0
0.8799999999999996,1,2,4,0.0,1.0,0.845350052246604,0.0,1.0,0.5,0.37430220799532465,0.0,,0.0,0.0
0.8799999999999996,1,3,4,0.0,1.0,0.8451882845188284,0.0,1.0,0.5,0.40152900791118123,0.0,,0.0,0.0
0.8799999999999996,1,4,4,0.0,1.0,0.8451882845188284,0.0,1.0,0.5,0.4823640983150489,0.0,,0.0,0.0
0.8799999999999996,1,5,4,0.0,1.0,0.8451882845188284,0.0,1.0,0.5,0.4276633190705491,0.0,,0.0,0.0
0.8899999999999996,1,1,4,0.0,1.0,0.8443051201671892,0.0,1.0,0.5,0.41315109576351244,0.0,,0.0,0.0
0.8899999999999996,1,2,4,0.0,1.0,0.845350052246604,0.0,1.0,0.5,0.3737358212153847,0.0,,0.0,0.0
0.8899999999999996,1,3,4,0.0,1.0,0.8451882845188284,0.0,1.0,0.5,0.4012586300855814,0.0,,0.0,0.0
0.8899999999999996,1,4,4,0.0,1.0,0.8451882845188284,0.0,1.0,0.5,0.4817435525998333,0.0,,0.0,0.0
0.8899999999999996,1,5,4,0.0,1.0,0.8451882845188284,0.0,1.0,0.5,0.42686737745968695,0.0,,0.0,0.0
0.8999999999999996,1,1,4,0.0,1.0,0.8443051201671892,0.0,1.0,0.5,0.41302407789820916,0.0,,0.0,0.0
0.8999999999999996,1,2,4,0.0,1.0,0.845350052246604,0.0,1.0,0.5,0.3735335173040161,0.0,,0.0,0.0
0.8999999999999996,1,3,4,0.0,1.0,0.8451882845188284,0.0,1.0,0.5,0.40103033001834215,0.0,,0.0,0.0
0.8999999999999996,1,4,4,0.0,1.0,0.8451882845188284,0.0,1.0,0.5,0.480856302532601,0.0,,0.0,0.0
0.8999999999999996,1,5,4,0.0,1.0,0.8451882845188284,0.0,1.0,0.5,0.4265817094557181,0.0,,0.0,0.0
0.9099999999999996,1,1,4,0.0,1.0,0.8443051201671892,0.0,1.0,0.5,0.41275012300340813,0.0,,0.0,0.0
0.9099999999999996,1,2,4,0.0,1.0,0.845350052246604,0.0,1.0,0.5,0.3732376912839928,0.0,,0.0,0.0
0.9099999999999996,1,3,4,0.0,1.0,0.8451882845188284,0.0,1.0,0.5,0.4007308733229709,0.0,,0.0,0.0
0.9099999999999996,1,4,4,0.0,1.0,0.8451882845188284,0.0,1.0,0.5,0.4803017588720444,0.0,,0.0,0.0
0.9099999999999996,1,5,4,0.0,1.0,0.8451882845188284,0.0,1.0,0.5,0.42616979742164457,0.0,,0.0,0.0
0.9199999999999996,1,1,4,0.0,1.0,0.8443051201671892,0.0,1.0,0.5,0.41256770048746627,0.0,,0.0,0.0
0.9199999999999996,1,2,4,0.0,1.0,0.845350052246604,0.0,1.0,0.5,0.37295681581818285,0.0,,0.0,0.0
0.9199999999999996,1,3,4,0.0,1.0,0.8451882845188284,0.0,1.0,0.5,0.40060640483311116,0.0,,0.0,0.0
0.9199999999999996,1,4,4,0.0,1.0,0.8451882845188284,0.0,1.0,0.5,0.48030367001566504,0.0,,0.0,0.0
0.9199999999999996,1,5,4,0.0,1.0,0.8451882845188284,0.0,1.0,0.5,0.4255033941881847,0.0,,0.0,0.0
0.9299999999999996,1,1,4,0.0,1.0,0.8443051201671892,0.0,1.0,0.5,0.4123373560918453,0.0,,0.0,0.0
0.9299999999999996,1,2,4,0.0,1.0,0.845350052246604,0.0,1.0,0.5,0.3725042749410554,0.0,,0.0,0.0
0.9299999999999996,1,3,4,0.0,1.0,0.8451882845188284,0.0,1.0,0.5,0.40047978122912653,0.0,,0.0,0.0
0.9299999999999996,1,4,4,0.0,1.0,0.8451882845188284,0.0,1.0,0.5,0.479799314343262,0.0,,0.0,0.0
0.9299999999999996,1,5,4,0.0,1.0,0.8451882845188284,0.0,1.0,0.5,0.42443705041829954,0.0,,0.0,0.0
0.9399999999999996,1,1,4,0.0,1.0,0.8443051201671892,0.0,1.0,0.5,0.41241406639950695,0.0,,0.0,0.0
0.9399999999999996,1,2,4,0.0,1.0,0.845350052246604,0.0,1.0,0.5,0.37201875408984186,0.0,,0.0,0.0
0.9399999999999996,1,3,4,0.0,1.0,0.8451882845188284,0.0,1.0,0.5,0.4001685357881757,0.0,,0.0,0.0
0.9399999999999996,1,4,4,0.0,1.0,0.8451882845188284,0.0,1.0,0.5,0.4795571562047613,0.0,,0.0,0.0
0.9399999999999996,1,5,4,0.0,1.0,0.8451882845188284,0.0,1.0,0.5,0.42413917419369035,0.0,,0.0,0.0
0.9499999999999995,1,1,4,0.0,1.0,0.8443051201671892,0.0,1.0,0.5,0.41228080775543086,0.0,,0.0,0.0
0.9499999999999995,1,2,4,0.0,1.0,0.845350052246604,0.0,1.0,0.5,0.37182569553117495,0.0,,0.0,0.0
0.9499999999999995,1,3,4,0.0,1.0,0.8451882845188284,0.0,1.0,0.5,0.40004434528748684,0.0,,0.0,0.0
0.9499999999999995,1,4,4,0.0,1.0,0.8451882845188284,0.0,1.0,0.5,0.4793088291572706,0.0,,0.0,0.0
0.9499999999999995,1,5,4,0.0,1.0,0.8451882845188284,0.0,1.0,0.5,0.42379470327009977,0.0,,0.0,0.0
0.9599999999999995,1,1,4,0.0,1.0,0.8443051201671892,0.0,1.0,0.5,0.41190079930830154,0.0,,0.0,0.0
0.9599999999999995,1,2,4,0.0,1.0,0.845350052246604,0.0,1.0,0.5,0.3711378745267841,0.0,,0.0,0.0
0.9599999999999995,1,3,4,0.0,1.0,0.8451882845188284,0.0,1.0,0.5,0.3993602070116677,0.0,,0.0,0.0
0.9599999999999995,1,4,4,0.0,1.0,0.8451882845188284,0.0,1.0,0.5,0.4787875667111329,0.0,,0.0,0.0
0.9599999999999995,1,5,4,0.0,1.0,0.8451882845188284,0.0,1.0,0.5,0.42334687510044533,0.0,,0.0,0.0
0.9699999999999995,1,1,4,0.0,1.0,0.8443051201671892,0.0,1.0,0.5,0.4118159122681865,0.0,,0.0,0.0
0.9699999999999995,1,2,4,0.0,1.0,0.845350052246604,0.0,1.0,0.5,0.3708058671952771,0.0,,0.0,0.0
0.9699999999999995,1,3,4,0.0,1.0,0.8451882845188284,0.0,1.0,0.5,0.39721983806050765,0.0,,0.0,0.0
0.9699999999999995,1,4,4,0.0,1.0,0.8451882845188284,0.0,1.0,0.5,0.4784013959528244,0.0,,0.0,0.0
0.9699999999999995,1,5,4,0.0,1.0,0.8451882845188284,0.0,1.0,0.5,0.4227472259828463,0.0,,0.0,0.0
0.9799999999999995,1,1,4,0.0,1.0,0.8443051201671892,0.0,1.0,0.5,0.4116050433176846,0.0,,0.0,0.0
0.9799999999999995,1,2,4,0.0,1.0,0.845350052246604,0.0,1.0,0.5,0.3700443803821357,0.0,,0.0,0.0
0.9799999999999995,1,3,4,0.0,1.0,0.8451882845188284,0.0,1.0,0.5,0.3971256271610454,0.0,,0.0,0.0
0.9799999999999995,1,4,4,0.0,1.0,0.8451882845188284,0.0,1.0,0.5,0.47817439854697447,0.0,,0.0,0.0
0.9799999999999995,1,5,4,0.0,1.0,0.8451882845188284,0.0,1.0,0.5,0.4221978526113688,0.0,,0.0,0.0
0.9899999999999995,1,1,4,0.0,1.0,0.8443051201671892,0.0,1.0,0.5,0.4113961797357481,0.0,,0.0,0.0
0.9899999999999995,1,2,4,0.0,1.0,0.845350052246604,0.0,1.0,0.5,0.3698130319445251,0.0,,0.0,0.0
0.9899999999999995,1,3,4,0.0,1.0,0.8451882845188284,0.0,1.0,0.5,0.3967379525921793,0.0,,0.0,0.0
0.9899999999999995,1,4,4,0.0,1.0,0.8451882845188284,0.0,1.0,0.5,0.476572853550311,0.0,,0.0,0.0
0.9899999999999995,1,5,4,0.0,1.0,0.8451882845188284,0.0,1.0,0.5,0.42201251332834677,0.0,,0.0,0.0
1.0,1,1,4,0.0,1.0,0.8443051201671892,0.0,1.0,0.5,0.41058885612963336,0.0,,0.0,0.0
1.0,1,2,4,0.0,1.0,0.845350052246604,0.0,1.0,0.5,0.36803150250000444,0.0,,0.0,0.0
1.0,1,3,4,0.0,1.0,0.8451882845188284,0.0,1.0,0.5,0.3960235885841632,0.0,,0.0,0.0
1.0,1,4,4,0.0,1.0,0.8451882845188284,0.0,1.0,0.5,0.4760737044173885,0.0,,0.0,0.0
1.0,1,5,4,0.0,1.0,0.8451882845188284,0.0,1.0,0.5,0.4217708596023985,0.0,,0.0,0.0
0.1,1,1,5,0.5771812080536913,0.9467821782178217,0.8892371995820272,0.5543048452575526,1.0,0.7619816931357566,0.6323888329097724,0.7392326300884368,0.6666666666666666,0.6187050359712231,0.5562752419358468
0.1,1,2,5,0.5608108108108109,0.9097651421508035,0.8557993730407524,0.46040890370660925,1.0,0.7352879764808071,0.5050159531126464,0.7142871460533254,0.532051282051282,0.5460526315789473,0.46063431928300513
0.1,1,3,5,0.42567567567567566,0.9232673267326733,0.8462343096234309,0.37259138882440124,1.0,0.6744715012041744,0.5337358144078556,0.6269070450522992,0.504,0.46153846153846156,0.3743997182429693
0.1,1,4,5,0.4797297297297297,0.9207920792079208,0.852510460251046,0.4154249136988916,1.0,0.7002609044688253,0.528889510280151,0.6646287198847878,0.5259259259259259,0.5017667844522968,0.4160296124489324
0.1,1,5,5,0.49324324324324326,0.9405940594059405,0.8713389121338913,0.46876411804037094,1.0,0.7169186513245919,0.5652911352644336,0.6811326335132636,0.6033057851239669,0.5427509293680297,0.4719842498401728
0.11,1,1,5,0.5771812080536913,0.9467821782178217,0.8892371995820272,0.5543048452575526,1.0,0.7619816931357566,0.6336585060227452,0.7392326300884368,0.6666666666666666,0.6187050359712231,0.5562752419358468
0.11,1,2,5,0.5608108108108109,0.9097651421508035,0.8557993730407524,0.46040890370660925,1.0,0.7352879764808071,0.508408218141722,0.7142871460533254,0.532051282051282,0.5460526315789473,0.46063431928300513
0.11,1,3,5,0.42567567567567566,0.9245049504950495,0.8472803347280334,0.3750179108754833,1.0,0.6750903130853626,0.5344083005091274,0.6273270833205652,0.5080645161290323,0.4632352941176471,0.37701284521867917
0.11,1,4,5,0.4797297297297297,0.9207920792079208,0.852510460251046,0.4154249136988916,1.0,0.7002609044688253,0.52686412032727,0.6646287198847878,0.5259259259259259,0.5017667844522968,0.4160296124489324
0.11,1,5,5,0.4797297297297297,0.9418316831683168,0.8702928870292888,0.4596112468546007,1.0,0.7107807064490232,0.5660784354271436,0.6721790377698735,0.6016949152542372,0.5338345864661654,0.4635903386105836
0.12,1,1,5,0.5771812080536913,0.948019801980198,0.890282131661442,0.5572275220868492,1.0,0.7626005050169447,0.6364923602394288,0.7397156308783477,0.671875,0.6209386281588448,0.559425317621872
0.12,1,2,5,0.5608108108108109,0.9110012360939431,0.8568443051201672,0.4628683564736103,1.0,0.735906023452377,0.5111513800795585,0.7147722307585089,0.535483870967742,0.5478547854785478,0.4630427736853466
0.12,1,3,5,0.42567567567567566,0.9282178217821783,0.850418410041841,0.38238429983555317,1.0,0.6769467487289269,0.5342665748551051,0.6285855140403195,0.5206611570247934,0.4684014869888476,0.385011053454821
0.12,1,4,5,0.4797297297297297,0.9220297029702971,0.8535564853556485,0.41790473539542805,1.0,0.7008797163500133,0.5285992062856026,0.6650752289844537,0.5298507462686567,0.5035460992907801,0.418614543253188
0.12,1,5,5,0.4594594594594595,0.9418316831683168,0.8671548117154811,0.44149631074392326,1.0,0.7006455713138882,0.5672414098318096,0.6578248065026947,0.591304347826087,0.5171102661596958,0.44622016660206343
0.13,1,1,5,0.5771812080536913,0.948019801980198,0.890282131661442,0.5572275220868492,1.0,0.7626005050169447,0.6384929894300748,0.7397156308783477,0.671875,0.6209386281588448,0.559425317621872
0.13,1,2,5,0.5540540540540541,0.9147095179233622,0.8589341692789969,0.46491362493632166,1.0,0.7343817859887081,0.5128386873635994,0.7118978274213711,0.543046357615894,0.5484949832775919,0.46494649579832475
0.13,1,3,5,0.42567567567567566,0.9282178217821783,0.850418410041841,0.38238429983555317,1.0,0.6769467487289269,0.536260551031656,0.6285855140403195,0.5206611570247934,0.4684014869888476,0.385011053454821
0.13,1,4,5,0.4797297297297297,0.9257425742574258,0.856694560669456,0.4254303613104741,1.0,0.7027361519935778,0.5300084276069122,0.6664129612693762,0.5419847328244275,0.5089605734767025,0.42651578709200866
0.13,1,5,5,0.4594594594594595,0.9418316831683168,0.8671548117154811,0.44149631074392326,1.0,0.7006455713138882,0.569413094603174,0.6578248065026947,0.591304347826087,0.5171102661596958,0.44622016660206343
0.13999999999999999,1,1,5,0.5637583892617449,0.9492574257425742,0.8892371995820272,0.5490825361829238,1.0,0.7565079075021596,0.640723424670333,0.731540728415981,0.672,0.6131386861313869,0.5519667264751473
0.13999999999999999,1,2,5,0.5540540540540541,0.9159456118665018,0.8599791013584117,0.46741920211307963,1.0,0.7349998329602779,0.5146478571324633,0.712378677072564,0.5466666666666666,0.5503355704697986,0.4674339700061202
0.13999999999999999,1,3,5,0.42567567567567566,0.9306930693069307,0.852510460251046,0.3873688803243223,1.0,0.6781843724913031,0.5379510856396018,0.6294230700601116,0.5294117647058824,0.47191011235955055,0.3904810262050351
0.13999999999999999,1,4,5,0.4864864864864865,0.9257425742574258,0.8577405857740585,0.4312709966405375,1.0,0.7061145303719562,0.5327130449155757,0.6710896008294648,0.5454545454545454,0.5142857142857142,0.432239618717914
0.13999999999999999,1,5,5,0.4527027027027027,0.9443069306930693,0.8682008368200836,0.44080071306543855,1.0,0.698504816697886,0.5715846876734885,0.6538274234885274,0.5982142857142857,0.5153846153846153,0.446536895262877
0.14999999999999997,1,1,5,0.5637583892617449,0.9492574257425742,0.8892371995820272,0.5490825361829238,1.0,0.7565079075021596,0.6426818437148417,0.731540728415981,0.672,0.6131386861313869,0.5519667264751473
0.14999999999999997,1,2,5,0.5540540540540541,0.9196538936959209,0.8631138975966562,0.47501915805077827,1.0,0.7368539738749875,0.5189093080428736,0.7138192825420318,0.5578231292517006,0.5559322033898305,0.47502297248982805
0.14999999999999997,1,3,5,0.42567567567567566,0.931930693069307,0.8535564853556485,0.3898836658035812,1.0,0.6788031843724913,0.5401467681520725,0.6298414304054457,0.5338983050847458,0.47368421052631576,0.3932590899060342
0.14999999999999997,1,4,5,0.4797297297297297,0.9294554455445545,0.8598326359832636,0.43308787084896994,1.0,0.7045925876371422,0.5358438782157766,0.6677480136151022,0.5546875,0.5144927536231884,0.4346465890231088
0.14999999999999997,1,5,5,0.4527027027027027,0.9467821782178217,0.8702928870292888,0.44628377115952345,1.0,0.6997424404602622,0.5741353430191558,0.654683779354552,0.6090909090909091,0.5193798449612403,0.4528510316421891
0.15999999999999998,1,1,5,0.5570469798657718,0.9504950495049505,0.8892371995820272,0.5464252179745138,1.0,0.7537710146853611,0.6447667293094783,0.7276471649804594,0.6747967479674797,0.6102941176470589,0.5498386256960058
0.15999999999999998,1,2,5,0.5472972972972973,0.9196538936959209,0.8620689655172413,0.46954338167983783,1.0,0.733475595496609,0.5249351457821022,0.7094533744149177,0.5547945205479452,0.5510204081632653,0.46955854794492147
0.15999999999999998,1,3,5,0.43243243243243246,0.9331683168316832,0.8556485355648535,0.39859961343495853,1.0,0.6828003746320578,0.5429316941937442,0.6352418792211385,0.5423728813559322,0.48120300751879697,0.40205049599410286
0.15999999999999998,1,4,5,0.47297297297297297,0.9306930693069307,0.8598326359832636,0.4297567750436239,1.0,0.7018330211399518,0.5382239431775961,0.6634701710818959,0.5555555555555556,0.5109489051094891,0.4316526743760524
0.15999999999999998,1,5,5,0.4527027027027027,0.9455445544554455,0.8692468619246861,0.443533816380129,1.0,0.6991236285790741,0.5787366778168975,0.6542557415321649,0.6036036036036037,0.5173745173745173,0.4496757706194862
0.16999999999999998,1,1,5,0.5570469798657718,0.9517326732673267,0.890282131661442,0.5493764322326911,1.0,0.7543898265665492,0.6480561978342816,0.728120739495272,0.680327868852459,0.6125461254612546,0.5531022133754071
0.16999999999999998,1,2,5,0.5405405405405406,0.9221260815822002,0.8631138975966562,0.4691415529367926,1.0,0.7313333110613705,0.5275124919508749,0.7060074578819782,0.5594405594405595,0.5498281786941581,0.46923788315272197
0.16999999999999998,1,3,5,0.43243243243243246,0.9344059405940595,0.856694560669456,0.4011558790716389,1.0,0.683419186513246,0.5462393989813783,0.6356629875731354,0.5470085470085471,0.4830188679245283,0.40489031209345566
0.16999999999999998,1,4,5,0.4797297297297297,0.931930693069307,0.8619246861924686,0.43826786795342054,1.0,0.7058302113995183,0.5411417009031657,0.6686365675858436,0.5634920634920635,0.5182481751824818,0.4402013145132646
0.16999999999999998,1,5,5,0.4391891891891892,0.9492574257425742,0.8702928870292888,0.4393704362301844,1.0,0.6942233074658817,0.583871163444886,0.6456807253927425,0.6132075471698113,0.5118110236220472,0.447512822710903
0.17999999999999997,1,1,5,0.5570469798657718,0.9517326732673267,0.890282131661442,0.5493764322326911,1.0,0.7543898265665492,0.6524745402640033,0.728120739495272,0.680327868852459,0.6125461254612546,0.5531022133754071
0.17999999999999997,1,2,5,0.5405405405405406,0.9245982694684796,0.8652037617554859,0.4743034530333805,1.0,0.7325694050045101,0.5353074711395257,0.7069532151149327,0.5673758865248227,0.5536332179930796,0.4744965512890659
0.17999999999999997,1,3,5,0.42567567567567566,0.9368811881188119,0.8577405857740585,0.40009597283230564,1.0,0.6812784318972438,0.549564427348355,0.6315121002643616,0.5526315789473685,0.48091603053435117,0.40467297122230705
0.17999999999999997,1,4,5,0.4864864864864865,0.9393564356435643,0.8692468619246861,0.4601261362198888,1.0,0.7129214610650254,0.54504117692682,0.6760060738889163,0.5950413223140496,0.5353159851301115,0.46328693020163764
0.17999999999999997,1,5,5,0.4391891891891892,0.9529702970297029,0.8734309623430963,0.4477629041190063,1.0,0.6960797431094461,0.5896725430564107,0.6469422324086255,0.6310679611650486,0.5179282868525896,0.4575158403946133
0.18999999999999995,1,1,5,0.5637583892617449,0.9517326732673267,0.8913270637408568,0.5549832327297114,1.0,0.7577455312645358,0.6569837990109706,0.7324938763491219,0.6829268292682927,0.6176470588235294,0.5584501006369439
0.18999999999999995,1,2,5,0.5202702702702703,0.9283065512978986,0.8652037617554859,0.4652728146887221,1.0,0.7242884107840845,0.541220573969016,0.6949606466105979,0.5703703703703704,0.5441696113074205,0.4659498270446327
0.18999999999999995,1,3,5,0.4189189189189189,0.9443069306930693,0.8629707112970711,0.4095649386161768,1.0,0.6816129248059941,0.5526132231841496,0.6289578988561818,0.5794392523364486,0.48627450980392156,0.41674226942537757
0.18999999999999995,1,4,5,0.4797297297297297,0.9418316831683168,0.8702928870292888,0.4596112468546007,1.0,0.7107807064490232,0.5470689625138762,0.6721790377698735,0.6016949152542372,0.5338345864661654,0.4635903386105836
0.18999999999999995,1,5,5,0.43243243243243246,0.9603960396039604,0.8786610878661087,0.45864250566273507,1.0,0.6964142360181964,0.5948811534077751,0.6444427014905323,0.6666666666666666,0.5245901639344263,0.4727751636949151
0.19999999999999996,1,1,5,0.5436241610738255,0.9579207920792079,0.8934169278996865,0.553004423522516,1.0,0.7507724765765167,0.6623920994161354,0.7216293279580825,0.7043478260869566,0.6136363636363636,0.5592470646940021
0.19999999999999996,1,2,5,0.5202702702702703,0.9419035846724351,0.8766980146290491,0.4949642218246868,1.0,0.7310869274713527,0.5476251163747464,0.7000317368277414,0.6209677419354839,0.5661764705882353,0.49759630771984187
0.19999999999999996,1,3,5,0.4189189189189189,0.9492574257425742,0.8671548117154811,0.4203792464720147,1.0,0.6840881723307466,0.5564674538900845,0.6306043883195194,0.6019417475728155,0.4940239043824701,0.4295357263070205
0.19999999999999996,1,4,5,0.4594594594594595,0.9467821782178217,0.8713389121338913,0.4524372753180473,1.0,0.7031208188386406,0.5511637296892283,0.659551383767641,0.6126126126126126,0.525096525096525,0.45870252260823624
0.19999999999999996,1,5,5,0.41216216216216217,0.9628712871287128,0.8776150627615062,0.44503542580427474,1.0,0.6875167246454374,0.6015354874877402,0.6299675480426229,0.6703296703296703,0.5104602510460251,0.46225092877790236
0.20999999999999996,1,1,5,0.5302013422818792,0.9616336633663366,0.8944618599791013,0.5506060451081674,1.0,0.7459175028241078,0.6663260868977545,0.7140444377629955,0.7181818181818181,0.61003861003861,0.5590880408969134
0.20999999999999996,1,2,5,0.5067567567567568,0.9431396786155748,0.8756530825496343,0.4861269667940636,1.0,0.7249482176861658,0.5545255347102892,0.6913337867512614,0.6198347107438017,0.5576208178438662,0.4894652304640461
0.20999999999999996,1,3,5,0.39864864864864863,0.9504950495049505,0.8650627615062761,0.4037364380064593,1.0,0.6745718490767996,0.5623801325098787,0.6155595560401762,0.5959595959595959,0.4777327935222672,0.4145078288271388
0.20999999999999996,1,4,5,0.4527027027027027,0.9492574257425742,0.8723849372384938,0.4518348623853212,1.0,0.7009800642226385,0.5574688811248258,0.6555390165308801,0.6203703703703703,0.5234375,0.4593140291106154
0.20999999999999996,1,5,5,0.41216216216216217,0.9665841584158416,0.8807531380753139,0.45390042491782273,1.0,0.6893731602890019,0.6076975304819854,0.6311809698053064,0.6931818181818182,0.5169491525423728,0.4738967844717599
0.21999999999999995,1,1,5,0.5234899328859061,0.969059405940594,0.8996865203761756,0.5634912339050698,1.0,0.74627466941325,0.6710815498249455,0.7122449321534675,0.7572815533980582,0.6190476190476191,0.576236822964762
0.21999999999999995,1,2,5,0.49324324324324326,0.9493201483312732,0.8787878787878788,0.4884003871146136,1.0,0.7212816957872582,0.5628048739655891,0.6842848448117742,0.6403508771929824,0.5572519083969466,0.49398571718857515
0.21999999999999995,1,3,5,0.3918918918918919,0.9529702970297029,0.8661087866108786,0.40264000624853535,1.0,0.6724310944607974,0.5664885072842775,0.6111148276876847,0.6041666666666666,0.47540983606557374,0.4150469974194972
0.21999999999999995,1,4,5,0.4189189189189189,0.9542079207920792,0.8713389121338913,0.4314696269363916,1.0,0.6865634198554991,0.5618000993666646,0.6322465900280422,0.6262626262626263,0.5020242914979757,0.4429809188126781
0.21999999999999995,1,5,5,0.41216216216216217,0.9752475247524752,0.8880753138075314,0.47528571721689866,1.0,0.6937048434573188,0.6157448787724285,0.6340032558633094,0.7530864197530864,0.5327510917030568,0.5032229946740271
0.22999999999999995,1,1,5,0.5033557046979866,0.974009900990099,0.9007314524555904,0.5583584721432838,1.0,0.7386828028440429,0.6747111943674236,0.7001952871133077,0.78125,0.6122448979591837,0.5761197281886287
0.22999999999999995,1,2,5,0.47297297297297297,0.9505562422744128,0.8766980146290491,0.47316021759211724,1.0,0.7117646076236929,0.5713139554950061,0.6705127977052687,0.6363636363636364,0.5426356589147286,0.48012071512991944
0.22999999999999995,1,3,5,0.38513513513513514,0.9554455445544554,0.8671548117154811,0.40152217205276325,1.0,0.6702903398447952,0.5710341155134232,0.6066099644056656,0.6129032258064516,0.4730290456431535,0.41572838082638003
0.22999999999999995,1,4,5,0.40540540540540543,0.9566831683168316,0.8713389121338913,0.42411894920367527,1.0,0.6810442868611185,0.5672811518838593,0.622771649720837,0.631578947368421,0.49382716049382713,0.4378123214971602
0.22999999999999995,1,5,5,0.3918918918918919,0.9789603960396039,0.8880753138075314,0.4644061406999392,1.0,0.6854261439657479,0.6219874332127727,0.619392155012635,0.7733333333333333,0.5201793721973094,0.4989062158979496
0.23999999999999994,1,1,5,0.46308724832214765,0.9752475247524752,0.8955067920585162,0.5244578720359367,1.0,0.7191673865373114,0.6770002445828538,0.6720302766026315,0.7752808988764045,0.5798319327731093,0.5472047684572502
0.23999999999999994,1,2,5,0.47297297297297297,0.9567367119901112,0.8819226750261233,0.4875829815059633,1.0,0.7148548424815421,0.5814674530303188,0.672689086445105,0.6666666666666666,0.5533596837944664,0.4971252400178517
0.23999999999999994,1,3,5,0.34459459459459457,0.9628712871287128,0.8671548117154811,0.37720828118267413,1.0,0.6537329408616537,0.5716957638224148,0.5760210420070557,0.6296296296296297,0.44541484716157204,0.3993805704579224
0.23999999999999994,1,4,5,0.3783783783783784,0.9628712871287128,0.8723849372384938,0.41168637262418795,1.0,0.6706248327535456,0.5680792648524612,0.6035972798239438,0.6511627906976745,0.47863247863247865,0.43141964836033797
0.23999999999999994,1,5,5,0.36486486486486486,0.9789603960396039,0.8838912133891214,0.43659608809225475,1.0,0.6719126304522344,0.6270439111124164,0.5976522840323165,0.7605633802816901,0.4931506849315068,0.47432226324633614
0.24999999999999992,1,1,5,0.4228187919463087,0.9764851485148515,0.890282131661442,0.4889666431030711,1.0,0.6996519702305801,0.6782281544746543,0.642554488622219,0.7682926829268293,0.5454545454545454,0.5172392316083866
0.24999999999999992,1,2,5,0.4527027027027027,0.9604449938195303,0.8819226750261233,0.477768924302789,1.0,0.7065738482611165,0.5893417224728698,0.6593906615196957,0.6767676767676768,0.5425101214574899,0.4905115216483556
0.24999999999999992,1,3,5,0.33783783783783783,0.9752475247524752,0.8765690376569037,0.3989599761305997,1.0,0.6565426812951565,0.576305483365055,0.5739995776297048,0.7142857142857143,0.45871559633027525,0.43474382392861155
0.24999999999999992,1,4,5,0.3783783783783784,0.9665841584158416,0.8755230125523012,0.42036399209244496,1.0,0.67248126839711,0.5742847147533292,0.6047599080855276,0.6746987951807228,0.48484848484848486,0.44316178496562275
0.24999999999999992,1,5,5,0.33783783783783783,0.9851485148514851,0.8849372384937239,0.4234901977983423,1.0,0.6614931763446614,0.6329650498044258,0.5769059231855596,0.8064516129032258,0.47619047619047616,0.4744124811272019
0.2599999999999999,1,1,5,0.4161073825503356,0.9801980198019802,0.8923719958202717,0.4918889662104696,1.0,0.6981527011761579,0.6784398022753569,0.6386451537440991,0.7948717948717948,0.5462555066079295,0.5251544722264583
0.2599999999999999,1,2,5,0.39864864864864863,0.9703337453646477,0.8819226750261233,0.4496613214316613,1.0,0.6844911970066482,0.5927658655677881,0.6219503487641105,0.7108433734939759,0.5108225108225108,0.47404110336073474
0.2599999999999999,1,3,5,0.30405405405405406,0.9789603960396039,0.8744769874476988,0.37108021578000977,1.0,0.641507225046829,0.5780309324008256,0.5455793958483073,0.7258064516129032,0.42857142857142855,0.4157004973920107
0.2599999999999999,1,4,5,0.3581081081081081,0.9715346534653465,0.8765690376569037,0.41137919519118366,1.0,0.6648213807867274,0.5790117078558618,0.5898427220148958,0.6973684210526315,0.4732142857142857,0.44079021956239656
0.2599999999999999,1,5,5,0.33783783783783783,0.9876237623762376,0.8870292887029289,0.4298462625905637,1.0,0.6627308001070378,0.6398521992184494,0.5776302246926304,0.8333333333333334,0.4807692307692308,0.48540770250891335
0.2699999999999999,1,1,5,0.3691275167785235,0.9876237623762376,0.8913270637408568,0.4632525832128911,1.0,0.6783756395773806,0.6760882857668243,0.6037873027129695,0.8461538461538461,0.514018691588785,0.5140735367985609
0.2699999999999999,1,2,5,0.36486486486486486,0.9765142150803461,0.8819226750261233,0.4305041366271875,1.0,0.6706895399726055,0.6010033648668527,0.596905124055666,0.7397260273972602,0.48868778280542985,0.4650016131617059
0.2699999999999999,1,3,5,0.28378378378378377,0.9814356435643564,0.8734309623430963,0.3541550349509795,1.0,0.63260971367407,0.5747871558989044,0.5277456967810974,0.7368421052631579,0.4097560975609756,0.4051581667605456
0.2699999999999999,1,4,5,0.34459459459459457,0.9764851485148515,0.8786610878661087,0.4091470951792335,1.0,0.660539871554723,0.5811183056222997,0.5800788772918022,0.7285714285714285,0.46788990825688076,0.44584465447550664
0.2699999999999999,1,5,5,0.3108108108108108,0.9925742574257426,0.8870292887029289,0.41272297051328727,1.0,0.6516925341182767,0.6460233239437752,0.5554302924224006,0.8846153846153846,0.46,0.48388800125912856
0.2799999999999999,1,1,5,0.3288590604026846,0.9913366336633663,0.8881922675026124,0.42952249898327016,1.0,0.6600978470330254,0.6692831089188896,0.5709728836725042,0.875,0.47804878048780486,0.49460430591117976
0.2799999999999999,1,2,5,0.30405405405405406,0.9789864029666254,0.8746081504702194,0.3711463273061802,1.0,0.6415202285103397,0.6028056293854269,0.5455866426937139,0.7258064516129032,0.42857142857142855,0.41576341679090006
0.2799999999999999,1,3,5,0.24324324324324326,0.9900990099009901,0.8744769874476988,0.3272659035466315,1.0,0.6166711265721166,0.5745409169001924,0.4907493192050712,0.8181818181818182,0.375,0.40281549468780786
0.2799999999999999,1,4,5,0.3108108108108108,0.9789603960396039,0.8755230125523012,0.37856971180107934,1.0,0.6448856034252074,0.5833733719952402,0.5516080804744812,0.7301587301587301,0.43601895734597157,0.42246989178707683
0.2799999999999999,1,5,5,0.2905405405405405,0.9938118811881188,0.8849372384937239,0.39272844867411993,1.0,0.6421762108643296,0.6501067548606502,0.5373477841733484,0.8958333333333334,0.4387755102040816,0.4710097817380906
0.2899999999999999,1,1,5,0.2751677852348993,0.9938118811881188,0.8819226750261233,0.37457130133540006,1.0,0.6344898332115091,0.6640309438078555,0.5229388246120797,0.8913043478260869,0.4205128205128205,0.4559110946341241
0.2899999999999999,1,2,5,0.2635135135135135,0.9826946847960445,0.8714733542319749,0.3337201206776513,1.0,0.6231040991547789,0.6041756026606423,0.5088745710896354,0.7358490566037735,0.3880597014925373,0.38921133394620944
0.2899999999999999,1,3,5,0.20945945945945946,0.9913366336633663,0.8702928870292888,0.2883146822919171,1.0,0.6003980465614129,0.5732454386773229,0.45568062876261145,0.8157894736842105,0.3333333333333333,0.37177369487242745
0.2899999999999999,1,4,5,0.24324324324324326,0.9826732673267327,0.8682008368200836,0.30966026316996,1.0,0.6129582552849879,0.5872828165704853,0.4889055456762472,0.72,0.36363636363636365,0.3670586039776892
0.2899999999999999,1,5,5,0.24324324324324326,0.9975247524752475,0.8807531380753139,0.3457086595264399,1.0,0.6203839978592454,0.6499371166162754,0.49258619145028076,0.9473684210526315,0.3870967741935484,0.44578161847271913
0.29999999999999993,1,1,5,0.21476510067114093,0.9962871287128713,0.8746081504702194,0.30676453898996753,1.0,0.6055261146920061,0.6573712800926784,0.462566433602117,0.9142857142857143,0.34782608695652173,0.40765171705473635
0.29999999999999993,1,2,5,0.20945945945945946,0.9901112484548825,0.8693834900731452,0.2854582922677175,1.0,0.599785353957171,0.6009860795115741,0.4553989096452584,0.7948717948717948,0.3315508021390374,0.3649625246822858
0.29999999999999993,1,3,5,0.14864864864864866,0.9938118811881188,0.8629707112970711,0.21387500941572327,1.0,0.5712302649183837,0.5731621353930145,0.3843550352858477,0.8148148148148148,0.25142857142857145,0.3110579849154084
0.29999999999999993,1,4,5,0.17567567567567569,0.9888613861386139,0.8629707112970711,0.23909398012005753,1.0,0.5822685309071448,0.5923211445022057,0.41679598385719385,0.7428571428571429,0.28415300546448086,0.31691036127367445
0.29999999999999993,1,5,5,0.17567567567567569,0.9975247524752475,0.8702928870292888,0.25895179035807186,1.0,0.5866002140754616,0.649199586464593,0.4186177670552222,0.9285714285714286,0.29545454545454547,0.37156302981324224
0.30999999999999994,1,1,5,0.14093959731543623,0.9975247524752475,0.864158829676071,0.21134706814580023,1.0,0.5692321748953418,0.6496578587224479,0.37495431311833394,0.9130434782608695,0.2441860465116279,0.3277928144093681
0.30999999999999994,1,2,5,0.14189189189189189,0.9962917181705809,0.864158829676071,0.21009523809523806,1.0,0.5690918050312364,0.6001424889834417,0.37598632523995773,0.875,0.2441860465116279,0.3195326272521938
0.30999999999999994,1,3,5,0.0945945945945946,0.9938118811881188,0.854602510460251,0.13727374243643983,1.0,0.5442032378913567,0.5713962500473848,0.3066092497043778,0.7368421052631579,0.16766467065868262,0.22912581378503102
0.30999999999999994,1,4,5,0.11486486486486487,0.995049504950495,0.858786610878661,0.169220073641115,1.0,0.55495718490768,0.6018020731630161,0.33807724992964155,0.8095238095238095,0.20118343195266272,0.2712536304874365
0.30999999999999994,1,5,5,0.12837837837837837,0.9987623762376238,0.8640167364016736,0.19657633429871751,1.0,0.5635703773080011,0.6448670430147232,0.3580774975430905,0.95,0.2261904761904762,0.32134267205529615
0.3199999999999999,1,1,5,0.08053691275167785,0.9987623762376238,0.8557993730407524,0.12631648584281568,1.0,0.5396496444946508,0.6396086543277335,0.2836145947491207,0.9230769230769231,0.14814814814814814,0.24837646096377908
0.3199999999999999,1,2,5,0.11486486486486487,0.9962917181705809,0.8599791013584117,0.1718887224259959,1.0,0.5555782915177229,0.5939027670254334,0.33828821081091165,0.85,0.20238095238095238,0.280967128695898
0.3199999999999999,1,3,5,0.04054054054054054,0.995049504950495,0.8472803347280334,0.05747933661066379,1.0,0.5177950227455178,0.5697796502817125,0.20084781501248736,0.6,0.0759493670886076,0.12653757667076226
0.3199999999999999,1,4,5,0.08783783783783784,0.9962871287128713,0.8556485355648535,0.1323266336946225,1.0,0.5420624832753546,0.6048690246616355,0.295823777360452,0.8125,0.15853658536585366,0.23721247482256294
0.3199999999999999,1,5,5,0.060810810810810814,0.9987623762376238,0.8535564853556485,0.0962130625033765,1.0,0.5297865935242173,0.6393314636272539,0.24644583564414715,0.9,0.11392405063291139,0.21180772937089057
0.32999999999999985,1,1,5,0.040268456375838924,0.9987623762376238,0.8495297805642633,0.06384250641957537,1.0,0.5195154163067314,0.6272876219567424,0.20054580319057783,0.8571428571428571,0.07692307692307693,0.1660717674605405
0.32999999999999985,1,2,5,0.06756756756756757,0.9975278121137207,0.8537095088819227,0.10422015404364585,1.0,0.5325476898406442,0.585327800685252,0.2596161163054437,0.8333333333333334,0.125,0.21151869369147702
0.32999999999999985,1,3,5,0.013513513513513514,0.9962871287128713,0.8441422594142259,0.016189186949194755,1.0,0.5049003211131924,0.5691977361930808,0.11603163179582093,0.4,0.026143790849673203,0.04914912754086249
0.32999999999999985,1,4,5,0.04054054054054054,1.0,0.8514644351464435,0.06666299983499259,1.0,0.5202702702702703,0.6057817312474838,0.2013468165642073,1.0,0.07792207792207792,0.18569005516198153
0.32999999999999985,1,5,5,0.0472972972972973,0.9987623762376238,0.8514644351464435,0.0750572331843455,1.0,0.5230298367674605,0.6335344317482696,0.21734479758730366,0.875,0.08974358974358974,0.18289769461925753
0.33999999999999986,1,1,5,0.020134228187919462,0.9987623762376238,0.8463949843260188,0.0313298308189133,1.0,0.5094483022127716,0.6155160190159191,0.14180729737456035,0.75,0.0392156862745098,0.10619550644799318
0.33999999999999986,1,2,5,0.013513513513513514,1.0,0.8474399164054337,0.022636018970607356,1.0,0.5067567567567568,0.5720435224037811,0.11624763874381928,1.0,0.02666666666666667,0.10699333263188851
0.33999999999999986,1,3,5,0.006756756756756757,0.9987623762376238,0.8451882845188284,0.009243179653801047,1.0,0.5027595664971902,0.567943600820037,0.08214861188138238,0.5,0.013333333333333334,0.04369363860632264
0.33999999999999986,1,4,5,0.02027027027027027,1.0,0.8483263598326359,0.033791507513870334,1.0,0.5101351351351351,0.6045324653657411,0.14237369936287486,1.0,0.039735099337748346,0.13109586688829064
0.33999999999999986,1,5,5,0.02702702702702703,0.9987623762376238,0.8483263598326359,0.04260021548747112,1.0,0.5128947016323254,0.6290675359728631,0.16429722376276476,0.8,0.05228758169934641,0.12933098066213303
0.34999999999999987,1,1,5,0.013422818791946308,1.0,0.8463949843260188,0.0224583249369402,1.0,0.5067114093959731,0.6023895004278484,0.11585688927269845,1.0,0.026490066225165563,0.10656776515213719
0.34999999999999987,1,2,5,0.0,1.0,0.845350052246604,0.0,1.0,0.5,0.5649705942708119,0.0,,0.0,0.0
0.34999999999999987,1,3,5,0.0,1.0,0.8451882845188284,0.0,1.0,0.5,0.5725547646131245,0.0,,0.0,0.0
0.34999999999999987,1,4,5,0.013513513513513514,1.0,0.8472803347280334,0.022631785334154945,1.0,0.5067567567567568,0.5999626578516568,0.11624763874381928,1.0,0.02666666666666667,0.1069832121027536
0.34999999999999987,1,5,5,0.013513513513513514,1.0,0.8472803347280334,0.022631785334154945,1.0,0.5067567567567568,0.6240800172172786,0.11624763874381928,1.0,0.02666666666666667,0.1069832121027536
0.3599999999999999,1,1,5,0.006711409395973154,1.0,0.845350052246604,0.011280819814034367,1.0,0.5033557046979866,0.585200158621362,0.08192319205190404,1.0,0.013333333333333334,0.0753153675824934
0.3599999999999999,1,2,5,0.0,1.0,0.845350052246604,0.0,1.0,0.5,0.5532747409205816,0.0,,0.0,0.0
0.3599999999999999,1,3,5,0.0,1.0,0.8451882845188284,0.0,1.0,0.5,0.5692436098455655,0.0,,0.0,0.0
0.3599999999999999,1,4,5,0.0,1.0,0.8451882845188284,0.0,1.0,0.5,0.5964960859099961,0.0,,0.0,0.0
0.3599999999999999,1,5,5,0.0,1.0,0.8451882845188284,0.0,1.0,0.5,0.6178376799202739,0.0,,0.0,0.0
0.3699999999999999,1,1,5,0.0,1.0,0.8443051201671892,0.0,1.0,0.5,0.5712040703699702,0.0,,0.0,0.0
0.3699999999999999,1,2,5,0.0,1.0,0.845350052246604,0.0,1.0,0.5,0.5413425778592301,0.0,,0.0,0.0
0.3699999999999999,1,3,5,0.0,1.0,0.8451882845188284,0.0,1.0,0.5,0.5656802014182674,0.0,,0.0,0.0
0.3699999999999999,1,4,5,0.0,1.0,0.8451882845188284,0.0,1.0,0.5,0.5909569194896446,0.0,,0.0,0.0
0.3699999999999999,1,5,5,0.0,1.0,0.8451882845188284,0.0,1.0,0.5,0.6113804467561339,0.0,,0.0,0.0
0.3799999999999999,1,1,5,0.0,1.0,0.8443051201671892,0.0,1.0,0.5,0.558737428436659,0.0,,0.0,0.0
0.3799999999999999,1,2,5,0.0,1.0,0.845350052246604,0.0,1.0,0.5,0.5298551436425003,0.0,,0.0,0.0
0.3799999999999999,1,3,5,0.0,1.0,0.8451882845188284,0.0,1.0,0.5,0.5701013964004694,0.0,,0.0,0.0
0.3799999999999999,1,4,5,0.0,1.0,0.8451882845188284,0.0,1.0,0.5,0.5747529434359389,0.0,,0.0,0.0
0.3799999999999999,1,5,5,0.0,1.0,0.8451882845188284,0.0,1.0,0.5,0.6088197666285599,0.0,,0.0,0.0
0.3899999999999999,1,1,5,0.0,1.0,0.8443051201671892,0.0,1.0,0.5,0.5545136585949527,0.0,,0.0,0.0
0.3899999999999999,1,2,5,0.0,1.0,0.845350052246604,0.0,1.0,0.5,0.5161854129415132,0.0,,0.0,0.0
0.3899999999999999,1,3,5,0.0,1.0,0.8451882845188284,0.0,1.0,0.5,0.5652281309391,0.0,,0.0,0.0
0.3899999999999999,1,4,5,0.0,1.0,0.8451882845188284,0.0,1.0,0.5,0.5678708967039932,0.0,,0.0,0.0
0.3899999999999999,1,5,5,0.0,1.0,0.8451882845188284,0.0,1.0,0.5,0.6039695395748907,0.0,,0.0,0.0
0.3999999999999998,1,1,5,0.0,1.0,0.8443051201671892,0.0,1.0,0.5,0.5430930127678194,0.0,,0.0,0.0
0.3999999999999998,1,2,5,0.0,1.0,0.845350052246604,0.0,1.0,0.5,0.5016821328954969,0.0,,0.0,0.0
0.3999999999999998,1,3,5,0.0,1.0,0.8451882845188284,0.0,1.0,0.5,0.5628469384765805,0.0,,0.0,0.0
0.3999999999999998,1,4,5,0.0,1.0,0.8451882845188284,0.0,1.0,0.5,0.5607851365963128,0.0,,0.0,0.0
0.3999999999999998,1,5,5,0.0,1.0,0.8451882845188284,0.0,1.0,0.5,0.5960165373952406,0.0,,0.0,0.0
0.4099999999999998,1,1,5,0.0,1.0,0.8443051201671892,0.0,1.0,0.5,0.5305009105397978,0.0,,0.0,0.0
0.4099999999999998,1,2,5,0.0,1.0,0.845350052246604,0.0,1.0,0.5,0.4905381394842814,0.0,,0.0,0.0
0.4099999999999998,1,3,5,0.0,1.0,0.8451882845188284,0.0,1.0,0.5,0.5609768797345107,0.0,,0.0,0.0
0.4099999999999998,1,4,5,0.0,1.0,0.8451882845188284,0.0,1.0,0.5,0.5528442702044153,0.0,,0.0,0.0
0.4099999999999998,1,5,5,0.0,1.0,0.8451882845188284,0.0,1.0,0.5,0.58772997063234,0.0,,0.0,0.0
0.4199999999999998,1,1,5,0.0,1.0,0.8443051201671892,0.0,1.0,0.5,0.5230161538333561,0.0,,0.0,0.0
0.4199999999999998,1,2,5,0.0,1.0,0.845350052246604,0.0,1.0,0.5,0.4790244821074559,0.0,,0.0,0.0
0.4199999999999998,1,3,5,0.0,1.0,0.8451882845188284,0.0,1.0,0.5,0.5575014712612443,0.0,,0.0,0.0
0.4199999999999998,1,4,5,0.0,1.0,0.8451882845188284,0.0,1.0,0.5,0.5427349648272246,0.0,,0.0,0.0
0.4199999999999998,1,5,5,0.0,1.0,0.8451882845188284,0.0,1.0,0.5,0.5775353613573683,0.0,,0.0,0.0
0.4299999999999998,1,1,5,0.0,1.0,0.8443051201671892,0.0,1.0,0.5,0.5144431374039944,0.0,,0.0,0.0
0.4299999999999998,1,2,5,0.0,1.0,0.845350052246604,0.0,1.0,0.5,0.46798859567772066,0.0,,0.0,0.0
0.4299999999999998,1,3,5,0.0,1.0,0.8451882845188284,0.0,1.0,0.5,0.5522517721688572,0.0,,0.0,0.0
0.4299999999999998,1,4,5,0.0,1.0,0.8451882845188284,0.0,1.0,0.5,0.5336025681313559,0.0,,0.0,0.0
0.4299999999999998,1,5,5,0.0,1.0,0.8451882845188284,0.0,1.0,0.5,0.5692789301908687,0.0,,0.0,0.0
0.43999999999999984,1,1,5,0.0,1.0,0.8443051201671892,0.0,1.0,0.5,0.5058992910390345,0.0,,0.0,0.0
0.43999999999999984,1,2,5,0.0,1.0,0.845350052246604,0.0,1.0,0.5,0.459883526525239,0.0,,0.0,0.0
0.43999999999999984,1,3,5,0.0,1.0,0.8451882845188284,0.0,1.0,0.5,0.5464704843309043,0.0,,0.0,0.0
0.43999999999999984,1,4,5,0.0,1.0,0.8451882845188284,0.0,1.0,0.5,0.5257788465487084,0.0,,0.0,0.0
0.43999999999999984,1,5,5,0.0,1.0,0.8451882845188284,0.0,1.0,0.5,0.5609284573677786,0.0,,0.0,0.0
0.44999999999999984,1,1,5,0.0,1.0,0.8443051201671892,0.0,1.0,0.5,0.49929428439308954,0.0,,0.0,0.0
0.44999999999999984,1,2,5,0.0,1.0,0.845350052246604,0.0,1.0,0.5,0.45192912011006836,0.0,,0.0,0.0
0.44999999999999984,1,3,5,0.0,1.0,0.8451882845188284,0.0,1.0,0.5,0.5404325291687176,0.0,,0.0,0.0
0.44999999999999984,1,4,5,0.0,1.0,0.8451882845188284,0.0,1.0,0.5,0.5182789579490453,0.0,,0.0,0.0
0.44999999999999984,1,5,5,0.0,1.0,0.8451882845188284,0.0,1.0,0.5,0.5501928046676152,0.0,,0.0,0.0
0.45999999999999985,1,1,5,0.0,1.0,0.8443051201671892,0.0,1.0,0.5,0.4921356338104849,0.0,,0.0,0.0
0.45999999999999985,1,2,5,0.0,1.0,0.845350052246604,0.0,1.0,0.5,0.44485987693327145,0.0,,0.0,0.0
0.45999999999999985,1,3,5,0.0,1.0,0.8451882845188284,0.0,1.0,0.5,0.5352315119876837,0.0,,0.0,0.0
0.45999999999999985,1,4,5,0.0,1.0,0.8451882845188284,0.0,1.0,0.5,0.5119273277616999,0.0,,0.0,0.0
0.45999999999999985,1,5,5,0.0,1.0,0.8451882845188284,0.0,1.0,0.5,0.5419199384543418,0.0,,0.0,0.0
0.46999999999999986,1,1,5,0.0,1.0,0.8443051201671892,0.0,1.0,0.5,0.4865230501140023,0.0,,0.0,0.0
0.46999999999999986,1,2,5,0.0,1.0,0.845350052246604,0.0,1.0,0.5,0.4376495595109592,0.0,,0.0,0.0
0.46999999999999986,1,3,5,0.0,1.0,0.8451882845188284,0.0,1.0,0.5,0.5296696303634476,0.0,,0.0,0.0
0.46999999999999986,1,4,5,0.0,1.0,0.8451882845188284,0.0,1.0,0.5,0.504016271286011,0.0,,0.0,0.0
0.46999999999999986,1,5,5,0.0,1.0,0.8451882845188284,0.0,1.0,0.5,0.5339984643934351,0.0,,0.0,0.0
0.47999999999999976,1,1,5,0.0,1.0,0.8443051201671892,0.0,1.0,0.5,0.4799928054541759,0.0,,0.0,0.0
0.47999999999999976,1,2,5,0.0,1.0,0.845350052246604,0.0,1.0,0.5,0.43168608226039945,0.0,,0.0,0.0
0.47999999999999976,1,3,5,0.0,1.0,0.8451882845188284,0.0,1.0,0.5,0.5248764757007517,0.0,,0.0,0.0
0.47999999999999976,1,4,5,0.0,1.0,0.8451882845188284,0.0,1.0,0.5,0.4973804973768367,0.0,,0.0,0.0
0.47999999999999976,1,5,5,0.0,1.0,0.8451882845188284,0.0,1.0,0.5,0.5277256797083577,0.0,,0.0,0.0
0.48999999999999977,1,1,5,0.0,1.0,0.8443051201671892,0.0,1.0,0.5,0.4761809240205861,0.0,,0.0,0.0
0.48999999999999977,1,2,5,0.0,1.0,0.845350052246604,0.0,1.0,0.5,0.42670321519821713,0.0,,0.0,0.0
0.48999999999999977,1,3,5,0.0,1.0,0.8451882845188284,0.0,1.0,0.5,0.5208237769654367,0.0,,0.0,0.0
0.48999999999999977,1,4,5,0.0,1.0,0.8451882845188284,0.0,1.0,0.5,0.4914081884489805,0.0,,0.0,0.0
0.48999999999999977,1,5,5,0.0,1.0,0.8451882845188284,0.0,1.0,0.5,0.5214634356577053,0.0,,0.0,0.0
0.4999999999999998,1,1,5,0.0,1.0,0.8443051201671892,0.0,1.0,0.5,0.4720194163111876,0.0,,0.0,0.0
0.4999999999999998,1,2,5,0.0,1.0,0.845350052246604,0.0,1.0,0.5,0.4208177180824359,0.0,,0.0,0.0
0.4999999999999998,1,3,5,0.0,1.0,0.8451882845188284,0.0,1.0,0.5,0.5154823298531146,0.0,,0.0,0.0
0.4999999999999998,1,4,5,0.0,1.0,0.8451882845188284,0.0,1.0,0.5,0.48635562380140984,0.0,,0.0,0.0
0.4999999999999998,1,5,5,0.0,1.0,0.8451882845188284,0.0,1.0,0.5,0.5160673109096301,0.0,,0.0,0.0
0.5099999999999998,1,1,5,0.0,1.0,0.8443051201671892,0.0,1.0,0.5,0.4683997287158848,0.0,,0.0,0.0
0.5099999999999998,1,2,5,0.0,1.0,0.845350052246604,0.0,1.0,0.5,0.41649671964109763,0.0,,0.0,0.0
0.5099999999999998,1,3,5,0.0,1.0,0.8451882845188284,0.0,1.0,0.5,0.5132782115146919,0.0,,0.0,0.0
0.5099999999999998,1,4,5,0.0,1.0,0.8451882845188284,0.0,1.0,0.5,0.4820408535039384,0.0,,0.0,0.0
0.5099999999999998,1,5,5,0.0,1.0,0.8451882845188284,0.0,1.0,0.5,0.5110493476149361,0.0,,0.0,0.0
0.5199999999999998,1,1,5,0.0,1.0,0.8443051201671892,0.0,1.0,0.5,0.46403205220378774,0.0,,0.0,0.0
0.5199999999999998,1,2,5,0.0,1.0,0.845350052246604,0.0,1.0,0.5,0.412757066238873,0.0,,0.0,0.0
0.5199999999999998,1,3,5,0.0,1.0,0.8451882845188284,0.0,1.0,0.5,0.510049582781261,0.0,,0.0,0.0
0.5199999999999998,1,4,5,0.0,1.0,0.8451882845188284,0.0,1.0,0.5,0.478239448658296,0.0,,0.0,0.0
0.5199999999999998,1,5,5,0.0,1.0,0.8451882845188284,0.0,1.0,0.5,0.5051229249807562,0.0,,0.0,0.0
0.5299999999999998,1,1,5,0.0,1.0,0.8443051201671892,0.0,1.0,0.5,0.46186457945047893,0.0,,0.0,0.0
0.5299999999999998,1,2,5,0.0,1.0,0.845350052246604,0.0,1.0,0.5,0.41175288373414576,0.0,,0.0,0.0
0.5299999999999998,1,3,5,0.0,1.0,0.8451882845188284,0.0,1.0,0.5,0.5076570880192701,0.0,,0.0,0.0
0.5299999999999998,1,4,5,0.0,1.0,0.8451882845188284,0.0,1.0,0.5,0.4737238504754074,0.0,,0.0,0.0
0.5299999999999998,1,5,5,0.0,1.0,0.8451882845188284,0.0,1.0,0.5,0.4983972554191484,0.0,,0.0,0.0
0.5399999999999998,1,1,5,0.0,1.0,0.8443051201671892,0.0,1.0,0.5,0.45921844206023626,0.0,,0.0,0.0
0.5399999999999998,1,2,5,0.0,1.0,0.845350052246604,0.0,1.0,0.5,0.40897286290068524,0.0,,0.0,0.0
0.5399999999999998,1,3,5,0.0,1.0,0.8451882845188284,0.0,1.0,0.5,0.5047729029300513,0.0,,0.0,0.0
0.5399999999999998,1,4,5,0.0,1.0,0.8451882845188284,0.0,1.0,0.5,0.4699047115641541,0.0,,0.0,0.0
0.5399999999999998,1,5,5,0.0,1.0,0.8451882845188284,0.0,1.0,0.5,0.49477816855184065,0.0,,0.0,0.0
0.5499999999999998,1,1,5,0.0,1.0,0.8443051201671892,0.0,1.0,0.5,0.4575927284351814,0.0,,0.0,0.0
0.5499999999999998,1,2,5,0.0,1.0,0.845350052246604,0.0,1.0,0.5,0.40609201880763873,0.0,,0.0,0.0
0.5499999999999998,1,3,5,0.0,1.0,0.8451882845188284,0.0,1.0,0.5,0.5024200680035324,0.0,,0.0,0.0
0.5499999999999998,1,4,5,0.0,1.0,0.8451882845188284,0.0,1.0,0.5,0.466338935957456,0.0,,0.0,0.0
0.5499999999999998,1,5,5,0.0,1.0,0.8451882845188284,0.0,1.0,0.5,0.49176901835299397,0.0,,0.0,0.0
0.5599999999999997,1,1,5,0.0,1.0,0.8443051201671892,0.0,1.0,0.5,0.455796718889994,0.0,,0.0,0.0
0.5599999999999997,1,2,5,0.0,1.0,0.845350052246604,0.0,1.0,0.5,0.4014925416219639,0.0,,0.0,0.0
0.5599999999999997,1,3,5,0.0,1.0,0.8451882845188284,0.0,1.0,0.5,0.49963904682775784,0.0,,0.0,0.0
0.5599999999999997,1,4,5,0.0,1.0,0.8451882845188284,0.0,1.0,0.5,0.46257553326035444,0.0,,0.0,0.0
0.5599999999999997,1,5,5,0.0,1.0,0.8451882845188284,0.0,1.0,0.5,0.48712527941151007,0.0,,0.0,0.0
0.5699999999999997,1,1,5,0.0,1.0,0.8443051201671892,0.0,1.0,0.5,0.4546953369636659,0.0,,0.0,0.0
0.5699999999999997,1,2,5,0.0,1.0,0.845350052246604,0.0,1.0,0.5,0.398433367756468,0.0,,0.0,0.0
0.5699999999999997,1,3,5,0.0,1.0,0.8451882845188284,0.0,1.0,0.5,0.49644615612463605,0.0,,0.0,0.0
0.5699999999999997,1,4,5,0.0,1.0,0.8451882845188284,0.0,1.0,0.5,0.4600471835746951,0.0,,0.0,0.0
0.5699999999999997,1,5,5,0.0,1.0,0.8451882845188284,0.0,1.0,0.5,0.48467452485881357,0.0,,0.0,0.0
0.5799999999999997,1,1,5,0.0,1.0,0.8443051201671892,0.0,1.0,0.5,0.45197904525539334,0.0,,0.0,0.0
0.5799999999999997,1,2,5,0.0,1.0,0.845350052246604,0.0,1.0,0.5,0.39550841011768034,0.0,,0.0,0.0
0.5799999999999997,1,3,5,0.0,1.0,0.8451882845188284,0.0,1.0,0.5,0.49374547483627806,0.0,,0.0,0.0
0.5799999999999997,1,4,5,0.0,1.0,0.8451882845188284,0.0,1.0,0.5,0.45784598194600246,0.0,,0.0,0.0
0.5799999999999997,1,5,5,0.0,1.0,0.8451882845188284,0.0,1.0,0.5,0.4824816554625071,0.0,,0.0,0.0
0.5899999999999997,1,1,5,0.0,1.0,0.8443051201671892,0.0,1.0,0.5,0.4506484997482888,0.0,,0.0,0.0
0.5899999999999997,1,2,5,0.0,1.0,0.845350052246604,0.0,1.0,0.5,0.39352736796381127,0.0,,0.0,0.0
0.5899999999999997,1,3,5,0.0,1.0,0.8451882845188284,0.0,1.0,0.5,0.49106116776965547,0.0,,0.0,0.0
0.5899999999999997,1,4,5,0.0,1.0,0.8451882845188284,0.0,1.0,0.5,0.45474727622361016,0.0,,0.0,0.0
0.5899999999999997,1,5,5,0.0,1.0,0.8451882845188284,0.0,1.0,0.5,0.48004716629207494,0.0,,0.0,0.0
0.5999999999999998,1,1,5,0.0,1.0,0.8443051201671892,0.0,1.0,0.5,0.4486575971338708,0.0,,0.0,0.0
0.5999999999999998,1,2,5,0.0,1.0,0.845350052246604,0.0,1.0,0.5,0.3922522148151929,0.0,,0.0,0.0
0.5999999999999998,1,3,5,0.0,1.0,0.8451882845188284,0.0,1.0,0.5,0.49063514200947705,0.0,,0.0,0.0
0.5999999999999998,1,4,5,0.0,1.0,0.8451882845188284,0.0,1.0,0.5,0.4519523138283773,0.0,,0.0,0.0
0.5999999999999998,1,5,5,0.0,1.0,0.8451882845188284,0.0,1.0,0.5,0.47785291437955196,0.0,,0.0,0.0
0.6099999999999998,1,1,5,0.0,1.0,0.8443051201671892,0.0,1.0,0.5,0.4472021114083632,0.0,,0.0,0.0
0.6099999999999998,1,2,5,0.0,1.0,0.845350052246604,0.0,1.0,0.5,0.3902982256541482,0.0,,0.0,0.0
0.6099999999999998,1,3,5,0.0,1.0,0.8451882845188284,0.0,1.0,0.5,0.4888331535299292,0.0,,0.0,0.0
0.6099999999999998,1,4,5,0.0,1.0,0.8451882845188284,0.0,1.0,0.5,0.4492735625869902,0.0,,0.0,0.0
0.6099999999999998,1,5,5,0.0,1.0,0.8451882845188284,0.0,1.0,0.5,0.47498262860790724,0.0,,0.0,0.0
0.6199999999999998,1,1,5,0.0,1.0,0.8443051201671892,0.0,1.0,0.5,0.4452230904320581,0.0,,0.0,0.0
0.6199999999999998,1,2,5,0.0,1.0,0.845350052246604,0.0,1.0,0.5,0.38821208213483593,0.0,,0.0,0.0
0.6199999999999998,1,3,5,0.0,1.0,0.8451882845188284,0.0,1.0,0.5,0.48694420897572643,0.0,,0.0,0.0
0.6199999999999998,1,4,5,0.0,1.0,0.8451882845188284,0.0,1.0,0.5,0.44765730985442187,0.0,,0.0,0.0
0.6199999999999998,1,5,5,0.0,1.0,0.8451882845188284,0.0,1.0,0.5,0.4733579410002645,0.0,,0.0,0.0
0.6299999999999997,1,1,5,0.0,1.0,0.8443051201671892,0.0,1.0,0.5,0.4430298887215363,0.0,,0.0,0.0
0.6299999999999997,1,2,5,0.0,1.0,0.845350052246604,0.0,1.0,0.5,0.3862129532875197,0.0,,0.0,0.0
0.6299999999999997,1,3,5,0.0,1.0,0.8451882845188284,0.0,1.0,0.5,0.4853157084668935,0.0,,0.0,0.0
0.6299999999999997,1,4,5,0.0,1.0,0.8451882845188284,0.0,1.0,0.5,0.44669653005361626,0.0,,0.0,0.0
0.6299999999999997,1,5,5,0.0,1.0,0.8451882845188284,0.0,1.0,0.5,0.4716538574282016,0.0,,0.0,0.0
0.6399999999999997,1,1,5,0.0,1.0,0.8443051201671892,0.0,1.0,0.5,0.44165443589316494,0.0,,0.0,0.0
0.6399999999999997,1,2,5,0.0,1.0,0.845350052246604,0.0,1.0,0.5,0.3847113295997289,0.0,,0.0,0.0
0.6399999999999997,1,3,5,0.0,1.0,0.8451882845188284,0.0,1.0,0.5,0.4844243744672032,0.0,,0.0,0.0
0.6399999999999997,1,4,5,0.0,1.0,0.8451882845188284,0.0,1.0,0.5,0.4449960826859446,0.0,,0.0,0.0
0.6399999999999997,1,5,5,0.0,1.0,0.8451882845188284,0.0,1.0,0.5,0.4665225666009066,0.0,,0.0,0.0
0.6499999999999997,1,1,5,0.0,1.0,0.8443051201671892,0.0,1.0,0.5,0.4396104635964703,0.0,,0.0,0.0
0.6499999999999997,1,2,5,0.0,1.0,0.845350052246604,0.0,1.0,0.5,0.38340223516576205,0.0,,0.0,0.0
0.6499999999999997,1,3,5,0.0,1.0,0.8451882845188284,0.0,1.0,0.5,0.48239672725042576,0.0,,0.0,0.0
0.6499999999999997,1,4,5,0.0,1.0,0.8451882845188284,0.0,1.0,0.5,0.4433320882603092,0.0,,0.0,0.0
0.6499999999999997,1,5,5,0.0,1.0,0.8451882845188284,0.0,1.0,0.5,0.46496442087034245,0.0,,0.0,0.0
0.6599999999999997,1,1,5,0.0,1.0,0.8443051201671892,0.0,1.0,0.5,0.4390637841772874,0.0,,0.0,0.0
0.6599999999999997,1,2,5,0.0,1.0,0.845350052246604,0.0,1.0,0.5,0.38220202568401873,0.0,,0.0,0.0
0.6599999999999997,1,3,5,0.0,1.0,0.8451882845188284,0.0,1.0,0.5,0.4813616308904695,0.0,,0.0,0.0
0.6599999999999997,1,4,5,0.0,1.0,0.8451882845188284,0.0,1.0,0.5,0.4418509074133596,0.0,,0.0,0.0
0.6599999999999997,1,5,5,0.0,1.0,0.8451882845188284,0.0,1.0,0.5,0.46388556080917,0.0,,0.0,0.0
0.6699999999999997,1,1,5,0.0,1.0,0.8443051201671892,0.0,1.0,0.5,0.4385365786340587,0.0,,0.0,0.0
0.6699999999999997,1,2,5,0.0,1.0,0.845350052246604,0.0,1.0,0.5,0.3806847428169187,0.0,,0.0,0.0
0.6699999999999997,1,3,5,0.0,1.0,0.8451882845188284,0.0,1.0,0.5,0.47972937318955305,0.0,,0.0,0.0
0.6699999999999997,1,4,5,0.0,1.0,0.8451882845188284,0.0,1.0,0.5,0.4398564345544818,0.0,,0.0,0.0
0.6699999999999997,1,5,5,0.0,1.0,0.8451882845188284,0.0,1.0,0.5,0.4627296706394132,0.0,,0.0,0.0
0.6799999999999997,1,1,5,0.0,1.0,0.8443051201671892,0.0,1.0,0.5,0.4375467682759712,0.0,,0.0,0.0
0.6799999999999997,1,2,5,0.0,1.0,0.845350052246604,0.0,1.0,0.5,0.3796461699598591,0.0,,0.0,0.0
0.6799999999999997,1,3,5,0.0,1.0,0.8451882845188284,0.0,1.0,0.5,0.4777594204138385,0.0,,0.0,0.0
0.6799999999999997,1,4,5,0.0,1.0,0.8451882845188284,0.0,1.0,0.5,0.43761590467489736,0.0,,0.0,0.0
0.6799999999999997,1,5,5,0.0,1.0,0.8451882845188284,0.0,1.0,0.5,0.4608418573802749,0.0,,0.0,0.0
0.6899999999999997,1,1,5,0.0,1.0,0.8443051201671892,0.0,1.0,0.5,0.4367993020132117,0.0,,0.0,0.0
0.6899999999999997,1,2,5,0.0,1.0,0.845350052246604,0.0,1.0,0.5,0.3788765654670354,0.0,,0.0,0.0
0.6899999999999997,1,3,5,0.0,1.0,0.8451882845188284,0.0,1.0,0.5,0.4767851754490665,0.0,,0.0,0.0
0.6899999999999997,1,4,5,0.0,1.0,0.8451882845188284,0.0,1.0,0.5,0.4350929747238842,0.0,,0.0,0.0
0.6899999999999997,1,5,5,0.0,1.0,0.8451882845188284,0.0,1.0,0.5,0.46018810840621666,0.0,,0.0,0.0
0.6999999999999996,1,1,5,0.0,1.0,0.8443051201671892,0.0,1.0,0.5,0.43561907026309044,0.0,,0.0,0.0
0.6999999999999996,1,2,5,0.0,1.0,0.845350052246604,0.0,1.0,0.5,0.37795785311003877,0.0,,0.0,0.0
0.6999999999999996,1,3,5,0.0,1.0,0.8451882845188284,0.0,1.0,0.5,0.47656453093239265,0.0,,0.0,0.0
0.6999999999999996,1,4,5,0.0,1.0,0.8451882845188284,0.0,1.0,0.5,0.4328944914097535,0.0,,0.0,0.0
0.6999999999999996,1,5,5,0.0,1.0,0.8451882845188284,0.0,1.0,0.5,0.45856272267568765,0.0,,0.0,0.0
0.7099999999999996,1,1,5,0.0,1.0,0.8443051201671892,0.0,1.0,0.5,0.4348976174045234,0.0,,0.0,0.0
0.7099999999999996,1,2,5,0.0,1.0,0.845350052246604,0.0,1.0,0.5,0.37708480863302635,0.0,,0.0,0.0
0.7099999999999996,1,3,5,0.0,1.0,0.8451882845188284,0.0,1.0,0.5,0.4754036662062493,0.0,,0.0,0.0
0.7099999999999996,1,4,5,0.0,1.0,0.8451882845188284,0.0,1.0,0.5,0.43189358287306573,0.0,,0.0,0.0
0.7099999999999996,1,5,5,0.0,1.0,0.8451882845188284,0.0,1.0,0.5,0.4575458321062765,0.0,,0.0,0.0
0.7199999999999996,1,1,5,0.0,1.0,0.8443051201671892,0.0,1.0,0.5,0.43464848775735093,0.0,,0.0,0.0
0.7199999999999996,1,2,5,0.0,1.0,0.845350052246604,0.0,1.0,0.5,0.3765870301612624,0.0,,0.0,0.0
0.7199999999999996,1,3,5,0.0,1.0,0.8451882845188284,0.0,1.0,0.5,0.47454538148541425,0.0,,0.0,0.0
0.7199999999999996,1,4,5,0.0,1.0,0.8451882845188284,0.0,1.0,0.5,0.431090777957277,0.0,,0.0,0.0
0.7199999999999996,1,5,5,0.0,1.0,0.8451882845188284,0.0,1.0,0.5,0.45652384078878827,0.0,,0.0,0.0
0.7299999999999996,1,1,5,0.0,1.0,0.8443051201671892,0.0,1.0,0.5,0.43374590990480716,0.0,,0.0,0.0
0.7299999999999996,1,2,5,0.0,1.0,0.845350052246604,0.0,1.0,0.5,0.37473800955909287,0.0,,0.0,0.0
0.7299999999999996,1,3,5,0.0,1.0,0.8451882845188284,0.0,1.0,0.5,0.47368083774204517,0.0,,0.0,0.0
0.7299999999999996,1,4,5,0.0,1.0,0.8451882845188284,0.0,1.0,0.5,0.4290610970835543,0.0,,0.0,0.0
0.7299999999999996,1,5,5,0.0,1.0,0.8451882845188284,0.0,1.0,0.5,0.455036184422693,0.0,,0.0,0.0
0.7399999999999997,1,1,5,0.0,1.0,0.8443051201671892,0.0,1.0,0.5,0.4319288533078394,0.0,,0.0,0.0
0.7399999999999997,1,2,5,0.0,1.0,0.845350052246604,0.0,1.0,0.5,0.37533093132310885,0.0,,0.0,0.0
0.7399999999999997,1,3,5,0.0,1.0,0.8451882845188284,0.0,1.0,0.5,0.47283723646675624,0.0,,0.0,0.0
0.7399999999999997,1,4,5,0.0,1.0,0.8451882845188284,0.0,1.0,0.5,0.42787426238035287,0.0,,0.0,0.0
0.7399999999999997,1,5,5,0.0,1.0,0.8451882845188284,0.0,1.0,0.5,0.4536819788963509,0.0,,0.0,0.0
0.7499999999999997,1,1,5,0.0,1.0,0.8443051201671892,0.0,1.0,0.5,0.4311933515007138,0.0,,0.0,0.0
0.7499999999999997,1,2,5,0.0,1.0,0.845350052246604,0.0,1.0,0.5,0.37383837168468065,0.0,,0.0,0.0
0.7499999999999997,1,3,5,0.0,1.0,0.8451882845188284,0.0,1.0,0.5,0.47204954771546637,0.0,,0.0,0.0
0.7499999999999997,1,4,5,0.0,1.0,0.8451882845188284,0.0,1.0,0.5,0.4265143477561878,0.0,,0.0,0.0
0.7499999999999997,1,5,5,0.0,1.0,0.8451882845188284,0.0,1.0,0.5,0.4530875772326879,0.0,,0.0,0.0
0.7599999999999997,1,1,5,0.0,1.0,0.8443051201671892,0.0,1.0,0.5,0.43098163491008545,0.0,,0.0,0.0
0.7599999999999997,1,2,5,0.0,1.0,0.845350052246604,0.0,1.0,0.5,0.3724678548987216,0.0,,0.0,0.0
0.7599999999999997,1,3,5,0.0,1.0,0.8451882845188284,0.0,1.0,0.5,0.4714072956190357,0.0,,0.0,0.0
0.7599999999999997,1,4,5,0.0,1.0,0.8451882845188284,0.0,1.0,0.5,0.42591370115611343,0.0,,0.0,0.0
0.7599999999999997,1,5,5,0.0,1.0,0.8451882845188284,0.0,1.0,0.5,0.4523344563525158,0.0,,0.0,0.0
0.7699999999999997,1,1,5,0.0,1.0,0.8443051201671892,0.0,1.0,0.5,0.430553977514414,0.0,,0.0,0.0
0.7699999999999997,1,2,5,0.0,1.0,0.845350052246604,0.0,1.0,0.5,0.3716311966018653,0.0,,0.0,0.0
0.7699999999999997,1,3,5,0.0,1.0,0.8451882845188284,0.0,1.0,0.5,0.47025980395077527,0.0,,0.0,0.0
0.7699999999999997,1,4,5,0.0,1.0,0.8451882845188284,0.0,1.0,0.5,0.42449132958753005,0.0,,0.0,0.0
0.7699999999999997,1,5,5,0.0,1.0,0.8451882845188284,0.0,1.0,0.5,0.4517070110875063,0.0,,0.0,0.0
0.7799999999999997,1,1,5,0.0,1.0,0.8443051201671892,0.0,1.0,0.5,0.43014790327329255,0.0,,0.0,0.0
0.7799999999999997,1,2,5,0.0,1.0,0.845350052246604,0.0,1.0,0.5,0.37114692004518873,0.0,,0.0,0.0
0.7799999999999997,1,3,5,0.0,1.0,0.8451882845188284,0.0,1.0,0.5,0.4691025025923928,0.0,,0.0,0.0
0.7799999999999997,1,4,5,0.0,1.0,0.8451882845188284,0.0,1.0,0.5,0.42404122573844283,0.0,,0.0,0.0
0.7799999999999997,1,5,5,0.0,1.0,0.8451882845188284,0.0,1.0,0.5,0.4510306193948537,0.0,,0.0,0.0
0.7899999999999996,1,1,5,0.0,1.0,0.8443051201671892,0.0,1.0,0.5,0.4286490833527171,0.0,,0.0,0.0
0.7899999999999996,1,2,5,0.0,1.0,0.845350052246604,0.0,1.0,0.5,0.37060304581455294,0.0,,0.0,0.0
0.7899999999999996,1,3,5,0.0,1.0,0.8451882845188284,0.0,1.0,0.5,0.46761662091246237,0.0,,0.0,0.0
0.7899999999999996,1,4,5,0.0,1.0,0.8451882845188284,0.0,1.0,0.5,0.42337691833742586,0.0,,0.0,0.0
0.7899999999999996,1,5,5,0.0,1.0,0.8451882845188284,0.0,1.0,0.5,0.45022012691848956,0.0,,0.0,0.0
0.7999999999999996,1,1,5,0.0,1.0,0.8443051201671892,0.0,1.0,0.5,0.42600079255495166,0.0,,0.0,0.0
0.7999999999999996,1,2,5,0.0,1.0,0.845350052246604,0.0,1.0,0.5,0.37018469757483274,0.0,,0.0,0.0
0.7999999999999996,1,3,5,0.0,1.0,0.8451882845188284,0.0,1.0,0.5,0.46690490258561246,0.0,,0.0,0.0
0.7999999999999996,1,4,5,0.0,1.0,0.8451882845188284,0.0,1.0,0.5,0.4214796323550988,0.0,,0.0,0.0
0.7999999999999996,1,5,5,0.0,1.0,0.8451882845188284,0.0,1.0,0.5,0.4492782459914505,0.0,,0.0,0.0
0.8099999999999996,1,1,5,0.0,1.0,0.8443051201671892,0.0,1.0,0.5,0.4239756122645365,0.0,,0.0,0.0
0.8099999999999996,1,2,5,0.0,1.0,0.845350052246604,0.0,1.0,0.5,0.36862908410899536,0.0,,0.0,0.0
0.8099999999999996,1,3,5,0.0,1.0,0.8451882845188284,0.0,1.0,0.5,0.46631810433960746,0.0,,0.0,0.0
0.8099999999999996,1,4,5,0.0,1.0,0.8451882845188284,0.0,1.0,0.5,0.4203065923402966,0.0,,0.0,0.0
0.8099999999999996,1,5,5,0.0,1.0,0.8451882845188284,0.0,1.0,0.5,0.44836238249221777,0.0,,0.0,0.0
0.8199999999999996,1,1,5,0.0,1.0,0.8443051201671892,0.0,1.0,0.5,0.423080774962182,0.0,,0.0,0.0
0.8199999999999996,1,2,5,0.0,1.0,0.845350052246604,0.0,1.0,0.5,0.36802758143609277,0.0,,0.0,0.0
0.8199999999999996,1,3,5,0.0,1.0,0.8451882845188284,0.0,1.0,0.5,0.4657774608622102,0.0,,0.0,0.0
0.8199999999999996,1,4,5,0.0,1.0,0.8451882845188284,0.0,1.0,0.5,0.4196239323639925,0.0,,0.0,0.0
0.8199999999999996,1,5,5,0.0,1.0,0.8451882845188284,0.0,1.0,0.5,0.4470555453078075,0.0,,0.0,0.0
0.8299999999999996,1,1,5,0.0,1.0,0.8443051201671892,0.0,1.0,0.5,0.4226483342518761,0.0,,0.0,0.0
0.8299999999999996,1,2,5,0.0,1.0,0.845350052246604,0.0,1.0,0.5,0.3671877389094787,0.0,,0.0,0.0
0.8299999999999996,1,3,5,0.0,1.0,0.8451882845188284,0.0,1.0,0.5,0.4641387485845237,0.0,,0.0,0.0
0.8299999999999996,1,4,5,0.0,1.0,0.8451882845188284,0.0,1.0,0.5,0.4189101603600169,0.0,,0.0,0.0
0.8299999999999996,1,5,5,0.0,1.0,0.8451882845188284,0.0,1.0,0.5,0.44658953659526934,0.0,,0.0,0.0
0.8399999999999996,1,1,5,0.0,1.0,0.8443051201671892,0.0,1.0,0.5,0.4219269512366297,0.0,,0.0,0.0
0.8399999999999996,1,2,5,0.0,1.0,0.845350052246604,0.0,1.0,0.5,0.3666601373931015,0.0,,0.0,0.0
0.8399999999999996,1,3,5,0.0,1.0,0.8451882845188284,0.0,1.0,0.5,0.4637788062317608,0.0,,0.0,0.0
0.8399999999999996,1,4,5,0.0,1.0,0.8451882845188284,0.0,1.0,0.5,0.4182436462169592,0.0,,0.0,0.0
0.8399999999999996,1,5,5,0.0,1.0,0.8451882845188284,0.0,1.0,0.5,0.4462302896064075,0.0,,0.0,0.0
0.8499999999999996,1,1,5,0.0,1.0,0.8443051201671892,0.0,1.0,0.5,0.4215896672693686,0.0,,0.0,0.0
0.8499999999999996,1,2,5,0.0,1.0,0.845350052246604,0.0,1.0,0.5,0.3663219157480016,0.0,,0.0,0.0
0.8499999999999996,1,3,5,0.0,1.0,0.8451882845188284,0.0,1.0,0.5,0.4634073473243339,0.0,,0.0,0.0
0.8499999999999996,1,4,5,0.0,1.0,0.8451882845188284,0.0,1.0,0.5,0.4177704987802775,0.0,,0.0,0.0
0.8499999999999996,1,5,5,0.0,1.0,0.8451882845188284,0.0,1.0,0.5,0.4450132827984553,0.0,,0.0,0.0
0.8599999999999995,1,1,5,0.0,1.0,0.8443051201671892,0.0,1.0,0.5,0.42148057401805916,0.0,,0.0,0.0
0.8599999999999995,1,2,5,0.0,1.0,0.845350052246604,0.0,1.0,0.5,0.3646700383957683,0.0,,0.0,0.0
0.8599999999999995,1,3,5,0.0,1.0,0.8451882845188284,0.0,1.0,0.5,0.4628275476376194,0.0,,0.0,0.0
0.8599999999999995,1,4,5,0.0,1.0,0.8451882845188284,0.0,1.0,0.5,0.41592966259041986,0.0,,0.0,0.0
0.8599999999999995,1,5,5,0.0,1.0,0.8451882845188284,0.0,1.0,0.5,0.444688232431562,0.0,,0.0,0.0
0.8699999999999996,1,1,5,0.0,1.0,0.8443051201671892,0.0,1.0,0.5,0.4212516500545737,0.0,,0.0,0.0
0.8699999999999996,1,2,5,0.0,1.0,0.845350052246604,0.0,1.0,0.5,0.36445130614028615,0.0,,0.0,0.0
0.8699999999999996,1,3,5,0.0,1.0,0.8451882845188284,0.0,1.0,0.5,0.46219741363497235,0.0,,0.0,0.0
0.8699999999999996,1,4,5,0.0,1.0,0.8451882845188284,0.0,1.0,0.5,0.4151202110643053,0.0,,0.0,0.0
0.8699999999999996,1,5,5,0.0,1.0,0.8451882845188284,0.0,1.0,0.5,0.4440166156596657,0.0,,0.0,0.0
0.8799999999999996,1,1,5,0.0,1.0,0.8443051201671892,0.0,1.0,0.5,0.4191513441484325,0.0,,0.0,0.0
0.8799999999999996,1,2,5,0.0,1.0,0.845350052246604,0.0,1.0,0.5,0.36468515729973694,0.0,,0.0,0.0
0.8799999999999996,1,3,5,0.0,1.0,0.8451882845188284,0.0,1.0,0.5,0.46171087019144413,0.0,,0.0,0.0
0.8799999999999996,1,4,5,0.0,1.0,0.8451882845188284,0.0,1.0,0.5,0.4147960909351014,0.0,,0.0,0.0
0.8799999999999996,1,5,5,0.0,1.0,0.8451882845188284,0.0,1.0,0.5,0.44373752831509017,0.0,,0.0,0.0
0.8899999999999996,1,1,5,0.0,1.0,0.8443051201671892,0.0,1.0,0.5,0.41880149296948144,0.0,,0.0,0.0
0.8899999999999996,1,2,5,0.0,1.0,0.845350052246604,0.0,1.0,0.5,0.362529176788631,0.0,,0.0,0.0
0.8899999999999996,1,3,5,0.0,1.0,0.8451882845188284,0.0,1.0,0.5,0.4610228531212542,0.0,,0.0,0.0
0.8899999999999996,1,4,5,0.0,1.0,0.8451882845188284,0.0,1.0,0.5,0.4142641208260125,0.0,,0.0,0.0
0.8899999999999996,1,5,5,0.0,1.0,0.8451882845188284,0.0,1.0,0.5,0.44254142769646004,0.0,,0.0,0.0
0.8999999999999996,1,1,5,0.0,1.0,0.8443051201671892,0.0,1.0,0.5,0.4185522247067515,0.0,,0.0,0.0
0.8999999999999996,1,2,5,0.0,1.0,0.845350052246604,0.0,1.0,0.5,0.3621057077565541,0.0,,0.0,0.0
0.8999999999999996,1,3,5,0.0,1.0,0.8451882845188284,0.0,1.0,0.5,0.4606206000754125,0.0,,0.0,0.0
0.8999999999999996,1,4,5,0.0,1.0,0.8451882845188284,0.0,1.0,0.5,0.41427430980282076,0.0,,0.0,0.0
0.8999999999999996,1,5,5,0.0,1.0,0.8451882845188284,0.0,1.0,0.5,0.44223487823117963,0.0,,0.0,0.0
0.9099999999999996,1,1,5,0.0,1.0,0.8443051201671892,0.0,1.0,0.5,0.4180224240324987,0.0,,0.0,0.0
0.9099999999999996,1,2,5,0.0,1.0,0.845350052246604,0.0,1.0,0.5,0.36244177928307175,0.0,,0.0,0.0
0.9099999999999996,1,3,5,0.0,1.0,0.8451882845188284,0.0,1.0,0.5,0.4603012139757127,0.0,,0.0,0.0
0.9099999999999996,1,4,5,0.0,1.0,0.8451882845188284,0.0,1.0,0.5,0.41319412396768035,0.0,,0.0,0.0
0.9099999999999996,1,5,5,0.0,1.0,0.8451882845188284,0.0,1.0,0.5,0.4419488643918412,0.0,,0.0,0.0
0.9199999999999996,1,1,5,0.0,1.0,0.8443051201671892,0.0,1.0,0.5,0.41764263440709903,0.0,,0.0,0.0
0.9199999999999996,1,2,5,0.0,1.0,0.845350052246604,0.0,1.0,0.5,0.36188720943548025,0.0,,0.0,0.0
0.9199999999999996,1,3,5,0.0,1.0,0.8451882845188284,0.0,1.0,0.5,0.4598657499613981,0.0,,0.0,0.0
0.9199999999999996,1,4,5,0.0,1.0,0.8451882845188284,0.0,1.0,0.5,0.41260114857392344,0.0,,0.0,0.0
0.9199999999999996,1,5,5,0.0,1.0,0.8451882845188284,0.0,1.0,0.5,0.44151531579105907,0.0,,0.0,0.0
0.9299999999999996,1,1,5,0.0,1.0,0.8443051201671892,0.0,1.0,0.5,0.4172876877279117,0.0,,0.0,0.0
0.9299999999999996,1,2,5,0.0,1.0,0.845350052246604,0.0,1.0,0.5,0.3609999363538937,0.0,,0.0,0.0
0.9299999999999996,1,3,5,0.0,1.0,0.8451882845188284,0.0,1.0,0.5,0.45897448399535445,0.0,,0.0,0.0
0.9299999999999996,1,4,5,0.0,1.0,0.8451882845188284,0.0,1.0,0.5,0.4111509378017658,0.0,,0.0,0.0
0.9299999999999996,1,5,5,0.0,1.0,0.8451882845188284,0.0,1.0,0.5,0.44108506259381963,0.0,,0.0,0.0
0.9399999999999996,1,1,5,0.0,1.0,0.8443051201671892,0.0,1.0,0.5,0.4175571161023751,0.0,,0.0,0.0
0.9399999999999996,1,2,5,0.0,1.0,0.845350052246604,0.0,1.0,0.5,0.3606058478163592,0.0,,0.0,0.0
0.9399999999999996,1,3,5,0.0,1.0,0.8451882845188284,0.0,1.0,0.5,0.4584508326587058,0.0,,0.0,0.0
0.9399999999999996,1,4,5,0.0,1.0,0.8451882845188284,0.0,1.0,0.5,0.4100438225339968,0.0,,0.0,0.0
0.9399999999999996,1,5,5,0.0,1.0,0.8451882845188284,0.0,1.0,0.5,0.44084131583223957,0.0,,0.0,0.0
0.9499999999999995,1,1,5,0.0,1.0,0.8443051201671892,0.0,1.0,0.5,0.4175387440083798,0.0,,0.0,0.0
0.9499999999999995,1,2,5,0.0,1.0,0.845350052246604,0.0,1.0,0.5,0.3599967867384124,0.0,,0.0,0.0
0.9499999999999995,1,3,5,0.0,1.0,0.8451882845188284,0.0,1.0,0.5,0.4579759805413111,0.0,,0.0,0.0
0.9499999999999995,1,4,5,0.0,1.0,0.8451882845188284,0.0,1.0,0.5,0.4098844071558761,0.0,,0.0,0.0
0.9499999999999995,1,5,5,0.0,1.0,0.8451882845188284,0.0,1.0,0.5,0.4396494555399863,0.0,,0.0,0.0
0.9599999999999995,1,1,5,0.0,1.0,0.8443051201671892,0.0,1.0,0.5,0.4171262171001117,0.0,,0.0,0.0
0.9599999999999995,1,2,5,0.0,1.0,0.845350052246604,0.0,1.0,0.5,0.35969099635723245,0.0,,0.0,0.0
0.9599999999999995,1,3,5,0.0,1.0,0.8451882845188284,0.0,1.0,0.5,0.4578957291190379,0.0,,0.0,0.0
0.9599999999999995,1,4,5,0.0,1.0,0.8451882845188284,0.0,1.0,0.5,0.40770232840545206,0.0,,0.0,0.0
0.9599999999999995,1,5,5,0.0,1.0,0.8451882845188284,0.0,1.0,0.5,0.4392858432126828,0.0,,0.0,0.0
0.9699999999999995,1,1,5,0.0,1.0,0.8443051201671892,0.0,1.0,0.5,0.4170136803183425,0.0,,0.0,0.0
0.9699999999999995,1,2,5,0.0,1.0,0.845350052246604,0.0,1.0,0.5,0.3594746156157967,0.0,,0.0,0.0
0.9699999999999995,1,3,5,0.0,1.0,0.8451882845188284,0.0,1.0,0.5,0.4569786886336726,0.0,,0.0,0.0
0.9699999999999995,1,4,5,0.0,1.0,0.8451882845188284,0.0,1.0,0.5,0.40737529942052253,0.0,,0.0,0.0
0.9699999999999995,1,5,5,0.0,1.0,0.8451882845188284,0.0,1.0,0.5,0.438672101259195,0.0,,0.0,0.0
0.9799999999999995,1,1,5,0.0,1.0,0.8443051201671892,0.0,1.0,0.5,0.4170136135931544,0.0,,0.0,0.0
0.9799999999999995,1,2,5,0.0,1.0,0.845350052246604,0.0,1.0,0.5,0.3589520914618466,0.0,,0.0,0.0
0.9799999999999995,1,3,5,0.0,1.0,0.8451882845188284,0.0,1.0,0.5,0.4565975925499474,0.0,,0.0,0.0
0.9799999999999995,1,4,5,0.0,1.0,0.8451882845188284,0.0,1.0,0.5,0.40690406651387,0.0,,0.0,0.0
0.9799999999999995,1,5,5,0.0,1.0,0.8451882845188284,0.0,1.0,0.5,0.4383889573211901,0.0,,0.0,0.0
0.9899999999999995,1,1,5,0.0,1.0,0.8443051201671892,0.0,1.0,0.5,0.41664310839694774,0.0,,0.0,0.0
0.9899999999999995,1,2,5,0.0,1.0,0.845350052246604,0.0,1.0,0.5,0.3586053599379758,0.0,,0.0,0.0
0.9899999999999995,1,3,5,0.0,1.0,0.8451882845188284,0.0,1.0,0.5,0.4563592651381798,0.0,,0.0,0.0
0.9899999999999995,1,4,5,0.0,1.0,0.8451882845188284,0.0,1.0,0.5,0.40584824950236126,0.0,,0.0,0.0
0.9899999999999995,1,5,5,0.0,1.0,0.8451882845188284,0.0,1.0,0.5,0.4378597881841423,0.0,,0.0,0.0
1.0,1,1,5,0.0,1.0,0.8443051201671892,0.0,1.0,0.5,0.41680143789882973,0.0,,0.0,0.0
1.0,1,2,5,0.0,1.0,0.845350052246604,0.0,1.0,0.5,0.3582771457903118,0.0,,0.0,0.0
1.0,1,3,5,0.0,1.0,0.8451882845188284,0.0,1.0,0.5,0.4557851106809563,0.0,,0.0,0.0
1.0,1,4,5,0.0,1.0,0.8451882845188284,0.0,1.0,0.5,0.40480626403076136,0.0,,0.0,0.0
1.0,1,5,5,0.0,1.0,0.8451882845188284,0.0,1.0,0.5,0.4371467466064292,0.0,,0.0,0.0
