SmoothFactor,TanimotoDistance,Fold,Repeat,Sensitivity,Specificity,Accuracy,kappa,Coverage,AreaUnderTheCurve,PR_AUC,GMean,Precision,F1,MCC
0.1,1,1,1,0.7638376383763837,0.7515151515151515,0.7579556412729026,0.5151271853431816,1.0,0.7576763949457677,0.839963296844481,0.7576513436518169,0.770949720670391,0.7673772011121409,0.5151512158593367
0.1,1,2,1,0.7822878228782287,0.705050505050505,0.7454194792671167,0.48853649787768283,1.0,0.7436691639643669,0.8052503763264478,0.7426657556499796,0.743859649122807,0.762589928057554,0.48925688227732417
0.1,1,3,1,0.8044280442804428,0.7449392712550608,0.7760617760617761,0.5503539518386039,1.0,0.7746836577677517,0.8335502193097845,0.774112421475981,0.7758007117437722,0.7898550724637681,0.5507678823331342
0.1,1,4,1,0.7601476014760148,0.7449392712550608,0.752895752895753,0.5049058407132511,1.0,0.7525434363655377,0.853793774150725,0.7525050167871473,0.7657992565055762,0.762962962962963,0.5049209490115008
0.1,1,5,1,0.7822878228782287,0.7267206477732794,0.7557915057915058,0.5097852921373531,1.0,0.7545042353257541,0.8444644316332277,0.7539925154716158,0.7584973166368515,0.7702089009990918,0.5100620757435231
0.1,1,1,2,0.7933579335793358,0.7353535353535353,0.7656702025072324,0.5295928405953476,1.0,0.7643557344664356,0.8441697844223921,0.7638053163328598,0.7664884135472371,0.7796917497733454,0.5299514284103265
0.1,1,2,2,0.7896678966789668,0.7535353535353535,0.772420443587271,0.5435841582681219,1.0,0.7716016251071601,0.8405797363198303,0.771390094374762,0.7781818181818182,0.7838827838827839,0.5436492299694239
0.1,1,3,2,0.7656826568265682,0.7793522267206477,0.7722007722007722,0.5441569095383697,1.0,0.772517441773608,0.844333936448295,0.7724872060812189,0.7919847328244275,0.7786116322701688,0.5444860944011876
0.1,1,4,2,0.7619926199261993,0.7307692307692307,0.747104247104247,0.49293859190291855,1.0,0.746380925347715,0.8247805720626813,0.7462176362933935,0.7564102564102564,0.7591911764705882,0.4929533632758031
0.1,1,5,2,0.7785977859778598,0.7368421052631579,0.7586872586872587,0.5159023281546721,1.0,0.7577199456205088,0.8320751477551475,0.7574322621681492,0.7644927536231884,0.7714808043875686,0.5159990769611951
0.1,1,1,3,0.7656826568265682,0.7515151515151515,0.7589199614271939,0.517016662692262,1.0,0.7585989041708598,0.8258384017094536,0.758565829613714,0.7713754646840149,0.7685185185185185,0.517032100948953
0.1,1,2,3,0.7896678966789668,0.7212121212121212,0.7569913211186113,0.5119562537818516,1.0,0.755440008945544,0.8324071378958878,0.7546642026868319,0.7561837455830389,0.7725631768953068,0.5125101726460195
0.1,1,3,3,0.7601476014760148,0.7469635627530364,0.7538610038610039,0.5068839876357012,1.0,0.7535555821145257,0.8193607241372092,0.7535267484414202,0.7672253258845437,0.7636700648748842,0.5069076831907916
0.1,1,4,3,0.7453874538745388,0.7530364372469636,0.749034749034749,0.49771008309340165,1.0,0.7492119455607511,0.8384672514807796,0.7492021840826868,0.7680608365019012,0.7565543071161048,0.497948018994271
0.1,1,5,3,0.7896678966789668,0.7408906882591093,0.7664092664092664,0.5312252254947423,1.0,0.765279292469038,0.8438764972909176,0.7648905748318532,0.7697841726618705,0.7795992714025501,0.5314206784012234
0.1,1,1,4,0.7712177121771218,0.7111111111111111,0.742526518804243,0.4831328742343944,1.0,0.7411644116441165,0.8258531503676978,0.7405548488902373,0.7450980392156863,0.7579329102447869,0.4834600039620572
0.1,1,2,4,0.7822878228782287,0.7191919191919192,0.7521697203471552,0.5024038775712154,1.0,0.7507398710350739,0.8488141784126636,0.7500767165405559,0.7531083481349912,0.7674208144796381,0.502819681124126
0.1,1,3,4,0.7749077490774908,0.7469635627530364,0.7615830115830116,0.5220116857693629,1.0,0.7609356559152636,0.8215119505417016,0.7608073692176348,0.7706422018348624,0.7727690892364305,0.5220204829674109
0.1,1,4,4,0.7859778597785978,0.7611336032388664,0.7741312741312741,0.5472095629435936,1.0,0.773555731508732,0.8441117897692973,0.7734559848364072,0.7830882352941176,0.7845303867403315,0.5472136607489854
0.1,1,5,4,0.7619926199261993,0.7692307692307693,0.7654440154440154,0.530510092947618,1.0,0.7656116945784842,0.8328719893257417,0.7656031407811749,0.7836812144212524,0.7726847521047708,0.5307330184848232
0.1,1,1,5,0.8007380073800738,0.7333333333333333,0.7685631629701061,0.535196432173192,1.0,0.7670356703567036,0.8361207070850705,0.7662948988990601,0.7667844522968198,0.7833935018050542,0.535775496102241
0.1,1,2,5,0.7564575645756457,0.7393939393939394,0.7483124397299904,0.49572124064458084,1.0,0.7479257519847926,0.8254457090924292,0.7478770879335267,0.7606679035250464,0.7585568917668826,0.4957295682726795
0.1,1,3,5,0.7749077490774908,0.7307692307692307,0.7538610038610039,0.5061760703443944,1.0,0.7528384899233609,0.8441300086681554,0.7525149431808474,0.759493670886076,0.7671232876712328,0.5062909567715467
0.1,1,4,5,0.7878228782287823,0.7388663967611336,0.7644787644787645,0.5273510538046161,1.0,0.763344637494958,0.8445432607444705,0.7629520635812487,0.7679856115107914,0.7777777777777778,0.5275450812928741
0.1,1,5,5,0.7749077490774908,0.7692307692307693,0.7722007722007722,0.5437486004329327,1.0,0.77206925915413,0.8344570611966885,0.7720640413241393,0.7865168539325843,0.7806691449814126,0.5438136449158314
0.11,1,1,1,0.7619926199261993,0.7515151515151515,0.7569913211186113,0.5132380388256199,1.0,0.7567538857206754,0.8382585322900653,0.7567357525697229,0.7705223880597015,0.7662337662337663,0.51327251088885
0.11,1,2,1,0.7859778597785978,0.703030303030303,0.7463837994214079,0.4903396041657711,1.0,0.7445040814044503,0.7992106429091749,0.7433480025770276,0.743455497382199,0.7641255605381166,0.4912267971139415
0.11,1,3,1,0.8081180811808119,0.7449392712550608,0.777992277992278,0.5541501384626899,1.0,0.7765286762179362,0.8338217040543919,0.7758858772286502,0.776595744680851,0.7920433996383364,0.5546547501479114
0.11,1,4,1,0.7601476014760148,0.7449392712550608,0.752895752895753,0.5049058407132511,1.0,0.7525434363655377,0.8549298386945874,0.7525050167871473,0.7657992565055762,0.762962962962963,0.5049209490115008
0.11,1,5,1,0.7822878228782287,0.7246963562753036,0.7548262548262549,0.5078034984811984,1.0,0.7534920895767663,0.844306036825677,0.7529416543122,0.7571428571428571,0.7695099818511797,0.5081126823407347
0.11,1,1,2,0.7933579335793358,0.7353535353535353,0.7656702025072324,0.5295928405953476,1.0,0.7643557344664356,0.8458311036288632,0.7638053163328598,0.7664884135472371,0.7796917497733454,0.5299514284103265
0.11,1,2,2,0.7915129151291513,0.7535353535353535,0.7733847637415622,0.5454782834132539,1.0,0.7725241343322524,0.8414325995024281,0.7722907252645491,0.778584392014519,0.7849954254345837,0.5455609451928779
0.11,1,3,2,0.7656826568265682,0.7813765182186235,0.7731660231660231,0.5461290659348853,1.0,0.7735295875225958,0.8467504591834307,0.7734897856155108,0.7934990439770554,0.7793427230046949,0.5464971443919389
0.11,1,4,2,0.7601476014760148,0.7307692307692307,0.7461389961389961,0.49104887998924074,1.0,0.7454584161226228,0.8244182998253052,0.7453136775893108,0.7559633027522936,0.7580496780128795,0.4910571553868348
0.11,1,5,2,0.7767527675276753,0.7368421052631579,0.7577220077220077,0.5140095390457963,1.0,0.7567974363954166,0.831785237787476,0.7565342982932608,0.764065335753176,0.7703568161024703,0.5140875998771798
0.11,1,1,3,0.7656826568265682,0.7515151515151515,0.7589199614271939,0.517016662692262,1.0,0.7585989041708598,0.8258110739659263,0.758565829613714,0.7713754646840149,0.7685185185185185,0.517032100948953
0.11,1,2,3,0.7915129151291513,0.7171717171717171,0.7560270009643202,0.5098905122442842,1.0,0.7543423161504342,0.8311500853849877,0.7534259595386696,0.7539543057996485,0.7722772277227723,0.5105894070994237
0.11,1,3,3,0.7601476014760148,0.7469635627530364,0.7538610038610039,0.5068839876357012,1.0,0.7535555821145257,0.8192096256130661,0.7535267484414202,0.7672253258845437,0.7636700648748842,0.5069076831907916
0.11,1,4,3,0.7472324723247232,0.7510121457489879,0.749034749034749,0.497620148908551,1.0,0.7491223090368555,0.8406977388304603,0.7491199252549031,0.7670454545454546,0.7570093457943925,0.49780232030800897
0.11,1,5,3,0.7970479704797048,0.7408906882591093,0.7702702702702703,0.5388080025138787,1.0,0.7689693293694071,0.8409701434223721,0.7684565175884935,0.7714285714285715,0.7840290381125227,0.539136063935796
0.11,1,1,4,0.7712177121771218,0.7070707070707071,0.7405978784956606,0.4791698173799883,1.0,0.7391442096239145,0.8222425239220776,0.7384480029457257,0.7424511545293073,0.7565610859728507,0.47956639177244176
0.11,1,2,4,0.7841328413284133,0.7232323232323232,0.7550626808100289,0.5082555447688746,1.0,0.7536825822803683,0.8474837237170796,0.7530672058699084,0.7562277580071174,0.769927536231884,0.5086369725319371
0.11,1,3,4,0.7785977859778598,0.7469635627530364,0.7635135135135135,0.5257970018084804,1.0,0.7627806743654482,0.8265679152536923,0.7626166639706008,0.7714808043875686,0.7750229568411386,0.5258216256069314
0.11,1,4,4,0.7878228782287823,0.7631578947368421,0.7760617760617761,0.5510795666791185,1.0,0.7754903864828122,0.8363327866323245,0.7753923195225737,0.7849264705882353,0.7863720073664825,0.5510836934652211
0.11,1,5,4,0.7638376383763837,0.771255060728745,0.7673745173745173,0.5343742074089545,1.0,0.7675463495525643,0.8440168889293704,0.7675373894299085,0.7855787476280834,0.774555659494855,0.5345987566849039
0.11,1,1,5,0.8007380073800738,0.7353535353535353,0.7695274831243973,0.537173738886534,1.0,0.7680457713668046,0.8367483505696871,0.7673496755840081,0.768141592920354,0.7841011743450768,0.5377073530938621
0.11,1,2,5,0.7564575645756457,0.7393939393939394,0.7483124397299904,0.49572124064458084,1.0,0.7479257519847926,0.8249699304501797,0.7478770879335267,0.7606679035250464,0.7585568917668826,0.4957295682726795
0.11,1,3,5,0.7767527675276753,0.7307692307692307,0.7548262548262549,0.5080684962237344,1.0,0.7537609991484531,0.8424033202495143,0.7534102616928379,0.759927797833935,0.7682481751824818,0.5082057652583761
0.11,1,4,5,0.7878228782287823,0.7408906882591093,0.7654440154440154,0.5293303818483674,1.0,0.7643567832439457,0.8459457484582958,0.7639964885241259,0.7693693693693694,0.7784867821330902,0.5294982660731311
0.11,1,5,5,0.7767527675276753,0.7692307692307693,0.7731660231660231,0.5456411711133339,1.0,0.7729917683792222,0.8354927640005776,0.7729826187356625,0.7869158878504673,0.7818012999071495,0.5456911509811276
0.12,1,1,1,0.7619926199261993,0.7555555555555555,0.7589199614271939,0.517185765686574,1.0,0.7587740877408774,0.8373001807220979,0.7587672616010609,0.7734082397003745,0.7676579925650557,0.5172475039507576
0.12,1,2,1,0.7859778597785978,0.705050505050505,0.7473481195756991,0.4923220658856064,1.0,0.7455141824145515,0.8004935609750268,0.7444152651547491,0.7447552447552448,0.7648114901256733,0.49315601240106777
0.12,1,3,1,0.8081180811808119,0.7449392712550608,0.777992277992278,0.5541501384626899,1.0,0.7765286762179362,0.832438068326868,0.7758858772286502,0.776595744680851,0.7920433996383364,0.5546547501479114
0.12,1,4,1,0.7619926199261993,0.7469635627530364,0.7548262548262549,0.5087737638326788,1.0,0.7544780913396179,0.855537267998589,0.7544406684236966,0.7676579925650557,0.7648148148148148,0.508788987870798
0.12,1,5,1,0.7804428044280443,0.7267206477732794,0.7548262548262549,0.5078918627788335,1.0,0.7535817261006618,0.8453235040089058,0.7531028484768486,0.7580645161290323,0.769090909090909,0.5081360641050136
0.12,1,1,2,0.7933579335793358,0.7333333333333333,0.7647058823529411,0.5276155626913598,1.0,0.7633456334563347,0.8450296133236106,0.7627554116216938,0.7651245551601423,0.7789855072463768,0.5280115194613462
0.12,1,2,2,0.7915129151291513,0.7535353535353535,0.7733847637415622,0.5454782834132539,1.0,0.7725241343322524,0.8383231147709074,0.7722907252645491,0.778584392014519,0.7849954254345837,0.5455609451928779
0.12,1,3,2,0.7693726937269373,0.7813765182186235,0.775096525096525,0.5499112456928056,1.0,0.7753746059727804,0.8475880627402039,0.7753513762397264,0.7942857142857143,0.781630740393627,0.5502079995436081
0.12,1,4,2,0.7583025830258303,0.7307692307692307,0.7451737451737451,0.4891595069107209,1.0,0.7445359068975306,0.8228667460995215,0.7444086211806703,0.7555147058823529,0.7569060773480663,0.48916317000544846
0.12,1,5,2,0.7785977859778598,0.7368421052631579,0.7586872586872587,0.5159023281546721,1.0,0.7577199456205088,0.8327419330503534,0.7574322621681492,0.7644927536231884,0.7714808043875686,0.5159990769611951
0.12,1,1,3,0.7675276752767528,0.7515151515151515,0.759884281581485,0.5189064709597724,1.0,0.7595214133959521,0.8265362368275768,0.759479214447427,0.7717996289424861,0.7696577243293247,0.5189151880768816
0.12,1,2,3,0.7915129151291513,0.7171717171717171,0.7560270009643202,0.5098905122442842,1.0,0.7543423161504342,0.8291850265937015,0.7534259595386696,0.7539543057996485,0.7722772277227723,0.5105894070994237
0.12,1,3,3,0.7583025830258303,0.7489878542510121,0.7538610038610039,0.5069723346123411,1.0,0.7536452186384213,0.8180251859134258,0.7536308277489162,0.7682242990654206,0.7632311977715878,0.507018772475905
0.12,1,4,3,0.7490774907749077,0.7489878542510121,0.749034749034749,0.4975301825127966,1.0,0.7490326725129599,0.8417439360537561,0.7490326711721128,0.7660377358490567,0.7574626865671642,0.4976640269770589
0.12,1,5,3,0.7988929889298892,0.7408906882591093,0.7712355212355212,0.5407045478353261,1.0,0.7698918385944993,0.8411889525053511,0.7693454207400228,0.7718360071301248,0.785131459655485,0.5410714638883739
0.12,1,1,4,0.7712177121771218,0.7070707070707071,0.7405978784956606,0.4791698173799883,1.0,0.7391442096239145,0.8258642990149909,0.7384480029457257,0.7424511545293073,0.7565610859728507,0.47956639177244176
0.12,1,2,4,0.7859778597785978,0.7212121212121212,0.7550626808100289,0.5081692328950268,1.0,0.7535949904953595,0.8481224738111431,0.7528989038886201,0.7553191489361702,0.7703435804701627,0.5086309535149002
0.12,1,3,4,0.7767527675276753,0.7469635627530364,0.7625482625482626,0.5239041740767862,1.0,0.7618581651403559,0.8249269846513372,0.761712553796216,0.7710622710622711,0.7738970588235294,0.523919873362738
0.12,1,4,4,0.7878228782287823,0.757085020242915,0.7731660231660231,0.5451522262244607,1.0,0.7724539492358486,0.8371922636792146,0.7723010421536859,0.7806215722120659,0.7842056932966024,0.545177756454754
0.12,1,5,4,0.7638376383763837,0.7753036437246964,0.7693050193050193,0.5383209773415474,1.0,0.7695706410505401,0.8446773802403321,0.7695492864315302,0.7885714285714286,0.7760074976569822,0.5386114766252865
0.12,1,1,5,0.8007380073800738,0.7373737373737373,0.7704918032786885,0.5391506985394345,1.0,0.7690558723769056,0.8374805384323801,0.7684030043922553,0.7695035460992907,0.7848101265822784,0.5396405688004038
0.12,1,2,5,0.7527675276752768,0.7393939393939394,0.7463837994214079,0.49194601492134155,1.0,0.746080733534608,0.8237024458891451,0.746050767532384,0.7597765363128491,0.7562557924003707,0.4919689640434135
0.12,1,3,5,0.7767527675276753,0.7327935222672065,0.7557915057915058,0.5100491992044384,1.0,0.7547731448974409,0.8432362311886994,0.7544530445610289,0.7613019891500904,0.7689497716894977,0.5101649647129276
0.12,1,4,5,0.7878228782287823,0.7368421052631579,0.7635135135135135,0.5253713704429518,1.0,0.7623324917459702,0.8463069120956875,0.7619062069366389,0.7666068222621185,0.7770700636942676,0.5255933279153255
0.12,1,5,5,0.7767527675276753,0.7692307692307693,0.7731660231660231,0.5456411711133339,1.0,0.7729917683792222,0.8369285309784902,0.7729826187356625,0.7869158878504673,0.7818012999071495,0.5456911509811276
0.13,1,1,1,0.7638376383763837,0.7555555555555555,0.759884281581485,0.5190749270360526,1.0,0.7596965969659697,0.8377103901773102,0.7596853106502139,0.7738317757009345,0.7688022284122563,0.5191223743710675
0.13,1,2,1,0.7859778597785978,0.703030303030303,0.7463837994214079,0.4903396041657711,1.0,0.7445040814044503,0.7999925385041359,0.7433480025770276,0.743455497382199,0.7641255605381166,0.4912267971139415
0.13,1,3,1,0.8062730627306273,0.7449392712550608,0.777027027027027,0.5522518746912932,1.0,0.775606166992844,0.83243607767314,0.7749996566342074,0.7761989342806395,0.7909502262443439,0.5527099421756787
0.13,1,4,1,0.7638376383763837,0.7469635627530364,0.7557915057915058,0.5106638787245165,1.0,0.75540060056471,0.8560937238728722,0.7553534826334549,0.7680890538033395,0.7659574468085106,0.5106724754315743
0.13,1,5,1,0.7822878228782287,0.7327935222672065,0.7586872586872587,0.5157285387342379,1.0,0.7575406725727176,0.8460763934317415,0.7571363477958787,0.762589928057554,0.7723132969034608,0.5159182899678263
0.13,1,1,2,0.7970479704797048,0.7393939393939394,0.7695274831243973,0.5373361683221733,1.0,0.7682209549368221,0.8453705662170512,0.7676799064577197,0.7700534759358288,0.7833182230281052,0.5376999991517047
0.13,1,2,2,0.7915129151291513,0.7515151515151515,0.772420443587271,0.5435041316147806,1.0,0.7715140333221514,0.8390030762127547,0.771254788211706,0.7771739130434783,0.7842778793418648,0.5436058371152357
0.13,1,3,2,0.7730627306273062,0.7813765182186235,0.777027027027027,0.5536947797156369,1.0,0.7772196244229648,0.8485097500810783,0.7772085079450342,0.7950664136622391,0.7839101964452759,0.5539274476853073
0.13,1,4,2,0.7564575645756457,0.7327935222672065,0.7451737451737451,0.4892510868428521,1.0,0.7446255434214261,0.8236742854656813,0.7445315327043309,0.7564575645756457,0.7564575645756457,0.48925108684285223
0.13,1,5,2,0.7804428044280443,0.7408906882591093,0.7615830115830116,0.521754406949449,1.0,0.7606667463435768,0.8338877197936574,0.7604096307383036,0.7676950998185118,0.7740164684354987,0.52183364396684
0.13,1,1,3,0.7675276752767528,0.7494949494949495,0.7589199614271939,0.5169320667667896,1.0,0.7585113123858511,0.8272843149427543,0.758457722102904,0.7703703703703704,0.7689463955637708,0.5169359269217136
0.13,1,2,3,0.7933579335793358,0.7171717171717171,0.7569913211186113,0.5117848388832426,1.0,0.7552648253755265,0.8311375601413885,0.7543035672439163,0.7543859649122807,0.7733812949640287,0.5125395047383141
0.13,1,3,3,0.7583025830258303,0.7489878542510121,0.7538610038610039,0.5069723346123411,1.0,0.7536452186384213,0.8175141237933781,0.7536308277489162,0.7682242990654206,0.7632311977715878,0.507018772475905
0.13,1,4,3,0.7509225092250923,0.7510121457489879,0.750965250965251,0.5013953349550061,1.0,0.7509673274870401,0.8428546117200889,0.7509673261496473,0.7679245283018868,0.7593283582089553,0.5015302192139903
0.13,1,5,3,0.7952029520295203,0.742914979757085,0.7702702702702703,0.5388908005565447,1.0,0.7690589658933027,0.8417333002128737,0.7686144579760293,0.7724014336917563,0.7836363636363637,0.5391499065942792
0.13,1,1,4,0.7730627306273062,0.7090909090909091,0.742526518804243,0.4830421607451928,1.0,0.7410768198591077,0.8266321179483944,0.7403862197831731,0.7442273534635879,0.7583710407239819,0.48344193999772245
0.13,1,2,4,0.7841328413284133,0.7232323232323232,0.7550626808100289,0.5082555447688746,1.0,0.7536825822803683,0.849175960668539,0.7530672058699084,0.7562277580071174,0.769927536231884,0.5086369725319371
0.13,1,3,4,0.7767527675276753,0.7449392712550608,0.7615830115830116,0.5219259569252843,1.0,0.760846019391368,0.8258624358929192,0.7606797227397468,0.7696526508226691,0.7731864095500459,0.5219503994373669
0.13,1,4,4,0.7915129151291513,0.7591093117408907,0.7760617760617761,0.5509185213972885,1.0,0.775311113435021,0.8379040070948497,0.7751418091147685,0.7828467153284672,0.7871559633027523,0.550955681605202
0.13,1,5,4,0.7638376383763837,0.7753036437246964,0.7693050193050193,0.5383209773415474,1.0,0.7695706410505401,0.8455136340330147,0.7695492864315302,0.7885714285714286,0.7760074976569822,0.5386114766252865
0.13,1,1,5,0.8025830258302583,0.7393939393939394,0.772420443587271,0.5430233817449857,1.0,0.7709884826120988,0.838456537461523,0.7703408499874211,0.7712765957446809,0.786618444846293,0.5435167707110917
0.13,1,2,5,0.7546125461254612,0.7434343434343434,0.7492767598842816,0.4977852781534174,1.0,0.7490234447799023,0.8244395660191324,0.74900259196888,0.7630597014925373,0.7588126159554731,0.4978187123190197
0.13,1,3,5,0.7749077490774908,0.7348178137651822,0.7557915057915058,0.51013710509397,1.0,0.7548627814213364,0.8440576458795284,0.7545965929202306,0.7622504537205081,0.7685269899359561,0.5102145778323498
0.13,1,4,5,0.7915129151291513,0.7368421052631579,0.7654440154440154,0.5291613675469439,1.0,0.7641775101961547,0.8469636896658708,0.7636884461131667,0.7674418604651163,0.779291553133515,0.5294486712291303
0.13,1,5,5,0.7785977859778598,0.7672064777327935,0.7731660231660231,0.5455597533113323,1.0,0.7729021318553266,0.8352708721641291,0.7728811454231661,0.7858472998137802,0.7822057460611678,0.5455852568614643
0.13999999999999999,1,1,1,0.7656826568265682,0.7535353535353535,0.759884281581485,0.5189907137468215,1.0,0.7596090051809609,0.8386831066698035,0.7595847230610268,0.7728119180633147,0.7692307692307693,0.5190149244953238
0.13999999999999999,1,2,1,0.7822878228782287,0.703030303030303,0.7444551591128254,0.4865540519079177,1.0,0.7426590629542659,0.8002742788587215,0.7416010013309025,0.7425569176882661,0.7619047619047619,0.4873239347569888
0.13999999999999999,1,3,1,0.8062730627306273,0.7449392712550608,0.777027027027027,0.5522518746912932,1.0,0.775606166992844,0.8340250486377248,0.7749996566342074,0.7761989342806395,0.7909502262443439,0.5527099421756787
0.13999999999999999,1,4,1,0.7656826568265682,0.7489878542510121,0.7577220077220077,0.5145321484579195,1.0,0.7573352555387902,0.8568121964902842,0.7572892513259022,0.7699443413729128,0.7678075855689177,0.5145408102848794
0.13999999999999999,1,5,1,0.7841328413284133,0.7348178137651822,0.7606177606177607,0.5196027104243639,1.0,0.7594753275467978,0.8471053250195547,0.7590749502957038,0.7643884892086331,0.7741347905282332,0.5197938870761756
0.13999999999999999,1,1,2,0.7970479704797048,0.7393939393939394,0.7695274831243973,0.5373361683221733,1.0,0.7682209549368221,0.8457523620331431,0.7676799064577197,0.7700534759358288,0.7833182230281052,0.5376999991517047
0.13999999999999999,1,2,2,0.7933579335793358,0.7515151515151515,0.7733847637415622,0.5453985818830995,1.0,0.7724365425472437,0.8406580072763432,0.7721531633423656,0.7775768535262206,0.7853881278538812,0.5455221034367196
0.13999999999999999,1,3,2,0.7749077490774908,0.7834008097165992,0.778957528957529,0.5575588941769736,1.0,0.779154279397045,0.849795155982644,0.7791427071358453,0.7969639468690702,0.7857811038353602,0.5577931858853881
0.13999999999999999,1,4,2,0.7583025830258303,0.7327935222672065,0.7461389961389961,0.4911401293869806,1.0,0.7455480526465184,0.8242010196409837,0.7454389450248887,0.7569060773480663,0.7576036866359447,0.49114104869606845
0.13999999999999999,1,5,2,0.7859778597785978,0.7408906882591093,0.7644787644787645,0.5274358782621701,1.0,0.7634342740188536,0.8350517389161476,0.763101354662529,0.7689530685920578,0.7773722627737226,0.5275783799413385
0.13999999999999999,1,1,3,0.7693726937269373,0.7515151515151515,0.7608486017357763,0.5207966102326552,1.0,0.7604439226210444,0.8282193404871753,0.7603915021209926,0.7722222222222223,0.7707948243992606,0.520800499245794
0.13999999999999999,1,2,3,0.7915129151291513,0.7191919191919192,0.7569913211186113,0.5118705613813559,1.0,0.7553524171605352,0.8323525366614072,0.7544863766145318,0.7552816901408451,0.772972972972973,0.5125209499342276
0.13999999999999999,1,3,3,0.7656826568265682,0.7489878542510121,0.7577220077220077,0.5145321484579195,1.0,0.7573352555387902,0.8178978083098838,0.7572892513259022,0.7699443413729128,0.7678075855689177,0.5145408102848794
0.13999999999999999,1,4,3,0.7564575645756457,0.7530364372469636,0.7548262548262549,0.509037718106781,1.0,0.7547470009113046,0.8441163244787513,0.7547450624923353,0.7706766917293233,0.7635009310986964,0.5091328378147766
0.13999999999999999,1,5,3,0.7970479704797048,0.7449392712550608,0.7722007722007722,0.5427656677787586,1.0,0.7709936208673827,0.8420919298118125,0.7705532650534137,0.7741935483870968,0.7854545454545454,0.5430266369054374
0.13999999999999999,1,1,4,0.7712177121771218,0.7090909090909091,0.7415621986499518,0.4811515196773953,1.0,0.7401543106340154,0.8276729069738992,0.7395021762203857,0.7437722419928826,0.7572463768115942,0.48151260683076436
0.13999999999999999,1,2,4,0.7841328413284133,0.7232323232323232,0.7550626808100289,0.5082555447688746,1.0,0.7536825822803683,0.850685770984316,0.7530672058699084,0.7562277580071174,0.769927536231884,0.5086369725319371
0.13999999999999999,1,3,4,0.7767527675276753,0.7449392712550608,0.7615830115830116,0.5219259569252843,1.0,0.760846019391368,0.8262771789900349,0.7606797227397468,0.7696526508226691,0.7731864095500459,0.5219503994373669
0.13999999999999999,1,4,4,0.7933579335793358,0.7611336032388664,0.777992277992278,0.5547899134542085,1.0,0.7772457684091011,0.839464556775331,0.7770787493191286,0.7846715328467153,0.7889908256880734,0.5548273347928122
0.13999999999999999,1,5,4,0.7619926199261993,0.7753036437246964,0.7683397683397684,0.5364307554627489,1.0,0.7686481318254478,0.8464562681087937,0.7686193171655978,0.7881679389312977,0.774859287054409,0.5367552664292605
0.13999999999999999,1,1,5,0.8044280442804428,0.7393939393939394,0.7733847637415622,0.5449197850976379,1.0,0.7719109918371911,0.8394111540223702,0.7712257909454785,0.7716814159292036,0.7877145438121048,0.5454610940227261
0.13999999999999999,1,2,5,0.7564575645756457,0.7434343434343434,0.7502410800385728,0.49967307172862163,1.0,0.7499459540049946,0.8254144440995388,0.7499176840535484,0.7635009310986964,0.7599629286376274,0.49969638131538785
0.13999999999999999,1,3,5,0.7749077490774908,0.7388663967611336,0.7577220077220077,0.5140967187383213,1.0,0.7568870729193122,0.8454074316654487,0.7566725159427732,0.7650273224043715,0.76993583868011,0.5141439275376217
0.13999999999999999,1,4,5,0.7933579335793358,0.7327935222672065,0.7644787644787645,0.5270963976233594,1.0,0.7630757279232712,0.8476481941465719,0.7624746255228655,0.7651245551601423,0.7789855072463768,0.5274928357188876
0.13999999999999999,1,5,5,0.7785977859778598,0.7692307692307693,0.7741312741312741,0.5475340808982725,1.0,0.7739142776043144,0.8359943354853774,0.7739001058464348,0.7873134328358209,0.7829313543599258,0.5475709334476427
0.14999999999999997,1,1,1,0.7730627306273062,0.7636363636363637,0.7685631629701061,0.5364171798339238,1.0,0.7683495471318349,0.8396950257284026,0.7683350912714021,0.7817164179104478,0.7773654916512059,0.5364532087435955
0.14999999999999997,1,2,1,0.7822878228782287,0.705050505050505,0.7454194792671167,0.48853649787768283,1.0,0.7436691639643669,0.8016784032537608,0.7426657556499796,0.743859649122807,0.762589928057554,0.48925688227732417
0.14999999999999997,1,3,1,0.8062730627306273,0.7469635627530364,0.777992277992278,0.554230210874478,1.0,0.7766183127418318,0.8353598880566087,0.7760519309228421,0.7775800711743772,0.7916666666666666,0.554647056768842
0.14999999999999997,1,4,1,0.7675276752767528,0.7449392712550608,0.7567567567567568,0.5124669465318136,1.0,0.7562334732659067,0.8576865161314369,0.7561491301910988,0.7675276752767528,0.7675276752767528,0.5124669465318135
0.14999999999999997,1,5,1,0.7859778597785978,0.7348178137651822,0.7615830115830116,0.5214968510179964,1.0,0.76039783677189,0.848257513294474,0.7599674549547146,0.7648114901256733,0.7752502274795269,0.5217171715939066
0.14999999999999997,1,1,2,0.8007380073800738,0.7393939393939394,0.7714561234329798,0.541127311223261,1.0,0.7700659733870066,0.8465614627344084,0.7694548912699212,0.7708703374777975,0.7855203619909502,0.5415751633769332
0.14999999999999997,1,2,2,0.7952029520295203,0.7515151515151515,0.7743490838958534,0.5472933643771828,1.0,0.7733590517723359,0.8419817294807792,0.7730504944567079,0.7779783393501805,0.7864963503649635,0.5474409113426197
0.14999999999999997,1,3,2,0.7749077490774908,0.7834008097165992,0.778957528957529,0.5575588941769736,1.0,0.779154279397045,0.8512681816133605,0.7791427071358453,0.7969639468690702,0.7857811038353602,0.5577931858853881
0.14999999999999997,1,4,2,0.7601476014760148,0.7327935222672065,0.747104247104247,0.4930295106462457,1.0,0.7464705618716105,0.8248248392019587,0.7463452541073586,0.7573529411764706,0.7587476979742173,0.49303320272168427
0.14999999999999997,1,5,2,0.7878228782287823,0.742914979757085,0.7664092664092664,0.5313093546698572,1.0,0.7653689289929337,0.8368147280426692,0.7650394876289094,0.7707581227436823,0.7791970802919708,0.5314529028779309
0.14999999999999997,1,1,3,0.7730627306273062,0.7494949494949495,0.7618129218900676,0.5226034558918092,1.0,0.7612788400611279,0.8293339537311253,0.7611876327476299,0.7716390423572744,0.7723502304147466,0.5226044320228724
0.14999999999999997,1,2,3,0.7952029520295203,0.7171717171717171,0.7579556412729026,0.5136794982222164,1.0,0.7561873346006187,0.833674651439055,0.7551801550670076,0.7548161120840631,0.7744833782569631,0.5144923021317718
0.14999999999999997,1,3,3,0.7675276752767528,0.7510121457489879,0.7596525096525096,0.5184004181913225,1.0,0.7592699105128704,0.8192856966324369,0.7592250037579944,0.7717996289424861,0.7696577243293247,0.5184091451381844
0.14999999999999997,1,4,3,0.7601476014760148,0.7530364372469636,0.7567567567567568,0.5128163021571994,1.0,0.7565920193614892,0.8452278629019625,0.7565836646381701,0.7715355805243446,0.7657992565055762,0.5128776464460293
0.14999999999999997,1,5,3,0.7970479704797048,0.7469635627530364,0.7731660231660231,0.5447439675677292,1.0,0.7720057666163707,0.8429846462056216,0.7715995021477121,0.7755834829443446,0.7861692447679709,0.5449741095224198
0.14999999999999997,1,1,4,0.7693726937269373,0.7070707070707071,0.7396335583413693,0.47727951609289826,1.0,0.7382217003988222,0.8285484926938614,0.7375641630084804,0.7419928825622776,0.7554347826086957,0.4776376974448825
0.14999999999999997,1,2,4,0.7878228782287823,0.7232323232323232,0.7569913211186113,0.5120419161005777,1.0,0.7555276007305527,0.8524036399107814,0.7548370489827443,0.7570921985815603,0.7721518987341772,0.5125071554255881
0.14999999999999997,1,3,4,0.7804428044280443,0.7469635627530364,0.7644787644787645,0.527690169055769,1.0,0.7637031835905403,0.8277752648549124,0.7635197035575069,0.7718978102189781,0.7761467889908257,0.5277257624795412
0.14999999999999997,1,4,4,0.7970479704797048,0.7591093117408907,0.778957528957529,0.556606312515886,1.0,0.7780786411102978,0.8409828525926655,0.7778473733935999,0.7840290381125227,0.7904849039341263,0.5566908423703103
0.14999999999999997,1,5,4,0.7675276752767528,0.7732793522267206,0.7702702702702703,0.5401292132316737,1.0,0.7704035137517367,0.8479379125751638,0.7703981461258121,0.7878787878787878,0.7775700934579439,0.5403269465728141
0.14999999999999997,1,1,5,0.8081180811808119,0.7373737373737373,0.7743490838958534,0.5467369498541162,1.0,0.7727459092772746,0.8407563369454928,0.7719359103964452,0.7711267605633803,0.7891891891891892,0.5474316400364496
0.14999999999999997,1,2,5,0.7583025830258303,0.7454545454545455,0.7521697203471552,0.5035366001322615,1.0,0.751878564240188,0.8265824041407328,0.7518511204663647,0.7653631284916201,0.7618164967562558,0.503560089951375
0.14999999999999997,1,3,5,0.7785977859778598,0.7388663967611336,0.7596525096525096,0.5178819729976226,1.0,0.7587320913694966,0.8468969820850131,0.7584719774992729,0.7658802177858439,0.7721866422689845,0.5179606219220099
0.14999999999999997,1,4,5,0.7952029520295203,0.7368421052631579,0.7673745173745173,0.5329527258578632,1.0,0.7660225286463391,0.8484117114063447,0.7654665357054543,0.768270944741533,0.7815049864007253,0.5333143816112977
0.14999999999999997,1,5,5,0.7804428044280443,0.7692307692307693,0.775096525096525,0.5494273298788954,1.0,0.7748367868294067,0.8364906926699165,0.774816506529645,0.7877094972067039,0.7840593141797961,0.5494530142285315
0.15999999999999998,1,1,1,0.7712177121771218,0.7616161616161616,0.7666345226615237,0.5325539896658732,1.0,0.7664169368966417,0.8409287924907205,0.7664019009101799,0.7798507462686567,0.7755102040816326,0.5325897591011379
0.15999999999999998,1,2,1,0.7822878228782287,0.7090909090909091,0.7473481195756991,0.4925003455631558,1.0,0.7456893659845689,0.8035228063892537,0.7447906977772153,0.7464788732394366,0.7639639639639639,0.4931261220996599
0.15999999999999998,1,3,1,0.8081180811808119,0.7510121457489879,0.7808880308880309,0.5600841027789834,1.0,0.7795651134648999,0.8372019150749972,0.7790420361996881,0.7807486631016043,0.7941976427923844,0.5604641695810644
0.15999999999999998,1,4,1,0.7693726937269373,0.7449392712550608,0.7577220077220077,0.514358070251453,1.0,0.757155982490999,0.8588630765598352,0.7570574177620134,0.7679558011049724,0.7686635944700461,0.5143590330195513
0.15999999999999998,1,5,1,0.7878228782287823,0.742914979757085,0.7664092664092664,0.5313093546698572,1.0,0.7653689289929337,0.8494320004024691,0.7650394876289094,0.7707581227436823,0.7791970802919708,0.5314529028779309
0.15999999999999998,1,1,2,0.8025830258302583,0.7414141414141414,0.7733847637415622,0.5449996545884654,1.0,0.7719985836221999,0.8472570000714394,0.7713925103405559,0.7726465364120781,0.7873303167420814,0.545450711602214
0.15999999999999998,1,2,2,0.7952029520295203,0.7494949494949495,0.7733847637415622,0.545318852396314,1.0,0.7723489507622349,0.8434526533411718,0.7720107488692111,0.7765765765765765,0.7857793983591613,0.5454914328153545
0.15999999999999998,1,3,2,0.7749077490774908,0.7813765182186235,0.777992277992278,0.5555870548037183,1.0,0.7781421336480572,0.8528241786306086,0.7781354116828256,0.7954545454545454,0.7850467289719626,0.5557904470327433
0.15999999999999998,1,4,2,0.7601476014760148,0.7368421052631579,0.749034749034749,0.49698970673917253,1.0,0.7484948533695863,0.8256992046996902,0.7484041414786042,0.7601476014760148,0.7601476014760148,0.49698970673917264
0.15999999999999998,1,5,2,0.7915129151291513,0.7469635627530364,0.7702702702702703,0.5390563074852314,1.0,0.7692382389410939,0.8388144344666377,0.7689156696607975,0.7743682310469314,0.7828467153284672,0.5392019487511159
0.15999999999999998,1,1,3,0.7730627306273062,0.7535353535353535,0.76374156219865,0.5265519625363615,1.0,0.7632990420813299,0.8313697408585139,0.7632365937428924,0.7744916820702403,0.7737765466297323,0.5265529456980098
0.15999999999999998,1,2,3,0.7970479704797048,0.7232323232323232,0.7618129218900676,0.5215136621515344,1.0,0.760140146856014,0.8345116646988943,0.7592436074262628,0.7592267135325131,0.7776777677767777,0.5222284885831115
0.15999999999999998,1,3,3,0.7693726937269373,0.7489878542510121,0.7596525096525096,0.5183140881048056,1.0,0.7591802739889748,0.8212257330299328,0.7591118514381526,0.7707948243992606,0.7700831024930748,0.5183150579299314
0.15999999999999998,1,4,3,0.7675276752767528,0.7550607287449392,0.7615830115830116,0.5223542939059537,1.0,0.761294202010846,0.8471430791240846,0.7612686817585327,0.7746741154562383,0.7710843373493976,0.5223787126590607
0.15999999999999998,1,5,3,0.7952029520295203,0.7469635627530364,0.7722007722007722,0.5428477405651205,1.0,0.7710832573912784,0.844207065328997,0.770705929755119,0.7751798561151079,0.785063752276867,0.5430474697262713
0.15999999999999998,1,1,4,0.7693726937269373,0.7090909090909091,0.7405978784956606,0.4792612103709817,1.0,0.7392318014089232,0.8299261148072561,0.7386170745552498,0.7433155080213903,0.7561196736174071,0.4795857185913681
0.15999999999999998,1,2,4,0.7915129151291513,0.7272727272727273,0.7608486017357763,0.5197872825116797,1.0,0.7593928212009393,0.8544231505944708,0.7587132241219766,0.7606382978723404,0.7757685352622061,0.520259559246964
0.15999999999999998,1,3,4,0.7841328413284133,0.7510121457489879,0.7683397683397684,0.5354329531696088,1.0,0.7675724935387006,0.8285442544917517,0.7673938283035004,0.7755474452554745,0.7798165137614679,0.5354690688547614
0.15999999999999998,1,4,4,0.7970479704797048,0.7611336032388664,0.7799227799227799,0.5585821286011152,1.0,0.7790907868592856,0.8428627993563971,0.7788838127252635,0.7854545454545454,0.7912087912087912,0.5586491394764159
0.15999999999999998,1,5,4,0.7712177121771218,0.7753036437246964,0.7731660231660231,0.5458852495709915,1.0,0.773260677950909,0.8499096896317373,0.7732579791737985,0.7901701323251418,0.780578898225957,0.5460575788915094
0.15999999999999998,1,1,5,0.8118081180811808,0.7373737373737373,0.7762777242044359,0.550532073892509,1.0,0.7745909277274591,0.8423800107364957,0.7736963138466284,0.7719298245614035,0.7913669064748201,0.5513438755066307
0.15999999999999998,1,2,5,0.7619926199261993,0.7454545454545455,0.7540983606557377,0.5073138558021765,1.0,0.7537235826903723,0.8281010258012542,0.753678221873767,0.7662337662337663,0.7641073080481036,0.5073223781747805
0.15999999999999998,1,3,5,0.7804428044280443,0.7368421052631579,0.7596525096525096,0.5177954569245263,1.0,0.7586424548456011,0.8483713144055262,0.7583291627336002,0.7649186256781193,0.7726027397260274,0.5179129805956894
0.15999999999999998,1,4,5,0.7988929889298892,0.742914979757085,0.7722007722007722,0.5426835655179638,1.0,0.7709039843434872,0.8495321969014602,0.7703957221447467,0.7732142857142857,0.7858439201451906,0.5430139866351786
0.15999999999999998,1,5,5,0.7822878228782287,0.771255060728745,0.777027027027027,0.5532949064464586,1.0,0.7767714418034868,0.8371934749242476,0.7767518537739746,0.7895716945996276,0.7859128822984245,0.5533207715955988
0.16999999999999998,1,1,1,0.7767527675276753,0.7595959595959596,0.7685631629701061,0.5362547840961179,1.0,0.7681743635618175,0.842401468338871,0.7681264634283874,0.7796296296296297,0.7781885397412199,0.5362587885421148
0.16999999999999998,1,2,1,0.7859778597785978,0.7090909090909091,0.7492767598842816,0.496285944879536,1.0,0.7475343844347535,0.8055487764056666,0.7465452130418713,0.7473684210526316,0.7661870503597122,0.49701775643098745
0.16999999999999998,1,3,1,0.8136531365313653,0.7510121457489879,0.7837837837837838,0.5657810044158371,1.0,0.7823326411401765,0.8391700571864319,0.7817054355457782,0.7819148936170213,0.7974683544303798,0.5662962072215183
0.16999999999999998,1,4,1,0.7712177121771218,0.7449392712550608,0.7586872586872587,0.5162495330593949,1.0,0.7580784917160912,0.8603379189445526,0.7579646169104599,0.7683823529411765,0.7697974217311234,0.5162533990190991
0.16999999999999998,1,5,1,0.7896678966789668,0.7530364372469636,0.7722007722007722,0.5430937822362422,1.0,0.7713521669629652,0.8510199471655748,0.7711346831283317,0.7781818181818182,0.7838827838827839,0.5431589350362594
0.16999999999999998,1,1,2,0.8025830258302583,0.7434343434343434,0.7743490838958534,0.5469755806138452,1.0,0.7730086846323009,0.8479752403617398,0.7724427388872698,0.7740213523131673,0.7880434782608695,0.5473860663907553
0.16999999999999998,1,2,2,0.8007380073800738,0.7454545454545455,0.7743490838958534,0.5470550683734839,1.0,0.7730962764173097,0.8452664922852264,0.7726019591741219,0.775,0.7876588021778584,0.5473874222789379
0.16999999999999998,1,3,2,0.7767527675276753,0.7813765182186235,0.778957528957529,0.5574796687308813,1.0,0.7790646428731494,0.8546433231724904,0.7790612126190437,0.7958412098298677,0.7861811391223156,0.557655658268225
0.16999999999999998,1,4,2,0.7619926199261993,0.7348178137651822,0.749034749034749,0.49689951438177055,1.0,0.7484052168456907,0.8275838344561166,0.7482818660634327,0.7591911764705882,0.7605893186003683,0.4969032354379201
0.16999999999999998,1,5,2,0.8007380073800738,0.7449392712550608,0.7741312741312741,0.5465591285220489,1.0,0.7728386393175672,0.8404720361778386,0.7723348934781735,0.775,0.7876588021778584,0.5468919093345613
0.16999999999999998,1,1,3,0.7749077490774908,0.7515151515151515,0.76374156219865,0.5264690149534139,1.0,0.7632114502963212,0.8334803383626497,0.763121821505738,0.7734806629834254,0.7741935483870968,0.5264699983046597
0.16999999999999998,1,2,3,0.8062730627306273,0.7252525252525253,0.7675988428158148,0.5329727931709157,1.0,0.7657627939915763,0.8362047953451708,0.7646905091528697,0.7626527050610821,0.7838565022421524,0.5339371242175021
0.16999999999999998,1,3,3,0.7712177121771218,0.7469635627530364,0.7596525096525096,0.5182277270621983,1.0,0.7590906374650791,0.8232494483052426,0.7589937614671604,0.7697974217311234,0.7705069124423963,0.5182286970734651
0.16999999999999998,1,4,3,0.7675276752767528,0.7631578947368421,0.7654440154440154,0.5302577958233196,1.0,0.7653427850067975,0.8489227536810939,0.7653396663027922,0.7804878048780488,0.773953488372093,0.5303380647222139
0.16999999999999998,1,5,3,0.7952029520295203,0.7469635627530364,0.7722007722007722,0.5428477405651205,1.0,0.7710832573912784,0.8451948283484776,0.770705929755119,0.7751798561151079,0.785063752276867,0.5430474697262713
0.16999999999999998,1,1,4,0.7749077490774908,0.7111111111111111,0.7444551591128254,0.4869145041103973,1.0,0.743009430094301,0.8315230535877245,0.7423243970496354,0.7460035523978685,0.7601809954751131,0.4873174882230032
0.16999999999999998,1,2,4,0.7988929889298892,0.7333333333333333,0.7675988428158148,0.5333007157809818,1.0,0.7661131611316113,0.8562443963252597,0.7654115615461955,0.7663716814159292,0.7822944896115628,0.53383048262943
0.16999999999999998,1,3,4,0.7896678966789668,0.757085020242915,0.7741312741312741,0.5470471293403686,1.0,0.7733764584609408,0.8294635955053208,0.773204847076359,0.781021897810219,0.7853211009174312,0.547084028417592
0.16999999999999998,1,4,4,0.7988929889298892,0.7651821862348178,0.7828185328185329,0.5644293295463041,1.0,0.7820375875823535,0.8445785301757743,0.7818559226846342,0.7887067395264117,0.7937671860678277,0.5644811603204882
0.16999999999999998,1,5,4,0.7712177121771218,0.7793522267206477,0.775096525096525,0.5498306652543004,1.0,0.7752849694488848,0.8515632625280051,0.7752743006650249,0.793168880455408,0.7820392890551918,0.5500617094852267
0.16999999999999998,1,1,5,0.8118081180811808,0.7373737373737373,0.7762777242044359,0.550532073892509,1.0,0.7745909277274591,0.8437833577428324,0.7736963138466284,0.7719298245614035,0.7913669064748201,0.5513438755066307
0.16999999999999998,1,2,5,0.7619926199261993,0.7515151515151515,0.7569913211186113,0.5132380388256199,1.0,0.7567538857206754,0.8296385536926444,0.7567357525697229,0.7705223880597015,0.7662337662337663,0.51327251088885
0.16999999999999998,1,3,5,0.7804428044280443,0.7408906882591093,0.7615830115830116,0.521754406949449,1.0,0.7606667463435768,0.8506745511771555,0.7604096307383036,0.7676950998185118,0.7740164684354987,0.52183364396684
0.16999999999999998,1,4,5,0.8007380073800738,0.7449392712550608,0.7741312741312741,0.5465591285220489,1.0,0.7728386393175672,0.8506544938077248,0.7723348934781735,0.775,0.7876588021778584,0.5468919093345613
0.16999999999999998,1,5,5,0.7878228782287823,0.7692307692307693,0.778957528957529,0.5570037195823314,1.0,0.7785268237297758,0.8383056236698461,0.7784713216538711,0.789279112754159,0.788550323176362,0.5570047618001964
0.17999999999999997,1,1,1,0.7749077490774908,0.7616161616161616,0.7685631629701061,0.5363359961845714,1.0,0.7682619553468262,0.8441602422764196,0.7682332103333065,0.7806691449814126,0.7777777777777778,0.53635201132176
0.17999999999999997,1,2,1,0.7878228782287823,0.7131313131313132,0.7521697203471552,0.5021417456394506,1.0,0.7504770956800477,0.8074546963327178,0.7495473058227761,0.7504393673110721,0.7686768676867687,0.5028300194436317
0.17999999999999997,1,3,1,0.8099630996309963,0.757085020242915,0.7847490347490348,0.5679135183661256,1.0,0.7835240599369557,0.8414461583604431,0.7830778567167808,0.7853309481216458,0.7974568574023615,0.5682218622003445
0.17999999999999997,1,4,1,0.7749077490774908,0.742914979757085,0.7596525096525096,0.5180549120420882,1.0,0.758911364417288,0.8616691804405958,0.7587427592534326,0.7678244972577697,0.7713498622589532,0.5180791732678023
0.17999999999999997,1,5,1,0.7970479704797048,0.7449392712550608,0.7722007722007722,0.5427656677787586,1.0,0.7709936208673827,0.8525403023362741,0.7705532650534137,0.7741935483870968,0.7854545454545454,0.5430266369054374
0.17999999999999997,1,1,2,0.8007380073800738,0.7414141414141414,0.772420443587271,0.5431035770293482,1.0,0.7710760743971077,0.8488084430474649,0.7705053421225371,0.7722419928825622,0.7862318840579711,0.5435111570048734
0.17999999999999997,1,2,2,0.8099630996309963,0.7515151515151515,0.7820636451301832,0.5624635949518334,1.0,0.7807391255730739,0.8472842943554098,0.7801919901798979,0.7811387900355872,0.7952898550724637,0.5628857039342825
0.17999999999999997,1,3,2,0.7804428044280443,0.7793522267206477,0.7799227799227799,0.5592936997178978,1.0,0.779897515574346,0.8568151718028305,0.7798973249467543,0.7951127819548872,0.7877094972067039,0.5593982103494456
0.17999999999999997,1,4,2,0.7656826568265682,0.7388663967611336,0.752895752895753,0.5046395218528205,1.0,0.7522745267938509,0.8290935951478707,0.7521550277116666,0.7628676470588235,0.7642725598526704,0.5046433008703917
0.17999999999999997,1,5,2,0.8062730627306273,0.7530364372469636,0.7808880308880309,0.5601630882022893,1.0,0.7796547499887954,0.8425398861715828,0.7792002275454424,0.7817531305903399,0.7938237965485921,0.5604672240061016
0.17999999999999997,1,1,3,0.7804428044280443,0.7555555555555555,0.7685631629701061,0.5360922745421128,1.0,0.7679991799917999,0.8360922481969898,0.7678983635084573,0.7775735294117647,0.7790055248618785,0.5360962805807976
0.17999999999999997,1,2,3,0.8062730627306273,0.7272727272727273,0.7685631629701061,0.5349515107349067,1.0,0.7667728950016772,0.8382924089383991,0.7657547970849663,0.763986013986014,0.7845601436265709,0.5358576674547272
0.17999999999999997,1,3,3,0.7730627306273062,0.7489878542510121,0.7615830115830116,0.5220973838729437,1.0,0.7610252924391592,0.8254531311384227,0.7609300860223456,0.7716390423572744,0.7723502304147466,0.522098361127379
0.17999999999999997,1,4,3,0.7693726937269373,0.7631578947368421,0.7664092664092664,0.5321489885795327,1.0,0.7662652942318897,0.8508694442620861,0.7662589935607037,0.7808988764044944,0.775092936802974,0.5322126454896555
0.17999999999999997,1,5,3,0.7952029520295203,0.7489878542510121,0.7731660231660231,0.544825677919203,1.0,0.7720954031402663,0.8466632150943225,0.7717495401583735,0.7765765765765765,0.7857793983591613,0.5449984766847857
0.17999999999999997,1,1,4,0.7785977859778598,0.7090909090909091,0.7454194792671167,0.4887160753905113,1.0,0.7438443475343844,0.8333693128665185,0.7430320396020683,0.7455830388692579,0.7617328519855595,0.4892448491897981
0.17999999999999997,1,2,4,0.8062730627306273,0.7292929292929293,0.7695274831243973,0.5369298807773296,1.0,0.7677829960117784,0.8590872328191776,0.7668176078630439,0.7653239929947461,0.7852650494159928,0.5377794741672999
0.17999999999999997,1,3,4,0.7915129151291513,0.7530364372469636,0.7731660231660231,0.5449890106604068,1.0,0.7722746761880575,0.8310944056619889,0.7720350158145771,0.778584392014519,0.7849954254345837,0.5450717762358201
0.17999999999999997,1,4,4,0.7988929889298892,0.7651821862348178,0.7828185328185329,0.5644293295463041,1.0,0.7820375875823535,0.8454014240596341,0.7818559226846342,0.7887067395264117,0.7937671860678277,0.5644811603204882
0.17999999999999997,1,5,4,0.7785977859778598,0.7834008097165992,0.7808880308880309,0.5613444751175111,1.0,0.7809992978472295,0.8539230547894671,0.780995605607744,0.7977315689981096,0.7880485527544351,0.5615216847271304
0.17999999999999997,1,1,5,0.8118081180811808,0.7353535353535353,0.7753134040501446,0.548555072054886,1.0,0.7735808267173581,0.845637600905912,0.7726357289562117,0.7705779334500875,0.7906558849955077,0.549423060185064
0.17999999999999997,1,2,5,0.7638376383763837,0.7535353535353535,0.7589199614271939,0.5171012289936707,1.0,0.7586864959558686,0.8316431555091583,0.7586690087762633,0.7723880597014925,0.7680890538033395,0.5171359605313076
0.17999999999999997,1,3,5,0.7878228782287823,0.742914979757085,0.7664092664092664,0.5313093546698572,1.0,0.7653689289929337,0.852952075223295,0.7650394876289094,0.7707581227436823,0.7791970802919708,0.5314529028779309
0.17999999999999997,1,4,5,0.8025830258302583,0.7469635627530364,0.7760617760617761,0.5504346915261339,1.0,0.7747732942916474,0.8520510435129398,0.7742740318383938,0.7767857142857143,0.7894736842105263,0.550769832033944
0.17999999999999997,1,5,5,0.7933579335793358,0.7753036437246964,0.7847490347490348,0.568610609025589,1.0,0.7843307886520161,0.8397361147881094,0.7842788386039462,0.7948243992606284,0.7940904893813481,0.5686116729612759
0.18999999999999995,1,1,1,0.7730627306273062,0.7616161616161616,0.7675988428158148,0.5344448273613814,1.0,0.767339446121734,0.8458980594831471,0.7673181019556867,0.7802607076350093,0.7766450417052827,0.5344697590392725
0.18999999999999995,1,2,1,0.7988929889298892,0.7232323232323232,0.7627772420443587,0.5234090093860225,1.0,0.7610626560811062,0.8099123112822333,0.7601218536509646,0.7596491228070176,0.7787769784172662,0.524180815968809
0.18999999999999995,1,3,1,0.8081180811808119,0.7550607287449392,0.7828185328185329,0.5640383032842075,1.0,0.7815894049628755,0.8445583959124228,0.7811390575872812,0.7835420393559929,0.7956403269754768,0.5643445431032231
0.18999999999999995,1,4,1,0.7804428044280443,0.7510121457489879,0.7664092664092664,0.5316455696202531,1.0,0.7657274750885161,0.8633067851368694,0.7655860664797024,0.7747252747252747,0.7775735294117647,0.5316615008844718
0.18999999999999995,1,5,1,0.7988929889298892,0.742914979757085,0.7722007722007722,0.5426835655179638,1.0,0.7709039843434872,0.8549331209917839,0.7703957221447467,0.7732142857142857,0.7858439201451906,0.5430139866351786
0.18999999999999995,1,1,2,0.8007380073800738,0.7373737373737373,0.7704918032786885,0.5391506985394345,1.0,0.7690558723769056,0.8502907135765623,0.7684030043922553,0.7695035460992907,0.7848101265822784,0.5396405688004038
0.18999999999999995,1,2,2,0.8154981549815498,0.7474747474747475,0.7830279652844745,0.5642084029846566,1.0,0.7814864512281485,0.849800714526343,0.7807459749886364,0.7795414462081128,0.7971145175834085,0.564870995846873
0.18999999999999995,1,3,2,0.7822878228782287,0.7793522267206477,0.7808880308880309,0.561187323670344,1.0,0.7808200247994382,0.8591431385526254,0.780818645202966,0.7954971857410882,0.7888372093023256,0.5612722745921394
0.18999999999999995,1,4,2,0.7656826568265682,0.7449392712550608,0.7557915057915058,0.5105761618093004,1.0,0.7553109640408144,0.8296800464449106,0.7552397502707485,0.767097966728281,0.7663896583564174,0.5105771171558784
0.18999999999999995,1,5,2,0.8025830258302583,0.7469635627530364,0.7760617760617761,0.5504346915261339,1.0,0.7747732942916474,0.8454265384504801,0.7742740318383938,0.7767857142857143,0.7894736842105263,0.550769832033944
0.18999999999999995,1,1,3,0.7822878228782287,0.7535353535353535,0.7685631629701061,0.5360109770466375,1.0,0.7679115882067911,0.8385008908086553,0.7677770061540968,0.7765567765567766,0.7794117647058824,0.5360270049265103
0.18999999999999995,1,2,3,0.8081180811808119,0.7252525252525253,0.7685631629701061,0.5348698128863937,1.0,0.7666853032166685,0.8411464222502444,0.7655649411242713,0.7630662020905923,0.7849462365591398,0.5359013850250217
0.18999999999999995,1,3,3,0.7785977859778598,0.7489878542510121,0.7644787644787645,0.5277748718485197,1.0,0.7637928201144359,0.828213003189526,0.7636493207252567,0.7728937728937729,0.7757352941176471,0.527790687123605
0.18999999999999995,1,4,3,0.7749077490774908,0.7672064777327935,0.7712355212355212,0.5417742874632346,1.0,0.7710571134051422,0.8533662949723106,0.7710474983667278,0.7850467289719626,0.7799442896935933,0.5418239131306054
0.18999999999999995,1,5,3,0.7970479704797048,0.7530364372469636,0.7760617760617761,0.5506767367082928,1.0,0.7750422038633342,0.8473926376390009,0.7747297361047657,0.779783393501805,0.7883211678832117,0.5508255175608933
0.18999999999999995,1,1,4,0.7767527675276753,0.7070707070707071,0.7434908389585342,0.48484271232528775,1.0,0.7419117372991912,0.8349245548679111,0.7410931982921729,0.7438162544169611,0.759927797833935,0.4853672952804278
0.18999999999999995,1,2,4,0.8099630996309963,0.7313131313131314,0.772420443587271,0.542702318889325,1.0,0.7706381154720638,0.8621905039230523,0.7696341017907364,0.7674825174825175,0.7881508078994613,0.5436216047372107
0.18999999999999995,1,3,4,0.7970479704797048,0.7550607287449392,0.777027027027027,0.5526536166649219,1.0,0.776054349612322,0.8337805453372356,0.7757703406518457,0.7811934900542495,0.7890410958904109,0.5527790520681173
0.18999999999999995,1,4,4,0.7952029520295203,0.7692307692307693,0.7828185328185329,0.5645855437170311,1.0,0.7822168606301447,0.8476672918286685,0.7821090579223887,0.7908256880733945,0.7930082796688133,0.5645950583907031
0.18999999999999995,1,5,4,0.7859778597785978,0.7854251012145749,0.7857142857142857,0.5708912339358478,1.0,0.7857014804965863,0.8567002675132696,0.7857014318868333,0.8007518796992481,0.7932960893854749,0.5709979117036
0.18999999999999995,1,1,5,0.8099630996309963,0.7393939393939394,0.7762777242044359,0.5506109930177563,1.0,0.7746785195124679,0.847840179395479,0.7738745421577635,0.772887323943662,0.790990990990991,0.5513106056033632
0.18999999999999995,1,2,5,0.7656826568265682,0.7555555555555555,0.7608486017357763,0.5209644191617213,1.0,0.7606191061910619,0.8339500606462897,0.7606022516123992,0.7742537313432836,0.7699443413729128,0.5209994101737652
0.18999999999999995,1,3,5,0.7896678966789668,0.7388663967611336,0.7654440154440154,0.5292458898679073,1.0,0.7642671467200501,0.8553190161346343,0.7638449276241424,0.7684021543985637,0.7788898999090081,0.5294694842367443
0.18999999999999995,1,4,5,0.8081180811808119,0.7489878542510121,0.7799227799227799,0.5581064699103521,1.0,0.778552967715912,0.8536182504233141,0.777991405868382,0.7793594306049823,0.7934782608695652,0.5585262312045498
0.18999999999999995,1,5,5,0.7988929889298892,0.7732793522267206,0.7866795366795367,0.5723262451620617,1.0,0.7860861705783049,0.8413961617206513,0.7859818401071195,0.7944954128440367,0.796688132474701,0.5723358902858471
0.19999999999999996,1,1,1,0.7749077490774908,0.7616161616161616,0.7685631629701061,0.5363359961845714,1.0,0.7682619553468262,0.8473592101926679,0.7682332103333065,0.7806691449814126,0.7777777777777778,0.53635201132176
0.19999999999999996,1,2,1,0.8025830258302583,0.7232323232323232,0.7647058823529411,0.5272007025804883,1.0,0.7629076745312908,0.8121365466687465,0.761875308930566,0.7604895104895105,0.7809694793536804,0.5280937301722436
0.19999999999999996,1,3,1,0.8173431734317343,0.7550607287449392,0.7876447876447876,0.5735349150512685,1.0,0.7862019510883368,0.8469283048546006,0.785584961774388,0.7854609929078015,0.8010849909584087,0.5740571786039229
0.19999999999999996,1,4,1,0.7804428044280443,0.7530364372469636,0.7673745173745173,0.5336227379369087,1.0,0.7667396208375039,0.8654215175414659,0.7666171592923832,0.7761467889908257,0.7782888684452622,0.5336317308101269
0.19999999999999996,1,5,1,0.8025830258302583,0.7469635627530364,0.7760617760617761,0.5504346915261339,1.0,0.7747732942916474,0.8572479606624205,0.7742740318383938,0.7767857142857143,0.7894736842105263,0.550769832033944
0.19999999999999996,1,1,2,0.8025830258302583,0.7353535353535353,0.7704918032786885,0.5390697952384154,1.0,0.7689682805918969,0.8518029325061275,0.7682332103333064,0.7685512367491166,0.7851985559566786,0.5396530500116111
0.19999999999999996,1,2,2,0.8154981549815498,0.7454545454545455,0.7820636451301832,0.5622331225086764,1.0,0.7804763502180476,0.8519459360611905,0.7796901990154754,0.778169014084507,0.7963963963963964,0.5629475023041038
0.19999999999999996,1,3,2,0.7822878228782287,0.7813765182186235,0.7818532818532818,0.5631595444572145,1.0,0.7818321705484261,0.8618426384303056,0.7818320377711684,0.7969924812030075,0.7895716945996276,0.563264777467497
0.19999999999999996,1,4,2,0.7749077490774908,0.7449392712550608,0.7606177606177607,0.5200334763050528,1.0,0.7599235101662758,0.8319554414557944,0.7597757655306502,0.7692307692307693,0.7720588235294118,0.5200490596018712
0.19999999999999996,1,5,2,0.8044280442804428,0.7489878542510121,0.777992277992278,0.554310254530219,1.0,0.7767079492657275,0.8485032936545218,0.7762131374725288,0.7785714285714286,0.7912885662431942,0.5546477547333267
0.19999999999999996,1,1,3,0.7896678966789668,0.7575757575757576,0.7743490838958534,0.5475314097759082,1.0,0.7736218271273622,0.8409962682791046,0.7734553995285205,0.781021897810219,0.7853211009174312,0.5475682625806543
0.19999999999999996,1,2,3,0.8118081180811808,0.7252525252525253,0.7704918032786885,0.5386648522754036,1.0,0.7685303216668531,0.8442458632463976,0.767310815549264,0.7638888888888888,0.7871198568872988,0.5398385147893705
0.19999999999999996,1,3,3,0.7915129151291513,0.7489878542510121,0.7712355212355212,0.54103423008479,1.0,0.7702503846900818,0.8310957917989791,0.7699568558786567,0.7757685352622061,0.7835616438356164,0.5411570282439746
0.19999999999999996,1,4,3,0.7785977859778598,0.7672064777327935,0.7731660231660231,0.5455597533113323,1.0,0.7729021318553266,0.8557417101095361,0.7728811454231661,0.7858472998137802,0.7822057460611678,0.5455852568614643
0.19999999999999996,1,5,3,0.8007380073800738,0.7489878542510121,0.7760617760617761,0.5505154022231864,1.0,0.774862930815543,0.8489974755361491,0.7744307857806485,0.7777777777777778,0.7890909090909091,0.5507800975277538
0.19999999999999996,1,1,4,0.7804428044280443,0.7131313131313132,0.7483124397299904,0.4945704847254618,1.0,0.7467870587796787,0.837597447387459,0.7460282849501457,0.7486725663716814,0.7642276422764228,0.4950617779851093
0.19999999999999996,1,2,4,0.8136531365313653,0.7333333333333333,0.7753134040501446,0.5484757709909683,1.0,0.7734932349323493,0.8655322871286643,0.7724499768850199,0.7696335078534031,0.7910313901345292,0.5494681522551604
0.19999999999999996,1,3,4,0.7933579335793358,0.757085020242915,0.7760617760617761,0.5508379554186787,1.0,0.7752214769111254,0.8354298981593494,0.7750092949144473,0.7818181818181819,0.7875457875457875,0.5509040372563376
0.19999999999999996,1,4,4,0.8044280442804428,0.771255060728745,0.7886100386100386,0.5760445474250693,1.0,0.7878415525045939,0.8506529717963018,0.7876669347785386,0.7941712204007286,0.7992667277726856,0.5760974448088421
0.19999999999999996,1,5,4,0.7896678966789668,0.7874493927125507,0.7886100386100386,0.576652087593856,1.0,0.7885586446957586,0.8591867482369256,0.7885578645124589,0.8030018761726079,0.7962790697674419,0.5767393795271021
0.19999999999999996,1,1,5,0.8173431734317343,0.7454545454545455,0.7830279652844745,0.5641318784781184,1.0,0.7813988594431399,0.8499386689154989,0.7805717031964003,0.7785588752196837,0.7974797479747975,0.5649051206899672
0.19999999999999996,1,2,5,0.7712177121771218,0.7595959595959596,0.7656702025072324,0.5305812989577415,1.0,0.7654068358865407,0.8357813831277123,0.7653847778330722,0.7783985102420856,0.7747914735866543,0.5306060504032853
0.19999999999999996,1,3,5,0.7970479704797048,0.742914979757085,0.7712355212355212,0.5407870127926984,1.0,0.7699814751183949,0.8585912557793589,0.7695056054729916,0.7728085867620751,0.784741144414169,0.5410806285204945
0.19999999999999996,1,4,5,0.8173431734317343,0.7510121457489879,0.7857142857142857,0.5695806446783346,1.0,0.7841776595903611,0.8551029119010106,0.7834760050520079,0.7826855123674912,0.7996389891696751,0.5701982788301228
0.19999999999999996,1,5,5,0.7988929889298892,0.7732793522267206,0.7866795366795367,0.5723262451620617,1.0,0.7860861705783049,0.8432721454835441,0.7859818401071195,0.7944954128440367,0.796688132474701,0.5723358902858471
0.20999999999999996,1,1,1,0.7822878228782287,0.7595959595959596,0.7714561234329798,0.5419312511998331,1.0,0.7709418912370942,0.8497746902908007,0.7708583978263597,0.7808471454880295,0.7815668202764977,0.5419322634318084
0.20999999999999996,1,2,1,0.8044280442804428,0.7313131313131314,0.7695274831243973,0.5370111953612012,1.0,0.7678705877967871,0.8144089192277681,0.7669998643929664,0.7662565905096661,0.7848784878487849,0.5377472638946954
0.20999999999999996,1,3,1,0.8118081180811808,0.7591093117408907,0.7866795366795367,0.5717887334480437,1.0,0.7854587149110357,0.8480340267324421,0.7850166251629789,0.7871198568872988,0.7992733878292462,0.572099181297466
0.20999999999999996,1,4,1,0.7878228782287823,0.7510121457489879,0.7702702702702703,0.5392216956450239,1.0,0.7694175119888851,0.8676602227607892,0.7691973415507501,0.7763636363636364,0.782051282051282,0.5392863839262203
0.20999999999999996,1,5,1,0.8118081180811808,0.7449392712550608,0.7799227799227799,0.5579476891291003,1.0,0.7783736946681208,0.859548048860002,0.7776552885966488,0.7773851590106007,0.7942238267148014,0.5585527088939698
0.20999999999999996,1,1,2,0.8007380073800738,0.7333333333333333,0.7685631629701061,0.535196432173192,1.0,0.7670356703567036,0.8532476003680802,0.7662948988990601,0.7667844522968198,0.7833935018050542,0.535775496102241
0.20999999999999996,1,2,2,0.8247232472324724,0.7494949494949495,0.7888138862102217,0.5756805183691847,1.0,0.7871090983637109,0.8550292873333557,0.7862098374682249,0.7828371278458844,0.8032345013477089,0.5765914275598469
0.20999999999999996,1,3,2,0.7859778597785978,0.7834008097165992,0.7847490347490348,0.5689197056320999,1.0,0.7846893347475985,0.8645572904767945,0.7846882768143495,0.799249530956848,0.7925581395348837,0.5690058270596208
0.20999999999999996,1,4,2,0.7767527675276753,0.7489878542510121,0.7635135135135135,0.5258820364918781,1.0,0.7628703108893438,0.8335924878232153,0.7627439862982132,0.7724770642201835,0.7746090156393745,0.525890898914983
0.20999999999999996,1,5,2,0.8191881918819188,0.7550607287449392,0.7886100386100386,0.5754352610069015,1.0,0.7871244603134291,0.8518642025764382,0.7864711267056221,0.7858407079646018,0.8021680216802168,0.5760081492950161
0.20999999999999996,1,1,3,0.8007380073800738,0.7636363636363637,0.7830279652844745,0.5648196330552432,1.0,0.7821871855082188,0.8444396690179824,0.7819671733398706,0.7876588021778584,0.7941445562671546,0.5649052258230116
0.20999999999999996,1,2,3,0.8191881918819188,0.7171717171717171,0.7704918032786885,0.5383403852556836,1.0,0.768179954526818,0.8484295510857258,0.7664845740513959,0.7602739726027398,0.7886323268206039,0.5401358790079179
0.20999999999999996,1,3,3,0.7933579335793358,0.7469635627530364,0.7712355212355212,0.5409518539014941,1.0,0.7701607481661861,0.8341373198285063,0.7698113201329321,0.7747747747747747,0.7839562443026435,0.5411234240318721
0.20999999999999996,1,4,3,0.7804428044280443,0.7692307692307693,0.775096525096525,0.5494273298788954,1.0,0.7748367868294067,0.8581082789111585,0.774816506529645,0.7877094972067039,0.7840593141797961,0.5494530142285315
0.20999999999999996,1,5,3,0.7915129151291513,0.7469635627530364,0.7702702702702703,0.5390563074852314,1.0,0.7692382389410939,0.8503757722936884,0.7689156696607975,0.7743682310469314,0.7828467153284672,0.5392019487511159
0.20999999999999996,1,1,4,0.7822878228782287,0.7090909090909091,0.7473481195756991,0.4925003455631558,1.0,0.7456893659845689,0.8395915223911323,0.7447906977772153,0.7464788732394366,0.7639639639639639,0.4931261220996599
0.20999999999999996,1,2,4,0.8191881918819188,0.7313131313131314,0.7772420443587271,0.5521941918176975,1.0,0.7752506615975251,0.8691150605544601,0.774004574753863,0.7694974003466204,0.7935656836461126,0.5534696201285859
0.20999999999999996,1,3,4,0.7988929889298892,0.7591093117408907,0.7799227799227799,0.5585029232770609,1.0,0.77900115033539,0.8375019789384124,0.7787471393085121,0.7844202898550725,0.7915904936014625,0.5586076611088515
0.20999999999999996,1,4,4,0.8099630996309963,0.771255060728745,0.7915057915057915,0.5817396115256366,1.0,0.7906090801798706,0.8532358679504346,0.7903721525926546,0.7952898550724637,0.8025594149908593,0.5818487070075733
0.20999999999999996,1,5,4,0.7878228782287823,0.7874493927125507,0.7876447876447876,0.5747570786751645,1.0,0.7876361354706665,0.8620209024313383,0.7876361133329962,0.8026315789473685,0.7951582867783985,0.5748644788216515
0.20999999999999996,1,1,5,0.8210332103321033,0.7474747474747475,0.7859209257473481,0.5699056913971422,1.0,0.7842539789034253,0.8523461751900243,0.7833910846833593,0.7807017543859649,0.8003597122302158,0.5707460608907889
0.20999999999999996,1,2,5,0.7712177121771218,0.7535353535353535,0.7627772420443587,0.5246611536985208,1.0,0.7623765328562376,0.8385962097066368,0.7623252661417658,0.774074074074074,0.7726432532347505,0.5246650715698742
0.20999999999999996,1,3,5,0.8025830258302583,0.7408906882591093,0.7731660231660231,0.5444986604002334,1.0,0.7717368570446839,0.8618862967337352,0.7711201530192676,0.7726465364120781,0.7873303167420814,0.544950296950603
0.20999999999999996,1,4,5,0.8191881918819188,0.7530364372469636,0.7876447876447876,0.5734582965280792,1.0,0.7861123145644412,0.856229720397879,0.7854161683143162,0.784452296819788,0.8014440433212996,0.5740801354755072
0.20999999999999996,1,5,5,0.8025830258302583,0.7793522267206477,0.7915057915057915,0.5820395965633172,1.0,0.790967626275453,0.8455108726953227,0.7908823353122808,0.7996323529411765,0.8011049723756906,0.5820439551951075
0.21999999999999995,1,1,1,0.7878228782287823,0.7595959595959596,0.7743490838958534,0.5476107026204716,1.0,0.773709418912371,0.8523907547764961,0.7735806843373499,0.782051282051282,0.7849264705882353,0.547627077357062
0.21999999999999995,1,2,1,0.8118081180811808,0.7252525252525253,0.7704918032786885,0.5386648522754036,1.0,0.7685303216668531,0.8173407501392598,0.767310815549264,0.7638888888888888,0.7871198568872988,0.5398385147893705
0.21999999999999995,1,3,1,0.8173431734317343,0.7611336032388664,0.7905405405405406,0.5794636577226404,1.0,0.7892383883353004,0.8521826241378274,0.7887378237898736,0.7896613190730838,0.8032638259292838,0.5798568752737548
0.21999999999999995,1,4,1,0.7915129151291513,0.7550607287449392,0.7741312741312741,0.5469658688274605,1.0,0.7732868219370452,0.8702534075255939,0.7730720008566138,0.78,0.7857142857142857,0.5470314861462986
0.21999999999999995,1,5,1,0.8173431734317343,0.7510121457489879,0.7857142857142857,0.5695806446783346,1.0,0.7841776595903611,0.8613942653529054,0.7834760050520079,0.7826855123674912,0.7996389891696751,0.5701982788301228
0.21999999999999995,1,1,2,0.8044280442804428,0.7292929292929293,0.7685631629701061,0.5350331798888025,1.0,0.7668604867866861,0.8549276661072347,0.7659397396784334,0.7649122807017544,0.7841726618705036,0.535822127199304
0.21999999999999995,1,2,2,0.8284132841328413,0.7535353535353535,0.7926711668273867,0.5834306458875559,1.0,0.7909743188340974,0.8575249607323752,0.7900877779920557,0.7863397548161121,0.8068283917340521,0.5843538182383563
0.21999999999999995,1,3,2,0.7915129151291513,0.7813765182186235,0.7866795366795367,0.5726327892842744,1.0,0.7864447166738874,0.8674172623096243,0.7864283856453105,0.7988826815642458,0.7951807228915663,0.5726595584309352
0.21999999999999995,1,4,2,0.7785977859778598,0.7550607287449392,0.7673745173745173,0.5337063543051799,1.0,0.7668292573613995,0.8368215339563054,0.7667389462389653,0.7771639042357275,0.7778801843317973,0.5337073532891203
0.21999999999999995,1,5,2,0.8228782287822878,0.757085020242915,0.7915057915057915,0.5812136002275687,1.0,0.7899816245126015,0.8551497340045698,0.7892963831762391,0.7879858657243817,0.8050541516245487,0.5818438487662758
0.21999999999999995,1,1,3,0.8007380073800738,0.7636363636363637,0.7830279652844745,0.5648196330552432,1.0,0.7821871855082188,0.8477858038208683,0.7819671733398706,0.7876588021778584,0.7941445562671546,0.5649052258230116
0.21999999999999995,1,2,3,0.8247232472324724,0.7232323232323232,0.7762777242044359,0.5499788629383134,1.0,0.7739777852323978,0.8534532083155086,0.772312443328247,0.7654109589041096,0.7939609236234458,0.5518131737931412
0.21999999999999995,1,3,3,0.7933579335793358,0.7489878542510121,0.7722007722007722,0.5429297838929186,1.0,0.7711728939151741,0.8371251895119927,0.7708537191481947,0.776173285198556,0.7846715328467153,0.5430764716877083
0.21999999999999995,1,4,3,0.7878228782287823,0.7672064777327935,0.777992277992278,0.5550293559615758,1.0,0.7775146779807879,0.8605634737540515,0.7774463425106684,0.7878228782287823,0.7878228782287823,0.5550293559615758
0.21999999999999995,1,5,3,0.7970479704797048,0.7388663967611336,0.7693050193050193,0.5368286368465947,1.0,0.7679571836204191,0.8522968559683476,0.7674059955421992,0.7700534759358288,0.7833182230281052,0.5371929227498359
0.21999999999999995,1,1,4,0.7859778597785978,0.7090909090909091,0.7492767598842816,0.496285944879536,1.0,0.7475343844347535,0.8424405500569505,0.7465452130418713,0.7473684210526316,0.7661870503597122,0.49701775643098745
0.21999999999999995,1,2,4,0.8247232472324724,0.7313131313131314,0.7801350048216008,0.5578933196707518,1.0,0.7780181892728019,0.8729422558651709,0.7766150529060798,0.7706896551724138,0.7967914438502673,0.5594140272248603
0.21999999999999995,1,3,4,0.8044280442804428,0.7591093117408907,0.7828185328185329,0.5641947980077477,1.0,0.7817686780106667,0.8403739533043356,0.7814402210270455,0.7855855855855856,0.7948951686417502,0.564373739949354
0.21999999999999995,1,4,4,0.8081180811808119,0.7692307692307693,0.7895752895752896,0.5778668301508739,1.0,0.7886744252057905,0.8560071035711027,0.7884347108137801,0.7934782608695652,0.8007312614259597,0.5779751993577863
0.21999999999999995,1,5,4,0.7988929889298892,0.7793522267206477,0.7895752895752896,0.578245215650537,1.0,0.7891226078252684,0.8651390941336228,0.7890621203897846,0.7988929889298892,0.7988929889298892,0.5782452156505371
0.21999999999999995,1,1,5,0.8210332103321033,0.7434343434343434,0.7839922854387656,0.5659547433525794,1.0,0.7822337768832234,0.8548591981485674,0.781270942542367,0.777972027972028,0.7989228007181328,0.5669134165846613
0.21999999999999995,1,2,5,0.7730627306273062,0.7555555555555555,0.7647058823529411,0.5285256971643865,1.0,0.7643091430914308,0.8408617881448099,0.7642590142866548,0.7759259259259259,0.7744916820702403,0.5285296438939544
0.21999999999999995,1,3,5,0.8081180811808119,0.7469635627530364,0.778957528957529,0.5561284818368234,1.0,0.7775408219669242,0.8657973220619288,0.7769393548044575,0.7779751332149201,0.7927601809954751,0.5565897647882164
0.21999999999999995,1,4,5,0.8173431734317343,0.7530364372469636,0.7866795366795367,0.571557957454453,1.0,0.7851898053393489,0.8580137783342552,0.7845311920689707,0.784070796460177,0.8003613369467028,0.5721269856006105
0.21999999999999995,1,5,5,0.8044280442804428,0.7753036437246964,0.7905405405405406,0.5799916301732256,1.0,0.7898658440025695,0.8477444431416109,0.7897315960786669,0.7970749542961609,0.800734618916437,0.5800187919808347
0.22999999999999995,1,1,1,0.7915129151291513,0.7595959595959596,0.7762777242044359,0.5513986626838063,1.0,0.7755544373625555,0.8552537907408352,0.7753902322702569,0.7828467153284672,0.7871559633027523,0.5514357757825078
0.22999999999999995,1,2,1,0.8173431734317343,0.7232323232323232,0.772420443587271,0.54238080457148,1.0,0.7702877483320287,0.8210862477267606,0.7688491413789268,0.7637931034482759,0.7896613190730838,0.543859228057895
0.22999999999999995,1,3,1,0.8154981549815498,0.7510121457489879,0.7847490347490348,0.5676806539020046,1.0,0.7832551503652688,0.8556129987314331,0.782591221026044,0.7823008849557522,0.7985546522131888,0.5682458219062049
0.22999999999999995,1,4,1,0.7970479704797048,0.7530364372469636,0.7760617760617761,0.5506767367082928,1.0,0.7750422038633342,0.8724285905259906,0.7747297361047657,0.779783393501805,0.7883211678832117,0.5508255175608933
0.22999999999999995,1,5,1,0.8173431734317343,0.7510121457489879,0.7857142857142857,0.5695806446783346,1.0,0.7841776595903611,0.8634723962449667,0.7834760050520079,0.7826855123674912,0.7996389891696751,0.5701982788301228
0.22999999999999995,1,1,2,0.8062730627306273,0.7353535353535353,0.772420443587271,0.5428629066904763,1.0,0.7708132990420813,0.8567789705064547,0.7699972383971838,0.7693661971830986,0.7873873873873873,0.543552674469536
0.22999999999999995,1,2,2,0.8357933579335793,0.7575757575757576,0.7984570877531341,0.5949847044511262,1.0,0.7966845577546684,0.8614328685529232,0.795724064178857,0.7905759162303665,0.8125560538116592,0.5960612363681356
0.22999999999999995,1,3,2,0.7915129151291513,0.7773279352226721,0.7847490347490348,0.5686879247255621,1.0,0.7844204251759117,0.8701279712379735,0.784388360456363,0.7959183673469388,0.793709528214616,0.5686974982311493
0.22999999999999995,1,4,2,0.7859778597785978,0.7550607287449392,0.7712355212355212,0.5412811813412647,1.0,0.7705192942617685,0.8385368577074833,0.7703642096968263,0.7787934186471663,0.7823691460055097,0.5413065302851895
0.22999999999999995,1,5,2,0.8265682656826568,0.757085020242915,0.7934362934362934,0.5850166963657327,1.0,0.7918266429627859,0.8594386218674789,0.7910641264502553,0.7887323943661971,0.8072072072072072,0.5857616815227257
0.22999999999999995,1,1,3,0.8044280442804428,0.7636363636363637,0.7849566055930569,0.5686122713188562,1.0,0.7840322039584032,0.8523524782322647,0.7837668700203071,0.7884267631103075,0.7963470319634703,0.5687410502953585
0.22999999999999995,1,2,3,0.8302583025830258,0.7292929292929293,0.7820636451301832,0.5616173406209433,1.0,0.7797756159379776,0.857231711579677,0.7781397750793556,0.7705479452054794,0.7992895204262878,0.5634904685783645
0.22999999999999995,1,3,3,0.7988929889298892,0.7469635627530364,0.7741312741312741,0.5466405350009724,1.0,0.7729282758414628,0.8400293520819636,0.7724920409101262,0.7759856630824373,0.7872727272727272,0.5469033672165956
0.22999999999999995,1,4,3,0.8007380073800738,0.7672064777327935,0.7847490347490348,0.5683010688392258,1.0,0.7839722425564337,0.8632643681262931,0.7837929485705023,0.7905282331511839,0.7956003666361137,0.5683532551499395
0.22999999999999995,1,5,3,0.7988929889298892,0.7388663967611336,0.7702702702702703,0.5387251747309816,1.0,0.7688796928455114,0.8536210384329608,0.7682936835145525,0.7704626334519573,0.7844202898550725,0.5391303590260109
0.22999999999999995,1,1,4,0.7896678966789668,0.703030303030303,0.7483124397299904,0.4941264866016609,1.0,0.7463490998546349,0.8456438229162125,0.7450909076720209,0.7443478260869565,0.7663384064458371,0.49514033709930183
0.22999999999999995,1,2,4,0.8302583025830258,0.7313131313131314,0.7830279652844745,0.5635954534997467,1.0,0.7807857169480785,0.8764547173231244,0.7792167856641167,0.7718696397941681,0.8,0.5653859954399884
0.22999999999999995,1,3,4,0.8044280442804428,0.7591093117408907,0.7828185328185329,0.5641947980077477,1.0,0.7817686780106667,0.8432768232704371,0.7814402210270455,0.7855855855855856,0.7948951686417502,0.564373739949354
0.22999999999999995,1,4,4,0.8062730627306273,0.7753036437246964,0.7915057915057915,0.5818896578526479,1.0,0.7907883532276618,0.858107051314428,0.7906367328755515,0.7974452554744526,0.8018348623853211,0.5819289071060832
0.22999999999999995,1,5,4,0.8044280442804428,0.7793522267206477,0.7924710424710425,0.5839372973296075,1.0,0.7918901355005452,0.8683867598815012,0.7917908736191008,0.8,0.8022079116835327,0.5839471381285631
0.22999999999999995,1,1,5,0.8284132841328413,0.7454545454545455,0.7888138862102217,0.575531419792198,1.0,0.7869339147936933,0.85786128969681,0.7858399634605983,0.7808695652173913,0.8039391226499553,0.576712297223759
0.22999999999999995,1,2,5,0.7804428044280443,0.7474747474747475,0.7647058823529411,0.528195145236417,1.0,0.7639587759513958,0.8435824004612251,0.7637809163355262,0.7718978102189781,0.7761467889908257,0.5282306965713865
0.22999999999999995,1,3,5,0.8228782287822878,0.7489878542510121,0.7876447876447876,0.5733049768605191,1.0,0.78593304151665,0.8697231053877239,0.7850642004865075,0.7824561403508772,0.802158273381295,0.5741522501054991
0.22999999999999995,1,4,5,0.8191881918819188,0.7550607287449392,0.7886100386100386,0.5754352610069015,1.0,0.7871244603134291,0.8598768498665896,0.7864711267056221,0.7858407079646018,0.8021680216802168,0.5760081492950161
0.22999999999999995,1,5,5,0.8118081180811808,0.7773279352226721,0.7953667953667953,0.5895588213308615,1.0,0.7945680266519264,0.8503792050690859,0.794380971716372,0.8,0.8058608058608059,0.5896295483567289
0.23999999999999994,1,1,1,0.8044280442804428,0.7616161616161616,0.7839922854387656,0.5666398017969613,1.0,0.7830221029483022,0.857064323732174,0.7827294547806838,0.7870036101083032,0.7956204379562044,0.566792564444369
0.23999999999999994,1,2,1,0.8191881918819188,0.7212121212121212,0.772420443587271,0.5423003553394428,1.0,0.77020015654702,0.824643847267019,0.7686406530616767,0.7628865979381443,0.7900355871886121,0.5439395580315286
0.23999999999999994,1,3,1,0.8191881918819188,0.7530364372469636,0.7876447876447876,0.5734582965280792,1.0,0.7861123145644412,0.8576553065155134,0.7854161683143162,0.784452296819788,0.8014440433212996,0.5740801354755072
0.23999999999999994,1,4,1,0.8062730627306273,0.7469635627530364,0.777992277992278,0.554230210874478,1.0,0.7766183127418318,0.8747260907211317,0.7760519309228421,0.7775800711743772,0.7916666666666666,0.554647056768842
0.23999999999999994,1,5,1,0.8173431734317343,0.7550607287449392,0.7876447876447876,0.5735349150512685,1.0,0.7862019510883368,0.8662964453465347,0.785584961774388,0.7854609929078015,0.8010849909584087,0.5740571786039229
0.23999999999999994,1,1,2,0.8136531365313653,0.7292929292929293,0.7733847637415622,0.5445200166719935,1.0,0.7714730329121473,0.8591011132966717,0.7703190763374221,0.7669565217391304,0.7896150402864817,0.5456372647953943
0.23999999999999994,1,2,2,0.8413284132841329,0.7575757575757576,0.8013500482160077,0.6006931074316519,1.0,0.7994520854299452,0.8647417766897614,0.7983545641278298,0.7916666666666666,0.815742397137746,0.6020019193573097
0.23999999999999994,1,3,2,0.8025830258302583,0.7672064777327935,0.7857142857142857,0.5701983883747701,1.0,0.7848947517815259,0.8723003603763063,0.7846954162828785,0.7909090909090909,0.7967032967032966,0.5702667928065333
0.23999999999999994,1,4,2,0.7915129151291513,0.757085020242915,0.775096525096525,0.5489423723746168,1.0,0.7742989676860332,0.8419036239188442,0.7741075967674534,0.7814207650273224,0.7864344637946837,0.5489927810026832
0.23999999999999994,1,5,2,0.8247232472324724,0.7591093117408907,0.7934362934362934,0.5850912520773134,1.0,0.7919162794866815,0.8625068697952626,0.7912364353234466,0.7897526501766784,0.8068592057761733,0.5857257054116601
0.23999999999999994,1,1,3,0.8118081180811808,0.7616161616161616,0.7878495660559306,0.5742290436483349,1.0,0.7867121398486712,0.8561513418659212,0.7863117593307559,0.7885304659498208,0.8,0.574504539003245
0.23999999999999994,1,2,3,0.8339483394833949,0.7292929292929293,0.7839922854387656,0.5654204208698775,1.0,0.7816206343881621,0.8606463893980569,0.7798670575045591,0.7713310580204779,0.8014184397163121,0.5674918540466849
0.23999999999999994,1,3,3,0.8062730627306273,0.742914979757085,0.7760617760617761,0.5502731831449742,1.0,0.7745940212438562,0.843232827409268,0.7739459516511517,0.774822695035461,0.7902350813743219,0.5507742644567091
0.23999999999999994,1,4,3,0.8136531365313653,0.7631578947368421,0.7895752895752896,0.5776394727786837,1.0,0.7884055156341037,0.8653168116887983,0.7880011514720681,0.7903225806451613,0.8018181818181818,0.5779172097058611
0.23999999999999994,1,5,3,0.8025830258302583,0.7307692307692307,0.7683397683397684,0.5345981641484854,1.0,0.7666761282997445,0.8543002584749795,0.7658348258041152,0.7658450704225352,0.7837837837837838,0.5352789442009529
0.23999999999999994,1,1,4,0.7933579335793358,0.705050505050505,0.7512054001928641,0.4998971928027486,1.0,0.7492042193149204,0.8486215758950373,0.7479020067869425,0.7465277777777778,0.7692307692307693,0.5009863869344084
0.23999999999999994,1,2,4,0.8394833948339483,0.7292929292929293,0.7868852459016393,0.5711275499606079,1.0,0.7843881620634388,0.8803519286214229,0.782450831753167,0.7724957555178268,0.8045977011494253,0.5735180602436333
0.23999999999999994,1,3,4,0.8099630996309963,0.757085020242915,0.7847490347490348,0.5679135183661256,1.0,0.7835240599369557,0.846479061661626,0.7830778567167808,0.7853309481216458,0.7974568574023615,0.5682218622003445
0.23999999999999994,1,4,4,0.8025830258302583,0.7631578947368421,0.7837837837837838,0.5662484860265862,1.0,0.7828704602835502,0.8606427301114672,0.7826222411509556,0.7880434782608695,0.7952468007312614,0.5663546764084255
0.23999999999999994,1,5,4,0.8099630996309963,0.7813765182186235,0.7963320463320464,0.5916047648228138,1.0,0.7956698089248099,0.8710834110108897,0.7955414173223365,0.8025594149908593,0.8062442607897153,0.5916324704895283
0.23999999999999994,1,1,5,0.8265682656826568,0.7454545454545455,0.7878495660559306,0.5736306618125276,1.0,0.7860114055686012,0.8612294455168679,0.7849643754856758,0.7804878048780488,0.8028673835125448,0.574736989734448
0.23999999999999994,1,2,5,0.7822878228782287,0.7434343434343434,0.76374156219865,0.5261369337712648,1.0,0.7628610831562861,0.84673604694307,0.76261368593683,0.7695099818511797,0.7758462946020128,0.5262166645627443
0.23999999999999994,1,3,5,0.8284132841328413,0.7388663967611336,0.7857142857142857,0.5691161703211881,1.0,0.7836398404469874,0.8741176514078419,0.7823597243444282,0.7768166089965398,0.8017857142857143,0.5705105601066581
0.23999999999999994,1,4,5,0.8247232472324724,0.7510121457489879,0.7895752895752896,0.5771840225254233,1.0,0.7878676964907301,0.8612306716529075,0.7870051941081025,0.7842105263157895,0.8039568345323741,0.578037028516046
0.23999999999999994,1,5,5,0.8118081180811808,0.7753036437246964,0.7944015444015444,0.5875857841304966,1.0,0.7935558809029386,0.8533923954130158,0.7933459472094303,0.7985480943738656,0.8051235132662397,0.5876750187289507
0.24999999999999992,1,1,1,0.8118081180811808,0.7595959595959596,0.7868852459016393,0.572256201694349,1.0,0.7857020388385703,0.8600717579345158,0.7852682130722373,0.7871198568872988,0.7992733878292462,0.5725662247994141
0.24999999999999992,1,2,1,0.8210332103321033,0.7232323232323232,0.7743490838958534,0.5461791658874136,1.0,0.7721327667822133,0.8273753787559873,0.7705827380362084,0.7646048109965635,0.791814946619217,0.5478300929986883
0.24999999999999992,1,3,1,0.8284132841328413,0.757085020242915,0.7944015444015444,0.5869187570198428,1.0,0.7927491521878782,0.8602174381464649,0.7919465183882128,0.789103690685413,0.8082808280828083,0.5877250287973032
0.24999999999999992,1,4,1,0.8099630996309963,0.7449392712550608,0.778957528957529,0.5560487432446595,1.0,0.7774511854430285,0.8766824389246386,0.7767710867318663,0.7769911504424779,0.7931345980126467,0.5566023308229882
0.24999999999999992,1,5,1,0.8118081180811808,0.7530364372469636,0.7837837837837838,0.5658589879821003,1.0,0.7824222776640721,0.8686857786849032,0.7818702532824834,0.7829181494661922,0.7971014492753623,0.5662845800759653
0.24999999999999992,1,1,2,0.8136531365313653,0.7272727272727273,0.772420443587271,0.5425416182226692,1.0,0.7704629319020463,0.8608486504429199,0.7692514125168538,0.765625,0.7889087656529516,0.5437237275748666
0.24999999999999992,1,2,2,0.8450184501845018,0.7535353535353535,0.8013500482160077,0.6005527361937494,1.0,0.7992769018599277,0.868337590513681,0.797966964606728,0.7896551724137931,0.8163992869875223,0.6021897249340149
0.24999999999999992,1,3,2,0.8118081180811808,0.7651821862348178,0.7895752895752896,0.5777152857762553,1.0,0.7884951521579993,0.8739053798813246,0.788150436526258,0.7913669064748201,0.8014571948998178,0.5779278437014149
0.24999999999999992,1,4,2,0.8007380073800738,0.7489878542510121,0.7760617760617761,0.5505154022231864,1.0,0.774862930815543,0.8439814279794899,0.7744307857806485,0.7777777777777778,0.7890909090909091,0.5507800975277538
0.24999999999999992,1,5,2,0.8284132841328413,0.7550607287449392,0.7934362934362934,0.5849421138552321,1.0,0.7917370064388902,0.8658110819739062,0.7908870576886003,0.787719298245614,0.8075539568345323,0.5858065853371398
0.24999999999999992,1,1,3,0.8210332103321033,0.7595959595959596,0.7917068466730954,0.5817502138004952,1.0,0.7903145849640314,0.8607327229480397,0.7897173603653178,0.7890070921985816,0.8047016274864376,0.5822787898179711
0.24999999999999992,1,2,3,0.8376383763837638,0.7252525252525253,0.7839922854387656,0.5652675155897919,1.0,0.7814454508181445,0.8650090330199265,0.7794224449685484,0.7694915254237288,0.8021201413427562,0.5677363538534926
0.24999999999999992,1,3,3,0.8062730627306273,0.7408906882591093,0.775096525096525,0.5482941361397625,1.0,0.7735818754948682,0.8458508144117064,0.7728908101221508,0.7734513274336283,0.7895212285456188,0.5488400034341769
0.24999999999999992,1,4,3,0.8154981549815498,0.7631578947368421,0.7905405405405406,0.5795391636118801,1.0,0.789328024859196,0.867519398303627,0.7888940709103464,0.7906976744186046,0.8029064486830154,0.5798538194917088
0.24999999999999992,1,5,3,0.8062730627306273,0.7226720647773279,0.7664092664092664,0.53046670162559,1.0,0.7644725637539775,0.8558780811716559,0.7633289061851926,0.7613240418118467,0.7831541218637993,0.5314920889953919
0.24999999999999992,1,1,4,0.8025830258302583,0.7070707070707071,0.7569913211186113,0.511355774372936,1.0,0.7548268664504827,0.8509450239737097,0.7533146404768384,0.75,0.7754010695187166,0.5127496297239643
0.24999999999999992,1,2,4,0.8413284132841329,0.7333333333333333,0.789778206364513,0.5769865535966229,1.0,0.7873308733087332,0.8842152573896952,0.7854770332362986,0.7755102040816326,0.8070796460176991,0.5792988918172451
0.24999999999999992,1,3,4,0.8173431734317343,0.7510121457489879,0.7857142857142857,0.5695806446783346,1.0,0.7841776595903611,0.8506823451988916,0.7834760050520079,0.7826855123674912,0.7996389891696751,0.5701982788301228
0.24999999999999992,1,4,4,0.8025830258302583,0.7631578947368421,0.7837837837837838,0.5662484860265862,1.0,0.7828704602835502,0.8637805476734263,0.7826222411509556,0.7880434782608695,0.7952468007312614,0.5663546764084255
0.24999999999999992,1,5,4,0.8154981549815498,0.7793522267206477,0.7982625482625483,0.5953306520341491,1.0,0.7974251908510988,0.8734362325464099,0.7972203603593242,0.8021778584392014,0.8087831655992681,0.5954210628186107
0.24999999999999992,1,1,5,0.8284132841328413,0.7393939393939394,0.7859209257473481,0.5696033562166284,1.0,0.7839036117633904,0.8641998523419554,0.7826389727078842,0.7768166089965398,0.8017857142857143,0.5709957739852163
0.24999999999999992,1,2,5,0.7915129151291513,0.7353535353535353,0.7647058823529411,0.5276984473638036,1.0,0.7634332252413434,0.849460283390433,0.7629166536511077,0.7660714285714286,0.778584392014519,0.5280190414868138
0.24999999999999992,1,3,5,0.8339483394833949,0.7388663967611336,0.7886100386100386,0.5748242207996643,1.0,0.7864073681222642,0.8785100762974124,0.78496904695601,0.7779690189328744,0.804986642920748,0.5764790582699384
0.24999999999999992,1,4,5,0.8302583025830258,0.7469635627530364,0.7905405405405406,0.5789343562234975,1.0,0.7886109326680311,0.8627492548572362,0.7875104441864282,0.782608695652174,0.8057296329453895,0.5801249000852398
0.24999999999999992,1,5,5,0.8247232472324724,0.7753036437246964,0.8011583011583011,0.6008886761119672,1.0,0.8000134454785843,0.8566359448728176,0.7996317518982093,0.8010752688172043,0.8127272727272727,0.6011775915728104
0.2599999999999999,1,1,1,0.8173431734317343,0.7555555555555555,0.7878495660559306,0.5740048473893934,1.0,0.786449364493645,0.8633576586258083,0.7858423350022286,0.7854609929078015,0.8010849909584087,0.5745263859965952
0.2599999999999999,1,2,1,0.8228782287822878,0.7252525252525253,0.7762777242044359,0.5500579764353843,1.0,0.7740653770174065,0.8319567711763943,0.7725247655575058,0.7663230240549829,0.7935943060498221,0.5517206279658482
0.2599999999999999,1,3,1,0.8247232472324724,0.7631578947368421,0.7953667953667953,0.5890427363221314,1.0,0.7939405709846572,0.8617994286499482,0.7933435933430519,0.7925531914893617,0.8083182640144665,0.589579121368732
0.2599999999999999,1,4,1,0.8228782287822878,0.7489878542510121,0.7876447876447876,0.5733049768605191,1.0,0.78593304151665,0.878533535202009,0.7850642004865075,0.7824561403508772,0.802158273381295,0.5741522501054991
0.2599999999999999,1,5,1,0.8210332103321033,0.7469635627530364,0.7857142857142857,0.5694259311956147,1.0,0.7839983865425699,0.8713657833483797,0.7831231652353485,0.7807017543859649,0.8003597122302158,0.5702674716949523
0.2599999999999999,1,1,2,0.8173431734317343,0.7252525252525253,0.7733847637415622,0.5443599125721476,1.0,0.7712978493421299,0.8621849809677198,0.7699222042059042,0.7651122625215889,0.7903657448706513,0.5457661155219026
0.2599999999999999,1,2,2,0.8487084870848709,0.7535353535353535,0.8032786885245902,0.6043613241069759,1.0,0.8011219203101122,0.871138073059071,0.7997073526384219,0.7903780068728522,0.8185053380782918,0.6061881175060853
0.2599999999999999,1,3,2,0.8173431734317343,0.7732793522267206,0.7963320463320464,0.5913115661317101,1.0,0.7953112628292275,0.8761949935752438,0.795006037523127,0.7981981981981981,0.8076572470373746,0.5914991085197496
0.2599999999999999,1,4,2,0.8062730627306273,0.7611336032388664,0.7847490347490348,0.5680686220254566,1.0,0.7837033329847468,0.8474648305811812,0.7833782748012602,0.7873873873873873,0.796718322698268,0.5682487926022677
0.2599999999999999,1,5,2,0.8321033210332104,0.7489878542510121,0.7924710424710425,0.5828151455670597,1.0,0.7905455876421112,0.8695021333972355,0.7894525197475813,0.7843478260869565,0.8075201432408237,0.5840136700398714
0.2599999999999999,1,1,3,0.8228782287822878,0.7494949494949495,0.7878495660559306,0.573780414898069,1.0,0.7861865891386186,0.865695972983067,0.7853299157180212,0.7824561403508772,0.802158273381295,0.5746264979676206
0.2599999999999999,1,2,3,0.8450184501845018,0.7232323232323232,0.7868852459016393,0.5709011044975649,1.0,0.7841253867084126,0.8685238517172434,0.7817574156355118,0.7697478991596639,0.8056288478452067,0.5739481504278754
0.2599999999999999,1,3,3,0.8154981549815498,0.7368421052631579,0.777992277992278,0.5538295609449196,1.0,0.7761701301223538,0.8480953223387016,0.775173127343064,0.7727272727272727,0.7935368043087971,0.5547698024637744
0.2599999999999999,1,4,3,0.8228782287822878,0.7591093117408907,0.7924710424710425,0.5831898681117982,1.0,0.7909937702615892,0.8702608587068613,0.7903508878324144,0.7893805309734513,0.8057813911472448,0.5837704766838273
0.2599999999999999,1,5,3,0.8099630996309963,0.7246963562753036,0.7693050193050193,0.5362456734443128,1.0,0.76732972795315,0.8563644933035325,0.7661444426608038,0.7634782608695653,0.7860340196956133,0.5373484305842926
0.2599999999999999,1,1,4,0.8007380073800738,0.7151515151515152,0.759884281581485,0.5173850389418143,1.0,0.7579447612657945,0.8527691930664144,0.7567357525697229,0.7547826086956522,0.7770814682184423,0.5184466114205754
0.2599999999999999,1,2,4,0.8505535055350554,0.7373737373737373,0.7965284474445516,0.5904615021795812,1.0,0.7939636214543964,0.8881097707717679,0.7919443270916949,0.7800338409475466,0.8137687555163283,0.5931501677884754
0.2599999999999999,1,3,4,0.8265682656826568,0.7510121457489879,0.7905405405405406,0.579085721132963,1.0,0.7887902057158224,0.8542146596042686,0.7878850213186894,0.7845884413309983,0.8050314465408805,0.5800040724429966
0.2599999999999999,1,4,4,0.8062730627306273,0.7611336032388664,0.7847490347490348,0.5680686220254566,1.0,0.7837033329847468,0.8656628783386724,0.7833782748012602,0.7873873873873873,0.796718322698268,0.5682487926022677
0.2599999999999999,1,5,4,0.8228782287822878,0.7692307692307693,0.7972972972972973,0.5930658845710693,1.0,0.7960544990065285,0.8755716231366213,0.7956024465205296,0.7964285714285714,0.809437386569873,0.5934269817271534
0.2599999999999999,1,1,5,0.8265682656826568,0.7353535353535353,0.7830279652844745,0.5637488524626946,1.0,0.7809609005180962,0.8666565223837551,0.779628050021792,0.7737478411053541,0.7992863514719001,0.5652051413644769
0.2599999999999999,1,2,5,0.8007380073800738,0.7292929292929293,0.7666345226615237,0.5312407771995562,1.0,0.7650154683365016,0.8512545083740701,0.7641809779092891,0.7640845070422535,0.781981981981982,0.5319157777687954
0.2599999999999999,1,3,5,0.8357933579335793,0.7469635627530364,0.7934362934362934,0.584643515534839,1.0,0.7913784603433078,0.8820324278482419,0.790131118465404,0.7837370242214533,0.8089285714285714,0.5860759488212505
0.2599999999999999,1,4,5,0.8302583025830258,0.742914979757085,0.7886100386100386,0.5749771456831568,1.0,0.7865866411700555,0.8644611406042543,0.7853733698417718,0.779896013864818,0.8042895442359249,0.5763082100542575
0.2599999999999999,1,5,5,0.8321033210332104,0.7753036437246964,0.805019305019305,0.6084978373767154,1.0,0.8037034823789533,0.8600273981429862,0.8032015542517761,0.802491103202847,0.8170289855072463,0.6089554988687508
0.2699999999999999,1,1,1,0.8191881918819188,0.7535353535353535,0.7878495660559306,0.5739300628254261,1.0,0.7863617727086362,0.8661643403265591,0.7856763098004984,0.784452296819788,0.8014440433212996,0.5745510351959433
0.2699999999999999,1,2,1,0.8302583025830258,0.7212121212121212,0.7782063645130183,0.5537014097579048,1.0,0.7757352118975736,0.8352455331802713,0.7738167428790096,0.7653061224489796,0.7964601769911505,0.5559204301572793
0.2699999999999999,1,3,1,0.8284132841328413,0.7510121457489879,0.7915057915057915,0.5809877615830549,1.0,0.7897127149409147,0.863134571070175,0.7887638671260057,0.784965034965035,0.8061041292639138,0.5819741098279101
0.2699999999999999,1,4,1,0.8284132841328413,0.7449392712550608,0.7886100386100386,0.5750535668799354,1.0,0.786676277693951,0.879671092699102,0.7855683217772534,0.7808695652173913,0.8039391226499553,0.5762361301306083
0.2699999999999999,1,5,1,0.8265682656826568,0.7327935222672065,0.7818532818532818,0.5612735912695438,1.0,0.7796808939749316,0.8728363957520126,0.7782697930691452,0.7724137931034483,0.7985739750445633,0.562807005208892
0.2699999999999999,1,1,2,0.8191881918819188,0.7131313131313132,0.7685631629701061,0.5343790223605831,1.0,0.7661597525066159,0.8636606405128824,0.7643224129766305,0.757679180887372,0.7872340425531915,0.5363367345249309
0.2699999999999999,1,2,2,0.8431734317343174,0.7474747474747475,0.7974927675988428,0.5927248924630634,1.0,0.7953240896045324,0.8740647382563645,0.7938833969563951,0.7852233676975945,0.8131672597864769,0.5945165126046059
0.2699999999999999,1,3,2,0.8228782287822878,0.771255060728745,0.7982625482625483,0.5950400239395526,1.0,0.7970666447555164,0.8785263059981073,0.7966486040355845,0.7978533094812165,0.810172570390554,0.5953630958801944
0.2699999999999999,1,4,2,0.8136531365313653,0.7651821862348178,0.7905405405405406,0.5796146423923288,1.0,0.7894176613830916,0.8503807284297443,0.7890455537216383,0.7917414721723519,0.802547770700637,0.5798595164151894
0.2699999999999999,1,5,2,0.8339483394833949,0.7368421052631579,0.7876447876447876,0.5728443558181028,1.0,0.7853952223732764,0.8712659121561388,0.7838930093741487,0.7766323024054983,0.8042704626334519,0.5745798521404885
0.2699999999999999,1,1,3,0.8228782287822878,0.7393939393939394,0.7830279652844745,0.5639021436221215,1.0,0.7811360840881136,0.870418480294896,0.7800199838599285,0.7756521739130435,0.7985675917636527,0.5650591600631223
0.2699999999999999,1,2,3,0.8505535055350554,0.7272727272727273,0.7917068466730954,0.5805723145370588,1.0,0.7889131164038914,0.8713155062424012,0.7865013462555919,0.7734899328859061,0.8101933216168717,0.5837905661717613
0.2699999999999999,1,3,3,0.8191881918819188,0.7327935222672065,0.777992277992278,0.55366909924625,1.0,0.7759908570745626,0.8504488393481573,0.774787584134423,0.7708333333333334,0.7942754919499105,0.5548781851342606
0.2699999999999999,1,4,3,0.8247232472324724,0.7510121457489879,0.7895752895752896,0.5771840225254233,1.0,0.7878676964907301,0.8715577800594054,0.7870051941081025,0.7842105263157895,0.8039568345323741,0.578037028516046
0.2699999999999999,1,5,3,0.8062730627306273,0.7206477732793523,0.7654440154440154,0.5284840947571884,1.0,0.7634604180049898,0.855342797094518,0.7622590683697702,0.76,0.7824529991047449,0.5295708906750295
0.2699999999999999,1,1,4,0.8007380073800738,0.7151515151515152,0.759884281581485,0.5173850389418143,1.0,0.7579447612657945,0.8536798229653465,0.7567357525697229,0.7547826086956522,0.7770814682184423,0.5184466114205754
0.2699999999999999,1,2,4,0.8560885608856088,0.7353535353535353,0.7984570877531341,0.5942005920361588,1.0,0.7957210481195721,0.8922736903504634,0.793427847899828,0.7798319327731092,0.8161829375549692,0.5973719933200031
0.2699999999999999,1,3,4,0.8265682656826568,0.742914979757085,0.7866795366795367,0.5711727775363731,1.0,0.7847416227198709,0.8583016720984684,0.7836261521717354,0.7791304347826087,0.8021486123545211,0.5723473601759766
0.2699999999999999,1,4,4,0.8154981549815498,0.7489878542510121,0.7837837837837838,0.5657029928285898,1.0,0.7822430046162809,0.8676639369572523,0.7815358041992,0.7809187279151943,0.7978339350180506,0.5663164221847384
0.2699999999999999,1,5,4,0.8247232472324724,0.7631578947368421,0.7953667953667953,0.5890427363221314,1.0,0.7939405709846572,0.8772296960523538,0.7933435933430519,0.7925531914893617,0.8083182640144665,0.589579121368732
0.2699999999999999,1,1,5,0.8321033210332104,0.7292929292929293,0.7830279652844745,0.5635187135564083,1.0,0.7806981251630698,0.8685338606643762,0.7790038950292129,0.770940170940171,0.8003549245785271,0.5654895709603159
0.2699999999999999,1,2,5,0.8081180811808119,0.7272727272727273,0.7695274831243973,0.536848537625929,1.0,0.7676954042267696,0.853190838534561,0.7666304460812734,0.7643979057591623,0.7856502242152467,0.5378198812269167
0.2699999999999999,1,3,5,0.8376383763837638,0.7408906882591093,0.7915057915057915,0.5806108220759554,1.0,0.7892645323214366,0.8846174796616616,0.7877807265928823,0.7800687285223368,0.8078291814946619,0.5823698477802606
0.2699999999999999,1,4,5,0.8339483394833949,0.7510121457489879,0.7944015444015444,0.586695934910622,1.0,0.7924802426161914,0.8643839414694414,0.7913945488056067,0.7860869565217391,0.8093106535362579,0.587902439994503
0.2699999999999999,1,5,5,0.8357933579335793,0.771255060728745,0.805019305019305,0.6083571631757818,1.0,0.8035242093311621,0.8625231594824121,0.802875991065709,0.8003533568904594,0.8176895306859205,0.6090168452839662
0.2799999999999999,1,1,1,0.8247232472324724,0.7515151515151515,0.789778206364513,0.5776551383989956,1.0,0.7881191993738119,0.8680662711117693,0.7872687064160363,0.7842105263157895,0.8039568345323741,0.5785069350444522
0.2799999999999999,1,2,1,0.8321033210332104,0.7212121212121212,0.7791706846673095,0.5556027553890462,1.0,0.7766577211226657,0.8390967055009456,0.7746760621253327,0.765704584040747,0.7975243147656941,0.5579282851242627
0.2799999999999999,1,3,1,0.8284132841328413,0.7348178137651822,0.7837837837837838,0.5651561258600788,1.0,0.7816155489490118,0.8630790513844043,0.7802133287380633,0.7741379310344828,0.8003565062388592,0.5667001469841472
0.2799999999999999,1,4,1,0.8302583025830258,0.7368421052631579,0.7857142857142857,0.5690386604506138,1.0,0.7835502039230919,0.8798491317764393,0.7821568101010773,0.7758620689655172,0.8021390374331551,0.5705932887594023
0.2799999999999999,1,5,1,0.8302583025830258,0.7267206477732794,0.7808880308880309,0.5591340601988634,1.0,0.7784894751781526,0.8760183633782055,0.7767662785370384,0.7692307692307693,0.7985803016858918,0.5610940923780836
0.2799999999999999,1,1,2,0.8265682656826568,0.705050505050505,0.7685631629701061,0.534051252864439,1.0,0.7658093853665809,0.8635808806134878,0.7633952928714437,0.7542087542087542,0.7887323943661971,0.5367937665751913
0.2799999999999999,1,2,2,0.8523985239852399,0.7414141414141414,0.7994214079074252,0.5963198359048067,1.0,0.7969063326996906,0.875558673435453,0.7949718987506401,0.7830508474576271,0.8162544169611308,0.5989242969567556
0.2799999999999999,1,3,2,0.8247232472324724,0.7672064777327935,0.7972972972972973,0.592992801233219,1.0,0.795964862482633,0.8794350579702808,0.7954451694576924,0.7953736654804271,0.8097826086956522,0.5934388011259197
0.2799999999999999,1,4,2,0.8210332103321033,0.7651821862348178,0.7944015444015444,0.5872154797001033,1.0,0.7931076982834606,0.852054624251437,0.7926159138279459,0.7932263814616756,0.8068902991840435,0.587613957550831
0.2799999999999999,1,5,2,0.8357933579335793,0.7267206477732794,0.7837837837837838,0.5648430116559907,1.0,0.7812570028534294,0.873140588218192,0.7793511984221845,0.7704081632653061,0.8017699115044248,0.5671119358452862
0.2799999999999999,1,1,3,0.8247232472324724,0.7191919191919192,0.7743490838958534,0.5460195468015686,1.0,0.7719575832121958,0.8744210644293923,0.7701521245697589,0.7627986348122867,0.7925531914893617,0.5480199043455887
0.2799999999999999,1,2,3,0.8523985239852399,0.7252525252525253,0.7917068466730954,0.5804984755069781,1.0,0.7888255246188826,0.8744720237647217,0.7862596149121615,0.7725752508361204,0.8105263157894737,0.5839624972968527
0.2799999999999999,1,3,3,0.8247232472324724,0.7408906882591093,0.7847490347490348,0.5672919881928109,1.0,0.7828069677457908,0.8526461947429638,0.7816839350180826,0.7773913043478261,0.8003581020590869,0.5684585902213452
0.2799999999999999,1,4,3,0.8339483394833949,0.7469635627530364,0.7924710424710425,0.582740120191227,1.0,0.7904559511182156,0.8722825240470289,0.7892585272345782,0.7833622183708839,0.8078641644325291,0.5840891557440677
0.2799999999999999,1,5,3,0.8099630996309963,0.7145748987854251,0.7644787644787645,0.5263307799547288,1.0,0.7622689992082108,0.8531150125140397,0.7607754596060183,0.756896551724138,0.7825311942959001,0.5277687292315957
0.2799999999999999,1,1,4,0.8062730627306273,0.7070707070707071,0.7589199614271939,0.515148681503647,1.0,0.7566718849006672,0.8520646491554735,0.7550444123076531,0.7508591065292096,0.7775800711743772,0.5167058132614101
0.2799999999999999,1,2,4,0.8597785977859779,0.7353535353535353,0.8003857280617165,0.5980130900102061,1.0,0.7975660665697566,0.895681562258379,0.7951359830263148,0.7805695142378559,0.8182616330114135,0.6014536140073451
0.2799999999999999,1,3,4,0.8339483394833949,0.7388663967611336,0.7886100386100386,0.5748242207996643,1.0,0.7864073681222642,0.8617464932997494,0.78496904695601,0.7779690189328744,0.804986642920748,0.5764790582699384
0.2799999999999999,1,4,4,0.8210332103321033,0.742914979757085,0.7837837837837838,0.5654687897898347,1.0,0.7819740950445941,0.8689457846322379,0.7809979966899845,0.777972027972028,0.7989228007181328,0.5664287913341183
0.2799999999999999,1,5,4,0.8302583025830258,0.7469635627530364,0.7905405405405406,0.5789343562234975,1.0,0.7886109326680311,0.877288812338095,0.7875104441864282,0.782608695652174,0.8057296329453895,0.5801249000852398
0.2799999999999999,1,1,5,0.8265682656826568,0.7212121212121212,0.7762777242044359,0.5498997216152304,1.0,0.773890193447389,0.869208113597106,0.7720952352006928,0.764505119453925,0.7943262411347518,0.5519142942858078
0.2799999999999999,1,2,5,0.8099630996309963,0.7191919191919192,0.7666345226615237,0.5308288838037122,1.0,0.7645775094114577,0.8548270160354072,0.7632292683710786,0.759515570934256,0.7839285714285714,0.5321265158520858
0.2799999999999999,1,3,5,0.8431734317343174,0.7327935222672065,0.7905405405405406,0.578403720651114,1.0,0.7879834770007619,0.886407422764206,0.786048362966757,0.7758913412563667,0.8081343943412909,0.5808303151799186
0.2799999999999999,1,4,5,0.8284132841328413,0.7550607287449392,0.7934362934362934,0.5849421138552321,1.0,0.7917370064388902,0.8648582086956538,0.7908870576886003,0.787719298245614,0.8075539568345323,0.5858065853371398
0.2799999999999999,1,5,5,0.8357933579335793,0.7591093117408907,0.7992277992277992,0.596506733376275,1.0,0.797451334837235,0.8648875563997955,0.7965290457344084,0.791958041958042,0.8132854578096947,0.5975194283217018
0.2899999999999999,1,1,1,0.8265682656826568,0.7414141414141414,0.7859209257473481,0.5696789798535277,1.0,0.7839912035483991,0.8702366427661684,0.7828342104310995,0.7777777777777778,0.8014311270125224,0.5709202170733401
0.2899999999999999,1,2,1,0.8339483394833949,0.7090909090909091,0.7743490838958534,0.5456200074151472,1.0,0.771519624287152,0.8418506616395769,0.7689897178630769,0.7583892617449665,0.7943760984182777,0.5486445100254556
0.2899999999999999,1,3,1,0.8302583025830258,0.7267206477732794,0.7808880308880309,0.5591340601988634,1.0,0.7784894751781526,0.861142244628851,0.7767662785370384,0.7692307692307693,0.7985803016858918,0.5610940923780836
0.2899999999999999,1,4,1,0.8339483394833949,0.7368421052631579,0.7876447876447876,0.5728443558181028,1.0,0.7853952223732764,0.8780358184617054,0.7838930093741487,0.7766323024054983,0.8042704626334519,0.5745798521404885
0.2899999999999999,1,5,1,0.8339483394833949,0.7206477732793523,0.7799227799227799,0.5569926030398056,1.0,0.7772980563813735,0.877382605615844,0.7752309422866981,0.7661016949152543,0.7985865724381626,0.5594309682121177
0.2899999999999999,1,1,2,0.8302583025830258,0.6909090909090909,0.76374156219865,0.5239670009911694,1.0,0.7605836967460584,0.8624907055894524,0.7573856409104699,0.746268656716418,0.7860262008733624,0.5276864694282584
0.2899999999999999,1,2,2,0.8468634686346863,0.7353535353535353,0.793635486981678,0.5846752157866764,1.0,0.7911085019941109,0.8758622532950051,0.7891413343769761,0.7779661016949152,0.8109540636042403,0.587228818293032
0.2899999999999999,1,3,2,0.8228782287822878,0.7489878542510121,0.7876447876447876,0.5733049768605191,1.0,0.78593304151665,0.8807851926259249,0.7850642004865075,0.7824561403508772,0.802158273381295,0.5741522501054991
0.2899999999999999,1,4,2,0.8191881918819188,0.7550607287449392,0.7886100386100386,0.5754352610069015,1.0,0.7871244603134291,0.8527157207700689,0.7864711267056221,0.7858407079646018,0.8021680216802168,0.5760081492950161
0.2899999999999999,1,5,2,0.8413284132841329,0.7165991902834008,0.7818532818532818,0.5606413162595889,1.0,0.7789638017837668,0.8731668990960546,0.7764633022376705,0.7651006711409396,0.8014059753954306,0.563756417068347
0.2899999999999999,1,1,3,0.8284132841328413,0.7212121212121212,0.7772420443587271,0.5518003985293706,1.0,0.7748127026724813,0.8774014972824022,0.7729564683019,0.7649063032367973,0.7953941541186891,0.5539157756640287
0.2899999999999999,1,2,3,0.8523985239852399,0.7171717171717171,0.7878495660559306,0.5725794364508394,1.0,0.7847851205784785,0.8759749723153596,0.7818670687278826,0.7674418604651163,0.8076923076923077,0.5765097531189121
0.2899999999999999,1,3,3,0.8321033210332104,0.7368421052631579,0.7866795366795367,0.5709413369713507,1.0,0.7844727131481841,0.853607340175038,0.7830253909462809,0.7762478485370051,0.8032056990204809,0.5725849961693473
0.2899999999999999,1,4,3,0.8321033210332104,0.7307692307692307,0.7837837837837838,0.5649996251030966,1.0,0.7814362759012206,0.8723730494937814,0.7797919618923764,0.7722602739726028,0.8010657193605684,0.5668883706272363
0.2899999999999999,1,5,3,0.8081180811808119,0.7064777327935222,0.7596525096525096,0.5164939796974104,1.0,0.757297906987167,0.850813235530603,0.755590781985905,0.7512864493996569,0.7786666666666666,0.5181386490423875
0.2899999999999999,1,1,4,0.7988929889298892,0.705050505050505,0.7540983606557377,0.5055820327910537,1.0,0.7519717469901972,0.8493688619743237,0.7505064325682532,0.7478411053540587,0.7725245316681534,0.506888063836754
0.2899999999999999,1,2,4,0.8653136531365314,0.7333333333333333,0.8023143683702989,0.6017568147289188,1.0,0.7993234932349325,0.896990809767467,0.7965948440916852,0.7803660565723793,0.820647419072616,0.6057488003976013
0.2899999999999999,1,3,4,0.8321033210332104,0.728744939271255,0.7828185328185329,0.5630183416068029,1.0,0.7804241301522328,0.8636662551488722,0.7787111686329897,0.770940170940171,0.8003549245785271,0.5649919900492678
0.2899999999999999,1,4,4,0.8210332103321033,0.7408906882591093,0.7828185328185329,0.5634896855477822,1.0,0.7809619492956064,0.8691415222960942,0.7799332409165146,0.7766143106457243,0.7982062780269058,0.5645115268062478
0.2899999999999999,1,5,4,0.8321033210332104,0.7449392712550608,0.7905405405405406,0.5788586329371919,1.0,0.7885212961441355,0.8761844931028795,0.7873159731514379,0.7816291161178509,0.8060768543342269,0.5801986828991627
0.2899999999999999,1,1,5,0.8321033210332104,0.7151515151515152,0.7762777242044359,0.5496621305430246,1.0,0.7736274180923628,0.8682421682227904,0.7714142536922092,0.7618243243243243,0.7954144620811288,0.5522694145752078
0.2899999999999999,1,2,5,0.8118081180811808,0.7131313131313132,0.7647058823529411,0.5267851131475593,1.0,0.762469715606247,0.8557703012334397,0.7608717298322317,0.7560137457044673,0.7829181494661922,0.5283774181628894
0.2899999999999999,1,3,5,0.8468634686346863,0.7246963562753036,0.7886100386100386,0.5742881160029422,1.0,0.785779912454995,0.8858631782702568,0.7834021125719678,0.7714285714285715,0.8073878627968337,0.577360455142993
0.2899999999999999,1,4,5,0.8302583025830258,0.7489878542510121,0.7915057915057915,0.5809124278972208,1.0,0.7896230784170191,0.8644216689427269,0.7885768095282463,0.7839721254355401,0.8064516129032258,0.5820353264028224
0.2899999999999999,1,5,5,0.8376383763837638,0.7489878542510121,0.7953667953667953,0.5885253518382517,1.0,0.793313115317388,0.8668836764507868,0.792073841359489,0.7854671280276817,0.8107142857142857,0.5899672959998985
0.29999999999999993,1,1,1,0.8339483394833949,0.7353535353535353,0.7868852459016393,0.57135375654864,1.0,0.7846509374184651,0.8717716074969935,0.7831007979445077,0.7753001715265866,0.8035555555555556,0.5731689466064418
0.29999999999999993,1,2,1,0.8284132841328413,0.703030303030303,0.7685631629701061,0.5339692383745098,1.0,0.7657217935815721,0.8434740911193186,0.7631511266965672,0.7533557046979866,0.789103690685413,0.5369291579766869
0.29999999999999993,1,3,1,0.8321033210332104,0.7105263157894737,0.7741312741312741,0.545170731707317,1.0,0.7713148184113421,0.8587958627087309,0.7689156696607975,0.7592592592592593,0.7940140845070423,0.5479769244242331
0.29999999999999993,1,4,1,0.8376383763837638,0.7226720647773279,0.7828185328185329,0.5627822877121379,1.0,0.7801552205805459,0.8746644216036293,0.778034610411377,0.7681895093062606,0.8014121800529568,0.5653508991850761
0.29999999999999993,1,5,1,0.8321033210332104,0.7125506072874493,0.775096525096525,0.547155228047005,1.0,0.7723269641603299,0.877446148589939,0.7700102120933965,0.760539629005059,0.7947136563876652,0.5498630646448676
0.29999999999999993,1,1,2,0.8265682656826568,0.6747474747474748,0.7540983606557377,0.5042751546123115,1.0,0.7506578702150658,0.8615199847397856,0.746809781655123,0.735632183908046,0.7784535186794093,0.5086078428601939
0.29999999999999993,1,2,2,0.8450184501845018,0.7252525252525253,0.7878495660559306,0.5728803151257358,1.0,0.7851354877185135,0.8746215122419165,0.7828484942064365,0.7710437710437711,0.8063380281690141,0.5758222277425968
0.29999999999999993,1,3,2,0.8210332103321033,0.7327935222672065,0.778957528957529,0.5555697094129813,1.0,0.7769133662996548,0.8804866693277094,0.7756596019502461,0.7712305025996534,0.7953529937444147,0.5568558458297319
0.29999999999999993,1,4,2,0.8191881918819188,0.7469635627530364,0.7847490347490348,0.56752527143392,1.0,0.7830758773174776,0.8518261552836763,0.7822427566768108,0.7803163444639719,0.7992799279927992,0.5683049016704387
0.29999999999999993,1,5,2,0.8450184501845018,0.6983805668016194,0.775096525096525,0.5465836175935803,1.0,0.7716995084930607,0.8708662499560297,0.7682086072140031,0.7545304777594728,0.7972149695387293,0.5510093577960432
0.29999999999999993,1,1,3,0.8302583025830258,0.7151515151515152,0.7753134040501446,0.5477608057243714,1.0,0.7727049088672704,0.8788959375330454,0.7705585526482567,0.7614213197969543,0.794351279788173,0.5502550337727963
0.29999999999999993,1,2,3,0.8542435424354243,0.7070707070707071,0.7839922854387656,0.5645781081881539,1.0,0.7806571247530657,0.8770022463165279,0.7771811793657905,0.7615131578947368,0.8052173913043478,0.5692825534081144
0.29999999999999993,1,3,3,0.8284132841328413,0.728744939271255,0.7808880308880309,0.5592133871137036,1.0,0.7785791117020482,0.8535790543991904,0.7769826178473289,0.7701543739279588,0.7982222222222223,0.5609940876663517
0.29999999999999993,1,4,3,0.8302583025830258,0.7267206477732794,0.7808880308880309,0.5591340601988634,1.0,0.7784894751781526,0.8704666119233546,0.7767662785370384,0.7692307692307693,0.7985803016858918,0.5610940923780836
0.29999999999999993,1,5,3,0.8228782287822878,0.7064777327935222,0.7673745173745173,0.5316912503938898,1.0,0.764677980787905,0.8465565598157998,0.7624599303801216,0.754653130287648,0.7872903795233892,0.5341179583334282
0.29999999999999993,1,1,4,0.7915129151291513,0.696969696969697,0.7463837994214079,0.49007088087861617,1.0,0.7442413060494242,0.8460006965575955,0.7427385250578875,0.7409326424870466,0.7653880463871543,0.4913368431626946
0.29999999999999993,1,2,4,0.8690036900369004,0.7252525252525253,0.8003857280617165,0.5976589663089827,1.0,0.7971281076447128,0.8970970764719455,0.7938810494356348,0.7759472817133443,0.8198433420365535,0.6024866138035078
0.29999999999999993,1,3,4,0.8339483394833949,0.7024291497975709,0.7712355212355212,0.5391320669719948,1.0,0.7681887446404829,0.8650770404095867,0.7653689457238365,0.7545909849749582,0.7922874671340929,0.5424747534667125
0.29999999999999993,1,4,4,0.8339483394833949,0.7267206477732794,0.7828185328185329,0.5629396853015736,1.0,0.7803344936283371,0.8682120407341457,0.7784905121315374,0.7700170357751278,0.8007085916740478,0.5651027631945327
0.29999999999999993,1,5,4,0.8357933579335793,0.7368421052631579,0.7886100386100386,0.5747477170832647,1.0,0.7863177315983687,0.8741476261427688,0.7847596685767833,0.7770154373927959,0.8053333333333333,0.5765778835296115
0.29999999999999993,1,1,5,0.8468634686346863,0.7090909090909091,0.781099324975892,0.5589408539795732,1.0,0.7779771888627978,0.8664775743106725,0.7749214068859179,0.7611940298507462,0.8017467248908297,0.5629085902313675
0.29999999999999993,1,2,5,0.8154981549815498,0.705050505050505,0.7627772420443587,0.5226545513062808,1.0,0.7602743300160274,0.8537076496304097,0.758266039090171,0.7517006802721088,0.7823008849557522,0.5247491479439914
0.29999999999999993,1,3,5,0.8560885608856088,0.7165991902834008,0.7895752895752896,0.5758882295500638,1.0,0.7863438755845048,0.8843088606698302,0.783244769878171,0.7682119205298014,0.8097731239092496,0.5801237817201218
0.29999999999999993,1,4,5,0.8321033210332104,0.7388663967611336,0.7876447876447876,0.5729211950411488,1.0,0.7854848588971719,0.8620708453665493,0.7841002375619975,0.7775862068965518,0.803921568627451,0.5744864305346574
0.29999999999999993,1,5,5,0.8413284132841329,0.742914979757085,0.7944015444015444,0.5863984645604354,1.0,0.792121696520609,0.8671109696015172,0.7905918549568052,0.7821612349914236,0.8106666666666666,0.5882657304270563
0.30999999999999994,1,1,1,0.8431734317343174,0.7313131313131314,0.789778206364513,0.5769121357079225,1.0,0.7872432815237244,0.8723426228106942,0.7852539733116047,0.7745762711864407,0.8074204946996466,0.5794318325172162
0.30999999999999994,1,2,1,0.8302583025830258,0.6888888888888889,0.7627772420443587,0.5219819137812789,1.0,0.7595735957359573,0.8436111242249482,0.7562775413544922,0.7450331125827815,0.7853403141361257,0.5258118072954507
0.30999999999999994,1,3,1,0.8413284132841329,0.7024291497975709,0.775096525096525,0.54674708206276,1.0,0.7718787815408519,0.8574142866060719,0.7687480744975643,0.7562189054726368,0.7965065502183406,0.5506375498120588
0.30999999999999994,1,4,1,0.8413284132841329,0.708502024291498,0.777992277992278,0.5527039000435507,1.0,0.7749152187878154,0.8684488579596044,0.7720640413241392,0.76,0.7985989492119089,0.5562538447729342
0.30999999999999994,1,5,1,0.8321033210332104,0.7105263157894737,0.7741312741312741,0.545170731707317,1.0,0.7713148184113421,0.8766973569964855,0.7689156696607975,0.7592592592592593,0.7940140845070423,0.5479769244242331
0.30999999999999994,1,1,2,0.8284132841328413,0.6666666666666666,0.7512054001928641,0.4982220421758604,1.0,0.747539975399754,0.8582760673957193,0.7431524222898204,0.7312703583061889,0.7768166089965398,0.5031798167076769
0.30999999999999994,1,2,2,0.8431734317343174,0.7131313131313132,0.781099324975892,0.5590961620225472,1.0,0.7781523724328152,0.8721158056325873,0.775431090794101,0.7629382303839732,0.8010517090271692,0.5625544189122127
0.30999999999999994,1,3,2,0.8247232472324724,0.7226720647773279,0.7760617760617761,0.5494638974282073,1.0,0.7736976560049001,0.8795174930887733,0.7720132459662551,0.7654109589041096,0.7939609236234458,0.5513007083407003
0.30999999999999994,1,4,2,0.8247232472324724,0.7388663967611336,0.7837837837837838,0.5653125140485217,1.0,0.781794821996803,0.8489762523421134,0.7806153303694454,0.7760416666666666,0.7996422182468694,0.5665470264747748
0.30999999999999994,1,5,2,0.8523985239852399,0.694331983805668,0.777027027027027,0.5502322924027604,1.0,0.773365253895454,0.8676280964005924,0.7693162926597193,0.7536704730831973,0.8,0.5555664421169136
0.30999999999999994,1,1,3,0.8321033210332104,0.7090909090909091,0.7733847637415622,0.5437183690358722,1.0,0.7705971150620597,0.8792107003058601,0.7681385945055773,0.7579831932773109,0.793315743183817,0.5466203337203929
0.30999999999999994,1,2,3,0.8597785977859779,0.694949494949495,0.781099324975892,0.5583964131281012,1.0,0.7773640463677365,0.8760482981348526,0.7729829896574376,0.7552674230145867,0.8041415012942191,0.5644366110666992
0.30999999999999994,1,3,3,0.8394833948339483,0.7145748987854251,0.7799227799227799,0.5567531863149835,1.0,0.7770291468096867,0.8518813701925676,0.7745151786088595,0.7634228187919463,0.7996485061511424,0.5598466834417015
0.30999999999999994,1,4,3,0.8321033210332104,0.7145748987854251,0.7760617760617761,0.5491393670183232,1.0,0.7733391099093178,0.8681721367496184,0.7711032008793132,0.7618243243243243,0.7954144620811288,0.5517502655353896
0.30999999999999994,1,5,3,0.8265682656826568,0.6983805668016194,0.7654440154440154,0.527549656942964,1.0,0.7624744162421382,0.8411068175654919,0.7597757655306501,0.7504187604690117,0.7866549604916594,0.5305919616212869
0.30999999999999994,1,1,4,0.7952029520295203,0.6888888888888889,0.7444551591128254,0.4859220404108808,1.0,0.7420459204592046,0.8411822067850253,0.740139499057293,0.7367521367521368,0.7648624667258208,0.4876215102386381
0.30999999999999994,1,2,4,0.8708487084870848,0.7171717171717171,0.7974927675988428,0.5916480714058017,1.0,0.794010212829401,0.8956492800007204,0.7902835337158777,0.7712418300653595,0.8180242634315424,0.5972064351220783
0.30999999999999994,1,3,4,0.8394833948339483,0.6923076923076923,0.7693050193050193,0.5349076592483507,1.0,0.7658955435708203,0.8642553268103066,0.7623521573446999,0.7495881383855024,0.7919930374238469,0.5392388580913812
0.30999999999999994,1,4,4,0.8357933579335793,0.7064777327935222,0.7741312741312741,0.5450068317292533,1.0,0.7711355453635509,0.8668327839523339,0.7684200651966345,0.7575250836120402,0.7947368421052632,0.5482667677387116
0.30999999999999994,1,5,4,0.8468634686346863,0.7246963562753036,0.7886100386100386,0.5742881160029422,1.0,0.785779912454995,0.8702289170296159,0.7834021125719678,0.7714285714285715,0.8073878627968337,0.577360455142993
0.30999999999999994,1,1,5,0.8487084870848709,0.6989898989898989,0.7772420443587271,0.5509316106488,1.0,0.773849193037385,0.8630387451632652,0.7702198774761164,0.7553366174055829,0.7993049522154648,0.5556651671070396
0.30999999999999994,1,2,5,0.8191881918819188,0.696969696969697,0.7608486017357763,0.5185196279599202,1.0,0.7580789444258079,0.852157924241798,0.7556119016115979,0.7474747474747475,0.7816901408450704,0.521182382108229
0.30999999999999994,1,3,5,0.8487084870848709,0.7044534412955465,0.7799227799227799,0.5563535828587742,1.0,0.7765809641902087,0.8808046230820993,0.7732241682614908,0.759075907590759,0.8013937282229965,0.5607184672462318
0.30999999999999994,1,4,5,0.8357933579335793,0.728744939271255,0.7847490347490348,0.5668246658766707,1.0,0.7822691486024171,0.8587532615724887,0.7804358909421225,0.7717206132879046,0.8024800708591674,0.5690026716843176
0.30999999999999994,1,5,5,0.8468634686346863,0.7348178137651822,0.7934362934362934,0.5841948116250806,1.0,0.7908406411999342,0.8678173337384489,0.7888538283989874,0.7779661016949152,0.8109540636042403,0.5867522608169333
0.3199999999999999,1,1,1,0.8431734317343174,0.7191919191919192,0.7839922854387656,0.5650379558162091,1.0,0.7811826754631183,0.8703650473436708,0.7787191525708356,0.7667785234899329,0.8031634446397188,0.5681700967734031
0.3199999999999999,1,2,1,0.8284132841328413,0.6787878787878788,0.7569913211186113,0.5101503717116731,1.0,0.75360058146036,0.8422740060819015,0.7498779206619113,0.7384868421052632,0.7808695652173913,0.5144012883569573
0.3199999999999999,1,3,1,0.8357933579335793,0.6882591093117408,0.7654440154440154,0.5271236870181976,1.0,0.7620262336226602,0.8535767801041734,0.758447356182375,0.7462932454695222,0.7885117493472585,0.5313918582882732
0.3199999999999999,1,4,1,0.8394833948339483,0.7044534412955465,0.775096525096525,0.5468287701064836,1.0,0.7719684180647475,0.8622404276410336,0.7690103812051193,0.757071547420965,0.7961504811898513,0.5504650170555089
0.3199999999999999,1,5,1,0.8376383763837638,0.6963562753036437,0.7702702702702703,0.5369788928115377,1.0,0.7669973258437037,0.8738694369472837,0.7637373500294387,0.7516556291390728,0.7923211169284468,0.5409282739553408
0.3199999999999999,1,1,2,0.8376383763837638,0.6585858585858586,0.7521697203471552,0.4997700709307716,1.0,0.7481121174848112,0.853811535883987,0.7427360158866444,0.7287319422150883,0.7793991416309013,0.5060996298763557
0.3199999999999999,1,2,2,0.8468634686346863,0.696969696969697,0.7753134040501446,0.5470435726457592,1.0,0.7719165828021917,0.868769656846067,0.7682695979335795,0.7536945812807881,0.7975673327541268,0.5517437234198025
0.3199999999999999,1,3,2,0.8357933579335793,0.7165991902834008,0.778957528957529,0.554929387222164,1.0,0.77619627410849,0.8758617532122774,0.7739049318485104,0.7639123102866779,0.798237885462555,0.5576756976418104
0.3199999999999999,1,4,2,0.8302583025830258,0.7327935222672065,0.7837837837837838,0.5650778895602501,1.0,0.7815259124251162,0.847936162916776,0.7800050678946949,0.7731958762886598,0.800711743772242,0.5667898565007163
0.3199999999999999,1,5,2,0.8468634686346863,0.6963562753036437,0.775096525096525,0.546501841136244,1.0,0.7716098719691651,0.8625590002038299,0.7679314362032422,0.7536945812807881,0.7975673327541268,0.5512087212576053
0.3199999999999999,1,1,3,0.8321033210332104,0.6909090909090909,0.7647058823529411,0.525868239685496,1.0,0.7615062059711506,0.8774937821234529,0.7582267135082296,0.7466887417218543,0.787085514834206,0.5297266480082878
0.3199999999999999,1,2,3,0.8616236162361623,0.6808080808080809,0.7753134040501446,0.5464041195541779,1.0,0.7712158485221215,0.8732573559744894,0.7658983748178736,0.7472,0.8003427592116538,0.5536798080667049
0.3199999999999999,1,3,3,0.8394833948339483,0.6983805668016194,0.7722007722007722,0.5408698264853903,1.0,0.7689319808177839,0.8484063285804111,0.7656885065773683,0.7533112582781457,0.794066317626527,0.5448478247318189
0.3199999999999999,1,4,3,0.8376383763837638,0.7004048582995951,0.7722007722007722,0.5409525812217433,1.0,0.7690216173416795,0.8639680906464484,0.7659542991049616,0.7541528239202658,0.7937062937062938,0.5446746742270909
0.3199999999999999,1,5,3,0.8284132841328413,0.6923076923076923,0.7635135135135135,0.5234894792965171,1.0,0.7603604882202668,0.8337221156028609,0.757308978564921,0.7470881863560732,0.7856517935258093,0.5269705269772529
0.3199999999999999,1,1,4,0.7988929889298892,0.6787878787878788,0.7415621986499518,0.4797821163169422,1.0,0.738840433858884,0.8348858137416602,0.7363958699872154,0.731418918918919,0.763668430335097,0.4820579293687972
0.3199999999999999,1,2,4,0.8726937269372693,0.7111111111111111,0.7955641272902604,0.5876136274108895,1.0,0.7919024190241902,0.8929907598508424,0.787770401717441,0.7678571428571429,0.8169257340241797,0.593797723743155
0.3199999999999999,1,3,4,0.8413284132841329,0.6761133603238867,0.7625482625482626,0.5208969365196338,1.0,0.7587208868040098,0.8622406976575303,0.7542104352509973,0.7402597402597403,0.7875647668393783,0.526392391437467
0.3199999999999999,1,4,4,0.8302583025830258,0.6902834008097166,0.7635135135135135,0.5234035841432455,1.0,0.7602708516963712,0.8642780700023929,0.7570426174645082,0.746268656716418,0.7860262008733624,0.5271279474380512
0.3199999999999999,1,5,4,0.8505535055350554,0.7125506072874493,0.7847490347490348,0.5661999969956889,1.0,0.7815520564112524,0.8647981579987059,0.7785001071929744,0.7645107794361525,0.8052401746724891,0.5702288851237318
0.3199999999999999,1,1,5,0.8468634686346863,0.6808080808080809,0.7675988428158148,0.5311609496205832,1.0,0.7638357747213835,0.8578456035558578,0.7593098792901717,0.7439222042139384,0.7920621225194133,0.5369065403828683
0.3199999999999999,1,2,5,0.8247232472324724,0.6727272727272727,0.7521697203471552,0.5003871166092709,1.0,0.7487252599798726,0.8494952183183535,0.7448582555530155,0.7339901477832512,0.7767158992180713,0.5046863991729568
0.3199999999999999,1,3,5,0.8505535055350554,0.7004048582995951,0.778957528957529,0.5542872172540769,1.0,0.7754791819173252,0.8765245024851633,0.7718366456190742,0.7569786535303776,0.8010425716768028,0.5590611508221568
0.3199999999999999,1,4,5,0.8394833948339483,0.7024291497975709,0.7741312741312741,0.5448428135842708,1.0,0.7709562723157596,0.8550013993978007,0.7679046863396451,0.7558139534883721,0.7954545454545454,0.5485916738279466
0.3199999999999999,1,5,5,0.8597785977859779,0.7267206477732794,0.7963320463320464,0.5896174699247556,1.0,0.7932496227796286,0.8673865628693481,0.7904548434443474,0.7753743760399334,0.8153980752405949,0.5935382488656449
0.32999999999999985,1,1,1,0.8468634686346863,0.6989898989898989,0.7762777242044359,0.5490273263377309,1.0,0.7729266838122927,0.8675906632668048,0.7693822264643204,0.7549342105263158,0.7982608695652174,0.5536021919649267
0.32999999999999985,1,2,1,0.8321033210332104,0.6606060606060606,0.7502410800385728,0.4960550584376718,1.0,0.7463546908196355,0.8408752288185641,0.7414125011928039,0.72859450726979,0.7769164513350559,0.5017179153039971
0.32999999999999985,1,3,1,0.8321033210332104,0.6659919028340081,0.752895752895753,0.501421202231814,1.0,0.7490476119336092,0.8483601893498216,0.7444286897543682,0.7321428571428571,0.7789291882556131,0.5067111884431398
0.32999999999999985,1,4,1,0.8431734317343174,0.6761133603238867,0.7635135135135135,0.5228014499075007,1.0,0.759643396029102,0.8553389722918565,0.7550369674828594,0.7406807131280388,0.7886108714408974,0.5284705625719506
0.32999999999999985,1,5,1,0.8413284132841329,0.6963562753036437,0.7722007722007722,0.5407870419064505,1.0,0.7688423442938883,0.8710704811881214,0.7654177422699734,0.7524752475247525,0.794425087108014,0.5450297986512309
0.32999999999999985,1,1,2,0.8376383763837638,0.6424242424242425,0.7444551591128254,0.48383443182437164,1.0,0.7400313094040031,0.8486014689442145,0.733566083849173,0.7194928684627575,0.7740835464620631,0.4912724796194084
0.32999999999999985,1,2,2,0.8505535055350554,0.6808080808080809,0.7695274831243973,0.5349697257397821,1.0,0.7656807931715681,0.8648357215992127,0.7609623510581233,0.7447495961227787,0.7941429801894918,0.5410768240006546
0.32999999999999985,1,3,2,0.8450184501845018,0.7044534412955465,0.777992277992278,0.552542627506948,1.0,0.7747359457400242,0.8717094931536074,0.7715414150845706,0.7582781456953642,0.7993019197207679,0.5566064770612532
0.32999999999999985,1,4,2,0.8376383763837638,0.7186234817813765,0.7808880308880309,0.5588164668097433,1.0,0.7781309290825702,0.8468626459474778,0.7758521808376899,0.7655986509274874,0.8,0.5615820141402817
0.32999999999999985,1,5,2,0.8394833948339483,0.6882591093117408,0.7673745173745173,0.5309310889005786,1.0,0.7638712520728446,0.8567020004577378,0.7601197889875053,0.7471264367816092,0.790616854908775,0.5355038621285023
0.32999999999999985,1,1,3,0.8321033210332104,0.6767676767676768,0.7579556412729026,0.5119652302390422,1.0,0.7544354989004436,0.8745716103359187,0.7504269660708589,0.7381342062193126,0.782307025151778,0.5166358484360355
0.32999999999999985,1,2,3,0.8616236162361623,0.6646464646464646,0.7675988428158148,0.5304986069963911,1.0,0.7631350404413135,0.8689328647600996,0.7567529916605996,0.7377567140600316,0.7948936170212766,0.5390367630791738
0.32999999999999985,1,3,3,0.8376383763837638,0.6902834008097166,0.7673745173745173,0.5310156731332741,1.0,0.7639608885967402,0.8477841411979274,0.7603998074032594,0.7479406919275123,0.7902523933855526,0.5353153581898271
0.32999999999999985,1,4,3,0.8376383763837638,0.6680161943319838,0.7567567567567568,0.5091229072968217,1.0,0.7528272853578738,0.859497517142348,0.7480347588302991,0.7346278317152104,0.7827586206896552,0.5147954225193742
0.32999999999999985,1,5,3,0.8265682656826568,0.6700404858299596,0.7519305019305019,0.4996993521037837,1.0,0.7483043757563081,0.8258172447855667,0.7442003777946061,0.7332242225859247,0.777103209019948,0.5042691690302059
0.32999999999999985,1,1,4,0.8007380073800738,0.6545454545454545,0.7309546769527483,0.45780978563357,1.0,0.7276417309627642,0.8274742969700115,0.7239609264403791,0.7173553719008264,0.7567567567567568,0.46127992766703063
0.32999999999999985,1,2,4,0.8726937269372693,0.701010101010101,0.7907425265188043,0.5777013776420759,1.0,0.7868519139736851,0.8888478743658342,0.7821554306345873,0.7616747181964574,0.8134135855546002,0.5846521148531263
0.32999999999999985,1,3,4,0.8413284132841329,0.6578947368421053,0.7538610038610039,0.5029651259049654,1.0,0.7496115750631192,0.8591131263784487,0.7439795259651644,0.7296,0.781491002570694,0.5096792048084798
0.32999999999999985,1,4,4,0.8302583025830258,0.6882591093117408,0.7625482625482626,0.5214151581161272,1.0,0.7592587059473834,0.8599884264611604,0.7559317692983085,0.7450331125827815,0.7853403141361257,0.5252500708494284
0.32999999999999985,1,5,4,0.8523985239852399,0.7004048582995951,0.7799227799227799,0.5561935396593967,1.0,0.7764016911424175,0.8589512083879732,0.7726733251553763,0.7573770491803279,0.8020833333333334,0.5611307803963014
0.32999999999999985,1,1,5,0.8505535055350554,0.6666666666666666,0.7627772420443587,0.5210539359257423,1.0,0.7586100861008611,0.8517373147169758,0.7530177091919575,0.7364217252396166,0.7893835616438356,0.5281650016716551
0.32999999999999985,1,2,5,0.8284132841328413,0.6424242424242425,0.7396335583413693,0.474327490650205,1.0,0.7354187632785418,0.84559896015359,0.7295154395029754,0.7172523961661342,0.7688356164383562,0.4808008588344694
0.32999999999999985,1,3,5,0.8487084870848709,0.6862348178137652,0.7712355212355212,0.5384667438608098,1.0,0.767471652449318,0.8707971381214754,0.7631600841315553,0.7479674796747967,0.7951598962834918,0.5439916936413937
0.32999999999999985,1,4,5,0.8431734317343174,0.6902834008097166,0.7702702702702703,0.5367283440304228,1.0,0.7667284162720169,0.8510936748440542,0.7629080048930958,0.7491803278688525,0.7934027777777778,0.5414927953514884
0.32999999999999985,1,5,5,0.8616236162361623,0.7044534412955465,0.7866795366795367,0.5697027559351086,1.0,0.7830385287658544,0.8674901649836004,0.7790851824794757,0.7618270799347472,0.8086580086580086,0.5752256593246085
0.33999999999999986,1,1,1,0.8487084870848709,0.6888888888888889,0.772420443587271,0.5410093098972987,1.0,0.7687986879868799,0.8641623721837692,0.764634452963288,0.749185667752443,0.7958477508650519,0.5463928576953258
0.33999999999999986,1,2,1,0.8339483394833949,0.6484848484848484,0.7454194792671167,0.4860091019690894,1.0,0.7412165939841217,0.840202385421986,0.735392998725226,0.7220447284345048,0.773972602739726,0.4926418945437658
0.33999999999999986,1,3,1,0.8357933579335793,0.6639676113360324,0.7538610038610039,0.5032342986084994,1.0,0.7498804846348059,0.8421983049648474,0.7449427625245313,0.7318255250403877,0.7803617571059431,0.5089933413947129
0.33999999999999986,1,4,1,0.8431734317343174,0.6619433198380567,0.7567567567567568,0.5088569493566109,1.0,0.752558375786187,0.8480092057363431,0.747083007838795,0.7323717948717948,0.7838765008576329,0.5154825716440319
0.33999999999999986,1,5,1,0.8450184501845018,0.6842105263157895,0.7683397683397684,0.5326667167882114,1.0,0.7646144882501457,0.8662788536791114,0.7603752485104252,0.745928338762215,0.7923875432525952,0.5379802364454628
0.33999999999999986,1,1,2,0.8376383763837638,0.6181818181818182,0.7328833172613307,0.45988872446801893,1.0,0.727910097282791,0.8428903578319491,0.7195921167521093,0.7060653188180405,0.7662447257383966,0.46907491390290895
0.33999999999999986,1,2,2,0.8468634686346863,0.6686868686868687,0.7618129218900676,0.5192342705054499,1.0,0.7577751686607774,0.8603655988038119,0.752520086806079,0.7367576243980738,0.7879828326180257,0.525810342409097
0.33999999999999986,1,3,2,0.8505535055350554,0.680161943319838,0.7693050193050193,0.5344039112448288,1.0,0.7653577244274468,0.8661153747595602,0.7606011604134088,0.7447495961227787,0.7941429801894918,0.5405196609035641
0.33999999999999986,1,4,2,0.8376383763837638,0.7024291497975709,0.7731660231660231,0.5429388883048225,1.0,0.7700337630906673,0.8449712370563327,0.7670603708712013,0.7554076539101497,0.7944006999125109,0.5465492687091329
0.33999999999999986,1,5,2,0.8376383763837638,0.6761133603238867,0.7606177606177607,0.5170889406811519,1.0,0.7568758683538253,0.8497690764589508,0.7525546474463307,0.739413680781759,0.7854671280276817,0.52224706707475
0.33999999999999986,1,1,3,0.8284132841328413,0.6707070707070707,0.7531340405014465,0.5021995537137394,1.0,0.7495601774199561,0.8698996491700071,0.7454009975412981,0.7336601307189542,0.7781629116117851,0.5069175742948934
0.33999999999999986,1,2,3,0.8597785977859779,0.6585858585858586,0.76374156219865,0.5226217519808948,1.0,0.7591822281859182,0.8642920258070059,0.752487890943518,0.7338582677165354,0.7918436703483432,0.5314196002600039
0.33999999999999986,1,3,3,0.8413284132841329,0.680161943319838,0.7644787644787645,0.5248778287346817,1.0,0.7607451783019854,0.8440829314149276,0.7564651799980827,0.742671009771987,0.7889273356401384,0.5301136517601064
0.33999999999999986,1,4,3,0.8376383763837638,0.6417004048582996,0.7442084942084942,0.48319353041278257,1.0,0.7396693906210317,0.8536066655869314,0.733152702545868,0.7194928684627575,0.7740835464620631,0.49064061247408464
0.33999999999999986,1,5,3,0.8247232472324724,0.659919028340081,0.7461389961389961,0.487834403524865,1.0,0.7423211377862766,0.8179995106951978,0.7377333962639414,0.7268292682926829,0.7726879861711322,0.49283983907208356
0.33999999999999986,1,1,4,0.8007380073800738,0.6464646464646465,0.7270973963355835,0.449842622569742,1.0,0.7236013269223601,0.82057628946273,0.7194781531441833,0.7126436781609196,0.7541268462206777,0.4537076312388739
0.33999999999999986,1,2,4,0.8726937269372693,0.6909090909090909,0.7859209257473481,0.5677803812012796,1.0,0.7818014089231802,0.8841077362975527,0.7764998580297972,0.755591054313099,0.809931506849315,0.5755291445088409
0.33999999999999986,1,3,4,0.8413284132841329,0.6396761133603239,0.7451737451737451,0.48500414250207113,1.0,0.7405022633222285,0.8552985209814203,0.7336059497231483,0.7192429022082019,0.7755102040816326,0.4930087482185063
0.33999999999999986,1,4,4,0.8284132841328413,0.6578947368421053,0.747104247104247,0.4896436575863779,1.0,0.7431540104874733,0.8544655341566586,0.7382470721655995,0.7265372168284789,0.7741379310344828,0.4950991400670862
0.33999999999999986,1,5,4,0.8579335793357934,0.6761133603238867,0.7712355212355212,0.5380499405469679,1.0,0.76702346982984,0.8524793895404028,0.7616169347246837,0.744,0.7969151670951157,0.5452323664624102
0.33999999999999986,1,1,5,0.8487084870848709,0.6525252525252525,0.7550626808100289,0.5052164929088006,1.0,0.7506168698050617,0.8456529178679024,0.7441798975082439,0.7278481012658228,0.7836456558773425,0.513164363115459
0.33999999999999986,1,2,5,0.8265682656826568,0.6222222222222222,0.7290260366441659,0.45247637676176095,1.0,0.7243952439524395,0.8407006136748174,0.7171535003689454,0.705511811023622,0.7612574341546304,0.4600933932704357
0.33999999999999986,1,3,5,0.8542435424354243,0.6740890688259109,0.7683397683397684,0.5322447136729627,1.0,0.7641663056306676,0.8636922579730888,0.7588387404915768,0.7419871794871795,0.7941680960548885,0.5391748586611217
0.33999999999999986,1,4,5,0.8394833948339483,0.6720647773279352,0.7596525096525096,0.5150104531712966,1.0,0.7557740860809418,0.8462426437314171,0.7511239716715055,0.7374392220421394,0.7851596203623814,0.5205950824467396
0.33999999999999986,1,5,5,0.8653136531365314,0.6923076923076923,0.7828185328185329,0.5615981824473768,1.0,0.7788106727221118,0.8660385556735177,0.7739917947402872,0.7552334943639292,0.8065348237317282,0.5683719795075043
0.34999999999999987,1,1,1,0.8542435424354243,0.6686868686868687,0.7656702025072324,0.5268529906024391,1.0,0.7614652055611465,0.8599274351991409,0.7557919286993756,0.7384370015948963,0.7921300256629598,0.5342203690321594
0.34999999999999987,1,2,1,0.8357933579335793,0.6343434343434343,0.7396335583413693,0.4739561414056394,1.0,0.7350683961385068,0.8373887222167217,0.7281346229050079,0.7145110410094637,0.7704081632653061,0.4817584385387443
0.34999999999999987,1,3,1,0.8450184501845018,0.6477732793522267,0.750965250965251,0.4967995541967259,1.0,0.7463958647683643,0.8350910052415189,0.7398515882183068,0.7246835443037974,0.7802385008517888,0.5046349278725318
0.34999999999999987,1,4,1,0.8450184501845018,0.6356275303643725,0.7451737451737451,0.4848178900257681,1.0,0.7403229902744372,0.8410804181724889,0.7328826581405132,0.7178683385579937,0.7762711864406779,0.49355613786539176
0.34999999999999987,1,5,1,0.8468634686346863,0.6700404858299596,0.7625482625482626,0.5206374046375852,1.0,0.7584519772323229,0.8613271465219929,0.7532813617471429,0.7379421221864951,0.788659793814433,0.5270813012961152
0.34999999999999987,1,1,2,0.8450184501845018,0.6060606060606061,0.7309546769527483,0.4555078166902851,1.0,0.725539528122554,0.8365215557597189,0.7156342599758715,0.7013782542113323,0.7665271966527196,0.4665870737888822
0.34999999999999987,1,2,2,0.8413284132841329,0.6484848484848484,0.7492767598842816,0.4936181081954158,1.0,0.7449066308844907,0.8556601741011701,0.7386397827185853,0.7238095238095238,0.7781569965870307,0.5010318137799848
0.34999999999999987,1,3,2,0.8616236162361623,0.6558704453441295,0.7635135135135135,0.5219386140702457,1.0,0.7587470307901459,0.8602439302798668,0.7517402908583729,0.7331240188383046,0.7921967769296013,0.5311440541931927
0.34999999999999987,1,4,2,0.8376383763837638,0.6842105263157895,0.7644787644787645,0.5250492266530385,1.0,0.7609244513497766,0.8414142504863171,0.7570475509291595,0.7442622950819672,0.7881944444444444,0.5297100043246008
0.34999999999999987,1,5,2,0.8431734317343174,0.6659919028340081,0.7586872586872587,0.512842890891855,1.0,0.7545826672841627,0.8425517447047653,0.7493641826374,0.7347266881028939,0.7852233676975945,0.5191903153402947
0.34999999999999987,1,1,3,0.8247232472324724,0.6545454545454545,0.7434908389585342,0.4824805631435174,1.0,0.7396343508889635,0.8648782738706811,0.7347236573937046,0.7233009708737864,0.7706896551724138,0.48784298278458865
0.34999999999999987,1,2,3,0.8634686346863468,0.6444444444444445,0.7589199614271939,0.5124918670292186,1.0,0.7539565395653955,0.8597050735626524,0.7459608331378034,0.7267080745341615,0.7892074198988196,0.5229406835626218
0.34999999999999987,1,3,3,0.8450184501845018,0.6578947368421053,0.7557915057915058,0.5067743538019179,1.0,0.7514565935133035,0.840297707964544,0.745609274963004,0.7304625199362041,0.7835757057313943,0.5138788183920874
0.34999999999999987,1,4,3,0.8394833948339483,0.6295546558704453,0.7393822393822393,0.47310920570817194,1.0,0.7345190253521968,0.8478004653282507,0.7269805222587739,0.713166144200627,0.7711864406779662,0.48163641887364683
0.34999999999999987,1,5,3,0.8284132841328413,0.6417004048582996,0.7393822393822393,0.4736802492737042,1.0,0.7350568444955705,0.8116175283525267,0.7291043408306097,0.7172523961661342,0.7688356164383562,0.4801610415383178
0.34999999999999987,1,1,4,0.8099630996309963,0.6262626262626263,0.7222757955641272,0.43938159579220826,1.0,0.7181128629468113,0.8132988719329245,0.7122145870106319,0.7035256410256411,0.7530017152658662,0.4450883183413048
0.34999999999999987,1,2,4,0.8745387453874539,0.6767676767676768,0.7801350048216008,0.5557851860758733,1.0,0.7756532110775654,0.8785524462147,0.7693240896781967,0.7476340694006309,0.8061224489795918,0.5649345583175353
0.34999999999999987,1,3,4,0.8357933579335793,0.6255060728744939,0.7355212355212355,0.46530341616310783,1.0,0.7306497154040366,0.8515844672761443,0.7230448264496604,0.7100313479623824,0.7677966101694915,0.4736899395458169
0.34999999999999987,1,4,4,0.8302583025830258,0.6477732793522267,0.7432432432432432,0.48157122432086685,1.0,0.7390157909676263,0.8488737960961982,0.7333615366063453,0.7211538461538461,0.7718696397941681,0.4878415701240937
0.34999999999999987,1,5,4,0.8634686346863468,0.6497975708502024,0.7615830115830116,0.5178617186440166,1.0,0.7566331027682747,0.8456353731512962,0.749052615858545,0.7301092043681747,0.7912087912087912,0.5278107429964496
0.34999999999999987,1,1,5,0.8560885608856088,0.6424242424242425,0.7540983606557377,0.5028735145988077,1.0,0.7492564016549256,0.8389349270376483,0.7416010013309025,0.7238689547581904,0.7844463229078613,0.5125095375327388
0.34999999999999987,1,2,5,0.8228782287822878,0.6080808080808081,0.7203471552555448,0.4346904172008407,1.0,0.7154795184315479,0.8354230184272806,0.7073729273233728,0.696875,0.754653130287648,0.44284627331517734
0.34999999999999987,1,3,5,0.8560885608856088,0.6538461538461539,0.7596525096525096,0.5142213651907983,1.0,0.7549673573658813,0.8562226777925502,0.7481645627044522,0.7307086614173228,0.7884451996601529,0.522900006386984
0.34999999999999987,1,4,5,0.8376383763837638,0.6558704453441295,0.750965250965251,0.49716306719843495,1.0,0.7467544108639467,0.8410177756177663,0.7412032480744757,0.7275641025641025,0.7787307032590052,0.5036364281354869
0.34999999999999987,1,5,5,0.8616236162361623,0.6720647773279352,0.7712355212355212,0.5378830083565458,1.0,0.7668441967820487,0.8634584211225729,0.7609644431813137,0.7424483306836248,0.7976088812980359,0.545793486437259
0.3599999999999999,1,1,1,0.8560885608856088,0.6343434343434343,0.7502410800385728,0.49489693251764494,1.0,0.7452159976145216,0.8551872158542204,0.7369220839507427,0.7193798449612403,0.7818028643639428,0.5051939572654749
0.3599999999999999,1,2,1,0.8431734317343174,0.6121212121212121,0.7328833172613307,0.45960218304546496,1.0,0.7276473219277647,0.8342216663301328,0.7184179445570749,0.7041602465331279,0.7674223341729639,0.4699553227102086
0.3599999999999999,1,3,1,0.8468634686346863,0.631578947368421,0.7442084942084942,0.4827261353873054,1.0,0.7392212080015537,0.8284605463136319,0.7313420117052384,0.7160686427457098,0.775993237531699,0.49200014407267323
0.3599999999999999,1,4,1,0.8468634686346863,0.6214574898785425,0.7393822393822393,0.4727278210908871,1.0,0.7341604792566144,0.8336786645214367,0.7254582313872715,0.7105263157894737,0.7727272727272727,0.482789870134016
0.3599999999999999,1,5,1,0.8487084870848709,0.645748987854251,0.7519305019305019,0.49861401949411716,1.0,0.747228737469561,0.8560151498029918,0.7403057790658992,0.7244094488188977,0.7816482582837723,0.5070292516557986
0.3599999999999999,1,1,2,0.8487084870848709,0.5858585858585859,0.7232401157184185,0.43929999868123343,1.0,0.7172835364717284,0.8303277055573458,0.7051405207827177,0.6917293233082706,0.7622203811101905,0.45256062652717016
0.3599999999999999,1,2,2,0.8450184501845018,0.6282828282828283,0.7415621986499518,0.47748364292697604,1.0,0.7366506392336651,0.8501548606846682,0.7286361107117126,0.7133956386292835,0.7736486486486487,0.4868261051948161
0.3599999999999999,1,3,2,0.8653136531365314,0.6295546558704453,0.752895752895753,0.4997963094286103,1.0,0.7474341545034884,0.8545291862874599,0.7380801034578611,0.7193251533742331,0.7855946398659966,0.511756479961883
0.3599999999999999,1,4,2,0.8394833948339483,0.659919028340081,0.7538610038610039,0.5030548825450332,1.0,0.7497012115870146,0.8375077159460567,0.7443057612476554,0.7303370786516854,0.7811158798283262,0.5094419614640009
0.3599999999999999,1,5,2,0.8468634686346863,0.6518218623481782,0.7538610038610039,0.5026956613406021,1.0,0.7493426654914322,0.8354348956904936,0.7429697997093146,0.7274167987321711,0.782608695652174,0.5104433144158944
0.3599999999999999,1,1,3,0.8247232472324724,0.6343434343434343,0.733847637415622,0.46255102922232777,1.0,0.7295333407879534,0.8601017948293606,0.7232964655190262,0.7117834394904459,0.764102564102564,0.4691768123537458
0.3599999999999999,1,2,3,0.8653136531365314,0.6363636363636364,0.7560270009643202,0.5064236545505512,1.0,0.7508386447500839,0.8543827539542018,0.7420607407113419,0.7226502311248074,0.7875734676742233,0.5178315090353786
0.3599999999999999,1,3,3,0.8523985239852399,0.6396761133603239,0.750965250965251,0.49643551523007146,1.0,0.7460373186727819,0.8361085702913941,0.7384165320853502,0.721875,0.7817258883248731,0.5057740218598227
0.3599999999999999,1,4,3,0.8376383763837638,0.6093117408906883,0.7287644787644788,0.4511967062301115,1.0,0.723475058637226,0.8421617880458239,0.7144108743232012,0.7017001545595054,0.7636669470142977,0.4609939568734015
0.3599999999999999,1,5,3,0.8321033210332104,0.6275303643724697,0.7345559845559846,0.46349749167658455,1.0,0.72981684270284,0.8045599716716091,0.7226133822754133,0.710236220472441,0.7663551401869159,0.47132005351063155
0.3599999999999999,1,1,4,0.8210332103321033,0.6161616161616161,0.7232401157184185,0.4407854808919053,1.0,0.7185974132468598,0.8058334449814022,0.7112588486624183,0.7007874015748031,0.756159728122345,0.44820569210550765
0.3599999999999999,1,2,4,0.8726937269372693,0.6646464646464646,0.7733847637415622,0.5419447728567105,1.0,0.7686700957918671,0.8728021642852114,0.7615988447522771,0.7402190923317684,0.8010160880609652,0.5518989952879584
0.3599999999999999,1,3,4,0.8468634686346863,0.6072874493927125,0.7326254826254827,0.4587149733669328,1.0,0.7270754590136994,0.8471957156360345,0.7171398439990795,0.7029096477794793,0.7682008368200837,0.4699020465794593
0.3599999999999999,1,4,4,0.8376383763837638,0.6295546558704453,0.7384169884169884,0.4712055690328024,1.0,0.7335965161271045,0.8425018974660514,0.7261812031360761,0.7127158555729984,0.7701441899915182,0.4795162295863571
0.3599999999999999,1,5,4,0.8634686346863468,0.6336032388663968,0.7538610038610039,0.501885511727883,1.0,0.7485359367763718,0.8390257390777583,0.739659735011184,0.7211093990755008,0.7858942065491183,0.513221068390972
0.3599999999999999,1,1,5,0.8560885608856088,0.6161616161616161,0.7415621986499518,0.4769289838815319,1.0,0.7361250885236125,0.8326038112612889,0.7262843184681526,0.709480122324159,0.7759197324414716,0.48874925791614116
0.3599999999999999,1,2,5,0.8265682656826568,0.5858585858585859,0.7116682738669238,0.4164761189619901,1.0,0.7062134257706214,0.8305453226587148,0.695882256742062,0.6860643185298622,0.7497907949790795,0.4266060131774898
0.3599999999999999,1,3,5,0.8579335793357934,0.631578947368421,0.75,0.49416351214803866,1.0,0.7447562633521072,0.8495228923011987,0.7361065051668285,0.7187017001545595,0.7821698906644239,0.5048937407167147
0.3599999999999999,1,4,5,0.8394833948339483,0.6336032388663968,0.7413127413127413,0.4771066548144576,1.0,0.7365433168501725,0.8355490757660181,0.7293143341120808,0.7154088050314465,0.7724957555178268,0.4853390572188565
0.3599999999999999,1,5,5,0.8616236162361623,0.6518218623481782,0.7615830115830116,0.5179489111596713,1.0,0.7567227392921703,0.8596518281549277,0.7494165131475469,0.730829420970266,0.7908552074513124,0.5274870099900477
0.3699999999999999,1,1,1,0.8634686346863468,0.6222222222222222,0.7483124397299904,0.49054622046458585,1.0,0.7428454284542845,0.8506963613050976,0.7329866115378417,0.7145038167938931,0.7819548872180451,0.5029326600475021
0.3699999999999999,1,2,1,0.8394833948339483,0.6,0.7251687560270009,0.4437983073717966,1.0,0.7197416974169741,0.8307599010919164,0.7097112348697665,0.6967840735068913,0.7615062761506276,0.45459275560546447
0.3699999999999999,1,3,1,0.8542435424354243,0.6093117408906883,0.7374517374517374,0.4683410562540564,1.0,0.7317776416630564,0.8218954263826315,0.7214572890933717,0.7057926829268293,0.7729549248747913,0.48041984083173933
0.3699999999999999,1,4,1,0.8487084870848709,0.6012145748987854,0.7306949806949807,0.45460926532522233,1.0,0.7249615309918281,0.827250759666325,0.7143219948144688,0.700152207001522,0.7673060884070059,0.46655095485496023
0.3699999999999999,1,5,1,0.8560885608856088,0.6214574898785425,0.7442084942084942,0.4822578941810118,1.0,0.7387730253820757,0.8503589678297861,0.7293988265425879,0.7127496159754224,0.7778709136630344,0.49357995784600495
0.3699999999999999,1,1,2,0.8450184501845018,0.5757575757575758,0.71648987463838,0.42547177278020876,1.0,0.7103880129710387,0.8242788174489152,0.6975139958084372,0.6856287425149701,0.7570247933884298,0.4389871582831717
0.3699999999999999,1,2,2,0.8542435424354243,0.604040404040404,0.7348119575699132,0.4630291801062362,1.0,0.7291419732379142,0.8448093754741977,0.7183297394105299,0.7025796661608498,0.7710241465445462,0.475607045880527
0.3699999999999999,1,3,2,0.8690036900369004,0.6153846153846154,0.7480694980694981,0.48961086027513095,1.0,0.7421941527107578,0.8489252744033877,0.7312807269176246,0.7125567322239031,0.7830423940149626,0.5034315202145063
0.3699999999999999,1,4,2,0.8450184501845018,0.6417004048582996,0.7480694980694981,0.49081034664577655,1.0,0.7433594275214007,0.8337480178230336,0.7363753673203143,0.721259842519685,0.7782497875955819,0.49909387429020596
0.3699999999999999,1,5,2,0.8468634686346863,0.631578947368421,0.7442084942084942,0.4827261353873054,1.0,0.7392212080015537,0.8284608914167421,0.7313420117052384,0.7160686427457098,0.775993237531699,0.49200014407267323
0.3699999999999999,1,1,3,0.8284132841328413,0.6121212121212121,0.7251687560270009,0.4443880457280792,1.0,0.7202672481270267,0.8547111195067822,0.7121020598346202,0.7004680187207488,0.7590870667793744,0.45290337468434144
0.3699999999999999,1,2,3,0.8763837638376384,0.6101010101010101,0.7492767598842816,0.4919138126627695,1.0,0.7432423869693242,0.8493429017615095,0.7312199529235156,0.7110778443113772,0.7851239669421488,0.5075397724507156
0.3699999999999999,1,3,3,0.8616236162361623,0.611336032388664,0.7422779922779923,0.4779723711028913,1.0,0.7364798243124131,0.8317169720372107,0.7257696349133025,0.708649468892261,0.7776852622814321,0.4909913319309048
0.3699999999999999,1,4,3,0.8505535055350554,0.5931174089068826,0.7277992277992278,0.44849509944576166,1.0,0.721835457220969,0.8364793770280725,0.7102662115992974,0.6963746223564955,0.7657807308970099,0.4613805481684601
0.3699999999999999,1,5,3,0.8357933579335793,0.6093117408906883,0.7277992277992278,0.4492935020282599,1.0,0.7225525494121339,0.797154168258472,0.7136236444705174,0.7012383900928792,0.7626262626262627,0.4588567497375549
0.3699999999999999,1,1,4,0.8247232472324724,0.593939393939394,0.7145612343297975,0.4225862399783294,1.0,0.7093313205859332,0.7987766410953774,0.6998825798867861,0.6898148148148148,0.7512605042016807,0.43192082902252993
0.3699999999999999,1,2,4,0.8763837638376384,0.6464646464646465,0.7666345226615237,0.5278417471928716,1.0,0.7614242051511424,0.8672309330121319,0.7526959014480251,0.7307692307692307,0.7969798657718121,0.539965327755871
0.3699999999999999,1,3,4,0.8431734317343174,0.5910931174089069,0.722972972972973,0.43886917792707797,1.0,0.7171332745716121,0.8431121455125392,0.7059702630282694,0.6934749620637329,0.7610324729392173,0.4508230501202996
0.3699999999999999,1,4,4,0.8339483394833949,0.6052631578947368,0.724903474903475,0.4433845596995793,1.0,0.7196057486890659,0.8365278800349927,0.7104633737757293,0.6986089644513137,0.7603027754415476,0.4530121779927991
0.3699999999999999,1,5,4,0.8745387453874539,0.6093117408906883,0.7480694980694981,0.48933325275356193,1.0,0.741925243139071,0.8333402341595846,0.7299772088417473,0.7106446776611695,0.7841191066997518,0.5046592054024198
0.3699999999999999,1,1,5,0.8616236162361623,0.6080808080808081,0.7405978784956606,0.4746519217984622,1.0,0.7348522121584852,0.8264253471727181,0.7238347772954776,0.7065052950075643,0.7763923524522028,0.4880139555216811
0.3699999999999999,1,2,5,0.8413284132841329,0.5676767676767677,0.7107039537126326,0.4136428404490316,1.0,0.7045025904804503,0.8249823675799619,0.6910879786306229,0.6805970149253732,0.7524752475247525,0.42722889571166406
0.3699999999999999,1,3,5,0.8653136531365314,0.611336032388664,0.7442084942084942,0.48178880449390693,1.0,0.7383248427625977,0.8429244245465538,0.7273220851041358,0.7095310136157338,0.7797173732335827,0.49538866464767634
0.3699999999999999,1,4,5,0.8394833948339483,0.6093117408906883,0.7297297297297297,0.4531002548981162,1.0,0.7243975678623182,0.8301076252404787,0.7151972376590238,0.7021604938271605,0.7647058823529411,0.4631353097506557
0.3699999999999999,1,5,5,0.8671586715867159,0.6295546558704453,0.7538610038610039,0.5017051198865264,1.0,0.7483566637285806,0.8551585608516568,0.7388665502483162,0.7197549770290965,0.7866108786610879,0.5139406304609336
0.3799999999999999,1,1,1,0.8745387453874539,0.6121212121212121,0.7492767598842816,0.4920037983841794,1.0,0.743329978754333,0.8464014351496401,0.731658196751415,0.7117117117117117,0.7847682119205298,0.5071118828245926
0.3799999999999999,1,2,1,0.8468634686346863,0.5737373737373738,0.71648987463838,0.425369983640051,1.0,0.71030042118603,0.8264893396007006,0.6970489383168069,0.6850746268656717,0.7574257425742574,0.43934121567811857
0.3799999999999999,1,3,1,0.8542435424354243,0.5991902834008097,0.7326254826254827,0.4583226371502348,1.0,0.726716912918117,0.8154447994447223,0.7154400256382036,0.7004538577912254,0.769742310889443,0.47126009794718615
0.3799999999999999,1,4,1,0.8487084870848709,0.582995951417004,0.722007722007722,0.436556735606484,1.0,0.7158522192509374,0.8211244257375864,0.7034156750483531,0.6906906906906907,0.7615894039735099,0.4499991100891863
0.3799999999999999,1,5,1,0.8634686346863468,0.6032388663967612,0.7393822393822393,0.47186768370968957,1.0,0.7333537505415539,0.8448954089986609,0.7217186711990697,0.7048192771084337,0.7761194029850746,0.4859061425219156
0.3799999999999999,1,1,2,0.8560885608856088,0.5555555555555556,0.712632594021215,0.41682864508044826,1.0,0.7058220582205822,0.8188208061671467,0.6896410341964583,0.6783625730994152,0.7569331158238173,0.43391908461728834
0.3799999999999999,1,2,2,0.8597785977859779,0.5797979797979798,0.7261330761812922,0.4447184638822269,1.0,0.7197882887919789,0.8393237854625002,0.7060438329663745,0.6913946587537092,0.7664473684210527,0.4603133021722977
0.3799999999999999,1,3,2,0.8745387453874539,0.5910931174089069,0.7393822393822393,0.47129269804787316,1.0,0.7328159313981804,0.843098234449364,0.7189811077531484,0.7011834319526628,0.7783251231527094,0.48840624728518317
0.3799999999999999,1,4,2,0.8505535055350554,0.6255060728744939,0.7432432432432432,0.4805392607784295,1.0,0.7380297892047747,0.830027705630405,0.7294013867664817,0.7136222910216719,0.7760942760942761,0.4907675769328363
0.3799999999999999,1,5,2,0.8450184501845018,0.6012145748987854,0.7287644787644788,0.45079913672104927,1.0,0.7231165125416437,0.8222339891127504,0.7127674293269199,0.6992366412213741,0.7652464494569757,0.4622125024174053
0.3799999999999999,1,1,3,0.8265682656826568,0.597979797979798,0.7174541947926711,0.4284889352857639,1.0,0.7122740318312275,0.8493859198242115,0.7030441839098216,0.6924265842349304,0.7535744322960471,0.4377686562271328
0.3799999999999999,1,2,3,0.8800738007380073,0.5898989898989899,0.7415621986499518,0.47572317362580974,1.0,0.7349863953184986,0.8447524768103589,0.7205238692034536,0.7014705882352941,0.7806873977086743,0.49406762117805414
0.3799999999999999,1,3,3,0.8634686346863468,0.597165991902834,0.7364864864864865,0.46585432184567976,1.0,0.7303173132945904,0.8271603645299441,0.7180766697988858,0.7016491754122939,0.7741935483870968,0.48044491269086875
0.3799999999999999,1,4,3,0.8597785977859779,0.5728744939271255,0.722972972972973,0.43795272732771795,1.0,0.7163265458565518,0.8316654453138994,0.7018156660377536,0.6883308714918759,0.7645611156685808,0.454110318871324
0.3799999999999999,1,5,3,0.8431734317343174,0.597165991902834,0.7258687258687259,0.444885514618206,1.0,0.7201697118185757,0.7907795611002082,0.7095875553501063,0.6966463414634146,0.7629382303839732,0.4563593673181707
0.3799999999999999,1,1,4,0.8284132841328413,0.5616161616161616,0.7010607521697203,0.39431222115036774,1.0,0.6950147228745015,0.7922418578986665,0.6820925808616635,0.6741741741741741,0.7433774834437086,0.40642046574642854
0.3799999999999999,1,2,4,0.8763837638376384,0.6323232323232323,0.759884281581485,0.5138833717701322,1.0,0.7543534980804354,0.8621747971249849,0.7444177686658318,0.7229832572298326,0.79232693911593,0.5273457740620473
0.3799999999999999,1,3,4,0.8413284132841329,0.5647773279352226,0.7094594594594594,0.4108565210162779,1.0,0.7030528706096777,0.8388849233972858,0.6893208347138459,0.6795827123695977,0.7518549051937345,0.42461423996919934
0.3799999999999999,1,4,4,0.8321033210332104,0.5870445344129555,0.7152509652509652,0.42343681613063877,1.0,0.7095739277230829,0.8311664913820523,0.6989146633741598,0.6885496183206107,0.7535505430242272,0.4341574205819961
0.3799999999999999,1,5,4,0.8800738007380073,0.5728744939271255,0.7335907335907336,0.45895460256429665,1.0,0.7264741473325664,0.8281570522166621,0.7100505849700484,0.6933139534883721,0.775609756097561,0.4789916090499213
0.3799999999999999,1,1,5,0.8634686346863468,0.593939393939394,0.7348119575699132,0.46255354676024435,1.0,0.7287040143128705,0.8209976245209414,0.7161340918929113,0.6995515695067265,0.772914946325351,0.47749525229593215
0.3799999999999999,1,2,5,0.8413284132841329,0.5474747474747474,0.7010607521697203,0.3935603874029888,1.0,0.6944015803794401,0.8197000760618908,0.6786796450506385,0.6705882352941176,0.7463175122749591,0.40873654085864103
0.3799999999999999,1,3,5,0.8763837638376384,0.5910931174089069,0.7403474903474904,0.47320307892388885,1.0,0.7337384406232726,0.8366175056801106,0.7197391270546162,0.7016248153618907,0.7793273174733388,0.490661177913435
0.3799999999999999,1,4,5,0.8413284132841329,0.597165991902834,0.724903474903475,0.4429813308380749,1.0,0.7192472025934835,0.8253134332984101,0.7088107761842061,0.6961832061068702,0.7619047619047619,0.45419676475014553
0.3799999999999999,1,5,5,0.8690036900369004,0.6032388663967612,0.7422779922779923,0.4775937872996208,1.0,0.7361212782168307,0.851003790749454,0.7240281768498117,0.7061469265367316,0.7791563275434243,0.4925520590466443
0.3899999999999999,1,1,1,0.8782287822878229,0.5777777777777777,0.7348119575699132,0.46179077830139725,1.0,0.7280032800328002,0.8421553207625789,0.712334945240469,0.6948905109489051,0.7758761206193969,0.48101289120743707
0.3899999999999999,1,2,1,0.8487084870848709,0.5515151515151515,0.7068466730954677,0.4051924528301886,1.0,0.7001118193000112,0.8229057842483011,0.6841605000632582,0.6744868035190615,0.7516339869281046,0.42130694170420263
0.3899999999999999,1,3,1,0.8560885608856088,0.582995951417004,0.7258687258687259,0.44418080974474455,1.0,0.7195422561513064,0.8099726200601975,0.7064673842795004,0.6925373134328359,0.7656765676567657,0.4588104408710078
0.3899999999999999,1,4,1,0.8597785977859779,0.5668016194331984,0.7200772200772201,0.4319230361977946,1.0,0.7132901086095882,0.8152826201381254,0.6980858840995833,0.6852941176470588,0.762684124386252,0.4486259318662205
0.3899999999999999,1,5,1,0.8671586715867159,0.582995951417004,0.7316602316602316,0.4556272965085509,1.0,0.72507731150186,0.8400794176788875,0.7110203898420936,0.6952662721893491,0.7717569786535303,0.4721720047227008
0.3899999999999999,1,1,2,0.8579335793357934,0.5414141414141415,0.7068466730954677,0.40466451381413693,1.0,0.6996738603749674,0.8135997597295095,0.6815404406537074,0.6719653179190751,0.7536466774716369,0.42334151341571025
0.3899999999999999,1,2,2,0.8634686346863468,0.5656565656565656,0.7213114754098361,0.4344913605546153,1.0,0.7145626001714562,0.8345539345233642,0.6988753125192237,0.6852122986822841,0.7640816326530612,0.45203730711598694
0.3899999999999999,1,3,2,0.8800738007380073,0.5748987854251012,0.7345559845559846,0.46096387001074673,1.0,0.7274862930815542,0.8378625223365765,0.7113039850364491,0.6943231441048034,0.7762408462164361,0.48079203601074505
0.3899999999999999,1,4,2,0.8542435424354243,0.6052631578947368,0.7355212355212355,0.4643347775546866,1.0,0.7297533501650806,0.8260657436497845,0.7190564262320805,0.7036474164133738,0.7716666666666666,0.47675594741474525
0.3899999999999999,1,5,2,0.8579335793357934,0.582995951417004,0.7268339768339769,0.44608769251696573,1.0,0.7204647653763987,0.8168758810237815,0.7072282540576745,0.6929955290611028,0.7666941467436109,0.4610251433984194
0.3899999999999999,1,1,3,0.8321033210332104,0.5717171717171717,0.7078109932497589,0.4081462742963272,1.0,0.7019102463751911,0.8443857255336554,0.6897302061513421,0.6802413273001509,0.7485477178423237,0.4200471397789936
0.3899999999999999,1,2,3,0.8763837638376384,0.5777777777777777,0.733847637415622,0.45988156390001245,1.0,0.727080770807708,0.8407424244326192,0.7115863008452562,0.6944444444444444,0.7748776508972267,0.4787372211459863
0.3899999999999999,1,3,3,0.8671586715867159,0.5668016194331984,0.7239382239382239,0.43955511840811073,1.0,0.7169801455099571,0.8225882199216261,0.7010755589527363,0.6871345029239766,0.766721044045677,0.4576291991092427
0.3899999999999999,1,4,3,0.8671586715867159,0.5526315789473685,0.7171814671814671,0.4254727980255288,1.0,0.7098951252670421,0.8267783559028963,0.6922566474053314,0.6801736613603473,0.7623682076236821,0.44488411030029446
0.3899999999999999,1,5,3,0.8523985239852399,0.5850202429149798,0.724903474903475,0.4423753909377976,1.0,0.7187093834501098,0.7854591993092274,0.7061659801790336,0.6926536731634183,0.7642679900744417,0.4562306199793177
0.3899999999999999,1,1,4,0.8339483394833949,0.5373737373737374,0.6923818707810994,0.3758987410550386,1.0,0.6856610384285662,0.7862447252631939,0.6694340415342009,0.6637298091042585,0.7391659852820932,0.3906199846814863
0.3899999999999999,1,2,4,0.8800738007380073,0.6060606060606061,0.7492767598842816,0.49173374554640215,1.0,0.7430672033993067,0.8573358303833796,0.7303273656746938,0.7098214285714286,0.785831960461285,0.5084257452654704
0.3899999999999999,1,3,4,0.8505535055350554,0.5465587044534413,0.7055984555984556,0.4022684967992856,1.0,0.6985561049942484,0.8345714596189866,0.6818192004142835,0.672992700729927,0.7514262428687857,0.41906125979965464
0.3899999999999999,1,4,4,0.8431734317343174,0.562753036437247,0.7094594594594594,0.41074964853139023,1.0,0.7029632340857821,0.8261193536062593,0.6888384490950696,0.6790490341753344,0.7522633744855967,0.42496155570996125
0.3899999999999999,1,5,4,0.8856088560885609,0.562753036437247,0.7316602316602316,0.4546377228727675,1.0,0.7241809462629039,0.8228703496619951,0.7059596821770734,0.6896551724137931,0.7754442649434572,0.47692241348056913
0.3899999999999999,1,1,5,0.8690036900369004,0.5777777777777777,0.7299903567984571,0.4522480918478611,1.0,0.7233907339073391,0.8160750178596897,0.7085838136100832,0.6926470588235294,0.7708674304418985,0.46968731251536466
0.3899999999999999,1,2,5,0.8468634686346863,0.5212121212121212,0.6914175506268081,0.3731085007424311,1.0,0.6840377949234038,0.8145005407758168,0.6643760267078723,0.6594827586206896,0.7415185783521809,0.3913428920576726
0.3899999999999999,1,3,5,0.8745387453874539,0.5748987854251012,0.7316602316602316,0.45523189831277894,1.0,0.7247187654062776,0.8306895490970122,0.7090636519597088,0.6929824561403509,0.7732463295269169,0.4739505930185368
0.3899999999999999,1,4,5,0.8450184501845018,0.5809716599190283,0.7191119691119691,0.43073913503225114,1.0,0.7129950550517651,0.8205082680160993,0.7006652350915484,0.6887218045112782,0.7589063794531897,0.4437770683210483
0.3899999999999999,1,5,5,0.8745387453874539,0.5789473684210527,0.7335907335907336,0.45924928514153435,1.0,0.7267430569042532,0.8469380611181426,0.7115559747653838,0.6950146627565983,0.7745098039215687,0.47756588184998383
0.3999999999999998,1,1,1,0.8837638376383764,0.5454545454545454,0.7222757955641272,0.4353966039405178,1.0,0.714609191546461,0.8375927771213509,0.6943003689673549,0.6803977272727273,0.7688603531300161,0.45916852513827006
0.3999999999999998,1,2,1,0.8542435424354243,0.5212121212121212,0.695274831243973,0.3807247039614177,1.0,0.6877278318237727,0.8190358142150647,0.6672646317500458,0.6614285714285715,0.7455716586151369,0.4004026399482081
0.3999999999999998,1,3,1,0.8597785977859779,0.5506072874493927,0.7123552123552124,0.4158277955223204,1.0,0.7051929426176853,0.8047546338331522,0.6880409591979098,0.6773255813953488,0.7577235772357723,0.4339819750190091
0.3999999999999998,1,4,1,0.8653136531365314,0.5465587044534413,0.7133204633204633,0.4175235874059153,1.0,0.7059361787949863,0.8099580488492159,0.6877097565137325,0.6767676767676768,0.7595141700404858,0.43713148279780656
0.3999999999999998,1,5,1,0.8708487084870848,0.5668016194331984,0.7258687258687259,0.44337323869053924,1.0,0.7188251639601416,0.8354670698548539,0.702565625583681,0.6880466472303207,0.7687296416938111,0.46216206594737375
0.3999999999999998,1,1,2,0.8653136531365314,0.5171717171717172,0.6991321118611379,0.3881288555877892,1.0,0.6912426851541242,0.8089004690517307,0.6689661784311308,0.6624293785310734,0.7504,0.41048991654320177
0.3999999999999998,1,2,2,0.8671586715867159,0.5414141414141415,0.7116682738669238,0.41419624217118983,1.0,0.7042864065004286,0.8298792074330512,0.6851948391858692,0.6743185078909613,0.7586763518966909,0.43472624495295736
0.3999999999999998,1,3,2,0.8819188191881919,0.5364372469635628,0.7171814671814671,0.42463645048296356,1.0,0.7091780330758773,0.8329473897291366,0.6878183651304098,0.6760961810466761,0.7654123298638911,0.44885031311789864
0.3999999999999998,1,4,2,0.8560885608856088,0.5769230769230769,0.722972972972973,0.43815664162295365,1.0,0.7165058189043428,0.8222229144197973,0.7027782343419396,0.6894502228826151,0.7637860082304527,0.4533168287166837
0.3999999999999998,1,5,2,0.8579335793357934,0.5465587044534413,0.7094594594594594,0.4098932707592158,1.0,0.7022461418946173,0.8117133239613266,0.6847708124831804,0.6748911465892597,0.7554833468724614,0.42805444448285224
0.3999999999999998,1,1,3,0.8394833948339483,0.5333333333333333,0.6933461909353905,0.37757921677878187,1.0,0.6864083640836408,0.8398011669036194,0.6691221691475873,0.6632653061224489,0.741042345276873,0.3935337802961137
0.3999999999999998,1,2,3,0.8800738007380073,0.5373737373737374,0.71648987463838,0.4235315917651153,1.0,0.7087237690558723,0.8365955524568484,0.6876980060079372,0.6756373937677054,0.7644230769230769,0.4472885690851282
0.3999999999999998,1,3,3,0.8745387453874539,0.5465587044534413,0.7181467181467182,0.4270692868289874,1.0,0.7105487249204476,0.8183424706770973,0.691365868172059,0.6790830945558739,0.7645161290322581,0.4486004115045331
0.3999999999999998,1,4,3,0.8690036900369004,0.5364372469635628,0.7104247104247104,0.4112655139492946,1.0,0.7027204685002315,0.8223134227226796,0.6827634634956472,0.6728571428571428,0.7584541062801933,0.43258559746829234
0.3999999999999998,1,5,3,0.8560885608856088,0.5688259109311741,0.7191119691119691,0.43011931586190194,1.0,0.7124572359083914,0.7802214303440909,0.6978290302670951,0.6853766617429837,0.7612797374897456,0.4459879057508549
0.3999999999999998,1,1,4,0.8357933579335793,0.5212121212121212,0.6856316297010607,0.3616943340936212,1.0,0.6785027395728502,0.7812673700282122,0.660019415611058,0.6565217391304348,0.7353896103896104,0.37790952784395826
0.3999999999999998,1,2,4,0.8874538745387454,0.5878787878787879,0.7444551591128254,0.4813620227268009,1.0,0.7376663312087666,0.8530309430520303,0.7222986280356425,0.7021897810218978,0.7840260798696006,0.5013987917232907
0.3999999999999998,1,3,4,0.8597785977859779,0.5303643724696356,0.7027027027027027,0.3956758230935895,1.0,0.6950714851278068,0.830505990715631,0.6752747118599832,0.667621776504298,0.7516129032258064,0.4156242149374138
0.3999999999999998,1,4,4,0.8560885608856088,0.5526315789473685,0.7113899613899614,0.41402714932126683,1.0,0.7043600699164886,0.8206452351914713,0.6878237951110694,0.6773722627737226,0.756316218418908,0.43131077915952265
0.3999999999999998,1,5,4,0.8929889298892989,0.5384615384615384,0.7239382239382239,0.43812673513661127,1.0,0.7157252341754187,0.8182750679490394,0.6934264149982424,0.6797752808988764,0.7719298245614035,0.4648165260975027
0.3999999999999998,1,1,5,0.8745387453874539,0.5636363636363636,0.7261330761812922,0.4439300333821731,1.0,0.7190875545119089,0.8110793854013794,0.7020839254030049,0.6869565217391305,0.7694805194805194,0.46383195283281703
0.3999999999999998,1,2,5,0.8505535055350554,0.49696969696969695,0.6817743490838959,0.3527135301995144,1.0,0.6737616012523762,0.8094653577050575,0.6501533033848785,0.6492957746478873,0.7364217252396166,0.3735794666702488
0.3999999999999998,1,3,5,0.8800738007380073,0.5425101214574899,0.7191119691119691,0.4287717330342119,1.0,0.7112919610977486,0.8252437315129253,0.6909768046251127,0.6785206258890469,0.7662650602409639,0.45193534515396766
0.3999999999999998,1,4,5,0.8579335793357934,0.5647773279352226,0.7181467181467182,0.4280052640336415,1.0,0.711355453635508,0.8161501080421278,0.6960901051467193,0.6838235294117647,0.7610474631751227,0.44455665553529133
0.3999999999999998,1,5,5,0.8690036900369004,0.548582995951417,0.7162162162162162,0.4233547898523287,1.0,0.7087933429941586,0.8432509878715395,0.690449598285986,0.6786743515850144,0.7621359223300971,0.44352384436636577
0.4099999999999998,1,1,1,0.8911439114391144,0.5212121212121212,0.7145612343297975,0.41888704199434307,1.0,0.7061780163256178,0.833764869974686,0.6815240336088285,0.6708333333333333,0.7654516640253566,0.4470732816203583
0.4099999999999998,1,2,1,0.8579335793357934,0.49696969696969695,0.6856316297010607,0.36033196088522906,1.0,0.6774516381527451,0.8154288927789791,0.6529678330075968,0.6512605042016807,0.7404458598726115,0.3827911462768223
0.4099999999999998,1,3,1,0.8616236162361623,0.5242914979757085,0.7007722007722008,0.3915303817997182,1.0,0.6929575571059354,0.800214327850842,0.6721175019650244,0.6652421652421653,0.7508038585209004,0.41239473887449724
0.4099999999999998,1,4,1,0.8726937269372693,0.5020242914979757,0.6959459459459459,0.38075901328273243,1.0,0.6873590092176225,0.804917000575531,0.6619013899066918,0.6578581363004172,0.7501982553528945,0.40613799287743735
0.4099999999999998,1,5,1,0.8745387453874539,0.5384615384615384,0.7142857142857143,0.41900965487973085,1.0,0.7065001419244962,0.8312546909348706,0.6862255301907326,0.6752136752136753,0.7620578778135049,0.4413383615742287
0.4099999999999998,1,1,2,0.8708487084870848,0.4888888888888889,0.6885245901639344,0.36559787415787365,1.0,0.6798687986879869,0.8040768200298287,0.652493875436831,0.6510344827586206,0.745067087608524,0.3917795582350627
0.4099999999999998,1,2,2,0.8782287822878229,0.5232323232323233,0.7087753134040502,0.40752946518095323,1.0,0.7007305527600731,0.8254873783836597,0.6778773385251581,0.6685393258426966,0.759170653907496,0.43227890394097535
0.4099999999999998,1,3,2,0.8856088560885609,0.5161943319838057,0.7094594594594594,0.4082808349146109,1.0,0.7009015940361832,0.8280873948902274,0.6761259290010826,0.6675938803894298,0.7613005551149881,0.4354942444905857
0.4099999999999998,1,4,2,0.8542435424354243,0.5425101214574899,0.7055984555984556,0.4020513208689728,1.0,0.6983768319464572,0.8189548445318797,0.6807611680765278,0.6719883889695211,0.752233956133225,0.41986504069558633
0.4099999999999998,1,5,2,0.8634686346863468,0.5182186234817814,0.6988416988416989,0.3873819234909709,1.0,0.690843629084064,0.8067822930263931,0.6689286414011975,0.6628895184135978,0.75,0.40917723137732376
0.4099999999999998,1,1,3,0.8468634686346863,0.5050505050505051,0.6837029893924783,0.3569794655989232,1.0,0.6759569868425956,0.835186312655256,0.6539945126243575,0.6519886363636364,0.7367576243980738,0.37646994312821647
0.4099999999999998,1,2,3,0.8819188191881919,0.5232323232323233,0.7107039537126326,0.4113484302624808,1.0,0.7025755712102576,0.8326895298441701,0.6792999577993104,0.6694677871148459,0.7611464968152867,0.43698742890448167
0.4099999999999998,1,3,3,0.8782287822878229,0.5263157894736842,0.7104247104247104,0.4107297244004915,1.0,0.7022722858807535,0.8143994599505298,0.6798718076875432,0.6704225352112676,0.7603833865814696,0.4351024426944063
0.4099999999999998,1,4,3,0.8745387453874539,0.5080971659919028,0.6998069498069498,0.38873374110219006,1.0,0.6913179556896785,0.8181687593909199,0.6665963231832888,0.6610878661087866,0.7529785544082606,0.4139938843617614
0.4099999999999998,1,5,3,0.8671586715867159,0.5566801619433198,0.7191119691119691,0.4294981454848232,1.0,0.7119194167650178,0.7756444538263542,0.6947877587648239,0.6821480406386067,0.7636068237205524,0.4485279539510169
0.4099999999999998,1,1,4,0.8376383763837638,0.498989898989899,0.6759884281581485,0.3414130722413337,1.0,0.6683141376868313,0.7762586946947576,0.6465083826384599,0.6467236467236467,0.729903536977492,0.3595521377653618
0.4099999999999998,1,2,4,0.8874538745387454,0.5393939393939394,0.7213114754098361,0.43318436028906954,1.0,0.7134239069663424,0.8489872097056861,0.6918722724736617,0.6784203102961918,0.7689848121502798,0.4584745837102367
0.4099999999999998,1,3,4,0.8671586715867159,0.5060728744939271,0.694980694980695,0.37907594264471595,1.0,0.6866157730403215,0.8270011115609288,0.662454135448051,0.6582633053221288,0.7484076433121019,0.4027767746364684
0.4099999999999998,1,4,4,0.8579335793357934,0.52834008097166,0.7007722007722008,0.3917516401266648,1.0,0.6931368301537266,0.8161481373892782,0.6732612396199407,0.666189111747851,0.75,0.41150219036652386
0.4099999999999998,1,5,4,0.9003690036900369,0.5080971659919028,0.7133204633204633,0.41550537209549715,1.0,0.7042330848409699,0.8136876764001549,0.6763689371355406,0.667578659370725,0.7666928515318147,0.44762115390217294
0.4099999999999998,1,1,5,0.8745387453874539,0.5434343434343434,0.71648987463838,0.4238388068501798,1.0,0.7089865444108987,0.8067863861539881,0.6893869660122139,0.6771428571428572,0.7632850241545893,0.4457451155901575
0.4099999999999998,1,2,5,0.8505535055350554,0.4808080808080808,0.6740597878495661,0.33654989135125724,1.0,0.665680793171568,0.8050265885181341,0.6394943304055911,0.6420612813370473,0.7317460317460317,0.35863018460470897
0.4099999999999998,1,3,5,0.8837638376383764,0.5263157894736842,0.7133204633204633,0.41646310934441894,1.0,0.7050398135560303,0.8201209727876049,0.6820108957450276,0.6718092566619915,0.7633466135458168,0.4421659396991098
0.4099999999999998,1,4,5,0.8671586715867159,0.5404858299595142,0.7113899613899614,0.41338797400275723,1.0,0.703822250773115,0.8121032928632004,0.6846071678847191,0.6743185078909613,0.7586763518966909,0.43393878470626157
0.4099999999999998,1,5,5,0.8745387453874539,0.5263157894736842,0.7084942084942085,0.40690920671509384,1.0,0.7004272674305692,0.8392995030801168,0.6784420020929741,0.6694915254237288,0.7584,0.4304238899998192
0.4199999999999998,1,1,1,0.8985239852398524,0.47878787878787876,0.6981677917068466,0.38414234999686914,1.0,0.6886559320138657,0.83014339317552,0.6558981574398729,0.6536912751677852,0.7567987567987567,0.4190184459514237
0.4199999999999998,1,2,1,0.8616236162361623,0.47878787878787876,0.6788813886210222,0.34595694146926304,1.0,0.6702057475120206,0.811816402707286,0.6422888318593539,0.6441379310344828,0.7371744277821626,0.3707320727982473
0.4199999999999998,1,3,1,0.8653136531365314,0.5101214574898786,0.6959459459459459,0.38120989639427816,1.0,0.6877175553132049,0.7960858556767172,0.6643907449113802,0.659634317862166,0.7486033519553073,0.4041304013905514
0.4199999999999998,1,4,1,0.8763837638376384,0.4797570850202429,0.6872586872586872,0.362311351581379,1.0,0.6780704244289406,0.8005334280756808,0.6484221772100445,0.6489071038251366,0.7456828885400314,0.3906542693014332
0.4199999999999998,1,5,1,0.8856088560885609,0.5101214574898786,0.7065637065637066,0.40221996143158667,1.0,0.6978651567892197,0.8273705571675096,0.6721369506535412,0.6648199445983379,0.759493670886076,0.43005996387911083
0.4199999999999998,1,1,2,0.8763837638376384,0.46464646464646464,0.6798457087753134,0.3470491622951255,1.0,0.6705151142420516,0.7999648275502101,0.6381289975708053,0.6418918918918919,0.7410296411856474,0.3767914455076436
0.4199999999999998,1,2,2,0.8819188191881919,0.501010101010101,0.7000964320154291,0.3891669933842066,1.0,0.6914644600991464,0.8217708346961269,0.6647181633475837,0.6593103448275862,0.7545382794001578,0.4170365407592412
0.4199999999999998,1,3,2,0.8929889298892989,0.5040485829959515,0.7075289575289575,0.40380612322418896,1.0,0.6985187564426252,0.8239185311427046,0.6709022318801542,0.663923182441701,0.7616050354051928,0.43427187872302103
0.4199999999999998,1,4,2,0.8597785977859779,0.5161943319838057,0.6959459459459459,0.3815476280719841,1.0,0.6879864648848917,0.815392405976713,0.6661927941205203,0.6609929078014184,0.7473937449879712,0.40272736353555255
0.4199999999999998,1,5,2,0.8671586715867159,0.5,0.6920849420849421,0.3730098501980663,1.0,0.683579335793358,0.8028139579790576,0.6584674143747418,0.6555090655509066,0.7466243050039714,0.39724824593525926
0.4199999999999998,1,1,3,0.8487084870848709,0.4808080808080808,0.6730954676952748,0.3346462132467753,1.0,0.6647582839464758,0.8311275832028026,0.638800359142672,0.6415620641562064,0.7307386814932486,0.3563238820911418
0.4199999999999998,1,2,3,0.8892988929889298,0.498989898989899,0.7029893924783028,0.39478989813242793,1.0,0.6941443959894145,0.8291746232316963,0.6661465039947106,0.6602739726027397,0.7578616352201258,0.42484105601434635
0.4199999999999998,1,3,3,0.8800738007380073,0.5,0.6988416988416989,0.3863770977295164,1.0,0.6900369003690037,0.8109599553480173,0.6633527721876225,0.6588397790055248,0.7535545023696683,0.4137942690076803
0.4199999999999998,1,4,3,0.8782287822878229,0.4757085020242915,0.6862934362934363,0.3601681387676918,1.0,0.6769686421560572,0.81438723494907,0.6463597283686212,0.6476190476190476,0.745497259201253,0.38937002470302967
0.4199999999999998,1,5,3,0.8708487084870848,0.5364372469635628,0.7113899613899614,0.41317460558022506,1.0,0.7036429777253238,0.7713653941431825,0.6834878811673152,0.6733238231098431,0.7594529364440868,0.43489172056773207
0.4199999999999998,1,1,4,0.8450184501845018,0.4767676767676768,0.6692381870781099,0.3267954311021944,1.0,0.6608930634760892,0.7719694274488925,0.634726305836057,0.6387726638772664,0.727561556791104,0.34796454300265206
0.4199999999999998,1,2,4,0.8911439114391144,0.509090909090909,0.7087753134040502,0.406791026117,1.0,0.7001174102650117,0.8452787878126096,0.67355271805952,0.6652892561983471,0.7618296529968455,0.43628331819575417
0.4199999999999998,1,3,4,0.8708487084870848,0.4777327935222672,0.6833976833976834,0.3545563676700754,1.0,0.6742907510046761,0.8234285986160501,0.6450061908546255,0.6465753424657534,0.7421383647798742,0.38163246398360284
0.4199999999999998,1,4,4,0.8653136531365314,0.5060728744939271,0.694015444015444,0.3771676958322587,1.0,0.6856932638152293,0.8120011466687842,0.6617490217458923,0.6577840112201964,0.747410358565737,0.40044533335579957
0.4199999999999998,1,5,4,0.9003690036900369,0.48380566801619435,0.7017374517374517,0.39122331928618154,1.0,0.6920873358531157,0.8098300763579793,0.6600027479422594,0.6567967698519516,0.7595330739299611,0.426053001776179
0.4199999999999998,1,1,5,0.8819188191881919,0.5212121212121212,0.7097396335583414,0.4093337294611212,1.0,0.7015654702001566,0.8029420423482057,0.67798729964946,0.6685314685314685,0.7605409705648369,0.43517848670760995
0.4199999999999998,1,2,5,0.8505535055350554,0.46060606060606063,0.6644165863066538,0.3163129596580769,1.0,0.655579783070558,0.8011434590920934,0.625915409236086,0.6332417582417582,0.7259842519685039,0.3398133765682403
0.4199999999999998,1,3,5,0.8929889298892989,0.4959514170040486,0.7036679536679536,0.3957152194069097,1.0,0.6944701734466737,0.8157280437491531,0.6654916416811911,0.660300136425648,0.7592156862745097,0.4270441858367629
0.4199999999999998,1,4,5,0.8708487084870848,0.5182186234817814,0.7027027027027027,0.39501585038450465,1.0,0.6945336659844331,0.8084669156656537,0.6717812285060251,0.6647887323943662,0.7539936102236422,0.4184561067650365
0.4199999999999998,1,5,5,0.8763837638376384,0.5020242914979757,0.6978764478764479,0.38457859496227015,1.0,0.6892040276678071,0.8360907964936974,0.6632992824667607,0.6588072122052705,0.7521773555027712,0.41086635696963
0.4299999999999998,1,1,1,0.9022140221402214,0.4404040404040404,0.6817743490838959,0.34947495684837243,1.0,0.6713090312721308,0.8267354132233651,0.6303480789688614,0.6383812010443864,0.7477064220183486,0.3895053859831462
0.4299999999999998,1,2,1,0.8708487084870848,0.45656565656565656,0.6730954676952748,0.3332226915541123,1.0,0.6637071825263707,0.8087038635808323,0.6305550034372576,0.6369770580296896,0.7357755261106781,0.36211374758689757
0.4299999999999998,1,3,1,0.8690036900369004,0.49190283400809715,0.6891891891891891,0.3668250907268778,1.0,0.6804532620224988,0.7922816658358625,0.6538083648077969,0.6523545706371191,0.745253164556962,0.39221520659109665
0.4299999999999998,1,4,1,0.8782287822878229,0.45546558704453444,0.6766409266409267,0.3398788782543862,1.0,0.6668471846661786,0.7967583292506513,0.6324578941590735,0.6389261744966444,0.7397047397047397,0.37084067714418784
0.4299999999999998,1,5,1,0.8911439114391144,0.49190283400809715,0.7007722007722008,0.38975450330622496,1.0,0.6915233727236059,0.8236906803608712,0.6620847495192448,0.6580381471389646,0.7570532915360502,0.4209818700867554
0.4299999999999998,1,1,2,0.8819188191881919,0.4404040404040404,0.6711668273866924,0.3284507823286218,1.0,0.6611614297961161,0.7962833888777416,0.6232179484569103,0.633112582781457,0.7370855821125675,0.3618222917988879
0.4299999999999998,1,2,2,0.8874538745387454,0.47474747474747475,0.6904532304725168,0.3686267964273452,1.0,0.6811006746431101,0.8180940677191582,0.6490889660841044,0.6491228070175439,0.7498051441932969,0.400587457272794
0.4299999999999998,1,3,2,0.9003690036900369,0.4898785425101215,0.7046332046332047,0.397298818232977,1.0,0.6951237731000792,0.8201787659270737,0.6641321067746728,0.6594594594594595,0.7613104524180967,0.43146103737006647
0.4299999999999998,1,4,2,0.8579335793357934,0.48582995951417,0.6805019305019305,0.34930550284629985,1.0,0.6718817694249817,0.8122178289000244,0.6456081134206381,0.6467315716272601,0.7375099127676448,0.3725879910338392
0.4299999999999998,1,5,2,0.8726937269372693,0.48380566801619435,0.6872586872586872,0.3625438689779856,1.0,0.6782496974767318,0.7991459085780759,0.6497800947508533,0.6497252747252747,0.7448818897637796,0.38956583927676885
0.4299999999999998,1,1,3,0.8597785977859779,0.46464646464646464,0.6711668273866924,0.32988627943687393,1.0,0.6622125312162213,0.8271848943892888,0.6320546541557536,0.6374829001367989,0.7321288295365279,0.3553016610987753
0.4299999999999998,1,2,3,0.8948339483394834,0.4686868686868687,0.6914175506268081,0.37020068400335543,1.0,0.6817604085131761,0.8254914604878324,0.6476086173314402,0.6483957219251337,0.751937984496124,0.4049783515004653
0.4299999999999998,1,3,3,0.8892988929889298,0.4716599190283401,0.6901544401544402,0.3675815064429265,1.0,0.680479406008635,0.8074251695375169,0.6476470055973016,0.648721399730821,0.7501945525291829,0.4003064145132371
0.4299999999999998,1,4,3,0.8837638376383764,0.46153846153846156,0.6824324324324325,0.3517019431214718,1.0,0.672651149588419,0.8113238078499919,0.6386634497033183,0.6429530201342282,0.7443667443667443,0.3837407826280834
0.4299999999999998,1,5,3,0.8726937269372693,0.5020242914979757,0.6959459459459459,0.38075901328273243,1.0,0.6873590092176225,0.7677554633904826,0.6619013899066918,0.6578581363004172,0.7501982553528945,0.40613799287743735
0.4299999999999998,1,1,4,0.8523985239852399,0.4484848484848485,0.6595949855351977,0.306057337410357,1.0,0.6504416862350442,0.7683349314812258,0.6182942850117804,0.6285714285714286,0.7235708692247454,0.33079069914233483
0.4299999999999998,1,2,4,0.8874538745387454,0.48484848484848486,0.695274831243973,0.37873818398292214,1.0,0.686151179693615,0.8416465512977095,0.6559578236769709,0.6535326086956522,0.7527386541471048,0.40970935105817463
0.4299999999999998,1,3,4,0.8763837638376384,0.46153846153846156,0.6785714285714286,0.34405944359095264,1.0,0.6689611126880499,0.8201587911801186,0.6359912059760812,0.6410256410256411,0.7404520654715511,0.3739898040197532
0.4299999999999998,1,4,4,0.8634686346863468,0.4716599190283401,0.6766409266409267,0.34084175339968104,1.0,0.6675642768573434,0.8082285768480331,0.6381720350498553,0.6419753086419753,0.7364280094413848,0.36655706806592925
0.4299999999999998,1,5,4,0.9003690036900369,0.46558704453441296,0.693050193050193,0.37297684120772856,1.0,0.682978024112225,0.8056837308982382,0.6474566730047951,0.648936170212766,0.7542503863987635,0.4097547121546543
0.4299999999999998,1,1,5,0.8892988929889298,0.48484848484848486,0.6962391513982642,0.38064901453314753,1.0,0.6870736889187073,0.79966421218275,0.6566393384827911,0.6540027137042063,0.7537138389366693,0.41214551418582646
0.4299999999999998,1,2,5,0.8579335793357934,0.43636363636363634,0.656702025072324,0.2995981680408889,1.0,0.6471486078497148,0.7975457705986327,0.6118586572382849,0.625,0.7231726283048211,0.3264886725405284
0.4299999999999998,1,3,5,0.8985239852398524,0.46153846153846156,0.6901544401544402,0.36700370026343443,1.0,0.680031223389157,0.8118183665959133,0.6439746717092287,0.646746347941567,0.7521235521235521,0.40359914751415543
0.4299999999999998,1,4,5,0.8763837638376384,0.4959514170040486,0.694980694980695,0.37851013744399736,1.0,0.6861675904208435,0.805113263052264,0.659275184968021,0.6560773480662984,0.7503949447077409,0.4053690722250861
0.4299999999999998,1,5,5,0.8837638376383764,0.4757085020242915,0.6891891891891891,0.3659007618497284,1.0,0.679736169831334,0.8328146304359623,0.6483933770067297,0.6490514905149052,0.7484375,0.39663614013323806
0.43999999999999984,1,1,1,0.9059040590405905,0.4080808080808081,0.6682738669238187,0.3207846064210996,1.0,0.6569924335606993,0.8234691533682568,0.6080148521680767,0.6262755102040817,0.7405731523378583,0.36516796226707465
0.43999999999999984,1,2,1,0.8782287822878229,0.4383838383838384,0.6682738669238187,0.3226031871420542,1.0,0.6583063103358306,0.805707165349728,0.6204847335418496,0.6312997347480106,0.7345679012345679,0.35501898218012445
0.43999999999999984,1,3,1,0.8819188191881919,0.4757085020242915,0.6882239382239382,0.3639895388264632,1.0,0.6788136606062417,0.789010308037591,0.647716203582284,0.6485753052917232,0.7474589523064894,0.3942071247512062
0.43999999999999984,1,4,1,0.8819188191881919,0.4352226720647773,0.668918918918919,0.3233734976465033,1.0,0.6585707456264847,0.7932553727375871,0.619541011581395,0.631439894319683,0.7359507313317937,0.3570805050239381
0.43999999999999984,1,5,1,0.8929889298892989,0.48380566801619435,0.6978764478764479,0.38356778952170945,1.0,0.6883972989527466,0.8202296458591386,0.6572922529257125,0.6549391069012178,0.7556596409055425,0.4161667142000567
0.43999999999999984,1,1,2,0.8837638376383764,0.4080808080808081,0.656702025072324,0.29784506533275,1.0,0.6459223228595923,0.7928929000072346,0.6005389754346213,0.6204663212435233,0.7290715372907154,0.334212266473461
0.43999999999999984,1,2,2,0.8874538745387454,0.44646464646464645,0.6769527483124397,0.34026689759556666,1.0,0.6669592605016958,0.8147180343319534,0.6294575286305039,0.6370860927152318,0.7417116422513492,0.3748389571139619
0.43999999999999984,1,3,2,0.9077490774907749,0.46558704453441296,0.696911196911197,0.3806375946262929,1.0,0.6866680610125939,0.8171512188896113,0.6501047686086987,0.6507936507936508,0.7580893682588598,0.4198780932348828
0.43999999999999984,1,4,2,0.8634686346863468,0.4493927125506073,0.666023166023166,0.3185143500281373,1.0,0.6564306736184771,0.8094165058669811,0.6229257676032248,0.6324324324324324,0.7301092043681747,0.34590219143265954
0.43999999999999984,1,5,2,0.8763837638376384,0.46558704453441296,0.6805019305019305,0.3481180138392519,1.0,0.6709854041860257,0.7959192569918575,0.6387745505912951,0.6427604871447903,0.741608118657299,0.37770410845494506
0.43999999999999984,1,1,3,0.8653136531365314,0.44242424242424244,0.6634522661523626,0.3133088822648799,1.0,0.653868947780387,0.8237987683514925,0.6187372119472722,0.6295302013422819,0.7288267288267288,0.3417540423503877
0.43999999999999984,1,2,3,0.9003690036900369,0.4505050505050505,0.6856316297010607,0.3577044234269494,1.0,0.6754370270975437,0.8219821355298147,0.6368836498769317,0.6421052631578947,0.7496159754224271,0.3961018009757323
0.43999999999999984,1,3,3,0.8985239852398524,0.44129554655870445,0.6805019305019305,0.34668729328923514,1.0,0.6699097658992784,0.8042186106739206,0.6296940790276863,0.6382699868938401,0.746360153256705,0.3852723681653397
0.43999999999999984,1,4,3,0.8911439114391144,0.44129554655870445,0.6766409266409267,0.339034051953988,1.0,0.6662197289989094,0.8085071518849869,0.6271027343753061,0.6363636363636364,0.7425057647963106,0.37515860372802406
0.43999999999999984,1,5,3,0.8800738007380073,0.47368421052631576,0.6862934362934363,0.3600513935560388,1.0,0.6768790056321616,0.7643118822193224,0.6456601764918425,0.6472184531886025,0.7458952306489445,0.3899420435927976
0.43999999999999984,1,1,4,0.8542435424354243,0.42828282828282827,0.6509161041465766,0.2876666059446822,1.0,0.6412631853591263,0.765117907875596,0.6048618357911051,0.6206434316353887,0.718944099378882,0.31408364702186653
0.43999999999999984,1,2,4,0.8948339483394834,0.46060606060606063,0.6875602700096431,0.3621005866605911,1.0,0.677720004472772,0.8383910536080508,0.6420015107779862,0.6449468085106383,0.749613601236476,0.3976831623256289
0.43999999999999984,1,3,4,0.8800738007380073,0.451417004048583,0.6756756756756757,0.33772697523629774,1.0,0.6657454023932952,0.8170710499656559,0.6303017360525044,0.6377005347593583,0.7395348837209302,0.3695622145937913
0.43999999999999984,1,4,4,0.8690036900369004,0.45546558704453444,0.6718146718146718,0.3303320202588632,1.0,0.6622346385407174,0.8045178164600645,0.6291273923670178,0.6364864864864865,0.734789391575663,0.35873601832327057
0.43999999999999984,1,5,4,0.9059040590405905,0.451417004048583,0.6891891891891891,0.36450919731167214,1.0,0.6786605315445867,0.8024551892825269,0.6394845551595081,0.6443569553805775,0.7530674846625767,0.4046401454106403
0.43999999999999984,1,1,5,0.8929889298892989,0.46060606060606063,0.686595949855352,0.36018885368395676,1.0,0.6767974952476797,0.7965973807219285,0.6413393120346917,0.644474034620506,0.748646558391338,0.39518946740845884
0.43999999999999984,1,2,5,0.8653136531365314,0.4202020202020202,0.6528447444551592,0.2909697980331307,1.0,0.6427578366692759,0.7943059983287851,0.6029979644711586,0.6203703703703703,0.7226502311248074,0.32086189108130675
0.43999999999999984,1,3,5,0.9059040590405905,0.45546558704453444,0.6911196911196911,0.36857182038428116,1.0,0.6806848230425624,0.8078918731378686,0.6423457978822226,0.6460526315789473,0.7542242703533026,0.40827562371394865
0.43999999999999984,1,4,5,0.8819188191881919,0.46558704453441296,0.6833976833976834,0.3538494303056117,1.0,0.6737529318613025,0.8017138074650619,0.6407885583756233,0.6442048517520216,0.7445482866043613,0.3849901667086525
0.43999999999999984,1,5,5,0.8929889298892989,0.4493927125506073,0.6814671814671814,0.3490777268365497,1.0,0.6711908212199531,0.8298863484999143,0.6334845834593105,0.6402116402116402,0.7457627118644068,0.3850646714988813
0.44999999999999984,1,1,1,0.9095940959409594,0.3838383838383838,0.6586306653809064,0.3001631881162447,1.0,0.6467162398896716,0.8204083621659957,0.5908782681186656,0.6177944862155389,0.735820895522388,0.3480246700661584
0.44999999999999984,1,2,1,0.8819188191881919,0.4262626262626263,0.6644165863066538,0.31423685010641533,1.0,0.6540907227254091,0.8029411515360365,0.6131305179303937,0.6272965879265092,0.7331288343558282,0.34871039830874007
0.44999999999999984,1,3,1,0.8856088560885609,0.4493927125506073,0.6776061776061776,0.3414285061741552,1.0,0.6675007843195842,0.7857206176655653,0.6308614476225971,0.6382978723404256,0.7418856259659969,0.37509551213896014
0.44999999999999984,1,4,1,0.8819188191881919,0.4089068825910931,0.6563706563706564,0.2968933489911391,1.0,0.6454128508896425,0.7898141267603389,0.6005186716936131,0.6207792207792208,0.7286585365853658,0.3325138363333716
0.44999999999999984,1,5,1,0.8985239852398524,0.4493927125506073,0.6843629343629344,0.3548183133998629,1.0,0.6739583488952299,0.8173065041738534,0.6354448292485502,0.6416337285902504,0.7486548808608763,0.3926247002772762
0.44999999999999984,1,1,2,0.8874538745387454,0.3878787878787879,0.6489874638379942,0.28129533935255885,1.0,0.6376663312087667,0.7898551400447723,0.5867065136458112,0.6135204081632653,0.7254901960784313,0.3202150097307249
0.44999999999999984,1,2,2,0.8985239852398524,0.4202020202020202,0.6702025072324012,0.325337279997565,1.0,0.6593630027209363,0.8118084584291488,0.6144604086495371,0.6291989664082688,0.7401215805471124,0.3659075645811205
0.44999999999999984,1,3,2,0.915129151291513,0.4311740890688259,0.6843629343629344,0.3537549407114625,1.0,0.6731516201801695,0.8141030617882663,0.6281560142102007,0.6383526383526383,0.7520849128127369,0.3994471083148018
0.44999999999999984,1,4,2,0.8671586715867159,0.4291497975708502,0.6583011583011583,0.30199308738218855,1.0,0.6481542345787831,0.8068738947708909,0.6100335797095489,0.625,0.7264296754250387,0.33177151211934247
0.44999999999999984,1,5,2,0.8837638376383764,0.4493927125506073,0.6766409266409267,0.33951707443326284,1.0,0.6665782750944919,0.7929107861982215,0.6302039576600932,0.6378162450066578,0.7409126063418406,0.37262250025175775
0.44999999999999984,1,1,3,0.8653136531365314,0.41818181818181815,0.6518804243008679,0.2889367966190228,1.0,0.6417477356591748,0.8207604579470049,0.601546703728136,0.619550858652576,0.7220939183987682,0.3189491234842979
0.44999999999999984,1,2,3,0.9095940959409594,0.41818181818181815,0.6750241080038573,0.33478443771450106,1.0,0.6638879570613888,0.8188134455895055,0.6167460683685284,0.6312419974391805,0.745275888133031,0.3796940402228517
0.44999999999999984,1,3,3,0.9022140221402214,0.41295546558704455,0.668918918918919,0.32201022666564927,1.0,0.657584743863633,0.801548480425305,0.610388574247647,0.6277278562259306,0.7403482210446631,0.3644785654366147
0.44999999999999984,1,4,3,0.8948339483394834,0.4089068825910931,0.6631274131274131,0.31027667984189716,1.0,0.6518704154652882,0.8055430694742485,0.6048997935626838,0.6241956241956242,0.7354056103108415,0.35035305030963065
0.44999999999999984,1,5,3,0.8819188191881919,0.451417004048583,0.6766409266409267,0.3396377197655834,1.0,0.6666679116183875,0.7607644945947103,0.6309620837831681,0.6381842456608812,0.7405112316034083,0.3720173971350945
0.44999999999999984,1,1,4,0.8690036900369004,0.4,0.6451301832208293,0.27443636183877784,1.0,0.6345018450184502,0.761954486529876,0.5895773706773015,0.61328125,0.7190839694656489,0.3065517009089704
0.44999999999999984,1,2,4,0.9003690036900369,0.4383838383838384,0.6798457087753134,0.34553238082927146,1.0,0.6693764210369377,0.8354978722118278,0.6282572879000058,0.6370757180156658,0.746177370030581,0.38511120962230894
0.44999999999999984,1,3,4,0.8874538745387454,0.4271255060728745,0.667953667953668,0.3209663897568783,1.0,0.6572896903058099,0.8148521864588503,0.6156737653000125,0.6295811518324608,0.7366003062787136,0.3570772976803314
0.44999999999999984,1,4,4,0.8763837638376384,0.4251012145748988,0.6611969111969112,0.307465529062238,1.0,0.6507424892062685,0.8011766415216356,0.6103702175246605,0.6258234519104084,0.7302075326671791,0.3402264106295198
0.44999999999999984,1,5,4,0.9095940959409594,0.4291497975708502,0.6805019305019305,0.3459695753673386,1.0,0.6693719467559048,0.7991292746401903,0.6247816595777306,0.6361290322580645,0.7486712224753227,0.38972968618876663
0.44999999999999984,1,1,5,0.8948339483394834,0.44646464646464645,0.6808100289296046,0.34791149376592245,1.0,0.6706492974020649,0.794003829270914,0.6320693968148997,0.6389986824769434,0.7455803228285934,0.38485174229611313
0.44999999999999984,1,2,5,0.8726937269372693,0.3838383838383838,0.639344262295082,0.2619469902262279,1.0,0.6282660553878265,0.7913135149171027,0.5787688223578541,0.6079691516709511,0.7166666666666667,0.29600857812311776
0.44999999999999984,1,3,5,0.9077490774907749,0.4352226720647773,0.6824324324324325,0.35015938867959073,1.0,0.6714858747777761,0.8045222356856587,0.6285483108479981,0.6381322957198443,0.7494287890327495,0.3926190253304059
0.44999999999999984,1,4,5,0.8874538745387454,0.4574898785425101,0.6824324324324325,0.3514651038891849,1.0,0.6724718765406277,0.7988072786335801,0.637182207280469,0.6421895861148198,0.7451587916343919,0.38497235590591666
0.44999999999999984,1,5,5,0.8948339483394834,0.4149797570850202,0.666023166023166,0.31639331756808303,1.0,0.6549068527122518,0.8269953685382189,0.6093750688314614,0.6266149870801033,0.7370820668693009,0.3559939503223358
0.45999999999999985,1,1,1,0.9188191881918819,0.36363636363636365,0.6538090646094503,0.2893233277909603,1.0,0.6412277759141227,0.8177012804085342,0.5780277401936793,0.6125461254612546,0.7350553505535056,0.3428333609054424
0.45999999999999985,1,2,1,0.8892988929889298,0.402020202020202,0.656702025072324,0.2974682580763024,1.0,0.6456595475045659,0.800511115656577,0.5979265177392215,0.6195372750642674,0.7303030303030303,0.3361487606094681
0.45999999999999985,1,3,1,0.8892988929889298,0.4271255060728745,0.668918918918919,0.32287839753654785,1.0,0.6582121995309022,0.783027798461186,0.6163134265273991,0.6300653594771242,0.7375669472073451,0.3595983734936798
0.45999999999999985,1,4,1,0.8856088560885609,0.3967611336032389,0.6525096525096525,0.28847239816242126,1.0,0.6411849948458999,0.78682312436274,0.5927690728021875,0.6169665809768637,0.7272727272727273,0.3261234321520597
0.45999999999999985,1,5,1,0.9040590405904059,0.4251012145748988,0.6756756756756757,0.33615073613547947,1.0,0.6645801275826524,0.8146128650372839,0.6199327352240719,0.6330749354005168,0.7446808510638298,0.3782242601722453
0.45999999999999985,1,1,2,0.8966789667896679,0.3595959595959596,0.6403085824493732,0.26227081914810424,1.0,0.6281374631928137,0.7870260287791759,0.5678398836927926,0.6052303860523038,0.7226765799256506,0.30622642116291116
0.45999999999999985,1,2,2,0.9003690036900369,0.3898989898989899,0.656702025072324,0.2967134289916255,1.0,0.6451339967945133,0.8092237973365441,0.5924972279049965,0.6177215189873417,0.7327327327327328,0.3403606712079031
0.45999999999999985,1,3,2,0.9188191881918819,0.4048582995951417,0.6737451737451737,0.33109708574659585,1.0,0.6618387438935118,0.8114027445479572,0.6099111198910492,0.6287878787878788,0.7466266866566716,0.3809939755282757
0.45999999999999985,1,4,2,0.8763837638376384,0.4048582995951417,0.6515444015444015,0.2870834921845215,1.0,0.6406210317163901,0.8044203465865869,0.5956603398079282,0.6176853055916776,0.7246376811594203,0.3211623246477226
0.45999999999999985,1,5,2,0.8874538745387454,0.43724696356275305,0.6727799227799228,0.3311419212310506,1.0,0.6623504190507492,0.7903022393314315,0.6229257676032248,0.6337285902503293,0.7394312067640276,0.366425555453398
0.45999999999999985,1,1,3,0.8708487084870848,0.4,0.6460945033751205,0.2763433356594556,1.0,0.6354243542435425,0.8180832971389138,0.5902029171351443,0.6137841352405722,0.7200610221205187,0.30902843666911867
0.45999999999999985,1,2,3,0.915129151291513,0.40404040404040403,0.6711668273866924,0.3262859679505865,1.0,0.6595847776659585,0.8160883652786647,0.6080700223140217,0.6270543615676359,0.7441860465116279,0.37477266412833066
0.45999999999999985,1,3,3,0.9059040590405905,0.3967611336032389,0.6631274131274131,0.3095179894584064,1.0,0.6513325963219146,0.7986286846735385,0.5995227446900744,0.6223067173637515,0.7377911344853494,0.3547632446038292
0.45999999999999985,1,4,3,0.8966789667896679,0.3805668016194332,0.6505791505791506,0.2836010208291945,1.0,0.6386228842045505,0.803172533480996,0.5841628595439476,0.6136363636363636,0.7286356821589205,0.32634017344474014
0.45999999999999985,1,5,3,0.8948339483394834,0.4392712550607287,0.6776061776061776,0.34082631025496435,1.0,0.667052601700106,0.7579386761353024,0.6269568019872119,0.636482939632546,0.7438650306748467,0.37834987089069155
0.45999999999999985,1,1,4,0.8782287822878229,0.37575757575757573,0.6383799421407907,0.2595099769784009,1.0,0.6269931790226992,0.759048558494301,0.5744572379150602,0.6063694267515923,0.7174076865109269,0.29578594574417383
0.45999999999999985,1,2,4,0.9059040590405905,0.4202020202020202,0.6740597878495661,0.3329895259263771,1.0,0.6630530396213054,0.8327174983933583,0.6169786995659301,0.6311053984575835,0.7439393939393939,0.37628894309581834
0.45999999999999985,1,3,4,0.8929889298892989,0.4048582995951417,0.6602316602316602,0.3042841226477007,1.0,0.6489236147422204,0.8124093875158731,0.6012769575763458,0.622107969151671,0.7333333333333333,0.3439988819012546
0.45999999999999985,1,4,4,0.8837638376383764,0.4109311740890688,0.6583011583011583,0.30084338635635743,1.0,0.6473475058637226,0.7981588420727714,0.6026326504747309,0.6220779220779221,0.7301829268292683,0.3369377888484147
0.45999999999999985,1,5,4,0.915129151291513,0.4008097165991903,0.6698841698841699,0.32318107492702897,1.0,0.6579694339453517,0.7962832458433218,0.6056340939716066,0.6262626262626263,0.7436281859070465,0.3718850085143531
0.45999999999999985,1,1,5,0.9022140221402214,0.4303030303030303,0.6769527483124397,0.33932337676415925,1.0,0.6662585262216258,0.791120370345311,0.6230773850083331,0.6342412451361867,0.7448591012947449,0.38031911824592546
0.45999999999999985,1,2,5,0.8837638376383764,0.3595959595959596,0.6335583413693346,0.2488973433312621,1.0,0.621679898617168,0.7881540897786965,0.5637356696642317,0.6017587939698492,0.7159940209267563,0.28779684089480945
0.45999999999999985,1,3,5,0.9188191881918819,0.402834008097166,0.6727799227799228,0.3290565634026686,1.0,0.6608265981445239,0.8017196629390372,0.6083844313391986,0.6279949558638083,0.7460674157303371,0.3791501731394734
0.45999999999999985,1,4,5,0.8948339483394834,0.4352226720647773,0.6756756756756757,0.33675786906485783,1.0,0.6650283102021304,0.7962939042609016,0.6240609121316483,0.6348167539267016,0.7427258805513017,0.3746454261125308
0.45999999999999985,1,5,5,0.8966789667896679,0.38461538461538464,0.6525096525096525,0.287689651484362,1.0,0.6406471757025263,0.8244527270967055,0.5872618885031906,0.6151898734177215,0.7297297297297297,0.3301741206322555
0.46999999999999986,1,1,1,0.9243542435424354,0.3393939393939394,0.6451301832208293,0.27052517691316624,1.0,0.6318740914681874,0.8149648552264045,0.5601073362413422,0.605072463768116,0.7313868613138687,0.3284001959486688
0.46999999999999986,1,2,1,0.8929889298892989,0.3797979797979798,0.648023143683703,0.2788691445805397,1.0,0.6363934548436394,0.7983905475307796,0.5823704933750641,0.6118836915297092,0.7261815453863466,0.3203096134169801
0.46999999999999986,1,3,1,0.8985239852398524,0.4109311740890688,0.666023166023166,0.31614291601166034,1.0,0.6547275796644607,0.7805222895310648,0.6076442348955527,0.6259640102827764,0.7378787878787879,0.35740546921315086
0.46999999999999986,1,4,1,0.9003690036900369,0.3684210526315789,0.6467181467181468,0.2751533132484057,1.0,0.634395028160808,0.7839827155666654,0.5759469559745319,0.61,0.7272727272727273,0.3200923692606039
0.46999999999999986,1,5,1,0.9059040590405905,0.4089068825910931,0.668918918918919,0.3217617687926586,1.0,0.6574054708158418,0.8119341105186485,0.6086299406937727,0.6270753512132823,0.7411320754716981,0.3659921702089151
0.46999999999999986,1,1,2,0.9003690036900369,0.3393939393939394,0.6325940212150434,0.24563674584581552,1.0,0.6198814715419881,0.7843278646654303,0.5527927125700537,0.5987730061349693,0.7192336035372144,0.2919638030730325
0.46999999999999986,1,2,2,0.9077490774907749,0.37373737373737376,0.6528447444551592,0.2880463803493784,1.0,0.6407432256140744,0.8063533076875149,0.5824600898206898,0.6134663341645885,0.7321428571428571,0.3358447960711468
0.46999999999999986,1,3,2,0.9261992619926199,0.3866396761133603,0.668918918918919,0.32039198886151876,1.0,0.6564194690529901,0.8090040836069569,0.5984190694431955,0.6236024844720497,0.7453600593912398,0.3753876587593295
0.46999999999999986,1,4,2,0.8819188191881919,0.3785425101214575,0.6418918918918919,0.2662609386215428,1.0,0.6302306646548247,0.8022637220488371,0.5777921456188635,0.6089171974522293,0.720422004521477,0.30362300997560887
0.46999999999999986,1,5,2,0.8929889298892989,0.4109311740890688,0.6631274131274131,0.31040296617281304,1.0,0.6519600519891839,0.7877785449729982,0.6057697494988923,0.6245161290322581,0.7350037965072134,0.34966441910433194
0.46999999999999986,1,1,3,0.8763837638376384,0.37373737373737376,0.6364513018322083,0.2555606968556191,1.0,0.625060568787506,0.8154556495970652,0.5723088032546361,0.6050955414012739,0.7159005275056518,0.29128460991991406
0.46999999999999986,1,2,3,0.9206642066420664,0.3797979797979798,0.6624879459980714,0.30757461291331856,1.0,0.650231093220023,0.8133754592862228,0.591325972501603,0.6191066997518611,0.7403560830860534,0.360677088401356
0.46999999999999986,1,3,3,0.9169741697416974,0.3825910931174089,0.6621621621621622,0.306713370145464,1.0,0.6497826314295532,0.7965344032265831,0.5923057909238305,0.6197007481296758,0.7395833333333334,0.35781575302307356
0.46999999999999986,1,4,3,0.9040590405904059,0.3481781376518219,0.638996138996139,0.25849319472725335,1.0,0.6261185891211138,0.8006142140650735,0.5610468724447721,0.603448275862069,0.723781388478582,0.30603436258659394
0.46999999999999986,1,5,3,0.9022140221402214,0.4271255060728745,0.6756756756756757,0.33627225162835395,1.0,0.664669764106548,0.755468390772053,0.6207725999048972,0.633419689119171,0.7442922374429224,0.37748210062225307
0.46999999999999986,1,1,4,0.8782287822878229,0.34949494949494947,0.6258437801350049,0.23294722313305935,1.0,0.6138618658913861,0.7564417166423707,0.5540185230754416,0.5964912280701754,0.7104477611940299,0.27009101609859654
0.46999999999999986,1,2,4,0.9132841328413284,0.4080808080808081,0.6721311475409836,0.32844207246227747,1.0,0.6606824704610682,0.8302026115144876,0.6104864674481076,0.6281725888324873,0.7443609022556391,0.3757837157490844
0.46999999999999986,1,3,4,0.9022140221402214,0.38461538461538464,0.6554054054054054,0.293431248185111,1.0,0.643414703377803,0.8101923547973655,0.5890716366715124,0.6166456494325346,0.7325842696629213,0.3381014722923908
0.46999999999999986,1,4,4,0.8892988929889298,0.3866396761133603,0.6496138996138996,0.282082805174178,1.0,0.6379692845511451,0.7954254000489759,0.5863772130235022,0.6140127388535032,0.7264506405425772,0.32166502083538295
0.46999999999999986,1,5,4,0.9261992619926199,0.37449392712550605,0.6631274131274131,0.3081227132862849,1.0,0.650346594559063,0.7939534177074697,0.5889448182337303,0.6189889025893958,0.7420546932742055,0.3642378072001875
0.46999999999999986,1,1,5,0.9095940959409594,0.3898989898989899,0.6615236258437801,0.3062804823428735,1.0,0.6497465429199747,0.788873553111896,0.5955248267078922,0.620125786163522,0.737471952131638,0.3536696527808435
0.46999999999999986,1,2,5,0.8948339483394834,0.3434343434343434,0.6316297010607522,0.24399599987785903,1.0,0.6191341458869134,0.7857741785442991,0.5543615332350647,0.5987654320987654,0.7174556213017751,0.2878147559159653
0.46999999999999986,1,3,5,0.9243542435424354,0.37449392712550605,0.6621621621621622,0.30620398291723433,1.0,0.6494240853339708,0.7988340833832994,0.5883579273871757,0.6185185185185185,0.7411242603550295,0.3614240019852056
0.46999999999999986,1,4,5,0.9022140221402214,0.4149797570850202,0.6698841698841699,0.3240487782543001,1.0,0.6585968896126209,0.7940011952902537,0.6118827957594887,0.62853470437018,0.740909090909091,0.36634319408774835
0.46999999999999986,1,5,5,0.9077490774907749,0.3623481781376518,0.6476833976833977,0.2766691661438168,1.0,0.6350486278142133,0.8221494743166256,0.5735165424248165,0.6096654275092936,0.7294292068198666,0.3251088416252645
0.47999999999999976,1,1,1,0.9243542435424354,0.30707070707070705,0.6297010607521697,0.2377131086973999,1.0,0.6157124753065712,0.8124771475836517,0.532768346608903,0.5936018957345972,0.7229437229437229,0.29700416842455024
0.47999999999999976,1,2,1,0.9040590405904059,0.3595959595959596,0.6441658630665381,0.2699203434295255,1.0,0.6318275000931828,0.7962052186719036,0.5701718848141406,0.6071871127633209,0.72646404744255,0.3169841664261768
0.47999999999999976,1,3,1,0.9040590405904059,0.3765182186234818,0.6525096525096525,0.2871668628920048,1.0,0.6402886296069439,0.7782116741046909,0.583433543339388,0.6140350877192983,0.7313432835820896,0.33313914138591805
0.47999999999999976,1,4,1,0.9040590405904059,0.3441295546558704,0.637065637065637,0.2543909348441926,1.0,0.6240942976231382,0.7811786426216081,0.5577754342215063,0.601965601965602,0.7227138643067846,0.3021038423874149
0.47999999999999976,1,5,1,0.9077490774907749,0.37449392712550605,0.6534749034749034,0.2889512564428062,1.0,0.6411215023081405,0.8096375278179562,0.5830493262787254,0.6142322097378277,0.7326880119136262,0.3366170543787928
0.47999999999999976,1,1,2,0.9095940959409594,0.3212121212121212,0.6287367405978785,0.23675804018803623,1.0,0.6154031085765403,0.7821601565507674,0.5405299704911998,0.594692400482509,0.7191830780452224,0.28789943532613244
0.47999999999999976,1,2,2,0.9095940959409594,0.35555555555555557,0.6451301832208293,0.2715722766229552,1.0,0.6325748257482575,0.8039198175524754,0.5686925655504397,0.6071428571428571,0.7282127031019202,0.32130984282863745
0.47999999999999976,1,3,2,0.9372693726937269,0.3603238866396761,0.6621621621621622,0.3053107517817457,1.0,0.6487966296667015,0.8065561907747802,0.5811372842946276,0.616504854368932,0.7437774524158126,0.3684297330157086
0.47999999999999976,1,4,2,0.8985239852398524,0.35020242914979755,0.637065637065637,0.2548017324497634,1.0,0.6243632071948251,0.8001393475789063,0.5609503385152318,0.6027227722772277,0.7214814814814815,0.2998554336253267
0.47999999999999976,1,5,2,0.8966789667896679,0.38866396761133604,0.6544401544401545,0.29177678312277544,1.0,0.642671467200502,0.7854000548287592,0.5903446492567759,0.616751269035533,0.7308270676691729,0.3339960200245474
0.47999999999999976,1,1,3,0.8856088560885609,0.3575757575757576,0.6335583413693346,0.24876274430557357,1.0,0.6215923068321592,0.8130243585227317,0.5627364015519764,0.6015037593984962,0.7164179104477612,0.2884283464439052
0.47999999999999976,1,2,3,0.922509225092251,0.3434343434343434,0.6460945033751205,0.2727034717617179,1.0,0.6329717842632971,0.8109094919167756,0.5628688568678162,0.6060606060606061,0.731528895391368,0.32937970024244656
0.47999999999999976,1,3,3,0.9188191881918819,0.36639676113360325,0.6554054054054054,0.29226306201491037,1.0,0.6426079746627426,0.7943924829330649,0.5802175235382953,0.6140567200986436,0.7361419068736141,0.3454898072866665
0.47999999999999976,1,4,3,0.9114391143911439,0.3299595141700405,0.6341698841698842,0.2476816014960377,1.0,0.6206993142805921,0.7987244636040836,0.5483958491637895,0.5987878787878788,0.7227505486466715,0.29938477735868496
0.47999999999999976,1,5,3,0.9114391143911439,0.4048582995951417,0.6698841698841699,0.32342921739661784,1.0,0.6581487069931429,0.7531722973947543,0.607456739230787,0.6269035532994924,0.7428571428571429,0.37022846785129415
0.47999999999999976,1,1,4,0.8856088560885609,0.33131313131313134,0.6210221793635486,0.22215648064557375,1.0,0.608460993700846,0.7541163693746014,0.5416768808333445,0.591861898890259,0.7095343680709535,0.2624467328993607
0.47999999999999976,1,2,4,0.915129151291513,0.37777777777777777,0.6586306653809064,0.29978674947450334,1.0,0.6464534645346454,0.8281435999913211,0.5879757283719894,0.6169154228855721,0.736998514115899,0.3505305735155967
0.47999999999999976,1,3,4,0.9095940959409594,0.3582995951417004,0.6467181467181468,0.27448759356487934,1.0,0.63394684554133,0.808119741262504,0.5708828218810991,0.608641975308642,0.7292899408284024,0.32398796258741785
0.47999999999999976,1,4,4,0.8911439114391144,0.36639676113360325,0.640926640926641,0.26354088636815326,1.0,0.6287703362863588,0.7930680437101248,0.5714124979865439,0.6067839195979899,0.7219730941704036,0.3048925331196492
0.47999999999999976,1,5,4,0.9280442804428044,0.3522267206477733,0.6534749034749034,0.2875128350523363,1.0,0.6401355005452889,0.791760770880898,0.5717359473710669,0.6111786148238153,0.736996336996337,0.3463790072594288
0.47999999999999976,1,1,5,0.9169741697416974,0.37575757575757573,0.6586306653809064,0.2996611799180421,1.0,0.6463658727496366,0.7866676829835461,0.5869923262313197,0.6166253101736973,0.7373887240356083,0.35139740844025374
0.47999999999999976,1,2,5,0.8948339483394834,0.3333333333333333,0.626808100289296,0.2337570095599228,1.0,0.6140836408364083,0.7832439161770919,0.54614831573468,0.5950920245398773,0.7148120854826824,0.2778435501215012
0.47999999999999976,1,3,5,0.9261992619926199,0.35020242914979755,0.6515444015444015,0.2835435472253298,1.0,0.6382008455712087,0.796282260139227,0.5695236882049466,0.6099635479951397,0.7355311355311356,0.3415970364761238
0.47999999999999976,1,4,5,0.9077490774907749,0.38461538461538464,0.6583011583011583,0.29917600476969414,1.0,0.6461822310530798,0.7918404798201257,0.5908758419273672,0.6180904522613065,0.7354260089686099,0.34611908307625355
0.47999999999999976,1,5,5,0.9114391143911439,0.3441295546558704,0.640926640926641,0.26205174553085897,1.0,0.6277843345235072,0.8201528287771755,0.5600474413220413,0.6039119804400978,0.7264705882352941,0.3131596725929268
0.48999999999999977,1,1,1,0.9280442804428044,0.2787878787878788,0.6181292189006751,0.21275837081171872,1.0,0.6034160796153416,0.8101597974445687,0.5086526283878545,0.5848837209302326,0.717546362339515,0.2745898309693508
0.48999999999999977,1,2,1,0.9059040590405905,0.3474747474747475,0.639344262295082,0.25956288325989524,1.0,0.626689403257669,0.7942831979359508,0.5610514986625362,0.6031941031941032,0.724188790560472,0.3080405533970111
0.48999999999999977,1,3,1,0.9114391143911439,0.3562753036437247,0.6467181467181468,0.27435430286142976,1.0,0.6338572090174344,0.7761800062193139,0.569844932619807,0.6083743842364532,0.7296898079763663,0.3248125904733335
0.48999999999999977,1,4,1,0.9114391143911439,0.31781376518218624,0.6283783783783784,0.23534960047850564,1.0,0.614626439786665,0.7792391215781129,0.5382080421909048,0.5944645006016848,0.71959213401311,0.28740907352588896
0.48999999999999977,1,5,1,0.9169741697416974,0.35020242914979755,0.6467181467181468,0.27395413673197416,1.0,0.6335882994457476,0.8074672286203416,0.5666803170317116,0.6075794621026895,0.7308823529411764,0.3273833860204538
0.48999999999999977,1,1,2,0.9132841328413284,0.298989898989899,0.6200578592092575,0.2180026029704486,1.0,0.6061370159156136,0.780110272204985,0.5225540456520322,0.5878859857482185,0.7153179190751445,0.2713474596465405
0.48999999999999977,1,2,2,0.9188191881918819,0.3373737373737374,0.6412729026036644,0.26272857929178645,1.0,0.6280964627828096,0.8016789684832372,0.5567633819595166,0.6029055690072639,0.7280701754385965,0.3178616434617661
0.48999999999999977,1,3,2,0.9446494464944649,0.3360323886639676,0.6544401544401545,0.28838508649403677,1.0,0.6403409175792163,0.8044074660175489,0.5634117588013494,0.6095238095238096,0.7409551374819102,0.35793959832422706
0.48999999999999977,1,4,2,0.9022140221402214,0.3340080971659919,0.6312741312741312,0.2422144268623335,1.0,0.6181110596531066,0.7983430404830049,0.5489506250761824,0.597799511002445,0.7191176470588235,0.28945348354704853
0.48999999999999977,1,5,2,0.9077490774907749,0.3724696356275304,0.6525096525096525,0.2869051807210487,1.0,0.6401093565591527,0.7831893717105651,0.5814713820423287,0.6134663341645885,0.7321428571428571,0.3347072650834725
0.48999999999999977,1,1,3,0.8948339483394834,0.3414141414141414,0.630665380906461,0.24194893660879083,1.0,0.6181240448768124,0.8110918526065256,0.5527286533015552,0.5980271270036991,0.7169253510716925,0.285828744481944
0.48999999999999977,1,2,3,0.9298892988929889,0.30707070707070705,0.6325940212150434,0.24346427443058327,1.0,0.618480002981848,0.8087313087486339,0.5343610806454322,0.5950413223140496,0.7257019438444925,0.30595586951624826
0.48999999999999977,1,3,3,0.922509225092251,0.3299595141700405,0.63996138996139,0.2591828596843703,1.0,0.6262343696311456,0.7923041140022222,0.5517161369117453,0.601684717208183,0.7283321194464676,0.3165142639894927
0.48999999999999977,1,4,3,0.9114391143911439,0.3157894736842105,0.6274131274131274,0.23329294292682165,1.0,0.6136142940376772,0.796735740025315,0.5364912657525585,0.59375,0.7190684133915575,0.28539695869851905
0.48999999999999977,1,5,3,0.9188191881918819,0.3805668016194332,0.6621621621621622,0.3065860934751014,1.0,0.6496929949056576,0.751055630804784,0.591330770142015,0.6194029850746269,0.7399702823179792,0.35869272959276904
0.48999999999999977,1,1,4,0.8966789667896679,0.30505050505050507,0.6142719382835101,0.20695008450531888,1.0,0.6008647359200865,0.7520366757370768,0.5230032234005382,0.5855421686746988,0.7084548104956269,0.2520852153415709
0.48999999999999977,1,2,4,0.922509225092251,0.35555555555555557,0.6518804243008679,0.28497920968139334,1.0,0.6390323903239032,0.8262149437551746,0.5727157061167437,0.6105006105006106,0.7347538574577517,0.34086156228213205
0.48999999999999977,1,3,4,0.915129151291513,0.33805668016194335,0.63996138996139,0.259727820263291,1.0,0.6265929157267282,0.806235987258554,0.5562063671021985,0.6026731470230863,0.7267399267399267,0.31290521177629427
0.48999999999999977,1,4,4,0.8929889298892989,0.34210526315789475,0.6303088803088803,0.24085865156501118,1.0,0.6175470965235967,0.7906855663107919,0.5527171182954852,0.5982694684796045,0.7165062916358254,0.28386891007570897
0.48999999999999977,1,5,4,0.9298892988929889,0.32186234817813764,0.63996138996139,0.25863709615532193,1.0,0.6258758235355633,0.789580338545768,0.5470798417849259,0.600715137067938,0.7299058653149891,0.3204212754526077
0.48999999999999977,1,1,5,0.9169741697416974,0.3515151515151515,0.6470588235294118,0.27514094513452814,1.0,0.6342446606284244,0.7846064260213846,0.567741414917243,0.6075794621026895,0.7308823529411764,0.32857199937780984
0.48999999999999977,1,2,5,0.8966789667896679,0.3111111111111111,0.6171648987463838,0.21311008534266082,1.0,0.6038950389503894,0.7809154254784632,0.5281730679123053,0.5876662636033857,0.7100073046018992,0.2582644599119273
0.48999999999999977,1,3,5,0.9317343173431735,0.31781376518218624,0.638996138996139,0.25644411010639123,1.0,0.6247740412626799,0.7939508496226566,0.5441672459311456,0.5997624703087886,0.7297687861271677,0.31949233560649215
0.48999999999999977,1,4,5,0.9132841328413284,0.34615384615384615,0.6428571428571429,0.266019209264564,1.0,0.6297189894975872,0.7899819679393895,0.5622604514051348,0.6051344743276283,0.7279411764705882,0.3179009104021025
0.48999999999999977,1,5,5,0.9169741697416974,0.3319838056680162,0.638030888030888,0.25548469192205675,1.0,0.6244789877048569,0.8183640420396714,0.5517432143398939,0.6009673518742442,0.7260774287801315,0.3098583924558466
0.4999999999999998,1,1,1,0.933579335793358,0.26262626262626265,0.6133076181292189,0.20202756770552474,1.0,0.5981027992098102,0.8079702098191454,0.4951590167052583,0.5809414466130884,0.716206652512385,0.2672701862797667
0.4999999999999998,1,2,1,0.9132841328413284,0.33535353535353535,0.6374156219864995,0.2549347825256149,1.0,0.6243188340974319,0.7926430234429512,0.5534194274965664,0.6007281553398058,0.7247437774524158,0.3074084204122431
0.4999999999999998,1,3,1,0.9169741697416974,0.34210526315789475,0.6428571428571429,0.2657492682777328,1.0,0.629539716449796,0.7743651301184626,0.5600907869698228,0.6046228710462287,0.7287390029325513,0.31963421366701267
0.4999999999999998,1,4,1,0.9169741697416974,0.3016194331983806,0.6235521235521235,0.22463423246388375,1.0,0.6092968014700391,0.7774547584837517,0.5259061031544,0.5902612826603325,0.7182080924855492,0.2798618207970662
0.4999999999999998,1,5,1,0.9280442804428044,0.3319838056680162,0.6438223938223938,0.26699237624825517,1.0,0.6300140430554103,0.8055303958482336,0.5550636648618228,0.6038415366146459,0.7316363636363636,0.3271996704002989
0.4999999999999998,1,1,2,0.9169741697416974,0.28888888888888886,0.6171648987463838,0.21155183079224207,1.0,0.6029315293152931,0.7782398020120684,0.5146879142125744,0.585394581861013,0.7145938173975557,0.26689958225643207
0.4999999999999998,1,2,2,0.9261992619926199,0.3090909090909091,0.6316297010607522,0.24168335292293444,1.0,0.6176450855417646,0.7996790813991054,0.5350511862323342,0.5947867298578199,0.7243867243867244,0.3019646819238216
0.4999999999999998,1,3,2,0.948339483394834,0.31376518218623484,0.6457528957528957,0.2696208756588956,1.0,0.6310523327905344,0.8025158869620764,0.5454868566535586,0.6025791324736225,0.7369175627240143,0.3432715483451748
0.4999999999999998,1,4,2,0.9022140221402214,0.3097165991902834,0.6196911196911197,0.21754665766995357,1.0,0.6059653106652524,0.7967298691039602,0.5286120114782262,0.5891566265060241,0.7128279883381924,0.26520650528951567
0.4999999999999998,1,5,2,0.9114391143911439,0.3481781376518219,0.6428571428571429,0.2661541053405419,1.0,0.6298086260214828,0.781191904915276,0.5633322052144137,0.6053921568627451,0.727540500736377,0.31705911765941747
0.4999999999999998,1,1,3,0.8985239852398524,0.3292929292929293,0.626808100289296,0.23348186744238003,1.0,0.6139084572663909,0.8091309576040008,0.5439463164132907,0.5946275946275946,0.7156502571638501,0.279265965366159
0.4999999999999998,1,2,3,0.940959409594096,0.28888888888888886,0.6297010607521697,0.23647658856463552,1.0,0.6149241492414924,0.8067514510433986,0.5213757937679724,0.5916473317865429,0.7264957264957265,0.30652851313044355
0.4999999999999998,1,3,3,0.9261992619926199,0.3117408906882591,0.6332046332046332,0.2445154059904508,1.0,0.6189700763404395,0.7903169223169451,0.5373399137309526,0.5961995249406176,0.7254335260115607,0.3046308925529574
0.4999999999999998,1,4,3,0.9169741697416974,0.3016194331983806,0.6235521235521235,0.22463423246388375,1.0,0.6092968014700391,0.7950420377486787,0.5259061031544,0.5902612826603325,0.7182080924855492,0.2798618207970662
0.4999999999999998,1,5,3,0.922509225092251,0.3522267206477733,0.6505791505791506,0.28175703626530213,1.0,0.6373679728700121,0.7492470219705395,0.5700284195735876,0.6097560975609756,0.7342143906020558,0.33778845420739745
0.4999999999999998,1,1,4,0.915129151291513,0.2909090909090909,0.6171648987463838,0.21169374527281254,1.0,0.603019121100302,0.7501699109806886,0.5159645234574001,0.5855962219598583,0.7141828653707704,0.2660305872702547
0.4999999999999998,1,2,4,0.9261992619926199,0.33535353535353535,0.6441658630665381,0.2683457075279591,1.0,0.6307763986730777,0.8241297515000696,0.5573187570421979,0.6040914560770156,0.7312454479242535,0.3274368019158117
0.4999999999999998,1,3,4,0.9206642066420664,0.31781376518218624,0.6332046332046332,0.24493271753640306,1.0,0.6192389859121263,0.8045889046699887,0.5409249097438438,0.59688995215311,0.7242380261248186,0.3017819432131992
0.4999999999999998,1,4,4,0.9022140221402214,0.3157894736842105,0.6225868725868726,0.22371870544406455,1.0,0.609001747912216,0.7886428236666307,0.5337693239613674,0.5912938331318017,0.7143900657414171,0.27133178864724067
0.4999999999999998,1,5,4,0.933579335793358,0.2975708502024291,0.6303088803088803,0.23777873399824806,1.0,0.6155750929978936,0.7877917815014772,0.5270730468193651,0.593200468933177,0.7254480286738352,0.30273128511902403
0.4999999999999998,1,1,5,0.9280442804428044,0.3333333333333333,0.6441658630665381,0.26821418121525414,1.0,0.6306888068880689,0.7828057636864427,0.5561906988443216,0.6038415366146459,0.7316363636363636,0.3284226092198214
0.4999999999999998,1,2,5,0.9003690036900369,0.2909090909090909,0.609450337512054,0.19638705677728233,1.0,0.5956390472995639,0.7788968571158355,0.5117866043051464,0.5816448152562574,0.7067342505430847,0.24308261748465115
0.4999999999999998,1,3,5,0.9391143911439115,0.291497975708502,0.6303088803088803,0.2373568078726839,1.0,0.6153061834262068,0.7916713359582069,0.5232111848739213,0.5925494761350407,0.7266238401142041,0.3060289384115955
0.4999999999999998,1,4,5,0.9188191881918819,0.3259109311740891,0.6361003861003861,0.2512384399490821,1.0,0.6223650596829855,0.7882260963009794,0.5472231877435721,0.5992779783393501,0.7254187909686817,0.3068125338349581
0.4999999999999998,1,5,5,0.9206642066420664,0.31376518218623484,0.6312741312741312,0.2408188947376498,1.0,0.6172146944141506,0.8164716463687123,0.5374684851499605,0.5954653937947494,0.7231884057971014,0.29779717159225755
0.5099999999999998,1,1,1,0.940959409594096,0.24646464646464647,0.609450337512054,0.19319454503191805,1.0,0.5937120280293713,0.8060669027236635,0.4815736996796973,0.5775764439411099,0.7157894736842105,0.26326120376084866
0.5099999999999998,1,2,1,0.9243542435424354,0.3151515151515151,0.6335583413693346,0.2459249790460298,1.0,0.6197528793469753,0.7911157542042727,0.539732934319494,0.5964285714285714,0.7250361794500724,0.30496180307026316
0.5099999999999998,1,3,1,0.9206642066420664,0.3157894736842105,0.6322393822393823,0.2428759955192045,1.0,0.6182268401631384,0.7726919879033596,0.5391994670392297,0.5961768219832736,0.7237128353879623,0.29979192347611844
0.5099999999999998,1,4,1,0.9261992619926199,0.2874493927125506,0.6216216216216216,0.2197955890263583,1.0,0.6068243273525853,0.7756199014375118,0.5159800532875192,0.5878220140515222,0.7191977077363897,0.2804133274674029
0.5099999999999998,1,5,1,0.9372693726937269,0.305668016194332,0.6361003861003861,0.24985787379192717,1.0,0.6214686944440295,0.8036219098929853,0.5352506607104727,0.5969447708578144,0.7293610911701364,0.3168158004111822
0.5099999999999998,1,1,2,0.9280442804428044,0.2828282828282828,0.6200578592092575,0.21687546000981361,1.0,0.6054362816355436,0.7763190174006971,0.5123252582356718,0.5862470862470862,0.7185714285714285,0.278709749187773
0.5099999999999998,1,2,2,0.9372693726937269,0.2868686868686869,0.626808100289296,0.2305809002141541,1.0,0.6120690297812068,0.7980824446198264,0.5185298778150468,0.5900116144018583,0.7241625089094796,0.29823591417082534
0.5099999999999998,1,3,2,0.955719557195572,0.2834008097165992,0.6351351351351351,0.2464091629847436,1.0,0.6195601834560855,0.8008209140939035,0.5204341422036171,0.5940366972477065,0.7326732673267327,0.3271896217470757
0.5099999999999998,1,4,2,0.9077490774907749,0.291497975708502,0.6138996138996139,0.2047530589373167,1.0,0.5996235265996385,0.7950426618265252,0.5143996680984748,0.5843230403800475,0.7109826589595376,0.2550927490411749
0.5099999999999998,1,5,2,0.9132841328413284,0.3360323886639676,0.638030888030888,0.2557585324362845,1.0,0.624658260752648,0.7795357177316911,0.5539792854318398,0.6014580801944107,0.7252747252747253,0.3081232409929894
0.5099999999999998,1,1,3,0.9114391143911439,0.30707070707070705,0.6229508196721312,0.22430578804893692,1.0,0.6092549107309255,0.8074435229420305,0.5290333196576447,0.5902031063321386,0.7164612037708484,0.27662758040372837
0.5099999999999998,1,2,3,0.9428044280442804,0.26666666666666666,0.6200578592092575,0.21574506311231229,1.0,0.6047355473554736,0.8051246416859733,0.5014125189353986,0.5846681922196796,0.7217514124293786,0.28745960639649887
0.5099999999999998,1,3,3,0.9298892988929889,0.2894736842105263,0.6245173745173745,0.22569513825911872,1.0,0.6096814915517577,0.7885247897680565,0.5188241332653067,0.5894736842105263,0.721546170365068,0.28853873029375326
0.5099999999999998,1,4,3,0.9243542435424354,0.2834008097165992,0.6187258687258688,0.21375213267956786,1.0,0.6038775266295173,0.7931254593577437,0.5118229587317286,0.5859649122807018,0.7172512526843235,0.27327025932714133
0.5099999999999998,1,5,3,0.933579335793358,0.32793522267206476,0.6447876447876448,0.2686422860299874,1.0,0.6307572792327114,0.7476276531762175,0.5533114379492197,0.60381861575179,0.7333333333333333,0.3322036380781588
0.5099999999999998,1,1,4,0.9206642066420664,0.2808080808080808,0.6152362584378014,0.2071516031801085,1.0,0.6007361437250736,0.7482986433057425,0.5084584043320092,0.583625730994152,0.7143879742304939,0.26454454379476977
0.5099999999999998,1,2,4,0.9354243542435424,0.31717171717171716,0.6403085824493732,0.2594828262871429,1.0,0.6262980357076298,0.8224372317248503,0.5446927103603177,0.6,0.7310742609949531,0.3248253130490537
0.5099999999999998,1,3,4,0.9243542435424354,0.30364372469635625,0.6283783783783784,0.23436324267878808,1.0,0.6139989841193958,0.803101660250487,0.5297870944522034,0.5928994082840237,0.722422494592646,0.2936628819224496
0.5099999999999998,1,4,4,0.9132841328413284,0.30364372469635625,0.6225868725868726,0.22286087023252252,1.0,0.6084639287688423,0.7865803074779014,0.5266051611995678,0.5899880810488677,0.7168718320057929,0.27609869330383585
0.5099999999999998,1,5,4,0.9372693726937269,0.2773279352226721,0.6225868725868726,0.2209957076262713,1.0,0.6072986539581995,0.7861716226632646,0.5098342670678389,0.5872832369942197,0.7221037668798863,0.28872293130875365
0.5099999999999998,1,1,5,0.9391143911439115,0.30707070707070705,0.6374156219864995,0.2530564548571866,1.0,0.6230925491073093,0.7809486779147886,0.5370051397415461,0.5974178403755869,0.7302725968436155,0.3211872835396564
0.5099999999999998,1,2,5,0.915129151291513,0.27474747474747474,0.609450337512054,0.1952290708971026,1.0,0.5949383130194938,0.7771736883319598,0.5014273859544799,0.5801169590643275,0.7100930565497494,0.24931878249113207
0.5099999999999998,1,3,5,0.9428044280442804,0.27530364372469635,0.6245173745173745,0.22469411312043097,1.0,0.6090540358844885,0.7896743685574155,0.5094678540991263,0.5880322209436134,0.7243090007087172,0.29625571176468557
0.5099999999999998,1,4,5,0.9261992619926199,0.3076923076923077,0.6312741312741312,0.24039923224568133,1.0,0.6169457848424638,0.7867701635847629,0.5338392907096868,0.5947867298578199,0.7243867243867244,0.3006462897213001
0.5099999999999998,1,5,5,0.9243542435424354,0.291497975708502,0.6225868725868726,0.22200113700966456,1.0,0.6079261096254687,0.8149141271705053,0.51908322148783,0.5887191539365453,0.719310839913855,0.2814939022993553
0.5199999999999998,1,1,1,0.948339483394834,0.23232323232323232,0.6065573770491803,0.18641017160350434,1.0,0.5903313578590332,0.804557466143311,0.4693839517090802,0.5749440715883669,0.7158774373259053,0.2617182446757938
0.5199999999999998,1,2,1,0.9261992619926199,0.296969696969697,0.6258437801350049,0.22935660328210478,1.0,0.6115844794811585,0.7897798301762227,0.5244550640116895,0.5905882352941176,0.7212643678160919,0.2899384174822569
0.5199999999999998,1,3,1,0.9298892988929889,0.291497975708502,0.6254826254826255,0.22775685852608932,1.0,0.6106936373007454,0.771113659837485,0.5206350432503601,0.5901639344262295,0.7220630372492837,0.2905702468176661
0.5199999999999998,1,4,1,0.9280442804428044,0.2631578947368421,0.611003861003861,0.1969393878775753,1.0,0.5956010875898232,0.7740845612048712,0.49418840442071876,0.580161476355248,0.7139815471965933,0.25846577596840115
0.5199999999999998,1,5,1,0.940959409594096,0.2894736842105263,0.6303088803088803,0.23721606200882764,1.0,0.6152165469023112,0.8020364491428689,0.5219032352723679,0.5923344947735192,0.7270135424091233,0.30717606196612174
0.5199999999999998,1,1,2,0.9317343173431735,0.26666666666666666,0.6142719382835101,0.2042328367142566,1.0,0.5992004920049201,0.7748392840897899,0.4984601133740254,0.5817972350230415,0.7163120567375887,0.2683137009139415
0.5199999999999998,1,2,2,0.9391143911439115,0.2686868686868687,0.6190935390549662,0.21396730484708798,1.0,0.6039006299153901,0.7963860544894328,0.5023223119623822,0.5843857634902411,0.7204529370134466,0.2830657324331929
0.5199999999999998,1,3,2,0.9649446494464945,0.2651821862348178,0.6312741312741312,0.23744855332727022,1.0,0.6150634178406562,0.7990936494110376,0.505851887152565,0.590293453724605,0.7324929971988795,0.3266388915036556
0.5199999999999998,1,4,2,0.915129151291513,0.27125506072874495,0.6081081081081081,0.1917820853765391,1.0,0.593192106010129,0.7936232034649064,0.49823028160502664,0.5794392523364486,0.709585121602289,0.24569657631052752
0.5199999999999998,1,5,2,0.9243542435424354,0.32388663967611336,0.638030888030888,0.25493640589760497,1.0,0.6241204416092744,0.7780780538631411,0.5471617583597332,0.6,0.7276688453159041,0.3135415919325924
0.5199999999999998,1,1,3,0.9206642066420664,0.28484848484848485,0.6171648987463838,0.2112678484873449,1.0,0.6027563457452756,0.8061794588472171,0.5121033141039266,0.5849941383352872,0.7154121863799283,0.2686936869514805
0.5199999999999998,1,2,3,0.948339483394834,0.25252525252525254,0.6162005785920925,0.20706773793193545,1.0,0.6004323679600432,0.8035318094127573,0.4893665982920657,0.581447963800905,0.7208976157082749,0.28290074617320066
0.5199999999999998,1,3,3,0.9428044280442804,0.2692307692307692,0.6216216216216216,0.21849839124343787,1.0,0.6060175986375249,0.786946767957113,0.5038173889382312,0.5860091743119266,0.7227722772277227,0.2901288455239439
0.5199999999999998,1,4,3,0.9298892988929889,0.2631578947368421,0.611969111969112,0.1988581277604223,1.0,0.5965235968149155,0.7916655435367158,0.4946794014662396,0.5806451612903226,0.7148936170212766,0.2615845603766989
0.5199999999999998,1,5,3,0.9464944649446494,0.3097165991902834,0.6428571428571429,0.26358257127487916,1.0,0.6281055320674664,0.745984289473521,0.5414287089128944,0.6007025761124122,0.7349570200573066,0.3362763838938507
0.5199999999999998,1,1,4,0.9298892988929889,0.2606060606060606,0.6104146576663452,0.19613020085807906,1.0,0.5952476797495247,0.74679342619372,0.4922751131067195,0.5793103448275863,0.7138810198300283,0.2588622856512702
0.5199999999999998,1,2,4,0.9446494464944649,0.29292929292929293,0.6335583413693346,0.244429957433754,1.0,0.6187893697118789,0.8208484710050981,0.5260375408919705,0.5939675174013921,0.7293447293447294,0.3168379240900086
0.5199999999999998,1,3,4,0.9354243542435424,0.2834008097165992,0.6245173745173745,0.22526644418128972,1.0,0.6094125819800709,0.8017156829228745,0.514878645334264,0.5888501742160279,0.7227369921596579,0.29170225081193996
0.5199999999999998,1,4,4,0.9169741697416974,0.2874493927125506,0.6167953667953668,0.2102081573085492,1.0,0.602211781227124,0.784770157400879,0.5134040009829941,0.585394581861013,0.7145938173975557,0.26547242791056685
0.5199999999999998,1,5,4,0.9501845018450185,0.2651821862348178,0.6235521235521235,0.2220544970040511,1.0,0.6076833440399181,0.7846145630895951,0.5019681299900456,0.5865603644646925,0.7253521126760564,0.2992029325349067
0.5199999999999998,1,1,5,0.940959409594096,0.2868686868686869,0.6287367405978785,0.2344192539497176,1.0,0.6139140482313914,0.7794424077950473,0.5195496032401461,0.5909617612977984,0.7259786476868327,0.30452959317550465
0.5199999999999998,1,2,5,0.922509225092251,0.2606060606060606,0.6065573770491803,0.18846384016940562,1.0,0.5915576428491558,0.7757373107036174,0.49031774904039643,0.5773672055427251,0.7102272727272727,0.24647327763712853
0.5199999999999998,1,3,5,0.9501845018450185,0.2591093117408907,0.6206563706563707,0.21585288815617165,1.0,0.6046469067929545,0.7879038277715327,0.4961871142018138,0.5845629965947786,0.7238229093464511,0.29306618159475684
0.5199999999999998,1,4,5,0.933579335793358,0.2935222672064777,0.6283783783783784,0.2336571419788193,1.0,0.6135508014999178,0.7854677683293015,0.5234752365290875,0.591812865497076,0.7244094488188977,0.29871771093816124
0.5199999999999998,1,5,5,0.9298892988929889,0.2813765182186235,0.6206563706563707,0.21744445298685322,1.0,0.6056329085558062,0.8131169298779786,0.5115163861024064,0.5867287543655413,0.7194860813704497,0.2803555360701958
0.5299999999999998,1,1,1,0.9501845018450185,0.21616161616161617,0.5998071359691417,0.17177784235575314,1.0,0.5831730590033173,0.8030540791168365,0.45320350569091955,0.5703211517165006,0.71280276816609,0.24769579773527897
0.5299999999999998,1,2,1,0.9372693726937269,0.28484848484848485,0.6258437801350049,0.22852321969551725,1.0,0.6110589287711059,0.7884111613504676,0.5167008425643391,0.5893271461716937,0.7236467236467237,0.2962191021708785
0.5299999999999998,1,3,1,0.9354243542435424,0.27125506072874495,0.6187258687258688,0.21288103774601075,1.0,0.6033397074861437,0.7698317875395766,0.5037247165044406,0.5847750865051903,0.7196593328601846,0.27938780151071185
0.5299999999999998,1,4,1,0.9391143911439115,0.24898785425101214,0.61003861003861,0.19397926327627904,1.0,0.5940511226974619,0.7725311378843629,0.48355772886716253,0.5784090909090909,0.7158931082981715,0.26269600140478766
0.5299999999999998,1,5,1,0.948339483394834,0.27125506072874495,0.6254826254826255,0.22632997151435824,1.0,0.6097972720617895,0.8005387400480576,0.5071901853937361,0.5881006864988558,0.7259887005649718,0.30197531287492835
0.5299999999999998,1,1,2,0.9391143911439115,0.24646464646464647,0.6084860173577628,0.19127545140222818,1.0,0.592789518804279,0.7735711383925004,0.4811013369375997,0.5770975056689343,0.7148876404494382,0.25997466022560994
0.5299999999999998,1,2,2,0.9428044280442804,0.2505050505050505,0.6123432979749277,0.1992431809450635,1.0,0.5966547392746655,0.7949475288750764,0.4859807309591788,0.5793650793650794,0.7176966292134831,0.27080410940731503
0.5299999999999998,1,3,2,0.966789667896679,0.25101214574898784,0.6254826254826255,0.22489780177400698,1.0,0.6089009068228335,0.797438256390158,0.4926215068657648,0.5861297539149888,0.7298050139275766,0.3163090938171097
0.5299999999999998,1,4,2,0.9188191881918819,0.2550607287449393,0.6023166023166023,0.17908082408874804,1.0,0.5869399584684105,0.7923528932583567,0.4841019435253849,0.5750577367205543,0.7073863636363636,0.2344925962571821
0.5299999999999998,1,5,2,0.9298892988929889,0.2975708502024291,0.6283783783783784,0.2339397384877771,1.0,0.613730074547709,0.7766202047400841,0.5260303691477588,0.5922444183313749,0.7236180904522613,0.2966318586329954
0.5299999999999998,1,1,3,0.9261992619926199,0.26666666666666666,0.6113789778206364,0.19848139332833384,1.0,0.5964329643296433,0.8047115411740251,0.49697733335102784,0.5803468208092486,0.7135749822316987,0.25899148053781423
0.5299999999999998,1,2,3,0.9538745387453874,0.22828282828282828,0.6075216972034716,0.1880373450608984,1.0,0.5910786835141079,0.8019649401657222,0.4666403085158582,0.575083426028921,0.7175572519083969,0.267873402365065
0.5299999999999998,1,3,3,0.9428044280442804,0.2591093117408907,0.6167953667953668,0.20816455403761153,1.0,0.6009568698925856,0.7854661466261289,0.4942564177194036,0.5826681870011402,0.7202255109231853,0.27978899714214955
0.5299999999999998,1,4,3,0.9372693726937269,0.24696356275303644,0.6081081081081081,0.18998906160932993,1.0,0.5921164677233817,0.7905363693404119,0.48111473012135714,0.5772727272727273,0.7144866385372715,0.2572922793522231
0.5299999999999998,1,5,3,0.9520295202952029,0.2935222672064777,0.638030888030888,0.2528731211249404,1.0,0.6227758937508403,0.7444650093408809,0.5286226094715807,0.5965317919075145,0.7334754797441365,0.33036962375692364
0.5299999999999998,1,1,4,0.933579335793358,0.24848484848484848,0.6065573770491803,0.18758496739556213,1.0,0.5910320921391032,0.7453329100841375,0.48164335332608715,0.5763097949886105,0.7126760563380282,0.2523951133776666
0.5299999999999998,1,2,4,0.9501845018450185,0.2767676767676768,0.6287367405978785,0.23372864537649976,1.0,0.6134760893063476,0.8193732950233579,0.5128161045406999,0.5899198167239404,0.7279151943462897,0.3106758912855385
0.5299999999999998,1,3,4,0.9428044280442804,0.2631578947368421,0.6187258687258688,0.21229923466637923,1.0,0.6029811613905613,0.8002292934413802,0.4981028291755683,0.584,0.721242060691602,0.283944809515278
0.5299999999999998,1,4,4,0.9243542435424354,0.2773279352226721,0.6158301158301158,0.20756138435755905,1.0,0.6008410893825538,0.783191402993387,0.5063094446837216,0.583916083916084,0.7157142857142857,0.2670404166925361
0.5299999999999998,1,5,4,0.9538745387453874,0.25303643724696356,0.6196911196911197,0.21349405762027351,1.0,0.6034554879961755,0.7831150150663635,0.4912891357080101,0.5835214446952596,0.7240896358543417,0.2936866169388231
0.5299999999999998,1,1,5,0.9464944649446494,0.2727272727272727,0.6248794599807136,0.2257673845492425,1.0,0.609610868835961,0.7781428473690398,0.5080697334774169,0.5876288659793815,0.7250883392226148,0.30009365478097766
0.5299999999999998,1,2,5,0.9243542435424354,0.24646464646464647,0.600771456123433,0.17593516783882554,1.0,0.585409445003541,0.7743416702749506,0.47730560633914837,0.5732265446224256,0.7076271186440678,0.23441673875950012
0.5299999999999998,1,3,5,0.9520295202952029,0.25101214574898784,0.6177606177606177,0.2095016416691074,1.0,0.6015208330220954,0.7863351804956176,0.4888465737894441,0.582392776523702,0.7226890756302521,0.2881945711780176
0.5299999999999998,1,4,5,0.9428044280442804,0.27530364372469635,0.6245173745173745,0.22469411312043097,1.0,0.6090540358844885,0.784329403273694,0.5094678540991263,0.5880322209436134,0.7243090007087172,0.29625571176468557
0.5299999999999998,1,5,5,0.9354243542435424,0.2631578947368421,0.6148648648648649,0.20461647399288838,1.0,0.5992911244901923,0.8114755525901837,0.4961494772226417,0.582089552238806,0.7176220806794055,0.2710519231292994
0.5399999999999998,1,1,1,0.9575645756457565,0.19393939393939394,0.5930568948891032,0.15666360896343853,1.0,0.5757519847925752,0.8017079762980571,0.43094024348924637,0.565359477124183,0.7109589041095891,0.23742772624761707
0.5399999999999998,1,2,1,0.9464944649446494,0.26666666666666666,0.6219864995178399,0.21958524195499168,1.0,0.606580565805658,0.7873491788961372,0.5023927985005755,0.5856164383561644,0.7235543018335684,0.29399860434443087
0.5399999999999998,1,3,1,0.9391143911439115,0.2611336032388664,0.6158301158301158,0.20639002232658402,1.0,0.600123997191389,0.7687360695463318,0.49521139406609355,0.5823798627002288,0.7189265536723164,0.27537091596540847
0.5399999999999998,1,4,1,0.9464944649446494,0.23684210526315788,0.6081081081081081,0.18923961818994897,1.0,0.5916682851039037,0.7709684062528812,0.47346567108652865,0.5764044943820225,0.7164804469273743,0.26317267144859463
0.5399999999999998,1,5,1,0.9538745387453874,0.25303643724696356,0.6196911196911197,0.21349405762027351,1.0,0.6034554879961755,0.799248351348265,0.4912891357080101,0.5835214446952596,0.7240896358543417,0.2936866169388231
0.5399999999999998,1,1,2,0.9446494464944649,0.22828282828282828,0.6027000964320154,0.17843380073687193,1.0,0.5864661373886466,0.7721316013736026,0.46437834508250353,0.5727069351230425,0.713091922005571,0.2505194899933594
0.5399999999999998,1,2,2,0.9464944649446494,0.2404040404040404,0.609450337512054,0.1927572361327079,1.0,0.5934492526743449,0.7937388061410553,0.47701267655352103,0.5770528683914511,0.7169811320754716,0.2668863319525823
0.5399999999999998,1,3,2,0.966789667896679,0.23076923076923078,0.6158301158301158,0.20418435883579086,1.0,0.5987794493329548,0.7960520767970146,0.47234024598392704,0.5796460176991151,0.7247579529737206,0.29592968599760144
0.5399999999999998,1,4,2,0.9298892988929889,0.24696356275303644,0.6042471042471043,0.18231099748972024,1.0,0.5884264308230127,0.791114808022179,0.47921683424159434,0.5753424657534246,0.7108603667136812,0.24443487241807882
0.5399999999999998,1,5,2,0.9372693726937269,0.2773279352226721,0.6225868725868726,0.2209957076262713,1.0,0.6072986539581995,0.7751628830337876,0.5098342670678389,0.5872832369942197,0.7221037668798863,0.28872293130875365
0.5399999999999998,1,1,3,0.9317343173431735,0.24444444444444444,0.6036644165863067,0.1815374629614338,1.0,0.588089380893809,0.8035004864513033,0.4772392246795895,0.5745164960182025,0.7107670654468684,0.24486844035935576
0.5399999999999998,1,2,3,0.9538745387453874,0.22626262626262628,0.6065573770491803,0.18596874675327174,1.0,0.5900685825040068,0.8004936906457616,0.4645709399667424,0.5744444444444444,0.7170596393897365,0.26571986797642194
0.5399999999999998,1,3,3,0.9446494464944649,0.24696356275303644,0.611969111969112,0.19767280573322035,1.0,0.5958065046237506,0.7840758259029537,0.4830051685633984,0.579185520361991,0.7180925666199158,0.2704831295678502
0.5399999999999998,1,4,3,0.9372693726937269,0.23279352226720648,0.6013513513513513,0.17548984845915483,1.0,0.5850314474804668,0.789213357670113,0.46710837991043125,0.5727170236753101,0.7109867039888034,0.24205705290411955
0.5399999999999998,1,5,3,0.955719557195572,0.2773279352226721,0.6322393822393823,0.24021774280478597,1.0,0.616523746209122,0.743444762564829,0.5148278658435016,0.592,0.7311220889202541,0.3212851018049236
0.5399999999999998,1,1,4,0.9354243542435424,0.2383838383838384,0.6027000964320154,0.17917564831145075,1.0,0.5869040963136904,0.7441831700567698,0.47221822082835707,0.5735294117647058,0.7110799438990182,0.24479392642053294
0.5399999999999998,1,2,4,0.955719557195572,0.2505050505050505,0.6190935390549662,0.2126891562281965,1.0,0.6031123038503112,0.8180458697537516,0.48929804408350264,0.5826771653543307,0.7239692522711391,0.29448351662789374
0.5399999999999998,1,3,4,0.9464944649446494,0.2388663967611336,0.609073359073359,0.1913113869400971,1.0,0.5926804308528915,0.7991587907123627,0.47548472361968214,0.5770528683914511,0.7169811320754716,0.2653209902944642
0.5399999999999998,1,4,4,0.9261992619926199,0.2611336032388664,0.609073359073359,0.19295397541046652,1.0,0.5936664326157431,0.7818650803823675,0.49179441904246096,0.5790080738177624,0.7125621007806955,0.2532352695828235
0.5399999999999998,1,5,4,0.9612546125461254,0.2388663967611336,0.6167953667953668,0.20669835048683027,1.0,0.6000605046536296,0.781796665226316,0.4791778643352722,0.5808249721293199,0.7241139680333565,0.2932595613677044
0.5399999999999998,1,1,5,0.948339483394834,0.24848484848484848,0.6142719382835101,0.20293920970308146,1.0,0.5984121659398413,0.7768880108793813,0.4854358792297545,0.5801354401805869,0.7198879551820728,0.2787248523360488
0.5399999999999998,1,2,5,0.9280442804428044,0.2383838383838384,0.5988428158148505,0.1715057212105383,1.0,0.5832140594133214,0.7731511420174821,0.4703517383428311,0.571590909090909,0.7074542897327707,0.2319197769915662
0.5399999999999998,1,3,5,0.9575645756457565,0.22469635627530365,0.6081081081081081,0.18833845346342076,1.0,0.5911304659605301,0.7847402160081474,0.4638547952171119,0.5753880266075388,0.7188365650969529,0.2712695433573201
0.5399999999999998,1,4,5,0.955719557195572,0.2651821862348178,0.6264478764478765,0.22782459978737513,1.0,0.6104508717151949,0.782957433536021,0.5034280500771623,0.5879682179341658,0.7280393534785664,0.3093203250759036
0.5399999999999998,1,5,5,0.9372693726937269,0.2550607287449393,0.611969111969112,0.19826590485577444,1.0,0.596165050719333,0.8101958431239791,0.4889382468467507,0.5799086757990868,0.7165021156558533,0.26582653721155153
0.5499999999999998,1,1,1,0.959409594095941,0.18181818181818182,0.5882352941176471,0.146130097825018,1.0,0.5706138879570614,0.800358634787422,0.4176578839402458,0.5621621621621622,0.7089297886843899,0.22727019513431815
0.5499999999999998,1,2,1,0.9464944649446494,0.24646464646464647,0.6123432979749277,0.19895390575159694,1.0,0.596479555704648,0.7862824271241786,0.48298801608666,0.5790067720090294,0.7184873949579832,0.2732512760024412
0.5499999999999998,1,3,1,0.9391143911439115,0.24898785425101214,0.61003861003861,0.19397926327627904,1.0,0.5940511226974619,0.7677797603243894,0.48355772886716253,0.5784090909090909,0.7158931082981715,0.26269600140478766
0.5499999999999998,1,4,1,0.9501845018450185,0.22469635627530365,0.6042471042471043,0.1806453604111048,1.0,0.587440429060161,0.7697194832814956,0.4620638433743114,0.5734966592427617,0.7152777777777778,0.25705596244882667
0.5499999999999998,1,5,1,0.9538745387453874,0.2388663967611336,0.612934362934363,0.199002020638275,1.0,0.5963704677532605,0.7978571392792876,0.4773348657203861,0.5789473684210527,0.7205574912891987,0.27908939365840635
0.5499999999999998,1,1,2,0.9501845018450185,0.2080808080808081,0.5959498553519769,0.16349232324204654,1.0,0.5791326549629132,0.7708762590365281,0.4446517277260615,0.5678059536934951,0.7108350586611456,0.23873310996361038
0.5499999999999998,1,2,2,0.948339483394834,0.2222222222222222,0.6017357762777242,0.17606737963182068,1.0,0.585280852808528,0.7926000840988158,0.4590665609920572,0.5717463848720801,0.7133934767522554,0.2508212824011249
0.5499999999999998,1,3,2,0.9686346863468634,0.2145748987854251,0.609073359073359,0.18951182951893802,1.0,0.5916047925661443,0.7947037496035692,0.4558998681541049,0.5750273822562979,0.7216494845360825,0.28289375773468184
0.5499999999999998,1,4,2,0.9298892988929889,0.22469635627530365,0.5936293436293436,0.15951870750921113,1.0,0.5772928275841462,0.7898515742558678,0.4571025456072755,0.5682074408117249,0.7053883834849545,0.2200277028089232
0.5499999999999998,1,5,2,0.9428044280442804,0.2692307692307692,0.6216216216216216,0.21849839124343787,1.0,0.6060175986375249,0.7739327255858944,0.5038173889382312,0.5860091743119266,0.7227722772277227,0.2901288455239439
0.5499999999999998,1,1,3,0.9354243542435424,0.22828282828282828,0.5978784956605593,0.16883893201812136,1.0,0.5818535912631854,0.8023699892512073,0.46210530967665164,0.5703037120359955,0.7085953878406709,0.23376971034220867
0.5499999999999998,1,2,3,0.9649446494464945,0.2101010101010101,0.6046287367405979,0.18094148288563192,1.0,0.5875228297737523,0.7992999944882389,0.45026197434412957,0.5722100656455142,0.7184065934065934,0.27041322991784744
0.5499999999999998,1,3,3,0.948339483394834,0.23481781376518218,0.6081081081081081,0.18908956305813043,1.0,0.5915786485800081,0.7828620424336982,0.4718972390234734,0.5762331838565022,0.7168758716875872,0.2644378823028997
0.5499999999999998,1,4,3,0.9428044280442804,0.21862348178137653,0.5974903474903475,0.1667335318715571,1.0,0.5807139549128284,0.7880418879981193,0.4540035095656639,0.5696767001114827,0.7102154273801251,0.23655826138320554
0.5499999999999998,1,5,3,0.959409594095941,0.2591093117408907,0.6254826254826255,0.22547130547377187,1.0,0.6092594529184159,0.7420402680568186,0.4985899714232192,0.5869074492099323,0.7282913165266106,0.31016275422123935
0.5499999999999998,1,1,4,0.9372693726937269,0.22828282828282828,0.5988428158148505,0.17075721227778798,1.0,0.5827761004882777,0.7428825355634979,0.46256081033891777,0.5707865168539326,0.7094972067039106,0.23707378364767928
0.5499999999999998,1,2,4,0.9630996309963099,0.23232323232323232,0.6142719382835101,0.20178578301196937,1.0,0.5977114316597711,0.8168855750322924,0.473022641447928,0.5787139689578714,0.7229916897506925,0.2900731038034466
0.5499999999999998,1,3,4,0.948339483394834,0.22267206477732793,0.6023166023166023,0.17664850851067115,1.0,0.585505774086081,0.7981078226572852,0.4595309683551177,0.5723830734966593,0.7138888888888889,0.2513684949728104
0.5499999999999998,1,4,4,0.9317343173431735,0.23481781376518218,0.5994208494208494,0.1718034858454946,1.0,0.5832760655541778,0.7804946380901583,0.46774759797193877,0.5719139297848245,0.7087719298245614,0.2344699790261498
0.5499999999999998,1,5,4,0.9612546125461254,0.22267206477732793,0.609073359073359,0.1901125712256211,1.0,0.5919633386617267,0.7805459528130179,0.4626494886546143,0.5756906077348066,0.7201105736005529,0.2764062797002389
0.5499999999999998,1,1,5,0.948339483394834,0.23030303030303031,0.6055930568948891,0.1843423610884075,1.0,0.5893212568489321,0.7757446408817978,0.46733869600306005,0.5743016759776536,0.7153792623521225,0.25955618009674947
0.5499999999999998,1,2,5,0.9317343173431735,0.22424242424242424,0.5940212150433944,0.160866163979926,1.0,0.5779883707927989,0.7719121116099686,0.45709338440945896,0.5680539932508436,0.705800139762404,0.2227308364720841
0.5499999999999998,1,3,5,0.9612546125461254,0.21052631578947367,0.6032818532818532,0.17765709253279355,1.0,0.5858904641677996,0.7834719209270449,0.44985485672044684,0.5718990120746432,0.717136958017894,0.26340491120708737
0.5499999999999998,1,4,5,0.959409594095941,0.24493927125506074,0.6187258687258688,0.21098702781076958,1.0,0.6021744326755009,0.7818473975442902,0.48476498100932724,0.5823068309070548,0.7247386759581882,0.29589770733298537
0.5499999999999998,1,5,5,0.9446494464944649,0.23684210526315788,0.6071428571428571,0.18731786292498648,1.0,0.5907457758788114,0.8090485950333586,0.47300397846469106,0.5759280089988752,0.7155835080363382,0.2597825549540438
0.5599999999999997,1,1,1,0.9630996309963099,0.1696969696969697,0.5843780135004821,0.13750595808978333,1.0,0.5663983003466397,0.7991564809689082,0.40427105869248603,0.5594855305466238,0.7077966101694916,0.2208165953184611
0.5599999999999997,1,2,1,0.948339483394834,0.23232323232323232,0.6065573770491803,0.18641017160350434,1.0,0.5903313578590332,0.7852149160227511,0.4693839517090802,0.5749440715883669,0.7158774373259053,0.2617182446757938
0.5599999999999997,1,3,1,0.9428044280442804,0.22672064777327935,0.6013513513513513,0.17503200629328552,1.0,0.58476253790878,0.7666504910046328,0.46233454408005836,0.5722284434490481,0.7121951219512195,0.24547276630924822
0.5599999999999997,1,4,1,0.9538745387453874,0.20850202429149797,0.5984555984555985,0.16788433913594178,1.0,0.5811882815184427,0.7687112230212545,0.4459649899359054,0.5693832599118943,0.713103448275862,0.24645552200567414
0.5599999999999997,1,5,1,0.9538745387453874,0.22672064777327935,0.6071428571428571,0.18656532139825588,1.0,0.5902975932593334,0.7966074714817197,0.4650409157469827,0.575083426028921,0.7175572519083969,0.2662742431787779
0.5599999999999997,1,1,2,0.959409594095941,0.19393939393939394,0.5940212150433944,0.15858582549083475,1.0,0.5766744940176675,0.769622363412346,0.43135520771008057,0.5658324265505985,0.7118412046543463,0.24120394008885673
0.5599999999999997,1,2,2,0.9520295202952029,0.2080808080808081,0.5969141755062681,0.1654132443037635,1.0,0.5800551641880055,0.7915391906222753,0.44508321907235493,0.5682819383259912,0.7117241379310345,0.24231695981313126
0.5599999999999997,1,3,2,0.9723247232472325,0.20242914979757085,0.6052123552123552,0.18089943244204568,1.0,0.5873769365224017,0.7935344908474403,0.44365174073150626,0.5722041259500543,0.7204374572795625,0.2778505061024038
0.5599999999999997,1,4,2,0.9428044280442804,0.22469635627530365,0.6003861003861004,0.17295796374855393,1.0,0.583750392159792,0.7888617756870681,0.4602659227683183,0.5715883668903803,0.7116991643454039,0.24325794360912503
0.5599999999999997,1,5,2,0.9428044280442804,0.24898785425101214,0.611969111969112,0.1978211627656132,1.0,0.5958961411476462,0.772610721806034,0.4845068126632464,0.5793650793650794,0.7176966292134831,0.2692772056978934
0.5599999999999997,1,1,3,0.9391143911439115,0.21212121212121213,0.5920925747348119,0.15611743725002442,1.0,0.5756178016325618,0.8015491286622379,0.44632508664640463,0.5661846496106785,0.7064538514920194,0.2224010824612247
0.5599999999999997,1,2,3,0.9704797047970479,0.20404040404040405,0.6046287367405979,0.18049628575944368,1.0,0.587260054418726,0.7981896068040678,0.44499109101172096,0.5717391304347826,0.719562243502052,0.27552491263109297
0.5599999999999997,1,3,3,0.9520295202952029,0.21052631578947367,0.5984555984555985,0.16803854647661118,1.0,0.5812779180423383,0.7817667884713555,0.4476910401499778,0.5695364238410596,0.712707182320442,0.24509243631990132
0.5599999999999997,1,4,3,0.9446494464944649,0.20445344129554655,0.5916988416988417,0.15411757439120435,1.0,0.5745514438950057,0.7869226048472502,0.4394733554536914,0.5657458563535912,0.7076710435383552,0.2240728485195333
0.5599999999999997,1,5,3,0.959409594095941,0.242914979757085,0.6177606177606177,0.20891631315079065,1.0,0.601162286926513,0.7410311923469934,0.48275766397703995,0.5816554809843401,0.724233983286908,0.29383181683003745
0.5599999999999997,1,1,4,0.9446494464944649,0.21212121212121213,0.5949855351976856,0.16187507216256777,1.0,0.5783853293078385,0.7417757599974997,0.4476384541346264,0.5676274944567627,0.7091412742382271,0.2327002621776266
0.5599999999999997,1,2,4,0.966789667896679,0.21616161616161617,0.6084860173577628,0.189079142510449,1.0,0.5914756420291476,0.8159193873422345,0.4571463847619253,0.5745614035087719,0.7207702888583218,0.2806630749455146
0.5599999999999997,1,3,4,0.9501845018450185,0.20445344129554655,0.5945945945945946,0.1598832270122489,1.0,0.5773189715702824,0.796989931401608,0.44075899453999645,0.5671806167400881,0.7103448275862069,0.23470982687282482
0.5599999999999997,1,4,4,0.9428044280442804,0.22267206477732793,0.5994208494208494,0.17088353723445282,1.0,0.5827382464108042,0.7794250167608907,0.4581879621659954,0.5709497206703911,0.7112038970076549,0.24103402410492353
0.5599999999999997,1,5,4,0.9649446494464945,0.2125506072874494,0.6061776061776062,0.18358391149157097,1.0,0.5887476283669719,0.7793485189529992,0.4528792015964383,0.5734649122807017,0.71939477303989,0.2731125188979391
0.5599999999999997,1,1,5,0.9538745387453874,0.2202020202020202,0.6036644165863067,0.17976070652581827,1.0,0.5870382794737038,0.7746605196536385,0.45830677548014115,0.5725359911406424,0.7155709342560553,0.25920672301935366
0.5599999999999997,1,2,5,0.9372693726937269,0.21212121212121213,0.5911282545805208,0.15419891968421542,1.0,0.5746952924074695,0.7706719031066995,0.44588643780662524,0.5657015590200446,0.7055555555555556,0.21901804682616427
0.5599999999999997,1,3,5,0.9612546125461254,0.20242914979757085,0.5994208494208494,0.16934573950138318,1.0,0.5818418811718482,0.7822078490792435,0.4411189793657779,0.5693989071038251,0.7151681537405628,0.2545455355985045
0.5599999999999997,1,4,5,0.9612546125461254,0.22874493927125505,0.611969111969112,0.19633511894653977,1.0,0.5949997759086902,0.7807430380343835,0.46891590714229053,0.5776053215077606,0.721606648199446,0.2827873813457703
0.5599999999999997,1,5,5,0.9501845018450185,0.22874493927125505,0.6061776061776062,0.1847931742088778,1.0,0.5894647205581367,0.808023961839433,0.4662079966828395,0.5747767857142857,0.7162726008344924,0.2614128310694702
0.5699999999999997,1,1,1,0.9649446494464945,0.16363636363636364,0.5824493731918997,0.13318919336312662,1.0,0.5642905065414291,0.7980280770550785,0.3973663719362649,0.5581643543223053,0.7072346179851251,0.2175751494536045
0.5699999999999997,1,2,1,0.9538745387453874,0.21818181818181817,0.6027000964320154,0.17769061100995825,1.0,0.5860281784636028,0.7843654006808485,0.4561996067302248,0.5719026548672567,0.715076071922545,0.25701763915812964
0.5699999999999997,1,3,1,0.9501845018450185,0.2125506072874494,0.5984555984555985,0.16819269667258552,1.0,0.5813675545662339,0.7658024531142991,0.449402150531438,0.5696902654867256,0.7123098201936376,0.24376603671898614
0.5699999999999997,1,4,1,0.9612546125461254,0.20445344129554655,0.6003861003861004,0.17142415578394254,1.0,0.582854026920836,0.7677930382871909,0.443319087674186,0.5700218818380745,0.7156593406593407,0.2567755814364067
0.5699999999999997,1,5,1,0.9575645756457565,0.2165991902834008,0.6042471042471043,0.18003799051781388,1.0,0.5870818829645786,0.7954082365943498,0.4554203681533569,0.5728476821192053,0.7168508287292817,0.2625942121695993
0.5699999999999997,1,1,2,0.9649446494464945,0.18383838383838383,0.5920925747348119,0.1539755248464275,1.0,0.5743915166424391,0.7687068113844443,0.4211815105720328,0.564185544768069,0.7120490129339687,0.24133451704778316
0.5699999999999997,1,2,2,0.9538745387453874,0.19393939393939394,0.5911282545805208,0.15282022034597167,1.0,0.5739069663423907,0.7903726996181157,0.4301091139914375,0.5644104803493449,0.7091906721536351,0.22997318107209397
0.5699999999999997,1,3,2,0.9723247232472325,0.19433198380566802,0.6013513513513513,0.17258156840297645,1.0,0.5833283535264502,0.7923324539931267,0.4346881553158906,0.5697297297297297,0.7184730743012951,0.2691246997919838
0.5699999999999997,1,4,2,0.9464944649446494,0.2125506072874494,0.5965250965250966,0.16434845701406378,1.0,0.5795225361160494,0.7877417851376396,0.4485286761380979,0.5687361419068736,0.7105263157894737,0.2367160293919697
0.5699999999999997,1,5,2,0.9501845018450185,0.23076923076923078,0.6071428571428571,0.18686650519137898,1.0,0.5904768663071246,0.7714798168083226,0.46826632014230923,0.5754189944134078,0.7167710508002784,0.26357826181292704
0.5699999999999997,1,1,3,0.948339483394834,0.19393939393939394,0.5882352941176471,0.14705774709473127,1.0,0.571139438667114,0.8006056856017097,0.4288593996386136,0.5629791894852135,0.7065292096219932,0.21902638793574672
0.5699999999999997,1,2,3,0.974169741697417,0.19797979797979798,0.6036644165863067,0.17812522296506414,1.0,0.5860747698386075,0.7972005743587773,0.4391650357886959,0.5708108108108109,0.7198364008179959,0.27703091138753283
0.5699999999999997,1,3,3,0.9575645756457565,0.20242914979757085,0.5974903474903475,0.1654973652083881,1.0,0.5799968627216636,0.7806754911583441,0.4402714877484598,0.5684556407447974,0.7134020618556701,0.247046169401849
0.5699999999999997,1,4,3,0.9501845018450185,0.18218623481781376,0.583976833976834,0.13700038654812527,1.0,0.5661853683314162,0.7858221765226949,0.4160655438430151,0.5603917301414582,0.7049965776865161,0.2088836352195779
0.5699999999999997,1,5,3,0.9612546125461254,0.22267206477732793,0.609073359073359,0.1901125712256211,1.0,0.5919633386617267,0.7400483234177995,0.4626494886546143,0.5756906077348066,0.7201105736005529,0.2764062797002389
0.5699999999999997,1,1,4,0.948339483394834,0.20202020202020202,0.5920925747348119,0.15535371468292858,1.0,0.575179842707518,0.7405700487988119,0.4377027918795565,0.5654565456545655,0.7084769124741558,0.22832145570654166
0.5699999999999997,1,2,4,0.9723247232472325,0.2101010101010101,0.6084860173577628,0.18863844843401903,1.0,0.5912128666741213,0.8149886541280044,0.45198053774518726,0.5740740740740741,0.7219178082191781,0.28588641734290654
0.5699999999999997,1,3,4,0.955719557195572,0.19635627530364372,0.5936293436293436,0.1573362803134514,1.0,0.5760379162496079,0.7959948006016199,0.43319918338539165,0.566120218579235,0.7110501029512697,0.23649397888239646
0.5699999999999997,1,4,4,0.9501845018450185,0.21052631578947367,0.5974903474903475,0.16611590666934328,1.0,0.580355408817246,0.7784383230311501,0.44725702061978645,0.569060773480663,0.7118175535590877,0.2415173255797685
0.5699999999999997,1,5,4,0.9649446494464945,0.20445344129554655,0.6023166023166023,0.17527398636637667,1.0,0.5846990453710206,0.7782386752709407,0.44416917299499814,0.5709606986899564,0.7174211248285323,0.26438284339066054
0.5699999999999997,1,1,5,0.9575645756457565,0.21212121212121213,0.6017357762777242,0.1753217119717484,1.0,0.5848428938834843,0.7738975695139346,0.4506880944403923,0.570957095709571,0.715368711233632,0.25766817726921937
0.5699999999999997,1,2,5,0.9446494464944649,0.2,0.5891996142719382,0.14944029204163436,1.0,0.5723247232472324,0.7696017054063808,0.43466065993932895,0.5638766519823789,0.7062068965517241,0.21891788286684044
0.5699999999999997,1,3,5,0.9649446494464945,0.1902834008097166,0.5955598455598455,0.16071677158899308,1.0,0.5776140251281056,0.7812150066107884,0.4285008162067125,0.5666305525460456,0.7139931740614335,0.24871000030421397
0.5699999999999997,1,4,5,0.9612546125461254,0.20647773279352227,0.6013513513513513,0.17350218664523806,1.0,0.5838661726698238,0.7799394178746826,0.4455083310509913,0.5706462212486308,0.7161512027491409,0.2589953655127933
0.5699999999999997,1,5,5,0.9538745387453874,0.2165991902834008,0.6023166023166023,0.17619084381996447,1.0,0.5852368645143942,0.8070388239444273,0.4545420252564149,0.5719026548672567,0.715076071922545,0.2553579587809007
0.5799999999999997,1,1,1,0.9704797047970479,0.15555555555555556,0.5814850530376084,0.13063517267223748,1.0,0.5630176301763017,0.7969856330533905,0.3885402291077416,0.5572033898305084,0.7079407806191117,0.22032655004465657
0.5799999999999997,1,2,1,0.955719557195572,0.2101010101010101,0.5998071359691417,0.17132811251398428,1.0,0.5829102836482911,0.7836948822704772,0.4481045015842619,0.5698569856985699,0.7139903514817367,0.2517988329566838
0.5799999999999997,1,3,1,0.9575645756457565,0.19635627530364372,0.5945945945945946,0.1592598890142675,1.0,0.5769604254747001,0.7648097432076308,0.43361712770197963,0.5665938864628821,0.7119341563786008,0.2402272189305914
0.5799999999999997,1,4,1,0.966789667896679,0.19635627530364372,0.5994208494208494,0.16888328719669674,1.0,0.5815729716001614,0.7666797932466645,0.43570083565473977,0.5689467969598263,0.7163362952836637,0.25939443914437277
0.5799999999999997,1,5,1,0.9575645756457565,0.21052631578947367,0.6013513513513513,0.17380860430987863,1.0,0.5840454457176151,0.7941288232304412,0.44899058146158466,0.570957095709571,0.715368711233632,0.2559902921695933
0.5799999999999997,1,1,2,0.9686346863468634,0.17373737373737375,0.5891996142719382,0.14743436339635163,1.0,0.5711860300421185,0.7676408349284326,0.41022926092226625,0.5620985010706638,0.7113821138211383,0.23775790289439475
0.5799999999999997,1,2,2,0.9630996309963099,0.18383838383838383,0.5911282545805208,0.15205233235364457,1.0,0.5734690074173469,0.7894041138411938,0.42077865872416276,0.5637149028077754,0.7111716621253406,0.23739383050760554
0.5799999999999997,1,3,2,0.974169741697417,0.18016194331983806,0.5955598455598455,0.15993714294561154,1.0,0.5771658425086275,0.7913010116994422,0.41893712390714594,0.5659163987138264,0.7159322033898305,0.2576076651752554
0.5799999999999997,1,4,2,0.9538745387453874,0.20040485829959515,0.5945945945945946,0.15957167359426427,1.0,0.5771396985224913,0.78673015322439,0.43721972939571363,0.5668859649122807,0.7111416781292985,0.23739020138532252
0.5799999999999997,1,5,2,0.955719557195572,0.21862348178137653,0.6042471042471043,0.18018991739365395,1.0,0.5871715194884742,0.7707244842522658,0.4571025456072755,0.5730088495575221,0.7164591977869986,0.2611539198118579
0.5799999999999997,1,1,3,0.9520295202952029,0.18787878787878787,0.5872709739633558,0.1446730441619708,1.0,0.5699541540869955,0.7998581140224902,0.4229257054115848,0.5620915032679739,0.7068493150684931,0.21925571708688352
0.5799999999999997,1,2,3,0.9760147601476015,0.18787878787878787,0.5998071359691417,0.16967491611952212,1.0,0.5819467740131947,0.7960545263163907,0.42822011873373866,0.5682062298603652,0.7182620502376104,0.2702317207621441
0.5799999999999997,1,3,3,0.9649446494464945,0.1902834008097166,0.5955598455598455,0.16071677158899308,1.0,0.5776140251281056,0.7796726335358639,0.4285008162067125,0.5666305525460456,0.7139931740614335,0.24871000030421397
0.5799999999999997,1,4,3,0.9501845018450185,0.1720647773279352,0.5791505791505791,0.12658364916080125,1.0,0.5611246395864768,0.7848491637755699,0.4043430285418782,0.5573593073593074,0.7025920873124147,0.19663663237800003
0.5799999999999997,1,5,3,0.9612546125461254,0.2145748987854251,0.6052123552123552,0.18181045802116308,1.0,0.5879147556657753,0.7390415464899606,0.45415978597197254,0.5731573157315731,0.7181254307374225,0.26777565157445926
0.5799999999999997,1,1,4,0.9538745387453874,0.19393939393939394,0.5911282545805208,0.15282022034597167,1.0,0.5739069663423907,0.7397735867854985,0.4301091139914375,0.5644104803493449,0.7091906721536351,0.22997318107209397
0.5799999999999997,1,2,4,0.9760147601476015,0.19797979797979798,0.6046287367405979,0.18005060439857143,1.0,0.5869972790636997,0.814093790842951,0.439580715044829,0.5712742980561555,0.720708446866485,0.28110652432462924
0.5799999999999997,1,3,4,0.9575645756457565,0.1882591093117409,0.5907335907335908,0.1509378527578902,1.0,0.5729118424787487,0.7951305511552964,0.4245824467868935,0.5641304347826087,0.7099863201094391,0.23097675630169826
0.5799999999999997,1,4,4,0.9520295202952029,0.19433198380566802,0.5907335907335908,0.1514102465033615,1.0,0.5731807520504355,0.7774705837535683,0.4301276384057705,0.5645514223194749,0.7087912087912088,0.22679682395712916
0.5799999999999997,1,5,4,0.966789667896679,0.19230769230769232,0.5974903474903475,0.16472289678427235,1.0,0.5795486801021856,0.7773105758890775,0.4311856792382263,0.5677139761646804,0.715358361774744,0.254909498892231
0.5799999999999997,1,1,5,0.959409594095941,0.2080808080808081,0.600771456123433,0.17310040640228053,1.0,0.5837452010883746,0.7728660249604287,0.4468050174516435,0.5701754385964912,0.7152682255845942,0.2569447464703701
0.5799999999999997,1,2,5,0.9501845018450185,0.19595959595959597,0.5901639344262295,0.15105279277578632,1.0,0.5730720489023072,0.7684107159497489,0.43150639748284125,0.5640744797371303,0.7079037800687286,0.22497657038071606
0.5799999999999997,1,3,5,0.966789667896679,0.18016194331983806,0.5916988416988417,0.15223245376460579,1.0,0.5734758056082585,0.780270318880508,0.4173472239632205,0.5640473627556513,0.7124405166553365,0.24117801924291823
0.5799999999999997,1,4,5,0.9686346863468634,0.1882591093117409,0.5965250965250966,0.16248665542369994,1.0,0.5784468978293021,0.7790082868594886,0.4270296281291475,0.5669546436285097,0.715258855585831,0.2543706803853926
0.5799999999999997,1,5,5,0.9575645756457565,0.20647773279352227,0.5994208494208494,0.16965375523384263,1.0,0.5820211542196394,0.8060735162980559,0.4446524064735589,0.5697036223929748,0.7143840330350998,0.2515386900473473
0.5899999999999997,1,1,1,0.9704797047970479,0.14747474747474748,0.5776277724204436,0.12230385431441283,1.0,0.5589772261358976,0.7960623441459049,0.3783136917880611,0.5548523206751055,0.7060402684563758,0.2103378396450138
0.5899999999999997,1,2,1,0.959409594095941,0.20202020202020202,0.5978784956605593,0.16688212480902562,1.0,0.5807148980580714,0.7828101145972381,0.4402500653258123,0.5683060109289617,0.7137954701441318,0.2502623271148292
0.5899999999999997,1,3,1,0.959409594095941,0.18421052631578946,0.5897683397683398,0.14869839600315532,1.0,0.5718100602058652,0.7640706177257666,0.42039665350812583,0.5633802816901409,0.7098976109215017,0.23011150454016274
0.5899999999999997,1,4,1,0.9723247232472325,0.19433198380566802,0.6013513513513513,0.17258156840297645,1.0,0.5833283535264502,0.7659647211338869,0.4346881553158906,0.5697297297297297,0.7184730743012951,0.2691246997919838
0.5899999999999997,1,5,1,0.9630996309963099,0.1882591093117409,0.5936293436293436,0.15671064639371382,1.0,0.5756793701540254,0.7932677786127793,0.4258077955014817,0.5655471289274107,0.7126279863481229,0.2425105017161969
0.5899999999999997,1,1,2,0.9686346863468634,0.16767676767676767,0.5863066538090647,0.14119668349372141,1.0,0.5681557270118156,0.7667239558596021,0.40301058703989623,0.5602988260405549,0.7099391480730223,0.23065602199228252
0.5899999999999997,1,2,2,0.9630996309963099,0.17777777777777778,0.5882352941176471,0.14582043283930476,1.0,0.5704387043870438,0.7885093880168534,0.4137846205178749,0.5618945102260495,0.7097212780421482,0.23036890756521924
0.5899999999999997,1,3,2,0.9760147601476015,0.17813765182186234,0.5955598455598455,0.15978104337323276,1.0,0.5770762059847319,0.7903071057766043,0.4169711950676832,0.5657754010695187,0.7163168584969533,0.25956548913025984
0.5899999999999997,1,4,2,0.9575645756457565,0.1902834008097166,0.5916988416988417,0.15301894085813683,1.0,0.5739239882277365,0.7858193256939536,0.4268590445905857,0.5647442872687704,0.7104722792607803,0.23330702510586904
0.5899999999999997,1,5,2,0.9612546125461254,0.20040485829959515,0.5984555984555985,0.16726693769032208,1.0,0.5808297354228602,0.7701253026377433,0.4389078427382433,0.5687772925764192,0.7146776406035665,0.25230503116062597
0.5899999999999997,1,1,3,0.955719557195572,0.17575757575757575,0.583413693346191,0.13605331975654356,1.0,0.565738566476574,0.7989915156727457,0.40984747464977445,0.5593952483801296,0.7057220708446866,0.21241514832644914
0.5899999999999997,1,2,3,0.977859778597786,0.18181818181818182,0.5978784956605593,0.16537060734324247,1.0,0.5798389802079839,0.7951082427639848,0.42165470116883463,0.5668449197860963,0.7176709546377793,0.2678189654630869
0.5899999999999997,1,3,3,0.9686346863468634,0.18016194331983806,0.5926640926640927,0.1541580894302652,1.0,0.5743983148333507,0.77881581465472,0.4177452662320098,0.5645161290322581,0.7133152173913043,0.24522334100621052
0.5899999999999997,1,4,3,0.9538745387453874,0.1680161943319838,0.5791505791505791,0.12625926556382586,1.0,0.5609453665386857,0.7838922724762598,0.4003328238730574,0.5571120689655172,0.7034013605442176,0.19922688327844762
0.5899999999999997,1,5,3,0.9704797047970479,0.21052631578947367,0.6081081081081081,0.18728455938045854,1.0,0.5905030102932608,0.7382780216113229,0.45200831496707944,0.574235807860262,0.7215363511659808,0.28249956173571245
0.5899999999999997,1,1,4,0.955719557195572,0.18585858585858586,0.5882352941176471,0.14643953836693543,1.0,0.5707890715270789,0.7388710360703029,0.42146018243454847,0.5624321389793703,0.7081339712918661,0.22435701066217048
0.5899999999999997,1,2,4,0.981549815498155,0.18787878787878787,0.6027000964320154,0.1754529523927157,1.0,0.5847143016884715,0.8131134597169409,0.4294326368342784,0.569593147751606,0.7208672086720868,0.2829416769371314
0.5899999999999997,1,3,4,0.9649446494464945,0.17611336032388664,0.5888030888030888,0.14614063056230567,1.0,0.5705290048851905,0.7944774416037683,0.41223736456145865,0.5623655913978495,0.7105978260869565,0.23246975760849797
0.5899999999999997,1,4,4,0.955719557195572,0.1862348178137652,0.5888030888030888,0.14693284262938971,1.0,0.5709771875046685,0.7764409223622146,0.4218865459046658,0.5630434782608695,0.7086183310533516,0.2248479805735823
0.5899999999999997,1,5,4,0.9704797047970479,0.1720647773279352,0.5897683397683398,0.1477492683380046,1.0,0.5712722410624915,0.7763715352087369,0.4086384395858818,0.5625668449197861,0.7122545700744752,0.2400197814155521
0.5899999999999997,1,1,5,0.9686346863468634,0.2,0.6017357762777242,0.17442512727293757,1.0,0.5843173431734316,0.7720570358500944,0.44014422326025443,0.5700325732899023,0.7177033492822966,0.2672331569447288
0.5899999999999997,1,2,5,0.959409594095941,0.1797979797979798,0.5872709739633558,0.14405282605509395,1.0,0.5696037869469603,0.7675535462322709,0.41533108096704,0.5615550755939525,0.7084468664850136,0.22490448941702734
0.5899999999999997,1,3,5,0.9723247232472325,0.1720647773279352,0.5907335907335908,0.14967556099298474,1.0,0.5721947502875839,0.7790977945263822,0.40902669472294995,0.563034188034188,0.713125845737483,0.2442085177276303
0.5899999999999997,1,4,5,0.9723247232472325,0.18016194331983806,0.5945945945945946,0.15801043392108005,1.0,0.5762433332835353,0.7781827702895235,0.41854021512650985,0.5654506437768241,0.7150610583446404,0.2534372004290758
0.5899999999999997,1,5,5,0.966789667896679,0.1902834008097166,0.5965250965250966,0.16264212236058484,1.0,0.5785365343531979,0.8051200535720117,0.42891027718519004,0.5670995670995671,0.7148703956343793,0.2526503180767802
0.5999999999999998,1,1,1,0.974169741697417,0.13131313131313133,0.5718418514946962,0.10947182744454852,1.0,0.5527414365052741,0.7952023596370429,0.357660843835039,0.5511482254697286,0.704,0.19860395491594446
0.5999999999999998,1,2,1,0.9649446494464945,0.1898989898989899,0.5949855351976856,0.1602040776976086,1.0,0.5774218196727422,0.7820527773250959,0.4280677682777859,0.566017316017316,0.713506139154161,0.24821064637027515
0.5999999999999998,1,3,1,0.9704797047970479,0.1720647773279352,0.5897683397683398,0.1477492683380046,1.0,0.5712722410624915,0.7632279838362077,0.4086384395858818,0.5625668449197861,0.7122545700744752,0.2400197814155521
0.5999999999999998,1,4,1,0.974169741697417,0.1862348178137652,0.5984555984555985,0.16618427773220454,1.0,0.580202279755591,0.7651871579423574,0.42593934352757457,0.567741935483871,0.717391304347826,0.26435371610277936
0.5999999999999998,1,5,1,0.9630996309963099,0.1700404858299595,0.584942084942085,0.13796306330015343,1.0,0.5665700584131348,0.7923584419674903,0.40468003305978323,0.5600858369098712,0.7082767978290366,0.22128268151503122
0.5999999999999998,1,1,2,0.9723247232472325,0.1595959595959596,0.5843780135004821,0.13672298269571367,1.0,0.5659603414215961,0.7659270464860608,0.3939277817640156,0.5588547189819725,0.7097643097643098,0.22950669564114162
0.5999999999999998,1,2,2,0.9649446494464945,0.15757575757575756,0.579556412729026,0.12694593665640666,1.0,0.561260203511126,0.7875795887912319,0.38993830814015334,0.5563829787234043,0.7058029689608637,0.2101652359474288
0.5999999999999998,1,3,2,0.9760147601476015,0.1680161943319838,0.5907335907335908,0.14935940138499448,1.0,0.5720154772397926,0.7894504623176497,0.4049522016384699,0.5627659574468085,0.7139001349527665,0.2480958005433338
0.5999999999999998,1,4,2,0.9630996309963099,0.18421052631578946,0.5916988416988417,0.15254722381224953,1.0,0.5736550786560497,0.7850738903253701,0.42120433274169067,0.5643243243243243,0.7116564417177914,0.23788302651596577
0.5999999999999998,1,5,2,0.9612546125461254,0.1902834008097166,0.5936293436293436,0.1568671419513478,1.0,0.5757690066779211,0.7693247330294688,0.42768071819910614,0.5656894679695983,0.7122351332877649,0.24093837218634176
0.5999999999999998,1,1,3,0.9630996309963099,0.16565656565656567,0.5824493731918997,0.13334645798470984,1.0,0.5643780983264377,0.7981560641445982,0.39942931446747165,0.558288770053476,0.7068381855111713,0.21595561024642565
0.5999999999999998,1,2,3,0.981549815498155,0.1717171717171717,0.5949855351976856,0.1588319363436207,1.0,0.5766334936076634,0.7942914147369813,0.41054714493813604,0.564755838641189,0.7169811320754716,0.2653772010280888
0.5999999999999998,1,3,3,0.974169741697417,0.17813765182186234,0.5945945945945946,0.15785399086475185,1.0,0.5761536967596397,0.7780332322318315,0.41657689597706693,0.5653104925053534,0.7154471544715447,0.25533513521879275
0.5999999999999998,1,4,3,0.955719557195572,0.16396761133603238,0.5781853281853282,0.12401126882652504,1.0,0.5598435842658023,0.7831168371642176,0.39586241663043553,0.556390977443609,0.703326544467074,0.19808027058195163
0.5999999999999998,1,5,3,0.974169741697417,0.19230769230769232,0.6013513513513513,0.17242793259783057,1.0,0.5832387170025546,0.7374076365930657,0.43282829729791344,0.56957928802589,0.718856364874064,0.270997556477461
0.5999999999999998,1,1,4,0.959409594095941,0.17373737373737375,0.5843780135004821,0.13781875071133562,1.0,0.5665734839166574,0.7379942488778013,0.4082711148448645,0.5597416576964478,0.7070020394289599,0.21772775203843692
0.5999999999999998,1,2,4,0.985239852398524,0.1717171717171717,0.5969141755062681,0.16268548888708603,1.0,0.5784785120578478,0.8123768540396366,0.4113181261711162,0.565677966101695,0.7187079407806191,0.27438194305259617
0.5999999999999998,1,3,4,0.9686346863468634,0.1659919028340081,0.5859073359073359,0.13956820047392637,1.0,0.5673132945904358,0.7936894487945534,0.40098069122806707,0.5602988260405549,0.7099391480730223,0.22872127740946524
0.5999999999999998,1,4,4,0.959409594095941,0.18016194331983806,0.5878378378378378,0.14453348597595875,1.0,0.5697857687078896,0.7755147443501861,0.41575124402943375,0.5621621621621622,0.7089297886843899,0.22538635720555855
0.5999999999999998,1,5,4,0.9723247232472325,0.1659919028340081,0.5878378378378378,0.14342033924560443,1.0,0.5691583130406204,0.7756353086052765,0.40174373795288765,0.5612353567625133,0.7116812964213369,0.23714765865016899
0.5999999999999998,1,1,5,0.9723247232472325,0.18585858585858586,0.5969141755062681,0.16374839874677832,1.0,0.5790916545529092,0.7713673048592147,0.4251057492648994,0.5666666666666667,0.7160326086956522,0.25973443792615925
0.5999999999999998,1,2,5,0.9649446494464945,0.17373737373737375,0.5872709739633558,0.1435870718765075,1.0,0.5693410115919342,0.7665950038761401,0.4094471262529079,0.5611587982832618,0.7096336499321574,0.22962533654398135
0.5999999999999998,1,3,5,0.974169741697417,0.15384615384615385,0.583011583011583,0.1328259420581897,1.0,0.5640079477717854,0.7780927366567519,0.38713339813744924,0.5581395348837209,0.7096774193548387,0.22701794784815912
0.5999999999999998,1,4,5,0.9723247232472325,0.1720647773279352,0.5907335907335908,0.14967556099298474,1.0,0.5721947502875839,0.7773396448094491,0.40902669472294995,0.563034188034188,0.713125845737483,0.2442085177276303
0.5999999999999998,1,5,5,0.9723247232472325,0.17813765182186234,0.5936293436293436,0.1559272963725596,1.0,0.5752311875345475,0.8043709108716203,0.416182223320031,0.564844587352626,0.7145762711864406,0.25114908279488746
0.6099999999999998,1,1,1,0.9760147601476015,0.12525252525252525,0.5699132111861138,0.10513505146660491,1.0,0.5506336427000633,0.794302185163505,0.3496402628305625,0.5498960498960499,0.7034574468085106,0.19527796621535068
0.6099999999999998,1,2,1,0.966789667896679,0.17777777777777778,0.5901639344262295,0.1496670827730047,1.0,0.5722837228372284,0.7814779411178834,0.4145765535304516,0.5628356605800214,0.7114731839782756,0.2383663669573246
0.6099999999999998,1,3,1,0.9723247232472325,0.15789473684210525,0.583976833976834,0.13507461530117312,1.0,0.5651097300446689,0.7624596061853011,0.3918226082070745,0.5588547189819725,0.7097643097643098,0.22753158253333597
0.6099999999999998,1,4,1,0.9797047970479705,0.15991902834008098,0.5888030888030888,0.14487002619627062,1.0,0.5698119126940258,0.7642903262653108,0.3958199580668308,0.5613107822410148,0.7137096774193549,0.2476029572399224
0.6099999999999998,1,5,1,0.9630996309963099,0.16194331983805668,0.581081081081081,0.12962073931829077,1.0,0.5625214754171832,0.7914006286247219,0.39492727378385734,0.5576923076923077,0.706359945872801,0.21148735575584746
0.6099999999999998,1,1,2,0.977859778597786,0.15151515151515152,0.583413693346191,0.1341698170095323,1.0,0.5646874650564687,0.7652370097970859,0.3849163188471178,0.5578947368421052,0.710455764075067,0.23309391807318985
0.6099999999999998,1,2,2,0.9686346863468634,0.1414141414141414,0.5737704918032787,0.11412745166253056,1.0,0.5550244138805025,0.7867229740239197,0.3701062584092545,0.5526315789473685,0.7037533512064343,0.1982742129389493
0.6099999999999998,1,3,2,0.9797047970479705,0.15587044534412955,0.5868725868725869,0.1406954930931305,1.0,0.56778762119605,0.7886549659080055,0.3907774597154335,0.560126582278481,0.7127516778523489,0.242883494424078
0.6099999999999998,1,4,2,0.9704797047970479,0.1680161943319838,0.5878378378378378,0.143579537534654,1.0,0.5692479495645159,0.7842825363212331,0.40380231138073874,0.5613660618996799,0.711291413116971,0.2352949677883202
0.6099999999999998,1,5,2,0.9630996309963099,0.18016194331983806,0.5897683397683398,0.14838225509461989,1.0,0.5716307871580739,0.7686031603938768,0.4165499983566368,0.5631067961165048,0.7106875425459497,0.23320600061386568
0.6099999999999998,1,1,3,0.9686346863468634,0.15555555555555556,0.5805207328833173,0.12871113102699655,1.0,0.5620951209512095,0.7974127469391924,0.3881707185827747,0.5567338282078473,0.7070707070707071,0.21605779651533347
0.6099999999999998,1,2,3,0.985239852398524,0.15555555555555556,0.5891996142719382,0.1460400920144593,1.0,0.5703977039770398,0.7934367378808709,0.39148375776694233,0.5609243697478992,0.714859437751004,0.2563673983889435
0.6099999999999998,1,3,3,0.974169741697417,0.1659919028340081,0.5888030888030888,0.14534694573115012,1.0,0.5700808222657126,0.7772111207122666,0.40212471834950464,0.5617021276595745,0.7125506072874493,0.2414308474948198
0.6099999999999998,1,4,3,0.9575645756457565,0.15182186234817813,0.5733590733590733,0.11341212186923988,1.0,0.5546932189969673,0.7825271496957051,0.3812862929521354,0.5533049040511727,0.7013513513513514,0.18668616792478965
0.6099999999999998,1,5,3,0.9760147601476015,0.17611336032388664,0.5945945945945946,0.1576974896628622,1.0,0.5760640602357441,0.7366197428506651,0.4145952714820881,0.5651709401709402,0.7158322056833559,0.2572969825163434
0.6099999999999998,1,1,4,0.9686346863468634,0.16363636363636364,0.5843780135004821,0.137036343380554,1.0,0.5661355249916136,0.7370969551357361,0.3981254296900041,0.5591054313099042,0.7089804186360568,0.2258505797919748
0.6099999999999998,1,2,4,0.9870848708487084,0.16161616161616163,0.5930568948891032,0.15421218235653375,1.0,0.574350516232435,0.8116849665427421,0.3994106508544219,0.5631578947368421,0.7171581769436998,0.2679136232074304
0.6099999999999998,1,3,4,0.9686346863468634,0.15587044534412955,0.581081081081081,0.12913522475479164,1.0,0.5622525658454964,0.7930617140281307,0.38856340529784433,0.5573248407643312,0.7075471698113207,0.21650154081539683
0.6099999999999998,1,4,4,0.959409594095941,0.15991902834008098,0.5781853281853282,0.12368571826754833,1.0,0.559664311218011,0.7746439629039241,0.3916986725379273,0.5561497326203209,0.7041299932295193,0.20092836598613661
0.6099999999999998,1,5,4,0.9760147601476015,0.16194331983805668,0.5878378378378378,0.14310176504315758,1.0,0.5689790399928291,0.7749276304235894,0.3975664352900622,0.5609756097560976,0.7124579124579125,0.24105322077715724
0.6099999999999998,1,1,5,0.974169741697417,0.16767676767676767,0.5891996142719382,0.1469701124211679,1.0,0.5709232546870924,0.7706321336379791,0.40416040560195227,0.5617021276595745,0.7125506072874493,0.24331624286499803
0.6099999999999998,1,2,5,0.9649446494464945,0.16363636363636364,0.5824493731918997,0.13318919336312662,1.0,0.5642905065414291,0.7658270126029944,0.3973663719362649,0.5581643543223053,0.7072346179851251,0.2175751494536045
0.6099999999999998,1,3,5,0.9760147601476015,0.14777327935222673,0.581081081081081,0.12848702879560836,1.0,0.561894019749914,0.777145908541336,0.3797748040657622,0.5568421052631579,0.7091152815013405,0.22409428153278543
0.6099999999999998,1,4,5,0.974169741697417,0.15991902834008098,0.5859073359073359,0.13908819017216534,1.0,0.567044385018749,0.7766397259106061,0.39470023882759253,0.559915164369035,0.7111111111111111,0.2342924016552466
0.6099999999999998,1,5,5,0.9723247232472325,0.16396761133603238,0.5868725868725869,0.14133449007730578,1.0,0.5681461672916325,0.8036450275666258,0.39928656665835566,0.5606382978723404,0.7112010796221323,0.2347658944463058
0.6199999999999998,1,1,1,0.981549815498155,0.11515151515151516,0.5679845708775313,0.10046779640013616,1.0,0.5483506653248351,0.7934982541691927,0.33619480729378126,0.5484536082474227,0.7037037037037037,0.19647686706534886
0.6199999999999998,1,2,1,0.9704797047970479,0.16565656565656567,0.5863066538090647,0.14104081510500638,1.0,0.5680681352268068,0.7808543128490182,0.40095677439853367,0.5601703940362087,0.7103308575286968,0.23245037834480478
0.6199999999999998,1,3,1,0.977859778597786,0.14979757085020243,0.583011583011583,0.13250321760300185,1.0,0.5638286747239942,0.7617884821450375,0.38272838863359104,0.5578947368421052,0.710455764075067,0.23109891813874628
0.6199999999999998,1,4,1,0.9833948339483395,0.14979757085020243,0.5859073359073359,0.1382869817437298,1.0,0.566596202399271,0.7634717592557239,0.38381005368814847,0.559286463798531,0.7130434782608696,0.24505133985898714
0.6199999999999998,1,5,1,0.9649446494464945,0.1417004048582996,0.5723938223938224,0.1106624087308354,1.0,0.553322527152397,0.7905664490422699,0.3697743196767702,0.5522703273495249,0.7024848891873741,0.19007887138132593
0.6199999999999998,1,1,2,0.9833948339483395,0.14343434343434344,0.5824493731918997,0.13161340231107677,1.0,0.5634145886913415,0.7645174803971528,0.37556969039594407,0.5569487983281086,0.7111407605070047,0.23742172495514383
0.6199999999999998,1,2,2,0.9723247232472325,0.13131313131313133,0.570877531340405,0.1075472610356331,1.0,0.5518189272801819,0.785821515147045,0.35732198933562415,0.5506792058516197,0.7031354236157439,0.1940080248737113
0.6199999999999998,1,3,2,0.9797047970479705,0.14777327935222673,0.583011583011583,0.13234176528064256,1.0,0.5637390382000986,0.787846972779566,0.38049203757356914,0.5577731092436975,0.7108433734939759,0.2332601239181448
0.6199999999999998,1,4,2,0.9723247232472325,0.15182186234817813,0.581081081081081,0.12881124734549615,1.0,0.5620732927977053,0.7834903928339355,0.38421367790667177,0.5570824524312896,0.7083333333333334,0.22015627805090468
0.6199999999999998,1,5,2,0.9704797047970479,0.15587044534412955,0.582046332046332,0.13106104043018088,1.0,0.5631750750705887,0.7680755066819807,0.38893328963223917,0.5577942735949099,0.7084175084175084,0.22077076341142535
0.6199999999999998,1,1,3,0.9686346863468634,0.14545454545454545,0.5756991321118612,0.11829610935694446,1.0,0.5570446159007045,0.7967707728977267,0.3753562547954799,0.5537974683544303,0.7046979865771812,0.20344533064824075
0.6199999999999998,1,2,3,0.988929889298893,0.1393939393939394,0.583413693346191,0.1332249825864873,1.0,0.5641619143464163,0.7926236987602828,0.37128268617562155,0.5571725571725572,0.7127659574468085,0.24745223677213343
0.6199999999999998,1,3,3,0.9760147601476015,0.15991902834008098,0.5868725868725869,0.14101511042231699,1.0,0.5679668942438412,0.7764609394175657,0.3950738311865032,0.5603813559322034,0.7119784656796769,0.23867703152994765
0.6199999999999998,1,4,3,0.9630996309963099,0.13562753036437247,0.5685328185328186,0.10246530738816967,1.0,0.5493635806803412,0.781828144260615,0.3614177976343555,0.5500526870389885,0.7002012072434608,0.17778987942737315
0.6199999999999998,1,5,3,0.9797047970479705,0.15991902834008098,0.5888030888030888,0.14487002619627062,1.0,0.5698119126940258,0.7359148677759907,0.3958199580668308,0.5613107822410148,0.7137096774193549,0.2476029572399224
0.6199999999999998,1,1,4,0.974169741697417,0.15151515151515152,0.5814850530376084,0.13031934422934957,1.0,0.5628424466062842,0.7363109466965079,0.3841893751976493,0.5569620253164557,0.7087248322147651,0.22412285763855985
0.6199999999999998,1,2,4,0.9870848708487084,0.1494949494949495,0.5872709739633558,0.1417189754061904,1.0,0.568289910171829,0.8110525549660943,0.3841408633753462,0.5596234309623431,0.7142857142857143,0.2542244545873819
0.6199999999999998,1,3,4,0.9704797047970479,0.1417004048582996,0.5752895752895753,0.11643846237342785,1.0,0.5560900548276737,0.7924396172417032,0.37083334137656065,0.5536842105263158,0.7050938337801609,0.20308037171490295
0.6199999999999998,1,4,4,0.9612546125461254,0.145748987854251,0.5723938223938224,0.11099316607521974,1.0,0.5535018002001882,0.7738141387990912,0.3743018659435563,0.5524920466595971,0.7016835016835017,0.18696666780187218
0.6199999999999998,1,5,4,0.981549815498155,0.15182186234817813,0.5859073359073359,0.13844734271048187,1.0,0.5666858389231666,0.7743058207647391,0.3860320206620696,0.5594111461619348,0.7126590756865372,0.2427319870568714
0.6199999999999998,1,1,5,0.981549815498155,0.15757575757575756,0.5882352941176471,0.14426873269159787,1.0,0.5695627865369564,0.7700007963860845,0.3932791067110823,0.5605900948366702,0.7136150234741784,0.24936458046556276
0.6199999999999998,1,2,5,0.9704797047970479,0.1494949494949495,0.5785920925747348,0.124387251350124,1.0,0.5599873271459987,0.7649352290563254,0.38089606778556817,0.5554382259767687,0.7065144392209537,0.2128607096493732
0.6199999999999998,1,3,5,0.9797047970479705,0.13562753036437247,0.5772200772200772,0.11979950652534858,1.0,0.5576661637061715,0.7763672629757995,0.36452015322852177,0.5542797494780793,0.708,0.21831527234834602
0.6199999999999998,1,4,5,0.974169741697417,0.14777327935222673,0.5801158301158301,0.12656019846499728,1.0,0.5609715105248219,0.7759923941201468,0.37941567887521327,0.5563751317175974,0.7082494969818913,0.21959747156327963
0.6199999999999998,1,5,5,0.974169741697417,0.14777327935222673,0.5801158301158301,0.12656019846499728,1.0,0.5609715105248219,0.8029125426461372,0.37941567887521327,0.5563751317175974,0.7082494969818913,0.21959747156327963
0.6299999999999997,1,1,1,0.9870848708487084,0.11313131313131314,0.5699132111861138,0.10415746616151056,1.0,0.5501080919900108,0.7928524007440259,0.334170925741853,0.5492813141683778,0.7058047493403694,0.2095512960688873
0.6299999999999997,1,2,1,0.974169741697417,0.15555555555555556,0.583413693346191,0.1344843042396328,1.0,0.5648626486264863,0.7801639930849923,0.3892781979191151,0.5581395348837209,0.7096774193548387,0.22901327261210794
0.6299999999999997,1,3,1,0.981549815498155,0.13360323886639677,0.5772200772200772,0.11963556783436018,1.0,0.5575765271822759,0.7612762290088553,0.36213013470197103,0.5541666666666667,0.7083888149134487,0.22059525519408346
0.6299999999999997,1,4,1,0.9833948339483395,0.1437246963562753,0.583011583011583,0.1320186802786526,1.0,0.5635597651523074,0.7627191084267908,0.3759496294818694,0.5575313807531381,0.7116154873164219,0.23784906998378846
0.6299999999999997,1,5,1,0.966789667896679,0.12955465587044535,0.5675675675675675,0.10003878073373144,1.0,0.5481721618835622,0.7898412911975148,0.35390973810204257,0.549266247379455,0.7005347593582888,0.17824121626104936
0.6299999999999997,1,1,2,0.985239852398524,0.13131313131313133,0.5776277724204436,0.12102657785449712,1.0,0.5582764918558276,0.7639941791661937,0.35968726709870824,0.553941908713693,0.7091633466135459,0.22757559742135153
0.6299999999999997,1,2,2,0.977859778597786,0.12525252525252525,0.570877531340405,0.1070602736492174,1.0,0.5515561519251556,0.7852362124725911,0.3499705796381289,0.5503634475597092,0.7043189368770764,0.20007080970244823
0.6299999999999997,1,3,2,0.9797047970479705,0.1417004048582996,0.5801158301158301,0.1260723870987759,1.0,0.5607026009531351,0.7870916674669975,0.37259168855909236,0.556020942408377,0.7094188376753507,0.22586878622864529
0.6299999999999997,1,4,2,0.977859778597786,0.1417004048582996,0.5791505791505791,0.12414488482122073,1.0,0.5597800917280428,0.7827709361646,0.37224068359322776,0.5555555555555556,0.7085561497326203,0.22119157291629368
0.6299999999999997,1,5,2,0.9723247232472325,0.14979757085020243,0.5801158301158301,0.12672268125939815,1.0,0.5610611470487175,0.767338651252758,0.3816436579062081,0.5564941921858501,0.7078576225654802,0.21766473826527263
0.6299999999999997,1,1,3,0.9704797047970479,0.12727272727272726,0.5679845708775313,0.10144905111522003,1.0,0.5488762160348877,0.7962773534253329,0.35144786070248246,0.5490605427974948,0.7013333333333334,0.18404902196556747
0.6299999999999997,1,2,3,0.992619926199262,0.12525252525252525,0.5785920925747348,0.12247466679059738,1.0,0.5589362257258936,0.7920050295986312,0.3526019744307068,0.5540679711637487,0.7111698612029081,0.24117538244090597
0.6299999999999997,1,3,3,0.977859778597786,0.14979757085020243,0.583011583011583,0.13250321760300185,1.0,0.5638286747239942,0.7758353328864045,0.38272838863359104,0.5578947368421052,0.710455764075067,0.23109891813874628
0.6299999999999997,1,4,3,0.9686346863468634,0.1214574898785425,0.5646718146718147,0.0935904399782728,1.0,0.545046088112703,0.7812008966173614,0.3429984513273775,0.5474452554744526,0.6995336442371752,0.1715518987496711
0.6299999999999997,1,5,3,0.9833948339483395,0.145748987854251,0.583976833976834,0.1341085030794768,1.0,0.5645719109012952,0.734999909627789,0.3785879048636785,0.5581151832460733,0.7120908483633934,0.24026613210527584
0.6299999999999997,1,1,4,0.9797047970479705,0.1393939393939394,0.5785920925747348,0.12359135521926214,1.0,0.5595493682209549,0.7355773188802841,0.3695468997348733,0.554858934169279,0.7084723148765844,0.22295049159466632
0.6299999999999997,1,2,4,0.9907749077490775,0.13535353535353536,0.5824493731918997,0.1309814805138,1.0,0.5630642215513064,0.8103771490149816,0.3662033403771879,0.5564766839378238,0.7126741871267419,0.2478479737824758
0.6299999999999997,1,3,4,0.977859778597786,0.12348178137651822,0.5704633204633205,0.10531586219745073,1.0,0.5506707799871521,0.7917707259953581,0.3474879384924063,0.5503634475597092,0.7043189368770764,0.19777715681397234
0.6299999999999997,1,4,4,0.9686346863468634,0.1417004048582996,0.5743243243243243,0.11451275292658349,1.0,0.5551675456025815,0.773151125139281,0.3704806705013672,0.553213909378293,0.704225352112676,0.1986936754953264
0.6299999999999997,1,5,4,0.9833948339483395,0.13765182186234817,0.5801158301158301,0.12574687669744708,1.0,0.5605233279053439,0.7738419282012539,0.36792131020506313,0.5557872784150156,0.7101932045303131,0.23049486105948266
0.6299999999999997,1,1,5,0.985239852398524,0.14343434343434344,0.583413693346191,0.13354015643253378,1.0,0.5643370979164337,0.7693338288576472,0.37592184208174406,0.55741127348643,0.712,0.2422687537670754
0.6299999999999997,1,2,5,0.974169741697417,0.1393939393939394,0.5756991321118612,0.11781538080801844,1.0,0.5567818405456781,0.7643892534598697,0.3685015032989409,0.5534591194968553,0.7058823529411765,0.20903955425107296
0.6299999999999997,1,3,5,0.981549815498155,0.12753036437246965,0.5743243243243243,0.11335796680691183,1.0,0.5545400899353123,0.7756507164179733,0.3538041910721382,0.5524402907580478,0.7069767441860465,0.21287976862640512
0.6299999999999997,1,4,5,0.977859778597786,0.1417004048582996,0.5791505791505791,0.12414488482122073,1.0,0.5597800917280428,0.7753245975677147,0.37224068359322776,0.5555555555555556,0.7085561497326203,0.22119157291629368
0.6299999999999997,1,5,5,0.9760147601476015,0.13562753036437247,0.5752895752895753,0.11594495213566473,1.0,0.5558211452559869,0.8021853283646414,0.3638330269752796,0.553347280334728,0.7062750333778371,0.20889012809834895
0.6399999999999997,1,1,1,0.9907749077490775,0.10909090909090909,0.5699132111861138,0.10383112957480128,1.0,0.5499329084199933,0.7921463517522123,0.32876212584604153,0.549079754601227,0.7065789473684211,0.21533948403997558
0.6399999999999997,1,2,1,0.9797047970479705,0.14343434343434344,0.5805207328833173,0.12776094468152585,1.0,0.561569570241157,0.7796461148332003,0.3748643945802967,0.556020942408377,0.7094188376753507,0.2279238376117817
0.6399999999999997,1,3,1,0.985239852398524,0.12550607287449392,0.5752895752895753,0.11512120882704625,1.0,0.5553729626365089,0.7608004211966325,0.3516441165638703,0.5527950310559007,0.7082228116710876,0.22037041549752814
0.6399999999999997,1,4,1,0.985239852398524,0.12955465587044535,0.5772200772200772,0.11930750718111946,1.0,0.5573972541344847,0.7621018560446932,0.35727077969985055,0.553941908713693,0.7091633466135459,0.22546517171648456
0.6399999999999997,1,5,1,0.9704797047970479,0.1214574898785425,0.5656370656370656,0.0955159943503701,1.0,0.5459685973377952,0.7890120558452539,0.343324961112236,0.5479166666666667,0.7003994673768309,0.17612132855012838
0.6399999999999997,1,1,2,0.9870848708487084,0.1111111111111111,0.5689488910318226,0.10206710587743034,1.0,0.5490979909799099,0.7632985006285367,0.3311738165389402,0.5487179487179488,0.7053394858272907,0.2068701396259043
0.6399999999999997,1,2,2,0.981549815498155,0.11515151515151516,0.5679845708775313,0.10046779640013616,1.0,0.5483506653248351,0.7846135014627471,0.33619480729378126,0.5484536082474227,0.7037037037037037,0.19647686706534886
0.6399999999999997,1,3,2,0.9870848708487084,0.13157894736842105,0.5791505791505791,0.12332893408896821,1.0,0.5593319091085647,0.7864205621816758,0.3603881078359369,0.5549792531120332,0.7104913678618858,0.2330647916376935
0.6399999999999997,1,4,2,0.977859778597786,0.12955465587044535,0.5733590733590733,0.11159571000636348,1.0,0.5537072172341156,0.7820430975825813,0.35593017167105406,0.5520833333333334,0.7057256990679095,0.20577061297943178
0.6399999999999997,1,5,2,0.9723247232472325,0.1396761133603239,0.5752895752895753,0.11627402019324708,1.0,0.5560004183037782,0.7666147371348315,0.3685248136385473,0.5535714285714286,0.7054886211512718,0.20493978073530195
0.6399999999999997,1,1,3,0.9723247232472325,0.11717171717171718,0.5641272902603665,0.09293153696400158,1.0,0.5447482202094749,0.7956277264939525,0.33753363902193945,0.5466804979253111,0.699867197875166,0.174746327780111
0.6399999999999997,1,2,3,0.992619926199262,0.11717171717171718,0.5747348119575699,0.11411989640256555,1.0,0.5548958216854896,0.791460221569256,0.34103809354913817,0.5517948717948717,0.7092946605141727,0.23129879798142486
0.6399999999999997,1,3,3,0.9797047970479705,0.13360323886639677,0.5762548262548263,0.11770776751765352,1.0,0.5566540179571837,0.7752607577630126,0.36178962674260684,0.5537017726798749,0.7075283144570287,0.21575912048202978
0.6399999999999997,1,4,3,0.9686346863468634,0.10931174089068826,0.5588803088803089,0.08101833879408074,1.0,0.5389732136187759,0.7806771273567716,0.32539690203147514,0.5440414507772021,0.696748506967485,0.1540871775987174
0.6399999999999997,1,5,3,0.9907749077490775,0.13360323886639677,0.582046332046332,0.1292799577633193,1.0,0.5621890733077372,0.7343519448515764,0.36382789428908857,0.5564766839378238,0.7126741871267419,0.24587499704803484
0.6399999999999997,1,1,4,0.9797047970479705,0.12727272727272726,0.5728061716489875,0.11107348590247952,1.0,0.5534887621603489,0.7349973462355295,0.35311428949062507,0.5514018691588785,0.7056478405315615,0.20757057219743952
0.6399999999999997,1,2,4,0.992619926199262,0.1292929292929293,0.5805207328833173,0.12664977125366159,1.0,0.5609564277460957,0.8097355847388152,0.3582439642657415,0.5552115583075335,0.7121111846459298,0.2460001667373897
0.6399999999999997,1,3,4,0.9797047970479705,0.11336032388663968,0.5666023166023166,0.09676893203883512,1.0,0.546532560467305,0.7911002783620391,0.33325613738782445,0.5479876160990712,0.7028457974851092,0.18899519980619572
0.6399999999999997,1,4,4,0.9723247232472325,0.13157894736842105,0.5714285714285714,0.10790808806417079,1.0,0.5519518353078268,0.7723932137083296,0.35768346842587256,0.551255230125523,0.7036048064085447,0.1944106571556292
0.6399999999999997,1,5,4,0.985239852398524,0.11336032388663968,0.5694980694980695,0.10255294684338923,1.0,0.5493000881425818,0.7732920978562772,0.3341962129856078,0.5493827160493827,0.7054161162483488,0.20455857502154656
0.6399999999999997,1,1,5,0.9870848708487084,0.13131313131313133,0.5785920925747348,0.12295359580722993,1.0,0.5591990010809198,0.7687032990678466,0.3600238954055157,0.5544041450777202,0.710019907100199,0.23265731514525678
0.6399999999999997,1,2,5,0.977859778597786,0.12121212121212122,0.5689488910318226,0.10288388404080508,1.0,0.5495359499049536,0.7636742497457565,0.34427962183645555,0.5492227979274611,0.7033842070338421,0.1946806685522092
0.6399999999999997,1,3,5,0.981549815498155,0.11336032388663968,0.5675675675675675,0.09869657754509155,1.0,0.5474550696923973,0.774907599923558,0.3335697902924398,0.5484536082474227,0.7037037037037037,0.194096584863426
0.6399999999999997,1,4,5,0.977859778597786,0.12955465587044535,0.5733590733590733,0.11159571000636348,1.0,0.5537072172341156,0.7746673922309466,0.35593017167105406,0.5520833333333334,0.7057256990679095,0.20577061297943178
0.6399999999999997,1,5,5,0.9760147601476015,0.12348178137651822,0.5694980694980695,0.1033888569787478,1.0,0.5497482707620598,0.8016130313919895,0.3471599649049426,0.5498960498960499,0.7034574468085106,0.19296018501957618
0.6499999999999997,1,1,1,0.992619926199262,0.10505050505050505,0.5689488910318226,0.10157632470001766,1.0,0.5488352156248835,0.7915049076315996,0.32291674557140504,0.5484199796126402,0.706500328299409,0.21584243452058183
0.6499999999999997,1,2,1,0.9797047970479705,0.13535353535353536,0.5766634522661523,0.11942024948692508,1.0,0.5575291662007529,0.779118878327062,0.36415176490477247,0.5537017726798749,0.7075283144570287,0.21790325268347974
0.6499999999999997,1,3,1,0.9870848708487084,0.11740890688259109,0.5723938223938224,0.10867268461693828,1.0,0.5522468888656498,0.7602299499665123,0.34042995709351204,0.5509783728115345,0.7072042300066094,0.2152222933618887
0.6499999999999997,1,4,1,0.988929889298893,0.1214574898785425,0.5752895752895753,0.11479128151750059,1.0,0.5551936895887177,0.7614426617700889,0.3465731409386891,0.5525773195876289,0.708994708994709,0.22574841264848966
0.6499999999999997,1,5,1,0.977859778597786,0.10526315789473684,0.5617760617760618,0.08645524185403301,1.0,0.5415614682462614,0.7884055606797592,0.3208311211111714,0.5452674897119342,0.7001321003963011,0.17244907748786137
0.6499999999999997,1,1,2,0.988929889298893,0.10101010101010101,0.5650916104146577,0.09353673923872041,1.0,0.5449699951544971,0.7626890511392075,0.3160568113646488,0.54638124362895,0.7038739330269206,0.19875888967263164
0.6499999999999997,1,2,2,0.9833948339483395,0.10303030303030303,0.5631629701060752,0.08984858612572287,1.0,0.5432125684893212,0.7840259541417546,0.31830719083949693,0.5455475946775844,0.7017774851876234,0.1848925500164428
0.6499999999999997,1,3,2,0.9870848708487084,0.12753036437246965,0.5772200772200772,0.11914338515055967,1.0,0.5573076176105891,0.7859010475996906,0.3548003568852319,0.5538302277432712,0.7095490716180372,0.22806985399933036
0.6499999999999997,1,4,2,0.9797047970479705,0.12348178137651822,0.5714285714285714,0.10724322645757317,1.0,0.5515932892122444,0.7815376107908092,0.34781560281649765,0.5508298755186722,0.7051792828685259,0.20266631195285775
0.6499999999999997,1,5,2,0.9760147601476015,0.13360323886639677,0.5743243243243243,0.11385324375067887,1.0,0.5548089995069991,0.7660564424355218,0.3611076475749703,0.5527690700104493,0.7058038692461641,0.20628871629426673
0.6499999999999997,1,1,3,0.9760147601476015,0.10707070707070707,0.5612343297974928,0.08632945855771591,1.0,0.5415427336091543,0.7951190406268498,0.3232686042294399,0.544799176107106,0.6992729676140119,0.16999874936726017
0.6499999999999997,1,2,3,0.992619926199262,0.10707070707070707,0.5699132111861138,0.10366787210704011,1.0,0.5498453166349846,0.7909077961629853,0.3260069283782602,0.5489795918367347,0.7069645203679369,0.2184772053300096
0.6499999999999997,1,3,3,0.9797047970479705,0.12550607287449392,0.5723938223938224,0.10933691450218129,1.0,0.5526054349612322,0.7746886653961531,0.35065496097131416,0.5514018691588785,0.7056478405315615,0.20532846272018873
0.6499999999999997,1,4,3,0.9760147601476015,0.10121457489878542,0.5588803088803089,0.0803328619601872,1.0,0.5386146675231934,0.78012856203721,0.3143038641876353,0.5436793422404933,0.6983498349834983,0.16140564452952513
0.6499999999999997,1,5,3,0.992619926199262,0.12348178137651822,0.5781853281853282,0.12074483787269079,1.0,0.5580508537878901,0.733585333957758,0.3501006665473702,0.5540679711637487,0.7111698612029081,0.23913075314345814
0.6499999999999997,1,1,4,0.9797047970479705,0.11717171717171718,0.5679845708775313,0.10063148765482272,1.0,0.5484382571098438,0.7343535455665388,0.33881218011086817,0.5485537190082644,0.7033112582781457,0.1941594452575383
0.6499999999999997,1,2,4,0.992619926199262,0.12121212121212122,0.5766634522661523,0.11829804211704682,1.0,0.5569160237056916,0.8091627519439922,0.34686822687013547,0.5529290853031861,0.7102310231023102,0.23627642051240233
0.6499999999999997,1,3,4,0.9833948339483395,0.10121457489878542,0.5627413127413128,0.08804234613770286,1.0,0.5423047044235625,0.790517164365206,0.31548992071973214,0.5455475946775844,0.7017774851876234,0.1823511433745676
0.6499999999999997,1,4,4,0.9723247232472325,0.12753036437246965,0.5694980694980695,0.10372278518334586,1.0,0.5499275438098511,0.7719165476361658,0.3521376524089412,0.5501043841336117,0.7026666666666667,0.18901804149952653
0.6499999999999997,1,5,4,0.9870848708487084,0.10323886639676114,0.5656370656370656,0.09399729481817755,1.0,0.5451618686227349,0.7725546258655553,0.3192264448691775,0.5470347648261759,0.7039473684210527,0.19623731464799793
0.6499999999999997,1,1,5,0.988929889298893,0.12727272727272726,0.5776277724204436,0.12070667766252771,1.0,0.5581013082858102,0.7681899993836788,0.3547728908648269,0.5537190082644629,0.7099337748344371,0.23289272691889557
0.6499999999999997,1,2,5,0.9833948339483395,0.1111111111111111,0.5670202507232401,0.09821371505820971,1.0,0.5472529725297253,0.7630176943486985,0.3305542204554747,0.5477903391572456,0.7036303630363037,0.1961620380514722
0.6499999999999997,1,3,5,0.9833948339483395,0.10121457489878542,0.5627413127413128,0.08804234613770286,1.0,0.5423047044235625,0.7741856992975429,0.31548992071973214,0.5455475946775844,0.7017774851876234,0.1823511433745676
0.6499999999999997,1,4,5,0.9833948339483395,0.1194331983805668,0.5714285714285714,0.10691042388282247,1.0,0.5514140161644532,0.7742069793352607,0.3427097755964609,0.5506198347107438,0.7059602649006622,0.20738746743825542
0.6499999999999997,1,5,5,0.981549815498155,0.1214574898785425,0.5714285714285714,0.10707685618001941,1.0,0.5515036526883488,0.800961347885754,0.3452775358767964,0.5507246376811594,0.7055702917771883,0.20497153849392374
0.6599999999999997,1,1,1,0.9944649446494465,0.09494949494949495,0.5650916104146577,0.0930410246962662,1.0,0.5447072197994707,0.790881923803502,0.3072847933748795,0.5460992907801419,0.7050359712230215,0.20848092400636867
0.6599999999999997,1,2,1,0.981549815498155,0.12323232323232323,0.5718418514946962,0.1088237343511686,1.0,0.5523910693652392,0.7787417409396352,0.3477911214106764,0.5507246376811594,0.7055702917771883,0.2072391316312668
0.6599999999999997,1,3,1,0.9870848708487084,0.09919028340080972,0.5637065637065637,0.08980080548601288,1.0,0.5431375771247591,0.7596720327281439,0.3129045031317623,0.5459183673469388,0.7030223390275953,0.1905644171121999
0.6599999999999997,1,4,1,0.992619926199262,0.11336032388663968,0.5733590733590733,0.11027000139897088,1.0,0.5529901250429508,0.760890411394749,0.3354455489796827,0.5512295081967213,0.7088274044795784,0.22661441067966162
0.6599999999999997,1,5,1,0.981549815498155,0.09919028340080972,0.5608108108108109,0.08401604303014305,1.0,0.5403700494494823,0.7879269468267209,0.3120259674630855,0.5445240532241555,0.7004608294930875,0.17401196333854516
0.6599999999999997,1,1,2,0.988929889298893,0.08484848484848485,0.5573770491803278,0.07678476873214339,1.0,0.5368891870736889,0.7622024686544279,0.2896708523969765,0.5419615773508595,0.7001959503592423,0.17539312203981242
0.6599999999999997,1,2,2,0.9907749077490775,0.10101010101010101,0.5660559305689489,0.09546423725528205,1.0,0.5458925043795892,0.7834197526211767,0.3163515030942762,0.5468431771894093,0.7047244094488189,0.20456762721126498
0.6599999999999997,1,3,2,0.988929889298893,0.11740890688259109,0.5733590733590733,0.11060179933806734,1.0,0.5531693980907421,0.7852942757457722,0.34074796739834684,0.551440329218107,0.7080581241743725,0.22061332378838913
0.6599999999999997,1,4,2,0.988929889298893,0.11538461538461539,0.5723938223938224,0.10850647231589257,1.0,0.5521572523417542,0.78105294191255,0.3377977130163895,0.5508735868448099,0.7075907590759076,0.21801236346405053
0.6599999999999997,1,5,2,0.977859778597786,0.1214574898785425,0.5694980694980695,0.10322179954972441,1.0,0.5496586342381642,0.7654734718394921,0.3446279068236848,0.549792531120332,0.703851261620186,0.1950666920316488
0.6599999999999997,1,1,3,0.9760147601476015,0.09696969696969697,0.5564127290260367,0.07586858898605536,1.0,0.5364922285586492,0.794688898800873,0.30764241503645817,0.5420081967213115,0.696969696969697,0.15493259618064692
0.6599999999999997,1,2,3,0.992619926199262,0.09494949494949495,0.5641272902603665,0.09111286919831235,1.0,0.5437847105743785,0.7903887324811137,0.30699961021054223,0.5456389452332657,0.7041884816753927,0.2022698610675234
0.6599999999999997,1,3,3,0.981549815498155,0.1214574898785425,0.5714285714285714,0.10707685618001941,1.0,0.5515036526883488,0.7740856154716642,0.3452775358767964,0.5507246376811594,0.7055702917771883,0.20497153849392374
0.6599999999999997,1,4,3,0.9797047970479705,0.0931174089068826,0.556949806949807,0.07579102853144684,1.0,0.5364111029774266,0.7796376071456266,0.30203902429115065,0.5423901940755873,0.6982248520710059,0.15951376822750793
0.6599999999999997,1,5,3,0.9944649446494465,0.10728744939271255,0.5714285714285714,0.10591052574289758,1.0,0.5508761970210795,0.7329066097782284,0.3266398742069072,0.55,0.7082785808147175,0.2247505186062673
0.6599999999999997,1,1,4,0.981549815498155,0.10909090909090909,0.5650916104146577,0.09419684964644233,1.0,0.5453203622945321,0.733691956653903,0.32722799649588025,0.5467625899280576,0.7023102310231023,0.18813916155928617
0.6599999999999997,1,2,4,0.992619926199262,0.10909090909090909,0.570877531340405,0.10575903852600854,1.0,0.5508554176450855,0.8085033455842076,0.32906809345609395,0.5495403472931563,0.7074293228139382,0.22108746546106645
0.6599999999999997,1,3,4,0.9870848708487084,0.0931174089068826,0.5608108108108109,0.08350313418674479,1.0,0.5401011398777955,0.7900644231737934,0.30317451334935225,0.5442522889114955,0.7016393442622951,0.18181727201483583
0.6599999999999997,1,4,4,0.9833948339483395,0.1194331983805668,0.5714285714285714,0.10691042388282247,1.0,0.5514140161644532,0.7713030713979981,0.3427097755964609,0.5506198347107438,0.7059602649006622,0.20738746743825542
0.6599999999999997,1,5,4,0.988929889298893,0.0931174089068826,0.5617760617760618,0.08543206035622612,1.0,0.5410236491028878,0.7719884124615121,0.3034577217374492,0.5447154471544715,0.7024901703800787,0.1876844020774104
0.6599999999999997,1,1,5,0.988929889298893,0.1111111111111111,0.5699132111861138,0.10399432758213195,1.0,0.550020500205002,0.7676160252053559,0.3314831802836882,0.5491803278688525,0.7061923583662714,0.21236866766194593
0.6599999999999997,1,2,5,0.9833948339483395,0.10707070707070707,0.5650916104146577,0.09403191219400703,1.0,0.5452327705095232,0.7624747932010082,0.3244884900894472,0.5466666666666666,0.7027027027027027,0.19058436738889065
0.6599999999999997,1,3,5,0.9833948339483395,0.0931174089068826,0.5588803088803089,0.07964636175606124,1.0,0.538256121427611,0.7735409372781727,0.3026073014150244,0.5433231396534148,0.6999343401181878,0.17044262030235552
0.6599999999999997,1,4,5,0.9870848708487084,0.10323886639676114,0.5656370656370656,0.09399729481817755,1.0,0.5451618686227349,0.7736927253937733,0.3192264448691775,0.5470347648261759,0.7039473684210527,0.19623731464799793
0.6599999999999997,1,5,5,0.9870848708487084,0.11133603238866396,0.5694980694980695,0.10238557774496838,1.0,0.5492104516186862,0.800398888037436,0.33150884324731367,0.5492813141683778,0.7058047493403694,0.2072407431215655
0.6699999999999997,1,1,1,0.9981549815498155,0.09292929292929293,0.5660559305689489,0.09480450958636248,1.0,0.5455421372395542,0.7903480026964549,0.30456171241519475,0.5464646464646464,0.706266318537859,0.21871527739260754
0.6699999999999997,1,2,1,0.981549815498155,0.1111111111111111,0.5660559305689489,0.09628754575207693,1.0,0.5463304633046331,0.7782737021691903,0.3302439864871215,0.5473251028806584,0.702774108322325,0.19094534301411328
0.6699999999999997,1,3,1,0.988929889298893,0.0931174089068826,0.5617760617760618,0.08543206035622612,1.0,0.5410236491028878,0.7593727928822207,0.3034577217374492,0.5447154471544715,0.7024901703800787,0.1876844020774104
0.6699999999999997,1,4,1,0.992619926199262,0.10728744939271255,0.5704633204633205,0.10398040892482313,1.0,0.5499536877959872,0.7603912386985134,0.32633672808665193,0.5495403472931563,0.7074293228139382,0.2188426146315436
0.6699999999999997,1,5,1,0.981549815498155,0.09109311740890688,0.556949806949807,0.07561855589941381,1.0,0.536321466453531,0.787295346345527,0.2990191174253986,0.5423037716615698,0.6986211424819435,0.16182314580107462
0.6699999999999997,1,1,2,0.988929889298893,0.08080808080808081,0.5554484088717454,0.07259295759073622,1.0,0.5348689850534869,0.7615481745649324,0.2826898059852731,0.5408678102926338,0.6992824527071102,0.16918264159049304
0.6699999999999997,1,2,2,0.9907749077490775,0.09090909090909091,0.5612343297974928,0.08499704265366091,1.0,0.5408419993290843,0.7829925861894403,0.30011738729871523,0.5440729483282675,0.7024198822759974,0.19045643626660425
0.6699999999999997,1,3,2,0.9907749077490775,0.10728744939271255,0.5694980694980695,0.10205065219757152,1.0,0.549031178570895,0.7847120987761231,0.32603330010092313,0.549079754601227,0.7065789473684211,0.213050237074009
0.6699999999999997,1,4,2,0.992619926199262,0.10323886639676114,0.5685328185328186,0.09978539103929837,1.0,0.5479293962980116,0.780745023048768,0.3201202210789698,0.5484199796126402,0.706500328299409,0.21353999280875996
0.6699999999999997,1,5,2,0.977859778597786,0.11133603238866396,0.5646718146718147,0.09274563106796134,1.0,0.544597905493225,0.7649644836577932,0.32995610008232135,0.5469556243550051,0.7015221707478491,0.18113746535723438
0.6699999999999997,1,1,3,0.977859778597786,0.08888888888888889,0.553519768563163,0.06941798285482818,1.0,0.5333743337433374,0.7940779090466195,0.29482345430560997,0.5402650356778798,0.695994747209455,0.14750825512878107
0.6699999999999997,1,2,3,0.9944649446494465,0.09090909090909091,0.5631629701060752,0.08885294168989319,1.0,0.5426870177792686,0.7898376932274348,0.3006757457112904,0.544994944388271,0.7041149575440888,0.20295945540678506
0.6699999999999997,1,3,3,0.981549815498155,0.10526315789473684,0.5637065637065637,0.09031004740073031,1.0,0.5434064866964459,0.7736024106837288,0.32143589284697516,0.5462012320328542,0.7018469656992085,0.18279841503937724
0.6699999999999997,1,4,3,0.9870848708487084,0.08704453441295547,0.5579150579150579,0.0772019354939088,1.0,0.537064702630832,0.7791549169710376,0.29312172046625634,0.5425963488843814,0.7002617801047121,0.17275482020284283
0.6699999999999997,1,5,3,0.9944649446494465,0.10323886639676114,0.5694980694980695,0.10171547661632721,1.0,0.5488519055231038,0.7324917928660888,0.3204175924585394,0.5488798370672098,0.7073490813648294,0.21954421510329258
0.6699999999999997,1,1,4,0.981549815498155,0.09494949494949495,0.5583413693346191,0.07955131261216218,1.0,0.538249655223825,0.7332430541929568,0.30528291673351093,0.5428571428571428,0.6990801576872536,0.16765221574041417
0.6699999999999997,1,2,4,0.992619926199262,0.09898989898989899,0.5660559305689489,0.09529939550916433,1.0,0.5458049125945805,0.8078942049225823,0.3134634687325238,0.5467479674796748,0.7051114023591087,0.20778242623586338
0.6699999999999997,1,3,4,0.9907749077490775,0.08502024291497975,0.5588803088803089,0.07895883588825782,1.0,0.5378975753320286,0.7895187961108445,0.2902342559569652,0.5429726996966633,0.7015022860875245,0.18191037265518115
0.6699999999999997,1,4,4,0.988929889298893,0.11336032388663968,0.5714285714285714,0.10641075452638107,1.0,0.5511451065927664,0.7707490407694503,0.3348214636968503,0.5503080082135524,0.7071240105540897,0.21538818581562827
0.6699999999999997,1,5,4,0.9907749077490775,0.09109311740890688,0.5617760617760618,0.08526130723632007,1.0,0.5409340125789922,0.7715379564625529,0.30042099626588287,0.5446247464503042,0.7028795811518325,0.19078928148157573
0.6699999999999997,1,1,5,0.9944649446494465,0.10303030303030303,0.5689488910318226,0.10141261173241219,1.0,0.5487476238398747,0.7672324499176293,0.3200937746977376,0.5483214649033571,0.7068852459016394,0.21918561627077837
0.6699999999999997,1,2,5,0.985239852398524,0.10505050505050505,0.5650916104146577,0.09386691466379932,1.0,0.5451451787245145,0.7619564203549609,0.32171407194953405,0.5465711361310133,0.7030941408821593,0.1931615617198564
0.6699999999999997,1,3,5,0.988929889298893,0.08502024291497975,0.5579150579150579,0.07702961360700898,1.0,0.5369750661069363,0.7729717631572355,0.28996389329376154,0.5425101214574899,0.7006535947712418,0.17571263097003428
0.6699999999999997,1,4,5,0.9870848708487084,0.08906882591093117,0.5588803088803089,0.07930272717372723,1.0,0.5380768483798197,0.7733231430342612,0.2965105234573262,0.5431472081218274,0.7007203667321545,0.1758129676686532
0.6699999999999997,1,5,5,0.988929889298893,0.09919028340080972,0.5646718146718147,0.09172977932600353,1.0,0.5440600863498514,0.7999194811883389,0.31319680072294576,0.54638124362895,0.7038739330269206,0.19630104380619817
0.6799999999999997,1,1,1,0.9981549815498155,0.08080808080808081,0.5602700096432015,0.08223320303857205,1.0,0.5394815311789481,0.7898665649669097,0.28400526123307274,0.5431726907630522,0.7035110533159948,0.2023972596198788
0.6799999999999997,1,2,1,0.988929889298893,0.10303030303030303,0.5660559305689489,0.09562901894208072,1.0,0.545980096164598,0.7777472434383516,0.3192017327180242,0.5469387755102041,0.7043363994743759,0.2015355421334778
0.6799999999999997,1,3,1,0.9944649446494465,0.08299595141700405,0.5598455598455598,0.08071672089294327,1.0,0.5387304480332252,0.7589793512148948,0.28729177543403345,0.5433467741935484,0.7027379400260756,0.19185073174748168
0.6799999999999997,1,4,1,0.9944649446494465,0.10526315789473684,0.5704633204633205,0.1038131968959458,1.0,0.5498640512720916,0.7599014031780535,0.3235436917781205,0.5494393476044852,0.7078135259356533,0.22215946731004085
0.6799999999999997,1,5,1,0.985239852398524,0.08502024291497975,0.555984555984556,0.07317224962270318,1.0,0.5351300476567519,0.7867924182354584,0.28942241029409127,0.5415821501014199,0.6989528795811518,0.1637375895634764
0.6799999999999997,1,1,2,0.992619926199262,0.07878787878787878,0.5564127290260367,0.07435149106602294,1.0,0.5357039024935704,0.7611859540618326,0.27965410497223286,0.5412474849094567,0.7005208333333334,0.17890418760264726
0.6799999999999997,1,2,2,0.992619926199262,0.08080808080808081,0.5573770491803278,0.07644800080716654,1.0,0.5367140035036714,0.782356079155182,0.2832167212719284,0.5417925478348439,0.7009771986970684,0.18195459223289512
0.6799999999999997,1,3,2,0.992619926199262,0.0931174089068826,0.5637065637065637,0.0892909931075257,1.0,0.5428686675530723,0.7840784301622112,0.3040233470590973,0.5456389452332657,0.7041884816753927,0.19980651212094216
0.6799999999999997,1,4,2,0.996309963099631,0.09109311740890688,0.5646718146718147,0.09105128005602685,1.0,0.543701540254269,0.7803448183773354,0.30125899230445946,0.5460060667340748,0.705421293272371,0.20976971227340838
0.6799999999999997,1,5,2,0.9797047970479705,0.0951417004048583,0.5579150579150579,0.07789058005938963,1.0,0.5374232487264143,0.7645025259374278,0.3053044059392863,0.5429447852760736,0.6986842105263158,0.16261146979597577
0.6799999999999997,1,1,3,0.981549815498155,0.08484848484848485,0.553519768563163,0.06907877516436951,1.0,0.53319915017332,0.7935507604741467,0.28858796691533817,0.5401015228426396,0.6967910936476752,0.1519635456896416
0.6799999999999997,1,2,3,0.9944649446494465,0.08484848484848485,0.5602700096432015,0.08256795297130536,1.0,0.5396567147489657,0.7893450310747869,0.29048036730291754,0.5433467741935484,0.7027379400260756,0.19444056701573276
0.6799999999999997,1,3,3,0.9870848708487084,0.09919028340080972,0.5637065637065637,0.08980080548601288,1.0,0.5431375771247591,0.77315973187606,0.3129045031317623,0.5459183673469388,0.7030223390275953,0.1905644171121999
0.6799999999999997,1,4,3,0.9907749077490775,0.08097165991902834,0.556949806949807,0.07475522625033093,1.0,0.535873283834053,0.7787083911121928,0.28323963156056564,0.5418768920282543,0.700587084148728,0.17580092789765436
0.6799999999999997,1,5,3,0.9944649446494465,0.09109311740890688,0.5637065637065637,0.089120928712594,1.0,0.5427790310291767,0.7320510088752776,0.30097991953283876,0.5455465587044535,0.7045751633986929,0.20329418940714875
0.6799999999999997,1,1,4,0.9833948339483395,0.09292929292929293,0.5583413693346191,0.07938360147315375,1.0,0.5381620634388162,0.7326352822823603,0.3023014829423412,0.5427698574338086,0.699475065616798,0.17010888537685576
0.6799999999999997,1,2,4,0.9944649446494465,0.08686868686868687,0.5612343297974928,0.08466333124465293,1.0,0.5406668157590666,0.8074518103123485,0.29391812444733445,0.5438950554994955,0.7031963470319634,0.19731343784853814
0.6799999999999997,1,3,4,0.9907749077490775,0.07894736842105263,0.555984555984556,0.0726528324797235,1.0,0.5348611380850651,0.7890835919433874,0.27967672706966673,0.5413306451612904,0.7001303780964798,0.17268415912545748
0.6799999999999997,1,4,4,0.992619926199262,0.10121457489878542,0.5675675675675675,0.09768729489711793,1.0,0.5469172505490236,0.7702325777674546,0.31696625035849174,0.5478615071283096,0.7060367454068242,0.2108497270739726
0.6799999999999997,1,5,4,0.9907749077490775,0.08906882591093117,0.5608108108108109,0.08316087572159898,1.0,0.5399218668300043,0.770961569306557,0.297064231733175,0.5440729483282675,0.7024198822759974,0.187865632345867
0.6799999999999997,1,1,5,0.9944649446494465,0.09090909090909091,0.5631629701060752,0.08885294168989319,1.0,0.5426870177792686,0.7667151341522223,0.3006757457112904,0.544994944388271,0.7041149575440888,0.20295945540678506
0.6799999999999997,1,2,5,0.9907749077490775,0.10101010101010101,0.5660559305689489,0.09546423725528205,1.0,0.5458925043795892,0.7615029457723465,0.3163515030942762,0.5468431771894093,0.7047244094488189,0.20456762721126498
0.6799999999999997,1,3,5,0.988929889298893,0.08097165991902834,0.555984555984556,0.07282603620289801,1.0,0.5349507746089607,0.7723661239430786,0.2829757846178226,0.5414141414141415,0.6997389033942559,0.16949363963608963
0.6799999999999997,1,4,5,0.9870848708487084,0.07894736842105263,0.5540540540540541,0.0687948450559541,1.0,0.5330161196348806,0.7728755938617251,0.27915542796395726,0.5404040404040404,0.6984334203655352,0.16011153819010818
0.6799999999999997,1,5,5,0.9907749077490775,0.09109311740890688,0.5617760617760618,0.08526130723632007,1.0,0.5409340125789922,0.7995166879258799,0.30042099626588287,0.5446247464503042,0.7028795811518325,0.19078928148157573
0.6899999999999997,1,1,1,0.9981549815498155,0.07272727272727272,0.5564127290260367,0.07384468424670039,1.0,0.5354411271385442,0.7893017162822518,0.2694310478902892,0.541,0.7016861219195849,0.19087053979548876
0.6899999999999997,1,2,1,0.992619926199262,0.10303030303030303,0.5679845708775313,0.09948439620081406,1.0,0.5478251146147826,0.7773922397241748,0.3197967038451569,0.5478615071283096,0.7060367454068242,0.21318231266986729
0.6899999999999997,1,3,1,0.9944649446494465,0.0708502024291498,0.5540540540540541,0.06809862774723127,1.0,0.5326575735392981,0.758530200506369,0.2654393389027077,0.5400801603206413,0.7,0.1735481377764837
0.6899999999999997,1,4,1,0.9944649446494465,0.0931174089068826,0.5646718146718147,0.09122099989107943,1.0,0.5437911767781645,0.7595144873387012,0.30430576546375665,0.5460992907801419,0.7050359712230215,0.2060739582051914
0.6899999999999997,1,5,1,0.9870848708487084,0.08299595141700405,0.555984555984556,0.07299917523848065,1.0,0.5350404111328562,0.7863196389803053,0.2862237725721243,0.541497975708502,0.6993464052287581,0.16651877815766278
0.6899999999999997,1,1,2,0.9944649446494465,0.07474747474747474,0.5554484088717454,0.07208532691505151,1.0,0.5346062096984606,0.7605381894480843,0.2726421525322769,0.5406218655967904,0.700454840805718,0.17951828832200342
0.6899999999999997,1,2,2,0.992619926199262,0.07676767676767676,0.5554484088717454,0.07225459887558236,1.0,0.5346938014834695,0.7819223602389503,0.2760455137248568,0.5407035175879397,0.7000650618087183,0.17581176826797087
0.6899999999999997,1,3,2,0.996309963099631,0.08097165991902834,0.5598455598455598,0.0805449591280654,1.0,0.5386408115093297,0.7835577758161236,0.28402970180254566,0.5432595573440644,0.703125,0.19571382941771104
0.6899999999999997,1,4,2,0.996309963099631,0.08704453441295547,0.5627413127413128,0.08684992917516318,1.0,0.5416772487562933,0.7800079790975354,0.29448826270158246,0.544904137235116,0.7045009784735812,0.20424388905881571
0.6899999999999997,1,5,2,0.981549815498155,0.08906882591093117,0.555984555984556,0.0735182045818622,1.0,0.5353093207045431,0.7639869279197216,0.2956780168350562,0.5417515274949084,0.6981627296587927,0.15868279889805262
0.6899999999999997,1,1,3,0.985239852398524,0.08080808080808081,0.553519768563163,0.06873932009364367,1.0,0.5330239666033023,0.7931513078771975,0.28216190672725744,0.5399393326592518,0.697583278902678,0.15701556646183065
0.6899999999999997,1,2,3,0.9944649446494465,0.08080808080808081,0.5583413693346191,0.07837604980051843,1.0,0.5376365127287637,0.7889150974468171,0.283479811641034,0.5422535211267606,0.7018229166666666,0.18858806079107746
0.6899999999999997,1,3,3,0.988929889298893,0.0931174089068826,0.5617760617760618,0.08543206035622612,1.0,0.5410236491028878,0.7726795598279723,0.3034577217374492,0.5447154471544715,0.7024901703800787,0.1876844020774104
0.6899999999999997,1,4,3,0.996309963099631,0.0708502024291498,0.555019305019305,0.07002881844380397,1.0,0.5335800827643904,0.7784632261186145,0.26568545795317366,0.5405405405405406,0.7008436080467229,0.18075539538267568
0.6899999999999997,1,5,3,0.996309963099631,0.08502024291497975,0.5617760617760618,0.08474866509955316,1.0,0.5406651030073054,0.7316260909262113,0.29104383704408715,0.5443548387096774,0.7040417209908736,0.20143401805849379
0.6899999999999997,1,1,4,0.9870848708487084,0.08686868686868687,0.5573770491803278,0.07695306061105563,1.0,0.5369767788586977,0.7322519429050456,0.29282548823245336,0.5420466058763931,0.6998037933289731,0.17243194852683985
0.6899999999999997,1,2,4,1.0,0.08282828282828283,0.562198649951784,0.08625849600770129,1.0,0.5414141414141413,0.8069864028440441,0.2877990320141519,0.5441767068273092,0.7048114434330299,0.21230455054392008
0.6899999999999997,1,3,4,0.9907749077490775,0.07692307692307693,0.555019305019305,0.0705500459279787,1.0,0.5338489923360772,0.7886478702757103,0.2760678439120296,0.540785498489426,0.6996742671009772,0.1695235373181314
0.6899999999999997,1,4,4,0.9944649446494465,0.0931174089068826,0.5646718146718147,0.09122099989107943,1.0,0.5437911767781645,0.769722598862186,0.30430576546375665,0.5460992907801419,0.7050359712230215,0.2060739582051914
0.6899999999999997,1,5,4,0.9907749077490775,0.08502024291497975,0.5588803088803089,0.07895883588825782,1.0,0.5378975753320286,0.770548389349133,0.2902342559569652,0.5429726996966633,0.7015022860875245,0.18191037265518115
0.6899999999999997,1,1,5,0.9944649446494465,0.09090909090909091,0.5631629701060752,0.08885294168989319,1.0,0.5426870177792686,0.7663706584100707,0.3006757457112904,0.544994944388271,0.7041149575440888,0.20295945540678506
0.6899999999999997,1,2,5,0.9944649446494465,0.08484848484848485,0.5602700096432015,0.08256795297130536,1.0,0.5396567147489657,0.7609795084638306,0.29048036730291754,0.5433467741935484,0.7027379400260756,0.19444056701573276
0.6899999999999997,1,3,5,0.9907749077490775,0.0728744939271255,0.553088803088803,0.0663432940407043,1.0,0.5318247008381015,0.7718516039085318,0.2687047078074898,0.5396984924623116,0.6987638256343527,0.1630624542165988
0.6899999999999997,1,4,5,0.9907749077490775,0.07692307692307693,0.555019305019305,0.0705500459279787,1.0,0.5338489923360772,0.7723733304099882,0.2760678439120296,0.540785498489426,0.6996742671009772,0.1695235373181314
0.6899999999999997,1,5,5,0.9944649446494465,0.07894736842105263,0.5579150579150579,0.07651226158038149,1.0,0.5367061565352496,0.7989859309332905,0.2801970563140547,0.5422535211267606,0.7018229166666666,0.18591489614510576
0.6999999999999996,1,1,1,0.9981549815498155,0.06262626262626263,0.5515911282545806,0.0633504202447852,1.0,0.530390622088039,0.788790233263192,0.2500214311139169,0.5383084577114428,0.6994182288299935,0.17555524466590222
0.6999999999999996,1,2,1,0.996309963099631,0.09696969696969697,0.5670202507232401,0.09706301571756872,1.0,0.546639830034664,0.7770463433068754,0.3108245087017129,0.547112462006079,0.7063440156965337,0.2174931678762509
0.6999999999999996,1,3,1,0.9944649446494465,0.06680161943319839,0.5521235521235521,0.0638894514636464,1.0,0.5306332820413224,0.7580727437882782,0.2577438045271487,0.539,0.6990920881971465,0.167084203423479
0.6999999999999996,1,4,1,0.9981549815498155,0.07894736842105263,0.5598455598455598,0.08037313316618136,1.0,0.5385511749854341,0.7591258107574177,0.28071642109025663,0.5431726907630522,0.7035110533159948,0.19988079484672677
0.6999999999999996,1,5,1,0.9907749077490775,0.06882591093117409,0.5511583011583011,0.06213496970735268,1.0,0.5298004093401258,0.7859517435497927,0.2611340375239893,0.5386158475426279,0.6978557504873294,0.15639953602126172
0.6999999999999996,1,1,2,0.996309963099631,0.06464646464646465,0.5515911282545806,0.06352141041302134,1.0,0.5304782138730478,0.7601080822246356,0.25378714862348883,0.5383848454636092,0.6990291262135923,0.17097469026653273
0.6999999999999996,1,2,2,0.992619926199262,0.06464646464646465,0.549662487945998,0.05966520843406005,1.0,0.5286331954228634,0.7815199262276913,0.253316736451457,0.5374625374625375,0.6973428386260532,0.15625494366282885
0.6999999999999996,1,3,2,1.0,0.0728744939271255,0.5579150579150579,0.07599432924644406,1.0,0.5364372469635628,0.7830565901370341,0.2699527623995085,0.542,0.7029831387808041,0.19874097642031957
0.6999999999999996,1,4,2,0.996309963099631,0.08502024291497975,0.5617760617760618,0.08474866509955316,1.0,0.5406651030073054,0.7795565827150142,0.29104383704408715,0.5443548387096774,0.7040417209908736,0.20143401805849379
0.6999999999999996,1,5,2,0.9870848708487084,0.07894736842105263,0.5540540540540541,0.0687948450559541,1.0,0.5330161196348806,0.7635656228265513,0.27915542796395726,0.5404040404040404,0.6984334203655352,0.16011153819010818
0.6999999999999996,1,1,3,0.9870848708487084,0.07474747474747474,0.5515911282545806,0.06437542565431924,1.0,0.5309161727980916,0.7928011914382886,0.2716286094235624,0.5387713997985901,0.6970684039087948,0.15322054469804552
0.6999999999999996,1,2,3,0.9981549815498155,0.07272727272727272,0.5564127290260367,0.07384468424670039,1.0,0.5354411271385442,0.7884094311622616,0.2694310478902892,0.541,0.7016861219195849,0.19087053979548876
0.6999999999999996,1,3,3,0.992619926199262,0.08502024291497975,0.5598455598455598,0.08088841849678584,1.0,0.5388200845571209,0.7722822135931894,0.2905043670028224,0.5434343434343434,0.7023498694516971,0.18825784252805255
0.6999999999999996,1,4,3,0.996309963099631,0.06275303643724696,0.5511583011583011,0.061608826416917145,1.0,0.529531499768439,0.7780490421584797,0.25004294714545205,0.5383848454636092,0.6990291262135923,0.1679852617010537
0.6999999999999996,1,5,3,1.0,0.07692307692307693,0.5598455598455598,0.08020124297129318,1.0,0.5384615384615384,0.7311395291878245,0.2773500981126146,0.5430861723446894,0.7038961038961039,0.20439143673630253
0.6999999999999996,1,1,4,0.9907749077490775,0.07474747474747474,0.553519768563163,0.06822967305725523,1.0,0.5327611912482761,0.7317458817359959,0.2721358528334806,0.5396984924623116,0.6987638256343527,0.16601821413744414
0.6999999999999996,1,2,4,1.0,0.07272727272727272,0.5573770491803278,0.07577372734739518,1.0,0.5363636363636364,0.8064681712366264,0.26967994498529685,0.5414585414585414,0.7025275437459495,0.19844093079595918
0.6999999999999996,1,3,4,0.992619926199262,0.06477732793522267,0.5501930501930502,0.059854492202713855,1.0,0.5286986270672422,0.7882029438145266,0.25357300028679336,0.538,0.6977950713359273,0.15653194575786547
0.6999999999999996,1,4,4,0.9944649446494465,0.08299595141700405,0.5598455598455598,0.08071672089294327,1.0,0.5387304480332252,0.7691989586351882,0.28729177543403345,0.5433467741935484,0.7027379400260756,0.19185073174748168
0.6999999999999996,1,5,4,0.9907749077490775,0.07489878542510121,0.5540540540540541,0.06844686648501365,1.0,0.5328368465870894,0.7701416205375322,0.27241115472768845,0.540241448692153,0.69921875,0.1663170295998952
0.6999999999999996,1,1,5,0.9944649446494465,0.08686868686868687,0.5612343297974928,0.08466333124465293,1.0,0.5406668157590666,0.7661244642987424,0.29391812444733445,0.5438950554994955,0.7031963470319634,0.19731343784853814
0.6999999999999996,1,2,5,0.996309963099631,0.07676767676767676,0.5573770491803278,0.07611098710197096,1.0,0.5365388199336539,0.7604953459896846,0.2765581335047813,0.5416248746238717,0.7017543859649122,0.18954362436540464
0.6999999999999996,1,3,5,0.992619926199262,0.058704453441295545,0.5472972972972973,0.053536644278568066,1.0,0.5256621898202788,0.7713641211263361,0.24139430449467278,0.5363908275174477,0.6964401294498382,0.14597530455899077
0.6999999999999996,1,4,5,0.992619926199262,0.0728744939271255,0.5540540540540541,0.06827277965521009,1.0,0.5327472100631938,0.7718396649782985,0.2689547820429149,0.5401606425702812,0.6996098829648895,0.16978829773455728
0.6999999999999996,1,5,5,0.9944649446494465,0.06477732793522267,0.5511583011583011,0.06178427309412151,1.0,0.5296211362923345,0.798545848206605,0.25380855351945936,0.5384615384615384,0.6986390149060272,0.16377355146424852
0.7099999999999996,1,1,1,0.9981549815498155,0.05858585858585859,0.549662487945998,0.059150031570255945,1.0,0.5283704200678371,0.7884015591076607,0.24182176617469275,0.5372393247269116,0.6985151710781149,0.16909183688478693
0.7099999999999996,1,2,1,1.0,0.08282828282828283,0.562198649951784,0.08625849600770129,1.0,0.5414141414141413,0.7767028723882534,0.2877990320141519,0.5441767068273092,0.7048114434330299,0.21230455054392008
0.7099999999999996,1,3,1,0.996309963099631,0.05668016194331984,0.5482625482625483,0.055289698065561964,1.0,0.5264950625214755,0.757697341592429,0.2376362978465834,0.536779324055666,0.6976744186046512,0.15783323002244165
0.7099999999999996,1,4,1,0.9981549815498155,0.0708502024291498,0.555984555984556,0.0719593699855115,1.0,0.5345025919894826,0.7585585613554179,0.2659313492209384,0.541,0.7016861219195849,0.18818871875470605
0.7099999999999996,1,5,1,0.9907749077490775,0.05263157894736842,0.5434362934362934,0.045285930266992874,1.0,0.5217032433482229,0.7855023380431683,0.22835509141743968,0.5343283582089552,0.6942469295410472,0.12724885276798592
0.7099999999999996,1,1,2,0.9981549815498155,0.05656565656565657,0.5486981677917069,0.057049261868585936,1.0,0.5273603190577361,0.7597813574490333,0.23761584939907973,0.5367063492063492,0.6980645161290323,0.16577694457761877
0.7099999999999996,1,2,2,0.996309963099631,0.05656565656565657,0.5477338476374156,0.0551206955170237,1.0,0.5264378098326439,0.7810062733919407,0.23739613982884325,0.5362462760675273,0.697224015493867,0.1575731983214601
0.7099999999999996,1,3,2,1.0,0.058704453441295545,0.5511583011583011,0.061257736137309574,1.0,0.5293522267206479,0.7826589553723511,0.24229001927709598,0.5382323733862959,0.6998063266623629,0.17775442977336403
0.7099999999999996,1,4,2,0.996309963099631,0.07692307692307693,0.5579150579150579,0.07633968199585761,1.0,0.536616520011354,0.7791873341925295,0.27683790912868284,0.5421686746987951,0.7022106631989596,0.1898499624760036
0.7099999999999996,1,5,2,0.9870848708487084,0.0728744939271255,0.5511583011583011,0.062485404244056617,1.0,0.529979682387917,0.7633128223314813,0.26820385982722483,0.5387713997985901,0.6970684039087948,0.15014514333583148
0.7099999999999996,1,1,3,0.9870848708487084,0.07272727272727272,0.5506268081002893,0.06227781486253624,1.0,0.5299060717879907,0.7924598095953111,0.2679328098743765,0.5382293762575453,0.6966145833333334,0.14985256803735675
0.7099999999999996,1,2,3,0.9981549815498155,0.06666666666666667,0.553519768563163,0.06754927531447065,1.0,0.532410824108241,0.7880273526403629,0.257960588921359,0.53938185443669,0.7003236245954693,0.1818161207304189
0.7099999999999996,1,3,3,0.992619926199262,0.0728744939271255,0.5540540540540541,0.06827277965521009,1.0,0.5327472100631938,0.7718305128529044,0.2689547820429149,0.5401606425702812,0.6996098829648895,0.16978829773455728
0.7099999999999996,1,4,3,0.9981549815498155,0.05465587044534413,0.5482625482625483,0.05511295427261814,1.0,0.5264054259975799,0.7776994525309131,0.2335701807936141,0.5367063492063492,0.6980645161290323,0.16265859250537298
0.7099999999999996,1,5,3,1.0,0.0728744939271255,0.5579150579150579,0.07599432924644406,1.0,0.5364372469635628,0.7306426903326428,0.2699527623995085,0.542,0.7029831387808041,0.19874097642031957
0.7099999999999996,1,1,4,0.992619926199262,0.0707070707070707,0.5525554484088717,0.06596162656168705,1.0,0.5316634984531663,0.7313023196303072,0.26492498430125183,0.5390781563126252,0.6987012987012987,0.16626221498375224
0.7099999999999996,1,2,4,1.0,0.06868686868686869,0.5554484088717454,0.07157714021591996,1.0,0.5343434343434343,0.8060708900598339,0.26208179770229884,0.5403788634097707,0.7016181229773463,0.19265755119430505
0.7099999999999996,1,3,4,0.996309963099631,0.06072874493927125,0.5501930501930502,0.05950284422972036,1.0,0.5285193540194512,0.7878118180539351,0.2459769371903233,0.5378486055776892,0.6985769728331177,0.1646610771562154
0.7099999999999996,1,4,4,0.9981549815498155,0.0708502024291498,0.555984555984556,0.0719593699855115,1.0,0.5345025919894826,0.7687398074940323,0.2659313492209384,0.541,0.7016861219195849,0.18818871875470605
0.7099999999999996,1,5,4,0.9944649446494465,0.06477732793522267,0.5511583011583011,0.06178427309412151,1.0,0.5296211362923345,0.7697046670882762,0.25380855351945936,0.5384615384615384,0.6986390149060272,0.16377355146424852
0.7099999999999996,1,1,5,0.996309963099631,0.0707070707070707,0.5544840887174542,0.0698179220042948,1.0,0.5335085169033509,0.7657667583444852,0.2654169531266694,0.54,0.7003891050583657,0.18046233925029648
0.7099999999999996,1,2,5,0.996309963099631,0.06666666666666667,0.5525554484088717,0.06562063072860023,1.0,0.5314883148831488,0.7602407230985367,0.25772206775253464,0.5389221556886228,0.6994818652849741,0.17418621217990612
0.7099999999999996,1,3,5,0.996309963099631,0.05060728744939271,0.5453667953667953,0.04896702268652044,1.0,0.5234586252745119,0.7709708543860639,0.22454519520861912,0.535183349851338,0.6963249516441006,0.1470849394809705
0.7099999999999996,1,4,5,0.9944649446494465,0.06275303643724696,0.5501930501930502,0.05967870109229168,1.0,0.5286089905433466,0.771468328838622,0.24981131861297137,0.5379241516966068,0.6981865284974094,0.16040663498699081
0.7099999999999996,1,5,5,0.996309963099631,0.05060728744939271,0.5453667953667953,0.04896702268652044,1.0,0.5234586252745119,0.798112995971101,0.22454519520861912,0.535183349851338,0.6963249516441006,0.1470849394809705
0.7199999999999996,1,1,1,0.9981549815498155,0.050505050505050504,0.5458052073288332,0.05074465004460335,1.0,0.524330016027433,0.7879536525215127,0.22452587324190768,0.5351137487636004,0.6967160334835801,0.15545775140988752
0.7199999999999996,1,2,1,1.0,0.07676767676767676,0.5593056894889104,0.07996878282123318,1.0,0.5383838383838384,0.7764111365863218,0.27706980486454447,0.5425425425425425,0.7034393251135627,0.20408265614358173
0.7199999999999996,1,3,1,0.996309963099631,0.05263157894736842,0.5463320463320464,0.05107497544472336,1.0,0.5244707710234997,0.7573860430534132,0.22899206641045,0.5357142857142857,0.6967741935483871,0.15074103226240507
0.7199999999999996,1,4,1,0.9981549815498155,0.06072874493927125,0.5511583011583011,0.06143331411025723,1.0,0.5294418632445435,0.7581687759364312,0.24620458826837843,0.5383084577114428,0.6994182288299935,0.17262135714507537
0.7199999999999996,1,5,1,0.9944649446494465,0.0465587044534413,0.5424710424710425,0.042819941056308465,1.0,0.520511824551444,0.7850043971940395,0.21517667031358542,0.5336633663366337,0.6945876288659794,0.13099359032506053
0.7199999999999996,1,1,2,0.9981549815498155,0.048484848484848485,0.5448408871745419,0.04864234484635277,1.0,0.523319915017332,0.759454450997679,0.21998952939819555,0.5345849802371542,0.6962676962676962,0.15187942393872356
0.7199999999999996,1,2,2,0.996309963099631,0.048484848484848485,0.5438765670202508,0.046713841764538036,1.0,0.5223974057922398,0.7806315733752517,0.21978611786195823,0.5341246290801187,0.6954282034771411,0.14310924982336487
0.7199999999999996,1,3,2,1.0,0.058704453441295545,0.5511583011583011,0.061257736137309574,1.0,0.5293522267206479,0.7822169170669708,0.24229001927709598,0.5382323733862959,0.6998063266623629,0.17775442977336403
0.7199999999999996,1,4,2,0.996309963099631,0.0708502024291498,0.555019305019305,0.07002881844380397,1.0,0.5335800827643904,0.7788776086232858,0.26568545795317366,0.5405405405405406,0.7008436080467229,0.18075539538267568
0.7199999999999996,1,5,2,0.9944649446494465,0.06275303643724696,0.5501930501930502,0.05967870109229168,1.0,0.5286089905433466,0.7628082609692675,0.24981131861297137,0.5379241516966068,0.6981865284974094,0.16040663498699081
0.7199999999999996,1,1,3,0.9907749077490775,0.06262626262626263,0.5477338476374156,0.055638078705726325,1.0,0.52670058518767,0.7921356084818906,0.24909542263198023,0.5364635364635365,0.696046662346079,0.1457084468795463
0.7199999999999996,1,2,3,1.0,0.06262626262626263,0.5525554484088717,0.06527938582518085,1.0,0.5313131313131313,0.7877138056348665,0.25025239784318276,0.5387673956262425,0.7002583979328165,0.18368720263795354
0.7199999999999996,1,3,3,0.9944649446494465,0.05668016194331984,0.5472972972972973,0.053359622188625055,1.0,0.5255725532963831,0.7714762068251655,0.23741616227562357,0.536318407960199,0.6968325791855203,0.14993510495653065
0.7199999999999996,1,4,3,0.9981549815498155,0.05465587044534413,0.5482625482625483,0.05511295427261814,1.0,0.5264054259975799,0.7773577055666858,0.2335701807936141,0.5367063492063492,0.6980645161290323,0.16265859250537298
0.7199999999999996,1,5,3,1.0,0.06680161943319839,0.555019305019305,0.06968100855526622,1.0,0.5334008097165992,0.7301688419929002,0.2584600925349954,0.5403788634097707,0.7016181229773463,0.18999521884311665
0.7199999999999996,1,1,4,0.9944649446494465,0.06666666666666667,0.5515911282545806,0.063692338162394,1.0,0.5305658056580566,0.7308337962132874,0.25748332562834,0.5384615384615384,0.6986390149060272,0.16680144044611142
0.7199999999999996,1,2,4,1.0,0.06262626262626263,0.5525554484088717,0.06527938582518085,1.0,0.5313131313131313,0.805501647197693,0.25025239784318276,0.5387673956262425,0.7002583979328165,0.18368720263795354
0.7199999999999996,1,3,4,0.9981549815498155,0.05668016194331984,0.5492277992277992,0.05722013500241629,1.0,0.5274175717465677,0.7874292646510926,0.23785622968250164,0.5372393247269116,0.6985151710781149,0.16603833426215364
0.7199999999999996,1,4,4,0.9981549815498155,0.06680161943319839,0.5540540540540541,0.06775012855072693,1.0,0.532478300491507,0.768299797109862,0.2582215506359644,0.5399201596806387,0.7007772020725389,0.1821013182567718
0.7199999999999996,1,5,4,0.9944649446494465,0.05465587044534413,0.5463320463320464,0.05125247455302164,1.0,0.5245604075473953,0.7693074252424452,0.23313804317870662,0.5357852882703777,0.6963824289405685,0.14630833389167977
0.7199999999999996,1,1,5,0.9981549815498155,0.06464646464646465,0.5525554484088717,0.06545003942773457,1.0,0.5314007230981401,0.7654671993600959,0.25402202803389456,0.5388446215139442,0.6998706338939198,0.17870967343432448
0.7199999999999996,1,2,5,0.996309963099631,0.06262626262626263,0.5506268081002893,0.06142180683906108,1.0,0.5294681128629468,0.7598809107526501,0.24979025082304457,0.5378486055776892,0.6985769728331177,0.1677106864706237
0.7199999999999996,1,3,5,0.996309963099631,0.0465587044534413,0.5434362934362934,0.044749933721129585,1.0,0.5214343337765361,0.7705987173486493,0.2153761851179808,0.5341246290801187,0.6954282034771411,0.13952676356777532
0.7199999999999996,1,4,5,0.9981549815498155,0.06072874493927125,0.5511583011583011,0.06143331411025723,1.0,0.5294418632445435,0.7712023492236912,0.24620458826837843,0.5383084577114428,0.6994182288299935,0.17262135714507537
0.7199999999999996,1,5,5,1.0,0.05060728744939271,0.5472972972972973,0.05282815838310733,1.0,0.5253036437246963,0.7977979627731633,0.22496063533292376,0.5361028684470821,0.6980038634900193,0.16471403087152428
0.7299999999999996,1,1,1,1.0,0.04040404040404041,0.5419479267116682,0.042158073329379264,1.0,0.5202020202020202,0.7875576650564895,0.20100756305184242,0.5329400196656834,0.6953175112251443,0.14674103068842864
0.7299999999999996,1,2,1,1.0,0.06666666666666667,0.5544840887174542,0.0694782720164083,1.0,0.5333333333333333,0.7760506240282585,0.2581988897471611,0.5398406374501992,0.7011642949547219,0.18970866039802525
0.7299999999999996,1,3,1,0.9981549815498155,0.05060728744939271,0.5463320463320464,0.050897409908153946,1.0,0.5243811344996041,0.7570104985964229,0.2247530112597711,0.5356435643564357,0.6971649484536082,0.1557039616973771
0.7299999999999996,1,4,1,1.0,0.05668016194331984,0.5501930501930502,0.05915093310051293,1.0,0.5283400809716599,0.7577922866062343,0.23807595834800255,0.5376984126984127,0.6993548387096774,0.1745761527483409
0.7299999999999996,1,5,1,0.9944649446494465,0.04048582995951417,0.5395752895752896,0.036491397732058416,1.0,0.5174753873044804,0.7845750252472818,0.2006532796885592,0.5320829220138203,0.6932475884244373,0.11848170150895422
0.7299999999999996,1,1,2,0.9981549815498155,0.044444444444444446,0.5429122468659595,0.044436581932985414,1.0,0.52129971299713,0.7590470127043735,0.21062393886839229,0.5335305719921104,0.6953727506426736,0.1444851105165543
0.7299999999999996,1,2,2,0.996309963099631,0.044444444444444446,0.5419479267116682,0.04250811071391761,1.0,0.5203772037720378,0.7802790031653444,0.21042918714956832,0.5330700888450148,0.6945337620578779,0.13538373248538127
0.7299999999999996,1,3,2,1.0,0.05465587044534413,0.5492277992277992,0.05704373586964976,1.0,0.5273279352226721,0.7818964417906382,0.233785950059759,0.5371655104063429,0.6989039329464861,0.171345407129798
0.7299999999999996,1,4,2,0.996309963099631,0.058704453441295545,0.5492277992277992,0.057396468149441146,1.0,0.5275072082704633,0.7785720658094266,0.2418425765697206,0.5373134328358209,0.6981254040077569,0.161278231050803
0.7299999999999996,1,5,2,0.9981549815498155,0.05465587044534413,0.5482625482625483,0.05511295427261814,1.0,0.5264054259975799,0.7623972918587223,0.2335701807936141,0.5367063492063492,0.6980645161290323,0.16265859250537298
0.7299999999999996,1,1,3,0.9944649446494465,0.050505050505050504,0.5438765670202508,0.04688796438613317,1.0,0.5224849975772485,0.7918466487531971,0.22411046886529543,0.5341922695738355,0.6950354609929078,0.1385799769366119
0.7299999999999996,1,2,3,1.0,0.05454545454545454,0.5486981677917069,0.05687701133342677,1.0,0.5272727272727273,0.7873036034782002,0.23354968324845687,0.5366336633663367,0.6984536082474226,0.17108748374065613
0.7299999999999996,1,3,3,0.9944649446494465,0.0465587044534413,0.5424710424710425,0.042819941056308465,1.0,0.520511824551444,0.771049412107017,0.21517667031358542,0.5336633663366337,0.6945876288659794,0.13099359032506053
0.7299999999999996,1,4,3,0.9981549815498155,0.044534412955465584,0.5434362934362934,0.044571134438707805,1.0,0.5213446972526405,0.776945693079851,0.2108370132161206,0.5340572556762093,0.6958199356913183,0.14471530757077866
0.7299999999999996,1,5,3,1.0,0.06072874493927125,0.5521235521235521,0.06336414509064262,1.0,0.5303643724696356,0.7297694367863188,0.24643202904507208,0.5387673956262425,0.7002583979328165,0.1808830222839654
0.7299999999999996,1,1,4,0.9981549815498155,0.05454545454545454,0.5477338476374156,0.05494810845052092,1.0,0.526350218047635,0.7305474872022533,0.2333341320412521,0.5361744301288405,0.6976144422952933,0.16240217935406182
0.7299999999999996,1,2,4,1.0,0.05454545454545454,0.5486981677917069,0.05687701133342677,1.0,0.5272727272727273,0.8051717483889108,0.23354968324845687,0.5366336633663367,0.6984536082474226,0.17108748374065613
0.7299999999999996,1,3,4,0.9981549815498155,0.05465587044534413,0.5482625482625483,0.05511295427261814,1.0,0.5264054259975799,0.7870263598481004,0.2335701807936141,0.5367063492063492,0.6980645161290323,0.16265859250537298
0.7299999999999996,1,4,4,0.9981549815498155,0.05465587044534413,0.5482625482625483,0.05511295427261814,1.0,0.5264054259975799,0.7679911903216792,0.2335701807936141,0.5367063492063492,0.6980645161290323,0.16265859250537298
0.7299999999999996,1,5,4,0.9981549815498155,0.048582995951417005,0.5453667953667953,0.04878904605211846,1.0,0.5233689887506163,0.7689780643295192,0.22021207829617656,0.5351137487636004,0.6967160334835801,0.1521203972196498
0.7299999999999996,1,1,5,0.9981549815498155,0.05454545454545454,0.5477338476374156,0.05494810845052092,1.0,0.526350218047635,0.7651847776591323,0.2333341320412521,0.5361744301288405,0.6976144422952933,0.16240217935406182
0.7299999999999996,1,2,5,1.0,0.052525252525252523,0.5477338476374156,0.054775458324668666,1.0,0.5262626262626262,0.7594851000367482,0.22918388365077622,0.5361028684470821,0.6980038634900193,0.1678062529964102
0.7299999999999996,1,3,5,0.996309963099631,0.04048582995951417,0.5405405405405406,0.0384213399890804,1.0,0.5183978965295726,0.770155775091288,0.20083932820297298,0.5325443786982249,0.6940874035989717,0.12747674555425784
0.7299999999999996,1,4,5,0.9981549815498155,0.05668016194331984,0.5492277992277992,0.05722013500241629,1.0,0.5274175717465677,0.7709140521306415,0.23785622968250164,0.5372393247269116,0.6985151710781149,0.16603833426215364
0.7299999999999996,1,5,5,1.0,0.0465587044534413,0.5453667953667953,0.048611002792032496,1.0,0.5232793522267207,0.7973666583802326,0.2157746612868186,0.5350444225074038,0.6971061093247588,0.1578321106016909
0.7399999999999997,1,1,1,1.0,0.03636363636363636,0.5400192864030858,0.03794920268165026,1.0,0.5181818181818182,0.7872255072180789,0.19069251784911845,0.5318940137389597,0.6944266495836002,0.13907408277460806
0.7399999999999997,1,2,1,1.0,0.05656565656565657,0.549662487945998,0.0589781804827148,1.0,0.5282828282828282,0.7757434252814295,0.23783535600422526,0.5371655104063429,0.6989039329464861,0.17431328056278675
0.7399999999999997,1,3,1,0.9981549815498155,0.048582995951417005,0.5453667953667953,0.04878904605211846,1.0,0.5233689887506163,0.7566794870505162,0.22021207829617656,0.5351137487636004,0.6967160334835801,0.1521203972196498
0.7399999999999997,1,4,1,1.0,0.05060728744939271,0.5472972972972973,0.05282815838310733,1.0,0.5253036437246963,0.7574266449948417,0.22496063533292376,0.5361028684470821,0.6980038634900193,0.16471403087152428
0.7399999999999997,1,5,1,0.996309963099631,0.038461538461538464,0.5395752895752896,0.03631101889265044,1.0,0.5173857507805848,0.7840562053625355,0.19575396283439686,0.5320197044334976,0.6936416184971098,0.12323778806043234
0.7399999999999997,1,1,2,1.0,0.04040404040404041,0.5419479267116682,0.042158073329379264,1.0,0.5202020202020202,0.7587107866559635,0.20100756305184242,0.5329400196656834,0.6953175112251443,0.14674103068842864
0.7399999999999997,1,2,2,0.9981549815498155,0.03838383838383838,0.5400192864030858,0.03812505469076619,1.0,0.518269409966827,0.7798300209047361,0.19573711833433968,0.5319567354965585,0.6940346375881976,0.132703166405781
0.7399999999999997,1,3,2,1.0,0.05060728744939271,0.5472972972972973,0.05282815838310733,1.0,0.5253036437246963,0.7815430445454805,0.22496063533292376,0.5361028684470821,0.6980038634900193,0.16471403087152428
0.7399999999999997,1,4,2,0.996309963099631,0.05060728744939271,0.5453667953667953,0.04896702268652044,1.0,0.5234586252745119,0.7782443526815274,0.22454519520861912,0.535183349851338,0.6963249516441006,0.1470849394809705
0.7399999999999997,1,5,2,1.0,0.05263157894736842,0.5482625482625483,0.05493614433407669,1.0,0.5263157894736843,0.7620205825348498,0.22941573387056177,0.5366336633663367,0.6984536082474226,0.1680591473835354
0.7399999999999997,1,1,3,0.9981549815498155,0.046464646464646465,0.5438765670202508,0.046539655510911805,1.0,0.522309814007231,0.7914148062699732,0.21535765213857133,0.5340572556762093,0.6958199356913183,0.1482237663784982
0.7399999999999997,1,2,3,1.0,0.048484848484848485,0.5458052073288332,0.050571200307905774,1.0,0.5242424242424242,0.7869291791967843,0.2201927530252721,0.5350444225074038,0.6971061093247588,0.16106380027161513
0.7399999999999997,1,3,3,0.9944649446494465,0.04251012145748988,0.5405405405405406,0.038601306985666974,1.0,0.5184875330534682,0.7707926596590278,0.2056084277996987,0.532608695652174,0.6936936936936937,0.12276546121569061
0.7399999999999997,1,4,3,0.9981549815498155,0.04251012145748988,0.5424710424710425,0.042461586459714505,1.0,0.5203325515036528,0.7765741111720741,0.20598953735343264,0.5335305719921104,0.6953727506426736,0.14088173016593172
0.7399999999999997,1,5,3,1.0,0.05668016194331984,0.5501930501930502,0.05915093310051293,1.0,0.5283400809716599,0.7293529401820669,0.23807595834800255,0.5376984126984127,0.6993548387096774,0.1745761527483409
0.7399999999999997,1,1,4,0.9981549815498155,0.048484848484848485,0.5448408871745419,0.04864234484635277,1.0,0.523319915017332,0.7301564438784292,0.21998952939819555,0.5345849802371542,0.6962676962676962,0.15187942393872356
0.7399999999999997,1,2,4,1.0,0.048484848484848485,0.5458052073288332,0.050571200307905774,1.0,0.5242424242424242,0.8048651376227857,0.2201927530252721,0.5350444225074038,0.6971061093247588,0.16106380027161513
0.7399999999999997,1,3,4,0.9981549815498155,0.05060728744939271,0.5463320463320464,0.050897409908153946,1.0,0.5243811344996041,0.7866810882640285,0.2247530112597711,0.5356435643564357,0.6971649484536082,0.1557039616973771
0.7399999999999997,1,4,4,0.9981549815498155,0.05060728744939271,0.5463320463320464,0.050897409908153946,1.0,0.5243811344996041,0.7677273548360234,0.2247530112597711,0.5356435643564357,0.6971649484536082,0.1557039616973771
0.7399999999999997,1,5,4,0.9981549815498155,0.04048582995951417,0.5415057915057915,0.04035164355138146,1.0,0.5193204057546649,0.7686586141115453,0.20102520452984954,0.5330049261083744,0.6949261400128453,0.1369514667318188
0.7399999999999997,1,1,5,0.9981549815498155,0.050505050505050504,0.5458052073288332,0.05074465004460335,1.0,0.524330016027433,0.7648444599386643,0.22452587324190768,0.5351137487636004,0.6967160334835801,0.15545775140988752
0.7399999999999997,1,2,5,1.0,0.050505050505050504,0.5467695274831244,0.052673521351241044,1.0,0.5252525252525253,0.7592297815906548,0.22473328748774735,0.5355731225296443,0.6975546975546976,0.16446625064890147
0.7399999999999997,1,3,5,0.996309963099631,0.03643724696356275,0.5386100386100386,0.03420030268516067,1.0,0.5163736050315969,0.7698223888999456,0.19053291625784596,0.531496062992126,0.693196405648267,0.1188709056760494
0.7399999999999997,1,4,5,0.9981549815498155,0.04048582995951417,0.5415057915057915,0.04035164355138146,1.0,0.5193204057546649,0.7706721087226709,0.20102520452984954,0.5330049261083744,0.6949261400128453,0.1369514667318188
0.7399999999999997,1,5,5,1.0,0.04251012145748988,0.5434362934362934,0.044392268210112475,1.0,0.521255060728745,0.7970516866827964,0.20617982795969608,0.5339901477832513,0.6962106615285806,0.15066514540320525
0.7499999999999997,1,1,1,1.0,0.030303030303030304,0.5371263259402121,0.03163301038870079,1.0,0.5151515151515151,0.7867326428284562,0.17407765595569785,0.5303326810176126,0.6930946291560103,0.12677021457568025
0.7499999999999997,1,2,1,1.0,0.048484848484848485,0.5458052073288332,0.050571200307905774,1.0,0.5242424242424242,0.7753687400727673,0.2201927530252721,0.5350444225074038,0.6971061093247588,0.16106380027161513
0.7499999999999997,1,3,1,0.9981549815498155,0.04251012145748988,0.5424710424710425,0.042461586459714505,1.0,0.5203325515036528,0.7564046574982719,0.20598953735343264,0.5335305719921104,0.6953727506426736,0.14088173016593172
0.7499999999999997,1,4,1,1.0,0.044534412955465584,0.5444015444015444,0.04650183293034861,1.0,0.5222672064777327,0.7571129755360247,0.21103178186108743,0.534516765285996,0.6966580976863753,0.1542867147776056
0.7499999999999997,1,5,1,0.996309963099631,0.03441295546558704,0.5376447876447876,0.032089191255636716,1.0,0.515361459282609,0.783617918133604,0.18516471151401467,0.5309734513274337,0.6927517639512508,0.11436372972891283
0.7499999999999997,1,1,2,1.0,0.03232323232323232,0.5380906460945034,0.033738792803272764,1.0,0.5161616161616162,0.7583958942380089,0.1797866299901979,0.5308521057786484,0.6935380678182982,0.13099181632590776
0.7499999999999997,1,2,2,0.9981549815498155,0.03434343434343434,0.5380906460945034,0.03391544671805137,1.0,0.516249207946625,0.7793824616562255,0.18514877821208545,0.5309126594700687,0.6931454196028187,0.12429140300449033
0.7499999999999997,1,3,2,1.0,0.0465587044534413,0.5453667953667953,0.048611002792032496,1.0,0.5232793522267207,0.7812817562674649,0.2157746612868186,0.5350444225074038,0.6971061093247588,0.1578321106016909
0.7499999999999997,1,4,2,0.996309963099631,0.044534412955465584,0.5424710424710425,0.04264079729244988,1.0,0.5204221880275484,0.7779477151087963,0.2106420644798271,0.5335968379446641,0.694980694980695,0.1356124327126053
0.7499999999999997,1,5,2,1.0,0.04048582995951417,0.5424710424710425,0.04228230852043128,1.0,0.5202429149797572,0.7616950559846803,0.20121090914638343,0.5334645669291339,0.6957637997432606,0.14696174926190414
0.7499999999999997,1,1,3,1.0,0.03838383838383838,0.5409836065573771,0.04005383035658725,1.0,0.5191919191919192,0.7911913672061102,0.19591793788175288,0.5324165029469549,0.6948717948717948,0.14295519928286737
0.7499999999999997,1,2,3,1.0,0.04040404040404041,0.5419479267116682,0.042158073329379264,1.0,0.5202020202020202,0.78663378010753,0.20100756305184242,0.5329400196656834,0.6953175112251443,0.14674103068842864
0.7499999999999997,1,3,3,0.9944649446494465,0.03441295546558704,0.5366795366795367,0.03015929976752537,1.0,0.5144389500575168,0.7704304759895806,0.18499318325902953,0.530511811023622,0.6919127086007703,0.10482548388312203
0.7499999999999997,1,4,3,0.9981549815498155,0.038461538461538464,0.5405405405405406,0.038241305602795976,1.0,0.518308260005677,0.77630612375777,0.19593513266756027,0.53248031496063,0.6944801026957638,0.13291632746897677
0.7499999999999997,1,5,3,1.0,0.05060728744939271,0.5472972972972973,0.05282815838310733,1.0,0.5253036437246963,0.728959085998032,0.22496063533292376,0.5361028684470821,0.6980038634900193,0.16471403087152428
0.7499999999999997,1,1,4,0.9981549815498155,0.04242424242424243,0.5419479267116682,0.042333124007240076,1.0,0.520289611987029,0.7298719476987173,0.20578136192142038,0.5330049261083744,0.6949261400128453,0.1406570868999814
0.7499999999999997,1,2,4,1.0,0.03636363636363636,0.5400192864030858,0.03794920268165026,1.0,0.5181818181818182,0.8045133838864265,0.19069251784911845,0.5318940137389597,0.6944266495836002,0.13907408277460806
0.7499999999999997,1,3,4,0.9981549815498155,0.04251012145748988,0.5424710424710425,0.042461586459714505,1.0,0.5203325515036528,0.7863726950967711,0.20598953735343264,0.5335305719921104,0.6953727506426736,0.14088173016593172
0.7499999999999997,1,4,4,0.9981549815498155,0.044534412955465584,0.5434362934362934,0.044571134438707805,1.0,0.5213446972526405,0.7673851407534218,0.2108370132161206,0.5340572556762093,0.6958199356913183,0.14471530757077866
0.7499999999999997,1,5,4,0.9981549815498155,0.032388663967611336,0.5376447876447876,0.03190792040577439,1.0,0.5152718227587134,0.7683613672320202,0.17980240900781688,0.5309126594700687,0.6931454196028187,0.12008048567994406
0.7499999999999997,1,1,5,0.9981549815498155,0.03434343434343434,0.5380906460945034,0.03391544671805137,1.0,0.516249207946625,0.7646082422911422,0.18514877821208545,0.5309126594700687,0.6931454196028187,0.12429140300449033
0.7499999999999997,1,2,5,1.0,0.048484848484848485,0.5458052073288332,0.050571200307905774,1.0,0.5242424242424242,0.7588994404470037,0.2201927530252721,0.5350444225074038,0.6971061093247588,0.16106380027161513
0.7499999999999997,1,3,5,0.996309963099631,0.032388663967611336,0.5366795366795367,0.029977684493063577,1.0,0.5143493135336212,0.7695034262015463,0.1796361561668953,0.5304518664047151,0.6923076923076923,0.10970188672154581
0.7499999999999997,1,4,5,0.9981549815498155,0.04048582995951417,0.5415057915057915,0.04035164355138146,1.0,0.5193204057546649,0.7703788418607805,0.20102520452984954,0.5330049261083744,0.6949261400128453,0.1369514667318188
0.7499999999999997,1,5,5,1.0,0.032388663967611336,0.5386100386100386,0.033838517847945344,1.0,0.5161943319838056,0.796677042133942,0.17996850826633903,0.5313725490196078,0.6939820742637645,0.13118859299424307
0.7599999999999997,1,1,1,1.0,0.030303030303030304,0.5371263259402121,0.03163301038870079,1.0,0.5151515151515151,0.786412893616554,0.17407765595569785,0.5303326810176126,0.6930946291560103,0.12677021457568025
0.7599999999999997,1,2,1,1.0,0.03636363636363636,0.5400192864030858,0.03794920268165026,1.0,0.5181818181818182,0.7750224243128648,0.19069251784911845,0.5318940137389597,0.6944266495836002,0.13907408277460806
0.7599999999999997,1,3,1,0.9981549815498155,0.03441295546558704,0.5386100386100386,0.03401944414100914,1.0,0.5162839685077013,0.7562173823997408,0.18533608101993432,0.5314341846758349,0.6935897435897436,0.12449251069909935
0.7599999999999997,1,4,1,1.0,0.04048582995951417,0.5424710424710425,0.04228230852043128,1.0,0.5202429149797572,0.7568375490878533,0.20121090914638343,0.5334645669291339,0.6957637997432606,0.14696174926190414
0.7599999999999997,1,5,1,0.996309963099631,0.032388663967611336,0.5366795366795367,0.029977684493063577,1.0,0.5143493135336212,0.783149776801222,0.1796361561668953,0.5304518664047151,0.6923076923076923,0.10970188672154581
0.7599999999999997,1,1,2,1.0,0.026262626262626262,0.5351976856316297,0.027420290080673138,1.0,0.5131313131313131,0.7580165532889995,0.16205747826813258,0.529296875,0.6922094508301405,0.11790134015396522
0.7599999999999997,1,2,2,0.9981549815498155,0.030303030303030304,0.5361620057859209,0.029704299245039912,1.0,0.514229005926423,0.7789708171176659,0.17391699357171717,0.5298726738491675,0.6922584772872681,0.1153277810941312
0.7599999999999997,1,3,2,1.0,0.038461538461538464,0.5415057915057915,0.04017195375037042,1.0,0.5192307692307692,0.7809218371993482,0.19611613513818404,0.5329400196656834,0.6953175112251443,0.1431701542363657
0.7599999999999997,1,4,2,0.996309963099631,0.04251012145748988,0.5415057915057915,0.04053126608538311,1.0,0.5194100422785605,0.7776596208038968,0.2057990707964265,0.5330700888450148,0.6945337620578779,0.13159850453986643
0.7599999999999997,1,5,2,1.0,0.03643724696356275,0.5405405405405406,0.0380612037889547,1.0,0.5182186234817814,0.761401775896653,0.19088542889273333,0.5324165029469549,0.6948717948717948,0.1392831346766529
0.7599999999999997,1,1,3,1.0,0.03232323232323232,0.5380906460945034,0.033738792803272764,1.0,0.5161616161616162,0.7908145995980594,0.1797866299901979,0.5308521057786484,0.6935380678182982,0.13099181632590776
0.7599999999999997,1,2,3,1.0,0.03838383838383838,0.5409836065573771,0.04005383035658725,1.0,0.5191919191919192,0.7862981876207751,0.19591793788175288,0.5324165029469549,0.6948717948717948,0.14295519928286737
0.7599999999999997,1,3,3,0.996309963099631,0.02834008097165992,0.5347490347490348,0.025753484524497203,1.0,0.5123250220356454,0.7700571996464375,0.1680342376633853,0.5294117647058824,0.6914212548015365,0.09984371699285104
0.7599999999999997,1,4,3,0.9981549815498155,0.030364372469635626,0.5366795366795367,0.029796001186221274,1.0,0.5142596770097256,0.7760000322575524,0.1740929339238123,0.5303921568627451,0.6927016645326505,0.11551615499354705
0.7599999999999997,1,5,3,1.0,0.04048582995951417,0.5424710424710425,0.04228230852043128,1.0,0.5202429149797572,0.7286440121233639,0.20121090914638343,0.5334645669291339,0.6957637997432606,0.14696174926190414
0.7599999999999997,1,1,4,0.9981549815498155,0.03232323232323232,0.5371263259402121,0.03181006547186027,1.0,0.5152391069365239,0.7295798893564173,0.1796206985935261,0.5303921568627451,0.6927016645326505,0.11988565169890261
0.7599999999999997,1,2,4,1.0,0.03232323232323232,0.5380906460945034,0.033738792803272764,1.0,0.5161616161616162,0.8042145567392124,0.1797866299901979,0.5308521057786484,0.6935380678182982,0.13099181632590776
0.7599999999999997,1,3,4,0.9981549815498155,0.030364372469635626,0.5366795366795367,0.029796001186221274,1.0,0.5142596770097256,0.7859907887655052,0.1740929339238123,0.5303921568627451,0.6927016645326505,0.11551615499354705
0.7599999999999997,1,4,4,1.0,0.03441295546558704,0.5395752895752896,0.03595005852516572,1.0,0.5172064777327936,0.7670845816983267,0.1855072922167402,0.5318940137389597,0.6944266495836002,0.13529244253546155
0.7599999999999997,1,5,4,0.9981549815498155,0.030364372469635626,0.5366795366795367,0.029796001186221274,1.0,0.5142596770097256,0.768073028792585,0.1740929339238123,0.5303921568627451,0.6927016645326505,0.11551615499354705
0.7599999999999997,1,1,5,0.9981549815498155,0.03232323232323232,0.5371263259402121,0.03181006547186027,1.0,0.5152391069365239,0.7643279787144901,0.1796206985935261,0.5303921568627451,0.6927016645326505,0.11988565169890261
0.7599999999999997,1,2,5,1.0,0.044444444444444446,0.5438765670202508,0.046365405590367656,1.0,0.5222222222222221,0.7585364874792198,0.21081851067789195,0.5339901477832513,0.6962106615285806,0.15405484561361057
0.7599999999999997,1,3,5,0.9981549815498155,0.030364372469635626,0.5366795366795367,0.029796001186221274,1.0,0.5142596770097256,0.7691158565669971,0.1740929339238123,0.5303921568627451,0.6927016645326505,0.11551615499354705
0.7599999999999997,1,4,5,0.9981549815498155,0.03643724696356275,0.5395752895752896,0.03613057250300357,1.0,0.5172961142566892,0.7701223229599633,0.19070925402465674,0.5319567354965585,0.6940346375881976,0.12876694198263927
0.7599999999999997,1,5,5,1.0,0.024291497975708502,0.5347490347490348,0.025388398782106397,1.0,0.5121457489878543,0.7964574622090153,0.15585730003983933,0.529296875,0.6922094508301405,0.11339053738126183
0.7699999999999997,1,1,1,1.0,0.028282828282828285,0.5361620057859209,0.029526842849721565,1.0,0.5141414141414141,0.7861120463672866,0.16817499303650435,0.5298142717497556,0.6926517571884984,0.12241178893264348
0.7699999999999997,1,2,1,1.0,0.026262626262626262,0.5351976856316297,0.027420290080673138,1.0,0.5131313131313131,0.7747927665006749,0.16205747826813258,0.529296875,0.6922094508301405,0.11790134015396522
0.7699999999999997,1,3,1,0.9981549815498155,0.032388663967611336,0.5376447876447876,0.03190792040577439,1.0,0.5152718227587134,0.7559264088749531,0.17980240900781688,0.5309126594700687,0.6931454196028187,0.12008048567994406
0.7699999999999997,1,4,1,1.0,0.03441295546558704,0.5395752895752896,0.03595005852516572,1.0,0.5172064777327936,0.7565793560210743,0.1855072922167402,0.5318940137389597,0.6944266495836002,0.13529244253546155
0.7699999999999997,1,5,1,0.996309963099631,0.02834008097165992,0.5347490347490348,0.025753484524497203,1.0,0.5123250220356454,0.7828098849997869,0.1680342376633853,0.5294117647058824,0.6914212548015365,0.09984371699285104
0.7699999999999997,1,1,2,1.0,0.020202020202020204,0.532304725168756,0.02109831933590904,1.0,0.5101010101010102,0.757727989700923,0.1421338109037403,0.5277507302823758,0.6908859145952836,0.1032551737919
0.7699999999999997,1,2,2,0.9981549815498155,0.028282828282828285,0.5351976856316297,0.02759814793198711,1.0,0.5132189049163218,0.7786923400700335,0.1680197784274907,0.5293542074363993,0.6918158567774936,0.11060038523804429
0.7699999999999997,1,3,2,1.0,0.032388663967611336,0.5386100386100386,0.033838517847945344,1.0,0.5161943319838056,0.7807148319511028,0.17996850826633903,0.5313725490196078,0.6939820742637645,0.13118859299424307
0.7699999999999997,1,4,2,0.9981549815498155,0.03441295546558704,0.5386100386100386,0.03401944414100914,1.0,0.5162839685077013,0.7772977777460477,0.18533608101993432,0.5314341846758349,0.6935897435897436,0.12449251069909935
0.7699999999999997,1,5,2,1.0,0.02834008097165992,0.5366795366795367,0.02961424980876407,1.0,0.51417004048583,0.7611037897957769,0.16834512458535864,0.5303326810176126,0.6930946291560103,0.12259555914451645
0.7699999999999997,1,1,3,1.0,0.026262626262626262,0.5351976856316297,0.027420290080673138,1.0,0.5131313131313131,0.7905707396285843,0.16205747826813258,0.529296875,0.6922094508301405,0.11790134015396522
0.7699999999999997,1,2,3,1.0,0.03636363636363636,0.5400192864030858,0.03794920268165026,1.0,0.5181818181818182,0.7860229405726057,0.19069251784911845,0.5318940137389597,0.6944266495836002,0.13907408277460806
0.7699999999999997,1,3,3,0.996309963099631,0.024291497975708502,0.5328185328185329,0.021527701890503785,1.0,0.5103007305376698,0.7697132690154758,0.15556947467871998,0.5283757338551859,0.690537084398977,0.08911928100173336
0.7699999999999997,1,4,3,0.9981549815498155,0.02631578947368421,0.5347490347490348,0.02557097584963393,1.0,0.5122353855117499,0.7757209981368258,0.162071701282408,0.5293542074363993,0.6918158567774936,0.1058574200731249
0.7699999999999997,1,5,3,1.0,0.03643724696356275,0.5405405405405406,0.0380612037889547,1.0,0.5182186234817814,0.7283195710393243,0.19088542889273333,0.5324165029469549,0.6948717948717948,0.1392831346766529
0.7699999999999997,1,1,4,0.9981549815498155,0.030303030303030304,0.5361620057859209,0.029704299245039912,1.0,0.514229005926423,0.7292328128871378,0.17391699357171717,0.5298726738491675,0.6922584772872681,0.1153277810941312
0.7699999999999997,1,2,4,1.0,0.026262626262626262,0.5351976856316297,0.027420290080673138,1.0,0.5131313131313131,0.8039533677295974,0.16205747826813258,0.529296875,0.6922094508301405,0.11790134015396522
0.7699999999999997,1,3,4,1.0,0.02631578947368421,0.5357142857142857,0.0275015222244774,1.0,0.513157894736842,0.7857208455613884,0.16222142113076254,0.5298142717497556,0.6926517571884984,0.11807828265824281
0.7699999999999997,1,4,4,1.0,0.02834008097165992,0.5366795366795367,0.02961424980876407,1.0,0.51417004048583,0.7667651247392688,0.16834512458535864,0.5303326810176126,0.6930946291560103,0.12259555914451645
0.7699999999999997,1,5,4,0.9981549815498155,0.02834008097165992,0.5357142857142857,0.027683686371228294,1.0,0.5132475312607377,0.7678032994926661,0.16818975295596186,0.5298726738491675,0.6922584772872681,0.11078209296011404
0.7699999999999997,1,1,5,0.9981549815498155,0.028282828282828285,0.5351976856316297,0.02759814793198711,1.0,0.5132189049163218,0.7639730098694879,0.1680197784274907,0.5293542074363993,0.6918158567774936,0.11060038523804429
0.7699999999999997,1,2,5,1.0,0.03838383838383838,0.5409836065573771,0.04005383035658725,1.0,0.5191919191919192,0.7582836471198546,0.19591793788175288,0.5324165029469549,0.6948717948717948,0.14295519928286737
0.7699999999999997,1,3,5,0.9981549815498155,0.02834008097165992,0.5357142857142857,0.027683686371228294,1.0,0.5132475312607377,0.7687520204504927,0.16818975295596186,0.5298726738491675,0.6922584772872681,0.11078209296011404
0.7699999999999997,1,4,5,1.0,0.02631578947368421,0.5357142857142857,0.0275015222244774,1.0,0.513157894736842,0.7698004985214455,0.16222142113076254,0.5298142717497556,0.6926517571884984,0.11807828265824281
0.7699999999999997,1,5,5,1.0,0.024291497975708502,0.5347490347490348,0.025388398782106397,1.0,0.5121457489878543,0.7960587192368518,0.15585730003983933,0.529296875,0.6922094508301405,0.11339053738126183
0.7799999999999997,1,1,1,1.0,0.028282828282828285,0.5361620057859209,0.029526842849721565,1.0,0.5141414141414141,0.7858276546703562,0.16817499303650435,0.5298142717497556,0.6926517571884984,0.12241178893264348
0.7799999999999997,1,2,1,1.0,0.022222222222222223,0.5332690453230472,0.0232060284295255,1.0,0.5111111111111111,0.7744984496427858,0.14907119849998599,0.5282651072124757,0.6913265306122449,0.10834770235091136
0.7799999999999997,1,3,1,0.9981549815498155,0.02631578947368421,0.5347490347490348,0.02557097584963393,1.0,0.5122353855117499,0.7556429238160588,0.162071701282408,0.5293542074363993,0.6918158567774936,0.1058574200731249
0.7799999999999997,1,4,1,1.0,0.024291497975708502,0.5347490347490348,0.025388398782106397,1.0,0.5121457489878543,0.7562622316454093,0.15585730003983933,0.529296875,0.6922094508301405,0.11339053738126183
0.7799999999999997,1,5,1,0.9981549815498155,0.024291497975708502,0.5337837837837838,0.02345786951023407,1.0,0.5112232397627621,0.7824474961846534,0.1557134538624094,0.5288367546432062,0.6913738019169329,0.10071678665569675
0.7799999999999997,1,1,2,1.0,0.01616161616161616,0.5303760848601736,0.01688174408350559,1.0,0.5080808080808081,0.7574835864088307,0.12712834523274563,0.5267249757045676,0.6900063653723743,0.09226443995426309
0.7799999999999997,1,2,2,0.9981549815498155,0.024242424242424242,0.5332690453230472,0.023384689624576176,1.0,0.5111987028961199,0.7784074187245043,0.15555608802750143,0.5283203125,0.6909323116219668,0.1005491275880183
0.7799999999999997,1,3,2,1.0,0.030364372469635626,0.5376447876447876,0.03172658164619199,1.0,0.5151821862348178,0.7804083937998594,0.17425375883933072,0.5308521057786484,0.6935380678182982,0.12696058863345464
0.7799999999999997,1,4,2,0.9981549815498155,0.02834008097165992,0.5357142857142857,0.027683686371228294,1.0,0.5132475312607377,0.7769846976629233,0.16818975295596186,0.5298726738491675,0.6922584772872681,0.11078209296011404
0.7799999999999997,1,5,2,1.0,0.022267206477732792,0.5337837837837838,0.02327487937038354,1.0,0.5111336032388665,0.7608783153902281,0.14922200399985516,0.5287804878048781,0.6917677089980855,0.10851020368309834
0.7799999999999997,1,1,3,1.0,0.020202020202020204,0.532304725168756,0.02109831933590904,1.0,0.5101010101010102,0.7902743415194686,0.1421338109037403,0.5277507302823758,0.6908859145952836,0.1032551737919
0.7799999999999997,1,2,3,1.0,0.028282828282828285,0.5361620057859209,0.029526842849721565,1.0,0.5141414141414141,0.7856884040980057,0.16817499303650435,0.5298142717497556,0.6926517571884984,0.12241178893264348
0.7799999999999997,1,3,3,0.9981549815498155,0.016194331983805668,0.5299227799227799,0.015001483749043313,1.0,0.5071746567668106,0.7695135976496005,0.12713950268310448,0.5267770204479065,0.6896112173358827,0.07723030789988751
0.7799999999999997,1,4,3,0.9981549815498155,0.022267206477732792,0.5328185328185329,0.021344367241783194,1.0,0.5102110940137742,0.7755247798845315,0.1490842817702366,0.5283203125,0.6909323116219668,0.09532894501856391
0.7799999999999997,1,5,3,1.0,0.032388663967611336,0.5386100386100386,0.033838517847945344,1.0,0.5161943319838056,0.7280220750274058,0.17996850826633903,0.5313725490196078,0.6939820742637645,0.13118859299424307
0.7799999999999997,1,1,4,0.9981549815498155,0.026262626262626262,0.5342333654773385,0.025491611427059347,1.0,0.5122088039062209,0.7289401795215211,0.16190790972840524,0.5288367546432062,0.6913738019169329,0.10568260797281859
0.7799999999999997,1,2,4,1.0,0.022222222222222223,0.5332690453230472,0.0232060284295255,1.0,0.5111111111111111,0.8037425419551467,0.14907119849998599,0.5282651072124757,0.6913265306122449,0.10834770235091136
0.7799999999999997,1,3,4,1.0,0.02631578947368421,0.5357142857142857,0.0275015222244774,1.0,0.513157894736842,0.7855037776753235,0.16222142113076254,0.5298142717497556,0.6926517571884984,0.11807828265824281
0.7799999999999997,1,4,4,1.0,0.024291497975708502,0.5347490347490348,0.025388398782106397,1.0,0.5121457489878543,0.7664331529713015,0.15585730003983933,0.529296875,0.6922094508301405,0.11339053738126183
0.7799999999999997,1,5,4,0.9981549815498155,0.020242914979757085,0.5318532818532818,0.019230468932993832,1.0,0.5091989482647863,0.7676788232441214,0.14214628531246928,0.5278048780487805,0.6904913848117422,0.08965469026215069
0.7799999999999997,1,1,5,0.9981549815498155,0.024242424242424242,0.5332690453230472,0.023384689624576176,1.0,0.5111987028961199,0.7636646842196506,0.15555608802750143,0.5283203125,0.6909323116219668,0.1005491275880183
0.7799999999999997,1,2,5,1.0,0.030303030303030304,0.5371263259402121,0.03163301038870079,1.0,0.5151515151515151,0.7578347842545373,0.17407765595569785,0.5303326810176126,0.6930946291560103,0.12677021457568025
0.7799999999999997,1,3,5,0.9981549815498155,0.02631578947368421,0.5347490347490348,0.02557097584963393,1.0,0.5122353855117499,0.7685071315317691,0.162071701282408,0.5293542074363993,0.6918158567774936,0.1058574200731249
0.7799999999999997,1,4,5,1.0,0.018218623481781375,0.5318532818532818,0.019046652193605754,1.0,0.5091093117408907,0.7694862702648632,0.13497638119975425,0.5277507302823758,0.6908859145952836,0.09805555490256411
0.7799999999999997,1,5,5,1.0,0.016194331983805668,0.5308880308880309,0.016931944205807667,1.0,0.5080971659919029,0.7957791596922078,0.12725695259515554,0.5272373540856031,0.6904458598726114,0.09240268798214453
0.7899999999999996,1,1,1,1.0,0.024242424242424242,0.5342333654773385,0.025313351975854208,1.0,0.5121212121212122,0.7855622573418889,0.1556997888323046,0.5287804878048781,0.6917677089980855,0.11322067353836883
0.7899999999999996,1,2,1,1.0,0.022222222222222223,0.5332690453230472,0.0232060284295255,1.0,0.5111111111111111,0.7743244832283643,0.14907119849998599,0.5282651072124757,0.6913265306122449,0.10834770235091136
0.7899999999999996,1,3,1,0.9981549815498155,0.020242914979757085,0.5318532818532818,0.019230468932993832,1.0,0.5091989482647863,0.7555076896178006,0.14214628531246928,0.5278048780487805,0.6904913848117422,0.08965469026215069
0.7899999999999996,1,4,1,1.0,0.024291497975708502,0.5347490347490348,0.025388398782106397,1.0,0.5121457489878543,0.7560057522991714,0.15585730003983933,0.529296875,0.6922094508301405,0.11339053738126183
0.7899999999999996,1,5,1,0.9981549815498155,0.020242914979757085,0.5318532818532818,0.019230468932993832,1.0,0.5091989482647863,0.782161748735702,0.14214628531246928,0.5278048780487805,0.6904913848117422,0.08965469026215069
0.7899999999999996,1,1,2,1.0,0.012121212121212121,0.5284474445515911,0.012663625371643509,1.0,0.5060606060606061,0.7572368988791678,0.11009637651263605,0.5257032007759457,0.6891290527654164,0.0798258104212253
0.7899999999999996,1,2,2,0.9981549815498155,0.022222222222222223,0.532304725168756,0.02127738241881847,1.0,0.5101886018860189,0.7781320433307206,0.14893361545406103,0.5278048780487805,0.6904913848117422,0.09516873035582141
0.7899999999999996,1,3,2,1.0,0.02631578947368421,0.5357142857142857,0.0275015222244774,1.0,0.513157894736842,0.7800637862799387,0.16222142113076254,0.5298142717497556,0.6926517571884984,0.11807828265824281
0.7899999999999996,1,4,2,0.9981549815498155,0.02631578947368421,0.5347490347490348,0.02557097584963393,1.0,0.5122353855117499,0.7767764763839327,0.162071701282408,0.5293542074363993,0.6918158567774936,0.1058574200731249
0.7899999999999996,1,5,2,1.0,0.016194331983805668,0.5308880308880309,0.016931944205807667,1.0,0.5080971659919029,0.7605468373113211,0.12725695259515554,0.5272373540856031,0.6904458598726114,0.09240268798214453
0.7899999999999996,1,1,3,1.0,0.014141414141414142,0.5294117647058824,0.014772877712968573,1.0,0.507070707070707,0.7900636730933907,0.11891767800211263,0.5262135922330097,0.6895674300254453,0.0862635747845417
0.7899999999999996,1,2,3,1.0,0.024242424242424242,0.5342333654773385,0.025313351975854208,1.0,0.5121212121212122,0.7854147354519943,0.1556997888323046,0.5287804878048781,0.6917677089980855,0.11322067353836883
0.7899999999999996,1,3,3,0.9981549815498155,0.01417004048582996,0.528957528957529,0.012886396651099063,1.0,0.5061625110178227,0.7692952556267014,0.11892811484125082,0.5262645914396887,0.689171974522293,0.07032492397165059
0.7899999999999996,1,4,3,0.9981549815498155,0.022267206477732792,0.5328185328185329,0.021344367241783194,1.0,0.5102110940137742,0.7752773744447823,0.1490842817702366,0.5283203125,0.6909323116219668,0.09532894501856391
0.7899999999999996,1,5,3,1.0,0.02631578947368421,0.5357142857142857,0.0275015222244774,1.0,0.513157894736842,0.7276351850279658,0.16222142113076254,0.5298142717497556,0.6926517571884984,0.11807828265824281
0.7899999999999996,1,1,4,0.9981549815498155,0.026262626262626262,0.5342333654773385,0.025491611427059347,1.0,0.5122088039062209,0.7286808566367168,0.16190790972840524,0.5288367546432062,0.6913738019169329,0.10568260797281859
0.7899999999999996,1,2,4,1.0,0.01818181818181818,0.5313404050144648,0.01899022458918746,1.0,0.509090909090909,0.8034352692985836,0.13483997249264842,0.5272373540856031,0.6904458598726114,0.09790880302938715
0.7899999999999996,1,3,4,1.0,0.02631578947368421,0.5357142857142857,0.0275015222244774,1.0,0.513157894736842,0.7852851631530644,0.16222142113076254,0.5298142717497556,0.6926517571884984,0.11807828265824281
0.7899999999999996,1,4,4,1.0,0.020242914979757085,0.5328185328185329,0.021160963878000535,1.0,0.5101214574898785,0.7661608535306537,0.14227759830611805,0.5282651072124757,0.6913265306122449,0.10340998816397962
0.7899999999999996,1,5,4,0.9981549815498155,0.018218623481781375,0.5308880308880309,0.017116174472537736,1.0,0.5081868025157985,0.767453645152476,0.13485180675586267,0.5272904483430799,0.6900510204081632,0.08364379854444402
0.7899999999999996,1,1,5,0.9981549815498155,0.01818181818181818,0.5303760848601736,0.017061611374407697,1.0,0.5081683998658169,0.7633969315420769,0.1347155239451446,0.5267770204479065,0.6896112173358827,0.08349952522691839
0.7899999999999996,1,2,5,1.0,0.026262626262626262,0.5351976856316297,0.027420290080673138,1.0,0.5131313131313131,0.7575549036505649,0.16205747826813258,0.529296875,0.6922094508301405,0.11790134015396522
0.7899999999999996,1,3,5,0.9981549815498155,0.024291497975708502,0.5337837837837838,0.02345786951023407,1.0,0.5112232397627621,0.7681251757046477,0.1557134538624094,0.5288367546432062,0.6913738019169329,0.10071678665569675
0.7899999999999996,1,4,5,1.0,0.018218623481781375,0.5318532818532818,0.019046652193605754,1.0,0.5091093117408907,0.7692894898428442,0.13497638119975425,0.5277507302823758,0.6908859145952836,0.09805555490256411
0.7899999999999996,1,5,5,1.0,0.01417004048582996,0.5299227799227799,0.01481683980317113,1.0,0.5070850202429149,0.7955092136218106,0.11903797917400127,0.5267249757045676,0.6900063653723743,0.0863927903857233
0.7999999999999996,1,1,1,1.0,0.020202020202020204,0.532304725168756,0.02109831933590904,1.0,0.5101010101010102,0.7852673833308901,0.1421338109037403,0.5277507302823758,0.6908859145952836,0.1032551737919
0.7999999999999996,1,2,1,1.0,0.01818181818181818,0.5313404050144648,0.01899022458918746,1.0,0.509090909090909,0.7740008437861373,0.13483997249264842,0.5272373540856031,0.6904458598726114,0.09790880302938715
0.7999999999999996,1,3,1,0.9981549815498155,0.01417004048582996,0.528957528957529,0.012886396651099063,1.0,0.5061625110178227,0.7552754360159558,0.11892811484125082,0.5262645914396887,0.689171974522293,0.07032492397165059
0.7999999999999996,1,4,1,1.0,0.024291497975708502,0.5347490347490348,0.025388398782106397,1.0,0.5121457489878543,0.755742938510472,0.15585730003983933,0.529296875,0.6922094508301405,0.11339053738126183
0.7999999999999996,1,5,1,0.9981549815498155,0.016194331983805668,0.5299227799227799,0.015001483749043313,1.0,0.5071746567668106,0.7818291721794978,0.12713950268310448,0.5267770204479065,0.6896112173358827,0.07723030789988751
0.7999999999999996,1,1,2,1.0,0.012121212121212121,0.5284474445515911,0.012663625371643509,1.0,0.5060606060606061,0.7570623878229265,0.11009637651263605,0.5257032007759457,0.6891290527654164,0.0798258104212253
0.7999999999999996,1,2,2,0.9981549815498155,0.022222222222222223,0.532304725168756,0.02127738241881847,1.0,0.5101886018860189,0.7778377345383691,0.14893361545406103,0.5278048780487805,0.6904913848117422,0.09516873035582141
0.7999999999999996,1,3,2,1.0,0.024291497975708502,0.5347490347490348,0.025388398782106397,1.0,0.5121457489878543,0.779671156834874,0.15585730003983933,0.529296875,0.6922094508301405,0.11339053738126183
0.7999999999999996,1,4,2,0.9981549815498155,0.022267206477732792,0.5328185328185329,0.021344367241783194,1.0,0.5102110940137742,0.7765146980061189,0.1490842817702366,0.5283203125,0.6909323116219668,0.09532894501856391
0.7999999999999996,1,5,2,1.0,0.01417004048582996,0.5299227799227799,0.01481683980317113,1.0,0.5070850202429149,0.7603157365287325,0.11903797917400127,0.5267249757045676,0.6900063653723743,0.0863927903857233
0.7999999999999996,1,1,3,1.0,0.010101010101010102,0.5274831243972999,0.010553986953558704,1.0,0.505050505050505,0.7898137406909436,0.10050378152592121,0.5251937984496124,0.6886912325285895,0.07283534762138091
0.7999999999999996,1,2,3,1.0,0.020202020202020204,0.532304725168756,0.02109831933590904,1.0,0.5101010101010102,0.7851266119207285,0.1421338109037403,0.5277507302823758,0.6908859145952836,0.1032551737919
0.7999999999999996,1,3,3,0.9981549815498155,0.01417004048582996,0.528957528957529,0.012886396651099063,1.0,0.5061625110178227,0.7690096315040509,0.11892811484125082,0.5262645914396887,0.689171974522293,0.07032492397165059
0.7999999999999996,1,4,3,0.9981549815498155,0.022267206477732792,0.5328185328185329,0.021344367241783194,1.0,0.5102110940137742,0.7749342121822533,0.1490842817702366,0.5283203125,0.6909323116219668,0.09532894501856391
0.7999999999999996,1,5,3,1.0,0.018218623481781375,0.5318532818532818,0.019046652193605754,1.0,0.5091093117408907,0.7274405753230229,0.13497638119975425,0.5277507302823758,0.6908859145952836,0.09805555490256411
0.7999999999999996,1,1,4,0.9981549815498155,0.024242424242424242,0.5332690453230472,0.023384689624576176,1.0,0.5111987028961199,0.7285221459228424,0.15555608802750143,0.5283203125,0.6909323116219668,0.1005491275880183
0.7999999999999996,1,2,4,1.0,0.010101010101010102,0.5274831243972999,0.010553986953558704,1.0,0.505050505050505,0.8032261740474871,0.10050378152592121,0.5251937984496124,0.6886912325285895,0.07283534762138091
0.7999999999999996,1,3,4,1.0,0.022267206477732792,0.5337837837837838,0.02327487937038354,1.0,0.5111336032388665,0.7850669076025949,0.14922200399985516,0.5287804878048781,0.6917677089980855,0.10851020368309834
0.7999999999999996,1,4,4,1.0,0.018218623481781375,0.5318532818532818,0.019046652193605754,1.0,0.5091093117408907,0.765887302803713,0.13497638119975425,0.5277507302823758,0.6908859145952836,0.09805555490256411
0.7999999999999996,1,5,4,0.9981549815498155,0.018218623481781375,0.5308880308880309,0.017116174472537736,1.0,0.5081868025157985,0.7671667213549827,0.13485180675586267,0.5272904483430799,0.6900510204081632,0.08364379854444402
0.7999999999999996,1,1,5,1.0,0.01616161616161616,0.5303760848601736,0.01688174408350559,1.0,0.5080808080808081,0.7632460604135826,0.12712834523274563,0.5267249757045676,0.6900063653723743,0.09226443995426309
0.7999999999999996,1,2,5,1.0,0.024242424242424242,0.5342333654773385,0.025313351975854208,1.0,0.5121212121212122,0.7573086400518544,0.1556997888323046,0.5287804878048781,0.6917677089980855,0.11322067353836883
0.7999999999999996,1,3,5,0.9981549815498155,0.024291497975708502,0.5337837837837838,0.02345786951023407,1.0,0.5112232397627621,0.7678079985062212,0.1557134538624094,0.5288367546432062,0.6913738019169329,0.10071678665569675
0.7999999999999996,1,4,5,1.0,0.016194331983805668,0.5308880308880309,0.016931944205807667,1.0,0.5080971659919029,0.7691160016813656,0.12725695259515554,0.5272373540856031,0.6904458598726114,0.09240268798214453
0.7999999999999996,1,5,5,1.0,0.010121457489878543,0.527992277992278,0.010585441307438779,1.0,0.5050607287449393,0.7952513126774907,0.10060545457319171,0.5257032007759457,0.6891290527654164,0.07294438017384766
0.8099999999999996,1,1,1,1.0,0.014141414141414142,0.5294117647058824,0.014772877712968573,1.0,0.507070707070707,0.7850054157316172,0.11891767800211263,0.5262135922330097,0.6895674300254453,0.0862635747845417
0.8099999999999996,1,2,1,1.0,0.014141414141414142,0.5294117647058824,0.014772877712968573,1.0,0.507070707070707,0.773681261133978,0.11891767800211263,0.5262135922330097,0.6895674300254453,0.0862635747845417
0.8099999999999996,1,3,1,0.9981549815498155,0.012145748987854251,0.527992277992278,0.01077091306724987,1.0,0.5051503652688349,0.7549967138237603,0.11010603914808828,0.5257531584062196,0.6887332908975176,0.06280213913648519
0.8099999999999996,1,4,1,1.0,0.022267206477732792,0.5337837837837838,0.02327487937038354,1.0,0.5111336032388665,0.7554704624768876,0.14922200399985516,0.5287804878048781,0.6917677089980855,0.10851020368309834
0.8099999999999996,1,5,1,0.9981549815498155,0.01417004048582996,0.528957528957529,0.012886396651099063,1.0,0.5061625110178227,0.7815978093007261,0.11892811484125082,0.5262645914396887,0.689171974522293,0.07032492397165059
0.8099999999999996,1,1,2,1.0,0.010101010101010102,0.5274831243972999,0.010553986953558704,1.0,0.505050505050505,0.756839618707089,0.10050378152592121,0.5251937984496124,0.6886912325285895,0.07283534762138091
0.8099999999999996,1,2,2,0.9981549815498155,0.020202020202020204,0.5313404050144648,0.019169689704027732,1.0,0.5091785008759179,0.7775813438495194,0.14200263061653637,0.5272904483430799,0.6900510204081632,0.08950225328383737
0.8099999999999996,1,3,2,1.0,0.01417004048582996,0.5299227799227799,0.01481683980317113,1.0,0.5070850202429149,0.7794168832766796,0.11903797917400127,0.5267249757045676,0.6900063653723743,0.0863927903857233
0.8099999999999996,1,4,2,0.9981549815498155,0.022267206477732792,0.5328185328185329,0.021344367241783194,1.0,0.5102110940137742,0.7763365684082781,0.1490842817702366,0.5283203125,0.6909323116219668,0.09532894501856391
0.8099999999999996,1,5,2,1.0,0.012145748987854251,0.528957528957529,0.012701338874220846,1.0,0.5060728744939271,0.7600167555815742,0.11020775375559676,0.5262135922330097,0.6895674300254453,0.07994534511314105
0.8099999999999996,1,1,3,1.0,0.00808080808080808,0.5265188042430087,0.008443962352702972,1.0,0.5040404040404041,0.7895819108057325,0.08989331499509895,0.5246853823814134,0.6882539682539682,0.06511437535467574
0.8099999999999996,1,2,3,1.0,0.020202020202020204,0.532304725168756,0.02109831933590904,1.0,0.5101010101010102,0.7848497648900618,0.1421338109037403,0.5277507302823758,0.6908859145952836,0.1032551737919
0.8099999999999996,1,3,3,0.9981549815498155,0.01417004048582996,0.528957528957529,0.012886396651099063,1.0,0.5061625110178227,0.7687855678280586,0.11892811484125082,0.5262645914396887,0.689171974522293,0.07032492397165059
0.8099999999999996,1,4,3,1.0,0.018218623481781375,0.5318532818532818,0.019046652193605754,1.0,0.5091093117408907,0.7746893530686937,0.13497638119975425,0.5277507302823758,0.6908859145952836,0.09805555490256411
0.8099999999999996,1,5,3,1.0,0.016194331983805668,0.5308880308880309,0.016931944205807667,1.0,0.5080971659919029,0.7271213678740789,0.12725695259515554,0.5272373540856031,0.6904458598726114,0.09240268798214453
0.8099999999999996,1,1,4,0.9981549815498155,0.01616161616161616,0.5294117647058824,0.014953147324122453,1.0,0.5071582988557158,0.7281932684775412,0.12701101401694728,0.5262645914396887,0.689171974522293,0.07709465199587454
0.8099999999999996,1,2,4,1.0,0.00808080808080808,0.5265188042430087,0.008443962352702972,1.0,0.5040404040404041,0.8030826290238153,0.08989331499509895,0.5246853823814134,0.6882539682539682,0.06511437535467574
0.8099999999999996,1,3,4,1.0,0.016194331983805668,0.5308880308880309,0.016931944205807667,1.0,0.5080971659919029,0.7848633622227625,0.12725695259515554,0.5272373540856031,0.6904458598726114,0.09240268798214453
0.8099999999999996,1,4,4,1.0,0.016194331983805668,0.5308880308880309,0.016931944205807667,1.0,0.5080971659919029,0.7656915641876035,0.12725695259515554,0.5272373540856031,0.6904458598726114,0.09240268798214453
0.8099999999999996,1,5,4,0.9981549815498155,0.01417004048582996,0.528957528957529,0.012886396651099063,1.0,0.5061625110178227,0.766877811217717,0.11892811484125082,0.5262645914396887,0.689171974522293,0.07032492397165059
0.8099999999999996,1,1,5,1.0,0.00808080808080808,0.5265188042430087,0.008443962352702972,1.0,0.5040404040404041,0.7630213114206975,0.08989331499509895,0.5246853823814134,0.6882539682539682,0.06511437535467574
0.8099999999999996,1,2,5,1.0,0.020202020202020204,0.532304725168756,0.02109831933590904,1.0,0.5101010101010102,0.7570601761963776,0.1421338109037403,0.5277507302823758,0.6908859145952836,0.1032551737919
0.8099999999999996,1,3,5,0.9981549815498155,0.024291497975708502,0.5337837837837838,0.02345786951023407,1.0,0.5112232397627621,0.767499676118806,0.1557134538624094,0.5288367546432062,0.6913738019169329,0.10071678665569675
0.8099999999999996,1,4,5,1.0,0.016194331983805668,0.5308880308880309,0.016931944205807667,1.0,0.5080971659919029,0.7688443479111555,0.12725695259515554,0.5272373540856031,0.6904458598726114,0.09240268798214453
0.8099999999999996,1,5,5,1.0,0.010121457489878543,0.527992277992278,0.010585441307438779,1.0,0.5050607287449393,0.7948717616729886,0.10060545457319171,0.5257032007759457,0.6891290527654164,0.07294438017384766
0.8199999999999996,1,1,1,1.0,0.00808080808080808,0.5265188042430087,0.008443962352702972,1.0,0.5040404040404041,0.7846243954738275,0.08989331499509895,0.5246853823814134,0.6882539682539682,0.06511437535467574
0.8199999999999996,1,2,1,1.0,0.010101010101010102,0.5274831243972999,0.010553986953558704,1.0,0.505050505050505,0.7734625559084993,0.10050378152592121,0.5251937984496124,0.6886912325285895,0.07283534762138091
0.8199999999999996,1,3,1,1.0,0.012145748987854251,0.528957528957529,0.012701338874220846,1.0,0.5060728744939271,0.7548107507936778,0.11020775375559676,0.5262135922330097,0.6895674300254453,0.07994534511314105
0.8199999999999996,1,4,1,1.0,0.020242914979757085,0.5328185328185329,0.021160963878000535,1.0,0.5101214574898785,0.755251922777991,0.14227759830611805,0.5282651072124757,0.6913265306122449,0.10340998816397962
0.8199999999999996,1,5,1,1.0,0.008097165991902834,0.527027027027027,0.008469146991265082,1.0,0.5040485829959513,0.7813665839036451,0.08998425413316952,0.5251937984496124,0.6886912325285895,0.06521181920453127
0.8199999999999996,1,1,2,1.0,0.006060606060606061,0.5255544840887174,0.006333551463027009,1.0,0.503030303030303,0.756631596769038,0.0778498944161523,0.5241779497098646,0.6878172588832487,0.056363428380889535
0.8199999999999996,1,2,2,1.0,0.01818181818181818,0.5313404050144648,0.01899022458918746,1.0,0.509090909090909,0.7773118520979072,0.13483997249264842,0.5272373540856031,0.6904458598726114,0.09790880302938715
0.8199999999999996,1,3,2,1.0,0.010121457489878543,0.527992277992278,0.010585441307438779,1.0,0.5050607287449393,0.7791957364044722,0.10060545457319171,0.5257032007759457,0.6891290527654164,0.07294438017384766
0.8199999999999996,1,4,2,1.0,0.006072874493927126,0.5260617760617761,0.006352455814098758,1.0,0.5030364372469636,0.7760285316136406,0.07792865001991967,0.5246853823814134,0.6882539682539682,0.0564477499640197
0.8199999999999996,1,5,2,1.0,0.008097165991902834,0.527027027027027,0.008469146991265082,1.0,0.5040485829959513,0.7597887772454439,0.08998425413316952,0.5251937984496124,0.6886912325285895,0.06521181920453127
0.8199999999999996,1,1,3,1.0,0.00404040404040404,0.5245901639344263,0.004222754178442678,1.0,0.502020202020202,0.7893946636728297,0.06356417261637282,0.523671497584541,0.6873811033608117,0.04599830904158342
0.8199999999999996,1,2,3,1.0,0.012121212121212121,0.5284474445515911,0.012663625371643509,1.0,0.5060606060606061,0.7845891516680441,0.11009637651263605,0.5257032007759457,0.6891290527654164,0.0798258104212253
0.8199999999999996,1,3,3,1.0,0.012145748987854251,0.528957528957529,0.012701338874220846,1.0,0.5060728744939271,0.7685491959312956,0.11020775375559676,0.5262135922330097,0.6895674300254453,0.07994534511314105
0.8199999999999996,1,4,3,1.0,0.01417004048582996,0.5299227799227799,0.01481683980317113,1.0,0.5070850202429149,0.7743659967798551,0.11903797917400127,0.5267249757045676,0.6900063653723743,0.0863927903857233
0.8199999999999996,1,5,3,1.0,0.004048582995951417,0.525096525096525,0.004235367664296252,1.0,0.5020242914979758,0.7269150541069909,0.06362847629757777,0.5241779497098646,0.6878172588832487,0.046067102514137294
0.8199999999999996,1,1,4,0.9981549815498155,0.00808080808080808,0.5255544840887174,0.006515431798266938,1.0,0.5031178948153119,0.7279550212652675,0.08981034929676306,0.5242248062015504,0.6874205844980941,0.044964404638586815
0.8199999999999996,1,2,4,1.0,0.00404040404040404,0.5245901639344263,0.004222754178442678,1.0,0.502020202020202,0.8029052004162658,0.06356417261637282,0.523671497584541,0.6873811033608117,0.04599830904158342
0.8199999999999996,1,3,4,1.0,0.012145748987854251,0.528957528957529,0.012701338874220846,1.0,0.5060728744939271,0.7845800204231496,0.11020775375559676,0.5262135922330097,0.6895674300254453,0.07994534511314105
0.8199999999999996,1,4,4,1.0,0.016194331983805668,0.5308880308880309,0.016931944205807667,1.0,0.5080971659919029,0.7654638869879775,0.12725695259515554,0.5272373540856031,0.6904458598726114,0.09240268798214453
0.8199999999999996,1,5,4,1.0,0.01417004048582996,0.5299227799227799,0.01481683980317113,1.0,0.5070850202429149,0.76660083926957,0.11903797917400127,0.5267249757045676,0.6900063653723743,0.0863927903857233
0.8199999999999996,1,1,5,1.0,0.006060606060606061,0.5255544840887174,0.006333551463027009,1.0,0.503030303030303,0.7627756140812495,0.0778498944161523,0.5241779497098646,0.6878172588832487,0.056363428380889535
0.8199999999999996,1,2,5,1.0,0.014141414141414142,0.5294117647058824,0.014772877712968573,1.0,0.507070707070707,0.7568332355407698,0.11891767800211263,0.5262135922330097,0.6895674300254453,0.0862635747845417
0.8199999999999996,1,3,5,1.0,0.018218623481781375,0.5318532818532818,0.019046652193605754,1.0,0.5091093117408907,0.7672717627002088,0.13497638119975425,0.5277507302823758,0.6908859145952836,0.09805555490256411
0.8199999999999996,1,4,5,1.0,0.01417004048582996,0.5299227799227799,0.01481683980317113,1.0,0.5070850202429149,0.7685721819215849,0.11903797917400127,0.5267249757045676,0.6900063653723743,0.0863927903857233
0.8199999999999996,1,5,5,1.0,0.008097165991902834,0.527027027027027,0.008469146991265082,1.0,0.5040485829959513,0.7947035128476403,0.08998425413316952,0.5251937984496124,0.6886912325285895,0.06521181920453127
0.8299999999999996,1,1,1,1.0,0.006060606060606061,0.5255544840887174,0.006333551463027009,1.0,0.503030303030303,0.7844136592145691,0.0778498944161523,0.5241779497098646,0.6878172588832487,0.056363428380889535
0.8299999999999996,1,2,1,1.0,0.006060606060606061,0.5255544840887174,0.006333551463027009,1.0,0.503030303030303,0.7733391265590469,0.0778498944161523,0.5241779497098646,0.6878172588832487,0.056363428380889535
0.8299999999999996,1,3,1,1.0,0.008097165991902834,0.527027027027027,0.008469146991265082,1.0,0.5040485829959513,0.7546453009697883,0.08998425413316952,0.5251937984496124,0.6886912325285895,0.06521181920453127
0.8299999999999996,1,4,1,1.0,0.01417004048582996,0.5299227799227799,0.01481683980317113,1.0,0.5070850202429149,0.7550259517407449,0.11903797917400127,0.5267249757045676,0.6900063653723743,0.0863927903857233
0.8299999999999996,1,5,1,1.0,0.0020242914979757085,0.5241312741312741,0.002117882430172367,1.0,0.5010121457489878,0.7810975875476904,0.04499212706658476,0.523671497584541,0.6873811033608117,0.03255862036838467
0.8299999999999996,1,1,2,1.0,0.00404040404040404,0.5245901639344263,0.004222754178442678,1.0,0.502020202020202,0.7564243157683725,0.06356417261637282,0.523671497584541,0.6873811033608117,0.04599830904158342
0.8299999999999996,1,2,2,1.0,0.01616161616161616,0.5303760848601736,0.01688174408350559,1.0,0.5080808080808081,0.7770604990479422,0.12712834523274563,0.5267249757045676,0.6900063653723743,0.09226443995426309
0.8299999999999996,1,3,2,1.0,0.008097165991902834,0.527027027027027,0.008469146991265082,1.0,0.5040485829959513,0.7790065995120565,0.08998425413316952,0.5251937984496124,0.6886912325285895,0.06521181920453127
0.8299999999999996,1,4,2,1.0,0.004048582995951417,0.525096525096525,0.004235367664296252,1.0,0.5020242914979758,0.7758874788974041,0.06362847629757777,0.5241779497098646,0.6878172588832487,0.046067102514137294
0.8299999999999996,1,5,2,1.0,0.004048582995951417,0.525096525096525,0.004235367664296252,1.0,0.5020242914979758,0.7594918390356402,0.06362847629757777,0.5241779497098646,0.6878172588832487,0.046067102514137294
0.8299999999999996,1,1,3,1.0,0.0,0.5226615236258437,0.0,1.0,0.5,0.789220628756971,0.0,0.5226615236258437,0.6865104496516783,0.0
0.8299999999999996,1,2,3,1.0,0.006060606060606061,0.5255544840887174,0.006333551463027009,1.0,0.503030303030303,0.7843542343310803,0.0778498944161523,0.5241779497098646,0.6878172588832487,0.056363428380889535
0.8299999999999996,1,3,3,1.0,0.010121457489878543,0.527992277992278,0.010585441307438779,1.0,0.5050607287449393,0.7682401809882671,0.10060545457319171,0.5257032007759457,0.6891290527654164,0.07294438017384766
0.8299999999999996,1,4,3,1.0,0.010121457489878543,0.527992277992278,0.010585441307438779,1.0,0.5050607287449393,0.7741654649923931,0.10060545457319171,0.5257032007759457,0.6891290527654164,0.07294438017384766
0.8299999999999996,1,5,3,1.0,0.004048582995951417,0.525096525096525,0.004235367664296252,1.0,0.5020242914979758,0.7267022480198615,0.06362847629757777,0.5241779497098646,0.6878172588832487,0.046067102514137294
0.8299999999999996,1,1,4,1.0,0.006060606060606061,0.5255544840887174,0.006333551463027009,1.0,0.503030303030303,0.7277743746756331,0.0778498944161523,0.5241779497098646,0.6878172588832487,0.056363428380889535
0.8299999999999996,1,2,4,1.0,0.00404040404040404,0.5245901639344263,0.004222754178442678,1.0,0.502020202020202,0.8026255336364873,0.06356417261637282,0.523671497584541,0.6873811033608117,0.04599830904158342
0.8299999999999996,1,3,4,1.0,0.008097165991902834,0.527027027027027,0.008469146991265082,1.0,0.5040485829959513,0.7842705626624589,0.08998425413316952,0.5251937984496124,0.6886912325285895,0.06521181920453127
0.8299999999999996,1,4,4,1.0,0.01417004048582996,0.5299227799227799,0.01481683980317113,1.0,0.5070850202429149,0.7653493889180731,0.11903797917400127,0.5267249757045676,0.6900063653723743,0.0863927903857233
0.8299999999999996,1,5,4,1.0,0.0020242914979757085,0.5241312741312741,0.002117882430172367,1.0,0.5010121457489878,0.7664195919320829,0.04499212706658476,0.523671497584541,0.6873811033608117,0.03255862036838467
0.8299999999999996,1,1,5,1.0,0.00404040404040404,0.5245901639344263,0.004222754178442678,1.0,0.502020202020202,0.7626836042886265,0.06356417261637282,0.523671497584541,0.6873811033608117,0.04599830904158342
0.8299999999999996,1,2,5,1.0,0.014141414141414142,0.5294117647058824,0.014772877712968573,1.0,0.507070707070707,0.7565779848895334,0.11891767800211263,0.5262135922330097,0.6895674300254453,0.0862635747845417
0.8299999999999996,1,3,5,1.0,0.012145748987854251,0.528957528957529,0.012701338874220846,1.0,0.5060728744939271,0.7669949098537451,0.11020775375559676,0.5262135922330097,0.6895674300254453,0.07994534511314105
0.8299999999999996,1,4,5,1.0,0.004048582995951417,0.525096525096525,0.004235367664296252,1.0,0.5020242914979758,0.768362561364237,0.06362847629757777,0.5241779497098646,0.6878172588832487,0.046067102514137294
0.8299999999999996,1,5,5,1.0,0.004048582995951417,0.525096525096525,0.004235367664296252,1.0,0.5020242914979758,0.7944444653116962,0.06362847629757777,0.5241779497098646,0.6878172588832487,0.046067102514137294
0.8399999999999996,1,1,1,1.0,0.00404040404040404,0.5245901639344263,0.004222754178442678,1.0,0.502020202020202,0.7841334077116333,0.06356417261637282,0.523671497584541,0.6873811033608117,0.04599830904158342
0.8399999999999996,1,2,1,1.0,0.00404040404040404,0.5245901639344263,0.004222754178442678,1.0,0.502020202020202,0.773177929121513,0.06356417261637282,0.523671497584541,0.6873811033608117,0.04599830904158342
0.8399999999999996,1,3,1,1.0,0.006072874493927126,0.5260617760617761,0.006352455814098758,1.0,0.5030364372469636,0.7544140297138365,0.07792865001991967,0.5246853823814134,0.6882539682539682,0.0564477499640197
0.8399999999999996,1,4,1,1.0,0.006072874493927126,0.5260617760617761,0.006352455814098758,1.0,0.5030364372469636,0.754846488211757,0.07792865001991967,0.5246853823814134,0.6882539682539682,0.0564477499640197
0.8399999999999996,1,5,1,1.0,0.0020242914979757085,0.5241312741312741,0.002117882430172367,1.0,0.5010121457489878,0.7808367829575389,0.04499212706658476,0.523671497584541,0.6873811033608117,0.03255862036838467
0.8399999999999996,1,1,2,1.0,0.00404040404040404,0.5245901639344263,0.004222754178442678,1.0,0.502020202020202,0.7562975525336638,0.06356417261637282,0.523671497584541,0.6873811033608117,0.04599830904158342
0.8399999999999996,1,2,2,1.0,0.00808080808080808,0.5265188042430087,0.008443962352702972,1.0,0.5040404040404041,0.7767800521470734,0.08989331499509895,0.5246853823814134,0.6882539682539682,0.06511437535467574
0.8399999999999996,1,3,2,1.0,0.008097165991902834,0.527027027027027,0.008469146991265082,1.0,0.5040485829959513,0.7787858025068808,0.08998425413316952,0.5251937984496124,0.6886912325285895,0.06521181920453127
0.8399999999999996,1,4,2,1.0,0.0020242914979757085,0.5241312741312741,0.002117882430172367,1.0,0.5010121457489878,0.7756077618171067,0.04499212706658476,0.523671497584541,0.6873811033608117,0.03255862036838467
0.8399999999999996,1,5,2,1.0,0.0020242914979757085,0.5241312741312741,0.002117882430172367,1.0,0.5010121457489878,0.7593319054609214,0.04499212706658476,0.523671497584541,0.6873811033608117,0.03255862036838467
0.8399999999999996,1,1,3,1.0,0.0,0.5226615236258437,0.0,1.0,0.5,0.7890663123794119,0.0,0.5226615236258437,0.6865104496516783,0.0
0.8399999999999996,1,2,3,1.0,0.006060606060606061,0.5255544840887174,0.006333551463027009,1.0,0.503030303030303,0.7841376913188827,0.0778498944161523,0.5241779497098646,0.6878172588832487,0.056363428380889535
0.8399999999999996,1,3,3,1.0,0.006072874493927126,0.5260617760617761,0.006352455814098758,1.0,0.5030364372469636,0.7679545204951103,0.07792865001991967,0.5246853823814134,0.6882539682539682,0.0564477499640197
0.8399999999999996,1,4,3,1.0,0.008097165991902834,0.527027027027027,0.008469146991265082,1.0,0.5040485829959513,0.7739511739764576,0.08998425413316952,0.5251937984496124,0.6886912325285895,0.06521181920453127
0.8399999999999996,1,5,3,1.0,0.004048582995951417,0.525096525096525,0.004235367664296252,1.0,0.5020242914979758,0.7264652859442291,0.06362847629757777,0.5241779497098646,0.6878172588832487,0.046067102514137294
0.8399999999999996,1,1,4,1.0,0.006060606060606061,0.5255544840887174,0.006333551463027009,1.0,0.503030303030303,0.7275056889314856,0.0778498944161523,0.5241779497098646,0.6878172588832487,0.056363428380889535
0.8399999999999996,1,2,4,1.0,0.00404040404040404,0.5245901639344263,0.004222754178442678,1.0,0.502020202020202,0.802464485597775,0.06356417261637282,0.523671497584541,0.6873811033608117,0.04599830904158342
0.8399999999999996,1,3,4,1.0,0.006072874493927126,0.5260617760617761,0.006352455814098758,1.0,0.5030364372469636,0.7840993146774126,0.07792865001991967,0.5246853823814134,0.6882539682539682,0.0564477499640197
0.8399999999999996,1,4,4,1.0,0.010121457489878543,0.527992277992278,0.010585441307438779,1.0,0.5050607287449393,0.7651265596437844,0.10060545457319171,0.5257032007759457,0.6891290527654164,0.07294438017384766
0.8399999999999996,1,5,4,1.0,0.0020242914979757085,0.5241312741312741,0.002117882430172367,1.0,0.5010121457489878,0.7662089826486935,0.04499212706658476,0.523671497584541,0.6873811033608117,0.03255862036838467
0.8399999999999996,1,1,5,1.0,0.00202020202020202,0.523625843780135,0.002111570392822294,1.0,0.501010101010101,0.7623968301133346,0.044946657497549475,0.5231660231660231,0.6869455006337135,0.03251001471702307
0.8399999999999996,1,2,5,1.0,0.012121212121212121,0.5284474445515911,0.012663625371643509,1.0,0.5060606060606061,0.756345202551874,0.11009637651263605,0.5257032007759457,0.6891290527654164,0.0798258104212253
0.8399999999999996,1,3,5,1.0,0.006072874493927126,0.5260617760617761,0.006352455814098758,1.0,0.5030364372469636,0.7667546157578886,0.07792865001991967,0.5246853823814134,0.6882539682539682,0.0564477499640197
0.8399999999999996,1,4,5,1.0,0.004048582995951417,0.525096525096525,0.004235367664296252,1.0,0.5020242914979758,0.7681740488931729,0.06362847629757777,0.5241779497098646,0.6878172588832487,0.046067102514137294
0.8399999999999996,1,5,5,1.0,0.0020242914979757085,0.5241312741312741,0.002117882430172367,1.0,0.5010121457489878,0.7942472968083389,0.04499212706658476,0.523671497584541,0.6873811033608117,0.03255862036838467
0.8499999999999996,1,1,1,1.0,0.00202020202020202,0.523625843780135,0.002111570392822294,1.0,0.501010101010101,0.7839051375468168,0.044946657497549475,0.5231660231660231,0.6869455006337135,0.03251001471702307
0.8499999999999996,1,2,1,1.0,0.00202020202020202,0.523625843780135,0.002111570392822294,1.0,0.501010101010101,0.7729479045180844,0.044946657497549475,0.5231660231660231,0.6869455006337135,0.03251001471702307
0.8499999999999996,1,3,1,1.0,0.006072874493927126,0.5260617760617761,0.006352455814098758,1.0,0.5030364372469636,0.7542386346398335,0.07792865001991967,0.5246853823814134,0.6882539682539682,0.0564477499640197
0.8499999999999996,1,4,1,1.0,0.006072874493927126,0.5260617760617761,0.006352455814098758,1.0,0.5030364372469636,0.7546713254100876,0.07792865001991967,0.5246853823814134,0.6882539682539682,0.0564477499640197
0.8499999999999996,1,5,1,1.0,0.0020242914979757085,0.5241312741312741,0.002117882430172367,1.0,0.5010121457489878,0.7806460527074315,0.04499212706658476,0.523671497584541,0.6873811033608117,0.03255862036838467
0.8499999999999996,1,1,2,1.0,0.00202020202020202,0.523625843780135,0.002111570392822294,1.0,0.501010101010101,0.7560891893739965,0.044946657497549475,0.5231660231660231,0.6869455006337135,0.03251001471702307
0.8499999999999996,1,2,2,1.0,0.00404040404040404,0.5245901639344263,0.004222754178442678,1.0,0.502020202020202,0.776526125916809,0.06356417261637282,0.523671497584541,0.6873811033608117,0.04599830904158342
0.8499999999999996,1,3,2,1.0,0.008097165991902834,0.527027027027027,0.008469146991265082,1.0,0.5040485829959513,0.7786012333872664,0.08998425413316952,0.5251937984496124,0.6886912325285895,0.06521181920453127
0.8499999999999996,1,4,2,1.0,0.0020242914979757085,0.5241312741312741,0.002117882430172367,1.0,0.5010121457489878,0.7754194069155211,0.04499212706658476,0.523671497584541,0.6873811033608117,0.03255862036838467
0.8499999999999996,1,5,2,1.0,0.0,0.5231660231660231,0.0,1.0,0.5,0.7591035183810304,0.0,0.5231660231660231,0.6869455006337135,0.0
0.8499999999999996,1,1,3,1.0,0.0,0.5226615236258437,0.0,1.0,0.5,0.7888733411016042,0.0,0.5226615236258437,0.6865104496516783,0.0
0.8499999999999996,1,2,3,1.0,0.006060606060606061,0.5255544840887174,0.006333551463027009,1.0,0.503030303030303,0.7839138068327483,0.0778498944161523,0.5241779497098646,0.6878172588832487,0.056363428380889535
0.8499999999999996,1,3,3,1.0,0.004048582995951417,0.525096525096525,0.004235367664296252,1.0,0.5020242914979758,0.7677357707741881,0.06362847629757777,0.5241779497098646,0.6878172588832487,0.046067102514137294
0.8499999999999996,1,4,3,1.0,0.004048582995951417,0.525096525096525,0.004235367664296252,1.0,0.5020242914979758,0.7736831543953402,0.06362847629757777,0.5241779497098646,0.6878172588832487,0.046067102514137294
0.8499999999999996,1,5,3,1.0,0.004048582995951417,0.525096525096525,0.004235367664296252,1.0,0.5020242914979758,0.7263101150171424,0.06362847629757777,0.5241779497098646,0.6878172588832487,0.046067102514137294
0.8499999999999996,1,1,4,1.0,0.00404040404040404,0.5245901639344263,0.004222754178442678,1.0,0.502020202020202,0.7272640063945808,0.06356417261637282,0.523671497584541,0.6873811033608117,0.04599830904158342
0.8499999999999996,1,2,4,1.0,0.00404040404040404,0.5245901639344263,0.004222754178442678,1.0,0.502020202020202,0.8022246569921343,0.06356417261637282,0.523671497584541,0.6873811033608117,0.04599830904158342
0.8499999999999996,1,3,4,1.0,0.006072874493927126,0.5260617760617761,0.006352455814098758,1.0,0.5030364372469636,0.7839582893615018,0.07792865001991967,0.5246853823814134,0.6882539682539682,0.0564477499640197
0.8499999999999996,1,4,4,1.0,0.0020242914979757085,0.5241312741312741,0.002117882430172367,1.0,0.5010121457489878,0.7649979683703694,0.04499212706658476,0.523671497584541,0.6873811033608117,0.03255862036838467
0.8499999999999996,1,5,4,1.0,0.0020242914979757085,0.5241312741312741,0.002117882430172367,1.0,0.5010121457489878,0.7659769775733387,0.04499212706658476,0.523671497584541,0.6873811033608117,0.03255862036838467
0.8499999999999996,1,1,5,1.0,0.00202020202020202,0.523625843780135,0.002111570392822294,1.0,0.501010101010101,0.7622658097224609,0.044946657497549475,0.5231660231660231,0.6869455006337135,0.03251001471702307
0.8499999999999996,1,2,5,1.0,0.00808080808080808,0.5265188042430087,0.008443962352702972,1.0,0.5040404040404041,0.7561414459176377,0.08989331499509895,0.5246853823814134,0.6882539682539682,0.06511437535467574
0.8499999999999996,1,3,5,1.0,0.006072874493927126,0.5260617760617761,0.006352455814098758,1.0,0.5030364372469636,0.7665675036402758,0.07792865001991967,0.5246853823814134,0.6882539682539682,0.0564477499640197
0.8499999999999996,1,4,5,1.0,0.0020242914979757085,0.5241312741312741,0.002117882430172367,1.0,0.5010121457489878,0.767998736711438,0.04499212706658476,0.523671497584541,0.6873811033608117,0.03255862036838467
0.8499999999999996,1,5,5,1.0,0.0,0.5231660231660231,0.0,1.0,0.5,0.7940515327068,0.0,0.5231660231660231,0.6869455006337135,0.0
0.8599999999999995,1,1,1,1.0,0.00202020202020202,0.523625843780135,0.002111570392822294,1.0,0.501010101010101,0.7838341105975049,0.044946657497549475,0.5231660231660231,0.6869455006337135,0.03251001471702307
0.8599999999999995,1,2,1,1.0,0.00202020202020202,0.523625843780135,0.002111570392822294,1.0,0.501010101010101,0.7727715402743875,0.044946657497549475,0.5231660231660231,0.6869455006337135,0.03251001471702307
0.8599999999999995,1,3,1,1.0,0.004048582995951417,0.525096525096525,0.004235367664296252,1.0,0.5020242914979758,0.7540167770509442,0.06362847629757777,0.5241779497098646,0.6878172588832487,0.046067102514137294
0.8599999999999995,1,4,1,1.0,0.006072874493927126,0.5260617760617761,0.006352455814098758,1.0,0.5030364372469636,0.754535646029571,0.07792865001991967,0.5246853823814134,0.6882539682539682,0.0564477499640197
0.8599999999999995,1,5,1,1.0,0.0020242914979757085,0.5241312741312741,0.002117882430172367,1.0,0.5010121457489878,0.7803781455259973,0.04499212706658476,0.523671497584541,0.6873811033608117,0.03255862036838467
0.8599999999999995,1,1,2,1.0,0.00202020202020202,0.523625843780135,0.002111570392822294,1.0,0.501010101010101,0.7558829292719454,0.044946657497549475,0.5231660231660231,0.6869455006337135,0.03251001471702307
0.8599999999999995,1,2,2,1.0,0.00404040404040404,0.5245901639344263,0.004222754178442678,1.0,0.502020202020202,0.7761788437577748,0.06356417261637282,0.523671497584541,0.6873811033608117,0.04599830904158342
0.8599999999999995,1,3,2,1.0,0.0,0.5231660231660231,0.0,1.0,0.5,0.7784072735060485,0.0,0.5231660231660231,0.6869455006337135,0.0
0.8599999999999995,1,4,2,1.0,0.0020242914979757085,0.5241312741312741,0.002117882430172367,1.0,0.5010121457489878,0.7752017452192601,0.04499212706658476,0.523671497584541,0.6873811033608117,0.03255862036838467
0.8599999999999995,1,5,2,1.0,0.0,0.5231660231660231,0.0,1.0,0.5,0.7589197793530256,0.0,0.5231660231660231,0.6869455006337135,0.0
0.8599999999999995,1,1,3,1.0,0.0,0.5226615236258437,0.0,1.0,0.5,0.7886914443025131,0.0,0.5226615236258437,0.6865104496516783,0.0
0.8599999999999995,1,2,3,1.0,0.006060606060606061,0.5255544840887174,0.006333551463027009,1.0,0.503030303030303,0.7836954116226353,0.0778498944161523,0.5241779497098646,0.6878172588832487,0.056363428380889535
0.8599999999999995,1,3,3,1.0,0.0020242914979757085,0.5241312741312741,0.002117882430172367,1.0,0.5010121457489878,0.767545995350907,0.04499212706658476,0.523671497584541,0.6873811033608117,0.03255862036838467
0.8599999999999995,1,4,3,1.0,0.004048582995951417,0.525096525096525,0.004235367664296252,1.0,0.5020242914979758,0.773502885398413,0.06362847629757777,0.5241779497098646,0.6878172588832487,0.046067102514137294
0.8599999999999995,1,5,3,1.0,0.0020242914979757085,0.5241312741312741,0.002117882430172367,1.0,0.5010121457489878,0.7260876611885881,0.04499212706658476,0.523671497584541,0.6873811033608117,0.03255862036838467
0.8599999999999995,1,1,4,1.0,0.00404040404040404,0.5245901639344263,0.004222754178442678,1.0,0.502020202020202,0.7271004631248742,0.06356417261637282,0.523671497584541,0.6873811033608117,0.04599830904158342
0.8599999999999995,1,2,4,1.0,0.00202020202020202,0.523625843780135,0.002111570392822294,1.0,0.501010101010101,0.8020593194633003,0.044946657497549475,0.5231660231660231,0.6869455006337135,0.03251001471702307
0.8599999999999995,1,3,4,1.0,0.006072874493927126,0.5260617760617761,0.006352455814098758,1.0,0.5030364372469636,0.7837521229123554,0.07792865001991967,0.5246853823814134,0.6882539682539682,0.0564477499640197
0.8599999999999995,1,4,4,1.0,0.0,0.5231660231660231,0.0,1.0,0.5,0.7648466702934202,0.0,0.5231660231660231,0.6869455006337135,0.0
0.8599999999999995,1,5,4,1.0,0.0020242914979757085,0.5241312741312741,0.002117882430172367,1.0,0.5010121457489878,0.7657977952608563,0.04499212706658476,0.523671497584541,0.6873811033608117,0.03255862036838467
0.8599999999999995,1,1,5,1.0,0.00202020202020202,0.523625843780135,0.002111570392822294,1.0,0.501010101010101,0.7619668437697231,0.044946657497549475,0.5231660231660231,0.6869455006337135,0.03251001471702307
0.8599999999999995,1,2,5,1.0,0.00808080808080808,0.5265188042430087,0.008443962352702972,1.0,0.5040404040404041,0.7560055780250408,0.08989331499509895,0.5246853823814134,0.6882539682539682,0.06511437535467574
0.8599999999999995,1,3,5,1.0,0.006072874493927126,0.5260617760617761,0.006352455814098758,1.0,0.5030364372469636,0.76635732327868,0.07792865001991967,0.5246853823814134,0.6882539682539682,0.0564477499640197
0.8599999999999995,1,4,5,1.0,0.0,0.5231660231660231,0.0,1.0,0.5,0.7677426984935823,0.0,0.5231660231660231,0.6869455006337135,0.0
0.8599999999999995,1,5,5,1.0,0.0,0.5231660231660231,0.0,1.0,0.5,0.7938667520970326,0.0,0.5231660231660231,0.6869455006337135,0.0
0.8699999999999996,1,1,1,1.0,0.00202020202020202,0.523625843780135,0.002111570392822294,1.0,0.501010101010101,0.7837107365992977,0.044946657497549475,0.5231660231660231,0.6869455006337135,0.03251001471702307
0.8699999999999996,1,2,1,1.0,0.00202020202020202,0.523625843780135,0.002111570392822294,1.0,0.501010101010101,0.7725338725370607,0.044946657497549475,0.5231660231660231,0.6869455006337135,0.03251001471702307
0.8699999999999996,1,3,1,1.0,0.004048582995951417,0.525096525096525,0.004235367664296252,1.0,0.5020242914979758,0.7538585015507848,0.06362847629757777,0.5241779497098646,0.6878172588832487,0.046067102514137294
0.8699999999999996,1,4,1,1.0,0.004048582995951417,0.525096525096525,0.004235367664296252,1.0,0.5020242914979758,0.7542996867108651,0.06362847629757777,0.5241779497098646,0.6878172588832487,0.046067102514137294
0.8699999999999996,1,5,1,1.0,0.0020242914979757085,0.5241312741312741,0.002117882430172367,1.0,0.5010121457489878,0.780138263049434,0.04499212706658476,0.523671497584541,0.6873811033608117,0.03255862036838467
0.8699999999999996,1,1,2,1.0,0.00202020202020202,0.523625843780135,0.002111570392822294,1.0,0.501010101010101,0.7556886087586472,0.044946657497549475,0.5231660231660231,0.6869455006337135,0.03251001471702307
0.8699999999999996,1,2,2,1.0,0.00404040404040404,0.5245901639344263,0.004222754178442678,1.0,0.502020202020202,0.7758899550314704,0.06356417261637282,0.523671497584541,0.6873811033608117,0.04599830904158342
0.8699999999999996,1,3,2,1.0,0.0,0.5231660231660231,0.0,1.0,0.5,0.7781662462575702,0.0,0.5231660231660231,0.6869455006337135,0.0
0.8699999999999996,1,4,2,1.0,0.0020242914979757085,0.5241312741312741,0.002117882430172367,1.0,0.5010121457489878,0.7749013506347109,0.04499212706658476,0.523671497584541,0.6873811033608117,0.03255862036838467
0.8699999999999996,1,5,2,1.0,0.0,0.5231660231660231,0.0,1.0,0.5,0.7587525263621103,0.0,0.5231660231660231,0.6869455006337135,0.0
0.8699999999999996,1,1,3,1.0,0.0,0.5226615236258437,0.0,1.0,0.5,0.7884917954509018,0.0,0.5226615236258437,0.6865104496516783,0.0
0.8699999999999996,1,2,3,1.0,0.006060606060606061,0.5255544840887174,0.006333551463027009,1.0,0.503030303030303,0.7834997679975342,0.0778498944161523,0.5241779497098646,0.6878172588832487,0.056363428380889535
0.8699999999999996,1,3,3,1.0,0.0020242914979757085,0.5241312741312741,0.002117882430172367,1.0,0.5010121457489878,0.767301236602225,0.04499212706658476,0.523671497584541,0.6873811033608117,0.03255862036838467
0.8699999999999996,1,4,3,1.0,0.004048582995951417,0.525096525096525,0.004235367664296252,1.0,0.5020242914979758,0.7733480450894294,0.06362847629757777,0.5241779497098646,0.6878172588832487,0.046067102514137294
0.8699999999999996,1,5,3,1.0,0.0,0.5231660231660231,0.0,1.0,0.5,0.7258709200426388,0.0,0.5231660231660231,0.6869455006337135,0.0
0.8699999999999996,1,1,4,1.0,0.00404040404040404,0.5245901639344263,0.004222754178442678,1.0,0.502020202020202,0.726859560414852,0.06356417261637282,0.523671497584541,0.6873811033608117,0.04599830904158342
0.8699999999999996,1,2,4,1.0,0.0,0.5226615236258437,0.0,1.0,0.5,0.801801214623029,0.0,0.5226615236258437,0.6865104496516783,0.0
0.8699999999999996,1,3,4,1.0,0.006072874493927126,0.5260617760617761,0.006352455814098758,1.0,0.5030364372469636,0.783527981347855,0.07792865001991967,0.5246853823814134,0.6882539682539682,0.0564477499640197
0.8699999999999996,1,4,4,1.0,0.0,0.5231660231660231,0.0,1.0,0.5,0.7645802292537445,0.0,0.5231660231660231,0.6869455006337135,0.0
0.8699999999999996,1,5,4,1.0,0.0020242914979757085,0.5241312741312741,0.002117882430172367,1.0,0.5010121457489878,0.7655961671030881,0.04499212706658476,0.523671497584541,0.6873811033608117,0.03255862036838467
0.8699999999999996,1,1,5,1.0,0.0,0.5226615236258437,0.0,1.0,0.5,0.7618103789282297,0.0,0.5226615236258437,0.6865104496516783,0.0
0.8699999999999996,1,2,5,1.0,0.00808080808080808,0.5265188042430087,0.008443962352702972,1.0,0.5040404040404041,0.7558074185659032,0.08989331499509895,0.5246853823814134,0.6882539682539682,0.06511437535467574
0.8699999999999996,1,3,5,1.0,0.006072874493927126,0.5260617760617761,0.006352455814098758,1.0,0.5030364372469636,0.7661531497277145,0.07792865001991967,0.5246853823814134,0.6882539682539682,0.0564477499640197
0.8699999999999996,1,4,5,1.0,0.0,0.5231660231660231,0.0,1.0,0.5,0.7675478912754142,0.0,0.5231660231660231,0.6869455006337135,0.0
0.8699999999999996,1,5,5,1.0,0.0,0.5231660231660231,0.0,1.0,0.5,0.7937008878766331,0.0,0.5231660231660231,0.6869455006337135,0.0
0.8799999999999996,1,1,1,1.0,0.0,0.5226615236258437,0.0,1.0,0.5,0.7835529559467598,0.0,0.5226615236258437,0.6865104496516783,0.0
0.8799999999999996,1,2,1,1.0,0.0,0.5226615236258437,0.0,1.0,0.5,0.7722536842729045,0.0,0.5226615236258437,0.6865104496516783,0.0
0.8799999999999996,1,3,1,1.0,0.004048582995951417,0.525096525096525,0.004235367664296252,1.0,0.5020242914979758,0.7536851961299942,0.06362847629757777,0.5241779497098646,0.6878172588832487,0.046067102514137294
0.8799999999999996,1,4,1,1.0,0.0,0.5231660231660231,0.0,1.0,0.5,0.754122441475152,0.0,0.5231660231660231,0.6869455006337135,0.0
0.8799999999999996,1,5,1,1.0,0.0020242914979757085,0.5241312741312741,0.002117882430172367,1.0,0.5010121457489878,0.7799134392947864,0.04499212706658476,0.523671497584541,0.6873811033608117,0.03255862036838467
0.8799999999999996,1,1,2,1.0,0.00202020202020202,0.523625843780135,0.002111570392822294,1.0,0.501010101010101,0.7554925970002176,0.044946657497549475,0.5231660231660231,0.6869455006337135,0.03251001471702307
0.8799999999999996,1,2,2,1.0,0.0,0.5226615236258437,0.0,1.0,0.5,0.7756645834083178,0.0,0.5226615236258437,0.6865104496516783,0.0
0.8799999999999996,1,3,2,1.0,0.0,0.5231660231660231,0.0,1.0,0.5,0.77797724667808,0.0,0.5231660231660231,0.6869455006337135,0.0
0.8799999999999996,1,4,2,1.0,0.0,0.5231660231660231,0.0,1.0,0.5,0.774806835639946,0.0,0.5231660231660231,0.6869455006337135,0.0
0.8799999999999996,1,5,2,1.0,0.0,0.5231660231660231,0.0,1.0,0.5,0.7585401506482271,0.0,0.5231660231660231,0.6869455006337135,0.0
0.8799999999999996,1,1,3,1.0,0.0,0.5226615236258437,0.0,1.0,0.5,0.7882534230376903,0.0,0.5226615236258437,0.6865104496516783,0.0
0.8799999999999996,1,2,3,1.0,0.0,0.5226615236258437,0.0,1.0,0.5,0.7832751920797618,0.0,0.5226615236258437,0.6865104496516783,0.0
0.8799999999999996,1,3,3,1.0,0.0020242914979757085,0.5241312741312741,0.002117882430172367,1.0,0.5010121457489878,0.7671055932706143,0.04499212706658476,0.523671497584541,0.6873811033608117,0.03255862036838467
0.8799999999999996,1,4,3,1.0,0.004048582995951417,0.525096525096525,0.004235367664296252,1.0,0.5020242914979758,0.7731843388689644,0.06362847629757777,0.5241779497098646,0.6878172588832487,0.046067102514137294
0.8799999999999996,1,5,3,1.0,0.0,0.5231660231660231,0.0,1.0,0.5,0.7256776634463514,0.0,0.5231660231660231,0.6869455006337135,0.0
0.8799999999999996,1,1,4,1.0,0.00404040404040404,0.5245901639344263,0.004222754178442678,1.0,0.502020202020202,0.7266281850968253,0.06356417261637282,0.523671497584541,0.6873811033608117,0.04599830904158342
0.8799999999999996,1,2,4,1.0,0.0,0.5226615236258437,0.0,1.0,0.5,0.8016536093180396,0.0,0.5226615236258437,0.6865104496516783,0.0
0.8799999999999996,1,3,4,1.0,0.0,0.5231660231660231,0.0,1.0,0.5,0.7833422422372911,0.0,0.5231660231660231,0.6869455006337135,0.0
0.8799999999999996,1,4,4,1.0,0.0,0.5231660231660231,0.0,1.0,0.5,0.7644067336560647,0.0,0.5231660231660231,0.6869455006337135,0.0
0.8799999999999996,1,5,4,1.0,0.0020242914979757085,0.5241312741312741,0.002117882430172367,1.0,0.5010121457489878,0.7654270455496217,0.04499212706658476,0.523671497584541,0.6873811033608117,0.03255862036838467
0.8799999999999996,1,1,5,1.0,0.0,0.5226615236258437,0.0,1.0,0.5,0.7616252286193045,0.0,0.5226615236258437,0.6865104496516783,0.0
0.8799999999999996,1,2,5,1.0,0.006060606060606061,0.5255544840887174,0.006333551463027009,1.0,0.503030303030303,0.7555634609965693,0.0778498944161523,0.5241779497098646,0.6878172588832487,0.056363428380889535
0.8799999999999996,1,3,5,1.0,0.006072874493927126,0.5260617760617761,0.006352455814098758,1.0,0.5030364372469636,0.7659513656515317,0.07792865001991967,0.5246853823814134,0.6882539682539682,0.0564477499640197
0.8799999999999996,1,4,5,1.0,0.0,0.5231660231660231,0.0,1.0,0.5,0.7673114205465025,0.0,0.5231660231660231,0.6869455006337135,0.0
0.8799999999999996,1,5,5,1.0,0.0,0.5231660231660231,0.0,1.0,0.5,0.7935486642758864,0.0,0.5231660231660231,0.6869455006337135,0.0
0.8899999999999996,1,1,1,1.0,0.0,0.5226615236258437,0.0,1.0,0.5,0.7834242586682464,0.0,0.5226615236258437,0.6865104496516783,0.0
0.8899999999999996,1,2,1,1.0,0.0,0.5226615236258437,0.0,1.0,0.5,0.7721437150969291,0.0,0.5226615236258437,0.6865104496516783,0.0
0.8899999999999996,1,3,1,1.0,0.0,0.5231660231660231,0.0,1.0,0.5,0.7534563756825534,0.0,0.5231660231660231,0.6869455006337135,0.0
0.8899999999999996,1,4,1,1.0,0.0,0.5231660231660231,0.0,1.0,0.5,0.7539230113294102,0.0,0.5231660231660231,0.6869455006337135,0.0
0.8899999999999996,1,5,1,1.0,0.0,0.5231660231660231,0.0,1.0,0.5,0.7796763990837059,0.0,0.5231660231660231,0.6869455006337135,0.0
0.8899999999999996,1,1,2,1.0,0.00202020202020202,0.523625843780135,0.002111570392822294,1.0,0.501010101010101,0.7553220011957853,0.044946657497549475,0.5231660231660231,0.6869455006337135,0.03251001471702307
0.8899999999999996,1,2,2,1.0,0.0,0.5226615236258437,0.0,1.0,0.5,0.7755252123367499,0.0,0.5226615236258437,0.6865104496516783,0.0
0.8899999999999996,1,3,2,1.0,0.0,0.5231660231660231,0.0,1.0,0.5,0.7778475835370189,0.0,0.5231660231660231,0.6869455006337135,0.0
0.8899999999999996,1,4,2,1.0,0.0,0.5231660231660231,0.0,1.0,0.5,0.7747035846454641,0.0,0.5231660231660231,0.6869455006337135,0.0
0.8899999999999996,1,5,2,1.0,0.0,0.5231660231660231,0.0,1.0,0.5,0.7584183059730553,0.0,0.5231660231660231,0.6869455006337135,0.0
0.8899999999999996,1,1,3,1.0,0.0,0.5226615236258437,0.0,1.0,0.5,0.7880605220609167,0.0,0.5226615236258437,0.6865104496516783,0.0
0.8899999999999996,1,2,3,1.0,0.0,0.5226615236258437,0.0,1.0,0.5,0.7831254256122895,0.0,0.5226615236258437,0.6865104496516783,0.0
0.8899999999999996,1,3,3,1.0,0.0,0.5231660231660231,0.0,1.0,0.5,0.7668651919260635,0.0,0.5231660231660231,0.6869455006337135,0.0
0.8899999999999996,1,4,3,1.0,0.004048582995951417,0.525096525096525,0.004235367664296252,1.0,0.5020242914979758,0.7730541915703697,0.06362847629757777,0.5241779497098646,0.6878172588832487,0.046067102514137294
0.8899999999999996,1,5,3,1.0,0.0,0.5231660231660231,0.0,1.0,0.5,0.7254384775131103,0.0,0.5231660231660231,0.6869455006337135,0.0
0.8899999999999996,1,1,4,1.0,0.0,0.5226615236258437,0.0,1.0,0.5,0.726422494812366,0.0,0.5226615236258437,0.6865104496516783,0.0
0.8899999999999996,1,2,4,1.0,0.0,0.5226615236258437,0.0,1.0,0.5,0.8014177184977798,0.0,0.5226615236258437,0.6865104496516783,0.0
0.8899999999999996,1,3,4,1.0,0.0,0.5231660231660231,0.0,1.0,0.5,0.7831091271012411,0.0,0.5231660231660231,0.6869455006337135,0.0
0.8899999999999996,1,4,4,1.0,0.0,0.5231660231660231,0.0,1.0,0.5,0.7642884264461669,0.0,0.5231660231660231,0.6869455006337135,0.0
0.8899999999999996,1,5,4,1.0,0.0,0.5231660231660231,0.0,1.0,0.5,0.7653693597346278,0.0,0.5231660231660231,0.6869455006337135,0.0
0.8899999999999996,1,1,5,1.0,0.0,0.5226615236258437,0.0,1.0,0.5,0.761560718248085,0.0,0.5226615236258437,0.6865104496516783,0.0
0.8899999999999996,1,2,5,1.0,0.0,0.5226615236258437,0.0,1.0,0.5,0.7553950387798333,0.0,0.5226615236258437,0.6865104496516783,0.0
0.8899999999999996,1,3,5,1.0,0.0,0.5231660231660231,0.0,1.0,0.5,0.7657865910763959,0.0,0.5231660231660231,0.6869455006337135,0.0
0.8899999999999996,1,4,5,1.0,0.0,0.5231660231660231,0.0,1.0,0.5,0.7672255077486013,0.0,0.5231660231660231,0.6869455006337135,0.0
0.8899999999999996,1,5,5,1.0,0.0,0.5231660231660231,0.0,1.0,0.5,0.7933615702999688,0.0,0.5231660231660231,0.6869455006337135,0.0
0.8999999999999996,1,1,1,1.0,0.0,0.5226615236258437,0.0,1.0,0.5,0.7832626059671957,0.0,0.5226615236258437,0.6865104496516783,0.0
0.8999999999999996,1,2,1,1.0,0.0,0.5226615236258437,0.0,1.0,0.5,0.7719214886647535,0.0,0.5226615236258437,0.6865104496516783,0.0
0.8999999999999996,1,3,1,1.0,0.0,0.5231660231660231,0.0,1.0,0.5,0.7532160781723691,0.0,0.5231660231660231,0.6869455006337135,0.0
0.8999999999999996,1,4,1,1.0,0.0,0.5231660231660231,0.0,1.0,0.5,0.753735058149545,0.0,0.5231660231660231,0.6869455006337135,0.0
0.8999999999999996,1,5,1,1.0,0.0,0.5231660231660231,0.0,1.0,0.5,0.7795012695176318,0.0,0.5231660231660231,0.6869455006337135,0.0
0.8999999999999996,1,1,2,1.0,0.0,0.5226615236258437,0.0,1.0,0.5,0.7551602388032803,0.0,0.5226615236258437,0.6865104496516783,0.0
0.8999999999999996,1,2,2,1.0,0.0,0.5226615236258437,0.0,1.0,0.5,0.7752920532786884,0.0,0.5226615236258437,0.6865104496516783,0.0
0.8999999999999996,1,3,2,1.0,0.0,0.5231660231660231,0.0,1.0,0.5,0.7776697300465039,0.0,0.5231660231660231,0.6869455006337135,0.0
0.8999999999999996,1,4,2,1.0,0.0,0.5231660231660231,0.0,1.0,0.5,0.7744703957003148,0.0,0.5231660231660231,0.6869455006337135,0.0
0.8999999999999996,1,5,2,1.0,0.0,0.5231660231660231,0.0,1.0,0.5,0.7583099448079361,0.0,0.5231660231660231,0.6869455006337135,0.0
0.8999999999999996,1,1,3,1.0,0.0,0.5226615236258437,0.0,1.0,0.5,0.7879298534144037,0.0,0.5226615236258437,0.6865104496516783,0.0
0.8999999999999996,1,2,3,1.0,0.0,0.5226615236258437,0.0,1.0,0.5,0.7829805606808253,0.0,0.5226615236258437,0.6865104496516783,0.0
0.8999999999999996,1,3,3,1.0,0.0,0.5231660231660231,0.0,1.0,0.5,0.7667341590526734,0.0,0.5231660231660231,0.6869455006337135,0.0
0.8999999999999996,1,4,3,1.0,0.0,0.5231660231660231,0.0,1.0,0.5,0.7728546396868547,0.0,0.5231660231660231,0.6869455006337135,0.0
0.8999999999999996,1,5,3,1.0,0.0,0.5231660231660231,0.0,1.0,0.5,0.7255020608797735,0.0,0.5231660231660231,0.6869455006337135,0.0
0.8999999999999996,1,1,4,1.0,0.0,0.5226615236258437,0.0,1.0,0.5,0.7261418515718168,0.0,0.5226615236258437,0.6865104496516783,0.0
0.8999999999999996,1,2,4,1.0,0.0,0.5226615236258437,0.0,1.0,0.5,0.8012759604563708,0.0,0.5226615236258437,0.6865104496516783,0.0
0.8999999999999996,1,3,4,1.0,0.0,0.5231660231660231,0.0,1.0,0.5,0.7829742201702973,0.0,0.5231660231660231,0.6869455006337135,0.0
0.8999999999999996,1,4,4,1.0,0.0,0.5231660231660231,0.0,1.0,0.5,0.7640852945205991,0.0,0.5231660231660231,0.6869455006337135,0.0
0.8999999999999996,1,5,4,1.0,0.0,0.5231660231660231,0.0,1.0,0.5,0.7652215906014388,0.0,0.5231660231660231,0.6869455006337135,0.0
0.8999999999999996,1,1,5,1.0,0.0,0.5226615236258437,0.0,1.0,0.5,0.7614074002994313,0.0,0.5226615236258437,0.6865104496516783,0.0
0.8999999999999996,1,2,5,1.0,0.0,0.5226615236258437,0.0,1.0,0.5,0.7552134661992769,0.0,0.5226615236258437,0.6865104496516783,0.0
0.8999999999999996,1,3,5,1.0,0.0,0.5231660231660231,0.0,1.0,0.5,0.7656167545692654,0.0,0.5231660231660231,0.6869455006337135,0.0
0.8999999999999996,1,4,5,1.0,0.0,0.5231660231660231,0.0,1.0,0.5,0.7670188456074766,0.0,0.5231660231660231,0.6869455006337135,0.0
0.8999999999999996,1,5,5,1.0,0.0,0.5231660231660231,0.0,1.0,0.5,0.7932448047100171,0.0,0.5231660231660231,0.6869455006337135,0.0
0.9099999999999996,1,1,1,1.0,0.0,0.5226615236258437,0.0,1.0,0.5,0.7831099739656611,0.0,0.5226615236258437,0.6865104496516783,0.0
0.9099999999999996,1,2,1,1.0,0.0,0.5226615236258437,0.0,1.0,0.5,0.771630246158464,0.0,0.5226615236258437,0.6865104496516783,0.0
0.9099999999999996,1,3,1,1.0,0.0,0.5231660231660231,0.0,1.0,0.5,0.7531636496966094,0.0,0.5231660231660231,0.6869455006337135,0.0
0.9099999999999996,1,4,1,1.0,0.0,0.5231660231660231,0.0,1.0,0.5,0.7536619493632217,0.0,0.5231660231660231,0.6869455006337135,0.0
0.9099999999999996,1,5,1,1.0,0.0,0.5231660231660231,0.0,1.0,0.5,0.7793237050674656,0.0,0.5231660231660231,0.6869455006337135,0.0
0.9099999999999996,1,1,2,1.0,0.0,0.5226615236258437,0.0,1.0,0.5,0.7550485798064857,0.0,0.5226615236258437,0.6865104496516783,0.0
0.9099999999999996,1,2,2,1.0,0.0,0.5226615236258437,0.0,1.0,0.5,0.7750951517262927,0.0,0.5226615236258437,0.6865104496516783,0.0
0.9099999999999996,1,3,2,1.0,0.0,0.5231660231660231,0.0,1.0,0.5,0.7774958011574706,0.0,0.5231660231660231,0.6869455006337135,0.0
0.9099999999999996,1,4,2,1.0,0.0,0.5231660231660231,0.0,1.0,0.5,0.774312776600357,0.0,0.5231660231660231,0.6869455006337135,0.0
0.9099999999999996,1,5,2,1.0,0.0,0.5231660231660231,0.0,1.0,0.5,0.7581549032294743,0.0,0.5231660231660231,0.6869455006337135,0.0
0.9099999999999996,1,1,3,1.0,0.0,0.5226615236258437,0.0,1.0,0.5,0.7878366020062155,0.0,0.5226615236258437,0.6865104496516783,0.0
0.9099999999999996,1,2,3,1.0,0.0,0.5226615236258437,0.0,1.0,0.5,0.7828726466766063,0.0,0.5226615236258437,0.6865104496516783,0.0
0.9099999999999996,1,3,3,1.0,0.0,0.5231660231660231,0.0,1.0,0.5,0.7665250080336437,0.0,0.5231660231660231,0.6869455006337135,0.0
0.9099999999999996,1,4,3,1.0,0.0,0.5231660231660231,0.0,1.0,0.5,0.7727535290465729,0.0,0.5231660231660231,0.6869455006337135,0.0
0.9099999999999996,1,5,3,1.0,0.0,0.5231660231660231,0.0,1.0,0.5,0.7253187238384243,0.0,0.5231660231660231,0.6869455006337135,0.0
0.9099999999999996,1,1,4,1.0,0.0,0.5226615236258437,0.0,1.0,0.5,0.7259545954327083,0.0,0.5226615236258437,0.6865104496516783,0.0
0.9099999999999996,1,2,4,1.0,0.0,0.5226615236258437,0.0,1.0,0.5,0.8011069460057193,0.0,0.5226615236258437,0.6865104496516783,0.0
0.9099999999999996,1,3,4,1.0,0.0,0.5231660231660231,0.0,1.0,0.5,0.7828359697822901,0.0,0.5231660231660231,0.6869455006337135,0.0
0.9099999999999996,1,4,4,1.0,0.0,0.5231660231660231,0.0,1.0,0.5,0.7638894880618841,0.0,0.5231660231660231,0.6869455006337135,0.0
0.9099999999999996,1,5,4,1.0,0.0,0.5231660231660231,0.0,1.0,0.5,0.7650708882699636,0.0,0.5231660231660231,0.6869455006337135,0.0
0.9099999999999996,1,1,5,1.0,0.0,0.5226615236258437,0.0,1.0,0.5,0.7612579437235627,0.0,0.5226615236258437,0.6865104496516783,0.0
0.9099999999999996,1,2,5,1.0,0.0,0.5226615236258437,0.0,1.0,0.5,0.7550195614671535,0.0,0.5226615236258437,0.6865104496516783,0.0
0.9099999999999996,1,3,5,1.0,0.0,0.5231660231660231,0.0,1.0,0.5,0.765438008043881,0.0,0.5231660231660231,0.6869455006337135,0.0
0.9099999999999996,1,4,5,1.0,0.0,0.5231660231660231,0.0,1.0,0.5,0.7668499007679674,0.0,0.5231660231660231,0.6869455006337135,0.0
0.9099999999999996,1,5,5,1.0,0.0,0.5231660231660231,0.0,1.0,0.5,0.7931026394287014,0.0,0.5231660231660231,0.6869455006337135,0.0
0.9199999999999996,1,1,1,1.0,0.0,0.5226615236258437,0.0,1.0,0.5,0.7829978179631761,0.0,0.5226615236258437,0.6865104496516783,0.0
0.9199999999999996,1,2,1,1.0,0.0,0.5226615236258437,0.0,1.0,0.5,0.771442638263596,0.0,0.5226615236258437,0.6865104496516783,0.0
0.9199999999999996,1,3,1,1.0,0.0,0.5231660231660231,0.0,1.0,0.5,0.7530214072529111,0.0,0.5231660231660231,0.6869455006337135,0.0
0.9199999999999996,1,4,1,1.0,0.0,0.5231660231660231,0.0,1.0,0.5,0.7535240093547053,0.0,0.5231660231660231,0.6869455006337135,0.0
0.9199999999999996,1,5,1,1.0,0.0,0.5231660231660231,0.0,1.0,0.5,0.7790553846597977,0.0,0.5231660231660231,0.6869455006337135,0.0
0.9199999999999996,1,1,2,1.0,0.0,0.5226615236258437,0.0,1.0,0.5,0.75492482253229,0.0,0.5226615236258437,0.6865104496516783,0.0
0.9199999999999996,1,2,2,1.0,0.0,0.5226615236258437,0.0,1.0,0.5,0.7749530023160903,0.0,0.5226615236258437,0.6865104496516783,0.0
0.9199999999999996,1,3,2,1.0,0.0,0.5231660231660231,0.0,1.0,0.5,0.7773448554988042,0.0,0.5231660231660231,0.6869455006337135,0.0
0.9199999999999996,1,4,2,1.0,0.0,0.5231660231660231,0.0,1.0,0.5,0.7741725027347668,0.0,0.5231660231660231,0.6869455006337135,0.0
0.9199999999999996,1,5,2,1.0,0.0,0.5231660231660231,0.0,1.0,0.5,0.7581263508273658,0.0,0.5231660231660231,0.6869455006337135,0.0
0.9199999999999996,1,1,3,1.0,0.0,0.5226615236258437,0.0,1.0,0.5,0.7877454703607317,0.0,0.5226615236258437,0.6865104496516783,0.0
0.9199999999999996,1,2,3,1.0,0.0,0.5226615236258437,0.0,1.0,0.5,0.7827102373497786,0.0,0.5226615236258437,0.6865104496516783,0.0
0.9199999999999996,1,3,3,1.0,0.0,0.5231660231660231,0.0,1.0,0.5,0.7663599813713041,0.0,0.5231660231660231,0.6869455006337135,0.0
0.9199999999999996,1,4,3,1.0,0.0,0.5231660231660231,0.0,1.0,0.5,0.7726700429663138,0.0,0.5231660231660231,0.6869455006337135,0.0
0.9199999999999996,1,5,3,1.0,0.0,0.5231660231660231,0.0,1.0,0.5,0.7251978950022977,0.0,0.5231660231660231,0.6869455006337135,0.0
0.9199999999999996,1,1,4,1.0,0.0,0.5226615236258437,0.0,1.0,0.5,0.7257978295607073,0.0,0.5226615236258437,0.6865104496516783,0.0
0.9199999999999996,1,2,4,1.0,0.0,0.5226615236258437,0.0,1.0,0.5,0.8009325561455864,0.0,0.5226615236258437,0.6865104496516783,0.0
0.9199999999999996,1,3,4,1.0,0.0,0.5231660231660231,0.0,1.0,0.5,0.7827345861725908,0.0,0.5231660231660231,0.6869455006337135,0.0
0.9199999999999996,1,4,4,1.0,0.0,0.5231660231660231,0.0,1.0,0.5,0.7637619415234338,0.0,0.5231660231660231,0.6869455006337135,0.0
0.9199999999999996,1,5,4,1.0,0.0,0.5231660231660231,0.0,1.0,0.5,0.7649467774254438,0.0,0.5231660231660231,0.6869455006337135,0.0
0.9199999999999996,1,1,5,1.0,0.0,0.5226615236258437,0.0,1.0,0.5,0.7611760096785521,0.0,0.5226615236258437,0.6865104496516783,0.0
0.9199999999999996,1,2,5,1.0,0.0,0.5226615236258437,0.0,1.0,0.5,0.7548765099294241,0.0,0.5226615236258437,0.6865104496516783,0.0
0.9199999999999996,1,3,5,1.0,0.0,0.5231660231660231,0.0,1.0,0.5,0.7652123045626316,0.0,0.5231660231660231,0.6869455006337135,0.0
0.9199999999999996,1,4,5,1.0,0.0,0.5231660231660231,0.0,1.0,0.5,0.766692571627385,0.0,0.5231660231660231,0.6869455006337135,0.0
0.9199999999999996,1,5,5,1.0,0.0,0.5231660231660231,0.0,1.0,0.5,0.7929536287325231,0.0,0.5231660231660231,0.6869455006337135,0.0
0.9299999999999996,1,1,1,1.0,0.0,0.5226615236258437,0.0,1.0,0.5,0.7828473491440611,0.0,0.5226615236258437,0.6865104496516783,0.0
0.9299999999999996,1,2,1,1.0,0.0,0.5226615236258437,0.0,1.0,0.5,0.77124695901158,0.0,0.5226615236258437,0.6865104496516783,0.0
0.9299999999999996,1,3,1,1.0,0.0,0.5231660231660231,0.0,1.0,0.5,0.7528935001304591,0.0,0.5231660231660231,0.6869455006337135,0.0
0.9299999999999996,1,4,1,1.0,0.0,0.5231660231660231,0.0,1.0,0.5,0.7533871959735137,0.0,0.5231660231660231,0.6869455006337135,0.0
0.9299999999999996,1,5,1,1.0,0.0,0.5231660231660231,0.0,1.0,0.5,0.7789336798253769,0.0,0.5231660231660231,0.6869455006337135,0.0
0.9299999999999996,1,1,2,1.0,0.0,0.5226615236258437,0.0,1.0,0.5,0.7547927531394889,0.0,0.5226615236258437,0.6865104496516783,0.0
0.9299999999999996,1,2,2,1.0,0.0,0.5226615236258437,0.0,1.0,0.5,0.7748143178380896,0.0,0.5226615236258437,0.6865104496516783,0.0
0.9299999999999996,1,3,2,1.0,0.0,0.5231660231660231,0.0,1.0,0.5,0.7773031833741396,0.0,0.5231660231660231,0.6869455006337135,0.0
0.9299999999999996,1,4,2,1.0,0.0,0.5231660231660231,0.0,1.0,0.5,0.7739756455347054,0.0,0.5231660231660231,0.6869455006337135,0.0
0.9299999999999996,1,5,2,1.0,0.0,0.5231660231660231,0.0,1.0,0.5,0.758015751031301,0.0,0.5231660231660231,0.6869455006337135,0.0
0.9299999999999996,1,1,3,1.0,0.0,0.5226615236258437,0.0,1.0,0.5,0.7876211368599204,0.0,0.5226615236258437,0.6865104496516783,0.0
0.9299999999999996,1,2,3,1.0,0.0,0.5226615236258437,0.0,1.0,0.5,0.7825943018328441,0.0,0.5226615236258437,0.6865104496516783,0.0
0.9299999999999996,1,3,3,1.0,0.0,0.5231660231660231,0.0,1.0,0.5,0.766207606191389,0.0,0.5231660231660231,0.6869455006337135,0.0
0.9299999999999996,1,4,3,1.0,0.0,0.5231660231660231,0.0,1.0,0.5,0.7725434155009138,0.0,0.5231660231660231,0.6869455006337135,0.0
0.9299999999999996,1,5,3,1.0,0.0,0.5231660231660231,0.0,1.0,0.5,0.7250857894422622,0.0,0.5231660231660231,0.6869455006337135,0.0
0.9299999999999996,1,1,4,1.0,0.0,0.5226615236258437,0.0,1.0,0.5,0.725673441323383,0.0,0.5226615236258437,0.6865104496516783,0.0
0.9299999999999996,1,2,4,1.0,0.0,0.5226615236258437,0.0,1.0,0.5,0.8007066949129877,0.0,0.5226615236258437,0.6865104496516783,0.0
0.9299999999999996,1,3,4,1.0,0.0,0.5231660231660231,0.0,1.0,0.5,0.7825716831486662,0.0,0.5231660231660231,0.6869455006337135,0.0
0.9299999999999996,1,4,4,1.0,0.0,0.5231660231660231,0.0,1.0,0.5,0.7636157001204569,0.0,0.5231660231660231,0.6869455006337135,0.0
0.9299999999999996,1,5,4,1.0,0.0,0.5231660231660231,0.0,1.0,0.5,0.7647675981836315,0.0,0.5231660231660231,0.6869455006337135,0.0
0.9299999999999996,1,1,5,1.0,0.0,0.5226615236258437,0.0,1.0,0.5,0.7610605993315344,0.0,0.5226615236258437,0.6865104496516783,0.0
0.9299999999999996,1,2,5,1.0,0.0,0.5226615236258437,0.0,1.0,0.5,0.754702458359714,0.0,0.5226615236258437,0.6865104496516783,0.0
0.9299999999999996,1,3,5,1.0,0.0,0.5231660231660231,0.0,1.0,0.5,0.7649945572259425,0.0,0.5231660231660231,0.6869455006337135,0.0
0.9299999999999996,1,4,5,1.0,0.0,0.5231660231660231,0.0,1.0,0.5,0.7665658388188968,0.0,0.5231660231660231,0.6869455006337135,0.0
0.9299999999999996,1,5,5,1.0,0.0,0.5231660231660231,0.0,1.0,0.5,0.7927834643602016,0.0,0.5231660231660231,0.6869455006337135,0.0
0.9399999999999996,1,1,1,1.0,0.0,0.5226615236258437,0.0,1.0,0.5,0.7827739126486402,0.0,0.5226615236258437,0.6865104496516783,0.0
0.9399999999999996,1,2,1,1.0,0.0,0.5226615236258437,0.0,1.0,0.5,0.7711163795646512,0.0,0.5226615236258437,0.6865104496516783,0.0
0.9399999999999996,1,3,1,1.0,0.0,0.5231660231660231,0.0,1.0,0.5,0.7527678683311292,0.0,0.5231660231660231,0.6869455006337135,0.0
0.9399999999999996,1,4,1,1.0,0.0,0.5231660231660231,0.0,1.0,0.5,0.7531918506517157,0.0,0.5231660231660231,0.6869455006337135,0.0
0.9399999999999996,1,5,1,1.0,0.0,0.5231660231660231,0.0,1.0,0.5,0.7787029913063679,0.0,0.5231660231660231,0.6869455006337135,0.0
0.9399999999999996,1,1,2,1.0,0.0,0.5226615236258437,0.0,1.0,0.5,0.7546577644816572,0.0,0.5226615236258437,0.6865104496516783,0.0
0.9399999999999996,1,2,2,1.0,0.0,0.5226615236258437,0.0,1.0,0.5,0.7746213495336884,0.0,0.5226615236258437,0.6865104496516783,0.0
0.9399999999999996,1,3,2,1.0,0.0,0.5231660231660231,0.0,1.0,0.5,0.7771750169360158,0.0,0.5231660231660231,0.6869455006337135,0.0
0.9399999999999996,1,4,2,1.0,0.0,0.5231660231660231,0.0,1.0,0.5,0.7737829808594754,0.0,0.5231660231660231,0.6869455006337135,0.0
0.9399999999999996,1,5,2,1.0,0.0,0.5231660231660231,0.0,1.0,0.5,0.7578774794332219,0.0,0.5231660231660231,0.6869455006337135,0.0
0.9399999999999996,1,1,3,1.0,0.0,0.5226615236258437,0.0,1.0,0.5,0.7874600029706804,0.0,0.5226615236258437,0.6865104496516783,0.0
0.9399999999999996,1,2,3,1.0,0.0,0.5226615236258437,0.0,1.0,0.5,0.7824125354317399,0.0,0.5226615236258437,0.6865104496516783,0.0
0.9399999999999996,1,3,3,1.0,0.0,0.5231660231660231,0.0,1.0,0.5,0.7660152416788146,0.0,0.5231660231660231,0.6869455006337135,0.0
0.9399999999999996,1,4,3,1.0,0.0,0.5231660231660231,0.0,1.0,0.5,0.7724085846612669,0.0,0.5231660231660231,0.6869455006337135,0.0
0.9399999999999996,1,5,3,1.0,0.0,0.5231660231660231,0.0,1.0,0.5,0.7250114053632647,0.0,0.5231660231660231,0.6869455006337135,0.0
0.9399999999999996,1,1,4,1.0,0.0,0.5226615236258437,0.0,1.0,0.5,0.7253561873732542,0.0,0.5226615236258437,0.6865104496516783,0.0
0.9399999999999996,1,2,4,1.0,0.0,0.5226615236258437,0.0,1.0,0.5,0.8005706370330585,0.0,0.5226615236258437,0.6865104496516783,0.0
0.9399999999999996,1,3,4,1.0,0.0,0.5231660231660231,0.0,1.0,0.5,0.7824740491600346,0.0,0.5231660231660231,0.6869455006337135,0.0
0.9399999999999996,1,4,4,1.0,0.0,0.5231660231660231,0.0,1.0,0.5,0.7633971823823029,0.0,0.5231660231660231,0.6869455006337135,0.0
0.9399999999999996,1,5,4,1.0,0.0,0.5231660231660231,0.0,1.0,0.5,0.7646654309839016,0.0,0.5231660231660231,0.6869455006337135,0.0
0.9399999999999996,1,1,5,1.0,0.0,0.5226615236258437,0.0,1.0,0.5,0.760909047665518,0.0,0.5226615236258437,0.6865104496516783,0.0
0.9399999999999996,1,2,5,1.0,0.0,0.5226615236258437,0.0,1.0,0.5,0.7545754781848262,0.0,0.5226615236258437,0.6865104496516783,0.0
0.9399999999999996,1,3,5,1.0,0.0,0.5231660231660231,0.0,1.0,0.5,0.7648002920735968,0.0,0.5231660231660231,0.6869455006337135,0.0
0.9399999999999996,1,4,5,1.0,0.0,0.5231660231660231,0.0,1.0,0.5,0.7663860397293911,0.0,0.5231660231660231,0.6869455006337135,0.0
0.9399999999999996,1,5,5,1.0,0.0,0.5231660231660231,0.0,1.0,0.5,0.7925450232790299,0.0,0.5231660231660231,0.6869455006337135,0.0
0.9499999999999995,1,1,1,1.0,0.0,0.5226615236258437,0.0,1.0,0.5,0.7826723093174264,0.0,0.5226615236258437,0.6865104496516783,0.0
0.9499999999999995,1,2,1,1.0,0.0,0.5226615236258437,0.0,1.0,0.5,0.7710054051015275,0.0,0.5226615236258437,0.6865104496516783,0.0
0.9499999999999995,1,3,1,1.0,0.0,0.5231660231660231,0.0,1.0,0.5,0.7525951883681492,0.0,0.5231660231660231,0.6869455006337135,0.0
0.9499999999999995,1,4,1,1.0,0.0,0.5231660231660231,0.0,1.0,0.5,0.7530194145586784,0.0,0.5231660231660231,0.6869455006337135,0.0
0.9499999999999995,1,5,1,1.0,0.0,0.5231660231660231,0.0,1.0,0.5,0.7785677662356993,0.0,0.5231660231660231,0.6869455006337135,0.0
0.9499999999999995,1,1,2,1.0,0.0,0.5226615236258437,0.0,1.0,0.5,0.7545824200866976,0.0,0.5226615236258437,0.6865104496516783,0.0
0.9499999999999995,1,2,2,1.0,0.0,0.5226615236258437,0.0,1.0,0.5,0.7745038084152488,0.0,0.5226615236258437,0.6865104496516783,0.0
0.9499999999999995,1,3,2,1.0,0.0,0.5231660231660231,0.0,1.0,0.5,0.7770517554571094,0.0,0.5231660231660231,0.6869455006337135,0.0
0.9499999999999995,1,4,2,1.0,0.0,0.5231660231660231,0.0,1.0,0.5,0.7736831751540405,0.0,0.5231660231660231,0.6869455006337135,0.0
0.9499999999999995,1,5,2,1.0,0.0,0.5231660231660231,0.0,1.0,0.5,0.7577522342149161,0.0,0.5231660231660231,0.6869455006337135,0.0
0.9499999999999995,1,1,3,1.0,0.0,0.5226615236258437,0.0,1.0,0.5,0.7873068895524444,0.0,0.5226615236258437,0.6865104496516783,0.0
0.9499999999999995,1,2,3,1.0,0.0,0.5226615236258437,0.0,1.0,0.5,0.7822510296539557,0.0,0.5226615236258437,0.6865104496516783,0.0
0.9499999999999995,1,3,3,1.0,0.0,0.5231660231660231,0.0,1.0,0.5,0.7658918237275599,0.0,0.5231660231660231,0.6869455006337135,0.0
0.9499999999999995,1,4,3,1.0,0.0,0.5231660231660231,0.0,1.0,0.5,0.7723364183343187,0.0,0.5231660231660231,0.6869455006337135,0.0
0.9499999999999995,1,5,3,1.0,0.0,0.5231660231660231,0.0,1.0,0.5,0.7248567297243063,0.0,0.5231660231660231,0.6869455006337135,0.0
0.9499999999999995,1,1,4,1.0,0.0,0.5226615236258437,0.0,1.0,0.5,0.725253210001418,0.0,0.5226615236258437,0.6865104496516783,0.0
0.9499999999999995,1,2,4,1.0,0.0,0.5226615236258437,0.0,1.0,0.5,0.8004474939745332,0.0,0.5226615236258437,0.6865104496516783,0.0
0.9499999999999995,1,3,4,1.0,0.0,0.5231660231660231,0.0,1.0,0.5,0.7823052883288882,0.0,0.5231660231660231,0.6869455006337135,0.0
0.9499999999999995,1,4,4,1.0,0.0,0.5231660231660231,0.0,1.0,0.5,0.763238359864662,0.0,0.5231660231660231,0.6869455006337135,0.0
0.9499999999999995,1,5,4,1.0,0.0,0.5231660231660231,0.0,1.0,0.5,0.7644895554837963,0.0,0.5231660231660231,0.6869455006337135,0.0
0.9499999999999995,1,1,5,1.0,0.0,0.5226615236258437,0.0,1.0,0.5,0.7608529414308657,0.0,0.5226615236258437,0.6865104496516783,0.0
0.9499999999999995,1,2,5,1.0,0.0,0.5226615236258437,0.0,1.0,0.5,0.7544707862687436,0.0,0.5226615236258437,0.6865104496516783,0.0
0.9499999999999995,1,3,5,1.0,0.0,0.5231660231660231,0.0,1.0,0.5,0.7646664371249985,0.0,0.5231660231660231,0.6869455006337135,0.0
0.9499999999999995,1,4,5,1.0,0.0,0.5231660231660231,0.0,1.0,0.5,0.7662295069083944,0.0,0.5231660231660231,0.6869455006337135,0.0
0.9499999999999995,1,5,5,1.0,0.0,0.5231660231660231,0.0,1.0,0.5,0.792454475498843,0.0,0.5231660231660231,0.6869455006337135,0.0
0.9599999999999995,1,1,1,1.0,0.0,0.5226615236258437,0.0,1.0,0.5,0.7826209148355333,0.0,0.5226615236258437,0.6865104496516783,0.0
0.9599999999999995,1,2,1,1.0,0.0,0.5226615236258437,0.0,1.0,0.5,0.7709491467133417,0.0,0.5226615236258437,0.6865104496516783,0.0
0.9599999999999995,1,3,1,1.0,0.0,0.5231660231660231,0.0,1.0,0.5,0.7525481362743206,0.0,0.5231660231660231,0.6869455006337135,0.0
0.9599999999999995,1,4,1,1.0,0.0,0.5231660231660231,0.0,1.0,0.5,0.7529411143522846,0.0,0.5231660231660231,0.6869455006337135,0.0
0.9599999999999995,1,5,1,1.0,0.0,0.5231660231660231,0.0,1.0,0.5,0.7784054882703555,0.0,0.5231660231660231,0.6869455006337135,0.0
0.9599999999999995,1,1,2,1.0,0.0,0.5226615236258437,0.0,1.0,0.5,0.7544315505045207,0.0,0.5226615236258437,0.6865104496516783,0.0
0.9599999999999995,1,2,2,1.0,0.0,0.5226615236258437,0.0,1.0,0.5,0.7743956009130402,0.0,0.5226615236258437,0.6865104496516783,0.0
0.9599999999999995,1,3,2,1.0,0.0,0.5231660231660231,0.0,1.0,0.5,0.7769018425913775,0.0,0.5231660231660231,0.6869455006337135,0.0
0.9599999999999995,1,4,2,1.0,0.0,0.5231660231660231,0.0,1.0,0.5,0.7735506603695459,0.0,0.5231660231660231,0.6869455006337135,0.0
0.9599999999999995,1,5,2,1.0,0.0,0.5231660231660231,0.0,1.0,0.5,0.7575925417526983,0.0,0.5231660231660231,0.6869455006337135,0.0
0.9599999999999995,1,1,3,1.0,0.0,0.5226615236258437,0.0,1.0,0.5,0.7871594796190942,0.0,0.5226615236258437,0.6865104496516783,0.0
0.9599999999999995,1,2,3,1.0,0.0,0.5226615236258437,0.0,1.0,0.5,0.7821183433899359,0.0,0.5226615236258437,0.6865104496516783,0.0
0.9599999999999995,1,3,3,1.0,0.0,0.5231660231660231,0.0,1.0,0.5,0.7657041156688211,0.0,0.5231660231660231,0.6869455006337135,0.0
0.9599999999999995,1,4,3,1.0,0.0,0.5231660231660231,0.0,1.0,0.5,0.772176780880156,0.0,0.5231660231660231,0.6869455006337135,0.0
0.9599999999999995,1,5,3,1.0,0.0,0.5231660231660231,0.0,1.0,0.5,0.7247558870072768,0.0,0.5231660231660231,0.6869455006337135,0.0
0.9599999999999995,1,1,4,1.0,0.0,0.5226615236258437,0.0,1.0,0.5,0.7251138170880899,0.0,0.5226615236258437,0.6865104496516783,0.0
0.9599999999999995,1,2,4,1.0,0.0,0.5226615236258437,0.0,1.0,0.5,0.8003582447509588,0.0,0.5226615236258437,0.6865104496516783,0.0
0.9599999999999995,1,3,4,1.0,0.0,0.5231660231660231,0.0,1.0,0.5,0.7821715063621848,0.0,0.5231660231660231,0.6869455006337135,0.0
0.9599999999999995,1,4,4,1.0,0.0,0.5231660231660231,0.0,1.0,0.5,0.7631512493438184,0.0,0.5231660231660231,0.6869455006337135,0.0
0.9599999999999995,1,5,4,1.0,0.0,0.5231660231660231,0.0,1.0,0.5,0.764375296717858,0.0,0.5231660231660231,0.6869455006337135,0.0
0.9599999999999995,1,1,5,1.0,0.0,0.5226615236258437,0.0,1.0,0.5,0.7607592609448384,0.0,0.5226615236258437,0.6865104496516783,0.0
0.9599999999999995,1,2,5,1.0,0.0,0.5226615236258437,0.0,1.0,0.5,0.7541479127016607,0.0,0.5226615236258437,0.6865104496516783,0.0
0.9599999999999995,1,3,5,1.0,0.0,0.5231660231660231,0.0,1.0,0.5,0.7644790506742793,0.0,0.5231660231660231,0.6869455006337135,0.0
0.9599999999999995,1,4,5,1.0,0.0,0.5231660231660231,0.0,1.0,0.5,0.7661599381011572,0.0,0.5231660231660231,0.6869455006337135,0.0
0.9599999999999995,1,5,5,1.0,0.0,0.5231660231660231,0.0,1.0,0.5,0.7923317359487034,0.0,0.5231660231660231,0.6869455006337135,0.0
0.9699999999999995,1,1,1,1.0,0.0,0.5226615236258437,0.0,1.0,0.5,0.7824374539926118,0.0,0.5226615236258437,0.6865104496516783,0.0
0.9699999999999995,1,2,1,1.0,0.0,0.5226615236258437,0.0,1.0,0.5,0.7708089812442112,0.0,0.5226615236258437,0.6865104496516783,0.0
0.9699999999999995,1,3,1,1.0,0.0,0.5231660231660231,0.0,1.0,0.5,0.7524252920268883,0.0,0.5231660231660231,0.6869455006337135,0.0
0.9699999999999995,1,4,1,1.0,0.0,0.5231660231660231,0.0,1.0,0.5,0.7527644157818087,0.0,0.5231660231660231,0.6869455006337135,0.0
0.9699999999999995,1,5,1,1.0,0.0,0.5231660231660231,0.0,1.0,0.5,0.7782877635672671,0.0,0.5231660231660231,0.6869455006337135,0.0
0.9699999999999995,1,1,2,1.0,0.0,0.5226615236258437,0.0,1.0,0.5,0.7542829956781236,0.0,0.5226615236258437,0.6865104496516783,0.0
0.9699999999999995,1,2,2,1.0,0.0,0.5226615236258437,0.0,1.0,0.5,0.7742814925130044,0.0,0.5226615236258437,0.6865104496516783,0.0
0.9699999999999995,1,3,2,1.0,0.0,0.5231660231660231,0.0,1.0,0.5,0.776776129804996,0.0,0.5231660231660231,0.6869455006337135,0.0
0.9699999999999995,1,4,2,1.0,0.0,0.5231660231660231,0.0,1.0,0.5,0.7734223519051371,0.0,0.5231660231660231,0.6869455006337135,0.0
0.9699999999999995,1,5,2,1.0,0.0,0.5231660231660231,0.0,1.0,0.5,0.7574927644315733,0.0,0.5231660231660231,0.6869455006337135,0.0
0.9699999999999995,1,1,3,1.0,0.0,0.5226615236258437,0.0,1.0,0.5,0.7871084113873331,0.0,0.5226615236258437,0.6865104496516783,0.0
0.9699999999999995,1,2,3,1.0,0.0,0.5226615236258437,0.0,1.0,0.5,0.7819950757153866,0.0,0.5226615236258437,0.6865104496516783,0.0
0.9699999999999995,1,3,3,1.0,0.0,0.5231660231660231,0.0,1.0,0.5,0.7655564810563635,0.0,0.5231660231660231,0.6869455006337135,0.0
0.9699999999999995,1,4,3,1.0,0.0,0.5231660231660231,0.0,1.0,0.5,0.7720279896668298,0.0,0.5231660231660231,0.6869455006337135,0.0
0.9699999999999995,1,5,3,1.0,0.0,0.5231660231660231,0.0,1.0,0.5,0.7246515341501502,0.0,0.5231660231660231,0.6869455006337135,0.0
0.9699999999999995,1,1,4,1.0,0.0,0.5226615236258437,0.0,1.0,0.5,0.7247051509919872,0.0,0.5226615236258437,0.6865104496516783,0.0
0.9699999999999995,1,2,4,1.0,0.0,0.5226615236258437,0.0,1.0,0.5,0.8002675211697462,0.0,0.5226615236258437,0.6865104496516783,0.0
0.9699999999999995,1,3,4,1.0,0.0,0.5231660231660231,0.0,1.0,0.5,0.7821054342059882,0.0,0.5231660231660231,0.6869455006337135,0.0
0.9699999999999995,1,4,4,1.0,0.0,0.5231660231660231,0.0,1.0,0.5,0.7630494379083375,0.0,0.5231660231660231,0.6869455006337135,0.0
0.9699999999999995,1,5,4,1.0,0.0,0.5231660231660231,0.0,1.0,0.5,0.7641884095996563,0.0,0.5231660231660231,0.6869455006337135,0.0
0.9699999999999995,1,1,5,1.0,0.0,0.5226615236258437,0.0,1.0,0.5,0.760633790917658,0.0,0.5226615236258437,0.6865104496516783,0.0
0.9699999999999995,1,2,5,1.0,0.0,0.5226615236258437,0.0,1.0,0.5,0.7540367771899675,0.0,0.5226615236258437,0.6865104496516783,0.0
0.9699999999999995,1,3,5,1.0,0.0,0.5231660231660231,0.0,1.0,0.5,0.7643507273638473,0.0,0.5231660231660231,0.6869455006337135,0.0
0.9699999999999995,1,4,5,1.0,0.0,0.5231660231660231,0.0,1.0,0.5,0.7660040244213052,0.0,0.5231660231660231,0.6869455006337135,0.0
0.9699999999999995,1,5,5,1.0,0.0,0.5231660231660231,0.0,1.0,0.5,0.7922018823213368,0.0,0.5231660231660231,0.6869455006337135,0.0
0.9799999999999995,1,1,1,1.0,0.0,0.5226615236258437,0.0,1.0,0.5,0.782370601856275,0.0,0.5226615236258437,0.6865104496516783,0.0
0.9799999999999995,1,2,1,1.0,0.0,0.5226615236258437,0.0,1.0,0.5,0.7706310123787774,0.0,0.5226615236258437,0.6865104496516783,0.0
0.9799999999999995,1,3,1,1.0,0.0,0.5231660231660231,0.0,1.0,0.5,0.7523643992912494,0.0,0.5231660231660231,0.6869455006337135,0.0
0.9799999999999995,1,4,1,1.0,0.0,0.5231660231660231,0.0,1.0,0.5,0.7526911864255696,0.0,0.5231660231660231,0.6869455006337135,0.0
0.9799999999999995,1,5,1,1.0,0.0,0.5231660231660231,0.0,1.0,0.5,0.7781770285426983,0.0,0.5231660231660231,0.6869455006337135,0.0
0.9799999999999995,1,1,2,1.0,0.0,0.5226615236258437,0.0,1.0,0.5,0.7541819234839408,0.0,0.5226615236258437,0.6865104496516783,0.0
0.9799999999999995,1,2,2,1.0,0.0,0.5226615236258437,0.0,1.0,0.5,0.7741457385080475,0.0,0.5226615236258437,0.6865104496516783,0.0
0.9799999999999995,1,3,2,1.0,0.0,0.5231660231660231,0.0,1.0,0.5,0.7766630919700848,0.0,0.5231660231660231,0.6869455006337135,0.0
0.9799999999999995,1,4,2,1.0,0.0,0.5231660231660231,0.0,1.0,0.5,0.7732847668418732,0.0,0.5231660231660231,0.6869455006337135,0.0
0.9799999999999995,1,5,2,1.0,0.0,0.5231660231660231,0.0,1.0,0.5,0.757408435301373,0.0,0.5231660231660231,0.6869455006337135,0.0
0.9799999999999995,1,1,3,1.0,0.0,0.5226615236258437,0.0,1.0,0.5,0.7870273885731269,0.0,0.5226615236258437,0.6865104496516783,0.0
0.9799999999999995,1,2,3,1.0,0.0,0.5226615236258437,0.0,1.0,0.5,0.781834601903866,0.0,0.5226615236258437,0.6865104496516783,0.0
0.9799999999999995,1,3,3,1.0,0.0,0.5231660231660231,0.0,1.0,0.5,0.7653795117312236,0.0,0.5231660231660231,0.6869455006337135,0.0
0.9799999999999995,1,4,3,1.0,0.0,0.5231660231660231,0.0,1.0,0.5,0.7718639362024322,0.0,0.5231660231660231,0.6869455006337135,0.0
0.9799999999999995,1,5,3,1.0,0.0,0.5231660231660231,0.0,1.0,0.5,0.7245638559548193,0.0,0.5231660231660231,0.6869455006337135,0.0
0.9799999999999995,1,1,4,1.0,0.0,0.5226615236258437,0.0,1.0,0.5,0.7245800691677313,0.0,0.5226615236258437,0.6865104496516783,0.0
0.9799999999999995,1,2,4,1.0,0.0,0.5226615236258437,0.0,1.0,0.5,0.8001871427864675,0.0,0.5226615236258437,0.6865104496516783,0.0
0.9799999999999995,1,3,4,1.0,0.0,0.5231660231660231,0.0,1.0,0.5,0.7819026095184507,0.0,0.5231660231660231,0.6869455006337135,0.0
0.9799999999999995,1,4,4,1.0,0.0,0.5231660231660231,0.0,1.0,0.5,0.7629606867722155,0.0,0.5231660231660231,0.6869455006337135,0.0
0.9799999999999995,1,5,4,1.0,0.0,0.5231660231660231,0.0,1.0,0.5,0.7640583197740376,0.0,0.5231660231660231,0.6869455006337135,0.0
0.9799999999999995,1,1,5,1.0,0.0,0.5226615236258437,0.0,1.0,0.5,0.760597109812746,0.0,0.5226615236258437,0.6865104496516783,0.0
0.9799999999999995,1,2,5,1.0,0.0,0.5226615236258437,0.0,1.0,0.5,0.753923499635798,0.0,0.5226615236258437,0.6865104496516783,0.0
0.9799999999999995,1,3,5,1.0,0.0,0.5231660231660231,0.0,1.0,0.5,0.7642837421718695,0.0,0.5231660231660231,0.6869455006337135,0.0
0.9799999999999995,1,4,5,1.0,0.0,0.5231660231660231,0.0,1.0,0.5,0.7658838432763656,0.0,0.5231660231660231,0.6869455006337135,0.0
0.9799999999999995,1,5,5,1.0,0.0,0.5231660231660231,0.0,1.0,0.5,0.7921393065927123,0.0,0.5231660231660231,0.6869455006337135,0.0
0.9899999999999995,1,1,1,1.0,0.0,0.5226615236258437,0.0,1.0,0.5,0.7822907403052091,0.0,0.5226615236258437,0.6865104496516783,0.0
0.9899999999999995,1,2,1,1.0,0.0,0.5226615236258437,0.0,1.0,0.5,0.7705434245530219,0.0,0.5226615236258437,0.6865104496516783,0.0
0.9899999999999995,1,3,1,1.0,0.0,0.5231660231660231,0.0,1.0,0.5,0.7522585245680232,0.0,0.5231660231660231,0.6869455006337135,0.0
0.9899999999999995,1,4,1,1.0,0.0,0.5231660231660231,0.0,1.0,0.5,0.7525677665803443,0.0,0.5231660231660231,0.6869455006337135,0.0
0.9899999999999995,1,5,1,1.0,0.0,0.5231660231660231,0.0,1.0,0.5,0.7780256200189327,0.0,0.5231660231660231,0.6869455006337135,0.0
0.9899999999999995,1,1,2,1.0,0.0,0.5226615236258437,0.0,1.0,0.5,0.7541311192095843,0.0,0.5226615236258437,0.6865104496516783,0.0
0.9899999999999995,1,2,2,1.0,0.0,0.5226615236258437,0.0,1.0,0.5,0.7740092817376676,0.0,0.5226615236258437,0.6865104496516783,0.0
0.9899999999999995,1,3,2,1.0,0.0,0.5231660231660231,0.0,1.0,0.5,0.7765517558367254,0.0,0.5231660231660231,0.6869455006337135,0.0
0.9899999999999995,1,4,2,1.0,0.0,0.5231660231660231,0.0,1.0,0.5,0.7731997432961583,0.0,0.5231660231660231,0.6869455006337135,0.0
0.9899999999999995,1,5,2,1.0,0.0,0.5231660231660231,0.0,1.0,0.5,0.7573941380476666,0.0,0.5231660231660231,0.6869455006337135,0.0
0.9899999999999995,1,1,3,1.0,0.0,0.5226615236258437,0.0,1.0,0.5,0.7869859136582233,0.0,0.5226615236258437,0.6865104496516783,0.0
0.9899999999999995,1,2,3,1.0,0.0,0.5226615236258437,0.0,1.0,0.5,0.7817640096194931,0.0,0.5226615236258437,0.6865104496516783,0.0
0.9899999999999995,1,3,3,1.0,0.0,0.5231660231660231,0.0,1.0,0.5,0.7652349693203055,0.0,0.5231660231660231,0.6869455006337135,0.0
0.9899999999999995,1,4,3,1.0,0.0,0.5231660231660231,0.0,1.0,0.5,0.7717626148669414,0.0,0.5231660231660231,0.6869455006337135,0.0
0.9899999999999995,1,5,3,1.0,0.0,0.5231660231660231,0.0,1.0,0.5,0.7244539302036512,0.0,0.5231660231660231,0.6869455006337135,0.0
0.9899999999999995,1,1,4,1.0,0.0,0.5226615236258437,0.0,1.0,0.5,0.7245007697351565,0.0,0.5226615236258437,0.6865104496516783,0.0
0.9899999999999995,1,2,4,1.0,0.0,0.5226615236258437,0.0,1.0,0.5,0.8001491275209359,0.0,0.5226615236258437,0.6865104496516783,0.0
0.9899999999999995,1,3,4,1.0,0.0,0.5231660231660231,0.0,1.0,0.5,0.7817939591755038,0.0,0.5231660231660231,0.6869455006337135,0.0
0.9899999999999995,1,4,4,1.0,0.0,0.5231660231660231,0.0,1.0,0.5,0.7628394166535641,0.0,0.5231660231660231,0.6869455006337135,0.0
0.9899999999999995,1,5,4,1.0,0.0,0.5231660231660231,0.0,1.0,0.5,0.76393048993739,0.0,0.5231660231660231,0.6869455006337135,0.0
0.9899999999999995,1,1,5,1.0,0.0,0.5226615236258437,0.0,1.0,0.5,0.7604374023176229,0.0,0.5226615236258437,0.6865104496516783,0.0
0.9899999999999995,1,2,5,1.0,0.0,0.5226615236258437,0.0,1.0,0.5,0.7537450848113111,0.0,0.5226615236258437,0.6865104496516783,0.0
0.9899999999999995,1,3,5,1.0,0.0,0.5231660231660231,0.0,1.0,0.5,0.7641547531780962,0.0,0.5231660231660231,0.6869455006337135,0.0
0.9899999999999995,1,4,5,1.0,0.0,0.5231660231660231,0.0,1.0,0.5,0.7658028588988937,0.0,0.5231660231660231,0.6869455006337135,0.0
0.9899999999999995,1,5,5,1.0,0.0,0.5231660231660231,0.0,1.0,0.5,0.7920058194978856,0.0,0.5231660231660231,0.6869455006337135,0.0
1.0,1,1,1,1.0,0.0,0.5226615236258437,0.0,1.0,0.5,0.7822102185733761,0.0,0.5226615236258437,0.6865104496516783,0.0
1.0,1,2,1,1.0,0.0,0.5226615236258437,0.0,1.0,0.5,0.7704156719303816,0.0,0.5226615236258437,0.6865104496516783,0.0
1.0,1,3,1,1.0,0.0,0.5231660231660231,0.0,1.0,0.5,0.7522167661659694,0.0,0.5231660231660231,0.6869455006337135,0.0
1.0,1,4,1,1.0,0.0,0.5231660231660231,0.0,1.0,0.5,0.7524892126913347,0.0,0.5231660231660231,0.6869455006337135,0.0
1.0,1,5,1,1.0,0.0,0.5231660231660231,0.0,1.0,0.5,0.7778821304981134,0.0,0.5231660231660231,0.6869455006337135,0.0
1.0,1,1,2,1.0,0.0,0.5226615236258437,0.0,1.0,0.5,0.7540026956022292,0.0,0.5226615236258437,0.6865104496516783,0.0
1.0,1,2,2,1.0,0.0,0.5226615236258437,0.0,1.0,0.5,0.7739024241511308,0.0,0.5226615236258437,0.6865104496516783,0.0
1.0,1,3,2,1.0,0.0,0.5231660231660231,0.0,1.0,0.5,0.776430341185662,0.0,0.5231660231660231,0.6869455006337135,0.0
1.0,1,4,2,1.0,0.0,0.5231660231660231,0.0,1.0,0.5,0.7730725724557007,0.0,0.5231660231660231,0.6869455006337135,0.0
1.0,1,5,2,1.0,0.0,0.5231660231660231,0.0,1.0,0.5,0.757274332314152,0.0,0.5231660231660231,0.6869455006337135,0.0
1.0,1,1,3,1.0,0.0,0.5226615236258437,0.0,1.0,0.5,0.786893602225592,0.0,0.5226615236258437,0.6865104496516783,0.0
1.0,1,2,3,1.0,0.0,0.5226615236258437,0.0,1.0,0.5,0.7816703108810784,0.0,0.5226615236258437,0.6865104496516783,0.0
1.0,1,3,3,1.0,0.0,0.5231660231660231,0.0,1.0,0.5,0.7651200133090097,0.0,0.5231660231660231,0.6869455006337135,0.0
1.0,1,4,3,1.0,0.0,0.5231660231660231,0.0,1.0,0.5,0.7716683164118586,0.0,0.5231660231660231,0.6869455006337135,0.0
1.0,1,5,3,1.0,0.0,0.5231660231660231,0.0,1.0,0.5,0.7243719285800091,0.0,0.5231660231660231,0.6869455006337135,0.0
1.0,1,1,4,1.0,0.0,0.5226615236258437,0.0,1.0,0.5,0.7242800128538776,0.0,0.5226615236258437,0.6865104496516783,0.0
1.0,1,2,4,1.0,0.0,0.5226615236258437,0.0,1.0,0.5,0.8000794681796906,0.0,0.5226615236258437,0.6865104496516783,0.0
1.0,1,3,4,1.0,0.0,0.5231660231660231,0.0,1.0,0.5,0.7816700502297005,0.0,0.5231660231660231,0.6869455006337135,0.0
1.0,1,4,4,1.0,0.0,0.5231660231660231,0.0,1.0,0.5,0.7627105379431873,0.0,0.5231660231660231,0.6869455006337135,0.0
1.0,1,5,4,1.0,0.0,0.5231660231660231,0.0,1.0,0.5,0.7638579848123785,0.0,0.5231660231660231,0.6869455006337135,0.0
1.0,1,1,5,1.0,0.0,0.5226615236258437,0.0,1.0,0.5,0.760309864810937,0.0,0.5226615236258437,0.6865104496516783,0.0
1.0,1,2,5,1.0,0.0,0.5226615236258437,0.0,1.0,0.5,0.7535922810131663,0.0,0.5226615236258437,0.6865104496516783,0.0
1.0,1,3,5,1.0,0.0,0.5231660231660231,0.0,1.0,0.5,0.763988661519271,0.0,0.5231660231660231,0.6869455006337135,0.0
1.0,1,4,5,1.0,0.0,0.5231660231660231,0.0,1.0,0.5,0.7656886412885882,0.0,0.5231660231660231,0.6869455006337135,0.0
1.0,1,5,5,1.0,0.0,0.5231660231660231,0.0,1.0,0.5,0.7919575345575358,0.0,0.5231660231660231,0.6869455006337135,0.0
