SmoothFactor,TanimotoDistance,Fold,Repeat,Sensitivity,Specificity,Accuracy,kappa,Coverage,AreaUnderTheCurve,PR_AUC,GMean,Precision,F1,MCC
0.1,0.6,1,1,0.7111111111111111,0.8285714285714286,0.7625,0.5279503105590061,0.6153846153846154,0.7698412698412698,0.8294302740916567,0.7675977782708528,0.8421052631578947,0.7710843373493976,0.5361202397644225
0.1,0.6,2,1,0.7777777777777778,0.6216216216216216,0.6986301369863014,0.398501872659176,0.5615384615384615,0.6996996996996997,0.6987072758337924,0.6953297659984674,0.6666666666666666,0.717948717948718,0.40397457038535745
0.1,0.6,3,1,0.6444444444444445,0.6571428571428571,0.65,0.29780564263322884,0.6153846153846154,0.6507936507936508,0.7346295360554234,0.6507626783183432,0.7073170731707317,0.6744186046511628,0.2993154251555793
0.1,0.6,4,1,0.7692307692307693,0.6571428571428571,0.7162162162162162,0.4282560706401766,0.5692307692307692,0.7131868131868132,0.7979132872816601,0.7109813678954643,0.7142857142857143,0.7407407407407407,0.42969175911261503
0.1,0.6,5,1,0.6829268292682927,0.75,0.7123287671232876,0.4256275758711127,0.5615384615384615,0.7164634146341464,0.8221436813734065,0.7156780854205468,0.7777777777777778,0.7272727272727273,0.42966433492786166
0.11,0.6,1,1,0.7111111111111111,0.8285714285714286,0.7625,0.5279503105590061,0.6153846153846154,0.7698412698412698,0.8242847714461542,0.7675977782708528,0.8421052631578947,0.7710843373493976,0.5361202397644225
0.11,0.6,2,1,0.7777777777777778,0.6216216216216216,0.6986301369863014,0.398501872659176,0.5615384615384615,0.6996996996996997,0.6784533528020916,0.6953297659984674,0.6666666666666666,0.717948717948718,0.40397457038535745
0.11,0.6,3,1,0.6444444444444445,0.6571428571428571,0.65,0.29780564263322884,0.6153846153846154,0.6507936507936508,0.7399858558239358,0.6507626783183432,0.7073170731707317,0.6744186046511628,0.2993154251555793
0.11,0.6,4,1,0.7692307692307693,0.6571428571428571,0.7162162162162162,0.4282560706401766,0.5692307692307692,0.7131868131868132,0.804333102092657,0.7109813678954643,0.7142857142857143,0.7407407407407407,0.42969175911261503
0.11,0.6,5,1,0.6829268292682927,0.75,0.7123287671232876,0.4256275758711127,0.5615384615384615,0.7164634146341464,0.8207684491252603,0.7156780854205468,0.7777777777777778,0.7272727272727273,0.42966433492786166
0.12,0.6,1,1,0.7111111111111111,0.8285714285714286,0.7625,0.5279503105590061,0.6153846153846154,0.7698412698412698,0.8269302740916566,0.7675977782708528,0.8421052631578947,0.7710843373493976,0.5361202397644225
0.12,0.6,2,1,0.7777777777777778,0.6216216216216216,0.6986301369863014,0.398501872659176,0.5615384615384615,0.6996996996996997,0.6450906249949193,0.6953297659984674,0.6666666666666666,0.717948717948718,0.40397457038535745
0.12,0.6,3,1,0.6444444444444445,0.6571428571428571,0.65,0.29780564263322884,0.6153846153846154,0.6507936507936508,0.7228706039260752,0.6507626783183432,0.7073170731707317,0.6744186046511628,0.2993154251555793
0.12,0.6,4,1,0.7692307692307693,0.6571428571428571,0.7162162162162162,0.4282560706401766,0.5692307692307692,0.7131868131868132,0.6999615002851577,0.7109813678954643,0.7142857142857143,0.7407407407407407,0.42969175911261503
0.12,0.6,5,1,0.6829268292682927,0.75,0.7123287671232876,0.4256275758711127,0.5615384615384615,0.7164634146341464,0.7419761483817401,0.7156780854205468,0.7777777777777778,0.7272727272727273,0.42966433492786166
0.13,0.6,1,1,0.7111111111111111,0.8285714285714286,0.7625,0.5279503105590061,0.6153846153846154,0.7698412698412698,0.8263314284928113,0.7675977782708528,0.8421052631578947,0.7710843373493976,0.5361202397644225
0.13,0.6,2,1,0.7777777777777778,0.6216216216216216,0.6986301369863014,0.398501872659176,0.5615384615384615,0.6996996996996997,0.6489486496862773,0.6953297659984674,0.6666666666666666,0.717948717948718,0.40397457038535745
0.13,0.6,3,1,0.6444444444444445,0.6571428571428571,0.65,0.29780564263322884,0.6153846153846154,0.6507936507936508,0.7473194172587697,0.6507626783183432,0.7073170731707317,0.6744186046511628,0.2993154251555793
0.13,0.6,4,1,0.7692307692307693,0.6571428571428571,0.7162162162162162,0.4282560706401766,0.5692307692307692,0.7131868131868132,0.8050897054133629,0.7109813678954643,0.7142857142857143,0.7407407407407407,0.42969175911261503
0.13,0.6,5,1,0.7073170731707317,0.75,0.726027397260274,0.45112781954887216,0.5615384615384615,0.7286585365853658,0.8255332984023047,0.7283459376409323,0.7837837837837838,0.7435897435897436,0.45387077633224826
0.13999999999999999,0.6,1,1,0.7111111111111111,0.8285714285714286,0.7625,0.5279503105590061,0.6153846153846154,0.7698412698412698,0.8289240210854039,0.7675977782708528,0.8421052631578947,0.7710843373493976,0.5361202397644225
0.13999999999999999,0.6,2,1,0.8055555555555556,0.6216216216216216,0.7123287671232876,0.4260576563084986,0.5615384615384615,0.7135885885885886,0.7135415927514427,0.7076374430107205,0.6744186046511628,0.7341772151898734,0.43407552464517013
0.13999999999999999,0.6,3,1,0.6444444444444445,0.6571428571428571,0.65,0.29780564263322884,0.6153846153846154,0.6507936507936508,0.7383090234657673,0.6507626783183432,0.7073170731707317,0.6744186046511628,0.2993154251555793
0.13999999999999999,0.6,4,1,0.7692307692307693,0.6571428571428571,0.7162162162162162,0.4282560706401766,0.5692307692307692,0.7131868131868132,0.7367136370372944,0.7109813678954643,0.7142857142857143,0.7407407407407407,0.42969175911261503
0.13999999999999999,0.6,5,1,0.7073170731707317,0.75,0.726027397260274,0.45112781954887216,0.5615384615384615,0.7286585365853658,0.8255332984023047,0.7283459376409323,0.7837837837837838,0.7435897435897436,0.45387077633224826
0.14999999999999997,0.6,1,1,0.7111111111111111,0.8285714285714286,0.7625,0.5279503105590061,0.6153846153846154,0.7698412698412698,0.8216255601757032,0.7675977782708528,0.8421052631578947,0.7710843373493976,0.5361202397644225
0.14999999999999997,0.6,2,1,0.8055555555555556,0.6216216216216216,0.7123287671232876,0.4260576563084986,0.5615384615384615,0.7135885885885886,0.7129127205947927,0.7076374430107205,0.6744186046511628,0.7341772151898734,0.43407552464517013
0.14999999999999997,0.6,3,1,0.6444444444444445,0.6571428571428571,0.65,0.29780564263322884,0.6153846153846154,0.6507936507936508,0.7447114210980036,0.6507626783183432,0.7073170731707317,0.6744186046511628,0.2993154251555793
0.14999999999999997,0.6,4,1,0.7948717948717948,0.6571428571428571,0.7297297297297297,0.4546794399410464,0.5692307692307692,0.726007326007326,0.8007774839216542,0.7227339222316345,0.7209302325581395,0.7560975609756098,0.4574080079548406
0.14999999999999997,0.6,5,1,0.7073170731707317,0.75,0.726027397260274,0.45112781954887216,0.5615384615384615,0.7286585365853658,0.8130800097989814,0.7283459376409323,0.7837837837837838,0.7435897435897436,0.45387077633224826
0.15999999999999998,0.6,1,1,0.7111111111111111,0.8285714285714286,0.7625,0.5279503105590061,0.6153846153846154,0.7698412698412698,0.8244827030328461,0.7675977782708528,0.8421052631578947,0.7710843373493976,0.5361202397644225
0.15999999999999998,0.6,2,1,0.8055555555555556,0.6216216216216216,0.7123287671232876,0.4260576563084986,0.5615384615384615,0.7135885885885886,0.48062854386617154,0.7076374430107205,0.6744186046511628,0.7341772151898734,0.43407552464517013
0.15999999999999998,0.6,3,1,0.6444444444444445,0.6571428571428571,0.65,0.29780564263322884,0.6153846153846154,0.6507936507936508,0.6884092691436776,0.6507626783183432,0.7073170731707317,0.6744186046511628,0.2993154251555793
0.15999999999999998,0.6,4,1,0.7948717948717948,0.6571428571428571,0.7297297297297297,0.4546794399410464,0.5692307692307692,0.726007326007326,0.8077371908813611,0.7227339222316345,0.7209302325581395,0.7560975609756098,0.4574080079548406
0.15999999999999998,0.6,5,1,0.7073170731707317,0.75,0.726027397260274,0.45112781954887216,0.5615384615384615,0.7286585365853658,0.8104326728462361,0.7283459376409323,0.7837837837837838,0.7435897435897436,0.45387077633224826
0.16999999999999998,0.6,1,1,0.7111111111111111,0.8285714285714286,0.7625,0.5279503105590061,0.6153846153846154,0.7698412698412698,0.8259641845143276,0.7675977782708528,0.8421052631578947,0.7710843373493976,0.5361202397644225
0.16999999999999998,0.6,2,1,0.8055555555555556,0.6216216216216216,0.7123287671232876,0.4260576563084986,0.5615384615384615,0.7135885885885886,0.7227445348332656,0.7076374430107205,0.6744186046511628,0.7341772151898734,0.43407552464517013
0.16999999999999998,0.6,3,1,0.6444444444444445,0.6571428571428571,0.65,0.29780564263322884,0.6153846153846154,0.6507936507936508,0.7297355756873756,0.6507626783183432,0.7073170731707317,0.6744186046511628,0.2993154251555793
0.16999999999999998,0.6,4,1,0.7948717948717948,0.6571428571428571,0.7297297297297297,0.4546794399410464,0.5692307692307692,0.726007326007326,0.810221044448806,0.7227339222316345,0.7209302325581395,0.7560975609756098,0.4574080079548406
0.16999999999999998,0.6,5,1,0.7073170731707317,0.75,0.726027397260274,0.45112781954887216,0.5615384615384615,0.7286585365853658,0.8285788269945114,0.7283459376409323,0.7837837837837838,0.7435897435897436,0.45387077633224826
0.17999999999999997,0.6,1,1,0.7111111111111111,0.8285714285714286,0.7625,0.5279503105590061,0.6153846153846154,0.7698412698412698,0.8231996342497773,0.7675977782708528,0.8421052631578947,0.7710843373493976,0.5361202397644225
0.17999999999999997,0.6,2,1,0.8055555555555556,0.6216216216216216,0.7123287671232876,0.4260576563084986,0.5615384615384615,0.7135885885885886,0.7277415953858817,0.7076374430107205,0.6744186046511628,0.7341772151898734,0.43407552464517013
0.17999999999999997,0.6,3,1,0.6666666666666666,0.6571428571428571,0.6625,0.32075471698113195,0.6153846153846154,0.6619047619047619,0.74117606756265,0.6618876325292973,0.7142857142857143,0.6896551724137931,0.3216721438586535
0.17999999999999997,0.6,4,1,0.7948717948717948,0.6571428571428571,0.7297297297297297,0.4546794399410464,0.5692307692307692,0.726007326007326,0.796375615370078,0.7227339222316345,0.7209302325581395,0.7560975609756098,0.4574080079548406
0.17999999999999997,0.6,5,1,0.7073170731707317,0.75,0.726027397260274,0.45112781954887216,0.5615384615384615,0.7286585365853658,0.830924042754361,0.7283459376409323,0.7837837837837838,0.7435897435897436,0.45387077633224826
0.18999999999999995,0.6,1,1,0.7111111111111111,0.8,0.75,0.501557632398754,0.6153846153846154,0.7555555555555555,0.8315486000987431,0.7542472332656507,0.8205128205128205,0.7619047619047619,0.5072608784215608
0.18999999999999995,0.6,2,1,0.8055555555555556,0.6216216216216216,0.7123287671232876,0.4260576563084986,0.5615384615384615,0.7135885885885886,0.7227445348332656,0.7076374430107205,0.6744186046511628,0.7341772151898734,0.43407552464517013
0.18999999999999995,0.6,3,1,0.6444444444444445,0.6857142857142857,0.6625,0.32499999999999996,0.6153846153846154,0.6650793650793652,0.7351819879020804,0.6647591758710533,0.725,0.6823529411764706,0.32756920994133026
0.18999999999999995,0.6,4,1,0.7948717948717948,0.6571428571428571,0.7297297297297297,0.4546794399410464,0.5692307692307692,0.726007326007326,0.7020280845205699,0.7227339222316345,0.7209302325581395,0.7560975609756098,0.4574080079548406
0.18999999999999995,0.6,5,1,0.7073170731707317,0.75,0.726027397260274,0.45112781954887216,0.5615384615384615,0.7286585365853658,0.8258774687776784,0.7283459376409323,0.7837837837837838,0.7435897435897436,0.45387077633224826
0.19999999999999996,0.6,1,1,0.7111111111111111,0.8,0.75,0.501557632398754,0.6153846153846154,0.7555555555555555,0.824815795865939,0.7542472332656507,0.8205128205128205,0.7619047619047619,0.5072608784215608
0.19999999999999996,0.6,2,1,0.8055555555555556,0.6216216216216216,0.7123287671232876,0.4260576563084986,0.5615384615384615,0.7135885885885886,0.571728694601739,0.7076374430107205,0.6744186046511628,0.7341772151898734,0.43407552464517013
0.19999999999999996,0.6,3,1,0.6444444444444445,0.6857142857142857,0.6625,0.32499999999999996,0.6153846153846154,0.6650793650793652,0.72761354989886,0.6647591758710533,0.725,0.6823529411764706,0.32756920994133026
0.19999999999999996,0.6,4,1,0.7948717948717948,0.6571428571428571,0.7297297297297297,0.4546794399410464,0.5692307692307692,0.726007326007326,0.8089877914802768,0.7227339222316345,0.7209302325581395,0.7560975609756098,0.4574080079548406
0.19999999999999996,0.6,5,1,0.7073170731707317,0.75,0.726027397260274,0.45112781954887216,0.5615384615384615,0.7286585365853658,0.8258774687776784,0.7283459376409323,0.7837837837837838,0.7435897435897436,0.45387077633224826
0.20999999999999996,0.6,1,1,0.7111111111111111,0.8,0.75,0.501557632398754,0.6153846153846154,0.7555555555555555,0.8301597112098543,0.7542472332656507,0.8205128205128205,0.7619047619047619,0.5072608784215608
0.20999999999999996,0.6,2,1,0.8055555555555556,0.6216216216216216,0.7123287671232876,0.4260576563084986,0.5615384615384615,0.7135885885885886,0.7187158287516082,0.7076374430107205,0.6744186046511628,0.7341772151898734,0.43407552464517013
0.20999999999999996,0.6,3,1,0.6444444444444445,0.6857142857142857,0.6625,0.32499999999999996,0.6153846153846154,0.6650793650793652,0.739722143871469,0.6647591758710533,0.725,0.6823529411764706,0.32756920994133026
0.20999999999999996,0.6,4,1,0.7948717948717948,0.6857142857142857,0.7432432432432432,0.4827078734363502,0.5692307692307692,0.7402930402930403,0.7966817109079424,0.7382783655606773,0.7380952380952381,0.7654320987654321,0.48432610649119495
0.20999999999999996,0.6,5,1,0.7073170731707317,0.75,0.726027397260274,0.45112781954887216,0.5615384615384615,0.7286585365853658,0.8322001704662338,0.7283459376409323,0.7837837837837838,0.7435897435897436,0.45387077633224826
0.21999999999999995,0.6,1,1,0.7111111111111111,0.8,0.75,0.501557632398754,0.6153846153846154,0.7555555555555555,0.8244602981112815,0.7542472332656507,0.8205128205128205,0.7619047619047619,0.5072608784215608
0.21999999999999995,0.6,2,1,0.8055555555555556,0.6216216216216216,0.7123287671232876,0.4260576563084986,0.5615384615384615,0.7135885885885886,0.7098240004153354,0.7076374430107205,0.6744186046511628,0.7341772151898734,0.43407552464517013
0.21999999999999995,0.6,3,1,0.6444444444444445,0.6857142857142857,0.6625,0.32499999999999996,0.6153846153846154,0.6650793650793652,0.7353450394943646,0.6647591758710533,0.725,0.6823529411764706,0.32756920994133026
0.21999999999999995,0.6,4,1,0.7948717948717948,0.6857142857142857,0.7432432432432432,0.4827078734363502,0.5692307692307692,0.7402930402930403,0.8140206921430894,0.7382783655606773,0.7380952380952381,0.7654320987654321,0.48432610649119495
0.21999999999999995,0.6,5,1,0.7073170731707317,0.75,0.726027397260274,0.45112781954887216,0.5615384615384615,0.7286585365853658,0.8299072268643889,0.7283459376409323,0.7837837837837838,0.7435897435897436,0.45387077633224826
0.22999999999999995,0.6,1,1,0.7111111111111111,0.8,0.75,0.501557632398754,0.6153846153846154,0.7555555555555555,0.8298174409684245,0.7542472332656507,0.8205128205128205,0.7619047619047619,0.5072608784215608
0.22999999999999995,0.6,2,1,0.8055555555555556,0.6216216216216216,0.7123287671232876,0.4260576563084986,0.5615384615384615,0.7135885885885886,0.4826047176404971,0.7076374430107205,0.6744186046511628,0.7341772151898734,0.43407552464517013
0.22999999999999995,0.6,3,1,0.6444444444444445,0.6857142857142857,0.6625,0.32499999999999996,0.6153846153846154,0.6650793650793652,0.7357837373014834,0.6647591758710533,0.725,0.6823529411764706,0.32756920994133026
0.22999999999999995,0.6,4,1,0.7948717948717948,0.6857142857142857,0.7432432432432432,0.4827078734363502,0.5692307692307692,0.7402930402930403,0.802001457755434,0.7382783655606773,0.7380952380952381,0.7654320987654321,0.48432610649119495
0.22999999999999995,0.6,5,1,0.7073170731707317,0.75,0.726027397260274,0.45112781954887216,0.5615384615384615,0.7286585365853658,0.8182193663960406,0.7283459376409323,0.7837837837837838,0.7435897435897436,0.45387077633224826
0.23999999999999994,0.6,1,1,0.7111111111111111,0.8,0.75,0.501557632398754,0.6153846153846154,0.7555555555555555,0.8260608272118106,0.7542472332656507,0.8205128205128205,0.7619047619047619,0.5072608784215608
0.23999999999999994,0.6,2,1,0.8055555555555556,0.6216216216216216,0.7123287671232876,0.4260576563084986,0.5615384615384615,0.7135885885885886,0.4891356810496489,0.7076374430107205,0.6744186046511628,0.7341772151898734,0.43407552464517013
0.23999999999999994,0.6,3,1,0.6444444444444445,0.6857142857142857,0.6625,0.32499999999999996,0.6153846153846154,0.6650793650793652,0.7317433332610793,0.6647591758710533,0.725,0.6823529411764706,0.32756920994133026
0.23999999999999994,0.6,4,1,0.7948717948717948,0.6857142857142857,0.7432432432432432,0.4827078734363502,0.5692307692307692,0.7402930402930403,0.7916529368805972,0.7382783655606773,0.7380952380952381,0.7654320987654321,0.48432610649119495
0.23999999999999994,0.6,5,1,0.7317073170731707,0.75,0.7397260273972602,0.4768012070916634,0.5615384615384615,0.7408536585365854,0.5910136406225627,0.7407971974871922,0.7894736842105263,0.759493670886076,0.47843653925879004
0.24999999999999992,0.6,1,1,0.7111111111111111,0.8,0.75,0.501557632398754,0.6153846153846154,0.7555555555555555,0.8190803589602357,0.7542472332656507,0.8205128205128205,0.7619047619047619,0.5072608784215608
0.24999999999999992,0.6,2,1,0.8055555555555556,0.6216216216216216,0.7123287671232876,0.4260576563084986,0.5615384615384615,0.7135885885885886,0.7202497316081439,0.7076374430107205,0.6744186046511628,0.7341772151898734,0.43407552464517013
0.24999999999999992,0.6,3,1,0.6444444444444445,0.6857142857142857,0.6625,0.32499999999999996,0.6153846153846154,0.6650793650793652,0.7467026057304835,0.6647591758710533,0.725,0.6823529411764706,0.32756920994133026
0.24999999999999992,0.6,4,1,0.7948717948717948,0.6571428571428571,0.7297297297297297,0.4546794399410464,0.5692307692307692,0.726007326007326,0.8078558354714709,0.7227339222316345,0.7209302325581395,0.7560975609756098,0.4574080079548406
0.24999999999999992,0.6,5,1,0.7317073170731707,0.75,0.7397260273972602,0.4768012070916634,0.5615384615384615,0.7408536585365854,0.8158280626798268,0.7407971974871922,0.7894736842105263,0.759493670886076,0.47843653925879004
0.2599999999999999,0.6,1,1,0.7111111111111111,0.8,0.75,0.501557632398754,0.6153846153846154,0.7555555555555555,0.8247213928736273,0.7542472332656507,0.8205128205128205,0.7619047619047619,0.5072608784215608
0.2599999999999999,0.6,2,1,0.8055555555555556,0.6216216216216216,0.7123287671232876,0.4260576563084986,0.5615384615384615,0.7135885885885886,0.5682986734070856,0.7076374430107205,0.6744186046511628,0.7341772151898734,0.43407552464517013
0.2599999999999999,0.6,3,1,0.6444444444444445,0.6857142857142857,0.6625,0.32499999999999996,0.6153846153846154,0.6650793650793652,0.7431792334528714,0.6647591758710533,0.725,0.6823529411764706,0.32756920994133026
0.2599999999999999,0.6,4,1,0.7948717948717948,0.6571428571428571,0.7297297297297297,0.4546794399410464,0.5692307692307692,0.726007326007326,0.8026407233842756,0.7227339222316345,0.7209302325581395,0.7560975609756098,0.4574080079548406
0.2599999999999999,0.6,5,1,0.7317073170731707,0.75,0.7397260273972602,0.4768012070916634,0.5615384615384615,0.7408536585365854,0.8310663003464843,0.7407971974871922,0.7894736842105263,0.759493670886076,0.47843653925879004
0.2699999999999999,0.6,1,1,0.7111111111111111,0.8,0.75,0.501557632398754,0.6153846153846154,0.7555555555555555,0.8320685353951885,0.7542472332656507,0.8205128205128205,0.7619047619047619,0.5072608784215608
0.2699999999999999,0.6,2,1,0.8055555555555556,0.6216216216216216,0.7123287671232876,0.4260576563084986,0.5615384615384615,0.7135885885885886,0.7358471742889199,0.7076374430107205,0.6744186046511628,0.7341772151898734,0.43407552464517013
0.2699999999999999,0.6,3,1,0.6444444444444445,0.6857142857142857,0.6625,0.32499999999999996,0.6153846153846154,0.6650793650793652,0.7422599348608395,0.6647591758710533,0.725,0.6823529411764706,0.32756920994133026
0.2699999999999999,0.6,4,1,0.7948717948717948,0.6857142857142857,0.7432432432432432,0.4827078734363502,0.5692307692307692,0.7402930402930403,0.8179984393167041,0.7382783655606773,0.7380952380952381,0.7654320987654321,0.48432610649119495
0.2699999999999999,0.6,5,1,0.7317073170731707,0.75,0.7397260273972602,0.4768012070916634,0.5615384615384615,0.7408536585365854,0.8177767443740015,0.7407971974871922,0.7894736842105263,0.759493670886076,0.47843653925879004
0.2799999999999999,0.6,1,1,0.7111111111111111,0.8,0.75,0.501557632398754,0.6153846153846154,0.7555555555555555,0.8316131471620223,0.7542472332656507,0.8205128205128205,0.7619047619047619,0.5072608784215608
0.2799999999999999,0.6,2,1,0.8055555555555556,0.6216216216216216,0.7123287671232876,0.4260576563084986,0.5615384615384615,0.7135885885885886,0.495014338609593,0.7076374430107205,0.6744186046511628,0.7341772151898734,0.43407552464517013
0.2799999999999999,0.6,3,1,0.6444444444444445,0.6857142857142857,0.6625,0.32499999999999996,0.6153846153846154,0.6650793650793652,0.745473643415554,0.6647591758710533,0.725,0.6823529411764706,0.32756920994133026
0.2799999999999999,0.6,4,1,0.7948717948717948,0.6857142857142857,0.7432432432432432,0.4827078734363502,0.5692307692307692,0.7402930402930403,0.8187902638264775,0.7382783655606773,0.7380952380952381,0.7654320987654321,0.48432610649119495
0.2799999999999999,0.6,5,1,0.7317073170731707,0.75,0.7397260273972602,0.4768012070916634,0.5615384615384615,0.7408536585365854,0.8346497900275349,0.7407971974871922,0.7894736842105263,0.759493670886076,0.47843653925879004
0.2899999999999999,0.6,1,1,0.7111111111111111,0.8,0.75,0.501557632398754,0.6153846153846154,0.7555555555555555,0.8321203102132467,0.7542472332656507,0.8205128205128205,0.7619047619047619,0.5072608784215608
0.2899999999999999,0.6,2,1,0.8055555555555556,0.6216216216216216,0.7123287671232876,0.4260576563084986,0.5615384615384615,0.7135885885885886,0.7176910549600898,0.7076374430107205,0.6744186046511628,0.7341772151898734,0.43407552464517013
0.2899999999999999,0.6,3,1,0.6444444444444445,0.6857142857142857,0.6625,0.32499999999999996,0.6153846153846154,0.6650793650793652,0.7433196455600156,0.6647591758710533,0.725,0.6823529411764706,0.32756920994133026
0.2899999999999999,0.6,4,1,0.7948717948717948,0.6857142857142857,0.7432432432432432,0.4827078734363502,0.5692307692307692,0.7402930402930403,0.8067328767690904,0.7382783655606773,0.7380952380952381,0.7654320987654321,0.48432610649119495
0.2899999999999999,0.6,5,1,0.7317073170731707,0.75,0.7397260273972602,0.4768012070916634,0.5615384615384615,0.7408536585365854,0.8271776558173329,0.7407971974871922,0.7894736842105263,0.759493670886076,0.47843653925879004
0.29999999999999993,0.6,1,1,0.7111111111111111,0.8,0.75,0.501557632398754,0.6153846153846154,0.7555555555555555,0.8295922019138966,0.7542472332656507,0.8205128205128205,0.7619047619047619,0.5072608784215608
0.29999999999999993,0.6,2,1,0.8055555555555556,0.6216216216216216,0.7123287671232876,0.4260576563084986,0.5615384615384615,0.7135885885885886,0.4906126105205342,0.7076374430107205,0.6744186046511628,0.7341772151898734,0.43407552464517013
0.29999999999999993,0.6,3,1,0.6444444444444445,0.6857142857142857,0.6625,0.32499999999999996,0.6153846153846154,0.6650793650793652,0.7406551339116819,0.6647591758710533,0.725,0.6823529411764706,0.32756920994133026
0.29999999999999993,0.6,4,1,0.7948717948717948,0.6571428571428571,0.7297297297297297,0.4546794399410464,0.5692307692307692,0.726007326007326,0.8069522666366724,0.7227339222316345,0.7209302325581395,0.7560975609756098,0.4574080079548406
0.29999999999999993,0.6,5,1,0.7317073170731707,0.75,0.7397260273972602,0.4768012070916634,0.5615384615384615,0.7408536585365854,0.8430382631413549,0.7407971974871922,0.7894736842105263,0.759493670886076,0.47843653925879004
0.30999999999999994,0.6,1,1,0.7111111111111111,0.8,0.75,0.501557632398754,0.6153846153846154,0.7555555555555555,0.8341194966710762,0.7542472332656507,0.8205128205128205,0.7619047619047619,0.5072608784215608
0.30999999999999994,0.6,2,1,0.8055555555555556,0.6216216216216216,0.7123287671232876,0.4260576563084986,0.5615384615384615,0.7135885885885886,0.723558162910531,0.7076374430107205,0.6744186046511628,0.7341772151898734,0.43407552464517013
0.30999999999999994,0.6,3,1,0.6444444444444445,0.6857142857142857,0.6625,0.32499999999999996,0.6153846153846154,0.6650793650793652,0.7440294568512223,0.6647591758710533,0.725,0.6823529411764706,0.32756920994133026
0.30999999999999994,0.6,4,1,0.7948717948717948,0.6571428571428571,0.7297297297297297,0.4546794399410464,0.5692307692307692,0.726007326007326,0.8012360873910813,0.7227339222316345,0.7209302325581395,0.7560975609756098,0.4574080079548406
0.30999999999999994,0.6,5,1,0.7317073170731707,0.75,0.7397260273972602,0.4768012070916634,0.5615384615384615,0.7408536585365854,0.8342827909712487,0.7407971974871922,0.7894736842105263,0.759493670886076,0.47843653925879004
0.3199999999999999,0.6,1,1,0.7111111111111111,0.8,0.75,0.501557632398754,0.6153846153846154,0.7555555555555555,0.8372100179682549,0.7542472332656507,0.8205128205128205,0.7619047619047619,0.5072608784215608
0.3199999999999999,0.6,2,1,0.8333333333333334,0.6216216216216216,0.726027397260274,0.45359281437125754,0.5615384615384615,0.7274774774774775,0.7326393594917275,0.7197346858516811,0.6818181818181818,0.75,0.46483109709503034
0.3199999999999999,0.6,3,1,0.6666666666666666,0.7142857142857143,0.6875,0.375,0.6153846153846154,0.6904761904761905,0.7344392615902953,0.6900655593423543,0.75,0.7058823529411765,0.3779644730092272
0.3199999999999999,0.6,4,1,0.7948717948717948,0.6285714285714286,0.7162162162162162,0.4265682656826568,0.5692307692307692,0.7117216117216116,0.79469460240159,0.7068477202578357,0.7045454545454546,0.7469879518072289,0.4306005172045262
0.3199999999999999,0.6,5,1,0.7317073170731707,0.75,0.7397260273972602,0.4768012070916634,0.5615384615384615,0.7408536585365854,0.8322502706460453,0.7407971974871922,0.7894736842105263,0.759493670886076,0.47843653925879004
0.32999999999999985,0.6,1,1,0.7333333333333333,0.8,0.7625,0.5249999999999999,0.6153846153846154,0.7666666666666666,0.8414269531514569,0.7659416862050705,0.825,0.7764705882352941,0.529150262212918
0.32999999999999985,0.6,2,1,0.8333333333333334,0.6216216216216216,0.726027397260274,0.45359281437125754,0.5615384615384615,0.7274774774774775,0.4998325829349511,0.7197346858516811,0.6818181818181818,0.75,0.46483109709503034
0.32999999999999985,0.6,3,1,0.6666666666666666,0.7142857142857143,0.6875,0.375,0.6153846153846154,0.6904761904761905,0.6614424871229326,0.6900655593423543,0.75,0.7058823529411765,0.3779644730092272
0.32999999999999985,0.6,4,1,0.7948717948717948,0.6285714285714286,0.7162162162162162,0.4265682656826568,0.5692307692307692,0.7117216117216116,0.795859254577699,0.7068477202578357,0.7045454545454546,0.7469879518072289,0.4306005172045262
0.32999999999999985,0.6,5,1,0.7317073170731707,0.75,0.7397260273972602,0.4768012070916634,0.5615384615384615,0.7408536585365854,0.8257693230994912,0.7407971974871922,0.7894736842105263,0.759493670886076,0.47843653925879004
0.33999999999999986,0.6,1,1,0.7333333333333333,0.8,0.7625,0.5249999999999999,0.6153846153846154,0.7666666666666666,0.8395168575720063,0.7659416862050705,0.825,0.7764705882352941,0.529150262212918
0.33999999999999986,0.6,2,1,0.8333333333333334,0.6216216216216216,0.726027397260274,0.45359281437125754,0.5615384615384615,0.7274774774774775,0.7182162825686507,0.7197346858516811,0.6818181818181818,0.75,0.46483109709503034
0.33999999999999986,0.6,3,1,0.6666666666666666,0.7142857142857143,0.6875,0.375,0.6153846153846154,0.6904761904761905,0.7442467199271653,0.6900655593423543,0.75,0.7058823529411765,0.3779644730092272
0.33999999999999986,0.6,4,1,0.7948717948717948,0.6285714285714286,0.7162162162162162,0.4265682656826568,0.5692307692307692,0.7117216117216116,0.8125889409842848,0.7068477202578357,0.7045454545454546,0.7469879518072289,0.4306005172045262
0.33999999999999986,0.6,5,1,0.7317073170731707,0.75,0.7397260273972602,0.4768012070916634,0.5615384615384615,0.7408536585365854,0.7442643894604112,0.7407971974871922,0.7894736842105263,0.759493670886076,0.47843653925879004
0.34999999999999987,0.6,1,1,0.7333333333333333,0.8,0.7625,0.5249999999999999,0.6153846153846154,0.7666666666666666,0.839032538084911,0.7659416862050705,0.825,0.7764705882352941,0.529150262212918
0.34999999999999987,0.6,2,1,0.8333333333333334,0.6216216216216216,0.726027397260274,0.45359281437125754,0.5615384615384615,0.7274774774774775,0.6141245152824389,0.7197346858516811,0.6818181818181818,0.75,0.46483109709503034
0.34999999999999987,0.6,3,1,0.6666666666666666,0.7142857142857143,0.6875,0.375,0.6153846153846154,0.6904761904761905,0.6923948680753136,0.6900655593423543,0.75,0.7058823529411765,0.3779644730092272
0.34999999999999987,0.6,4,1,0.7948717948717948,0.6285714285714286,0.7162162162162162,0.4265682656826568,0.5692307692307692,0.7117216117216116,0.8061124153945349,0.7068477202578357,0.7045454545454546,0.7469879518072289,0.4306005172045262
0.34999999999999987,0.6,5,1,0.7317073170731707,0.75,0.7397260273972602,0.4768012070916634,0.5615384615384615,0.7408536585365854,0.8275586358644137,0.7407971974871922,0.7894736842105263,0.759493670886076,0.47843653925879004
0.3599999999999999,0.6,1,1,0.7333333333333333,0.8,0.7625,0.5249999999999999,0.6153846153846154,0.7666666666666666,0.8389446001626925,0.7659416862050705,0.825,0.7764705882352941,0.529150262212918
0.3599999999999999,0.6,2,1,0.8333333333333334,0.6216216216216216,0.726027397260274,0.45359281437125754,0.5615384615384615,0.7274774774774775,0.4909249268050727,0.7197346858516811,0.6818181818181818,0.75,0.46483109709503034
0.3599999999999999,0.6,3,1,0.6666666666666666,0.7142857142857143,0.6875,0.375,0.6153846153846154,0.6904761904761905,0.7336479788936418,0.6900655593423543,0.75,0.7058823529411765,0.3779644730092272
0.3599999999999999,0.6,4,1,0.7948717948717948,0.6285714285714286,0.7162162162162162,0.4265682656826568,0.5692307692307692,0.7117216117216116,0.799427988609609,0.7068477202578357,0.7045454545454546,0.7469879518072289,0.4306005172045262
0.3599999999999999,0.6,5,1,0.7317073170731707,0.75,0.7397260273972602,0.4768012070916634,0.5615384615384615,0.7408536585365854,0.8332746172020886,0.7407971974871922,0.7894736842105263,0.759493670886076,0.47843653925879004
0.3699999999999999,0.6,1,1,0.7333333333333333,0.8,0.7625,0.5249999999999999,0.6153846153846154,0.7666666666666666,0.8423434379504191,0.7659416862050705,0.825,0.7764705882352941,0.529150262212918
0.3699999999999999,0.6,2,1,0.8333333333333334,0.6216216216216216,0.726027397260274,0.45359281437125754,0.5615384615384615,0.7274774774774775,0.48561554996791806,0.7197346858516811,0.6818181818181818,0.75,0.46483109709503034
0.3699999999999999,0.6,3,1,0.6666666666666666,0.7142857142857143,0.6875,0.375,0.6153846153846154,0.6904761904761905,0.6639972714929282,0.6900655593423543,0.75,0.7058823529411765,0.3779644730092272
0.3699999999999999,0.6,4,1,0.7692307692307693,0.6285714285714286,0.7027027027027027,0.4001473839351512,0.5692307692307692,0.6989010989010989,0.8146905038721242,0.6953534953651154,0.6976744186046512,0.7317073170731707,0.4025487006798678
0.3699999999999999,0.6,5,1,0.7317073170731707,0.71875,0.726027397260274,0.4473883421650265,0.5615384615384615,0.7252286585365854,0.8215283869192729,0.7251997201780633,0.7692307692307693,0.75,0.4480730271953815
0.3799999999999999,0.6,1,1,0.7333333333333333,0.8,0.7625,0.5249999999999999,0.6153846153846154,0.7666666666666666,0.8427400134078211,0.7659416862050705,0.825,0.7764705882352941,0.529150262212918
0.3799999999999999,0.6,2,1,0.8333333333333334,0.6216216216216216,0.726027397260274,0.45359281437125754,0.5615384615384615,0.7274774774774775,0.7321800708379945,0.7197346858516811,0.6818181818181818,0.75,0.46483109709503034
0.3799999999999999,0.6,3,1,0.6666666666666666,0.7142857142857143,0.6875,0.375,0.6153846153846154,0.6904761904761905,0.7485051331730177,0.6900655593423543,0.75,0.7058823529411765,0.3779644730092272
0.3799999999999999,0.6,4,1,0.7692307692307693,0.6285714285714286,0.7027027027027027,0.4001473839351512,0.5692307692307692,0.6989010989010989,0.802556824464402,0.6953534953651154,0.6976744186046512,0.7317073170731707,0.4025487006798678
0.3799999999999999,0.6,5,1,0.7317073170731707,0.71875,0.726027397260274,0.4473883421650265,0.5615384615384615,0.7252286585365854,0.8309504762477717,0.7251997201780633,0.7692307692307693,0.75,0.4480730271953815
0.3899999999999999,0.6,1,1,0.7333333333333333,0.8,0.7625,0.5249999999999999,0.6153846153846154,0.7666666666666666,0.8401650609702378,0.7659416862050705,0.825,0.7764705882352941,0.529150262212918
0.3899999999999999,0.6,2,1,0.8333333333333334,0.6216216216216216,0.726027397260274,0.45359281437125754,0.5615384615384615,0.7274774774774775,0.6091274547298229,0.7197346858516811,0.6818181818181818,0.75,0.46483109709503034
0.3899999999999999,0.6,3,1,0.6666666666666666,0.7142857142857143,0.6875,0.375,0.6153846153846154,0.6904761904761905,0.7351454493785512,0.6900655593423543,0.75,0.7058823529411765,0.3779644730092272
0.3899999999999999,0.6,4,1,0.7692307692307693,0.6285714285714286,0.7027027027027027,0.4001473839351512,0.5692307692307692,0.6989010989010989,0.7956222015625947,0.6953534953651154,0.6976744186046512,0.7317073170731707,0.4025487006798678
0.3899999999999999,0.6,5,1,0.7317073170731707,0.71875,0.726027397260274,0.4473883421650265,0.5615384615384615,0.7252286585365854,0.8282175911199561,0.7251997201780633,0.7692307692307693,0.75,0.4480730271953815
0.3999999999999998,0.6,1,1,0.7333333333333333,0.8,0.7625,0.5249999999999999,0.6153846153846154,0.7666666666666666,0.840703680457256,0.7659416862050705,0.825,0.7764705882352941,0.529150262212918
0.3999999999999998,0.6,2,1,0.8333333333333334,0.6216216216216216,0.726027397260274,0.45359281437125754,0.5615384615384615,0.7274774774774775,0.7036787367811048,0.7197346858516811,0.6818181818181818,0.75,0.46483109709503034
0.3999999999999998,0.6,3,1,0.6888888888888889,0.7142857142857143,0.7,0.39811912225705315,0.6153846153846154,0.7015873015873015,0.7435644217105671,0.7014723744122017,0.7560975609756098,0.7209302325581395,0.4001374631027218
0.3999999999999998,0.6,4,1,0.7692307692307693,0.6285714285714286,0.7027027027027027,0.4001473839351512,0.5692307692307692,0.6989010989010989,0.7999295269538977,0.6953534953651154,0.6976744186046512,0.7317073170731707,0.4025487006798678
0.3999999999999998,0.6,5,1,0.7317073170731707,0.71875,0.726027397260274,0.4473883421650265,0.5615384615384615,0.7252286585365854,0.7696810057541024,0.7251997201780633,0.7692307692307693,0.75,0.4480730271953815
0.4099999999999998,0.6,1,1,0.7333333333333333,0.8,0.7625,0.5249999999999999,0.6153846153846154,0.7666666666666666,0.8402614686262871,0.7659416862050705,0.825,0.7764705882352941,0.529150262212918
0.4099999999999998,0.6,2,1,0.8333333333333334,0.6216216216216216,0.726027397260274,0.45359281437125754,0.5615384615384615,0.7274774774774775,0.703694281935539,0.7197346858516811,0.6818181818181818,0.75,0.46483109709503034
0.4099999999999998,0.6,3,1,0.7111111111111111,0.7142857142857143,0.7125,0.42138364779874216,0.6153846153846154,0.7126984126984127,0.7228910793209777,0.7126966450997985,0.7619047619047619,0.735632183908046,0.42258889487313306
0.4099999999999998,0.6,4,1,0.7692307692307693,0.6285714285714286,0.7027027027027027,0.4001473839351512,0.5692307692307692,0.6989010989010989,0.7975758318905574,0.6953534953651154,0.6976744186046512,0.7317073170731707,0.4025487006798678
0.4099999999999998,0.6,5,1,0.7317073170731707,0.71875,0.726027397260274,0.4473883421650265,0.5615384615384615,0.7252286585365854,0.834676091902345,0.7251997201780633,0.7692307692307693,0.75,0.4480730271953815
0.4199999999999998,0.6,1,1,0.7333333333333333,0.8,0.7625,0.5249999999999999,0.6153846153846154,0.7666666666666666,0.8418966345129728,0.7659416862050705,0.825,0.7764705882352941,0.529150262212918
0.4199999999999998,0.6,2,1,0.8333333333333334,0.6216216216216216,0.726027397260274,0.45359281437125754,0.5615384615384615,0.7274774774774775,0.7321800708379945,0.7197346858516811,0.6818181818181818,0.75,0.46483109709503034
0.4199999999999998,0.6,3,1,0.7111111111111111,0.7142857142857143,0.7125,0.42138364779874216,0.6153846153846154,0.7126984126984127,0.7353801522448331,0.7126966450997985,0.7619047619047619,0.735632183908046,0.42258889487313306
0.4199999999999998,0.6,4,1,0.7692307692307693,0.6285714285714286,0.7027027027027027,0.4001473839351512,0.5692307692307692,0.6989010989010989,0.8080778257722601,0.6953534953651154,0.6976744186046512,0.7317073170731707,0.4025487006798678
0.4199999999999998,0.6,5,1,0.7317073170731707,0.71875,0.726027397260274,0.4473883421650265,0.5615384615384615,0.7252286585365854,0.8266968587437717,0.7251997201780633,0.7692307692307693,0.75,0.4480730271953815
0.4299999999999998,0.6,1,1,0.7333333333333333,0.8,0.7625,0.5249999999999999,0.6153846153846154,0.7666666666666666,0.8411953641058201,0.7659416862050705,0.825,0.7764705882352941,0.529150262212918
0.4299999999999998,0.6,2,1,0.8333333333333334,0.6216216216216216,0.726027397260274,0.45359281437125754,0.5615384615384615,0.7274774774774775,0.49648468254757705,0.7197346858516811,0.6818181818181818,0.75,0.46483109709503034
0.4299999999999998,0.6,3,1,0.7111111111111111,0.7142857142857143,0.7125,0.42138364779874216,0.6153846153846154,0.7126984126984127,0.6952996369469266,0.7126966450997985,0.7619047619047619,0.735632183908046,0.42258889487313306
0.4299999999999998,0.6,4,1,0.7692307692307693,0.6285714285714286,0.7027027027027027,0.4001473839351512,0.5692307692307692,0.6989010989010989,0.6966614643558987,0.6953534953651154,0.6976744186046512,0.7317073170731707,0.4025487006798678
0.4299999999999998,0.6,5,1,0.7317073170731707,0.71875,0.726027397260274,0.4473883421650265,0.5615384615384615,0.7252286585365854,0.8231434584005579,0.7251997201780633,0.7692307692307693,0.75,0.4480730271953815
0.43999999999999984,0.6,1,1,0.7333333333333333,0.8,0.7625,0.5249999999999999,0.6153846153846154,0.7666666666666666,0.8428570987748012,0.7659416862050705,0.825,0.7764705882352941,0.529150262212918
0.43999999999999984,0.6,2,1,0.8333333333333334,0.6216216216216216,0.726027397260274,0.45359281437125754,0.5615384615384615,0.7274774774774775,0.7183903488976878,0.7197346858516811,0.6818181818181818,0.75,0.46483109709503034
0.43999999999999984,0.6,3,1,0.7111111111111111,0.7142857142857143,0.7125,0.42138364779874216,0.6153846153846154,0.7126984126984127,0.7508551925024821,0.7126966450997985,0.7619047619047619,0.735632183908046,0.42258889487313306
0.43999999999999984,0.6,4,1,0.7692307692307693,0.6285714285714286,0.7027027027027027,0.4001473839351512,0.5692307692307692,0.6989010989010989,0.797385002135664,0.6953534953651154,0.6976744186046512,0.7317073170731707,0.4025487006798678
0.43999999999999984,0.6,5,1,0.7317073170731707,0.71875,0.726027397260274,0.4473883421650265,0.5615384615384615,0.7252286585365854,0.5652730880301875,0.7251997201780633,0.7692307692307693,0.75,0.4480730271953815
0.44999999999999984,0.6,1,1,0.7333333333333333,0.8,0.7625,0.5249999999999999,0.6153846153846154,0.7666666666666666,0.8499304914914687,0.7659416862050705,0.825,0.7764705882352941,0.529150262212918
0.44999999999999984,0.6,2,1,0.8333333333333334,0.6216216216216216,0.726027397260274,0.45359281437125754,0.5615384615384615,0.7274774774774775,0.4914155490062213,0.7197346858516811,0.6818181818181818,0.75,0.46483109709503034
0.44999999999999984,0.6,3,1,0.7111111111111111,0.7142857142857143,0.7125,0.42138364779874216,0.6153846153846154,0.7126984126984127,0.6628885697532507,0.7126966450997985,0.7619047619047619,0.735632183908046,0.42258889487313306
0.44999999999999984,0.6,4,1,0.7692307692307693,0.6285714285714286,0.7027027027027027,0.4001473839351512,0.5692307692307692,0.6989010989010989,0.7997524243459059,0.6953534953651154,0.6976744186046512,0.7317073170731707,0.4025487006798678
0.44999999999999984,0.6,5,1,0.7317073170731707,0.71875,0.726027397260274,0.4473883421650265,0.5615384615384615,0.7252286585365854,0.8384860411742118,0.7251997201780633,0.7692307692307693,0.75,0.4480730271953815
0.45999999999999985,0.6,1,1,0.7333333333333333,0.8,0.7625,0.5249999999999999,0.6153846153846154,0.7666666666666666,0.847152713713691,0.7659416862050705,0.825,0.7764705882352941,0.529150262212918
0.45999999999999985,0.6,2,1,0.8333333333333334,0.6216216216216216,0.726027397260274,0.45359281437125754,0.5615384615384615,0.7274774774774775,0.7188743982304213,0.7197346858516811,0.6818181818181818,0.75,0.46483109709503034
0.45999999999999985,0.6,3,1,0.7111111111111111,0.7142857142857143,0.7125,0.42138364779874216,0.6153846153846154,0.7126984126984127,0.7411050453381473,0.7126966450997985,0.7619047619047619,0.735632183908046,0.42258889487313306
0.45999999999999985,0.6,4,1,0.7692307692307693,0.6285714285714286,0.7027027027027027,0.4001473839351512,0.5692307692307692,0.6989010989010989,0.8115961361896176,0.6953534953651154,0.6976744186046512,0.7317073170731707,0.4025487006798678
0.45999999999999985,0.6,5,1,0.7317073170731707,0.71875,0.726027397260274,0.4473883421650265,0.5615384615384615,0.7252286585365854,0.8114647336650993,0.7251997201780633,0.7692307692307693,0.75,0.4480730271953815
0.46999999999999986,0.6,1,1,0.7333333333333333,0.8,0.7625,0.5249999999999999,0.6153846153846154,0.7666666666666666,0.8415884112195638,0.7659416862050705,0.825,0.7764705882352941,0.529150262212918
0.46999999999999986,0.6,2,1,0.8333333333333334,0.6216216216216216,0.726027397260274,0.45359281437125754,0.5615384615384615,0.7274774774774775,0.48659022150180015,0.7197346858516811,0.6818181818181818,0.75,0.46483109709503034
0.46999999999999986,0.6,3,1,0.7111111111111111,0.7142857142857143,0.7125,0.42138364779874216,0.6153846153846154,0.7126984126984127,0.7474291560100841,0.7126966450997985,0.7619047619047619,0.735632183908046,0.42258889487313306
0.46999999999999986,0.6,4,1,0.7692307692307693,0.6285714285714286,0.7027027027027027,0.4001473839351512,0.5692307692307692,0.6989010989010989,0.7950162248728643,0.6953534953651154,0.6976744186046512,0.7317073170731707,0.4025487006798678
0.46999999999999986,0.6,5,1,0.7317073170731707,0.71875,0.726027397260274,0.4473883421650265,0.5615384615384615,0.7252286585365854,0.8332376062856816,0.7251997201780633,0.7692307692307693,0.75,0.4480730271953815
0.47999999999999976,0.6,1,1,0.7333333333333333,0.8,0.7625,0.5249999999999999,0.6153846153846154,0.7666666666666666,0.8391428743003427,0.7659416862050705,0.825,0.7764705882352941,0.529150262212918
0.47999999999999976,0.6,2,1,0.8333333333333334,0.6216216216216216,0.726027397260274,0.45359281437125754,0.5615384615384615,0.7274774774774775,0.7199521280041082,0.7197346858516811,0.6818181818181818,0.75,0.46483109709503034
0.47999999999999976,0.6,3,1,0.7111111111111111,0.7142857142857143,0.7125,0.42138364779874216,0.6153846153846154,0.7126984126984127,0.7519828100341358,0.7126966450997985,0.7619047619047619,0.735632183908046,0.42258889487313306
0.47999999999999976,0.6,4,1,0.7692307692307693,0.6285714285714286,0.7027027027027027,0.4001473839351512,0.5692307692307692,0.6989010989010989,0.8065752029746417,0.6953534953651154,0.6976744186046512,0.7317073170731707,0.4025487006798678
0.47999999999999976,0.6,5,1,0.7317073170731707,0.71875,0.726027397260274,0.4473883421650265,0.5615384615384615,0.7252286585365854,0.8247540431891811,0.7251997201780633,0.7692307692307693,0.75,0.4480730271953815
0.48999999999999977,0.6,1,1,0.7333333333333333,0.8,0.7625,0.5249999999999999,0.6153846153846154,0.7666666666666666,0.8496185312454478,0.7659416862050705,0.825,0.7764705882352941,0.529150262212918
0.48999999999999977,0.6,2,1,0.8333333333333334,0.6216216216216216,0.726027397260274,0.45359281437125754,0.5615384615384615,0.7274774774774775,0.6141828972348774,0.7197346858516811,0.6818181818181818,0.75,0.46483109709503034
0.48999999999999977,0.6,3,1,0.7111111111111111,0.7142857142857143,0.7125,0.42138364779874216,0.6153846153846154,0.7126984126984127,0.7458343691030861,0.7126966450997985,0.7619047619047619,0.735632183908046,0.42258889487313306
0.48999999999999977,0.6,4,1,0.7692307692307693,0.6285714285714286,0.7027027027027027,0.4001473839351512,0.5692307692307692,0.6989010989010989,0.7368852842731964,0.6953534953651154,0.6976744186046512,0.7317073170731707,0.4025487006798678
0.48999999999999977,0.6,5,1,0.7317073170731707,0.71875,0.726027397260274,0.4473883421650265,0.5615384615384615,0.7252286585365854,0.8394840094833045,0.7251997201780633,0.7692307692307693,0.75,0.4480730271953815
0.4999999999999998,0.6,1,1,0.7333333333333333,0.8,0.7625,0.5249999999999999,0.6153846153846154,0.7666666666666666,0.8493109523509125,0.7659416862050705,0.825,0.7764705882352941,0.529150262212918
0.4999999999999998,0.6,2,1,0.8333333333333334,0.6216216216216216,0.726027397260274,0.45359281437125754,0.5615384615384615,0.7274774774774775,0.4974175894973475,0.7197346858516811,0.6818181818181818,0.75,0.46483109709503034
0.4999999999999998,0.6,3,1,0.7111111111111111,0.7142857142857143,0.7125,0.42138364779874216,0.6153846153846154,0.7126984126984127,0.7377129979992589,0.7126966450997985,0.7619047619047619,0.735632183908046,0.42258889487313306
0.4999999999999998,0.6,4,1,0.7692307692307693,0.6285714285714286,0.7027027027027027,0.4001473839351512,0.5692307692307692,0.6989010989010989,0.7953969480480182,0.6953534953651154,0.6976744186046512,0.7317073170731707,0.4025487006798678
0.4999999999999998,0.6,5,1,0.7317073170731707,0.71875,0.726027397260274,0.4473883421650265,0.5615384615384615,0.7252286585365854,0.8453196011725544,0.7251997201780633,0.7692307692307693,0.75,0.4480730271953815
0.5099999999999998,0.6,1,1,0.7333333333333333,0.8,0.7625,0.5249999999999999,0.6153846153846154,0.7666666666666666,0.8481469311868914,0.7659416862050705,0.825,0.7764705882352941,0.529150262212918
0.5099999999999998,0.6,2,1,0.8333333333333334,0.6216216216216216,0.726027397260274,0.45359281437125754,0.5615384615384615,0.7274774774774775,0.7142583618936754,0.7197346858516811,0.6818181818181818,0.75,0.46483109709503034
0.5099999999999998,0.6,3,1,0.7111111111111111,0.7142857142857143,0.7125,0.42138364779874216,0.6153846153846154,0.7126984126984127,0.7430928838139275,0.7126966450997985,0.7619047619047619,0.735632183908046,0.42258889487313306
0.5099999999999998,0.6,4,1,0.7692307692307693,0.6285714285714286,0.7027027027027027,0.4001473839351512,0.5692307692307692,0.6989010989010989,0.8046476630234786,0.6953534953651154,0.6976744186046512,0.7317073170731707,0.4025487006798678
0.5099999999999998,0.6,5,1,0.7317073170731707,0.71875,0.726027397260274,0.4473883421650265,0.5615384615384615,0.7252286585365854,0.8311957548817897,0.7251997201780633,0.7692307692307693,0.75,0.4480730271953815
0.5199999999999998,0.6,1,1,0.7333333333333333,0.8,0.7625,0.5249999999999999,0.6153846153846154,0.7666666666666666,0.8465464020863622,0.7659416862050705,0.825,0.7764705882352941,0.529150262212918
0.5199999999999998,0.6,2,1,0.8333333333333334,0.6216216216216216,0.726027397260274,0.45359281437125754,0.5615384615384615,0.7274774774774775,0.7231501902299482,0.7197346858516811,0.6818181818181818,0.75,0.46483109709503034
0.5199999999999998,0.6,3,1,0.7111111111111111,0.7142857142857143,0.7125,0.42138364779874216,0.6153846153846154,0.7126984126984127,0.748501215025546,0.7126966450997985,0.7619047619047619,0.735632183908046,0.42258889487313306
0.5199999999999998,0.6,4,1,0.7692307692307693,0.6285714285714286,0.7027027027027027,0.4001473839351512,0.5692307692307692,0.6989010989010989,0.8017018046197107,0.6953534953651154,0.6976744186046512,0.7317073170731707,0.4025487006798678
0.5199999999999998,0.6,5,1,0.7317073170731707,0.71875,0.726027397260274,0.4473883421650265,0.5615384615384615,0.7252286585365854,0.5750981939061799,0.7251997201780633,0.7692307692307693,0.75,0.4480730271953815
0.5299999999999998,0.6,1,1,0.7333333333333333,0.8,0.7625,0.5249999999999999,0.6153846153846154,0.7666666666666666,0.8507924338323939,0.7659416862050705,0.825,0.7764705882352941,0.529150262212918
0.5299999999999998,0.6,2,1,0.8333333333333334,0.6216216216216216,0.726027397260274,0.45359281437125754,0.5615384615384615,0.7274774774774775,0.7336035999889136,0.7197346858516811,0.6818181818181818,0.75,0.46483109709503034
0.5299999999999998,0.6,3,1,0.7111111111111111,0.7142857142857143,0.7125,0.42138364779874216,0.6153846153846154,0.7126984126984127,0.5928842119502393,0.7126966450997985,0.7619047619047619,0.735632183908046,0.42258889487313306
0.5299999999999998,0.6,4,1,0.7692307692307693,0.6285714285714286,0.7027027027027027,0.4001473839351512,0.5692307692307692,0.6989010989010989,0.8064791648549804,0.6953534953651154,0.6976744186046512,0.7317073170731707,0.4025487006798678
0.5299999999999998,0.6,5,1,0.7317073170731707,0.71875,0.726027397260274,0.4473883421650265,0.5615384615384615,0.7252286585365854,0.8479904444828446,0.7251997201780633,0.7692307692307693,0.75,0.4480730271953815
0.5399999999999998,0.6,1,1,0.7333333333333333,0.8,0.7625,0.5249999999999999,0.6153846153846154,0.7666666666666666,0.842207937640755,0.7659416862050705,0.825,0.7764705882352941,0.529150262212918
0.5399999999999998,0.6,2,1,0.8333333333333334,0.6216216216216216,0.726027397260274,0.45359281437125754,0.5615384615384615,0.7274774774774775,0.5532501314410005,0.7197346858516811,0.6818181818181818,0.75,0.46483109709503034
0.5399999999999998,0.6,3,1,0.7111111111111111,0.7142857142857143,0.7125,0.42138364779874216,0.6153846153846154,0.7126984126984127,0.7412175452835725,0.7126966450997985,0.7619047619047619,0.735632183908046,0.42258889487313306
0.5399999999999998,0.6,4,1,0.7692307692307693,0.6285714285714286,0.7027027027027027,0.4001473839351512,0.5692307692307692,0.6989010989010989,0.802083560459376,0.6953534953651154,0.6976744186046512,0.7317073170731707,0.4025487006798678
0.5399999999999998,0.6,5,1,0.7317073170731707,0.71875,0.726027397260274,0.4473883421650265,0.5615384615384615,0.7252286585365854,0.8363512255265525,0.7251997201780633,0.7692307692307693,0.75,0.4480730271953815
0.5499999999999998,0.6,1,1,0.7333333333333333,0.8,0.7625,0.5249999999999999,0.6153846153846154,0.7666666666666666,0.8486423986159979,0.7659416862050705,0.825,0.7764705882352941,0.529150262212918
0.5499999999999998,0.6,2,1,0.8333333333333334,0.6216216216216216,0.726027397260274,0.45359281437125754,0.5615384615384615,0.7274774774774775,0.5761961925815061,0.7197346858516811,0.6818181818181818,0.75,0.46483109709503034
0.5499999999999998,0.6,3,1,0.7111111111111111,0.7142857142857143,0.7125,0.42138364779874216,0.6153846153846154,0.7126984126984127,0.7348530228664185,0.7126966450997985,0.7619047619047619,0.735632183908046,0.42258889487313306
0.5499999999999998,0.6,4,1,0.7692307692307693,0.6285714285714286,0.7027027027027027,0.4001473839351512,0.5692307692307692,0.6989010989010989,0.8068780815582449,0.6953534953651154,0.6976744186046512,0.7317073170731707,0.4025487006798678
0.5499999999999998,0.6,5,1,0.7317073170731707,0.71875,0.726027397260274,0.4473883421650265,0.5615384615384615,0.7252286585365854,0.8273386482212922,0.7251997201780633,0.7692307692307693,0.75,0.4480730271953815
0.5599999999999997,0.6,1,1,0.7333333333333333,0.8,0.7625,0.5249999999999999,0.6153846153846154,0.7666666666666666,0.8477814398126113,0.7659416862050705,0.825,0.7764705882352941,0.529150262212918
0.5599999999999997,0.6,2,1,0.8333333333333334,0.6216216216216216,0.726027397260274,0.45359281437125754,0.5615384615384615,0.7274774774774775,0.6105509838807419,0.7197346858516811,0.6818181818181818,0.75,0.46483109709503034
0.5599999999999997,0.6,3,1,0.7111111111111111,0.7142857142857143,0.7125,0.42138364779874216,0.6153846153846154,0.7126984126984127,0.7360732451392724,0.7126966450997985,0.7619047619047619,0.735632183908046,0.42258889487313306
0.5599999999999997,0.6,4,1,0.7692307692307693,0.6285714285714286,0.7027027027027027,0.4001473839351512,0.5692307692307692,0.6989010989010989,0.7002761715634778,0.6953534953651154,0.6976744186046512,0.7317073170731707,0.4025487006798678
0.5599999999999997,0.6,5,1,0.7317073170731707,0.71875,0.726027397260274,0.4473883421650265,0.5615384615384615,0.7252286585365854,0.8367109612309329,0.7251997201780633,0.7692307692307693,0.75,0.4480730271953815
0.5699999999999997,0.6,1,1,0.7333333333333333,0.8,0.7625,0.5249999999999999,0.6153846153846154,0.7666666666666666,0.8533587525558906,0.7659416862050705,0.825,0.7764705882352941,0.529150262212918
0.5699999999999997,0.6,2,1,0.8333333333333334,0.6216216216216216,0.726027397260274,0.45359281437125754,0.5615384615384615,0.7274774774774775,0.7231501902299482,0.7197346858516811,0.6818181818181818,0.75,0.46483109709503034
0.5699999999999997,0.6,3,1,0.7111111111111111,0.7142857142857143,0.7125,0.42138364779874216,0.6153846153846154,0.7126984126984127,0.7118067708727982,0.7126966450997985,0.7619047619047619,0.735632183908046,0.42258889487313306
0.5699999999999997,0.6,4,1,0.7692307692307693,0.6285714285714286,0.7027027027027027,0.4001473839351512,0.5692307692307692,0.6989010989010989,0.8099718852065597,0.6953534953651154,0.6976744186046512,0.7317073170731707,0.4025487006798678
0.5699999999999997,0.6,5,1,0.7317073170731707,0.71875,0.726027397260274,0.4473883421650265,0.5615384615384615,0.7252286585365854,0.7509228327810865,0.7251997201780633,0.7692307692307693,0.75,0.4480730271953815
0.5799999999999997,0.6,1,1,0.7333333333333333,0.8,0.7625,0.5249999999999999,0.6153846153846154,0.7666666666666666,0.8533587525558906,0.7659416862050705,0.825,0.7764705882352941,0.529150262212918
0.5799999999999997,0.6,2,1,0.8333333333333334,0.6216216216216216,0.726027397260274,0.45359281437125754,0.5615384615384615,0.7274774774774775,0.4870390791188371,0.7197346858516811,0.6818181818181818,0.75,0.46483109709503034
0.5799999999999997,0.6,3,1,0.7111111111111111,0.7142857142857143,0.7125,0.42138364779874216,0.6153846153846154,0.7126984126984127,0.6648370739031012,0.7126966450997985,0.7619047619047619,0.735632183908046,0.42258889487313306
0.5799999999999997,0.6,4,1,0.7692307692307693,0.6285714285714286,0.7027027027027027,0.4001473839351512,0.5692307692307692,0.6989010989010989,0.7994615586398458,0.6953534953651154,0.6976744186046512,0.7317073170731707,0.4025487006798678
0.5799999999999997,0.6,5,1,0.7317073170731707,0.71875,0.726027397260274,0.4473883421650265,0.5615384615384615,0.7252286585365854,0.8367868479445221,0.7251997201780633,0.7692307692307693,0.75,0.4480730271953815
0.5899999999999997,0.6,1,1,0.7333333333333333,0.8,0.7625,0.5249999999999999,0.6153846153846154,0.7666666666666666,0.8522476414447793,0.7659416862050705,0.825,0.7764705882352941,0.529150262212918
0.5899999999999997,0.6,2,1,0.8333333333333334,0.6216216216216216,0.726027397260274,0.45359281437125754,0.5615384615384615,0.7274774774774775,0.4920361396714532,0.7197346858516811,0.6818181818181818,0.75,0.46483109709503034
0.5899999999999997,0.6,3,1,0.7111111111111111,0.7142857142857143,0.7125,0.42138364779874216,0.6153846153846154,0.7126984126984127,0.74362495269098,0.7126966450997985,0.7619047619047619,0.735632183908046,0.42258889487313306
0.5899999999999997,0.6,4,1,0.7692307692307693,0.6285714285714286,0.7027027027027027,0.4001473839351512,0.5692307692307692,0.6989010989010989,0.8102709567105438,0.6953534953651154,0.6976744186046512,0.7317073170731707,0.4025487006798678
0.5899999999999997,0.6,5,1,0.7317073170731707,0.71875,0.726027397260274,0.4473883421650265,0.5615384615384615,0.7252286585365854,0.8326523194197497,0.7251997201780633,0.7692307692307693,0.75,0.4480730271953815
0.5999999999999998,0.6,1,1,0.7555555555555555,0.8,0.775,0.54858934169279,0.6153846153846154,0.7777777777777778,0.8488164512031744,0.77746025264604,0.8292682926829268,0.7906976744186046,0.5513705200234356
0.5999999999999998,0.6,2,1,0.8333333333333334,0.6216216216216216,0.726027397260274,0.45359281437125754,0.5615384615384615,0.7274774774774775,0.7196398117195697,0.7197346858516811,0.6818181818181818,0.75,0.46483109709503034
0.5999999999999998,0.6,3,1,0.7111111111111111,0.7142857142857143,0.7125,0.42138364779874216,0.6153846153846154,0.7126984126984127,0.7473286563946837,0.7126966450997985,0.7619047619047619,0.735632183908046,0.42258889487313306
0.5999999999999998,0.6,4,1,0.7692307692307693,0.6285714285714286,0.7027027027027027,0.4001473839351512,0.5692307692307692,0.6989010989010989,0.8041980822166168,0.6953534953651154,0.6976744186046512,0.7317073170731707,0.4025487006798678
0.5999999999999998,0.6,5,1,0.7317073170731707,0.71875,0.726027397260274,0.4473883421650265,0.5615384615384615,0.7252286585365854,0.8350913438099935,0.7251997201780633,0.7692307692307693,0.75,0.4480730271953815
0.6099999999999998,0.6,1,1,0.7555555555555555,0.7714285714285715,0.7625,0.5220125786163521,0.6153846153846154,0.7634920634920634,0.8517794141661372,0.7634508123364221,0.8095238095238095,0.7816091954022989,0.5235056458876126
0.6099999999999998,0.6,2,1,0.8333333333333334,0.6216216216216216,0.726027397260274,0.45359281437125754,0.5615384615384615,0.7274774774774775,0.4870390791188371,0.7197346858516811,0.6818181818181818,0.75,0.46483109709503034
0.6099999999999998,0.6,3,1,0.7111111111111111,0.7142857142857143,0.7125,0.42138364779874216,0.6153846153846154,0.7126984126984127,0.7450742280532988,0.7126966450997985,0.7619047619047619,0.735632183908046,0.42258889487313306
0.6099999999999998,0.6,4,1,0.7692307692307693,0.6285714285714286,0.7027027027027027,0.4001473839351512,0.5692307692307692,0.6989010989010989,0.808521841116826,0.6953534953651154,0.6976744186046512,0.7317073170731707,0.4025487006798678
0.6099999999999998,0.6,5,1,0.7317073170731707,0.71875,0.726027397260274,0.4473883421650265,0.5615384615384615,0.7252286585365854,0.8320964164248221,0.7251997201780633,0.7692307692307693,0.75,0.4480730271953815
0.6199999999999998,0.6,1,1,0.7555555555555555,0.7714285714285715,0.7625,0.5220125786163521,0.6153846153846154,0.7634920634920634,0.8556683030550263,0.7634508123364221,0.8095238095238095,0.7816091954022989,0.5235056458876126
0.6199999999999998,0.6,2,1,0.8333333333333334,0.6216216216216216,0.726027397260274,0.45359281437125754,0.5615384615384615,0.7274774774774775,0.7394625618014661,0.7197346858516811,0.6818181818181818,0.75,0.46483109709503034
0.6199999999999998,0.6,3,1,0.7111111111111111,0.7142857142857143,0.7125,0.42138364779874216,0.6153846153846154,0.7126984126984127,0.7489389623528158,0.7126966450997985,0.7619047619047619,0.735632183908046,0.42258889487313306
0.6199999999999998,0.6,4,1,0.7692307692307693,0.6285714285714286,0.7027027027027027,0.4001473839351512,0.5692307692307692,0.6989010989010989,0.8036378362328211,0.6953534953651154,0.6976744186046512,0.7317073170731707,0.4025487006798678
0.6199999999999998,0.6,5,1,0.7317073170731707,0.71875,0.726027397260274,0.4473883421650265,0.5615384615384615,0.7252286585365854,0.8258433763303187,0.7251997201780633,0.7692307692307693,0.75,0.4480730271953815
0.6299999999999997,0.6,1,1,0.7555555555555555,0.7714285714285715,0.7625,0.5220125786163521,0.6153846153846154,0.7634920634920634,0.8517794141661372,0.7634508123364221,0.8095238095238095,0.7816091954022989,0.5235056458876126
0.6299999999999997,0.6,2,1,0.8333333333333334,0.6216216216216216,0.726027397260274,0.45359281437125754,0.5615384615384615,0.7274774774774775,0.7340811119755718,0.7197346858516811,0.6818181818181818,0.75,0.46483109709503034
0.6299999999999997,0.6,3,1,0.7111111111111111,0.7142857142857143,0.7125,0.42138364779874216,0.6153846153846154,0.7126984126984127,0.7385744476404749,0.7126966450997985,0.7619047619047619,0.735632183908046,0.42258889487313306
0.6299999999999997,0.6,4,1,0.7692307692307693,0.6285714285714286,0.7027027027027027,0.4001473839351512,0.5692307692307692,0.6989010989010989,0.7997948955477752,0.6953534953651154,0.6976744186046512,0.7317073170731707,0.4025487006798678
0.6299999999999997,0.6,5,1,0.7317073170731707,0.71875,0.726027397260274,0.4473883421650265,0.5615384615384615,0.7252286585365854,0.774115734053896,0.7251997201780633,0.7692307692307693,0.75,0.4480730271953815
0.6399999999999997,0.6,1,1,0.7555555555555555,0.7714285714285715,0.7625,0.5220125786163521,0.6153846153846154,0.7634920634920634,0.8450982115638821,0.7634508123364221,0.8095238095238095,0.7816091954022989,0.5235056458876126
0.6399999999999997,0.6,2,1,0.8333333333333334,0.6216216216216216,0.726027397260274,0.45359281437125754,0.5615384615384615,0.7274774774774775,0.7290840514229556,0.7197346858516811,0.6818181818181818,0.75,0.46483109709503034
0.6399999999999997,0.6,3,1,0.7111111111111111,0.7142857142857143,0.7125,0.42138364779874216,0.6153846153846154,0.7126984126984127,0.7019207640959926,0.7126966450997985,0.7619047619047619,0.735632183908046,0.42258889487313306
0.6399999999999997,0.6,4,1,0.7692307692307693,0.6285714285714286,0.7027027027027027,0.4001473839351512,0.5692307692307692,0.6989010989010989,0.7970829875727093,0.6953534953651154,0.6976744186046512,0.7317073170731707,0.4025487006798678
0.6399999999999997,0.6,5,1,0.7317073170731707,0.71875,0.726027397260274,0.4473883421650265,0.5615384615384615,0.7252286585365854,0.8317654014596609,0.7251997201780633,0.7692307692307693,0.75,0.4480730271953815
0.6499999999999997,0.6,1,1,0.7555555555555555,0.7714285714285715,0.7625,0.5220125786163521,0.6153846153846154,0.7634920634920634,0.8533131673398133,0.7634508123364221,0.8095238095238095,0.7816091954022989,0.5235056458876126
0.6499999999999997,0.6,2,1,0.8333333333333334,0.6216216216216216,0.726027397260274,0.45359281437125754,0.5615384615384615,0.7274774774774775,0.7236277022166064,0.7197346858516811,0.6818181818181818,0.75,0.46483109709503034
0.6499999999999997,0.6,3,1,0.7111111111111111,0.7142857142857143,0.7125,0.42138364779874216,0.6153846153846154,0.7126984126984127,0.7389651207055665,0.7126966450997985,0.7619047619047619,0.735632183908046,0.42258889487313306
0.6499999999999997,0.6,4,1,0.7692307692307693,0.6285714285714286,0.7027027027027027,0.4001473839351512,0.5692307692307692,0.6989010989010989,0.5939919265869115,0.6953534953651154,0.6976744186046512,0.7317073170731707,0.4025487006798678
0.6499999999999997,0.6,5,1,0.7317073170731707,0.71875,0.726027397260274,0.4473883421650265,0.5615384615384615,0.7252286585365854,0.823301857325385,0.7251997201780633,0.7692307692307693,0.75,0.4480730271953815
0.6599999999999997,0.6,1,1,0.7555555555555555,0.7714285714285715,0.7625,0.5220125786163521,0.6153846153846154,0.7634920634920634,0.8543316858583319,0.7634508123364221,0.8095238095238095,0.7816091954022989,0.5235056458876126
0.6599999999999997,0.6,2,1,0.8333333333333334,0.6216216216216216,0.726027397260274,0.45359281437125754,0.5615384615384615,0.7274774774774775,0.728937079053761,0.7197346858516811,0.6818181818181818,0.75,0.46483109709503034
0.6599999999999997,0.6,3,1,0.7111111111111111,0.7142857142857143,0.7125,0.42138364779874216,0.6153846153846154,0.7126984126984127,0.7430055247459706,0.7126966450997985,0.7619047619047619,0.735632183908046,0.42258889487313306
0.6599999999999997,0.6,4,1,0.7692307692307693,0.6285714285714286,0.7027027027027027,0.4001473839351512,0.5692307692307692,0.6989010989010989,0.8088158453581986,0.6953534953651154,0.6976744186046512,0.7317073170731707,0.4025487006798678
0.6599999999999997,0.6,5,1,0.7317073170731707,0.71875,0.726027397260274,0.4473883421650265,0.5615384615384615,0.7252286585365854,0.8427155533854225,0.7251997201780633,0.7692307692307693,0.75,0.4480730271953815
0.6699999999999997,0.6,1,1,0.7555555555555555,0.7714285714285715,0.7625,0.5220125786163521,0.6153846153846154,0.7634920634920634,0.8586563492965219,0.7634508123364221,0.8095238095238095,0.7816091954022989,0.5235056458876126
0.6699999999999997,0.6,2,1,0.8333333333333334,0.6216216216216216,0.726027397260274,0.45359281437125754,0.5615384615384615,0.7274774774774775,0.728937079053761,0.7197346858516811,0.6818181818181818,0.75,0.46483109709503034
0.6699999999999997,0.6,3,1,0.7111111111111111,0.7428571428571429,0.725,0.44827586206896547,0.6153846153846154,0.7269841269841271,0.7488641106045564,0.7268108201271968,0.7804878048780488,0.7441860465116279,0.4505484820762931
0.6699999999999997,0.6,4,1,0.7692307692307693,0.6285714285714286,0.7027027027027027,0.4001473839351512,0.5692307692307692,0.6989010989010989,0.5856891182841032,0.6953534953651154,0.6976744186046512,0.7317073170731707,0.4025487006798678
0.6699999999999997,0.6,5,1,0.7317073170731707,0.71875,0.726027397260274,0.4473883421650265,0.5615384615384615,0.7252286585365854,0.825842507731889,0.7251997201780633,0.7692307692307693,0.75,0.4480730271953815
0.6799999999999997,0.6,1,1,0.7555555555555555,0.7714285714285715,0.7625,0.5220125786163521,0.6153846153846154,0.7634920634920634,0.8518970900372628,0.7634508123364221,0.8095238095238095,0.7816091954022989,0.5235056458876126
0.6799999999999997,0.6,2,1,0.8333333333333334,0.6216216216216216,0.726027397260274,0.45359281437125754,0.5615384615384615,0.7274774774774775,0.7236277022166064,0.7197346858516811,0.6818181818181818,0.75,0.46483109709503034
0.6799999999999997,0.6,3,1,0.7111111111111111,0.7428571428571429,0.725,0.44827586206896547,0.6153846153846154,0.7269841269841271,0.747382629123075,0.7268108201271968,0.7804878048780488,0.7441860465116279,0.4505484820762931
0.6799999999999997,0.6,4,1,0.7692307692307693,0.6285714285714286,0.7027027027027027,0.4001473839351512,0.5692307692307692,0.6989010989010989,0.8042483368433218,0.6953534953651154,0.6976744186046512,0.7317073170731707,0.4025487006798678
0.6799999999999997,0.6,5,1,0.7317073170731707,0.71875,0.726027397260274,0.4473883421650265,0.5615384615384615,0.7252286585365854,0.8375303682002374,0.7251997201780633,0.7692307692307693,0.75,0.4480730271953815
0.6899999999999997,0.6,1,1,0.7555555555555555,0.7714285714285715,0.7625,0.5220125786163521,0.6153846153846154,0.7634920634920634,0.8534680377194499,0.7634508123364221,0.8095238095238095,0.7816091954022989,0.5235056458876126
0.6899999999999997,0.6,2,1,0.8333333333333334,0.6216216216216216,0.726027397260274,0.45359281437125754,0.5615384615384615,0.7274774774774775,0.7290840514229556,0.7197346858516811,0.6818181818181818,0.75,0.46483109709503034
0.6899999999999997,0.6,3,1,0.7111111111111111,0.7428571428571429,0.725,0.44827586206896547,0.6153846153846154,0.7269841269841271,0.7430055247459706,0.7268108201271968,0.7804878048780488,0.7441860465116279,0.4505484820762931
0.6899999999999997,0.6,4,1,0.7692307692307693,0.6285714285714286,0.7027027027027027,0.4001473839351512,0.5692307692307692,0.6989010989010989,0.6020762399343828,0.6953534953651154,0.6976744186046512,0.7317073170731707,0.4025487006798678
0.6899999999999997,0.6,5,1,0.7317073170731707,0.71875,0.726027397260274,0.4473883421650265,0.5615384615384615,0.7252286585365854,0.825842507731889,0.7251997201780633,0.7692307692307693,0.75,0.4480730271953815
0.6999999999999996,0.6,1,1,0.7555555555555555,0.7714285714285715,0.7625,0.5220125786163521,0.6153846153846154,0.7634920634920634,0.8515834223348346,0.7634508123364221,0.8095238095238095,0.7816091954022989,0.5235056458876126
0.6999999999999996,0.6,2,1,0.8333333333333334,0.6216216216216216,0.726027397260274,0.45359281437125754,0.5615384615384615,0.7274774774774775,0.7236277022166064,0.7197346858516811,0.6818181818181818,0.75,0.46483109709503034
0.6999999999999996,0.6,3,1,0.7111111111111111,0.7428571428571429,0.725,0.44827586206896547,0.6153846153846154,0.7269841269841271,0.7322311139715598,0.7268108201271968,0.7804878048780488,0.7441860465116279,0.4505484820762931
0.6999999999999996,0.6,4,1,0.7692307692307693,0.6285714285714286,0.7027027027027027,0.4001473839351512,0.5692307692307692,0.6989010989010989,0.8016842342792192,0.6953534953651154,0.6976744186046512,0.7317073170731707,0.4025487006798678
0.6999999999999996,0.6,5,1,0.7317073170731707,0.71875,0.726027397260274,0.4473883421650265,0.5615384615384615,0.7252286585365854,0.7513584551990561,0.7251997201780633,0.7692307692307693,0.75,0.4480730271953815
0.7099999999999996,0.6,1,1,0.7555555555555555,0.7714285714285715,0.7625,0.5220125786163521,0.6153846153846154,0.7634920634920634,0.8563296123588023,0.7634508123364221,0.8095238095238095,0.7816091954022989,0.5235056458876126
0.7099999999999996,0.6,2,1,0.8333333333333334,0.6216216216216216,0.726027397260274,0.45359281437125754,0.5615384615384615,0.7274774774774775,0.48751659110549533,0.7197346858516811,0.6818181818181818,0.75,0.46483109709503034
0.7099999999999996,0.6,3,1,0.7111111111111111,0.7428571428571429,0.725,0.44827586206896547,0.6153846153846154,0.7269841269841271,0.5877699390756024,0.7268108201271968,0.7804878048780488,0.7441860465116279,0.4505484820762931
0.7099999999999996,0.6,4,1,0.7692307692307693,0.6285714285714286,0.7027027027027027,0.4001473839351512,0.5692307692307692,0.6989010989010989,0.8159754458328743,0.6953534953651154,0.6976744186046512,0.7317073170731707,0.4025487006798678
0.7099999999999996,0.6,5,1,0.7317073170731707,0.71875,0.726027397260274,0.4473883421650265,0.5615384615384615,0.7252286585365854,0.8233027259238146,0.7251997201780633,0.7692307692307693,0.75,0.4480730271953815
0.7199999999999996,0.6,1,1,0.7555555555555555,0.7714285714285715,0.7625,0.5220125786163521,0.6153846153846154,0.7634920634920634,0.847996279025469,0.7634508123364221,0.8095238095238095,0.7816091954022989,0.5235056458876126
0.7199999999999996,0.6,2,1,0.8333333333333334,0.6216216216216216,0.726027397260274,0.45359281437125754,0.5615384615384615,0.7274774774774775,0.7147358738803337,0.7197346858516811,0.6818181818181818,0.75,0.46483109709503034
0.7199999999999996,0.6,3,1,0.7111111111111111,0.7428571428571429,0.725,0.44827586206896547,0.6153846153846154,0.7269841269841271,0.750405612580841,0.7268108201271968,0.7804878048780488,0.7441860465116279,0.4505484820762931
0.7199999999999996,0.6,4,1,0.7692307692307693,0.6285714285714286,0.7027027027027027,0.4001473839351512,0.5692307692307692,0.6989010989010989,0.8081915630489915,0.6953534953651154,0.6976744186046512,0.7317073170731707,0.4025487006798678
0.7199999999999996,0.6,5,1,0.7317073170731707,0.71875,0.726027397260274,0.4473883421650265,0.5615384615384615,0.7252286585365854,0.8326523194197497,0.7251997201780633,0.7692307692307693,0.75,0.4480730271953815
0.7299999999999996,0.6,1,1,0.7555555555555555,0.7714285714285715,0.7625,0.5220125786163521,0.6153846153846154,0.7634920634920634,0.8495968081259982,0.7634508123364221,0.8095238095238095,0.7816091954022989,0.5235056458876126
0.7299999999999996,0.6,2,1,0.8333333333333334,0.6216216216216216,0.726027397260274,0.45359281437125754,0.5615384615384615,0.7274774774774775,0.7147358738803337,0.7197346858516811,0.6818181818181818,0.75,0.46483109709503034
0.7299999999999996,0.6,3,1,0.7111111111111111,0.7428571428571429,0.725,0.44827586206896547,0.6153846153846154,0.7269841269841271,0.736447187752851,0.7268108201271968,0.7804878048780488,0.7441860465116279,0.4505484820762931
0.7299999999999996,0.6,4,1,0.7692307692307693,0.6285714285714286,0.7027027027027027,0.4001473839351512,0.5692307692307692,0.6989010989010989,0.8032012468517786,0.6953534953651154,0.6976744186046512,0.7317073170731707,0.4025487006798678
0.7299999999999996,0.6,5,1,0.7317073170731707,0.71875,0.726027397260274,0.4473883421650265,0.5615384615384615,0.7252286585365854,0.8367868479445221,0.7251997201780633,0.7692307692307693,0.75,0.4480730271953815
0.7399999999999997,0.6,1,1,0.7555555555555555,0.7714285714285715,0.7625,0.5220125786163521,0.6153846153846154,0.7634920634920634,0.8466531776823678,0.7634508123364221,0.8095238095238095,0.7816091954022989,0.5235056458876126
0.7399999999999997,0.6,2,1,0.8333333333333334,0.6216216216216216,0.726027397260274,0.45359281437125754,0.5615384615384615,0.7274774774774775,0.7290840514229556,0.7197346858516811,0.6818181818181818,0.75,0.46483109709503034
0.7399999999999997,0.6,3,1,0.7111111111111111,0.7428571428571429,0.725,0.44827586206896547,0.6153846153846154,0.7269841269841271,0.7539409661161945,0.7268108201271968,0.7804878048780488,0.7441860465116279,0.4505484820762931
0.7399999999999997,0.6,4,1,0.7692307692307693,0.6285714285714286,0.7027027027027027,0.4001473839351512,0.5692307692307692,0.6989010989010989,0.8006371442876761,0.6953534953651154,0.6976744186046512,0.7317073170731707,0.4025487006798678
0.7399999999999997,0.6,5,1,0.7317073170731707,0.71875,0.726027397260274,0.4473883421650265,0.5615384615384615,0.7252286585365854,0.825842507731889,0.7251997201780633,0.7692307692307693,0.75,0.4480730271953815
0.7499999999999997,0.6,1,1,0.7555555555555555,0.7714285714285715,0.7625,0.5220125786163521,0.6153846153846154,0.7634920634920634,0.8538296123588023,0.7634508123364221,0.8095238095238095,0.7816091954022989,0.5235056458876126
0.7499999999999997,0.6,2,1,0.8333333333333334,0.6216216216216216,0.726027397260274,0.45359281437125754,0.5615384615384615,0.7274774774774775,0.49251365165811145,0.7197346858516811,0.6818181818181818,0.75,0.46483109709503034
0.7499999999999997,0.6,3,1,0.7111111111111111,0.7428571428571429,0.725,0.44827586206896547,0.6153846153846154,0.7269841269841271,0.692531843837507,0.7268108201271968,0.7804878048780488,0.7441860465116279,0.4505484820762931
0.7499999999999997,0.6,4,1,0.7692307692307693,0.6285714285714286,0.7027027027027027,0.4001473839351512,0.5692307692307692,0.6989010989010989,0.7960487502255977,0.6953534953651154,0.6976744186046512,0.7317073170731707,0.4025487006798678
0.7499999999999997,0.6,5,1,0.7317073170731707,0.71875,0.726027397260274,0.4473883421650265,0.5615384615384615,0.7252286585365854,0.8317654014596609,0.7251997201780633,0.7692307692307693,0.75,0.4480730271953815
0.7599999999999997,0.6,1,1,0.7555555555555555,0.7714285714285715,0.7625,0.5220125786163521,0.6153846153846154,0.7634920634920634,0.847996279025469,0.7634508123364221,0.8095238095238095,0.7816091954022989,0.5235056458876126
0.7599999999999997,0.6,2,1,0.8333333333333334,0.6216216216216216,0.726027397260274,0.45359281437125754,0.5615384615384615,0.7274774774774775,0.7198007678341165,0.7197346858516811,0.6818181818181818,0.75,0.46483109709503034
0.7599999999999997,0.6,3,1,0.7111111111111111,0.7428571428571429,0.725,0.44827586206896547,0.6153846153846154,0.7269841269841271,0.7486443473184317,0.7268108201271968,0.7804878048780488,0.7441860465116279,0.4505484820762931
0.7599999999999997,0.6,4,1,0.7692307692307693,0.6285714285714286,0.7027027027027027,0.4001473839351512,0.5692307692307692,0.6989010989010989,0.8006371442876761,0.6953534953651154,0.6976744186046512,0.7317073170731707,0.4025487006798678
0.7599999999999997,0.6,5,1,0.7317073170731707,0.71875,0.726027397260274,0.4473883421650265,0.5615384615384615,0.7252286585365854,0.8258207927711497,0.7251997201780633,0.7692307692307693,0.75,0.4480730271953815
0.7699999999999997,0.6,1,1,0.7555555555555555,0.7714285714285715,0.7625,0.5220125786163521,0.6153846153846154,0.7634920634920634,0.852348130877321,0.7634508123364221,0.8095238095238095,0.7816091954022989,0.5235056458876126
0.7699999999999997,0.6,2,1,0.8333333333333334,0.6216216216216216,0.726027397260274,0.45359281437125754,0.5615384615384615,0.7274774774774775,0.5766737045681644,0.7197346858516811,0.6818181818181818,0.75,0.46483109709503034
0.7699999999999997,0.6,3,1,0.7111111111111111,0.7428571428571429,0.725,0.44827586206896547,0.6153846153846154,0.7269841269841271,0.7389651207055665,0.7268108201271968,0.7804878048780488,0.7441860465116279,0.4505484820762931
0.7699999999999997,0.6,4,1,0.7692307692307693,0.6285714285714286,0.7027027027027027,0.4001473839351512,0.5692307692307692,0.6989010989010989,0.8074747511252829,0.6953534953651154,0.6976744186046512,0.7317073170731707,0.4025487006798678
0.7699999999999997,0.6,5,1,0.7317073170731707,0.71875,0.726027397260274,0.4473883421650265,0.5615384615384615,0.7252286585365854,0.7077136780176936,0.7251997201780633,0.7692307692307693,0.75,0.4480730271953815
0.7799999999999997,0.6,1,1,0.7555555555555555,0.7714285714285715,0.7625,0.5220125786163521,0.6153846153846154,0.7634920634920634,0.852348130877321,0.7634508123364221,0.8095238095238095,0.7816091954022989,0.5235056458876126
0.7799999999999997,0.6,2,1,0.8333333333333334,0.6216216216216216,0.726027397260274,0.45359281437125754,0.5615384615384615,0.7274774774774775,0.7051464654560793,0.7197346858516811,0.6818181818181818,0.75,0.46483109709503034
0.7799999999999997,0.6,3,1,0.7111111111111111,0.7428571428571429,0.725,0.44827586206896547,0.6153846153846154,0.7269841269841271,0.7389651207055665,0.7268108201271968,0.7804878048780488,0.7441860465116279,0.4505484820762931
0.7799999999999997,0.6,4,1,0.7692307692307693,0.6285714285714286,0.7027027027027027,0.4001473839351512,0.5692307692307692,0.6989010989010989,0.7980730417235735,0.6953534953651154,0.6976744186046512,0.7317073170731707,0.4025487006798678
0.7799999999999997,0.6,5,1,0.7317073170731707,0.71875,0.726027397260274,0.4473883421650265,0.5615384615384615,0.7252286585365854,0.835710342599724,0.7251997201780633,0.7692307692307693,0.75,0.4480730271953815
0.7899999999999996,0.6,1,1,0.7555555555555555,0.7714285714285715,0.7625,0.5220125786163521,0.6153846153846154,0.7634920634920634,0.852348130877321,0.7634508123364221,0.8095238095238095,0.7816091954022989,0.5235056458876126
0.7899999999999996,0.6,2,1,0.8333333333333334,0.6216216216216216,0.726027397260274,0.45359281437125754,0.5615384615384615,0.7274774774774775,0.7147358738803337,0.7197346858516811,0.6818181818181818,0.75,0.46483109709503034
0.7899999999999996,0.6,3,1,0.7111111111111111,0.7428571428571429,0.725,0.44827586206896547,0.6153846153846154,0.7269841269841271,0.6652277469681929,0.7268108201271968,0.7804878048780488,0.7441860465116279,0.4505484820762931
0.7899999999999996,0.6,4,1,0.7692307692307693,0.6285714285714286,0.7027027027027027,0.4001473839351512,0.5692307692307692,0.6989010989010989,0.7980730417235735,0.6953534953651154,0.6976744186046512,0.7317073170731707,0.4025487006798678
0.7899999999999996,0.6,5,1,0.7317073170731707,0.71875,0.726027397260274,0.4473883421650265,0.5615384615384615,0.7252286585365854,0.7897024209820462,0.7251997201780633,0.7692307692307693,0.75,0.4480730271953815
0.7999999999999996,0.6,1,1,0.7555555555555555,0.7714285714285715,0.7625,0.5220125786163521,0.6153846153846154,0.7634920634920634,0.8535518345810247,0.7634508123364221,0.8095238095238095,0.7816091954022989,0.5235056458876126
0.7999999999999996,0.6,2,1,0.8333333333333334,0.6216216216216216,0.726027397260274,0.45359281437125754,0.5615384615384615,0.7274774774774775,0.7236277022166064,0.7197346858516811,0.6818181818181818,0.75,0.46483109709503034
0.7999999999999996,0.6,3,1,0.7111111111111111,0.7428571428571429,0.725,0.44827586206896547,0.6153846153846154,0.7269841269841271,0.6951940769345228,0.7268108201271968,0.7804878048780488,0.7441860465116279,0.4505484820762931
0.7999999999999996,0.6,4,1,0.7692307692307693,0.6285714285714286,0.7027027027027027,0.4001473839351512,0.5692307692307692,0.6989010989010989,0.80724982984773,0.6953534953651154,0.6976744186046512,0.7317073170731707,0.4025487006798678
0.7999999999999996,0.6,5,1,0.7317073170731707,0.71875,0.726027397260274,0.4473883421650265,0.5615384615384615,0.7252286585365854,0.8278060968906003,0.7251997201780633,0.7692307692307693,0.75,0.4480730271953815
0.8099999999999996,0.6,1,1,0.7555555555555555,0.7714285714285715,0.7625,0.5220125786163521,0.6153846153846154,0.7634920634920634,0.8549407234699136,0.7634508123364221,0.8095238095238095,0.7816091954022989,0.5235056458876126
0.8099999999999996,0.6,2,1,0.8333333333333334,0.6216216216216216,0.726027397260274,0.45359281437125754,0.5615384615384615,0.7274774774774775,0.7290840514229556,0.7197346858516811,0.6818181818181818,0.75,0.46483109709503034
0.8099999999999996,0.6,3,1,0.7111111111111111,0.7428571428571429,0.725,0.44827586206896547,0.6153846153846154,0.7269841269841271,0.7389651207055665,0.7268108201271968,0.7804878048780488,0.7441860465116279,0.4505484820762931
0.8099999999999996,0.6,4,1,0.7692307692307693,0.6285714285714286,0.7027027027027027,0.4001473839351512,0.5692307692307692,0.6989010989010989,0.7933496948949634,0.6953534953651154,0.6976744186046512,0.7317073170731707,0.4025487006798678
0.8099999999999996,0.6,5,1,0.7317073170731707,0.71875,0.726027397260274,0.4473883421650265,0.5615384615384615,0.7252286585365854,0.7058375054098136,0.7251997201780633,0.7692307692307693,0.75,0.4480730271953815
0.8199999999999996,0.6,1,1,0.7555555555555555,0.7714285714285715,0.7625,0.5220125786163521,0.6153846153846154,0.7634920634920634,0.8563296123588023,0.7634508123364221,0.8095238095238095,0.7816091954022989,0.5235056458876126
0.8199999999999996,0.6,2,1,0.8333333333333334,0.6216216216216216,0.726027397260274,0.45359281437125754,0.5615384615384615,0.7274774774774775,0.6564104544438032,0.7197346858516811,0.6818181818181818,0.75,0.46483109709503034
0.8199999999999996,0.6,3,1,0.7111111111111111,0.7428571428571429,0.725,0.44827586206896547,0.6153846153846154,0.7269841269841271,0.747382629123075,0.7268108201271968,0.7804878048780488,0.7441860465116279,0.4505484820762931
0.8199999999999996,0.6,4,1,0.7692307692307693,0.6285714285714286,0.7027027027027027,0.4001473839351512,0.5692307692307692,0.6989010989010989,0.7980730417235735,0.6953534953651154,0.6976744186046512,0.7317073170731707,0.4025487006798678
0.8199999999999996,0.6,5,1,0.7317073170731707,0.71875,0.726027397260274,0.4473883421650265,0.5615384615384615,0.7252286585365854,0.8377949788307018,0.7251997201780633,0.7692307692307693,0.75,0.4480730271953815
0.8299999999999996,0.6,1,1,0.7555555555555555,0.7714285714285715,0.7625,0.5220125786163521,0.6153846153846154,0.7634920634920634,0.8513897915856483,0.7634508123364221,0.8095238095238095,0.7816091954022989,0.5235056458876126
0.8299999999999996,0.6,2,1,0.8333333333333334,0.6216216216216216,0.726027397260274,0.45359281437125754,0.5615384615384615,0.7274774774774775,0.7147358738803337,0.7197346858516811,0.6818181818181818,0.75,0.46483109709503034
0.8299999999999996,0.6,3,1,0.7111111111111111,0.7428571428571429,0.725,0.44827586206896547,0.6153846153846154,0.7269841269841271,0.7493296354179074,0.7268108201271968,0.7804878048780488,0.7441860465116279,0.4505484820762931
0.8299999999999996,0.6,4,1,0.7692307692307693,0.6285714285714286,0.7027027027027027,0.4001473839351512,0.5692307692307692,0.6989010989010989,0.7980730417235735,0.6953534953651154,0.6976744186046512,0.7317073170731707,0.4025487006798678
0.8299999999999996,0.6,5,1,0.7317073170731707,0.71875,0.726027397260274,0.4473883421650265,0.5615384615384615,0.7252286585365854,0.842914197860868,0.7251997201780633,0.7692307692307693,0.75,0.4480730271953815
0.8399999999999996,0.6,1,1,0.7555555555555555,0.7714285714285715,0.7625,0.5220125786163521,0.6153846153846154,0.7634920634920634,0.8496552253388869,0.7634508123364221,0.8095238095238095,0.7816091954022989,0.5235056458876126
0.8399999999999996,0.6,2,1,0.8333333333333334,0.6216216216216216,0.726027397260274,0.45359281437125754,0.5615384615384615,0.7274774774774775,0.6092831989832144,0.7197346858516811,0.6818181818181818,0.75,0.46483109709503034
0.8399999999999996,0.6,3,1,0.7111111111111111,0.7428571428571429,0.725,0.44827586206896547,0.6153846153846154,0.7269841269841271,0.744345006520235,0.7268108201271968,0.7804878048780488,0.7441860465116279,0.4505484820762931
0.8399999999999996,0.6,4,1,0.7692307692307693,0.6285714285714286,0.7027027027027027,0.4001473839351512,0.5692307692307692,0.6989010989010989,0.8039081422955162,0.6953534953651154,0.6976744186046512,0.7317073170731707,0.4025487006798678
0.8399999999999996,0.6,5,1,0.7317073170731707,0.71875,0.726027397260274,0.4473883421650265,0.5615384615384615,0.7252286585365854,0.8366602891679349,0.7251997201780633,0.7692307692307693,0.75,0.4480730271953815
0.8499999999999996,0.6,1,1,0.7555555555555555,0.7714285714285715,0.7625,0.5220125786163521,0.6153846153846154,0.7634920634920634,0.8550123681960299,0.7634508123364221,0.8095238095238095,0.7816091954022989,0.5235056458876126
0.8499999999999996,0.6,2,1,0.8333333333333334,0.6216216216216216,0.726027397260274,0.45359281437125754,0.5615384615384615,0.7274774774774775,0.7284118514452003,0.7197346858516811,0.6818181818181818,0.75,0.46483109709503034
0.8499999999999996,0.6,3,1,0.7111111111111111,0.7428571428571429,0.725,0.44827586206896547,0.6153846153846154,0.7269841269841271,0.7493296354179074,0.7268108201271968,0.7804878048780488,0.7441860465116279,0.4505484820762931
0.8499999999999996,0.6,4,1,0.7692307692307693,0.6285714285714286,0.7027027027027027,0.4001473839351512,0.5692307692307692,0.6989010989010989,0.8092741213457056,0.6953534953651154,0.6976744186046512,0.7317073170731707,0.4025487006798678
0.8499999999999996,0.6,5,1,0.7317073170731707,0.71875,0.726027397260274,0.4473883421650265,0.5615384615384615,0.7252286585365854,0.8298378433210988,0.7251997201780633,0.7692307692307693,0.75,0.4480730271953815
0.8599999999999995,0.6,1,1,0.7555555555555555,0.7714285714285715,0.7625,0.5220125786163521,0.6153846153846154,0.7634920634920634,0.8529046734567561,0.7634508123364221,0.8095238095238095,0.7816091954022989,0.5235056458876126
0.8599999999999995,0.6,2,1,0.8333333333333334,0.6216216216216216,0.726027397260274,0.45359281437125754,0.5615384615384615,0.7274774774774775,0.48699136349693445,0.7197346858516811,0.6818181818181818,0.75,0.46483109709503034
0.8599999999999995,0.6,3,1,0.7111111111111111,0.7428571428571429,0.725,0.44827586206896547,0.6153846153846154,0.7269841269841271,0.7389651207055665,0.7268108201271968,0.7804878048780488,0.7441860465116279,0.4505484820762931
0.8599999999999995,0.6,4,1,0.7692307692307693,0.6285714285714286,0.7027027027027027,0.4001473839351512,0.5692307692307692,0.6989010989010989,0.802590746241278,0.6953534953651154,0.6976744186046512,0.7317073170731707,0.4025487006798678
0.8599999999999995,0.6,5,1,0.7317073170731707,0.71875,0.726027397260274,0.4473883421650265,0.5615384615384615,0.7252286585365854,0.8300936850403551,0.7251997201780633,0.7692307692307693,0.75,0.4480730271953815
0.8699999999999996,0.6,1,1,0.7555555555555555,0.7714285714285715,0.7625,0.5220125786163521,0.6153846153846154,0.7634920634920634,0.8529046734567561,0.7634508123364221,0.8095238095238095,0.7816091954022989,0.5235056458876126
0.8699999999999996,0.6,2,1,0.8333333333333334,0.6216216216216216,0.726027397260274,0.45359281437125754,0.5615384615384615,0.7274774774774775,0.7192755402255556,0.7197346858516811,0.6818181818181818,0.75,0.46483109709503034
0.8699999999999996,0.6,3,1,0.7111111111111111,0.7428571428571429,0.725,0.44827586206896547,0.6153846153846154,0.7269841269841271,0.7558168679920965,0.7268108201271968,0.7804878048780488,0.7441860465116279,0.4505484820762931
0.8699999999999996,0.6,4,1,0.7692307692307693,0.6285714285714286,0.7027027027027027,0.4001473839351512,0.5692307692307692,0.6989010989010989,0.7933496948949634,0.6953534953651154,0.6976744186046512,0.7317073170731707,0.4025487006798678
0.8699999999999996,0.6,5,1,0.7317073170731707,0.71875,0.726027397260274,0.4473883421650265,0.5615384615384615,0.7252286585365854,0.838397486027083,0.7251997201780633,0.7692307692307693,0.75,0.4480730271953815
0.8799999999999996,0.6,1,1,0.7555555555555555,0.7714285714285715,0.7625,0.5220125786163521,0.6153846153846154,0.7634920634920634,0.8485528216049043,0.7634508123364221,0.8095238095238095,0.7816091954022989,0.5235056458876126
0.8799999999999996,0.6,2,1,0.8333333333333334,0.6216216216216216,0.726027397260274,0.45359281437125754,0.5615384615384615,0.7274774774774775,0.7192755402255556,0.7197346858516811,0.6818181818181818,0.75,0.46483109709503034
0.8799999999999996,0.6,3,1,0.7111111111111111,0.7428571428571429,0.725,0.44827586206896547,0.6153846153846154,0.7269841269841271,0.5877866695271154,0.7268108201271968,0.7804878048780488,0.7441860465116279,0.4505484820762931
0.8799999999999996,0.6,4,1,0.7692307692307693,0.6285714285714286,0.7027027027027027,0.4001473839351512,0.5692307692307692,0.6989010989010989,0.7980730417235735,0.6953534953651154,0.6976744186046512,0.7317073170731707,0.4025487006798678
0.8799999999999996,0.6,5,1,0.7317073170731707,0.71875,0.726027397260274,0.4473883421650265,0.5615384615384615,0.7252286585365854,0.8282348844010667,0.7251997201780633,0.7692307692307693,0.75,0.4480730271953815
0.8899999999999996,0.6,1,1,0.7555555555555555,0.7714285714285715,0.7625,0.5220125786163521,0.6153846153846154,0.7634920634920634,0.842203615255698,0.7634508123364221,0.8095238095238095,0.7816091954022989,0.5235056458876126
0.8899999999999996,0.6,2,1,0.8333333333333334,0.6216216216216216,0.726027397260274,0.45359281437125754,0.5615384615384615,0.7274774774774775,0.7285588238143949,0.7197346858516811,0.6818181818181818,0.75,0.46483109709503034
0.8899999999999996,0.6,3,1,0.7111111111111111,0.7428571428571429,0.725,0.44827586206896547,0.6153846153846154,0.7269841269841271,0.7153924373502746,0.7268108201271968,0.7804878048780488,0.7441860465116279,0.4505484820762931
0.8899999999999996,0.6,4,1,0.7692307692307693,0.6285714285714286,0.7027027027027027,0.4001473839351512,0.5692307692307692,0.6989010989010989,0.7933496948949634,0.6953534953651154,0.6976744186046512,0.7317073170731707,0.4025487006798678
0.8899999999999996,0.6,5,1,0.7317073170731707,0.71875,0.726027397260274,0.4473883421650265,0.5615384615384615,0.7252286585365854,0.8464914336332255,0.7251997201780633,0.7692307692307693,0.75,0.4480730271953815
0.8999999999999996,0.6,1,1,0.7555555555555555,0.7714285714285715,0.7625,0.5220125786163521,0.6153846153846154,0.7634920634920634,0.8536214463957513,0.7634508123364221,0.8095238095238095,0.7816091954022989,0.5235056458876126
0.8999999999999996,0.6,2,1,0.8333333333333334,0.6216216216216216,0.726027397260274,0.45359281437125754,0.5615384615384615,0.7274774774774775,0.6155003288114554,0.7197346858516811,0.6818181818181818,0.75,0.46483109709503034
0.8999999999999996,0.6,3,1,0.7111111111111111,0.7428571428571429,0.725,0.44827586206896547,0.6153846153846154,0.7269841269841271,0.7510863328267787,0.7268108201271968,0.7804878048780488,0.7441860465116279,0.4505484820762931
0.8999999999999996,0.6,4,1,0.7692307692307693,0.6285714285714286,0.7027027027027027,0.4001473839351512,0.5692307692307692,0.6989010989010989,0.5846420282925601,0.6953534953651154,0.6976744186046512,0.7317073170731707,0.4025487006798678
0.8999999999999996,0.6,5,1,0.7317073170731707,0.71875,0.726027397260274,0.4473883421650265,0.5615384615384615,0.7252286585365854,0.7749811146838823,0.7251997201780633,0.7692307692307693,0.75,0.4480730271953815
0.9099999999999996,0.6,1,1,0.7555555555555555,0.7714285714285715,0.7625,0.5220125786163521,0.6153846153846154,0.7634920634920634,0.8508568961312011,0.7634508123364221,0.8095238095238095,0.7816091954022989,0.5235056458876126
0.9099999999999996,0.6,2,1,0.8333333333333334,0.6216216216216216,0.726027397260274,0.45359281437125754,0.5615384615384615,0.7274774774774775,0.6105032682588393,0.7197346858516811,0.6818181818181818,0.75,0.46483109709503034
0.9099999999999996,0.6,3,1,0.7111111111111111,0.7428571428571429,0.725,0.44827586206896547,0.6153846153846154,0.7269841269841271,0.7589914711666996,0.7268108201271968,0.7804878048780488,0.7441860465116279,0.4505484820762931
0.9099999999999996,0.6,4,1,0.7692307692307693,0.6285714285714286,0.7027027027027027,0.4001473839351512,0.5692307692307692,0.6989010989010989,0.5929448365953683,0.6953534953651154,0.6976744186046512,0.7317073170731707,0.4025487006798678
0.9099999999999996,0.6,5,1,0.7317073170731707,0.71875,0.726027397260274,0.4473883421650265,0.5615384615384615,0.7252286585365854,0.7056986674961268,0.7251997201780633,0.7692307692307693,0.75,0.4480730271953815
0.9199999999999996,0.6,1,1,0.7555555555555555,0.7714285714285715,0.7625,0.5220125786163521,0.6153846153846154,0.7634920634920634,0.8521399649142698,0.7634508123364221,0.8095238095238095,0.7816091954022989,0.5235056458876126
0.9199999999999996,0.6,2,1,0.8333333333333334,0.6216216216216216,0.726027397260274,0.45359281437125754,0.5615384615384615,0.7274774774774775,0.7335558843670109,0.7197346858516811,0.6818181818181818,0.75,0.46483109709503034
0.9199999999999996,0.6,3,1,0.7111111111111111,0.7428571428571429,0.725,0.44827586206896547,0.6153846153846154,0.7269841269841271,0.7531943697174243,0.7268108201271968,0.7804878048780488,0.7441860465116279,0.4505484820762931
0.9199999999999996,0.6,4,1,0.7692307692307693,0.6285714285714286,0.7027027027027027,0.4001473839351512,0.5692307692307692,0.6989010989010989,0.802590746241278,0.6953534953651154,0.6976744186046512,0.7317073170731707,0.4025487006798678
0.9199999999999996,0.6,5,1,0.7317073170731707,0.71875,0.726027397260274,0.4473883421650265,0.5615384615384615,0.7252286585365854,0.7056986674961268,0.7251997201780633,0.7692307692307693,0.75,0.4480730271953815
0.9299999999999996,0.6,1,1,0.7555555555555555,0.7714285714285715,0.7625,0.5220125786163521,0.6153846153846154,0.7634920634920634,0.8536214463957513,0.7634508123364221,0.8095238095238095,0.7816091954022989,0.5235056458876126
0.9299999999999996,0.6,2,1,0.8333333333333334,0.6216216216216216,0.726027397260274,0.45359281437125754,0.5615384615384615,0.7274774774774775,0.49736987387544485,0.7197346858516811,0.6818181818181818,0.75,0.46483109709503034
0.9299999999999996,0.6,3,1,0.7111111111111111,0.7428571428571429,0.725,0.44827586206896547,0.6153846153846154,0.7269841269841271,0.7539409661161945,0.7268108201271968,0.7804878048780488,0.7441860465116279,0.4505484820762931
0.9299999999999996,0.6,4,1,0.7692307692307693,0.6285714285714286,0.7027027027027027,0.4001473839351512,0.5692307692307692,0.6989010989010989,0.8006371442876761,0.6953534953651154,0.6976744186046512,0.7317073170731707,0.4025487006798678
0.9299999999999996,0.6,5,1,0.7317073170731707,0.71875,0.726027397260274,0.4473883421650265,0.5615384615384615,0.7252286585365854,0.826636627458477,0.7251997201780633,0.7692307692307693,0.75,0.4480730271953815
0.9399999999999996,0.6,1,1,0.7555555555555555,0.7714285714285715,0.7625,0.5220125786163521,0.6153846153846154,0.7634920634920634,0.8524441977185025,0.7634508123364221,0.8095238095238095,0.7816091954022989,0.5235056458876126
0.9399999999999996,0.6,2,1,0.8333333333333334,0.6216216216216216,0.726027397260274,0.45359281437125754,0.5615384615384615,0.7274774774774775,0.48699136349693445,0.7197346858516811,0.6818181818181818,0.75,0.46483109709503034
0.9399999999999996,0.6,3,1,0.7111111111111111,0.7428571428571429,0.725,0.44827586206896547,0.6153846153846154,0.7269841269841271,0.750405612580841,0.7268108201271968,0.7804878048780488,0.7441860465116279,0.4505484820762931
0.9399999999999996,0.6,4,1,0.7692307692307693,0.6285714285714286,0.7027027027027027,0.4001473839351512,0.5692307692307692,0.6989010989010989,0.80724982984773,0.6953534953651154,0.6976744186046512,0.7317073170731707,0.4025487006798678
0.9399999999999996,0.6,5,1,0.7317073170731707,0.71875,0.726027397260274,0.4473883421650265,0.5615384615384615,0.7252286585365854,0.8314022322240817,0.7251997201780633,0.7692307692307693,0.75,0.4480730271953815
0.9499999999999995,0.6,1,1,0.7555555555555555,0.7714285714285715,0.7625,0.5220125786163521,0.6153846153846154,0.7634920634920634,0.8576029278772328,0.7634508123364221,0.8095238095238095,0.7816091954022989,0.5235056458876126
0.9499999999999995,0.6,2,1,0.8333333333333334,0.6216216216216216,0.726027397260274,0.45359281437125754,0.5615384615384615,0.7274774774774775,0.7231024746080456,0.7197346858516811,0.6818181818181818,0.75,0.46483109709503034
0.9499999999999995,0.6,3,1,0.7111111111111111,0.7428571428571429,0.725,0.44827586206896547,0.6153846153846154,0.7269841269841271,0.7458744063208622,0.7268108201271968,0.7804878048780488,0.7441860465116279,0.4505484820762931
0.9499999999999995,0.6,4,1,0.7692307692307693,0.6285714285714286,0.7027027027027027,0.4001473839351512,0.5692307692307692,0.6989010989010989,0.7933368422505319,0.6953534953651154,0.6976744186046512,0.7317073170731707,0.4025487006798678
0.9499999999999995,0.6,5,1,0.7317073170731707,0.71875,0.726027397260274,0.4473883421650265,0.5615384615384615,0.7252286585365854,0.7092955335929928,0.7251997201780633,0.7692307692307693,0.75,0.4480730271953815
0.9599999999999995,0.6,1,1,0.7555555555555555,0.7714285714285715,0.7625,0.5220125786163521,0.6153846153846154,0.7634920634920634,0.8492695945438995,0.7634508123364221,0.8095238095238095,0.7816091954022989,0.5235056458876126
0.9599999999999995,0.6,2,1,0.8333333333333334,0.6216216216216216,0.726027397260274,0.45359281437125754,0.5615384615384615,0.7274774774774775,0.7142106462717728,0.7197346858516811,0.6818181818181818,0.75,0.46483109709503034
0.9599999999999995,0.6,3,1,0.7111111111111111,0.7428571428571429,0.725,0.44827586206896547,0.6153846153846154,0.7269841269841271,0.7388937668977675,0.7268108201271968,0.7804878048780488,0.7441860465116279,0.4505484820762931
0.9599999999999995,0.6,4,1,0.7692307692307693,0.6285714285714286,0.7027027027027027,0.4001473839351512,0.5692307692307692,0.6989010989010989,0.7980730417235735,0.6953534953651154,0.6976744186046512,0.7317073170731707,0.4025487006798678
0.9599999999999995,0.6,5,1,0.7317073170731707,0.71875,0.726027397260274,0.4473883421650265,0.5615384615384615,0.7252286585365854,0.8344041083966894,0.7251997201780633,0.7692307692307693,0.75,0.4480730271953815
0.9699999999999995,0.6,1,1,0.7555555555555555,0.7714285714285715,0.7625,0.5220125786163521,0.6153846153846154,0.7634920634920634,0.856214038988344,0.7634508123364221,0.8095238095238095,0.7816091954022989,0.5235056458876126
0.9699999999999995,0.6,2,1,0.8333333333333334,0.6216216216216216,0.726027397260274,0.45359281437125754,0.5615384615384615,0.7274774774774775,0.7142106462717728,0.7197346858516811,0.6818181818181818,0.75,0.46483109709503034
0.9699999999999995,0.6,3,1,0.7111111111111111,0.7428571428571429,0.725,0.44827586206896547,0.6153846153846154,0.7269841269841271,0.7453935473105915,0.7268108201271968,0.7804878048780488,0.7441860465116279,0.4505484820762931
0.9699999999999995,0.6,4,1,0.7692307692307693,0.6285714285714286,0.7027027027027027,0.4001473839351512,0.5692307692307692,0.6989010989010989,0.7960487502255977,0.6953534953651154,0.6976744186046512,0.7317073170731707,0.4025487006798678
0.9699999999999995,0.6,5,1,0.7317073170731707,0.71875,0.726027397260274,0.4473883421650265,0.5615384615384615,0.7252286585365854,0.8360926637437816,0.7251997201780633,0.7692307692307693,0.75,0.4480730271953815
0.9799999999999995,0.6,1,1,0.7555555555555555,0.7714285714285715,0.7625,0.5220125786163521,0.6153846153846154,0.7634920634920634,0.8589918167661217,0.7634508123364221,0.8095238095238095,0.7816091954022989,0.5235056458876126
0.9799999999999995,0.6,2,1,0.8333333333333334,0.6216216216216216,0.726027397260274,0.45359281437125754,0.5615384615384615,0.7274774774774775,0.7231024746080456,0.7197346858516811,0.6818181818181818,0.75,0.46483109709503034
0.9799999999999995,0.6,3,1,0.7111111111111111,0.7428571428571429,0.725,0.44827586206896547,0.6153846153846154,0.7269841269841271,0.583338211342212,0.7268108201271968,0.7804878048780488,0.7441860465116279,0.4505484820762931
0.9799999999999995,0.6,4,1,0.7692307692307693,0.6285714285714286,0.7027027027027027,0.4001473839351512,0.5692307692307692,0.6989010989010989,0.802590746241278,0.6953534953651154,0.6976744186046512,0.7317073170731707,0.4025487006798678
0.9799999999999995,0.6,5,1,0.7317073170731707,0.71875,0.726027397260274,0.4473883421650265,0.5615384615384615,0.7252286585365854,0.8459238082090722,0.7251997201780633,0.7692307692307693,0.75,0.4480730271953815
0.9899999999999995,0.6,1,1,0.7555555555555555,0.7714285714285715,0.7625,0.5220125786163521,0.6153846153846154,0.7634920634920634,0.8551029278772327,0.7634508123364221,0.8095238095238095,0.7816091954022989,0.5235056458876126
0.9899999999999995,0.6,2,1,0.8333333333333334,0.6216216216216216,0.726027397260274,0.45359281437125754,0.5615384615384615,0.7274774774774775,0.719592096097667,0.7197346858516811,0.6818181818181818,0.75,0.46483109709503034
0.9899999999999995,0.6,3,1,0.7111111111111111,0.7428571428571429,0.725,0.44827586206896547,0.6153846153846154,0.7269841269841271,0.7388937668977675,0.7268108201271968,0.7804878048780488,0.7441860465116279,0.4505484820762931
0.9899999999999995,0.6,4,1,0.7692307692307693,0.6285714285714286,0.7027027027027027,0.4001473839351512,0.5692307692307692,0.6989010989010989,0.8050969877596165,0.6953534953651154,0.6976744186046512,0.7317073170731707,0.4025487006798678
0.9899999999999995,0.6,5,1,0.7317073170731707,0.71875,0.726027397260274,0.4473883421650265,0.5615384615384615,0.7252286585365854,0.836062451624492,0.7251997201780633,0.7692307692307693,0.75,0.4480730271953815
1.0,0.6,1,1,0.7555555555555555,0.7714285714285715,0.7625,0.5220125786163521,0.6153846153846154,0.7634920634920634,0.8551029278772327,0.7634508123364221,0.8095238095238095,0.7816091954022989,0.5235056458876126
1.0,0.6,2,1,0.8333333333333334,0.6216216216216216,0.726027397260274,0.45359281437125754,0.5615384615384615,0.7274774774774775,0.7142106462717728,0.7197346858516811,0.6818181818181818,0.75,0.46483109709503034
1.0,0.6,3,1,0.7111111111111111,0.7428571428571429,0.725,0.44827586206896547,0.6153846153846154,0.7269841269841271,0.6951227231267239,0.7268108201271968,0.7804878048780488,0.7441860465116279,0.4505484820762931
1.0,0.6,4,1,0.7692307692307693,0.6285714285714286,0.7027027027027027,0.4001473839351512,0.5692307692307692,0.6989010989010989,0.8056464383090669,0.6953534953651154,0.6976744186046512,0.7317073170731707,0.4025487006798678
1.0,0.6,5,1,0.7317073170731707,0.71875,0.726027397260274,0.4473883421650265,0.5615384615384615,0.7252286585365854,0.8319650840064456,0.7251997201780633,0.7692307692307693,0.75,0.4480730271953815
0.1,0.6,1,2,0.8,0.6857142857142857,0.7466666666666667,0.4883303411131059,0.5769230769230769,0.7428571428571429,0.7955145860386941,0.7406560798180412,0.7441860465116279,0.7710843373493976,0.4899318550485997
0.1,0.6,2,2,0.717948717948718,0.6129032258064516,0.6714285714285714,0.3319502074688796,0.5384615384615384,0.6654259718775848,0.807291192092348,0.6633498965058904,0.7,0.7088607594936709,0.3320903209244786
0.1,0.6,3,2,0.7954545454545454,0.6363636363636364,0.7272727272727273,0.4367816091954023,0.5923076923076923,0.7159090909090908,0.794391714411408,0.7114761746590239,0.7446808510638298,0.7692307692307693,0.4382023238137204
0.1,0.6,4,2,0.7692307692307693,0.8235294117647058,0.7945205479452054,0.5894263217097861,0.5615384615384615,0.7963800904977376,0.8950616065852065,0.7959171834405434,0.8333333333333334,0.8,0.591423628717553
0.1,0.6,5,2,0.7567567567567568,0.8,0.7761194029850746,0.5515394912985274,0.5153846153846153,0.7783783783783784,0.8311142010874737,0.7780780201274198,0.8235294117647058,0.7887323943661971,0.5537714443208186
0.11,0.6,1,2,0.8,0.6857142857142857,0.7466666666666667,0.4883303411131059,0.5769230769230769,0.7428571428571429,0.7977502579754528,0.7406560798180412,0.7441860465116279,0.7710843373493976,0.4899318550485997
0.11,0.6,2,2,0.717948717948718,0.6129032258064516,0.6714285714285714,0.3319502074688796,0.5384615384615384,0.6654259718775848,0.8062453299899475,0.6633498965058904,0.7,0.7088607594936709,0.3320903209244786
0.11,0.6,3,2,0.7954545454545454,0.6363636363636364,0.7272727272727273,0.4367816091954023,0.5923076923076923,0.7159090909090908,0.8397604454963125,0.7114761746590239,0.7446808510638298,0.7692307692307693,0.4382023238137204
0.11,0.6,4,2,0.7692307692307693,0.8235294117647058,0.7945205479452054,0.5894263217097861,0.5615384615384615,0.7963800904977376,0.8950616065852065,0.7959171834405434,0.8333333333333334,0.8,0.591423628717553
0.11,0.6,5,2,0.7567567567567568,0.8,0.7761194029850746,0.5515394912985274,0.5153846153846153,0.7783783783783784,0.833498938766329,0.7780780201274198,0.8235294117647058,0.7887323943661971,0.5537714443208186
0.12,0.6,1,2,0.8,0.6857142857142857,0.7466666666666667,0.4883303411131059,0.5769230769230769,0.7428571428571429,0.8182665623232789,0.7406560798180412,0.7441860465116279,0.7710843373493976,0.4899318550485997
0.12,0.6,2,2,0.717948717948718,0.6129032258064516,0.6714285714285714,0.3319502074688796,0.5384615384615384,0.6654259718775848,0.8059137901847235,0.6633498965058904,0.7,0.7088607594936709,0.3320903209244786
0.12,0.6,3,2,0.7954545454545454,0.6363636363636364,0.7272727272727273,0.4367816091954023,0.5923076923076923,0.7159090909090908,0.8401477174250863,0.7114761746590239,0.7446808510638298,0.7692307692307693,0.4382023238137204
0.12,0.6,4,2,0.7692307692307693,0.8235294117647058,0.7945205479452054,0.5894263217097861,0.5615384615384615,0.7963800904977376,0.8931674631469454,0.7959171834405434,0.8333333333333334,0.8,0.591423628717553
0.12,0.6,5,2,0.7567567567567568,0.8,0.7761194029850746,0.5515394912985274,0.5153846153846153,0.7783783783783784,0.8312366308548103,0.7780780201274198,0.8235294117647058,0.7887323943661971,0.5537714443208186
0.13,0.6,1,2,0.8,0.6857142857142857,0.7466666666666667,0.4883303411131059,0.5769230769230769,0.7428571428571429,0.5955625446037952,0.7406560798180412,0.7441860465116279,0.7710843373493976,0.4899318550485997
0.13,0.6,2,2,0.7435897435897436,0.6129032258064516,0.6857142857142857,0.3588676103247294,0.5384615384615384,0.6782464846980976,0.7944120704450174,0.6750915141836299,0.7073170731707317,0.725,0.3594787247983405
0.13,0.6,3,2,0.7954545454545454,0.6363636363636364,0.7272727272727273,0.4367816091954023,0.5923076923076923,0.7159090909090908,0.8354932687299399,0.7114761746590239,0.7446808510638298,0.7692307692307693,0.4382023238137204
0.13,0.6,4,2,0.7692307692307693,0.8235294117647058,0.7945205479452054,0.5894263217097861,0.5615384615384615,0.7963800904977376,0.8971416344005284,0.7959171834405434,0.8333333333333334,0.8,0.591423628717553
0.13,0.6,5,2,0.7567567567567568,0.8,0.7761194029850746,0.5515394912985274,0.5153846153846153,0.7783783783783784,0.8267652477069565,0.7780780201274198,0.8235294117647058,0.7887323943661971,0.5537714443208186
0.13999999999999999,0.6,1,2,0.8,0.6857142857142857,0.7466666666666667,0.4883303411131059,0.5769230769230769,0.7428571428571429,0.7929387583162626,0.7406560798180412,0.7441860465116279,0.7710843373493976,0.4899318550485997
0.13999999999999999,0.6,2,2,0.7435897435897436,0.6129032258064516,0.6857142857142857,0.3588676103247294,0.5384615384615384,0.6782464846980976,0.8258095795523973,0.6750915141836299,0.7073170731707317,0.725,0.3594787247983405
0.13999999999999999,0.6,3,2,0.7954545454545454,0.6363636363636364,0.7272727272727273,0.4367816091954023,0.5923076923076923,0.7159090909090908,0.8353029797161214,0.7114761746590239,0.7446808510638298,0.7692307692307693,0.4382023238137204
0.13999999999999999,0.6,4,2,0.7692307692307693,0.8235294117647058,0.7945205479452054,0.5894263217097861,0.5615384615384615,0.7963800904977376,0.897195491781972,0.7959171834405434,0.8333333333333334,0.8,0.591423628717553
0.13999999999999999,0.6,5,2,0.7837837837837838,0.8,0.7910447761194029,0.5801253357206803,0.5153846153846153,0.7918918918918919,0.8292990314907402,0.7918503817180536,0.8285714285714286,0.8055555555555556,0.5811717627006819
0.14999999999999997,0.6,1,2,0.8,0.6857142857142857,0.7466666666666667,0.4883303411131059,0.5769230769230769,0.7428571428571429,0.8018320389486737,0.7406560798180412,0.7441860465116279,0.7710843373493976,0.4899318550485997
0.14999999999999997,0.6,2,2,0.7435897435897436,0.6129032258064516,0.6857142857142857,0.3588676103247294,0.5384615384615384,0.6782464846980976,0.8158774826637787,0.6750915141836299,0.7073170731707317,0.725,0.3594787247983405
0.14999999999999997,0.6,3,2,0.7954545454545454,0.6363636363636364,0.7272727272727273,0.4367816091954023,0.5923076923076923,0.7159090909090908,0.8397062550107874,0.7114761746590239,0.7446808510638298,0.7692307692307693,0.4382023238137204
0.14999999999999997,0.6,4,2,0.7692307692307693,0.8235294117647058,0.7945205479452054,0.5894263217097861,0.5615384615384615,0.7963800904977376,0.8994516506557779,0.7959171834405434,0.8333333333333334,0.8,0.591423628717553
0.14999999999999997,0.6,5,2,0.7567567567567568,0.8,0.7761194029850746,0.5515394912985274,0.5153846153846153,0.7783783783783784,0.8360061062125209,0.7780780201274198,0.8235294117647058,0.7887323943661971,0.5537714443208186
0.15999999999999998,0.6,1,2,0.8,0.6857142857142857,0.7466666666666667,0.4883303411131059,0.5769230769230769,0.7428571428571429,0.732130951992152,0.7406560798180412,0.7441860465116279,0.7710843373493976,0.4899318550485997
0.15999999999999998,0.6,2,2,0.7435897435897436,0.6129032258064516,0.6857142857142857,0.3588676103247294,0.5384615384615384,0.6782464846980976,0.8217303254731433,0.6750915141836299,0.7073170731707317,0.725,0.3594787247983405
0.15999999999999998,0.6,3,2,0.7954545454545454,0.6363636363636364,0.7272727272727273,0.4367816091954023,0.5923076923076923,0.7159090909090908,0.8343301871093214,0.7114761746590239,0.7446808510638298,0.7692307692307693,0.4382023238137204
0.15999999999999998,0.6,4,2,0.7692307692307693,0.8235294117647058,0.7945205479452054,0.5894263217097861,0.5615384615384615,0.7963800904977376,0.9009599462817207,0.7959171834405434,0.8333333333333334,0.8,0.591423628717553
0.15999999999999998,0.6,5,2,0.7567567567567568,0.8,0.7761194029850746,0.5515394912985274,0.5153846153846153,0.7783783783783784,0.8292990314907402,0.7780780201274198,0.8235294117647058,0.7887323943661971,0.5537714443208186
0.16999999999999998,0.6,1,2,0.8,0.6857142857142857,0.7466666666666667,0.4883303411131059,0.5769230769230769,0.7428571428571429,0.7940808672355385,0.7406560798180412,0.7441860465116279,0.7710843373493976,0.4899318550485997
0.16999999999999998,0.6,2,2,0.7435897435897436,0.6129032258064516,0.6857142857142857,0.3588676103247294,0.5384615384615384,0.6782464846980976,0.8080726230223373,0.6750915141836299,0.7073170731707317,0.725,0.3594787247983405
0.16999999999999998,0.6,3,2,0.8181818181818182,0.6363636363636364,0.7402597402597403,0.46153846153846156,0.5923076923076923,0.7272727272727273,0.8527005914655247,0.721568539381252,0.75,0.782608695652174,0.46423834544262965
0.16999999999999998,0.6,4,2,0.7948717948717948,0.8235294117647058,0.8082191780821918,0.6160781367392938,0.5615384615384615,0.8092006033182504,0.8969059279862163,0.8090737306692914,0.8378378378378378,0.8157894736842105,0.6170068391200935
0.16999999999999998,0.6,5,2,0.7567567567567568,0.8,0.7761194029850746,0.5515394912985274,0.5153846153846153,0.7783783783783784,0.8267652477069565,0.7780780201274198,0.8235294117647058,0.7887323943661971,0.5537714443208186
0.17999999999999997,0.6,1,2,0.8,0.6857142857142857,0.7466666666666667,0.4883303411131059,0.5769230769230769,0.7428571428571429,0.7917675555472269,0.7406560798180412,0.7441860465116279,0.7710843373493976,0.4899318550485997
0.17999999999999997,0.6,2,2,0.7435897435897436,0.5806451612903226,0.6714285714285714,0.32748538011695894,0.5384615384615384,0.6621174524400331,0.694880259829974,0.6570858289451206,0.6904761904761905,0.7160493827160493,0.3287526450489619
0.17999999999999997,0.6,3,2,0.8181818181818182,0.6363636363636364,0.7402597402597403,0.46153846153846156,0.5923076923076923,0.7272727272727273,0.8450885738535072,0.721568539381252,0.75,0.782608695652174,0.46423834544262965
0.17999999999999997,0.6,4,2,0.7948717948717948,0.8235294117647058,0.8082191780821918,0.6160781367392938,0.5615384615384615,0.8092006033182504,0.8994700936418142,0.8090737306692914,0.8378378378378378,0.8157894736842105,0.6170068391200935
0.17999999999999997,0.6,5,2,0.7567567567567568,0.8,0.7761194029850746,0.5515394912985274,0.5153846153846153,0.7783783783783784,0.8336213685336655,0.7780780201274198,0.8235294117647058,0.7887323943661971,0.5537714443208186
0.18999999999999995,0.6,1,2,0.8,0.6857142857142857,0.7466666666666667,0.4883303411131059,0.5769230769230769,0.7428571428571429,0.7969570603910928,0.7406560798180412,0.7441860465116279,0.7710843373493976,0.4899318550485997
0.18999999999999995,0.6,2,2,0.7435897435897436,0.5806451612903226,0.6714285714285714,0.32748538011695894,0.5384615384615384,0.6621174524400331,0.6931532692570337,0.6570858289451206,0.6904761904761905,0.7160493827160493,0.3287526450489619
0.18999999999999995,0.6,3,2,0.8181818181818182,0.6363636363636364,0.7402597402597403,0.46153846153846156,0.5923076923076923,0.7272727272727273,0.8352465640114973,0.721568539381252,0.75,0.782608695652174,0.46423834544262965
0.18999999999999995,0.6,4,2,0.7948717948717948,0.8529411764705882,0.821917808219178,0.644169478815148,0.5615384615384615,0.8239064856711915,0.8985532952985452,0.8233947314995625,0.8611111111111112,0.8266666666666667,0.646352286346537
0.18999999999999995,0.6,5,2,0.7567567567567568,0.8,0.7761194029850746,0.5515394912985274,0.5153846153846153,0.7783783783783784,0.8267652477069565,0.7780780201274198,0.8235294117647058,0.7887323943661971,0.5537714443208186
0.19999999999999996,0.6,1,2,0.8,0.6857142857142857,0.7466666666666667,0.4883303411131059,0.5769230769230769,0.7428571428571429,0.8087777125650059,0.7406560798180412,0.7441860465116279,0.7710843373493976,0.4899318550485997
0.19999999999999996,0.6,2,2,0.7435897435897436,0.5806451612903226,0.6714285714285714,0.32748538011695894,0.5384615384615384,0.6621174524400331,0.558644995158877,0.6570858289451206,0.6904761904761905,0.7160493827160493,0.3287526450489619
0.19999999999999996,0.6,3,2,0.8181818181818182,0.6363636363636364,0.7402597402597403,0.46153846153846156,0.5923076923076923,0.7272727272727273,0.8335347341746674,0.721568539381252,0.75,0.782608695652174,0.46423834544262965
0.19999999999999996,0.6,4,2,0.7948717948717948,0.8529411764705882,0.821917808219178,0.644169478815148,0.5615384615384615,0.8239064856711915,0.9046113943603085,0.8233947314995625,0.8611111111111112,0.8266666666666667,0.646352286346537
0.19999999999999996,0.6,5,2,0.7567567567567568,0.8,0.7761194029850746,0.5515394912985274,0.5153846153846153,0.7783783783783784,0.8336213685336655,0.7780780201274198,0.8235294117647058,0.7887323943661971,0.5537714443208186
0.20999999999999996,0.6,1,2,0.8,0.6857142857142857,0.7466666666666667,0.4883303411131059,0.5769230769230769,0.7428571428571429,0.8094468422858597,0.7406560798180412,0.7441860465116279,0.7710843373493976,0.4899318550485997
0.20999999999999996,0.6,2,2,0.7435897435897436,0.5806451612903226,0.6714285714285714,0.32748538011695894,0.5384615384615384,0.6621174524400331,0.8092277457416276,0.6570858289451206,0.6904761904761905,0.7160493827160493,0.3287526450489619
0.20999999999999996,0.6,3,2,0.8181818181818182,0.6363636363636364,0.7402597402597403,0.46153846153846156,0.5923076923076923,0.7272727272727273,0.8459424086033625,0.721568539381252,0.75,0.782608695652174,0.46423834544262965
0.20999999999999996,0.6,4,2,0.7948717948717948,0.8529411764705882,0.821917808219178,0.644169478815148,0.5615384615384615,0.8239064856711915,0.9036240573463189,0.8233947314995625,0.8611111111111112,0.8266666666666667,0.646352286346537
0.20999999999999996,0.6,5,2,0.7567567567567568,0.8,0.7761194029850746,0.5515394912985274,0.5153846153846153,0.7783783783783784,0.8318328152745241,0.7780780201274198,0.8235294117647058,0.7887323943661971,0.5537714443208186
0.21999999999999995,0.6,1,2,0.8,0.6857142857142857,0.7466666666666667,0.4883303411131059,0.5769230769230769,0.7428571428571429,0.5993350210210338,0.7406560798180412,0.7441860465116279,0.7710843373493976,0.4899318550485997
0.21999999999999995,0.6,2,2,0.7435897435897436,0.5806451612903226,0.6714285714285714,0.32748538011695894,0.5384615384615384,0.6621174524400331,0.8263977737812207,0.6570858289451206,0.6904761904761905,0.7160493827160493,0.3287526450489619
0.21999999999999995,0.6,3,2,0.8181818181818182,0.6363636363636364,0.7402597402597403,0.46153846153846156,0.5923076923076923,0.7272727272727273,0.8320198496808036,0.721568539381252,0.75,0.782608695652174,0.46423834544262965
0.21999999999999995,0.6,4,2,0.7948717948717948,0.8529411764705882,0.821917808219178,0.644169478815148,0.5615384615384615,0.8239064856711915,0.9039091602106072,0.8233947314995625,0.8611111111111112,0.8266666666666667,0.646352286346537
0.21999999999999995,0.6,5,2,0.7567567567567568,0.8,0.7761194029850746,0.5515394912985274,0.5153846153846153,0.7783783783783784,0.8343665990583078,0.7780780201274198,0.8235294117647058,0.7887323943661971,0.5537714443208186
0.22999999999999995,0.6,1,2,0.8,0.6857142857142857,0.7466666666666667,0.4883303411131059,0.5769230769230769,0.7428571428571429,0.8111218309483097,0.7406560798180412,0.7441860465116279,0.7710843373493976,0.4899318550485997
0.22999999999999995,0.6,2,2,0.7435897435897436,0.5806451612903226,0.6714285714285714,0.32748538011695894,0.5384615384615384,0.6621174524400331,0.8073648152061116,0.6570858289451206,0.6904761904761905,0.7160493827160493,0.3287526450489619
0.22999999999999995,0.6,3,2,0.8181818181818182,0.6363636363636364,0.7402597402597403,0.46153846153846156,0.5923076923076923,0.7272727272727273,0.8451633340332843,0.721568539381252,0.75,0.782608695652174,0.46423834544262965
0.22999999999999995,0.6,4,2,0.7948717948717948,0.8529411764705882,0.821917808219178,0.644169478815148,0.5615384615384615,0.8239064856711915,0.9010380744398127,0.8233947314995625,0.8611111111111112,0.8266666666666667,0.646352286346537
0.22999999999999995,0.6,5,2,0.7567567567567568,0.8,0.7761194029850746,0.5515394912985274,0.5153846153846153,0.7783783783783784,0.8360061062125209,0.7780780201274198,0.8235294117647058,0.7887323943661971,0.5537714443208186
0.23999999999999994,0.6,1,2,0.8,0.6857142857142857,0.7466666666666667,0.4883303411131059,0.5769230769230769,0.7428571428571429,0.8048224238336852,0.7406560798180412,0.7441860465116279,0.7710843373493976,0.4899318550485997
0.23999999999999994,0.6,2,2,0.7435897435897436,0.5806451612903226,0.6714285714285714,0.32748538011695894,0.5384615384615384,0.6621174524400331,0.8269663438091363,0.6570858289451206,0.6904761904761905,0.7160493827160493,0.3287526450489619
0.23999999999999994,0.6,3,2,0.8181818181818182,0.6363636363636364,0.7402597402597403,0.46153846153846156,0.5923076923076923,0.7272727272727273,0.8418476188583253,0.721568539381252,0.75,0.782608695652174,0.46423834544262965
0.23999999999999994,0.6,4,2,0.7948717948717948,0.8529411764705882,0.821917808219178,0.644169478815148,0.5615384615384615,0.8239064856711915,0.9010380744398127,0.8233947314995625,0.8611111111111112,0.8266666666666667,0.646352286346537
0.23999999999999994,0.6,5,2,0.7567567567567568,0.8,0.7761194029850746,0.5515394912985274,0.5153846153846153,0.7783783783783784,0.8292990314907402,0.7780780201274198,0.8235294117647058,0.7887323943661971,0.5537714443208186
0.24999999999999992,0.6,1,2,0.8,0.6857142857142857,0.7466666666666667,0.4883303411131059,0.5769230769230769,0.7428571428571429,0.7965667440077256,0.7406560798180412,0.7441860465116279,0.7710843373493976,0.4899318550485997
0.24999999999999992,0.6,2,2,0.7435897435897436,0.5806451612903226,0.6714285714285714,0.32748538011695894,0.5384615384615384,0.6621174524400331,0.5780473883684418,0.6570858289451206,0.6904761904761905,0.7160493827160493,0.3287526450489619
0.24999999999999992,0.6,3,2,0.8409090909090909,0.6363636363636364,0.7532467532467533,0.4864864864864866,0.5923076923076923,0.7386363636363636,0.8549313280425129,0.7315216790650492,0.7551020408163265,0.7956989247311828,0.49099025303098287
0.24999999999999992,0.6,4,2,0.7948717948717948,0.8529411764705882,0.821917808219178,0.644169478815148,0.5615384615384615,0.8239064856711915,0.9017450880144733,0.8233947314995625,0.8611111111111112,0.8266666666666667,0.646352286346537
0.24999999999999992,0.6,5,2,0.7567567567567568,0.8,0.7761194029850746,0.5515394912985274,0.5153846153846153,0.7783783783783784,0.8347826024452969,0.7780780201274198,0.8235294117647058,0.7887323943661971,0.5537714443208186
0.2599999999999999,0.6,1,2,0.8,0.6857142857142857,0.7466666666666667,0.4883303411131059,0.5769230769230769,0.7428571428571429,0.6969217860245325,0.7406560798180412,0.7441860465116279,0.7710843373493976,0.4899318550485997
0.2599999999999999,0.6,2,2,0.7435897435897436,0.5806451612903226,0.6714285714285714,0.32748538011695894,0.5384615384615384,0.6621174524400331,0.8221501384174835,0.6570858289451206,0.6904761904761905,0.7160493827160493,0.3287526450489619
0.2599999999999999,0.6,3,2,0.8409090909090909,0.6363636363636364,0.7532467532467533,0.4864864864864866,0.5923076923076923,0.7386363636363636,0.8382879713991563,0.7315216790650492,0.7551020408163265,0.7956989247311828,0.49099025303098287
0.2599999999999999,0.6,4,2,0.7948717948717948,0.8529411764705882,0.821917808219178,0.644169478815148,0.5615384615384615,0.8239064856711915,0.9034394434963962,0.8233947314995625,0.8611111111111112,0.8266666666666667,0.646352286346537
0.2599999999999999,0.6,5,2,0.7567567567567568,0.8,0.7761194029850746,0.5515394912985274,0.5153846153846153,0.7783783783783784,0.8207921413960123,0.7780780201274198,0.8235294117647058,0.7887323943661971,0.5537714443208186
0.2699999999999999,0.6,1,2,0.8,0.6857142857142857,0.7466666666666667,0.4883303411131059,0.5769230769230769,0.7428571428571429,0.8072723658878777,0.7406560798180412,0.7441860465116279,0.7710843373493976,0.4899318550485997
0.2699999999999999,0.6,2,2,0.7435897435897436,0.5806451612903226,0.6714285714285714,0.32748538011695894,0.5384615384615384,0.6621174524400331,0.7594543800695512,0.6570858289451206,0.6904761904761905,0.7160493827160493,0.3287526450489619
0.2699999999999999,0.6,3,2,0.8409090909090909,0.6363636363636364,0.7532467532467533,0.4864864864864866,0.5923076923076923,0.7386363636363636,0.7194995316636769,0.7315216790650492,0.7551020408163265,0.7956989247311828,0.49099025303098287
0.2699999999999999,0.6,4,2,0.7948717948717948,0.8529411764705882,0.821917808219178,0.644169478815148,0.5615384615384615,0.8239064856711915,0.9062079128894669,0.8233947314995625,0.8611111111111112,0.8266666666666667,0.646352286346537
0.2699999999999999,0.6,5,2,0.7567567567567568,0.8,0.7761194029850746,0.5515394912985274,0.5153846153846153,0.7783783783783784,0.8378847914464422,0.7780780201274198,0.8235294117647058,0.7887323943661971,0.5537714443208186
0.2799999999999999,0.6,1,2,0.8,0.6857142857142857,0.7466666666666667,0.4883303411131059,0.5769230769230769,0.7428571428571429,0.8033875942585408,0.7406560798180412,0.7441860465116279,0.7710843373493976,0.4899318550485997
0.2799999999999999,0.6,2,2,0.7435897435897436,0.5806451612903226,0.6714285714285714,0.32748538011695894,0.5384615384615384,0.6621174524400331,0.826276446891618,0.6570858289451206,0.6904761904761905,0.7160493827160493,0.3287526450489619
0.2799999999999999,0.6,3,2,0.8409090909090909,0.6363636363636364,0.7532467532467533,0.4864864864864866,0.5923076923076923,0.7386363636363636,0.8523766649607707,0.7315216790650492,0.7551020408163265,0.7956989247311828,0.49099025303098287
0.2799999999999999,0.6,4,2,0.7948717948717948,0.8529411764705882,0.821917808219178,0.644169478815148,0.5615384615384615,0.8239064856711915,0.9062688977260928,0.8233947314995625,0.8611111111111112,0.8266666666666667,0.646352286346537
0.2799999999999999,0.6,5,2,0.7567567567567568,0.8,0.7761194029850746,0.5515394912985274,0.5153846153846153,0.7783783783783784,0.8297335339345709,0.7780780201274198,0.8235294117647058,0.7887323943661971,0.5537714443208186
0.2899999999999999,0.6,1,2,0.8,0.6857142857142857,0.7466666666666667,0.4883303411131059,0.5769230769230769,0.7428571428571429,0.8062473017921614,0.7406560798180412,0.7441860465116279,0.7710843373493976,0.4899318550485997
0.2899999999999999,0.6,2,2,0.7435897435897436,0.5806451612903226,0.6714285714285714,0.32748538011695894,0.5384615384615384,0.6621174524400331,0.8106652323892745,0.6570858289451206,0.6904761904761905,0.7160493827160493,0.3287526450489619
0.2899999999999999,0.6,3,2,0.8409090909090909,0.6363636363636364,0.7532467532467533,0.4864864864864866,0.5923076923076923,0.7386363636363636,0.8501666544428332,0.7315216790650492,0.7551020408163265,0.7956989247311828,0.49099025303098287
0.2899999999999999,0.6,4,2,0.7948717948717948,0.8529411764705882,0.821917808219178,0.644169478815148,0.5615384615384615,0.8239064856711915,0.9061570894307883,0.8233947314995625,0.8611111111111112,0.8266666666666667,0.646352286346537
0.2899999999999999,0.6,5,2,0.7567567567567568,0.8,0.7761194029850746,0.5515394912985274,0.5153846153846153,0.7783783783783784,0.8272331384885014,0.7780780201274198,0.8235294117647058,0.7887323943661971,0.5537714443208186
0.29999999999999993,0.6,1,2,0.8,0.6857142857142857,0.7466666666666667,0.4883303411131059,0.5769230769230769,0.7428571428571429,0.696997515678817,0.7406560798180412,0.7441860465116279,0.7710843373493976,0.4899318550485997
0.29999999999999993,0.6,2,2,0.7435897435897436,0.5806451612903226,0.6714285714285714,0.32748538011695894,0.5384615384615384,0.6621174524400331,0.8176111990959355,0.6570858289451206,0.6904761904761905,0.7160493827160493,0.3287526450489619
0.29999999999999993,0.6,3,2,0.8409090909090909,0.6060606060606061,0.7402597402597403,0.4573643410852714,0.5923076923076923,0.7234848484848485,0.8366921659683448,0.713892059963015,0.74,0.7872340425531915,0.46354777877784786
0.29999999999999993,0.6,4,2,0.7948717948717948,0.8529411764705882,0.821917808219178,0.644169478815148,0.5615384615384615,0.8239064856711915,0.9053558073795063,0.8233947314995625,0.8611111111111112,0.8266666666666667,0.646352286346537
0.29999999999999993,0.6,5,2,0.7567567567567568,0.8,0.7761194029850746,0.5515394912985274,0.5153846153846153,0.7783783783783784,0.8315554755314267,0.7780780201274198,0.8235294117647058,0.7887323943661971,0.5537714443208186
0.30999999999999994,0.6,1,2,0.8,0.6857142857142857,0.7466666666666667,0.4883303411131059,0.5769230769230769,0.7428571428571429,0.8201179073920422,0.7406560798180412,0.7441860465116279,0.7710843373493976,0.4899318550485997
0.30999999999999994,0.6,2,2,0.7435897435897436,0.5806451612903226,0.6714285714285714,0.32748538011695894,0.5384615384615384,0.6621174524400331,0.8253441787798627,0.6570858289451206,0.6904761904761905,0.7160493827160493,0.3287526450489619
0.30999999999999994,0.6,3,2,0.8636363636363636,0.6060606060606061,0.7532467532467533,0.4824902723735409,0.5923076923076923,0.7348484848484849,0.7641480538969219,0.7234749325038378,0.7450980392156863,0.8,0.4915065439596438
0.30999999999999994,0.6,4,2,0.7948717948717948,0.8529411764705882,0.821917808219178,0.644169478815148,0.5615384615384615,0.8239064856711915,0.9045242422376655,0.8233947314995625,0.8611111111111112,0.8266666666666667,0.646352286346537
0.30999999999999994,0.6,5,2,0.7567567567567568,0.8,0.7761194029850746,0.5515394912985274,0.5153846153846153,0.7783783783783784,0.8272331384885014,0.7780780201274198,0.8235294117647058,0.7887323943661971,0.5537714443208186
0.3199999999999999,0.6,1,2,0.825,0.6857142857142857,0.76,0.5143884892086331,0.5769230769230769,0.7553571428571428,0.8017755160876943,0.7521398046336105,0.75,0.7857142857142857,0.5174100246811546
0.3199999999999999,0.6,2,2,0.7435897435897436,0.5483870967741935,0.6571428571428571,0.2958927074601843,0.5384615384615384,0.6459884201819686,0.8144740637027419,0.6385726432272576,0.6744186046511628,0.7073170731707317,0.2979514100714073
0.3199999999999999,0.6,3,2,0.8636363636363636,0.6060606060606061,0.7532467532467533,0.4824902723735409,0.5923076923076923,0.7348484848484849,0.8415081937570617,0.7234749325038378,0.7450980392156863,0.8,0.4915065439596438
0.3199999999999999,0.6,4,2,0.7948717948717948,0.8529411764705882,0.821917808219178,0.644169478815148,0.5615384615384615,0.8239064856711915,0.9055787769966537,0.8233947314995625,0.8611111111111112,0.8266666666666667,0.646352286346537
0.3199999999999999,0.6,5,2,0.7297297297297297,0.8,0.7611940298507462,0.5231316725978647,0.5153846153846153,0.7648648648648648,0.8246993547047177,0.764057447960416,0.8181818181818182,0.7714285714285715,0.526889335373206
0.32999999999999985,0.6,1,2,0.825,0.6857142857142857,0.76,0.5143884892086331,0.5769230769230769,0.7553571428571428,0.795982531897971,0.7521398046336105,0.75,0.7857142857142857,0.5174100246811546
0.32999999999999985,0.6,2,2,0.7435897435897436,0.5483870967741935,0.6571428571428571,0.2958927074601843,0.5384615384615384,0.6459884201819686,0.8108376035445426,0.6385726432272576,0.6744186046511628,0.7073170731707317,0.2979514100714073
0.32999999999999985,0.6,3,2,0.8636363636363636,0.6060606060606061,0.7532467532467533,0.4824902723735409,0.5923076923076923,0.7348484848484849,0.7312655155648773,0.7234749325038378,0.7450980392156863,0.8,0.4915065439596438
0.32999999999999985,0.6,4,2,0.7948717948717948,0.8529411764705882,0.821917808219178,0.644169478815148,0.5615384615384615,0.8239064856711915,0.9077327399334874,0.8233947314995625,0.8611111111111112,0.8266666666666667,0.646352286346537
0.32999999999999985,0.6,5,2,0.7297297297297297,0.8,0.7611940298507462,0.5231316725978647,0.5153846153846153,0.7648648648648648,0.8272212234030569,0.764057447960416,0.8181818181818182,0.7714285714285715,0.526889335373206
0.33999999999999986,0.6,1,2,0.825,0.6857142857142857,0.76,0.5143884892086331,0.5769230769230769,0.7553571428571428,0.6987863856529117,0.7521398046336105,0.75,0.7857142857142857,0.5174100246811546
0.33999999999999986,0.6,2,2,0.7435897435897436,0.5483870967741935,0.6571428571428571,0.2958927074601843,0.5384615384615384,0.6459884201819686,0.7002396101427587,0.6385726432272576,0.6744186046511628,0.7073170731707317,0.2979514100714073
0.33999999999999986,0.6,3,2,0.8636363636363636,0.6060606060606061,0.7532467532467533,0.4824902723735409,0.5923076923076923,0.7348484848484849,0.8514401419251214,0.7234749325038378,0.7450980392156863,0.8,0.4915065439596438
0.33999999999999986,0.6,4,2,0.7948717948717948,0.8529411764705882,0.821917808219178,0.644169478815148,0.5615384615384615,0.8239064856711915,0.9072542132921702,0.8233947314995625,0.8611111111111112,0.8266666666666667,0.646352286346537
0.33999999999999986,0.6,5,2,0.7297297297297297,0.8,0.7611940298507462,0.5231316725978647,0.5153846153846153,0.7648648648648648,0.816926761638007,0.764057447960416,0.8181818181818182,0.7714285714285715,0.526889335373206
0.34999999999999987,0.6,1,2,0.825,0.6857142857142857,0.76,0.5143884892086331,0.5769230769230769,0.7553571428571428,0.8050363856529116,0.7521398046336105,0.75,0.7857142857142857,0.5174100246811546
0.34999999999999987,0.6,2,2,0.7435897435897436,0.5483870967741935,0.6571428571428571,0.2958927074601843,0.5384615384615384,0.6459884201819686,0.5716761446227714,0.6385726432272576,0.6744186046511628,0.7073170731707317,0.2979514100714073
0.34999999999999987,0.6,3,2,0.8636363636363636,0.6060606060606061,0.7532467532467533,0.4824902723735409,0.5923076923076923,0.7348484848484849,0.7243292898142693,0.7234749325038378,0.7450980392156863,0.8,0.4915065439596438
0.34999999999999987,0.6,4,2,0.8205128205128205,0.8529411764705882,0.8356164383561644,0.6709241172051089,0.5615384615384615,0.8367269984917043,0.9091067769158026,0.8365698837738577,0.8648648648648649,0.8421052631578947,0.6719354967490774
0.34999999999999987,0.6,5,2,0.7297297297297297,0.8,0.7611940298507462,0.5231316725978647,0.5153846153846153,0.7648648648648648,0.8209589128594371,0.764057447960416,0.8181818181818182,0.7714285714285715,0.526889335373206
0.3599999999999999,0.6,1,2,0.825,0.6857142857142857,0.76,0.5143884892086331,0.5769230769230769,0.7553571428571428,0.7964343908748552,0.7521398046336105,0.75,0.7857142857142857,0.5174100246811546
0.3599999999999999,0.6,2,2,0.7435897435897436,0.5483870967741935,0.6571428571428571,0.2958927074601843,0.5384615384615384,0.6459884201819686,0.8219548514232173,0.6385726432272576,0.6744186046511628,0.7073170731707317,0.2979514100714073
0.3599999999999999,0.6,3,2,0.8636363636363636,0.6060606060606061,0.7532467532467533,0.4824902723735409,0.5923076923076923,0.7348484848484849,0.7491609396459191,0.7234749325038378,0.7450980392156863,0.8,0.4915065439596438
0.3599999999999999,0.6,4,2,0.8205128205128205,0.8529411764705882,0.8356164383561644,0.6709241172051089,0.5615384615384615,0.8367269984917043,0.9083526291028312,0.8365698837738577,0.8648648648648649,0.8421052631578947,0.6719354967490774
0.3599999999999999,0.6,5,2,0.7297297297297297,0.8,0.7611940298507462,0.5231316725978647,0.5153846153846153,0.7648648648648648,0.8260264804270047,0.764057447960416,0.8181818181818182,0.7714285714285715,0.526889335373206
0.3699999999999999,0.6,1,2,0.825,0.6571428571428571,0.7466666666666667,0.4864864864864865,0.5769230769230769,0.7410714285714286,0.8132645210834059,0.7363035088486657,0.7333333333333333,0.7764705882352941,0.49099025303098287
0.3699999999999999,0.6,2,2,0.7435897435897436,0.5483870967741935,0.6571428571428571,0.2958927074601843,0.5384615384615384,0.6459884201819686,0.8379929349459381,0.6385726432272576,0.6744186046511628,0.7073170731707317,0.2979514100714073
0.3699999999999999,0.6,3,2,0.8636363636363636,0.6060606060606061,0.7532467532467533,0.4824902723735409,0.5923076923076923,0.7348484848484849,0.7259383289233083,0.7234749325038378,0.7450980392156863,0.8,0.4915065439596438
0.3699999999999999,0.6,4,2,0.7948717948717948,0.8235294117647058,0.8082191780821918,0.6160781367392938,0.5615384615384615,0.8092006033182504,0.9046173168714485,0.8090737306692914,0.8378378378378378,0.8157894736842105,0.6170068391200935
0.3699999999999999,0.6,5,2,0.7297297297297297,0.8,0.7611940298507462,0.5231316725978647,0.5153846153846153,0.7648648648648648,0.8247871394817814,0.764057447960416,0.8181818181818182,0.7714285714285715,0.526889335373206
0.3799999999999999,0.6,1,2,0.825,0.6571428571428571,0.7466666666666667,0.4864864864864865,0.5769230769230769,0.7410714285714286,0.8160742543188496,0.7363035088486657,0.7333333333333333,0.7764705882352941,0.49099025303098287
0.3799999999999999,0.6,2,2,0.7435897435897436,0.5483870967741935,0.6571428571428571,0.2958927074601843,0.5384615384615384,0.6459884201819686,0.6988362816588501,0.6385726432272576,0.6744186046511628,0.7073170731707317,0.2979514100714073
0.3799999999999999,0.6,3,2,0.8636363636363636,0.6060606060606061,0.7532467532467533,0.4824902723735409,0.5923076923076923,0.7348484848484849,0.8379656534506328,0.7234749325038378,0.7450980392156863,0.8,0.4915065439596438
0.3799999999999999,0.6,4,2,0.7948717948717948,0.8235294117647058,0.8082191780821918,0.6160781367392938,0.5615384615384615,0.8092006033182504,0.9081547707765495,0.8090737306692914,0.8378378378378378,0.8157894736842105,0.6170068391200935
0.3799999999999999,0.6,5,2,0.7297297297297297,0.8,0.7611940298507462,0.5231316725978647,0.5153846153846153,0.7648648648648648,0.8221134870457296,0.764057447960416,0.8181818181818182,0.7714285714285715,0.526889335373206
0.3899999999999999,0.6,1,2,0.825,0.6571428571428571,0.7466666666666667,0.4864864864864865,0.5769230769230769,0.7410714285714286,0.7924541244487198,0.7363035088486657,0.7333333333333333,0.7764705882352941,0.49099025303098287
0.3899999999999999,0.6,2,2,0.7435897435897436,0.5483870967741935,0.6571428571428571,0.2958927074601843,0.5384615384615384,0.6459884201819686,0.8233385909437682,0.6385726432272576,0.6744186046511628,0.7073170731707317,0.2979514100714073
0.3899999999999999,0.6,3,2,0.8636363636363636,0.6060606060606061,0.7532467532467533,0.4824902723735409,0.5923076923076923,0.7348484848484849,0.6160058545392529,0.7234749325038378,0.7450980392156863,0.8,0.4915065439596438
0.3899999999999999,0.6,4,2,0.7948717948717948,0.8235294117647058,0.8082191780821918,0.6160781367392938,0.5615384615384615,0.8092006033182504,0.9067358057546433,0.8090737306692914,0.8378378378378378,0.8157894736842105,0.6170068391200935
0.3899999999999999,0.6,5,2,0.7297297297297297,0.8,0.7611940298507462,0.5231316725978647,0.5153846153846153,0.7648648648648648,0.8198883833340529,0.764057447960416,0.8181818181818182,0.7714285714285715,0.526889335373206
0.3999999999999998,0.6,1,2,0.825,0.6571428571428571,0.7466666666666667,0.4864864864864865,0.5769230769230769,0.7410714285714286,0.8013431994133097,0.7363035088486657,0.7333333333333333,0.7764705882352941,0.49099025303098287
0.3999999999999998,0.6,2,2,0.7435897435897436,0.5483870967741935,0.6571428571428571,0.2958927074601843,0.5384615384615384,0.6459884201819686,0.8212069393236254,0.6385726432272576,0.6744186046511628,0.7073170731707317,0.2979514100714073
0.3999999999999998,0.6,3,2,0.8636363636363636,0.6060606060606061,0.7532467532467533,0.4824902723735409,0.5923076923076923,0.7348484848484849,0.8470096875131192,0.7234749325038378,0.7450980392156863,0.8,0.4915065439596438
0.3999999999999998,0.6,4,2,0.7948717948717948,0.8235294117647058,0.8082191780821918,0.6160781367392938,0.5615384615384615,0.8092006033182504,0.9095892425754712,0.8090737306692914,0.8378378378378378,0.8157894736842105,0.6170068391200935
0.3999999999999998,0.6,5,2,0.7297297297297297,0.8,0.7611940298507462,0.5231316725978647,0.5153846153846153,0.7648648648648648,0.8276315450478029,0.764057447960416,0.8181818181818182,0.7714285714285715,0.526889335373206
0.4099999999999998,0.6,1,2,0.825,0.6571428571428571,0.7466666666666667,0.4864864864864865,0.5769230769230769,0.7410714285714286,0.7919134986792611,0.7363035088486657,0.7333333333333333,0.7764705882352941,0.49099025303098287
0.4099999999999998,0.6,2,2,0.7435897435897436,0.5483870967741935,0.6571428571428571,0.2958927074601843,0.5384615384615384,0.6459884201819686,0.8282812868827205,0.6385726432272576,0.6744186046511628,0.7073170731707317,0.2979514100714073
0.4099999999999998,0.6,3,2,0.8636363636363636,0.6060606060606061,0.7532467532467533,0.4824902723735409,0.5923076923076923,0.7348484848484849,0.76527891828235,0.7234749325038378,0.7450980392156863,0.8,0.4915065439596438
0.4099999999999998,0.6,4,2,0.7948717948717948,0.8235294117647058,0.8082191780821918,0.6160781367392938,0.5615384615384615,0.8092006033182504,0.9071853964216252,0.8090737306692914,0.8378378378378378,0.8157894736842105,0.6170068391200935
0.4099999999999998,0.6,5,2,0.7297297297297297,0.8,0.7611940298507462,0.5231316725978647,0.5153846153846153,0.7648648648648648,0.8200198657069147,0.764057447960416,0.8181818181818182,0.7714285714285715,0.526889335373206
0.4199999999999998,0.6,1,2,0.825,0.6571428571428571,0.7466666666666667,0.4864864864864865,0.5769230769230769,0.7410714285714286,0.8069756104805031,0.7363035088486657,0.7333333333333333,0.7764705882352941,0.49099025303098287
0.4199999999999998,0.6,2,2,0.7435897435897436,0.5483870967741935,0.6571428571428571,0.2958927074601843,0.5384615384615384,0.6459884201819686,0.8295241985485331,0.6385726432272576,0.6744186046511628,0.7073170731707317,0.2979514100714073
0.4199999999999998,0.6,3,2,0.8636363636363636,0.6060606060606061,0.7532467532467533,0.4824902723735409,0.5923076923076923,0.7348484848484849,0.727341855345287,0.7234749325038378,0.7450980392156863,0.8,0.4915065439596438
0.4199999999999998,0.6,4,2,0.7948717948717948,0.8235294117647058,0.8082191780821918,0.6160781367392938,0.5615384615384615,0.8092006033182504,0.907072830321524,0.8090737306692914,0.8378378378378378,0.8157894736842105,0.6170068391200935
0.4199999999999998,0.6,5,2,0.7297297297297297,0.8,0.7611940298507462,0.5231316725978647,0.5153846153846153,0.7648648648648648,0.8200198657069147,0.764057447960416,0.8181818181818182,0.7714285714285715,0.526889335373206
0.4299999999999998,0.6,1,2,0.825,0.6571428571428571,0.7466666666666667,0.4864864864864865,0.5769230769230769,0.7410714285714286,0.8098672091489563,0.7363035088486657,0.7333333333333333,0.7764705882352941,0.49099025303098287
0.4299999999999998,0.6,2,2,0.7435897435897436,0.5483870967741935,0.6571428571428571,0.2958927074601843,0.5384615384615384,0.6459884201819686,0.581466700491035,0.6385726432272576,0.6744186046511628,0.7073170731707317,0.2979514100714073
0.4299999999999998,0.6,3,2,0.8863636363636364,0.6060606060606061,0.7662337662337663,0.5078125,0.5923076923076923,0.7462121212121212,0.8373301146350168,0.7329325225725954,0.75,0.8125,0.5204164998665333
0.4299999999999998,0.6,4,2,0.7948717948717948,0.8235294117647058,0.8082191780821918,0.6160781367392938,0.5615384615384615,0.8092006033182504,0.9082570442800252,0.8090737306692914,0.8378378378378378,0.8157894736842105,0.6170068391200935
0.4299999999999998,0.6,5,2,0.7297297297297297,0.8,0.7611940298507462,0.5231316725978647,0.5153846153846153,0.7648648648648648,0.8268759865336237,0.764057447960416,0.8181818181818182,0.7714285714285715,0.526889335373206
0.43999999999999984,0.6,1,2,0.825,0.6571428571428571,0.7466666666666667,0.4864864864864865,0.5769230769230769,0.7410714285714286,0.8165077136972139,0.7363035088486657,0.7333333333333333,0.7764705882352941,0.49099025303098287
0.43999999999999984,0.6,2,2,0.7435897435897436,0.5483870967741935,0.6571428571428571,0.2958927074601843,0.5384615384615384,0.6459884201819686,0.8236006271230855,0.6385726432272576,0.6744186046511628,0.7073170731707317,0.2979514100714073
0.43999999999999984,0.6,3,2,0.8863636363636364,0.6060606060606061,0.7662337662337663,0.5078125,0.5923076923076923,0.7462121212121212,0.5946752001051023,0.7329325225725954,0.75,0.8125,0.5204164998665333
0.43999999999999984,0.6,4,2,0.7948717948717948,0.8235294117647058,0.8082191780821918,0.6160781367392938,0.5615384615384615,0.8092006033182504,0.9109526029353363,0.8090737306692914,0.8378378378378378,0.8157894736842105,0.6170068391200935
0.43999999999999984,0.6,5,2,0.7297297297297297,0.8,0.7611940298507462,0.5231316725978647,0.5153846153846153,0.7648648648648648,0.8179928386798876,0.764057447960416,0.8181818181818182,0.7714285714285715,0.526889335373206
0.44999999999999984,0.6,1,2,0.825,0.6571428571428571,0.7466666666666667,0.4864864864864865,0.5769230769230769,0.7410714285714286,0.8208509227529516,0.7363035088486657,0.7333333333333333,0.7764705882352941,0.49099025303098287
0.44999999999999984,0.6,2,2,0.7435897435897436,0.5483870967741935,0.6571428571428571,0.2958927074601843,0.5384615384615384,0.6459884201819686,0.8216470251694836,0.6385726432272576,0.6744186046511628,0.7073170731707317,0.2979514100714073
0.44999999999999984,0.6,3,2,0.8863636363636364,0.6060606060606061,0.7662337662337663,0.5078125,0.5923076923076923,0.7462121212121212,0.8510414264713287,0.7329325225725954,0.75,0.8125,0.5204164998665333
0.44999999999999984,0.6,4,2,0.7948717948717948,0.8235294117647058,0.8082191780821918,0.6160781367392938,0.5615384615384615,0.8092006033182504,0.9086901594964222,0.8090737306692914,0.8378378378378378,0.8157894736842105,0.6170068391200935
0.44999999999999984,0.6,5,2,0.7297297297297297,0.8,0.7611940298507462,0.5231316725978647,0.5153846153846153,0.7648648648648648,0.8275228511479675,0.764057447960416,0.8181818181818182,0.7714285714285715,0.526889335373206
0.45999999999999985,0.6,1,2,0.825,0.6571428571428571,0.7466666666666667,0.4864864864864865,0.5769230769230769,0.7410714285714286,0.8201715749268647,0.7363035088486657,0.7333333333333333,0.7764705882352941,0.49099025303098287
0.45999999999999985,0.6,2,2,0.7435897435897436,0.5483870967741935,0.6571428571428571,0.2958927074601843,0.5384615384615384,0.6459884201819686,0.8159428259870235,0.6385726432272576,0.6744186046511628,0.7073170731707317,0.2979514100714073
0.45999999999999985,0.6,3,2,0.8863636363636364,0.6060606060606061,0.7662337662337663,0.5078125,0.5923076923076923,0.7462121212121212,0.7650412390164287,0.7329325225725954,0.75,0.8125,0.5204164998665333
0.45999999999999985,0.6,4,2,0.7948717948717948,0.8235294117647058,0.8082191780821918,0.6160781367392938,0.5615384615384615,0.8092006033182504,0.912127779092723,0.8090737306692914,0.8378378378378378,0.8157894736842105,0.6170068391200935
0.45999999999999985,0.6,5,2,0.7297297297297297,0.8,0.7611940298507462,0.5231316725978647,0.5153846153846153,0.7648648648648648,0.8212190114567545,0.764057447960416,0.8181818181818182,0.7714285714285715,0.526889335373206
0.46999999999999986,0.6,1,2,0.825,0.6571428571428571,0.7466666666666667,0.4864864864864865,0.5769230769230769,0.7410714285714286,0.8213791078206103,0.7363035088486657,0.7333333333333333,0.7764705882352941,0.49099025303098287
0.46999999999999986,0.6,2,2,0.7435897435897436,0.5483870967741935,0.6571428571428571,0.2958927074601843,0.5384615384615384,0.6459884201819686,0.8141185632931955,0.6385726432272576,0.6744186046511628,0.7073170731707317,0.2979514100714073
0.46999999999999986,0.6,3,2,0.8863636363636364,0.6060606060606061,0.7662337662337663,0.5078125,0.5923076923076923,0.7462121212121212,0.846205445180635,0.7329325225725954,0.75,0.8125,0.5204164998665333
0.46999999999999986,0.6,4,2,0.7948717948717948,0.8235294117647058,0.8082191780821918,0.6160781367392938,0.5615384615384615,0.8092006033182504,0.9113736312797518,0.8090737306692914,0.8378378378378378,0.8157894736842105,0.6170068391200935
0.46999999999999986,0.6,5,2,0.7297297297297297,0.8,0.7611940298507462,0.5231316725978647,0.5153846153846153,0.7648648648648648,0.8237527952405381,0.764057447960416,0.8181818181818182,0.7714285714285715,0.526889335373206
0.47999999999999976,0.6,1,2,0.825,0.6571428571428571,0.7466666666666667,0.4864864864864865,0.5769230769230769,0.7410714285714286,0.803370214539978,0.7363035088486657,0.7333333333333333,0.7764705882352941,0.49099025303098287
0.47999999999999976,0.6,2,2,0.7435897435897436,0.5483870967741935,0.6571428571428571,0.2958927074601843,0.5384615384615384,0.6459884201819686,0.8174556684668824,0.6385726432272576,0.6744186046511628,0.7073170731707317,0.2979514100714073
0.47999999999999976,0.6,3,2,0.8863636363636364,0.6060606060606061,0.7662337662337663,0.5078125,0.5923076923076923,0.7462121212121212,0.8498314488066385,0.7329325225725954,0.75,0.8125,0.5204164998665333
0.47999999999999976,0.6,4,2,0.7948717948717948,0.8235294117647058,0.8082191780821918,0.6160781367392938,0.5615384615384615,0.8092006033182504,0.9121478491554876,0.8090737306692914,0.8378378378378378,0.8157894736842105,0.6170068391200935
0.47999999999999976,0.6,5,2,0.7297297297297297,0.8,0.7611940298507462,0.5231316725978647,0.5153846153846153,0.7648648648648648,0.8280751322834634,0.764057447960416,0.8181818181818182,0.7714285714285715,0.526889335373206
0.48999999999999977,0.6,1,2,0.825,0.6571428571428571,0.7466666666666667,0.4864864864864865,0.5769230769230769,0.7410714285714286,0.8144497599945234,0.7363035088486657,0.7333333333333333,0.7764705882352941,0.49099025303098287
0.48999999999999977,0.6,2,2,0.7435897435897436,0.5483870967741935,0.6571428571428571,0.2958927074601843,0.5384615384615384,0.6459884201819686,0.7395264887011209,0.6385726432272576,0.6744186046511628,0.7073170731707317,0.2979514100714073
0.48999999999999977,0.6,3,2,0.8863636363636364,0.6060606060606061,0.7662337662337663,0.5078125,0.5923076923076923,0.7462121212121212,0.8451091772474624,0.7329325225725954,0.75,0.8125,0.5204164998665333
0.48999999999999977,0.6,4,2,0.7948717948717948,0.8235294117647058,0.8082191780821918,0.6160781367392938,0.5615384615384615,0.8092006033182504,0.9072219007360156,0.8090737306692914,0.8378378378378378,0.8157894736842105,0.6170068391200935
0.48999999999999977,0.6,5,2,0.7297297297297297,0.8,0.7611940298507462,0.5231316725978647,0.5153846153846153,0.7648648648648648,0.8237527952405381,0.764057447960416,0.8181818181818182,0.7714285714285715,0.526889335373206
0.4999999999999998,0.6,1,2,0.825,0.6571428571428571,0.7466666666666667,0.4864864864864865,0.5769230769230769,0.7410714285714286,0.8108324601196016,0.7363035088486657,0.7333333333333333,0.7764705882352941,0.49099025303098287
0.4999999999999998,0.6,2,2,0.7435897435897436,0.5483870967741935,0.6571428571428571,0.2958927074601843,0.5384615384615384,0.6459884201819686,0.8236353418636826,0.6385726432272576,0.6744186046511628,0.7073170731707317,0.2979514100714073
0.4999999999999998,0.6,3,2,0.8863636363636364,0.6060606060606061,0.7662337662337663,0.5078125,0.5923076923076923,0.7462121212121212,0.8446721143103995,0.7329325225725954,0.75,0.8125,0.5204164998665333
0.4999999999999998,0.6,4,2,0.7948717948717948,0.8235294117647058,0.8082191780821918,0.6160781367392938,0.5615384615384615,0.8092006033182504,0.9095774102653458,0.8090737306692914,0.8378378378378378,0.8157894736842105,0.6170068391200935
0.4999999999999998,0.6,5,2,0.7297297297297297,0.8,0.7611940298507462,0.5231316725978647,0.5153846153846153,0.7648648648648648,0.8328446076411742,0.764057447960416,0.8181818181818182,0.7714285714285715,0.526889335373206
0.5099999999999998,0.6,1,2,0.825,0.6571428571428571,0.7466666666666667,0.4864864864864865,0.5769230769230769,0.7410714285714286,0.7430213754379811,0.7363035088486657,0.7333333333333333,0.7764705882352941,0.49099025303098287
0.5099999999999998,0.6,2,2,0.7435897435897436,0.5483870967741935,0.6571428571428571,0.2958927074601843,0.5384615384615384,0.6459884201819686,0.8129901062184469,0.6385726432272576,0.6744186046511628,0.7073170731707317,0.2979514100714073
0.5099999999999998,0.6,3,2,0.8863636363636364,0.6060606060606061,0.7662337662337663,0.5078125,0.5923076923076923,0.7462121212121212,0.8429238625621478,0.7329325225725954,0.75,0.8125,0.5204164998665333
0.5099999999999998,0.6,4,2,0.7948717948717948,0.8235294117647058,0.8082191780821918,0.6160781367392938,0.5615384615384615,0.8092006033182504,0.908069114639403,0.8090737306692914,0.8378378378378378,0.8157894736842105,0.6170068391200935
0.5099999999999998,0.6,5,2,0.7297297297297297,0.8,0.7611940298507462,0.5231316725978647,0.5153846153846153,0.7648648648648648,0.8164892817270247,0.764057447960416,0.8181818181818182,0.7714285714285715,0.526889335373206
0.5199999999999998,0.6,1,2,0.825,0.6571428571428571,0.7466666666666667,0.4864864864864865,0.5769230769230769,0.7410714285714286,0.5867713754379813,0.7363035088486657,0.7333333333333333,0.7764705882352941,0.49099025303098287
0.5199999999999998,0.6,2,2,0.7435897435897436,0.5483870967741935,0.6571428571428571,0.2958927074601843,0.5384615384615384,0.6459884201819686,0.6952575971815901,0.6385726432272576,0.6744186046511628,0.7073170731707317,0.2979514100714073
0.5199999999999998,0.6,3,2,0.8863636363636364,0.6060606060606061,0.7662337662337663,0.5078125,0.5923076923076923,0.7462121212121212,0.8389838211221063,0.7329325225725954,0.75,0.8125,0.5204164998665333
0.5199999999999998,0.6,4,2,0.7948717948717948,0.8235294117647058,0.8082191780821918,0.6160781367392938,0.5615384615384615,0.8092006033182504,0.9103327604645224,0.8090737306692914,0.8378378378378378,0.8157894736842105,0.6170068391200935
0.5199999999999998,0.6,5,2,0.7297297297297297,0.8,0.7611940298507462,0.5231316725978647,0.5153846153846153,0.7648648648648648,0.8207036978316847,0.764057447960416,0.8181818181818182,0.7714285714285715,0.526889335373206
0.5299999999999998,0.6,1,2,0.825,0.6571428571428571,0.7466666666666667,0.4864864864864865,0.5769230769230769,0.7410714285714286,0.8117713754379813,0.7363035088486657,0.7333333333333333,0.7764705882352941,0.49099025303098287
0.5299999999999998,0.6,2,2,0.7435897435897436,0.5483870967741935,0.6571428571428571,0.2958927074601843,0.5384615384615384,0.6459884201819686,0.8187669320753643,0.6385726432272576,0.6744186046511628,0.7073170731707317,0.2979514100714073
0.5299999999999998,0.6,3,2,0.8863636363636364,0.6060606060606061,0.7662337662337663,0.5078125,0.5923076923076923,0.7462121212121212,0.8488323059705911,0.7329325225725954,0.75,0.8125,0.5204164998665333
0.5299999999999998,0.6,4,2,0.7948717948717948,0.8235294117647058,0.8082191780821918,0.6160781367392938,0.5615384615384615,0.8092006033182504,0.9118410560904652,0.8090737306692914,0.8378378378378378,0.8157894736842105,0.6170068391200935
0.5299999999999998,0.6,5,2,0.7297297297297297,0.8,0.7611940298507462,0.5231316725978647,0.5153846153846153,0.7648648648648648,0.815973968101955,0.764057447960416,0.8181818181818182,0.7714285714285715,0.526889335373206
0.5399999999999998,0.6,1,2,0.825,0.6571428571428571,0.7466666666666667,0.4864864864864865,0.5769230769230769,0.7410714285714286,0.8094615928292855,0.7363035088486657,0.7333333333333333,0.7764705882352941,0.49099025303098287
0.5399999999999998,0.6,2,2,0.7435897435897436,0.5483870967741935,0.6571428571428571,0.2958927074601843,0.5384615384615384,0.6459884201819686,0.8171369195757865,0.6385726432272576,0.6744186046511628,0.7073170731707317,0.2979514100714073
0.5399999999999998,0.6,3,2,0.8863636363636364,0.6060606060606061,0.7662337662337663,0.5078125,0.5923076923076923,0.7462121212121212,0.844623551761837,0.7329325225725954,0.75,0.8125,0.5204164998665333
0.5399999999999998,0.6,4,2,0.7948717948717948,0.8235294117647058,0.8082191780821918,0.6160781367392938,0.5615384615384615,0.8092006033182504,0.9096257468898618,0.8090737306692914,0.8378378378378378,0.8157894736842105,0.6170068391200935
0.5399999999999998,0.6,5,2,0.7297297297297297,0.8,0.7611940298507462,0.5231316725978647,0.5153846153846153,0.7648648648648648,0.8299445563372491,0.764057447960416,0.8181818181818182,0.7714285714285715,0.526889335373206
0.5499999999999998,0.6,1,2,0.825,0.6571428571428571,0.7466666666666667,0.4864864864864865,0.5769230769230769,0.7410714285714286,0.8096030254342224,0.7363035088486657,0.7333333333333333,0.7764705882352941,0.49099025303098287
0.5499999999999998,0.6,2,2,0.7435897435897436,0.5483870967741935,0.6571428571428571,0.2958927074601843,0.5384615384615384,0.6459884201819686,0.8165372776717968,0.6385726432272576,0.6744186046511628,0.7073170731707317,0.2979514100714073
0.5499999999999998,0.6,3,2,0.8863636363636364,0.6060606060606061,0.7662337662337663,0.5078125,0.5923076923076923,0.7462121212121212,0.769689700451945,0.7329325225725954,0.75,0.8125,0.5204164998665333
0.5499999999999998,0.6,4,2,0.7948717948717948,0.8235294117647058,0.8082191780821918,0.6160781367392938,0.5615384615384615,0.8092006033182504,0.9088244648385797,0.8090737306692914,0.8378378378378378,0.8157894736842105,0.6170068391200935
0.5499999999999998,0.6,5,2,0.7297297297297297,0.8,0.7611940298507462,0.5231316725978647,0.5153846153846153,0.7648648648648648,0.8232374816154684,0.764057447960416,0.8181818181818182,0.7714285714285715,0.526889335373206
0.5599999999999997,0.6,1,2,0.825,0.6571428571428571,0.7466666666666667,0.4864864864864865,0.5769230769230769,0.7410714285714286,0.806342155869005,0.7363035088486657,0.7333333333333333,0.7764705882352941,0.49099025303098287
0.5599999999999997,0.6,2,2,0.7435897435897436,0.5483870967741935,0.6571428571428571,0.2958927074601843,0.5384615384615384,0.6459884201819686,0.7974037858644585,0.6385726432272576,0.6744186046511628,0.7073170731707317,0.2979514100714073
0.5599999999999997,0.6,3,2,0.8863636363636364,0.6060606060606061,0.7662337662337663,0.5078125,0.5923076923076923,0.7462121212121212,0.725750306512551,0.7329325225725954,0.75,0.8125,0.5204164998665333
0.5599999999999997,0.6,4,2,0.7948717948717948,0.8235294117647058,0.8082191780821918,0.6160781367392938,0.5615384615384615,0.8092006033182504,0.9110869082774938,0.8090737306692914,0.8378378378378378,0.8157894736842105,0.6170068391200935
0.5599999999999997,0.6,5,2,0.7297297297297297,0.8,0.7611940298507462,0.5231316725978647,0.5153846153846153,0.7648648648648648,0.8293922752017532,0.764057447960416,0.8181818181818182,0.7714285714285715,0.526889335373206
0.5699999999999997,0.6,1,2,0.85,0.6571428571428571,0.76,0.5126353790613719,0.5769230769230769,0.7535714285714286,0.8224850371105704,0.7473763634016188,0.7391304347826086,0.7906976744186046,0.5195369208463535
0.5699999999999997,0.6,2,2,0.7435897435897436,0.5483870967741935,0.6571428571428571,0.2958927074601843,0.5384615384615384,0.6459884201819686,0.8150158034764762,0.6385726432272576,0.6744186046511628,0.7073170731707317,0.2979514100714073
0.5699999999999997,0.6,3,2,0.8863636363636364,0.6060606060606061,0.7662337662337663,0.5078125,0.5923076923076923,0.7462121212121212,0.8492351549973995,0.7329325225725954,0.75,0.8125,0.5204164998665333
0.5699999999999997,0.6,4,2,0.7948717948717948,0.8235294117647058,0.8082191780821918,0.6160781367392938,0.5615384615384615,0.8092006033182504,0.9079899970500889,0.8090737306692914,0.8378378378378378,0.8157894736842105,0.6170068391200935
0.5699999999999997,0.6,5,2,0.7297297297297297,0.8,0.7611940298507462,0.5231316725978647,0.5153846153846153,0.7648648648648648,0.8226852004799725,0.764057447960416,0.8181818181818182,0.7714285714285715,0.526889335373206
0.5799999999999997,0.6,1,2,0.85,0.6571428571428571,0.76,0.5126353790613719,0.5769230769230769,0.7535714285714286,0.8197676458062226,0.7473763634016188,0.7391304347826086,0.7906976744186046,0.5195369208463535
0.5799999999999997,0.6,2,2,0.7435897435897436,0.5483870967741935,0.6571428571428571,0.2958927074601843,0.5384615384615384,0.6459884201819686,0.8258938143544869,0.6385726432272576,0.6744186046511628,0.7073170731707317,0.2979514100714073
0.5799999999999997,0.6,3,2,0.8863636363636364,0.6060606060606061,0.7662337662337663,0.5078125,0.5923076923076923,0.7462121212121212,0.8450264007886452,0.7329325225725954,0.75,0.8125,0.5204164998665333
0.5799999999999997,0.6,4,2,0.7948717948717948,0.8235294117647058,0.8082191780821918,0.6160781367392938,0.5615384615384615,0.8092006033182504,0.909592561152653,0.8090737306692914,0.8378378378378378,0.8157894736842105,0.6170068391200935
0.5799999999999997,0.6,5,2,0.7297297297297297,0.8,0.7611940298507462,0.5231316725978647,0.5153846153846153,0.7648648648648648,0.8199471286977832,0.764057447960416,0.8181818181818182,0.7714285714285715,0.526889335373206
0.5899999999999997,0.6,1,2,0.85,0.6571428571428571,0.76,0.5126353790613719,0.5769230769230769,0.7535714285714286,0.8124306892844836,0.7473763634016188,0.7391304347826086,0.7906976744186046,0.5195369208463535
0.5899999999999997,0.6,2,2,0.7435897435897436,0.5483870967741935,0.6571428571428571,0.2958927074601843,0.5384615384615384,0.6459884201819686,0.8281065774368154,0.6385726432272576,0.6744186046511628,0.7073170731707317,0.2979514100714073
0.5899999999999997,0.6,3,2,0.8863636363636364,0.6060606060606061,0.7662337662337663,0.5078125,0.5923076923076923,0.7462121212121212,0.725756781519026,0.7329325225725954,0.75,0.8125,0.5204164998665333
0.5899999999999997,0.6,4,2,0.7948717948717948,0.8235294117647058,0.8082191780821918,0.6160781367392938,0.5615384615384615,0.8092006033182504,0.9063874329475248,0.8090737306692914,0.8378378378378378,0.8157894736842105,0.6170068391200935
0.5899999999999997,0.6,5,2,0.7297297297297297,0.8,0.7611940298507462,0.5231316725978647,0.5153846153846153,0.7648648648648648,0.8261474466628069,0.764057447960416,0.8181818181818182,0.7714285714285715,0.526889335373206
0.5999999999999998,0.6,1,2,0.85,0.6571428571428571,0.76,0.5126353790613719,0.5769230769230769,0.7535714285714286,0.7950605594143536,0.7473763634016188,0.7391304347826086,0.7906976744186046,0.5195369208463535
0.5999999999999998,0.6,2,2,0.7435897435897436,0.5483870967741935,0.6571428571428571,0.2958927074601843,0.5384615384615384,0.6459884201819686,0.8109075928465264,0.6385726432272576,0.6744186046511628,0.7073170731707317,0.2979514100714073
0.5999999999999998,0.6,3,2,0.8863636363636364,0.6060606060606061,0.7662337662337663,0.5078125,0.5923076923076923,0.7462121212121212,0.8329262324384767,0.7329325225725954,0.75,0.8125,0.5204164998665333
0.5999999999999998,0.6,4,2,0.7948717948717948,0.8235294117647058,0.8082191780821918,0.6160781367392938,0.5615384615384615,0.8092006033182504,0.9050643565581342,0.8090737306692914,0.8378378378378378,0.8157894736842105,0.6170068391200935
0.5999999999999998,0.6,5,2,0.7297297297297297,0.8,0.7611940298507462,0.5231316725978647,0.5153846153846153,0.7648648648648648,0.825623136927971,0.764057447960416,0.8181818181818182,0.7714285714285715,0.526889335373206
0.6099999999999998,0.6,1,2,0.85,0.6571428571428571,0.76,0.5126353790613719,0.5769230769230769,0.7535714285714286,0.7432199959317027,0.7473763634016188,0.7391304347826086,0.7906976744186046,0.5195369208463535
0.6099999999999998,0.6,2,2,0.7435897435897436,0.5483870967741935,0.6571428571428571,0.2958927074601843,0.5384615384615384,0.6459884201819686,0.8167471639034888,0.6385726432272576,0.6744186046511628,0.7073170731707317,0.2979514100714073
0.6099999999999998,0.6,3,2,0.8863636363636364,0.6060606060606061,0.7662337662337663,0.5078125,0.5923076923076923,0.7462121212121212,0.7659665717288162,0.7329325225725954,0.75,0.8125,0.5204164998665333
0.6099999999999998,0.6,4,2,0.7948717948717948,0.8235294117647058,0.8082191780821918,0.6160781367392938,0.5615384615384615,0.8092006033182504,0.9100837758998044,0.8090737306692914,0.8378378378378378,0.8157894736842105,0.6170068391200935
0.6099999999999998,0.6,5,2,0.7297297297297297,0.8,0.7611940298507462,0.5231316725978647,0.5153846153846153,0.7648648648648648,0.8205032990875449,0.764057447960416,0.8181818181818182,0.7714285714285715,0.526889335373206
0.6199999999999998,0.6,1,2,0.85,0.6571428571428571,0.76,0.5126353790613719,0.5769230769230769,0.7535714285714286,0.7044290978201526,0.7473763634016188,0.7391304347826086,0.7906976744186046,0.5195369208463535
0.6199999999999998,0.6,2,2,0.7435897435897436,0.5483870967741935,0.6571428571428571,0.2958927074601843,0.5384615384615384,0.6459884201819686,0.8208155592762318,0.6385726432272576,0.6744186046511628,0.7073170731707317,0.2979514100714073
0.6199999999999998,0.6,3,2,0.8863636363636364,0.6060606060606061,0.7662337662337663,0.5078125,0.5923076923076923,0.7462121212121212,0.841603155673327,0.7329325225725954,0.75,0.8125,0.5204164998665333
0.6199999999999998,0.6,4,2,0.7948717948717948,0.8235294117647058,0.8082191780821918,0.6160781367392938,0.5615384615384615,0.8092006033182504,0.9069666316061894,0.8090737306692914,0.8378378378378378,0.8157894736842105,0.6170068391200935
0.6199999999999998,0.6,5,2,0.7297297297297297,0.8,0.7611940298507462,0.5231316725978647,0.5153846153846153,0.7648648648648648,0.8081324723784828,0.764057447960416,0.8181818181818182,0.7714285714285715,0.526889335373206
0.6299999999999997,0.6,1,2,0.85,0.6571428571428571,0.76,0.5126353790613719,0.5769230769230769,0.7535714285714286,0.8228706608212453,0.7473763634016188,0.7391304347826086,0.7906976744186046,0.5195369208463535
0.6299999999999997,0.6,2,2,0.7435897435897436,0.5483870967741935,0.6571428571428571,0.2958927074601843,0.5384615384615384,0.6459884201819686,0.6588470929599396,0.6385726432272576,0.6744186046511628,0.7073170731707317,0.2979514100714073
0.6299999999999997,0.6,3,2,0.8863636363636364,0.6060606060606061,0.7662337662337663,0.5078125,0.5923076923076923,0.7462121212121212,0.8357554154505867,0.7329325225725954,0.75,0.8125,0.5204164998665333
0.6299999999999997,0.6,4,2,0.7948717948717948,0.8235294117647058,0.8082191780821918,0.6160781367392938,0.5615384615384615,0.8092006033182504,0.9081942247455472,0.8090737306692914,0.8378378378378378,0.8157894736842105,0.6170068391200935
0.6299999999999997,0.6,5,2,0.7297297297297297,0.8,0.7611940298507462,0.5231316725978647,0.5153846153846153,0.7648648648648648,0.8239385952434293,0.764057447960416,0.8181818181818182,0.7714285714285715,0.526889335373206
0.6399999999999997,0.6,1,2,0.85,0.6571428571428571,0.76,0.5126353790613719,0.5769230769230769,0.7535714285714286,0.8137673999516802,0.7473763634016188,0.7391304347826086,0.7906976744186046,0.5195369208463535
0.6399999999999997,0.6,2,2,0.7435897435897436,0.5483870967741935,0.6571428571428571,0.2958927074601843,0.5384615384615384,0.6459884201819686,0.8258938143544869,0.6385726432272576,0.6744186046511628,0.7073170731707317,0.2979514100714073
0.6399999999999997,0.6,3,2,0.8863636363636364,0.6060606060606061,0.7662337662337663,0.5078125,0.5923076923076923,0.7462121212121212,0.8381228396930109,0.7329325225725954,0.75,0.8125,0.5204164998665333
0.6399999999999997,0.6,4,2,0.7948717948717948,0.8235294117647058,0.8082191780821918,0.6160781367392938,0.5615384615384615,0.8092006033182504,0.9104428175861461,0.8090737306692914,0.8378378378378378,0.8157894736842105,0.6170068391200935
0.6399999999999997,0.6,5,2,0.7297297297297297,0.8,0.7611940298507462,0.5231316725978647,0.5153846153846153,0.7648648648648648,0.8150355745757027,0.764057447960416,0.8181818181818182,0.7714285714285715,0.526889335373206
0.6499999999999997,0.6,1,2,0.85,0.6571428571428571,0.76,0.5126353790613719,0.5769230769230769,0.7535714285714286,0.8014650284101782,0.7473763634016188,0.7391304347826086,0.7906976744186046,0.5195369208463535
0.6499999999999997,0.6,2,2,0.7435897435897436,0.5483870967741935,0.6571428571428571,0.2958927074601843,0.5384615384615384,0.6459884201819686,0.8060332401460866,0.6385726432272576,0.6744186046511628,0.7073170731707317,0.2979514100714073
0.6499999999999997,0.6,3,2,0.8863636363636364,0.6060606060606061,0.7662337662337663,0.5078125,0.5923076923076923,0.7462121212121212,0.7262120652822367,0.7329325225725954,0.75,0.8125,0.5204164998665333
0.6499999999999997,0.6,4,2,0.7948717948717948,0.8235294117647058,0.8082191780821918,0.6160781367392938,0.5615384615384615,0.8092006033182504,0.9073319578576393,0.8090737306692914,0.8378378378378378,0.8157894736842105,0.6170068391200935
0.6499999999999997,0.6,5,2,0.7027027027027027,0.8,0.746268656716418,0.4949002217294901,0.5153846153846153,0.7513513513513514,0.821553857564574,0.7497747409470141,0.8125,0.7536231884057971,0.5004534623255873
0.6599999999999997,0.6,1,2,0.85,0.6571428571428571,0.76,0.5126353790613719,0.5769230769230769,0.7535714285714286,0.8159413129951584,0.7473763634016188,0.7391304347826086,0.7906976744186046,0.5195369208463535
0.6599999999999997,0.6,2,2,0.7435897435897436,0.5483870967741935,0.6571428571428571,0.2958927074601843,0.5384615384615384,0.6459884201819686,0.588648727639623,0.6385726432272576,0.6744186046511628,0.7073170731707317,0.2979514100714073
0.6599999999999997,0.6,3,2,0.8863636363636364,0.6060606060606061,0.7662337662337663,0.5078125,0.5923076923076923,0.7462121212121212,0.8399785176850527,0.7329325225725954,0.75,0.8125,0.5204164998665333
0.6599999999999997,0.6,4,2,0.7948717948717948,0.8235294117647058,0.8082191780821918,0.6160781367392938,0.5615384615384615,0.8092006033182504,0.9089345219602034,0.8090737306692914,0.8378378378378378,0.8157894736842105,0.6170068391200935
0.6599999999999997,0.6,5,2,0.7027027027027027,0.8,0.746268656716418,0.4949002217294901,0.5153846153846153,0.7513513513513514,0.8170824744167202,0.7497747409470141,0.8125,0.7536231884057971,0.5004534623255873
0.6699999999999997,0.6,1,2,0.85,0.6571428571428571,0.76,0.5126353790613719,0.5769230769230769,0.7535714285714286,0.805431255402721,0.7473763634016188,0.7391304347826086,0.7906976744186046,0.5195369208463535
0.6699999999999997,0.6,2,2,0.7435897435897436,0.5483870967741935,0.6571428571428571,0.2958927074601843,0.5384615384615384,0.6459884201819686,0.8185420227503094,0.6385726432272576,0.6744186046511628,0.7073170731707317,0.2979514100714073
0.6699999999999997,0.6,3,2,0.8863636363636364,0.6060606060606061,0.7662337662337663,0.5078125,0.5923076923076923,0.7462121212121212,0.8398484289186002,0.7329325225725954,0.75,0.8125,0.5204164998665333
0.6699999999999997,0.6,4,2,0.7948717948717948,0.8529411764705882,0.821917808219178,0.644169478815148,0.5615384615384615,0.8239064856711915,0.9119511132120889,0.8233947314995625,0.8611111111111112,0.8266666666666667,0.646352286346537
0.6699999999999997,0.6,5,2,0.7027027027027027,0.8,0.746268656716418,0.4949002217294901,0.5153846153846153,0.7513513513513514,0.8233757991614297,0.7497747409470141,0.8125,0.7536231884057971,0.5004534623255873
0.6799999999999997,0.6,1,2,0.85,0.6571428571428571,0.76,0.5126353790613719,0.5769230769230769,0.7535714285714286,0.5883734490786103,0.7473763634016188,0.7391304347826086,0.7906976744186046,0.5195369208463535
0.6799999999999997,0.6,2,2,0.7435897435897436,0.5483870967741935,0.6571428571428571,0.2958927074601843,0.5384615384615384,0.6459884201819686,0.8185420227503094,0.6385726432272576,0.6744186046511628,0.7073170731707317,0.2979514100714073
0.6799999999999997,0.6,3,2,0.8863636363636364,0.6060606060606061,0.7662337662337663,0.5078125,0.5923076923076923,0.7462121212121212,0.8380679299341538,0.7329325225725954,0.75,0.8125,0.5204164998665333
0.6799999999999997,0.6,4,2,0.7948717948717948,0.8529411764705882,0.821917808219178,0.644169478815148,0.5615384615384615,0.8239064856711915,0.9097358040114855,0.8233947314995625,0.8611111111111112,0.8266666666666667,0.646352286346537
0.6799999999999997,0.6,5,2,0.7027027027027027,0.8,0.746268656716418,0.4949002217294901,0.5153846153846153,0.7513513513513514,0.8281452745191404,0.7497747409470141,0.8125,0.7536231884057971,0.5004534623255873
0.6899999999999997,0.6,1,2,0.85,0.6571428571428571,0.76,0.5126353790613719,0.5769230769230769,0.7535714285714286,0.5883734490786103,0.7473763634016188,0.7391304347826086,0.7906976744186046,0.5195369208463535
0.6899999999999997,0.6,2,2,0.7435897435897436,0.5483870967741935,0.6571428571428571,0.2958927074601843,0.5384615384615384,0.6459884201819686,0.8180775114162329,0.6385726432272576,0.6744186046511628,0.7073170731707317,0.2979514100714073
0.6899999999999997,0.6,3,2,0.8863636363636364,0.6060606060606061,0.7662337662337663,0.5078125,0.5923076923076923,0.7462121212121212,0.813242755108979,0.7329325225725954,0.75,0.8125,0.5204164998665333
0.6899999999999997,0.6,4,2,0.7948717948717948,0.8529411764705882,0.821917808219178,0.644169478815148,0.5615384615384615,0.8239064856711915,0.9089345219602034,0.8233947314995625,0.8611111111111112,0.8266666666666667,0.646352286346537
0.6899999999999997,0.6,5,2,0.7027027027027027,0.8,0.746268656716418,0.4949002217294901,0.5153846153846153,0.7513513513513514,0.8183955515341232,0.7497747409470141,0.8125,0.7536231884057971,0.5004534623255873
0.6999999999999996,0.6,1,2,0.85,0.6571428571428571,0.76,0.5126353790613719,0.5769230769230769,0.7535714285714286,0.8127782109833721,0.7473763634016188,0.7391304347826086,0.7906976744186046,0.5195369208463535
0.6999999999999996,0.6,2,2,0.7435897435897436,0.5483870967741935,0.6571428571428571,0.2958927074601843,0.5384615384615384,0.6459884201819686,0.7461272394659607,0.6385726432272576,0.6744186046511628,0.7073170731707317,0.2979514100714073
0.6999999999999996,0.6,3,2,0.8863636363636364,0.6060606060606061,0.7662337662337663,0.5078125,0.5923076923076923,0.7462121212121212,0.8541583210245449,0.7329325225725954,0.75,0.8125,0.5204164998665333
0.6999999999999996,0.6,4,2,0.7948717948717948,0.8529411764705882,0.821917808219178,0.644169478815148,0.5615384615384615,0.8239064856711915,0.9099775610467208,0.8233947314995625,0.8611111111111112,0.8266666666666667,0.646352286346537
0.6999999999999996,0.6,5,2,0.7027027027027027,0.8,0.746268656716418,0.4949002217294901,0.5153846153846153,0.7513513513513514,0.8183955515341232,0.7497747409470141,0.8125,0.7536231884057971,0.5004534623255873
0.7099999999999996,0.6,1,2,0.85,0.6571428571428571,0.76,0.5126353790613719,0.5769230769230769,0.7535714285714286,0.8088279945331558,0.7473763634016188,0.7391304347826086,0.7906976744186046,0.5195369208463535
0.7099999999999996,0.6,2,2,0.7435897435897436,0.5483870967741935,0.6571428571428571,0.2958927074601843,0.5384615384615384,0.6459884201819686,0.8149306582693796,0.6385726432272576,0.6744186046511628,0.7073170731707317,0.2979514100714073
0.7099999999999996,0.6,3,2,0.8863636363636364,0.6060606060606061,0.7662337662337663,0.5078125,0.5923076923076923,0.7462121212121212,0.8380679299341538,0.7329325225725954,0.75,0.8125,0.5204164998665333
0.7099999999999996,0.6,4,2,0.7948717948717948,0.8529411764705882,0.821917808219178,0.644169478815148,0.5615384615384615,0.8239064856711915,0.9122400044856348,0.8233947314995625,0.8611111111111112,0.8266666666666667,0.646352286346537
0.7099999999999996,0.6,5,2,0.7027027027027027,0.8,0.746268656716418,0.4949002217294901,0.5153846153846153,0.7513513513513514,0.8158617677503396,0.7497747409470141,0.8125,0.7536231884057971,0.5004534623255873
0.7199999999999996,0.6,1,2,0.85,0.6571428571428571,0.76,0.5126353790613719,0.5769230769230769,0.7535714285714286,0.8196234490786103,0.7473763634016188,0.7391304347826086,0.7906976744186046,0.5195369208463535
0.7199999999999996,0.6,2,2,0.7435897435897436,0.5483870967741935,0.6571428571428571,0.2958927074601843,0.5384615384615384,0.6459884201819686,0.7471206904594118,0.6385726432272576,0.6744186046511628,0.7073170731707317,0.2979514100714073
0.7199999999999996,0.6,3,2,0.8863636363636364,0.6060606060606061,0.7662337662337663,0.5078125,0.5923076923076923,0.7462121212121212,0.8442742236404476,0.7329325225725954,0.75,0.8125,0.5204164998665333
0.7199999999999996,0.6,4,2,0.7948717948717948,0.8529411764705882,0.821917808219178,0.644169478815148,0.5615384615384615,0.8239064856711915,0.9099775610467208,0.8233947314995625,0.8611111111111112,0.8266666666666667,0.646352286346537
0.7199999999999996,0.6,5,2,0.7027027027027027,0.8,0.746268656716418,0.4949002217294901,0.5153846153846153,0.7513513513513514,0.8112899095020107,0.7497747409470141,0.8125,0.7536231884057971,0.5004534623255873
0.7299999999999996,0.6,1,2,0.85,0.6571428571428571,0.76,0.5126353790613719,0.5769230769230769,0.7535714285714286,0.802009812714974,0.7473763634016188,0.7391304347826086,0.7906976744186046,0.5195369208463535
0.7299999999999996,0.6,2,2,0.7435897435897436,0.5483870967741935,0.6571428571428571,0.2958927074601843,0.5384615384615384,0.6459884201819686,0.6945174965518702,0.6385726432272576,0.6744186046511628,0.7073170731707317,0.2979514100714073
0.7299999999999996,0.6,3,2,0.8863636363636364,0.6060606060606061,0.7662337662337663,0.5078125,0.5923076923076923,0.7462121212121212,0.8464595383257623,0.7329325225725954,0.75,0.8125,0.5204164998665333
0.7299999999999996,0.6,4,2,0.7948717948717948,0.8529411764705882,0.821917808219178,0.644169478815148,0.5615384615384615,0.8239064856711915,0.9121021952528031,0.8233947314995625,0.8611111111111112,0.8266666666666667,0.646352286346537
0.7299999999999996,0.6,5,2,0.7027027027027027,0.8,0.746268656716418,0.4949002217294901,0.5153846153846153,0.7513513513513514,0.8252803705512953,0.7497747409470141,0.8125,0.7536231884057971,0.5004534623255873
0.7399999999999997,0.6,1,2,0.85,0.6571428571428571,0.76,0.5126353790613719,0.5769230769230769,0.7535714285714286,0.8196234490786103,0.7473763634016188,0.7391304347826086,0.7906976744186046,0.5195369208463535
0.7399999999999997,0.6,2,2,0.7435897435897436,0.5483870967741935,0.6571428571428571,0.2958927074601843,0.5384615384615384,0.6459884201819686,0.6920091353478568,0.6385726432272576,0.6744186046511628,0.7073170731707317,0.2979514100714073
0.7399999999999997,0.6,3,2,0.8863636363636364,0.6060606060606061,0.7662337662337663,0.5078125,0.5923076923076923,0.7462121212121212,0.850182667048891,0.7329325225725954,0.75,0.8125,0.5204164998665333
0.7399999999999997,0.6,4,2,0.7948717948717948,0.8529411764705882,0.821917808219178,0.644169478815148,0.5615384615384615,0.8239064856711915,0.9090856040009176,0.8233947314995625,0.8611111111111112,0.8266666666666667,0.646352286346537
0.7399999999999997,0.6,5,2,0.7027027027027027,0.8,0.746268656716418,0.4949002217294901,0.5153846153846153,0.7513513513513514,0.8228956328724399,0.7497747409470141,0.8125,0.7536231884057971,0.5004534623255873
0.7499999999999997,0.6,1,2,0.85,0.6571428571428571,0.76,0.5126353790613719,0.5769230769230769,0.7535714285714286,0.8153620854422466,0.7473763634016188,0.7391304347826086,0.7906976744186046,0.5195369208463535
0.7499999999999997,0.6,2,2,0.7435897435897436,0.5483870967741935,0.6571428571428571,0.2958927074601843,0.5384615384615384,0.6459884201819686,0.8099274489183442,0.6385726432272576,0.6744186046511628,0.7073170731707317,0.2979514100714073
0.7499999999999997,0.6,3,2,0.8863636363636364,0.6060606060606061,0.7662337662337663,0.5078125,0.5923076923076923,0.7462121212121212,0.8403341822004061,0.7329325225725954,0.75,0.8125,0.5204164998665333
0.7499999999999997,0.6,4,2,0.7948717948717948,0.8529411764705882,0.821917808219178,0.644169478815148,0.5615384615384615,0.8239064856711915,0.9057660069313206,0.8233947314995625,0.8611111111111112,0.8266666666666667,0.646352286346537
0.7499999999999997,0.6,5,2,0.7027027027027027,0.8,0.746268656716418,0.4949002217294901,0.5153846153846153,0.7513513513513514,0.8205108951935847,0.7497747409470141,0.8125,0.7536231884057971,0.5004534623255873
0.7599999999999997,0.6,1,2,0.85,0.6571428571428571,0.76,0.5126353790613719,0.5769230769230769,0.7535714285714286,0.8164984490786102,0.7473763634016188,0.7391304347826086,0.7906976744186046,0.5195369208463535
0.7599999999999997,0.6,2,2,0.7435897435897436,0.5483870967741935,0.6571428571428571,0.2958927074601843,0.5384615384615384,0.6459884201819686,0.8117863217242334,0.6385726432272576,0.6744186046511628,0.7073170731707317,0.2979514100714073
0.7599999999999997,0.6,3,2,0.8863636363636364,0.6060606060606061,0.7662337662337663,0.5078125,0.5923076923076923,0.7462121212121212,0.8338737444899683,0.7329325225725954,0.75,0.8125,0.5204164998665333
0.7599999999999997,0.6,4,2,0.7948717948717948,0.8529411764705882,0.821917808219178,0.644169478815148,0.5615384615384615,0.8239064856711915,0.9080362528563057,0.8233947314995625,0.8611111111111112,0.8266666666666667,0.646352286346537
0.7599999999999997,0.6,5,2,0.7027027027027027,0.8,0.746268656716418,0.4949002217294901,0.5153846153846153,0.7513513513513514,0.8185732958295147,0.7497747409470141,0.8125,0.7536231884057971,0.5004534623255873
0.7699999999999997,0.6,1,2,0.85,0.6571428571428571,0.76,0.5126353790613719,0.5769230769230769,0.7535714285714286,0.5883734490786103,0.7473763634016188,0.7391304347826086,0.7906976744186046,0.5195369208463535
0.7699999999999997,0.6,2,2,0.7435897435897436,0.5483870967741935,0.6571428571428571,0.2958927074601843,0.5384615384615384,0.6459884201819686,0.5700292864889372,0.6385726432272576,0.6744186046511628,0.7073170731707317,0.2979514100714073
0.7699999999999997,0.6,3,2,0.8863636363636364,0.6060606060606061,0.7662337662337663,0.5078125,0.5923076923076923,0.7462121212121212,0.8541583210245449,0.7329325225725954,0.75,0.8125,0.5204164998665333
0.7699999999999997,0.6,4,2,0.7948717948717948,0.8529411764705882,0.821917808219178,0.644169478815148,0.5615384615384615,0.8239064856711915,0.91044638357526,0.8233947314995625,0.8611111111111112,0.8266666666666667,0.646352286346537
0.7699999999999997,0.6,5,2,0.7027027027027027,0.8,0.746268656716418,0.4949002217294901,0.5153846153846153,0.7513513513513514,0.8160395120457309,0.7497747409470141,0.8125,0.7536231884057971,0.5004534623255873
0.7799999999999997,0.6,1,2,0.85,0.6571428571428571,0.76,0.5126353790613719,0.5769230769230769,0.7535714285714286,0.7995341633643245,0.7473763634016188,0.7391304347826086,0.7906976744186046,0.5195369208463535
0.7799999999999997,0.6,2,2,0.7435897435897436,0.5483870967741935,0.6571428571428571,0.2958927074601843,0.5384615384615384,0.6459884201819686,0.8117863217242334,0.6385726432272576,0.6744186046511628,0.7073170731707317,0.2979514100714073
0.7799999999999997,0.6,3,2,0.8863636363636364,0.6060606060606061,0.7662337662337663,0.5078125,0.5923076923076923,0.7462121212121212,0.8426133844796084,0.7329325225725954,0.75,0.8125,0.5204164998665333
0.7799999999999997,0.6,4,2,0.7948717948717948,0.8529411764705882,0.821917808219178,0.644169478815148,0.5615384615384615,0.8239064856711915,0.9096451015239779,0.8233947314995625,0.8611111111111112,0.8266666666666667,0.646352286346537
0.7799999999999997,0.6,5,2,0.7027027027027027,0.8,0.746268656716418,0.4949002217294901,0.5153846153846153,0.7513513513513514,0.8160395120457309,0.7497747409470141,0.8125,0.7536231884057971,0.5004534623255873
0.7899999999999996,0.6,1,2,0.85,0.6571428571428571,0.76,0.5126353790613719,0.5769230769230769,0.7535714285714286,0.602009812714974,0.7473763634016188,0.7391304347826086,0.7906976744186046,0.5195369208463535
0.7899999999999996,0.6,2,2,0.7435897435897436,0.5483870967741935,0.6571428571428571,0.2958927074601843,0.5384615384615384,0.6459884201819686,0.811794767384853,0.6385726432272576,0.6744186046511628,0.7073170731707317,0.2979514100714073
0.7899999999999996,0.6,3,2,0.8863636363636364,0.6060606060606061,0.7662337662337663,0.5078125,0.5923076923076923,0.7462121212121212,0.848078289944514,0.7329325225725954,0.75,0.8125,0.5204164998665333
0.7899999999999996,0.6,4,2,0.7948717948717948,0.8529411764705882,0.821917808219178,0.644169478815148,0.5615384615384615,0.8239064856711915,0.9134158405888346,0.8233947314995625,0.8611111111111112,0.8266666666666667,0.646352286346537
0.7899999999999996,0.6,5,2,0.7027027027027027,0.8,0.746268656716418,0.4949002217294901,0.5153846153846153,0.7513513513513514,0.8228956328724399,0.7497747409470141,0.8125,0.7536231884057971,0.5004534623255873
0.7999999999999996,0.6,1,2,0.85,0.6571428571428571,0.76,0.5126353790613719,0.5769230769230769,0.7535714285714286,0.8143245360351321,0.7473763634016188,0.7391304347826086,0.7906976744186046,0.5195369208463535
0.7999999999999996,0.6,2,2,0.7435897435897436,0.5483870967741935,0.6571428571428571,0.2958927074601843,0.5384615384615384,0.6459884201819686,0.8249953349332465,0.6385726432272576,0.6744186046511628,0.7073170731707317,0.2979514100714073
0.7999999999999996,0.6,3,2,0.8863636363636364,0.6060606060606061,0.7662337662337663,0.5078125,0.5923076923076923,0.7462121212121212,0.8538021956684195,0.7329325225725954,0.75,0.8125,0.5204164998665333
0.7999999999999996,0.6,4,2,0.7948717948717948,0.8529411764705882,0.821917808219178,0.644169478815148,0.5615384615384615,0.8239064856711915,0.9124555743064678,0.8233947314995625,0.8611111111111112,0.8266666666666667,0.646352286346537
0.7999999999999996,0.6,5,2,0.7027027027027027,0.8,0.746268656716418,0.4949002217294901,0.5153846153846153,0.7513513513513514,0.8160395120457309,0.7497747409470141,0.8125,0.7536231884057971,0.5004534623255873
0.8099999999999996,0.6,1,2,0.85,0.6571428571428571,0.76,0.5126353790613719,0.5769230769230769,0.7535714285714286,0.8078027969046973,0.7473763634016188,0.7391304347826086,0.7906976744186046,0.5195369208463535
0.8099999999999996,0.6,2,2,0.7435897435897436,0.5483870967741935,0.6571428571428571,0.2958927074601843,0.5384615384615384,0.6459884201819686,0.5700292864889372,0.6385726432272576,0.6744186046511628,0.7073170731707317,0.2979514100714073
0.8099999999999996,0.6,3,2,0.8863636363636364,0.6060606060606061,0.7662337662337663,0.5078125,0.5923076923076923,0.7462121212121212,0.8442742236404476,0.7329325225725954,0.75,0.8125,0.5204164998665333
0.8099999999999996,0.6,4,2,0.7948717948717948,0.8529411764705882,0.821917808219178,0.644169478815148,0.5615384615384615,0.8239064856711915,0.9124555743064678,0.8233947314995625,0.8611111111111112,0.8266666666666667,0.646352286346537
0.8099999999999996,0.6,5,2,0.7027027027027027,0.8,0.746268656716418,0.4949002217294901,0.5153846153846153,0.7513513513513514,0.8276651082301507,0.7497747409470141,0.8125,0.7536231884057971,0.5004534623255873
0.8199999999999996,0.6,1,2,0.85,0.6571428571428571,0.76,0.5126353790613719,0.5769230769230769,0.7535714285714286,0.8133734490786104,0.7473763634016188,0.7391304347826086,0.7906976744186046,0.5195369208463535
0.8199999999999996,0.6,2,2,0.7435897435897436,0.5483870967741935,0.6571428571428571,0.2958927074601843,0.5384615384615384,0.6459884201819686,0.8094637650538506,0.6385726432272576,0.6744186046511628,0.7073170731707317,0.2979514100714073
0.8199999999999996,0.6,3,2,0.8863636363636364,0.6060606060606061,0.7662337662337663,0.5078125,0.5923076923076923,0.7462121212121212,0.8386085929748168,0.7329325225725954,0.75,0.8125,0.5204164998665333
0.8199999999999996,0.6,4,2,0.7948717948717948,0.8529411764705882,0.821917808219178,0.644169478815148,0.5615384615384615,0.8239064856711915,0.9109944129188358,0.8233947314995625,0.8611111111111112,0.8266666666666667,0.646352286346537
0.8199999999999996,0.6,5,2,0.7027027027027027,0.8,0.746268656716418,0.4949002217294901,0.5153846153846153,0.7513513513513514,0.8228956328724399,0.7497747409470141,0.8125,0.7536231884057971,0.5004534623255873
0.8299999999999996,0.6,1,2,0.85,0.6571428571428571,0.76,0.5126353790613719,0.5769230769230769,0.7535714285714286,0.8207104056003494,0.7473763634016188,0.7391304347826086,0.7906976744186046,0.5195369208463535
0.8299999999999996,0.6,2,2,0.7435897435897436,0.5483870967741935,0.6571428571428571,0.2958927074601843,0.5384615384615384,0.6459884201819686,0.7372026927927783,0.6385726432272576,0.6744186046511628,0.7073170731707317,0.2979514100714073
0.8299999999999996,0.6,3,2,0.8863636363636364,0.6060606060606061,0.7662337662337663,0.5078125,0.5923076923076923,0.7462121212121212,0.8403341822004061,0.7329325225725954,0.75,0.8125,0.5204164998665333
0.8299999999999996,0.6,4,2,0.7948717948717948,0.8529411764705882,0.821917808219178,0.644169478815148,0.5615384615384615,0.8239064856711915,0.9132097221194392,0.8233947314995625,0.8611111111111112,0.8266666666666667,0.646352286346537
0.8299999999999996,0.6,5,2,0.7027027027027027,0.8,0.746268656716418,0.4949002217294901,0.5153846153846153,0.7513513513513514,0.8276651082301507,0.7497747409470141,0.8125,0.7536231884057971,0.5004534623255873
0.8399999999999996,0.6,1,2,0.85,0.6571428571428571,0.76,0.5126353790613719,0.5769230769230769,0.7535714285714286,0.8196234490786103,0.7473763634016188,0.7391304347826086,0.7906976744186046,0.5195369208463535
0.8399999999999996,0.6,2,2,0.7435897435897436,0.5483870967741935,0.6571428571428571,0.2958927074601843,0.5384615384615384,0.6459884201819686,0.8217485816864932,0.6385726432272576,0.6744186046511628,0.7073170731707317,0.2979514100714073
0.8399999999999996,0.6,3,2,0.8863636363636364,0.6060606060606061,0.7662337662337663,0.5078125,0.5923076923076923,0.7462121212121212,0.8338737444899683,0.7329325225725954,0.75,0.8125,0.5204164998665333
0.8399999999999996,0.6,4,2,0.7948717948717948,0.8529411764705882,0.821917808219178,0.644169478815148,0.5615384615384615,0.8239064856711915,0.9109944129188358,0.8233947314995625,0.8611111111111112,0.8266666666666667,0.646352286346537
0.8399999999999996,0.6,5,2,0.7027027027027027,0.8,0.746268656716418,0.4949002217294901,0.5153846153846153,0.7513513513513514,0.8205108951935847,0.7497747409470141,0.8125,0.7536231884057971,0.5004534623255873
0.8499999999999996,0.6,1,2,0.85,0.6571428571428571,0.76,0.5126353790613719,0.5769230769230769,0.7535714285714286,0.8110636664699146,0.7473763634016188,0.7391304347826086,0.7906976744186046,0.5195369208463535
0.8499999999999996,0.6,2,2,0.7435897435897436,0.5483870967741935,0.6571428571428571,0.2958927074601843,0.5384615384615384,0.6459884201819686,0.8232470831849948,0.6385726432272576,0.6744186046511628,0.7073170731707317,0.2979514100714073
0.8499999999999996,0.6,3,2,0.8863636363636364,0.6060606060606061,0.7662337662337663,0.5078125,0.5923076923076923,0.7462121212121212,0.7249560418222658,0.7329325225725954,0.75,0.8125,0.5204164998665333
0.8499999999999996,0.6,4,2,0.7948717948717948,0.8529411764705882,0.821917808219178,0.644169478815148,0.5615384615384615,0.8239064856711915,0.9109944129188358,0.8233947314995625,0.8611111111111112,0.8266666666666667,0.646352286346537
0.8499999999999996,0.6,5,2,0.7027027027027027,0.8,0.746268656716418,0.4949002217294901,0.5153846153846153,0.7513513513513514,0.8160395120457309,0.7497747409470141,0.8125,0.7536231884057971,0.5004534623255873
0.8599999999999995,0.6,1,2,0.85,0.6571428571428571,0.76,0.5126353790613719,0.5769230769230769,0.7535714285714286,0.8110636664699146,0.7473763634016188,0.7391304347826086,0.7906976744186046,0.5195369208463535
0.8599999999999995,0.6,2,2,0.7435897435897436,0.5483870967741935,0.6571428571428571,0.2958927074601843,0.5384615384615384,0.6459884201819686,0.8180783388858158,0.6385726432272576,0.6744186046511628,0.7073170731707317,0.2979514100714073
0.8599999999999995,0.6,3,2,0.8863636363636364,0.6060606060606061,0.7662337662337663,0.5078125,0.5923076923076923,0.7462121212121212,0.8426069094731334,0.7329325225725954,0.75,0.8125,0.5204164998665333
0.8599999999999995,0.6,4,2,0.7948717948717948,0.8529411764705882,0.821917808219178,0.644169478815148,0.5615384615384615,0.8239064856711915,0.9117014264934964,0.8233947314995625,0.8611111111111112,0.8266666666666667,0.646352286346537
0.8599999999999995,0.6,5,2,0.7027027027027027,0.8,0.746268656716418,0.4949002217294901,0.5153846153846153,0.7513513513513514,0.8160395120457309,0.7497747409470141,0.8125,0.7536231884057971,0.5004534623255873
0.8699999999999996,0.6,1,2,0.85,0.6571428571428571,0.76,0.5126353790613719,0.5769230769230769,0.7535714285714286,0.802009812714974,0.7473763634016188,0.7391304347826086,0.7906976744186046,0.5195369208463535
0.8699999999999996,0.6,2,2,0.7435897435897436,0.5483870967741935,0.6571428571428571,0.2958927074601843,0.5384615384615384,0.6459884201819686,0.8302485358386213,0.6385726432272576,0.6744186046511628,0.7073170731707317,0.2979514100714073
0.8699999999999996,0.6,3,2,0.8863636363636364,0.6060606060606061,0.7662337662337663,0.5078125,0.5923076923076923,0.7462121212121212,0.7249560418222658,0.7329325225725954,0.75,0.8125,0.5204164998665333
0.8699999999999996,0.6,4,2,0.7948717948717948,0.8529411764705882,0.821917808219178,0.644169478815148,0.5615384615384615,0.8239064856711915,0.9109944129188358,0.8233947314995625,0.8611111111111112,0.8266666666666667,0.646352286346537
0.8699999999999996,0.6,5,2,0.7027027027027027,0.8,0.746268656716418,0.4949002217294901,0.5153846153846153,0.7513513513513514,0.814012485018704,0.7497747409470141,0.8125,0.7536231884057971,0.5004534623255873
0.8799999999999996,0.6,1,2,0.85,0.6571428571428571,0.76,0.5126353790613719,0.5769230769230769,0.7535714285714286,0.6085015546686724,0.7473763634016188,0.7391304347826086,0.7906976744186046,0.5195369208463535
0.8799999999999996,0.6,2,2,0.7435897435897436,0.5483870967741935,0.6571428571428571,0.2958927074601843,0.5384615384615384,0.6459884201819686,0.8285762950359458,0.6385726432272576,0.6744186046511628,0.7073170731707317,0.2979514100714073
0.8799999999999996,0.6,3,2,0.8863636363636364,0.6060606060606061,0.7662337662337663,0.5078125,0.5923076923076923,0.7462121212121212,0.8555569224231464,0.7329325225725954,0.75,0.8125,0.5204164998665333
0.8799999999999996,0.6,4,2,0.7948717948717948,0.8529411764705882,0.821917808219178,0.644169478815148,0.5615384615384615,0.8239064856711915,0.9101931308675537,0.8233947314995625,0.8611111111111112,0.8266666666666667,0.646352286346537
0.8799999999999996,0.6,5,2,0.7027027027027027,0.8,0.746268656716418,0.4949002217294901,0.5153846153846153,0.7513513513513514,0.8252803705512953,0.7497747409470141,0.8125,0.7536231884057971,0.5004534623255873
0.8899999999999996,0.6,1,2,0.85,0.6571428571428571,0.76,0.5126353790613719,0.5769230769230769,0.7535714285714286,0.5883734490786103,0.7473763634016188,0.7391304347826086,0.7906976744186046,0.5195369208463535
0.8899999999999996,0.6,2,2,0.7435897435897436,0.5483870967741935,0.6571428571428571,0.2958927074601843,0.5384615384615384,0.6459884201819686,0.8245139322779309,0.6385726432272576,0.6744186046511628,0.7073170731707317,0.2979514100714073
0.8899999999999996,0.6,3,2,0.8863636363636364,0.6060606060606061,0.7662337662337663,0.5078125,0.5923076923076923,0.7462121212121212,0.8543914212576452,0.7329325225725954,0.75,0.8125,0.5204164998665333
0.8899999999999996,0.6,4,2,0.7948717948717948,0.8529411764705882,0.821917808219178,0.644169478815148,0.5615384615384615,0.8239064856711915,0.9101931308675537,0.8233947314995625,0.8611111111111112,0.8266666666666667,0.646352286346537
0.8899999999999996,0.6,5,2,0.7027027027027027,0.8,0.746268656716418,0.4949002217294901,0.5153846153846153,0.7513513513513514,0.8205108951935847,0.7497747409470141,0.8125,0.7536231884057971,0.5004534623255873
0.8999999999999996,0.6,1,2,0.85,0.6571428571428571,0.76,0.5126353790613719,0.5769230769230769,0.7535714285714286,0.8196234490786103,0.7473763634016188,0.7391304347826086,0.7906976744186046,0.5195369208463535
0.8999999999999996,0.6,2,2,0.7435897435897436,0.5483870967741935,0.6571428571428571,0.2958927074601843,0.5384615384615384,0.6459884201819686,0.5700292864889372,0.6385726432272576,0.6744186046511628,0.7073170731707317,0.2979514100714073
0.8999999999999996,0.6,3,2,0.8863636363636364,0.6060606060606061,0.7662337662337663,0.5078125,0.5923076923076923,0.7462121212121212,0.8442742236404476,0.7329325225725954,0.75,0.8125,0.5204164998665333
0.8999999999999996,0.6,4,2,0.7948717948717948,0.8529411764705882,0.821917808219178,0.644169478815148,0.5615384615384615,0.8239064856711915,0.9085842821998815,0.8233947314995625,0.8611111111111112,0.8266666666666667,0.646352286346537
0.8999999999999996,0.6,5,2,0.7027027027027027,0.8,0.746268656716418,0.4949002217294901,0.5153846153846153,0.7513513513513514,0.8228956328724399,0.7497747409470141,0.8125,0.7536231884057971,0.5004534623255873
0.9099999999999996,0.6,1,2,0.85,0.6571428571428571,0.76,0.5126353790613719,0.5769230769230769,0.7535714285714286,0.8147852293879128,0.7473763634016188,0.7391304347826086,0.7906976744186046,0.5195369208463535
0.9099999999999996,0.6,2,2,0.7435897435897436,0.5483870967741935,0.6571428571428571,0.2958927074601843,0.5384615384615384,0.6459884201819686,0.8094637650538506,0.6385726432272576,0.6744186046511628,0.7073170731707317,0.2979514100714073
0.9099999999999996,0.6,3,2,0.8863636363636364,0.6060606060606061,0.7662337662337663,0.5078125,0.5923076923076923,0.7462121212121212,0.8486448530110771,0.7329325225725954,0.75,0.8125,0.5204164998665333
0.9099999999999996,0.6,4,2,0.7948717948717948,0.8529411764705882,0.821917808219178,0.644169478815148,0.5615384615384615,0.8239064856711915,0.9101931308675537,0.8233947314995625,0.8611111111111112,0.8266666666666667,0.646352286346537
0.9099999999999996,0.6,5,2,0.7027027027027027,0.8,0.746268656716418,0.4949002217294901,0.5153846153846153,0.7513513513513514,0.8252803705512953,0.7497747409470141,0.8125,0.7536231884057971,0.5004534623255873
0.9199999999999996,0.6,1,2,0.85,0.6571428571428571,0.76,0.5126353790613719,0.5769230769230769,0.7535714285714286,0.820084142431391,0.7473763634016188,0.7391304347826086,0.7906976744186046,0.5195369208463535
0.9199999999999996,0.6,2,2,0.7435897435897436,0.5483870967741935,0.6571428571428571,0.2958927074601843,0.5384615384615384,0.6459884201819686,0.8280104357744345,0.6385726432272576,0.6744186046511628,0.7073170731707317,0.2979514100714073
0.9199999999999996,0.6,3,2,0.8863636363636364,0.6060606060606061,0.7662337662337663,0.5078125,0.5923076923076923,0.7462121212121212,0.7668493337155576,0.7329325225725954,0.75,0.8125,0.5204164998665333
0.9199999999999996,0.6,4,2,0.7948717948717948,0.8529411764705882,0.821917808219178,0.644169478815148,0.5615384615384615,0.8239064856711915,0.911531407194104,0.8233947314995625,0.8611111111111112,0.8266666666666667,0.646352286346537
0.9199999999999996,0.6,5,2,0.7027027027027027,0.8,0.746268656716418,0.4949002217294901,0.5153846153846153,0.7513513513513514,0.819937252052374,0.7497747409470141,0.8125,0.7536231884057971,0.5004534623255873
0.9299999999999996,0.6,1,2,0.85,0.6571428571428571,0.76,0.5126353790613719,0.5769230769230769,0.7535714285714286,0.8190712965815886,0.7473763634016188,0.7391304347826086,0.7906976744186046,0.5195369208463535
0.9299999999999996,0.6,2,2,0.7435897435897436,0.5483870967741935,0.6571428571428571,0.2958927074601843,0.5384615384615384,0.6459884201819686,0.7368817576892345,0.6385726432272576,0.6744186046511628,0.7073170731707317,0.2979514100714073
0.9299999999999996,0.6,3,2,0.8863636363636364,0.6060606060606061,0.7662337662337663,0.5078125,0.5923076923076923,0.7462121212121212,0.774256741122965,0.7329325225725954,0.75,0.8125,0.5204164998665333
0.9299999999999996,0.6,4,2,0.7948717948717948,0.8529411764705882,0.821917808219178,0.644169478815148,0.5615384615384615,0.8239064856711915,0.912332689245386,0.8233947314995625,0.8611111111111112,0.8266666666666667,0.646352286346537
0.9299999999999996,0.6,5,2,0.7027027027027027,0.8,0.746268656716418,0.4949002217294901,0.5153846153846153,0.7513513513513514,0.8154658689045202,0.7497747409470141,0.8125,0.7536231884057971,0.5004534623255873
0.9399999999999996,0.6,1,2,0.85,0.6571428571428571,0.76,0.5126353790613719,0.5769230769230769,0.7535714285714286,0.816959142431391,0.7473763634016188,0.7391304347826086,0.7906976744186046,0.5195369208463535
0.9399999999999996,0.6,2,2,0.7435897435897436,0.5483870967741935,0.6571428571428571,0.2958927074601843,0.5384615384615384,0.6459884201819686,0.8218873318252435,0.6385726432272576,0.6744186046511628,0.7073170731707317,0.2979514100714073
0.9399999999999996,0.6,3,2,0.8863636363636364,0.6060606060606061,0.7662337662337663,0.5078125,0.5923076923076923,0.7462121212121212,0.7330219573881813,0.7329325225725954,0.75,0.8125,0.5204164998665333
0.9399999999999996,0.6,4,2,0.7948717948717948,0.8529411764705882,0.821917808219178,0.644169478815148,0.5615384615384615,0.8239064856711915,0.911531407194104,0.8233947314995625,0.8611111111111112,0.8266666666666667,0.646352286346537
0.9399999999999996,0.6,5,2,0.7027027027027027,0.8,0.746268656716418,0.4949002217294901,0.5153846153846153,0.7513513513513514,0.8154658689045202,0.7497747409470141,0.8125,0.7536231884057971,0.5004534623255873
0.9499999999999995,0.6,1,2,0.85,0.6571428571428571,0.76,0.5126353790613719,0.5769230769230769,0.7535714285714286,0.816959142431391,0.7473763634016188,0.7391304347826086,0.7906976744186046,0.5195369208463535
0.9499999999999995,0.6,2,2,0.7435897435897436,0.5483870967741935,0.6571428571428571,0.2958927074601843,0.5384615384615384,0.6459884201819686,0.6915454514833632,0.6385726432272576,0.6744186046511628,0.7073170731707317,0.2979514100714073
0.9499999999999995,0.6,3,2,0.8863636363636364,0.6060606060606061,0.7662337662337663,0.5078125,0.5923076923076923,0.7462121212121212,0.8380614549276789,0.7329325225725954,0.75,0.8125,0.5204164998665333
0.9499999999999995,0.6,4,2,0.7948717948717948,0.8529411764705882,0.821917808219178,0.644169478815148,0.5615384615384615,0.8239064856711915,0.911531407194104,0.8233947314995625,0.8611111111111112,0.8266666666666667,0.646352286346537
0.9499999999999995,0.6,5,2,0.7027027027027027,0.8,0.746268656716418,0.4949002217294901,0.5153846153846153,0.7513513513513514,0.817999652688304,0.7497747409470141,0.8125,0.7536231884057971,0.5004534623255873
0.9599999999999995,0.6,1,2,0.85,0.6571428571428571,0.76,0.5126353790613719,0.5769230769230769,0.7535714285714286,0.8082634902574779,0.7473763634016188,0.7391304347826086,0.7906976744186046,0.5195369208463535
0.9599999999999995,0.6,2,2,0.7435897435897436,0.5483870967741935,0.6571428571428571,0.2958927074601843,0.5384615384615384,0.6459884201819686,0.7368817576892345,0.6385726432272576,0.6744186046511628,0.7073170731707317,0.2979514100714073
0.9599999999999995,0.6,3,2,0.8863636363636364,0.6060606060606061,0.7662337662337663,0.5078125,0.5923076923076923,0.7462121212121212,0.8442742236404476,0.7329325225725954,0.75,0.8125,0.5204164998665333
0.9599999999999995,0.6,4,2,0.7948717948717948,0.8529411764705882,0.821917808219178,0.644169478815148,0.5615384615384615,0.8239064856711915,0.911531407194104,0.8233947314995625,0.8611111111111112,0.8266666666666667,0.646352286346537
0.9599999999999995,0.6,5,2,0.7027027027027027,0.8,0.746268656716418,0.4949002217294901,0.5153846153846153,0.7513513513513514,0.817999652688304,0.7497747409470141,0.8125,0.7536231884057971,0.5004534623255873
0.9699999999999995,0.6,1,2,0.85,0.6571428571428571,0.76,0.5126353790613719,0.5769230769230769,0.7535714285714286,0.8138341424313911,0.7473763634016188,0.7391304347826086,0.7906976744186046,0.5195369208463535
0.9699999999999995,0.6,2,2,0.7435897435897436,0.5483870967741935,0.6571428571428571,0.2958927074601843,0.5384615384615384,0.6459884201819686,0.8285762950359458,0.6385726432272576,0.6744186046511628,0.7073170731707317,0.2979514100714073
0.9699999999999995,0.6,3,2,0.8863636363636364,0.6060606060606061,0.7662337662337663,0.5078125,0.5923076923076923,0.7462121212121212,0.8555569224231464,0.7329325225725954,0.75,0.8125,0.5204164998665333
0.9699999999999995,0.6,4,2,0.7948717948717948,0.8529411764705882,0.821917808219178,0.644169478815148,0.5615384615384615,0.8239064856711915,0.9107301251428219,0.8233947314995625,0.8611111111111112,0.8266666666666667,0.646352286346537
0.9699999999999995,0.6,5,2,0.7027027027027027,0.8,0.746268656716418,0.4949002217294901,0.5153846153846153,0.7513513513513514,0.8064048483069884,0.7497747409470141,0.8125,0.7536231884057971,0.5004534623255873
0.9799999999999995,0.6,1,2,0.85,0.6571428571428571,0.76,0.5126353790613719,0.5769230769230769,0.7535714285714286,0.8115243598226952,0.7473763634016188,0.7391304347826086,0.7906976744186046,0.5195369208463535
0.9799999999999995,0.6,2,2,0.7435897435897436,0.5483870967741935,0.6571428571428571,0.2958927074601843,0.5384615384615384,0.6459884201819686,0.8285762950359458,0.6385726432272576,0.6744186046511628,0.7073170731707317,0.2979514100714073
0.9799999999999995,0.6,3,2,0.8863636363636364,0.6060606060606061,0.7662337662337663,0.5078125,0.5923076923076923,0.7462121212121212,0.8464595383257623,0.7329325225725954,0.75,0.8125,0.5204164998665333
0.9799999999999995,0.6,4,2,0.7948717948717948,0.8529411764705882,0.821917808219178,0.644169478815148,0.5615384615384615,0.8239064856711915,0.9091275610402578,0.8233947314995625,0.8611111111111112,0.8266666666666667,0.646352286346537
0.9799999999999995,0.6,5,2,0.7027027027027027,0.8,0.746268656716418,0.4949002217294901,0.5153846153846153,0.7513513513513514,0.8207132743801204,0.7497747409470141,0.8125,0.7536231884057971,0.5004534623255873
0.9899999999999995,0.6,1,2,0.85,0.6571428571428571,0.76,0.5126353790613719,0.5769230769230769,0.7535714285714286,0.8115243598226952,0.7473763634016188,0.7391304347826086,0.7906976744186046,0.5195369208463535
0.9899999999999995,0.6,2,2,0.7435897435897436,0.5483870967741935,0.6571428571428571,0.2958927074601843,0.5384615384615384,0.6459884201819686,0.8231083330462448,0.6385726432272576,0.6744186046511628,0.7073170731707317,0.2979514100714073
0.9899999999999995,0.6,3,2,0.8863636363636364,0.6060606060606061,0.7662337662337663,0.5078125,0.5923076923076923,0.7462121212121212,0.8476754409177056,0.7329325225725954,0.75,0.8125,0.5204164998665333
0.9899999999999995,0.6,4,2,0.7948717948717948,0.8529411764705882,0.821917808219178,0.644169478815148,0.5615384615384615,0.8239064856711915,0.9091212764751497,0.8233947314995625,0.8611111111111112,0.8266666666666667,0.646352286346537
0.9899999999999995,0.6,5,2,0.7027027027027027,0.8,0.746268656716418,0.4949002217294901,0.5153846153846153,0.7513513513513514,0.8187756750160504,0.7497747409470141,0.8125,0.7536231884057971,0.5004534623255873
1.0,0.6,1,2,0.85,0.6571428571428571,0.76,0.5126353790613719,0.5769230769230769,0.7535714285714286,0.7426343729979259,0.7473763634016188,0.7391304347826086,0.7906976744186046,0.5195369208463535
1.0,0.6,2,2,0.7435897435897436,0.5483870967741935,0.6571428571428571,0.2958927074601843,0.5384615384615384,0.6459884201819686,0.8180783388858158,0.6385726432272576,0.6744186046511628,0.7073170731707317,0.2979514100714073
1.0,0.6,3,2,0.8863636363636364,0.6060606060606061,0.7662337662337663,0.5078125,0.5923076923076923,0.7462121212121212,0.8515811648234295,0.7329325225725954,0.75,0.8125,0.5204164998665333
1.0,0.6,4,2,0.7948717948717948,0.8529411764705882,0.821917808219178,0.644169478815148,0.5615384615384615,0.8239064856711915,0.9107301251428219,0.8233947314995625,0.8611111111111112,0.8266666666666667,0.646352286346537
1.0,0.6,5,2,0.7027027027027027,0.8,0.746268656716418,0.4949002217294901,0.5153846153846153,0.7513513513513514,0.8213094587998343,0.7497747409470141,0.8125,0.7536231884057971,0.5004534623255873
0.1,0.6,1,3,0.8043478260869565,0.8148148148148148,0.8082191780821918,0.60078125,0.5615384615384615,0.8095813204508857,0.883078908754931,0.8095644044544834,0.8809523809523809,0.8409090909090909,0.6047279611143377
0.1,0.6,2,3,0.8,0.7619047619047619,0.7804878048780488,0.5612366230677764,0.6307692307692307,0.780952380952381,0.7413384149512539,0.7807200583588266,0.7619047619047619,0.7804878048780488,0.5619047619047619
0.1,0.6,3,3,0.6285714285714286,0.7222222222222222,0.676056338028169,0.3512117600317838,0.5461538461538462,0.6753968253968254,0.6866786280038245,0.6737716630790093,0.6875,0.6567164179104478,0.35247612399908446
0.1,0.6,4,3,0.8857142857142857,0.7428571428571429,0.8142857142857143,0.6285714285714286,0.5384615384615384,0.8142857142857143,0.8266419784552932,0.811146832375908,0.775,0.8266666666666667,0.6350852961085883
0.1,0.6,5,3,0.627906976744186,0.6666666666666666,0.6455696202531646,0.2919334186939821,0.6076923076923078,0.6472868217054264,0.7788411012439096,0.6469966392206304,0.6923076923076923,0.6585365853658537,0.2934384806396315
0.11,0.6,1,3,0.8043478260869565,0.8148148148148148,0.8082191780821918,0.60078125,0.5615384615384615,0.8095813204508857,0.8861558318318542,0.8095644044544834,0.8809523809523809,0.8409090909090909,0.6047279611143377
0.11,0.6,2,3,0.8,0.7619047619047619,0.7804878048780488,0.5612366230677764,0.6307692307692307,0.780952380952381,0.7452446649512539,0.7807200583588266,0.7619047619047619,0.7804878048780488,0.5619047619047619
0.11,0.6,3,3,0.6285714285714286,0.7222222222222222,0.676056338028169,0.3512117600317838,0.5461538461538462,0.6753968253968254,0.6092849887299332,0.6737716630790093,0.6875,0.6567164179104478,0.35247612399908446
0.11,0.6,4,3,0.8857142857142857,0.7428571428571429,0.8142857142857143,0.6285714285714286,0.5384615384615384,0.8142857142857143,0.827610232423547,0.811146832375908,0.775,0.8266666666666667,0.6350852961085883
0.11,0.6,5,3,0.627906976744186,0.6666666666666666,0.6455696202531646,0.2919334186939821,0.6076923076923078,0.6472868217054264,0.7908347240203879,0.6469966392206304,0.6923076923076923,0.6585365853658537,0.2934384806396315
0.12,0.6,1,3,0.782608695652174,0.8148148148148148,0.7945205479452054,0.5754168282279953,0.5615384615384615,0.7987117552334944,0.883078908754931,0.7985494095046904,0.8780487804878049,0.8275862068965517,0.5812676988955681
0.12,0.6,2,3,0.8,0.7619047619047619,0.7804878048780488,0.5612366230677764,0.6307692307692307,0.780952380952381,0.7514487090689009,0.7807200583588266,0.7619047619047619,0.7804878048780488,0.5619047619047619
0.12,0.6,3,3,0.6285714285714286,0.7222222222222222,0.676056338028169,0.3512117600317838,0.5461538461538462,0.6753968253968254,0.5387492744442188,0.6737716630790093,0.6875,0.6567164179104478,0.35247612399908446
0.12,0.6,4,3,0.8857142857142857,0.7428571428571429,0.8142857142857143,0.6285714285714286,0.5384615384615384,0.8142857142857143,0.8457639041486473,0.811146832375908,0.775,0.8266666666666667,0.6350852961085883
0.12,0.6,5,3,0.627906976744186,0.6666666666666666,0.6455696202531646,0.2919334186939821,0.6076923076923078,0.6472868217054264,0.7726046999764102,0.6469966392206304,0.6923076923076923,0.6585365853658537,0.2934384806396315
0.13,0.6,1,3,0.782608695652174,0.8148148148148148,0.7945205479452054,0.5754168282279953,0.5615384615384615,0.7987117552334944,0.8895003134372054,0.7985494095046904,0.8780487804878049,0.8275862068965517,0.5812676988955681
0.13,0.6,2,3,0.8,0.7619047619047619,0.7804878048780488,0.5612366230677764,0.6307692307692307,0.780952380952381,0.7415572444132099,0.7807200583588266,0.7619047619047619,0.7804878048780488,0.5619047619047619
0.13,0.6,3,3,0.6285714285714286,0.7222222222222222,0.676056338028169,0.3512117600317838,0.5461538461538462,0.6753968253968254,0.5340223836879163,0.6737716630790093,0.6875,0.6567164179104478,0.35247612399908446
0.13,0.6,4,3,0.8857142857142857,0.7428571428571429,0.8142857142857143,0.6285714285714286,0.5384615384615384,0.8142857142857143,0.840356264169579,0.811146832375908,0.775,0.8266666666666667,0.6350852961085883
0.13,0.6,5,3,0.627906976744186,0.6666666666666666,0.6455696202531646,0.2919334186939821,0.6076923076923078,0.6472868217054264,0.7825471455638926,0.6469966392206304,0.6923076923076923,0.6585365853658537,0.2934384806396315
0.13999999999999999,0.6,1,3,0.782608695652174,0.8148148148148148,0.7945205479452054,0.5754168282279953,0.5615384615384615,0.7987117552334944,0.883078908754931,0.7985494095046904,0.8780487804878049,0.8275862068965517,0.5812676988955681
0.13999999999999999,0.6,2,3,0.8,0.7619047619047619,0.7804878048780488,0.5612366230677764,0.6307692307692307,0.780952380952381,0.7411732121385671,0.7807200583588266,0.7619047619047619,0.7804878048780488,0.5619047619047619
0.13999999999999999,0.6,3,3,0.6285714285714286,0.7222222222222222,0.676056338028169,0.3512117600317838,0.5461538461538462,0.6753968253968254,0.5771421315870761,0.6737716630790093,0.6875,0.6567164179104478,0.35247612399908446
0.13999999999999999,0.6,4,3,0.8857142857142857,0.7428571428571429,0.8142857142857143,0.6285714285714286,0.5384615384615384,0.8142857142857143,0.8240388038521184,0.811146832375908,0.775,0.8266666666666667,0.6350852961085883
0.13999999999999999,0.6,5,3,0.627906976744186,0.6666666666666666,0.6455696202531646,0.2919334186939821,0.6076923076923078,0.6472868217054264,0.793559953113606,0.6469966392206304,0.6923076923076923,0.6585365853658537,0.2934384806396315
0.14999999999999997,0.6,1,3,0.782608695652174,0.8148148148148148,0.7945205479452054,0.5754168282279953,0.5615384615384615,0.7987117552334944,0.8765760732161788,0.7985494095046904,0.8780487804878049,0.8275862068965517,0.5812676988955681
0.14999999999999997,0.6,2,3,0.8,0.7857142857142857,0.7926829268292683,0.5853658536585367,0.6307692307692307,0.7928571428571429,0.7520434700243303,0.7928249671720918,0.7804878048780488,0.7901234567901234,0.5855400437691199
0.14999999999999997,0.6,3,3,0.6285714285714286,0.7222222222222222,0.676056338028169,0.3512117600317838,0.5461538461538462,0.6753968253968254,0.534578606176912,0.6737716630790093,0.6875,0.6567164179104478,0.35247612399908446
0.14999999999999997,0.6,4,3,0.8857142857142857,0.7428571428571429,0.8142857142857143,0.6285714285714286,0.5384615384615384,0.8142857142857143,0.837556178369493,0.811146832375908,0.775,0.8266666666666667,0.6350852961085883
0.14999999999999997,0.6,5,3,0.6511627906976745,0.6666666666666666,0.6582278481012658,0.3156881616939364,0.6076923076923078,0.6589147286821706,0.7869708058267842,0.6588691274690164,0.7,0.6746987951807228,0.31660467647960244
0.15999999999999998,0.6,1,3,0.782608695652174,0.8148148148148148,0.7945205479452054,0.5754168282279953,0.5615384615384615,0.7987117552334944,0.8895003134372054,0.7985494095046904,0.8780487804878049,0.8275862068965517,0.5812676988955681
0.15999999999999998,0.6,2,3,0.8,0.7857142857142857,0.7926829268292683,0.5853658536585367,0.6307692307692307,0.7928571428571429,0.7483669994360949,0.7928249671720918,0.7804878048780488,0.7901234567901234,0.5855400437691199
0.15999999999999998,0.6,3,3,0.6571428571428571,0.7222222222222222,0.6901408450704225,0.3796664019062748,0.5461538461538462,0.6896825396825397,0.6839085654333418,0.688914490051686,0.696969696969697,0.6764705882352942,0.38027156830230846
0.15999999999999998,0.6,4,3,0.8857142857142857,0.7428571428571429,0.8142857142857143,0.6285714285714286,0.5384615384615384,0.8142857142857143,0.8518339069163436,0.811146832375908,0.775,0.8266666666666667,0.6350852961085883
0.15999999999999998,0.6,5,3,0.6744186046511628,0.6666666666666666,0.6708860759493671,0.33954983922829585,0.6076923076923078,0.6705426356589148,0.785318951236472,0.6705314333428188,0.7073170731707317,0.6904761904761905,0.339988883809647
0.16999999999999998,0.6,1,3,0.782608695652174,0.8148148148148148,0.7945205479452054,0.5754168282279953,0.5615384615384615,0.7987117552334944,0.8844835910291786,0.7985494095046904,0.8780487804878049,0.8275862068965517,0.5812676988955681
0.16999999999999998,0.6,2,3,0.8,0.7857142857142857,0.7926829268292683,0.5853658536585367,0.6307692307692307,0.7928571428571429,0.7514701952598789,0.7928249671720918,0.7804878048780488,0.7901234567901234,0.5855400437691199
0.16999999999999998,0.6,3,3,0.6571428571428571,0.7222222222222222,0.6901408450704225,0.3796664019062748,0.5461538461538462,0.6896825396825397,0.6839085654333418,0.688914490051686,0.696969696969697,0.6764705882352942,0.38027156830230846
0.16999999999999998,0.6,4,3,0.8857142857142857,0.7428571428571429,0.8142857142857143,0.6285714285714286,0.5384615384615384,0.8142857142857143,0.8365766557727539,0.811146832375908,0.775,0.8266666666666667,0.6350852961085883
0.16999999999999998,0.6,5,3,0.6744186046511628,0.6666666666666666,0.6708860759493671,0.33954983922829585,0.6076923076923078,0.6705426356589148,0.7961295343170247,0.6705314333428188,0.7073170731707317,0.6904761904761905,0.339988883809647
0.17999999999999997,0.6,1,3,0.782608695652174,0.8148148148148148,0.7945205479452054,0.5754168282279953,0.5615384615384615,0.7987117552334944,0.8816965230247192,0.7985494095046904,0.8780487804878049,0.8275862068965517,0.5812676988955681
0.17999999999999997,0.6,2,3,0.8,0.7857142857142857,0.7926829268292683,0.5853658536585367,0.6307692307692307,0.7928571428571429,0.7454209464082403,0.7928249671720918,0.7804878048780488,0.7901234567901234,0.5855400437691199
0.17999999999999997,0.6,3,3,0.6571428571428571,0.7222222222222222,0.6901408450704225,0.3796664019062748,0.5461538461538462,0.6896825396825397,0.5398959603913249,0.688914490051686,0.696969696969697,0.6764705882352942,0.38027156830230846
0.17999999999999997,0.6,4,3,0.8857142857142857,0.7428571428571429,0.8142857142857143,0.6285714285714286,0.5384615384615384,0.8142857142857143,0.8336144006365857,0.811146832375908,0.775,0.8266666666666667,0.6350852961085883
0.17999999999999997,0.6,5,3,0.6744186046511628,0.6666666666666666,0.6708860759493671,0.33954983922829585,0.6076923076923078,0.6705426356589148,0.7934202776461673,0.6705314333428188,0.7073170731707317,0.6904761904761905,0.339988883809647
0.18999999999999995,0.6,1,3,0.782608695652174,0.8148148148148148,0.7945205479452054,0.5754168282279953,0.5615384615384615,0.7987117552334944,0.8836951329009226,0.7985494095046904,0.8780487804878049,0.8275862068965517,0.5812676988955681
0.18999999999999995,0.6,2,3,0.8,0.7857142857142857,0.7926829268292683,0.5853658536585367,0.6307692307692307,0.7928571428571429,0.7415146964082403,0.7928249671720918,0.7804878048780488,0.7901234567901234,0.5855400437691199
0.18999999999999995,0.6,3,3,0.6571428571428571,0.7222222222222222,0.6901408450704225,0.3796664019062748,0.5461538461538462,0.6896825396825397,0.5441816746770393,0.688914490051686,0.696969696969697,0.6764705882352942,0.38027156830230846
0.18999999999999995,0.6,4,3,0.8857142857142857,0.7428571428571429,0.8142857142857143,0.6285714285714286,0.5384615384615384,0.8142857142857143,0.8332886739133434,0.811146832375908,0.775,0.8266666666666667,0.6350852961085883
0.18999999999999995,0.6,5,3,0.6744186046511628,0.6666666666666666,0.6708860759493671,0.33954983922829585,0.6076923076923078,0.6705426356589148,0.7916760915996556,0.6705314333428188,0.7073170731707317,0.6904761904761905,0.339988883809647
0.19999999999999996,0.6,1,3,0.782608695652174,0.8148148148148148,0.7945205479452054,0.5754168282279953,0.5615384615384615,0.7987117552334944,0.8805067271038213,0.7985494095046904,0.8780487804878049,0.8275862068965517,0.5812676988955681
0.19999999999999996,0.6,2,3,0.8,0.7857142857142857,0.7926829268292683,0.5853658536585367,0.6307692307692307,0.7928571428571429,0.7523465004973974,0.7928249671720918,0.7804878048780488,0.7901234567901234,0.5855400437691199
0.19999999999999996,0.6,3,3,0.6571428571428571,0.7222222222222222,0.6901408450704225,0.3796664019062748,0.5461538461538462,0.6896825396825397,0.6839085654333418,0.688914490051686,0.696969696969697,0.6764705882352942,0.38027156830230846
0.19999999999999996,0.6,4,3,0.8857142857142857,0.7428571428571429,0.8142857142857143,0.6285714285714286,0.5384615384615384,0.8142857142857143,0.7917257923504619,0.811146832375908,0.775,0.8266666666666667,0.6350852961085883
0.19999999999999996,0.6,5,3,0.6744186046511628,0.6666666666666666,0.6708860759493671,0.33954983922829585,0.6076923076923078,0.6705426356589148,0.7871883696845947,0.6705314333428188,0.7073170731707317,0.6904761904761905,0.339988883809647
0.20999999999999996,0.6,1,3,0.782608695652174,0.8148148148148148,0.7945205479452054,0.5754168282279953,0.5615384615384615,0.7987117552334944,0.8854342633357052,0.7985494095046904,0.8780487804878049,0.8275862068965517,0.5812676988955681
0.20999999999999996,0.6,2,3,0.8,0.7857142857142857,0.7926829268292683,0.5853658536585367,0.6307692307692307,0.7928571428571429,0.7487750301023679,0.7928249671720918,0.7804878048780488,0.7901234567901234,0.5855400437691199
0.20999999999999996,0.6,3,3,0.6571428571428571,0.7222222222222222,0.6901408450704225,0.3796664019062748,0.5461538461538462,0.6896825396825397,0.6839085654333418,0.688914490051686,0.696969696969697,0.6764705882352942,0.38027156830230846
0.20999999999999996,0.6,4,3,0.8857142857142857,0.7428571428571429,0.8142857142857143,0.6285714285714286,0.5384615384615384,0.8142857142857143,0.8298333990294969,0.811146832375908,0.775,0.8266666666666667,0.6350852961085883
0.20999999999999996,0.6,5,3,0.6511627906976745,0.6666666666666666,0.6582278481012658,0.3156881616939364,0.6076923076923078,0.6589147286821706,0.788740733892302,0.6588691274690164,0.7,0.6746987951807228,0.31660467647960244
0.21999999999999995,0.6,1,3,0.782608695652174,0.8148148148148148,0.7945205479452054,0.5754168282279953,0.5615384615384615,0.7987117552334944,0.6612982544170877,0.7985494095046904,0.8780487804878049,0.8275862068965517,0.5812676988955681
0.21999999999999995,0.6,2,3,0.8,0.7857142857142857,0.7926829268292683,0.5853658536585367,0.6307692307692307,0.7928571428571429,0.7487750301023679,0.7928249671720918,0.7804878048780488,0.7901234567901234,0.5855400437691199
0.21999999999999995,0.6,3,3,0.6285714285714286,0.7222222222222222,0.676056338028169,0.3512117600317838,0.5461538461538462,0.6753968253968254,0.6678769255046431,0.6737716630790093,0.6875,0.6567164179104478,0.35247612399908446
0.21999999999999995,0.6,4,3,0.8857142857142857,0.7428571428571429,0.8142857142857143,0.6285714285714286,0.5384615384615384,0.8142857142857143,0.8247416653663348,0.811146832375908,0.775,0.8266666666666667,0.6350852961085883
0.21999999999999995,0.6,5,3,0.6511627906976745,0.6666666666666666,0.6582278481012658,0.3156881616939364,0.6076923076923078,0.6589147286821706,0.7898475059905061,0.6588691274690164,0.7,0.6746987951807228,0.31660467647960244
0.22999999999999995,0.6,1,3,0.782608695652174,0.8148148148148148,0.7945205479452054,0.5754168282279953,0.5615384615384615,0.7987117552334944,0.88298813580827,0.7985494095046904,0.8780487804878049,0.8275862068965517,0.5812676988955681
0.22999999999999995,0.6,2,3,0.8,0.7857142857142857,0.7926829268292683,0.5853658536585367,0.6307692307692307,0.7928571428571429,0.754939240075759,0.7928249671720918,0.7804878048780488,0.7901234567901234,0.5855400437691199
0.22999999999999995,0.6,3,3,0.6285714285714286,0.7222222222222222,0.676056338028169,0.3512117600317838,0.5461538461538462,0.6753968253968254,0.6781650921547022,0.6737716630790093,0.6875,0.6567164179104478,0.35247612399908446
0.22999999999999995,0.6,4,3,0.8857142857142857,0.7428571428571429,0.8142857142857143,0.6285714285714286,0.5384615384615384,0.8142857142857143,0.6950591256837951,0.811146832375908,0.775,0.8266666666666667,0.6350852961085883
0.22999999999999995,0.6,5,3,0.6511627906976745,0.6666666666666666,0.6582278481012658,0.3156881616939364,0.6076923076923078,0.6589147286821706,0.781603450648352,0.6588691274690164,0.7,0.6746987951807228,0.31660467647960244
0.23999999999999994,0.6,1,3,0.782608695652174,0.8148148148148148,0.7945205479452054,0.5754168282279953,0.5615384615384615,0.7987117552334944,0.8959540792326256,0.7985494095046904,0.8780487804878049,0.8275862068965517,0.5812676988955681
0.23999999999999994,0.6,2,3,0.8,0.7857142857142857,0.7926829268292683,0.5853658536585367,0.6307692307692307,0.7928571428571429,0.7586157106639942,0.7928249671720918,0.7804878048780488,0.7901234567901234,0.5855400437691199
0.23999999999999994,0.6,3,3,0.6285714285714286,0.7222222222222222,0.676056338028169,0.3512117600317838,0.5461538461538462,0.6753968253968254,0.6896463662696993,0.6737716630790093,0.6875,0.6567164179104478,0.35247612399908446
0.23999999999999994,0.6,4,3,0.8857142857142857,0.7428571428571429,0.8142857142857143,0.6285714285714286,0.5384615384615384,0.8142857142857143,0.8365853772100466,0.811146832375908,0.775,0.8266666666666667,0.6350852961085883
0.23999999999999994,0.6,5,3,0.6744186046511628,0.6388888888888888,0.6582278481012658,0.31260070899129866,0.6076923076923078,0.6566537467700257,0.8051182678596196,0.656413400968914,0.6904761904761905,0.6823529411764706,0.31270206786604327
0.24999999999999992,0.6,1,3,0.782608695652174,0.8148148148148148,0.7945205479452054,0.5754168282279953,0.5615384615384615,0.7987117552334944,0.8113052498011875,0.7985494095046904,0.8780487804878049,0.8275862068965517,0.5812676988955681
0.24999999999999992,0.6,2,3,0.8,0.7857142857142857,0.7926829268292683,0.5853658536585367,0.6307692307692307,0.7928571428571429,0.7521654989250071,0.7928249671720918,0.7804878048780488,0.7901234567901234,0.5855400437691199
0.24999999999999992,0.6,3,3,0.6285714285714286,0.7222222222222222,0.676056338028169,0.3512117600317838,0.5461538461538462,0.6753968253968254,0.6760343797469351,0.6737716630790093,0.6875,0.6567164179104478,0.35247612399908446
0.24999999999999992,0.6,4,3,0.8857142857142857,0.7428571428571429,0.8142857142857143,0.6285714285714286,0.5384615384615384,0.8142857142857143,0.8507053841871964,0.811146832375908,0.775,0.8266666666666667,0.6350852961085883
0.24999999999999992,0.6,5,3,0.6744186046511628,0.6388888888888888,0.6582278481012658,0.31260070899129866,0.6076923076923078,0.6566537467700257,0.7851658365699792,0.656413400968914,0.6904761904761905,0.6823529411764706,0.31270206786604327
0.2599999999999999,0.6,1,3,0.782608695652174,0.8148148148148148,0.7945205479452054,0.5754168282279953,0.5615384615384615,0.7987117552334944,0.8886444962220009,0.7985494095046904,0.8780487804878049,0.8275862068965517,0.5812676988955681
0.2599999999999999,0.6,2,3,0.8,0.7857142857142857,0.7926829268292683,0.5853658536585367,0.6307692307692307,0.7928571428571429,0.7565110992340962,0.7928249671720918,0.7804878048780488,0.7901234567901234,0.5855400437691199
0.2599999999999999,0.6,3,3,0.6285714285714286,0.7222222222222222,0.676056338028169,0.3512117600317838,0.5461538461538462,0.6753968253968254,0.6856500316164906,0.6737716630790093,0.6875,0.6567164179104478,0.35247612399908446
0.2599999999999999,0.6,4,3,0.8857142857142857,0.7142857142857143,0.8,0.6000000000000001,0.5384615384615384,0.8,0.7717414909375888,0.7953949089757174,0.7560975609756098,0.8157894736842105,0.6090155300940286
0.2599999999999999,0.6,5,3,0.6744186046511628,0.6388888888888888,0.6582278481012658,0.31260070899129866,0.6076923076923078,0.6566537467700257,0.7912221047432102,0.656413400968914,0.6904761904761905,0.6823529411764706,0.31270206786604327
0.2699999999999999,0.6,1,3,0.782608695652174,0.8148148148148148,0.7945205479452054,0.5754168282279953,0.5615384615384615,0.7987117552334944,0.8855675731450777,0.7985494095046904,0.8780487804878049,0.8275862068965517,0.5812676988955681
0.2699999999999999,0.6,2,3,0.8,0.7857142857142857,0.7926829268292683,0.5853658536585367,0.6307692307692307,0.7928571428571429,0.7468205549402688,0.7928249671720918,0.7804878048780488,0.7901234567901234,0.5855400437691199
0.2699999999999999,0.6,3,3,0.6285714285714286,0.7222222222222222,0.676056338028169,0.3512117600317838,0.5461538461538462,0.6753968253968254,0.5429652773729128,0.6737716630790093,0.6875,0.6567164179104478,0.35247612399908446
0.2699999999999999,0.6,4,3,0.8857142857142857,0.7142857142857143,0.8,0.6000000000000001,0.5384615384615384,0.8,0.7426206118167098,0.7953949089757174,0.7560975609756098,0.8157894736842105,0.6090155300940286
0.2699999999999999,0.6,5,3,0.6744186046511628,0.6388888888888888,0.6582278481012658,0.31260070899129866,0.6076923076923078,0.6566537467700257,0.7899939904873077,0.656413400968914,0.6904761904761905,0.6823529411764706,0.31270206786604327
0.2799999999999999,0.6,1,3,0.782608695652174,0.8148148148148148,0.7945205479452054,0.5754168282279953,0.5615384615384615,0.7987117552334944,0.8811460521987496,0.7985494095046904,0.8780487804878049,0.8275862068965517,0.5812676988955681
0.2799999999999999,0.6,2,3,0.8,0.7619047619047619,0.7804878048780488,0.5612366230677764,0.6307692307692307,0.780952380952381,0.7569308490579159,0.7807200583588266,0.7619047619047619,0.7804878048780488,0.5619047619047619
0.2799999999999999,0.6,3,3,0.6285714285714286,0.7222222222222222,0.676056338028169,0.3512117600317838,0.5461538461538462,0.6753968253968254,0.6924593519258109,0.6737716630790093,0.6875,0.6567164179104478,0.35247612399908446
0.2799999999999999,0.6,4,3,0.8857142857142857,0.7142857142857143,0.8,0.6000000000000001,0.5384615384615384,0.8,0.6914530842538334,0.7953949089757174,0.7560975609756098,0.8157894736842105,0.6090155300940286
0.2799999999999999,0.6,5,3,0.6744186046511628,0.6388888888888888,0.6582278481012658,0.31260070899129866,0.6076923076923078,0.6566537467700257,0.7942195975396532,0.656413400968914,0.6904761904761905,0.6823529411764706,0.31270206786604327
0.2899999999999999,0.6,1,3,0.782608695652174,0.8148148148148148,0.7945205479452054,0.5754168282279953,0.5615384615384615,0.7987117552334944,0.8875563086090061,0.7985494095046904,0.8780487804878049,0.8275862068965517,0.5812676988955681
0.2899999999999999,0.6,2,3,0.8,0.7619047619047619,0.7804878048780488,0.5612366230677764,0.6307692307692307,0.780952380952381,0.7526428193298956,0.7807200583588266,0.7619047619047619,0.7804878048780488,0.5619047619047619
0.2899999999999999,0.6,3,3,0.6285714285714286,0.7222222222222222,0.676056338028169,0.3512117600317838,0.5461538461538462,0.6753968253968254,0.6818501082283319,0.6737716630790093,0.6875,0.6567164179104478,0.35247612399908446
0.2899999999999999,0.6,4,3,0.8857142857142857,0.7142857142857143,0.8,0.6000000000000001,0.5384615384615384,0.8,0.8471830685552463,0.7953949089757174,0.7560975609756098,0.8157894736842105,0.6090155300940286
0.2899999999999999,0.6,5,3,0.6744186046511628,0.6388888888888888,0.6582278481012658,0.31260070899129866,0.6076923076923078,0.6566537467700257,0.7942133090770469,0.656413400968914,0.6904761904761905,0.6823529411764706,0.31270206786604327
0.29999999999999993,0.6,1,3,0.782608695652174,0.8148148148148148,0.7945205479452054,0.5754168282279953,0.5615384615384615,0.7987117552334944,0.8878907567695411,0.7985494095046904,0.8780487804878049,0.8275862068965517,0.5812676988955681
0.29999999999999993,0.6,2,3,0.8,0.7619047619047619,0.7804878048780488,0.5612366230677764,0.6307692307692307,0.780952380952381,0.7470883248048128,0.7807200583588266,0.7619047619047619,0.7804878048780488,0.5619047619047619
0.29999999999999993,0.6,3,3,0.6285714285714286,0.7222222222222222,0.676056338028169,0.3512117600317838,0.5461538461538462,0.6753968253968254,0.6465519889806328,0.6737716630790093,0.6875,0.6567164179104478,0.35247612399908446
0.29999999999999993,0.6,4,3,0.8857142857142857,0.7142857142857143,0.8,0.6000000000000001,0.5384615384615384,0.8,0.8474185473621536,0.7953949089757174,0.7560975609756098,0.8157894736842105,0.6090155300940286
0.29999999999999993,0.6,5,3,0.6744186046511628,0.6388888888888888,0.6582278481012658,0.31260070899129866,0.6076923076923078,0.6566537467700257,0.8015910342436753,0.656413400968914,0.6904761904761905,0.6823529411764706,0.31270206786604327
0.30999999999999994,0.6,1,3,0.782608695652174,0.8148148148148148,0.7945205479452054,0.5754168282279953,0.5615384615384615,0.7987117552334944,0.8853383911896819,0.7985494095046904,0.8780487804878049,0.8275862068965517,0.5812676988955681
0.30999999999999994,0.6,2,3,0.8,0.7619047619047619,0.7804878048780488,0.5612366230677764,0.6307692307692307,0.780952380952381,0.7571986189224599,0.7807200583588266,0.7619047619047619,0.7804878048780488,0.5619047619047619
0.30999999999999994,0.6,3,3,0.6285714285714286,0.7222222222222222,0.676056338028169,0.3512117600317838,0.5461538461538462,0.6753968253968254,0.6877840436801798,0.6737716630790093,0.6875,0.6567164179104478,0.35247612399908446
0.30999999999999994,0.6,4,3,0.8857142857142857,0.7142857142857143,0.8,0.6000000000000001,0.5384615384615384,0.8,0.7876979822130172,0.7953949089757174,0.7560975609756098,0.8157894736842105,0.6090155300940286
0.30999999999999994,0.6,5,3,0.6744186046511628,0.6388888888888888,0.6582278481012658,0.31260070899129866,0.6076923076923078,0.6566537467700257,0.7869890095014316,0.656413400968914,0.6904761904761905,0.6823529411764706,0.31270206786604327
0.3199999999999999,0.6,1,3,0.782608695652174,0.8148148148148148,0.7945205479452054,0.5754168282279953,0.5615384615384615,0.7987117552334944,0.8881254591941413,0.7985494095046904,0.8780487804878049,0.8275862068965517,0.5812676988955681
0.3199999999999999,0.6,2,3,0.825,0.7380952380952381,0.7804878048780488,0.5617577197149645,0.6307692307692307,0.781547619047619,0.7539616555324526,0.7803387542782759,0.75,0.7857142857142857,0.5644407483483009
0.3199999999999999,0.6,3,3,0.6285714285714286,0.7222222222222222,0.676056338028169,0.3512117600317838,0.5461538461538462,0.6753968253968254,0.6978680772936251,0.6737716630790093,0.6875,0.6567164179104478,0.35247612399908446
0.3199999999999999,0.6,4,3,0.8857142857142857,0.7142857142857143,0.8,0.6000000000000001,0.5384615384615384,0.8,0.8468386682473097,0.7953949089757174,0.7560975609756098,0.8157894736842105,0.6090155300940286
0.3199999999999999,0.6,5,3,0.6744186046511628,0.6388888888888888,0.6582278481012658,0.31260070899129866,0.6076923076923078,0.6566537467700257,0.7941224010509,0.656413400968914,0.6904761904761905,0.6823529411764706,0.31270206786604327
0.32999999999999985,0.6,1,3,0.782608695652174,0.8148148148148148,0.7945205479452054,0.5754168282279953,0.5615384615384615,0.7987117552334944,0.8988278003312651,0.7985494095046904,0.8780487804878049,0.8275862068965517,0.5812676988955681
0.32999999999999985,0.6,2,3,0.825,0.7380952380952381,0.7804878048780488,0.5617577197149645,0.6307692307692307,0.781547619047619,0.74705926347807,0.7803387542782759,0.75,0.7857142857142857,0.5644407483483009
0.32999999999999985,0.6,3,3,0.6285714285714286,0.7222222222222222,0.676056338028169,0.3512117600317838,0.5461538461538462,0.6753968253968254,0.6148976163819878,0.6737716630790093,0.6875,0.6567164179104478,0.35247612399908446
0.32999999999999985,0.6,4,3,0.8857142857142857,0.7142857142857143,0.8,0.6000000000000001,0.5384615384615384,0.8,0.8404894618981034,0.7953949089757174,0.7560975609756098,0.8157894736842105,0.6090155300940286
0.32999999999999985,0.6,5,3,0.6976744186046512,0.6666666666666666,0.6835443037974683,0.36351917499194325,0.6076923076923078,0.682170542635659,0.7988297148877583,0.6819943394704735,0.7142857142857143,0.7058823529411765,0.3636370438689658
0.33999999999999986,0.6,1,3,0.782608695652174,0.8148148148148148,0.7945205479452054,0.5754168282279953,0.5615384615384615,0.7987117552334944,0.8117597958719562,0.7985494095046904,0.8780487804878049,0.8275862068965517,0.5812676988955681
0.33999999999999986,0.6,2,3,0.825,0.7380952380952381,0.7804878048780488,0.5617577197149645,0.6307692307692307,0.781547619047619,0.7580224185029257,0.7803387542782759,0.75,0.7857142857142857,0.5644407483483009
0.33999999999999986,0.6,3,3,0.6285714285714286,0.7222222222222222,0.676056338028169,0.3512117600317838,0.5461538461538462,0.6753968253968254,0.6936966359898309,0.6737716630790093,0.6875,0.6567164179104478,0.35247612399908446
0.33999999999999986,0.6,4,3,0.8857142857142857,0.7142857142857143,0.8,0.6000000000000001,0.5384615384615384,0.8,0.5404894618981035,0.7953949089757174,0.7560975609756098,0.8157894736842105,0.6090155300940286
0.33999999999999986,0.6,5,3,0.6976744186046512,0.6666666666666666,0.6835443037974683,0.36351917499194325,0.6076923076923078,0.682170542635659,0.7934807487079949,0.6819943394704735,0.7142857142857143,0.7058823529411765,0.3636370438689658
0.34999999999999987,0.6,1,3,0.782608695652174,0.8148148148148148,0.7945205479452054,0.5754168282279953,0.5615384615384615,0.7987117552334944,0.8897976999968169,0.7985494095046904,0.8780487804878049,0.8275862068965517,0.5812676988955681
0.34999999999999987,0.6,2,3,0.825,0.7142857142857143,0.7682926829268293,0.5376854599406529,0.6307692307692307,0.7696428571428571,0.7587924170918173,0.7676494735787385,0.7333333333333333,0.7764705882352941,0.5417094825173022
0.34999999999999987,0.6,3,3,0.6571428571428571,0.7222222222222222,0.6901408450704225,0.3796664019062748,0.5461538461538462,0.6896825396825397,0.6937454464101585,0.688914490051686,0.696969696969697,0.6764705882352942,0.38027156830230846
0.34999999999999987,0.6,4,3,0.8857142857142857,0.7142857142857143,0.8,0.6000000000000001,0.5384615384615384,0.8,0.6919633848005978,0.7953949089757174,0.7560975609756098,0.8157894736842105,0.6090155300940286
0.34999999999999987,0.6,5,3,0.6976744186046512,0.6666666666666666,0.6835443037974683,0.36351917499194325,0.6076923076923078,0.682170542635659,0.8058237131056267,0.6819943394704735,0.7142857142857143,0.7058823529411765,0.3636370438689658
0.3599999999999999,0.6,1,3,0.782608695652174,0.8148148148148148,0.7945205479452054,0.5754168282279953,0.5615384615384615,0.7987117552334944,0.893142181602168,0.7985494095046904,0.8780487804878049,0.8275862068965517,0.5812676988955681
0.3599999999999999,0.6,2,3,0.825,0.7142857142857143,0.7682926829268293,0.5376854599406529,0.6307692307692307,0.7696428571428571,0.755115946503582,0.7676494735787385,0.7333333333333333,0.7764705882352941,0.5417094825173022
0.3599999999999999,0.6,3,3,0.6571428571428571,0.7222222222222222,0.6901408450704225,0.3796664019062748,0.5461538461538462,0.6896825396825397,0.6819807405278054,0.688914490051686,0.696969696969697,0.6764705882352942,0.38027156830230846
0.3599999999999999,0.6,4,3,0.9142857142857143,0.7142857142857143,0.8142857142857143,0.6285714285714286,0.5384615384615384,0.8142857142857143,0.8552286909230468,0.8081220356417685,0.7619047619047619,0.8311688311688312,0.6415330278717848
0.3599999999999999,0.6,5,3,0.6976744186046512,0.6666666666666666,0.6835443037974683,0.36351917499194325,0.6076923076923078,0.682170542635659,0.8064633667921107,0.6819943394704735,0.7142857142857143,0.7058823529411765,0.3636370438689658
0.3699999999999999,0.6,1,3,0.782608695652174,0.8148148148148148,0.7945205479452054,0.5754168282279953,0.5615384615384615,0.7987117552334944,0.8914699407994925,0.7985494095046904,0.8780487804878049,0.8275862068965517,0.5812676988955681
0.3699999999999999,0.6,2,3,0.825,0.6904761904761905,0.7560975609756098,0.5136417556346382,0.6307692307692307,0.7577380952380952,0.7476000402821428,0.7547468828308317,0.717391304347826,0.7674418604651163,0.5191980885601191
0.3699999999999999,0.6,3,3,0.6571428571428571,0.7222222222222222,0.6901408450704225,0.3796664019062748,0.5461538461538462,0.6896825396825397,0.5447768238734244,0.688914490051686,0.696969696969697,0.6764705882352942,0.38027156830230846
0.3699999999999999,0.6,4,3,0.9142857142857143,0.7142857142857143,0.8142857142857143,0.6285714285714286,0.5384615384615384,0.8142857142857143,0.8553856767943184,0.8081220356417685,0.7619047619047619,0.8311688311688312,0.6415330278717848
0.3699999999999999,0.6,5,3,0.6976744186046512,0.6944444444444444,0.6962025316455697,0.3903536977491962,0.6076923076923078,0.6960594315245479,0.8091202761931118,0.6960575579871306,0.7317073170731707,0.7142857142857143,0.3908584327129843
0.3799999999999999,0.6,1,3,0.782608695652174,0.8148148148148148,0.7945205479452054,0.5754168282279953,0.5615384615384615,0.7987117552334944,0.8849816464851111,0.7985494095046904,0.8780487804878049,0.8275862068965517,0.5812676988955681
0.3799999999999999,0.6,2,3,0.825,0.6904761904761905,0.7560975609756098,0.5136417556346382,0.6307692307692307,0.7577380952380952,0.7546194531609307,0.7547468828308317,0.717391304347826,0.7674418604651163,0.5191980885601191
0.3799999999999999,0.6,3,3,0.6571428571428571,0.7222222222222222,0.6901408450704225,0.3796664019062748,0.5461538461538462,0.6896825396825397,0.6894755153158133,0.688914490051686,0.696969696969697,0.6764705882352942,0.38027156830230846
0.3799999999999999,0.6,4,3,0.9142857142857143,0.7142857142857143,0.8142857142857143,0.6285714285714286,0.5384615384615384,0.8142857142857143,0.8491062419434549,0.8081220356417685,0.7619047619047619,0.8311688311688312,0.6415330278717848
0.3799999999999999,0.6,5,3,0.6976744186046512,0.6944444444444444,0.6962025316455697,0.3903536977491962,0.6076923076923078,0.6960594315245479,0.8114458575884607,0.6960575579871306,0.7317073170731707,0.7142857142857143,0.3908584327129843
0.3899999999999999,0.6,1,3,0.8043478260869565,0.8148148148148148,0.8082191780821918,0.60078125,0.5615384615384615,0.8095813204508857,0.8853901350021847,0.8095644044544834,0.8809523809523809,0.8409090909090909,0.6047279611143377
0.3899999999999999,0.6,2,3,0.825,0.6904761904761905,0.7560975609756098,0.5136417556346382,0.6307692307692307,0.7577380952380952,0.755192727925382,0.7547468828308317,0.717391304347826,0.7674418604651163,0.5191980885601191
0.3899999999999999,0.6,3,3,0.6571428571428571,0.7222222222222222,0.6901408450704225,0.3796664019062748,0.5461538461538462,0.6896825396825397,0.6944241615795855,0.688914490051686,0.696969696969697,0.6764705882352942,0.38027156830230846
0.3899999999999999,0.6,4,3,0.9142857142857143,0.7142857142857143,0.8142857142857143,0.6285714285714286,0.5384615384615384,0.8142857142857143,0.6964939970454957,0.8081220356417685,0.7619047619047619,0.8311688311688312,0.6415330278717848
0.3899999999999999,0.6,5,3,0.6976744186046512,0.6944444444444444,0.6962025316455697,0.3903536977491962,0.6076923076923078,0.6960594315245479,0.8054701305133819,0.6960575579871306,0.7317073170731707,0.7142857142857143,0.3908584327129843
0.3999999999999998,0.6,1,3,0.8043478260869565,0.8148148148148148,0.8082191780821918,0.60078125,0.5615384615384615,0.8095813204508857,0.8853901350021847,0.8095644044544834,0.8809523809523809,0.8409090909090909,0.6047279611143377
0.3999999999999998,0.6,2,3,0.825,0.6904761904761905,0.7560975609756098,0.5136417556346382,0.6307692307692307,0.7577380952380952,0.7592825522225979,0.7547468828308317,0.717391304347826,0.7674418604651163,0.5191980885601191
0.3999999999999998,0.6,3,3,0.6571428571428571,0.7222222222222222,0.6901408450704225,0.3796664019062748,0.5461538461538462,0.6896825396825397,0.6805060943526948,0.688914490051686,0.696969696969697,0.6764705882352942,0.38027156830230846
0.3999999999999998,0.6,4,3,0.9142857142857143,0.7142857142857143,0.8142857142857143,0.6285714285714286,0.5384615384615384,0.8142857142857143,0.8322082827597814,0.8081220356417685,0.7619047619047619,0.8311688311688312,0.6415330278717848
0.3999999999999998,0.6,5,3,0.6976744186046512,0.6666666666666666,0.6835443037974683,0.36351917499194325,0.6076923076923078,0.682170542635659,0.7996325558475195,0.6819943394704735,0.7142857142857143,0.7058823529411765,0.3636370438689658
0.4099999999999998,0.6,1,3,0.8043478260869565,0.8148148148148148,0.8082191780821918,0.60078125,0.5615384615384615,0.8095813204508857,0.8888683958717498,0.8095644044544834,0.8809523809523809,0.8409090909090909,0.6047279611143377
0.4099999999999998,0.6,2,3,0.825,0.6904761904761905,0.7560975609756098,0.5136417556346382,0.6307692307692307,0.7577380952380952,0.7486384403389253,0.7547468828308317,0.717391304347826,0.7674418604651163,0.5191980885601191
0.4099999999999998,0.6,3,3,0.6571428571428571,0.7222222222222222,0.6901408450704225,0.3796664019062748,0.5461538461538462,0.6896825396825397,0.6860019306182356,0.688914490051686,0.696969696969697,0.6764705882352942,0.38027156830230846
0.4099999999999998,0.6,4,3,0.9142857142857143,0.7142857142857143,0.8142857142857143,0.6285714285714286,0.5384615384615384,0.8142857142857143,0.8374438193787767,0.8081220356417685,0.7619047619047619,0.8311688311688312,0.6415330278717848
0.4099999999999998,0.6,5,3,0.7209302325581395,0.6666666666666666,0.6962025316455697,0.3875968992248063,0.6076923076923078,0.6937984496124031,0.8062292675815343,0.6932677369088797,0.7209302325581395,0.7209302325581395,0.3875968992248062
0.4199999999999998,0.6,1,3,0.8043478260869565,0.8148148148148148,0.8082191780821918,0.60078125,0.5615384615384615,0.8095813204508857,0.8935506701192416,0.8095644044544834,0.8809523809523809,0.8409090909090909,0.6047279611143377
0.4199999999999998,0.6,2,3,0.825,0.6904761904761905,0.7560975609756098,0.5136417556346382,0.6307692307692307,0.7577380952380952,0.7550722638683371,0.7547468828308317,0.717391304347826,0.7674418604651163,0.5191980885601191
0.4199999999999998,0.6,3,3,0.6571428571428571,0.7222222222222222,0.6901408450704225,0.3796664019062748,0.5461538461538462,0.6896825396825397,0.6542822427430854,0.688914490051686,0.696969696969697,0.6764705882352942,0.38027156830230846
0.4199999999999998,0.6,4,3,0.9142857142857143,0.7142857142857143,0.8142857142857143,0.6285714285714286,0.5384615384615384,0.8142857142857143,0.8450461194810769,0.8081220356417685,0.7619047619047619,0.8311688311688312,0.6415330278717848
0.4199999999999998,0.6,5,3,0.7209302325581395,0.6666666666666666,0.6962025316455697,0.3875968992248063,0.6076923076923078,0.6937984496124031,0.811482498502901,0.6932677369088797,0.7209302325581395,0.7209302325581395,0.3875968992248062
0.4299999999999998,0.6,1,3,0.8260869565217391,0.8148148148148148,0.821917808219178,0.6265249901613538,0.5615384615384615,0.8204508856682771,0.8127814393500108,0.8204315270022202,0.8837209302325582,0.8539325842696629,0.6288649859311239
0.4299999999999998,0.6,2,3,0.825,0.6904761904761905,0.7560975609756098,0.5136417556346382,0.6307692307692307,0.7577380952380952,0.7593101256797284,0.7547468828308317,0.717391304347826,0.7674418604651163,0.5191980885601191
0.4299999999999998,0.6,3,3,0.6571428571428571,0.7222222222222222,0.6901408450704225,0.3796664019062748,0.5461538461538462,0.6896825396825397,0.6713740794777794,0.688914490051686,0.696969696969697,0.6764705882352942,0.38027156830230846
0.4299999999999998,0.6,4,3,0.9142857142857143,0.7142857142857143,0.8142857142857143,0.6285714285714286,0.5384615384615384,0.8142857142857143,0.7440233853953893,0.8081220356417685,0.7619047619047619,0.8311688311688312,0.6415330278717848
0.4299999999999998,0.6,5,3,0.7209302325581395,0.6666666666666666,0.6962025316455697,0.3875968992248063,0.6076923076923078,0.6937984496124031,0.7965166111153756,0.6932677369088797,0.7209302325581395,0.7209302325581395,0.3875968992248062
0.43999999999999984,0.6,1,3,0.8260869565217391,0.8148148148148148,0.821917808219178,0.6265249901613538,0.5615384615384615,0.8204508856682771,0.8906075263065324,0.8204315270022202,0.8837209302325582,0.8539325842696629,0.6288649859311239
0.43999999999999984,0.6,2,3,0.825,0.6904761904761905,0.7560975609756098,0.5136417556346382,0.6307692307692307,0.7577380952380952,0.7556336550914932,0.7547468828308317,0.717391304347826,0.7674418604651163,0.5191980885601191
0.43999999999999984,0.6,3,3,0.6571428571428571,0.7222222222222222,0.6901408450704225,0.3796664019062748,0.5461538461538462,0.6896825396825397,0.6969793643267617,0.688914490051686,0.696969696969697,0.6764705882352942,0.38027156830230846
0.43999999999999984,0.6,4,3,0.9142857142857143,0.7142857142857143,0.8142857142857143,0.6285714285714286,0.5384615384615384,0.8142857142857143,0.5293829143441875,0.8081220356417685,0.7619047619047619,0.8311688311688312,0.6415330278717848
0.43999999999999984,0.6,5,3,0.7209302325581395,0.6666666666666666,0.6962025316455697,0.3875968992248063,0.6076923076923078,0.6937984496124031,0.8127687009335016,0.6932677369088797,0.7209302325581395,0.7209302325581395,0.3875968992248062
0.44999999999999984,0.6,1,3,0.8260869565217391,0.8148148148148148,0.821917808219178,0.6265249901613538,0.5615384615384615,0.8204508856682771,0.6656884317417483,0.8204315270022202,0.8837209302325582,0.8539325842696629,0.6288649859311239
0.44999999999999984,0.6,2,3,0.825,0.6904761904761905,0.7560975609756098,0.5136417556346382,0.6307692307692307,0.7577380952380952,0.7556336550914932,0.7547468828308317,0.717391304347826,0.7674418604651163,0.5191980885601191
0.44999999999999984,0.6,3,3,0.6571428571428571,0.7222222222222222,0.6901408450704225,0.3796664019062748,0.5461538461538462,0.6896825396825397,0.5423575155872659,0.688914490051686,0.696969696969697,0.6764705882352942,0.38027156830230846
0.44999999999999984,0.6,4,3,0.9142857142857143,0.7142857142857143,0.8142857142857143,0.6285714285714286,0.5384615384615384,0.8142857142857143,0.8553291902904633,0.8081220356417685,0.7619047619047619,0.8311688311688312,0.6415330278717848
0.44999999999999984,0.6,5,3,0.7209302325581395,0.6944444444444444,0.7088607594936709,0.41443764099258784,0.6076923076923078,0.707687338501292,0.8108215659820401,0.7075634210670032,0.7380952380952381,0.7294117647058823,0.4145720198718883
0.45999999999999985,0.6,1,3,0.8260869565217391,0.8148148148148148,0.821917808219178,0.6265249901613538,0.5615384615384615,0.8204508856682771,0.8911622333025064,0.8204315270022202,0.8837209302325582,0.8539325842696629,0.6288649859311239
0.45999999999999985,0.6,2,3,0.825,0.6904761904761905,0.7560975609756098,0.5136417556346382,0.6307692307692307,0.7577380952380952,0.7556336550914932,0.7547468828308317,0.717391304347826,0.7674418604651163,0.5191980885601191
0.45999999999999985,0.6,3,3,0.6571428571428571,0.7222222222222222,0.6901408450704225,0.3796664019062748,0.5461538461538462,0.6896825396825397,0.547609616427602,0.688914490051686,0.696969696969697,0.6764705882352942,0.38027156830230846
0.45999999999999985,0.6,4,3,0.9142857142857143,0.7142857142857143,0.8142857142857143,0.6285714285714286,0.5384615384615384,0.8142857142857143,0.8347070919052071,0.8081220356417685,0.7619047619047619,0.8311688311688312,0.6415330278717848
0.45999999999999985,0.6,5,3,0.7209302325581395,0.6944444444444444,0.7088607594936709,0.41443764099258784,0.6076923076923078,0.707687338501292,0.8070121386406226,0.7075634210670032,0.7380952380952381,0.7294117647058823,0.4145720198718883
0.46999999999999986,0.6,1,3,0.8260869565217391,0.8148148148148148,0.821917808219178,0.6265249901613538,0.5615384615384615,0.8204508856682771,0.8988879858108676,0.8204315270022202,0.8837209302325582,0.8539325842696629,0.6288649859311239
0.46999999999999986,0.6,2,3,0.825,0.6904761904761905,0.7560975609756098,0.5136417556346382,0.6307692307692307,0.7577380952380952,0.7502886177166569,0.7547468828308317,0.717391304347826,0.7674418604651163,0.5191980885601191
0.46999999999999986,0.6,3,3,0.6571428571428571,0.6944444444444444,0.676056338028169,0.351726875744343,0.5461538461538462,0.6757936507936508,0.5971021590586896,0.675536236148148,0.6764705882352942,0.6666666666666666,0.3518666717558053
0.46999999999999986,0.6,4,3,0.9142857142857143,0.7142857142857143,0.8142857142857143,0.6285714285714286,0.5384615384615384,0.8142857142857143,0.8354928061909214,0.8081220356417685,0.7619047619047619,0.8311688311688312,0.6415330278717848
0.46999999999999986,0.6,5,3,0.7209302325581395,0.6944444444444444,0.7088607594936709,0.41443764099258784,0.6076923076923078,0.707687338501292,0.8137422012941192,0.7075634210670032,0.7380952380952381,0.7294117647058823,0.4145720198718883
0.47999999999999976,0.6,1,3,0.8260869565217391,0.8148148148148148,0.821917808219178,0.6265249901613538,0.5615384615384615,0.8204508856682771,0.8848969044284819,0.8204315270022202,0.8837209302325582,0.8539325842696629,0.6288649859311239
0.47999999999999976,0.6,2,3,0.825,0.6904761904761905,0.7560975609756098,0.5136417556346382,0.6307692307692307,0.7577380952380952,0.7535089755436959,0.7547468828308317,0.717391304347826,0.7674418604651163,0.5191980885601191
0.47999999999999976,0.6,3,3,0.6571428571428571,0.6944444444444444,0.676056338028169,0.351726875744343,0.5461538461538462,0.6757936507936508,0.696734511999866,0.675536236148148,0.6764705882352942,0.6666666666666666,0.3518666717558053
0.47999999999999976,0.6,4,3,0.9142857142857143,0.7142857142857143,0.8142857142857143,0.6285714285714286,0.5384615384615384,0.8142857142857143,0.8286084524494248,0.8081220356417685,0.7619047619047619,0.8311688311688312,0.6415330278717848
0.47999999999999976,0.6,5,3,0.7209302325581395,0.6944444444444444,0.7088607594936709,0.41443764099258784,0.6076923076923078,0.707687338501292,0.8009488000840166,0.7075634210670032,0.7380952380952381,0.7294117647058823,0.4145720198718883
0.48999999999999977,0.6,1,3,0.8260869565217391,0.8148148148148148,0.821917808219178,0.6265249901613538,0.5615384615384615,0.8204508856682771,0.8880853102255833,0.8204315270022202,0.8837209302325582,0.8539325842696629,0.6288649859311239
0.48999999999999977,0.6,2,3,0.825,0.6904761904761905,0.7560975609756098,0.5136417556346382,0.6307692307692307,0.7577380952380952,0.7560365490731077,0.7547468828308317,0.717391304347826,0.7674418604651163,0.5191980885601191
0.48999999999999977,0.6,3,3,0.6571428571428571,0.6944444444444444,0.676056338028169,0.351726875744343,0.5461538461538462,0.6757936507936508,0.6214723545052893,0.675536236148148,0.6764705882352942,0.6666666666666666,0.3518666717558053
0.48999999999999977,0.6,4,3,0.9142857142857143,0.7142857142857143,0.8142857142857143,0.6285714285714286,0.5384615384615384,0.8142857142857143,0.8286084524494248,0.8081220356417685,0.7619047619047619,0.8311688311688312,0.6415330278717848
0.48999999999999977,0.6,5,3,0.7209302325581395,0.6944444444444444,0.7088607594936709,0.41443764099258784,0.6076923076923078,0.707687338501292,0.806433277237647,0.7075634210670032,0.7380952380952381,0.7294117647058823,0.4145720198718883
0.4999999999999998,0.6,1,3,0.8260869565217391,0.8148148148148148,0.821917808219178,0.6265249901613538,0.5615384615384615,0.8204508856682771,0.8911622333025064,0.8204315270022202,0.8837209302325582,0.8539325842696629,0.6288649859311239
0.4999999999999998,0.6,2,3,0.825,0.6904761904761905,0.7560975609756098,0.5136417556346382,0.6307692307692307,0.7577380952380952,0.7605393757229274,0.7547468828308317,0.717391304347826,0.7674418604651163,0.5191980885601191
0.4999999999999998,0.6,3,3,0.6571428571428571,0.6944444444444444,0.676056338028169,0.351726875744343,0.5461538461538462,0.6757936507936508,0.6256087818034813,0.675536236148148,0.6764705882352942,0.6666666666666666,0.3518666717558053
0.4999999999999998,0.6,4,3,0.9142857142857143,0.7142857142857143,0.8142857142857143,0.6285714285714286,0.5384615384615384,0.8142857142857143,0.8377356110051548,0.8081220356417685,0.7619047619047619,0.8311688311688312,0.6415330278717848
0.4999999999999998,0.6,5,3,0.7209302325581395,0.6944444444444444,0.7088607594936709,0.41443764099258784,0.6076923076923078,0.707687338501292,0.8109207275099115,0.7075634210670032,0.7380952380952381,0.7294117647058823,0.4145720198718883
0.5099999999999998,0.6,1,3,0.8260869565217391,0.8148148148148148,0.821917808219178,0.6265249901613538,0.5615384615384615,0.8204508856682771,0.8974149597820759,0.8204315270022202,0.8837209302325582,0.8539325842696629,0.6288649859311239
0.5099999999999998,0.6,2,3,0.825,0.6904761904761905,0.7560975609756098,0.5136417556346382,0.6307692307692307,0.7577380952380952,0.757172657119666,0.7547468828308317,0.717391304347826,0.7674418604651163,0.5191980885601191
0.5099999999999998,0.6,3,3,0.6571428571428571,0.6944444444444444,0.676056338028169,0.351726875744343,0.5461538461538462,0.6757936507936508,0.548823067517767,0.675536236148148,0.6764705882352942,0.6666666666666666,0.3518666717558053
0.5099999999999998,0.6,4,3,0.9142857142857143,0.7142857142857143,0.8142857142857143,0.6285714285714286,0.5384615384615384,0.8142857142857143,0.8226257208952646,0.8081220356417685,0.7619047619047619,0.8311688311688312,0.6415330278717848
0.5099999999999998,0.6,5,3,0.7209302325581395,0.6944444444444444,0.7088607594936709,0.41443764099258784,0.6076923076923078,0.707687338501292,0.8146936285203661,0.7075634210670032,0.7380952380952381,0.7294117647058823,0.4145720198718883
0.5199999999999998,0.6,1,3,0.8260869565217391,0.8148148148148148,0.821917808219178,0.6265249901613538,0.5615384615384615,0.8204508856682771,0.8911622333025064,0.8204315270022202,0.8837209302325582,0.8539325842696629,0.6288649859311239
0.5199999999999998,0.6,2,3,0.825,0.6904761904761905,0.7560975609756098,0.5136417556346382,0.6307692307692307,0.7577380952380952,0.7604026147294825,0.7547468828308317,0.717391304347826,0.7674418604651163,0.5191980885601191
0.5199999999999998,0.6,3,3,0.6571428571428571,0.6944444444444444,0.676056338028169,0.351726875744343,0.5461538461538462,0.6757936507936508,0.6831015061659536,0.675536236148148,0.6764705882352942,0.6666666666666666,0.3518666717558053
0.5199999999999998,0.6,4,3,0.9142857142857143,0.7142857142857143,0.8142857142857143,0.6285714285714286,0.5384615384615384,0.8142857142857143,0.8226039173020324,0.8081220356417685,0.7619047619047619,0.8311688311688312,0.6415330278717848
0.5199999999999998,0.6,5,3,0.7209302325581395,0.6944444444444444,0.7088607594936709,0.41443764099258784,0.6076923076923078,0.707687338501292,0.8150669267197512,0.7075634210670032,0.7380952380952381,0.7294117647058823,0.4145720198718883
0.5299999999999998,0.6,1,3,0.8260869565217391,0.8148148148148148,0.821917808219178,0.6265249901613538,0.5615384615384615,0.8204508856682771,0.892834474105182,0.8204315270022202,0.8837209302325582,0.8539325842696629,0.6288649859311239
0.5299999999999998,0.6,2,3,0.825,0.6904761904761905,0.7560975609756098,0.5136417556346382,0.6307692307692307,0.7577380952380952,0.7567261441412472,0.7547468828308317,0.717391304347826,0.7674418604651163,0.5191980885601191
0.5299999999999998,0.6,3,3,0.6571428571428571,0.6944444444444444,0.676056338028169,0.351726875744343,0.5461538461538462,0.6757936507936508,0.6873031868382224,0.675536236148148,0.6764705882352942,0.6666666666666666,0.3518666717558053
0.5299999999999998,0.6,4,3,0.9142857142857143,0.7142857142857143,0.8142857142857143,0.6285714285714286,0.5384615384615384,0.8142857142857143,0.8484016941989075,0.8081220356417685,0.7619047619047619,0.8311688311688312,0.6415330278717848
0.5299999999999998,0.6,5,3,0.7209302325581395,0.6944444444444444,0.7088607594936709,0.41443764099258784,0.6076923076923078,0.707687338501292,0.8047403162905795,0.7075634210670032,0.7380952380952381,0.7294117647058823,0.4145720198718883
0.5399999999999998,0.6,1,3,0.8260869565217391,0.8148148148148148,0.821917808219178,0.6265249901613538,0.5615384615384615,0.8204508856682771,0.8915635710951485,0.8204315270022202,0.8837209302325582,0.8539325842696629,0.6288649859311239
0.5399999999999998,0.6,2,3,0.825,0.6904761904761905,0.7560975609756098,0.5136417556346382,0.6307692307692307,0.7577380952380952,0.7567261441412472,0.7547468828308317,0.717391304347826,0.7674418604651163,0.5191980885601191
0.5399999999999998,0.6,3,3,0.6571428571428571,0.6944444444444444,0.676056338028169,0.351726875744343,0.5461538461538462,0.6757936507936508,0.6873031868382224,0.675536236148148,0.6764705882352942,0.6666666666666666,0.3518666717558053
0.5399999999999998,0.6,4,3,0.9142857142857143,0.7142857142857143,0.8142857142857143,0.6285714285714286,0.5384615384615384,0.8142857142857143,0.7718710819540096,0.8081220356417685,0.7619047619047619,0.8311688311688312,0.6415330278717848
0.5399999999999998,0.6,5,3,0.7209302325581395,0.6944444444444444,0.7088607594936709,0.41443764099258784,0.6076923076923078,0.707687338501292,0.8161835848110879,0.7075634210670032,0.7380952380952381,0.7294117647058823,0.4145720198718883
0.5499999999999998,0.6,1,3,0.8260869565217391,0.8148148148148148,0.821917808219178,0.6265249901613538,0.5615384615384615,0.8204508856682771,0.8848969044284819,0.8204315270022202,0.8837209302325582,0.8539325842696629,0.6288649859311239
0.5499999999999998,0.6,2,3,0.825,0.6904761904761905,0.7560975609756098,0.5136417556346382,0.6307692307692307,0.7577380952380952,0.7607246358456212,0.7547468828308317,0.717391304347826,0.7674418604651163,0.5191980885601191
0.5499999999999998,0.6,3,3,0.6571428571428571,0.6944444444444444,0.676056338028169,0.351726875744343,0.5461538461538462,0.6757936507936508,0.6677443633088106,0.675536236148148,0.6764705882352942,0.6666666666666666,0.3518666717558053
0.5499999999999998,0.6,4,3,0.9142857142857143,0.7142857142857143,0.8142857142857143,0.6285714285714286,0.5384615384615384,0.8142857142857143,0.7702270910243044,0.8081220356417685,0.7619047619047619,0.8311688311688312,0.6415330278717848
0.5499999999999998,0.6,5,3,0.7209302325581395,0.6944444444444444,0.7088607594936709,0.41443764099258784,0.6076923076923078,0.707687338501292,0.8150469872446131,0.7075634210670032,0.7380952380952381,0.7294117647058823,0.4145720198718883
0.5599999999999997,0.6,1,3,0.8260869565217391,0.8148148148148148,0.821917808219178,0.6265249901613538,0.5615384615384615,0.8204508856682771,0.771597015911202,0.8204315270022202,0.8837209302325582,0.8539325842696629,0.6288649859311239
0.5599999999999997,0.6,2,3,0.825,0.6904761904761905,0.7560975609756098,0.5136417556346382,0.6307692307692307,0.7577380952380952,0.7570481652573859,0.7547468828308317,0.717391304347826,0.7674418604651163,0.5191980885601191
0.5599999999999997,0.6,3,3,0.6571428571428571,0.6944444444444444,0.676056338028169,0.351726875744343,0.5461538461538462,0.6757936507936508,0.6683580225656168,0.675536236148148,0.6764705882352942,0.6666666666666666,0.3518666717558053
0.5599999999999997,0.6,4,3,0.9142857142857143,0.7142857142857143,0.8142857142857143,0.6285714285714286,0.5384615384615384,0.8142857142857143,0.7413111656798077,0.8081220356417685,0.7619047619047619,0.8311688311688312,0.6415330278717848
0.5599999999999997,0.6,5,3,0.7209302325581395,0.6944444444444444,0.7088607594936709,0.41443764099258784,0.6076923076923078,0.707687338501292,0.8171544333360157,0.7075634210670032,0.7380952380952381,0.7294117647058823,0.4145720198718883
0.5699999999999997,0.6,1,3,0.8260869565217391,0.8148148148148148,0.821917808219178,0.6265249901613538,0.5615384615384615,0.8204508856682771,0.8880853102255833,0.8204315270022202,0.8837209302325582,0.8539325842696629,0.6288649859311239
0.5699999999999997,0.6,2,3,0.825,0.6904761904761905,0.7560975609756098,0.5136417556346382,0.6307692307692307,0.7577380952380952,0.7570481652573859,0.7547468828308317,0.717391304347826,0.7674418604651163,0.5191980885601191
0.5699999999999997,0.6,3,3,0.6571428571428571,0.6944444444444444,0.676056338028169,0.351726875744343,0.5461538461538462,0.6757936507936508,0.6932179665432079,0.675536236148148,0.6764705882352942,0.6666666666666666,0.3518666717558053
0.5699999999999997,0.6,4,3,0.9142857142857143,0.7142857142857143,0.8142857142857143,0.6285714285714286,0.5384615384615384,0.8142857142857143,0.8293463447864154,0.8081220356417685,0.7619047619047619,0.8311688311688312,0.6415330278717848
0.5699999999999997,0.6,5,3,0.7209302325581395,0.6944444444444444,0.7088607594936709,0.41443764099258784,0.6076923076923078,0.707687338501292,0.8175336639746961,0.7075634210670032,0.7380952380952381,0.7294117647058823,0.4145720198718883
0.5799999999999997,0.6,1,3,0.8260869565217391,0.8148148148148148,0.821917808219178,0.6265249901613538,0.5615384615384615,0.8204508856682771,0.8830853102255833,0.8204315270022202,0.8837209302325582,0.8539325842696629,0.6288649859311239
0.5799999999999997,0.6,2,3,0.825,0.6904761904761905,0.7560975609756098,0.5136417556346382,0.6307692307692307,0.7577380952380952,0.7538172441496266,0.7547468828308317,0.717391304347826,0.7674418604651163,0.5191980885601191
0.5799999999999997,0.6,3,3,0.6571428571428571,0.6944444444444444,0.676056338028169,0.351726875744343,0.5461538461538462,0.6757936507936508,0.5451087228457289,0.675536236148148,0.6764705882352942,0.6666666666666666,0.3518666717558053
0.5799999999999997,0.6,4,3,0.9142857142857143,0.7142857142857143,0.8142857142857143,0.6285714285714286,0.5384615384615384,0.8142857142857143,0.8451049909022043,0.8081220356417685,0.7619047619047619,0.8311688311688312,0.6415330278717848
0.5799999999999997,0.6,5,3,0.7209302325581395,0.6944444444444444,0.7088607594936709,0.41443764099258784,0.6076923076923078,0.707687338501292,0.805365144122266,0.7075634210670032,0.7380952380952381,0.7294117647058823,0.4145720198718883
0.5899999999999997,0.6,1,3,0.8260869565217391,0.8148148148148148,0.821917808219178,0.6265249901613538,0.5615384615384615,0.8204508856682771,0.771597015911202,0.8204315270022202,0.8837209302325582,0.8539325842696629,0.6288649859311239
0.5899999999999997,0.6,2,3,0.825,0.6904761904761905,0.7560975609756098,0.5136417556346382,0.6307692307692307,0.7577380952380952,0.7491894841781166,0.7547468828308317,0.717391304347826,0.7674418604651163,0.5191980885601191
0.5899999999999997,0.6,3,3,0.6571428571428571,0.6944444444444444,0.676056338028169,0.351726875744343,0.5461538461538462,0.6757936507936508,0.6985751094003507,0.675536236148148,0.6764705882352942,0.6666666666666666,0.3518666717558053
0.5899999999999997,0.6,4,3,0.9142857142857143,0.7142857142857143,0.8142857142857143,0.6285714285714286,0.5384615384615384,0.8142857142857143,0.8274493132465266,0.8081220356417685,0.7619047619047619,0.8311688311688312,0.6415330278717848
0.5899999999999997,0.6,5,3,0.7209302325581395,0.6944444444444444,0.7088607594936709,0.41443764099258784,0.6076923076923078,0.707687338501292,0.8166230722406592,0.7075634210670032,0.7380952380952381,0.7294117647058823,0.4145720198718883
0.5999999999999998,0.6,1,3,0.8260869565217391,0.8148148148148148,0.821917808219178,0.6265249901613538,0.5615384615384615,0.8204508856682771,0.8894899924998309,0.8204315270022202,0.8837209302325582,0.8539325842696629,0.6288649859311239
0.5999999999999998,0.6,2,3,0.825,0.6904761904761905,0.7560975609756098,0.5136417556346382,0.6307692307692307,0.7577380952380952,0.7548829230921439,0.7547468828308317,0.717391304347826,0.7674418604651163,0.5191980885601191
0.5999999999999998,0.6,3,3,0.6571428571428571,0.6944444444444444,0.676056338028169,0.351726875744343,0.5461538461538462,0.6757936507936508,0.5996536538449485,0.675536236148148,0.6764705882352942,0.6666666666666666,0.3518666717558053
0.5999999999999998,0.6,4,3,0.9142857142857143,0.7142857142857143,0.8142857142857143,0.6285714285714286,0.5384615384615384,0.8142857142857143,0.7420524878497011,0.8081220356417685,0.7619047619047619,0.8311688311688312,0.6415330278717848
0.5999999999999998,0.6,5,3,0.7209302325581395,0.6944444444444444,0.7088607594936709,0.41443764099258784,0.6076923076923078,0.707687338501292,0.8212043977522173,0.7075634210670032,0.7380952380952381,0.7294117647058823,0.4145720198718883
0.6099999999999998,0.6,1,3,0.8260869565217391,0.8148148148148148,0.821917808219178,0.6265249901613538,0.5615384615384615,0.8204508856682771,0.9001923336369546,0.8204315270022202,0.8837209302325582,0.8539325842696629,0.6288649859311239
0.6099999999999998,0.6,2,3,0.825,0.6904761904761905,0.7560975609756098,0.5136417556346382,0.6307692307692307,0.7577380952380952,0.748449099562732,0.7547468828308317,0.717391304347826,0.7674418604651163,0.5191980885601191
0.6099999999999998,0.6,3,3,0.6571428571428571,0.6944444444444444,0.676056338028169,0.351726875744343,0.5461538461538462,0.6757936507936508,0.6750873273143363,0.675536236148148,0.6764705882352942,0.6666666666666666,0.3518666717558053
0.6099999999999998,0.6,4,3,0.9142857142857143,0.7142857142857143,0.8142857142857143,0.6285714285714286,0.5384615384615384,0.8142857142857143,0.688877884675098,0.8081220356417685,0.7619047619047619,0.8311688311688312,0.6415330278717848
0.6099999999999998,0.6,5,3,0.7209302325581395,0.6944444444444444,0.7088607594936709,0.41443764099258784,0.6076923076923078,0.707687338501292,0.8169270275308461,0.7075634210670032,0.7380952380952381,0.7294117647058823,0.4145720198718883
0.6199999999999998,0.6,1,3,0.8260869565217391,0.8148148148148148,0.821917808219178,0.6265249901613538,0.5615384615384615,0.8204508856682771,0.8915635710951485,0.8204315270022202,0.8837209302325582,0.8539325842696629,0.6288649859311239
0.6199999999999998,0.6,2,3,0.825,0.6904761904761905,0.7560975609756098,0.5136417556346382,0.6307692307692307,0.7577380952380952,0.752355349562732,0.7547468828308317,0.717391304347826,0.7674418604651163,0.5191980885601191
0.6199999999999998,0.6,3,3,0.6571428571428571,0.6944444444444444,0.676056338028169,0.351726875744343,0.5461538461538462,0.6757936507936508,0.6939288639289821,0.675536236148148,0.6764705882352942,0.6666666666666666,0.3518666717558053
0.6199999999999998,0.6,4,3,0.9142857142857143,0.7142857142857143,0.8142857142857143,0.6285714285714286,0.5384615384615384,0.8142857142857143,0.8429071887044022,0.8081220356417685,0.7619047619047619,0.8311688311688312,0.6415330278717848
0.6199999999999998,0.6,5,3,0.7209302325581395,0.6944444444444444,0.7088607594936709,0.41443764099258784,0.6076923076923078,0.707687338501292,0.8155293516578441,0.7075634210670032,0.7380952380952381,0.7294117647058823,0.4145720198718883
0.6299999999999997,0.6,1,3,0.8260869565217391,0.8148148148148148,0.821917808219178,0.6265249901613538,0.5615384615384615,0.8204508856682771,0.8898244406603659,0.8204315270022202,0.8837209302325582,0.8539325842696629,0.6288649859311239
0.6299999999999997,0.6,2,3,0.825,0.6904761904761905,0.7560975609756098,0.5136417556346382,0.6307692307692307,0.7577380952380952,0.748449099562732,0.7547468828308317,0.717391304347826,0.7674418604651163,0.5191980885601191
0.6299999999999997,0.6,3,3,0.6571428571428571,0.6944444444444444,0.676056338028169,0.351726875744343,0.5461538461538462,0.6757936507936508,0.6945591160298225,0.675536236148148,0.6764705882352942,0.6666666666666666,0.3518666717558053
0.6299999999999997,0.6,4,3,0.9142857142857143,0.7142857142857143,0.8142857142857143,0.6285714285714286,0.5384615384615384,0.8142857142857143,0.6904041362013497,0.8081220356417685,0.7619047619047619,0.8311688311688312,0.6415330278717848
0.6299999999999997,0.6,5,3,0.7209302325581395,0.6944444444444444,0.7088607594936709,0.41443764099258784,0.6076923076923078,0.707687338501292,0.8134464487292308,0.7075634210670032,0.7380952380952381,0.7294117647058823,0.4145720198718883
0.6399999999999997,0.6,1,3,0.8260869565217391,0.8148148148148148,0.821917808219178,0.6265249901613538,0.5615384615384615,0.8204508856682771,0.8796921155185891,0.8204315270022202,0.8837209302325582,0.8539325842696629,0.6288649859311239
0.6399999999999997,0.6,2,3,0.825,0.6904761904761905,0.7560975609756098,0.5136417556346382,0.6307692307692307,0.7577380952380952,0.7585593936803791,0.7547468828308317,0.717391304347826,0.7674418604651163,0.5191980885601191
0.6399999999999997,0.6,3,3,0.6571428571428571,0.6944444444444444,0.676056338028169,0.351726875744343,0.5461538461538462,0.6757936507936508,0.6948154676141894,0.675536236148148,0.6764705882352942,0.6666666666666666,0.3518666717558053
0.6399999999999997,0.6,4,3,0.9142857142857143,0.7142857142857143,0.8142857142857143,0.6285714285714286,0.5384615384615384,0.8142857142857143,0.8381406403664252,0.8081220356417685,0.7619047619047619,0.8311688311688312,0.6415330278717848
0.6399999999999997,0.6,5,3,0.7209302325581395,0.6944444444444444,0.7088607594936709,0.41443764099258784,0.6076923076923078,0.707687338501292,0.8187926762296809,0.7075634210670032,0.7380952380952381,0.7294117647058823,0.4145720198718883
0.6499999999999997,0.6,1,3,0.8260869565217391,0.8148148148148148,0.821917808219178,0.6265249901613538,0.5615384615384615,0.8204508856682771,0.892834474105182,0.8204315270022202,0.8837209302325582,0.8539325842696629,0.6288649859311239
0.6499999999999997,0.6,2,3,0.825,0.6904761904761905,0.7560975609756098,0.5136417556346382,0.6307692307692307,0.7577380952380952,0.7479209144950733,0.7547468828308317,0.717391304347826,0.7674418604651163,0.5191980885601191
0.6499999999999997,0.6,3,3,0.6571428571428571,0.6944444444444444,0.676056338028169,0.351726875744343,0.5461538461538462,0.6757936507936508,0.6861424623760581,0.675536236148148,0.6764705882352942,0.6666666666666666,0.3518666717558053
0.6499999999999997,0.6,4,3,0.9142857142857143,0.7142857142857143,0.8142857142857143,0.6285714285714286,0.5384615384615384,0.8142857142857143,0.8382714619258183,0.8081220356417685,0.7619047619047619,0.8311688311688312,0.6415330278717848
0.6499999999999997,0.6,5,3,0.7209302325581395,0.6944444444444444,0.7088607594936709,0.41443764099258784,0.6076923076923078,0.707687338501292,0.8192591263442338,0.7075634210670032,0.7380952380952381,0.7294117647058823,0.4145720198718883
0.6599999999999997,0.6,1,3,0.8260869565217391,0.8148148148148148,0.821917808219178,0.6265249901613538,0.5615384615384615,0.8204508856682771,0.8911622333025064,0.8204315270022202,0.8837209302325582,0.8539325842696629,0.6288649859311239
0.6599999999999997,0.6,2,3,0.825,0.6904761904761905,0.7560975609756098,0.5136417556346382,0.6307692307692307,0.7577380952380952,0.754354738024485,0.7547468828308317,0.717391304347826,0.7674418604651163,0.5191980885601191
0.6599999999999997,0.6,3,3,0.6571428571428571,0.6944444444444444,0.676056338028169,0.351726875744343,0.5461538461538462,0.6757936507936508,0.6297874203592514,0.675536236148148,0.6764705882352942,0.6666666666666666,0.3518666717558053
0.6599999999999997,0.6,4,3,0.9142857142857143,0.7142857142857143,0.8142857142857143,0.6285714285714286,0.5384615384615384,0.8142857142857143,0.8498360877761583,0.8081220356417685,0.7619047619047619,0.8311688311688312,0.6415330278717848
0.6599999999999997,0.6,5,3,0.7209302325581395,0.6944444444444444,0.7088607594936709,0.41443764099258784,0.6076923076923078,0.707687338501292,0.8171902290178615,0.7075634210670032,0.7380952380952381,0.7294117647058823,0.4145720198718883
0.6699999999999997,0.6,1,3,0.8260869565217391,0.8148148148148148,0.821917808219178,0.6265249901613538,0.5615384615384615,0.8204508856682771,0.8898244406603659,0.8204315270022202,0.8837209302325582,0.8539325842696629,0.6288649859311239
0.6699999999999997,0.6,2,3,0.825,0.6904761904761905,0.7560975609756098,0.5136417556346382,0.6307692307692307,0.7577380952380952,0.7538533041513407,0.7547468828308317,0.717391304347826,0.7674418604651163,0.5191980885601191
0.6699999999999997,0.6,3,3,0.6571428571428571,0.6944444444444444,0.676056338028169,0.351726875744343,0.5461538461538462,0.6757936507936508,0.7054176724600918,0.675536236148148,0.6764705882352942,0.6666666666666666,0.3518666717558053
0.6699999999999997,0.6,4,3,0.9142857142857143,0.7142857142857143,0.8142857142857143,0.6285714285714286,0.5384615384615384,0.8142857142857143,0.8527403263946827,0.8081220356417685,0.7619047619047619,0.8311688311688312,0.6415330278717848
0.6699999999999997,0.6,5,3,0.7209302325581395,0.6944444444444444,0.7088607594936709,0.41443764099258784,0.6076923076923078,0.707687338501292,0.8198911229489261,0.7075634210670032,0.7380952380952381,0.7294117647058823,0.4145720198718883
0.6799999999999997,0.6,1,3,0.8260869565217391,0.8148148148148148,0.821917808219178,0.6265249901613538,0.5615384615384615,0.8204508856682771,0.6503595577172221,0.8204315270022202,0.8837209302325582,0.8539325842696629,0.6288649859311239
0.6799999999999997,0.6,2,3,0.825,0.6904761904761905,0.7560975609756098,0.5136417556346382,0.6307692307692307,0.7577380952380952,0.7538533041513407,0.7547468828308317,0.717391304347826,0.7674418604651163,0.5191980885601191
0.6799999999999997,0.6,3,3,0.6571428571428571,0.6944444444444444,0.676056338028169,0.351726875744343,0.5461538461538462,0.6757936507936508,0.6804406816637733,0.675536236148148,0.6764705882352942,0.6666666666666666,0.3518666717558053
0.6799999999999997,0.6,4,3,0.9142857142857143,0.7142857142857143,0.8142857142857143,0.6285714285714286,0.5384615384615384,0.8142857142857143,0.835942838168623,0.8081220356417685,0.7619047619047619,0.8311688311688312,0.6415330278717848
0.6799999999999997,0.6,5,3,0.7209302325581395,0.6944444444444444,0.7088607594936709,0.41443764099258784,0.6076923076923078,0.707687338501292,0.8222167043442749,0.7075634210670032,0.7380952380952381,0.7294117647058823,0.4145720198718883
0.6899999999999997,0.6,1,3,0.8260869565217391,0.8148148148148148,0.821917808219178,0.6265249901613538,0.5615384615384615,0.8204508856682771,0.6580853102255833,0.8204315270022202,0.8837209302325582,0.8539325842696629,0.6288649859311239
0.6899999999999997,0.6,2,3,0.825,0.6904761904761905,0.7560975609756098,0.5136417556346382,0.6307692307692307,0.7577380952380952,0.7538533041513407,0.7547468828308317,0.717391304347826,0.7674418604651163,0.5191980885601191
0.6899999999999997,0.6,3,3,0.6571428571428571,0.6944444444444444,0.676056338028169,0.351726875744343,0.5461538461538462,0.6757936507936508,0.700608748890664,0.675536236148148,0.6764705882352942,0.6666666666666666,0.3518666717558053
0.6899999999999997,0.6,4,3,0.9142857142857143,0.7142857142857143,0.8142857142857143,0.6285714285714286,0.5384615384615384,0.8142857142857143,0.8208111444655007,0.8081220356417685,0.7619047619047619,0.8311688311688312,0.6415330278717848
0.6899999999999997,0.6,5,3,0.7209302325581395,0.6944444444444444,0.7088607594936709,0.41443764099258784,0.6076923076923078,0.707687338501292,0.8222167043442749,0.7075634210670032,0.7380952380952381,0.7294117647058823,0.4145720198718883
0.6999999999999996,0.6,1,3,0.8260869565217391,0.8148148148148148,0.821917808219178,0.6265249901613538,0.5615384615384615,0.8204508856682771,0.8931538357454321,0.8204315270022202,0.8837209302325582,0.8539325842696629,0.6288649859311239
0.6999999999999996,0.6,2,3,0.825,0.6904761904761905,0.7560975609756098,0.5136417556346382,0.6307692307692307,0.7577380952380952,0.7612062453278112,0.7547468828308317,0.717391304347826,0.7674418604651163,0.5191980885601191
0.6999999999999996,0.6,3,3,0.6571428571428571,0.6944444444444444,0.676056338028169,0.351726875744343,0.5461538461538462,0.6757936507936508,0.6852621102352019,0.675536236148148,0.6764705882352942,0.6666666666666666,0.3518666717558053
0.6999999999999996,0.6,4,3,0.9142857142857143,0.7142857142857143,0.8142857142857143,0.6285714285714286,0.5384615384615384,0.8142857142857143,0.8146192880127747,0.8081220356417685,0.7619047619047619,0.8311688311688312,0.6415330278717848
0.6999999999999996,0.6,5,3,0.7209302325581395,0.6944444444444444,0.7088607594936709,0.41443764099258784,0.6076923076923078,0.707687338501292,0.8245422857396236,0.7075634210670032,0.7380952380952381,0.7294117647058823,0.4145720198718883
0.7099999999999996,0.6,1,3,0.8260869565217391,0.8148148148148148,0.821917808219178,0.6265249901613538,0.5615384615384615,0.8204508856682771,0.8947157450081921,0.8204315270022202,0.8837209302325582,0.8539325842696629,0.6288649859311239
0.7099999999999996,0.6,2,3,0.825,0.6904761904761905,0.7560975609756098,0.5136417556346382,0.6307692307692307,0.7577380952380952,0.7538533041513407,0.7547468828308317,0.717391304347826,0.7674418604651163,0.5191980885601191
0.7099999999999996,0.6,3,3,0.6571428571428571,0.6944444444444444,0.676056338028169,0.351726875744343,0.5461538461538462,0.6757936507936508,0.6863230346049498,0.675536236148148,0.6764705882352942,0.6666666666666666,0.3518666717558053
0.7099999999999996,0.6,4,3,0.9142857142857143,0.7142857142857143,0.8142857142857143,0.6285714285714286,0.5384615384615384,0.8142857142857143,0.8438549260807109,0.8081220356417685,0.7619047619047619,0.8311688311688312,0.6415330278717848
0.7099999999999996,0.6,5,3,0.7209302325581395,0.6944444444444444,0.7088607594936709,0.41443764099258784,0.6076923076923078,0.707687338501292,0.8222167043442749,0.7075634210670032,0.7380952380952381,0.7294117647058823,0.4145720198718883
0.7199999999999996,0.6,1,3,0.8260869565217391,0.8148148148148148,0.821917808219178,0.6265249901613538,0.5615384615384615,0.8204508856682771,0.8915635710951485,0.8204315270022202,0.8837209302325582,0.8539325842696629,0.6288649859311239
0.7199999999999996,0.6,2,3,0.825,0.6904761904761905,0.7560975609756098,0.5136417556346382,0.6307692307692307,0.7577380952380952,0.7542042082181117,0.7547468828308317,0.717391304347826,0.7674418604651163,0.5191980885601191
0.7199999999999996,0.6,3,3,0.6571428571428571,0.6944444444444444,0.676056338028169,0.351726875744343,0.5461538461538462,0.6757936507936508,0.6899995051931851,0.675536236148148,0.6764705882352942,0.6666666666666666,0.3518666717558053
0.7199999999999996,0.6,4,3,0.9142857142857143,0.7142857142857143,0.8142857142857143,0.6285714285714286,0.5384615384615384,0.8142857142857143,0.8337724426211266,0.8081220356417685,0.7619047619047619,0.8311688311688312,0.6415330278717848
0.7199999999999996,0.6,5,3,0.7209302325581395,0.6944444444444444,0.7088607594936709,0.41443764099258784,0.6076923076923078,0.707687338501292,0.8137317026590709,0.7075634210670032,0.7380952380952381,0.7294117647058823,0.4145720198718883
0.7299999999999996,0.6,1,3,0.8260869565217391,0.8148148148148148,0.821917808219178,0.6265249901613538,0.5615384615384615,0.8204508856682771,0.6731703763881542,0.8204315270022202,0.8837209302325582,0.8539325842696629,0.6288649859311239
0.7299999999999996,0.6,2,3,0.825,0.6904761904761905,0.7560975609756098,0.5136417556346382,0.6307692307692307,0.7577380952380952,0.7477703846886998,0.7547468828308317,0.717391304347826,0.7674418604651163,0.5191980885601191
0.7299999999999996,0.6,3,3,0.6571428571428571,0.6944444444444444,0.676056338028169,0.351726875744343,0.5461538461538462,0.6757936507936508,0.7059658917478069,0.675536236148148,0.6764705882352942,0.6666666666666666,0.3518666717558053
0.7299999999999996,0.6,4,3,0.9142857142857143,0.7142857142857143,0.8142857142857143,0.6285714285714286,0.5384615384615384,0.8142857142857143,0.8313304401791243,0.8081220356417685,0.7619047619047619,0.8311688311688312,0.6415330278717848
0.7299999999999996,0.6,5,3,0.7209302325581395,0.6944444444444444,0.7088607594936709,0.41443764099258784,0.6076923076923078,0.707687338501292,0.8268678671349725,0.7075634210670032,0.7380952380952381,0.7294117647058823,0.4145720198718883
0.7399999999999997,0.6,1,3,0.8260869565217391,0.8148148148148148,0.821917808219178,0.6265249901613538,0.5615384615384615,0.8204508856682771,0.8960744406603659,0.8204315270022202,0.8837209302325582,0.8539325842696629,0.6288649859311239
0.7399999999999997,0.6,2,3,0.825,0.6904761904761905,0.7560975609756098,0.5136417556346382,0.6307692307692307,0.7577380952380952,0.7542042082181117,0.7547468828308317,0.717391304347826,0.7674418604651163,0.5191980885601191
0.7399999999999997,0.6,3,3,0.6571428571428571,0.6944444444444444,0.676056338028169,0.351726875744343,0.5461538461538462,0.6757936507936508,0.6224049673780591,0.675536236148148,0.6764705882352942,0.6666666666666666,0.3518666717558053
0.7399999999999997,0.6,4,3,0.9142857142857143,0.7142857142857143,0.8142857142857143,0.6285714285714286,0.5384615384615384,0.8142857142857143,0.845450447156274,0.8081220356417685,0.7619047619047619,0.8311688311688312,0.6415330278717848
0.7399999999999997,0.6,5,3,0.7209302325581395,0.6944444444444444,0.7088607594936709,0.41443764099258784,0.6076923076923078,0.707687338501292,0.8180500376776082,0.7075634210670032,0.7380952380952381,0.7294117647058823,0.4145720198718883
0.7499999999999997,0.6,1,3,0.8260869565217391,0.8148148148148148,0.821917808219178,0.6265249901613538,0.5615384615384615,0.8204508856682771,0.8863461797908007,0.8204315270022202,0.8837209302325582,0.8539325842696629,0.6288649859311239
0.7499999999999997,0.6,2,3,0.825,0.6904761904761905,0.7560975609756098,0.5136417556346382,0.6307692307692307,0.7577380952380952,0.7542042082181117,0.7547468828308317,0.717391304347826,0.7674418604651163,0.5191980885601191
0.7499999999999997,0.6,3,3,0.6571428571428571,0.6944444444444444,0.676056338028169,0.351726875744343,0.5461538461538462,0.6757936507936508,0.6915121102352019,0.675536236148148,0.6764705882352942,0.6666666666666666,0.3518666717558053
0.7499999999999997,0.6,4,3,0.9142857142857143,0.7142857142857143,0.8142857142857143,0.6285714285714286,0.5384615384615384,0.8142857142857143,0.8379238467725308,0.8081220356417685,0.7619047619047619,0.8311688311688312,0.6415330278717848
0.7499999999999997,0.6,5,3,0.7209302325581395,0.6944444444444444,0.7088607594936709,0.41443764099258784,0.6076923076923078,0.707687338501292,0.8162510825040322,0.7075634210670032,0.7380952380952381,0.7294117647058823,0.4145720198718883
0.7599999999999997,0.6,1,3,0.8260869565217391,0.8148148148148148,0.821917808219178,0.6265249901613538,0.5615384615384615,0.8204508856682771,0.892834474105182,0.8204315270022202,0.8837209302325582,0.8539325842696629,0.6288649859311239
0.7599999999999997,0.6,2,3,0.825,0.6904761904761905,0.7560975609756098,0.5136417556346382,0.6307692307692307,0.7577380952380952,0.7542042082181117,0.7547468828308317,0.717391304347826,0.7674418604651163,0.5191980885601191
0.7599999999999997,0.6,3,3,0.6571428571428571,0.6944444444444444,0.676056338028169,0.351726875744343,0.5461538461538462,0.6757936507936508,0.6952516060335212,0.675536236148148,0.6764705882352942,0.6666666666666666,0.3518666717558053
0.7599999999999997,0.6,4,3,0.9142857142857143,0.7142857142857143,0.8142857142857143,0.6285714285714286,0.5384615384615384,0.8142857142857143,0.7664865539066663,0.8081220356417685,0.7619047619047619,0.8311688311688312,0.6415330278717848
0.7599999999999997,0.6,5,3,0.7209302325581395,0.6944444444444444,0.7088607594936709,0.41443764099258784,0.6076923076923078,0.707687338501292,0.8156275570574532,0.7075634210670032,0.7380952380952381,0.7294117647058823,0.4145720198718883
0.7699999999999997,0.6,1,3,0.8260869565217391,0.8148148148148148,0.821917808219178,0.6265249901613538,0.5615384615384615,0.8204508856682771,0.8830853102255833,0.8204315270022202,0.8837209302325582,0.8539325842696629,0.6288649859311239
0.7699999999999997,0.6,2,3,0.825,0.6904761904761905,0.7560975609756098,0.5136417556346382,0.6307692307692307,0.7577380952380952,0.7583271917847657,0.7547468828308317,0.717391304347826,0.7674418604651163,0.5191980885601191
0.7699999999999997,0.6,3,3,0.6571428571428571,0.6944444444444444,0.676056338028169,0.351726875744343,0.5461538461538462,0.6757936507936508,0.6710426499260503,0.675536236148148,0.6764705882352942,0.6666666666666666,0.3518666717558053
0.7699999999999997,0.6,4,3,0.9142857142857143,0.7142857142857143,0.8142857142857143,0.6285714285714286,0.5384615384615384,0.8142857142857143,0.8509885598372439,0.8081220356417685,0.7619047619047619,0.8311688311688312,0.6415330278717848
0.7699999999999997,0.6,5,3,0.7209302325581395,0.6944444444444444,0.7088607594936709,0.41443764099258784,0.6076923076923078,0.707687338501292,0.8291934485303214,0.7075634210670032,0.7380952380952381,0.7294117647058823,0.4145720198718883
0.7799999999999997,0.6,1,3,0.8260869565217391,0.8148148148148148,0.821917808219178,0.6265249901613538,0.5615384615384615,0.8204508856682771,0.892834474105182,0.8204315270022202,0.8837209302325582,0.8539325842696629,0.6288649859311239
0.7799999999999997,0.6,2,3,0.825,0.6904761904761905,0.7560975609756098,0.5136417556346382,0.6307692307692307,0.7577380952380952,0.7583271917847657,0.7547468828308317,0.717391304347826,0.7674418604651163,0.5191980885601191
0.7799999999999997,0.6,3,3,0.6571428571428571,0.6944444444444444,0.676056338028169,0.351726875744343,0.5461538461538462,0.6757936507936508,0.5530454510464985,0.675536236148148,0.6764705882352942,0.6666666666666666,0.3518666717558053
0.7799999999999997,0.6,4,3,0.9142857142857143,0.7142857142857143,0.8142857142857143,0.6285714285714286,0.5384615384615384,0.8142857142857143,0.84851167164607,0.8081220356417685,0.7619047619047619,0.8311688311688312,0.6415330278717848
0.7799999999999997,0.6,5,3,0.7209302325581395,0.6944444444444444,0.7088607594936709,0.41443764099258784,0.6076923076923078,0.707687338501292,0.8137232766395226,0.7075634210670032,0.7380952380952381,0.7294117647058823,0.4145720198718883
0.7899999999999996,0.6,1,3,0.8260869565217391,0.8148148148148148,0.821917808219178,0.6265249901613538,0.5615384615384615,0.8204508856682771,0.8964423336369546,0.8204315270022202,0.8837209302325582,0.8539325842696629,0.6288649859311239
0.7899999999999996,0.6,2,3,0.825,0.6904761904761905,0.7560975609756098,0.5136417556346382,0.6307692307692307,0.7577380952380952,0.7414460643337855,0.7547468828308317,0.717391304347826,0.7674418604651163,0.5191980885601191
0.7899999999999996,0.6,3,3,0.6571428571428571,0.6944444444444444,0.676056338028169,0.351726875744343,0.5461538461538462,0.6757936507936508,0.6959025939036414,0.675536236148148,0.6764705882352942,0.6666666666666666,0.3518666717558053
0.7899999999999996,0.6,4,3,0.9142857142857143,0.7142857142857143,0.8142857142857143,0.6285714285714286,0.5384615384615384,0.8142857142857143,0.7699402430746414,0.8081220356417685,0.7619047619047619,0.8311688311688312,0.6415330278717848
0.7899999999999996,0.6,5,3,0.7209302325581395,0.6944444444444444,0.7088607594936709,0.41443764099258784,0.6076923076923078,0.707687338501292,0.8180500376776082,0.7075634210670032,0.7380952380952381,0.7294117647058823,0.4145720198718883
0.7999999999999996,0.6,1,3,0.8260869565217391,0.8148148148148148,0.821917808219178,0.6265249901613538,0.5615384615384615,0.8204508856682771,0.8867084986313805,0.8204315270022202,0.8837209302325582,0.8539325842696629,0.6288649859311239
0.7999999999999996,0.6,2,3,0.825,0.6904761904761905,0.7560975609756098,0.5136417556346382,0.6307692307692307,0.7577380952380952,0.7546507211965305,0.7547468828308317,0.717391304347826,0.7674418604651163,0.5191980885601191
0.7999999999999996,0.6,3,3,0.6571428571428571,0.6944444444444444,0.676056338028169,0.351726875744343,0.5461538461538462,0.6757936507936508,0.7024151989456582,0.675536236148148,0.6764705882352942,0.6666666666666666,0.3518666717558053
0.7999999999999996,0.6,4,3,0.9142857142857143,0.7142857142857143,0.8142857142857143,0.6285714285714286,0.5384615384615384,0.8142857142857143,0.8255184743671583,0.8081220356417685,0.7619047619047619,0.8311688311688312,0.6415330278717848
0.7999999999999996,0.6,5,3,0.7209302325581395,0.6944444444444444,0.7088607594936709,0.41443764099258784,0.6076923076923078,0.707687338501292,0.8180500376776082,0.7075634210670032,0.7380952380952381,0.7294117647058823,0.4145720198718883
0.8099999999999996,0.6,1,3,0.8260869565217391,0.8148148148148148,0.821917808219178,0.6265249901613538,0.5615384615384615,0.8204508856682771,0.771597015911202,0.8204315270022202,0.8837209302325582,0.8539325842696629,0.6288649859311239
0.8099999999999996,0.6,2,3,0.825,0.6904761904761905,0.7560975609756098,0.5136417556346382,0.6307692307692307,0.7577380952380952,0.7546507211965305,0.7547468828308317,0.717391304347826,0.7674418604651163,0.5191980885601191
0.8099999999999996,0.6,3,3,0.6571428571428571,0.6944444444444444,0.676056338028169,0.351726875744343,0.5461538461538462,0.6757936507936508,0.5484900426762539,0.675536236148148,0.6764705882352942,0.6666666666666666,0.3518666717558053
0.8099999999999996,0.6,4,3,0.9142857142857143,0.7142857142857143,0.8142857142857143,0.6285714285714286,0.5384615384615384,0.8142857142857143,0.8379151253352379,0.8081220356417685,0.7619047619047619,0.8311688311688312,0.6415330278717848
0.8099999999999996,0.6,5,3,0.7209302325581395,0.6944444444444444,0.7088607594936709,0.41443764099258784,0.6076923076923078,0.707687338501292,0.8162510825040322,0.7075634210670032,0.7380952380952381,0.7294117647058823,0.4145720198718883
0.8199999999999996,0.6,1,3,0.8260869565217391,0.8148148148148148,0.821917808219178,0.6265249901613538,0.5615384615384615,0.8204508856682771,0.8975836379847806,0.8204315270022202,0.8837209302325582,0.8539325842696629,0.6288649859311239
0.8199999999999996,0.6,2,3,0.825,0.6904761904761905,0.7560975609756098,0.5136417556346382,0.6307692307692307,0.7577380952380952,0.7546507211965305,0.7547468828308317,0.717391304347826,0.7674418604651163,0.5191980885601191
0.8199999999999996,0.6,3,3,0.6571428571428571,0.6944444444444444,0.676056338028169,0.351726875744343,0.5461538461538462,0.6757936507936508,0.6965992863737329,0.675536236148148,0.6764705882352942,0.6666666666666666,0.3518666717558053
0.8199999999999996,0.6,4,3,0.9142857142857143,0.7142857142857143,0.8142857142857143,0.6285714285714286,0.5384615384615384,0.8142857142857143,0.7401216489703328,0.8081220356417685,0.7619047619047619,0.8311688311688312,0.6415330278717848
0.8199999999999996,0.6,5,3,0.7209302325581395,0.6944444444444444,0.7088607594936709,0.41443764099258784,0.6076923076923078,0.707687338501292,0.8137232766395226,0.7075634210670032,0.7380952380952381,0.7294117647058823,0.4145720198718883
0.8299999999999996,0.6,1,3,0.8260869565217391,0.8148148148148148,0.821917808219178,0.6265249901613538,0.5615384615384615,0.8204508856682771,0.8956940058777573,0.8204315270022202,0.8837209302325582,0.8539325842696629,0.6288649859311239
0.8299999999999996,0.6,2,3,0.825,0.6904761904761905,0.7560975609756098,0.5136417556346382,0.6307692307692307,0.7577380952380952,0.7521231476671187,0.7547468828308317,0.717391304347826,0.7674418604651163,0.5191980885601191
0.8299999999999996,0.6,3,3,0.6571428571428571,0.6944444444444444,0.676056338028169,0.351726875744343,0.5461538461538462,0.6757936507936508,0.55374214351659,0.675536236148148,0.6764705882352942,0.6666666666666666,0.3518666717558053
0.8299999999999996,0.6,4,3,0.9142857142857143,0.7142857142857143,0.8142857142857143,0.6285714285714286,0.5384615384615384,0.8142857142857143,0.7682962521449361,0.8081220356417685,0.7619047619047619,0.8311688311688312,0.6415330278717848
0.8299999999999996,0.6,5,3,0.7209302325581395,0.6944444444444444,0.7088607594936709,0.41443764099258784,0.6076923076923078,0.707687338501292,0.8222167043442749,0.7075634210670032,0.7380952380952381,0.7294117647058823,0.4145720198718883
0.8399999999999996,0.6,1,3,0.8260869565217391,0.8148148148148148,0.821917808219178,0.6265249901613538,0.5615384615384615,0.8204508856682771,0.8880853102255833,0.8204315270022202,0.8837209302325582,0.8539325842696629,0.6288649859311239
0.8399999999999996,0.6,2,3,0.825,0.6904761904761905,0.7560975609756098,0.5136417556346382,0.6307692307692307,0.7577380952380952,0.7553911058119152,0.7547468828308317,0.717391304347826,0.7674418604651163,0.5191980885601191
0.8399999999999996,0.6,3,3,0.6571428571428571,0.6944444444444444,0.676056338028169,0.351726875744343,0.5461538461538462,0.6757936507936508,0.7019564292308758,0.675536236148148,0.6764705882352942,0.6666666666666666,0.3518666717558053
0.8399999999999996,0.6,4,3,0.9142857142857143,0.7142857142857143,0.8142857142857143,0.6285714285714286,0.5384615384615384,0.8142857142857143,0.8254912634828047,0.8081220356417685,0.7619047619047619,0.8311688311688312,0.6415330278717848
0.8399999999999996,0.6,5,3,0.7209302325581395,0.6944444444444444,0.7088607594936709,0.41443764099258784,0.6076923076923078,0.707687338501292,0.8156275570574532,0.7075634210670032,0.7380952380952381,0.7294117647058823,0.4145720198718883
0.8499999999999996,0.6,1,3,0.8260869565217391,0.8148148148148148,0.821917808219178,0.6265249901613538,0.5615384615384615,0.8204508856682771,0.8987918319647138,0.8204315270022202,0.8837209302325582,0.8539325842696629,0.6288649859311239
0.8499999999999996,0.6,2,3,0.825,0.6904761904761905,0.7560975609756098,0.5136417556346382,0.6307692307692307,0.7577380952380952,0.7541170236635358,0.7547468828308317,0.717391304347826,0.7674418604651163,0.5191980885601191
0.8499999999999996,0.6,3,3,0.6571428571428571,0.6944444444444444,0.676056338028169,0.351726875744343,0.5461538461538462,0.6757936507936508,0.7031118914157497,0.675536236148148,0.6764705882352942,0.6666666666666666,0.3518666717558053
0.8499999999999996,0.6,4,3,0.9142857142857143,0.7142857142857143,0.8142857142857143,0.6285714285714286,0.5384615384615384,0.8142857142857143,0.6869470457957298,0.8081220356417685,0.7619047619047619,0.8311688311688312,0.6415330278717848
0.8499999999999996,0.6,5,3,0.7209302325581395,0.6944444444444444,0.7088607594936709,0.41443764099258784,0.6076923076923078,0.707687338501292,0.8156275570574532,0.7075634210670032,0.7380952380952381,0.7294117647058823,0.4145720198718883
0.8599999999999995,0.6,1,3,0.8260869565217391,0.8148148148148148,0.821917808219178,0.6265249901613538,0.5615384615384615,0.8204508856682771,0.7762012522545689,0.8204315270022202,0.8837209302325582,0.8539325842696629,0.6288649859311239
0.8599999999999995,0.6,2,3,0.825,0.6904761904761905,0.7560975609756098,0.5136417556346382,0.6307692307692307,0.7577380952380952,0.7476832001341239,0.7547468828308317,0.717391304347826,0.7674418604651163,0.5191980885601191
0.8599999999999995,0.6,3,3,0.6571428571428571,0.6944444444444444,0.676056338028169,0.351726875744343,0.5461538461538462,0.6757936507936508,0.6913471855333968,0.675536236148148,0.6764705882352942,0.6666666666666666,0.3518666717558053
0.8599999999999995,0.6,4,3,0.9142857142857143,0.7142857142857143,0.8142857142857143,0.6285714285714286,0.5384615384615384,0.8142857142857143,0.8432962521449361,0.8081220356417685,0.7619047619047619,0.8311688311688312,0.6415330278717848
0.8599999999999995,0.6,5,3,0.7209302325581395,0.6944444444444444,0.7088607594936709,0.41443764099258784,0.6076923076923078,0.707687338501292,0.8092421662433466,0.7075634210670032,0.7380952380952381,0.7294117647058823,0.4145720198718883
0.8699999999999996,0.6,1,3,0.8260869565217391,0.8148148148148148,0.821917808219178,0.6265249901613538,0.5615384615384615,0.8204508856682771,0.6503595577172221,0.8204315270022202,0.8837209302325582,0.8539325842696629,0.6288649859311239
0.8699999999999996,0.6,2,3,0.825,0.6904761904761905,0.7560975609756098,0.5136417556346382,0.6307692307692307,0.7577380952380952,0.7476832001341239,0.7547468828308317,0.717391304347826,0.7674418604651163,0.5191980885601191
0.8699999999999996,0.6,3,3,0.6571428571428571,0.6944444444444444,0.676056338028169,0.351726875744343,0.5461538461538462,0.6757936507936508,0.7073135720880186,0.675536236148148,0.6764705882352942,0.6666666666666666,0.3518666717558053
0.8699999999999996,0.6,4,3,0.9142857142857143,0.7142857142857143,0.8142857142857143,0.6285714285714286,0.5384615384615384,0.8142857142857143,0.8254912634828047,0.8081220356417685,0.7619047619047619,0.8311688311688312,0.6415330278717848
0.8699999999999996,0.6,5,3,0.7209302325581395,0.6944444444444444,0.7088607594936709,0.41443764099258784,0.6076923076923078,0.707687338501292,0.8137317026590709,0.7075634210670032,0.7380952380952381,0.7294117647058823,0.4145720198718883
0.8799999999999996,0.6,1,3,0.8260869565217391,0.8148148148148148,0.821917808219178,0.6265249901613538,0.5615384615384615,0.8204508856682771,0.8867029244953715,0.8204315270022202,0.8837209302325582,0.8539325842696629,0.6288649859311239
0.8799999999999996,0.6,2,3,0.825,0.6904761904761905,0.7560975609756098,0.5136417556346382,0.6307692307692307,0.7577380952380952,0.7541170236635358,0.7547468828308317,0.717391304347826,0.7674418604651163,0.5191980885601191
0.8799999999999996,0.6,3,3,0.6571428571428571,0.6944444444444444,0.676056338028169,0.351726875744343,0.5461538461538462,0.6757936507936508,0.6258009670460019,0.675536236148148,0.6764705882352942,0.6666666666666666,0.3518666717558053
0.8799999999999996,0.6,4,3,0.9142857142857143,0.7142857142857143,0.8142857142857143,0.6285714285714286,0.5384615384615384,0.8142857142857143,0.8396733670934796,0.8081220356417685,0.7619047619047619,0.8311688311688312,0.6415330278717848
0.8799999999999996,0.6,5,3,0.7209302325581395,0.6944444444444444,0.7088607594936709,0.41443764099258784,0.6076923076923078,0.707687338501292,0.8268678671349725,0.7075634210670032,0.7380952380952381,0.7294117647058823,0.4145720198718883
0.8899999999999996,0.6,1,3,0.8260869565217391,0.8148148148148148,0.821917808219178,0.6265249901613538,0.5615384615384615,0.8204508856682771,0.8964423336369546,0.8204315270022202,0.8837209302325582,0.8539325842696629,0.6288649859311239
0.8899999999999996,0.6,2,3,0.825,0.6904761904761905,0.7560975609756098,0.5136417556346382,0.6307692307692307,0.7577380952380952,0.7476832001341239,0.7547468828308317,0.717391304347826,0.7674418604651163,0.5191980885601191
0.8899999999999996,0.6,3,3,0.6571428571428571,0.6944444444444444,0.676056338028169,0.351726875744343,0.5461538461538462,0.6757936507936508,0.5484900426762539,0.675536236148148,0.6764705882352942,0.6666666666666666,0.3518666717558053
0.8899999999999996,0.6,4,3,0.9142857142857143,0.7142857142857143,0.8142857142857143,0.6285714285714286,0.5384615384615384,0.8142857142857143,0.8313304401791243,0.8081220356417685,0.7619047619047619,0.8311688311688312,0.6415330278717848
0.8899999999999996,0.6,5,3,0.7209302325581395,0.6944444444444444,0.7088607594936709,0.41443764099258784,0.6076923076923078,0.707687338501292,0.8222167043442749,0.7075634210670032,0.7380952380952381,0.7294117647058823,0.4145720198718883
0.8999999999999996,0.6,1,3,0.8260869565217391,0.8148148148148148,0.821917808219178,0.6265249901613538,0.5615384615384615,0.8204508856682771,0.8830853102255833,0.8204315270022202,0.8837209302325582,0.8539325842696629,0.6288649859311239
0.8999999999999996,0.6,2,3,0.825,0.6904761904761905,0.7560975609756098,0.5136417556346382,0.6307692307692307,0.7577380952380952,0.7515894501341239,0.7547468828308317,0.717391304347826,0.7674418604651163,0.5191980885601191
0.8999999999999996,0.6,3,3,0.6571428571428571,0.6944444444444444,0.676056338028169,0.351726875744343,0.5461538461538462,0.6757936507936508,0.6871455048611279,0.675536236148148,0.6764705882352942,0.6666666666666666,0.3518666717558053
0.8999999999999996,0.6,4,3,0.9142857142857143,0.7142857142857143,0.8142857142857143,0.6285714285714286,0.5384615384615384,0.8142857142857143,0.8432962521449361,0.8081220356417685,0.7619047619047619,0.8311688311688312,0.6415330278717848
0.8999999999999996,0.6,5,3,0.7209302325581395,0.6944444444444444,0.7088607594936709,0.41443764099258784,0.6076923076923078,0.707687338501292,0.8222167043442749,0.7075634210670032,0.7380952380952381,0.7294117647058823,0.4145720198718883
0.9099999999999996,0.6,1,3,0.8260869565217391,0.8148148148148148,0.821917808219178,0.6265249901613538,0.5615384615384615,0.8204508856682771,0.8476505276168878,0.8204315270022202,0.8837209302325582,0.8539325842696629,0.6288649859311239
0.9099999999999996,0.6,2,3,0.825,0.6904761904761905,0.7560975609756098,0.5136417556346382,0.6307692307692307,0.7577380952380952,0.7541170236635358,0.7547468828308317,0.717391304347826,0.7674418604651163,0.5191980885601191
0.9099999999999996,0.6,3,3,0.6571428571428571,0.6944444444444444,0.676056338028169,0.351726875744343,0.5461538461538462,0.6757936507936508,0.7036233050850582,0.675536236148148,0.6764705882352942,0.6666666666666666,0.3518666717558053
0.9099999999999996,0.6,4,3,0.9142857142857143,0.7142857142857143,0.8142857142857143,0.6285714285714286,0.5384615384615384,0.8142857142857143,0.8194300389930087,0.8081220356417685,0.7619047619047619,0.8311688311688312,0.6415330278717848
0.9099999999999996,0.6,5,3,0.7209302325581395,0.6944444444444444,0.7088607594936709,0.41443764099258784,0.6076923076923078,0.707687338501292,0.8112038967945614,0.7075634210670032,0.7380952380952381,0.7294117647058823,0.4145720198718883
0.9199999999999996,0.6,1,3,0.8260869565217391,0.8148148148148148,0.821917808219178,0.6265249901613538,0.5615384615384615,0.8204508856682771,0.8880853102255833,0.8204315270022202,0.8837209302325582,0.8539325842696629,0.6288649859311239
0.9199999999999996,0.6,2,3,0.825,0.6904761904761905,0.7560975609756098,0.5136417556346382,0.6307692307692307,0.7577380952380952,0.7515894501341239,0.7547468828308317,0.717391304347826,0.7674418604651163,0.5191980885601191
0.9199999999999996,0.6,3,3,0.6571428571428571,0.6944444444444444,0.676056338028169,0.351726875744343,0.5461538461538462,0.6757936507936508,0.6519426328161506,0.675536236148148,0.6764705882352942,0.6666666666666666,0.3518666717558053
0.9199999999999996,0.6,4,3,0.9142857142857143,0.7142857142857143,0.8142857142857143,0.6285714285714286,0.5384615384615384,0.8142857142857143,0.8220899029385871,0.8081220356417685,0.7619047619047619,0.8311688311688312,0.6415330278717848
0.9199999999999996,0.6,5,3,0.7209302325581395,0.6944444444444444,0.7088607594936709,0.41443764099258784,0.6076923076923078,0.707687338501292,0.8156275570574532,0.7075634210670032,0.7380952380952381,0.7294117647058823,0.4145720198718883
0.9299999999999996,0.6,1,3,0.8260869565217391,0.8148148148148148,0.821917808219178,0.6265249901613538,0.5615384615384615,0.8204508856682771,0.9001923336369546,0.8204315270022202,0.8837209302325582,0.8539325842696629,0.6288649859311239
0.9299999999999996,0.6,2,3,0.825,0.6904761904761905,0.7560975609756098,0.5136417556346382,0.6307692307692307,0.7577380952380952,0.7541170236635358,0.7547468828308317,0.717391304347826,0.7674418604651163,0.5191980885601191
0.9299999999999996,0.6,3,3,0.6571428571428571,0.6944444444444444,0.676056338028169,0.351726875744343,0.5461538461538462,0.6757936507936508,0.6782691634283955,0.675536236148148,0.6764705882352942,0.6666666666666666,0.3518666717558053
0.9299999999999996,0.6,4,3,0.9142857142857143,0.7142857142857143,0.8142857142857143,0.6285714285714286,0.5384615384615384,0.8142857142857143,0.8511193813966367,0.8081220356417685,0.7619047619047619,0.8311688311688312,0.6415330278717848
0.9299999999999996,0.6,5,3,0.7209302325581395,0.6944444444444444,0.7088607594936709,0.41443764099258784,0.6076923076923078,0.707687338501292,0.8222167043442749,0.7075634210670032,0.7380952380952381,0.7294117647058823,0.4145720198718883
0.9399999999999996,0.6,1,3,0.8260869565217391,0.8148148148148148,0.821917808219178,0.6265249901613538,0.5615384615384615,0.8204508856682771,0.8898244406603659,0.8204315270022202,0.8837209302325582,0.8539325842696629,0.6288649859311239
0.9399999999999996,0.6,2,3,0.825,0.6904761904761905,0.7560975609756098,0.5136417556346382,0.6307692307692307,0.7577380952380952,0.7476832001341239,0.7547468828308317,0.717391304347826,0.7674418604651163,0.5191980885601191
0.9399999999999996,0.6,3,3,0.6571428571428571,0.6944444444444444,0.676056338028169,0.351726875744343,0.5461538461538462,0.6757936507936508,0.6242640613875792,0.675536236148148,0.6764705882352942,0.6666666666666666,0.3518666717558053
0.9399999999999996,0.6,4,3,0.9142857142857143,0.7142857142857143,0.8142857142857143,0.6285714285714286,0.5384615384615384,0.8142857142857143,0.7384708553195394,0.8081220356417685,0.7619047619047619,0.8311688311688312,0.6415330278717848
0.9399999999999996,0.6,5,3,0.7209302325581395,0.6944444444444444,0.7088607594936709,0.41443764099258784,0.6076923076923078,0.707687338501292,0.8222167043442749,0.7075634210670032,0.7380952380952381,0.7294117647058823,0.4145720198718883
0.9499999999999995,0.6,1,3,0.8260869565217391,0.8148148148148148,0.821917808219178,0.6265249901613538,0.5615384615384615,0.8204508856682771,0.8988879858108676,0.8204315270022202,0.8837209302325582,0.8539325842696629,0.6288649859311239
0.9499999999999995,0.6,2,3,0.825,0.6904761904761905,0.7560975609756098,0.5136417556346382,0.6307692307692307,0.7577380952380952,0.7541170236635358,0.7547468828308317,0.717391304347826,0.7674418604651163,0.5191980885601191
0.9499999999999995,0.6,3,3,0.6571428571428571,0.6944444444444444,0.676056338028169,0.351726875744343,0.5461538461538462,0.6757936507936508,0.5542535571858984,0.675536236148148,0.6764705882352942,0.6666666666666666,0.3518666717558053
0.9499999999999995,0.6,4,3,0.9142857142857143,0.7142857142857143,0.8142857142857143,0.6285714285714286,0.5384615384615384,0.8142857142857143,0.8401216489703329,0.8081220356417685,0.7619047619047619,0.8311688311688312,0.6415330278717848
0.9499999999999995,0.6,5,3,0.7209302325581395,0.6944444444444444,0.7088607594936709,0.41443764099258784,0.6076923076923078,0.707687338501292,0.8204725182977632,0.7075634210670032,0.7380952380952381,0.7294117647058823,0.4145720198718883
0.9599999999999995,0.6,1,3,0.8260869565217391,0.8148148148148148,0.821917808219178,0.6265249901613538,0.5615384615384615,0.8204508856682771,0.8956940058777573,0.8204315270022202,0.8837209302325582,0.8539325842696629,0.6288649859311239
0.9599999999999995,0.6,2,3,0.825,0.6904761904761905,0.7560975609756098,0.5136417556346382,0.6307692307692307,0.7577380952380952,0.7541170236635358,0.7547468828308317,0.717391304347826,0.7674418604651163,0.5191980885601191
0.9599999999999995,0.6,3,3,0.6571428571428571,0.6944444444444444,0.676056338028169,0.351726875744343,0.5461538461538462,0.6757936507936508,0.6977409521438817,0.675536236148148,0.6764705882352942,0.6666666666666666,0.3518666717558053
0.9599999999999995,0.6,4,3,0.9142857142857143,0.7142857142857143,0.8142857142857143,0.6285714285714286,0.5384615384615384,0.8142857142857143,0.8337724426211266,0.8081220356417685,0.7619047619047619,0.8311688311688312,0.6415330278717848
0.9599999999999995,0.6,5,3,0.7209302325581395,0.6944444444444444,0.7088607594936709,0.41443764099258784,0.6076923076923078,0.707687338501292,0.8222167043442749,0.7075634210670032,0.7380952380952381,0.7294117647058823,0.4145720198718883
0.9699999999999995,0.6,1,3,0.8260869565217391,0.8148148148148148,0.821917808219178,0.6265249901613538,0.5615384615384615,0.8204508856682771,0.7762012522545689,0.8204315270022202,0.8837209302325582,0.8539325842696629,0.6288649859311239
0.9699999999999995,0.6,2,3,0.825,0.6904761904761905,0.7560975609756098,0.5136417556346382,0.6307692307692307,0.7577380952380952,0.7577934942517711,0.7547468828308317,0.717391304347826,0.7674418604651163,0.5191980885601191
0.9699999999999995,0.6,3,3,0.6571428571428571,0.6944444444444444,0.676056338028169,0.351726875744343,0.5461538461538462,0.6757936507936508,0.6971107000430413,0.675536236148148,0.6764705882352942,0.6666666666666666,0.3518666717558053
0.9699999999999995,0.6,4,3,0.9142857142857143,0.7142857142857143,0.8142857142857143,0.6285714285714286,0.5384615384615384,0.8142857142857143,0.8486686575173417,0.8081220356417685,0.7619047619047619,0.8311688311688312,0.6415330278717848
0.9699999999999995,0.6,5,3,0.7209302325581395,0.6944444444444444,0.7088607594936709,0.41443764099258784,0.6076923076923078,0.707687338501292,0.8245422857396236,0.7075634210670032,0.7380952380952381,0.7294117647058823,0.4145720198718883
0.9799999999999995,0.6,1,3,0.8260869565217391,0.8148148148148148,0.821917808219178,0.6265249901613538,0.5615384615384615,0.8204508856682771,0.8867029244953715,0.8204315270022202,0.8837209302325582,0.8539325842696629,0.6288649859311239
0.9799999999999995,0.6,2,3,0.825,0.6904761904761905,0.7560975609756098,0.5136417556346382,0.6307692307692307,0.7577380952380952,0.7614699648400064,0.7547468828308317,0.717391304347826,0.7674418604651163,0.5191980885601191
0.9799999999999995,0.6,3,3,0.6571428571428571,0.6944444444444444,0.676056338028169,0.351726875744343,0.5461538461538462,0.6757936507936508,0.6277229449410004,0.675536236148148,0.6764705882352942,0.6666666666666666,0.3518666717558053
0.9799999999999995,0.6,4,3,0.9142857142857143,0.7142857142857143,0.8142857142857143,0.6285714285714286,0.5384615384615384,0.8142857142857143,0.8486686575173417,0.8081220356417685,0.7619047619047619,0.8311688311688312,0.6415330278717848
0.9799999999999995,0.6,5,3,0.7209302325581395,0.6944444444444444,0.7088607594936709,0.41443764099258784,0.6076923076923078,0.707687338501292,0.8156275570574532,0.7075634210670032,0.7380952380952381,0.7294117647058823,0.4145720198718883
0.9899999999999995,0.6,1,3,0.8260869565217391,0.8148148148148148,0.821917808219178,0.6265249901613538,0.5615384615384615,0.8204508856682771,0.8801153092121039,0.8204315270022202,0.8837209302325582,0.8539325842696629,0.6288649859311239
0.9899999999999995,0.6,2,3,0.825,0.6904761904761905,0.7560975609756098,0.5136417556346382,0.6307692307692307,0.7577380952380952,0.7577934942517711,0.7547468828308317,0.717391304347826,0.7674418604651163,0.5191980885601191
0.9899999999999995,0.6,3,3,0.6571428571428571,0.6944444444444444,0.676056338028169,0.351726875744343,0.5461538461538462,0.6757936507936508,0.6242640613875792,0.675536236148148,0.6764705882352942,0.6666666666666666,0.3518666717558053
0.9899999999999995,0.6,4,3,0.9142857142857143,0.7142857142857143,0.8142857142857143,0.6285714285714286,0.5384615384615384,0.8142857142857143,0.84851167164607,0.8081220356417685,0.7619047619047619,0.8311688311688312,0.6415330278717848
0.9899999999999995,0.6,5,3,0.7209302325581395,0.6944444444444444,0.7088607594936709,0.41443764099258784,0.6076923076923078,0.707687338501292,0.8112038967945614,0.7075634210670032,0.7380952380952381,0.7294117647058823,0.4145720198718883
1.0,0.6,1,3,0.8260869565217391,0.8148148148148148,0.821917808219178,0.6265249901613538,0.5615384615384615,0.8204508856682771,0.8898244406603659,0.8204315270022202,0.8837209302325582,0.8539325842696629,0.6288649859311239
1.0,0.6,2,3,0.825,0.6904761904761905,0.7560975609756098,0.5136417556346382,0.6307692307692307,0.7577380952380952,0.7541170236635358,0.7547468828308317,0.717391304347826,0.7674418604651163,0.5191980885601191
1.0,0.6,3,3,0.6571428571428571,0.6944444444444444,0.676056338028169,0.351726875744343,0.5461538461538462,0.6757936507936508,0.6971107000430413,0.675536236148148,0.6764705882352942,0.6666666666666666,0.3518666717558053
1.0,0.6,4,3,0.9142857142857143,0.7142857142857143,0.8142857142857143,0.6285714285714286,0.5384615384615384,0.8142857142857143,0.8337724426211266,0.8081220356417685,0.7619047619047619,0.8311688311688312,0.6415330278717848
1.0,0.6,5,3,0.7209302325581395,0.6944444444444444,0.7088607594936709,0.41443764099258784,0.6076923076923078,0.707687338501292,0.8268678671349725,0.7075634210670032,0.7380952380952381,0.7294117647058823,0.4145720198718883
0.1,0.6,1,4,0.6097560975609756,0.8928571428571429,0.7246376811594203,0.46815415821501016,0.5307692307692308,0.7513066202090593,0.8896899193963799,0.7378516701261941,0.8928571428571429,0.7246376811594203,0.5026132404181185
0.1,0.6,2,4,0.725,0.75,0.7361111111111112,0.47058823529411775,0.5538461538461539,0.7375,0.8227472185715522,0.7373940601876312,0.7837837837837838,0.7532467532467533,0.472241022160912
0.1,0.6,3,4,0.8181818181818182,0.6571428571428571,0.7468354430379747,0.480946123521682,0.6076923076923078,0.7376623376623377,0.7607745358965862,0.7332546199393071,0.75,0.782608695652174,0.4835587597714003
0.1,0.6,4,4,0.8571428571428571,0.6410256410256411,0.7530864197530864,0.5018450184501845,0.6230769230769231,0.7490842490842491,0.8135786727742358,0.7412493166611012,0.72,0.782608695652174,0.5121148400099177
0.1,0.6,5,4,0.775,0.6666666666666666,0.7195121951219512,0.4403560830860534,0.6307692307692307,0.7208333333333334,0.7196202426338261,0.7187952884282608,0.6888888888888889,0.7294117647058823,0.443651695394965
0.11,0.6,1,4,0.6097560975609756,0.8928571428571429,0.7246376811594203,0.46815415821501016,0.5307692307692308,0.7513066202090593,0.8880639031362173,0.7378516701261941,0.8928571428571429,0.7246376811594203,0.5026132404181185
0.11,0.6,2,4,0.725,0.75,0.7361111111111112,0.47058823529411775,0.5538461538461539,0.7375,0.8249531009244934,0.7373940601876312,0.7837837837837838,0.7532467532467533,0.472241022160912
0.11,0.6,3,4,0.8181818181818182,0.6571428571428571,0.7468354430379747,0.480946123521682,0.6076923076923078,0.7376623376623377,0.7741788056106644,0.7332546199393071,0.75,0.782608695652174,0.4835587597714003
0.11,0.6,4,4,0.8571428571428571,0.6410256410256411,0.7530864197530864,0.5018450184501845,0.6230769230769231,0.7490842490842491,0.8140475297979708,0.7412493166611012,0.72,0.782608695652174,0.5121148400099177
0.11,0.6,5,4,0.775,0.6666666666666666,0.7195121951219512,0.4403560830860534,0.6307692307692307,0.7208333333333334,0.724307742633826,0.7187952884282608,0.6888888888888889,0.7294117647058823,0.443651695394965
0.12,0.6,1,4,0.6097560975609756,0.8928571428571429,0.7246376811594203,0.46815415821501016,0.5307692307692308,0.7513066202090593,0.8889349832755902,0.7378516701261941,0.8928571428571429,0.7246376811594203,0.5026132404181185
0.12,0.6,2,4,0.75,0.75,0.75,0.4968944099378882,0.5538461538461539,0.75,0.8142361891597875,0.75,0.7894736842105263,0.7692307692307693,0.4976726017934395
0.12,0.6,3,4,0.8181818181818182,0.6571428571428571,0.7468354430379747,0.480946123521682,0.6076923076923078,0.7376623376623377,0.8095112454885589,0.7332546199393071,0.75,0.782608695652174,0.4835587597714003
0.12,0.6,4,4,0.8571428571428571,0.6410256410256411,0.7530864197530864,0.5018450184501845,0.6230769230769231,0.7490842490842491,0.8253110448658336,0.7412493166611012,0.72,0.782608695652174,0.5121148400099177
0.12,0.6,5,4,0.775,0.6666666666666666,0.7195121951219512,0.4403560830860534,0.6307692307692307,0.7208333333333334,0.7201452762359766,0.7187952884282608,0.6888888888888889,0.7294117647058823,0.443651695394965
0.13,0.6,1,4,0.6097560975609756,0.8928571428571429,0.7246376811594203,0.46815415821501016,0.5307692307692308,0.7513066202090593,0.8890513602033014,0.7378516701261941,0.8928571428571429,0.7246376811594203,0.5026132404181185
0.13,0.6,2,4,0.75,0.75,0.75,0.4968944099378882,0.5538461538461539,0.75,0.8094811853012596,0.75,0.7894736842105263,0.7692307692307693,0.4976726017934395
0.13,0.6,3,4,0.8181818181818182,0.6571428571428571,0.7468354430379747,0.480946123521682,0.6076923076923078,0.7376623376623377,0.5088969948743084,0.7332546199393071,0.75,0.782608695652174,0.4835587597714003
0.13,0.6,4,4,0.8571428571428571,0.6410256410256411,0.7530864197530864,0.5018450184501845,0.6230769230769231,0.7490842490842491,0.8212435845483732,0.7412493166611012,0.72,0.782608695652174,0.5121148400099177
0.13,0.6,5,4,0.8,0.6666666666666666,0.7317073170731707,0.46500593119810196,0.6307692307692307,0.7333333333333334,0.7263335173426959,0.7302967433402214,0.6956521739130435,0.7441860465116279,0.4700361448396459
0.13999999999999999,0.6,1,4,0.6097560975609756,0.8928571428571429,0.7246376811594203,0.46815415821501016,0.5307692307692308,0.7513066202090593,0.8874253439431388,0.7378516701261941,0.8928571428571429,0.7246376811594203,0.5026132404181185
0.13999999999999999,0.6,2,4,0.75,0.75,0.75,0.4968944099378882,0.5538461538461539,0.75,0.8208651138726881,0.75,0.7894736842105263,0.7692307692307693,0.4976726017934395
0.13999999999999999,0.6,3,4,0.8181818181818182,0.6571428571428571,0.7468354430379747,0.480946123521682,0.6076923076923078,0.7376623376623377,0.7335079694852829,0.7332546199393071,0.75,0.782608695652174,0.4835587597714003
0.13999999999999999,0.6,4,4,0.8571428571428571,0.6410256410256411,0.7530864197530864,0.5018450184501845,0.6230769230769231,0.7490842490842491,0.813803108357897,0.7412493166611012,0.72,0.782608695652174,0.5121148400099177
0.13999999999999999,0.6,5,4,0.8,0.6666666666666666,0.7317073170731707,0.46500593119810196,0.6307692307692307,0.7333333333333334,0.7295202762359767,0.7302967433402214,0.6956521739130435,0.7441860465116279,0.4700361448396459
0.14999999999999997,0.6,1,4,0.6097560975609756,0.8928571428571429,0.7246376811594203,0.46815415821501016,0.5307692307692308,0.7513066202090593,0.8878496762001814,0.7378516701261941,0.8928571428571429,0.7246376811594203,0.5026132404181185
0.14999999999999997,0.6,2,4,0.75,0.75,0.75,0.4968944099378882,0.5538461538461539,0.75,0.8270691579903353,0.75,0.7894736842105263,0.7692307692307693,0.4976726017934395
0.14999999999999997,0.6,3,4,0.8181818181818182,0.6571428571428571,0.7468354430379747,0.480946123521682,0.6076923076923078,0.7376623376623377,0.6786451521224656,0.7332546199393071,0.75,0.782608695652174,0.4835587597714003
0.14999999999999997,0.6,4,4,0.8571428571428571,0.6410256410256411,0.7530864197530864,0.5018450184501845,0.6230769230769231,0.7490842490842491,0.8170672425820732,0.7412493166611012,0.72,0.782608695652174,0.5121148400099177
0.14999999999999997,0.6,5,4,0.8,0.6666666666666666,0.7317073170731707,0.46500593119810196,0.6307692307692307,0.7333333333333334,0.7127946210491232,0.7302967433402214,0.6956521739130435,0.7441860465116279,0.4700361448396459
0.15999999999999998,0.6,1,4,0.6097560975609756,0.8928571428571429,0.7246376811594203,0.46815415821501016,0.5307692307692308,0.7513066202090593,0.8888837252193842,0.7378516701261941,0.8928571428571429,0.7246376811594203,0.5026132404181185
0.15999999999999998,0.6,2,4,0.775,0.75,0.7638888888888888,0.5233644859813082,0.5538461538461539,0.7625,0.8153098235747509,0.7623975340988454,0.7948717948717948,0.7848101265822784,0.5235703144047361
0.15999999999999998,0.6,3,4,0.8181818181818182,0.6571428571428571,0.7468354430379747,0.480946123521682,0.6076923076923078,0.7376623376623377,0.8396523369932867,0.7332546199393071,0.75,0.782608695652174,0.4835587597714003
0.15999999999999998,0.6,4,4,0.8571428571428571,0.6410256410256411,0.7530864197530864,0.5018450184501845,0.6230769230769231,0.7490842490842491,0.8151161761132032,0.7412493166611012,0.72,0.782608695652174,0.5121148400099177
0.15999999999999998,0.6,5,4,0.8,0.6666666666666666,0.7317073170731707,0.46500593119810196,0.6307692307692307,0.7333333333333334,0.732084493535506,0.7302967433402214,0.6956521739130435,0.7441860465116279,0.4700361448396459
0.16999999999999998,0.6,1,4,0.6097560975609756,0.8928571428571429,0.7246376811594203,0.46815415821501016,0.5307692307692308,0.7513066202090593,0.8911017087205066,0.7378516701261941,0.8928571428571429,0.7246376811594203,0.5026132404181185
0.16999999999999998,0.6,2,4,0.775,0.75,0.7638888888888888,0.5233644859813082,0.5538461538461539,0.7625,0.8225218296548346,0.7623975340988454,0.7948717948717948,0.7848101265822784,0.5235703144047361
0.16999999999999998,0.6,3,4,0.8181818181818182,0.6571428571428571,0.7468354430379747,0.480946123521682,0.6076923076923078,0.7376623376623377,0.8328181849719689,0.7332546199393071,0.75,0.782608695652174,0.4835587597714003
0.16999999999999998,0.6,4,4,0.8571428571428571,0.6410256410256411,0.7530864197530864,0.5018450184501845,0.6230769230769231,0.7490842490842491,0.8141941674966454,0.7412493166611012,0.72,0.782608695652174,0.5121148400099177
0.16999999999999998,0.6,5,4,0.8,0.6666666666666666,0.7317073170731707,0.46500593119810196,0.6307692307692307,0.7333333333333334,0.730906767861928,0.7302967433402214,0.6956521739130435,0.7441860465116279,0.4700361448396459
0.17999999999999997,0.6,1,4,0.6097560975609756,0.8928571428571429,0.7246376811594203,0.46815415821501016,0.5307692307692308,0.7513066202090593,0.8902887005904253,0.7378516701261941,0.8928571428571429,0.7246376811594203,0.5026132404181185
0.17999999999999997,0.6,2,4,0.775,0.75,0.7638888888888888,0.5233644859813082,0.5538461538461539,0.7625,0.8157846973018934,0.7623975340988454,0.7948717948717948,0.7848101265822784,0.5235703144047361
0.17999999999999997,0.6,3,4,0.8181818181818182,0.6571428571428571,0.7468354430379747,0.480946123521682,0.6076923076923078,0.7376623376623377,0.6785837270610405,0.7332546199393071,0.75,0.782608695652174,0.4835587597714003
0.17999999999999997,0.6,4,4,0.8571428571428571,0.6410256410256411,0.7530864197530864,0.5018450184501845,0.6230769230769231,0.7490842490842491,0.8216620690182554,0.7412493166611012,0.72,0.782608695652174,0.5121148400099177
0.17999999999999997,0.6,5,4,0.8,0.6666666666666666,0.7317073170731707,0.46500593119810196,0.6307692307692307,0.7333333333333334,0.7108289516563943,0.7302967433402214,0.6956521739130435,0.7441860465116279,0.4700361448396459
0.18999999999999995,0.6,1,4,0.6097560975609756,0.8928571428571429,0.7246376811594203,0.46815415821501016,0.5307692307692308,0.7513066202090593,0.8896158380150254,0.7378516701261941,0.8928571428571429,0.7246376811594203,0.5026132404181185
0.18999999999999995,0.6,2,4,0.75,0.75,0.75,0.4968944099378882,0.5538461538461539,0.75,0.8287258737724816,0.75,0.7894736842105263,0.7692307692307693,0.4976726017934395
0.18999999999999995,0.6,3,4,0.8181818181818182,0.6571428571428571,0.7468354430379747,0.480946123521682,0.6076923076923078,0.7376623376623377,0.68305410653142,0.7332546199393071,0.75,0.782608695652174,0.4835587597714003
0.18999999999999995,0.6,4,4,0.8571428571428571,0.6410256410256411,0.7530864197530864,0.5018450184501845,0.6230769230769231,0.7490842490842491,0.8195646026805024,0.7412493166611012,0.72,0.782608695652174,0.5121148400099177
0.18999999999999995,0.6,5,4,0.8,0.6666666666666666,0.7317073170731707,0.46500593119810196,0.6307692307692307,0.7333333333333334,0.6693075803730472,0.7302967433402214,0.6956521739130435,0.7441860465116279,0.4700361448396459
0.19999999999999996,0.6,1,4,0.6097560975609756,0.8928571428571429,0.7246376811594203,0.46815415821501016,0.5307692307692308,0.7513066202090593,0.8888028298849442,0.7378516701261941,0.8928571428571429,0.7246376811594203,0.5026132404181185
0.19999999999999996,0.6,2,4,0.775,0.75,0.7638888888888888,0.5233644859813082,0.5538461538461539,0.7625,0.8145342931651429,0.7623975340988454,0.7948717948717948,0.7848101265822784,0.5235703144047361
0.19999999999999996,0.6,3,4,0.8181818181818182,0.6571428571428571,0.7468354430379747,0.480946123521682,0.6076923076923078,0.7376623376623377,0.5226425586198721,0.7332546199393071,0.75,0.782608695652174,0.4835587597714003
0.19999999999999996,0.6,4,4,0.8571428571428571,0.6410256410256411,0.7530864197530864,0.5018450184501845,0.6230769230769231,0.7490842490842491,0.8210192787384075,0.7412493166611012,0.72,0.782608695652174,0.5121148400099177
0.19999999999999996,0.6,5,4,0.8,0.6666666666666666,0.7317073170731707,0.46500593119810196,0.6307692307692307,0.7333333333333334,0.7318755151556559,0.7302967433402214,0.6956521739130435,0.7441860465116279,0.4700361448396459
0.20999999999999996,0.6,1,4,0.6097560975609756,0.8928571428571429,0.7246376811594203,0.46815415821501016,0.5307692307692308,0.7513066202090593,0.8871768136247815,0.7378516701261941,0.8928571428571429,0.7246376811594203,0.5026132404181185
0.20999999999999996,0.6,2,4,0.775,0.75,0.7638888888888888,0.5233644859813082,0.5538461538461539,0.7625,0.8250319297197648,0.7623975340988454,0.7948717948717948,0.7848101265822784,0.5235703144047361
0.20999999999999996,0.6,3,4,0.8181818181818182,0.6571428571428571,0.7468354430379747,0.480946123521682,0.6076923076923078,0.7376623376623377,0.8390567000340134,0.7332546199393071,0.75,0.782608695652174,0.4835587597714003
0.20999999999999996,0.6,4,4,0.8571428571428571,0.6410256410256411,0.7530864197530864,0.5018450184501845,0.6230769230769231,0.7490842490842491,0.8147310240018293,0.7412493166611012,0.72,0.782608695652174,0.5121148400099177
0.20999999999999996,0.6,5,4,0.775,0.6666666666666666,0.7195121951219512,0.4403560830860534,0.6307692307692307,0.7208333333333334,0.6958244045042006,0.7187952884282608,0.6888888888888889,0.7294117647058823,0.443651695394965
0.21999999999999995,0.6,1,4,0.6097560975609756,0.8928571428571429,0.7246376811594203,0.46815415821501016,0.5307692307692308,0.7513066202090593,0.8864854401926934,0.7378516701261941,0.8928571428571429,0.7246376811594203,0.5026132404181185
0.21999999999999995,0.6,2,4,0.8,0.75,0.7777777777777778,0.55,0.5538461538461539,0.775,0.8189798776406986,0.7745966692414834,0.8,0.8,0.55
0.21999999999999995,0.6,3,4,0.8181818181818182,0.6571428571428571,0.7468354430379747,0.480946123521682,0.6076923076923078,0.7376623376623377,0.8294607404380538,0.7332546199393071,0.75,0.782608695652174,0.4835587597714003
0.21999999999999995,0.6,4,4,0.8571428571428571,0.6410256410256411,0.7530864197530864,0.5018450184501845,0.6230769230769231,0.7490842490842491,0.8265167725836026,0.7412493166611012,0.72,0.782608695652174,0.5121148400099177
0.21999999999999995,0.6,5,4,0.775,0.6666666666666666,0.7195121951219512,0.4403560830860534,0.6307692307692307,0.7208333333333334,0.7122245668418629,0.7187952884282608,0.6888888888888889,0.7294117647058823,0.443651695394965
0.22999999999999995,0.6,1,4,0.6097560975609756,0.8928571428571429,0.7246376811594203,0.46815415821501016,0.5307692307692308,0.7513066202090593,0.8899585136021402,0.7378516701261941,0.8928571428571429,0.7246376811594203,0.5026132404181185
0.22999999999999995,0.6,2,4,0.8,0.75,0.7777777777777778,0.55,0.5538461538461539,0.775,0.8239497974267949,0.7745966692414834,0.8,0.8,0.55
0.22999999999999995,0.6,3,4,0.8181818181818182,0.6285714285714286,0.7341772151898734,0.4533772652388798,0.6076923076923078,0.7233766233766235,0.8282684445933515,0.7171371656006362,0.7346938775510204,0.7741935483870968,0.4572665262529628
0.22999999999999995,0.6,4,4,0.8571428571428571,0.6410256410256411,0.7530864197530864,0.5018450184501845,0.6230769230769231,0.7490842490842491,0.8104994565662865,0.7412493166611012,0.72,0.782608695652174,0.5121148400099177
0.22999999999999995,0.6,5,4,0.775,0.6666666666666666,0.7195121951219512,0.4403560830860534,0.6307692307692307,0.7208333333333334,0.7071294581462106,0.7187952884282608,0.6888888888888889,0.7294117647058823,0.443651695394965
0.23999999999999994,0.6,1,4,0.6097560975609756,0.8928571428571429,0.7246376811594203,0.46815415821501016,0.5307692307692308,0.7513066202090593,0.889145505472059,0.7378516701261941,0.8928571428571429,0.7246376811594203,0.5026132404181185
0.23999999999999994,0.6,2,4,0.8,0.75,0.7777777777777778,0.55,0.5538461538461539,0.775,0.8302917091915007,0.7745966692414834,0.8,0.8,0.55
0.23999999999999994,0.6,3,4,0.8181818181818182,0.6285714285714286,0.7341772151898734,0.4533772652388798,0.6076923076923078,0.7233766233766235,0.8309754785972636,0.7171371656006362,0.7346938775510204,0.7741935483870968,0.4572665262529628
0.23999999999999994,0.6,4,4,0.8571428571428571,0.6410256410256411,0.7530864197530864,0.5018450184501845,0.6230769230769231,0.7490842490842491,0.8112403516653597,0.7412493166611012,0.72,0.782608695652174,0.5121148400099177
0.23999999999999994,0.6,5,4,0.775,0.6666666666666666,0.7195121951219512,0.4403560830860534,0.6307692307692307,0.7208333333333334,0.7071109304782266,0.7187952884282608,0.6888888888888889,0.7294117647058823,0.443651695394965
0.24999999999999992,0.6,1,4,0.6097560975609756,0.8928571428571429,0.7246376811594203,0.46815415821501016,0.5307692307692308,0.7513066202090593,0.8875194892118963,0.7378516701261941,0.8928571428571429,0.7246376811594203,0.5026132404181185
0.24999999999999992,0.6,2,4,0.8,0.75,0.7777777777777778,0.55,0.5538461538461539,0.775,0.8262935474267948,0.7745966692414834,0.8,0.8,0.55
0.24999999999999992,0.6,3,4,0.8181818181818182,0.6571428571428571,0.7468354430379747,0.480946123521682,0.6076923076923078,0.7376623376623377,0.7323325913180128,0.7332546199393071,0.75,0.782608695652174,0.4835587597714003
0.24999999999999992,0.6,4,4,0.8571428571428571,0.6410256410256411,0.7530864197530864,0.5018450184501845,0.6230769230769231,0.7490842490842491,0.808681831371837,0.7412493166611012,0.72,0.782608695652174,0.5121148400099177
0.24999999999999992,0.6,5,4,0.775,0.6666666666666666,0.7195121951219512,0.4403560830860534,0.6307692307692307,0.7208333333333334,0.7206608316639973,0.7187952884282608,0.6888888888888889,0.7294117647058823,0.443651695394965
0.2599999999999999,0.6,1,4,0.6097560975609756,0.8571428571428571,0.7101449275362319,0.43719412724306694,0.5307692307692308,0.7334494773519165,0.8901376646031363,0.7229440390678198,0.8620689655172413,0.7142857142857143,0.46447768191925143
0.2599999999999999,0.6,2,4,0.8,0.75,0.7777777777777778,0.55,0.5538461538461539,0.775,0.8330475164693668,0.7745966692414834,0.8,0.8,0.55
0.2599999999999999,0.6,3,4,0.8181818181818182,0.6571428571428571,0.7468354430379747,0.480946123521682,0.6076923076923078,0.7376623376623377,0.8300977170243149,0.7332546199393071,0.75,0.782608695652174,0.4835587597714003
0.2599999999999999,0.6,4,4,0.8571428571428571,0.6410256410256411,0.7530864197530864,0.5018450184501845,0.6230769230769231,0.7490842490842491,0.8318318926845221,0.7412493166611012,0.72,0.782608695652174,0.5121148400099177
0.2599999999999999,0.6,5,4,0.775,0.6666666666666666,0.7195121951219512,0.4403560830860534,0.6307692307692307,0.7208333333333334,0.7076192701777427,0.7187952884282608,0.6888888888888889,0.7294117647058823,0.443651695394965
0.2699999999999999,0.6,1,4,0.6097560975609756,0.8571428571428571,0.7101449275362319,0.43719412724306694,0.5307692307692308,0.7334494773519165,0.8894651654868408,0.7229440390678198,0.8620689655172413,0.7142857142857143,0.46447768191925143
0.2699999999999999,0.6,2,4,0.8,0.75,0.7777777777777778,0.55,0.5538461538461539,0.775,0.827425288411477,0.7745966692414834,0.8,0.8,0.55
0.2699999999999999,0.6,3,4,0.8181818181818182,0.6571428571428571,0.7468354430379747,0.480946123521682,0.6076923076923078,0.7376623376623377,0.7741572967790817,0.7332546199393071,0.75,0.782608695652174,0.4835587597714003
0.2699999999999999,0.6,4,4,0.8571428571428571,0.6410256410256411,0.7530864197530864,0.5018450184501845,0.6230769230769231,0.7490842490842491,0.8209709541061923,0.7412493166611012,0.72,0.782608695652174,0.5121148400099177
0.2699999999999999,0.6,5,4,0.775,0.6666666666666666,0.7195121951219512,0.4403560830860534,0.6307692307692307,0.7208333333333334,0.7352069678062012,0.7187952884282608,0.6888888888888889,0.7294117647058823,0.443651695394965
0.2799999999999999,0.6,1,4,0.6097560975609756,0.8571428571428571,0.7101449275362319,0.43719412724306694,0.5307692307692308,0.7334494773519165,0.8912211786549422,0.7229440390678198,0.8620689655172413,0.7142857142857143,0.46447768191925143
0.2799999999999999,0.6,2,4,0.8,0.75,0.7777777777777778,0.55,0.5538461538461539,0.775,0.8256737109816439,0.7745966692414834,0.8,0.8,0.55
0.2799999999999999,0.6,3,4,0.8181818181818182,0.6571428571428571,0.7468354430379747,0.480946123521682,0.6076923076923078,0.7376623376623377,0.7940692230960666,0.7332546199393071,0.75,0.782608695652174,0.4835587597714003
0.2799999999999999,0.6,4,4,0.8571428571428571,0.6410256410256411,0.7530864197530864,0.5018450184501845,0.6230769230769231,0.7490842490842491,0.8206453837316423,0.7412493166611012,0.72,0.782608695652174,0.5121148400099177
0.2799999999999999,0.6,5,4,0.775,0.6666666666666666,0.7195121951219512,0.4403560830860534,0.6307692307692307,0.7208333333333334,0.5358863156322882,0.7187952884282608,0.6888888888888889,0.7294117647058823,0.443651695394965
0.2899999999999999,0.6,1,4,0.6341463414634146,0.8571428571428571,0.7246376811594203,0.46248462484624847,0.5307692307692308,0.745644599303136,0.8895951623947795,0.7372611524884796,0.8666666666666667,0.7323943661971831,0.48664832070613395
0.2899999999999999,0.6,2,4,0.8,0.75,0.7777777777777778,0.55,0.5538461538461539,0.775,0.8303789703376385,0.7745966692414834,0.8,0.8,0.55
0.2899999999999999,0.6,3,4,0.8181818181818182,0.6571428571428571,0.7468354430379747,0.480946123521682,0.6076923076923078,0.7376623376623377,0.8327878219008831,0.7332546199393071,0.75,0.782608695652174,0.4835587597714003
0.2899999999999999,0.6,4,4,0.8809523809523809,0.6410256410256411,0.7654320987654321,0.5263157894736842,0.6230769230769231,0.760989010989011,0.8234597017665487,0.7514739281658843,0.7254901960784313,0.7956989247311828,0.5400866601917973
0.2899999999999999,0.6,5,4,0.775,0.6666666666666666,0.7195121951219512,0.4403560830860534,0.6307692307692307,0.7208333333333334,0.7308852778447303,0.7187952884282608,0.6888888888888889,0.7294117647058823,0.443651695394965
0.29999999999999993,0.6,1,4,0.6341463414634146,0.8571428571428571,0.7246376811594203,0.46248462484624847,0.5307692307692308,0.745644599303136,0.8912211786549422,0.7372611524884796,0.8666666666666667,0.7323943661971831,0.48664832070613395
0.29999999999999993,0.6,2,4,0.8,0.75,0.7777777777777778,0.55,0.5538461538461539,0.775,0.8353478711269728,0.7745966692414834,0.8,0.8,0.55
0.29999999999999993,0.6,3,4,0.8181818181818182,0.6571428571428571,0.7468354430379747,0.480946123521682,0.6076923076923078,0.7376623376623377,0.8449883636468795,0.7332546199393071,0.75,0.782608695652174,0.4835587597714003
0.29999999999999993,0.6,4,4,0.8809523809523809,0.6410256410256411,0.7654320987654321,0.5263157894736842,0.6230769230769231,0.760989010989011,0.8192584752180135,0.7514739281658843,0.7254901960784313,0.7956989247311828,0.5400866601917973
0.29999999999999993,0.6,5,4,0.775,0.6666666666666666,0.7195121951219512,0.4403560830860534,0.6307692307692307,0.7208333333333334,0.6357503888685475,0.7187952884282608,0.6888888888888889,0.7294117647058823,0.443651695394965
0.30999999999999994,0.6,1,4,0.6341463414634146,0.8571428571428571,0.7246376811594203,0.46248462484624847,0.5307692307692308,0.745644599303136,0.8905129234954674,0.7372611524884796,0.8666666666666667,0.7323943661971831,0.48664832070613395
0.30999999999999994,0.6,2,4,0.8,0.75,0.7777777777777778,0.55,0.5538461538461539,0.775,0.8274250770093258,0.7745966692414834,0.8,0.8,0.55
0.30999999999999994,0.6,3,4,0.8181818181818182,0.6571428571428571,0.7468354430379747,0.480946123521682,0.6076923076923078,0.7376623376623377,0.8267302520197838,0.7332546199393071,0.75,0.782608695652174,0.4835587597714003
0.30999999999999994,0.6,4,4,0.8809523809523809,0.6410256410256411,0.7654320987654321,0.5263157894736842,0.6230769230769231,0.760989010989011,0.8193350296814543,0.7514739281658843,0.7254901960784313,0.7956989247311828,0.5400866601917973
0.30999999999999994,0.6,5,4,0.8,0.6666666666666666,0.7317073170731707,0.46500593119810196,0.6307692307692307,0.7333333333333334,0.5371557254033641,0.7302967433402214,0.6956521739130435,0.7441860465116279,0.4700361448396459
0.3199999999999999,0.6,1,4,0.6341463414634146,0.8571428571428571,0.7246376811594203,0.46248462484624847,0.5307692307692308,0.745644599303136,0.8921389397556301,0.7372611524884796,0.8666666666666667,0.7323943661971831,0.48664832070613395
0.3199999999999999,0.6,2,4,0.8,0.75,0.7777777777777778,0.55,0.5538461538461539,0.775,0.8314875770093259,0.7745966692414834,0.8,0.8,0.55
0.3199999999999999,0.6,3,4,0.8181818181818182,0.6571428571428571,0.7468354430379747,0.480946123521682,0.6076923076923078,0.7376623376623377,0.8340146667908295,0.7332546199393071,0.75,0.782608695652174,0.4835587597714003
0.3199999999999999,0.6,4,4,0.8809523809523809,0.6153846153846154,0.7530864197530864,0.5009242144177449,0.6230769230769231,0.7481684981684982,0.8219316480389423,0.7362910716045267,0.7115384615384616,0.7872340425531915,0.5172886221271579
0.3199999999999999,0.6,5,4,0.825,0.6666666666666666,0.7439024390243902,0.4896265560165975,0.6307692307692307,0.7458333333333333,0.7262985119646289,0.7416198487095662,0.7021276595744681,0.7586206896551724,0.4968696334292462
0.32999999999999985,0.6,1,4,0.6585365853658537,0.8214285714285714,0.7246376811594203,0.4566929133858268,0.5307692307692308,0.7399825783972125,0.8911857860708674,0.735486754843704,0.84375,0.7397260273972602,0.4726120643183979
0.32999999999999985,0.6,2,4,0.8,0.75,0.7777777777777778,0.55,0.5538461538461539,0.775,0.8204424089420989,0.7745966692414834,0.8,0.8,0.55
0.32999999999999985,0.6,3,4,0.8181818181818182,0.6571428571428571,0.7468354430379747,0.480946123521682,0.6076923076923078,0.7376623376623377,0.7342049640399504,0.7332546199393071,0.75,0.782608695652174,0.4835587597714003
0.32999999999999985,0.6,4,4,0.8809523809523809,0.6153846153846154,0.7530864197530864,0.5009242144177449,0.6230769230769231,0.7481684981684982,0.8326468945065678,0.7362910716045267,0.7115384615384616,0.7872340425531915,0.5172886221271579
0.32999999999999985,0.6,5,4,0.825,0.6666666666666666,0.7439024390243902,0.4896265560165975,0.6307692307692307,0.7458333333333333,0.7218024645337989,0.7416198487095662,0.7021276595744681,0.7586206896551724,0.4968696334292462
0.33999999999999986,0.6,1,4,0.6585365853658537,0.8214285714285714,0.7246376811594203,0.4566929133858268,0.5307692307692308,0.7399825783972125,0.8911857860708674,0.735486754843704,0.84375,0.7397260273972602,0.4726120643183979
0.33999999999999986,0.6,2,4,0.8,0.75,0.7777777777777778,0.55,0.5538461538461539,0.775,0.8291438270093258,0.7745966692414834,0.8,0.8,0.55
0.33999999999999986,0.6,3,4,0.8181818181818182,0.6571428571428571,0.7468354430379747,0.480946123521682,0.6076923076923078,0.7376623376623377,0.8406099227176362,0.7332546199393071,0.75,0.782608695652174,0.4835587597714003
0.33999999999999986,0.6,4,4,0.8809523809523809,0.5897435897435898,0.7407407407407407,0.47548566142460674,0.6230769230769231,0.7353479853479854,0.8260992754589487,0.7207884707291173,0.6981132075471698,0.7789473684210526,0.49451614935419247
0.33999999999999986,0.6,5,4,0.825,0.6666666666666666,0.7439024390243902,0.4896265560165975,0.6307692307692307,0.7458333333333333,0.639693885594977,0.7416198487095662,0.7021276595744681,0.7586206896551724,0.4968696334292462
0.34999999999999987,0.6,1,4,0.6585365853658537,0.8214285714285714,0.7246376811594203,0.4566929133858268,0.5307692307692308,0.7399825783972125,0.8928118023310301,0.735486754843704,0.84375,0.7397260273972602,0.4726120643183979
0.34999999999999987,0.6,2,4,0.8,0.75,0.7777777777777778,0.55,0.5538461538461539,0.775,0.8268000770093258,0.7745966692414834,0.8,0.8,0.55
0.34999999999999987,0.6,3,4,0.8181818181818182,0.6571428571428571,0.7468354430379747,0.480946123521682,0.6076923076923078,0.7376623376623377,0.8332631130980994,0.7332546199393071,0.75,0.782608695652174,0.4835587597714003
0.34999999999999987,0.6,4,4,0.8809523809523809,0.5897435897435898,0.7407407407407407,0.47548566142460674,0.6230769230769231,0.7353479853479854,0.8289270970637811,0.7207884707291173,0.6981132075471698,0.7789473684210526,0.49451614935419247
0.34999999999999987,0.6,5,4,0.825,0.6666666666666666,0.7439024390243902,0.4896265560165975,0.6307692307692307,0.7458333333333333,0.5476855067365833,0.7416198487095662,0.7021276595744681,0.7586206896551724,0.4968696334292462
0.3599999999999999,0.6,1,4,0.6585365853658537,0.8214285714285714,0.7246376811594203,0.4566929133858268,0.5307692307692308,0.7399825783972125,0.8911857860708674,0.735486754843704,0.84375,0.7397260273972602,0.4726120643183979
0.3599999999999999,0.6,2,4,0.8,0.75,0.7777777777777778,0.55,0.5538461538461539,0.775,0.8354387546598595,0.7745966692414834,0.8,0.8,0.55
0.3599999999999999,0.6,3,4,0.8181818181818182,0.6571428571428571,0.7468354430379747,0.480946123521682,0.6076923076923078,0.7376623376623377,0.8436622969321572,0.7332546199393071,0.75,0.782608695652174,0.4835587597714003
0.3599999999999999,0.6,4,4,0.8809523809523809,0.5897435897435898,0.7407407407407407,0.47548566142460674,0.6230769230769231,0.7353479853479854,0.8276454480405354,0.7207884707291173,0.6981132075471698,0.7789473684210526,0.49451614935419247
0.3599999999999999,0.6,5,4,0.825,0.6666666666666666,0.7439024390243902,0.4896265560165975,0.6307692307692307,0.7458333333333333,0.7098396569342118,0.7416198487095662,0.7021276595744681,0.7586206896551724,0.4968696334292462
0.3699999999999999,0.6,1,4,0.6585365853658537,0.8214285714285714,0.7246376811594203,0.4566929133858268,0.5307692307692308,0.7399825783972125,0.8936248104611113,0.735486754843704,0.84375,0.7397260273972602,0.4726120643183979
0.3699999999999999,0.6,2,4,0.8,0.75,0.7777777777777778,0.55,0.5538461538461539,0.775,0.8274548273109227,0.7745966692414834,0.8,0.8,0.55
0.3699999999999999,0.6,3,4,0.8181818181818182,0.6571428571428571,0.7468354430379747,0.480946123521682,0.6076923076923078,0.7376623376623377,0.6805405240624851,0.7332546199393071,0.75,0.782608695652174,0.4835587597714003
0.3699999999999999,0.6,4,4,0.8809523809523809,0.5897435897435898,0.7407407407407407,0.47548566142460674,0.6230769230769231,0.7353479853479854,0.8183483242173567,0.7207884707291173,0.6981132075471698,0.7789473684210526,0.49451614935419247
0.3699999999999999,0.6,5,4,0.825,0.6666666666666666,0.7439024390243902,0.4896265560165975,0.6307692307692307,0.7458333333333333,0.7308452891071283,0.7416198487095662,0.7021276595744681,0.7586206896551724,0.4968696334292462
0.3799999999999999,0.6,1,4,0.6585365853658537,0.8214285714285714,0.7246376811594203,0.4566929133858268,0.5307692307692308,0.7399825783972125,0.8928118023310301,0.735486754843704,0.84375,0.7397260273972602,0.4726120643183979
0.3799999999999999,0.6,2,4,0.8,0.75,0.7777777777777778,0.55,0.5538461538461539,0.775,0.8297985773109228,0.7745966692414834,0.8,0.8,0.55
0.3799999999999999,0.6,3,4,0.8181818181818182,0.6571428571428571,0.7468354430379747,0.480946123521682,0.6076923076923078,0.7376623376623377,0.7674327882274766,0.7332546199393071,0.75,0.782608695652174,0.4835587597714003
0.3799999999999999,0.6,4,4,0.8809523809523809,0.5897435897435898,0.7407407407407407,0.47548566142460674,0.6230769230769231,0.7353479853479854,0.8149709734756766,0.7207884707291173,0.6981132075471698,0.7789473684210526,0.49451614935419247
0.3799999999999999,0.6,5,4,0.825,0.6666666666666666,0.7439024390243902,0.4896265560165975,0.6307692307692307,0.7458333333333333,0.7307527810894284,0.7416198487095662,0.7021276595744681,0.7586206896551724,0.4968696334292462
0.3899999999999999,0.6,1,4,0.6585365853658537,0.8214285714285714,0.7246376811594203,0.4566929133858268,0.5307692307692308,0.7399825783972125,0.8928118023310301,0.735486754843704,0.84375,0.7397260273972602,0.4726120643183979
0.3899999999999999,0.6,2,4,0.8,0.75,0.7777777777777778,0.55,0.5538461538461539,0.775,0.8287115619711899,0.7745966692414834,0.8,0.8,0.55
0.3899999999999999,0.6,3,4,0.8409090909090909,0.6571428571428571,0.759493670886076,0.5054365733113675,0.6076923076923078,0.749025974025974,0.8304738899692645,0.7433689545558132,0.7551020408163265,0.7956989247311828,0.5097724209825908
0.3899999999999999,0.6,4,4,0.8809523809523809,0.5897435897435898,0.7407407407407407,0.47548566142460674,0.6230769230769231,0.7353479853479854,0.8257440395437968,0.7207884707291173,0.6981132075471698,0.7789473684210526,0.49451614935419247
0.3899999999999999,0.6,5,4,0.825,0.6666666666666666,0.7439024390243902,0.4896265560165975,0.6307692307692307,0.7458333333333333,0.7256576723937762,0.7416198487095662,0.7021276595744681,0.7586206896551724,0.4968696334292462
0.3999999999999998,0.6,1,4,0.6585365853658537,0.8214285714285714,0.7246376811594203,0.4566929133858268,0.5307692307692308,0.7399825783972125,0.8928118023310301,0.735486754843704,0.84375,0.7397260273972602,0.4726120643183979
0.3999999999999998,0.6,2,4,0.8,0.75,0.7777777777777778,0.55,0.5538461538461539,0.775,0.8265595670862823,0.7745966692414834,0.8,0.8,0.55
0.3999999999999998,0.6,3,4,0.8409090909090909,0.6571428571428571,0.759493670886076,0.5054365733113675,0.6076923076923078,0.749025974025974,0.8304738899692645,0.7433689545558132,0.7551020408163265,0.7956989247311828,0.5097724209825908
0.3999999999999998,0.6,4,4,0.8809523809523809,0.5897435897435898,0.7407407407407407,0.47548566142460674,0.6230769230769231,0.7353479853479854,0.8251899290106947,0.7207884707291173,0.6981132075471698,0.7789473684210526,0.49451614935419247
0.3999999999999998,0.6,5,4,0.825,0.6666666666666666,0.7439024390243902,0.4896265560165975,0.6307692307692307,0.7458333333333333,0.6393578535531966,0.7416198487095662,0.7021276595744681,0.7586206896551724,0.4968696334292462
0.4099999999999998,0.6,1,4,0.6585365853658537,0.8214285714285714,0.7246376811594203,0.4566929133858268,0.5307692307692308,0.7399825783972125,0.8928118023310301,0.735486754843704,0.84375,0.7397260273972602,0.4726120643183979
0.4099999999999998,0.6,2,4,0.8,0.75,0.7777777777777778,0.55,0.5538461538461539,0.775,0.8284345670862824,0.7745966692414834,0.8,0.8,0.55
0.4099999999999998,0.6,3,4,0.8409090909090909,0.6571428571428571,0.759493670886076,0.5054365733113675,0.6076923076923078,0.749025974025974,0.8394598535006825,0.7433689545558132,0.7551020408163265,0.7956989247311828,0.5097724209825908
0.4099999999999998,0.6,4,4,0.8809523809523809,0.5897435897435898,0.7407407407407407,0.47548566142460674,0.6230769230769231,0.7353479853479854,0.8266976027488828,0.7207884707291173,0.6981132075471698,0.7789473684210526,0.49451614935419247
0.4099999999999998,0.6,5,4,0.825,0.6666666666666666,0.7439024390243902,0.4896265560165975,0.6307692307692307,0.7458333333333333,0.6375435919859108,0.7416198487095662,0.7021276595744681,0.7586206896551724,0.4968696334292462
0.4199999999999998,0.6,1,4,0.6585365853658537,0.8214285714285714,0.7246376811594203,0.4566929133858268,0.5307692307692308,0.7399825783972125,0.8917471625950167,0.735486754843704,0.84375,0.7397260273972602,0.4726120643183979
0.4199999999999998,0.6,2,4,0.8,0.75,0.7777777777777778,0.55,0.5538461538461539,0.775,0.8290411847333413,0.7745966692414834,0.8,0.8,0.55
0.4199999999999998,0.6,3,4,0.8409090909090909,0.6571428571428571,0.759493670886076,0.5054365733113675,0.6076923076923078,0.749025974025974,0.8397079964627292,0.7433689545558132,0.7551020408163265,0.7956989247311828,0.5097724209825908
0.4199999999999998,0.6,4,4,0.8809523809523809,0.5897435897435898,0.7407407407407407,0.47548566142460674,0.6230769230769231,0.7353479853479854,0.8247149488652247,0.7207884707291173,0.6981132075471698,0.7789473684210526,0.49451614935419247
0.4199999999999998,0.6,5,4,0.825,0.6666666666666666,0.7439024390243902,0.4896265560165975,0.6307692307692307,0.7458333333333333,0.7085020696585337,0.7416198487095662,0.7021276595744681,0.7586206896551724,0.4968696334292462
0.4299999999999998,0.6,1,4,0.6829268292682927,0.8214285714285714,0.7391304347826086,0.4824999999999999,0.5307692307692308,0.752177700348432,0.894841466173683,0.7489830503797116,0.8484848484848485,0.7567567567567568,0.4957918682292596
0.4299999999999998,0.6,2,4,0.8,0.75,0.7777777777777778,0.55,0.5538461538461539,0.775,0.8284345670862824,0.7745966692414834,0.8,0.8,0.55
0.4299999999999998,0.6,3,4,0.8409090909090909,0.6571428571428571,0.759493670886076,0.5054365733113675,0.6076923076923078,0.749025974025974,0.8388432870423094,0.7433689545558132,0.7551020408163265,0.7956989247311828,0.5097724209825908
0.4299999999999998,0.6,4,4,0.8809523809523809,0.5897435897435898,0.7407407407407407,0.47548566142460674,0.6230769230769231,0.7353479853479854,0.822234790135066,0.7207884707291173,0.6981132075471698,0.7789473684210526,0.49451614935419247
0.4299999999999998,0.6,5,4,0.825,0.6666666666666666,0.7439024390243902,0.4896265560165975,0.6307692307692307,0.7458333333333333,0.7267232309116681,0.7416198487095662,0.7021276595744681,0.7586206896551724,0.4968696334292462
0.43999999999999984,0.6,1,4,0.6829268292682927,0.8214285714285714,0.7391304347826086,0.4824999999999999,0.5307692307692308,0.752177700348432,0.8940284580436018,0.7489830503797116,0.8484848484848485,0.7567567567567568,0.4957918682292596
0.43999999999999984,0.6,2,4,0.8,0.75,0.7777777777777778,0.55,0.5538461538461539,0.775,0.831197810353833,0.7745966692414834,0.8,0.8,0.55
0.43999999999999984,0.6,3,4,0.8409090909090909,0.6571428571428571,0.759493670886076,0.5054365733113675,0.6076923076923078,0.749025974025974,0.8314355827136493,0.7433689545558132,0.7551020408163265,0.7956989247311828,0.5097724209825908
0.43999999999999984,0.6,4,4,0.8809523809523809,0.5897435897435898,0.7407407407407407,0.47548566142460674,0.6230769230769231,0.7353479853479854,0.8271951075953834,0.7207884707291173,0.6981132075471698,0.7789473684210526,0.49451614935419247
0.43999999999999984,0.6,5,4,0.825,0.6666666666666666,0.7439024390243902,0.4896265560165975,0.6307692307692307,0.7458333333333333,0.6081390484300527,0.7416198487095662,0.7021276595744681,0.7586206896551724,0.4968696334292462
0.44999999999999984,0.6,1,4,0.6829268292682927,0.8214285714285714,0.7391304347826086,0.4824999999999999,0.5307692307692308,0.752177700348432,0.8940284580436018,0.7489830503797116,0.8484848484848485,0.7567567567567568,0.4957918682292596
0.44999999999999984,0.6,2,4,0.8,0.75,0.7777777777777778,0.55,0.5538461538461539,0.775,0.8305649717250705,0.7745966692414834,0.8,0.8,0.55
0.44999999999999984,0.6,3,4,0.8409090909090909,0.6571428571428571,0.759493670886076,0.5054365733113675,0.6076923076923078,0.749025974025974,0.5373353828606084,0.7433689545558132,0.7551020408163265,0.7956989247311828,0.5097724209825908
0.44999999999999984,0.6,4,4,0.8809523809523809,0.5897435897435898,0.7407407407407407,0.47548566142460674,0.6230769230769231,0.7353479853479854,0.824672343541123,0.7207884707291173,0.6981132075471698,0.7789473684210526,0.49451614935419247
0.44999999999999984,0.6,5,4,0.825,0.6904761904761905,0.7560975609756098,0.5136417556346382,0.6307692307692307,0.7577380952380952,0.606794763186311,0.7547468828308317,0.717391304347826,0.7674418604651163,0.5191980885601191
0.45999999999999985,0.6,1,4,0.6829268292682927,0.8214285714285714,0.7391304347826086,0.4824999999999999,0.5307692307692308,0.752177700348432,0.8940284580436018,0.7489830503797116,0.8484848484848485,0.7567567567567568,0.4957918682292596
0.45999999999999985,0.6,2,4,0.8,0.75,0.7777777777777778,0.55,0.5538461538461539,0.775,0.8329087217250705,0.7745966692414834,0.8,0.8,0.55
0.45999999999999985,0.6,3,4,0.8409090909090909,0.6571428571428571,0.759493670886076,0.5054365733113675,0.6076923076923078,0.749025974025974,0.8363874813246936,0.7433689545558132,0.7551020408163265,0.7956989247311828,0.5097724209825908
0.45999999999999985,0.6,4,4,0.8809523809523809,0.5897435897435898,0.7407407407407407,0.47548566142460674,0.6230769230769231,0.7353479853479854,0.8126632217105726,0.7207884707291173,0.6981132075471698,0.7789473684210526,0.49451614935419247
0.45999999999999985,0.6,5,4,0.825,0.6904761904761905,0.7560975609756098,0.5136417556346382,0.6307692307692307,0.7577380952380952,0.7271072631863109,0.7547468828308317,0.717391304347826,0.7674418604651163,0.5191980885601191
0.46999999999999986,0.6,1,4,0.6829268292682927,0.8214285714285714,0.7391304347826086,0.4824999999999999,0.5307692307692308,0.752177700348432,0.8932870224241174,0.7489830503797116,0.8484848484848485,0.7567567567567568,0.4957918682292596
0.46999999999999986,0.6,2,4,0.8,0.75,0.7777777777777778,0.55,0.5538461538461539,0.775,0.8215247931536419,0.7745966692414834,0.8,0.8,0.55
0.46999999999999986,0.6,3,4,0.8409090909090909,0.6571428571428571,0.759493670886076,0.5054365733113675,0.6076923076923078,0.749025974025974,0.856960862192192,0.7433689545558132,0.7551020408163265,0.7956989247311828,0.5097724209825908
0.46999999999999986,0.6,4,4,0.8809523809523809,0.5897435897435898,0.7407407407407407,0.47548566142460674,0.6230769230769231,0.7353479853479854,0.8227877299993032,0.7207884707291173,0.6981132075471698,0.7789473684210526,0.49451614935419247
0.46999999999999986,0.6,5,4,0.825,0.6904761904761905,0.7560975609756098,0.5136417556346382,0.6307692307692307,0.7577380952380952,0.694294763186311,0.7547468828308317,0.717391304347826,0.7674418604651163,0.5191980885601191
0.47999999999999976,0.6,1,4,0.6829268292682927,0.8214285714285714,0.7391304347826086,0.4824999999999999,0.5307692307692308,0.752177700348432,0.894841466173683,0.7489830503797116,0.8484848484848485,0.7567567567567568,0.4957918682292596
0.47999999999999976,0.6,2,4,0.8,0.75,0.7777777777777778,0.55,0.5538461538461539,0.775,0.8300552881286729,0.7745966692414834,0.8,0.8,0.55
0.47999999999999976,0.6,3,4,0.8409090909090909,0.6571428571428571,0.759493670886076,0.5054365733113675,0.6076923076923078,0.749025974025974,0.84174230116815,0.7433689545558132,0.7551020408163265,0.7956989247311828,0.5097724209825908
0.47999999999999976,0.6,4,4,0.8809523809523809,0.5641025641025641,0.7283950617283951,0.45,0.6230769230769231,0.7225274725274725,0.8252678887294619,0.7049450311531367,0.6851851851851852,0.7708333333333334,0.4717281765248632
0.47999999999999976,0.6,5,4,0.825,0.6904761904761905,0.7560975609756098,0.5136417556346382,0.6307692307692307,0.7577380952380952,0.7290958995499474,0.7547468828308317,0.717391304347826,0.7674418604651163,0.5191980885601191
0.48999999999999977,0.6,1,4,0.6829268292682927,0.8214285714285714,0.7391304347826086,0.4824999999999999,0.5307692307692308,0.752177700348432,0.8924024417834391,0.7489830503797116,0.8484848484848485,0.7567567567567568,0.4957918682292596
0.48999999999999977,0.6,2,4,0.8,0.75,0.7777777777777778,0.55,0.5538461538461539,0.775,0.8351475621072298,0.7745966692414834,0.8,0.8,0.55
0.48999999999999977,0.6,3,4,0.8409090909090909,0.6571428571428571,0.759493670886076,0.5054365733113675,0.6076923076923078,0.749025974025974,0.8119719870228358,0.7433689545558132,0.7551020408163265,0.7956989247311828,0.5097724209825908
0.48999999999999977,0.6,4,4,0.8809523809523809,0.5641025641025641,0.7283950617283951,0.45,0.6230769230769231,0.7225274725274725,0.8234261012898483,0.7049450311531367,0.6851851851851852,0.7708333333333334,0.4717281765248632
0.48999999999999977,0.6,5,4,0.825,0.6904761904761905,0.7560975609756098,0.5136417556346382,0.6307692307692307,0.7577380952380952,0.7370898314359428,0.7547468828308317,0.717391304347826,0.7674418604651163,0.5191980885601191
0.4999999999999998,0.6,1,4,0.6829268292682927,0.8214285714285714,0.7391304347826086,0.4824999999999999,0.5307692307692308,0.752177700348432,0.894841466173683,0.7489830503797116,0.8484848484848485,0.7567567567567568,0.4957918682292596
0.4999999999999998,0.6,2,4,0.8,0.75,0.7777777777777778,0.55,0.5538461538461539,0.775,0.8422392230053055,0.7745966692414834,0.8,0.8,0.55
0.4999999999999998,0.6,3,4,0.8409090909090909,0.6571428571428571,0.759493670886076,0.5054365733113675,0.6076923076923078,0.749025974025974,0.8501283001958603,0.7433689545558132,0.7551020408163265,0.7956989247311828,0.5097724209825908
0.4999999999999998,0.6,4,4,0.8809523809523809,0.5641025641025641,0.7283950617283951,0.45,0.6230769230769231,0.7225274725274725,0.8208709017278156,0.7049450311531367,0.6851851851851852,0.7708333333333334,0.4717281765248632
0.4999999999999998,0.6,5,4,0.825,0.6904761904761905,0.7560975609756098,0.5136417556346382,0.6307692307692307,0.7577380952380952,0.7031273028750193,0.7547468828308317,0.717391304347826,0.7674418604651163,0.5191980885601191
0.5099999999999998,0.6,1,4,0.6829268292682927,0.8214285714285714,0.7391304347826086,0.4824999999999999,0.5307692307692308,0.752177700348432,0.8935176586110296,0.7489830503797116,0.8484848484848485,0.7567567567567568,0.4957918682292596
0.5099999999999998,0.6,2,4,0.8,0.75,0.7777777777777778,0.55,0.5538461538461539,0.775,0.8358973112405996,0.7745966692414834,0.8,0.8,0.55
0.5099999999999998,0.6,3,4,0.8409090909090909,0.6571428571428571,0.759493670886076,0.5054365733113675,0.6076923076923078,0.749025974025974,0.8282069830873773,0.7433689545558132,0.7551020408163265,0.7956989247311828,0.5097724209825908
0.5099999999999998,0.6,4,4,0.8809523809523809,0.5641025641025641,0.7283950617283951,0.45,0.6230769230769231,0.7225274725274725,0.8162548655900405,0.7049450311531367,0.6851851851851852,0.7708333333333334,0.4717281765248632
0.5099999999999998,0.6,5,4,0.825,0.6904761904761905,0.7560975609756098,0.5136417556346382,0.6307692307692307,0.7577380952380952,0.711485927945601,0.7547468828308317,0.717391304347826,0.7674418604651163,0.5191980885601191
0.5199999999999998,0.6,1,4,0.6829268292682927,0.8214285714285714,0.7391304347826086,0.4824999999999999,0.5307692307692308,0.752177700348432,0.8935176586110296,0.7489830503797116,0.8484848484848485,0.7567567567567568,0.4957918682292596
0.5199999999999998,0.6,2,4,0.8,0.75,0.7777777777777778,0.55,0.5538461538461539,0.775,0.8428151435153338,0.7745966692414834,0.8,0.8,0.55
0.5199999999999998,0.6,3,4,0.8409090909090909,0.6571428571428571,0.759493670886076,0.5054365733113675,0.6076923076923078,0.749025974025974,0.846365689011571,0.7433689545558132,0.7551020408163265,0.7956989247311828,0.5097724209825908
0.5199999999999998,0.6,4,4,0.8809523809523809,0.5641025641025641,0.7283950617283951,0.45,0.6230769230769231,0.7225274725274725,0.8277808396160145,0.7049450311531367,0.6851851851851852,0.7708333333333334,0.4717281765248632
0.5199999999999998,0.6,5,4,0.825,0.6904761904761905,0.7560975609756098,0.5136417556346382,0.6307692307692307,0.7577380952380952,0.711485927945601,0.7547468828308317,0.717391304347826,0.7674418604651163,0.5191980885601191
0.5299999999999998,0.6,1,4,0.6829268292682927,0.8214285714285714,0.7391304347826086,0.4824999999999999,0.5307692307692308,0.752177700348432,0.8942259137705042,0.7489830503797116,0.8484848484848485,0.7567567567567568,0.4957918682292596
0.5299999999999998,0.6,2,4,0.8,0.75,0.7777777777777778,0.55,0.5538461538461539,0.775,0.844152050895588,0.7745966692414834,0.8,0.8,0.55
0.5299999999999998,0.6,3,4,0.8409090909090909,0.6571428571428571,0.759493670886076,0.5054365733113675,0.6076923076923078,0.749025974025974,0.8334732499468234,0.7433689545558132,0.7551020408163265,0.7956989247311828,0.5097724209825908
0.5299999999999998,0.6,4,4,0.8809523809523809,0.5641025641025641,0.7283950617283951,0.45,0.6230769230769231,0.7225274725274725,0.8295665539017286,0.7049450311531367,0.6851851851851852,0.7708333333333334,0.4717281765248632
0.5299999999999998,0.6,5,4,0.825,0.6904761904761905,0.7560975609756098,0.5136417556346382,0.6307692307692307,0.7577380952380952,0.7198690625992606,0.7547468828308317,0.717391304347826,0.7674418604651163,0.5191980885601191
0.5399999999999998,0.6,1,4,0.6829268292682927,0.8214285714285714,0.7391304347826086,0.4824999999999999,0.5307692307692308,0.752177700348432,0.8925998975103415,0.7489830503797116,0.8484848484848485,0.7567567567567568,0.4957918682292596
0.5399999999999998,0.6,2,4,0.825,0.75,0.7916666666666666,0.5768025078369905,0.5538461538461539,0.7875,0.8409525062979314,0.7866066361276136,0.8048780487804879,0.8148148148148148,0.5770322073951862
0.5399999999999998,0.6,3,4,0.8409090909090909,0.6571428571428571,0.759493670886076,0.5054365733113675,0.6076923076923078,0.749025974025974,0.8233328435497326,0.7433689545558132,0.7551020408163265,0.7956989247311828,0.5097724209825908
0.5399999999999998,0.6,4,4,0.8809523809523809,0.5641025641025641,0.7283950617283951,0.45,0.6230769230769231,0.7225274725274725,0.8253006808858557,0.7049450311531367,0.6851851851851852,0.7708333333333334,0.4717281765248632
0.5399999999999998,0.6,5,4,0.825,0.6904761904761905,0.7560975609756098,0.5136417556346382,0.6307692307692307,0.7577380952380952,0.7220923827573634,0.7547468828308317,0.717391304347826,0.7674418604651163,0.5191980885601191
0.5499999999999998,0.6,1,4,0.6829268292682927,0.8214285714285714,0.7391304347826086,0.4824999999999999,0.5307692307692308,0.752177700348432,0.8934129056404229,0.7489830503797116,0.8484848484848485,0.7567567567567568,0.4957918682292596
0.5499999999999998,0.6,2,4,0.825,0.71875,0.7777777777777778,0.5471698113207547,0.5538461538461539,0.771875,0.8442279587866192,0.770044641563072,0.7857142857142857,0.8048780487804879,0.5480484858633795
0.5499999999999998,0.6,3,4,0.8409090909090909,0.6571428571428571,0.759493670886076,0.5054365733113675,0.6076923076923078,0.749025974025974,0.7969310163457662,0.7433689545558132,0.7551020408163265,0.7956989247311828,0.5097724209825908
0.5499999999999998,0.6,4,4,0.8809523809523809,0.5641025641025641,0.7283950617283951,0.45,0.6230769230769231,0.7225274725274725,0.8258672711583284,0.7049450311531367,0.6851851851851852,0.7708333333333334,0.4717281765248632
0.5499999999999998,0.6,5,4,0.825,0.6904761904761905,0.7560975609756098,0.5136417556346382,0.6307692307692307,0.7577380952380952,0.7141563624831704,0.7547468828308317,0.717391304347826,0.7674418604651163,0.5191980885601191
0.5599999999999997,0.6,1,4,0.6829268292682927,0.8214285714285714,0.7391304347826086,0.4824999999999999,0.5307692307692308,0.752177700348432,0.8918449613895518,0.7489830503797116,0.8484848484848485,0.7567567567567568,0.4957918682292596
0.5599999999999997,0.6,2,4,0.825,0.71875,0.7777777777777778,0.5471698113207547,0.5538461538461539,0.771875,0.8447794293748546,0.770044641563072,0.7857142857142857,0.8048780487804879,0.5480484858633795
0.5599999999999997,0.6,3,4,0.8409090909090909,0.6571428571428571,0.759493670886076,0.5054365733113675,0.6076923076923078,0.749025974025974,0.8442283136430636,0.7433689545558132,0.7551020408163265,0.7956989247311828,0.5097724209825908
0.5599999999999997,0.6,4,4,0.8809523809523809,0.5641025641025641,0.7283950617283951,0.45,0.6230769230769231,0.7225274725274725,0.8235237459133598,0.7049450311531367,0.6851851851851852,0.7708333333333334,0.4717281765248632
0.5599999999999997,0.6,5,4,0.825,0.6904761904761905,0.7560975609756098,0.5136417556346382,0.6307692307692307,0.7577380952380952,0.7193592588489113,0.7547468828308317,0.717391304347826,0.7674418604651163,0.5191980885601191
0.5699999999999997,0.6,1,4,0.6829268292682927,0.8214285714285714,0.7391304347826086,0.4824999999999999,0.5307692307692308,0.752177700348432,0.8900203641063119,0.7489830503797116,0.8484848484848485,0.7567567567567568,0.4957918682292596
0.5699999999999997,0.6,2,4,0.825,0.71875,0.7777777777777778,0.5471698113207547,0.5538461538461539,0.771875,0.8315696320449913,0.770044641563072,0.7857142857142857,0.8048780487804879,0.5480484858633795
0.5699999999999997,0.6,3,4,0.8409090909090909,0.6571428571428571,0.759493670886076,0.5054365733113675,0.6076923076923078,0.749025974025974,0.8487304682509265,0.7433689545558132,0.7551020408163265,0.7956989247311828,0.5097724209825908
0.5699999999999997,0.6,4,4,0.8809523809523809,0.5641025641025641,0.7283950617283951,0.45,0.6230769230769231,0.7225274725274725,0.8322512126426767,0.7049450311531367,0.6851851851851852,0.7708333333333334,0.4717281765248632
0.5699999999999997,0.6,5,4,0.825,0.6904761904761905,0.7560975609756098,0.5136417556346382,0.6307692307692307,0.7577380952380952,0.6367505631967374,0.7547468828308317,0.717391304347826,0.7674418604651163,0.5191980885601191
0.5799999999999997,0.6,1,4,0.6829268292682927,0.8214285714285714,0.7391304347826086,0.4824999999999999,0.5307692307692308,0.752177700348432,0.8924593884965558,0.7489830503797116,0.8484848484848485,0.7567567567567568,0.4957918682292596
0.5799999999999997,0.6,2,4,0.825,0.71875,0.7777777777777778,0.5471698113207547,0.5538461538461539,0.771875,0.8497031148190508,0.770044641563072,0.7857142857142857,0.8048780487804879,0.5480484858633795
0.5799999999999997,0.6,3,4,0.8409090909090909,0.6571428571428571,0.759493670886076,0.5054365733113675,0.6076923076923078,0.749025974025974,0.8046579866784448,0.7433689545558132,0.7551020408163265,0.7956989247311828,0.5097724209825908
0.5799999999999997,0.6,4,4,0.8809523809523809,0.5641025641025641,0.7283950617283951,0.45,0.6230769230769231,0.7225274725274725,0.8255715950894577,0.7049450311531367,0.6851851851851852,0.7708333333333334,0.4717281765248632
0.5799999999999997,0.6,5,4,0.825,0.6904761904761905,0.7560975609756098,0.5136417556346382,0.6307692307692307,0.7577380952380952,0.7454017322984214,0.7547468828308317,0.717391304347826,0.7674418604651163,0.5191980885601191
0.5899999999999997,0.6,1,4,0.6829268292682927,0.8214285714285714,0.7391304347826086,0.4824999999999999,0.5307692307692308,0.752177700348432,0.8916463803664745,0.7489830503797116,0.8484848484848485,0.7567567567567568,0.4957918682292596
0.5899999999999997,0.6,2,4,0.825,0.71875,0.7777777777777778,0.5471698113207547,0.5538461538461539,0.771875,0.8502774156045605,0.770044641563072,0.7857142857142857,0.8048780487804879,0.5480484858633795
0.5899999999999997,0.6,3,4,0.8409090909090909,0.6571428571428571,0.759493670886076,0.5054365733113675,0.6076923076923078,0.749025974025974,0.8469314124739673,0.7433689545558132,0.7551020408163265,0.7956989247311828,0.5097724209825908
0.5899999999999997,0.6,4,4,0.8809523809523809,0.5641025641025641,0.7283950617283951,0.45,0.6230769230769231,0.7225274725274725,0.8298374681053305,0.7049450311531367,0.6851851851851852,0.7708333333333334,0.4717281765248632
0.5899999999999997,0.6,5,4,0.825,0.6904761904761905,0.7560975609756098,0.5136417556346382,0.6307692307692307,0.7577380952380952,0.7360946670810301,0.7547468828308317,0.717391304347826,0.7674418604651163,0.5191980885601191
0.5999999999999998,0.6,1,4,0.6829268292682927,0.8214285714285714,0.7391304347826086,0.4824999999999999,0.5307692307692308,0.752177700348432,0.890654221235397,0.7489830503797116,0.8484848484848485,0.7567567567567568,0.4957918682292596
0.5999999999999998,0.6,2,4,0.825,0.71875,0.7777777777777778,0.5471698113207547,0.5538461538461539,0.771875,0.8388711656045605,0.770044641563072,0.7857142857142857,0.8048780487804879,0.5480484858633795
0.5999999999999998,0.6,3,4,0.8409090909090909,0.6571428571428571,0.759493670886076,0.5054365733113675,0.6076923076923078,0.749025974025974,0.7348922438171516,0.7433689545558132,0.7551020408163265,0.7956989247311828,0.5097724209825908
0.5999999999999998,0.6,4,4,0.8809523809523809,0.5641025641025641,0.7283950617283951,0.45,0.6230769230769231,0.7225274725274725,0.8185624508520524,0.7049450311531367,0.6851851851851852,0.7708333333333334,0.4717281765248632
0.5999999999999998,0.6,5,4,0.825,0.6904761904761905,0.7560975609756098,0.5136417556346382,0.6307692307692307,0.7577380952380952,0.7404424931679867,0.7547468828308317,0.717391304347826,0.7674418604651163,0.5191980885601191
0.6099999999999998,0.6,1,4,0.6829268292682927,0.8214285714285714,0.7391304347826086,0.4824999999999999,0.5307692307692308,0.752177700348432,0.890654221235397,0.7489830503797116,0.8484848484848485,0.7567567567567568,0.4957918682292596
0.6099999999999998,0.6,2,4,0.825,0.71875,0.7777777777777778,0.5471698113207547,0.5538461538461539,0.771875,0.8495880773692664,0.770044641563072,0.7857142857142857,0.8048780487804879,0.5480484858633795
0.6099999999999998,0.6,3,4,0.8409090909090909,0.6571428571428571,0.759493670886076,0.5054365733113675,0.6076923076923078,0.749025974025974,0.8554787298448141,0.7433689545558132,0.7551020408163265,0.7956989247311828,0.5097724209825908
0.6099999999999998,0.6,4,4,0.8809523809523809,0.5641025641025641,0.7283950617283951,0.45,0.6230769230769231,0.7225274725274725,0.8302897287978472,0.7049450311531367,0.6851851851851852,0.7708333333333334,0.4717281765248632
0.6099999999999998,0.6,5,4,0.825,0.6904761904761905,0.7560975609756098,0.5136417556346382,0.6307692307692307,0.7577380952380952,0.7189071670810301,0.7547468828308317,0.717391304347826,0.7674418604651163,0.5191980885601191
0.6199999999999998,0.6,1,4,0.6829268292682927,0.8214285714285714,0.7391304347826086,0.4824999999999999,0.5307692307692308,0.752177700348432,0.8914672293654783,0.7489830503797116,0.8484848484848485,0.7567567567567568,0.4957918682292596
0.6199999999999998,0.6,2,4,0.825,0.71875,0.7777777777777778,0.5471698113207547,0.5538461538461539,0.771875,0.8432461656045606,0.770044641563072,0.7857142857142857,0.8048780487804879,0.5480484858633795
0.6199999999999998,0.6,3,4,0.8409090909090909,0.6571428571428571,0.759493670886076,0.5054365733113675,0.6076923076923078,0.749025974025974,0.8513803132463975,0.7433689545558132,0.7551020408163265,0.7956989247311828,0.5097724209825908
0.6199999999999998,0.6,4,4,0.8809523809523809,0.5641025641025641,0.7283950617283951,0.45,0.6230769230769231,0.7225274725274725,0.8042615902697088,0.7049450311531367,0.6851851851851852,0.7708333333333334,0.4717281765248632
0.6199999999999998,0.6,5,4,0.825,0.6904761904761905,0.7560975609756098,0.5136417556346382,0.6307692307692307,0.7577380952380952,0.7233803191991611,0.7547468828308317,0.717391304347826,0.7674418604651163,0.5191980885601191
0.6299999999999997,0.6,1,4,0.6829268292682927,0.8214285714285714,0.7391304347826086,0.4824999999999999,0.5307692307692308,0.752177700348432,0.8922802374955596,0.7489830503797116,0.8484848484848485,0.7567567567567568,0.4957918682292596
0.6299999999999997,0.6,2,4,0.825,0.71875,0.7777777777777778,0.5471698113207547,0.5538461538461539,0.771875,0.8432461656045606,0.770044641563072,0.7857142857142857,0.8048780487804879,0.5480484858633795
0.6299999999999997,0.6,3,4,0.8409090909090909,0.6571428571428571,0.759493670886076,0.5054365733113675,0.6076923076923078,0.749025974025974,0.8397641516302359,0.7433689545558132,0.7551020408163265,0.7956989247311828,0.5097724209825908
0.6299999999999997,0.6,4,4,0.8809523809523809,0.5641025641025641,0.7283950617283951,0.45,0.6230769230769231,0.7225274725274725,0.8346743866630197,0.7049450311531367,0.6851851851851852,0.7708333333333334,0.4717281765248632
0.6299999999999997,0.6,5,4,0.825,0.6904761904761905,0.7560975609756098,0.5136417556346382,0.6307692307692307,0.7577380952380952,0.7201300149724751,0.7547468828308317,0.717391304347826,0.7674418604651163,0.5191980885601191
0.6399999999999997,0.6,1,4,0.6829268292682927,0.8214285714285714,0.7391304347826086,0.4824999999999999,0.5307692307692308,0.752177700348432,0.890654221235397,0.7489830503797116,0.8484848484848485,0.7567567567567568,0.4957918682292596
0.6399999999999997,0.6,2,4,0.825,0.71875,0.7777777777777778,0.5471698113207547,0.5538461538461539,0.771875,0.8479336656045606,0.770044641563072,0.7857142857142857,0.8048780487804879,0.5480484858633795
0.6399999999999997,0.6,3,4,0.8409090909090909,0.6571428571428571,0.759493670886076,0.5054365733113675,0.6076923076923078,0.749025974025974,0.8360508890934439,0.7433689545558132,0.7551020408163265,0.7956989247311828,0.5097724209825908
0.6399999999999997,0.6,4,4,0.8809523809523809,0.5641025641025641,0.7283950617283951,0.45,0.6230769230769231,0.7225274725274725,0.825222237821336,0.7049450311531367,0.6851851851851852,0.7708333333333334,0.4717281765248632
0.6399999999999997,0.6,5,4,0.825,0.6904761904761905,0.7560975609756098,0.5136417556346382,0.6307692307692307,0.7577380952380952,0.7152057725482327,0.7547468828308317,0.717391304347826,0.7674418604651163,0.5191980885601191
0.6499999999999997,0.6,1,4,0.6829268292682927,0.8214285714285714,0.7391304347826086,0.4824999999999999,0.5307692307692308,0.752177700348432,0.8890282049752344,0.7489830503797116,0.8484848484848485,0.7567567567567568,0.4957918682292596
0.6499999999999997,0.6,2,4,0.825,0.71875,0.7777777777777778,0.5471698113207547,0.5538461538461539,0.771875,0.8432461656045606,0.770044641563072,0.7857142857142857,0.8048780487804879,0.5480484858633795
0.6499999999999997,0.6,3,4,0.8409090909090909,0.6571428571428571,0.759493670886076,0.5054365733113675,0.6076923076923078,0.749025974025974,0.8314996888203185,0.7433689545558132,0.7551020408163265,0.7956989247311828,0.5097724209825908
0.6499999999999997,0.6,4,4,0.8809523809523809,0.5641025641025641,0.7283950617283951,0.45,0.6230769230769231,0.7225274725274725,0.8223593866987715,0.7049450311531367,0.6851851851851852,0.7708333333333334,0.4717281765248632
0.6499999999999997,0.6,5,4,0.825,0.6904761904761905,0.7560975609756098,0.5136417556346382,0.6307692307692307,0.7577380952380952,0.7352341816391419,0.7547468828308317,0.717391304347826,0.7674418604651163,0.5191980885601191
0.6599999999999997,0.6,1,4,0.6829268292682927,0.8214285714285714,0.7391304347826086,0.4824999999999999,0.5307692307692308,0.752177700348432,0.8872860446964888,0.7489830503797116,0.8484848484848485,0.7567567567567568,0.4957918682292596
0.6599999999999997,0.6,2,4,0.825,0.71875,0.7777777777777778,0.5471698113207547,0.5538461538461539,0.771875,0.8473821950163254,0.770044641563072,0.7857142857142857,0.8048780487804879,0.5480484858633795
0.6599999999999997,0.6,3,4,0.8409090909090909,0.6571428571428571,0.759493670886076,0.5054365733113675,0.6076923076923078,0.749025974025974,0.8397641516302359,0.7433689545558132,0.7551020408163265,0.7956989247311828,0.5097724209825908
0.6599999999999997,0.6,4,4,0.8809523809523809,0.5641025641025641,0.7283950617283951,0.45,0.6230769230769231,0.7225274725274725,0.8158207864101713,0.7049450311531367,0.6851851851851852,0.7708333333333334,0.4717281765248632
0.6599999999999997,0.6,5,4,0.825,0.6904761904761905,0.7560975609756098,0.5136417556346382,0.6307692307692307,0.7577380952380952,0.7181146164217505,0.7547468828308317,0.717391304347826,0.7674418604651163,0.5191980885601191
0.6699999999999997,0.6,1,4,0.6829268292682927,0.8214285714285714,0.7391304347826086,0.4824999999999999,0.5307692307692308,0.752177700348432,0.889577312392121,0.7489830503797116,0.8484848484848485,0.7567567567567568,0.4957918682292596
0.6699999999999997,0.6,2,4,0.825,0.71875,0.7777777777777778,0.5471698113207547,0.5538461538461539,0.771875,0.8413527832516194,0.770044641563072,0.7857142857142857,0.8048780487804879,0.5480484858633795
0.6699999999999997,0.6,3,4,0.8409090909090909,0.6571428571428571,0.759493670886076,0.5054365733113675,0.6076923076923078,0.749025974025974,0.8441321559982402,0.7433689545558132,0.7551020408163265,0.7956989247311828,0.5097724209825908
0.6699999999999997,0.6,4,4,0.8809523809523809,0.5641025641025641,0.7283950617283951,0.45,0.6230769230769231,0.7225274725274725,0.8307186554329293,0.7049450311531367,0.6851851851851852,0.7708333333333334,0.4717281765248632
0.6699999999999997,0.6,5,4,0.825,0.6904761904761905,0.7560975609756098,0.5136417556346382,0.6307692307692307,0.7577380952380952,0.6930466816391418,0.7547468828308317,0.717391304347826,0.7674418604651163,0.5191980885601191
0.6799999999999997,0.6,1,4,0.6829268292682927,0.8214285714285714,0.7391304347826086,0.4824999999999999,0.5307692307692308,0.752177700348432,0.8912033286522836,0.7489830503797116,0.8484848484848485,0.7567567567567568,0.4957918682292596
0.6799999999999997,0.6,2,4,0.825,0.71875,0.7777777777777778,0.5471698113207547,0.5538461538461539,0.771875,0.8413527832516194,0.770044641563072,0.7857142857142857,0.8048780487804879,0.5480484858633795
0.6799999999999997,0.6,3,4,0.8409090909090909,0.6571428571428571,0.759493670886076,0.5054365733113675,0.6076923076923078,0.749025974025974,0.5338432574740477,0.7433689545558132,0.7551020408163265,0.7956989247311828,0.5097724209825908
0.6799999999999997,0.6,4,4,0.8809523809523809,0.5641025641025641,0.7283950617283951,0.45,0.6230769230769231,0.7225274725274725,0.8170540591596375,0.7049450311531367,0.6851851851851852,0.7708333333333334,0.4717281765248632
0.6799999999999997,0.6,5,4,0.825,0.6904761904761905,0.7560975609756098,0.5136417556346382,0.6307692307692307,0.7577380952380952,0.7100921361845963,0.7547468828308317,0.717391304347826,0.7674418604651163,0.5191980885601191
0.6899999999999997,0.6,1,4,0.6829268292682927,0.8214285714285714,0.7391304347826086,0.4824999999999999,0.5307692307692308,0.752177700348432,0.8912033286522836,0.7489830503797116,0.8484848484848485,0.7567567567567568,0.4957918682292596
0.6899999999999997,0.6,2,4,0.825,0.71875,0.7777777777777778,0.5471698113207547,0.5538461538461539,0.771875,0.8517939597222077,0.770044641563072,0.7857142857142857,0.8048780487804879,0.5480484858633795
0.6899999999999997,0.6,3,4,0.8409090909090909,0.6571428571428571,0.759493670886076,0.5054365733113675,0.6076923076923078,0.749025974025974,0.841896068045979,0.7433689545558132,0.7551020408163265,0.7956989247311828,0.5097724209825908
0.6899999999999997,0.6,4,4,0.8809523809523809,0.5641025641025641,0.7283950617283951,0.45,0.6230769230769231,0.7225274725274725,0.8236835700965027,0.7049450311531367,0.6851851851851852,0.7708333333333334,0.4717281765248632
0.6899999999999997,0.6,5,4,0.825,0.6904761904761905,0.7560975609756098,0.5136417556346382,0.6307692307692307,0.7577380952380952,0.7181146164217505,0.7547468828308317,0.717391304347826,0.7674418604651163,0.5191980885601191
0.6999999999999996,0.6,1,4,0.6829268292682927,0.8214285714285714,0.7391304347826086,0.4824999999999999,0.5307692307692308,0.752177700348432,0.8920163367823649,0.7489830503797116,0.8484848484848485,0.7567567567567568,0.4957918682292596
0.6999999999999996,0.6,2,4,0.825,0.71875,0.7777777777777778,0.5471698113207547,0.5538461538461539,0.771875,0.8413711656045605,0.770044641563072,0.7857142857142857,0.8048780487804879,0.5480484858633795
0.6999999999999996,0.6,3,4,0.8409090909090909,0.6571428571428571,0.759493670886076,0.5054365733113675,0.6076923076923078,0.749025974025974,0.8393708155207265,0.7433689545558132,0.7551020408163265,0.7956989247311828,0.5097724209825908
0.6999999999999996,0.6,4,4,0.8809523809523809,0.5641025641025641,0.7283950617283951,0.45,0.6230769230769231,0.7225274725274725,0.8261637288266614,0.7049450311531367,0.6851851851851852,0.7708333333333334,0.4717281765248632
0.6999999999999996,0.6,5,4,0.825,0.6904761904761905,0.7560975609756098,0.5136417556346382,0.6307692307692307,0.7577380952380952,0.6890385294652288,0.7547468828308317,0.717391304347826,0.7674418604651163,0.5191980885601191
0.7099999999999996,0.6,1,4,0.6829268292682927,0.8214285714285714,0.7391304347826086,0.4824999999999999,0.5307692307692308,0.752177700348432,0.8920163367823649,0.7489830503797116,0.8484848484848485,0.7567567567567568,0.4957918682292596
0.7099999999999996,0.6,2,4,0.825,0.71875,0.7777777777777778,0.5471698113207547,0.5538461538461539,0.771875,0.8495880773692664,0.770044641563072,0.7857142857142857,0.8048780487804879,0.5480484858633795
0.7099999999999996,0.6,3,4,0.8409090909090909,0.6571428571428571,0.759493670886076,0.5054365733113675,0.6076923076923078,0.749025974025974,0.7703385814149628,0.7433689545558132,0.7551020408163265,0.7956989247311828,0.5097724209825908
0.7099999999999996,0.6,4,4,0.8809523809523809,0.5641025641025641,0.7283950617283951,0.45,0.6230769230769231,0.7225274725274725,0.8261637288266614,0.7049450311531367,0.6851851851851852,0.7708333333333334,0.4717281765248632
0.7099999999999996,0.6,5,4,0.825,0.6904761904761905,0.7560975609756098,0.5136417556346382,0.6307692307692307,0.7577380952380952,0.7225470357712178,0.7547468828308317,0.717391304347826,0.7674418604651163,0.5191980885601191
0.7199999999999996,0.6,1,4,0.6829268292682927,0.8214285714285714,0.7391304347826086,0.4824999999999999,0.5307692307692308,0.752177700348432,0.8912033286522836,0.7489830503797116,0.8484848484848485,0.7567567567567568,0.4957918682292596
0.7199999999999996,0.6,2,4,0.825,0.71875,0.7777777777777778,0.5471698113207547,0.5538461538461539,0.771875,0.834205987033132,0.770044641563072,0.7857142857142857,0.8048780487804879,0.5480484858633795
0.7199999999999996,0.6,3,4,0.8409090909090909,0.6571428571428571,0.759493670886076,0.5054365733113675,0.6076923076923078,0.749025974025974,0.850019728062283,0.7433689545558132,0.7551020408163265,0.7956989247311828,0.5097724209825908
0.7199999999999996,0.6,4,4,0.8809523809523809,0.5641025641025641,0.7283950617283951,0.45,0.6230769230769231,0.7225274725274725,0.8166657992200361,0.7049450311531367,0.6851851851851852,0.7708333333333334,0.4717281765248632
0.7199999999999996,0.6,5,4,0.825,0.6904761904761905,0.7560975609756098,0.5136417556346382,0.6307692307692307,0.7577380952380952,0.7155885730382986,0.7547468828308317,0.717391304347826,0.7674418604651163,0.5191980885601191
0.7299999999999996,0.6,1,4,0.6829268292682927,0.8214285714285714,0.7391304347826086,0.4824999999999999,0.5307692307692308,0.752177700348432,0.8904483925314939,0.7489830503797116,0.8484848484848485,0.7567567567567568,0.4957918682292596
0.7299999999999996,0.6,2,4,0.825,0.71875,0.7777777777777778,0.5471698113207547,0.5538461538461539,0.771875,0.8455899156045605,0.770044641563072,0.7857142857142857,0.8048780487804879,0.5480484858633795
0.7299999999999996,0.6,3,4,0.8409090909090909,0.6571428571428571,0.759493670886076,0.5054365733113675,0.6076923076923078,0.749025974025974,0.8473399092059936,0.7433689545558132,0.7551020408163265,0.7956989247311828,0.5097724209825908
0.7299999999999996,0.6,4,4,0.8809523809523809,0.5641025641025641,0.7283950617283951,0.45,0.6230769230769231,0.7225274725274725,0.8218417826568893,0.7049450311531367,0.6851851851851852,0.7708333333333334,0.4717281765248632
0.7299999999999996,0.6,5,4,0.825,0.6904761904761905,0.7560975609756098,0.5136417556346382,0.6307692307692307,0.7577380952380952,0.636337796640783,0.7547468828308317,0.717391304347826,0.7674418604651163,0.5191980885601191
0.7399999999999997,0.6,1,4,0.6829268292682927,0.8214285714285714,0.7391304347826086,0.4824999999999999,0.5307692307692308,0.752177700348432,0.8920163367823649,0.7489830503797116,0.8484848484848485,0.7567567567567568,0.4957918682292596
0.7399999999999997,0.6,2,4,0.825,0.71875,0.7777777777777778,0.5471698113207547,0.5538461538461539,0.771875,0.8432461656045606,0.770044641563072,0.7857142857142857,0.8048780487804879,0.5480484858633795
0.7399999999999997,0.6,3,4,0.8409090909090909,0.6571428571428571,0.759493670886076,0.5054365733113675,0.6076923076923078,0.749025974025974,0.8404817523478365,0.7433689545558132,0.7551020408163265,0.7956989247311828,0.5097724209825908
0.7399999999999997,0.6,4,4,0.8809523809523809,0.5641025641025641,0.7283950617283951,0.45,0.6230769230769231,0.7225274725274725,0.8236835700965027,0.7049450311531367,0.6851851851851852,0.7708333333333334,0.4717281765248632
0.7399999999999997,0.6,5,4,0.825,0.6904761904761905,0.7560975609756098,0.5136417556346382,0.6307692307692307,0.7577380952380952,0.6350470357712179,0.7547468828308317,0.717391304347826,0.7674418604651163,0.5191980885601191
0.7499999999999997,0.6,1,4,0.6829268292682927,0.8214285714285714,0.7391304347826086,0.4824999999999999,0.5307692307692308,0.752177700348432,0.889577312392121,0.7489830503797116,0.8484848484848485,0.7567567567567568,0.4957918682292596
0.7499999999999997,0.6,2,4,0.825,0.71875,0.7777777777777778,0.5471698113207547,0.5538461538461539,0.771875,0.8292373986362348,0.770044641563072,0.7857142857142857,0.8048780487804879,0.5480484858633795
0.7499999999999997,0.6,3,4,0.8409090909090909,0.6571428571428571,0.759493670886076,0.5054365733113675,0.6076923076923078,0.749025974025974,0.7897641516302358,0.7433689545558132,0.7551020408163265,0.7956989247311828,0.5097724209825908
0.7499999999999997,0.6,4,4,0.8809523809523809,0.5641025641025641,0.7283950617283951,0.45,0.6230769230769231,0.7225274725274725,0.8236835700965027,0.7049450311531367,0.6851851851851852,0.7708333333333334,0.4717281765248632
0.7499999999999997,0.6,5,4,0.825,0.6904761904761905,0.7560975609756098,0.5136417556346382,0.6307692307692307,0.7577380952380952,0.7254002966407831,0.7547468828308317,0.717391304347826,0.7674418604651163,0.5191980885601191
0.7599999999999997,0.6,1,4,0.6829268292682927,0.8214285714285714,0.7391304347826086,0.4824999999999999,0.5307692307692308,0.752177700348432,0.8912033286522836,0.7489830503797116,0.8484848484848485,0.7567567567567568,0.4957918682292596
0.7599999999999997,0.6,2,4,0.825,0.71875,0.7777777777777778,0.5471698113207547,0.5538461538461539,0.771875,0.8491741163303055,0.770044641563072,0.7857142857142857,0.8048780487804879,0.5480484858633795
0.7599999999999997,0.6,3,4,0.8409090909090909,0.6571428571428571,0.759493670886076,0.5054365733113675,0.6076923076923078,0.749025974025974,0.8430010114847428,0.7433689545558132,0.7551020408163265,0.7956989247311828,0.5097724209825908
0.7599999999999997,0.6,4,4,0.8809523809523809,0.5641025641025641,0.7283950617283951,0.45,0.6230769230769231,0.7225274725274725,0.8252015823165882,0.7049450311531367,0.6851851851851852,0.7708333333333334,0.4717281765248632
0.7599999999999997,0.6,5,4,0.825,0.6904761904761905,0.7560975609756098,0.5136417556346382,0.6307692307692307,0.7577380952380952,0.7368195160083719,0.7547468828308317,0.717391304347826,0.7674418604651163,0.5191980885601191
0.7699999999999997,0.6,1,4,0.6829268292682927,0.8214285714285714,0.7391304347826086,0.4824999999999999,0.5307692307692308,0.752177700348432,0.8920163367823649,0.7489830503797116,0.8484848484848485,0.7567567567567568,0.4957918682292596
0.7699999999999997,0.6,2,4,0.825,0.71875,0.7777777777777778,0.5471698113207547,0.5538461538461539,0.771875,0.8444866163303054,0.770044641563072,0.7857142857142857,0.8048780487804879,0.5480484858633795
0.7699999999999997,0.6,3,4,0.8409090909090909,0.6571428571428571,0.759493670886076,0.5054365733113675,0.6076923076923078,0.749025974025974,0.849046160912245,0.7433689545558132,0.7551020408163265,0.7956989247311828,0.5097724209825908
0.7699999999999997,0.6,4,4,0.8809523809523809,0.5641025641025641,0.7283950617283951,0.45,0.6230769230769231,0.7225274725274725,0.8015814524464585,0.7049450311531367,0.6851851851851852,0.7708333333333334,0.4717281765248632
0.7699999999999997,0.6,5,4,0.825,0.6904761904761905,0.7560975609756098,0.5136417556346382,0.6307692307692307,0.7577380952380952,0.7176557314233918,0.7547468828308317,0.717391304347826,0.7674418604651163,0.5191980885601191
0.7799999999999997,0.6,1,4,0.6829268292682927,0.8214285714285714,0.7391304347826086,0.4824999999999999,0.5307692307692308,0.752177700348432,0.8920163367823649,0.7489830503797116,0.8484848484848485,0.7567567567567568,0.4957918682292596
0.7799999999999997,0.6,2,4,0.825,0.71875,0.7777777777777778,0.5471698113207547,0.5538461538461539,0.771875,0.8444866163303054,0.770044641563072,0.7857142857142857,0.8048780487804879,0.5480484858633795
0.7799999999999997,0.6,3,4,0.8409090909090909,0.6571428571428571,0.759493670886076,0.5054365733113675,0.6076923076923078,0.749025974025974,0.8409808642105849,0.7433689545558132,0.7551020408163265,0.7956989247311828,0.5097724209825908
0.7799999999999997,0.6,4,4,0.8809523809523809,0.5641025641025641,0.7283950617283951,0.45,0.6230769230769231,0.7225274725274725,0.820836502951509,0.7049450311531367,0.6851851851851852,0.7708333333333334,0.4717281765248632
0.7799999999999997,0.6,5,4,0.825,0.6904761904761905,0.7560975609756098,0.5136417556346382,0.6307692307692307,0.7577380952380952,0.6656938572468436,0.7547468828308317,0.717391304347826,0.7674418604651163,0.5191980885601191
0.7899999999999996,0.6,1,4,0.6829268292682927,0.8214285714285714,0.7391304347826086,0.4824999999999999,0.5307692307692308,0.752177700348432,0.889577312392121,0.7489830503797116,0.8484848484848485,0.7567567567567568,0.4957918682292596
0.7899999999999996,0.6,2,4,0.825,0.71875,0.7777777777777778,0.5471698113207547,0.5538461538461539,0.771875,0.8546947827159097,0.770044641563072,0.7857142857142857,0.8048780487804879,0.5480484858633795
0.7899999999999996,0.6,3,4,0.8409090909090909,0.6571428571428571,0.759493670886076,0.5054365733113675,0.6076923076923078,0.749025974025974,0.8441321559982402,0.7433689545558132,0.7551020408163265,0.7956989247311828,0.5097724209825908
0.7899999999999996,0.6,4,4,0.8809523809523809,0.5641025641025641,0.7283950617283951,0.45,0.6230769230769231,0.7225274725274725,0.8233166616816677,0.7049450311531367,0.6851851851851852,0.7708333333333334,0.4717281765248632
0.7899999999999996,0.6,5,4,0.825,0.6904761904761905,0.7560975609756098,0.5136417556346382,0.6307692307692307,0.7577380952380952,0.7413649705538264,0.7547468828308317,0.717391304347826,0.7674418604651163,0.5191980885601191
0.7999999999999996,0.6,1,4,0.6829268292682927,0.8214285714285714,0.7391304347826086,0.4824999999999999,0.5307692307692308,0.752177700348432,0.8912033286522836,0.7489830503797116,0.8484848484848485,0.7567567567567568,0.4957918682292596
0.7999999999999996,0.6,2,4,0.825,0.71875,0.7777777777777778,0.5471698113207547,0.5538461538461539,0.771875,0.8486286062453217,0.770044641563072,0.7857142857142857,0.8048780487804879,0.5480484858633795
0.7999999999999996,0.6,3,4,0.8409090909090909,0.6571428571428571,0.759493670886076,0.5054365733113675,0.6076923076923078,0.749025974025974,0.8519641725067273,0.7433689545558132,0.7551020408163265,0.7956989247311828,0.5097724209825908
0.7999999999999996,0.6,4,4,0.8809523809523809,0.5641025641025641,0.7283950617283951,0.45,0.6230769230769231,0.7225274725274725,0.820836502951509,0.7049450311531367,0.6851851851851852,0.7708333333333334,0.4717281765248632
0.7999999999999996,0.6,5,4,0.825,0.6904761904761905,0.7560975609756098,0.5136417556346382,0.6307692307692307,0.7577380952380952,0.7096332511862375,0.7547468828308317,0.717391304347826,0.7674418604651163,0.5191980885601191
0.8099999999999996,0.6,1,4,0.6829268292682927,0.8214285714285714,0.7391304347826086,0.4824999999999999,0.5307692307692308,0.752177700348432,0.889577312392121,0.7489830503797116,0.8484848484848485,0.7567567567567568,0.4957918682292596
0.8099999999999996,0.6,2,4,0.825,0.71875,0.7777777777777778,0.5471698113207547,0.5538461538461539,0.771875,0.8457277201618698,0.770044641563072,0.7857142857142857,0.8048780487804879,0.5480484858633795
0.8099999999999996,0.6,3,4,0.8409090909090909,0.6571428571428571,0.759493670886076,0.5054365733113675,0.6076923076923078,0.749025974025974,0.8401006043931593,0.7433689545558132,0.7551020408163265,0.7956989247311828,0.5097724209825908
0.8099999999999996,0.6,4,4,0.8809523809523809,0.5641025641025641,0.7283950617283951,0.45,0.6230769230769231,0.7225274725274725,0.8282769791419851,0.7049450311531367,0.6851851851851852,0.7708333333333334,0.4717281765248632
0.8099999999999996,0.6,5,4,0.825,0.6904761904761905,0.7560975609756098,0.5136417556346382,0.6307692307692307,0.7577380952380952,0.739462796640783,0.7547468828308317,0.717391304347826,0.7674418604651163,0.5191980885601191
0.8199999999999996,0.6,1,4,0.6829268292682927,0.8214285714285714,0.7391304347826086,0.4824999999999999,0.5307692307692308,0.752177700348432,0.8911961316938671,0.7489830503797116,0.8484848484848485,0.7567567567567568,0.4957918682292596
0.8199999999999996,0.6,2,4,0.825,0.71875,0.7777777777777778,0.5471698113207547,0.5538461538461539,0.771875,0.8480714701618699,0.770044641563072,0.7857142857142857,0.8048780487804879,0.5480484858633795
0.8199999999999996,0.6,3,4,0.8409090909090909,0.6571428571428571,0.759493670886076,0.5054365733113675,0.6076923076923078,0.749025974025974,0.8519641725067273,0.7433689545558132,0.7551020408163265,0.7956989247311828,0.5097724209825908
0.8199999999999996,0.6,4,4,0.8809523809523809,0.5641025641025641,0.7283950617283951,0.45,0.6230769230769231,0.7225274725274725,0.8188868825236276,0.7049450311531367,0.6851851851851852,0.7708333333333334,0.4717281765248632
0.8199999999999996,0.6,5,4,0.825,0.6904761904761905,0.7560975609756098,0.5136417556346382,0.6307692307692307,0.7577380952380952,0.7391910575103483,0.7547468828308317,0.717391304347826,0.7674418604651163,0.5191980885601191
0.8299999999999996,0.6,1,4,0.6829268292682927,0.8214285714285714,0.7391304347826086,0.4824999999999999,0.5307692307692308,0.752177700348432,0.8896205112578599,0.7489830503797116,0.8484848484848485,0.7567567567567568,0.4957918682292596
0.8299999999999996,0.6,2,4,0.825,0.71875,0.7777777777777778,0.5471698113207547,0.5538461538461539,0.771875,0.8457277201618698,0.770044641563072,0.7857142857142857,0.8048780487804879,0.5480484858633795
0.8299999999999996,0.6,3,4,0.8409090909090909,0.6571428571428571,0.759493670886076,0.5054365733113675,0.6076923076923078,0.749025974025974,0.6930837528308532,0.7433689545558132,0.7551020408163265,0.7956989247311828,0.5097724209825908
0.8299999999999996,0.6,4,4,0.8809523809523809,0.5641025641025641,0.7283950617283951,0.45,0.6230769230769231,0.7225274725274725,0.820836502951509,0.7049450311531367,0.6851851851851852,0.7708333333333334,0.4717281765248632
0.8299999999999996,0.6,5,4,0.825,0.6904761904761905,0.7560975609756098,0.5136417556346382,0.6307692307692307,0.7577380952380952,0.6983350792494787,0.7547468828308317,0.717391304347826,0.7674418604651163,0.5191980885601191
0.8399999999999996,0.6,1,4,0.6829268292682927,0.8214285714285714,0.7391304347826086,0.4824999999999999,0.5307692307692308,0.752177700348432,0.8896205112578599,0.7489830503797116,0.8484848484848485,0.7567567567567568,0.4957918682292596
0.8399999999999996,0.6,2,4,0.825,0.71875,0.7777777777777778,0.5471698113207547,0.5538461538461539,0.771875,0.8415089701618698,0.770044641563072,0.7857142857142857,0.8048780487804879,0.5480484858633795
0.8399999999999996,0.6,3,4,0.8409090909090909,0.6571428571428571,0.759493670886076,0.5054365733113675,0.6076923076923078,0.749025974025974,0.8476763619689168,0.7433689545558132,0.7551020408163265,0.7956989247311828,0.5097724209825908
0.8399999999999996,0.6,4,4,0.8809523809523809,0.5641025641025641,0.7283950617283951,0.45,0.6230769230769231,0.7225274725274725,0.8257968204118264,0.7049450311531367,0.6851851851851852,0.7708333333333334,0.4717281765248632
0.8399999999999996,0.6,5,4,0.825,0.6904761904761905,0.7560975609756098,0.5136417556346382,0.6307692307692307,0.7577380952380952,0.727438340119044,0.7547468828308317,0.717391304347826,0.7674418604651163,0.5191980885601191
0.8499999999999996,0.6,1,4,0.6829268292682927,0.8214285714285714,0.7391304347826086,0.4824999999999999,0.5307692307692308,0.752177700348432,0.8896205112578599,0.7489830503797116,0.8484848484848485,0.7567567567567568,0.4957918682292596
0.8499999999999996,0.6,2,4,0.825,0.71875,0.7777777777777778,0.5471698113207547,0.5538461538461539,0.771875,0.8457277201618698,0.770044641563072,0.7857142857142857,0.8048780487804879,0.5480484858633795
0.8499999999999996,0.6,3,4,0.8409090909090909,0.6571428571428571,0.759493670886076,0.5054365733113675,0.6076923076923078,0.749025974025974,0.8403993929718683,0.7433689545558132,0.7551020408163265,0.7956989247311828,0.5097724209825908
0.8499999999999996,0.6,4,4,0.8809523809523809,0.5641025641025641,0.7283950617283951,0.45,0.6230769230769231,0.7225274725274725,0.8257968204118264,0.7049450311531367,0.6851851851851852,0.7708333333333334,0.4717281765248632
0.8499999999999996,0.6,5,4,0.825,0.6904761904761905,0.7560975609756098,0.5136417556346382,0.6307692307692307,0.7577380952380952,0.7176557314233918,0.7547468828308317,0.717391304347826,0.7674418604651163,0.5191980885601191
0.8599999999999995,0.6,1,4,0.6829268292682927,0.8214285714285714,0.7391304347826086,0.4824999999999999,0.5307692307692308,0.752177700348432,0.8904335193879411,0.7489830503797116,0.8484848484848485,0.7567567567567568,0.4957918682292596
0.8599999999999995,0.6,2,4,0.825,0.71875,0.7777777777777778,0.5471698113207547,0.5538461538461539,0.771875,0.8497258819265757,0.770044641563072,0.7857142857142857,0.8048780487804879,0.5480484858633795
0.8599999999999995,0.6,3,4,0.8409090909090909,0.6571428571428571,0.759493670886076,0.5054365733113675,0.6076923076923078,0.749025974025974,0.8472575498300253,0.7433689545558132,0.7551020408163265,0.7956989247311828,0.5097724209825908
0.8599999999999995,0.6,4,4,0.8809523809523809,0.5641025641025641,0.7283950617283951,0.45,0.6230769230769231,0.7225274725274725,0.820836502951509,0.7049450311531367,0.6851851851851852,0.7708333333333334,0.4717281765248632
0.8599999999999995,0.6,5,4,0.825,0.6904761904761905,0.7560975609756098,0.5136417556346382,0.6307692307692307,0.7577380952380952,0.7096332511862375,0.7547468828308317,0.717391304347826,0.7674418604651163,0.5191980885601191
0.8699999999999996,0.6,1,4,0.6829268292682927,0.8214285714285714,0.7391304347826086,0.4824999999999999,0.5307692307692308,0.752177700348432,0.8879944949976972,0.7489830503797116,0.8484848484848485,0.7567567567567568,0.4957918682292596
0.8699999999999996,0.6,2,4,0.825,0.71875,0.7777777777777778,0.5471698113207547,0.5538461538461539,0.771875,0.8343437915904413,0.770044641563072,0.7857142857142857,0.8048780487804879,0.5480484858633795
0.8699999999999996,0.6,3,4,0.8409090909090909,0.6571428571428571,0.759493670886076,0.5054365733113675,0.6076923076923078,0.749025974025974,0.8428026817387935,0.7433689545558132,0.7551020408163265,0.7956989247311828,0.5097724209825908
0.8699999999999996,0.6,4,4,0.8809523809523809,0.5641025641025641,0.7283950617283951,0.45,0.6230769230769231,0.7225274725274725,0.8162988908052011,0.7049450311531367,0.6851851851851852,0.7708333333333334,0.4717281765248632
0.8699999999999996,0.6,5,4,0.825,0.6904761904761905,0.7560975609756098,0.5136417556346382,0.6307692307692307,0.7577380952380952,0.7298742873240128,0.7547468828308317,0.717391304347826,0.7674418604651163,0.5191980885601191
0.8799999999999996,0.6,1,4,0.6829268292682927,0.8214285714285714,0.7391304347826086,0.4824999999999999,0.5307692307692308,0.752177700348432,0.8879944949976972,0.7489830503797116,0.8484848484848485,0.7567567567567568,0.4957918682292596
0.8799999999999996,0.6,2,4,0.825,0.71875,0.7777777777777778,0.5471698113207547,0.5538461538461539,0.771875,0.8433839701618698,0.770044641563072,0.7857142857142857,0.8048780487804879,0.5480484858633795
0.8799999999999996,0.6,3,4,0.8409090909090909,0.6571428571428571,0.759493670886076,0.5054365733113675,0.6076923076923078,0.749025974025974,0.5390619575435239,0.7433689545558132,0.7551020408163265,0.7956989247311828,0.5097724209825908
0.8799999999999996,0.6,4,4,0.8809523809523809,0.5641025641025641,0.7283950617283951,0.45,0.6230769230769231,0.7225274725274725,0.8275825346975406,0.7049450311531367,0.6851851851851852,0.7708333333333334,0.4717281765248632
0.8799999999999996,0.6,5,4,0.825,0.6904761904761905,0.7560975609756098,0.5136417556346382,0.6307692307692307,0.7577380952380952,0.7176557314233918,0.7547468828308317,0.717391304347826,0.7674418604651163,0.5191980885601191
0.8899999999999996,0.6,1,4,0.6829268292682927,0.8214285714285714,0.7391304347826086,0.4824999999999999,0.5307692307692308,0.752177700348432,0.8904335193879411,0.7489830503797116,0.8484848484848485,0.7567567567567568,0.4957918682292596
0.8899999999999996,0.6,2,4,0.825,0.71875,0.7777777777777778,0.5471698113207547,0.5538461538461539,0.771875,0.8415089701618698,0.770044641563072,0.7857142857142857,0.8048780487804879,0.5480484858633795
0.8899999999999996,0.6,3,4,0.8409090909090909,0.6571428571428571,0.759493670886076,0.5054365733113675,0.6076923076923078,0.749025974025974,0.8465067990792745,0.7433689545558132,0.7551020408163265,0.7956989247311828,0.5097724209825908
0.8899999999999996,0.6,4,4,0.8809523809523809,0.5641025641025641,0.7283950617283951,0.45,0.6230769230769231,0.7225274725274725,0.8188955091626892,0.7049450311531367,0.6851851851851852,0.7708333333333334,0.4717281765248632
0.8899999999999996,0.6,5,4,0.825,0.6904761904761905,0.7560975609756098,0.5136417556346382,0.6307692307692307,0.7577380952380952,0.730087796640783,0.7547468828308317,0.717391304347826,0.7674418604651163,0.5191980885601191
0.8999999999999996,0.6,1,4,0.6829268292682927,0.8214285714285714,0.7391304347826086,0.4824999999999999,0.5307692307692308,0.752177700348432,0.8896205112578599,0.7489830503797116,0.8484848484848485,0.7567567567567568,0.4957918682292596
0.8999999999999996,0.6,2,4,0.825,0.71875,0.7777777777777778,0.5471698113207547,0.5538461538461539,0.771875,0.8497258819265757,0.770044641563072,0.7857142857142857,0.8048780487804879,0.5480484858633795
0.8999999999999996,0.6,3,4,0.8409090909090909,0.6571428571428571,0.759493670886076,0.5054365733113675,0.6076923076923078,0.749025974025974,0.8359013783176038,0.7433689545558132,0.7551020408163265,0.7956989247311828,0.5097724209825908
0.8999999999999996,0.6,4,4,0.8809523809523809,0.5641025641025641,0.7283950617283951,0.45,0.6230769230769231,0.7225274725274725,0.820836502951509,0.7049450311531367,0.6851851851851852,0.7708333333333334,0.4717281765248632
0.8999999999999996,0.6,5,4,0.825,0.6904761904761905,0.7560975609756098,0.5136417556346382,0.6307692307692307,0.7577380952380952,0.727438340119044,0.7547468828308317,0.717391304347826,0.7674418604651163,0.5191980885601191
0.9099999999999996,0.6,1,4,0.6829268292682927,0.8214285714285714,0.7391304347826086,0.4824999999999999,0.5307692307692308,0.752177700348432,0.8896205112578599,0.7489830503797116,0.8484848484848485,0.7567567567567568,0.4957918682292596
0.9099999999999996,0.6,2,4,0.825,0.71875,0.7777777777777778,0.5471698113207547,0.5538461538461539,0.771875,0.8343477306660714,0.770044641563072,0.7857142857142857,0.8048780487804879,0.5480484858633795
0.9099999999999996,0.6,3,4,0.8409090909090909,0.6571428571428571,0.759493670886076,0.5054365733113675,0.6076923076923078,0.749025974025974,0.8396817922542676,0.7433689545558132,0.7551020408163265,0.7956989247311828,0.5097724209825908
0.9099999999999996,0.6,4,4,0.8809523809523809,0.5641025641025641,0.7283950617283951,0.45,0.6230769230769231,0.7225274725274725,0.8269661316113796,0.7049450311531367,0.6851851851851852,0.7708333333333334,0.4717281765248632
0.9099999999999996,0.6,5,4,0.825,0.6904761904761905,0.7560975609756098,0.5136417556346382,0.6307692307692307,0.7577380952380952,0.7247915304070168,0.7547468828308317,0.717391304347826,0.7674418604651163,0.5191980885601191
0.9199999999999996,0.6,1,4,0.6829268292682927,0.8214285714285714,0.7391304347826086,0.4824999999999999,0.5307692307692308,0.752177700348432,0.8896205112578599,0.7489830503797116,0.8484848484848485,0.7567567567567568,0.4957918682292596
0.9199999999999996,0.6,2,4,0.825,0.71875,0.7777777777777778,0.5471698113207547,0.5538461538461539,0.771875,0.8457277201618698,0.770044641563072,0.7857142857142857,0.8048780487804879,0.5480484858633795
0.9199999999999996,0.6,3,4,0.8409090909090909,0.6571428571428571,0.759493670886076,0.5054365733113675,0.6076923076923078,0.749025974025974,0.8124090649815405,0.7433689545558132,0.7551020408163265,0.7956989247311828,0.5097724209825908
0.9199999999999996,0.6,4,4,0.8809523809523809,0.5641025641025641,0.7283950617283951,0.45,0.6230769230769231,0.7225274725274725,0.8222479979029899,0.7049450311531367,0.6851851851851852,0.7708333333333334,0.4717281765248632
0.9199999999999996,0.6,5,4,0.825,0.6904761904761905,0.7560975609756098,0.5136417556346382,0.6307692307692307,0.7577380952380952,0.7225470357712178,0.7547468828308317,0.717391304347826,0.7674418604651163,0.5191980885601191
0.9299999999999996,0.6,1,4,0.6829268292682927,0.8214285714285714,0.7391304347826086,0.4824999999999999,0.5307692307692308,0.752177700348432,0.8896205112578599,0.7489830503797116,0.8484848484848485,0.7567567567567568,0.4957918682292596
0.9299999999999996,0.6,2,4,0.825,0.71875,0.7777777777777778,0.5471698113207547,0.5538461538461539,0.771875,0.8480714701618699,0.770044641563072,0.7857142857142857,0.8048780487804879,0.5480484858633795
0.9299999999999996,0.6,3,4,0.8409090909090909,0.6571428571428571,0.759493670886076,0.5054365733113675,0.6076923076923078,0.749025974025974,0.5478285043072297,0.7433689545558132,0.7551020408163265,0.7956989247311828,0.5097724209825908
0.9299999999999996,0.6,4,4,0.8809523809523809,0.5641025641025641,0.7283950617283951,0.45,0.6230769230769231,0.7225274725274725,0.8288948232998152,0.7049450311531367,0.6851851851851852,0.7708333333333334,0.4717281765248632
0.9299999999999996,0.6,5,4,0.825,0.6904761904761905,0.7560975609756098,0.5136417556346382,0.6307692307692307,0.7577380952380952,0.6277286069174629,0.7547468828308317,0.717391304347826,0.7674418604651163,0.5191980885601191
0.9399999999999996,0.6,1,4,0.6829268292682927,0.8214285714285714,0.7391304347826086,0.4824999999999999,0.5307692307692308,0.752177700348432,0.8896205112578599,0.7489830503797116,0.8484848484848485,0.7567567567567568,0.4957918682292596
0.9399999999999996,0.6,2,4,0.825,0.71875,0.7777777777777778,0.5471698113207547,0.5538461538461539,0.771875,0.8342847054559873,0.770044641563072,0.7857142857142857,0.8048780487804879,0.5480484858633795
0.9399999999999996,0.6,3,4,0.8409090909090909,0.6571428571428571,0.759493670886076,0.5054365733113675,0.6076923076923078,0.749025974025974,0.5332660851032665,0.7433689545558132,0.7551020408163265,0.7956989247311828,0.5097724209825908
0.9399999999999996,0.6,4,4,0.8809523809523809,0.5641025641025641,0.7283950617283951,0.45,0.6230769230769231,0.7225274725274725,0.8152388536655847,0.7049450311531367,0.6851851851851852,0.7708333333333334,0.4717281765248632
0.9399999999999996,0.6,5,4,0.825,0.6904761904761905,0.7560975609756098,0.5136417556346382,0.6307692307692307,0.7577380952380952,0.730087796640783,0.7547468828308317,0.717391304347826,0.7674418604651163,0.5191980885601191
0.9499999999999995,0.6,1,4,0.6829268292682927,0.8214285714285714,0.7391304347826086,0.4824999999999999,0.5307692307692308,0.752177700348432,0.8879944949976972,0.7489830503797116,0.8484848484848485,0.7567567567567568,0.4957918682292596
0.9499999999999995,0.6,2,4,0.825,0.71875,0.7777777777777778,0.5471698113207547,0.5538461538461539,0.771875,0.8383707603324835,0.770044641563072,0.7857142857142857,0.8048780487804879,0.5480484858633795
0.9499999999999995,0.6,3,4,0.8409090909090909,0.6571428571428571,0.759493670886076,0.5054365733113675,0.6076923076923078,0.749025974025974,0.8378019903744658,0.7433689545558132,0.7551020408163265,0.7956989247311828,0.5097724209825908
0.9499999999999995,0.6,4,4,0.8809523809523809,0.5641025641025641,0.7283950617283951,0.45,0.6230769230769231,0.7225274725274725,0.8147987648010411,0.7049450311531367,0.6851851851851852,0.7708333333333334,0.4717281765248632
0.9499999999999995,0.6,5,4,0.825,0.6904761904761905,0.7560975609756098,0.5136417556346382,0.6307692307692307,0.7577380952380952,0.641025296640783,0.7547468828308317,0.717391304347826,0.7674418604651163,0.5191980885601191
0.9599999999999995,0.6,1,4,0.6829268292682927,0.8214285714285714,0.7391304347826086,0.4824999999999999,0.5307692307692308,0.752177700348432,0.8904335193879411,0.7489830503797116,0.8484848484848485,0.7567567567567568,0.4957918682292596
0.9599999999999995,0.6,2,4,0.825,0.71875,0.7777777777777778,0.5471698113207547,0.5538461538461539,0.771875,0.8497770103324834,0.770044641563072,0.7857142857142857,0.8048780487804879,0.5480484858633795
0.9599999999999995,0.6,3,4,0.8409090909090909,0.6571428571428571,0.759493670886076,0.5054365733113675,0.6076923076923078,0.749025974025974,0.8447322973047726,0.7433689545558132,0.7551020408163265,0.7956989247311828,0.5097724209825908
0.9599999999999995,0.6,4,4,0.8809523809523809,0.5641025641025641,0.7283950617283951,0.45,0.6230769230769231,0.7225274725274725,0.8260824086933807,0.7049450311531367,0.6851851851851852,0.7708333333333334,0.4717281765248632
0.9599999999999995,0.6,5,4,0.825,0.6904761904761905,0.7560975609756098,0.5136417556346382,0.6307692307692307,0.7577380952380952,0.7155885730382986,0.7547468828308317,0.717391304347826,0.7674418604651163,0.5191980885601191
0.9699999999999995,0.6,1,4,0.6829268292682927,0.8214285714285714,0.7391304347826086,0.4824999999999999,0.5307692307692308,0.752177700348432,0.8912465275180225,0.7489830503797116,0.8484848484848485,0.7567567567567568,0.4957918682292596
0.9699999999999995,0.6,2,4,0.825,0.71875,0.7777777777777778,0.5471698113207547,0.5538461538461539,0.771875,0.8468817897442482,0.770044641563072,0.7857142857142857,0.8048780487804879,0.5480484858633795
0.9699999999999995,0.6,3,4,0.8409090909090909,0.6571428571428571,0.759493670886076,0.5054365733113675,0.6076923076923078,0.749025974025974,0.8313925112377138,0.7433689545558132,0.7551020408163265,0.7956989247311828,0.5097724209825908
0.9699999999999995,0.6,4,4,0.8809523809523809,0.5641025641025641,0.7283950617283951,0.45,0.6230769230769231,0.7225274725274725,0.8213561076038393,0.7049450311531367,0.6851851851851852,0.7708333333333334,0.4717281765248632
0.9699999999999995,0.6,5,4,0.825,0.6904761904761905,0.7560975609756098,0.5136417556346382,0.6307692307692307,0.7577380952380952,0.7198605239135103,0.7547468828308317,0.717391304347826,0.7674418604651163,0.5191980885601191
0.9799999999999995,0.6,1,4,0.6829268292682927,0.8214285714285714,0.7391304347826086,0.4824999999999999,0.5307692307692308,0.752177700348432,0.8904335193879411,0.7489830503797116,0.8484848484848485,0.7567567567567568,0.4957918682292596
0.9799999999999995,0.6,2,4,0.825,0.71875,0.7777777777777778,0.5471698113207547,0.5538461538461539,0.771875,0.8450895103324835,0.770044641563072,0.7857142857142857,0.8048780487804879,0.5480484858633795
0.9799999999999995,0.6,3,4,0.8409090909090909,0.6571428571428571,0.759493670886076,0.5054365733113675,0.6076923076923078,0.749025974025974,0.8279347510954618,0.7433689545558132,0.7551020408163265,0.7956989247311828,0.5097724209825908
0.9799999999999995,0.6,4,4,0.8809523809523809,0.5641025641025641,0.7283950617283951,0.45,0.6230769230769231,0.7225274725274725,0.8256219806197121,0.7049450311531367,0.6851851851851852,0.7708333333333334,0.4717281765248632
0.9799999999999995,0.6,5,4,0.825,0.6904761904761905,0.7560975609756098,0.5136417556346382,0.6307692307692307,0.7577380952380952,0.730087796640783,0.7547468828308317,0.717391304347826,0.7674418604651163,0.5191980885601191
0.9899999999999995,0.6,1,4,0.6829268292682927,0.8214285714285714,0.7391304347826086,0.4824999999999999,0.5307692307692308,0.752177700348432,0.8904335193879411,0.7489830503797116,0.8484848484848485,0.7567567567567568,0.4957918682292596
0.9899999999999995,0.6,2,4,0.825,0.71875,0.7777777777777778,0.5471698113207547,0.5538461538461539,0.771875,0.8427457603324835,0.770044641563072,0.7857142857142857,0.8048780487804879,0.5480484858633795
0.9899999999999995,0.6,3,4,0.8409090909090909,0.6571428571428571,0.759493670886076,0.5054365733113675,0.6076923076923078,0.749025974025974,0.6817954968679724,0.7433689545558132,0.7551020408163265,0.7956989247311828,0.5097724209825908
0.9899999999999995,0.6,4,4,0.8809523809523809,0.5641025641025641,0.7283950617283951,0.45,0.6230769230769231,0.7225274725274725,0.8169349550848606,0.7049450311531367,0.6851851851851852,0.7708333333333334,0.4717281765248632
0.9899999999999995,0.6,5,4,0.825,0.6904761904761905,0.7560975609756098,0.5136417556346382,0.6307692307692307,0.7577380952380952,0.7277286069174629,0.7547468828308317,0.717391304347826,0.7674418604651163,0.5191980885601191
1.0,0.6,1,4,0.6829268292682927,0.8214285714285714,0.7391304347826086,0.4824999999999999,0.5307692307692308,0.752177700348432,0.8896205112578599,0.7489830503797116,0.8484848484848485,0.7567567567567568,0.4957918682292596
1.0,0.6,2,4,0.825,0.71875,0.7777777777777778,0.5471698113207547,0.5538461538461539,0.771875,0.8468817897442482,0.770044641563072,0.7857142857142857,0.8048780487804879,0.5480484858633795
1.0,0.6,3,4,0.8409090909090909,0.6571428571428571,0.759493670886076,0.5054365733113675,0.6076923076923078,0.749025974025974,0.8312793282066424,0.7433689545558132,0.7551020408163265,0.7956989247311828,0.5097724209825908
1.0,0.6,4,4,0.8809523809523809,0.5641025641025641,0.7283950617283951,0.45,0.6230769230769231,0.7225274725274725,0.823836266333998,0.7049450311531367,0.6851851851851852,0.7708333333333334,0.4717281765248632
1.0,0.6,5,4,0.825,0.6904761904761905,0.7560975609756098,0.5136417556346382,0.6307692307692307,0.7577380952380952,0.727438340119044,0.7547468828308317,0.717391304347826,0.7674418604651163,0.5191980885601191
0.1,0.6,1,5,0.85,0.717948717948718,0.7848101265822784,0.5688603531300159,0.6076923076923078,0.783974358974359,0.8036777758490175,0.7811891001904789,0.7555555555555555,0.8,0.5734898122660225
0.1,0.6,2,5,0.7045454545454546,0.6388888888888888,0.675,0.34343434343434354,0.6153846153846154,0.6717171717171717,0.7317001026557755,0.670914497254503,0.7045454545454546,0.7045454545454546,0.3434343434343434
0.1,0.6,3,5,0.7894736842105263,0.7297297297297297,0.76,0.5195729537366548,0.5769230769230769,0.759601706970128,0.8048709716675391,0.7590141093600838,0.75,0.7692307692307693,0.5203148031833277
0.1,0.6,4,5,0.7674418604651163,0.7647058823529411,0.7662337662337663,0.5288919102651258,0.5923076923076923,0.7660738714090287,0.8346349959664436,0.766072649989255,0.8048780487804879,0.7857142857142857,0.5296179938907651
0.1,0.6,5,5,0.6410256410256411,0.7777777777777778,0.7066666666666667,0.41613588110403404,0.5769230769230769,0.7094017094017094,0.7994453915809929,0.7060987881136028,0.7575757575757576,0.6944444444444444,0.42151414884221583
0.11,0.6,1,5,0.85,0.717948717948718,0.7848101265822784,0.5688603531300159,0.6076923076923078,0.783974358974359,0.7999421436651095,0.7811891001904789,0.7555555555555555,0.8,0.5734898122660225
0.11,0.6,2,5,0.7045454545454546,0.6388888888888888,0.675,0.34343434343434354,0.6153846153846154,0.6717171717171717,0.7415141522425523,0.670914497254503,0.7045454545454546,0.7045454545454546,0.3434343434343434
0.11,0.6,3,5,0.7894736842105263,0.7297297297297297,0.76,0.5195729537366548,0.5769230769230769,0.759601706970128,0.7966116870924651,0.7590141093600838,0.75,0.7692307692307693,0.5203148031833277
0.11,0.6,4,5,0.7674418604651163,0.7647058823529411,0.7662337662337663,0.5288919102651258,0.5923076923076923,0.7660738714090287,0.8231844184011037,0.766072649989255,0.8048780487804879,0.7857142857142857,0.5296179938907651
0.11,0.6,5,5,0.6410256410256411,0.7777777777777778,0.7066666666666667,0.41613588110403404,0.5769230769230769,0.7094017094017094,0.8058573266128374,0.7060987881136028,0.7575757575757576,0.6944444444444444,0.42151414884221583
0.12,0.6,1,5,0.85,0.717948717948718,0.7848101265822784,0.5688603531300159,0.6076923076923078,0.783974358974359,0.8122409942398221,0.7811891001904789,0.7555555555555555,0.8,0.5734898122660225
0.12,0.6,2,5,0.7045454545454546,0.6388888888888888,0.675,0.34343434343434354,0.6153846153846154,0.6717171717171717,0.6889630233648424,0.670914497254503,0.7045454545454546,0.7045454545454546,0.3434343434343434
0.12,0.6,3,5,0.7894736842105263,0.7297297297297297,0.76,0.5195729537366548,0.5769230769230769,0.759601706970128,0.8014989051375779,0.7590141093600838,0.75,0.7692307692307693,0.5203148031833277
0.12,0.6,4,5,0.7674418604651163,0.7647058823529411,0.7662337662337663,0.5288919102651258,0.5923076923076923,0.7660738714090287,0.8481039882145056,0.766072649989255,0.8048780487804879,0.7857142857142857,0.5296179938907651
0.12,0.6,5,5,0.6410256410256411,0.7777777777777778,0.7066666666666667,0.41613588110403404,0.5769230769230769,0.7094017094017094,0.8014547645506916,0.7060987881136028,0.7575757575757576,0.6944444444444444,0.42151414884221583
0.13,0.6,1,5,0.85,0.717948717948718,0.7848101265822784,0.5688603531300159,0.6076923076923078,0.783974358974359,0.787442406199955,0.7811891001904789,0.7555555555555555,0.8,0.5734898122660225
0.13,0.6,2,5,0.7045454545454546,0.6388888888888888,0.675,0.34343434343434354,0.6153846153846154,0.6717171717171717,0.7389970819216283,0.670914497254503,0.7045454545454546,0.7045454545454546,0.3434343434343434
0.13,0.6,3,5,0.7894736842105263,0.7297297297297297,0.76,0.5195729537366548,0.5769230769230769,0.759601706970128,0.6900384357823717,0.7590141093600838,0.75,0.7692307692307693,0.5203148031833277
0.13,0.6,4,5,0.7674418604651163,0.7647058823529411,0.7662337662337663,0.5288919102651258,0.5923076923076923,0.7660738714090287,0.8418392426802961,0.766072649989255,0.8048780487804879,0.7857142857142857,0.5296179938907651
0.13,0.6,5,5,0.6410256410256411,0.7777777777777778,0.7066666666666667,0.41613588110403404,0.5769230769230769,0.7094017094017094,0.802141051443875,0.7060987881136028,0.7575757575757576,0.6944444444444444,0.42151414884221583
0.13999999999999999,0.6,1,5,0.85,0.717948717948718,0.7848101265822784,0.5688603531300159,0.6076923076923078,0.783974358974359,0.7791891221277054,0.7811891001904789,0.7555555555555555,0.8,0.5734898122660225
0.13999999999999999,0.6,2,5,0.7045454545454546,0.6388888888888888,0.675,0.34343434343434354,0.6153846153846154,0.6717171717171717,0.6573855116736944,0.670914497254503,0.7045454545454546,0.7045454545454546,0.3434343434343434
0.13999999999999999,0.6,3,5,0.7894736842105263,0.7297297297297297,0.76,0.5195729537366548,0.5769230769230769,0.759601706970128,0.8071209147069559,0.7590141093600838,0.75,0.7692307692307693,0.5203148031833277
0.13999999999999999,0.6,4,5,0.7674418604651163,0.7647058823529411,0.7662337662337663,0.5288919102651258,0.5923076923076923,0.7660738714090287,0.7256570721376604,0.766072649989255,0.8048780487804879,0.7857142857142857,0.5296179938907651
0.13999999999999999,0.6,5,5,0.6666666666666666,0.7777777777777778,0.72,0.4420828905419766,0.5769230769230769,0.7222222222222222,0.8100686365031651,0.7200822998230956,0.7647058823529411,0.7123287671232876,0.446035729321833
0.14999999999999997,0.6,1,5,0.85,0.717948717948718,0.7848101265822784,0.5688603531300159,0.6076923076923078,0.783974358974359,0.6719580136866541,0.7811891001904789,0.7555555555555555,0.8,0.5734898122660225
0.14999999999999997,0.6,2,5,0.7045454545454546,0.6388888888888888,0.675,0.34343434343434354,0.6153846153846154,0.6717171717171717,0.7394371152563984,0.670914497254503,0.7045454545454546,0.7045454545454546,0.3434343434343434
0.14999999999999997,0.6,3,5,0.7894736842105263,0.7297297297297297,0.76,0.5195729537366548,0.5769230769230769,0.759601706970128,0.79889011042352,0.7590141093600838,0.75,0.7692307692307693,0.5203148031833277
0.14999999999999997,0.6,4,5,0.7674418604651163,0.7647058823529411,0.7662337662337663,0.5288919102651258,0.5923076923076923,0.7660738714090287,0.8374179209757711,0.766072649989255,0.8048780487804879,0.7857142857142857,0.5296179938907651
0.14999999999999997,0.6,5,5,0.6666666666666666,0.7777777777777778,0.72,0.4420828905419766,0.5769230769230769,0.7222222222222222,0.8029460979405549,0.7200822998230956,0.7647058823529411,0.7123287671232876,0.446035729321833
0.15999999999999998,0.6,1,5,0.85,0.717948717948718,0.7848101265822784,0.5688603531300159,0.6076923076923078,0.783974358974359,0.8189394951681356,0.7811891001904789,0.7555555555555555,0.8,0.5734898122660225
0.15999999999999998,0.6,2,5,0.75,0.6388888888888888,0.7,0.3908629441624365,0.6153846153846154,0.6944444444444444,0.7273591259056817,0.6922186552431728,0.717391304347826,0.7333333333333333,0.39136749198461096
0.15999999999999998,0.6,3,5,0.7894736842105263,0.7297297297297297,0.76,0.5195729537366548,0.5769230769230769,0.759601706970128,0.7966551570112813,0.7590141093600838,0.75,0.7692307692307693,0.5203148031833277
0.15999999999999998,0.6,4,5,0.7674418604651163,0.7647058823529411,0.7662337662337663,0.5288919102651258,0.5923076923076923,0.7660738714090287,0.8385983297143192,0.766072649989255,0.8048780487804879,0.7857142857142857,0.5296179938907651
0.15999999999999998,0.6,5,5,0.6666666666666666,0.7777777777777778,0.72,0.4420828905419766,0.5769230769230769,0.7222222222222222,0.8074191555512644,0.7200822998230956,0.7647058823529411,0.7123287671232876,0.446035729321833
0.16999999999999998,0.6,1,5,0.85,0.717948717948718,0.7848101265822784,0.5688603531300159,0.6076923076923078,0.783974358974359,0.7981816886981197,0.7811891001904789,0.7555555555555555,0.8,0.5734898122660225
0.16999999999999998,0.6,2,5,0.75,0.6388888888888888,0.7,0.3908629441624365,0.6153846153846154,0.6944444444444444,0.658402514335434,0.6922186552431728,0.717391304347826,0.7333333333333333,0.39136749198461096
0.16999999999999998,0.6,3,5,0.8157894736842105,0.7297297297297297,0.7733333333333333,0.5461018155927376,0.5769230769230769,0.7727596017069701,0.803003833789321,0.771560647096479,0.7560975609756098,0.7848101265822784,0.547862174267561
0.16999999999999998,0.6,4,5,0.7674418604651163,0.7647058823529411,0.7662337662337663,0.5288919102651258,0.5923076923076923,0.7660738714090287,0.8310941708224903,0.766072649989255,0.8048780487804879,0.7857142857142857,0.5296179938907651
0.16999999999999998,0.6,5,5,0.6666666666666666,0.7777777777777778,0.72,0.4420828905419766,0.5769230769230769,0.7222222222222222,0.8116539783083544,0.7200822998230956,0.7647058823529411,0.7123287671232876,0.446035729321833
0.17999999999999997,0.6,1,5,0.85,0.717948717948718,0.7848101265822784,0.5688603531300159,0.6076923076923078,0.783974358974359,0.7485911483395256,0.7811891001904789,0.7555555555555555,0.8,0.5734898122660225
0.17999999999999997,0.6,2,5,0.75,0.6388888888888888,0.7,0.3908629441624365,0.6153846153846154,0.6944444444444444,0.734220642530225,0.6922186552431728,0.717391304347826,0.7333333333333333,0.39136749198461096
0.17999999999999997,0.6,3,5,0.8157894736842105,0.7297297297297297,0.7733333333333333,0.5461018155927376,0.5769230769230769,0.7727596017069701,0.8027272012371467,0.771560647096479,0.7560975609756098,0.7848101265822784,0.547862174267561
0.17999999999999997,0.6,4,5,0.7674418604651163,0.7647058823529411,0.7662337662337663,0.5288919102651258,0.5923076923076923,0.7660738714090287,0.838784445663928,0.766072649989255,0.8048780487804879,0.7857142857142857,0.5296179938907651
0.17999999999999997,0.6,5,5,0.6666666666666666,0.7777777777777778,0.72,0.4420828905419766,0.5769230769230769,0.7222222222222222,0.806938664382514,0.7200822998230956,0.7647058823529411,0.7123287671232876,0.446035729321833
0.18999999999999995,0.6,1,5,0.85,0.717948717948718,0.7848101265822784,0.5688603531300159,0.6076923076923078,0.783974358974359,0.8066873755572029,0.7811891001904789,0.7555555555555555,0.8,0.5734898122660225
0.18999999999999995,0.6,2,5,0.75,0.6388888888888888,0.7,0.3908629441624365,0.6153846153846154,0.6944444444444444,0.5706010991947726,0.6922186552431728,0.717391304347826,0.7333333333333333,0.39136749198461096
0.18999999999999995,0.6,3,5,0.7894736842105263,0.7297297297297297,0.76,0.5195729537366548,0.5769230769230769,0.759601706970128,0.583429097313004,0.7590141093600838,0.75,0.7692307692307693,0.5203148031833277
0.18999999999999995,0.6,4,5,0.7674418604651163,0.7647058823529411,0.7662337662337663,0.5288919102651258,0.5923076923076923,0.7660738714090287,0.8321952983771062,0.766072649989255,0.8048780487804879,0.7857142857142857,0.5296179938907651
0.18999999999999995,0.6,5,5,0.6923076923076923,0.7777777777777778,0.7333333333333333,0.46808510638297857,0.5769230769230769,0.7350427350427351,0.8126353470362103,0.7337993857053428,0.7714285714285715,0.7297297297297297,0.4707565417620042
0.19999999999999996,0.6,1,5,0.85,0.6923076923076923,0.7721518987341772,0.5433526011560693,0.6076923076923078,0.7711538461538461,0.8099367124272295,0.7671124679351382,0.7391304347826086,0.7906976744186046,0.5497587851048304
0.19999999999999996,0.6,2,5,0.75,0.6388888888888888,0.7,0.3908629441624365,0.6153846153846154,0.6944444444444444,0.7410556446493181,0.6922186552431728,0.717391304347826,0.7333333333333333,0.39136749198461096
0.19999999999999996,0.6,3,5,0.7894736842105263,0.7297297297297297,0.76,0.5195729537366548,0.5769230769230769,0.759601706970128,0.7915915488965082,0.7590141093600838,0.75,0.7692307692307693,0.5203148031833277
0.19999999999999996,0.6,4,5,0.7674418604651163,0.7647058823529411,0.7662337662337663,0.5288919102651258,0.5923076923076923,0.7660738714090287,0.8426247451005544,0.766072649989255,0.8048780487804879,0.7857142857142857,0.5296179938907651
0.19999999999999996,0.6,5,5,0.6923076923076923,0.7777777777777778,0.7333333333333333,0.46808510638297857,0.5769230769230769,0.7350427350427351,0.8083838405579832,0.7337993857053428,0.7714285714285715,0.7297297297297297,0.4707565417620042
0.20999999999999996,0.6,1,5,0.85,0.6923076923076923,0.7721518987341772,0.5433526011560693,0.6076923076923078,0.7711538461538461,0.6691321147260801,0.7671124679351382,0.7391304347826086,0.7906976744186046,0.5497587851048304
0.20999999999999996,0.6,2,5,0.75,0.6388888888888888,0.7,0.3908629441624365,0.6153846153846154,0.6944444444444444,0.7390253147203907,0.6922186552431728,0.717391304347826,0.7333333333333333,0.39136749198461096
0.20999999999999996,0.6,3,5,0.7894736842105263,0.7297297297297297,0.76,0.5195729537366548,0.5769230769230769,0.759601706970128,0.8057488924559415,0.7590141093600838,0.75,0.7692307692307693,0.5203148031833277
0.20999999999999996,0.6,4,5,0.7674418604651163,0.7647058823529411,0.7662337662337663,0.5288919102651258,0.5923076923076923,0.7660738714090287,0.8187550354371136,0.766072649989255,0.8048780487804879,0.7857142857142857,0.5296179938907651
0.20999999999999996,0.6,5,5,0.6923076923076923,0.7777777777777778,0.7333333333333333,0.46808510638297857,0.5769230769230769,0.7350427350427351,0.8106145035072696,0.7337993857053428,0.7714285714285715,0.7297297297297297,0.4707565417620042
0.21999999999999995,0.6,1,5,0.85,0.6923076923076923,0.7721518987341772,0.5433526011560693,0.6076923076923078,0.7711538461538461,0.8053765886429678,0.7671124679351382,0.7391304347826086,0.7906976744186046,0.5497587851048304
0.21999999999999995,0.6,2,5,0.75,0.6388888888888888,0.7,0.3908629441624365,0.6153846153846154,0.6944444444444444,0.735237435932512,0.6922186552431728,0.717391304347826,0.7333333333333333,0.39136749198461096
0.21999999999999995,0.6,3,5,0.7894736842105263,0.7297297297297297,0.76,0.5195729537366548,0.5769230769230769,0.759601706970128,0.8050959567309022,0.7590141093600838,0.75,0.7692307692307693,0.5203148031833277
0.21999999999999995,0.6,4,5,0.7674418604651163,0.7647058823529411,0.7662337662337663,0.5288919102651258,0.5923076923076923,0.7660738714090287,0.8288550971549711,0.766072649989255,0.8048780487804879,0.7857142857142857,0.5296179938907651
0.21999999999999995,0.6,5,5,0.717948717948718,0.7777777777777778,0.7466666666666667,0.4941427050053249,0.5769230769230769,0.7478632478632479,0.807989060297263,0.7472647177570733,0.7777777777777778,0.7466666666666667,0.49572649572649574
0.22999999999999995,0.6,1,5,0.85,0.6923076923076923,0.7721518987341772,0.5433526011560693,0.6076923076923078,0.7711538461538461,0.8152026495610705,0.7671124679351382,0.7391304347826086,0.7906976744186046,0.5497587851048304
0.22999999999999995,0.6,2,5,0.75,0.6388888888888888,0.7,0.3908629441624365,0.6153846153846154,0.6944444444444444,0.74143578303995,0.6922186552431728,0.717391304347826,0.7333333333333333,0.39136749198461096
0.22999999999999995,0.6,3,5,0.7894736842105263,0.7297297297297297,0.76,0.5195729537366548,0.5769230769230769,0.759601706970128,0.7988302925705011,0.7590141093600838,0.75,0.7692307692307693,0.5203148031833277
0.22999999999999995,0.6,4,5,0.7674418604651163,0.7647058823529411,0.7662337662337663,0.5288919102651258,0.5923076923076923,0.7660738714090287,0.8331998499686686,0.766072649989255,0.8048780487804879,0.7857142857142857,0.5296179938907651
0.22999999999999995,0.6,5,5,0.717948717948718,0.7777777777777778,0.7466666666666667,0.4941427050053249,0.5769230769230769,0.7478632478632479,0.8166016225261484,0.7472647177570733,0.7777777777777778,0.7466666666666667,0.49572649572649574
0.23999999999999994,0.6,1,5,0.85,0.6923076923076923,0.7721518987341772,0.5433526011560693,0.6076923076923078,0.7711538461538461,0.8100228729821612,0.7671124679351382,0.7391304347826086,0.7906976744186046,0.5497587851048304
0.23999999999999994,0.6,2,5,0.75,0.6388888888888888,0.7,0.3908629441624365,0.6153846153846154,0.6944444444444444,0.7469700215287339,0.6922186552431728,0.717391304347826,0.7333333333333333,0.39136749198461096
0.23999999999999994,0.6,3,5,0.7894736842105263,0.7297297297297297,0.76,0.5195729537366548,0.5769230769230769,0.759601706970128,0.8008022944378185,0.7590141093600838,0.75,0.7692307692307693,0.5203148031833277
0.23999999999999994,0.6,4,5,0.7674418604651163,0.7647058823529411,0.7662337662337663,0.5288919102651258,0.5923076923076923,0.7660738714090287,0.8404672918291337,0.766072649989255,0.8048780487804879,0.7857142857142857,0.5296179938907651
0.23999999999999994,0.6,5,5,0.717948717948718,0.7777777777777778,0.7466666666666667,0.4941427050053249,0.5769230769230769,0.7478632478632479,0.8122615181403743,0.7472647177570733,0.7777777777777778,0.7466666666666667,0.49572649572649574
0.24999999999999992,0.6,1,5,0.85,0.6923076923076923,0.7721518987341772,0.5433526011560693,0.6076923076923078,0.7711538461538461,0.785749679516689,0.7671124679351382,0.7391304347826086,0.7906976744186046,0.5497587851048304
0.24999999999999992,0.6,2,5,0.75,0.6388888888888888,0.7,0.3908629441624365,0.6153846153846154,0.6944444444444444,0.741834698149231,0.6922186552431728,0.717391304347826,0.7333333333333333,0.39136749198461096
0.24999999999999992,0.6,3,5,0.7894736842105263,0.7297297297297297,0.76,0.5195729537366548,0.5769230769230769,0.759601706970128,0.6928265543476353,0.7590141093600838,0.75,0.7692307692307693,0.5203148031833277
0.24999999999999992,0.6,4,5,0.7674418604651163,0.7647058823529411,0.7662337662337663,0.5288919102651258,0.5923076923076923,0.7660738714090287,0.8427115942058433,0.766072649989255,0.8048780487804879,0.7857142857142857,0.5296179938907651
0.24999999999999992,0.6,5,5,0.717948717948718,0.7777777777777778,0.7466666666666667,0.4941427050053249,0.5769230769230769,0.7478632478632479,0.8122615181403743,0.7472647177570733,0.7777777777777778,0.7466666666666667,0.49572649572649574
0.2599999999999999,0.6,1,5,0.85,0.6923076923076923,0.7721518987341772,0.5433526011560693,0.6076923076923078,0.7711538461538461,0.538263819272208,0.7671124679351382,0.7391304347826086,0.7906976744186046,0.5497587851048304
0.2599999999999999,0.6,2,5,0.75,0.6388888888888888,0.7,0.3908629441624365,0.6153846153846154,0.6944444444444444,0.7399513607447337,0.6922186552431728,0.717391304347826,0.7333333333333333,0.39136749198461096
0.2599999999999999,0.6,3,5,0.7894736842105263,0.7297297297297297,0.76,0.5195729537366548,0.5769230769230769,0.759601706970128,0.8038963136168406,0.7590141093600838,0.75,0.7692307692307693,0.5203148031833277
0.2599999999999999,0.6,4,5,0.7674418604651163,0.7647058823529411,0.7662337662337663,0.5288919102651258,0.5923076923076923,0.7660738714090287,0.8266983270550634,0.766072649989255,0.8048780487804879,0.7857142857142857,0.5296179938907651
0.2599999999999999,0.6,5,5,0.717948717948718,0.7777777777777778,0.7466666666666667,0.4941427050053249,0.5769230769230769,0.7478632478632479,0.817637730443663,0.7472647177570733,0.7777777777777778,0.7466666666666667,0.49572649572649574
0.2699999999999999,0.6,1,5,0.85,0.6666666666666666,0.759493670886076,0.517828461291359,0.6076923076923078,0.7583333333333333,0.810139845544786,0.752772652709081,0.723404255319149,0.7816091954022989,0.5261975534418865
0.2699999999999999,0.6,2,5,0.7272727272727273,0.6388888888888888,0.6875,0.3670886075949367,0.6153846153846154,0.6830808080808081,0.7436481615555907,0.6816498108607268,0.7111111111111111,0.7191011235955056,0.3672063019255
0.2699999999999999,0.6,3,5,0.7894736842105263,0.7297297297297297,0.76,0.5195729537366548,0.5769230769230769,0.759601706970128,0.7835379725191127,0.7590141093600838,0.75,0.7692307692307693,0.5203148031833277
0.2699999999999999,0.6,4,5,0.7674418604651163,0.7647058823529411,0.7662337662337663,0.5288919102651258,0.5923076923076923,0.7660738714090287,0.8151274468948319,0.766072649989255,0.8048780487804879,0.7857142857142857,0.5296179938907651
0.2699999999999999,0.6,5,5,0.717948717948718,0.7777777777777778,0.7466666666666667,0.4941427050053249,0.5769230769230769,0.7478632478632479,0.8185350818844928,0.7472647177570733,0.7777777777777778,0.7466666666666667,0.49572649572649574
0.2799999999999999,0.6,1,5,0.85,0.6666666666666666,0.759493670886076,0.517828461291359,0.6076923076923078,0.7583333333333333,0.8064393952380244,0.752772652709081,0.723404255319149,0.7816091954022989,0.5261975534418865
0.2799999999999999,0.6,2,5,0.7272727272727273,0.6388888888888888,0.6875,0.3670886075949367,0.6153846153846154,0.6830808080808081,0.7379548888745333,0.6816498108607268,0.7111111111111111,0.7191011235955056,0.3672063019255
0.2799999999999999,0.6,3,5,0.7894736842105263,0.7297297297297297,0.76,0.5195729537366548,0.5769230769230769,0.759601706970128,0.7950799854461672,0.7590141093600838,0.75,0.7692307692307693,0.5203148031833277
0.2799999999999999,0.6,4,5,0.7674418604651163,0.7647058823529411,0.7662337662337663,0.5288919102651258,0.5923076923076923,0.7660738714090287,0.8439668012883536,0.766072649989255,0.8048780487804879,0.7857142857142857,0.5296179938907651
0.2799999999999999,0.6,5,5,0.7435897435897436,0.7777777777777778,0.76,0.5202558635394458,0.5769230769230769,0.7606837606837606,0.8277481071423172,0.7604916688219394,0.7837837837837838,0.7631578947368421,0.5209965732441684
0.2899999999999999,0.6,1,5,0.85,0.6666666666666666,0.759493670886076,0.517828461291359,0.6076923076923078,0.7583333333333333,0.7152933149472073,0.752772652709081,0.723404255319149,0.7816091954022989,0.5261975534418865
0.2899999999999999,0.6,2,5,0.7272727272727273,0.6388888888888888,0.6875,0.3670886075949367,0.6153846153846154,0.6830808080808081,0.7447785078393006,0.6816498108607268,0.7111111111111111,0.7191011235955056,0.3672063019255
0.2899999999999999,0.6,3,5,0.7894736842105263,0.7297297297297297,0.76,0.5195729537366548,0.5769230769230769,0.759601706970128,0.7927303613860169,0.7590141093600838,0.75,0.7692307692307693,0.5203148031833277
0.2899999999999999,0.6,4,5,0.7674418604651163,0.7647058823529411,0.7662337662337663,0.5288919102651258,0.5923076923076923,0.7660738714090287,0.7644005389441558,0.766072649989255,0.8048780487804879,0.7857142857142857,0.5296179938907651
0.2899999999999999,0.6,5,5,0.7435897435897436,0.7777777777777778,0.76,0.5202558635394458,0.5769230769230769,0.7606837606837606,0.8212278283548319,0.7604916688219394,0.7837837837837838,0.7631578947368421,0.5209965732441684
0.29999999999999993,0.6,1,5,0.825,0.6666666666666666,0.7468354430379747,0.49261400128452143,0.6076923076923078,0.7458333333333333,0.7399965642840776,0.7416198487095662,0.717391304347826,0.7674418604651163,0.49842197183854015
0.29999999999999993,0.6,2,5,0.7272727272727273,0.6388888888888888,0.6875,0.3670886075949367,0.6153846153846154,0.6830808080808081,0.7417457913974933,0.6816498108607268,0.7111111111111111,0.7191011235955056,0.3672063019255
0.29999999999999993,0.6,3,5,0.7894736842105263,0.7297297297297297,0.76,0.5195729537366548,0.5769230769230769,0.759601706970128,0.7927161212401977,0.7590141093600838,0.75,0.7692307692307693,0.5203148031833277
0.29999999999999993,0.6,4,5,0.7674418604651163,0.7647058823529411,0.7662337662337663,0.5288919102651258,0.5923076923076923,0.7660738714090287,0.8429143760976482,0.766072649989255,0.8048780487804879,0.7857142857142857,0.5296179938907651
0.29999999999999993,0.6,5,5,0.7435897435897436,0.7777777777777778,0.76,0.5202558635394458,0.5769230769230769,0.7606837606837606,0.8250549129511473,0.7604916688219394,0.7837837837837838,0.7631578947368421,0.5209965732441684
0.30999999999999994,0.6,1,5,0.825,0.6666666666666666,0.7468354430379747,0.49261400128452143,0.6076923076923078,0.7458333333333333,0.8022912576739663,0.7416198487095662,0.717391304347826,0.7674418604651163,0.49842197183854015
0.30999999999999994,0.6,2,5,0.7272727272727273,0.6388888888888888,0.6875,0.3670886075949367,0.6153846153846154,0.6830808080808081,0.7417457913974933,0.6816498108607268,0.7111111111111111,0.7191011235955056,0.3672063019255
0.30999999999999994,0.6,3,5,0.7894736842105263,0.7297297297297297,0.76,0.5195729537366548,0.5769230769230769,0.759601706970128,0.7982128175263677,0.7590141093600838,0.75,0.7692307692307693,0.5203148031833277
0.30999999999999994,0.6,4,5,0.7674418604651163,0.7647058823529411,0.7662337662337663,0.5288919102651258,0.5923076923076923,0.7660738714090287,0.8445323205788755,0.766072649989255,0.8048780487804879,0.7857142857142857,0.5296179938907651
0.30999999999999994,0.6,5,5,0.7692307692307693,0.7777777777777778,0.7733333333333333,0.5464247598719317,0.5769230769230769,0.7735042735042735,0.8260296810635956,0.7734924681537619,0.7894736842105263,0.7792207792207793,0.5466193555348652
0.3199999999999999,0.6,1,5,0.825,0.6666666666666666,0.7468354430379747,0.49261400128452143,0.6076923076923078,0.7458333333333333,0.7863429818118973,0.7416198487095662,0.717391304347826,0.7674418604651163,0.49842197183854015
0.3199999999999999,0.6,2,5,0.7272727272727273,0.6388888888888888,0.6875,0.3670886075949367,0.6153846153846154,0.6830808080808081,0.7441562597170526,0.6816498108607268,0.7111111111111111,0.7191011235955056,0.3672063019255
0.3199999999999999,0.6,3,5,0.7894736842105263,0.7297297297297297,0.76,0.5195729537366548,0.5769230769230769,0.759601706970128,0.7959195769021021,0.7590141093600838,0.75,0.7692307692307693,0.5203148031833277
0.3199999999999999,0.6,4,5,0.7674418604651163,0.7647058823529411,0.7662337662337663,0.5288919102651258,0.5923076923076923,0.7660738714090287,0.8436352792317686,0.766072649989255,0.8048780487804879,0.7857142857142857,0.5296179938907651
0.3199999999999999,0.6,5,5,0.7948717948717948,0.7777777777777778,0.7866666666666666,0.5726495726495725,0.5769230769230769,0.7863247863247863,0.8279799308679514,0.7862783338192769,0.7948717948717948,0.7948717948717948,0.5726495726495726
0.32999999999999985,0.6,1,5,0.825,0.6666666666666666,0.7468354430379747,0.49261400128452143,0.6076923076923078,0.7458333333333333,0.7995714072817022,0.7416198487095662,0.717391304347826,0.7674418604651163,0.49842197183854015
0.32999999999999985,0.6,2,5,0.7272727272727273,0.6388888888888888,0.6875,0.3670886075949367,0.6153846153846154,0.6830808080808081,0.7435792903900832,0.6816498108607268,0.7111111111111111,0.7191011235955056,0.3672063019255
0.32999999999999985,0.6,3,5,0.7894736842105263,0.7297297297297297,0.76,0.5195729537366548,0.5769230769230769,0.759601706970128,0.804321262935367,0.7590141093600838,0.75,0.7692307692307693,0.5203148031833277
0.32999999999999985,0.6,4,5,0.7674418604651163,0.7647058823529411,0.7662337662337663,0.5288919102651258,0.5923076923076923,0.7660738714090287,0.8415186576817492,0.766072649989255,0.8048780487804879,0.7857142857142857,0.5296179938907651
0.32999999999999985,0.6,5,5,0.7948717948717948,0.7777777777777778,0.7866666666666666,0.5726495726495725,0.5769230769230769,0.7863247863247863,0.8302693947286007,0.7862783338192769,0.7948717948717948,0.7948717948717948,0.5726495726495726
0.33999999999999986,0.6,1,5,0.825,0.6666666666666666,0.7468354430379747,0.49261400128452143,0.6076923076923078,0.7458333333333333,0.7869687800239024,0.7416198487095662,0.717391304347826,0.7674418604651163,0.49842197183854015
0.33999999999999986,0.6,2,5,0.7045454545454546,0.6388888888888888,0.675,0.34343434343434354,0.6153846153846154,0.6717171717171717,0.7528598016981789,0.670914497254503,0.7045454545454546,0.7045454545454546,0.3434343434343434
0.33999999999999986,0.6,3,5,0.7894736842105263,0.7297297297297297,0.76,0.5195729537366548,0.5769230769230769,0.759601706970128,0.8049337008930063,0.7590141093600838,0.75,0.7692307692307693,0.5203148031833277
0.33999999999999986,0.6,4,5,0.7674418604651163,0.7647058823529411,0.7662337662337663,0.5288919102651258,0.5923076923076923,0.7660738714090287,0.8327223281232061,0.766072649989255,0.8048780487804879,0.7857142857142857,0.5296179938907651
0.33999999999999986,0.6,5,5,0.7948717948717948,0.7777777777777778,0.7866666666666666,0.5726495726495725,0.5769230769230769,0.7863247863247863,0.8321008965601027,0.7862783338192769,0.7948717948717948,0.7948717948717948,0.5726495726495726
0.34999999999999987,0.6,1,5,0.825,0.6666666666666666,0.7468354430379747,0.49261400128452143,0.6076923076923078,0.7458333333333333,0.786343894054189,0.7416198487095662,0.717391304347826,0.7674418604651163,0.49842197183854015
0.34999999999999987,0.6,2,5,0.7045454545454546,0.6388888888888888,0.675,0.34343434343434354,0.6153846153846154,0.6717171717171717,0.7445693858417536,0.670914497254503,0.7045454545454546,0.7045454545454546,0.3434343434343434
0.34999999999999987,0.6,3,5,0.7894736842105263,0.7027027027027027,0.7466666666666667,0.49270202919188333,0.5769230769230769,0.7460881934566145,0.794182390799591,0.744825678670786,0.7317073170731707,0.759493670886076,0.49429025370684776
0.34999999999999987,0.6,4,5,0.7674418604651163,0.7647058823529411,0.7662337662337663,0.5288919102651258,0.5923076923076923,0.7660738714090287,0.8572872228158894,0.766072649989255,0.8048780487804879,0.7857142857142857,0.5296179938907651
0.34999999999999987,0.6,5,5,0.7948717948717948,0.75,0.7733333333333333,0.5454545454545454,0.5769230769230769,0.7724358974358974,0.8345203725089902,0.7721099961494128,0.775,0.7848101265822784,0.5456496279514139
0.3599999999999999,0.6,1,5,0.825,0.6666666666666666,0.7468354430379747,0.49261400128452143,0.6076923076923078,0.7458333333333333,0.8076940280082978,0.7416198487095662,0.717391304347826,0.7674418604651163,0.49842197183854015
0.3599999999999999,0.6,2,5,0.7045454545454546,0.6388888888888888,0.675,0.34343434343434354,0.6153846153846154,0.6717171717171717,0.7523777601274005,0.670914497254503,0.7045454545454546,0.7045454545454546,0.3434343434343434
0.3599999999999999,0.6,3,5,0.7894736842105263,0.7027027027027027,0.7466666666666667,0.49270202919188333,0.5769230769230769,0.7460881934566145,0.8080766991112273,0.744825678670786,0.7317073170731707,0.759493670886076,0.49429025370684776
0.3599999999999999,0.6,4,5,0.7674418604651163,0.7647058823529411,0.7662337662337663,0.5288919102651258,0.5923076923076923,0.7660738714090287,0.7683842905610866,0.766072649989255,0.8048780487804879,0.7857142857142857,0.5296179938907651
0.3599999999999999,0.6,5,5,0.7948717948717948,0.75,0.7733333333333333,0.5454545454545454,0.5769230769230769,0.7724358974358974,0.8240585469842256,0.7721099961494128,0.775,0.7848101265822784,0.5456496279514139
0.3699999999999999,0.6,1,5,0.825,0.6666666666666666,0.7468354430379747,0.49261400128452143,0.6076923076923078,0.7458333333333333,0.7989452453422599,0.7416198487095662,0.717391304347826,0.7674418604651163,0.49842197183854015
0.3699999999999999,0.6,2,5,0.7045454545454546,0.6388888888888888,0.675,0.34343434343434354,0.6153846153846154,0.6717171717171717,0.744629826243103,0.670914497254503,0.7045454545454546,0.7045454545454546,0.3434343434343434
0.3699999999999999,0.6,3,5,0.7894736842105263,0.7027027027027027,0.7466666666666667,0.49270202919188333,0.5769230769230769,0.7460881934566145,0.7906580410578943,0.744825678670786,0.7317073170731707,0.759493670886076,0.49429025370684776
0.3699999999999999,0.6,4,5,0.7674418604651163,0.7647058823529411,0.7662337662337663,0.5288919102651258,0.5923076923076923,0.7660738714090287,0.6311650001424649,0.766072649989255,0.8048780487804879,0.7857142857142857,0.5296179938907651
0.3699999999999999,0.6,5,5,0.7948717948717948,0.75,0.7733333333333333,0.5454545454545454,0.5769230769230769,0.7724358974358974,0.8283222414345716,0.7721099961494128,0.775,0.7848101265822784,0.5456496279514139
0.3799999999999999,0.6,1,5,0.825,0.6666666666666666,0.7468354430379747,0.49261400128452143,0.6076923076923078,0.7458333333333333,0.7210039964289013,0.7416198487095662,0.717391304347826,0.7674418604651163,0.49842197183854015
0.3799999999999999,0.6,2,5,0.7045454545454546,0.6388888888888888,0.675,0.34343434343434354,0.6153846153846154,0.6717171717171717,0.7392707735311091,0.670914497254503,0.7045454545454546,0.7045454545454546,0.3434343434343434
0.3799999999999999,0.6,3,5,0.7894736842105263,0.7027027027027027,0.7466666666666667,0.49270202919188333,0.5769230769230769,0.7460881934566145,0.8047130649813392,0.744825678670786,0.7317073170731707,0.759493670886076,0.49429025370684776
0.3799999999999999,0.6,4,5,0.7906976744186046,0.7647058823529411,0.7792207792207793,0.5536992840095466,0.5923076923076923,0.7777017783857729,0.8421322305864396,0.777593185920953,0.8095238095238095,0.8,0.5538901927685982
0.3799999999999999,0.6,5,5,0.7948717948717948,0.75,0.7733333333333333,0.5454545454545454,0.5769230769230769,0.7724358974358974,0.8330026244195746,0.7721099961494128,0.775,0.7848101265822784,0.5456496279514139
0.3899999999999999,0.6,1,5,0.825,0.6666666666666666,0.7468354430379747,0.49261400128452143,0.6076923076923078,0.7458333333333333,0.7904309636379856,0.7416198487095662,0.717391304347826,0.7674418604651163,0.49842197183854015
0.3899999999999999,0.6,2,5,0.7045454545454546,0.6388888888888888,0.675,0.34343434343434354,0.6153846153846154,0.6717171717171717,0.7465242869568713,0.670914497254503,0.7045454545454546,0.7045454545454546,0.3434343434343434
0.3899999999999999,0.6,3,5,0.7894736842105263,0.7027027027027027,0.7466666666666667,0.49270202919188333,0.5769230769230769,0.7460881934566145,0.5851588318048151,0.744825678670786,0.7317073170731707,0.759493670886076,0.49429025370684776
0.3899999999999999,0.6,4,5,0.7906976744186046,0.7647058823529411,0.7792207792207793,0.5536992840095466,0.5923076923076923,0.7777017783857729,0.7326184885145579,0.777593185920953,0.8095238095238095,0.8,0.5538901927685982
0.3899999999999999,0.6,5,5,0.7948717948717948,0.75,0.7733333333333333,0.5454545454545454,0.5769230769230769,0.7724358974358974,0.8330085519138521,0.7721099961494128,0.775,0.7848101265822784,0.5456496279514139
0.3999999999999998,0.6,1,5,0.825,0.6666666666666666,0.7468354430379747,0.49261400128452143,0.6076923076923078,0.7458333333333333,0.5459682740939897,0.7416198487095662,0.717391304347826,0.7674418604651163,0.49842197183854015
0.3999999999999998,0.6,2,5,0.7045454545454546,0.6388888888888888,0.675,0.34343434343434354,0.6153846153846154,0.6717171717171717,0.7406449100948742,0.670914497254503,0.7045454545454546,0.7045454545454546,0.3434343434343434
0.3999999999999998,0.6,3,5,0.7894736842105263,0.7027027027027027,0.7466666666666667,0.49270202919188333,0.5769230769230769,0.7460881934566145,0.8026477659442909,0.744825678670786,0.7317073170731707,0.759493670886076,0.49429025370684776
0.3999999999999998,0.6,4,5,0.7906976744186046,0.7647058823529411,0.7792207792207793,0.5536992840095466,0.5923076923076923,0.7777017783857729,0.8424765078322216,0.777593185920953,0.8095238095238095,0.8,0.5538901927685982
0.3999999999999998,0.6,5,5,0.7948717948717948,0.75,0.7733333333333333,0.5454545454545454,0.5769230769230769,0.7724358974358974,0.829355803348823,0.7721099961494128,0.775,0.7848101265822784,0.5456496279514139
0.4099999999999998,0.6,1,5,0.825,0.6666666666666666,0.7468354430379747,0.49261400128452143,0.6076923076923078,0.7458333333333333,0.7942788045027344,0.7416198487095662,0.717391304347826,0.7674418604651163,0.49842197183854015
0.4099999999999998,0.6,2,5,0.7045454545454546,0.6388888888888888,0.675,0.34343434343434354,0.6153846153846154,0.6717171717171717,0.7342055161554804,0.670914497254503,0.7045454545454546,0.7045454545454546,0.3434343434343434
0.4099999999999998,0.6,3,5,0.7894736842105263,0.7027027027027027,0.7466666666666667,0.49270202919188333,0.5769230769230769,0.7460881934566145,0.7918964558508758,0.744825678670786,0.7317073170731707,0.759493670886076,0.49429025370684776
0.4099999999999998,0.6,4,5,0.7906976744186046,0.7647058823529411,0.7792207792207793,0.5536992840095466,0.5923076923076923,0.7777017783857729,0.8454042923751507,0.777593185920953,0.8095238095238095,0.8,0.5538901927685982
0.4099999999999998,0.6,5,5,0.7948717948717948,0.75,0.7733333333333333,0.5454545454545454,0.5769230769230769,0.7724358974358974,0.8268260075600515,0.7721099961494128,0.775,0.7848101265822784,0.5456496279514139
0.4199999999999998,0.6,1,5,0.825,0.6666666666666666,0.7468354430379747,0.49261400128452143,0.6076923076923078,0.7458333333333333,0.7151530308510986,0.7416198487095662,0.717391304347826,0.7674418604651163,0.49842197183854015
0.4199999999999998,0.6,2,5,0.7045454545454546,0.6388888888888888,0.675,0.34343434343434354,0.6153846153846154,0.6717171717171717,0.7588710021846027,0.670914497254503,0.7045454545454546,0.7045454545454546,0.3434343434343434
0.4199999999999998,0.6,3,5,0.7894736842105263,0.7027027027027027,0.7466666666666667,0.49270202919188333,0.5769230769230769,0.7460881934566145,0.7973789119912266,0.744825678670786,0.7317073170731707,0.759493670886076,0.49429025370684776
0.4199999999999998,0.6,4,5,0.7906976744186046,0.7647058823529411,0.7792207792207793,0.5536992840095466,0.5923076923076923,0.7777017783857729,0.8521803709538814,0.777593185920953,0.8095238095238095,0.8,0.5538901927685982
0.4199999999999998,0.6,5,5,0.7948717948717948,0.75,0.7733333333333333,0.5454545454545454,0.5769230769230769,0.7724358974358974,0.827276784173619,0.7721099961494128,0.775,0.7848101265822784,0.5456496279514139
0.4299999999999998,0.6,1,5,0.825,0.6666666666666666,0.7468354430379747,0.49261400128452143,0.6076923076923078,0.7458333333333333,0.8146070538396044,0.7416198487095662,0.717391304347826,0.7674418604651163,0.49842197183854015
0.4299999999999998,0.6,2,5,0.7045454545454546,0.6388888888888888,0.675,0.34343434343434354,0.6153846153846154,0.6717171717171717,0.5824047545285155,0.670914497254503,0.7045454545454546,0.7045454545454546,0.3434343434343434
0.4299999999999998,0.6,3,5,0.7894736842105263,0.7027027027027027,0.7466666666666667,0.49270202919188333,0.5769230769230769,0.7460881934566145,0.8026477659442909,0.744825678670786,0.7317073170731707,0.759493670886076,0.49429025370684776
0.4299999999999998,0.6,4,5,0.7906976744186046,0.7647058823529411,0.7792207792207793,0.5536992840095466,0.5923076923076923,0.7777017783857729,0.844698065594933,0.777593185920953,0.8095238095238095,0.8,0.5538901927685982
0.4299999999999998,0.6,5,5,0.8205128205128205,0.75,0.7866666666666666,0.5717344753747322,0.5769230769230769,0.7852564102564102,0.831080672592892,0.7844645405527362,0.7804878048780488,0.8,0.5725554794660068
0.43999999999999984,0.6,1,5,0.825,0.6666666666666666,0.7468354430379747,0.49261400128452143,0.6076923076923078,0.7458333333333333,0.8132852147591446,0.7416198487095662,0.717391304347826,0.7674418604651163,0.49842197183854015
0.43999999999999984,0.6,2,5,0.7045454545454546,0.6388888888888888,0.675,0.34343434343434354,0.6153846153846154,0.6717171717171717,0.741126714386839,0.670914497254503,0.7045454545454546,0.7045454545454546,0.3434343434343434
0.43999999999999984,0.6,3,5,0.7894736842105263,0.7027027027027027,0.7466666666666667,0.49270202919188333,0.5769230769230769,0.7460881934566145,0.8026477659442909,0.744825678670786,0.7317073170731707,0.759493670886076,0.49429025370684776
0.43999999999999984,0.6,4,5,0.7906976744186046,0.7647058823529411,0.7792207792207793,0.5536992840095466,0.5923076923076923,0.7777017783857729,0.831722378491339,0.777593185920953,0.8095238095238095,0.8,0.5538901927685982
0.43999999999999984,0.6,5,5,0.8205128205128205,0.75,0.7866666666666666,0.5717344753747322,0.5769230769230769,0.7852564102564102,0.8344496598985309,0.7844645405527362,0.7804878048780488,0.8,0.5725554794660068
0.44999999999999984,0.6,1,5,0.825,0.6666666666666666,0.7468354430379747,0.49261400128452143,0.6076923076923078,0.7458333333333333,0.7983012404001704,0.7416198487095662,0.717391304347826,0.7674418604651163,0.49842197183854015
0.44999999999999984,0.6,2,5,0.7045454545454546,0.6388888888888888,0.675,0.34343434343434354,0.6153846153846154,0.6717171717171717,0.7406937961907628,0.670914497254503,0.7045454545454546,0.7045454545454546,0.3434343434343434
0.44999999999999984,0.6,3,5,0.7894736842105263,0.7027027027027027,0.7466666666666667,0.49270202919188333,0.5769230769230769,0.7460881934566145,0.7866871514480229,0.744825678670786,0.7317073170731707,0.759493670886076,0.49429025370684776
0.44999999999999984,0.6,4,5,0.7906976744186046,0.7647058823529411,0.7792207792207793,0.5536992840095466,0.5923076923076923,0.7777017783857729,0.8423459294713106,0.777593185920953,0.8095238095238095,0.8,0.5538901927685982
0.44999999999999984,0.6,5,5,0.8205128205128205,0.75,0.7866666666666666,0.5717344753747322,0.5769230769230769,0.7852564102564102,0.8196562698547931,0.7844645405527362,0.7804878048780488,0.8,0.5725554794660068
0.45999999999999985,0.6,1,5,0.825,0.6410256410256411,0.7341772151898734,0.467073562479923,0.6076923076923078,0.7330128205128205,0.785231971044631,0.7272180923534245,0.7021276595744681,0.7586206896551724,0.47462235899783056
0.45999999999999985,0.6,2,5,0.7045454545454546,0.6388888888888888,0.675,0.34343434343434354,0.6153846153846154,0.6717171717171717,0.5819718363324393,0.670914497254503,0.7045454545454546,0.7045454545454546,0.3434343434343434
0.45999999999999985,0.6,3,5,0.7894736842105263,0.7027027027027027,0.7466666666666667,0.49270202919188333,0.5769230769230769,0.7460881934566145,0.7998939994026212,0.744825678670786,0.7317073170731707,0.759493670886076,0.49429025370684776
0.45999999999999985,0.6,4,5,0.7906976744186046,0.7647058823529411,0.7792207792207793,0.5536992840095466,0.5923076923076923,0.7777017783857729,0.8493444207789926,0.777593185920953,0.8095238095238095,0.8,0.5538901927685982
0.45999999999999985,0.6,5,5,0.8205128205128205,0.75,0.7866666666666666,0.5717344753747322,0.5769230769230769,0.7852564102564102,0.8312304743777157,0.7844645405527362,0.7804878048780488,0.8,0.5725554794660068
0.46999999999999986,0.6,1,5,0.825,0.6410256410256411,0.7341772151898734,0.467073562479923,0.6076923076923078,0.7330128205128205,0.8054353309031633,0.7272180923534245,0.7021276595744681,0.7586206896551724,0.47462235899783056
0.46999999999999986,0.6,2,5,0.7045454545454546,0.6388888888888888,0.675,0.34343434343434354,0.6153846153846154,0.6717171717171717,0.7468921432982008,0.670914497254503,0.7045454545454546,0.7045454545454546,0.3434343434343434
0.46999999999999986,0.6,3,5,0.7894736842105263,0.7027027027027027,0.7466666666666667,0.49270202919188333,0.5769230769230769,0.7460881934566145,0.7991896523280383,0.744825678670786,0.7317073170731707,0.759493670886076,0.49429025370684776
0.46999999999999986,0.6,4,5,0.7906976744186046,0.7647058823529411,0.7792207792207793,0.5536992840095466,0.5923076923076923,0.7777017783857729,0.8063717210823291,0.777593185920953,0.8095238095238095,0.8,0.5538901927685982
0.46999999999999986,0.6,5,5,0.8205128205128205,0.75,0.7866666666666666,0.5717344753747322,0.5769230769230769,0.7852564102564102,0.837255459079975,0.7844645405527362,0.7804878048780488,0.8,0.5725554794660068
0.47999999999999976,0.6,1,5,0.825,0.6410256410256411,0.7341772151898734,0.467073562479923,0.6076923076923078,0.7330128205128205,0.717840384436513,0.7272180923534245,0.7021276595744681,0.7586206896551724,0.47462235899783056
0.47999999999999976,0.6,2,5,0.7045454545454546,0.6388888888888888,0.675,0.34343434343434354,0.6153846153846154,0.6717171717171717,0.7350464818242449,0.670914497254503,0.7045454545454546,0.7045454545454546,0.3434343434343434
0.47999999999999976,0.6,3,5,0.7894736842105263,0.7027027027027027,0.7466666666666667,0.49270202919188333,0.5769230769230769,0.7460881934566145,0.688657640480237,0.744825678670786,0.7317073170731707,0.759493670886076,0.49429025370684776
0.47999999999999976,0.6,4,5,0.7906976744186046,0.7647058823529411,0.7792207792207793,0.5536992840095466,0.5923076923076923,0.7777017783857729,0.8445526450521438,0.777593185920953,0.8095238095238095,0.8,0.5538901927685982
0.47999999999999976,0.6,5,5,0.8205128205128205,0.75,0.7866666666666666,0.5717344753747322,0.5769230769230769,0.7852564102564102,0.8404100837356138,0.7844645405527362,0.7804878048780488,0.8,0.5725554794660068
0.48999999999999977,0.6,1,5,0.825,0.6410256410256411,0.7341772151898734,0.467073562479923,0.6076923076923078,0.7330128205128205,0.8117320100522765,0.7272180923534245,0.7021276595744681,0.7586206896551724,0.47462235899783056
0.48999999999999977,0.6,2,5,0.7045454545454546,0.6388888888888888,0.675,0.34343434343434354,0.6153846153846154,0.6717171717171717,0.5828770160184155,0.670914497254503,0.7045454545454546,0.7045454545454546,0.3434343434343434
0.48999999999999977,0.6,3,5,0.7894736842105263,0.7027027027027027,0.7466666666666667,0.49270202919188333,0.5769230769230769,0.7460881934566145,0.7991896523280383,0.744825678670786,0.7317073170731707,0.759493670886076,0.49429025370684776
0.48999999999999977,0.6,4,5,0.7906976744186046,0.7647058823529411,0.7792207792207793,0.5536992840095466,0.5923076923076923,0.7777017783857729,0.619161776347456,0.777593185920953,0.8095238095238095,0.8,0.5538901927685982
0.48999999999999977,0.6,5,5,0.8205128205128205,0.75,0.7866666666666666,0.5717344753747322,0.5769230769230769,0.7852564102564102,0.8414173865765482,0.7844645405527362,0.7804878048780488,0.8,0.5725554794660068
0.4999999999999998,0.6,1,5,0.825,0.6410256410256411,0.7341772151898734,0.467073562479923,0.6076923076923078,0.7330128205128205,0.6217607456844605,0.7272180923534245,0.7021276595744681,0.7586206896551724,0.47462235899783056
0.4999999999999998,0.6,2,5,0.7045454545454546,0.6388888888888888,0.675,0.34343434343434354,0.6153846153846154,0.6717171717171717,0.7578446105258996,0.670914497254503,0.7045454545454546,0.7045454545454546,0.3434343434343434
0.4999999999999998,0.6,3,5,0.7894736842105263,0.7027027027027027,0.7466666666666667,0.49270202919188333,0.5769230769230769,0.7460881934566145,0.7900659745337616,0.744825678670786,0.7317073170731707,0.759493670886076,0.49429025370684776
0.4999999999999998,0.6,4,5,0.7906976744186046,0.7647058823529411,0.7792207792207793,0.5536992840095466,0.5923076923076923,0.7777017783857729,0.7304020864249754,0.777593185920953,0.8095238095238095,0.8,0.5538901927685982
0.4999999999999998,0.6,5,5,0.8205128205128205,0.75,0.7866666666666666,0.5717344753747322,0.5769230769230769,0.7852564102564102,0.8419823178870866,0.7844645405527362,0.7804878048780488,0.8,0.5725554794660068
0.5099999999999998,0.6,1,5,0.825,0.6410256410256411,0.7341772151898734,0.467073562479923,0.6076923076923078,0.7330128205128205,0.802795228443081,0.7272180923534245,0.7021276595744681,0.7586206896551724,0.47462235899783056
0.5099999999999998,0.6,2,5,0.7045454545454546,0.6388888888888888,0.675,0.34343434343434354,0.6153846153846154,0.6717171717171717,0.7428652716829244,0.670914497254503,0.7045454545454546,0.7045454545454546,0.3434343434343434
0.5099999999999998,0.6,3,5,0.7894736842105263,0.7027027027027027,0.7466666666666667,0.49270202919188333,0.5769230769230769,0.7460881934566145,0.7785239616067071,0.744825678670786,0.7317073170731707,0.759493670886076,0.49429025370684776
0.5099999999999998,0.6,4,5,0.7906976744186046,0.7647058823529411,0.7792207792207793,0.5536992840095466,0.5923076923076923,0.7777017783857729,0.848161071625821,0.777593185920953,0.8095238095238095,0.8,0.5538901927685982
0.5099999999999998,0.6,5,5,0.8461538461538461,0.75,0.8,0.5980707395498394,0.5769230769230769,0.7980769230769231,0.8408776445354722,0.7966275068156915,0.7857142857142857,0.8148148148148148,0.6000124873825419
0.5199999999999998,0.6,1,5,0.825,0.6410256410256411,0.7341772151898734,0.467073562479923,0.6076923076923078,0.7330128205128205,0.7396743614750174,0.7272180923534245,0.7021276595744681,0.7586206896551724,0.47462235899783056
0.5199999999999998,0.6,2,5,0.7045454545454546,0.6388888888888888,0.675,0.34343434343434354,0.6153846153846154,0.6717171717171717,0.7428652716829244,0.670914497254503,0.7045454545454546,0.7045454545454546,0.3434343434343434
0.5199999999999998,0.6,3,5,0.7894736842105263,0.7027027027027027,0.7466666666666667,0.49270202919188333,0.5769230769230769,0.7460881934566145,0.793198806613962,0.744825678670786,0.7317073170731707,0.759493670886076,0.49429025370684776
0.5199999999999998,0.6,4,5,0.7906976744186046,0.7647058823529411,0.7792207792207793,0.5536992840095466,0.5923076923076923,0.7777017783857729,0.850533474137547,0.777593185920953,0.8095238095238095,0.8,0.5538901927685982
0.5199999999999998,0.6,5,5,0.8461538461538461,0.75,0.8,0.5980707395498394,0.5769230769230769,0.7980769230769231,0.8445406481984759,0.7966275068156915,0.7857142857142857,0.8148148148148148,0.6000124873825419
0.5299999999999998,0.6,1,5,0.825,0.6410256410256411,0.7341772151898734,0.467073562479923,0.6076923076923078,0.7330128205128205,0.7920519725033903,0.7272180923534245,0.7021276595744681,0.7586206896551724,0.47462235899783056
0.5299999999999998,0.6,2,5,0.7045454545454546,0.6388888888888888,0.675,0.34343434343434354,0.6153846153846154,0.6717171717171717,0.7490636187903623,0.670914497254503,0.7045454545454546,0.7045454545454546,0.3434343434343434
0.5299999999999998,0.6,3,5,0.7894736842105263,0.7027027027027027,0.7466666666666667,0.49270202919188333,0.5769230769230769,0.7460881934566145,0.7906043633586115,0.744825678670786,0.7317073170731707,0.759493670886076,0.49429025370684776
0.5299999999999998,0.6,4,5,0.7906976744186046,0.7647058823529411,0.7792207792207793,0.5536992840095466,0.5923076923076923,0.7777017783857729,0.8470956581618139,0.777593185920953,0.8095238095238095,0.8,0.5538901927685982
0.5299999999999998,0.6,5,5,0.8461538461538461,0.75,0.8,0.5980707395498394,0.5769230769230769,0.7980769230769231,0.8427091463669739,0.7966275068156915,0.7857142857142857,0.8148148148148148,0.6000124873825419
0.5399999999999998,0.6,1,5,0.825,0.6410256410256411,0.7341772151898734,0.467073562479923,0.6076923076923078,0.7330128205128205,0.5315227268156606,0.7272180923534245,0.7021276595744681,0.7586206896551724,0.47462235899783056
0.5399999999999998,0.6,2,5,0.7045454545454546,0.6388888888888888,0.675,0.34343434343434354,0.6153846153846154,0.6717171717171717,0.7466531504708032,0.670914497254503,0.7045454545454546,0.7045454545454546,0.3434343434343434
0.5399999999999998,0.6,3,5,0.7894736842105263,0.7027027027027027,0.7466666666666667,0.49270202919188333,0.5769230769230769,0.7460881934566145,0.7840254159901905,0.744825678670786,0.7317073170731707,0.759493670886076,0.49429025370684776
0.5399999999999998,0.6,4,5,0.7906976744186046,0.7647058823529411,0.7792207792207793,0.5536992840095466,0.5923076923076923,0.7777017783857729,0.6195762783168525,0.777593185920953,0.8095238095238095,0.8,0.5538901927685982
0.5399999999999998,0.6,5,5,0.8205128205128205,0.75,0.7866666666666666,0.5717344753747322,0.5769230769230769,0.7852564102564102,0.8460204969323292,0.7844645405527362,0.7804878048780488,0.8,0.5725554794660068
0.5499999999999998,0.6,1,5,0.825,0.6410256410256411,0.7341772151898734,0.467073562479923,0.6076923076923078,0.7330128205128205,0.7129995287159789,0.7272180923534245,0.7021276595744681,0.7586206896551724,0.47462235899783056
0.5499999999999998,0.6,2,5,0.7045454545454546,0.6388888888888888,0.675,0.34343434343434354,0.6153846153846154,0.6717171717171717,0.7481683019859546,0.670914497254503,0.7045454545454546,0.7045454545454546,0.3434343434343434
0.5499999999999998,0.6,3,5,0.7894736842105263,0.7027027027027027,0.7466666666666667,0.49270202919188333,0.5769230769230769,0.7460881934566145,0.6866529767878858,0.744825678670786,0.7317073170731707,0.759493670886076,0.49429025370684776
0.5499999999999998,0.6,4,5,0.7906976744186046,0.7647058823529411,0.7792207792207793,0.5536992840095466,0.5923076923076923,0.7777017783857729,0.8544356755641234,0.777593185920953,0.8095238095238095,0.8,0.5538901927685982
0.5499999999999998,0.6,5,5,0.8205128205128205,0.75,0.7866666666666666,0.5717344753747322,0.5769230769230769,0.7852564102564102,0.8395427427110886,0.7844645405527362,0.7804878048780488,0.8,0.5725554794660068
0.5599999999999997,0.6,1,5,0.825,0.6410256410256411,0.7341772151898734,0.467073562479923,0.6076923076923078,0.7330128205128205,0.53063440846687,0.7272180923534245,0.7021276595744681,0.7586206896551724,0.47462235899783056
0.5599999999999997,0.6,2,5,0.7045454545454546,0.6388888888888888,0.675,0.34343434343434354,0.6153846153846154,0.6717171717171717,0.672617337798627,0.670914497254503,0.7045454545454546,0.7045454545454546,0.3434343434343434
0.5599999999999997,0.6,3,5,0.7894736842105263,0.7027027027027027,0.7466666666666667,0.49270202919188333,0.5769230769230769,0.7460881934566145,0.7932262280979793,0.744825678670786,0.7317073170731707,0.759493670886076,0.49429025370684776
0.5599999999999997,0.6,4,5,0.7906976744186046,0.7647058823529411,0.7792207792207793,0.5536992840095466,0.5923076923076923,0.7777017783857729,0.8478073007874664,0.777593185920953,0.8095238095238095,0.8,0.5538901927685982
0.5599999999999997,0.6,5,5,0.8205128205128205,0.75,0.7866666666666666,0.5717344753747322,0.5769230769230769,0.7852564102564102,0.8448963634493248,0.7844645405527362,0.7804878048780488,0.8,0.5725554794660068
0.5699999999999997,0.6,1,5,0.825,0.6410256410256411,0.7341772151898734,0.467073562479923,0.6076923076923078,0.7330128205128205,0.8050541697400795,0.7272180923534245,0.7021276595744681,0.7586206896551724,0.47462235899783056
0.5699999999999997,0.6,2,5,0.7045454545454546,0.6388888888888888,0.675,0.34343434343434354,0.6153846153846154,0.6717171717171717,0.6674520485424286,0.670914497254503,0.7045454545454546,0.7045454545454546,0.3434343434343434
0.5699999999999997,0.6,3,5,0.7894736842105263,0.7027027027027027,0.7466666666666667,0.49270202919188333,0.5769230769230769,0.7460881934566145,0.7900933960177788,0.744825678670786,0.7317073170731707,0.759493670886076,0.49429025370684776
0.5699999999999997,0.6,4,5,0.7906976744186046,0.7647058823529411,0.7792207792207793,0.5536992840095466,0.5923076923076923,0.7777017783857729,0.8465010853760943,0.777593185920953,0.8095238095238095,0.8,0.5538901927685982
0.5699999999999997,0.6,5,5,0.8205128205128205,0.75,0.7866666666666666,0.5717344753747322,0.5769230769230769,0.7852564102564102,0.8378990872212794,0.7844645405527362,0.7804878048780488,0.8,0.5725554794660068
0.5799999999999997,0.6,1,5,0.825,0.6410256410256411,0.7341772151898734,0.467073562479923,0.6076923076923078,0.7330128205128205,0.7774398041557892,0.7272180923534245,0.7021276595744681,0.7586206896551724,0.47462235899783056
0.5799999999999997,0.6,2,5,0.7045454545454546,0.6388888888888888,0.675,0.34343434343434354,0.6153846153846154,0.6717171717171717,0.7490636187903623,0.670914497254503,0.7045454545454546,0.7045454545454546,0.3434343434343434
0.5799999999999997,0.6,3,5,0.7894736842105263,0.7027027027027027,0.7466666666666667,0.49270202919188333,0.5769230769230769,0.7460881934566145,0.7979845699408087,0.744825678670786,0.7317073170731707,0.759493670886076,0.49429025370684776
0.5799999999999997,0.6,4,5,0.7906976744186046,0.7647058823529411,0.7792207792207793,0.5536992840095466,0.5923076923076923,0.7777017783857729,0.8489235659962493,0.777593185920953,0.8095238095238095,0.8,0.5538901927685982
0.5799999999999997,0.6,5,5,0.8205128205128205,0.75,0.7866666666666666,0.5717344753747322,0.5769230769230769,0.7852564102564102,0.8378990872212794,0.7844645405527362,0.7804878048780488,0.8,0.5725554794660068
0.5899999999999997,0.6,1,5,0.825,0.6410256410256411,0.7341772151898734,0.467073562479923,0.6076923076923078,0.7330128205128205,0.7957219817483115,0.7272180923534245,0.7021276595744681,0.7586206896551724,0.47462235899783056
0.5899999999999997,0.6,2,5,0.7045454545454546,0.6388888888888888,0.675,0.34343434343434354,0.6153846153846154,0.6717171717171717,0.7513339326515853,0.670914497254503,0.7045454545454546,0.7045454545454546,0.3434343434343434
0.5899999999999997,0.6,3,5,0.7894736842105263,0.7027027027027027,0.7466666666666667,0.49270202919188333,0.5769230769230769,0.7460881934566145,0.7927157159877442,0.744825678670786,0.7317073170731707,0.759493670886076,0.49429025370684776
0.5899999999999997,0.6,4,5,0.7906976744186046,0.7647058823529411,0.7792207792207793,0.5536992840095466,0.5923076923076923,0.7777017783857729,0.8459196900272571,0.777593185920953,0.8095238095238095,0.8,0.5538901927685982
0.5899999999999997,0.6,5,5,0.8461538461538461,0.75,0.8,0.5980707395498394,0.5769230769230769,0.7980769230769231,0.8415151292988599,0.7966275068156915,0.7857142857142857,0.8148148148148148,0.6000124873825419
0.5999999999999998,0.6,1,5,0.825,0.6410256410256411,0.7341772151898734,0.467073562479923,0.6076923076923078,0.7330128205128205,0.8035524415184265,0.7272180923534245,0.7021276595744681,0.7586206896551724,0.47462235899783056
0.5999999999999998,0.6,2,5,0.7045454545454546,0.6388888888888888,0.675,0.34343434343434354,0.6153846153846154,0.6717171717171717,0.7484413706681143,0.670914497254503,0.7045454545454546,0.7045454545454546,0.3434343434343434
0.5999999999999998,0.6,3,5,0.7894736842105263,0.7027027027027027,0.7466666666666667,0.49270202919188333,0.5769230769230769,0.7460881934566145,0.7980877774445004,0.744825678670786,0.7317073170731707,0.759493670886076,0.49429025370684776
0.5999999999999998,0.6,4,5,0.7906976744186046,0.7647058823529411,0.7792207792207793,0.5536992840095466,0.5923076923076923,0.7777017783857729,0.8405549965811683,0.777593185920953,0.8095238095238095,0.8,0.5538901927685982
0.5999999999999998,0.6,5,5,0.8461538461538461,0.75,0.8,0.5980707395498394,0.5769230769230769,0.7980769230769231,0.8420390883248431,0.7966275068156915,0.7857142857142857,0.8148148148148148,0.6000124873825419
0.6099999999999998,0.6,1,5,0.825,0.6410256410256411,0.7341772151898734,0.467073562479923,0.6076923076923078,0.7330128205128205,0.711193592507191,0.7272180923534245,0.7021276595744681,0.7586206896551724,0.47462235899783056
0.6099999999999998,0.6,2,5,0.7045454545454546,0.6388888888888888,0.675,0.34343434343434354,0.6153846153846154,0.6717171717171717,0.7484413706681143,0.670914497254503,0.7045454545454546,0.7045454545454546,0.3434343434343434
0.6099999999999998,0.6,3,5,0.7894736842105263,0.7027027027027027,0.7466666666666667,0.49270202919188333,0.5769230769230769,0.7460881934566145,0.792818923491436,0.744825678670786,0.7317073170731707,0.759493670886076,0.49429025370684776
0.6099999999999998,0.6,4,5,0.7906976744186046,0.7647058823529411,0.7792207792207793,0.5536992840095466,0.5923076923076923,0.7777017783857729,0.848603461210149,0.777593185920953,0.8095238095238095,0.8,0.5538901927685982
0.6099999999999998,0.6,5,5,0.8461538461538461,0.75,0.8,0.5980707395498394,0.5769230769230769,0.7980769230769231,0.8394909158671683,0.7966275068156915,0.7857142857142857,0.8148148148148148,0.6000124873825419
0.6199999999999998,0.6,1,5,0.825,0.6410256410256411,0.7341772151898734,0.467073562479923,0.6076923076923078,0.7330128205128205,0.7917970407830531,0.7272180923534245,0.7021276595744681,0.7586206896551724,0.47462235899783056
0.6199999999999998,0.6,2,5,0.7045454545454546,0.6388888888888888,0.675,0.34343434343434354,0.6153846153846154,0.6717171717171717,0.7556408621080363,0.670914497254503,0.7045454545454546,0.7045454545454546,0.3434343434343434
0.6199999999999998,0.6,3,5,0.7894736842105263,0.7027027027027027,0.7466666666666667,0.49270202919188333,0.5769230769230769,0.7460881934566145,0.8008389736167493,0.744825678670786,0.7317073170731707,0.759493670886076,0.49429025370684776
0.6199999999999998,0.6,4,5,0.7906976744186046,0.7647058823529411,0.7792207792207793,0.5536992840095466,0.5923076923076923,0.7777017783857729,0.8468592751636371,0.777593185920953,0.8095238095238095,0.8,0.5538901927685982
0.6199999999999998,0.6,5,5,0.8461538461538461,0.75,0.8,0.5980707395498394,0.5769230769230769,0.7980769230769231,0.837847260377359,0.7966275068156915,0.7857142857142857,0.8148148148148148,0.6000124873825419
0.6299999999999997,0.6,1,5,0.825,0.6410256410256411,0.7341772151898734,0.467073562479923,0.6076923076923078,0.7330128205128205,0.7768898789793396,0.7272180923534245,0.7021276595744681,0.7586206896551724,0.47462235899783056
0.6299999999999997,0.6,2,5,0.7045454545454546,0.6388888888888888,0.675,0.34343434343434354,0.6153846153846154,0.6717171717171717,0.7422111100419206,0.670914497254503,0.7045454545454546,0.7045454545454546,0.3434343434343434
0.6299999999999997,0.6,3,5,0.7894736842105263,0.7027027027027027,0.7466666666666667,0.49270202919188333,0.5769230769230769,0.7460881934566145,0.7974968393148626,0.744825678670786,0.7317073170731707,0.759493670886076,0.49429025370684776
0.6299999999999997,0.6,4,5,0.7906976744186046,0.7647058823529411,0.7792207792207793,0.5536992840095466,0.5923076923076923,0.7777017783857729,0.8462778798148001,0.777593185920953,0.8095238095238095,0.8,0.5538901927685982
0.6299999999999997,0.6,5,5,0.8461538461538461,0.75,0.8,0.5980707395498394,0.5769230769230769,0.7980769230769231,0.8394909158671683,0.7966275068156915,0.7857142857142857,0.8148148148148148,0.6000124873825419
0.6399999999999997,0.6,1,5,0.825,0.6410256410256411,0.7341772151898734,0.467073562479923,0.6076923076923078,0.7330128205128205,0.7991884839503585,0.7272180923534245,0.7021276595744681,0.7586206896551724,0.47462235899783056
0.6399999999999997,0.6,2,5,0.7045454545454546,0.6388888888888888,0.675,0.34343434343434354,0.6153846153846154,0.6717171717171717,0.7484094571493587,0.670914497254503,0.7045454545454546,0.7045454545454546,0.3434343434343434
0.6399999999999997,0.6,3,5,0.7894736842105263,0.7027027027027027,0.7466666666666667,0.49270202919188333,0.5769230769230769,0.7460881934566145,0.7885756427205359,0.744825678670786,0.7317073170731707,0.759493670886076,0.49429025370684776
0.6399999999999997,0.6,4,5,0.7906976744186046,0.7647058823529411,0.7792207792207793,0.5536992840095466,0.5923076923076923,0.7777017783857729,0.8472124969532474,0.777593185920953,0.8095238095238095,0.8,0.5538901927685982
0.6399999999999997,0.6,5,5,0.8461538461538461,0.75,0.8,0.5980707395498394,0.5769230769230769,0.7980769230769231,0.845420322475308,0.7966275068156915,0.7857142857142857,0.8148148148148148,0.6000124873825419
0.6499999999999997,0.6,1,5,0.825,0.6410256410256411,0.7341772151898734,0.467073562479923,0.6076923076923078,0.7330128205128205,0.7982378134522741,0.7272180923534245,0.7021276595744681,0.7586206896551724,0.47462235899783056
0.6499999999999997,0.6,2,5,0.7045454545454546,0.6388888888888888,0.675,0.34343434343434354,0.6153846153846154,0.6717171717171717,0.6720717899650313,0.670914497254503,0.7045454545454546,0.7045454545454546,0.3434343434343434
0.6499999999999997,0.6,3,5,0.7894736842105263,0.7027027027027027,0.7466666666666667,0.49270202919188333,0.5769230769230769,0.7460881934566145,0.8016142552947522,0.744825678670786,0.7317073170731707,0.759493670886076,0.49429025370684776
0.6499999999999997,0.6,4,5,0.7906976744186046,0.7647058823529411,0.7792207792207793,0.5536992840095466,0.5923076923076923,0.7777017783857729,0.8512822643951079,0.777593185920953,0.8095238095238095,0.8,0.5538901927685982
0.6499999999999997,0.6,5,5,0.8461538461538461,0.75,0.8,0.5980707395498394,0.5769230769230769,0.7980769230769231,0.8447630203474177,0.7966275068156915,0.7857142857142857,0.8148148148148148,0.6000124873825419
0.6599999999999997,0.6,1,5,0.825,0.6410256410256411,0.7341772151898734,0.467073562479923,0.6076923076923078,0.7330128205128205,0.7095720818339563,0.7272180923534245,0.7021276595744681,0.7586206896551724,0.47462235899783056
0.6599999999999997,0.6,2,5,0.7045454545454546,0.6388888888888888,0.675,0.34343434343434354,0.6153846153846154,0.6717171717171717,0.5894861937430714,0.670914497254503,0.7045454545454546,0.7045454545454546,0.3434343434343434
0.6599999999999997,0.6,3,5,0.7894736842105263,0.7027027027027027,0.7466666666666667,0.49270202919188333,0.5769230769230769,0.7460881934566145,0.7827613398843092,0.744825678670786,0.7317073170731707,0.759493670886076,0.49429025370684776
0.6599999999999997,0.6,4,5,0.7906976744186046,0.7647058823529411,0.7792207792207793,0.5536992840095466,0.5923076923076923,0.7777017783857729,0.7343249000540226,0.777593185920953,0.8095238095238095,0.8,0.5538901927685982
0.6599999999999997,0.6,5,5,0.8461538461538461,0.75,0.8,0.5980707395498394,0.5769230769230769,0.7980769230769231,0.8502575258419232,0.7966275068156915,0.7857142857142857,0.8148148148148148,0.6000124873825419
0.6699999999999997,0.6,1,5,0.825,0.6410256410256411,0.7341772151898734,0.467073562479923,0.6076923076923078,0.7330128205128205,0.6634924430819038,0.7272180923534245,0.7021276595744681,0.7586206896551724,0.47462235899783056
0.6699999999999997,0.6,2,5,0.7045454545454546,0.6388888888888888,0.675,0.34343434343434354,0.6153846153846154,0.6717171717171717,0.5782701370724692,0.670914497254503,0.7045454545454546,0.7045454545454546,0.3434343434343434
0.6699999999999997,0.6,3,5,0.7894736842105263,0.7027027027027027,0.7466666666666667,0.49270202919188333,0.5769230769230769,0.7460881934566145,0.8020424973233614,0.744825678670786,0.7317073170731707,0.759493670886076,0.49429025370684776
0.6699999999999997,0.6,4,5,0.7906976744186046,0.7647058823529411,0.7792207792207793,0.5536992840095466,0.5923076923076923,0.7777017783857729,0.8404632552950069,0.777593185920953,0.8095238095238095,0.8,0.5538901927685982
0.6699999999999997,0.6,5,5,0.8461538461538461,0.75,0.8,0.5980707395498394,0.5769230769230769,0.7980769230769231,0.8437275791803974,0.7966275068156915,0.7857142857142857,0.8148148148148148,0.6000124873825419
0.6799999999999997,0.6,1,5,0.825,0.6410256410256411,0.7341772151898734,0.467073562479923,0.6076923076923078,0.7330128205128205,0.6639244808508981,0.7272180923534245,0.7021276595744681,0.7586206896551724,0.47462235899783056
0.6799999999999997,0.6,2,5,0.7045454545454546,0.6388888888888888,0.675,0.34343434343434354,0.6153846153846154,0.6717171717171717,0.7467401588768212,0.670914497254503,0.7045454545454546,0.7045454545454546,0.3434343434343434
0.6799999999999997,0.6,3,5,0.7894736842105263,0.7027027027027027,0.7466666666666667,0.49270202919188333,0.5769230769230769,0.7460881934566145,0.5926501468299028,0.744825678670786,0.7317073170731707,0.759493670886076,0.49429025370684776
0.6799999999999997,0.6,4,5,0.7906976744186046,0.7647058823529411,0.7792207792207793,0.5536992840095466,0.5923076923076923,0.7777017783857729,0.85884882994954,0.777593185920953,0.8095238095238095,0.8,0.5538901927685982
0.6799999999999997,0.6,5,5,0.8461538461538461,0.75,0.8,0.5980707395498394,0.5769230769230769,0.7980769230769231,0.8503712995084733,0.7966275068156915,0.7857142857142857,0.8148148148148148,0.6000124873825419
0.6899999999999997,0.6,1,5,0.825,0.6410256410256411,0.7341772151898734,0.467073562479923,0.6076923076923078,0.7330128205128205,0.663932691031522,0.7272180923534245,0.7021276595744681,0.7586206896551724,0.47462235899783056
0.6899999999999997,0.6,2,5,0.7045454545454546,0.6388888888888888,0.675,0.34343434343434354,0.6153846153846154,0.6717171717171717,0.5842804894811763,0.670914497254503,0.7045454545454546,0.7045454545454546,0.3434343434343434
0.6899999999999997,0.6,3,5,0.7894736842105263,0.7027027027027027,0.7466666666666667,0.49270202919188333,0.5769230769230769,0.7460881934566145,0.790974722439797,0.744825678670786,0.7317073170731707,0.759493670886076,0.49429025370684776
0.6899999999999997,0.6,4,5,0.7906976744186046,0.7647058823529411,0.7792207792207793,0.5536992840095466,0.5923076923076923,0.7777017783857729,0.8466311016044104,0.777593185920953,0.8095238095238095,0.8,0.5538901927685982
0.6899999999999997,0.6,5,5,0.8461538461538461,0.75,0.8,0.5980707395498394,0.5769230769230769,0.7980769230769231,0.845299448282776,0.7966275068156915,0.7857142857142857,0.8148148148148148,0.6000124873825419
0.6999999999999996,0.6,1,5,0.825,0.6410256410256411,0.7341772151898734,0.467073562479923,0.6076923076923078,0.7330128205128205,0.788932691031522,0.7272180923534245,0.7021276595744681,0.7586206896551724,0.47462235899783056
0.6999999999999996,0.6,2,5,0.7045454545454546,0.6388888888888888,0.675,0.34343434343434354,0.6153846153846154,0.6717171717171717,0.7495697456795234,0.670914497254503,0.7045454545454546,0.7045454545454546,0.3434343434343434
0.6999999999999996,0.6,3,5,0.7894736842105263,0.7027027027027027,0.7466666666666667,0.49270202919188333,0.5769230769230769,0.7460881934566145,0.7878418903595965,0.744825678670786,0.7317073170731707,0.759493670886076,0.49429025370684776
0.6999999999999996,0.6,4,5,0.7906976744186046,0.7647058823529411,0.7792207792207793,0.5536992840095466,0.5923076923076923,0.7777017783857729,0.8399558040531615,0.777593185920953,0.8095238095238095,0.8,0.5538901927685982
0.6999999999999996,0.6,5,5,0.8461538461538461,0.75,0.8,0.5980707395498394,0.5769230769230769,0.7980769230769231,0.844062826951029,0.7966275068156915,0.7857142857142857,0.8148148148148148,0.6000124873825419
0.7099999999999996,0.6,1,5,0.825,0.6410256410256411,0.7341772151898734,0.467073562479923,0.6076923076923078,0.7330128205128205,0.710792296942852,0.7272180923534245,0.7021276595744681,0.7586206896551724,0.47462235899783056
0.7099999999999996,0.6,2,5,0.7045454545454546,0.6388888888888888,0.675,0.34343434343434354,0.6153846153846154,0.6717171717171717,0.7433713985720853,0.670914497254503,0.7045454545454546,0.7045454545454546,0.3434343434343434
0.7099999999999996,0.6,3,5,0.7894736842105263,0.7027027027027027,0.7466666666666667,0.49270202919188333,0.5769230769230769,0.7460881934566145,0.790974722439797,0.744825678670786,0.7317073170731707,0.759493670886076,0.49429025370684776
0.7099999999999996,0.6,4,5,0.7906976744186046,0.7647058823529411,0.7792207792207793,0.5536992840095466,0.5923076923076923,0.7777017783857729,0.8461236503625649,0.777593185920953,0.8095238095238095,0.8,0.5538901927685982
0.7099999999999996,0.6,5,5,0.8461538461538461,0.75,0.8,0.5980707395498394,0.5769230769230769,0.7980769230769231,0.8474440611014938,0.7966275068156915,0.7857142857142857,0.8148148148148148,0.6000124873825419
0.7199999999999996,0.6,1,5,0.825,0.6410256410256411,0.7341772151898734,0.467073562479923,0.6076923076923078,0.7330128205128205,0.8105911475175647,0.7272180923534245,0.7021276595744681,0.7586206896551724,0.47462235899783056
0.7199999999999996,0.6,2,5,0.7045454545454546,0.6388888888888888,0.675,0.34343434343434354,0.6153846153846154,0.6717171717171717,0.7433713985720853,0.670914497254503,0.7045454545454546,0.7045454545454546,0.3434343434343434
0.7199999999999996,0.6,3,5,0.7894736842105263,0.7027027027027027,0.7466666666666667,0.49270202919188333,0.5769230769230769,0.7460881934566145,0.7927243968002747,0.744825678670786,0.7317073170731707,0.759493670886076,0.49429025370684776
0.7199999999999996,0.6,4,5,0.7906976744186046,0.7647058823529411,0.7792207792207793,0.5536992840095466,0.5923076923076923,0.7777017783857729,0.8461236503625649,0.777593185920953,0.8095238095238095,0.8,0.5538901927685982
0.7199999999999996,0.6,5,5,0.8461538461538461,0.75,0.8,0.5980707395498394,0.5769230769230769,0.7980769230769231,0.8456125592699921,0.7966275068156915,0.7857142857142857,0.8148148148148148,0.6000124873825419
0.7299999999999996,0.6,1,5,0.825,0.6410256410256411,0.7341772151898734,0.467073562479923,0.6076923076923078,0.7330128205128205,0.6639244808508981,0.7272180923534245,0.7021276595744681,0.7586206896551724,0.47462235899783056
0.7299999999999996,0.6,2,5,0.7045454545454546,0.6388888888888888,0.675,0.34343434343434354,0.6153846153846154,0.6717171717171717,0.7531854481588622,0.670914497254503,0.7045454545454546,0.7045454545454546,0.3434343434343434
0.7299999999999996,0.6,3,5,0.7894736842105263,0.7027027027027027,0.7466666666666667,0.49270202919188333,0.5769230769230769,0.7460881934566145,0.7951453891206478,0.744825678670786,0.7317073170731707,0.759493670886076,0.49429025370684776
0.7299999999999996,0.6,4,5,0.7906976744186046,0.7647058823529411,0.7792207792207793,0.5536992840095466,0.5923076923076923,0.7777017783857729,0.8450114157821808,0.777593185920953,0.8095238095238095,0.8,0.5538901927685982
0.7299999999999996,0.6,5,5,0.8461538461538461,0.75,0.8,0.5980707395498394,0.5769230769230769,0.7980769230769231,0.8460352135388003,0.7966275068156915,0.7857142857142857,0.8148148148148148,0.6000124873825419
0.7399999999999997,0.6,1,5,0.825,0.6410256410256411,0.7341772151898734,0.467073562479923,0.6076923076923078,0.7330128205128205,0.7167469541338974,0.7272180923534245,0.7021276595744681,0.7586206896551724,0.47462235899783056
0.7399999999999997,0.6,2,5,0.7045454545454546,0.6388888888888888,0.675,0.34343434343434354,0.6153846153846154,0.6717171717171717,0.7495697456795234,0.670914497254503,0.7045454545454546,0.7045454545454546,0.3434343434343434
0.7399999999999997,0.6,3,5,0.7894736842105263,0.7027027027027027,0.7466666666666667,0.49270202919188333,0.5769230769230769,0.7460881934566145,0.7946071629245269,0.744825678670786,0.7317073170731707,0.759493670886076,0.49429025370684776
0.7399999999999997,0.6,4,5,0.7906976744186046,0.7647058823529411,0.7792207792207793,0.5536992840095466,0.5923076923076923,0.7777017783857729,0.8495287482836688,0.777593185920953,0.8095238095238095,0.8,0.5538901927685982
0.7399999999999997,0.6,5,5,0.8461538461538461,0.75,0.8,0.5980707395498394,0.5769230769230769,0.7980769230769231,0.8462092936902559,0.7966275068156915,0.7857142857142857,0.8148148148148148,0.6000124873825419
0.7499999999999997,0.6,1,5,0.825,0.6410256410256411,0.7341772151898734,0.467073562479923,0.6076923076923078,0.7330128205128205,0.7943331610304493,0.7272180923534245,0.7021276595744681,0.7586206896551724,0.47462235899783056
0.7499999999999997,0.6,2,5,0.7045454545454546,0.6388888888888888,0.675,0.34343434343434354,0.6153846153846154,0.6717171717171717,0.7471592773599641,0.670914497254503,0.7045454545454546,0.7045454545454546,0.3434343434343434
0.7499999999999997,0.6,3,5,0.7894736842105263,0.7027027027027027,0.7466666666666667,0.49270202919188333,0.5769230769230769,0.7460881934566145,0.7947267801494073,0.744825678670786,0.7317073170731707,0.759493670886076,0.49429025370684776
0.7499999999999997,0.6,4,5,0.7906976744186046,0.7647058823529411,0.7792207792207793,0.5536992840095466,0.5923076923076923,0.7777017783857729,0.7357142892341237,0.777593185920953,0.8095238095238095,0.8,0.5538901927685982
0.7499999999999997,0.6,5,5,0.8461538461538461,0.75,0.8,0.5980707395498394,0.5769230769230769,0.7980769230769231,0.843812728641869,0.7966275068156915,0.7857142857142857,0.8148148148148148,0.6000124873825419
0.7599999999999997,0.6,1,5,0.825,0.6410256410256411,0.7341772151898734,0.467073562479923,0.6076923076923078,0.7330128205128205,0.7962619676291742,0.7272180923534245,0.7021276595744681,0.7586206896551724,0.47462235899783056
0.7599999999999997,0.6,2,5,0.7045454545454546,0.6388888888888888,0.675,0.34343434343434354,0.6153846153846154,0.6717171717171717,0.7495697456795234,0.670914497254503,0.7045454545454546,0.7045454545454546,0.3434343434343434
0.7599999999999997,0.6,3,5,0.7894736842105263,0.7027027027027027,0.7466666666666667,0.49270202919188333,0.5769230769230769,0.7460881934566145,0.6840751510767257,0.744825678670786,0.7317073170731707,0.759493670886076,0.49429025370684776
0.7599999999999997,0.6,4,5,0.7906976744186046,0.7647058823529411,0.7792207792207793,0.5536992840095466,0.5923076923076923,0.7777017783857729,0.7357058632145754,0.777593185920953,0.8095238095238095,0.8,0.5538901927685982
0.7599999999999997,0.6,5,5,0.8461538461538461,0.75,0.8,0.5980707395498394,0.5769230769230769,0.7980769230769231,0.8445016118912361,0.7966275068156915,0.7857142857142857,0.8148148148148148,0.6000124873825419
0.7699999999999997,0.6,1,5,0.825,0.6410256410256411,0.7341772151898734,0.467073562479923,0.6076923076923078,0.7330128205128205,0.7435177147556111,0.7272180923534245,0.7021276595744681,0.7586206896551724,0.47462235899783056
0.7699999999999997,0.6,2,5,0.7045454545454546,0.6388888888888888,0.675,0.34343434343434354,0.6153846153846154,0.6717171717171717,0.579115200224978,0.670914497254503,0.7045454545454546,0.7045454545454546,0.3434343434343434
0.7699999999999997,0.6,3,5,0.7894736842105263,0.7027027027027027,0.7466666666666667,0.49270202919188333,0.5769230769230769,0.7460881934566145,0.8073663335784345,0.744825678670786,0.7317073170731707,0.759493670886076,0.49429025370684776
0.7699999999999997,0.6,4,5,0.7906976744186046,0.7647058823529411,0.7792207792207793,0.5536992840095466,0.5923076923076923,0.7777017783857729,0.8332320604753529,0.777593185920953,0.8095238095238095,0.8,0.5538901927685982
0.7699999999999997,0.6,5,5,0.8461538461538461,0.75,0.8,0.5980707395498394,0.5769230769230769,0.7980769230769231,0.8484463850667785,0.7966275068156915,0.7857142857142857,0.8148148148148148,0.6000124873825419
0.7799999999999997,0.6,1,5,0.825,0.6410256410256411,0.7341772151898734,0.467073562479923,0.6076923076923078,0.7330128205128205,0.8029838951269638,0.7272180923534245,0.7021276595744681,0.7586206896551724,0.47462235899783056
0.7799999999999997,0.6,2,5,0.7045454545454546,0.6388888888888888,0.675,0.34343434343434354,0.6153846153846154,0.6717171717171717,0.7495697456795234,0.670914497254503,0.7045454545454546,0.7045454545454546,0.3434343434343434
0.7799999999999997,0.6,3,5,0.7894736842105263,0.7027027027027027,0.7466666666666667,0.49270202919188333,0.5769230769230769,0.7460881934566145,0.786205476891262,0.744825678670786,0.7317073170731707,0.759493670886076,0.49429025370684776
0.7799999999999997,0.6,4,5,0.7906976744186046,0.7647058823529411,0.7792207792207793,0.5536992840095466,0.5923076923076923,0.7777017783857729,0.8465248723146765,0.777593185920953,0.8095238095238095,0.8,0.5538901927685982
0.7799999999999997,0.6,5,5,0.8461538461538461,0.75,0.8,0.5980707395498394,0.5769230769230769,0.7980769230769231,0.8516867344609741,0.7966275068156915,0.7857142857142857,0.8148148148148148,0.6000124873825419
0.7899999999999996,0.6,1,5,0.825,0.6410256410256411,0.7341772151898734,0.467073562479923,0.6076923076923078,0.7330128205128205,0.7938481745257259,0.7272180923534245,0.7021276595744681,0.7586206896551724,0.47462235899783056
0.7899999999999996,0.6,2,5,0.7045454545454546,0.6388888888888888,0.675,0.34343434343434354,0.6153846153846154,0.6717171717171717,0.7531854481588622,0.670914497254503,0.7045454545454546,0.7045454545454546,0.3434343434343434
0.7899999999999996,0.6,3,5,0.7894736842105263,0.7027027027027027,0.7466666666666667,0.49270202919188333,0.5769230769230769,0.7460881934566145,0.786205476891262,0.744825678670786,0.7317073170731707,0.759493670886076,0.49429025370684776
0.7899999999999996,0.6,4,5,0.7906976744186046,0.7647058823529411,0.7792207792207793,0.5536992840095466,0.5923076923076923,0.7777017783857729,0.8454210637538406,0.777593185920953,0.8095238095238095,0.8,0.5538901927685982
0.7899999999999996,0.6,5,5,0.8461538461538461,0.75,0.8,0.5980707395498394,0.5769230769230769,0.7980769230769231,0.8484463850667785,0.7966275068156915,0.7857142857142857,0.8148148148148148,0.6000124873825419
0.7999999999999996,0.6,1,5,0.825,0.6410256410256411,0.7341772151898734,0.467073562479923,0.6076923076923078,0.7330128205128205,0.7986429200101267,0.7272180923534245,0.7021276595744681,0.7586206896551724,0.47462235899783056
0.7999999999999996,0.6,2,5,0.7045454545454546,0.6388888888888888,0.675,0.34343434343434354,0.6153846153846154,0.6717171717171717,0.6676138228145096,0.670914497254503,0.7045454545454546,0.7045454545454546,0.3434343434343434
0.7999999999999996,0.6,3,5,0.7894736842105263,0.7027027027027027,0.7466666666666667,0.49270202919188333,0.5769230769230769,0.7460881934566145,0.5756791611017883,0.744825678670786,0.7317073170731707,0.759493670886076,0.49429025370684776
0.7999999999999996,0.6,4,5,0.7906976744186046,0.7647058823529411,0.7792207792207793,0.5536992840095466,0.5923076923076923,0.7777017783857729,0.7342186707642888,0.777593185920953,0.8095238095238095,0.8,0.5538901927685982
0.7999999999999996,0.6,5,5,0.8461538461538461,0.75,0.8,0.5980707395498394,0.5769230769230769,0.7980769230769231,0.8455661301622321,0.7966275068156915,0.7857142857142857,0.8148148148148148,0.6000124873825419
0.8099999999999996,0.6,1,5,0.825,0.6410256410256411,0.7341772151898734,0.467073562479923,0.6076923076923078,0.7330128205128205,0.6629286342958409,0.7272180923534245,0.7021276595744681,0.7586206896551724,0.47462235899783056
0.8099999999999996,0.6,2,5,0.7045454545454546,0.6388888888888888,0.675,0.34343434343434354,0.6153846153846154,0.6717171717171717,0.6676138228145096,0.670914497254503,0.7045454545454546,0.7045454545454546,0.3434343434343434
0.8099999999999996,0.6,3,5,0.7894736842105263,0.7027027027027027,0.7466666666666667,0.49270202919188333,0.5769230769230769,0.7460881934566145,0.7893383089714624,0.744825678670786,0.7317073170731707,0.759493670886076,0.49429025370684776
0.8099999999999996,0.6,4,5,0.7906976744186046,0.7647058823529411,0.7792207792207793,0.5536992840095466,0.5923076923076923,0.7777017783857729,0.8332320604753529,0.777593185920953,0.8095238095238095,0.8,0.5538901927685982
0.8099999999999996,0.6,5,5,0.8461538461538461,0.75,0.8,0.5980707395498394,0.5769230769230769,0.7980769230769231,0.8412691450960164,0.7966275068156915,0.7857142857142857,0.8148148148148148,0.6000124873825419
0.8199999999999996,0.6,1,5,0.825,0.6410256410256411,0.7341772151898734,0.467073562479923,0.6076923076923078,0.7330128205128205,0.6625981745257259,0.7272180923534245,0.7021276595744681,0.7586206896551724,0.47462235899783056
0.8199999999999996,0.6,2,5,0.7045454545454546,0.6388888888888888,0.675,0.34343434343434354,0.6153846153846154,0.6717171717171717,0.756801150638201,0.670914497254503,0.7045454545454546,0.7045454545454546,0.3434343434343434
0.8199999999999996,0.6,3,5,0.7894736842105263,0.7027027027027027,0.7466666666666667,0.49270202919188333,0.5769230769230769,0.7460881934566145,0.7998475365859532,0.744825678670786,0.7317073170731707,0.759493670886076,0.49429025370684776
0.8199999999999996,0.6,4,5,0.7906976744186046,0.7647058823529411,0.7792207792207793,0.5536992840095466,0.5923076923076923,0.7777017783857729,0.8378376461603119,0.777593185920953,0.8095238095238095,0.8,0.5538901927685982
0.8199999999999996,0.6,5,5,0.8461538461538461,0.75,0.8,0.5980707395498394,0.5769230769230769,0.7980769230769231,0.8490178066908318,0.7966275068156915,0.7857142857142857,0.8148148148148148,0.6000124873825419
0.8299999999999996,0.6,1,5,0.825,0.6410256410256411,0.7341772151898734,0.467073562479923,0.6076923076923078,0.7330128205128205,0.5346279353545315,0.7272180923534245,0.7021276595744681,0.7586206896551724,0.47462235899783056
0.8299999999999996,0.6,2,5,0.7045454545454546,0.6388888888888888,0.675,0.34343434343434354,0.6153846153846154,0.6717171717171717,0.5842804894811763,0.670914497254503,0.7045454545454546,0.7045454545454546,0.3434343434343434
0.8299999999999996,0.6,3,5,0.7894736842105263,0.7027027027027027,0.7466666666666667,0.49270202919188333,0.5769230769230769,0.7460881934566145,0.786205476891262,0.744825678670786,0.7317073170731707,0.759493670886076,0.49429025370684776
0.8299999999999996,0.6,4,5,0.7906976744186046,0.7647058823529411,0.7792207792207793,0.5536992840095466,0.5923076923076923,0.7777017783857729,0.8465248723146765,0.777593185920953,0.8095238095238095,0.8,0.5538901927685982
0.8299999999999996,0.6,5,5,0.8461538461538461,0.75,0.8,0.5980707395498394,0.5769230769230769,0.7980769230769231,0.84342937802548,0.7966275068156915,0.7857142857142857,0.8148148148148148,0.6000124873825419
0.8399999999999996,0.6,1,5,0.825,0.6410256410256411,0.7341772151898734,0.467073562479923,0.6076923076923078,0.7330128205128205,0.808866441101658,0.7272180923534245,0.7021276595744681,0.7586206896551724,0.47462235899783056
0.8399999999999996,0.6,2,5,0.7045454545454546,0.6388888888888888,0.675,0.34343434343434354,0.6153846153846154,0.6717171717171717,0.742746126714756,0.670914497254503,0.7045454545454546,0.7045454545454546,0.3434343434343434
0.8399999999999996,0.6,3,5,0.7894736842105263,0.7027027027027027,0.7466666666666667,0.49270202919188333,0.5769230769230769,0.7460881934566145,0.786205476891262,0.744825678670786,0.7317073170731707,0.759493670886076,0.49429025370684776
0.8399999999999996,0.6,4,5,0.7906976744186046,0.7647058823529411,0.7792207792207793,0.5536992840095466,0.5923076923076923,0.7777017783857729,0.8465248723146765,0.777593185920953,0.8095238095238095,0.8,0.5538901927685982
0.8399999999999996,0.6,5,5,0.8461538461538461,0.75,0.8,0.5980707395498394,0.5769230769230769,0.7980769230769231,0.8457054076770752,0.7966275068156915,0.7857142857142857,0.8148148148148148,0.6000124873825419
0.8499999999999996,0.6,1,5,0.825,0.6410256410256411,0.7341772151898734,0.467073562479923,0.6076923076923078,0.7330128205128205,0.8044196020211981,0.7272180923534245,0.7021276595744681,0.7586206896551724,0.47462235899783056
0.8499999999999996,0.6,2,5,0.7045454545454546,0.6388888888888888,0.675,0.34343434343434354,0.6153846153846154,0.6717171717171717,0.7583507374150606,0.670914497254503,0.7045454545454546,0.7045454545454546,0.3434343434343434
0.8499999999999996,0.6,3,5,0.7894736842105263,0.7027027027027027,0.7466666666666667,0.49270202919188333,0.5769230769230769,0.7460881934566145,0.7975975935465365,0.744825678670786,0.7317073170731707,0.759493670886076,0.49429025370684776
0.8499999999999996,0.6,4,5,0.7906976744186046,0.7647058823529411,0.7792207792207793,0.5536992840095466,0.5923076923076923,0.7777017783857729,0.8488504537100254,0.777593185920953,0.8095238095238095,0.8,0.5538901927685982
0.8499999999999996,0.6,5,5,0.8461538461538461,0.75,0.8,0.5980707395498394,0.5769230769230769,0.7980769230769231,0.8510590284153113,0.7966275068156915,0.7857142857142857,0.8148148148148148,0.6000124873825419
0.8599999999999995,0.6,1,5,0.825,0.6410256410256411,0.7341772151898734,0.467073562479923,0.6076923076923078,0.7330128205128205,0.6683491997223476,0.7272180923534245,0.7021276595744681,0.7586206896551724,0.47462235899783056
0.8599999999999995,0.6,2,5,0.7045454545454546,0.6388888888888888,0.675,0.34343434343434354,0.6153846153846154,0.6717171717171717,0.7531854481588622,0.670914497254503,0.7045454545454546,0.7045454545454546,0.3434343434343434
0.8599999999999995,0.6,3,5,0.7894736842105263,0.7027027027027027,0.7466666666666667,0.49270202919188333,0.5769230769230769,0.7460881934566145,0.5756791611017883,0.744825678670786,0.7317073170731707,0.759493670886076,0.49429025370684776
0.8599999999999995,0.6,4,5,0.7906976744186046,0.7647058823529411,0.7792207792207793,0.5536992840095466,0.5923076923076923,0.7777017783857729,0.8428848318697826,0.777593185920953,0.8095238095238095,0.8,0.5538901927685982
0.8599999999999995,0.6,5,5,0.8461538461538461,0.75,0.8,0.5980707395498394,0.5769230769230769,0.7980769230769231,0.8463767134954399,0.7966275068156915,0.7857142857142857,0.8148148148148148,0.6000124873825419
0.8699999999999996,0.6,1,5,0.825,0.6410256410256411,0.7341772151898734,0.467073562479923,0.6076923076923078,0.7330128205128205,0.6718046594924624,0.7272180923534245,0.7021276595744681,0.7586206896551724,0.47462235899783056
0.8699999999999996,0.6,2,5,0.7045454545454546,0.6388888888888888,0.675,0.34343434343434354,0.6153846153846154,0.6717171717171717,0.7531854481588622,0.670914497254503,0.7045454545454546,0.7045454545454546,0.3434343434343434
0.8699999999999996,0.6,3,5,0.7894736842105263,0.7027027027027027,0.7466666666666667,0.49270202919188333,0.5769230769230769,0.7460881934566145,0.5756791611017883,0.744825678670786,0.7317073170731707,0.759493670886076,0.49429025370684776
0.8699999999999996,0.6,4,5,0.7906976744186046,0.7647058823529411,0.7792207792207793,0.5536992840095466,0.5923076923076923,0.7777017783857729,0.8488504537100254,0.777593185920953,0.8095238095238095,0.8,0.5538901927685982
0.8699999999999996,0.6,5,5,0.8461538461538461,0.75,0.8,0.5980707395498394,0.5769230769230769,0.7980769230769231,0.8425963058688783,0.7966275068156915,0.7857142857142857,0.8148148148148148,0.6000124873825419
0.8799999999999996,0.6,1,5,0.825,0.6410256410256411,0.7341772151898734,0.467073562479923,0.6076923076923078,0.7330128205128205,0.7777297872063833,0.7272180923534245,0.7021276595744681,0.7586206896551724,0.47462235899783056
0.8799999999999996,0.6,2,5,0.7045454545454546,0.6388888888888888,0.675,0.34343434343434354,0.6153846153846154,0.6717171717171717,0.7495697456795234,0.670914497254503,0.7045454545454546,0.7045454545454546,0.3434343434343434
0.8799999999999996,0.6,3,5,0.7894736842105263,0.7027027027027027,0.7466666666666667,0.49270202919188333,0.5769230769230769,0.7460881934566145,0.7893383089714624,0.744825678670786,0.7317073170731707,0.759493670886076,0.49429025370684776
0.8799999999999996,0.6,4,5,0.7906976744186046,0.7647058823529411,0.7792207792207793,0.5536992840095466,0.5923076923076923,0.7777017783857729,0.8446837870433587,0.777593185920953,0.8095238095238095,0.8,0.5538901927685982
0.8799999999999996,0.6,5,5,0.8461538461538461,0.75,0.8,0.5980707395498394,0.5769230769230769,0.7980769230769231,0.8384935709969128,0.7966275068156915,0.7857142857142857,0.8148148148148148,0.6000124873825419
0.8899999999999996,0.6,1,5,0.825,0.6410256410256411,0.7341772151898734,0.467073562479923,0.6076923076923078,0.7330128205128205,0.6622141422510832,0.7272180923534245,0.7021276595744681,0.7586206896551724,0.47462235899783056
0.8899999999999996,0.6,2,5,0.7045454545454546,0.6388888888888888,0.675,0.34343434343434354,0.6153846153846154,0.6717171717171717,0.7433713985720853,0.670914497254503,0.7045454545454546,0.7045454545454546,0.3434343434343434
0.8899999999999996,0.6,3,5,0.7894736842105263,0.7027027027027027,0.7466666666666667,0.49270202919188333,0.5769230769230769,0.7460881934566145,0.7230361900377646,0.744825678670786,0.7317073170731707,0.759493670886076,0.49429025370684776
0.8899999999999996,0.6,4,5,0.7906976744186046,0.7647058823529411,0.7792207792207793,0.5536992840095466,0.5923076923076923,0.7777017783857729,0.8469919145410715,0.777593185920953,0.8095238095238095,0.8,0.5538901927685982
0.8899999999999996,0.6,5,5,0.8461538461538461,0.75,0.8,0.5980707395498394,0.5769230769230769,0.7980769230769231,0.8483491000832111,0.7966275068156915,0.7857142857142857,0.8148148148148148,0.6000124873825419
0.8999999999999996,0.6,1,5,0.825,0.6410256410256411,0.7341772151898734,0.467073562479923,0.6076923076923078,0.7330128205128205,0.5339813836303935,0.7272180923534245,0.7021276595744681,0.7586206896551724,0.47462235899783056
0.8999999999999996,0.6,2,5,0.7045454545454546,0.6388888888888888,0.675,0.34343434343434354,0.6153846153846154,0.6717171717171717,0.6679581754315895,0.670914497254503,0.7045454545454546,0.7045454545454546,0.3434343434343434
0.8999999999999996,0.6,3,5,0.7894736842105263,0.7027027027027027,0.7466666666666667,0.49270202919188333,0.5769230769230769,0.7460881934566145,0.7946071629245269,0.744825678670786,0.7317073170731707,0.759493670886076,0.49429025370684776
0.8999999999999996,0.6,4,5,0.7906976744186046,0.7647058823529411,0.7792207792207793,0.5536992840095466,0.5923076923076923,0.7777017783857729,0.8471062676635136,0.777593185920953,0.8095238095238095,0.8,0.5538901927685982
0.8999999999999996,0.6,5,5,0.8461538461538461,0.75,0.8,0.5980707395498394,0.5769230769230769,0.7980769230769231,0.8459329496795831,0.7966275068156915,0.7857142857142857,0.8148148148148148,0.6000124873825419
0.9099999999999996,0.6,1,5,0.825,0.6410256410256411,0.7341772151898734,0.467073562479923,0.6076923076923078,0.7330128205128205,0.7161940273085544,0.7272180923534245,0.7021276595744681,0.7586206896551724,0.47462235899783056
0.9099999999999996,0.6,2,5,0.7045454545454546,0.6388888888888888,0.675,0.34343434343434354,0.6153846153846154,0.6717171717171717,0.7551039841683074,0.670914497254503,0.7045454545454546,0.7045454545454546,0.3434343434343434
0.9099999999999996,0.6,3,5,0.7894736842105263,0.7027027027027027,0.7466666666666667,0.49270202919188333,0.5769230769230769,0.7460881934566145,0.7805663791469011,0.744825678670786,0.7317073170731707,0.759493670886076,0.49429025370684776
0.9099999999999996,0.6,4,5,0.7906976744186046,0.7647058823529411,0.7792207792207793,0.5536992840095466,0.5923076923076923,0.7777017783857729,0.8378376461603119,0.777593185920953,0.8095238095238095,0.8,0.5538901927685982
0.9099999999999996,0.6,5,5,0.8461538461538461,0.75,0.8,0.5980707395498394,0.5769230769230769,0.7980769230769231,0.8498777228551255,0.7966275068156915,0.7857142857142857,0.8148148148148148,0.6000124873825419
0.9199999999999996,0.6,1,5,0.825,0.6410256410256411,0.7341772151898734,0.467073562479923,0.6076923076923078,0.7330128205128205,0.7934641422510832,0.7272180923534245,0.7021276595744681,0.7586206896551724,0.47462235899783056
0.9199999999999996,0.6,2,5,0.7045454545454546,0.6388888888888888,0.675,0.34343434343434354,0.6153846153846154,0.6717171717171717,0.6676138228145096,0.670914497254503,0.7045454545454546,0.7045454545454546,0.3434343434343434
0.9199999999999996,0.6,3,5,0.7894736842105263,0.7027027027027027,0.7466666666666667,0.49270202919188333,0.5769230769230769,0.7460881934566145,0.7916167323025174,0.744825678670786,0.7317073170731707,0.759493670886076,0.49429025370684776
0.9199999999999996,0.6,4,5,0.7906976744186046,0.7647058823529411,0.7792207792207793,0.5536992840095466,0.5923076923076923,0.7777017783857729,0.8511760351053741,0.777593185920953,0.8095238095238095,0.8,0.5538901927685982
0.9199999999999996,0.6,5,5,0.8461538461538461,0.75,0.8,0.5980707395498394,0.5769230769230769,0.7980769230769231,0.8494550685863174,0.7966275068156915,0.7857142857142857,0.8148148148148148,0.6000124873825419
0.9299999999999996,0.6,1,5,0.825,0.6410256410256411,0.7341772151898734,0.467073562479923,0.6076923076923078,0.7330128205128205,0.6766106939752211,0.7272180923534245,0.7021276595744681,0.7586206896551724,0.47462235899783056
0.9299999999999996,0.6,2,5,0.7045454545454546,0.6388888888888888,0.675,0.34343434343434354,0.6153846153846154,0.6717171717171717,0.6679581754315895,0.670914497254503,0.7045454545454546,0.7045454545454546,0.3434343434343434
0.9299999999999996,0.6,3,5,0.7894736842105263,0.7027027027027027,0.7466666666666667,0.49270202919188333,0.5769230769230769,0.7460881934566145,0.786205476891262,0.744825678670786,0.7317073170731707,0.759493670886076,0.49429025370684776
0.9299999999999996,0.6,4,5,0.7906976744186046,0.7647058823529411,0.7792207792207793,0.5536992840095466,0.5923076923076923,0.7777017783857729,0.8366688368772458,0.777593185920953,0.8095238095238095,0.8,0.5538901927685982
0.9299999999999996,0.6,5,5,0.8461538461538461,0.75,0.8,0.5980707395498394,0.5769230769230769,0.7980769230769231,0.8512865704178193,0.7966275068156915,0.7857142857142857,0.8148148148148148,0.6000124873825419
0.9399999999999996,0.6,1,5,0.825,0.6410256410256411,0.7341772151898734,0.467073562479923,0.6076923076923078,0.7330128205128205,0.8058779353545314,0.7272180923534245,0.7021276595744681,0.7586206896551724,0.47462235899783056
0.9399999999999996,0.6,2,5,0.7045454545454546,0.6388888888888888,0.675,0.34343434343434354,0.6153846153846154,0.6717171717171717,0.5895835197842065,0.670914497254503,0.7045454545454546,0.7045454545454546,0.3434343434343434
0.9399999999999996,0.6,3,5,0.7894736842105263,0.7027027027027027,0.7466666666666667,0.49270202919188333,0.5769230769230769,0.7460881934566145,0.7946071629245269,0.744825678670786,0.7317073170731707,0.759493670886076,0.49429025370684776
0.9399999999999996,0.6,4,5,0.7906976744186046,0.7647058823529411,0.7792207792207793,0.5536992840095466,0.5923076923076923,0.7777017783857729,0.8403570260052731,0.777593185920953,0.8095238095238095,0.8,0.5538901927685982
0.9399999999999996,0.6,5,5,0.8461538461538461,0.75,0.8,0.5980707395498394,0.5769230769230769,0.7980769230769231,0.8479053362673543,0.7966275068156915,0.7857142857142857,0.8148148148148148,0.6000124873825419
0.9499999999999995,0.6,1,5,0.825,0.6410256410256411,0.7341772151898734,0.467073562479923,0.6076923076923078,0.7330128205128205,0.7934641422510832,0.7272180923534245,0.7021276595744681,0.7586206896551724,0.47462235899783056
0.9499999999999995,0.6,2,5,0.7045454545454546,0.6388888888888888,0.675,0.34343434343434354,0.6153846153846154,0.6717171717171717,0.7495697456795234,0.670914497254503,0.7045454545454546,0.7045454545454546,0.3434343434343434
0.9499999999999995,0.6,3,5,0.7894736842105263,0.7027027027027027,0.7466666666666667,0.49270202919188333,0.5769230769230769,0.7460881934566145,0.7893383089714624,0.744825678670786,0.7317073170731707,0.759493670886076,0.49429025370684776
0.9499999999999995,0.6,4,5,0.7906976744186046,0.7647058823529411,0.7792207792207793,0.5536992840095466,0.5923076923076923,0.7777017783857729,0.8378292201407634,0.777593185920953,0.8095238095238095,0.8,0.5538901927685982
0.9499999999999995,0.6,5,5,0.8461538461538461,0.75,0.8,0.5980707395498394,0.5769230769230769,0.7980769230769231,0.8498777228551255,0.7966275068156915,0.7857142857142857,0.8148148148148148,0.6000124873825419
0.9599999999999995,0.6,1,5,0.825,0.6410256410256411,0.7341772151898734,0.467073562479923,0.6076923076923078,0.7330128205128205,0.7934641422510832,0.7272180923534245,0.7021276595744681,0.7586206896551724,0.47462235899783056
0.9599999999999995,0.6,2,5,0.7045454545454546,0.6388888888888888,0.675,0.34343434343434354,0.6153846153846154,0.6717171717171717,0.7531854481588622,0.670914497254503,0.7045454545454546,0.7045454545454546,0.3434343434343434
0.9599999999999995,0.6,3,5,0.7894736842105263,0.7027027027027027,0.7466666666666667,0.49270202919188333,0.5769230769230769,0.7460881934566145,0.8005880241685461,0.744825678670786,0.7317073170731707,0.759493670886076,0.49429025370684776
0.9599999999999995,0.6,4,5,0.7906976744186046,0.7647058823529411,0.7792207792207793,0.5536992840095466,0.5923076923076923,0.7777017783857729,0.8471062676635136,0.777593185920953,0.8095238095238095,0.8,0.5538901927685982
0.9599999999999995,0.6,5,5,0.8461538461538461,0.75,0.8,0.5980707395498394,0.5769230769230769,0.7980769230769231,0.8512865704178193,0.7966275068156915,0.7857142857142857,0.8148148148148148,0.6000124873825419
0.9699999999999995,0.6,1,5,0.825,0.6410256410256411,0.7341772151898734,0.467073562479923,0.6076923076923078,0.7330128205128205,0.6622141422510832,0.7272180923534245,0.7021276595744681,0.7586206896551724,0.47462235899783056
0.9699999999999995,0.6,2,5,0.7045454545454546,0.6388888888888888,0.675,0.34343434343434354,0.6153846153846154,0.6717171717171717,0.7531854481588622,0.670914497254503,0.7045454545454546,0.7045454545454546,0.3434343434343434
0.9699999999999995,0.6,3,5,0.7894736842105263,0.7027027027027027,0.7466666666666667,0.49270202919188333,0.5769230769230769,0.7460881934566145,0.786205476891262,0.744825678670786,0.7317073170731707,0.759493670886076,0.49429025370684776
0.9699999999999995,0.6,4,5,0.7906976744186046,0.7647058823529411,0.7792207792207793,0.5536992840095466,0.5923076923076923,0.7777017783857729,0.7357142892341237,0.777593185920953,0.8095238095238095,0.8,0.5538901927685982
0.9699999999999995,0.6,5,5,0.8461538461538461,0.75,0.8,0.5980707395498394,0.5769230769230769,0.7980769230769231,0.8485230192379783,0.7966275068156915,0.7857142857142857,0.8148148148148148,0.6000124873825419
0.9799999999999995,0.6,1,5,0.825,0.6410256410256411,0.7341772151898734,0.467073562479923,0.6076923076923078,0.7330128205128205,0.781433490910087,0.7272180923534245,0.7021276595744681,0.7586206896551724,0.47462235899783056
0.9799999999999995,0.6,2,5,0.7045454545454546,0.6388888888888888,0.675,0.34343434343434354,0.6153846153846154,0.6717171717171717,0.7433713985720853,0.670914497254503,0.7045454545454546,0.7045454545454546,0.3434343434343434
0.9799999999999995,0.6,3,5,0.7894736842105263,0.7027027027027027,0.7466666666666667,0.49270202919188333,0.5769230769230769,0.7460881934566145,0.7805521390010819,0.744825678670786,0.7317073170731707,0.759493670886076,0.49429025370684776
0.9799999999999995,0.6,4,5,0.7906976744186046,0.7647058823529411,0.7792207792207793,0.5536992840095466,0.5923076923076923,0.7777017783857729,0.7734628568108005,0.777593185920953,0.8095238095238095,0.8,0.5538901927685982
0.9799999999999995,0.6,5,5,0.8461538461538461,0.75,0.8,0.5980707395498394,0.5769230769230769,0.7980769230769231,0.8528174826712377,0.7966275068156915,0.7857142857142857,0.8148148148148148,0.6000124873825419
0.9899999999999995,0.6,1,5,0.825,0.6410256410256411,0.7341772151898734,0.467073562479923,0.6076923076923078,0.7330128205128205,0.7977297872063833,0.7272180923534245,0.7021276595744681,0.7586206896551724,0.47462235899783056
0.9899999999999995,0.6,2,5,0.7045454545454546,0.6388888888888888,0.675,0.34343434343434354,0.6153846153846154,0.6717171717171717,0.7433713985720853,0.670914497254503,0.7045454545454546,0.7045454545454546,0.3434343434343434
0.9899999999999995,0.6,3,5,0.7894736842105263,0.7027027027027027,0.7466666666666667,0.49270202919188333,0.5769230769230769,0.7460881934566145,0.7805663791469011,0.744825678670786,0.7317073170731707,0.759493670886076,0.49429025370684776
0.9899999999999995,0.6,4,5,0.7906976744186046,0.7647058823529411,0.7792207792207793,0.5536992840095466,0.5923076923076923,0.7777017783857729,0.8403570260052731,0.777593185920953,0.8095238095238095,0.8,0.5538901927685982
0.9899999999999995,0.6,5,5,0.8461538461538461,0.75,0.8,0.5980707395498394,0.5769230769230769,0.7980769230769231,0.8494362485207728,0.7966275068156915,0.7857142857142857,0.8148148148148148,0.6000124873825419
1.0,0.6,1,5,0.825,0.6410256410256411,0.7341772151898734,0.467073562479923,0.6076923076923078,0.7330128205128205,0.7751087045853006,0.7272180923534245,0.7021276595744681,0.7586206896551724,0.47462235899783056
1.0,0.6,2,5,0.7045454545454546,0.6388888888888888,0.675,0.34343434343434354,0.6153846153846154,0.6717171717171717,0.7531854481588622,0.670914497254503,0.7045454545454546,0.7045454545454546,0.3434343434343434
1.0,0.6,3,5,0.7894736842105263,0.7027027027027027,0.7466666666666667,0.49270202919188333,0.5769230769230769,0.7460881934566145,0.786205476891262,0.744825678670786,0.7317073170731707,0.759493670886076,0.49429025370684776
1.0,0.6,4,5,0.7906976744186046,0.7647058823529411,0.7792207792207793,0.5536992840095466,0.5923076923076923,0.7777017783857729,0.8378292201407634,0.777593185920953,0.8095238095238095,0.8,0.5538901927685982
1.0,0.6,5,5,0.8461538461538461,0.75,0.8,0.5980707395498394,0.5769230769230769,0.7980769230769231,0.8540355958803012,0.7966275068156915,0.7857142857142857,0.8148148148148148,0.6000124873825419
