SmoothFactor,TanimotoDistance,Fold,Repeat,Sensitivity,Specificity,Accuracy,kappa,Coverage,AreaUnderTheCurve,PR_AUC,GMean,Precision,F1,MCC
0.1,0.5,1,1,0.49074074074074076,0.9413407821229051,0.8822815533980582,0.4553532490187528,0.6765188834154352,0.7160407614318229,0.45968545388742577,0.6796721803255321,0.5578947368421052,0.5221674876847291,0.4565712040205466
0.1,0.5,2,1,0.5321100917431193,0.9415760869565217,0.8887573964497042,0.48897266972052106,0.69376026272578,0.7368430893498206,0.5131452782659157,0.7078291729037184,0.5742574257425742,0.5523809523809524,0.48943577929080556
0.1,0.5,3,1,0.6060606060606061,0.9351351351351351,0.8963051251489869,0.5206942064101805,0.6888341543513957,0.7705978705978707,0.5027127048960803,0.7528270496924023,0.5555555555555556,0.5797101449275363,0.5213354548361151
0.1,0.5,4,1,0.5428571428571428,0.9322493224932249,0.8837485172004745,0.47125686417572316,0.6921182266009852,0.7375532326751839,0.48512398800537776,0.7113917371175879,0.5327102803738317,0.5377358490566038,0.47128430283877915
0.1,0.5,5,1,0.5865384615384616,0.9569444444444445,0.9101941747572816,0.5717015059563948,0.6770747740345111,0.771741452991453,0.5465228573009414,0.7491893767414366,0.6630434782608695,0.6224489795918368,0.573085410690821
0.11,0.5,1,1,0.49074074074074076,0.9413407821229051,0.8822815533980582,0.4553532490187528,0.6765188834154352,0.7160407614318229,0.46348915279878955,0.6796721803255321,0.5578947368421052,0.5221674876847291,0.4565712040205466
0.11,0.5,2,1,0.5504587155963303,0.9415760869565217,0.8911242603550296,0.5038484612537175,0.69376026272578,0.746017401276426,0.517811652699966,0.7199296934161735,0.5825242718446602,0.5660377358490566,0.5041124386084946
0.11,0.5,3,1,0.6060606060606061,0.9351351351351351,0.8963051251489869,0.5206942064101805,0.6888341543513957,0.7705978705978707,0.5061104543344583,0.7528270496924023,0.5555555555555556,0.5797101449275363,0.5213354548361151
0.11,0.5,4,1,0.5428571428571428,0.9336043360433605,0.8849347568208779,0.4745233367392187,0.6921182266009852,0.7382307394502516,0.4845108091332868,0.7119085491996415,0.5377358490566038,0.5402843601895735,0.4745302998056319
0.11,0.5,5,1,0.5865384615384616,0.9569444444444445,0.9101941747572816,0.5717015059563948,0.6770747740345111,0.771741452991453,0.5489064872515479,0.7491893767414366,0.6630434782608695,0.6224489795918368,0.573085410690821
0.12,0.5,1,1,0.48148148148148145,0.9399441340782123,0.8798543689320388,0.4441234191016137,0.6765188834154352,0.7107128077798469,0.46535385836756743,0.6727300306852712,0.5473684210526316,0.5123152709359606,0.4453113371429897
0.12,0.5,2,1,0.5504587155963303,0.9429347826086957,0.8923076923076924,0.5072696864647347,0.69376026272578,0.7466967491025129,0.5210891642552494,0.720448935959994,0.5882352941176471,0.5687203791469194,0.507634447977303
0.12,0.5,3,1,0.6060606060606061,0.9351351351351351,0.8963051251489869,0.5206942064101805,0.6888341543513957,0.7705978705978707,0.5095699602907257,0.7528270496924023,0.5555555555555556,0.5797101449275363,0.5213354548361151
0.12,0.5,4,1,0.5428571428571428,0.9336043360433605,0.8849347568208779,0.4745233367392187,0.6921182266009852,0.7382307394502516,0.4892083071154689,0.7119085491996415,0.5377358490566038,0.5402843601895735,0.4745302998056319
0.12,0.5,5,1,0.5769230769230769,0.9555555555555556,0.9077669902912622,0.5601258709822433,0.6770747740345111,0.7662393162393162,0.5507350577227507,0.7424837043882183,0.6521739130434783,0.6122448979591837,0.5614817548423534
0.13,0.5,1,1,0.49074074074074076,0.9441340782122905,0.8847087378640777,0.4621262093227792,0.6765188834154352,0.7174374094765156,0.45982850478789344,0.6806798490483437,0.5698924731182796,0.527363184079602,0.4638018611969318
0.13,0.5,2,1,0.5596330275229358,0.9429347826086957,0.893491124260355,0.5146343642699411,0.69376026272578,0.7512839050658158,0.5235488938275227,0.726427867821703,0.5922330097087378,0.5754716981132075,0.5149039925979096
0.13,0.5,3,1,0.6060606060606061,0.9405405405405406,0.901072705601907,0.5349006511938552,0.6888341543513957,0.7733005733005733,0.5132809319956123,0.7549997152480059,0.5769230769230769,0.5911330049261084,0.5351107261124861
0.13,0.5,4,1,0.5238095238095238,0.9336043360433605,0.8825622775800712,0.45928978211432714,0.6921182266009852,0.7287069299264421,0.49142889282315283,0.6993074021411323,0.5288461538461539,0.5263157894736842,0.4592966326616149
0.13,0.5,5,1,0.5865384615384616,0.9583333333333334,0.9114077669902912,0.5756532535696145,0.6770747740345111,0.7724358974358975,0.5548789489007209,0.7497328584064854,0.6703296703296703,0.6256410256410256,0.5773039935038901
0.13999999999999999,0.5,1,1,0.5,0.9483240223463687,0.8895631067961165,0.48043237250554316,0.6765188834154352,0.7241620111731844,0.47425834279948803,0.6885942282456224,0.5934065934065934,0.542713567839196,0.4827115778555844
0.13999999999999999,0.5,2,1,0.5688073394495413,0.9442934782608695,0.8958579881656805,0.5254202672861649,0.69376026272578,0.7565504088552055,0.5264277857849033,0.7328854351323394,0.6019417475728155,0.5849056603773585,0.5256955465873246
0.13999999999999999,0.5,3,1,0.6060606060606061,0.9418918918918919,0.902264600715137,0.5385286147406829,0.6888341543513957,0.773976248976249,0.5178271088170969,0.7555419054186014,0.5825242718446602,0.594059405940594,0.5386651125599018
0.13999999999999999,0.5,4,1,0.5238095238095238,0.9322493224932249,0.8813760379596679,0.45605884630274907,0.6921182266009852,0.7280294231513744,0.4924867657304156,0.6987997378984392,0.5238095238095238,0.5238095238095238,0.45605884630274873
0.13999999999999999,0.5,5,1,0.5961538461538461,0.9583333333333334,0.912621359223301,0.5832771409305463,0.6770747740345111,0.7772435897435898,0.5195042741087057,0.7558532281892448,0.6739130434782609,0.6326530612244898,0.5846890665392885
0.14999999999999997,0.5,1,1,0.5,0.9483240223463687,0.8895631067961165,0.48043237250554316,0.6765188834154352,0.7241620111731844,0.4740858163360858,0.6885942282456224,0.5934065934065934,0.542713567839196,0.4827115778555844
0.14999999999999997,0.5,2,1,0.5779816513761468,0.9429347826086957,0.8958579881656805,0.5291882993541853,0.69376026272578,0.7604582169924212,0.5304365042360624,0.7382404776170037,0.6,0.5887850467289719,0.5293095205535268
0.14999999999999997,0.5,3,1,0.6161616161616161,0.9432432432432433,0.9046483909415971,0.549784014381154,0.6888341543513957,0.7797024297024298,0.5211220145597522,0.7623583679545212,0.5922330097087378,0.6039603960396039,0.5499233650432179
0.14999999999999997,0.5,4,1,0.5238095238095238,0.9322493224932249,0.8813760379596679,0.45605884630274907,0.6921182266009852,0.7280294231513744,0.4930147560463747,0.6987997378984392,0.5238095238095238,0.5238095238095238,0.45605884630274873
0.14999999999999997,0.5,5,1,0.6057692307692307,0.9597222222222223,0.9150485436893204,0.5948527759046978,0.6770747740345111,0.7827457264957265,0.5445712987923632,0.7624763552449954,0.6847826086956522,0.6428571428571429,0.5962927223877562
0.15999999999999998,0.5,1,1,0.5,0.9497206703910615,0.8907766990291263,0.48396793587174364,0.6765188834154352,0.7248603351955307,0.4434557771406308,0.6891011066567305,0.6,0.5454545454545454,0.48656621886376544
0.15999999999999998,0.5,2,1,0.5963302752293578,0.9442934782608695,0.8994082840236687,0.5470368992287173,0.69376026272578,0.7703118767451137,0.5376117575337057,0.7504070827148368,0.6132075471698113,0.6046511627906976,0.5471068190311149
0.15999999999999998,0.5,3,1,0.6161616161616161,0.9445945945945946,0.9058402860548271,0.5534919127207073,0.6888341543513957,0.7803781053781054,0.525291474646956,0.7629042744820165,0.5980392156862745,0.6069651741293532,0.5535714960179515
0.15999999999999998,0.5,4,1,0.5238095238095238,0.9363143631436315,0.8849347568208779,0.46583181452956307,0.6921182266009852,0.7300619434765776,0.5001297462241341,0.7003216266075775,0.5392156862745098,0.5314009661835749,0.4658953978404527
0.15999999999999998,0.5,5,1,0.6153846153846154,0.9597222222222223,0.9162621359223301,0.6023611033402338,0.6770747740345111,0.7875534188034188,0.5651130572839457,0.768503930112456,0.6881720430107527,0.649746192893401,0.6035750599455378
0.16999999999999998,0.5,1,1,0.5,0.9511173184357542,0.8919902912621359,0.48753354203935584,0.6765188834154352,0.7255586592178771,0.46436844013487255,0.6896076124999471,0.6067415730337079,0.5482233502538071,0.4904776429351896
0.16999999999999998,0.5,2,1,0.6055045871559633,0.9483695652173914,0.9041420118343195,0.5649119907445666,0.69376026272578,0.7769370761866774,0.5380021424935887,0.7577876497134517,0.6346153846153846,0.6197183098591549,0.5651158404189922
0.16999999999999998,0.5,3,1,0.6262626262626263,0.9459459459459459,0.9082240762812872,0.5647959149303097,0.6888341543513957,0.7861042861042862,0.528977710016469,0.7696821372557586,0.6078431372549019,0.6169154228855721,0.5648771235625357
0.16999999999999998,0.5,4,1,0.5238095238095238,0.9376693766937669,0.8861209964412812,0.4691435768261965,0.6921182266009852,0.7307394502516453,0.5038086732900376,0.7008281884290436,0.5445544554455446,0.5339805825242718,0.4692583834230579
0.16999999999999998,0.5,5,1,0.6153846153846154,0.9611111111111111,0.9174757281553398,0.6064284108788492,0.6770747740345111,0.7882478632478633,0.5667652682718564,0.7690598100622548,0.6956521739130435,0.6530612244897959,0.6078963782362238
0.17999999999999997,0.5,1,1,0.49074074074074076,0.9511173184357542,0.8907766990291263,0.4795643386481028,0.6765188834154352,0.7209290295882474,0.47700601858166874,0.6831925185337652,0.6022727272727273,0.5408163265306123,0.4828040741897284
0.17999999999999997,0.5,2,1,0.5963302752293578,0.9483695652173914,0.9029585798816568,0.5577779763348354,0.69376026272578,0.7723499202233746,0.5402271269185718,0.7520249223564558,0.6310679611650486,0.6132075471698113,0.5580702085555697
0.17999999999999997,0.5,3,1,0.6262626262626263,0.9472972972972973,0.9094159713945172,0.5685849988498123,0.6888341543513957,0.7867799617799618,0.5324676609197148,0.7702317140035804,0.6138613861386139,0.62,0.5686216451958473
0.17999999999999997,0.5,4,1,0.5047619047619047,0.9390243902439024,0.8849347568208779,0.456847936552219,0.6921182266009852,0.7218931475029036,0.506445691953321,0.6884647702224118,0.5408163265306123,0.5221674876847291,0.4571992849125728
0.17999999999999997,0.5,5,1,0.6153846153846154,0.9625,0.9186893203883495,0.6105310683447146,0.6770747740345111,0.7889423076923077,0.5329012194668034,0.7696152885095854,0.7032967032967034,0.6564102564102564,0.6122818236985375
0.18999999999999995,0.5,1,1,0.4722222222222222,0.9539106145251397,0.8907766990291263,0.47052775873886243,0.6765188834154352,0.713066418373681,0.4519263161660081,0.6711615231763715,0.6071428571428571,0.53125,0.47528913567631786
0.18999999999999995,0.5,2,1,0.5596330275229358,0.9483695652173914,0.8982248520710059,0.5286616767632215,0.69376026272578,0.7540012963701636,0.5433095291769721,0.7285183120507123,0.6161616161616161,0.5865384615384616,0.5294574625541776
0.18999999999999995,0.5,3,1,0.6161616161616161,0.95,0.9106078665077473,0.5686493600860986,0.6888341543513957,0.783080808080808,0.5353343096501466,0.7650840054226302,0.6224489795918368,0.6192893401015228,0.5686587651922145
0.18999999999999995,0.5,4,1,0.49523809523809526,0.940379403794038,0.8849347568208779,0.4522417153996103,0.6921182266009852,0.7178087495160665,0.5080553934721816,0.6824307325553964,0.5416666666666666,0.5174129353233831,0.45282691282817
0.18999999999999995,0.5,5,1,0.5769230769230769,0.9666666666666667,0.9174757281553398,0.5923166472642609,0.6770747740345111,0.7717948717948717,0.5369952676304095,0.7467879938056768,0.7142857142857143,0.6382978723404256,0.5966211829602063
0.19999999999999996,0.5,1,1,0.4722222222222222,0.9553072625698324,0.8919902912621359,0.47412804038549783,0.6765188834154352,0.7137647423960274,0.48370899957077823,0.671652676936342,0.6144578313253012,0.5340314136125655,0.47938706345437254
0.19999999999999996,0.5,2,1,0.5596330275229358,0.9483695652173914,0.8982248520710059,0.5286616767632215,0.69376026272578,0.7540012963701636,0.547686854950644,0.7285183120507123,0.6161616161616161,0.5865384615384616,0.5294574625541776
0.19999999999999996,0.5,3,1,0.6161616161616161,0.95,0.9106078665077473,0.5686493600860986,0.6888341543513957,0.783080808080808,0.5371710357566191,0.7650840054226302,0.6224489795918368,0.6192893401015228,0.5686587651922145
0.19999999999999996,0.5,4,1,0.47619047619047616,0.943089430894309,0.8849347568208779,0.4427908498068158,0.6921182266009852,0.7096399535423925,0.5122647602812921,0.6701419291372285,0.5434782608695652,0.5076142131979695,0.44403070074316303
0.19999999999999996,0.5,5,1,0.5480769230769231,0.9680555555555556,0.9150485436893204,0.5726647700331913,0.6770747740345111,0.7580662393162394,0.5807856988624653,0.7284016132988794,0.7125,0.6195652173913043,0.578912124494058
0.20999999999999996,0.5,1,1,0.4722222222222222,0.9567039106145251,0.8932038834951457,0.47775985250057634,0.6765188834154352,0.7144630664183736,0.49041384751668066,0.6721434717968191,0.6219512195121951,0.5368421052631579,0.4835507007788059
0.20999999999999996,0.5,2,1,0.5596330275229358,0.9497282608695652,0.8994082840236687,0.532240102636909,0.69376026272578,0.7546806441962505,0.5488619524715006,0.7290399865264781,0.6224489795918368,0.5893719806763285,0.5332179400356527
0.20999999999999996,0.5,3,1,0.6060606060606061,0.9540540540540541,0.9129916567342073,0.5726406865994486,0.6888341543513957,0.7800573300573301,0.5389912726525801,0.7604042202766751,0.6382978723404256,0.6217616580310881,0.5728861642898043
0.20999999999999996,0.5,4,1,0.47619047619047616,0.9444444444444444,0.8861209964412812,0.4461462653471854,0.6921182266009852,0.7103174603174602,0.5149124941617428,0.670623180135797,0.5494505494505495,0.5102040816326531,0.4476087199106384
0.20999999999999996,0.5,5,1,0.5192307692307693,0.9680555555555556,0.9114077669902912,0.5481641728261522,0.6770747740345111,0.7436431623931624,0.5792815228767934,0.7089740691797062,0.7012987012987013,0.5966850828729282,0.5559829555553397
0.21999999999999995,0.5,1,1,0.4537037037037037,0.9594972067039106,0.8932038834951457,0.46844944874501554,0.6765188834154352,0.7066004552038072,0.45301918688195747,0.6597934800942811,0.6282051282051282,0.5268817204301075,0.4763354934560088
0.21999999999999995,0.5,2,1,0.5321100917431193,0.9524456521739131,0.8982248520710059,0.5168732049781937,0.69376026272578,0.7422778719585161,0.5507717812859353,0.711903043509856,0.6236559139784946,0.5742574257425742,0.5189738887280555
0.21999999999999995,0.5,3,1,0.5959595959595959,0.9540540540540541,0.9117997616209773,0.5648401250403015,0.6888341543513957,0.7750068250068249,0.538703563721244,0.7540408931733534,0.6344086021505376,0.6145833333333334,0.5651920402329403
0.21999999999999995,0.5,4,1,0.47619047619047616,0.9444444444444444,0.8861209964412812,0.4461462653471854,0.6921182266009852,0.7103174603174602,0.5135698835731732,0.670623180135797,0.5494505494505495,0.5102040816326531,0.4476087199106384
0.21999999999999995,0.5,5,1,0.5,0.9680555555555556,0.9089805825242718,0.531449020440347,0.6770747740345111,0.7340277777777777,0.5809144776459982,0.6957210488247267,0.6933333333333334,0.5810055865921788,0.5403918390960929
0.22999999999999995,0.5,1,1,0.4537037037037037,0.9608938547486033,0.8944174757281553,0.4721371347785108,0.6765188834154352,0.7072987792261536,0.48042591487017827,0.6602735045157954,0.6363636363636364,0.5297297297297298,0.4807169832916424
0.22999999999999995,0.5,2,1,0.5137614678899083,0.9565217391304348,0.8994082840236687,0.5123267767057531,0.69376026272578,0.7351416035101715,0.5498314933232528,0.7010164140476741,0.6363636363636364,0.5685279187817259,0.5160863249389507
0.22999999999999995,0.5,3,1,0.5959595959595959,0.9554054054054054,0.9129916567342073,0.5687833109207012,0.6888341543513957,0.7756825006825007,0.539805848547837,0.7545747275008747,0.6413043478260869,0.6178010471204188,0.5692701839083693
0.22999999999999995,0.5,4,1,0.47619047619047616,0.94579945799458,0.8873072360616845,0.44953087947211073,0.6921182266009852,0.7109949670925281,0.5157661894441002,0.6711040860277437,0.5555555555555556,0.5128205128205128,0.4512385337822418
0.22999999999999995,0.5,5,1,0.5,0.9708333333333333,0.9114077669902912,0.5396436661972692,0.6770747740345111,0.7354166666666666,0.5752555922071976,0.6967184988692827,0.7123287671232876,0.5875706214689266,0.5502609847863751
0.23999999999999994,0.5,1,1,0.4444444444444444,0.9608938547486033,0.8932038834951457,0.46366863905325467,0.6765188834154352,0.7026691495965238,0.45224329175517364,0.6535012895502378,0.631578947368421,0.5217391304347826,0.47274662242844306
0.23999999999999994,0.5,2,1,0.5045871559633027,0.9578804347826086,0.8994082840236687,0.5081389058187871,0.69376026272578,0.7312337953729557,0.5544791207801464,0.695222384809241,0.6395348837209303,0.5641025641025641,0.5127000334788343
0.23999999999999994,0.5,3,1,0.5757575757575758,0.9554054054054054,0.9106078665077473,0.5529339045548518,0.6888341543513957,0.7655814905814906,0.5396059258833648,0.7416750636780909,0.6333333333333333,0.6031746031746031,0.5537313259496952
0.23999999999999994,0.5,4,1,0.47619047619047616,0.9512195121951219,0.8920521945432978,0.46336907934775784,0.6921182266009852,0.7137049941927991,0.5162377111813221,0.6730242733169938,0.5813953488372093,0.5235602094240838,0.46630527921856
0.23999999999999994,0.5,5,1,0.5,0.9722222222222222,0.912621359223301,0.5437992125984255,0.6770747740345111,0.7361111111111112,0.5787302574533295,0.6972166887783963,0.7222222222222222,0.5909090909090909,0.5553338801238845
0.24999999999999992,0.5,1,1,0.4444444444444444,0.9636871508379888,0.8956310679611651,0.4711010269882973,0.6765188834154352,0.7040657976412166,0.47647013892444,0.654450456774567,0.6486486486486487,0.5274725274725275,0.48175043344886864
0.24999999999999992,0.5,2,1,0.5045871559633027,0.9578804347826086,0.8994082840236687,0.5081389058187871,0.69376026272578,0.7312337953729557,0.5517365629636163,0.695222384809241,0.6395348837209303,0.5641025641025641,0.5127000334788343
0.24999999999999992,0.5,3,1,0.5757575757575758,0.9594594594594594,0.9141835518474374,0.5648716397268561,0.6888341543513957,0.7676085176085177,0.5396160770793568,0.7432469659649156,0.6551724137931034,0.6129032258064516,0.5663629543584549
0.24999999999999992,0.5,4,1,0.4666666666666667,0.9525745257452575,0.8920521945432978,0.4585741811175337,0.6921182266009852,0.7096205962059621,0.5173622746616723,0.6667344139019076,0.5833333333333334,0.5185185185185185,0.46219606851573153
0.24999999999999992,0.5,5,1,0.5,0.9722222222222222,0.912621359223301,0.5437992125984255,0.6770747740345111,0.7361111111111112,0.5775681709975745,0.6972166887783963,0.7222222222222222,0.5909090909090909,0.5553338801238845
0.2599999999999999,0.5,1,1,0.4444444444444444,0.9636871508379888,0.8956310679611651,0.4711010269882973,0.6765188834154352,0.7040657976412166,0.4792310272989969,0.654450456774567,0.6486486486486487,0.5274725274725275,0.48175043344886864
0.2599999999999999,0.5,2,1,0.4954128440366973,0.9578804347826086,0.8982248520710059,0.5002063273727646,0.69376026272578,0.7266466394096529,0.5562638669961877,0.6888731889417385,0.6352941176470588,0.5567010309278351,0.505143974269643
0.2599999999999999,0.5,3,1,0.5555555555555556,0.9594594594594594,0.9117997616209773,0.5486164628560625,0.6888341543513957,0.7575075075075075,0.5405670716402668,0.7300911128297844,0.6470588235294118,0.5978260869565217,0.5506278989571335
0.2599999999999999,0.5,4,1,0.4666666666666667,0.9539295392953929,0.8932384341637011,0.46212088987196387,0.6921182266009852,0.7102981029810298,0.5176198035787336,0.6672084519382605,0.5903614457831325,0.5212765957446809,0.46616787196886883
0.2599999999999999,0.5,5,1,0.49038461538461536,0.9736111111111111,0.912621359223301,0.5394360948950443,0.6770747740345111,0.7319978632478632,0.5760774117357486,0.6909731617482767,0.7285714285714285,0.5862068965517241,0.5526653101840705
0.2699999999999999,0.5,1,1,0.4444444444444444,0.9636871508379888,0.8956310679611651,0.4711010269882973,0.6765188834154352,0.7040657976412166,0.46788020254337337,0.654450456774567,0.6486486486486487,0.5274725274725275,0.48175043344886864
0.2699999999999999,0.5,2,1,0.48623853211009177,0.9592391304347826,0.8982248520710059,0.49585836582353976,0.69376026272578,0.7227388312724372,0.5559490376240032,0.6829487731339515,0.6385542168674698,0.5520833333333334,0.501720165087801
0.2699999999999999,0.5,3,1,0.5656565656565656,0.9608108108108108,0.9141835518474374,0.5608160179140067,0.6888341543513957,0.7632336882336882,0.5395961091196282,0.7372170260438533,0.6588235294117647,0.6086956521739131,0.5628721822125015
0.2699999999999999,0.5,4,1,0.45714285714285713,0.9552845528455285,0.8932384341637011,0.457249549317538,0.6921182266009852,0.7062137049941928,0.5147991203912319,0.6608339503023748,0.5925925925925926,0.5161290322580645,0.4621153090843949
0.2699999999999999,0.5,5,1,0.49038461538461536,0.975,0.9138349514563107,0.5436505460218408,0.6770747740345111,0.7326923076923076,0.5733878968394933,0.6914658342969665,0.7391304347826086,0.5895953757225434,0.5579521032434881
0.2799999999999999,0.5,1,1,0.4444444444444444,0.9636871508379888,0.8956310679611651,0.4711010269882973,0.6765188834154352,0.7040657976412166,0.450088928471614,0.654450456774567,0.6486486486486487,0.5274725274725275,0.48175043344886864
0.2799999999999999,0.5,2,1,0.47706422018348627,0.9619565217391305,0.8994082840236687,0.49513232348082836,0.69376026272578,0.7195103709613083,0.5605631162591611,0.6774326814480515,0.65,0.5502645502645502,0.5026451361065231
0.2799999999999999,0.5,3,1,0.5656565656565656,0.9608108108108108,0.9141835518474374,0.5608160179140067,0.6888341543513957,0.7632336882336882,0.5422918160361769,0.7372170260438533,0.6588235294117647,0.6086956521739131,0.5628721822125015
0.2799999999999999,0.5,4,1,0.45714285714285713,0.9552845528455285,0.8932384341637011,0.457249549317538,0.6921182266009852,0.7062137049941928,0.5175967905250924,0.6608339503023748,0.5925925925925926,0.5161290322580645,0.4621153090843949
0.2799999999999999,0.5,5,1,0.5,0.975,0.9150485436893204,0.5522295367035153,0.6770747740345111,0.7375,0.5734307956812423,0.698212002188447,0.7428571428571429,0.5977011494252874,0.5657725003634303
0.2899999999999999,0.5,1,1,0.4351851851851852,0.9650837988826816,0.8956310679611651,0.4662569293805737,0.6765188834154352,0.7001344920339334,0.4775769079172669,0.6480664871261141,0.6527777777777778,0.5222222222222223,0.4783493182144157
0.2899999999999999,0.5,2,1,0.47706422018348627,0.9619565217391305,0.8994082840236687,0.49513232348082836,0.69376026272578,0.7195103709613083,0.5617738583964681,0.6774326814480515,0.65,0.5502645502645502,0.5026451361065231
0.2899999999999999,0.5,3,1,0.5555555555555556,0.9608108108108108,0.9129916567342073,0.5526313867280228,0.6888341543513957,0.7581831831831831,0.539402076631904,0.7306050805899065,0.6547619047619048,0.6010928961748634,0.5549812170386856
0.2899999999999999,0.5,4,1,0.44761904761904764,0.9579945799457995,0.8944246737841044,0.4558884319996519,0.6921182266009852,0.7028068137824236,0.5166579530919387,0.654840913122835,0.6025641025641025,0.5136612021857924,0.46222917014330417
0.2899999999999999,0.5,5,1,0.5,0.9736111111111111,0.9138349514563107,0.5479943136164162,0.6770747740345111,0.7368055555555555,0.5717148110659521,0.6977145229644827,0.7323943661971831,0.5942857142857143,0.5605032536550363
0.29999999999999993,0.5,1,1,0.4351851851851852,0.9636871508379888,0.8944174757281553,0.4625119961612283,0.6765188834154352,0.699436168011587,0.4764280003642121,0.6475973835632859,0.6438356164383562,0.5193370165745856,0.47371911252572935
0.29999999999999993,0.5,2,1,0.47706422018348627,0.9619565217391305,0.8994082840236687,0.49513232348082836,0.69376026272578,0.7195103709613083,0.5601769689203436,0.6774326814480515,0.65,0.5502645502645502,0.5026451361065231
0.29999999999999993,0.5,3,1,0.5454545454545454,0.9608108108108108,0.9117997616209773,0.5443697528327361,0.6888341543513957,0.7531326781326781,0.5352921334634883,0.7239327483120404,0.6506024096385542,0.5934065934065934,0.5470307286322399
0.29999999999999993,0.5,4,1,0.44761904761904764,0.9579945799457995,0.8944246737841044,0.4558884319996519,0.6921182266009852,0.7028068137824236,0.5149705612321355,0.654840913122835,0.6025641025641025,0.5136612021857924,0.46222917014330417
0.29999999999999993,0.5,5,1,0.5,0.9736111111111111,0.9138349514563107,0.5479943136164162,0.6770747740345111,0.7368055555555555,0.5661176589464225,0.6977145229644827,0.7323943661971831,0.5942857142857143,0.5605032536550363
0.30999999999999994,0.5,1,1,0.4351851851851852,0.9636871508379888,0.8944174757281553,0.4625119961612283,0.6765188834154352,0.699436168011587,0.47983485789658376,0.6475973835632859,0.6438356164383562,0.5193370165745856,0.47371911252572935
0.30999999999999994,0.5,2,1,0.47706422018348627,0.9619565217391305,0.8994082840236687,0.49513232348082836,0.69376026272578,0.7195103709613083,0.557425010517188,0.6774326814480515,0.65,0.5502645502645502,0.5026451361065231
0.30999999999999994,0.5,3,1,0.5454545454545454,0.9608108108108108,0.9117997616209773,0.5443697528327361,0.6888341543513957,0.7531326781326781,0.5393548651824109,0.7239327483120404,0.6506024096385542,0.5934065934065934,0.5470307286322399
0.30999999999999994,0.5,4,1,0.41904761904761906,0.9579945799457995,0.8908659549228944,0.4296933598058682,0.6921182266009852,0.6885210994967093,0.5158588914690265,0.6335971494465638,0.5866666666666667,0.4888888888888889,0.4373222243569441
0.30999999999999994,0.5,5,1,0.5,0.975,0.9150485436893204,0.5522295367035153,0.6770747740345111,0.7375,0.5304975291493271,0.698212002188447,0.7428571428571429,0.5977011494252874,0.5657725003634303
0.3199999999999999,0.5,1,1,0.4351851851851852,0.9636871508379888,0.8944174757281553,0.4625119961612283,0.6765188834154352,0.699436168011587,0.47326216547925387,0.6475973835632859,0.6438356164383562,0.5193370165745856,0.47371911252572935
0.3199999999999999,0.5,2,1,0.46788990825688076,0.9633152173913043,0.8994082840236687,0.49064257398359024,0.69376026272578,0.7156025628240925,0.559860722252261,0.6713609079233572,0.6538461538461539,0.5454545454545454,0.49933394127447045
0.3199999999999999,0.5,3,1,0.5555555555555556,0.9608108108108108,0.9129916567342073,0.5526313867280228,0.6888341543513957,0.7581831831831831,0.5388973777304045,0.7306050805899065,0.6547619047619048,0.6010928961748634,0.5549812170386856
0.3199999999999999,0.5,4,1,0.41904761904761906,0.9566395663956639,0.8896797153024911,0.42616543334577645,0.6921182266009852,0.6878435927216415,0.511991737978309,0.6331489023798822,0.5789473684210527,0.4861878453038674,0.43315639842305675
0.3199999999999999,0.5,5,1,0.47115384615384615,0.975,0.9114077669902912,0.5262428328397705,0.6770747740345111,0.7230769230769231,0.566409438827693,0.677772085586298,0.7313432835820896,0.5730994152046783,0.5421035084653204
0.32999999999999985,0.5,1,1,0.4351851851851852,0.9636871508379888,0.8944174757281553,0.4625119961612283,0.6765188834154352,0.699436168011587,0.47789514733520144,0.6475973835632859,0.6438356164383562,0.5193370165745856,0.47371911252572935
0.32999999999999985,0.5,2,1,0.46788990825688076,0.9633152173913043,0.8994082840236687,0.49064257398359024,0.69376026272578,0.7156025628240925,0.5595826335800883,0.6713609079233572,0.6538461538461539,0.5454545454545454,0.49933394127447045
0.32999999999999985,0.5,3,1,0.5555555555555556,0.9621621621621622,0.9141835518474374,0.5566840838372569,0.6888341543513957,0.7588588588588588,0.537658322806679,0.7311186870368822,0.6626506024096386,0.6043956043956044,0.5594052542684784
0.32999999999999985,0.5,4,1,0.41904761904761906,0.9566395663956639,0.8896797153024911,0.42616543334577645,0.6921182266009852,0.6878435927216415,0.5093282831816125,0.6331489023798822,0.5789473684210527,0.4861878453038674,0.43315639842305675
0.32999999999999985,0.5,5,1,0.46153846153846156,0.975,0.9101941747572816,0.5174116753197419,0.6770747740345111,0.7182692307692308,0.5693776571294654,0.6708203932499369,0.7272727272727273,0.5647058823529412,0.5340708332128304
0.33999999999999986,0.5,1,1,0.42592592592592593,0.9636871508379888,0.8932038834951457,0.45384429983128477,0.6765188834154352,0.6948065383819574,0.46013397127425726,0.6406710091955058,0.6388888888888888,0.5111111111111111,0.46561476670857826
0.33999999999999986,0.5,2,1,0.46788990825688076,0.9619565217391305,0.8982248520710059,0.48693147319222235,0.69376026272578,0.7149232149980056,0.5588877798329482,0.6708872846489415,0.6455696202531646,0.5425531914893617,0.4949229009243549
0.33999999999999986,0.5,3,1,0.5454545454545454,0.9621621621621622,0.9129916567342073,0.5484025570883991,0.6888341543513957,0.7538083538083538,0.5322319939761548,0.7244416641909305,0.6585365853658537,0.5966850828729282,0.5514606129164541
0.33999999999999986,0.5,4,1,0.4095238095238095,0.9566395663956639,0.8884934756820878,0.4172953893668654,0.6921182266009852,0.6830816879597368,0.5051891332715883,0.6259126772734017,0.5733333333333334,0.4777777777777778,0.42470413779320026
0.33999999999999986,0.5,5,1,0.46153846153846156,0.975,0.9101941747572816,0.5174116753197419,0.6770747740345111,0.7182692307692308,0.5633291392294693,0.6708203932499369,0.7272727272727273,0.5647058823529412,0.5340708332128304
0.34999999999999987,0.5,1,1,0.4166666666666667,0.9636871508379888,0.8919902912621359,0.44509685230024226,0.6765188834154352,0.6901769087523277,0.46148730643251684,0.6336689300014338,0.6338028169014085,0.5027932960893855,0.457435121090467
0.34999999999999987,0.5,2,1,0.46788990825688076,0.9619565217391305,0.8982248520710059,0.48693147319222235,0.69376026272578,0.7149232149980056,0.558886379068057,0.6708872846489415,0.6455696202531646,0.5425531914893617,0.4949229009243549
0.34999999999999987,0.5,3,1,0.5454545454545454,0.9621621621621622,0.9129916567342073,0.5484025570883991,0.6888341543513957,0.7538083538083538,0.5358486776036578,0.7244416641909305,0.6585365853658537,0.5966850828729282,0.5514606129164541
0.34999999999999987,0.5,4,1,0.4095238095238095,0.959349593495935,0.8908659549228944,0.42433419435289943,0.6921182266009852,0.6844367015098722,0.5072507754571435,0.6267986121503248,0.589041095890411,0.48314606741573035,0.43310518211050386
0.34999999999999987,0.5,5,1,0.4519230769230769,0.975,0.9089805825242718,0.508493987402176,0.6770747740345111,0.7134615384615385,0.561997458696851,0.6637959023675877,0.7230769230769231,0.5562130177514792,0.5259627439353908
0.3599999999999999,0.5,1,1,0.4074074074074074,0.9636871508379888,0.8907766990291263,0.43626854779858953,0.6765188834154352,0.6855472791226981,0.47498126926330997,0.6265886079994881,0.6285714285714286,0.4943820224719101,0.44917779805657704
0.3599999999999999,0.5,2,1,0.46788990825688076,0.9633152173913043,0.8994082840236687,0.49064257398359024,0.69376026272578,0.7156025628240925,0.5571544940014541,0.6713609079233572,0.6538461538461539,0.5454545454545454,0.49933394127447045
0.3599999999999999,0.5,3,1,0.5454545454545454,0.9621621621621622,0.9129916567342073,0.5484025570883991,0.6888341543513957,0.7538083538083538,0.5351566302050288,0.7244416641909305,0.6585365853658537,0.5966850828729282,0.5514606129164541
0.3599999999999999,0.5,4,1,0.4095238095238095,0.959349593495935,0.8908659549228944,0.42433419435289943,0.6921182266009852,0.6844367015098722,0.5066836041898826,0.6267986121503248,0.589041095890411,0.48314606741573035,0.43310518211050386
0.3599999999999999,0.5,5,1,0.4519230769230769,0.975,0.9089805825242718,0.508493987402176,0.6770747740345111,0.7134615384615385,0.5590059991641179,0.6637959023675877,0.7230769230769231,0.5562130177514792,0.5259627439353908
0.3699999999999999,0.5,1,1,0.39814814814814814,0.9636871508379888,0.8895631067961165,0.4273582600195504,0.6765188834154352,0.6809176494930684,0.47452220256657773,0.619427360148315,0.6231884057971014,0.4858757062146893,0.4408403109742414
0.3699999999999999,0.5,2,1,0.45871559633027525,0.9633152173913043,0.8982248520710059,0.48234841577387727,0.69376026272578,0.7110154068607898,0.5604006288648195,0.6647463534309014,0.6493506493506493,0.5376344086021505,0.4915529929751137
0.3699999999999999,0.5,3,1,0.5454545454545454,0.9621621621621622,0.9129916567342073,0.5484025570883991,0.6888341543513957,0.7538083538083538,0.5347422126985514,0.7244416641909305,0.6585365853658537,0.5966850828729282,0.5514606129164541
0.3699999999999999,0.5,4,1,0.4095238095238095,0.959349593495935,0.8908659549228944,0.42433419435289943,0.6921182266009852,0.6844367015098722,0.5067738956963976,0.6267986121503248,0.589041095890411,0.48314606741573035,0.43310518211050386
0.3699999999999999,0.5,5,1,0.4519230769230769,0.975,0.9089805825242718,0.508493987402176,0.6770747740345111,0.7134615384615385,0.5584756742147986,0.6637959023675877,0.7230769230769231,0.5562130177514792,0.5259627439353908
0.3799999999999999,0.5,1,1,0.39814814814814814,0.9636871508379888,0.8895631067961165,0.4273582600195504,0.6765188834154352,0.6809176494930684,0.48199332172263026,0.619427360148315,0.6231884057971014,0.4858757062146893,0.4408403109742414
0.3799999999999999,0.5,2,1,0.45871559633027525,0.9646739130434783,0.8994082840236687,0.4860722539837005,0.69376026272578,0.7116947546868768,0.560107531783887,0.6652149797516583,0.6578947368421053,0.5405405405405406,0.49604637824102815
0.3799999999999999,0.5,3,1,0.5454545454545454,0.9621621621621622,0.9129916567342073,0.5484025570883991,0.6888341543513957,0.7538083538083538,0.5335139786640107,0.7244416641909305,0.6585365853658537,0.5966850828729282,0.5514606129164541
0.3799999999999999,0.5,4,1,0.4095238095238095,0.959349593495935,0.8908659549228944,0.42433419435289943,0.6921182266009852,0.6844367015098722,0.5064559827404279,0.6267986121503248,0.589041095890411,0.48314606741573035,0.43310518211050386
0.3799999999999999,0.5,5,1,0.4519230769230769,0.975,0.9089805825242718,0.508493987402176,0.6770747740345111,0.7134615384615385,0.5575176460504566,0.6637959023675877,0.7230769230769231,0.5562130177514792,0.5259627439353908
0.3899999999999999,0.5,1,1,0.39814814814814814,0.9636871508379888,0.8895631067961165,0.4273582600195504,0.6765188834154352,0.6809176494930684,0.4679313445600529,0.619427360148315,0.6231884057971014,0.4858757062146893,0.4408403109742414
0.3899999999999999,0.5,2,1,0.45871559633027525,0.9646739130434783,0.8994082840236687,0.4860722539837005,0.69376026272578,0.7116947546868768,0.5634809291345436,0.6652149797516583,0.6578947368421053,0.5405405405405406,0.49604637824102815
0.3899999999999999,0.5,3,1,0.5454545454545454,0.9621621621621622,0.9129916567342073,0.5484025570883991,0.6888341543513957,0.7538083538083538,0.5331002792656494,0.7244416641909305,0.6585365853658537,0.5966850828729282,0.5514606129164541
0.3899999999999999,0.5,4,1,0.4095238095238095,0.959349593495935,0.8908659549228944,0.42433419435289943,0.6921182266009852,0.6844367015098722,0.5059254817035973,0.6267986121503248,0.589041095890411,0.48314606741573035,0.43310518211050386
0.3899999999999999,0.5,5,1,0.4519230769230769,0.975,0.9089805825242718,0.508493987402176,0.6770747740345111,0.7134615384615385,0.5559716880717982,0.6637959023675877,0.7230769230769231,0.5562130177514792,0.5259627439353908
0.3999999999999998,0.5,1,1,0.3888888888888889,0.9636871508379888,0.8883495145631068,0.41836484164006904,0.6765188834154352,0.6762880198634389,0.46722679587672855,0.6121823464670347,0.6176470588235294,0.4772727272727273,0.4324200573936065
0.3999999999999998,0.5,2,1,0.45871559633027525,0.9646739130434783,0.8994082840236687,0.4860722539837005,0.69376026272578,0.7116947546868768,0.5602592471031822,0.6652149797516583,0.6578947368421053,0.5405405405405406,0.49604637824102815
0.3999999999999998,0.5,3,1,0.5353535353535354,0.9621621621621622,0.9117997616209773,0.5400423760205061,0.6888341543513957,0.7487578487578488,0.5319878310886679,0.7177025254915265,0.654320987654321,0.5888888888888889,0.5434544296225067
0.3999999999999998,0.5,4,1,0.4095238095238095,0.9579945799457995,0.8896797153024911,0.42079833329639416,0.6921182266009852,0.6837591947348045,0.5046176146687457,0.6263558013482158,0.581081081081081,0.48044692737430167,0.4288672424159858
0.3999999999999998,0.5,5,1,0.4519230769230769,0.975,0.9089805825242718,0.508493987402176,0.6770747740345111,0.7134615384615385,0.5560631544755668,0.6637959023675877,0.7230769230769231,0.5562130177514792,0.5259627439353908
0.4099999999999998,0.5,1,1,0.37962962962962965,0.9636871508379888,0.8871359223300971,0.4092871238283177,0.6765188834154352,0.6716583902338092,0.4701442797513481,0.6048505568745546,0.6119402985074627,0.4685714285714286,0.4239143117129211
0.4099999999999998,0.5,2,1,0.45871559633027525,0.9646739130434783,0.8994082840236687,0.4860722539837005,0.69376026272578,0.7116947546868768,0.5639941016271528,0.6652149797516583,0.6578947368421053,0.5405405405405406,0.49604637824102815
0.4099999999999998,0.5,3,1,0.5353535353535354,0.9621621621621622,0.9117997616209773,0.5400423760205061,0.6888341543513957,0.7487578487578488,0.5315775345092352,0.7177025254915265,0.654320987654321,0.5888888888888889,0.5434544296225067
0.4099999999999998,0.5,4,1,0.4095238095238095,0.9579945799457995,0.8896797153024911,0.42079833329639416,0.6921182266009852,0.6837591947348045,0.5052595835232798,0.6263558013482158,0.581081081081081,0.48044692737430167,0.4288672424159858
0.4099999999999998,0.5,5,1,0.4519230769230769,0.9736111111111111,0.9077669902912622,0.5043687476256808,0.6770747740345111,0.712767094017094,0.5504822094692116,0.6633229447711191,0.7121212121212122,0.5529411764705883,0.5206079610099618
0.4199999999999998,0.5,1,1,0.37962962962962965,0.9636871508379888,0.8871359223300971,0.4092871238283177,0.6765188834154352,0.6716583902338092,0.4757363339640839,0.6048505568745546,0.6119402985074627,0.4685714285714286,0.4239143117129211
0.4199999999999998,0.5,2,1,0.45871559633027525,0.9646739130434783,0.8994082840236687,0.4860722539837005,0.69376026272578,0.7116947546868768,0.563433343842248,0.6652149797516583,0.6578947368421053,0.5405405405405406,0.49604637824102815
0.4199999999999998,0.5,3,1,0.5353535353535354,0.9621621621621622,0.9117997616209773,0.5400423760205061,0.6888341543513957,0.7487578487578488,0.5302794416840861,0.7177025254915265,0.654320987654321,0.5888888888888889,0.5434544296225067
0.4199999999999998,0.5,4,1,0.4095238095238095,0.9579945799457995,0.8896797153024911,0.42079833329639416,0.6921182266009852,0.6837591947348045,0.5032152612030748,0.6263558013482158,0.581081081081081,0.48044692737430167,0.4288672424159858
0.4199999999999998,0.5,5,1,0.4519230769230769,0.9736111111111111,0.9077669902912622,0.5043687476256808,0.6770747740345111,0.712767094017094,0.5532328042718838,0.6633229447711191,0.7121212121212122,0.5529411764705883,0.5206079610099618
0.4299999999999998,0.5,1,1,0.37962962962962965,0.9636871508379888,0.8871359223300971,0.4092871238283177,0.6765188834154352,0.6716583902338092,0.43637587725915006,0.6048505568745546,0.6119402985074627,0.4685714285714286,0.4239143117129211
0.4299999999999998,0.5,2,1,0.45871559633027525,0.9646739130434783,0.8994082840236687,0.4860722539837005,0.69376026272578,0.7116947546868768,0.5602524993068266,0.6652149797516583,0.6578947368421053,0.5405405405405406,0.49604637824102815
0.4299999999999998,0.5,3,1,0.5353535353535354,0.9608108108108108,0.9106078665077473,0.5360300244058895,0.6888341543513957,0.7480821730821731,0.5251300502992322,0.7171983438167326,0.6463414634146342,0.585635359116022,0.5390190873104278
0.4299999999999998,0.5,4,1,0.4,0.9579945799457995,0.8884934756820878,0.4118197203170929,0.6921182266009852,0.6789972899728998,0.5027361369680067,0.6190297504791832,0.5753424657534246,0.47191011235955055,0.42033203389754714
0.4299999999999998,0.5,5,1,0.4519230769230769,0.9736111111111111,0.9077669902912622,0.5043687476256808,0.6770747740345111,0.712767094017094,0.5528747021578262,0.6633229447711191,0.7121212121212122,0.5529411764705883,0.5206079610099618
0.43999999999999984,0.5,1,1,0.37037037037037035,0.9636871508379888,0.8859223300970874,0.4001239157372989,0.6765188834154352,0.6670287606041796,0.4639849152733399,0.5974287965749834,0.6060606060606061,0.45977011494252873,0.4153202172573394
0.43999999999999984,0.5,2,1,0.44954128440366975,0.9646739130434783,0.8982248520710059,0.477682742758571,0.69376026272578,0.707107598723574,0.5629078703402794,0.6585292323809774,0.6533333333333333,0.532608695652174,0.4882049638968089
0.43999999999999984,0.5,3,1,0.5353535353535354,0.9608108108108108,0.9106078665077473,0.5360300244058895,0.6888341543513957,0.7480821730821731,0.532251255385618,0.7171983438167326,0.6463414634146342,0.585635359116022,0.5390190873104278
0.43999999999999984,0.5,4,1,0.4,0.9579945799457995,0.8884934756820878,0.4118197203170929,0.6921182266009852,0.6789972899728998,0.5021239669643214,0.6190297504791832,0.5753424657534246,0.47191011235955055,0.42033203389754714
0.43999999999999984,0.5,5,1,0.4519230769230769,0.9736111111111111,0.9077669902912622,0.5043687476256808,0.6770747740345111,0.712767094017094,0.5542674656046108,0.6633229447711191,0.7121212121212122,0.5529411764705883,0.5206079610099618
0.44999999999999984,0.5,1,1,0.37037037037037035,0.9636871508379888,0.8859223300970874,0.4001239157372989,0.6765188834154352,0.6670287606041796,0.46347185418265163,0.5974287965749834,0.6060606060606061,0.45977011494252873,0.4153202172573394
0.44999999999999984,0.5,2,1,0.44954128440366975,0.9633152173913043,0.8970414201183432,0.47397983643037567,0.69376026272578,0.7064282508974871,0.5630115173123064,0.6580653159920277,0.6447368421052632,0.5297297297297298,0.48370582622979136
0.44999999999999984,0.5,3,1,0.5353535353535354,0.9608108108108108,0.9106078665077473,0.5360300244058895,0.6888341543513957,0.7480821730821731,0.528334300225928,0.7171983438167326,0.6463414634146342,0.585635359116022,0.5390190873104278
0.44999999999999984,0.5,4,1,0.4,0.9579945799457995,0.8884934756820878,0.4118197203170929,0.6921182266009852,0.6789972899728998,0.501742989610929,0.6190297504791832,0.5753424657534246,0.47191011235955055,0.42033203389754714
0.44999999999999984,0.5,5,1,0.4519230769230769,0.9736111111111111,0.9077669902912622,0.5043687476256808,0.6770747740345111,0.712767094017094,0.5473663250391725,0.6633229447711191,0.7121212121212122,0.5529411764705883,0.5206079610099618
0.45999999999999985,0.5,1,1,0.37037037037037035,0.9622905027932961,0.8847087378640777,0.3965836211149482,0.6765188834154352,0.6663304365818332,0.4548672639214607,0.5969957201885479,0.5970149253731343,0.45714285714285713,0.4107568085921042
0.45999999999999985,0.5,2,1,0.44954128440366975,0.9633152173913043,0.8970414201183432,0.47397983643037567,0.69376026272578,0.7064282508974871,0.5634282662205139,0.6580653159920277,0.6447368421052632,0.5297297297297298,0.48370582622979136
0.45999999999999985,0.5,3,1,0.5353535353535354,0.9608108108108108,0.9106078665077473,0.5360300244058895,0.6888341543513957,0.7480821730821731,0.526903991811123,0.7171983438167326,0.6463414634146342,0.585635359116022,0.5390190873104278
0.45999999999999985,0.5,4,1,0.4,0.9579945799457995,0.8884934756820878,0.4118197203170929,0.6921182266009852,0.6789972899728998,0.5033247041493755,0.6190297504791832,0.5753424657534246,0.47191011235955055,0.42033203389754714
0.45999999999999985,0.5,5,1,0.4519230769230769,0.9736111111111111,0.9077669902912622,0.5043687476256808,0.6770747740345111,0.712767094017094,0.5502794797796776,0.6633229447711191,0.7121212121212122,0.5529411764705883,0.5206079610099618
0.46999999999999986,0.5,1,1,0.37037037037037035,0.9622905027932961,0.8847087378640777,0.3965836211149482,0.6765188834154352,0.6663304365818332,0.4344765881408037,0.5969957201885479,0.5970149253731343,0.45714285714285713,0.4107568085921042
0.46999999999999986,0.5,2,1,0.44954128440366975,0.9633152173913043,0.8970414201183432,0.47397983643037567,0.69376026272578,0.7064282508974871,0.562969456826502,0.6580653159920277,0.6447368421052632,0.5297297297297298,0.48370582622979136
0.46999999999999986,0.5,3,1,0.5353535353535354,0.9608108108108108,0.9106078665077473,0.5360300244058895,0.6888341543513957,0.7480821730821731,0.5222948898353338,0.7171983438167326,0.6463414634146342,0.585635359116022,0.5390190873104278
0.46999999999999986,0.5,4,1,0.4,0.9579945799457995,0.8884934756820878,0.4118197203170929,0.6921182266009852,0.6789972899728998,0.5008385920276807,0.6190297504791832,0.5753424657534246,0.47191011235955055,0.42033203389754714
0.46999999999999986,0.5,5,1,0.4519230769230769,0.9736111111111111,0.9077669902912622,0.5043687476256808,0.6770747740345111,0.712767094017094,0.5501458629103537,0.6633229447711191,0.7121212121212122,0.5529411764705883,0.5206079610099618
0.47999999999999976,0.5,1,1,0.3611111111111111,0.9608938547486033,0.8822815533980582,0.3838801184015787,0.6765188834154352,0.6610024829298572,0.45162827590272375,0.5890581020138054,0.582089552238806,0.44571428571428573,0.3975993054712873
0.47999999999999976,0.5,2,1,0.44954128440366975,0.9633152173913043,0.8970414201183432,0.47397983643037567,0.69376026272578,0.7064282508974871,0.560369816174428,0.6580653159920277,0.6447368421052632,0.5297297297297298,0.48370582622979136
0.47999999999999976,0.5,3,1,0.5353535353535354,0.9608108108108108,0.9106078665077473,0.5360300244058895,0.6888341543513957,0.7480821730821731,0.5260488118217738,0.7171983438167326,0.6463414634146342,0.585635359116022,0.5390190873104278
0.47999999999999976,0.5,4,1,0.4,0.9579945799457995,0.8884934756820878,0.4118197203170929,0.6921182266009852,0.6789972899728998,0.5005269879645924,0.6190297504791832,0.5753424657534246,0.47191011235955055,0.42033203389754714
0.47999999999999976,0.5,5,1,0.4519230769230769,0.975,0.9089805825242718,0.508493987402176,0.6770747740345111,0.7134615384615385,0.5111895363629241,0.6637959023675877,0.7230769230769231,0.5562130177514792,0.5259627439353908
0.48999999999999977,0.5,1,1,0.35185185185185186,0.9608938547486033,0.8810679611650486,0.37459727385377967,0.6765188834154352,0.6563728533002275,0.4338260078042626,0.5814570338609384,0.5757575757575758,0.4367816091954023,0.3888240993400238
0.48999999999999977,0.5,2,1,0.45871559633027525,0.9633152173913043,0.8982248520710059,0.48234841577387727,0.69376026272578,0.7110154068607898,0.5604573854079928,0.6647463534309014,0.6493506493506493,0.5376344086021505,0.4915529929751137
0.48999999999999977,0.5,3,1,0.5353535353535354,0.9608108108108108,0.9106078665077473,0.5360300244058895,0.6888341543513957,0.7480821730821731,0.5254470684864184,0.7171983438167326,0.6463414634146342,0.585635359116022,0.5390190873104278
0.48999999999999977,0.5,4,1,0.4,0.9579945799457995,0.8884934756820878,0.4118197203170929,0.6921182266009852,0.6789972899728998,0.5002609994614904,0.6190297504791832,0.5753424657534246,0.47191011235955055,0.42033203389754714
0.48999999999999977,0.5,5,1,0.4519230769230769,0.975,0.9089805825242718,0.508493987402176,0.6770747740345111,0.7134615384615385,0.5488464559171997,0.6637959023675877,0.7230769230769231,0.5562130177514792,0.5259627439353908
0.4999999999999998,0.5,1,1,0.35185185185185186,0.9608938547486033,0.8810679611650486,0.37459727385377967,0.6765188834154352,0.6563728533002275,0.4619491305914958,0.5814570338609384,0.5757575757575758,0.4367816091954023,0.3888240993400238
0.4999999999999998,0.5,2,1,0.45871559633027525,0.9633152173913043,0.8982248520710059,0.48234841577387727,0.69376026272578,0.7110154068607898,0.5627994519341024,0.6647463534309014,0.6493506493506493,0.5376344086021505,0.4915529929751137
0.4999999999999998,0.5,3,1,0.5353535353535354,0.9621621621621622,0.9117997616209773,0.5400423760205061,0.6888341543513957,0.7487578487578488,0.5245437251525781,0.7177025254915265,0.654320987654321,0.5888888888888889,0.5434544296225067
0.4999999999999998,0.5,4,1,0.4,0.9579945799457995,0.8884934756820878,0.4118197203170929,0.6921182266009852,0.6789972899728998,0.4962748254791287,0.6190297504791832,0.5753424657534246,0.47191011235955055,0.42033203389754714
0.4999999999999998,0.5,5,1,0.4519230769230769,0.975,0.9089805825242718,0.508493987402176,0.6770747740345111,0.7134615384615385,0.5483503256909124,0.6637959023675877,0.7230769230769231,0.5562130177514792,0.5259627439353908
0.5099999999999998,0.5,1,1,0.35185185185185186,0.9608938547486033,0.8810679611650486,0.37459727385377967,0.6765188834154352,0.6563728533002275,0.452503619587695,0.5814570338609384,0.5757575757575758,0.4367816091954023,0.3888240993400238
0.5099999999999998,0.5,2,1,0.45871559633027525,0.9633152173913043,0.8982248520710059,0.48234841577387727,0.69376026272578,0.7110154068607898,0.5626158942661208,0.6647463534309014,0.6493506493506493,0.5376344086021505,0.4915529929751137
0.5099999999999998,0.5,3,1,0.5353535353535354,0.9621621621621622,0.9117997616209773,0.5400423760205061,0.6888341543513957,0.7487578487578488,0.5247065750764874,0.7177025254915265,0.654320987654321,0.5888888888888889,0.5434544296225067
0.5099999999999998,0.5,4,1,0.4,0.9579945799457995,0.8884934756820878,0.4118197203170929,0.6921182266009852,0.6789972899728998,0.49905999193632855,0.6190297504791832,0.5753424657534246,0.47191011235955055,0.42033203389754714
0.5099999999999998,0.5,5,1,0.4519230769230769,0.975,0.9089805825242718,0.508493987402176,0.6770747740345111,0.7134615384615385,0.5449209836854371,0.6637959023675877,0.7230769230769231,0.5562130177514792,0.5259627439353908
0.5199999999999998,0.5,1,1,0.35185185185185186,0.9608938547486033,0.8810679611650486,0.37459727385377967,0.6765188834154352,0.6563728533002275,0.466684573426983,0.5814570338609384,0.5757575757575758,0.4367816091954023,0.3888240993400238
0.5199999999999998,0.5,2,1,0.45871559633027525,0.9633152173913043,0.8982248520710059,0.48234841577387727,0.69376026272578,0.7110154068607898,0.559833861223145,0.6647463534309014,0.6493506493506493,0.5376344086021505,0.4915529929751137
0.5199999999999998,0.5,3,1,0.5353535353535354,0.9621621621621622,0.9117997616209773,0.5400423760205061,0.6888341543513957,0.7487578487578488,0.5241532680719312,0.7177025254915265,0.654320987654321,0.5888888888888889,0.5434544296225067
0.5199999999999998,0.5,4,1,0.4,0.9579945799457995,0.8884934756820878,0.4118197203170929,0.6921182266009852,0.6789972899728998,0.49821507880660487,0.6190297504791832,0.5753424657534246,0.47191011235955055,0.42033203389754714
0.5199999999999998,0.5,5,1,0.4519230769230769,0.975,0.9089805825242718,0.508493987402176,0.6770747740345111,0.7134615384615385,0.5315350477122944,0.6637959023675877,0.7230769230769231,0.5562130177514792,0.5259627439353908
0.5299999999999998,0.5,1,1,0.35185185185185186,0.9608938547486033,0.8810679611650486,0.37459727385377967,0.6765188834154352,0.6563728533002275,0.46474782915959867,0.5814570338609384,0.5757575757575758,0.4367816091954023,0.3888240993400238
0.5299999999999998,0.5,2,1,0.44954128440366975,0.9633152173913043,0.8970414201183432,0.47397983643037567,0.69376026272578,0.7064282508974871,0.56246196119602,0.6580653159920277,0.6447368421052632,0.5297297297297298,0.48370582622979136
0.5299999999999998,0.5,3,1,0.5353535353535354,0.9621621621621622,0.9117997616209773,0.5400423760205061,0.6888341543513957,0.7487578487578488,0.5195548355742912,0.7177025254915265,0.654320987654321,0.5888888888888889,0.5434544296225067
0.5299999999999998,0.5,4,1,0.4,0.9579945799457995,0.8884934756820878,0.4118197203170929,0.6921182266009852,0.6789972899728998,0.4979588559256296,0.6190297504791832,0.5753424657534246,0.47191011235955055,0.42033203389754714
0.5299999999999998,0.5,5,1,0.4519230769230769,0.975,0.9089805825242718,0.508493987402176,0.6770747740345111,0.7134615384615385,0.5503110721929149,0.6637959023675877,0.7230769230769231,0.5562130177514792,0.5259627439353908
0.5399999999999998,0.5,1,1,0.35185185185185186,0.9608938547486033,0.8810679611650486,0.37459727385377967,0.6765188834154352,0.6563728533002275,0.4610243823567572,0.5814570338609384,0.5757575757575758,0.4367816091954023,0.3888240993400238
0.5399999999999998,0.5,2,1,0.44954128440366975,0.9633152173913043,0.8970414201183432,0.47397983643037567,0.69376026272578,0.7064282508974871,0.5597138985343916,0.6580653159920277,0.6447368421052632,0.5297297297297298,0.48370582622979136
0.5399999999999998,0.5,3,1,0.5353535353535354,0.9621621621621622,0.9117997616209773,0.5400423760205061,0.6888341543513957,0.7487578487578488,0.5191525222831901,0.7177025254915265,0.654320987654321,0.5888888888888889,0.5434544296225067
0.5399999999999998,0.5,4,1,0.4,0.959349593495935,0.8896797153024911,0.4153298879119406,0.6921182266009852,0.6796747967479675,0.4973490230738151,0.6194673820294124,0.5833333333333334,0.4745762711864407,0.42456730897498823
0.5399999999999998,0.5,5,1,0.4519230769230769,0.975,0.9089805825242718,0.508493987402176,0.6770747740345111,0.7134615384615385,0.5477178404033194,0.6637959023675877,0.7230769230769231,0.5562130177514792,0.5259627439353908
0.5499999999999998,0.5,1,1,0.35185185185185186,0.9608938547486033,0.8810679611650486,0.37459727385377967,0.6765188834154352,0.6563728533002275,0.4686259881422486,0.5814570338609384,0.5757575757575758,0.4367816091954023,0.3888240993400238
0.5499999999999998,0.5,2,1,0.44954128440366975,0.9633152173913043,0.8970414201183432,0.47397983643037567,0.69376026272578,0.7064282508974871,0.56207103429136,0.6580653159920277,0.6447368421052632,0.5297297297297298,0.48370582622979136
0.5499999999999998,0.5,3,1,0.5353535353535354,0.9621621621621622,0.9117997616209773,0.5400423760205061,0.6888341543513957,0.7487578487578488,0.5227229753490111,0.7177025254915265,0.654320987654321,0.5888888888888889,0.5434544296225067
0.5499999999999998,0.5,4,1,0.4,0.959349593495935,0.8896797153024911,0.4153298879119406,0.6921182266009852,0.6796747967479675,0.4968181449116804,0.6194673820294124,0.5833333333333334,0.4745762711864407,0.42456730897498823
0.5499999999999998,0.5,5,1,0.4519230769230769,0.975,0.9089805825242718,0.508493987402176,0.6770747740345111,0.7134615384615385,0.5473972125121546,0.6637959023675877,0.7230769230769231,0.5562130177514792,0.5259627439353908
0.5599999999999997,0.5,1,1,0.35185185185185186,0.9608938547486033,0.8810679611650486,0.37459727385377967,0.6765188834154352,0.6563728533002275,0.4596305915524887,0.5814570338609384,0.5757575757575758,0.4367816091954023,0.3888240993400238
0.5599999999999997,0.5,2,1,0.44954128440366975,0.9633152173913043,0.8970414201183432,0.47397983643037567,0.69376026272578,0.7064282508974871,0.561774885597422,0.6580653159920277,0.6447368421052632,0.5297297297297298,0.48370582622979136
0.5599999999999997,0.5,3,1,0.5353535353535354,0.9621621621621622,0.9117997616209773,0.5400423760205061,0.6888341543513957,0.7487578487578488,0.5226449946217308,0.7177025254915265,0.654320987654321,0.5888888888888889,0.5434544296225067
0.5599999999999997,0.5,4,1,0.3904761904761905,0.959349593495935,0.8884934756820878,0.4062401654453089,0.6921182266009852,0.6749128919860627,0.49619513336562016,0.6120483433546525,0.5774647887323944,0.4659090909090909,0.41594587529229066
0.5599999999999997,0.5,5,1,0.4519230769230769,0.975,0.9089805825242718,0.508493987402176,0.6770747740345111,0.7134615384615385,0.547663348057224,0.6637959023675877,0.7230769230769231,0.5562130177514792,0.5259627439353908
0.5699999999999997,0.5,1,1,0.35185185185185186,0.9608938547486033,0.8810679611650486,0.37459727385377967,0.6765188834154352,0.6563728533002275,0.46071385779213236,0.5814570338609384,0.5757575757575758,0.4367816091954023,0.3888240993400238
0.5699999999999997,0.5,2,1,0.44954128440366975,0.9633152173913043,0.8970414201183432,0.47397983643037567,0.69376026272578,0.7064282508974871,0.5585034928076591,0.6580653159920277,0.6447368421052632,0.5297297297297298,0.48370582622979136
0.5699999999999997,0.5,3,1,0.5252525252525253,0.9621621621621622,0.9106078665077473,0.5316024147505226,0.6888341543513957,0.7437073437073437,0.5221722771355188,0.710899504415431,0.65,0.5810055865921788,0.5353849854497116
0.5699999999999997,0.5,4,1,0.3904761904761905,0.959349593495935,0.8884934756820878,0.4062401654453089,0.6921182266009852,0.6749128919860627,0.4958225442814932,0.6120483433546525,0.5774647887323944,0.4659090909090909,0.41594587529229066
0.5699999999999997,0.5,5,1,0.4519230769230769,0.975,0.9089805825242718,0.508493987402176,0.6770747740345111,0.7134615384615385,0.5461780485673589,0.6637959023675877,0.7230769230769231,0.5562130177514792,0.5259627439353908
0.5799999999999997,0.5,1,1,0.35185185185185186,0.9608938547486033,0.8810679611650486,0.37459727385377967,0.6765188834154352,0.6563728533002275,0.43266099572088246,0.5814570338609384,0.5757575757575758,0.4367816091954023,0.3888240993400238
0.5799999999999997,0.5,2,1,0.44954128440366975,0.9633152173913043,0.8970414201183432,0.47397983643037567,0.69376026272578,0.7064282508974871,0.5609747201100925,0.6580653159920277,0.6447368421052632,0.5297297297297298,0.48370582622979136
0.5799999999999997,0.5,3,1,0.5252525252525253,0.9621621621621622,0.9106078665077473,0.5316024147505226,0.6888341543513957,0.7437073437073437,0.5214016933586503,0.710899504415431,0.65,0.5810055865921788,0.5353849854497116
0.5799999999999997,0.5,4,1,0.3904761904761905,0.959349593495935,0.8884934756820878,0.4062401654453089,0.6921182266009852,0.6749128919860627,0.49541553003441924,0.6120483433546525,0.5774647887323944,0.4659090909090909,0.41594587529229066
0.5799999999999997,0.5,5,1,0.4519230769230769,0.975,0.9089805825242718,0.508493987402176,0.6770747740345111,0.7134615384615385,0.5077635955412655,0.6637959023675877,0.7230769230769231,0.5562130177514792,0.5259627439353908
0.5899999999999997,0.5,1,1,0.35185185185185186,0.9608938547486033,0.8810679611650486,0.37459727385377967,0.6765188834154352,0.6563728533002275,0.45596060697779073,0.5814570338609384,0.5757575757575758,0.4367816091954023,0.3888240993400238
0.5899999999999997,0.5,2,1,0.44036697247706424,0.9633152173913043,0.8958579881656805,0.4655358297994684,0.69376026272578,0.7018410949341842,0.5608811980514111,0.6513157497126058,0.64,0.5217391304347826,0.4757904831717772
0.5899999999999997,0.5,3,1,0.5252525252525253,0.9621621621621622,0.9106078665077473,0.5316024147505226,0.6888341543513957,0.7437073437073437,0.520598801691578,0.710899504415431,0.65,0.5810055865921788,0.5353849854497116
0.5899999999999997,0.5,4,1,0.3904761904761905,0.959349593495935,0.8884934756820878,0.4062401654453089,0.6921182266009852,0.6749128919860627,0.4943480182683156,0.6120483433546525,0.5774647887323944,0.4659090909090909,0.41594587529229066
0.5899999999999997,0.5,5,1,0.4519230769230769,0.975,0.9089805825242718,0.508493987402176,0.6770747740345111,0.7134615384615385,0.5434923670447245,0.6637959023675877,0.7230769230769231,0.5562130177514792,0.5259627439353908
0.5999999999999998,0.5,1,1,0.35185185185185186,0.9608938547486033,0.8810679611650486,0.37459727385377967,0.6765188834154352,0.6563728533002275,0.4602741366017818,0.5814570338609384,0.5757575757575758,0.4367816091954023,0.3888240993400238
0.5999999999999998,0.5,2,1,0.44036697247706424,0.9633152173913043,0.8958579881656805,0.4655358297994684,0.69376026272578,0.7018410949341842,0.5605438942675869,0.6513157497126058,0.64,0.5217391304347826,0.4757904831717772
0.5999999999999998,0.5,3,1,0.5252525252525253,0.9621621621621622,0.9106078665077473,0.5316024147505226,0.6888341543513957,0.7437073437073437,0.5203588060109138,0.710899504415431,0.65,0.5810055865921788,0.5353849854497116
0.5999999999999998,0.5,4,1,0.3904761904761905,0.959349593495935,0.8884934756820878,0.4062401654453089,0.6921182266009852,0.6749128919860627,0.4938786052887876,0.6120483433546525,0.5774647887323944,0.4659090909090909,0.41594587529229066
0.5999999999999998,0.5,5,1,0.4519230769230769,0.975,0.9089805825242718,0.508493987402176,0.6770747740345111,0.7134615384615385,0.5454557328486909,0.6637959023675877,0.7230769230769231,0.5562130177514792,0.5259627439353908
0.6099999999999998,0.5,1,1,0.35185185185185186,0.9608938547486033,0.8810679611650486,0.37459727385377967,0.6765188834154352,0.6563728533002275,0.4334810340654829,0.5814570338609384,0.5757575757575758,0.4367816091954023,0.3888240993400238
0.6099999999999998,0.5,2,1,0.44036697247706424,0.9633152173913043,0.8958579881656805,0.4655358297994684,0.69376026272578,0.7018410949341842,0.5603180854368381,0.6513157497126058,0.64,0.5217391304347826,0.4757904831717772
0.6099999999999998,0.5,3,1,0.5252525252525253,0.9621621621621622,0.9106078665077473,0.5316024147505226,0.6888341543513957,0.7437073437073437,0.520365411016055,0.710899504415431,0.65,0.5810055865921788,0.5353849854497116
0.6099999999999998,0.5,4,1,0.3904761904761905,0.959349593495935,0.8884934756820878,0.4062401654453089,0.6921182266009852,0.6749128919860627,0.49343663851709496,0.6120483433546525,0.5774647887323944,0.4659090909090909,0.41594587529229066
0.6099999999999998,0.5,5,1,0.4519230769230769,0.975,0.9089805825242718,0.508493987402176,0.6770747740345111,0.7134615384615385,0.5280976486215836,0.6637959023675877,0.7230769230769231,0.5562130177514792,0.5259627439353908
0.6199999999999998,0.5,1,1,0.35185185185185186,0.9608938547486033,0.8810679611650486,0.37459727385377967,0.6765188834154352,0.6563728533002275,0.46101230048759195,0.5814570338609384,0.5757575757575758,0.4367816091954023,0.3888240993400238
0.6199999999999998,0.5,2,1,0.44036697247706424,0.9633152173913043,0.8958579881656805,0.4655358297994684,0.69376026272578,0.7018410949341842,0.5574831834519454,0.6513157497126058,0.64,0.5217391304347826,0.4757904831717772
0.6199999999999998,0.5,3,1,0.5252525252525253,0.9621621621621622,0.9106078665077473,0.5316024147505226,0.6888341543513957,0.7437073437073437,0.516043771271611,0.710899504415431,0.65,0.5810055865921788,0.5353849854497116
0.6199999999999998,0.5,4,1,0.3904761904761905,0.959349593495935,0.8884934756820878,0.4062401654453089,0.6921182266009852,0.6749128919860627,0.4931022117110357,0.6120483433546525,0.5774647887323944,0.4659090909090909,0.41594587529229066
0.6199999999999998,0.5,5,1,0.4519230769230769,0.975,0.9089805825242718,0.508493987402176,0.6770747740345111,0.7134615384615385,0.5445894038956047,0.6637959023675877,0.7230769230769231,0.5562130177514792,0.5259627439353908
0.6299999999999997,0.5,1,1,0.35185185185185186,0.9608938547486033,0.8810679611650486,0.37459727385377967,0.6765188834154352,0.6563728533002275,0.4322667138716555,0.5814570338609384,0.5757575757575758,0.4367816091954023,0.3888240993400238
0.6299999999999997,0.5,2,1,0.44036697247706424,0.9633152173913043,0.8958579881656805,0.4655358297994684,0.69376026272578,0.7018410949341842,0.5600884523267536,0.6513157497126058,0.64,0.5217391304347826,0.4757904831717772
0.6299999999999997,0.5,3,1,0.5252525252525253,0.9621621621621622,0.9106078665077473,0.5316024147505226,0.6888341543513957,0.7437073437073437,0.520144423680734,0.710899504415431,0.65,0.5810055865921788,0.5353849854497116
0.6299999999999997,0.5,4,1,0.3904761904761905,0.959349593495935,0.8884934756820878,0.4062401654453089,0.6921182266009852,0.6749128919860627,0.49284357906334275,0.6120483433546525,0.5774647887323944,0.4659090909090909,0.41594587529229066
0.6299999999999997,0.5,5,1,0.4519230769230769,0.975,0.9089805825242718,0.508493987402176,0.6770747740345111,0.7134615384615385,0.544332496788195,0.6637959023675877,0.7230769230769231,0.5562130177514792,0.5259627439353908
0.6399999999999997,0.5,1,1,0.35185185185185186,0.9608938547486033,0.8810679611650486,0.37459727385377967,0.6765188834154352,0.6563728533002275,0.4321123691722229,0.5814570338609384,0.5757575757575758,0.4367816091954023,0.3888240993400238
0.6399999999999997,0.5,2,1,0.44036697247706424,0.9633152173913043,0.8958579881656805,0.4655358297994684,0.69376026272578,0.7018410949341842,0.5598694475401567,0.6513157497126058,0.64,0.5217391304347826,0.4757904831717772
0.6399999999999997,0.5,3,1,0.5252525252525253,0.9621621621621622,0.9106078665077473,0.5316024147505226,0.6888341543513957,0.7437073437073437,0.5154347408976088,0.710899504415431,0.65,0.5810055865921788,0.5353849854497116
0.6399999999999997,0.5,4,1,0.3904761904761905,0.959349593495935,0.8884934756820878,0.4062401654453089,0.6921182266009852,0.6749128919860627,0.4923979274043873,0.6120483433546525,0.5774647887323944,0.4659090909090909,0.41594587529229066
0.6399999999999997,0.5,5,1,0.4519230769230769,0.975,0.9089805825242718,0.508493987402176,0.6770747740345111,0.7134615384615385,0.5437234909765941,0.6637959023675877,0.7230769230769231,0.5562130177514792,0.5259627439353908
0.6499999999999997,0.5,1,1,0.35185185185185186,0.9608938547486033,0.8810679611650486,0.37459727385377967,0.6765188834154352,0.6563728533002275,0.4475089160297124,0.5814570338609384,0.5757575757575758,0.4367816091954023,0.3888240993400238
0.6499999999999997,0.5,2,1,0.44036697247706424,0.9633152173913043,0.8958579881656805,0.4655358297994684,0.69376026272578,0.7018410949341842,0.559698512920668,0.6513157497126058,0.64,0.5217391304347826,0.4757904831717772
0.6499999999999997,0.5,3,1,0.5252525252525253,0.9621621621621622,0.9106078665077473,0.5316024147505226,0.6888341543513957,0.7437073437073437,0.519343627236774,0.710899504415431,0.65,0.5810055865921788,0.5353849854497116
0.6499999999999997,0.5,4,1,0.3904761904761905,0.959349593495935,0.8884934756820878,0.4062401654453089,0.6921182266009852,0.6749128919860627,0.493936072251772,0.6120483433546525,0.5774647887323944,0.4659090909090909,0.41594587529229066
0.6499999999999997,0.5,5,1,0.4519230769230769,0.975,0.9089805825242718,0.508493987402176,0.6770747740345111,0.7134615384615385,0.5433304575951565,0.6637959023675877,0.7230769230769231,0.5562130177514792,0.5259627439353908
0.6599999999999997,0.5,1,1,0.35185185185185186,0.9608938547486033,0.8810679611650486,0.37459727385377967,0.6765188834154352,0.6563728533002275,0.431916745685737,0.5814570338609384,0.5757575757575758,0.4367816091954023,0.3888240993400238
0.6599999999999997,0.5,2,1,0.44036697247706424,0.9633152173913043,0.8958579881656805,0.4655358297994684,0.69376026272578,0.7018410949341842,0.5611957064477853,0.6513157497126058,0.64,0.5217391304347826,0.4757904831717772
0.6599999999999997,0.5,3,1,0.5252525252525253,0.9621621621621622,0.9106078665077473,0.5316024147505226,0.6888341543513957,0.7437073437073437,0.5191138378797009,0.710899504415431,0.65,0.5810055865921788,0.5353849854497116
0.6599999999999997,0.5,4,1,0.3904761904761905,0.959349593495935,0.8884934756820878,0.4062401654453089,0.6921182266009852,0.6749128919860627,0.4918464858923188,0.6120483433546525,0.5774647887323944,0.4659090909090909,0.41594587529229066
0.6599999999999997,0.5,5,1,0.4519230769230769,0.975,0.9089805825242718,0.508493987402176,0.6770747740345111,0.7134615384615385,0.5045967176769227,0.6637959023675877,0.7230769230769231,0.5562130177514792,0.5259627439353908
0.6699999999999997,0.5,1,1,0.35185185185185186,0.9608938547486033,0.8810679611650486,0.37459727385377967,0.6765188834154352,0.6563728533002275,0.4678006965288577,0.5814570338609384,0.5757575757575758,0.4367816091954023,0.3888240993400238
0.6699999999999997,0.5,2,1,0.44036697247706424,0.9633152173913043,0.8958579881656805,0.4655358297994684,0.69376026272578,0.7018410949341842,0.5595371097753262,0.6513157497126058,0.64,0.5217391304347826,0.4757904831717772
0.6699999999999997,0.5,3,1,0.5252525252525253,0.9621621621621622,0.9106078665077473,0.5316024147505226,0.6888341543513957,0.7437073437073437,0.5215108974780481,0.710899504415431,0.65,0.5810055865921788,0.5353849854497116
0.6699999999999997,0.5,4,1,0.3904761904761905,0.959349593495935,0.8884934756820878,0.4062401654453089,0.6921182266009852,0.6749128919860627,0.49146934736204784,0.6120483433546525,0.5774647887323944,0.4659090909090909,0.41594587529229066
0.6699999999999997,0.5,5,1,0.4519230769230769,0.975,0.9089805825242718,0.508493987402176,0.6770747740345111,0.7134615384615385,0.5043244362981917,0.6637959023675877,0.7230769230769231,0.5562130177514792,0.5259627439353908
0.6799999999999997,0.5,1,1,0.35185185185185186,0.9608938547486033,0.8810679611650486,0.37459727385377967,0.6765188834154352,0.6563728533002275,0.458609958918708,0.5814570338609384,0.5757575757575758,0.4367816091954023,0.3888240993400238
0.6799999999999997,0.5,2,1,0.44036697247706424,0.9633152173913043,0.8958579881656805,0.4655358297994684,0.69376026272578,0.7018410949341842,0.5592864254303553,0.6513157497126058,0.64,0.5217391304347826,0.4757904831717772
0.6799999999999997,0.5,3,1,0.5252525252525253,0.9621621621621622,0.9106078665077473,0.5316024147505226,0.6888341543513957,0.7437073437073437,0.5186064020581495,0.710899504415431,0.65,0.5810055865921788,0.5353849854497116
0.6799999999999997,0.5,4,1,0.3904761904761905,0.959349593495935,0.8884934756820878,0.4062401654453089,0.6921182266009852,0.6749128919860627,0.4914108639982511,0.6120483433546525,0.5774647887323944,0.4659090909090909,0.41594587529229066
0.6799999999999997,0.5,5,1,0.4519230769230769,0.975,0.9089805825242718,0.508493987402176,0.6770747740345111,0.7134615384615385,0.541999167443667,0.6637959023675877,0.7230769230769231,0.5562130177514792,0.5259627439353908
0.6899999999999997,0.5,1,1,0.35185185185185186,0.9608938547486033,0.8810679611650486,0.37459727385377967,0.6765188834154352,0.6563728533002275,0.431358385852184,0.5814570338609384,0.5757575757575758,0.4367816091954023,0.3888240993400238
0.6899999999999997,0.5,2,1,0.44036697247706424,0.9633152173913043,0.8958579881656805,0.4655358297994684,0.69376026272578,0.7018410949341842,0.5606662666665253,0.6513157497126058,0.64,0.5217391304347826,0.4757904831717772
0.6899999999999997,0.5,3,1,0.5252525252525253,0.9621621621621622,0.9106078665077473,0.5316024147505226,0.6888341543513957,0.7437073437073437,0.5212380209701898,0.710899504415431,0.65,0.5810055865921788,0.5353849854497116
0.6899999999999997,0.5,4,1,0.3904761904761905,0.959349593495935,0.8884934756820878,0.4062401654453089,0.6921182266009852,0.6749128919860627,0.4910822893464882,0.6120483433546525,0.5774647887323944,0.4659090909090909,0.41594587529229066
0.6899999999999997,0.5,5,1,0.4519230769230769,0.975,0.9089805825242718,0.508493987402176,0.6770747740345111,0.7134615384615385,0.5418161649296782,0.6637959023675877,0.7230769230769231,0.5562130177514792,0.5259627439353908
0.6999999999999996,0.5,1,1,0.35185185185185186,0.9608938547486033,0.8810679611650486,0.37459727385377967,0.6765188834154352,0.6563728533002275,0.4320041228604018,0.5814570338609384,0.5757575757575758,0.4367816091954023,0.3888240993400238
0.6999999999999996,0.5,2,1,0.44036697247706424,0.9633152173913043,0.8958579881656805,0.4655358297994684,0.69376026272578,0.7018410949341842,0.5592219716866008,0.6513157497126058,0.64,0.5217391304347826,0.4757904831717772
0.6999999999999996,0.5,3,1,0.5252525252525253,0.9621621621621622,0.9106078665077473,0.5316024147505226,0.6888341543513957,0.7437073437073437,0.5184840770515787,0.710899504415431,0.65,0.5810055865921788,0.5353849854497116
0.6999999999999996,0.5,4,1,0.3904761904761905,0.959349593495935,0.8884934756820878,0.4062401654453089,0.6921182266009852,0.6749128919860627,0.4876028361293774,0.6120483433546525,0.5774647887323944,0.4659090909090909,0.41594587529229066
0.6999999999999996,0.5,5,1,0.4519230769230769,0.975,0.9089805825242718,0.508493987402176,0.6770747740345111,0.7134615384615385,0.5377588764605923,0.6637959023675877,0.7230769230769231,0.5562130177514792,0.5259627439353908
0.7099999999999996,0.5,1,1,0.35185185185185186,0.9608938547486033,0.8810679611650486,0.37459727385377967,0.6765188834154352,0.6563728533002275,0.46304347163631426,0.5814570338609384,0.5757575757575758,0.4367816091954023,0.3888240993400238
0.7099999999999996,0.5,2,1,0.44036697247706424,0.9633152173913043,0.8958579881656805,0.4655358297994684,0.69376026272578,0.7018410949341842,0.5591163266091329,0.6513157497126058,0.64,0.5217391304347826,0.4757904831717772
0.7099999999999996,0.5,3,1,0.5252525252525253,0.9621621621621622,0.9106078665077473,0.5316024147505226,0.6888341543513957,0.7437073437073437,0.5213001784380068,0.710899504415431,0.65,0.5810055865921788,0.5353849854497116
0.7099999999999996,0.5,4,1,0.3904761904761905,0.959349593495935,0.8884934756820878,0.4062401654453089,0.6921182266009852,0.6749128919860627,0.49246266062971894,0.6120483433546525,0.5774647887323944,0.4659090909090909,0.41594587529229066
0.7099999999999996,0.5,5,1,0.4519230769230769,0.975,0.9089805825242718,0.508493987402176,0.6770747740345111,0.7134615384615385,0.5384522469752692,0.6637959023675877,0.7230769230769231,0.5562130177514792,0.5259627439353908
0.7199999999999996,0.5,1,1,0.35185185185185186,0.9608938547486033,0.8810679611650486,0.37459727385377967,0.6765188834154352,0.6563728533002275,0.46180583798639124,0.5814570338609384,0.5757575757575758,0.4367816091954023,0.3888240993400238
0.7199999999999996,0.5,2,1,0.44036697247706424,0.9633152173913043,0.8958579881656805,0.4655358297994684,0.69376026272578,0.7018410949341842,0.5560834212376272,0.6513157497126058,0.64,0.5217391304347826,0.4757904831717772
0.7199999999999996,0.5,3,1,0.5252525252525253,0.9621621621621622,0.9106078665077473,0.5316024147505226,0.6888341543513957,0.7437073437073437,0.5180724908860678,0.710899504415431,0.65,0.5810055865921788,0.5353849854497116
0.7199999999999996,0.5,4,1,0.3904761904761905,0.959349593495935,0.8884934756820878,0.4062401654453089,0.6921182266009852,0.6749128919860627,0.4868920278281673,0.6120483433546525,0.5774647887323944,0.4659090909090909,0.41594587529229066
0.7199999999999996,0.5,5,1,0.4519230769230769,0.975,0.9089805825242718,0.508493987402176,0.6770747740345111,0.7134615384615385,0.5373157543462025,0.6637959023675877,0.7230769230769231,0.5562130177514792,0.5259627439353908
0.7299999999999996,0.5,1,1,0.35185185185185186,0.9608938547486033,0.8810679611650486,0.37459727385377967,0.6765188834154352,0.6563728533002275,0.45769477142254517,0.5814570338609384,0.5757575757575758,0.4367816091954023,0.3888240993400238
0.7299999999999996,0.5,2,1,0.44036697247706424,0.9633152173913043,0.8958579881656805,0.4655358297994684,0.69376026272578,0.7018410949341842,0.5586504176991718,0.6513157497126058,0.64,0.5217391304347826,0.4757904831717772
0.7299999999999996,0.5,3,1,0.5252525252525253,0.9621621621621622,0.9106078665077473,0.5316024147505226,0.6888341543513957,0.7437073437073437,0.5210583495797683,0.710899504415431,0.65,0.5810055865921788,0.5353849854497116
0.7299999999999996,0.5,4,1,0.3904761904761905,0.959349593495935,0.8884934756820878,0.4062401654453089,0.6921182266009852,0.6749128919860627,0.48983024229891137,0.6120483433546525,0.5774647887323944,0.4659090909090909,0.41594587529229066
0.7299999999999996,0.5,5,1,0.4519230769230769,0.975,0.9089805825242718,0.508493987402176,0.6770747740345111,0.7134615384615385,0.5432625034544385,0.6637959023675877,0.7230769230769231,0.5562130177514792,0.5259627439353908
0.7399999999999997,0.5,1,1,0.35185185185185186,0.9608938547486033,0.8810679611650486,0.37459727385377967,0.6765188834154352,0.6563728533002275,0.45351766494187035,0.5814570338609384,0.5757575757575758,0.4367816091954023,0.3888240993400238
0.7399999999999997,0.5,2,1,0.43119266055045874,0.9633152173913043,0.8946745562130177,0.45701537150819826,0.69376026272578,0.6972539389708815,0.5559232266994794,0.6444955015635874,0.6351351351351351,0.5136612021857924,0.46780492243542315
0.7399999999999997,0.5,3,1,0.5252525252525253,0.9621621621621622,0.9106078665077473,0.5316024147505226,0.6888341543513957,0.7437073437073437,0.5178313042081302,0.710899504415431,0.65,0.5810055865921788,0.5353849854497116
0.7399999999999997,0.5,4,1,0.3904761904761905,0.959349593495935,0.8884934756820878,0.4062401654453089,0.6921182266009852,0.6749128919860627,0.48950599810383677,0.6120483433546525,0.5774647887323944,0.4659090909090909,0.41594587529229066
0.7399999999999997,0.5,5,1,0.4519230769230769,0.975,0.9089805825242718,0.508493987402176,0.6770747740345111,0.7134615384615385,0.5369720615183418,0.6637959023675877,0.7230769230769231,0.5562130177514792,0.5259627439353908
0.7499999999999997,0.5,1,1,0.35185185185185186,0.9608938547486033,0.8810679611650486,0.37459727385377967,0.6765188834154352,0.6563728533002275,0.46460576781061463,0.5814570338609384,0.5757575757575758,0.4367816091954023,0.3888240993400238
0.7499999999999997,0.5,2,1,0.43119266055045874,0.9633152173913043,0.8946745562130177,0.45701537150819826,0.69376026272578,0.6972539389708815,0.5585657434729561,0.6444955015635874,0.6351351351351351,0.5136612021857924,0.46780492243542315
0.7499999999999997,0.5,3,1,0.5252525252525253,0.9621621621621622,0.9106078665077473,0.5316024147505226,0.6888341543513957,0.7437073437073437,0.5177802121273851,0.710899504415431,0.65,0.5810055865921788,0.5353849854497116
0.7499999999999997,0.5,4,1,0.3904761904761905,0.959349593495935,0.8884934756820878,0.4062401654453089,0.6921182266009852,0.6749128919860627,0.489360289310556,0.6120483433546525,0.5774647887323944,0.4659090909090909,0.41594587529229066
0.7499999999999997,0.5,5,1,0.4519230769230769,0.975,0.9089805825242718,0.508493987402176,0.6770747740345111,0.7134615384615385,0.5405607269891771,0.6637959023675877,0.7230769230769231,0.5562130177514792,0.5259627439353908
0.7599999999999997,0.5,1,1,0.35185185185185186,0.9608938547486033,0.8810679611650486,0.37459727385377967,0.6765188834154352,0.6563728533002275,0.42961762351128974,0.5814570338609384,0.5757575757575758,0.4367816091954023,0.3888240993400238
0.7599999999999997,0.5,2,1,0.43119266055045874,0.9633152173913043,0.8946745562130177,0.45701537150819826,0.69376026272578,0.6972539389708815,0.5585471631313623,0.6444955015635874,0.6351351351351351,0.5136612021857924,0.46780492243542315
0.7599999999999997,0.5,3,1,0.5252525252525253,0.9621621621621622,0.9106078665077473,0.5316024147505226,0.6888341543513957,0.7437073437073437,0.5173925405908403,0.710899504415431,0.65,0.5810055865921788,0.5353849854497116
0.7599999999999997,0.5,4,1,0.3904761904761905,0.959349593495935,0.8884934756820878,0.4062401654453089,0.6921182266009852,0.6749128919860627,0.4860809343729413,0.6120483433546525,0.5774647887323944,0.4659090909090909,0.41594587529229066
0.7599999999999997,0.5,5,1,0.4519230769230769,0.975,0.9089805825242718,0.508493987402176,0.6770747740345111,0.7134615384615385,0.5322124122018691,0.6637959023675877,0.7230769230769231,0.5562130177514792,0.5259627439353908
0.7699999999999997,0.5,1,1,0.35185185185185186,0.9608938547486033,0.8810679611650486,0.37459727385377967,0.6765188834154352,0.6563728533002275,0.4291148787364449,0.5814570338609384,0.5757575757575758,0.4367816091954023,0.3888240993400238
0.7699999999999997,0.5,2,1,0.43119266055045874,0.9633152173913043,0.8946745562130177,0.45701537150819826,0.69376026272578,0.6972539389708815,0.5558655343114021,0.6444955015635874,0.6351351351351351,0.5136612021857924,0.46780492243542315
0.7699999999999997,0.5,3,1,0.5252525252525253,0.9621621621621622,0.9106078665077473,0.5316024147505226,0.6888341543513957,0.7437073437073437,0.5171440197157083,0.710899504415431,0.65,0.5810055865921788,0.5353849854497116
0.7699999999999997,0.5,4,1,0.3904761904761905,0.959349593495935,0.8884934756820878,0.4062401654453089,0.6921182266009852,0.6749128919860627,0.48604392947867003,0.6120483433546525,0.5774647887323944,0.4659090909090909,0.41594587529229066
0.7699999999999997,0.5,5,1,0.4519230769230769,0.975,0.9089805825242718,0.508493987402176,0.6770747740345111,0.7134615384615385,0.539940587713754,0.6637959023675877,0.7230769230769231,0.5562130177514792,0.5259627439353908
0.7799999999999997,0.5,1,1,0.35185185185185186,0.9608938547486033,0.8810679611650486,0.37459727385377967,0.6765188834154352,0.6563728533002275,0.46526725211177106,0.5814570338609384,0.5757575757575758,0.4367816091954023,0.3888240993400238
0.7799999999999997,0.5,2,1,0.43119266055045874,0.9633152173913043,0.8946745562130177,0.45701537150819826,0.69376026272578,0.6972539389708815,0.5585412930707975,0.6444955015635874,0.6351351351351351,0.5136612021857924,0.46780492243542315
0.7799999999999997,0.5,3,1,0.5252525252525253,0.9621621621621622,0.9106078665077473,0.5316024147505226,0.6888341543513957,0.7437073437073437,0.5171043724823368,0.710899504415431,0.65,0.5810055865921788,0.5353849854497116
0.7799999999999997,0.5,4,1,0.3904761904761905,0.959349593495935,0.8884934756820878,0.4062401654453089,0.6921182266009852,0.6749128919860627,0.4890916763925292,0.6120483433546525,0.5774647887323944,0.4659090909090909,0.41594587529229066
0.7799999999999997,0.5,5,1,0.4519230769230769,0.975,0.9089805825242718,0.508493987402176,0.6770747740345111,0.7134615384615385,0.5398896431661055,0.6637959023675877,0.7230769230769231,0.5562130177514792,0.5259627439353908
0.7899999999999996,0.5,1,1,0.35185185185185186,0.9608938547486033,0.8810679611650486,0.37459727385377967,0.6765188834154352,0.6563728533002275,0.46460779013114983,0.5814570338609384,0.5757575757575758,0.4367816091954023,0.3888240993400238
0.7899999999999996,0.5,2,1,0.43119266055045874,0.9633152173913043,0.8946745562130177,0.45701537150819826,0.69376026272578,0.6972539389708815,0.5585568389309066,0.6444955015635874,0.6351351351351351,0.5136612021857924,0.46780492243542315
0.7899999999999996,0.5,3,1,0.5252525252525253,0.9621621621621622,0.9106078665077473,0.5316024147505226,0.6888341543513957,0.7437073437073437,0.516870920058203,0.710899504415431,0.65,0.5810055865921788,0.5353849854497116
0.7899999999999996,0.5,4,1,0.3904761904761905,0.959349593495935,0.8884934756820878,0.4062401654453089,0.6921182266009852,0.6749128919860627,0.48885707529262046,0.6120483433546525,0.5774647887323944,0.4659090909090909,0.41594587529229066
0.7899999999999996,0.5,5,1,0.4519230769230769,0.975,0.9089805825242718,0.508493987402176,0.6770747740345111,0.7134615384615385,0.5395510745610279,0.6637959023675877,0.7230769230769231,0.5562130177514792,0.5259627439353908
0.7999999999999996,0.5,1,1,0.35185185185185186,0.9608938547486033,0.8810679611650486,0.37459727385377967,0.6765188834154352,0.6563728533002275,0.4600738073967368,0.5814570338609384,0.5757575757575758,0.4367816091954023,0.3888240993400238
0.7999999999999996,0.5,2,1,0.43119266055045874,0.9633152173913043,0.8946745562130177,0.45701537150819826,0.69376026272578,0.6972539389708815,0.5584072874405739,0.6444955015635874,0.6351351351351351,0.5136612021857924,0.46780492243542315
0.7999999999999996,0.5,3,1,0.5252525252525253,0.9621621621621622,0.9106078665077473,0.5316024147505226,0.6888341543513957,0.7437073437073437,0.5167783517537268,0.710899504415431,0.65,0.5810055865921788,0.5353849854497116
0.7999999999999996,0.5,4,1,0.3904761904761905,0.959349593495935,0.8884934756820878,0.4062401654453089,0.6921182266009852,0.6749128919860627,0.4853359995065884,0.6120483433546525,0.5774647887323944,0.4659090909090909,0.41594587529229066
0.7999999999999996,0.5,5,1,0.4519230769230769,0.975,0.9089805825242718,0.508493987402176,0.6770747740345111,0.7134615384615385,0.5020400886046283,0.6637959023675877,0.7230769230769231,0.5562130177514792,0.5259627439353908
0.8099999999999996,0.5,1,1,0.35185185185185186,0.9608938547486033,0.8810679611650486,0.37459727385377967,0.6765188834154352,0.6563728533002275,0.4462755069732109,0.5814570338609384,0.5757575757575758,0.4367816091954023,0.3888240993400238
0.8099999999999996,0.5,2,1,0.43119266055045874,0.9633152173913043,0.8946745562130177,0.45701537150819826,0.69376026272578,0.6972539389708815,0.5600173410546962,0.6444955015635874,0.6351351351351351,0.5136612021857924,0.46780492243542315
0.8099999999999996,0.5,3,1,0.5252525252525253,0.9621621621621622,0.9106078665077473,0.5316024147505226,0.6888341543513957,0.7437073437073437,0.516427132234137,0.710899504415431,0.65,0.5810055865921788,0.5353849854497116
0.8099999999999996,0.5,4,1,0.3904761904761905,0.959349593495935,0.8884934756820878,0.4062401654453089,0.6921182266009852,0.6749128919860627,0.48869701992062264,0.6120483433546525,0.5774647887323944,0.4659090909090909,0.41594587529229066
0.8099999999999996,0.5,5,1,0.4519230769230769,0.975,0.9089805825242718,0.508493987402176,0.6770747740345111,0.7134615384615385,0.5390693209383379,0.6637959023675877,0.7230769230769231,0.5562130177514792,0.5259627439353908
0.8199999999999996,0.5,1,1,0.35185185185185186,0.9608938547486033,0.8810679611650486,0.37459727385377967,0.6765188834154352,0.6563728533002275,0.46119200115433057,0.5814570338609384,0.5757575757575758,0.4367816091954023,0.3888240993400238
0.8199999999999996,0.5,2,1,0.43119266055045874,0.9633152173913043,0.8946745562130177,0.45701537150819826,0.69376026272578,0.6972539389708815,0.5582168453582559,0.6444955015635874,0.6351351351351351,0.5136612021857924,0.46780492243542315
0.8199999999999996,0.5,3,1,0.5252525252525253,0.9621621621621622,0.9106078665077473,0.5316024147505226,0.6888341543513957,0.7437073437073437,0.5164080138185612,0.710899504415431,0.65,0.5810055865921788,0.5353849854497116
0.8199999999999996,0.5,4,1,0.3904761904761905,0.959349593495935,0.8884934756820878,0.4062401654453089,0.6921182266009852,0.6749128919860627,0.4884928030816199,0.6120483433546525,0.5774647887323944,0.4659090909090909,0.41594587529229066
0.8199999999999996,0.5,5,1,0.4519230769230769,0.975,0.9089805825242718,0.508493987402176,0.6770747740345111,0.7134615384615385,0.5390196272496864,0.6637959023675877,0.7230769230769231,0.5562130177514792,0.5259627439353908
0.8299999999999996,0.5,1,1,0.35185185185185186,0.9608938547486033,0.8810679611650486,0.37459727385377967,0.6765188834154352,0.6563728533002275,0.4567456525700523,0.5814570338609384,0.5757575757575758,0.4367816091954023,0.3888240993400238
0.8299999999999996,0.5,2,1,0.43119266055045874,0.9633152173913043,0.8946745562130177,0.45701537150819826,0.69376026272578,0.6972539389708815,0.5578466651787815,0.6444955015635874,0.6351351351351351,0.5136612021857924,0.46780492243542315
0.8299999999999996,0.5,3,1,0.5252525252525253,0.9621621621621622,0.9106078665077473,0.5316024147505226,0.6888341543513957,0.7437073437073437,0.5161723032276652,0.710899504415431,0.65,0.5810055865921788,0.5353849854497116
0.8299999999999996,0.5,4,1,0.3904761904761905,0.959349593495935,0.8884934756820878,0.4062401654453089,0.6921182266009852,0.6749128919860627,0.48807550393171595,0.6120483433546525,0.5774647887323944,0.4659090909090909,0.41594587529229066
0.8299999999999996,0.5,5,1,0.4519230769230769,0.975,0.9089805825242718,0.508493987402176,0.6770747740345111,0.7134615384615385,0.5387770180385852,0.6637959023675877,0.7230769230769231,0.5562130177514792,0.5259627439353908
0.8399999999999996,0.5,1,1,0.35185185185185186,0.9608938547486033,0.8810679611650486,0.37459727385377967,0.6765188834154352,0.6563728533002275,0.45881397143150926,0.5814570338609384,0.5757575757575758,0.4367816091954023,0.3888240993400238
0.8399999999999996,0.5,2,1,0.43119266055045874,0.9633152173913043,0.8946745562130177,0.45701537150819826,0.69376026272578,0.6972539389708815,0.5549649056239943,0.6444955015635874,0.6351351351351351,0.5136612021857924,0.46780492243542315
0.8399999999999996,0.5,3,1,0.5252525252525253,0.9621621621621622,0.9106078665077473,0.5316024147505226,0.6888341543513957,0.7437073437073437,0.5159556920435165,0.710899504415431,0.65,0.5810055865921788,0.5353849854497116
0.8399999999999996,0.5,4,1,0.3904761904761905,0.959349593495935,0.8884934756820878,0.4062401654453089,0.6921182266009852,0.6749128919860627,0.48500816753796283,0.6120483433546525,0.5774647887323944,0.4659090909090909,0.41594587529229066
0.8399999999999996,0.5,5,1,0.4519230769230769,0.975,0.9089805825242718,0.508493987402176,0.6770747740345111,0.7134615384615385,0.5387244203455774,0.6637959023675877,0.7230769230769231,0.5562130177514792,0.5259627439353908
0.8499999999999996,0.5,1,1,0.35185185185185186,0.9608938547486033,0.8810679611650486,0.37459727385377967,0.6765188834154352,0.6563728533002275,0.4600430696075277,0.5814570338609384,0.5757575757575758,0.4367816091954023,0.3888240993400238
0.8499999999999996,0.5,2,1,0.43119266055045874,0.9633152173913043,0.8946745562130177,0.45701537150819826,0.69376026272578,0.6972539389708815,0.5550896974233481,0.6444955015635874,0.6351351351351351,0.5136612021857924,0.46780492243542315
0.8499999999999996,0.5,3,1,0.5252525252525253,0.9621621621621622,0.9106078665077473,0.5316024147505226,0.6888341543513957,0.7437073437073437,0.5158189702153181,0.710899504415431,0.65,0.5810055865921788,0.5353849854497116
0.8499999999999996,0.5,4,1,0.3904761904761905,0.959349593495935,0.8884934756820878,0.4062401654453089,0.6921182266009852,0.6749128919860627,0.48505358108036967,0.6120483433546525,0.5774647887323944,0.4659090909090909,0.41594587529229066
0.8499999999999996,0.5,5,1,0.4519230769230769,0.975,0.9089805825242718,0.508493987402176,0.6770747740345111,0.7134615384615385,0.5385314295853334,0.6637959023675877,0.7230769230769231,0.5562130177514792,0.5259627439353908
0.8599999999999995,0.5,1,1,0.35185185185185186,0.9608938547486033,0.8810679611650486,0.37459727385377967,0.6765188834154352,0.6563728533002275,0.4567487209445718,0.5814570338609384,0.5757575757575758,0.4367816091954023,0.3888240993400238
0.8599999999999995,0.5,2,1,0.43119266055045874,0.9633152173913043,0.8946745562130177,0.45701537150819826,0.69376026272578,0.6972539389708815,0.5592158976152379,0.6444955015635874,0.6351351351351351,0.5136612021857924,0.46780492243542315
0.8599999999999995,0.5,3,1,0.5252525252525253,0.9621621621621622,0.9106078665077473,0.5316024147505226,0.6888341543513957,0.7437073437073437,0.5157111947553101,0.710899504415431,0.65,0.5810055865921788,0.5353849854497116
0.8599999999999995,0.5,4,1,0.3904761904761905,0.959349593495935,0.8884934756820878,0.4062401654453089,0.6921182266009852,0.6749128919860627,0.48811023340112525,0.6120483433546525,0.5774647887323944,0.4659090909090909,0.41594587529229066
0.8599999999999995,0.5,5,1,0.4519230769230769,0.975,0.9089805825242718,0.508493987402176,0.6770747740345111,0.7134615384615385,0.540956363568795,0.6637959023675877,0.7230769230769231,0.5562130177514792,0.5259627439353908
0.8699999999999996,0.5,1,1,0.35185185185185186,0.9608938547486033,0.8810679611650486,0.37459727385377967,0.6765188834154352,0.6563728533002275,0.4606828443335802,0.5814570338609384,0.5757575757575758,0.4367816091954023,0.3888240993400238
0.8699999999999996,0.5,2,1,0.43119266055045874,0.9633152173913043,0.8946745562130177,0.45701537150819826,0.69376026272578,0.6972539389708815,0.5572505088027222,0.6444955015635874,0.6351351351351351,0.5136612021857924,0.46780492243542315
0.8699999999999996,0.5,3,1,0.5252525252525253,0.9621621621621622,0.9106078665077473,0.5316024147505226,0.6888341543513957,0.7437073437073437,0.5112199557685676,0.710899504415431,0.65,0.5810055865921788,0.5353849854497116
0.8699999999999996,0.5,4,1,0.3904761904761905,0.959349593495935,0.8884934756820878,0.4062401654453089,0.6921182266009852,0.6749128919860627,0.4880324373299274,0.6120483433546525,0.5774647887323944,0.4659090909090909,0.41594587529229066
0.8699999999999996,0.5,5,1,0.4519230769230769,0.975,0.9089805825242718,0.508493987402176,0.6770747740345111,0.7134615384615385,0.5397340304808969,0.6637959023675877,0.7230769230769231,0.5562130177514792,0.5259627439353908
0.8799999999999996,0.5,1,1,0.35185185185185186,0.9608938547486033,0.8810679611650486,0.37459727385377967,0.6765188834154352,0.6563728533002275,0.45894424633262815,0.5814570338609384,0.5757575757575758,0.4367816091954023,0.3888240993400238
0.8799999999999996,0.5,2,1,0.43119266055045874,0.9633152173913043,0.8946745562130177,0.45701537150819826,0.69376026272578,0.6972539389708815,0.5569969624224502,0.6444955015635874,0.6351351351351351,0.5136612021857924,0.46780492243542315
0.8799999999999996,0.5,3,1,0.5252525252525253,0.9621621621621622,0.9106078665077473,0.5316024147505226,0.6888341543513957,0.7437073437073437,0.5153334178912466,0.710899504415431,0.65,0.5810055865921788,0.5353849854497116
0.8799999999999996,0.5,4,1,0.3904761904761905,0.959349593495935,0.8884934756820878,0.4062401654453089,0.6921182266009852,0.6749128919860627,0.48806681750932573,0.6120483433546525,0.5774647887323944,0.4659090909090909,0.41594587529229066
0.8799999999999996,0.5,5,1,0.4519230769230769,0.975,0.9089805825242718,0.508493987402176,0.6770747740345111,0.7134615384615385,0.5383297190965002,0.6637959023675877,0.7230769230769231,0.5562130177514792,0.5259627439353908
0.8899999999999996,0.5,1,1,0.35185185185185186,0.9608938547486033,0.8810679611650486,0.37459727385377967,0.6765188834154352,0.6563728533002275,0.4604695367033282,0.5814570338609384,0.5757575757575758,0.4367816091954023,0.3888240993400238
0.8899999999999996,0.5,2,1,0.43119266055045874,0.9633152173913043,0.8946745562130177,0.45701537150819826,0.69376026272578,0.6972539389708815,0.5564612008312193,0.6444955015635874,0.6351351351351351,0.5136612021857924,0.46780492243542315
0.8899999999999996,0.5,3,1,0.5252525252525253,0.9621621621621622,0.9106078665077473,0.5316024147505226,0.6888341543513957,0.7437073437073437,0.5152258910909921,0.710899504415431,0.65,0.5810055865921788,0.5353849854497116
0.8899999999999996,0.5,4,1,0.3904761904761905,0.959349593495935,0.8884934756820878,0.4062401654453089,0.6921182266009852,0.6749128919860627,0.4880824161298568,0.6120483433546525,0.5774647887323944,0.4659090909090909,0.41594587529229066
0.8899999999999996,0.5,5,1,0.4519230769230769,0.975,0.9089805825242718,0.508493987402176,0.6770747740345111,0.7134615384615385,0.5403548013933744,0.6637959023675877,0.7230769230769231,0.5562130177514792,0.5259627439353908
0.8999999999999996,0.5,1,1,0.35185185185185186,0.9608938547486033,0.8810679611650486,0.37459727385377967,0.6765188834154352,0.6563728533002275,0.4278881892991883,0.5814570338609384,0.5757575757575758,0.4367816091954023,0.3888240993400238
0.8999999999999996,0.5,2,1,0.43119266055045874,0.9633152173913043,0.8946745562130177,0.45701537150819826,0.69376026272578,0.6972539389708815,0.5585237425374565,0.6444955015635874,0.6351351351351351,0.5136612021857924,0.46780492243542315
0.8999999999999996,0.5,3,1,0.5252525252525253,0.9621621621621622,0.9106078665077473,0.5316024147505226,0.6888341543513957,0.7437073437073437,0.5151066690687669,0.710899504415431,0.65,0.5810055865921788,0.5353849854497116
0.8999999999999996,0.5,4,1,0.3904761904761905,0.959349593495935,0.8884934756820878,0.4062401654453089,0.6921182266009852,0.6749128919860627,0.4880112887785034,0.6120483433546525,0.5774647887323944,0.4659090909090909,0.41594587529229066
0.8999999999999996,0.5,5,1,0.4519230769230769,0.975,0.9089805825242718,0.508493987402176,0.6770747740345111,0.7134615384615385,0.540309152807028,0.6637959023675877,0.7230769230769231,0.5562130177514792,0.5259627439353908
0.9099999999999996,0.5,1,1,0.35185185185185186,0.9608938547486033,0.8810679611650486,0.37459727385377967,0.6765188834154352,0.6563728533002275,0.45971884014300696,0.5814570338609384,0.5757575757575758,0.4367816091954023,0.3888240993400238
0.9099999999999996,0.5,2,1,0.43119266055045874,0.9633152173913043,0.8946745562130177,0.45701537150819826,0.69376026272578,0.6972539389708815,0.5569352357963676,0.6444955015635874,0.6351351351351351,0.5136612021857924,0.46780492243542315
0.9099999999999996,0.5,3,1,0.5252525252525253,0.9621621621621622,0.9106078665077473,0.5316024147505226,0.6888341543513957,0.7437073437073437,0.5150339185146527,0.710899504415431,0.65,0.5810055865921788,0.5353849854497116
0.9099999999999996,0.5,4,1,0.3904761904761905,0.959349593495935,0.8884934756820878,0.4062401654453089,0.6921182266009852,0.6749128919860627,0.4898195520613947,0.6120483433546525,0.5774647887323944,0.4659090909090909,0.41594587529229066
0.9099999999999996,0.5,5,1,0.4519230769230769,0.975,0.9089805825242718,0.508493987402176,0.6770747740345111,0.7134615384615385,0.5379437285228273,0.6637959023675877,0.7230769230769231,0.5562130177514792,0.5259627439353908
0.9199999999999996,0.5,1,1,0.35185185185185186,0.9608938547486033,0.8810679611650486,0.37459727385377967,0.6765188834154352,0.6563728533002275,0.46260019965746724,0.5814570338609384,0.5757575757575758,0.4367816091954023,0.3888240993400238
0.9199999999999996,0.5,2,1,0.43119266055045874,0.9633152173913043,0.8946745562130177,0.45701537150819826,0.69376026272578,0.6972539389708815,0.5567159568770017,0.6444955015635874,0.6351351351351351,0.5136612021857924,0.46780492243542315
0.9199999999999996,0.5,3,1,0.5252525252525253,0.9621621621621622,0.9106078665077473,0.5316024147505226,0.6888341543513957,0.7437073437073437,0.5147173765766448,0.710899504415431,0.65,0.5810055865921788,0.5353849854497116
0.9199999999999996,0.5,4,1,0.3904761904761905,0.959349593495935,0.8884934756820878,0.4062401654453089,0.6921182266009852,0.6749128919860627,0.4878720213514617,0.6120483433546525,0.5774647887323944,0.4659090909090909,0.41594587529229066
0.9199999999999996,0.5,5,1,0.4519230769230769,0.975,0.9089805825242718,0.508493987402176,0.6770747740345111,0.7134615384615385,0.52098094052311,0.6637959023675877,0.7230769230769231,0.5562130177514792,0.5259627439353908
0.9299999999999996,0.5,1,1,0.35185185185185186,0.9608938547486033,0.8810679611650486,0.37459727385377967,0.6765188834154352,0.6563728533002275,0.42698109027267045,0.5814570338609384,0.5757575757575758,0.4367816091954023,0.3888240993400238
0.9299999999999996,0.5,2,1,0.43119266055045874,0.9633152173913043,0.8946745562130177,0.45701537150819826,0.69376026272578,0.6972539389708815,0.5583005603979831,0.6444955015635874,0.6351351351351351,0.5136612021857924,0.46780492243542315
0.9299999999999996,0.5,3,1,0.5252525252525253,0.9621621621621622,0.9106078665077473,0.5316024147505226,0.6888341543513957,0.7437073437073437,0.5145775642993888,0.710899504415431,0.65,0.5810055865921788,0.5353849854497116
0.9299999999999996,0.5,4,1,0.3904761904761905,0.959349593495935,0.8884934756820878,0.4062401654453089,0.6921182266009852,0.6749128919860627,0.48778667447625745,0.6120483433546525,0.5774647887323944,0.4659090909090909,0.41594587529229066
0.9299999999999996,0.5,5,1,0.4519230769230769,0.975,0.9089805825242718,0.508493987402176,0.6770747740345111,0.7134615384615385,0.5209411447044998,0.6637959023675877,0.7230769230769231,0.5562130177514792,0.5259627439353908
0.9399999999999996,0.5,1,1,0.35185185185185186,0.9608938547486033,0.8810679611650486,0.37459727385377967,0.6765188834154352,0.6563728533002275,0.45449900641151914,0.5814570338609384,0.5757575757575758,0.4367816091954023,0.3888240993400238
0.9399999999999996,0.5,2,1,0.43119266055045874,0.9633152173913043,0.8946745562130177,0.45701537150819826,0.69376026272578,0.6972539389708815,0.5566669864367344,0.6444955015635874,0.6351351351351351,0.5136612021857924,0.46780492243542315
0.9399999999999996,0.5,3,1,0.5252525252525253,0.9621621621621622,0.9106078665077473,0.5316024147505226,0.6888341543513957,0.7437073437073437,0.5145522409451556,0.710899504415431,0.65,0.5810055865921788,0.5353849854497116
0.9399999999999996,0.5,4,1,0.3904761904761905,0.959349593495935,0.8884934756820878,0.4062401654453089,0.6921182266009852,0.6749128919860627,0.48746146930956125,0.6120483433546525,0.5774647887323944,0.4659090909090909,0.41594587529229066
0.9399999999999996,0.5,5,1,0.4519230769230769,0.975,0.9089805825242718,0.508493987402176,0.6770747740345111,0.7134615384615385,0.5390731812736134,0.6637959023675877,0.7230769230769231,0.5562130177514792,0.5259627439353908
0.9499999999999995,0.5,1,1,0.35185185185185186,0.9608938547486033,0.8810679611650486,0.37459727385377967,0.6765188834154352,0.6563728533002275,0.4266885377893652,0.5814570338609384,0.5757575757575758,0.4367816091954023,0.3888240993400238
0.9499999999999995,0.5,2,1,0.43119266055045874,0.9633152173913043,0.8946745562130177,0.45701537150819826,0.69376026272578,0.6972539389708815,0.5538802241750925,0.6444955015635874,0.6351351351351351,0.5136612021857924,0.46780492243542315
0.9499999999999995,0.5,3,1,0.5252525252525253,0.9621621621621622,0.9106078665077473,0.5316024147505226,0.6888341543513957,0.7437073437073437,0.5103454875740366,0.710899504415431,0.65,0.5810055865921788,0.5353849854497116
0.9499999999999995,0.5,4,1,0.3904761904761905,0.959349593495935,0.8884934756820878,0.4062401654453089,0.6921182266009852,0.6749128919860627,0.4840432171029762,0.6120483433546525,0.5774647887323944,0.4659090909090909,0.41594587529229066
0.9499999999999995,0.5,5,1,0.4519230769230769,0.975,0.9089805825242718,0.508493987402176,0.6770747740345111,0.7134615384615385,0.5377949939925786,0.6637959023675877,0.7230769230769231,0.5562130177514792,0.5259627439353908
0.9599999999999995,0.5,1,1,0.35185185185185186,0.9608938547486033,0.8810679611650486,0.37459727385377967,0.6765188834154352,0.6563728533002275,0.4264556080954771,0.5814570338609384,0.5757575757575758,0.4367816091954023,0.3888240993400238
0.9599999999999995,0.5,2,1,0.43119266055045874,0.9633152173913043,0.8946745562130177,0.45701537150819826,0.69376026272578,0.6972539389708815,0.5562552506896306,0.6444955015635874,0.6351351351351351,0.5136612021857924,0.46780492243542315
0.9599999999999995,0.5,3,1,0.5252525252525253,0.9621621621621622,0.9106078665077473,0.5316024147505226,0.6888341543513957,0.7437073437073437,0.5145539193340825,0.710899504415431,0.65,0.5810055865921788,0.5353849854497116
0.9599999999999995,0.5,4,1,0.3904761904761905,0.959349593495935,0.8884934756820878,0.4062401654453089,0.6921182266009852,0.6749128919860627,0.4871282379368621,0.6120483433546525,0.5774647887323944,0.4659090909090909,0.41594587529229066
0.9599999999999995,0.5,5,1,0.4519230769230769,0.975,0.9089805825242718,0.508493987402176,0.6770747740345111,0.7134615384615385,0.5377949939925786,0.6637959023675877,0.7230769230769231,0.5562130177514792,0.5259627439353908
0.9699999999999995,0.5,1,1,0.35185185185185186,0.9608938547486033,0.8810679611650486,0.37459727385377967,0.6765188834154352,0.6563728533002275,0.42708402363315034,0.5814570338609384,0.5757575757575758,0.4367816091954023,0.3888240993400238
0.9699999999999995,0.5,2,1,0.43119266055045874,0.9633152173913043,0.8946745562130177,0.45701537150819826,0.69376026272578,0.6972539389708815,0.556237696624052,0.6444955015635874,0.6351351351351351,0.5136612021857924,0.46780492243542315
0.9699999999999995,0.5,3,1,0.5252525252525253,0.9621621621621622,0.9106078665077473,0.5316024147505226,0.6888341543513957,0.7437073437073437,0.5145301610354294,0.710899504415431,0.65,0.5810055865921788,0.5353849854497116
0.9699999999999995,0.5,4,1,0.38095238095238093,0.959349593495935,0.8873072360616845,0.3970638057594582,0.6921182266009852,0.670150987224158,0.48708290223496964,0.6045382633117404,0.5714285714285714,0.45714285714285713,0.4072382217468828
0.9699999999999995,0.5,5,1,0.4519230769230769,0.975,0.9089805825242718,0.508493987402176,0.6770747740345111,0.7134615384615385,0.5399087627809951,0.6637959023675877,0.7230769230769231,0.5562130177514792,0.5259627439353908
0.9799999999999995,0.5,1,1,0.35185185185185186,0.9608938547486033,0.8810679611650486,0.37459727385377967,0.6765188834154352,0.6563728533002275,0.4618391958185386,0.5814570338609384,0.5757575757575758,0.4367816091954023,0.3888240993400238
0.9799999999999995,0.5,2,1,0.43119266055045874,0.9633152173913043,0.8946745562130177,0.45701537150819826,0.69376026272578,0.6972539389708815,0.5561678694203263,0.6444955015635874,0.6351351351351351,0.5136612021857924,0.46780492243542315
0.9799999999999995,0.5,3,1,0.5252525252525253,0.9621621621621622,0.9106078665077473,0.5316024147505226,0.6888341543513957,0.7437073437073437,0.5143541832947703,0.710899504415431,0.65,0.5810055865921788,0.5353849854497116
0.9799999999999995,0.5,4,1,0.38095238095238093,0.959349593495935,0.8873072360616845,0.3970638057594582,0.6921182266009852,0.670150987224158,0.48708290223496964,0.6045382633117404,0.5714285714285714,0.45714285714285713,0.4072382217468828
0.9799999999999995,0.5,5,1,0.4519230769230769,0.975,0.9089805825242718,0.508493987402176,0.6770747740345111,0.7134615384615385,0.5375049166271489,0.6637959023675877,0.7230769230769231,0.5562130177514792,0.5259627439353908
0.9899999999999995,0.5,1,1,0.35185185185185186,0.9608938547486033,0.8810679611650486,0.37459727385377967,0.6765188834154352,0.6563728533002275,0.45879543757705565,0.5814570338609384,0.5757575757575758,0.4367816091954023,0.3888240993400238
0.9899999999999995,0.5,2,1,0.43119266055045874,0.9633152173913043,0.8946745562130177,0.45701537150819826,0.69376026272578,0.6972539389708815,0.5561669360356468,0.6444955015635874,0.6351351351351351,0.5136612021857924,0.46780492243542315
0.9899999999999995,0.5,3,1,0.5252525252525253,0.9621621621621622,0.9106078665077473,0.5316024147505226,0.6888341543513957,0.7437073437073437,0.5143541832947703,0.710899504415431,0.65,0.5810055865921788,0.5353849854497116
0.9899999999999995,0.5,4,1,0.38095238095238093,0.959349593495935,0.8873072360616845,0.3970638057594582,0.6921182266009852,0.670150987224158,0.4870660085489225,0.6045382633117404,0.5714285714285714,0.45714285714285713,0.4072382217468828
0.9899999999999995,0.5,5,1,0.4519230769230769,0.975,0.9089805825242718,0.508493987402176,0.6770747740345111,0.7134615384615385,0.5375717358439924,0.6637959023675877,0.7230769230769231,0.5562130177514792,0.5259627439353908
1.0,0.5,1,1,0.35185185185185186,0.9608938547486033,0.8810679611650486,0.37459727385377967,0.6765188834154352,0.6563728533002275,0.4262802539192976,0.5814570338609384,0.5757575757575758,0.4367816091954023,0.3888240993400238
1.0,0.5,2,1,0.43119266055045874,0.9633152173913043,0.8946745562130177,0.45701537150819826,0.69376026272578,0.6972539389708815,0.5561019916314223,0.6444955015635874,0.6351351351351351,0.5136612021857924,0.46780492243542315
1.0,0.5,3,1,0.5252525252525253,0.9621621621621622,0.9106078665077473,0.5316024147505226,0.6888341543513957,0.7437073437073437,0.5143786602438857,0.710899504415431,0.65,0.5810055865921788,0.5353849854497116
1.0,0.5,4,1,0.38095238095238093,0.959349593495935,0.8873072360616845,0.3970638057594582,0.6921182266009852,0.670150987224158,0.4870581803772024,0.6045382633117404,0.5714285714285714,0.45714285714285713,0.4072382217468828
1.0,0.5,5,1,0.4519230769230769,0.975,0.9089805825242718,0.508493987402176,0.6770747740345111,0.7134615384615385,0.5397229485783146,0.6637959023675877,0.7230769230769231,0.5562130177514792,0.5259627439353908
0.1,0.5,1,2,0.5660377358490566,0.9661016949152542,0.914004914004914,0.5836377984976471,0.6683087027914614,0.7660697153821554,0.6086746221331192,0.7394930804204773,0.7142857142857143,0.631578947368421,0.5886998553453909
0.1,0.5,2,2,0.6274509803921569,0.9283783783783783,0.8919239904988123,0.5226935775244501,0.6912972085385878,0.7779146793852676,0.4366125688694351,0.7632246875517027,0.5470085470085471,0.5844748858447488,0.5243188771295019
0.1,0.5,3,2,0.5185185185185185,0.9210526315789473,0.8709677419354839,0.4260343850368411,0.7126436781609196,0.719785575048733,0.43669835040828275,0.6910736907189411,0.4827586206896552,0.5,0.42639287601420045
0.1,0.5,4,2,0.5887850467289719,0.9420485175202157,0.8975265017667845,0.5329649137227876,0.6970443349753694,0.7654167821245939,0.5025125020749888,0.7447577326950684,0.5943396226415094,0.5915492957746479,0.532972593321409
0.1,0.5,5,2,0.5980392156862745,0.957004160887656,0.9125151883353585,0.5794285065368293,0.676253081347576,0.7775216882869653,0.6047237843282569,0.7565223181015581,0.6630434782608695,0.6288659793814433,0.5804195612935085
0.11,0.5,1,2,0.5660377358490566,0.9675141242937854,0.9152334152334153,0.5877724770642205,0.6683087027914614,0.766775930071421,0.6101153070059203,0.7400334481070684,0.7228915662650602,0.6349206349206349,0.5934012613804335
0.11,0.5,2,2,0.6274509803921569,0.9283783783783783,0.8919239904988123,0.5226935775244501,0.6912972085385878,0.7779146793852676,0.47350866938745667,0.7632246875517027,0.5470085470085471,0.5844748858447488,0.5243188771295019
0.11,0.5,3,2,0.5185185185185185,0.925,0.8744239631336406,0.43488233185999287,0.7126436781609196,0.7217592592592592,0.4354187686281084,0.6925529796554409,0.49557522123893805,0.5067873303167421,0.43502852449754303
0.11,0.5,4,2,0.5887850467289719,0.9420485175202157,0.8975265017667845,0.5329649137227876,0.6970443349753694,0.7654167821245939,0.5047158484167511,0.7447577326950684,0.5943396226415094,0.5915492957746479,0.532972593321409
0.11,0.5,5,2,0.5882352941176471,0.9583911234396671,0.9125151883353585,0.5757002921464173,0.676253081347576,0.7733132087786572,0.6061912690835574,0.7508391867612364,0.6666666666666666,0.625,0.5771452062900733
0.12,0.5,1,2,0.5660377358490566,0.9675141242937854,0.9152334152334153,0.5877724770642205,0.6683087027914614,0.766775930071421,0.6135790678451265,0.7400334481070684,0.7228915662650602,0.6349206349206349,0.5934012613804335
0.12,0.5,2,2,0.6274509803921569,0.9310810810810811,0.8942992874109263,0.5294435304607733,0.6912972085385878,0.779266030736619,0.4794650027339837,0.764334833138536,0.5565217391304348,0.5898617511520737,0.5306985831488492
0.12,0.5,3,2,0.5092592592592593,0.9276315789473685,0.8755760368663594,0.4334477590291542,0.7126436781609196,0.7184454191033138,0.44122918353031326,0.6873172271667821,0.5,0.5045871559633027,0.43347161708363147
0.12,0.5,4,2,0.5887850467289719,0.9420485175202157,0.8975265017667845,0.5329649137227876,0.6970443349753694,0.7654167821245939,0.5102700785652691,0.7447577326950684,0.5943396226415094,0.5915492957746479,0.532972593321409
0.12,0.5,5,2,0.5980392156862745,0.9597780859916782,0.9149453219927096,0.5874863951423499,0.676253081347576,0.7789086508389764,0.6076048540791616,0.7576179339082049,0.6777777777777778,0.6354166666666666,0.5889608904884993
0.13,0.5,1,2,0.5754716981132075,0.9689265536723164,0.9176904176904177,0.5997211009174314,0.6683087027914614,0.772199125892762,0.6171009628112976,0.7467193644126191,0.7349397590361446,0.6455026455026455,0.6054643108475848
0.13,0.5,2,2,0.6274509803921569,0.9337837837837838,0.8966745843230404,0.5363025231361329,0.6912972085385878,0.7806173820879703,0.48254967543819816,0.7654433686494599,0.5663716814159292,0.5953488372093023,0.5372266200934558
0.13,0.5,3,2,0.5092592592592593,0.9276315789473685,0.8755760368663594,0.4334477590291542,0.7126436781609196,0.7184454191033138,0.44255269204964853,0.6873172271667821,0.5,0.5045871559633027,0.43347161708363147
0.13,0.5,4,2,0.5887850467289719,0.9420485175202157,0.8975265017667845,0.5329649137227876,0.6970443349753694,0.7654167821245939,0.5038899711170277,0.7447577326950684,0.5943396226415094,0.5915492957746479,0.532972593321409
0.13,0.5,5,2,0.5882352941176471,0.9583911234396671,0.9125151883353585,0.5757002921464173,0.676253081347576,0.7733132087786572,0.6163959826034606,0.7508391867612364,0.6666666666666666,0.625,0.5771452062900733
0.13999999999999999,0.5,1,2,0.5660377358490566,0.9689265536723164,0.9164619164619164,0.591943854682708,0.6683087027914614,0.7674821447606865,0.619965251527598,0.7405734215084331,0.7317073170731707,0.6382978723404256,0.5981799984432108
0.13999999999999999,0.5,2,2,0.6176470588235294,0.9364864864864865,0.8978622327790974,0.5360108673364773,0.6912972085385878,0.777066772655008,0.4831910335989772,0.7605380490194815,0.5727272727272728,0.5943396226415094,0.536510843851735
0.13999999999999999,0.5,3,2,0.5092592592592593,0.9302631578947368,0.8778801843317973,0.4395224171539962,0.7126436781609196,0.7197612085769981,0.4535340293262823,0.6882914547672759,0.5092592592592593,0.5092592592592593,0.4395224171539961
0.13999999999999999,0.5,4,2,0.5794392523364486,0.9420485175202157,0.8963486454652533,0.5256923018321717,0.6970443349753694,0.7607438849283321,0.5149759454663734,0.7388233135578313,0.5904761904761905,0.5849056603773585,0.5257228478405913
0.13999999999999999,0.5,5,2,0.5784313725490197,0.9597780859916782,0.9125151883353585,0.571905388027569,0.676253081347576,0.769104729270349,0.6164646777653238,0.7450944608723363,0.6704545454545454,0.6210526315789474,0.5738971109146594
0.14999999999999997,0.5,1,2,0.5566037735849056,0.9717514124293786,0.9176904176904177,0.5925195379626724,0.6683087027914614,0.7641775930071422,0.6240275418414204,0.7354457853197978,0.7468354430379747,0.6378378378378379,0.6006732901896037
0.14999999999999997,0.5,2,2,0.6078431372549019,0.9378378378378378,0.8978622327790974,0.5321859575677702,0.6912972085385878,0.7728404875463699,0.49119464487431,0.7550220484116377,0.5740740740740741,0.5904761904761905,0.5324696401461412
0.14999999999999997,0.5,3,2,0.5092592592592593,0.9342105263157895,0.881336405529954,0.4488175384084241,0.7126436781609196,0.7217348927875245,0.4554453965004727,0.6897502161099928,0.5238095238095238,0.5164319248826291,0.44887538564548124
0.14999999999999997,0.5,4,2,0.5607476635514018,0.9420485175202157,0.8939929328621908,0.5109697404126773,0.6970443349753694,0.7513980905358087,0.5107617761123472,0.7268091256661013,0.5825242718446602,0.5714285714285714,0.5110904732808764
0.14999999999999997,0.5,5,2,0.5882352941176471,0.9597780859916782,0.913730255164034,0.5797305753144849,0.676253081347576,0.7740066900546627,0.6214619776701164,0.7513822893181521,0.6741573033707865,0.6282722513089005,0.5814546488741793
0.15999999999999998,0.5,1,2,0.5566037735849056,0.9717514124293786,0.9176904176904177,0.5925195379626724,0.6683087027914614,0.7641775930071422,0.6270284317540284,0.7354457853197978,0.7468354430379747,0.6378378378378379,0.6006732901896037
0.15999999999999998,0.5,2,2,0.5980392156862745,0.9391891891891891,0.8978622327790974,0.5282974620876543,0.6912972085385878,0.7686142024377318,0.4867336219649881,0.7494477740868477,0.5754716981132075,0.5865384615384616,0.5284246555690408
0.15999999999999998,0.5,3,2,0.5092592592592593,0.9381578947368421,0.8847926267281107,0.4583395736608259,0.7126436781609196,0.7237085769980507,0.4605734047591835,0.6912058988043362,0.5392156862745098,0.5238095238095238,0.4585818205882947
0.15999999999999998,0.5,4,2,0.5514018691588785,0.9433962264150944,0.8939929328621908,0.506962278516951,0.6970443349753694,0.7473990477869864,0.451701640203019,0.7212422911911888,0.5841584158415841,0.5673076923076923,0.5072363573555503
0.15999999999999998,0.5,5,2,0.5784313725490197,0.9597780859916782,0.9125151883353585,0.571905388027569,0.676253081347576,0.769104729270349,0.6280395222531273,0.7450944608723363,0.6704545454545454,0.6210526315789474,0.5738971109146594
0.16999999999999998,0.5,1,2,0.5566037735849056,0.9717514124293786,0.9176904176904177,0.5925195379626724,0.6683087027914614,0.7641775930071422,0.6316480843548558,0.7354457853197978,0.7468354430379747,0.6378378378378379,0.6006732901896037
0.16999999999999998,0.5,2,2,0.5882352941176471,0.9405405405405406,0.8978622327790974,0.524343782022649,0.6912972085385878,0.7643879173290937,0.4960811611501988,0.7438139159053396,0.5769230769230769,0.5825242718446602,0.524375865056579
0.16999999999999998,0.5,3,2,0.5277777777777778,0.9394736842105263,0.8882488479262672,0.47671845866998114,0.7126436781609196,0.7336257309941521,0.4666045013928781,0.704154339142587,0.5533980582524272,0.5402843601895735,0.4768919734217052
0.16999999999999998,0.5,4,2,0.5607476635514018,0.9474393530997305,0.8987043580683156,0.5249824342259346,0.6970443349753694,0.7540935083255662,0.4985821964026955,0.7288857273999303,0.6060606060606061,0.5825242718446602,0.525495713519066
0.16999999999999998,0.5,5,2,0.5686274509803921,0.9625520110957004,0.913730255164034,0.5721106318787943,0.676253081347576,0.7655897310380463,0.6337324561676962,0.7398199081569773,0.6823529411764706,0.6203208556149733,0.5751370549867383
0.17999999999999997,0.5,1,2,0.5566037735849056,0.9717514124293786,0.9176904176904177,0.5925195379626724,0.6683087027914614,0.7641775930071422,0.6334668109592788,0.7354457853197978,0.7468354430379747,0.6378378378378379,0.6006732901896037
0.17999999999999997,0.5,2,2,0.5784313725490197,0.9432432432432433,0.8990498812351544,0.5238887188834633,0.6912972085385878,0.7608373078961315,0.5014965998771155,0.7386484169324253,0.5841584158415841,0.5812807881773399,0.5238969374932874
0.17999999999999997,0.5,3,2,0.5462962962962963,0.9407894736842105,0.8917050691244239,0.4949489947509161,0.7126436781609196,0.7435428849902534,0.4664377131787091,0.7169029258332164,0.5673076923076923,0.5566037735849056,0.495063339357291
0.17999999999999997,0.5,4,2,0.5514018691588785,0.9487870619946092,0.8987043580683156,0.5210249412876053,0.6970443349753694,0.7500944655767439,0.5107521003745857,0.7233000479867178,0.6082474226804123,0.5784313725490197,0.5218349118016433
0.17999999999999997,0.5,5,2,0.5686274509803921,0.9639389736477115,0.9149453219927096,0.5762163275514558,0.676253081347576,0.7662832123140518,0.6353541383918657,0.7403527277493841,0.6904761904761905,0.6236559139784946,0.579668417606026
0.18999999999999995,0.5,1,2,0.5566037735849056,0.9717514124293786,0.9176904176904177,0.5925195379626724,0.6683087027914614,0.7641775930071422,0.6351551957869899,0.7354457853197978,0.7468354430379747,0.6378378378378379,0.6006732901896037
0.18999999999999995,0.5,2,2,0.5784313725490197,0.9486486486486486,0.9038004750593824,0.5384584151045544,0.6912972085385878,0.7635400105988341,0.5017142826245335,0.7407618645047884,0.6082474226804123,0.592964824120603,0.5386770796147125
0.18999999999999995,0.5,3,2,0.5555555555555556,0.9407894736842105,0.8928571428571429,0.5023303987571208,0.7126436781609196,0.748172514619883,0.47100427570419795,0.7229528468119136,0.5714285714285714,0.5633802816901409,0.5023951431647502
0.18999999999999995,0.5,4,2,0.5327102803738317,0.9487870619946092,0.8963486454652533,0.5057684165961052,0.6970443349753694,0.7407486711842204,0.45657130847446814,0.7109350334666399,0.6,0.5643564356435643,0.5069209735587662
0.18999999999999995,0.5,5,2,0.5686274509803921,0.9653259361997226,0.9161603888213852,0.5803595841061755,0.676253081347576,0.7669766935900574,0.6366650428643077,0.7408851641560309,0.6987951807228916,0.6270270270270271,0.584273458163086
0.19999999999999996,0.5,1,2,0.5471698113207547,0.9731638418079096,0.9176904176904177,0.5888206999502407,0.6683087027914614,0.7601668265643322,0.6385784273815024,0.7297162980955096,0.7532467532467533,0.6338797814207651,0.5983735253741814
0.19999999999999996,0.5,2,2,0.5882352941176471,0.9513513513513514,0.9073634204275535,0.5536253160427373,0.6912972085385878,0.7697933227344993,0.5050149918006688,0.7480764947325796,0.625,0.6060606060606061,0.5539519659834419
0.19999999999999996,0.5,3,2,0.5462962962962963,0.9407894736842105,0.8917050691244239,0.4949489947509161,0.7126436781609196,0.7435428849902534,0.4749415791830063,0.7169029258332164,0.5673076923076923,0.5566037735849056,0.495063339357291
0.19999999999999996,0.5,4,2,0.5233644859813084,0.9501347708894878,0.8963486454652533,0.5015810751310893,0.6970443349753694,0.736749628435398,0.5203475578859255,0.7051714656589169,0.6021505376344086,0.56,0.5031654021378205
0.19999999999999996,0.5,5,2,0.5490196078431373,0.9667128987517337,0.9149453219927096,0.5683544872851515,0.676253081347576,0.7578662532974355,0.636261848006204,0.7285220220210089,0.7,0.6153846153846154,0.5736576951868985
0.20999999999999996,0.5,1,2,0.5377358490566038,0.9731638418079096,0.9164619164619164,0.5807809991214516,0.6683087027914614,0.7554498454322567,0.6388128954942264,0.7233982891504255,0.75,0.6263736263736264,0.590976517264598
0.20999999999999996,0.5,2,2,0.5882352941176471,0.9513513513513514,0.9073634204275535,0.5536253160427373,0.6912972085385878,0.7697933227344993,0.5019775224123343,0.7480764947325796,0.625,0.6060606060606061,0.5539519659834419
0.20999999999999996,0.5,3,2,0.5370370370370371,0.9447368421052632,0.8940092165898618,0.4975840547614255,0.7126436781609196,0.7408869395711501,0.477669545431944,0.7122911444514368,0.58,0.5576923076923077,0.4980595978185816
0.20999999999999996,0.5,4,2,0.5233644859813084,0.9501347708894878,0.8963486454652533,0.5015810751310893,0.6970443349753694,0.736749628435398,0.4596899782621971,0.7051714656589169,0.6021505376344086,0.56,0.5031654021378205
0.20999999999999996,0.5,5,2,0.5392156862745098,0.9722607489597781,0.9185905224787363,0.5770455085870322,0.676253081347576,0.7557382176171439,0.635761386483272,0.7240567981782339,0.7333333333333333,0.6214689265536724,0.585614629225773
0.21999999999999995,0.5,1,2,0.5377358490566038,0.9745762711864406,0.9176904176904177,0.5850540955917038,0.6683087027914614,0.7561560601215223,0.6405638062349455,0.7239230612826612,0.76,0.6298342541436464,0.596144224861271
0.21999999999999995,0.5,2,2,0.5686274509803921,0.9527027027027027,0.9061757719714965,0.5419438361635611,0.6912972085385878,0.7606650768415475,0.4719613408114805,0.736025073879938,0.6236559139784946,0.5948717948717949,0.5426832382539936
0.21999999999999995,0.5,3,2,0.5277777777777778,0.9460526315789474,0.8940092165898618,0.49342806394316174,0.7126436781609196,0.7369152046783626,0.4758549306079157,0.7066155641900025,0.5816326530612245,0.5533980582524272,0.4941777671318844
0.21999999999999995,0.5,4,2,0.514018691588785,0.9501347708894878,0.8951707891637221,0.4937727367130503,0.6970443349753694,0.7320767312391364,0.5135463730241597,0.6988469301396584,0.5978260869565217,0.5527638190954773,0.49557978462097624
0.21999999999999995,0.5,5,2,0.5196078431372549,0.9722607489597781,0.9161603888213852,0.5602440894271796,0.676253081347576,0.7459342960485165,0.6349752057036355,0.7107702235842484,0.726027397260274,0.6057142857142858,0.57006548661589
0.22999999999999995,0.5,1,2,0.5283018867924528,0.9745762711864406,0.9164619164619164,0.5769230769230769,0.6683087027914614,0.7514390789894467,0.642731747765686,0.7175447602003304,0.7567567567567568,0.6222222222222222,0.5887089178519607
0.22999999999999995,0.5,2,2,0.5686274509803921,0.9567567567567568,0.9097387173396675,0.5534527996427178,0.6912972085385878,0.7626921038685744,0.5082714818143569,0.7375894222417114,0.6444444444444445,0.6041666666666666,0.554833640408302
0.22999999999999995,0.5,3,2,0.5185185185185185,0.95,0.8963133640552995,0.4961040301357136,0.7126436781609196,0.7342592592592592,0.48122354905471315,0.701849408771278,0.5957446808510638,0.5544554455445545,0.4976351263255545
0.22999999999999995,0.5,4,2,0.48598130841121495,0.9514824797843666,0.8928150765606596,0.4734363392242526,0.6970443349753694,0.7187318940977908,0.5221338272776679,0.6800019856264788,0.5909090909090909,0.5333333333333333,0.4763238048167814
0.22999999999999995,0.5,5,2,0.5098039215686274,0.9750346740638003,0.9173754556500607,0.5602941638643576,0.676253081347576,0.7424192978162139,0.6378277645712406,0.7050365242334001,0.7428571428571429,0.6046511627906976,0.572688410959761
0.23999999999999994,0.5,1,2,0.5188679245283019,0.9745762711864406,0.9152334152334153,0.5687168855102513,0.6683087027914614,0.7467220978573712,0.640558076733602,0.7111092511879169,0.7534246575342466,0.6145251396648045,0.5812153455517791
0.23999999999999994,0.5,2,2,0.5784313725490197,0.9567567567567568,0.9109263657957245,0.5612816273221162,0.6912972085385878,0.7675940646528883,0.5088793802883096,0.7439207780445168,0.6483516483516484,0.6113989637305699,0.5624471922611156
0.23999999999999994,0.5,3,2,0.5092592592592593,0.95,0.8951612903225806,0.4883534136546185,0.7126436781609196,0.7296296296296296,0.4827993915583959,0.6955546680860508,0.5913978494623656,0.5472636815920398,0.49009951118543016
0.23999999999999994,0.5,4,2,0.48598130841121495,0.9514824797843666,0.8928150765606596,0.4734363392242526,0.6970443349753694,0.7187318940977908,0.5163859506875557,0.6800019856264788,0.5909090909090909,0.5333333333333333,0.4763238048167814
0.23999999999999994,0.5,5,2,0.5,0.9764216366158114,0.9173754556500607,0.5559751820879417,0.676253081347576,0.7382108183079057,0.6351549327890171,0.6987208443347784,0.75,0.6,0.5702053171130284
0.24999999999999992,0.5,1,2,0.5188679245283019,0.9759887005649718,0.9164619164619164,0.5729934890610051,0.6683087027914614,0.7474283125466368,0.643443921290695,0.7116243611802656,0.7638888888888888,0.6179775280898876,0.5865171958775678
0.24999999999999992,0.5,2,2,0.5784313725490197,0.9567567567567568,0.9109263657957245,0.5612816273221162,0.6912972085385878,0.7675940646528883,0.5130032429368426,0.7439207780445168,0.6483516483516484,0.6113989637305699,0.5624471922611156
0.24999999999999992,0.5,3,2,0.49074074074074076,0.95,0.8928571428571429,0.47265410645692346,0.7126436781609196,0.7203703703703703,0.4843319353106944,0.6827911127890459,0.5824175824175825,0.5326633165829145,0.47486555167116384
0.24999999999999992,0.5,4,2,0.4766355140186916,0.9528301886792453,0.8928150765606596,0.46883873141152127,0.6970443349753694,0.7147328513489685,0.5249134830082404,0.6739085299606016,0.5930232558139535,0.5284974093264249,0.4724010274414317
0.24999999999999992,0.5,5,2,0.49019607843137253,0.9778085991678225,0.9173754556500607,0.5515705128205127,0.676253081347576,0.7340023387995975,0.6340733468926838,0.6923279141913464,0.7575757575757576,0.5952380952380952,0.5678034205803477
0.2599999999999999,0.5,1,2,0.5283018867924528,0.9774011299435028,0.918918918918919,0.585552504088623,0.6683087027914614,0.7528515083679779,0.6419736604364917,0.7185839276676231,0.7777777777777778,0.6292134831460674,0.5993726269035881
0.2599999999999999,0.5,2,2,0.5490196078431373,0.9567567567567568,0.9073634204275535,0.5375841383389193,0.6912972085385878,0.752888182299947,0.5058995633770131,0.7247608015034108,0.6363636363636364,0.5894736842105263,0.5394453666288815
0.2599999999999999,0.5,3,2,0.49074074074074076,0.9526315789473684,0.8951612903225806,0.4795614474343092,0.7126436781609196,0.7216861598440546,0.4850134841331704,0.6837361528438094,0.5955056179775281,0.5380710659898477,0.4824180154752712
0.2599999999999999,0.5,4,2,0.4766355140186916,0.9514824797843666,0.8916372202591284,0.4653359618859867,0.6970443349753694,0.7140589969015291,0.5161662228993217,0.6734317640502272,0.5862068965517241,0.5257731958762887,0.46851145215797985
0.2599999999999999,0.5,5,2,0.49019607843137253,0.9778085991678225,0.9173754556500607,0.5515705128205127,0.676253081347576,0.7340023387995975,0.6297158483718704,0.6923279141913464,0.7575757575757576,0.5952380952380952,0.5678034205803477
0.2699999999999999,0.5,1,2,0.5188679245283019,0.9759887005649718,0.9164619164619164,0.5729934890610051,0.6683087027914614,0.7474283125466368,0.6422847885535348,0.7116243611802656,0.7638888888888888,0.6179775280898876,0.5865171958775678
0.2699999999999999,0.5,2,2,0.5490196078431373,0.9567567567567568,0.9073634204275535,0.5375841383389193,0.6912972085385878,0.752888182299947,0.5146457187734564,0.7247608015034108,0.6363636363636364,0.5894736842105263,0.5394453666288815
0.2699999999999999,0.5,3,2,0.48148148148148145,0.9539473684210527,0.8951612903225806,0.47505117367147826,0.7126436781609196,0.717714424951267,0.4812476113555197,0.6777226513867816,0.5977011494252874,0.5333333333333333,0.4785757967436189
0.2699999999999999,0.5,4,2,0.48598130841121495,0.9514824797843666,0.8928150765606596,0.4734363392242526,0.6970443349753694,0.7187318940977908,0.5208470263489751,0.6800019856264788,0.5909090909090909,0.5333333333333333,0.4763238048167814
0.2699999999999999,0.5,5,2,0.47058823529411764,0.9778085991678225,0.9149453219927096,0.5337563328531426,0.676253081347576,0.7241984172309701,0.6296784402278354,0.6783400497816702,0.75,0.5783132530120482,0.5517208304731811
0.2799999999999999,0.5,1,2,0.5094339622641509,0.9759887005649718,0.9152334152334153,0.564692387580798,0.6683087027914614,0.7427113314145614,0.641050839253886,0.7051253724365998,0.7605633802816901,0.6101694915254238,0.578983288349555
0.2799999999999999,0.5,2,2,0.5392156862745098,0.9567567567567568,0.9061757719714965,0.5295424004526488,0.6912972085385878,0.7479862215156332,0.5074933018881524,0.7182605733244508,0.632183908045977,0.582010582010582,0.5316678395328154
0.2799999999999999,0.5,3,2,0.48148148148148145,0.9539473684210527,0.8951612903225806,0.47505117367147826,0.7126436781609196,0.717714424951267,0.48497437184369036,0.6777226513867816,0.5977011494252874,0.5333333333333333,0.4785757967436189
0.2799999999999999,0.5,4,2,0.4766355140186916,0.9514824797843666,0.8916372202591284,0.4653359618859867,0.6970443349753694,0.7140589969015291,0.4597813400968851,0.6734317640502272,0.5862068965517241,0.5257731958762887,0.46851145215797985
0.2799999999999999,0.5,5,2,0.4803921568627451,0.9778085991678225,0.9161603888213852,0.542707821647434,0.676253081347576,0.7291003780152838,0.6285587684521082,0.685369668101215,0.7538461538461538,0.5868263473053892,0.5597991549565212
0.2899999999999999,0.5,1,2,0.5,0.9759887005649718,0.914004914004914,0.5563134616582571,0.6683087027914614,0.737994350282486,0.642071779852189,0.6985659240776678,0.7571428571428571,0.6022727272727273,0.5713874757953771
0.2899999999999999,0.5,2,2,0.5196078431372549,0.9567567567567568,0.9038004750593824,0.5132392194926989,0.6912972085385878,0.7381822999470058,0.5114648046511836,0.7050803605160008,0.6235294117647059,0.5668449197860963,0.5159386030011837
0.2899999999999999,0.5,3,2,0.48148148148148145,0.9552631578947368,0.8963133640552995,0.47856036738399066,0.7126436781609196,0.7183723196881091,0.4809073977181624,0.6781898852591627,0.6046511627906976,0.5360824742268041,0.4824959306446653
0.2899999999999999,0.5,4,2,0.4766355140186916,0.9514824797843666,0.8916372202591284,0.4653359618859867,0.6970443349753694,0.7140589969015291,0.5224316440720292,0.6734317640502272,0.5862068965517241,0.5257731958762887,0.46851145215797985
0.2899999999999999,0.5,5,2,0.4803921568627451,0.9778085991678225,0.9161603888213852,0.542707821647434,0.676253081347576,0.7291003780152838,0.6244534052978297,0.685369668101215,0.7538461538461538,0.5868263473053892,0.5597991549565212
0.29999999999999993,0.5,1,2,0.5,0.9774011299435028,0.9152334152334153,0.5605920733520053,0.6683087027914614,0.7387005649717514,0.639723739771168,0.6990712159513874,0.7681159420289855,0.6057142857142858,0.576833298018808
0.29999999999999993,0.5,2,2,0.5098039215686274,0.9567567567567568,0.9026128266033254,0.5049757664401043,0.6912972085385878,0.7332803391626921,0.47687274442450517,0.6983969835143018,0.6190476190476191,0.5591397849462365,0.5079837661977842
0.29999999999999993,0.5,3,2,0.48148148148148145,0.9552631578947368,0.8963133640552995,0.47856036738399066,0.7126436781609196,0.7183723196881091,0.48431223829611414,0.6781898852591627,0.6046511627906976,0.5360824742268041,0.4824959306446653
0.29999999999999993,0.5,4,2,0.48598130841121495,0.9528301886792453,0.8939929328621908,0.4769590931493349,0.6970443349753694,0.7194057485452301,0.5228792522222445,0.6804834030217375,0.5977011494252874,0.5360824742268041,0.48021390060993996
0.29999999999999993,0.5,5,2,0.4803921568627451,0.9778085991678225,0.9161603888213852,0.542707821647434,0.676253081347576,0.7291003780152838,0.619888781618175,0.685369668101215,0.7538461538461538,0.5868263473053892,0.5597991549565212
0.30999999999999994,0.5,1,2,0.5,0.9788135593220338,0.9164619164619164,0.5649111774878164,0.6683087027914614,0.739406779661017,0.6410166457671919,0.6995761428615308,0.7794117647058824,0.6091954022988506,0.5823876165600771
0.30999999999999994,0.5,2,2,0.5,0.9581081081081081,0.9026128266033254,0.5004052098408104,0.6912972085385878,0.729054054054054,0.5136130319654169,0.6921373086707969,0.6219512195121951,0.5543478260869565,0.504162108212133
0.30999999999999994,0.5,3,2,0.48148148148148145,0.9565789473684211,0.8974654377880185,0.48210023866348467,0.7126436781609196,0.7190302144249513,0.4835550430800239,0.6786567974557858,0.611764705882353,0.538860103626943,0.48647704679355314
0.30999999999999994,0.5,4,2,0.4766355140186916,0.9528301886792453,0.8928150765606596,0.46883873141152127,0.6970443349753694,0.7147328513489685,0.5139841216258725,0.6739085299606016,0.5930232558139535,0.5284974093264249,0.4724010274414317
0.30999999999999994,0.5,5,2,0.47058823529411764,0.9778085991678225,0.9149453219927096,0.5337563328531426,0.676253081347576,0.7241984172309701,0.620591507196454,0.6783400497816702,0.75,0.5783132530120482,0.5517208304731811
0.3199999999999999,0.5,1,2,0.5,0.9788135593220338,0.9164619164619164,0.5649111774878164,0.6683087027914614,0.739406779661017,0.6398710002052632,0.6995761428615308,0.7794117647058824,0.6091954022988506,0.5823876165600771
0.3199999999999999,0.5,2,2,0.5,0.9581081081081081,0.9026128266033254,0.5004052098408104,0.6912972085385878,0.729054054054054,0.47664384737666166,0.6921373086707969,0.6219512195121951,0.5543478260869565,0.504162108212133
0.3199999999999999,0.5,3,2,0.48148148148148145,0.9565789473684211,0.8974654377880185,0.48210023866348467,0.7126436781609196,0.7190302144249513,0.4828396461489092,0.6786567974557858,0.611764705882353,0.538860103626943,0.48647704679355314
0.3199999999999999,0.5,4,2,0.4766355140186916,0.9528301886792453,0.8928150765606596,0.46883873141152127,0.6970443349753694,0.7147328513489685,0.5158353048743887,0.6739085299606016,0.5930232558139535,0.5284974093264249,0.4724010274414317
0.3199999999999999,0.5,5,2,0.47058823529411764,0.9778085991678225,0.9149453219927096,0.5337563328531426,0.676253081347576,0.7241984172309701,0.6174064309965549,0.6783400497816702,0.75,0.5783132530120482,0.5517208304731811
0.32999999999999985,0.5,1,2,0.5,0.9788135593220338,0.9164619164619164,0.5649111774878164,0.6683087027914614,0.739406779661017,0.6381280552073969,0.6995761428615308,0.7794117647058824,0.6091954022988506,0.5823876165600771
0.32999999999999985,0.5,2,2,0.5,0.9594594594594594,0.9038004750593824,0.5042090112094911,0.6912972085385878,0.7297297297297297,0.5121293254812651,0.6926252447967297,0.6296296296296297,0.5573770491803278,0.5084266482571228
0.32999999999999985,0.5,3,2,0.48148148148148145,0.9565789473684211,0.8974654377880185,0.48210023866348467,0.7126436781609196,0.7190302144249513,0.4840694309991005,0.6786567974557858,0.611764705882353,0.538860103626943,0.48647704679355314
0.32999999999999985,0.5,4,2,0.4672897196261682,0.954177897574124,0.8928150765606596,0.46416012983500154,0.6970443349753694,0.7107338086001461,0.5111279297832908,0.66774060999081,0.5952380952380952,0.5235602094240838,0.46847637309682555
0.32999999999999985,0.5,5,2,0.47058823529411764,0.9778085991678225,0.9149453219927096,0.5337563328531426,0.676253081347576,0.7241984172309701,0.6188182797840147,0.6783400497816702,0.75,0.5783132530120482,0.5517208304731811
0.33999999999999986,0.5,1,2,0.5,0.9788135593220338,0.9164619164619164,0.5649111774878164,0.6683087027914614,0.739406779661017,0.6369297638618123,0.6995761428615308,0.7794117647058824,0.6091954022988506,0.5823876165600771
0.33999999999999986,0.5,2,2,0.49019607843137253,0.9581081081081081,0.9014251781472684,0.49196725839984895,0.6912972085385878,0.7241520932697403,0.5128129528783503,0.6853180555828776,0.6172839506172839,0.546448087431694,0.49608249491708534
0.33999999999999986,0.5,3,2,0.48148148148148145,0.9578947368421052,0.8986175115207373,0.48567119155354443,0.7126436781609196,0.7196881091617934,0.48101794211490156,0.6791233886401282,0.6190476190476191,0.5416666666666666,0.49052093352355647
0.33999999999999986,0.5,4,2,0.45794392523364486,0.954177897574124,0.8916372202591284,0.455875386630256,0.6970443349753694,0.7060609114038844,0.5215578582413791,0.6610294787574008,0.5903614457831325,0.5157894736842106,0.46053858526294966
0.33999999999999986,0.5,5,2,0.47058823529411764,0.9778085991678225,0.9149453219927096,0.5337563328531426,0.676253081347576,0.7241984172309701,0.6151420533801042,0.6783400497816702,0.75,0.5783132530120482,0.5517208304731811
0.34999999999999987,0.5,1,2,0.49056603773584906,0.9788135593220338,0.9152334152334153,0.5564137800312754,0.6683087027914614,0.7346897985289416,0.6362641690979375,0.6929449397165215,0.7761194029850746,0.6011560693641619,0.5747726136768656
0.34999999999999987,0.5,2,2,0.49019607843137253,0.9581081081081081,0.9014251781472684,0.49196725839984895,0.6912972085385878,0.7241520932697403,0.5159906587609145,0.6853180555828776,0.6172839506172839,0.546448087431694,0.49608249491708534
0.34999999999999987,0.5,3,2,0.46296296296296297,0.9578947368421052,0.8963133640552995,0.4693223194391607,0.7126436781609196,0.7104288499025341,0.4766439493423376,0.6659352713102443,0.6097560975609756,0.5263157894736842,0.4749367236002106
0.34999999999999987,0.5,4,2,0.45794392523364486,0.954177897574124,0.8916372202591284,0.455875386630256,0.6970443349753694,0.7060609114038844,0.5077624518608252,0.6610294787574008,0.5903614457831325,0.5157894736842106,0.46053858526294966
0.34999999999999987,0.5,5,2,0.47058823529411764,0.9778085991678225,0.9149453219927096,0.5337563328531426,0.676253081347576,0.7241984172309701,0.6120976577353183,0.6783400497816702,0.75,0.5783132530120482,0.5517208304731811
0.3599999999999999,0.5,1,2,0.49056603773584906,0.9788135593220338,0.9152334152334153,0.5564137800312754,0.6683087027914614,0.7346897985289416,0.6338037603895058,0.6929449397165215,0.7761194029850746,0.6011560693641619,0.5747726136768656
0.3599999999999999,0.5,2,2,0.4803921568627451,0.9581081081081081,0.9002375296912114,0.483450673366247,0.6912972085385878,0.7192501324854266,0.5124324865682626,0.6784302621211249,0.6125,0.5384615384615384,0.4879365225445778
0.3599999999999999,0.5,3,2,0.4537037037037037,0.9578947368421052,0.8951612903225806,0.4610387838096016,0.7126436781609196,0.7057992202729044,0.4798589880308394,0.6592422846446879,0.6049382716049383,0.5185185185185185,0.46704907782462196
0.3599999999999999,0.5,4,2,0.4485981308411215,0.954177897574124,0.8904593639575972,0.4475170208448496,0.6970443349753694,0.7013880142076228,0.48593202456870027,0.6542495100049087,0.5853658536585366,0.5079365079365079,0.45253570277927
0.3599999999999999,0.5,5,2,0.47058823529411764,0.9778085991678225,0.9149453219927096,0.5337563328531426,0.676253081347576,0.7241984172309701,0.6117331353707327,0.6783400497816702,0.75,0.5783132530120482,0.5517208304731811
0.3699999999999999,0.5,1,2,0.49056603773584906,0.9788135593220338,0.9152334152334153,0.5564137800312754,0.6683087027914614,0.7346897985289416,0.6334077603828675,0.6929449397165215,0.7761194029850746,0.6011560693641619,0.5747726136768656
0.3699999999999999,0.5,2,2,0.4803921568627451,0.9594594594594594,0.9014251781472684,0.4872107186358099,0.6912972085385878,0.7199258081611023,0.47813899439202195,0.6789085351887199,0.620253164556962,0.5414364640883977,0.4922053425217444
0.3699999999999999,0.5,3,2,0.4444444444444444,0.9578947368421052,0.8940092165898618,0.45268121504550957,0.7126436781609196,0.7011695906432749,0.4797743258636,0.6524806465727905,0.6,0.5106382978723404,0.4590953558138078
0.3699999999999999,0.5,4,2,0.4392523364485981,0.954177897574124,0.889281507656066,0.4390840467254249,0.6970443349753694,0.696715117011361,0.5134704049545801,0.6473985410062685,0.5802469135802469,0.5,0.4444659064178192
0.3699999999999999,0.5,5,2,0.47058823529411764,0.9778085991678225,0.9149453219927096,0.5337563328531426,0.676253081347576,0.7241984172309701,0.6100536796480024,0.6783400497816702,0.75,0.5783132530120482,0.5517208304731811
0.3799999999999999,0.5,1,2,0.4811320754716981,0.9788135593220338,0.914004914004914,0.5478351955307262,0.6683087027914614,0.729972817396866,0.6341615057201899,0.6862496625109918,0.7727272727272727,0.5930232558139535,0.5670917068753937
0.3799999999999999,0.5,2,2,0.4803921568627451,0.9594594594594594,0.9014251781472684,0.4872107186358099,0.6912972085385878,0.7199258081611023,0.51319643652646,0.6789085351887199,0.620253164556962,0.5414364640883977,0.4922053425217444
0.3799999999999999,0.5,3,2,0.4444444444444444,0.9578947368421052,0.8940092165898618,0.45268121504550957,0.7126436781609196,0.7011695906432749,0.4788794957520879,0.6524806465727905,0.6,0.5106382978723404,0.4590953558138078
0.3799999999999999,0.5,4,2,0.4392523364485981,0.954177897574124,0.889281507656066,0.4390840467254249,0.6970443349753694,0.696715117011361,0.5098818815095641,0.6473985410062685,0.5802469135802469,0.5,0.4444659064178192
0.3799999999999999,0.5,5,2,0.47058823529411764,0.9778085991678225,0.9149453219927096,0.5337563328531426,0.676253081347576,0.7241984172309701,0.6089059063837854,0.6783400497816702,0.75,0.5783132530120482,0.5517208304731811
0.3899999999999999,0.5,1,2,0.4811320754716981,0.9788135593220338,0.914004914004914,0.5478351955307262,0.6683087027914614,0.729972817396866,0.633708466264935,0.6862496625109918,0.7727272727272727,0.5930232558139535,0.5670917068753937
0.3899999999999999,0.5,2,2,0.4803921568627451,0.9594594594594594,0.9014251781472684,0.4872107186358099,0.6912972085385878,0.7199258081611023,0.5126905409307299,0.6789085351887199,0.620253164556962,0.5414364640883977,0.4922053425217444
0.3899999999999999,0.5,3,2,0.4444444444444444,0.9592105263157895,0.8951612903225806,0.4562002588604631,0.7126436781609196,0.701827485380117,0.47813090636758376,0.6529286250990105,0.6075949367088608,0.5133689839572193,0.46320893872658214
0.3899999999999999,0.5,4,2,0.4392523364485981,0.954177897574124,0.889281507656066,0.4390840467254249,0.6970443349753694,0.696715117011361,0.5055373022455923,0.6473985410062685,0.5802469135802469,0.5,0.4444659064178192
0.3899999999999999,0.5,5,2,0.47058823529411764,0.9778085991678225,0.9149453219927096,0.5337563328531426,0.676253081347576,0.7241984172309701,0.6104871281652805,0.6783400497816702,0.75,0.5783132530120482,0.5517208304731811
0.3999999999999998,0.5,1,2,0.4811320754716981,0.9788135593220338,0.914004914004914,0.5478351955307262,0.6683087027914614,0.729972817396866,0.6327157710008634,0.6862496625109918,0.7727272727272727,0.5930232558139535,0.5670917068753937
0.3999999999999998,0.5,2,2,0.4803921568627451,0.9594594594594594,0.9014251781472684,0.4872107186358099,0.6912972085385878,0.7199258081611023,0.5121401599773002,0.6789085351887199,0.620253164556962,0.5414364640883977,0.4922053425217444
0.3999999999999998,0.5,3,2,0.4444444444444444,0.9592105263157895,0.8951612903225806,0.4562002588604631,0.7126436781609196,0.701827485380117,0.4737464376084154,0.6529286250990105,0.6075949367088608,0.5133689839572193,0.46320893872658214
0.3999999999999998,0.5,4,2,0.4392523364485981,0.954177897574124,0.889281507656066,0.4390840467254249,0.6970443349753694,0.696715117011361,0.5149429167669505,0.6473985410062685,0.5802469135802469,0.5,0.4444659064178192
0.3999999999999998,0.5,5,2,0.46078431372549017,0.9778085991678225,0.913730255164034,0.5247147051885834,0.676253081347576,0.7192964564466563,0.6095808763312079,0.6712368168704902,0.746031746031746,0.5696969696969697,0.5435659665689015
0.4099999999999998,0.5,1,2,0.4811320754716981,0.9788135593220338,0.914004914004914,0.5478351955307262,0.6683087027914614,0.729972817396866,0.6321872033766155,0.6862496625109918,0.7727272727272727,0.5930232558139535,0.5670917068753937
0.4099999999999998,0.5,2,2,0.4803921568627451,0.9594594594594594,0.9014251781472684,0.4872107186358099,0.6912972085385878,0.7199258081611023,0.5121245514878373,0.6789085351887199,0.620253164556962,0.5414364640883977,0.4922053425217444
0.4099999999999998,0.5,3,2,0.4537037037037037,0.9592105263157895,0.8963133640552995,0.46457944950104163,0.7126436781609196,0.7064571150097466,0.4776196723715523,0.6596949055594205,0.6125,0.5212765957446809,0.47116217899835194
0.4099999999999998,0.5,4,2,0.42990654205607476,0.954177897574124,0.8881036513545347,0.4305754608416936,0.6970443349753694,0.6920422198150994,0.5100137588519624,0.6404742933579982,0.575,0.4919786096256685,0.4363273044559984
0.4099999999999998,0.5,5,2,0.46078431372549017,0.9778085991678225,0.913730255164034,0.5247147051885834,0.676253081347576,0.7192964564466563,0.6043092825480506,0.6712368168704902,0.746031746031746,0.5696969696969697,0.5435659665689015
0.4199999999999998,0.5,1,2,0.4811320754716981,0.9788135593220338,0.914004914004914,0.5478351955307262,0.6683087027914614,0.729972817396866,0.6321743792560917,0.6862496625109918,0.7727272727272727,0.5930232558139535,0.5670917068753937
0.4199999999999998,0.5,2,2,0.4803921568627451,0.9594594594594594,0.9014251781472684,0.4872107186358099,0.6912972085385878,0.7199258081611023,0.5124338366476332,0.6789085351887199,0.620253164556962,0.5414364640883977,0.4922053425217444
0.4199999999999998,0.5,3,2,0.4537037037037037,0.9592105263157895,0.8963133640552995,0.46457944950104163,0.7126436781609196,0.7064571150097466,0.47769853834621673,0.6596949055594205,0.6125,0.5212765957446809,0.47116217899835194
0.4199999999999998,0.5,4,2,0.42990654205607476,0.954177897574124,0.8881036513545347,0.4305754608416936,0.6970443349753694,0.6920422198150994,0.4946243079019328,0.6404742933579982,0.575,0.4919786096256685,0.4363273044559984
0.4199999999999998,0.5,5,2,0.46078431372549017,0.9778085991678225,0.913730255164034,0.5247147051885834,0.676253081347576,0.7192964564466563,0.6079787362489946,0.6712368168704902,0.746031746031746,0.5696969696969697,0.5435659665689015
0.4299999999999998,0.5,1,2,0.4811320754716981,0.9788135593220338,0.914004914004914,0.5478351955307262,0.6683087027914614,0.729972817396866,0.6298745378174093,0.6862496625109918,0.7727272727272727,0.5930232558139535,0.5670917068753937
0.4299999999999998,0.5,2,2,0.4803921568627451,0.9594594594594594,0.9014251781472684,0.4872107186358099,0.6912972085385878,0.7199258081611023,0.51131112300909,0.6789085351887199,0.620253164556962,0.5414364640883977,0.4922053425217444
0.4299999999999998,0.5,3,2,0.4537037037037037,0.9605263157894737,0.8974654377880185,0.46815190152287073,0.7126436781609196,0.7071150097465887,0.4770828362416062,0.6601472161408829,0.620253164556962,0.5240641711229946,0.47534419644765763
0.4299999999999998,0.5,4,2,0.411214953271028,0.954177897574124,0.8857479387514723,0.4133273492765701,0.6970443349753694,0.682696425422576,0.5132586966287266,0.6263962161150011,0.5641025641025641,0.4756756756756757,0.4198357306019152
0.4299999999999998,0.5,5,2,0.46078431372549017,0.9764216366158114,0.9125151883353585,0.5204350852203755,0.676253081347576,0.7186029751706507,0.6060221430495782,0.6707605934569625,0.734375,0.5662650602409639,0.5379512330847948
0.43999999999999984,0.5,1,2,0.4811320754716981,0.9788135593220338,0.914004914004914,0.5478351955307262,0.6683087027914614,0.729972817396866,0.6300891399712922,0.6862496625109918,0.7727272727272727,0.5930232558139535,0.5670917068753937
0.43999999999999984,0.5,2,2,0.47058823529411764,0.9594594594594594,0.9002375296912114,0.4785916489738146,0.6912972085385878,0.7150238473767885,0.4763120473409512,0.6719451866508719,0.6153846153846154,0.5333333333333333,0.4839924524006075
0.43999999999999984,0.5,3,2,0.4537037037037037,0.9605263157894737,0.8974654377880185,0.46815190152287073,0.7126436781609196,0.7071150097465887,0.48224478617457933,0.6601472161408829,0.620253164556962,0.5240641711229946,0.47534419644765763
0.43999999999999984,0.5,4,2,0.411214953271028,0.954177897574124,0.8857479387514723,0.4133273492765701,0.6970443349753694,0.682696425422576,0.5166731582839901,0.6263962161150011,0.5641025641025641,0.4756756756756757,0.4198357306019152
0.43999999999999984,0.5,5,2,0.46078431372549017,0.9764216366158114,0.9125151883353585,0.5204350852203755,0.676253081347576,0.7186029751706507,0.6070453795645734,0.6707605934569625,0.734375,0.5662650602409639,0.5379512330847948
0.44999999999999984,0.5,1,2,0.4811320754716981,0.9788135593220338,0.914004914004914,0.5478351955307262,0.6683087027914614,0.729972817396866,0.6294197812081851,0.6862496625109918,0.7727272727272727,0.5930232558139535,0.5670917068753937
0.44999999999999984,0.5,2,2,0.47058823529411764,0.9594594594594594,0.9002375296912114,0.4785916489738146,0.6912972085385878,0.7150238473767885,0.5106867774453072,0.6719451866508719,0.6153846153846154,0.5333333333333333,0.4839924524006075
0.44999999999999984,0.5,3,2,0.4537037037037037,0.9605263157894737,0.8974654377880185,0.46815190152287073,0.7126436781609196,0.7071150097465887,0.47679741656840946,0.6601472161408829,0.620253164556962,0.5240641711229946,0.47534419644765763
0.44999999999999984,0.5,4,2,0.411214953271028,0.954177897574124,0.8857479387514723,0.4133273492765701,0.6970443349753694,0.682696425422576,0.5065282478555764,0.6263962161150011,0.5641025641025641,0.4756756756756757,0.4198357306019152
0.44999999999999984,0.5,5,2,0.46078431372549017,0.9764216366158114,0.9125151883353585,0.5204350852203755,0.676253081347576,0.7186029751706507,0.6059499934775456,0.6707605934569625,0.734375,0.5662650602409639,0.5379512330847948
0.45999999999999985,0.5,1,2,0.4811320754716981,0.9788135593220338,0.914004914004914,0.5478351955307262,0.6683087027914614,0.729972817396866,0.6288070855462602,0.6862496625109918,0.7727272727272727,0.5930232558139535,0.5670917068753937
0.45999999999999985,0.5,2,2,0.47058823529411764,0.9594594594594594,0.9002375296912114,0.4785916489738146,0.6912972085385878,0.7150238473767885,0.5102132417336898,0.6719451866508719,0.6153846153846154,0.5333333333333333,0.4839924524006075
0.45999999999999985,0.5,3,2,0.4537037037037037,0.9605263157894737,0.8974654377880185,0.46815190152287073,0.7126436781609196,0.7071150097465887,0.476410539617967,0.6601472161408829,0.620253164556962,0.5240641711229946,0.47534419644765763
0.45999999999999985,0.5,4,2,0.411214953271028,0.954177897574124,0.8857479387514723,0.4133273492765701,0.6970443349753694,0.682696425422576,0.5090784310331004,0.6263962161150011,0.5641025641025641,0.4756756756756757,0.4198357306019152
0.45999999999999985,0.5,5,2,0.46078431372549017,0.9750346740638003,0.9113001215066828,0.5161981301487343,0.676253081347576,0.7179094938946452,0.6034586755608794,0.670284031696299,0.7230769230769231,0.562874251497006,0.5324546017601407
0.46999999999999986,0.5,1,2,0.4811320754716981,0.9788135593220338,0.914004914004914,0.5478351955307262,0.6683087027914614,0.729972817396866,0.6281156800693912,0.6862496625109918,0.7727272727272727,0.5930232558139535,0.5670917068753937
0.46999999999999986,0.5,2,2,0.47058823529411764,0.9594594594594594,0.9002375296912114,0.4785916489738146,0.6912972085385878,0.7150238473767885,0.5096227782952464,0.6719451866508719,0.6153846153846154,0.5333333333333333,0.4839924524006075
0.46999999999999986,0.5,3,2,0.4537037037037037,0.9605263157894737,0.8974654377880185,0.46815190152287073,0.7126436781609196,0.7071150097465887,0.4686094234809559,0.6601472161408829,0.620253164556962,0.5240641711229946,0.47534419644765763
0.46999999999999986,0.5,4,2,0.411214953271028,0.954177897574124,0.8857479387514723,0.4133273492765701,0.6970443349753694,0.682696425422576,0.5089616279600896,0.6263962161150011,0.5641025641025641,0.4756756756756757,0.4198357306019152
0.46999999999999986,0.5,5,2,0.45098039215686275,0.9750346740638003,0.9100850546780073,0.5071138375876076,0.676253081347576,0.7130075331103315,0.6024463089129504,0.6631150124042069,0.71875,0.5542168674698795,0.5241816356964084
0.47999999999999976,0.5,1,2,0.4811320754716981,0.9788135593220338,0.914004914004914,0.5478351955307262,0.6683087027914614,0.729972817396866,0.6276370137734568,0.6862496625109918,0.7727272727272727,0.5930232558139535,0.5670917068753937
0.47999999999999976,0.5,2,2,0.47058823529411764,0.9594594594594594,0.9002375296912114,0.4785916489738146,0.6912972085385878,0.7150238473767885,0.5089165070324848,0.6719451866508719,0.6153846153846154,0.5333333333333333,0.4839924524006075
0.47999999999999976,0.5,3,2,0.4537037037037037,0.9605263157894737,0.8974654377880185,0.46815190152287073,0.7126436781609196,0.7071150097465887,0.4762158006068232,0.6601472161408829,0.620253164556962,0.5240641711229946,0.47534419644765763
0.47999999999999976,0.5,4,2,0.411214953271028,0.954177897574124,0.8857479387514723,0.4133273492765701,0.6970443349753694,0.682696425422576,0.5144796861385675,0.6263962161150011,0.5641025641025641,0.4756756756756757,0.4198357306019152
0.47999999999999976,0.5,5,2,0.45098039215686275,0.9750346740638003,0.9100850546780073,0.5071138375876076,0.676253081347576,0.7130075331103315,0.6016036888827987,0.6631150124042069,0.71875,0.5542168674698795,0.5241816356964084
0.48999999999999977,0.5,1,2,0.4811320754716981,0.980225988700565,0.9152334152334153,0.5521552617730081,0.6683087027914614,0.7306790320861316,0.6284404508768605,0.6867446136481888,0.7846153846153846,0.5964912280701754,0.5728093395414948
0.48999999999999977,0.5,2,2,0.47058823529411764,0.9594594594594594,0.9002375296912114,0.4785916489738146,0.6912972085385878,0.7150238473767885,0.5088668361433012,0.6719451866508719,0.6153846153846154,0.5333333333333333,0.4839924524006075
0.48999999999999977,0.5,3,2,0.4537037037037037,0.9605263157894737,0.8974654377880185,0.46815190152287073,0.7126436781609196,0.7071150097465887,0.46855079319957527,0.6601472161408829,0.620253164556962,0.5240641711229946,0.47534419644765763
0.48999999999999977,0.5,4,2,0.411214953271028,0.954177897574124,0.8857479387514723,0.4133273492765701,0.6970443349753694,0.682696425422576,0.5135438056877585,0.6263962161150011,0.5641025641025641,0.4756756756756757,0.4198357306019152
0.48999999999999977,0.5,5,2,0.4411764705882353,0.9750346740638003,0.9088699878493317,0.4979380688611795,0.676253081347576,0.7081055723260178,0.600577058094616,0.6558676361924086,0.7142857142857143,0.5454545454545454,0.5158273343886997
0.4999999999999998,0.5,1,2,0.4811320754716981,0.980225988700565,0.9152334152334153,0.5521552617730081,0.6683087027914614,0.7306790320861316,0.6263557664875599,0.6867446136481888,0.7846153846153846,0.5964912280701754,0.5728093395414948
0.4999999999999998,0.5,2,2,0.47058823529411764,0.9594594594594594,0.9002375296912114,0.4785916489738146,0.6912972085385878,0.7150238473767885,0.50838351934352,0.6719451866508719,0.6153846153846154,0.5333333333333333,0.4839924524006075
0.4999999999999998,0.5,3,2,0.4537037037037037,0.9605263157894737,0.8974654377880185,0.46815190152287073,0.7126436781609196,0.7071150097465887,0.4787404855971233,0.6601472161408829,0.620253164556962,0.5240641711229946,0.47534419644765763
0.4999999999999998,0.5,4,2,0.411214953271028,0.954177897574124,0.8857479387514723,0.4133273492765701,0.6970443349753694,0.682696425422576,0.5097148461460215,0.6263962161150011,0.5641025641025641,0.4756756756756757,0.4198357306019152
0.4999999999999998,0.5,5,2,0.4411764705882353,0.9750346740638003,0.9088699878493317,0.4979380688611795,0.676253081347576,0.7081055723260178,0.5974681330903684,0.6558676361924086,0.7142857142857143,0.5454545454545454,0.5158273343886997
0.5099999999999998,0.5,1,2,0.4811320754716981,0.980225988700565,0.9152334152334153,0.5521552617730081,0.6683087027914614,0.7306790320861316,0.6235245949474943,0.6867446136481888,0.7846153846153846,0.5964912280701754,0.5728093395414948
0.5099999999999998,0.5,2,2,0.47058823529411764,0.9594594594594594,0.9002375296912114,0.4785916489738146,0.6912972085385878,0.7150238473767885,0.5079138279335489,0.6719451866508719,0.6153846153846154,0.5333333333333333,0.4839924524006075
0.5099999999999998,0.5,3,2,0.4537037037037037,0.9605263157894737,0.8974654377880185,0.46815190152287073,0.7126436781609196,0.7071150097465887,0.4756752124960695,0.6601472161408829,0.620253164556962,0.5240641711229946,0.47534419644765763
0.5099999999999998,0.5,4,2,0.411214953271028,0.954177897574124,0.8857479387514723,0.4133273492765701,0.6970443349753694,0.682696425422576,0.5065290352401322,0.6263962161150011,0.5641025641025641,0.4756756756756757,0.4198357306019152
0.5099999999999998,0.5,5,2,0.4411764705882353,0.9750346740638003,0.9088699878493317,0.4979380688611795,0.676253081347576,0.7081055723260178,0.5966460764286423,0.6558676361924086,0.7142857142857143,0.5454545454545454,0.5158273343886997
0.5199999999999998,0.5,1,2,0.4811320754716981,0.980225988700565,0.9152334152334153,0.5521552617730081,0.6683087027914614,0.7306790320861316,0.6250867697459905,0.6867446136481888,0.7846153846153846,0.5964912280701754,0.5728093395414948
0.5199999999999998,0.5,2,2,0.47058823529411764,0.9594594594594594,0.9002375296912114,0.4785916489738146,0.6912972085385878,0.7150238473767885,0.5109693812932635,0.6719451866508719,0.6153846153846154,0.5333333333333333,0.4839924524006075
0.5199999999999998,0.5,3,2,0.4537037037037037,0.9605263157894737,0.8974654377880185,0.46815190152287073,0.7126436781609196,0.7071150097465887,0.4783107642004519,0.6601472161408829,0.620253164556962,0.5240641711229946,0.47534419644765763
0.5199999999999998,0.5,4,2,0.411214953271028,0.954177897574124,0.8857479387514723,0.4133273492765701,0.6970443349753694,0.682696425422576,0.4783203770344473,0.6263962161150011,0.5641025641025641,0.4756756756756757,0.4198357306019152
0.5199999999999998,0.5,5,2,0.4411764705882353,0.9750346740638003,0.9088699878493317,0.4979380688611795,0.676253081347576,0.7081055723260178,0.5955642383047812,0.6558676361924086,0.7142857142857143,0.5454545454545454,0.5158273343886997
0.5299999999999998,0.5,1,2,0.4811320754716981,0.980225988700565,0.9152334152334153,0.5521552617730081,0.6683087027914614,0.7306790320861316,0.6261465144191576,0.6867446136481888,0.7846153846153846,0.5964912280701754,0.5728093395414948
0.5299999999999998,0.5,2,2,0.47058823529411764,0.9594594594594594,0.9002375296912114,0.4785916489738146,0.6912972085385878,0.7150238473767885,0.5025279319677346,0.6719451866508719,0.6153846153846154,0.5333333333333333,0.4839924524006075
0.5299999999999998,0.5,3,2,0.4537037037037037,0.9605263157894737,0.8974654377880185,0.46815190152287073,0.7126436781609196,0.7071150097465887,0.4743691467456539,0.6601472161408829,0.620253164556962,0.5240641711229946,0.47534419644765763
0.5299999999999998,0.5,4,2,0.411214953271028,0.954177897574124,0.8857479387514723,0.4133273492765701,0.6970443349753694,0.682696425422576,0.508435749333522,0.6263962161150011,0.5641025641025641,0.4756756756756757,0.4198357306019152
0.5299999999999998,0.5,5,2,0.4411764705882353,0.9750346740638003,0.9088699878493317,0.4979380688611795,0.676253081347576,0.7081055723260178,0.5947072052064926,0.6558676361924086,0.7142857142857143,0.5454545454545454,0.5158273343886997
0.5399999999999998,0.5,1,2,0.4811320754716981,0.980225988700565,0.9152334152334153,0.5521552617730081,0.6683087027914614,0.7306790320861316,0.6248229638262629,0.6867446136481888,0.7846153846153846,0.5964912280701754,0.5728093395414948
0.5399999999999998,0.5,2,2,0.47058823529411764,0.9594594594594594,0.9002375296912114,0.4785916489738146,0.6912972085385878,0.7150238473767885,0.5065536979787534,0.6719451866508719,0.6153846153846154,0.5333333333333333,0.4839924524006075
0.5399999999999998,0.5,3,2,0.4537037037037037,0.9605263157894737,0.8974654377880185,0.46815190152287073,0.7126436781609196,0.7071150097465887,0.4713631868829232,0.6601472161408829,0.620253164556962,0.5240641711229946,0.47534419644765763
0.5399999999999998,0.5,4,2,0.411214953271028,0.9555256064690026,0.8869257950530035,0.41673703645393523,0.6970443349753694,0.6833702798700154,0.46836017484972936,0.6268384302301684,0.5714285714285714,0.4782608695652174,0.42383690756019465
0.5399999999999998,0.5,5,2,0.4411764705882353,0.9750346740638003,0.9088699878493317,0.4979380688611795,0.676253081347576,0.7081055723260178,0.5964734890696421,0.6558676361924086,0.7142857142857143,0.5454545454545454,0.5158273343886997
0.5499999999999998,0.5,1,2,0.4716981132075472,0.980225988700565,0.914004914004914,0.5434733839694902,0.6683087027914614,0.7259620509540561,0.6243931050449333,0.6799784918562196,0.78125,0.5882352941176471,0.5650858681120127
0.5499999999999998,0.5,2,2,0.47058823529411764,0.9594594594594594,0.9002375296912114,0.4785916489738146,0.6912972085385878,0.7150238473767885,0.5059923551341324,0.6719451866508719,0.6153846153846154,0.5333333333333333,0.4839924524006075
0.5499999999999998,0.5,3,2,0.4444444444444444,0.9605263157894737,0.8963133640552995,0.45975103734439793,0.7126436781609196,0.702485380116959,0.4752005177608499,0.6533762964749499,0.6153846153846154,0.5161290322580645,0.46739223634909327
0.5499999999999998,0.5,4,2,0.411214953271028,0.9555256064690026,0.8869257950530035,0.41673703645393523,0.6970443349753694,0.6833702798700154,0.4797426071383203,0.6268384302301684,0.5714285714285714,0.4782608695652174,0.42383690756019465
0.5499999999999998,0.5,5,2,0.4411764705882353,0.9750346740638003,0.9088699878493317,0.4979380688611795,0.676253081347576,0.7081055723260178,0.5971484640474445,0.6558676361924086,0.7142857142857143,0.5454545454545454,0.5158273343886997
0.5599999999999997,0.5,1,2,0.4716981132075472,0.980225988700565,0.914004914004914,0.5434733839694902,0.6683087027914614,0.7259620509540561,0.6239558857436553,0.6799784918562196,0.78125,0.5882352941176471,0.5650858681120127
0.5599999999999997,0.5,2,2,0.47058823529411764,0.9594594594594594,0.9002375296912114,0.4785916489738146,0.6912972085385878,0.7150238473767885,0.4715893920281401,0.6719451866508719,0.6153846153846154,0.5333333333333333,0.4839924524006075
0.5599999999999997,0.5,3,2,0.4444444444444444,0.9605263157894737,0.8963133640552995,0.45975103734439793,0.7126436781609196,0.702485380116959,0.4750409026293405,0.6533762964749499,0.6153846153846154,0.5161290322580645,0.46739223634909327
0.5599999999999997,0.5,4,2,0.40186915887850466,0.9555256064690026,0.8857479387514723,0.40797107179571945,0.6970443349753694,0.6786973826737537,0.503317362853048,0.6196743271740174,0.5657894736842105,0.46994535519125685,0.4154755635925248
0.5599999999999997,0.5,5,2,0.4411764705882353,0.9764216366158114,0.9100850546780073,0.5021255027631534,0.676253081347576,0.7087990536020233,0.5973857104703065,0.6563339481149456,0.7258064516129032,0.5487804878048781,0.5213604305433813
0.5699999999999997,0.5,1,2,0.4716981132075472,0.980225988700565,0.914004914004914,0.5434733839694902,0.6683087027914614,0.7259620509540561,0.6250509148540072,0.6799784918562196,0.78125,0.5882352941176471,0.5650858681120127
0.5699999999999997,0.5,2,2,0.47058823529411764,0.9594594594594594,0.9002375296912114,0.4785916489738146,0.6912972085385878,0.7150238473767885,0.5063857146927037,0.6719451866508719,0.6153846153846154,0.5333333333333333,0.4839924524006075
0.5699999999999997,0.5,3,2,0.4444444444444444,0.9605263157894737,0.8963133640552995,0.45975103734439793,0.7126436781609196,0.702485380116959,0.474961087781426,0.6533762964749499,0.6153846153846154,0.5161290322580645,0.46739223634909327
0.5699999999999997,0.5,4,2,0.40186915887850466,0.9555256064690026,0.8857479387514723,0.40797107179571945,0.6970443349753694,0.6786973826737537,0.5011170921947672,0.6196743271740174,0.5657894736842105,0.46994535519125685,0.4154755635925248
0.5699999999999997,0.5,5,2,0.4411764705882353,0.9764216366158114,0.9100850546780073,0.5021255027631534,0.676253081347576,0.7087990536020233,0.5978746037775204,0.6563339481149456,0.7258064516129032,0.5487804878048781,0.5213604305433813
0.5799999999999997,0.5,1,2,0.4716981132075472,0.980225988700565,0.914004914004914,0.5434733839694902,0.6683087027914614,0.7259620509540561,0.6236789690017229,0.6799784918562196,0.78125,0.5882352941176471,0.5650858681120127
0.5799999999999997,0.5,2,2,0.47058823529411764,0.9594594594594594,0.9002375296912114,0.4785916489738146,0.6912972085385878,0.7150238473767885,0.5057417966072304,0.6719451866508719,0.6153846153846154,0.5333333333333333,0.4839924524006075
0.5799999999999997,0.5,3,2,0.4444444444444444,0.9605263157894737,0.8963133640552995,0.45975103734439793,0.7126436781609196,0.702485380116959,0.4776169772825237,0.6533762964749499,0.6153846153846154,0.5161290322580645,0.46739223634909327
0.5799999999999997,0.5,4,2,0.40186915887850466,0.9555256064690026,0.8857479387514723,0.40797107179571945,0.6970443349753694,0.6786973826737537,0.5046438175709211,0.6196743271740174,0.5657894736842105,0.46994535519125685,0.4154755635925248
0.5799999999999997,0.5,5,2,0.4411764705882353,0.9764216366158114,0.9100850546780073,0.5021255027631534,0.676253081347576,0.7087990536020233,0.5994713275814516,0.6563339481149456,0.7258064516129032,0.5487804878048781,0.5213604305433813
0.5899999999999997,0.5,1,2,0.46226415094339623,0.980225988700565,0.9127764127764127,0.5347073504548746,0.6683087027914614,0.7212450698219806,0.623180329421123,0.6731443637135482,0.7777777777777778,0.5798816568047337,0.5572921371982635
0.5899999999999997,0.5,2,2,0.47058823529411764,0.9594594594594594,0.9002375296912114,0.4785916489738146,0.6912972085385878,0.7150238473767885,0.5057276437404258,0.6719451866508719,0.6153846153846154,0.5333333333333333,0.4839924524006075
0.5899999999999997,0.5,3,2,0.4444444444444444,0.9605263157894737,0.8963133640552995,0.45975103734439793,0.7126436781609196,0.702485380116959,0.4748259528054197,0.6533762964749499,0.6153846153846154,0.5161290322580645,0.46739223634909327
0.5899999999999997,0.5,4,2,0.40186915887850466,0.9555256064690026,0.8857479387514723,0.40797107179571945,0.6970443349753694,0.6786973826737537,0.5067032506286764,0.6196743271740174,0.5657894736842105,0.46994535519125685,0.4154755635925248
0.5899999999999997,0.5,5,2,0.4411764705882353,0.9764216366158114,0.9100850546780073,0.5021255027631534,0.676253081347576,0.7087990536020233,0.5992973962233531,0.6563339481149456,0.7258064516129032,0.5487804878048781,0.5213604305433813
0.5999999999999998,0.5,1,2,0.46226415094339623,0.980225988700565,0.9127764127764127,0.5347073504548746,0.6683087027914614,0.7212450698219806,0.6207636946285087,0.6731443637135482,0.7777777777777778,0.5798816568047337,0.5572921371982635
0.5999999999999998,0.5,2,2,0.46078431372549017,0.9594594594594594,0.8990498812351544,0.46989111917635723,0.6912972085385878,0.7101218865924748,0.5056669708801234,0.6649089175025831,0.6103896103896104,0.5251396648044693,0.4757087642402155
0.5999999999999998,0.5,3,2,0.4444444444444444,0.9605263157894737,0.8963133640552995,0.45975103734439793,0.7126436781609196,0.702485380116959,0.47472864185729613,0.6533762964749499,0.6153846153846154,0.5161290322580645,0.46739223634909327
0.5999999999999998,0.5,4,2,0.40186915887850466,0.9555256064690026,0.8857479387514723,0.40797107179571945,0.6970443349753694,0.6786973826737537,0.510152633105264,0.6196743271740174,0.5657894736842105,0.46994535519125685,0.4154755635925248
0.5999999999999998,0.5,5,2,0.4411764705882353,0.9764216366158114,0.9100850546780073,0.5021255027631534,0.676253081347576,0.7087990536020233,0.5975105439636335,0.6563339481149456,0.7258064516129032,0.5487804878048781,0.5213604305433813
0.6099999999999998,0.5,1,2,0.46226415094339623,0.980225988700565,0.9127764127764127,0.5347073504548746,0.6683087027914614,0.7212450698219806,0.6202306846951269,0.6731443637135482,0.7777777777777778,0.5798816568047337,0.5572921371982635
0.6099999999999998,0.5,2,2,0.46078431372549017,0.9594594594594594,0.8990498812351544,0.46989111917635723,0.6912972085385878,0.7101218865924748,0.5055048286061719,0.6649089175025831,0.6103896103896104,0.5251396648044693,0.4757087642402155
0.6099999999999998,0.5,3,2,0.4444444444444444,0.9605263157894737,0.8963133640552995,0.45975103734439793,0.7126436781609196,0.702485380116959,0.4748226417522532,0.6533762964749499,0.6153846153846154,0.5161290322580645,0.46739223634909327
0.6099999999999998,0.5,4,2,0.40186915887850466,0.9555256064690026,0.8857479387514723,0.40797107179571945,0.6970443349753694,0.6786973826737537,0.4772872555749101,0.6196743271740174,0.5657894736842105,0.46994535519125685,0.4154755635925248
0.6099999999999998,0.5,5,2,0.4411764705882353,0.9764216366158114,0.9100850546780073,0.5021255027631534,0.676253081347576,0.7087990536020233,0.5916119918882137,0.6563339481149456,0.7258064516129032,0.5487804878048781,0.5213604305433813
0.6199999999999998,0.5,1,2,0.46226415094339623,0.980225988700565,0.9127764127764127,0.5347073504548746,0.6683087027914614,0.7212450698219806,0.6220554897643289,0.6731443637135482,0.7777777777777778,0.5798816568047337,0.5572921371982635
0.6199999999999998,0.5,2,2,0.46078431372549017,0.9594594594594594,0.8990498812351544,0.46989111917635723,0.6912972085385878,0.7101218865924748,0.5086776542387496,0.6649089175025831,0.6103896103896104,0.5251396648044693,0.4757087642402155
0.6199999999999998,0.5,3,2,0.4444444444444444,0.9605263157894737,0.8963133640552995,0.45975103734439793,0.7126436781609196,0.702485380116959,0.4708673901241481,0.6533762964749499,0.6153846153846154,0.5161290322580645,0.46739223634909327
0.6199999999999998,0.5,4,2,0.40186915887850466,0.9555256064690026,0.8857479387514723,0.40797107179571945,0.6970443349753694,0.6786973826737537,0.4452983213732304,0.6196743271740174,0.5657894736842105,0.46994535519125685,0.4154755635925248
0.6199999999999998,0.5,5,2,0.4411764705882353,0.9764216366158114,0.9100850546780073,0.5021255027631534,0.676253081347576,0.7087990536020233,0.5968901787162879,0.6563339481149456,0.7258064516129032,0.5487804878048781,0.5213604305433813
0.6299999999999997,0.5,1,2,0.46226415094339623,0.980225988700565,0.9127764127764127,0.5347073504548746,0.6683087027914614,0.7212450698219806,0.6218057914036316,0.6731443637135482,0.7777777777777778,0.5798816568047337,0.5572921371982635
0.6299999999999997,0.5,2,2,0.46078431372549017,0.9594594594594594,0.8990498812351544,0.46989111917635723,0.6912972085385878,0.7101218865924748,0.5056301375102057,0.6649089175025831,0.6103896103896104,0.5251396648044693,0.4757087642402155
0.6299999999999997,0.5,3,2,0.4444444444444444,0.9618421052631579,0.8974654377880185,0.46333398171561974,0.7126436781609196,0.7031432748538011,0.4743401048173904,0.6538236613315238,0.6233766233766234,0.518918918918919,0.4716474759264117
0.6299999999999997,0.5,4,2,0.40186915887850466,0.9555256064690026,0.8857479387514723,0.40797107179571945,0.6970443349753694,0.6786973826737537,0.4459997874521049,0.6196743271740174,0.5657894736842105,0.46994535519125685,0.4154755635925248
0.6299999999999997,0.5,5,2,0.4411764705882353,0.9764216366158114,0.9100850546780073,0.5021255027631534,0.676253081347576,0.7087990536020233,0.596757739318694,0.6563339481149456,0.7258064516129032,0.5487804878048781,0.5213604305433813
0.6399999999999997,0.5,1,2,0.46226415094339623,0.980225988700565,0.9127764127764127,0.5347073504548746,0.6683087027914614,0.7212450698219806,0.6209143021150876,0.6731443637135482,0.7777777777777778,0.5798816568047337,0.5572921371982635
0.6399999999999997,0.5,2,2,0.46078431372549017,0.9594594594594594,0.8990498812351544,0.46989111917635723,0.6912972085385878,0.7101218865924748,0.5086341502917635,0.6649089175025831,0.6103896103896104,0.5251396648044693,0.4757087642402155
0.6399999999999997,0.5,3,2,0.4444444444444444,0.9618421052631579,0.8974654377880185,0.46333398171561974,0.7126436781609196,0.7031432748538011,0.4744954017941454,0.6538236613315238,0.6233766233766234,0.518918918918919,0.4716474759264117
0.6399999999999997,0.5,4,2,0.40186915887850466,0.9555256064690026,0.8857479387514723,0.40797107179571945,0.6970443349753694,0.6786973826737537,0.509627323639721,0.6196743271740174,0.5657894736842105,0.46994535519125685,0.4154755635925248
0.6399999999999997,0.5,5,2,0.4411764705882353,0.9764216366158114,0.9100850546780073,0.5021255027631534,0.676253081347576,0.7087990536020233,0.5962372930913759,0.6563339481149456,0.7258064516129032,0.5487804878048781,0.5213604305433813
0.6499999999999997,0.5,1,2,0.46226415094339623,0.980225988700565,0.9127764127764127,0.5347073504548746,0.6683087027914614,0.7212450698219806,0.6203287364875445,0.6731443637135482,0.7777777777777778,0.5798816568047337,0.5572921371982635
0.6499999999999997,0.5,2,2,0.46078431372549017,0.9594594594594594,0.8990498812351544,0.46989111917635723,0.6912972085385878,0.7101218865924748,0.5053896322372178,0.6649089175025831,0.6103896103896104,0.5251396648044693,0.4757087642402155
0.6499999999999997,0.5,3,2,0.4444444444444444,0.9618421052631579,0.8974654377880185,0.46333398171561974,0.7126436781609196,0.7031432748538011,0.47708116712150456,0.6538236613315238,0.6233766233766234,0.518918918918919,0.4716474759264117
0.6499999999999997,0.5,4,2,0.40186915887850466,0.9555256064690026,0.8857479387514723,0.40797107179571945,0.6970443349753694,0.6786973826737537,0.5084683555580072,0.6196743271740174,0.5657894736842105,0.46994535519125685,0.4154755635925248
0.6499999999999997,0.5,5,2,0.4411764705882353,0.9764216366158114,0.9100850546780073,0.5021255027631534,0.676253081347576,0.7087990536020233,0.5930483175312311,0.6563339481149456,0.7258064516129032,0.5487804878048781,0.5213604305433813
0.6599999999999997,0.5,1,2,0.46226415094339623,0.980225988700565,0.9127764127764127,0.5347073504548746,0.6683087027914614,0.7212450698219806,0.6200298004005241,0.6731443637135482,0.7777777777777778,0.5798816568047337,0.5572921371982635
0.6599999999999997,0.5,2,2,0.46078431372549017,0.9594594594594594,0.8990498812351544,0.46989111917635723,0.6912972085385878,0.7101218865924748,0.5052609764661093,0.6649089175025831,0.6103896103896104,0.5251396648044693,0.4757087642402155
0.6599999999999997,0.5,3,2,0.4444444444444444,0.9618421052631579,0.8974654377880185,0.46333398171561974,0.7126436781609196,0.7031432748538011,0.4702184986921797,0.6538236613315238,0.6233766233766234,0.518918918918919,0.4716474759264117
0.6599999999999997,0.5,4,2,0.40186915887850466,0.9555256064690026,0.8857479387514723,0.40797107179571945,0.6970443349753694,0.6786973826737537,0.44440843650022077,0.6196743271740174,0.5657894736842105,0.46994535519125685,0.4154755635925248
0.6599999999999997,0.5,5,2,0.4411764705882353,0.9764216366158114,0.9100850546780073,0.5021255027631534,0.676253081347576,0.7087990536020233,0.5966388855531305,0.6563339481149456,0.7258064516129032,0.5487804878048781,0.5213604305433813
0.6699999999999997,0.5,1,2,0.46226415094339623,0.981638418079096,0.914004914004914,0.5390266002200507,0.6683087027914614,0.7219512845112461,0.6177229750015854,0.6736291634621767,0.7903225806451613,0.5833333333333334,0.5631867839771448
0.6699999999999997,0.5,2,2,0.46078431372549017,0.9594594594594594,0.8990498812351544,0.46989111917635723,0.6912972085385878,0.7101218865924748,0.5051521794752915,0.6649089175025831,0.6103896103896104,0.5251396648044693,0.4757087642402155
0.6699999999999997,0.5,3,2,0.4444444444444444,0.9618421052631579,0.8974654377880185,0.46333398171561974,0.7126436781609196,0.7031432748538011,0.47311606679699003,0.6538236613315238,0.6233766233766234,0.518918918918919,0.4716474759264117
0.6699999999999997,0.5,4,2,0.40186915887850466,0.9555256064690026,0.8857479387514723,0.40797107179571945,0.6970443349753694,0.6786973826737537,0.5054355303953477,0.6196743271740174,0.5657894736842105,0.46994535519125685,0.4154755635925248
0.6699999999999997,0.5,5,2,0.4411764705882353,0.9764216366158114,0.9100850546780073,0.5021255027631534,0.676253081347576,0.7087990536020233,0.5920043521370888,0.6563339481149456,0.7258064516129032,0.5487804878048781,0.5213604305433813
0.6799999999999997,0.5,1,2,0.46226415094339623,0.981638418079096,0.914004914004914,0.5390266002200507,0.6683087027914614,0.7219512845112461,0.6206995919192969,0.6736291634621767,0.7903225806451613,0.5833333333333334,0.5631867839771448
0.6799999999999997,0.5,2,2,0.46078431372549017,0.9594594594594594,0.8990498812351544,0.46989111917635723,0.6912972085385878,0.7101218865924748,0.5090037977262198,0.6649089175025831,0.6103896103896104,0.5251396648044693,0.4757087642402155
0.6799999999999997,0.5,3,2,0.4444444444444444,0.9618421052631579,0.8974654377880185,0.46333398171561974,0.7126436781609196,0.7031432748538011,0.4740314461344547,0.6538236613315238,0.6233766233766234,0.518918918918919,0.4716474759264117
0.6799999999999997,0.5,4,2,0.40186915887850466,0.9555256064690026,0.8857479387514723,0.40797107179571945,0.6970443349753694,0.6786973826737537,0.509389552434107,0.6196743271740174,0.5657894736842105,0.46994535519125685,0.4154755635925248
0.6799999999999997,0.5,5,2,0.4411764705882353,0.9764216366158114,0.9100850546780073,0.5021255027631534,0.676253081347576,0.7087990536020233,0.5950136257565874,0.6563339481149456,0.7258064516129032,0.5487804878048781,0.5213604305433813
0.6899999999999997,0.5,1,2,0.4528301886792453,0.981638418079096,0.9127764127764127,0.5301530006666341,0.6683087027914614,0.7172343033791706,0.6189181896164124,0.6667199637580631,0.7868852459016393,0.5748502994011976,0.5553484411231376
0.6899999999999997,0.5,2,2,0.46078431372549017,0.9594594594594594,0.8990498812351544,0.46989111917635723,0.6912972085385878,0.7101218865924748,0.47097995241195567,0.6649089175025831,0.6103896103896104,0.5251396648044693,0.4757087642402155
0.6899999999999997,0.5,3,2,0.4444444444444444,0.9618421052631579,0.8974654377880185,0.46333398171561974,0.7126436781609196,0.7031432748538011,0.47400082696755064,0.6538236613315238,0.6233766233766234,0.518918918918919,0.4716474759264117
0.6899999999999997,0.5,4,2,0.40186915887850466,0.9555256064690026,0.8857479387514723,0.40797107179571945,0.6970443349753694,0.6786973826737537,0.5043504457052349,0.6196743271740174,0.5657894736842105,0.46994535519125685,0.4154755635925248
0.6899999999999997,0.5,5,2,0.4411764705882353,0.9764216366158114,0.9100850546780073,0.5021255027631534,0.676253081347576,0.7087990536020233,0.5943694613522877,0.6563339481149456,0.7258064516129032,0.5487804878048781,0.5213604305433813
0.6999999999999996,0.5,1,2,0.4528301886792453,0.981638418079096,0.9127764127764127,0.5301530006666341,0.6683087027914614,0.7172343033791706,0.6188510847784586,0.6667199637580631,0.7868852459016393,0.5748502994011976,0.5553484411231376
0.6999999999999996,0.5,2,2,0.46078431372549017,0.9594594594594594,0.8990498812351544,0.46989111917635723,0.6912972085385878,0.7101218865924748,0.4911108170861459,0.6649089175025831,0.6103896103896104,0.5251396648044693,0.4757087642402155
0.6999999999999996,0.5,3,2,0.4444444444444444,0.9618421052631579,0.8974654377880185,0.46333398171561974,0.7126436781609196,0.7031432748538011,0.47403394619837397,0.6538236613315238,0.6233766233766234,0.518918918918919,0.4716474759264117
0.6999999999999996,0.5,4,2,0.40186915887850466,0.9555256064690026,0.8857479387514723,0.40797107179571945,0.6970443349753694,0.6786973826737537,0.48581267373499487,0.6196743271740174,0.5657894736842105,0.46994535519125685,0.4154755635925248
0.6999999999999996,0.5,5,2,0.4411764705882353,0.9764216366158114,0.9100850546780073,0.5021255027631534,0.676253081347576,0.7087990536020233,0.5944349431034897,0.6563339481149456,0.7258064516129032,0.5487804878048781,0.5213604305433813
0.7099999999999996,0.5,1,2,0.4528301886792453,0.981638418079096,0.9127764127764127,0.5301530006666341,0.6683087027914614,0.7172343033791706,0.6167084360695032,0.6667199637580631,0.7868852459016393,0.5748502994011976,0.5553484411231376
0.7099999999999996,0.5,2,2,0.46078431372549017,0.9594594594594594,0.8990498812351544,0.46989111917635723,0.6912972085385878,0.7101218865924748,0.5049213084013444,0.6649089175025831,0.6103896103896104,0.5251396648044693,0.4757087642402155
0.7099999999999996,0.5,3,2,0.4444444444444444,0.9618421052631579,0.8974654377880185,0.46333398171561974,0.7126436781609196,0.7031432748538011,0.4737246443401874,0.6538236613315238,0.6233766233766234,0.518918918918919,0.4716474759264117
0.7099999999999996,0.5,4,2,0.40186915887850466,0.9555256064690026,0.8857479387514723,0.40797107179571945,0.6970443349753694,0.6786973826737537,0.5031348945152746,0.6196743271740174,0.5657894736842105,0.46994535519125685,0.4154755635925248
0.7099999999999996,0.5,5,2,0.4411764705882353,0.9764216366158114,0.9100850546780073,0.5021255027631534,0.676253081347576,0.7087990536020233,0.5951145413931842,0.6563339481149456,0.7258064516129032,0.5487804878048781,0.5213604305433813
0.7199999999999996,0.5,1,2,0.4528301886792453,0.981638418079096,0.9127764127764127,0.5301530006666341,0.6683087027914614,0.7172343033791706,0.6186927104723147,0.6667199637580631,0.7868852459016393,0.5748502994011976,0.5553484411231376
0.7199999999999996,0.5,2,2,0.46078431372549017,0.9594594594594594,0.8990498812351544,0.46989111917635723,0.6912972085385878,0.7101218865924748,0.4703546935193874,0.6649089175025831,0.6103896103896104,0.5251396648044693,0.4757087642402155
0.7199999999999996,0.5,3,2,0.4444444444444444,0.9618421052631579,0.8974654377880185,0.46333398171561974,0.7126436781609196,0.7031432748538011,0.4736927574216916,0.6538236613315238,0.6233766233766234,0.518918918918919,0.4716474759264117
0.7199999999999996,0.5,4,2,0.40186915887850466,0.9555256064690026,0.8857479387514723,0.40797107179571945,0.6970443349753694,0.6786973826737537,0.5040674446283101,0.6196743271740174,0.5657894736842105,0.46994535519125685,0.4154755635925248
0.7199999999999996,0.5,5,2,0.4411764705882353,0.9764216366158114,0.9100850546780073,0.5021255027631534,0.676253081347576,0.7087990536020233,0.5949122890847077,0.6563339481149456,0.7258064516129032,0.5487804878048781,0.5213604305433813
0.7299999999999996,0.5,1,2,0.4528301886792453,0.981638418079096,0.9127764127764127,0.5301530006666341,0.6683087027914614,0.7172343033791706,0.618513824652832,0.6667199637580631,0.7868852459016393,0.5748502994011976,0.5553484411231376
0.7299999999999996,0.5,2,2,0.46078431372549017,0.9594594594594594,0.8990498812351544,0.46989111917635723,0.6912972085385878,0.7101218865924748,0.5045722242694539,0.6649089175025831,0.6103896103896104,0.5251396648044693,0.4757087642402155
0.7299999999999996,0.5,3,2,0.4444444444444444,0.9618421052631579,0.8974654377880185,0.46333398171561974,0.7126436781609196,0.7031432748538011,0.4736010918962006,0.6538236613315238,0.6233766233766234,0.518918918918919,0.4716474759264117
0.7299999999999996,0.5,4,2,0.40186915887850466,0.9555256064690026,0.8857479387514723,0.40797107179571945,0.6970443349753694,0.6786973826737537,0.4942483544682123,0.6196743271740174,0.5657894736842105,0.46994535519125685,0.4154755635925248
0.7299999999999996,0.5,5,2,0.4411764705882353,0.9764216366158114,0.9100850546780073,0.5021255027631534,0.676253081347576,0.7087990536020233,0.5904389336459014,0.6563339481149456,0.7258064516129032,0.5487804878048781,0.5213604305433813
0.7399999999999997,0.5,1,2,0.4528301886792453,0.981638418079096,0.9127764127764127,0.5301530006666341,0.6683087027914614,0.7172343033791706,0.6181455231527323,0.6667199637580631,0.7868852459016393,0.5748502994011976,0.5553484411231376
0.7399999999999997,0.5,2,2,0.46078431372549017,0.9594594594594594,0.8990498812351544,0.46989111917635723,0.6912972085385878,0.7101218865924748,0.5042985900102147,0.6649089175025831,0.6103896103896104,0.5251396648044693,0.4757087642402155
0.7399999999999997,0.5,3,2,0.4444444444444444,0.9618421052631579,0.8974654377880185,0.46333398171561974,0.7126436781609196,0.7031432748538011,0.4762977585635296,0.6538236613315238,0.6233766233766234,0.518918918918919,0.4716474759264117
0.7399999999999997,0.5,4,2,0.40186915887850466,0.9555256064690026,0.8857479387514723,0.40797107179571945,0.6970443349753694,0.6786973826737537,0.5016531476846047,0.6196743271740174,0.5657894736842105,0.46994535519125685,0.4154755635925248
0.7399999999999997,0.5,5,2,0.4411764705882353,0.9764216366158114,0.9100850546780073,0.5021255027631534,0.676253081347576,0.7087990536020233,0.5930407621002282,0.6563339481149456,0.7258064516129032,0.5487804878048781,0.5213604305433813
0.7499999999999997,0.5,1,2,0.4528301886792453,0.981638418079096,0.9127764127764127,0.5301530006666341,0.6683087027914614,0.7172343033791706,0.618136723008828,0.6667199637580631,0.7868852459016393,0.5748502994011976,0.5553484411231376
0.7499999999999997,0.5,2,2,0.46078431372549017,0.9594594594594594,0.8990498812351544,0.46989111917635723,0.6912972085385878,0.7101218865924748,0.5040644108108638,0.6649089175025831,0.6103896103896104,0.5251396648044693,0.4757087642402155
0.7499999999999997,0.5,3,2,0.4444444444444444,0.9618421052631579,0.8974654377880185,0.46333398171561974,0.7126436781609196,0.7031432748538011,0.4739538094732649,0.6538236613315238,0.6233766233766234,0.518918918918919,0.4716474759264117
0.7499999999999997,0.5,4,2,0.40186915887850466,0.9555256064690026,0.8857479387514723,0.40797107179571945,0.6970443349753694,0.6786973826737537,0.4977104174597301,0.6196743271740174,0.5657894736842105,0.46994535519125685,0.4154755635925248
0.7499999999999997,0.5,5,2,0.4411764705882353,0.9764216366158114,0.9100850546780073,0.5021255027631534,0.676253081347576,0.7087990536020233,0.5928101844870703,0.6563339481149456,0.7258064516129032,0.5487804878048781,0.5213604305433813
0.7599999999999997,0.5,1,2,0.4528301886792453,0.981638418079096,0.9127764127764127,0.5301530006666341,0.6683087027914614,0.7172343033791706,0.6182193452135815,0.6667199637580631,0.7868852459016393,0.5748502994011976,0.5553484411231376
0.7599999999999997,0.5,2,2,0.46078431372549017,0.9594594594594594,0.8990498812351544,0.46989111917635723,0.6912972085385878,0.7101218865924748,0.5046059831997568,0.6649089175025831,0.6103896103896104,0.5251396648044693,0.4757087642402155
0.7599999999999997,0.5,3,2,0.4444444444444444,0.9618421052631579,0.8974654377880185,0.46333398171561974,0.7126436781609196,0.7031432748538011,0.47384031123727277,0.6538236613315238,0.6233766233766234,0.518918918918919,0.4716474759264117
0.7599999999999997,0.5,4,2,0.40186915887850466,0.9555256064690026,0.8857479387514723,0.40797107179571945,0.6970443349753694,0.6786973826737537,0.5003106901780455,0.6196743271740174,0.5657894736842105,0.46994535519125685,0.4154755635925248
0.7599999999999997,0.5,5,2,0.4411764705882353,0.9764216366158114,0.9100850546780073,0.5021255027631534,0.676253081347576,0.7087990536020233,0.5899119178737698,0.6563339481149456,0.7258064516129032,0.5487804878048781,0.5213604305433813
0.7699999999999997,0.5,1,2,0.4528301886792453,0.981638418079096,0.9127764127764127,0.5301530006666341,0.6683087027914614,0.7172343033791706,0.617736807020185,0.6667199637580631,0.7868852459016393,0.5748502994011976,0.5553484411231376
0.7699999999999997,0.5,2,2,0.46078431372549017,0.9594594594594594,0.8990498812351544,0.46989111917635723,0.6912972085385878,0.7101218865924748,0.4694940340777581,0.6649089175025831,0.6103896103896104,0.5251396648044693,0.4757087642402155
0.7699999999999997,0.5,3,2,0.4444444444444444,0.9618421052631579,0.8974654377880185,0.46333398171561974,0.7126436781609196,0.7031432748538011,0.47370600454223694,0.6538236613315238,0.6233766233766234,0.518918918918919,0.4716474759264117
0.7699999999999997,0.5,4,2,0.40186915887850466,0.9555256064690026,0.8857479387514723,0.40797107179571945,0.6970443349753694,0.6786973826737537,0.5037433951692158,0.6196743271740174,0.5657894736842105,0.46994535519125685,0.4154755635925248
0.7699999999999997,0.5,5,2,0.4411764705882353,0.9764216366158114,0.9100850546780073,0.5021255027631534,0.676253081347576,0.7087990536020233,0.5940182019120551,0.6563339481149456,0.7258064516129032,0.5487804878048781,0.5213604305433813
0.7799999999999997,0.5,1,2,0.4528301886792453,0.981638418079096,0.9127764127764127,0.5301530006666341,0.6683087027914614,0.7172343033791706,0.6175539134100284,0.6667199637580631,0.7868852459016393,0.5748502994011976,0.5553484411231376
0.7799999999999997,0.5,2,2,0.46078431372549017,0.9594594594594594,0.8990498812351544,0.46989111917635723,0.6912972085385878,0.7101218865924748,0.4895910583264896,0.6649089175025831,0.6103896103896104,0.5251396648044693,0.4757087642402155
0.7799999999999997,0.5,3,2,0.4444444444444444,0.9618421052631579,0.8974654377880185,0.46333398171561974,0.7126436781609196,0.7031432748538011,0.469689692146075,0.6538236613315238,0.6233766233766234,0.518918918918919,0.4716474759264117
0.7799999999999997,0.5,4,2,0.40186915887850466,0.9555256064690026,0.8857479387514723,0.40797107179571945,0.6970443349753694,0.6786973826737537,0.5011714807341211,0.6196743271740174,0.5657894736842105,0.46994535519125685,0.4154755635925248
0.7799999999999997,0.5,5,2,0.4411764705882353,0.9764216366158114,0.9100850546780073,0.5021255027631534,0.676253081347576,0.7087990536020233,0.5923684291243657,0.6563339481149456,0.7258064516129032,0.5487804878048781,0.5213604305433813
0.7899999999999996,0.5,1,2,0.4528301886792453,0.981638418079096,0.9127764127764127,0.5301530006666341,0.6683087027914614,0.7172343033791706,0.6175128725120308,0.6667199637580631,0.7868852459016393,0.5748502994011976,0.5553484411231376
0.7899999999999996,0.5,2,2,0.46078431372549017,0.9594594594594594,0.8990498812351544,0.46989111917635723,0.6912972085385878,0.7101218865924748,0.503529419678817,0.6649089175025831,0.6103896103896104,0.5251396648044693,0.4757087642402155
0.7899999999999996,0.5,3,2,0.4444444444444444,0.9618421052631579,0.8974654377880185,0.46333398171561974,0.7126436781609196,0.7031432748538011,0.47356007604788997,0.6538236613315238,0.6233766233766234,0.518918918918919,0.4716474759264117
0.7899999999999996,0.5,4,2,0.40186915887850466,0.9555256064690026,0.8857479387514723,0.40797107179571945,0.6970443349753694,0.6786973826737537,0.5011970327588909,0.6196743271740174,0.5657894736842105,0.46994535519125685,0.4154755635925248
0.7899999999999996,0.5,5,2,0.4411764705882353,0.9764216366158114,0.9100850546780073,0.5021255027631534,0.676253081347576,0.7087990536020233,0.5923268145693564,0.6563339481149456,0.7258064516129032,0.5487804878048781,0.5213604305433813
0.7999999999999996,0.5,1,2,0.4528301886792453,0.981638418079096,0.9127764127764127,0.5301530006666341,0.6683087027914614,0.7172343033791706,0.6187190587454975,0.6667199637580631,0.7868852459016393,0.5748502994011976,0.5553484411231376
0.7999999999999996,0.5,2,2,0.46078431372549017,0.9594594594594594,0.8990498812351544,0.46989111917635723,0.6912972085385878,0.7101218865924748,0.5035033792717178,0.6649089175025831,0.6103896103896104,0.5251396648044693,0.4757087642402155
0.7999999999999996,0.5,3,2,0.4444444444444444,0.9618421052631579,0.8974654377880185,0.46333398171561974,0.7126436781609196,0.7031432748538011,0.46966272742035986,0.6538236613315238,0.6233766233766234,0.518918918918919,0.4716474759264117
0.7999999999999996,0.5,4,2,0.40186915887850466,0.954177897574124,0.8845700824499411,0.4045857247133921,0.6970443349753694,0.6780235282263143,0.4996336428191973,0.6192371671004359,0.5584415584415584,0.4673913043478261,0.4114785761895656
0.7999999999999996,0.5,5,2,0.4411764705882353,0.9764216366158114,0.9100850546780073,0.5021255027631534,0.676253081347576,0.7087990536020233,0.5920816601625717,0.6563339481149456,0.7258064516129032,0.5487804878048781,0.5213604305433813
0.8099999999999996,0.5,1,2,0.4528301886792453,0.981638418079096,0.9127764127764127,0.5301530006666341,0.6683087027914614,0.7172343033791706,0.6175156159852278,0.6667199637580631,0.7868852459016393,0.5748502994011976,0.5553484411231376
0.8099999999999996,0.5,2,2,0.46078431372549017,0.9594594594594594,0.8990498812351544,0.46989111917635723,0.6912972085385878,0.7101218865924748,0.5033686330578188,0.6649089175025831,0.6103896103896104,0.5251396648044693,0.4757087642402155
0.8099999999999996,0.5,3,2,0.4444444444444444,0.9618421052631579,0.8974654377880185,0.46333398171561974,0.7126436781609196,0.7031432748538011,0.4735181767118084,0.6538236613315238,0.6233766233766234,0.518918918918919,0.4716474759264117
0.8099999999999996,0.5,4,2,0.40186915887850466,0.954177897574124,0.8845700824499411,0.4045857247133921,0.6970443349753694,0.6780235282263143,0.47322715906505997,0.6192371671004359,0.5584415584415584,0.4673913043478261,0.4114785761895656
0.8099999999999996,0.5,5,2,0.4411764705882353,0.9764216366158114,0.9100850546780073,0.5021255027631534,0.676253081347576,0.7087990536020233,0.5920224939679211,0.6563339481149456,0.7258064516129032,0.5487804878048781,0.5213604305433813
0.8199999999999996,0.5,1,2,0.4528301886792453,0.981638418079096,0.9127764127764127,0.5301530006666341,0.6683087027914614,0.7172343033791706,0.6174750216198363,0.6667199637580631,0.7868852459016393,0.5748502994011976,0.5553484411231376
0.8199999999999996,0.5,2,2,0.46078431372549017,0.9594594594594594,0.8990498812351544,0.46989111917635723,0.6912972085385878,0.7101218865924748,0.5031416089853936,0.6649089175025831,0.6103896103896104,0.5251396648044693,0.4757087642402155
0.8199999999999996,0.5,3,2,0.4444444444444444,0.9618421052631579,0.8974654377880185,0.46333398171561974,0.7126436781609196,0.7031432748538011,0.47340360240071633,0.6538236613315238,0.6233766233766234,0.518918918918919,0.4716474759264117
0.8199999999999996,0.5,4,2,0.40186915887850466,0.954177897574124,0.8845700824499411,0.4045857247133921,0.6970443349753694,0.6780235282263143,0.4977812571348276,0.6192371671004359,0.5584415584415584,0.4673913043478261,0.4114785761895656
0.8199999999999996,0.5,5,2,0.4411764705882353,0.9764216366158114,0.9100850546780073,0.5021255027631534,0.676253081347576,0.7087990536020233,0.5893326182900311,0.6563339481149456,0.7258064516129032,0.5487804878048781,0.5213604305433813
0.8299999999999996,0.5,1,2,0.4528301886792453,0.981638418079096,0.9127764127764127,0.5301530006666341,0.6683087027914614,0.7172343033791706,0.6172279212370309,0.6667199637580631,0.7868852459016393,0.5748502994011976,0.5553484411231376
0.8299999999999996,0.5,2,2,0.46078431372549017,0.9594594594594594,0.8990498812351544,0.46989111917635723,0.6912972085385878,0.7101218865924748,0.5028840632443207,0.6649089175025831,0.6103896103896104,0.5251396648044693,0.4757087642402155
0.8299999999999996,0.5,3,2,0.4444444444444444,0.9618421052631579,0.8974654377880185,0.46333398171561974,0.7126436781609196,0.7031432748538011,0.46942573916563934,0.6538236613315238,0.6233766233766234,0.518918918918919,0.4716474759264117
0.8299999999999996,0.5,4,2,0.40186915887850466,0.954177897574124,0.8845700824499411,0.4045857247133921,0.6970443349753694,0.6780235282263143,0.4998585483667131,0.6192371671004359,0.5584415584415584,0.4673913043478261,0.4114785761895656
0.8299999999999996,0.5,5,2,0.4411764705882353,0.9764216366158114,0.9100850546780073,0.5021255027631534,0.676253081347576,0.7087990536020233,0.5920431749043875,0.6563339481149456,0.7258064516129032,0.5487804878048781,0.5213604305433813
0.8399999999999996,0.5,1,2,0.4528301886792453,0.981638418079096,0.9127764127764127,0.5301530006666341,0.6683087027914614,0.7172343033791706,0.6182320187006409,0.6667199637580631,0.7868852459016393,0.5748502994011976,0.5553484411231376
0.8399999999999996,0.5,2,2,0.46078431372549017,0.9594594594594594,0.8990498812351544,0.46989111917635723,0.6912972085385878,0.7101218865924748,0.46847794664242015,0.6649089175025831,0.6103896103896104,0.5251396648044693,0.4757087642402155
0.8399999999999996,0.5,3,2,0.4444444444444444,0.9618421052631579,0.8974654377880185,0.46333398171561974,0.7126436781609196,0.7031432748538011,0.47336805628244677,0.6538236613315238,0.6233766233766234,0.518918918918919,0.4716474759264117
0.8399999999999996,0.5,4,2,0.40186915887850466,0.954177897574124,0.8845700824499411,0.4045857247133921,0.6970443349753694,0.6780235282263143,0.5064644121918914,0.6192371671004359,0.5584415584415584,0.4673913043478261,0.4114785761895656
0.8399999999999996,0.5,5,2,0.4411764705882353,0.9764216366158114,0.9100850546780073,0.5021255027631534,0.676253081347576,0.7087990536020233,0.5920579946514734,0.6563339481149456,0.7258064516129032,0.5487804878048781,0.5213604305433813
0.8499999999999996,0.5,1,2,0.4528301886792453,0.981638418079096,0.9127764127764127,0.5301530006666341,0.6683087027914614,0.7172343033791706,0.6169209274266716,0.6667199637580631,0.7868852459016393,0.5748502994011976,0.5553484411231376
0.8499999999999996,0.5,2,2,0.46078431372549017,0.9594594594594594,0.8990498812351544,0.46989111917635723,0.6912972085385878,0.7101218865924748,0.5027247941046169,0.6649089175025831,0.6103896103896104,0.5251396648044693,0.4757087642402155
0.8499999999999996,0.5,3,2,0.4444444444444444,0.9618421052631579,0.8974654377880185,0.46333398171561974,0.7126436781609196,0.7031432748538011,0.473396979297345,0.6538236613315238,0.6233766233766234,0.518918918918919,0.4716474759264117
0.8499999999999996,0.5,4,2,0.40186915887850466,0.954177897574124,0.8845700824499411,0.4045857247133921,0.6970443349753694,0.6780235282263143,0.48341061581404604,0.6192371671004359,0.5584415584415584,0.4673913043478261,0.4114785761895656
0.8499999999999996,0.5,5,2,0.4411764705882353,0.9764216366158114,0.9100850546780073,0.5021255027631534,0.676253081347576,0.7087990536020233,0.591920885653949,0.6563339481149456,0.7258064516129032,0.5487804878048781,0.5213604305433813
0.8599999999999995,0.5,1,2,0.4528301886792453,0.981638418079096,0.9127764127764127,0.5301530006666341,0.6683087027914614,0.7172343033791706,0.6168638672374283,0.6667199637580631,0.7868852459016393,0.5748502994011976,0.5553484411231376
0.8599999999999995,0.5,2,2,0.46078431372549017,0.9594594594594594,0.8990498812351544,0.46989111917635723,0.6912972085385878,0.7101218865924748,0.5026105122361314,0.6649089175025831,0.6103896103896104,0.5251396648044693,0.4757087642402155
0.8599999999999995,0.5,3,2,0.4444444444444444,0.9618421052631579,0.8974654377880185,0.46333398171561974,0.7126436781609196,0.7031432748538011,0.4732825462336431,0.6538236613315238,0.6233766233766234,0.518918918918919,0.4716474759264117
0.8599999999999995,0.5,4,2,0.40186915887850466,0.954177897574124,0.8845700824499411,0.4045857247133921,0.6970443349753694,0.6780235282263143,0.5022991590351747,0.6192371671004359,0.5584415584415584,0.4673913043478261,0.4114785761895656
0.8599999999999995,0.5,5,2,0.4411764705882353,0.9764216366158114,0.9100850546780073,0.5021255027631534,0.676253081347576,0.7087990536020233,0.5919191960566216,0.6563339481149456,0.7258064516129032,0.5487804878048781,0.5213604305433813
0.8699999999999996,0.5,1,2,0.4528301886792453,0.981638418079096,0.9127764127764127,0.5301530006666341,0.6683087027914614,0.7172343033791706,0.6168985470355595,0.6667199637580631,0.7868852459016393,0.5748502994011976,0.5553484411231376
0.8699999999999996,0.5,2,2,0.46078431372549017,0.9594594594594594,0.8990498812351544,0.46989111917635723,0.6912972085385878,0.7101218865924748,0.498178171847835,0.6649089175025831,0.6103896103896104,0.5251396648044693,0.4757087642402155
0.8699999999999996,0.5,3,2,0.4444444444444444,0.9618421052631579,0.8974654377880185,0.46333398171561974,0.7126436781609196,0.7031432748538011,0.4694411108953284,0.6538236613315238,0.6233766233766234,0.518918918918919,0.4716474759264117
0.8699999999999996,0.5,4,2,0.40186915887850466,0.954177897574124,0.8845700824499411,0.4045857247133921,0.6970443349753694,0.6780235282263143,0.48540552337372744,0.6192371671004359,0.5584415584415584,0.4673913043478261,0.4114785761895656
0.8699999999999996,0.5,5,2,0.4411764705882353,0.9764216366158114,0.9100850546780073,0.5021255027631534,0.676253081347576,0.7087990536020233,0.5919191960566216,0.6563339481149456,0.7258064516129032,0.5487804878048781,0.5213604305433813
0.8799999999999996,0.5,1,2,0.4528301886792453,0.981638418079096,0.9127764127764127,0.5301530006666341,0.6683087027914614,0.7172343033791706,0.6168985470355595,0.6667199637580631,0.7868852459016393,0.5748502994011976,0.5553484411231376
0.8799999999999996,0.5,2,2,0.46078431372549017,0.9594594594594594,0.8990498812351544,0.46989111917635723,0.6912972085385878,0.7101218865924748,0.49812764385613056,0.6649089175025831,0.6103896103896104,0.5251396648044693,0.4757087642402155
0.8799999999999996,0.5,3,2,0.4444444444444444,0.9618421052631579,0.8974654377880185,0.46333398171561974,0.7126436781609196,0.7031432748538011,0.4786558076725048,0.6538236613315238,0.6233766233766234,0.518918918918919,0.4716474759264117
0.8799999999999996,0.5,4,2,0.40186915887850466,0.954177897574124,0.8845700824499411,0.4045857247133921,0.6970443349753694,0.6780235282263143,0.498959150115283,0.6192371671004359,0.5584415584415584,0.4673913043478261,0.4114785761895656
0.8799999999999996,0.5,5,2,0.4411764705882353,0.9764216366158114,0.9100850546780073,0.5021255027631534,0.676253081347576,0.7087990536020233,0.5917230215051161,0.6563339481149456,0.7258064516129032,0.5487804878048781,0.5213604305433813
0.8899999999999996,0.5,1,2,0.4528301886792453,0.981638418079096,0.9127764127764127,0.5301530006666341,0.6683087027914614,0.7172343033791706,0.6163768491467438,0.6667199637580631,0.7868852459016393,0.5748502994011976,0.5553484411231376
0.8899999999999996,0.5,2,2,0.46078431372549017,0.9594594594594594,0.8990498812351544,0.46989111917635723,0.6912972085385878,0.7101218865924748,0.502484702629067,0.6649089175025831,0.6103896103896104,0.5251396648044693,0.4757087642402155
0.8899999999999996,0.5,3,2,0.4444444444444444,0.9618421052631579,0.8974654377880185,0.46333398171561974,0.7126436781609196,0.7031432748538011,0.4731285662478015,0.6538236613315238,0.6233766233766234,0.518918918918919,0.4716474759264117
0.8899999999999996,0.5,4,2,0.40186915887850466,0.954177897574124,0.8845700824499411,0.4045857247133921,0.6970443349753694,0.6780235282263143,0.49524083723180423,0.6192371671004359,0.5584415584415584,0.4673913043478261,0.4114785761895656
0.8899999999999996,0.5,5,2,0.4411764705882353,0.9764216366158114,0.9100850546780073,0.5021255027631534,0.676253081347576,0.7087990536020233,0.5917874006969843,0.6563339481149456,0.7258064516129032,0.5487804878048781,0.5213604305433813
0.8999999999999996,0.5,1,2,0.4528301886792453,0.981638418079096,0.9127764127764127,0.5301530006666341,0.6683087027914614,0.7172343033791706,0.6162948501217663,0.6667199637580631,0.7868852459016393,0.5748502994011976,0.5553484411231376
0.8999999999999996,0.5,2,2,0.46078431372549017,0.9594594594594594,0.8990498812351544,0.46989111917635723,0.6912972085385878,0.7101218865924748,0.5021848960030734,0.6649089175025831,0.6103896103896104,0.5251396648044693,0.4757087642402155
0.8999999999999996,0.5,3,2,0.4444444444444444,0.9618421052631579,0.8974654377880185,0.46333398171561974,0.7126436781609196,0.7031432748538011,0.4731010761478569,0.6538236613315238,0.6233766233766234,0.518918918918919,0.4716474759264117
0.8999999999999996,0.5,4,2,0.40186915887850466,0.954177897574124,0.8845700824499411,0.4045857247133921,0.6970443349753694,0.6780235282263143,0.5053098832004908,0.6192371671004359,0.5584415584415584,0.4673913043478261,0.4114785761895656
0.8999999999999996,0.5,5,2,0.4411764705882353,0.9764216366158114,0.9100850546780073,0.5021255027631534,0.676253081347576,0.7087990536020233,0.5890880602996695,0.6563339481149456,0.7258064516129032,0.5487804878048781,0.5213604305433813
0.9099999999999996,0.5,1,2,0.4528301886792453,0.981638418079096,0.9127764127764127,0.5301530006666341,0.6683087027914614,0.7172343033791706,0.6163191744526073,0.6667199637580631,0.7868852459016393,0.5748502994011976,0.5553484411231376
0.9099999999999996,0.5,2,2,0.46078431372549017,0.9594594594594594,0.8990498812351544,0.46989111917635723,0.6912972085385878,0.7101218865924748,0.5021757658715377,0.6649089175025831,0.6103896103896104,0.5251396648044693,0.4757087642402155
0.9099999999999996,0.5,3,2,0.4444444444444444,0.9618421052631579,0.8974654377880185,0.46333398171561974,0.7126436781609196,0.7031432748538011,0.4731561079076988,0.6538236613315238,0.6233766233766234,0.518918918918919,0.4716474759264117
0.9099999999999996,0.5,4,2,0.40186915887850466,0.954177897574124,0.8845700824499411,0.4045857247133921,0.6970443349753694,0.6780235282263143,0.5076139961532719,0.6192371671004359,0.5584415584415584,0.4673913043478261,0.4114785761895656
0.9099999999999996,0.5,5,2,0.4411764705882353,0.9764216366158114,0.9100850546780073,0.5021255027631534,0.676253081347576,0.7087990536020233,0.5917359961025552,0.6563339481149456,0.7258064516129032,0.5487804878048781,0.5213604305433813
0.9199999999999996,0.5,1,2,0.4528301886792453,0.981638418079096,0.9127764127764127,0.5301530006666341,0.6683087027914614,0.7172343033791706,0.6162967791401328,0.6667199637580631,0.7868852459016393,0.5748502994011976,0.5553484411231376
0.9199999999999996,0.5,2,2,0.46078431372549017,0.9594594594594594,0.8990498812351544,0.46989111917635723,0.6912972085385878,0.7101218865924748,0.5052331487445765,0.6649089175025831,0.6103896103896104,0.5251396648044693,0.4757087642402155
0.9199999999999996,0.5,3,2,0.4444444444444444,0.9618421052631579,0.8974654377880185,0.46333398171561974,0.7126436781609196,0.7031432748538011,0.4731743775967925,0.6538236613315238,0.6233766233766234,0.518918918918919,0.4716474759264117
0.9199999999999996,0.5,4,2,0.40186915887850466,0.954177897574124,0.8845700824499411,0.4045857247133921,0.6970443349753694,0.6780235282263143,0.5013607034875074,0.6192371671004359,0.5584415584415584,0.4673913043478261,0.4114785761895656
0.9199999999999996,0.5,5,2,0.4411764705882353,0.9764216366158114,0.9100850546780073,0.5021255027631534,0.676253081347576,0.7087990536020233,0.5889199338325106,0.6563339481149456,0.7258064516129032,0.5487804878048781,0.5213604305433813
0.9299999999999996,0.5,1,2,0.4528301886792453,0.981638418079096,0.9127764127764127,0.5301530006666341,0.6683087027914614,0.7172343033791706,0.6160322567574984,0.6667199637580631,0.7868852459016393,0.5748502994011976,0.5553484411231376
0.9299999999999996,0.5,2,2,0.46078431372549017,0.9594594594594594,0.8990498812351544,0.46989111917635723,0.6912972085385878,0.7101218865924748,0.5020847148664401,0.6649089175025831,0.6103896103896104,0.5251396648044693,0.4757087642402155
0.9299999999999996,0.5,3,2,0.4444444444444444,0.9618421052631579,0.8974654377880185,0.46333398171561974,0.7126436781609196,0.7031432748538011,0.469214208549158,0.6538236613315238,0.6233766233766234,0.518918918918919,0.4716474759264117
0.9299999999999996,0.5,4,2,0.40186915887850466,0.954177897574124,0.8845700824499411,0.4045857247133921,0.6970443349753694,0.6780235282263143,0.4961816703207056,0.6192371671004359,0.5584415584415584,0.4673913043478261,0.4114785761895656
0.9299999999999996,0.5,5,2,0.4411764705882353,0.9764216366158114,0.9100850546780073,0.5021255027631534,0.676253081347576,0.7087990536020233,0.5930380460593763,0.6563339481149456,0.7258064516129032,0.5487804878048781,0.5213604305433813
0.9399999999999996,0.5,1,2,0.4528301886792453,0.981638418079096,0.9127764127764127,0.5301530006666341,0.6683087027914614,0.7172343033791706,0.6161049791946268,0.6667199637580631,0.7868852459016393,0.5748502994011976,0.5553484411231376
0.9399999999999996,0.5,2,2,0.46078431372549017,0.9594594594594594,0.8990498812351544,0.46989111917635723,0.6912972085385878,0.7101218865924748,0.49763337746497943,0.6649089175025831,0.6103896103896104,0.5251396648044693,0.4757087642402155
0.9399999999999996,0.5,3,2,0.4444444444444444,0.9618421052631579,0.8974654377880185,0.46333398171561974,0.7126436781609196,0.7031432748538011,0.4757792887597481,0.6538236613315238,0.6233766233766234,0.518918918918919,0.4716474759264117
0.9399999999999996,0.5,4,2,0.40186915887850466,0.954177897574124,0.8845700824499411,0.4045857247133921,0.6970443349753694,0.6780235282263143,0.5049906420143957,0.6192371671004359,0.5584415584415584,0.4673913043478261,0.4114785761895656
0.9399999999999996,0.5,5,2,0.4411764705882353,0.9764216366158114,0.9100850546780073,0.5021255027631534,0.676253081347576,0.7087990536020233,0.5887705451521048,0.6563339481149456,0.7258064516129032,0.5487804878048781,0.5213604305433813
0.9499999999999995,0.5,1,2,0.4528301886792453,0.981638418079096,0.9127764127764127,0.5301530006666341,0.6683087027914614,0.7172343033791706,0.6159646879015809,0.6667199637580631,0.7868852459016393,0.5748502994011976,0.5553484411231376
0.9499999999999995,0.5,2,2,0.46078431372549017,0.9594594594594594,0.8990498812351544,0.46989111917635723,0.6912972085385878,0.7101218865924748,0.5019935425836585,0.6649089175025831,0.6103896103896104,0.5251396648044693,0.4757087642402155
0.9499999999999995,0.5,3,2,0.4444444444444444,0.9618421052631579,0.8974654377880185,0.46333398171561974,0.7126436781609196,0.7031432748538011,0.47577362782359056,0.6538236613315238,0.6233766233766234,0.518918918918919,0.4716474759264117
0.9499999999999995,0.5,4,2,0.40186915887850466,0.954177897574124,0.8845700824499411,0.4045857247133921,0.6970443349753694,0.6780235282263143,0.47181752596886556,0.6192371671004359,0.5584415584415584,0.4673913043478261,0.4114785761895656
0.9499999999999995,0.5,5,2,0.4411764705882353,0.9764216366158114,0.9100850546780073,0.5021255027631534,0.676253081347576,0.7087990536020233,0.5947978083182833,0.6563339481149456,0.7258064516129032,0.5487804878048781,0.5213604305433813
0.9599999999999995,0.5,1,2,0.4528301886792453,0.981638418079096,0.9127764127764127,0.5301530006666341,0.6683087027914614,0.7172343033791706,0.6156616531290524,0.6667199637580631,0.7868852459016393,0.5748502994011976,0.5553484411231376
0.9599999999999995,0.5,2,2,0.46078431372549017,0.9594594594594594,0.8990498812351544,0.46989111917635723,0.6912972085385878,0.7101218865924748,0.5019606492706461,0.6649089175025831,0.6103896103896104,0.5251396648044693,0.4757087642402155
0.9599999999999995,0.5,3,2,0.4444444444444444,0.9618421052631579,0.8974654377880185,0.46333398171561974,0.7126436781609196,0.7031432748538011,0.4730327955495049,0.6538236613315238,0.6233766233766234,0.518918918918919,0.4716474759264117
0.9599999999999995,0.5,4,2,0.40186915887850466,0.954177897574124,0.8845700824499411,0.4045857247133921,0.6970443349753694,0.6780235282263143,0.4985714201645376,0.6192371671004359,0.5584415584415584,0.4673913043478261,0.4114785761895656
0.9599999999999995,0.5,5,2,0.4411764705882353,0.9764216366158114,0.9100850546780073,0.5021255027631534,0.676253081347576,0.7087990536020233,0.5916288847518877,0.6563339481149456,0.7258064516129032,0.5487804878048781,0.5213604305433813
0.9699999999999995,0.5,1,2,0.4528301886792453,0.981638418079096,0.9127764127764127,0.5301530006666341,0.6683087027914614,0.7172343033791706,0.6155582235436161,0.6667199637580631,0.7868852459016393,0.5748502994011976,0.5553484411231376
0.9699999999999995,0.5,2,2,0.46078431372549017,0.9594594594594594,0.8990498812351544,0.46989111917635723,0.6912972085385878,0.7101218865924748,0.5018474681637831,0.6649089175025831,0.6103896103896104,0.5251396648044693,0.4757087642402155
0.9699999999999995,0.5,3,2,0.4444444444444444,0.9618421052631579,0.8974654377880185,0.46333398171561974,0.7126436781609196,0.7031432748538011,0.4730298835344087,0.6538236613315238,0.6233766233766234,0.518918918918919,0.4716474759264117
0.9699999999999995,0.5,4,2,0.40186915887850466,0.954177897574124,0.8845700824499411,0.4045857247133921,0.6970443349753694,0.6780235282263143,0.4423890902443659,0.6192371671004359,0.5584415584415584,0.4673913043478261,0.4114785761895656
0.9699999999999995,0.5,5,2,0.4411764705882353,0.9764216366158114,0.9100850546780073,0.5021255027631534,0.676253081347576,0.7087990536020233,0.5888528575283546,0.6563339481149456,0.7258064516129032,0.5487804878048781,0.5213604305433813
0.9799999999999995,0.5,1,2,0.4528301886792453,0.981638418079096,0.9127764127764127,0.5301530006666341,0.6683087027914614,0.7172343033791706,0.6155061214479844,0.6667199637580631,0.7868852459016393,0.5748502994011976,0.5553484411231376
0.9799999999999995,0.5,2,2,0.46078431372549017,0.9594594594594594,0.8990498812351544,0.46989111917635723,0.6912972085385878,0.7101218865924748,0.5018474681637831,0.6649089175025831,0.6103896103896104,0.5251396648044693,0.4757087642402155
0.9799999999999995,0.5,3,2,0.4444444444444444,0.9618421052631579,0.8974654377880185,0.46333398171561974,0.7126436781609196,0.7031432748538011,0.4729999234145165,0.6538236613315238,0.6233766233766234,0.518918918918919,0.4716474759264117
0.9799999999999995,0.5,4,2,0.40186915887850466,0.954177897574124,0.8845700824499411,0.4045857247133921,0.6970443349753694,0.6780235282263143,0.49466249181683286,0.6192371671004359,0.5584415584415584,0.4673913043478261,0.4114785761895656
0.9799999999999995,0.5,5,2,0.4411764705882353,0.9764216366158114,0.9100850546780073,0.5021255027631534,0.676253081347576,0.7087990536020233,0.5914558582184662,0.6563339481149456,0.7258064516129032,0.5487804878048781,0.5213604305433813
0.9899999999999995,0.5,1,2,0.4528301886792453,0.981638418079096,0.9127764127764127,0.5301530006666341,0.6683087027914614,0.7172343033791706,0.6154963735088187,0.6667199637580631,0.7868852459016393,0.5748502994011976,0.5553484411231376
0.9899999999999995,0.5,2,2,0.46078431372549017,0.9594594594594594,0.8990498812351544,0.46989111917635723,0.6912972085385878,0.7101218865924748,0.505033742673587,0.6649089175025831,0.6103896103896104,0.5251396648044693,0.4757087642402155
0.9899999999999995,0.5,3,2,0.4444444444444444,0.9618421052631579,0.8974654377880185,0.46333398171561974,0.7126436781609196,0.7031432748538011,0.4757324928536282,0.6538236613315238,0.6233766233766234,0.518918918918919,0.4716474759264117
0.9899999999999995,0.5,4,2,0.40186915887850466,0.954177897574124,0.8845700824499411,0.4045857247133921,0.6970443349753694,0.6780235282263143,0.4973527528736952,0.6192371671004359,0.5584415584415584,0.4673913043478261,0.4114785761895656
0.9899999999999995,0.5,5,2,0.4411764705882353,0.9764216366158114,0.9100850546780073,0.5021255027631534,0.676253081347576,0.7087990536020233,0.5914751394242742,0.6563339481149456,0.7258064516129032,0.5487804878048781,0.5213604305433813
1.0,0.5,1,2,0.4528301886792453,0.981638418079096,0.9127764127764127,0.5301530006666341,0.6683087027914614,0.7172343033791706,0.6152345692252481,0.6667199637580631,0.7868852459016393,0.5748502994011976,0.5553484411231376
1.0,0.5,2,2,0.46078431372549017,0.9594594594594594,0.8990498812351544,0.46989111917635723,0.6912972085385878,0.7101218865924748,0.5018357599743389,0.6649089175025831,0.6103896103896104,0.5251396648044693,0.4757087642402155
1.0,0.5,3,2,0.4444444444444444,0.9618421052631579,0.8974654377880185,0.46333398171561974,0.7126436781609196,0.7031432748538011,0.4690862987770496,0.6538236613315238,0.6233766233766234,0.518918918918919,0.4716474759264117
1.0,0.5,4,2,0.40186915887850466,0.954177897574124,0.8845700824499411,0.4045857247133921,0.6970443349753694,0.6780235282263143,0.44138240820705044,0.6192371671004359,0.5584415584415584,0.4673913043478261,0.4114785761895656
1.0,0.5,5,2,0.4411764705882353,0.9764216366158114,0.9100850546780073,0.5021255027631534,0.676253081347576,0.7087990536020233,0.5914422418707912,0.6563339481149456,0.7258064516129032,0.5487804878048781,0.5213604305433813
0.1,0.5,1,3,0.5490196078431373,0.9316939890710383,0.8848920863309353,0.4727358937885256,0.6847290640394088,0.7403567984570878,0.41823438742001745,0.7152050534703944,0.5283018867924528,0.5384615384615384,0.47285001851746666
0.1,0.5,2,3,0.5445544554455446,0.9354395604395604,0.887816646562123,0.477956162862347,0.680623973727422,0.7399970079425525,0.4566523187379876,0.7137210802809347,0.5392156862745098,0.541871921182266,0.4779636932335178
0.1,0.5,3,3,0.5689655172413793,0.9384404924760602,0.8878394332939787,0.5167760649062857,0.6954022988505747,0.7537030048587198,0.501279221318903,0.7307121732952697,0.5945945945945946,0.5814977973568282,0.5169432789758485
0.1,0.5,4,3,0.5789473684210527,0.9379310344827586,0.8891537544696066,0.5226743012351116,0.6888341543513957,0.7584392014519057,0.49371769285381367,0.7368939572110961,0.5945945945945946,0.5866666666666667,0.5227362716823261
0.1,0.5,5,3,0.5353535353535354,0.9430463576158941,0.8957845433255269,0.48478193083065585,0.7017255546425637,0.7391999464847148,0.5050798292902612,0.710537262606222,0.5520833333333334,0.5435897435897435,0.48485505473132545
0.11,0.5,1,3,0.5784313725490197,0.9316939890710383,0.8884892086330936,0.4954923311087695,0.6847290640394088,0.7550626808100289,0.420488251104995,0.7341124116196592,0.5412844036697247,0.5592417061611374,0.495849968295182
0.11,0.5,2,3,0.5445544554455446,0.9340659340659341,0.8866103739445115,0.4745735284202011,0.680623973727422,0.7393101947557393,0.40585524544313684,0.7131968634784569,0.5339805825242718,0.5392156862745098,0.4746031864574612
0.11,0.5,3,3,0.5689655172413793,0.9384404924760602,0.8878394332939787,0.5167760649062857,0.6954022988505747,0.7537030048587198,0.4539170456279589,0.7307121732952697,0.5945945945945946,0.5814977973568282,0.5169432789758485
0.11,0.5,4,3,0.5877192982456141,0.9393103448275862,0.8915375446960667,0.5329393700257544,0.6888341543513957,0.7635148215366001,0.49941786193842524,0.7430012225406596,0.6036036036036037,0.5955555555555555,0.5330025575423792
0.11,0.5,5,3,0.5454545454545454,0.9443708609271523,0.8981264637002342,0.4963598649692928,0.7017255546425637,0.7449127031908489,0.5102745501533594,0.717712601733826,0.5625,0.5538461538461539,0.49643473527108023
0.12,0.5,1,3,0.5882352941176471,0.9316939890710383,0.8896882494004796,0.5029539800995027,0.6847290640394088,0.7599646415943426,0.4286014544934729,0.7403075629012891,0.5454545454545454,0.5660377358490566,0.5034244206733478
0.12,0.5,2,3,0.5445544554455446,0.9326923076923077,0.8854041013268998,0.4712193746349127,0.680623973727422,0.7386233815689262,0.46427494012073245,0.7126722610805285,0.5288461538461539,0.5365853658536586,0.4712850844649442
0.12,0.5,3,3,0.5517241379310345,0.9398084815321477,0.8866587957497049,0.5062184220753985,0.6954022988505747,0.7457663097315911,0.5354219523519,0.7200798735512601,0.5925925925925926,0.5714285714285714,0.5066475306196438
0.12,0.5,4,3,0.5701754385964912,0.9406896551724138,0.8903456495828367,0.522451959364985,0.6888341543513957,0.7554325468844525,0.5019582922254782,0.7323647566077393,0.6018518518518519,0.5855855855855856,0.522705526772052
0.12,0.5,5,3,0.5454545454545454,0.9443708609271523,0.8981264637002342,0.4963598649692928,0.7017255546425637,0.7449127031908489,0.5078082609437794,0.717712601733826,0.5625,0.5538461538461539,0.49643473527108023
0.13,0.5,1,3,0.5686274509803921,0.9330601092896175,0.8884892086330936,0.4913233384488254,0.6847290640394088,0.7508437801350047,0.39395210702974887,0.7283979623508301,0.5420560747663551,0.5550239234449761,0.49150717794997306
0.13,0.5,2,3,0.5544554455445545,0.9354395604395604,0.8890229191797346,0.4857528150495586,0.680623973727422,0.7449475029920575,0.41245204487897663,0.7201802262375153,0.5436893203883495,0.5490196078431373,0.48578317172608004
0.13,0.5,3,3,0.5603448275862069,0.9425444596443229,0.8902007083825265,0.519855903740773,0.6954022988505747,0.7514446436152649,0.528310613895278,0.7267392329658091,0.6074766355140186,0.5829596412556054,0.5204180110555469
0.13,0.5,4,3,0.5701754385964912,0.9420689655172414,0.8915375446960667,0.5258503443607433,0.6888341543513957,0.7561222020568663,0.5069942993444472,0.7329014842405055,0.6074766355140186,0.5882352941176471,0.5262004587070552
0.13,0.5,5,3,0.5454545454545454,0.9456953642384106,0.8992974238875878,0.4999251017934716,0.7017255546425637,0.7455749548464781,0.516371637628086,0.7182157301529486,0.5684210526315789,0.5567010309278351,0.500060385157989
0.13999999999999999,0.5,1,3,0.5686274509803921,0.9344262295081968,0.8896882494004796,0.4947052315473369,0.6847290640394088,0.7515268402442945,0.4317774508442298,0.7289310015457325,0.5471698113207547,0.5576923076923077,0.49482465996645625
0.13999999999999999,0.5,2,3,0.5544554455445545,0.9381868131868132,0.8914354644149578,0.49264225873136785,0.680623973727422,0.7463211293656838,0.47135928098197655,0.7212369842912385,0.5544554455445545,0.5544554455445545,0.49264225873136763
0.13999999999999999,0.5,3,3,0.5603448275862069,0.9425444596443229,0.8902007083825265,0.519855903740773,0.6954022988505747,0.7514446436152649,0.4989955299147521,0.7267392329658091,0.6074766355140186,0.5829596412556054,0.5204180110555469
0.13999999999999999,0.5,4,3,0.5701754385964912,0.9448275862068966,0.8939213349225268,0.5327250768142875,0.6888341543513957,0.7575015124016939,0.5064924801022958,0.7339737620402935,0.6190476190476191,0.593607305936073,0.5333208090696836
0.13999999999999999,0.5,5,3,0.5757575757575758,0.9456953642384106,0.9028103044496487,0.5237512933872637,0.7017255546425637,0.7607264699979932,0.5144186385050099,0.7378965173512374,0.5816326530612245,0.5786802030456852,0.5237599155709477
0.14999999999999997,0.5,1,3,0.5784313725490197,0.9344262295081968,0.8908872901678657,0.5022626214929367,0.6847290640394088,0.7564288010286082,0.44406247296845625,0.7351880347776557,0.5514018691588785,0.5645933014354066,0.5024505541689457
0.14999999999999997,0.5,2,3,0.5445544554455446,0.9436813186813187,0.8950542822677925,0.4988709083455504,0.680623973727422,0.7441178870634316,0.46999542911117187,0.7168583309194634,0.5729166666666666,0.5583756345177665,0.4990779363974547
0.14999999999999997,0.5,3,3,0.5603448275862069,0.9425444596443229,0.8902007083825265,0.519855903740773,0.6954022988505747,0.7514446436152649,0.5360500052552212,0.7267392329658091,0.6074766355140186,0.5829596412556054,0.5204180110555469
0.14999999999999997,0.5,4,3,0.5701754385964912,0.9475862068965517,0.8963051251489869,0.5397057617969592,0.6888341543513957,0.7588808227465215,0.5079460806938826,0.7350444756103041,0.6310679611650486,0.5990783410138248,0.5406220876524179
0.14999999999999997,0.5,5,3,0.5959595959595959,0.9483443708609272,0.9074941451990632,0.546703038284263,0.7017255546425637,0.7721519834102615,0.5216650866388928,0.7517811703473527,0.6020408163265306,0.5989847715736041,0.546712038307893
0.15999999999999998,0.5,1,3,0.5588235294117647,0.9398907103825137,0.8932853717026379,0.5008271799217207,0.6847290640394088,0.7493571198971392,0.43948920880863007,0.7247296351311205,0.5643564356435643,0.5615763546798029,0.500835057450302
0.15999999999999998,0.5,2,3,0.5346534653465347,0.9436813186813187,0.893848009650181,0.4908928496657222,0.680623973727422,0.7391673920139267,0.47724449864761054,0.7103115423641619,0.5684210526315789,0.5510204081632653,0.49118885868392737
0.15999999999999998,0.5,3,3,0.5603448275862069,0.9425444596443229,0.8902007083825265,0.519855903740773,0.6954022988505747,0.7514446436152649,0.5342924266745326,0.7267392329658091,0.6074766355140186,0.5829596412556054,0.5204180110555469
0.15999999999999998,0.5,4,3,0.5701754385964912,0.9462068965517242,0.8951132300357568,0.5362020227401219,0.6888341543513957,0.7581911675741078,0.5107108645618335,0.7345093139262457,0.625,0.5963302752293578,0.5369482940262996
0.15999999999999998,0.5,5,3,0.5959595959595959,0.9483443708609272,0.9074941451990632,0.546703038284263,0.7017255546425637,0.7721519834102615,0.5233435058527189,0.7517811703473527,0.6020408163265306,0.5989847715736041,0.546712038307893
0.16999999999999998,0.5,1,3,0.5392156862745098,0.9439890710382514,0.894484412470024,0.49575397806909044,0.6847290640394088,0.7416023786563806,0.4102149099197582,0.7134519708960987,0.5729166666666666,0.5555555555555556,0.49604723179916294
0.16999999999999998,0.5,2,3,0.5247524752475248,0.9436813186813187,0.8926417370325693,0.48284466625077954,0.680623973727422,0.7342168969644217,0.45520560442126556,0.7037038495154551,0.5638297872340425,0.5435897435897435,0.48324458782129986
0.16999999999999998,0.5,3,3,0.5603448275862069,0.945280437756498,0.8925619834710744,0.5266325609389108,0.6954022988505747,0.7528126326713525,0.5424891732983481,0.7277932425595054,0.6190476190476191,0.5882352941176471,0.5274968223546526
0.16999999999999998,0.5,4,3,0.5789473684210527,0.9475862068965517,0.8974970202622169,0.5467428858596645,0.6888341543513957,0.7632667876588022,0.5126053269803666,0.7406770826985575,0.6346153846153846,0.6055045871559633,0.5475038276303688
0.16999999999999998,0.5,5,3,0.5858585858585859,0.9509933774834437,0.9086651053864169,0.5464436969754743,0.7017255546425637,0.7684259816710148,0.5275124816789023,0.7464232279969124,0.6105263157894737,0.5979381443298969,0.546591568609807
0.17999999999999997,0.5,1,3,0.5490196078431373,0.9453551912568307,0.8968824940047961,0.5072141149311565,0.6847290640394088,0.747187399549984,0.45570301430335086,0.720429411098894,0.5833333333333334,0.5656565656565656,0.5075141476847581
0.17999999999999997,0.5,2,3,0.5247524752475248,0.9478021978021978,0.8962605548854041,0.4936002159305613,0.680623973727422,0.7362773365248613,0.48597483097633515,0.7052386470846216,0.5824175824175825,0.5520833333333334,0.49445817512704116
0.17999999999999997,0.5,3,3,0.5431034482758621,0.945280437756498,0.8902007083825265,0.5125466438114568,0.6954022988505747,0.7441919430161801,0.5078531121047979,0.7165089429541479,0.6116504854368932,0.5753424657534246,0.5137406479839678
0.17999999999999997,0.5,4,3,0.5789473684210527,0.9517241379310345,0.901072705601907,0.5574585178924355,0.6888341543513957,0.7653357531760436,0.5138981646098378,0.7422925199124449,0.6534653465346535,0.6139534883720931,0.5588024873504897
0.17999999999999997,0.5,5,3,0.5959595959595959,0.9549668874172186,0.9133489461358314,0.5658243675886614,0.7017255546425637,0.7754632416884073,0.5265952668422285,0.7544015378960719,0.6344086021505376,0.6145833333333334,0.5661753016259374
0.18999999999999995,0.5,1,3,0.5490196078431373,0.9508196721311475,0.9016786570743405,0.5218558603909722,0.6847290640394088,0.7499196399871424,0.46168057333988105,0.7225085767816067,0.6086956521739131,0.5773195876288659,0.5227453067212132
0.18999999999999995,0.5,2,3,0.5247524752475248,0.9491758241758241,0.8974668275030157,0.49724955229417994,0.680623973727422,0.7369641497116745,0.4862660774487748,0.7057495045562363,0.5888888888888889,0.5549738219895288,0.4983053441995354
0.18999999999999995,0.5,3,3,0.5258620689655172,0.9493844049247606,0.8913813459268005,0.5084341605581562,0.6954022988505747,0.737623236945139,0.5097858805062156,0.7065728889628663,0.6224489795918368,0.5700934579439252,0.5108020595665618
0.18999999999999995,0.5,4,3,0.5701754385964912,0.9517241379310345,0.899880810488677,0.5503808709632142,0.6888341543513957,0.7609497882637628,0.5161822020026132,0.7366476279522627,0.65,0.6074766355140186,0.5519327368943439
0.18999999999999995,0.5,5,3,0.5959595959595959,0.9589403973509933,0.9168618266978923,0.5777164904656442,0.7017255546425637,0.7774499966552946,0.5321274652670221,0.7559693986892805,0.6555555555555556,0.6243386243386243,0.5785459512621153
0.19999999999999996,0.5,1,3,0.5392156862745098,0.9508196721311475,0.9004796163069544,0.5138836219609824,0.6847290640394088,0.7450176792028287,0.45447874371322694,0.7160285483355403,0.6043956043956044,0.5699481865284974,0.5149534130723535
0.19999999999999996,0.5,2,3,0.5247524752475248,0.9505494505494505,0.8986731001206273,0.500931685921509,0.680623973727422,0.7376509628984876,0.43439010417534957,0.7062599925105476,0.5955056179775281,0.5578947368421052,0.502209689134734
0.19999999999999996,0.5,3,3,0.5258620689655172,0.9521203830369357,0.8937426210153483,0.5153599674490756,0.6954022988505747,0.7389912260012265,0.5474397072408935,0.7075902730592357,0.6354166666666666,0.5754716981132075,0.5183750029916362
0.19999999999999996,0.5,4,3,0.5701754385964912,0.9517241379310345,0.899880810488677,0.5503808709632142,0.6888341543513957,0.7609497882637628,0.5165377381716074,0.7366476279522627,0.65,0.6074766355140186,0.5519327368943439
0.19999999999999996,0.5,5,3,0.5555555555555556,0.9589403973509933,0.9121779859484778,0.545622224429279,0.7017255546425637,0.7572479764532745,0.5289492304881868,0.7298935985436482,0.6395348837209303,0.5945945945945946,0.5473223718995123
0.20999999999999996,0.5,1,3,0.5294117647058824,0.9521857923497268,0.9004796163069544,0.5095438506993153,0.6847290640394088,0.7407987785278045,0.45533733564646267,0.7099988455312711,0.6067415730337079,0.5654450261780105,0.5110539648509774
0.20999999999999996,0.5,2,3,0.5247524752475248,0.9532967032967034,0.9010856453558505,0.5083961295361519,0.680623973727422,0.739024589272114,0.48957893407470615,0.7072798630671244,0.6091954022988506,0.5638297872340425,0.5101963812067245
0.20999999999999996,0.5,3,3,0.5258620689655172,0.9521203830369357,0.8937426210153483,0.5153599674490756,0.6954022988505747,0.7389912260012265,0.5434856983831992,0.7075902730592357,0.6354166666666666,0.5754716981132075,0.5183750029916362
0.20999999999999996,0.5,4,3,0.5701754385964912,0.953103448275862,0.901072705601907,0.5539949402760429,0.6888341543513957,0.7616394434361766,0.517196935458302,0.7371812373144869,0.6565656565656566,0.6103286384976526,0.5558033807127948
0.20999999999999996,0.5,5,3,0.5252525252525253,0.9602649006622517,0.9098360655737705,0.5246569995229078,0.7017255546425637,0.7427587129573885,0.4837282277069515,0.7101982568158085,0.6341463414634146,0.574585635359116,0.5275702758584923
0.21999999999999995,0.5,1,3,0.5294117647058824,0.9562841530054644,0.9040767386091128,0.5208548776284042,0.6847290640394088,0.7428479588556733,0.45612986634603125,0.7115251794581081,0.627906976744186,0.574468085106383,0.5232630340791038
0.21999999999999995,0.5,2,3,0.5247524752475248,0.9532967032967034,0.9010856453558505,0.5083961295361519,0.680623973727422,0.739024589272114,0.4940513980050929,0.7072798630671244,0.6091954022988506,0.5638297872340425,0.5101963812067245
0.21999999999999995,0.5,3,3,0.5344827586206896,0.9548563611491108,0.89728453364817,0.5296757022409159,0.6954022988505747,0.7446695598849002,0.5445254347464539,0.7143908328033683,0.6526315789473685,0.5876777251184834,0.5331223583647148
0.21999999999999995,0.5,4,3,0.543859649122807,0.953103448275862,0.8974970202622169,0.5323845445943668,0.6888341543513957,0.7484815486993346,0.510110600220216,0.71996840691592,0.6458333333333334,0.5904761904761905,0.5349529002821778
0.21999999999999995,0.5,5,3,0.5050505050505051,0.9602649006622517,0.9074941451990632,0.5076408856713326,0.7017255546425637,0.7326577028563783,0.48454298247118155,0.6964066865429591,0.625,0.5586592178770949,0.5112378864376408
0.22999999999999995,0.5,1,3,0.5196078431372549,0.9576502732240437,0.9040767386091128,0.5164796938864251,0.6847290640394088,0.7386290581806494,0.4561183696694137,0.7054095214481785,0.6309523809523809,0.5698924731182796,0.5195635488029721
0.22999999999999995,0.5,2,3,0.5148514851485149,0.9532967032967034,0.8998793727382388,0.5001343978612576,0.680623973727422,0.734074094222609,0.493381744711354,0.7005756372294791,0.6046511627906976,0.5561497326203209,0.5021877229088401
0.22999999999999995,0.5,3,3,0.5086206896551724,0.9562243502051984,0.8949232585596222,0.5111887794471426,0.6954022988505747,0.7324225199301854,0.546713018006582,0.6973919188422225,0.6483516483516484,0.5700483091787439,0.5160767457603823
0.22999999999999995,0.5,4,3,0.5263157894736842,0.9572413793103448,0.8986889153754469,0.5284865154350167,0.6888341543513957,0.7417785843920145,0.5144773625431464,0.7097966274001325,0.6593406593406593,0.5853658536585366,0.5328411537436416
0.22999999999999995,0.5,5,3,0.48484848484848486,0.9615894039735099,0.9063231850117096,0.494143256971079,0.7017255546425637,0.7232189444109973,0.532900095237568,0.6828068288783541,0.6233766233766234,0.5454545454545454,0.498995060766899
0.23999999999999994,0.5,1,3,0.5,0.9576502732240437,0.9016786570743405,0.4998244690187815,0.6847290640394088,0.7288251366120219,0.4649964865630086,0.6919719189475986,0.6219512195121951,0.5543478260869565,0.5035858352866202
0.23999999999999994,0.5,2,3,0.504950495049505,0.9574175824175825,0.902291917973462,0.5031263180482894,0.680623973727422,0.7311840387335438,0.49438173163449106,0.6953045967134537,0.6219512195121951,0.5573770491803278,0.5065787775055898
0.23999999999999994,0.5,3,3,0.5,0.9548563611491108,0.8925619834710744,0.5002042576369662,0.6954022988505747,0.7274281805745554,0.5130855089214711,0.6909617793876557,0.6373626373626373,0.5603864734299517,0.5049871903995217
0.23999999999999994,0.5,4,3,0.5175438596491229,0.9572413793103448,0.8974970202622169,0.521004275206458,0.6888341543513957,0.7373926194797338,0.5192982968475757,0.703856802243273,0.6555555555555556,0.5784313725490197,0.5257223901253728
0.23999999999999994,0.5,5,3,0.47474747474747475,0.9615894039735099,0.905152224824356,0.48532015892620656,0.7017255546425637,0.7181684393604923,0.5313915381493515,0.6756568221222614,0.618421052631579,0.5371428571428571,0.4905874105093407
0.24999999999999992,0.5,1,3,0.49019607843137253,0.9590163934426229,0.9016786570743405,0.4951722916113027,0.6847290640394088,0.7246062359369977,0.4244918768252536,0.685642818978637,0.625,0.5494505494505495,0.4997775749742865
0.24999999999999992,0.5,2,3,0.48514851485148514,0.9587912087912088,0.9010856453558505,0.48989209226936425,0.680623973727422,0.721969861821347,0.4918438779216442,0.682023556043129,0.620253164556962,0.5444444444444444,0.49454544545743956
0.24999999999999992,0.5,3,3,0.5086206896551724,0.9548563611491108,0.8937426210153483,0.5076599152629947,0.6954022988505747,0.7317385254021416,0.5490510906090679,0.6968928905716352,0.6413043478260869,0.5673076923076923,0.5120926333730029
0.24999999999999992,0.5,4,3,0.49122807017543857,0.9586206896551724,0.8951132300357568,0.5017814726840854,0.6888341543513957,0.7249243799153056,0.5215208193969898,0.6862225523906645,0.6511627906976745,0.56,0.5082077021953831
0.24999999999999992,0.5,5,3,0.47474747474747475,0.9615894039735099,0.905152224824356,0.48532015892620656,0.7017255546425637,0.7181684393604923,0.527362017163034,0.6756568221222614,0.618421052631579,0.5371428571428571,0.4905874105093407
0.2599999999999999,0.5,1,3,0.47058823529411764,0.9603825136612022,0.9004796163069544,0.4817859228316038,0.6847290640394088,0.7154853744776599,0.4644441661668587,0.6722683335626883,0.6233766233766234,0.5363128491620112,0.4877644212352968
0.2599999999999999,0.5,2,3,0.48514851485148514,0.9587912087912088,0.9010856453558505,0.48989209226936425,0.680623973727422,0.721969861821347,0.49433568476972606,0.682023556043129,0.620253164556962,0.5444444444444444,0.49454544545743956
0.2599999999999999,0.5,3,3,0.5086206896551724,0.9534883720930233,0.8925619834710744,0.5041589737981436,0.6954022988505747,0.7310545308740979,0.5300725436733027,0.6963935047027228,0.6344086021505376,0.5645933014354066,0.5081653173336222
0.2599999999999999,0.5,4,3,0.47368421052631576,0.9586206896551724,0.8927294398092968,0.4862216778934474,0.6888341543513957,0.7161524500907441,0.5181905610815012,0.6738571692677185,0.6428571428571429,0.5454545454545454,0.4935128535995797
0.2599999999999999,0.5,5,3,0.45454545454545453,0.9629139072847682,0.9039812646370023,0.4712234018454477,0.7017255546425637,0.7087296809151113,0.5323099755274101,0.6615800327057147,0.6164383561643836,0.5232558139534884,0.4779894718438106
0.2699999999999999,0.5,1,3,0.46078431372549017,0.9617486338797814,0.9004796163069544,0.47685122205595587,0.6847290640394088,0.7112664738026357,0.46719666745377414,0.6657016480667017,0.6266666666666667,0.5310734463276836,0.48391009939452906
0.2699999999999999,0.5,2,3,0.49504950495049505,0.9587912087912088,0.902291917973462,0.49847261537542276,0.680623973727422,0.726920356870852,0.4901448659165454,0.6889478305815141,0.625,0.5524861878453039,0.5027405637024596
0.2699999999999999,0.5,3,3,0.5,0.9548563611491108,0.8925619834710744,0.5002042576369662,0.6954022988505747,0.7274281805745554,0.5143124314151284,0.6909617793876557,0.6373626373626373,0.5603864734299517,0.5049871903995217
0.2699999999999999,0.5,4,3,0.47368421052631576,0.96,0.8939213349225268,0.4898093045183416,0.6888341543513957,0.7168421052631578,0.5182360501892753,0.6743417843388196,0.6506024096385542,0.5482233502538071,0.4977314643488115
0.2699999999999999,0.5,5,3,0.45454545454545453,0.9642384105960264,0.905152224824356,0.4750717115148204,0.7017255546425637,0.7093919325707405,0.47737683396141106,0.6620348832460095,0.625,0.5263157894736842,0.48251563372663103
0.2799999999999999,0.5,1,3,0.46078431372549017,0.9617486338797814,0.9004796163069544,0.47685122205595587,0.6847290640394088,0.7112664738026357,0.4703510006545446,0.6657016480667017,0.6266666666666667,0.5310734463276836,0.48391009939452906
0.2799999999999999,0.5,2,3,0.49504950495049505,0.9601648351648352,0.9034981905910736,0.5023337485554773,0.680623973727422,0.7276071700576652,0.4935923597101969,0.6894411695853573,0.6329113924050633,0.5555555555555556,0.5071052816894173
0.2799999999999999,0.5,3,3,0.5,0.9548563611491108,0.8925619834710744,0.5002042576369662,0.6954022988505747,0.7274281805745554,0.5416060529251397,0.6909617793876557,0.6373626373626373,0.5603864734299517,0.5049871903995217
0.2799999999999999,0.5,4,3,0.47368421052631576,0.9613793103448276,0.8951132300357568,0.4934270110052968,0.6888341543513957,0.7175317604355717,0.517110138337086,0.6748260513917816,0.6585365853658537,0.5510204081632653,0.5020179352749934
0.2799999999999999,0.5,5,3,0.4444444444444444,0.9642384105960264,0.9039812646370023,0.46593249035249606,0.7017255546425637,0.7043414275202354,0.4783224050473376,0.654637613271148,0.6197183098591549,0.5176470588235295,0.473878970635609
0.2899999999999999,0.5,1,3,0.4117647058823529,0.9617486338797814,0.894484412470024,0.43180973615756235,0.6847290640394088,0.6867566698810672,0.4634449105328639,0.6292965464407563,0.6,0.4883720930232558,0.44133263588703453
0.2899999999999999,0.5,2,3,0.49504950495049505,0.9601648351648352,0.9034981905910736,0.5023337485554773,0.680623973727422,0.7276071700576652,0.4907308585165243,0.6894411695853573,0.6329113924050633,0.5555555555555556,0.5071052816894173
0.2899999999999999,0.5,3,3,0.49137931034482757,0.9548563611491108,0.8913813459268005,0.49268889727998344,0.6954022988505747,0.7231178357469692,0.5271883687799966,0.6849793137167148,0.6333333333333333,0.5533980582524272,0.4978319585373454
0.2899999999999999,0.5,4,3,0.47368421052631576,0.9613793103448276,0.8951132300357568,0.4934270110052968,0.6888341543513957,0.7175317604355717,0.5170171768199343,0.6748260513917816,0.6585365853658537,0.5510204081632653,0.5020179352749934
0.2899999999999999,0.5,5,3,0.4444444444444444,0.9642384105960264,0.9039812646370023,0.46593249035249606,0.7017255546425637,0.7043414275202354,0.5271382488410302,0.654637613271148,0.6197183098591549,0.5176470588235295,0.473878970635609
0.29999999999999993,0.5,1,3,0.4117647058823529,0.9617486338797814,0.894484412470024,0.43180973615756235,0.6847290640394088,0.6867566698810672,0.4684833083546243,0.6292965464407563,0.6,0.4883720930232558,0.44133263588703453
0.29999999999999993,0.5,2,3,0.48514851485148514,0.9601648351648352,0.902291917973462,0.4937309156708258,0.680623973727422,0.7226566750081602,0.49283771570330215,0.6825119367401868,0.6282051282051282,0.547486033519553,0.4989130015677412
0.29999999999999993,0.5,3,3,0.4827586206896552,0.9548563611491108,0.8902007083825265,0.4851131141861724,0.6954022988505747,0.718807490919383,0.5467885514529334,0.6789441360414625,0.6292134831460674,0.5463414634146342,0.49062566043237554
0.29999999999999993,0.5,4,3,0.47368421052631576,0.9613793103448276,0.8951132300357568,0.4934270110052968,0.6888341543513957,0.7175317604355717,0.5124590905073346,0.6748260513917816,0.6585365853658537,0.5510204081632653,0.5020179352749934
0.29999999999999993,0.5,5,3,0.4444444444444444,0.9655629139072848,0.905152224824356,0.4697928962335016,0.7017255546425637,0.7050036791758646,0.5294131025330083,0.655087072722155,0.6285714285714286,0.5207100591715976,0.47849309258442163
0.30999999999999994,0.5,1,3,0.4019607843137255,0.9617486338797814,0.8932853717026379,0.4225365261634691,0.6847290640394088,0.6818547090967535,0.4316996513778242,0.6217597889755906,0.5942028985507246,0.47953216374269003,0.4325685199998862
0.30999999999999994,0.5,2,3,0.46534653465346537,0.9601648351648352,0.8998793727382388,0.47627891399821876,0.680623973727422,0.7127556849091503,0.4894141489974573,0.6684380141344984,0.618421052631579,0.5310734463276836,0.48231776832413614
0.30999999999999994,0.5,3,3,0.47413793103448276,0.9548563611491108,0.8890200708382526,0.4774761767253826,0.6954022988505747,0.7144971460917968,0.5461467049919606,0.672854827960946,0.625,0.5392156862745098,0.4833669728851399
0.30999999999999994,0.5,4,3,0.47368421052631576,0.9613793103448276,0.8951132300357568,0.4934270110052968,0.6888341543513957,0.7175317604355717,0.5154062367725845,0.6748260513917816,0.6585365853658537,0.5510204081632653,0.5020179352749934
0.30999999999999994,0.5,5,3,0.43434343434343436,0.9655629139072848,0.9039812646370023,0.46053462753254765,0.7017255546425637,0.6999531741253595,0.5258107769188798,0.6476001174344735,0.6231884057971014,0.5119047619047619,0.46977510436004694
0.3199999999999999,0.5,1,3,0.4019607843137255,0.9617486338797814,0.8932853717026379,0.4225365261634691,0.6847290640394088,0.6818547090967535,0.46970291539476555,0.6217597889755906,0.5942028985507246,0.47953216374269003,0.4325685199998862
0.3199999999999999,0.5,2,3,0.45544554455445546,0.9601648351648352,0.8986731001206273,0.4674273827186933,0.680623973727422,0.7078051898596454,0.4886277789992008,0.6612887389134094,0.6133333333333333,0.5227272727272727,0.4739106377287424
0.3199999999999999,0.5,3,3,0.47413793103448276,0.9548563611491108,0.8890200708382526,0.4774761767253826,0.6954022988505747,0.7144971460917968,0.5095283066660943,0.672854827960946,0.625,0.5392156862745098,0.4833669728851399
0.3199999999999999,0.5,4,3,0.4824561403508772,0.9613793103448276,0.8963051251489869,0.5012742639673676,0.6888341543513957,0.7219177253478524,0.5147889532358192,0.6810457778168466,0.6626506024096386,0.5583756345177665,0.5093818576807123
0.3199999999999999,0.5,5,3,0.43434343434343436,0.9655629139072848,0.9039812646370023,0.46053462753254765,0.7017255546425637,0.6999531741253595,0.5202522513716634,0.6476001174344735,0.6231884057971014,0.5119047619047619,0.46977510436004694
0.32999999999999985,0.5,1,3,0.4117647058823529,0.9617486338797814,0.894484412470024,0.43180973615756235,0.6847290640394088,0.6867566698810672,0.4678804550296028,0.6292965464407563,0.6,0.4883720930232558,0.44133263588703453
0.32999999999999985,0.5,2,3,0.45544554455445546,0.9601648351648352,0.8986731001206273,0.4674273827186933,0.680623973727422,0.7078051898596454,0.48857704650375305,0.6612887389134094,0.6133333333333333,0.5227272727272727,0.4739106377287424
0.32999999999999985,0.5,3,3,0.47413793103448276,0.9548563611491108,0.8890200708382526,0.4774761767253826,0.6954022988505747,0.7144971460917968,0.47292256311298764,0.672854827960946,0.625,0.5392156862745098,0.4833669728851399
0.32999999999999985,0.5,4,3,0.47368421052631576,0.9613793103448276,0.8951132300357568,0.4934270110052968,0.6888341543513957,0.7175317604355717,0.5135548322307788,0.6748260513917816,0.6585365853658537,0.5510204081632653,0.5020179352749934
0.32999999999999985,0.5,5,3,0.43434343434343436,0.9668874172185431,0.905152224824356,0.4644068321538628,0.7017255546425637,0.7006154257809887,0.5224717746681496,0.6480441353936899,0.6323529411764706,0.5149700598802395,0.47448191438843984
0.33999999999999986,0.5,1,3,0.4019607843137255,0.9644808743169399,0.89568345323741,0.4299250459623814,0.6847290640394088,0.6832208293153327,0.46450967900664814,0.6226423441238356,0.6119402985074627,0.48520710059171596,0.44169794968381876
0.33999999999999986,0.5,2,3,0.45544554455445546,0.9601648351648352,0.8986731001206273,0.4674273827186933,0.680623973727422,0.7078051898596454,0.48693405596540107,0.6612887389134094,0.6133333333333333,0.5227272727272727,0.4739106377287424
0.33999999999999986,0.5,3,3,0.47413793103448276,0.9548563611491108,0.8890200708382526,0.4774761767253826,0.6954022988505747,0.7144971460917968,0.5453238206015127,0.672854827960946,0.625,0.5392156862745098,0.4833669728851399
0.33999999999999986,0.5,4,3,0.47368421052631576,0.9627586206896551,0.8963051251489869,0.49707517724632583,0.6888341543513957,0.7182214156079855,0.5059084960412302,0.6753099711752996,0.6666666666666666,0.5538461538461539,0.5063743294476362
0.33999999999999986,0.5,5,3,0.43434343434343436,0.9668874172185431,0.905152224824356,0.4644068321538628,0.7017255546425637,0.7006154257809887,0.5217717576540782,0.6480441353936899,0.6323529411764706,0.5149700598802395,0.47448191438843984
0.34999999999999987,0.5,1,3,0.4019607843137255,0.9644808743169399,0.89568345323741,0.4299250459623814,0.6847290640394088,0.6832208293153327,0.4646457959397696,0.6226423441238356,0.6119402985074627,0.48520710059171596,0.44169794968381876
0.34999999999999987,0.5,2,3,0.45544554455445546,0.9601648351648352,0.8986731001206273,0.4674273827186933,0.680623973727422,0.7078051898596454,0.48688002733832453,0.6612887389134094,0.6133333333333333,0.5227272727272727,0.4739106377287424
0.34999999999999987,0.5,3,3,0.46551724137931033,0.9548563611491108,0.8878394332939787,0.46977734140764504,0.6954022988505747,0.7101868012642105,0.5175933124865613,0.6667099062977995,0.6206896551724138,0.5320197044334976,0.4760545246095361
0.34999999999999987,0.5,4,3,0.47368421052631576,0.9627586206896551,0.8963051251489869,0.49707517724632583,0.6888341543513957,0.7182214156079855,0.5130048149631008,0.6753099711752996,0.6666666666666666,0.5538461538461539,0.5063743294476362
0.34999999999999987,0.5,5,3,0.43434343434343436,0.9668874172185431,0.905152224824356,0.4644068321538628,0.7017255546425637,0.7006154257809887,0.5212891752264287,0.6480441353936899,0.6323529411764706,0.5149700598802395,0.47448191438843984
0.3599999999999999,0.5,1,3,0.4019607843137255,0.9644808743169399,0.89568345323741,0.4299250459623814,0.6847290640394088,0.6832208293153327,0.47183543793785143,0.6226423441238356,0.6119402985074627,0.48520710059171596,0.44169794968381876
0.3599999999999999,0.5,2,3,0.45544554455445546,0.9601648351648352,0.8986731001206273,0.4674273827186933,0.680623973727422,0.7078051898596454,0.4619712235882445,0.6612887389134094,0.6133333333333333,0.5227272727272727,0.4739106377287424
0.3599999999999999,0.5,3,3,0.46551724137931033,0.9548563611491108,0.8878394332939787,0.46977734140764504,0.6954022988505747,0.7101868012642105,0.541831669478091,0.6667099062977995,0.6206896551724138,0.5320197044334976,0.4760545246095361
0.3599999999999999,0.5,4,3,0.47368421052631576,0.9627586206896551,0.8963051251489869,0.49707517724632583,0.6888341543513957,0.7182214156079855,0.5130137404471212,0.6753099711752996,0.6666666666666666,0.5538461538461539,0.5063743294476362
0.3599999999999999,0.5,5,3,0.43434343434343436,0.9668874172185431,0.905152224824356,0.4644068321538628,0.7017255546425637,0.7006154257809887,0.5206634845540921,0.6480441353936899,0.6323529411764706,0.5149700598802395,0.47448191438843984
0.3699999999999999,0.5,1,3,0.4019607843137255,0.9644808743169399,0.89568345323741,0.4299250459623814,0.6847290640394088,0.6832208293153327,0.4603979824798922,0.6226423441238356,0.6119402985074627,0.48520710059171596,0.44169794968381876
0.3699999999999999,0.5,2,3,0.45544554455445546,0.9601648351648352,0.8986731001206273,0.4674273827186933,0.680623973727422,0.7078051898596454,0.4890063210827602,0.6612887389134094,0.6133333333333333,0.5227272727272727,0.4739106377287424
0.3699999999999999,0.5,3,3,0.46551724137931033,0.9548563611491108,0.8878394332939787,0.46977734140764504,0.6954022988505747,0.7101868012642105,0.5370000300193024,0.6667099062977995,0.6206896551724138,0.5320197044334976,0.4760545246095361
0.3699999999999999,0.5,4,3,0.47368421052631576,0.9627586206896551,0.8963051251489869,0.49707517724632583,0.6888341543513957,0.7182214156079855,0.5096434813811741,0.6753099711752996,0.6666666666666666,0.5538461538461539,0.5063743294476362
0.3699999999999999,0.5,5,3,0.43434343434343436,0.9668874172185431,0.905152224824356,0.4644068321538628,0.7017255546425637,0.7006154257809887,0.5205591048306064,0.6480441353936899,0.6323529411764706,0.5149700598802395,0.47448191438843984
0.3799999999999999,0.5,1,3,0.4019607843137255,0.9644808743169399,0.89568345323741,0.4299250459623814,0.6847290640394088,0.6832208293153327,0.4724274907747484,0.6226423441238356,0.6119402985074627,0.48520710059171596,0.44169794968381876
0.3799999999999999,0.5,2,3,0.45544554455445546,0.9601648351648352,0.8986731001206273,0.4674273827186933,0.680623973727422,0.7078051898596454,0.48617921370623074,0.6612887389134094,0.6133333333333333,0.5227272727272727,0.4739106377287424
0.3799999999999999,0.5,3,3,0.47413793103448276,0.9548563611491108,0.8890200708382526,0.4774761767253826,0.6954022988505747,0.7144971460917968,0.5349759133193557,0.672854827960946,0.625,0.5392156862745098,0.4833669728851399
0.3799999999999999,0.5,4,3,0.47368421052631576,0.9627586206896551,0.8963051251489869,0.49707517724632583,0.6888341543513957,0.7182214156079855,0.5135922665747832,0.6753099711752996,0.6666666666666666,0.5538461538461539,0.5063743294476362
0.3799999999999999,0.5,5,3,0.42424242424242425,0.9668874172185431,0.9039812646370023,0.4550265373780135,0.7017255546425637,0.6955649207304837,0.5195204153097462,0.6404644110723804,0.6268656716417911,0.5060240963855421,0.4656796474954782
0.3899999999999999,0.5,1,3,0.4019607843137255,0.9644808743169399,0.89568345323741,0.4299250459623814,0.6847290640394088,0.6832208293153327,0.4725616236446059,0.6226423441238356,0.6119402985074627,0.48520710059171596,0.44169794968381876
0.3899999999999999,0.5,2,3,0.45544554455445546,0.9615384615384616,0.8998793727382388,0.4712319503254511,0.680623973727422,0.7084920030464585,0.4858118015622145,0.661761594704194,0.6216216216216216,0.5257142857142857,0.47836174150229616
0.3899999999999999,0.5,3,3,0.47413793103448276,0.9548563611491108,0.8890200708382526,0.4774761767253826,0.6954022988505747,0.7144971460917968,0.5351540580343115,0.672854827960946,0.625,0.5392156862745098,0.4833669728851399
0.3899999999999999,0.5,4,3,0.47368421052631576,0.9641379310344828,0.8974970202622169,0.5007541895575881,0.6888341543513957,0.7189110707803993,0.5092191420826775,0.6757935444353877,0.675,0.5567010309278351,0.5108027991117056
0.3899999999999999,0.5,5,3,0.41414141414141414,0.9668874172185431,0.9028103044496487,0.4455499757513181,0.7017255546425637,0.6905144156799786,0.5188342077690968,0.6327939019004742,0.6212121212121212,0.49696969696969695,0.45678710496116054
0.3999999999999998,0.5,1,3,0.4019607843137255,0.9644808743169399,0.89568345323741,0.4299250459623814,0.6847290640394088,0.6832208293153327,0.47122825216597486,0.6226423441238356,0.6119402985074627,0.48520710059171596,0.44169794968381876
0.3999999999999998,0.5,2,3,0.43564356435643564,0.9615384615384616,0.8974668275030157,0.45322138849875443,0.680623973727422,0.6985910129474486,0.4880410866191862,0.6472156075454446,0.6111111111111112,0.5086705202312138,0.4613194602811272
0.3999999999999998,0.5,3,3,0.47413793103448276,0.9548563611491108,0.8890200708382526,0.4774761767253826,0.6954022988505747,0.7144971460917968,0.5344012622209696,0.672854827960946,0.625,0.5392156862745098,0.4833669728851399
0.3999999999999998,0.5,4,3,0.47368421052631576,0.9641379310344828,0.8974970202622169,0.5007541895575881,0.6888341543513957,0.7189110707803993,0.5124025254333201,0.6757935444353877,0.675,0.5567010309278351,0.5108027991117056
0.3999999999999998,0.5,5,3,0.40404040404040403,0.9668874172185431,0.9016393442622951,0.4359756576981743,0.7017255546425637,0.6854639106294735,0.46740241976340424,0.6250292654864753,0.6153846153846154,0.4878048780487805,0.44780125024747297
0.4099999999999998,0.5,1,3,0.4019607843137255,0.9644808743169399,0.89568345323741,0.4299250459623814,0.6847290640394088,0.6832208293153327,0.4625732306435009,0.6226423441238356,0.6119402985074627,0.48520710059171596,0.44169794968381876
0.4099999999999998,0.5,2,3,0.42574257425742573,0.9615384615384616,0.8962605548854041,0.44408402601250735,0.680623973727422,0.6936405178979437,0.48500319121452307,0.6398186148143155,0.6056338028169014,0.5,0.4526774184852885
0.4099999999999998,0.5,3,3,0.47413793103448276,0.9548563611491108,0.8890200708382526,0.4774761767253826,0.6954022988505747,0.7144971460917968,0.5007423899671977,0.672854827960946,0.625,0.5392156862745098,0.4833669728851399
0.4099999999999998,0.5,4,3,0.47368421052631576,0.9655172413793104,0.8986889153754469,0.5044644408157591,0.6888341543513957,0.7196007259528131,0.5118350361456474,0.6762767719153933,0.6835443037974683,0.5595854922279793,0.5153055907274962
0.4099999999999998,0.5,5,3,0.40404040404040403,0.9668874172185431,0.9016393442622951,0.4359756576981743,0.7017255546425637,0.6854639106294735,0.5166029494470352,0.6250292654864753,0.6153846153846154,0.4878048780487805,0.44780125024747297
0.4199999999999998,0.5,1,3,0.4019607843137255,0.9644808743169399,0.89568345323741,0.4299250459623814,0.6847290640394088,0.6832208293153327,0.46200474741286923,0.6226423441238356,0.6119402985074627,0.48520710059171596,0.44169794968381876
0.4199999999999998,0.5,2,3,0.42574257425742573,0.9615384615384616,0.8962605548854041,0.44408402601250735,0.680623973727422,0.6936405178979437,0.4316411163378886,0.6398186148143155,0.6056338028169014,0.5,0.4526774184852885
0.4199999999999998,0.5,3,3,0.46551724137931033,0.9548563611491108,0.8878394332939787,0.46977734140764504,0.6954022988505747,0.7101868012642105,0.5117129478246412,0.6667099062977995,0.6206896551724138,0.5320197044334976,0.4760545246095361
0.4199999999999998,0.5,4,3,0.47368421052631576,0.9655172413793104,0.8986889153754469,0.5044644408157591,0.6888341543513957,0.7196007259528131,0.5110174165388484,0.6762767719153933,0.6835443037974683,0.5595854922279793,0.5153055907274962
0.4199999999999998,0.5,5,3,0.40404040404040403,0.9668874172185431,0.9016393442622951,0.4359756576981743,0.7017255546425637,0.6854639106294735,0.5159766922400756,0.6250292654864753,0.6153846153846154,0.4878048780487805,0.44780125024747297
0.4299999999999998,0.5,1,3,0.4019607843137255,0.9644808743169399,0.89568345323741,0.4299250459623814,0.6847290640394088,0.6832208293153327,0.4669994511711954,0.6226423441238356,0.6119402985074627,0.48520710059171596,0.44169794968381876
0.4299999999999998,0.5,2,3,0.4158415841584158,0.9601648351648352,0.893848009650181,0.43115574754768193,0.680623973727422,0.6880032096616255,0.48523871029259946,0.6318832693687572,0.5915492957746479,0.4883720930232558,0.43949896716051307
0.4299999999999998,0.5,3,3,0.46551724137931033,0.9548563611491108,0.8878394332939787,0.46977734140764504,0.6954022988505747,0.7101868012642105,0.5347318643314615,0.6667099062977995,0.6206896551724138,0.5320197044334976,0.4760545246095361
0.4299999999999998,0.5,4,3,0.47368421052631576,0.9655172413793104,0.8986889153754469,0.5044644408157591,0.6888341543513957,0.7196007259528131,0.5111226875249962,0.6762767719153933,0.6835443037974683,0.5595854922279793,0.5153055907274962
0.4299999999999998,0.5,5,3,0.40404040404040403,0.9668874172185431,0.9016393442622951,0.4359756576981743,0.7017255546425637,0.6854639106294735,0.5153412669549318,0.6250292654864753,0.6153846153846154,0.4878048780487805,0.44780125024747297
0.43999999999999984,0.5,1,3,0.4019607843137255,0.9644808743169399,0.89568345323741,0.4299250459623814,0.6847290640394088,0.6832208293153327,0.46881151748896327,0.6226423441238356,0.6119402985074627,0.48520710059171596,0.44169794968381876
0.43999999999999984,0.5,2,3,0.4158415841584158,0.9601648351648352,0.893848009650181,0.43115574754768193,0.680623973727422,0.6880032096616255,0.48518004912509927,0.6318832693687572,0.5915492957746479,0.4883720930232558,0.43949896716051307
0.43999999999999984,0.5,3,3,0.46551724137931033,0.9548563611491108,0.8878394332939787,0.46977734140764504,0.6954022988505747,0.7101868012642105,0.5322983967998348,0.6667099062977995,0.6206896551724138,0.5320197044334976,0.4760545246095361
0.43999999999999984,0.5,4,3,0.47368421052631576,0.9655172413793104,0.8986889153754469,0.5044644408157591,0.6888341543513957,0.7196007259528131,0.5132815568108527,0.6762767719153933,0.6835443037974683,0.5595854922279793,0.5153055907274962
0.43999999999999984,0.5,5,3,0.40404040404040403,0.9668874172185431,0.9016393442622951,0.4359756576981743,0.7017255546425637,0.6854639106294735,0.5168438721650583,0.6250292654864753,0.6153846153846154,0.4878048780487805,0.44780125024747297
0.44999999999999984,0.5,1,3,0.4019607843137255,0.9644808743169399,0.89568345323741,0.4299250459623814,0.6847290640394088,0.6832208293153327,0.4610966318217902,0.6226423441238356,0.6119402985074627,0.48520710059171596,0.44169794968381876
0.44999999999999984,0.5,2,3,0.4158415841584158,0.9601648351648352,0.893848009650181,0.43115574754768193,0.680623973727422,0.6880032096616255,0.4846096662123065,0.6318832693687572,0.5915492957746479,0.4883720930232558,0.43949896716051307
0.44999999999999984,0.5,3,3,0.46551724137931033,0.9548563611491108,0.8878394332939787,0.46977734140764504,0.6954022988505747,0.7101868012642105,0.5315495920471833,0.6667099062977995,0.6206896551724138,0.5320197044334976,0.4760545246095361
0.44999999999999984,0.5,4,3,0.4649122807017544,0.9655172413793104,0.8974970202622169,0.496496957516887,0.6888341543513957,0.7152147610405324,0.5103905366381605,0.6699856884639563,0.6794871794871795,0.5520833333333334,0.5079065927030096
0.44999999999999984,0.5,5,3,0.40404040404040403,0.9668874172185431,0.9016393442622951,0.4359756576981743,0.7017255546425637,0.6854639106294735,0.5164127244356805,0.6250292654864753,0.6153846153846154,0.4878048780487805,0.44780125024747297
0.45999999999999985,0.5,1,3,0.4019607843137255,0.9631147540983607,0.894484412470024,0.42621259029927766,0.6847290640394088,0.682537769206043,0.4258959637258323,0.6222012230311814,0.6029411764705882,0.4823529411764706,0.4370886403640996
0.45999999999999985,0.5,2,3,0.4158415841584158,0.9601648351648352,0.893848009650181,0.43115574754768193,0.680623973727422,0.6880032096616255,0.48601027987392803,0.6318832693687572,0.5915492957746479,0.4883720930232558,0.43949896716051307
0.45999999999999985,0.5,3,3,0.46551724137931033,0.9534883720930233,0.8866587957497049,0.46635864857060366,0.6954022988505747,0.7095028067361668,0.49739314497372844,0.6662321492272747,0.6136363636363636,0.5294117647058824,0.47211228376746356
0.45999999999999985,0.5,4,3,0.4649122807017544,0.9655172413793104,0.8974970202622169,0.496496957516887,0.6888341543513957,0.7152147610405324,0.5103759501787165,0.6699856884639563,0.6794871794871795,0.5520833333333334,0.5079065927030096
0.45999999999999985,0.5,5,3,0.40404040404040403,0.9655629139072848,0.9004683840749415,0.4321897342031571,0.7017255546425637,0.6848016589738444,0.5155163663816066,0.6246010165389816,0.6060606060606061,0.48484848484848486,0.4430899073615527
0.46999999999999986,0.5,1,3,0.4019607843137255,0.9631147540983607,0.894484412470024,0.42621259029927766,0.6847290640394088,0.682537769206043,0.46408597829474213,0.6222012230311814,0.6029411764705882,0.4823529411764706,0.4370886403640996
0.46999999999999986,0.5,2,3,0.4158415841584158,0.9601648351648352,0.893848009650181,0.43115574754768193,0.680623973727422,0.6880032096616255,0.4299588040598951,0.6318832693687572,0.5915492957746479,0.4883720930232558,0.43949896716051307
0.46999999999999986,0.5,3,3,0.46551724137931033,0.9534883720930233,0.8866587957497049,0.46635864857060366,0.6954022988505747,0.7095028067361668,0.5081952139986697,0.6662321492272747,0.6136363636363636,0.5294117647058824,0.47211228376746356
0.46999999999999986,0.5,4,3,0.4649122807017544,0.9655172413793104,0.8974970202622169,0.496496957516887,0.6888341543513957,0.7152147610405324,0.5102703564258322,0.6699856884639563,0.6794871794871795,0.5520833333333334,0.5079065927030096
0.46999999999999986,0.5,5,3,0.3939393939393939,0.9655629139072848,0.8992974238875878,0.422546506690988,0.7017255546425637,0.6797511539233394,0.5129030378348486,0.6167440872152654,0.6,0.47560975609756095,0.4340078411325463
0.47999999999999976,0.5,1,3,0.4019607843137255,0.9644808743169399,0.89568345323741,0.4299250459623814,0.6847290640394088,0.6832208293153327,0.46401161415217757,0.6226423441238356,0.6119402985074627,0.48520710059171596,0.44169794968381876
0.47999999999999976,0.5,2,3,0.4158415841584158,0.9601648351648352,0.893848009650181,0.43115574754768193,0.680623973727422,0.6880032096616255,0.4854272760413746,0.6318832693687572,0.5915492957746479,0.4883720930232558,0.43949896716051307
0.47999999999999976,0.5,3,3,0.46551724137931033,0.9534883720930233,0.8866587957497049,0.46635864857060366,0.6954022988505747,0.7095028067361668,0.4974974727059818,0.6662321492272747,0.6136363636363636,0.5294117647058824,0.47211228376746356
0.47999999999999976,0.5,4,3,0.4649122807017544,0.9655172413793104,0.8974970202622169,0.496496957516887,0.6888341543513957,0.7152147610405324,0.5129822496597091,0.6699856884639563,0.6794871794871795,0.5520833333333334,0.5079065927030096
0.47999999999999976,0.5,5,3,0.40404040404040403,0.9655629139072848,0.9004683840749415,0.4321897342031571,0.7017255546425637,0.6848016589738444,0.5136351980105622,0.6246010165389816,0.6060606060606061,0.48484848484848486,0.4430899073615527
0.48999999999999977,0.5,1,3,0.4019607843137255,0.9644808743169399,0.89568345323741,0.4299250459623814,0.6847290640394088,0.6832208293153327,0.45971855414516627,0.6226423441238356,0.6119402985074627,0.48520710059171596,0.44169794968381876
0.48999999999999977,0.5,2,3,0.4158415841584158,0.9601648351648352,0.893848009650181,0.43115574754768193,0.680623973727422,0.6880032096616255,0.4304514102056543,0.6318832693687572,0.5915492957746479,0.4883720930232558,0.43949896716051307
0.48999999999999977,0.5,3,3,0.46551724137931033,0.9534883720930233,0.8866587957497049,0.46635864857060366,0.6954022988505747,0.7095028067361668,0.5369278728584742,0.6662321492272747,0.6136363636363636,0.5294117647058824,0.47211228376746356
0.48999999999999977,0.5,4,3,0.45614035087719296,0.9655172413793104,0.8963051251489869,0.48846124196701984,0.6888341543513957,0.7108287961282517,0.5055893620539863,0.663634969889877,0.6753246753246753,0.5445026178010471,0.5004474782943678
0.48999999999999977,0.5,5,3,0.40404040404040403,0.9655629139072848,0.9004683840749415,0.4321897342031571,0.7017255546425637,0.6848016589738444,0.5117289598613782,0.6246010165389816,0.6060606060606061,0.48484848484848486,0.4430899073615527
0.4999999999999998,0.5,1,3,0.4019607843137255,0.9644808743169399,0.89568345323741,0.4299250459623814,0.6847290640394088,0.6832208293153327,0.4244473620007623,0.6226423441238356,0.6119402985074627,0.48520710059171596,0.44169794968381876
0.4999999999999998,0.5,2,3,0.4158415841584158,0.9601648351648352,0.893848009650181,0.43115574754768193,0.680623973727422,0.6880032096616255,0.4849531195719793,0.6318832693687572,0.5915492957746479,0.4883720930232558,0.43949896716051307
0.4999999999999998,0.5,3,3,0.46551724137931033,0.9534883720930233,0.8866587957497049,0.46635864857060366,0.6954022988505747,0.7095028067361668,0.532059898316299,0.6662321492272747,0.6136363636363636,0.5294117647058824,0.47211228376746356
0.4999999999999998,0.5,4,3,0.4649122807017544,0.9655172413793104,0.8974970202622169,0.496496957516887,0.6888341543513957,0.7152147610405324,0.5093334721736642,0.6699856884639563,0.6794871794871795,0.5520833333333334,0.5079065927030096
0.4999999999999998,0.5,5,3,0.40404040404040403,0.9655629139072848,0.9004683840749415,0.4321897342031571,0.7017255546425637,0.6848016589738444,0.48814007929624986,0.6246010165389816,0.6060606060606061,0.48484848484848486,0.4430899073615527
0.5099999999999998,0.5,1,3,0.4019607843137255,0.9644808743169399,0.89568345323741,0.4299250459623814,0.6847290640394088,0.6832208293153327,0.46666682244298663,0.6226423441238356,0.6119402985074627,0.48520710059171596,0.44169794968381876
0.5099999999999998,0.5,2,3,0.4158415841584158,0.9601648351648352,0.893848009650181,0.43115574754768193,0.680623973727422,0.6880032096616255,0.48665760025439647,0.6318832693687572,0.5915492957746479,0.4883720930232558,0.43949896716051307
0.5099999999999998,0.5,3,3,0.46551724137931033,0.9534883720930233,0.8866587957497049,0.46635864857060366,0.6954022988505747,0.7095028067361668,0.5251170996629819,0.6662321492272747,0.6136363636363636,0.5294117647058824,0.47211228376746356
0.5099999999999998,0.5,4,3,0.4649122807017544,0.9655172413793104,0.8974970202622169,0.496496957516887,0.6888341543513957,0.7152147610405324,0.5049461546913732,0.6699856884639563,0.6794871794871795,0.5520833333333334,0.5079065927030096
0.5099999999999998,0.5,5,3,0.40404040404040403,0.9655629139072848,0.9004683840749415,0.4321897342031571,0.7017255546425637,0.6848016589738444,0.5098214358471265,0.6246010165389816,0.6060606060606061,0.48484848484848486,0.4430899073615527
0.5199999999999998,0.5,1,3,0.4019607843137255,0.9644808743169399,0.89568345323741,0.4299250459623814,0.6847290640394088,0.6832208293153327,0.44652784717257543,0.6226423441238356,0.6119402985074627,0.48520710059171596,0.44169794968381876
0.5199999999999998,0.5,2,3,0.4158415841584158,0.9601648351648352,0.893848009650181,0.43115574754768193,0.680623973727422,0.6880032096616255,0.4838008028264057,0.6318832693687572,0.5915492957746479,0.4883720930232558,0.43949896716051307
0.5199999999999998,0.5,3,3,0.46551724137931033,0.9534883720930233,0.8866587957497049,0.46635864857060366,0.6954022988505747,0.7095028067361668,0.4955765761399802,0.6662321492272747,0.6136363636363636,0.5294117647058824,0.47211228376746356
0.5199999999999998,0.5,4,3,0.4649122807017544,0.9655172413793104,0.8974970202622169,0.496496957516887,0.6888341543513957,0.7152147610405324,0.5087630996550672,0.6699856884639563,0.6794871794871795,0.5520833333333334,0.5079065927030096
0.5199999999999998,0.5,5,3,0.40404040404040403,0.9655629139072848,0.9004683840749415,0.4321897342031571,0.7017255546425637,0.6848016589738444,0.509693325944846,0.6246010165389816,0.6060606060606061,0.48484848484848486,0.4430899073615527
0.5299999999999998,0.5,1,3,0.4019607843137255,0.9644808743169399,0.89568345323741,0.4299250459623814,0.6847290640394088,0.6832208293153327,0.458195545197098,0.6226423441238356,0.6119402985074627,0.48520710059171596,0.44169794968381876
0.5299999999999998,0.5,2,3,0.4158415841584158,0.9601648351648352,0.893848009650181,0.43115574754768193,0.680623973727422,0.6880032096616255,0.47949409030736545,0.6318832693687572,0.5915492957746479,0.4883720930232558,0.43949896716051307
0.5299999999999998,0.5,3,3,0.46551724137931033,0.9534883720930233,0.8866587957497049,0.46635864857060366,0.6954022988505747,0.7095028067361668,0.5288603196891378,0.6662321492272747,0.6136363636363636,0.5294117647058824,0.47211228376746356
0.5299999999999998,0.5,4,3,0.4649122807017544,0.9655172413793104,0.8974970202622169,0.496496957516887,0.6888341543513957,0.7152147610405324,0.5118260162956535,0.6699856884639563,0.6794871794871795,0.5520833333333334,0.5079065927030096
0.5299999999999998,0.5,5,3,0.40404040404040403,0.9655629139072848,0.9004683840749415,0.4321897342031571,0.7017255546425637,0.6848016589738444,0.506059852735654,0.6246010165389816,0.6060606060606061,0.48484848484848486,0.4430899073615527
0.5399999999999998,0.5,1,3,0.4019607843137255,0.9644808743169399,0.89568345323741,0.4299250459623814,0.6847290640394088,0.6832208293153327,0.4578110167200476,0.6226423441238356,0.6119402985074627,0.48520710059171596,0.44169794968381876
0.5399999999999998,0.5,2,3,0.4158415841584158,0.9601648351648352,0.893848009650181,0.43115574754768193,0.680623973727422,0.6880032096616255,0.4840795052756765,0.6318832693687572,0.5915492957746479,0.4883720930232558,0.43949896716051307
0.5399999999999998,0.5,3,3,0.46551724137931033,0.9534883720930233,0.8866587957497049,0.46635864857060366,0.6954022988505747,0.7095028067361668,0.4964448980169708,0.6662321492272747,0.6136363636363636,0.5294117647058824,0.47211228376746356
0.5399999999999998,0.5,4,3,0.4649122807017544,0.9655172413793104,0.8974970202622169,0.496496957516887,0.6888341543513957,0.7152147610405324,0.5089987455867352,0.6699856884639563,0.6794871794871795,0.5520833333333334,0.5079065927030096
0.5399999999999998,0.5,5,3,0.40404040404040403,0.9655629139072848,0.9004683840749415,0.4321897342031571,0.7017255546425637,0.6848016589738444,0.5088732586903338,0.6246010165389816,0.6060606060606061,0.48484848484848486,0.4430899073615527
0.5499999999999998,0.5,1,3,0.4019607843137255,0.9644808743169399,0.89568345323741,0.4299250459623814,0.6847290640394088,0.6832208293153327,0.4618381560287551,0.6226423441238356,0.6119402985074627,0.48520710059171596,0.44169794968381876
0.5499999999999998,0.5,2,3,0.4158415841584158,0.9601648351648352,0.893848009650181,0.43115574754768193,0.680623973727422,0.6880032096616255,0.4849710891355274,0.6318832693687572,0.5915492957746479,0.4883720930232558,0.43949896716051307
0.5499999999999998,0.5,3,3,0.46551724137931033,0.9534883720930233,0.8866587957497049,0.46635864857060366,0.6954022988505747,0.7095028067361668,0.4571898190712675,0.6662321492272747,0.6136363636363636,0.5294117647058824,0.47211228376746356
0.5499999999999998,0.5,4,3,0.4649122807017544,0.9655172413793104,0.8974970202622169,0.496496957516887,0.6888341543513957,0.7152147610405324,0.5087849351233429,0.6699856884639563,0.6794871794871795,0.5520833333333334,0.5079065927030096
0.5499999999999998,0.5,5,3,0.40404040404040403,0.9655629139072848,0.9004683840749415,0.4321897342031571,0.7017255546425637,0.6848016589738444,0.5106126376764469,0.6246010165389816,0.6060606060606061,0.48484848484848486,0.4430899073615527
0.5599999999999997,0.5,1,3,0.4019607843137255,0.9644808743169399,0.89568345323741,0.4299250459623814,0.6847290640394088,0.6832208293153327,0.46479666957438803,0.6226423441238356,0.6119402985074627,0.48520710059171596,0.44169794968381876
0.5599999999999997,0.5,2,3,0.4158415841584158,0.9601648351648352,0.893848009650181,0.43115574754768193,0.680623973727422,0.6880032096616255,0.4854620859059292,0.6318832693687572,0.5915492957746479,0.4883720930232558,0.43949896716051307
0.5599999999999997,0.5,3,3,0.46551724137931033,0.9534883720930233,0.8866587957497049,0.46635864857060366,0.6954022988505747,0.7095028067361668,0.4943220488632983,0.6662321492272747,0.6136363636363636,0.5294117647058824,0.47211228376746356
0.5599999999999997,0.5,4,3,0.4649122807017544,0.9655172413793104,0.8974970202622169,0.496496957516887,0.6888341543513957,0.7152147610405324,0.5085030308959141,0.6699856884639563,0.6794871794871795,0.5520833333333334,0.5079065927030096
0.5599999999999997,0.5,5,3,0.40404040404040403,0.9655629139072848,0.9004683840749415,0.4321897342031571,0.7017255546425637,0.6848016589738444,0.4848689764286803,0.6246010165389816,0.6060606060606061,0.48484848484848486,0.4430899073615527
0.5699999999999997,0.5,1,3,0.4019607843137255,0.9644808743169399,0.89568345323741,0.4299250459623814,0.6847290640394088,0.6832208293153327,0.46493552343753275,0.6226423441238356,0.6119402985074627,0.48520710059171596,0.44169794968381876
0.5699999999999997,0.5,2,3,0.4158415841584158,0.9601648351648352,0.893848009650181,0.43115574754768193,0.680623973727422,0.6880032096616255,0.4777201413325143,0.6318832693687572,0.5915492957746479,0.4883720930232558,0.43949896716051307
0.5699999999999997,0.5,3,3,0.46551724137931033,0.9534883720930233,0.8866587957497049,0.46635864857060366,0.6954022988505747,0.7095028067361668,0.5307334081762524,0.6662321492272747,0.6136363636363636,0.5294117647058824,0.47211228376746356
0.5699999999999997,0.5,4,3,0.4649122807017544,0.9668965517241379,0.8986889153754469,0.500220753645939,0.6888341543513957,0.7159044162129462,0.5082668112883993,0.6704640788772586,0.6883116883116883,0.5549738219895288,0.5124955538837214
0.5699999999999997,0.5,5,3,0.40404040404040403,0.9655629139072848,0.9004683840749415,0.4321897342031571,0.7017255546425637,0.6848016589738444,0.5088574709240796,0.6246010165389816,0.6060606060606061,0.48484848484848486,0.4430899073615527
0.5799999999999997,0.5,1,3,0.4019607843137255,0.9644808743169399,0.89568345323741,0.4299250459623814,0.6847290640394088,0.6832208293153327,0.4574366626633333,0.6226423441238356,0.6119402985074627,0.48520710059171596,0.44169794968381876
0.5799999999999997,0.5,2,3,0.4158415841584158,0.9601648351648352,0.893848009650181,0.43115574754768193,0.680623973727422,0.6880032096616255,0.48140616178504625,0.6318832693687572,0.5915492957746479,0.4883720930232558,0.43949896716051307
0.5799999999999997,0.5,3,3,0.46551724137931033,0.9534883720930233,0.8866587957497049,0.46635864857060366,0.6954022988505747,0.7095028067361668,0.5217539451402345,0.6662321492272747,0.6136363636363636,0.5294117647058824,0.47211228376746356
0.5799999999999997,0.5,4,3,0.45614035087719296,0.9668965517241379,0.8974970202622169,0.49216649540406215,0.6888341543513957,0.7115184513006654,0.5080662077609065,0.6641088256945515,0.6842105263157895,0.5473684210526316,0.5050456298199157
0.5799999999999997,0.5,5,3,0.40404040404040403,0.9655629139072848,0.9004683840749415,0.4321897342031571,0.7017255546425637,0.6848016589738444,0.5087384757811925,0.6246010165389816,0.6060606060606061,0.48484848484848486,0.4430899073615527
0.5899999999999997,0.5,1,3,0.4019607843137255,0.9644808743169399,0.89568345323741,0.4299250459623814,0.6847290640394088,0.6832208293153327,0.46742076584069814,0.6226423441238356,0.6119402985074627,0.48520710059171596,0.44169794968381876
0.5899999999999997,0.5,2,3,0.4158415841584158,0.9601648351648352,0.893848009650181,0.43115574754768193,0.680623973727422,0.6880032096616255,0.4812839632393948,0.6318832693687572,0.5915492957746479,0.4883720930232558,0.43949896716051307
0.5899999999999997,0.5,3,3,0.46551724137931033,0.9534883720930233,0.8866587957497049,0.46635864857060366,0.6954022988505747,0.7095028067361668,0.5296835496035227,0.6662321492272747,0.6136363636363636,0.5294117647058824,0.47211228376746356
0.5899999999999997,0.5,4,3,0.45614035087719296,0.9668965517241379,0.8974970202622169,0.49216649540406215,0.6888341543513957,0.7115184513006654,0.5081824861199723,0.6641088256945515,0.6842105263157895,0.5473684210526316,0.5050456298199157
0.5899999999999997,0.5,5,3,0.40404040404040403,0.9655629139072848,0.9004683840749415,0.4321897342031571,0.7017255546425637,0.6848016589738444,0.5092097859271916,0.6246010165389816,0.6060606060606061,0.48484848484848486,0.4430899073615527
0.5999999999999998,0.5,1,3,0.4019607843137255,0.9644808743169399,0.89568345323741,0.4299250459623814,0.6847290640394088,0.6832208293153327,0.45673977826529094,0.6226423441238356,0.6119402985074627,0.48520710059171596,0.44169794968381876
0.5999999999999998,0.5,2,3,0.4158415841584158,0.9601648351648352,0.893848009650181,0.43115574754768193,0.680623973727422,0.6880032096616255,0.45625043463056364,0.6318832693687572,0.5915492957746479,0.4883720930232558,0.43949896716051307
0.5999999999999998,0.5,3,3,0.46551724137931033,0.9534883720930233,0.8866587957497049,0.46635864857060366,0.6954022988505747,0.7095028067361668,0.5254425102995908,0.6662321492272747,0.6136363636363636,0.5294117647058824,0.47211228376746356
0.5999999999999998,0.5,4,3,0.45614035087719296,0.9668965517241379,0.8974970202622169,0.49216649540406215,0.6888341543513957,0.7115184513006654,0.5075054765188854,0.6641088256945515,0.6842105263157895,0.5473684210526316,0.5050456298199157
0.5999999999999998,0.5,5,3,0.40404040404040403,0.9655629139072848,0.9004683840749415,0.4321897342031571,0.7017255546425637,0.6848016589738444,0.506683793378664,0.6246010165389816,0.6060606060606061,0.48484848484848486,0.4430899073615527
0.6099999999999998,0.5,1,3,0.4019607843137255,0.9644808743169399,0.89568345323741,0.4299250459623814,0.6847290640394088,0.6832208293153327,0.4608093223978803,0.6226423441238356,0.6119402985074627,0.48520710059171596,0.44169794968381876
0.6099999999999998,0.5,2,3,0.4158415841584158,0.9601648351648352,0.893848009650181,0.43115574754768193,0.680623973727422,0.6880032096616255,0.484254726924149,0.6318832693687572,0.5915492957746479,0.4883720930232558,0.43949896716051307
0.6099999999999998,0.5,3,3,0.46551724137931033,0.9534883720930233,0.8866587957497049,0.46635864857060366,0.6954022988505747,0.7095028067361668,0.5151079860971103,0.6662321492272747,0.6136363636363636,0.5294117647058824,0.47211228376746356
0.6099999999999998,0.5,4,3,0.45614035087719296,0.9668965517241379,0.8974970202622169,0.49216649540406215,0.6888341543513957,0.7115184513006654,0.5073322344754602,0.6641088256945515,0.6842105263157895,0.5473684210526316,0.5050456298199157
0.6099999999999998,0.5,5,3,0.40404040404040403,0.9655629139072848,0.9004683840749415,0.4321897342031571,0.7017255546425637,0.6848016589738444,0.5078049913692089,0.6246010165389816,0.6060606060606061,0.48484848484848486,0.4430899073615527
0.6199999999999998,0.5,1,3,0.4019607843137255,0.9644808743169399,0.89568345323741,0.4299250459623814,0.6847290640394088,0.6832208293153327,0.4637243150962025,0.6226423441238356,0.6119402985074627,0.48520710059171596,0.44169794968381876
0.6199999999999998,0.5,2,3,0.4158415841584158,0.9601648351648352,0.893848009650181,0.43115574754768193,0.680623973727422,0.6880032096616255,0.48131856602071593,0.6318832693687572,0.5915492957746479,0.4883720930232558,0.43949896716051307
0.6199999999999998,0.5,3,3,0.46551724137931033,0.9534883720930233,0.8866587957497049,0.46635864857060366,0.6954022988505747,0.7095028067361668,0.5290012278680024,0.6662321492272747,0.6136363636363636,0.5294117647058824,0.47211228376746356
0.6199999999999998,0.5,4,3,0.45614035087719296,0.9668965517241379,0.8974970202622169,0.49216649540406215,0.6888341543513957,0.7115184513006654,0.5072858779791608,0.6641088256945515,0.6842105263157895,0.5473684210526316,0.5050456298199157
0.6199999999999998,0.5,5,3,0.40404040404040403,0.9655629139072848,0.9004683840749415,0.4321897342031571,0.7017255546425637,0.6848016589738444,0.5023946807429889,0.6246010165389816,0.6060606060606061,0.48484848484848486,0.4430899073615527
0.6299999999999997,0.5,1,3,0.4019607843137255,0.9644808743169399,0.89568345323741,0.4299250459623814,0.6847290640394088,0.6832208293153327,0.42189968363852426,0.6226423441238356,0.6119402985074627,0.48520710059171596,0.44169794968381876
0.6299999999999997,0.5,2,3,0.4158415841584158,0.9615384615384616,0.8950542822677925,0.43485687867793965,0.680623973727422,0.6886900228484387,0.4809394309629557,0.632335098721714,0.6,0.49122807017543857,0.44395137081650954
0.6299999999999997,0.5,3,3,0.46551724137931033,0.9534883720930233,0.8866587957497049,0.46635864857060366,0.6954022988505747,0.7095028067361668,0.5287713251384573,0.6662321492272747,0.6136363636363636,0.5294117647058824,0.47211228376746356
0.6299999999999997,0.5,4,3,0.45614035087719296,0.9668965517241379,0.8974970202622169,0.49216649540406215,0.6888341543513957,0.7115184513006654,0.5073343635906665,0.6641088256945515,0.6842105263157895,0.5473684210526316,0.5050456298199157
0.6299999999999997,0.5,5,3,0.40404040404040403,0.9655629139072848,0.9004683840749415,0.4321897342031571,0.7017255546425637,0.6848016589738444,0.5058133300104424,0.6246010165389816,0.6060606060606061,0.48484848484848486,0.4430899073615527
0.6399999999999997,0.5,1,3,0.4019607843137255,0.9644808743169399,0.89568345323741,0.4299250459623814,0.6847290640394088,0.6832208293153327,0.46028436201474876,0.6226423441238356,0.6119402985074627,0.48520710059171596,0.44169794968381876
0.6399999999999997,0.5,2,3,0.4158415841584158,0.9615384615384616,0.8950542822677925,0.43485687867793965,0.680623973727422,0.6886900228484387,0.4793227225246634,0.632335098721714,0.6,0.49122807017543857,0.44395137081650954
0.6399999999999997,0.5,3,3,0.46551724137931033,0.9534883720930233,0.8866587957497049,0.46635864857060366,0.6954022988505747,0.7095028067361668,0.5285617776876966,0.6662321492272747,0.6136363636363636,0.5294117647058824,0.47211228376746356
0.6399999999999997,0.5,4,3,0.45614035087719296,0.9668965517241379,0.8974970202622169,0.49216649540406215,0.6888341543513957,0.7115184513006654,0.5071748500616124,0.6641088256945515,0.6842105263157895,0.5473684210526316,0.5050456298199157
0.6399999999999997,0.5,5,3,0.40404040404040403,0.9655629139072848,0.9004683840749415,0.4321897342031571,0.7017255546425637,0.6848016589738444,0.5070098486745751,0.6246010165389816,0.6060606060606061,0.48484848484848486,0.4430899073615527
0.6499999999999997,0.5,1,3,0.4019607843137255,0.9644808743169399,0.89568345323741,0.4299250459623814,0.6847290640394088,0.6832208293153327,0.4560052062670683,0.6226423441238356,0.6119402985074627,0.48520710059171596,0.44169794968381876
0.6499999999999997,0.5,2,3,0.4158415841584158,0.9615384615384616,0.8950542822677925,0.43485687867793965,0.680623973727422,0.6886900228484387,0.4791660431832146,0.632335098721714,0.6,0.49122807017543857,0.44395137081650954
0.6499999999999997,0.5,3,3,0.46551724137931033,0.9534883720930233,0.8866587957497049,0.46635864857060366,0.6954022988505747,0.7095028067361668,0.5060134297832436,0.6662321492272747,0.6136363636363636,0.5294117647058824,0.47211228376746356
0.6499999999999997,0.5,4,3,0.45614035087719296,0.9668965517241379,0.8974970202622169,0.49216649540406215,0.6888341543513957,0.7115184513006654,0.507031208762601,0.6641088256945515,0.6842105263157895,0.5473684210526316,0.5050456298199157
0.6499999999999997,0.5,5,3,0.40404040404040403,0.9655629139072848,0.9004683840749415,0.4321897342031571,0.7017255546425637,0.6848016589738444,0.5077409652643792,0.6246010165389816,0.6060606060606061,0.48484848484848486,0.4430899073615527
0.6599999999999997,0.5,1,3,0.4019607843137255,0.9644808743169399,0.89568345323741,0.4299250459623814,0.6847290640394088,0.6832208293153327,0.4217309465205345,0.6226423441238356,0.6119402985074627,0.48520710059171596,0.44169794968381876
0.6599999999999997,0.5,2,3,0.4158415841584158,0.9615384615384616,0.8950542822677925,0.43485687867793965,0.680623973727422,0.6886900228484387,0.4794073930031232,0.632335098721714,0.6,0.49122807017543857,0.44395137081650954
0.6599999999999997,0.5,3,3,0.46551724137931033,0.9534883720930233,0.8866587957497049,0.46635864857060366,0.6954022988505747,0.7095028067361668,0.5220661032470353,0.6662321492272747,0.6136363636363636,0.5294117647058824,0.47211228376746356
0.6599999999999997,0.5,4,3,0.45614035087719296,0.9668965517241379,0.8974970202622169,0.49216649540406215,0.6888341543513957,0.7115184513006654,0.5068966573881128,0.6641088256945515,0.6842105263157895,0.5473684210526316,0.5050456298199157
0.6599999999999997,0.5,5,3,0.40404040404040403,0.9655629139072848,0.9004683840749415,0.4321897342031571,0.7017255546425637,0.6848016589738444,0.5029700829284925,0.6246010165389816,0.6060606060606061,0.48484848484848486,0.4430899073615527
0.6699999999999997,0.5,1,3,0.4019607843137255,0.9644808743169399,0.89568345323741,0.4299250459623814,0.6847290640394088,0.6832208293153327,0.42104865811414466,0.6226423441238356,0.6119402985074627,0.48520710059171596,0.44169794968381876
0.6699999999999997,0.5,2,3,0.4158415841584158,0.9615384615384616,0.8950542822677925,0.43485687867793965,0.680623973727422,0.6886900228484387,0.4452021226592475,0.632335098721714,0.6,0.49122807017543857,0.44395137081650954
0.6699999999999997,0.5,3,3,0.46551724137931033,0.9534883720930233,0.8866587957497049,0.46635864857060366,0.6954022988505747,0.7095028067361668,0.5242722759498305,0.6662321492272747,0.6136363636363636,0.5294117647058824,0.47211228376746356
0.6699999999999997,0.5,4,3,0.45614035087719296,0.9668965517241379,0.8974970202622169,0.49216649540406215,0.6888341543513957,0.7115184513006654,0.5067837456497841,0.6641088256945515,0.6842105263157895,0.5473684210526316,0.5050456298199157
0.6699999999999997,0.5,5,3,0.40404040404040403,0.9655629139072848,0.9004683840749415,0.4321897342031571,0.7017255546425637,0.6848016589738444,0.5063762557241632,0.6246010165389816,0.6060606060606061,0.48484848484848486,0.4430899073615527
0.6799999999999997,0.5,1,3,0.4019607843137255,0.9644808743169399,0.89568345323741,0.4299250459623814,0.6847290640394088,0.6832208293153327,0.4630521896864999,0.6226423441238356,0.6119402985074627,0.48520710059171596,0.44169794968381876
0.6799999999999997,0.5,2,3,0.4158415841584158,0.9615384615384616,0.8950542822677925,0.43485687867793965,0.680623973727422,0.6886900228484387,0.4260129289973563,0.632335098721714,0.6,0.49122807017543857,0.44395137081650954
0.6799999999999997,0.5,3,3,0.46551724137931033,0.9534883720930233,0.8866587957497049,0.46635864857060366,0.6954022988505747,0.7095028067361668,0.5261146308514748,0.6662321492272747,0.6136363636363636,0.5294117647058824,0.47211228376746356
0.6799999999999997,0.5,4,3,0.45614035087719296,0.9668965517241379,0.8974970202622169,0.49216649540406215,0.6888341543513957,0.7115184513006654,0.5066380501575526,0.6641088256945515,0.6842105263157895,0.5473684210526316,0.5050456298199157
0.6799999999999997,0.5,5,3,0.40404040404040403,0.9655629139072848,0.9004683840749415,0.4321897342031571,0.7017255546425637,0.6848016589738444,0.5047095199507252,0.6246010165389816,0.6060606060606061,0.48484848484848486,0.4430899073615527
0.6899999999999997,0.5,1,3,0.4019607843137255,0.9644808743169399,0.89568345323741,0.4299250459623814,0.6847290640394088,0.6832208293153327,0.4211783792816118,0.6226423441238356,0.6119402985074627,0.48520710059171596,0.44169794968381876
0.6899999999999997,0.5,2,3,0.4158415841584158,0.9615384615384616,0.8950542822677925,0.43485687867793965,0.680623973727422,0.6886900228484387,0.4793837417075984,0.632335098721714,0.6,0.49122807017543857,0.44395137081650954
0.6899999999999997,0.5,3,3,0.46551724137931033,0.9534883720930233,0.8866587957497049,0.46635864857060366,0.6954022988505747,0.7095028067361668,0.45273744189243714,0.6662321492272747,0.6136363636363636,0.5294117647058824,0.47211228376746356
0.6899999999999997,0.5,4,3,0.45614035087719296,0.9668965517241379,0.8974970202622169,0.49216649540406215,0.6888341543513957,0.7115184513006654,0.5063174093212326,0.6641088256945515,0.6842105263157895,0.5473684210526316,0.5050456298199157
0.6899999999999997,0.5,5,3,0.40404040404040403,0.9655629139072848,0.9004683840749415,0.4321897342031571,0.7017255546425637,0.6848016589738444,0.45398870939019675,0.6246010165389816,0.6060606060606061,0.48484848484848486,0.4430899073615527
0.6999999999999996,0.5,1,3,0.4019607843137255,0.9644808743169399,0.89568345323741,0.4299250459623814,0.6847290640394088,0.6832208293153327,0.42110814715397826,0.6226423441238356,0.6119402985074627,0.48520710059171596,0.44169794968381876
0.6999999999999996,0.5,2,3,0.4158415841584158,0.9615384615384616,0.8950542822677925,0.43485687867793965,0.680623973727422,0.6886900228484387,0.48032609584589153,0.632335098721714,0.6,0.49122807017543857,0.44395137081650954
0.6999999999999996,0.5,3,3,0.46551724137931033,0.9534883720930233,0.8866587957497049,0.46635864857060366,0.6954022988505747,0.7095028067361668,0.5215900103538843,0.6662321492272747,0.6136363636363636,0.5294117647058824,0.47211228376746356
0.6999999999999996,0.5,4,3,0.45614035087719296,0.9668965517241379,0.8974970202622169,0.49216649540406215,0.6888341543513957,0.7115184513006654,0.5090046643378773,0.6641088256945515,0.6842105263157895,0.5473684210526316,0.5050456298199157
0.6999999999999996,0.5,5,3,0.40404040404040403,0.9655629139072848,0.9004683840749415,0.4321897342031571,0.7017255546425637,0.6848016589738444,0.5057874862774937,0.6246010165389816,0.6060606060606061,0.48484848484848486,0.4430899073615527
0.7099999999999996,0.5,1,3,0.4019607843137255,0.9644808743169399,0.89568345323741,0.4299250459623814,0.6847290640394088,0.6832208293153327,0.4552962495401167,0.6226423441238356,0.6119402985074627,0.48520710059171596,0.44169794968381876
0.7099999999999996,0.5,2,3,0.4158415841584158,0.9615384615384616,0.8950542822677925,0.43485687867793965,0.680623973727422,0.6886900228484387,0.45423358562660526,0.632335098721714,0.6,0.49122807017543857,0.44395137081650954
0.7099999999999996,0.5,3,3,0.46551724137931033,0.9534883720930233,0.8866587957497049,0.46635864857060366,0.6954022988505747,0.7095028067361668,0.5234563772336462,0.6662321492272747,0.6136363636363636,0.5294117647058824,0.47211228376746356
0.7099999999999996,0.5,4,3,0.45614035087719296,0.9668965517241379,0.8974970202622169,0.49216649540406215,0.6888341543513957,0.7115184513006654,0.5062413445667353,0.6641088256945515,0.6842105263157895,0.5473684210526316,0.5050456298199157
0.7099999999999996,0.5,5,3,0.40404040404040403,0.9655629139072848,0.9004683840749415,0.4321897342031571,0.7017255546425637,0.6848016589738444,0.504307276681183,0.6246010165389816,0.6060606060606061,0.48484848484848486,0.4430899073615527
0.7199999999999996,0.5,1,3,0.4019607843137255,0.9644808743169399,0.89568345323741,0.4299250459623814,0.6847290640394088,0.6832208293153327,0.4595774218227049,0.6226423441238356,0.6119402985074627,0.48520710059171596,0.44169794968381876
0.7199999999999996,0.5,2,3,0.4158415841584158,0.9615384615384616,0.8950542822677925,0.43485687867793965,0.680623973727422,0.6886900228484387,0.479745305847418,0.632335098721714,0.6,0.49122807017543857,0.44395137081650954
0.7199999999999996,0.5,3,3,0.46551724137931033,0.9534883720930233,0.8866587957497049,0.46635864857060366,0.6954022988505747,0.7095028067361668,0.5252639764918424,0.6662321492272747,0.6136363636363636,0.5294117647058824,0.47211228376746356
0.7199999999999996,0.5,4,3,0.45614035087719296,0.9668965517241379,0.8974970202622169,0.49216649540406215,0.6888341543513957,0.7115184513006654,0.5061388084351366,0.6641088256945515,0.6842105263157895,0.5473684210526316,0.5050456298199157
0.7199999999999996,0.5,5,3,0.40404040404040403,0.9655629139072848,0.9004683840749415,0.4321897342031571,0.7017255546425637,0.6848016589738444,0.5039253411453977,0.6246010165389816,0.6060606060606061,0.48484848484848486,0.4430899073615527
0.7299999999999996,0.5,1,3,0.4019607843137255,0.9644808743169399,0.89568345323741,0.4299250459623814,0.6847290640394088,0.6832208293153327,0.463128316929421,0.6226423441238356,0.6119402985074627,0.48520710059171596,0.44169794968381876
0.7299999999999996,0.5,2,3,0.4158415841584158,0.9615384615384616,0.8950542822677925,0.43485687867793965,0.680623973727422,0.6886900228484387,0.47434945107115056,0.632335098721714,0.6,0.49122807017543857,0.44395137081650954
0.7299999999999996,0.5,3,3,0.46551724137931033,0.9534883720930233,0.8866587957497049,0.46635864857060366,0.6954022988505747,0.7095028067361668,0.5229887648156352,0.6662321492272747,0.6136363636363636,0.5294117647058824,0.47211228376746356
0.7299999999999996,0.5,4,3,0.45614035087719296,0.9668965517241379,0.8974970202622169,0.49216649540406215,0.6888341543513957,0.7115184513006654,0.5061656045656047,0.6641088256945515,0.6842105263157895,0.5473684210526316,0.5050456298199157
0.7299999999999996,0.5,5,3,0.40404040404040403,0.9655629139072848,0.9004683840749415,0.4321897342031571,0.7017255546425637,0.6848016589738444,0.5074154081746455,0.6246010165389816,0.6060606060606061,0.48484848484848486,0.4430899073615527
0.7399999999999997,0.5,1,3,0.4019607843137255,0.9644808743169399,0.89568345323741,0.4299250459623814,0.6847290640394088,0.6832208293153327,0.4591715323069613,0.6226423441238356,0.6119402985074627,0.48520710059171596,0.44169794968381876
0.7399999999999997,0.5,2,3,0.4158415841584158,0.9615384615384616,0.8950542822677925,0.43485687867793965,0.680623973727422,0.6886900228484387,0.4779841700324266,0.632335098721714,0.6,0.49122807017543857,0.44395137081650954
0.7399999999999997,0.5,3,3,0.46551724137931033,0.9534883720930233,0.8866587957497049,0.46635864857060366,0.6954022988505747,0.7095028067361668,0.5215603954809647,0.6662321492272747,0.6136363636363636,0.5294117647058824,0.47211228376746356
0.7399999999999997,0.5,4,3,0.45614035087719296,0.9668965517241379,0.8974970202622169,0.49216649540406215,0.6888341543513957,0.7115184513006654,0.5061776565728905,0.6641088256945515,0.6842105263157895,0.5473684210526316,0.5050456298199157
0.7399999999999997,0.5,5,3,0.40404040404040403,0.9655629139072848,0.9004683840749415,0.4321897342031571,0.7017255546425637,0.6848016589738444,0.5050961000078287,0.6246010165389816,0.6060606060606061,0.48484848484848486,0.4430899073615527
0.7499999999999997,0.5,1,3,0.4019607843137255,0.9644808743169399,0.89568345323741,0.4299250459623814,0.6847290640394088,0.6832208293153327,0.4626385864584343,0.6226423441238356,0.6119402985074627,0.48520710059171596,0.44169794968381876
0.7499999999999997,0.5,2,3,0.4158415841584158,0.9615384615384616,0.8950542822677925,0.43485687867793965,0.680623973727422,0.6886900228484387,0.4778812927755076,0.632335098721714,0.6,0.49122807017543857,0.44395137081650954
0.7499999999999997,0.5,3,3,0.46551724137931033,0.9534883720930233,0.8866587957497049,0.46635864857060366,0.6954022988505747,0.7095028067361668,0.525705547125112,0.6662321492272747,0.6136363636363636,0.5294117647058824,0.47211228376746356
0.7499999999999997,0.5,4,3,0.45614035087719296,0.9668965517241379,0.8974970202622169,0.49216649540406215,0.6888341543513957,0.7115184513006654,0.5062250906161221,0.6641088256945515,0.6842105263157895,0.5473684210526316,0.5050456298199157
0.7499999999999997,0.5,5,3,0.40404040404040403,0.9655629139072848,0.9004683840749415,0.4321897342031571,0.7017255546425637,0.6848016589738444,0.5060407798864914,0.6246010165389816,0.6060606060606061,0.48484848484848486,0.4430899073615527
0.7599999999999997,0.5,1,3,0.4019607843137255,0.9644808743169399,0.89568345323741,0.4299250459623814,0.6847290640394088,0.6832208293153327,0.4588762195184294,0.6226423441238356,0.6119402985074627,0.48520710059171596,0.44169794968381876
0.7599999999999997,0.5,2,3,0.4158415841584158,0.9615384615384616,0.8950542822677925,0.43485687867793965,0.680623973727422,0.6886900228484387,0.4777573351069579,0.632335098721714,0.6,0.49122807017543857,0.44395137081650954
0.7599999999999997,0.5,3,3,0.46551724137931033,0.9534883720930233,0.8866587957497049,0.46635864857060366,0.6954022988505747,0.7095028067361668,0.5265235135622119,0.6662321492272747,0.6136363636363636,0.5294117647058824,0.47211228376746356
0.7599999999999997,0.5,4,3,0.45614035087719296,0.9668965517241379,0.8974970202622169,0.49216649540406215,0.6888341543513957,0.7115184513006654,0.5089474846566433,0.6641088256945515,0.6842105263157895,0.5473684210526316,0.5050456298199157
0.7599999999999997,0.5,5,3,0.40404040404040403,0.9655629139072848,0.9004683840749415,0.4321897342031571,0.7017255546425637,0.6848016589738444,0.5051269842253105,0.6246010165389816,0.6060606060606061,0.48484848484848486,0.4430899073615527
0.7699999999999997,0.5,1,3,0.4019607843137255,0.9644808743169399,0.89568345323741,0.4299250459623814,0.6847290640394088,0.6832208293153327,0.46176007101445954,0.6226423441238356,0.6119402985074627,0.48520710059171596,0.44169794968381876
0.7699999999999997,0.5,2,3,0.4158415841584158,0.9615384615384616,0.8950542822677925,0.43485687867793965,0.680623973727422,0.6886900228484387,0.45286899544059644,0.632335098721714,0.6,0.49122807017543857,0.44395137081650954
0.7699999999999997,0.5,3,3,0.46551724137931033,0.9534883720930233,0.8866587957497049,0.46635864857060366,0.6954022988505747,0.7095028067361668,0.5262546797350877,0.6662321492272747,0.6136363636363636,0.5294117647058824,0.47211228376746356
0.7699999999999997,0.5,4,3,0.45614035087719296,0.9668965517241379,0.8974970202622169,0.49216649540406215,0.6888341543513957,0.7115184513006654,0.5062211156474657,0.6641088256945515,0.6842105263157895,0.5473684210526316,0.5050456298199157
0.7699999999999997,0.5,5,3,0.40404040404040403,0.9655629139072848,0.9004683840749415,0.4321897342031571,0.7017255546425637,0.6848016589738444,0.45301486996054463,0.6246010165389816,0.6060606060606061,0.48484848484848486,0.4430899073615527
0.7799999999999997,0.5,1,3,0.4019607843137255,0.9644808743169399,0.89568345323741,0.4299250459623814,0.6847290640394088,0.6832208293153327,0.42016343235899734,0.6226423441238356,0.6119402985074627,0.48520710059171596,0.44169794968381876
0.7799999999999997,0.5,2,3,0.4158415841584158,0.9615384615384616,0.8950542822677925,0.43485687867793965,0.680623973727422,0.6886900228484387,0.47855073967183337,0.632335098721714,0.6,0.49122807017543857,0.44395137081650954
0.7799999999999997,0.5,3,3,0.46551724137931033,0.9534883720930233,0.8866587957497049,0.46635864857060366,0.6954022988505747,0.7095028067361668,0.5241479050276967,0.6662321492272747,0.6136363636363636,0.5294117647058824,0.47211228376746356
0.7799999999999997,0.5,4,3,0.45614035087719296,0.9668965517241379,0.8974970202622169,0.49216649540406215,0.6888341543513957,0.7115184513006654,0.5090118416961398,0.6641088256945515,0.6842105263157895,0.5473684210526316,0.5050456298199157
0.7799999999999997,0.5,5,3,0.40404040404040403,0.9655629139072848,0.9004683840749415,0.4321897342031571,0.7017255546425637,0.6848016589738444,0.45279274596781294,0.6246010165389816,0.6060606060606061,0.48484848484848486,0.4430899073615527
0.7899999999999996,0.5,1,3,0.4019607843137255,0.9644808743169399,0.89568345323741,0.4299250459623814,0.6847290640394088,0.6832208293153327,0.4543655386499515,0.6226423441238356,0.6119402985074627,0.48520710059171596,0.44169794968381876
0.7899999999999996,0.5,2,3,0.4158415841584158,0.9615384615384616,0.8950542822677925,0.43485687867793965,0.680623973727422,0.6886900228484387,0.4773515347898732,0.632335098721714,0.6,0.49122807017543857,0.44395137081650954
0.7899999999999996,0.5,3,3,0.46551724137931033,0.9534883720930233,0.8866587957497049,0.46635864857060366,0.6954022988505747,0.7095028067361668,0.45051012615175734,0.6662321492272747,0.6136363636363636,0.5294117647058824,0.47211228376746356
0.7899999999999996,0.5,4,3,0.45614035087719296,0.9668965517241379,0.8974970202622169,0.49216649540406215,0.6888341543513957,0.7115184513006654,0.5060471860452465,0.6641088256945515,0.6842105263157895,0.5473684210526316,0.5050456298199157
0.7899999999999996,0.5,5,3,0.40404040404040403,0.9655629139072848,0.9004683840749415,0.4321897342031571,0.7017255546425637,0.6848016589738444,0.5031118244259843,0.6246010165389816,0.6060606060606061,0.48484848484848486,0.4430899073615527
0.7999999999999996,0.5,1,3,0.4019607843137255,0.9644808743169399,0.89568345323741,0.4299250459623814,0.6847290640394088,0.6832208293153327,0.4621441481076287,0.6226423441238356,0.6119402985074627,0.48520710059171596,0.44169794968381876
0.7999999999999996,0.5,2,3,0.4158415841584158,0.9615384615384616,0.8950542822677925,0.43485687867793965,0.680623973727422,0.6886900228484387,0.4732984937984405,0.632335098721714,0.6,0.49122807017543857,0.44395137081650954
0.7999999999999996,0.5,3,3,0.46551724137931033,0.9534883720930233,0.8866587957497049,0.46635864857060366,0.6954022988505747,0.7095028067361668,0.5206839790165565,0.6662321492272747,0.6136363636363636,0.5294117647058824,0.47211228376746356
0.7999999999999996,0.5,4,3,0.45614035087719296,0.9668965517241379,0.8974970202622169,0.49216649540406215,0.6888341543513957,0.7115184513006654,0.5022725490063307,0.6641088256945515,0.6842105263157895,0.5473684210526316,0.5050456298199157
0.7999999999999996,0.5,5,3,0.40404040404040403,0.9655629139072848,0.9004683840749415,0.4321897342031571,0.7017255546425637,0.6848016589738444,0.505536052893341,0.6246010165389816,0.6060606060606061,0.48484848484848486,0.4430899073615527
0.8099999999999996,0.5,1,3,0.4019607843137255,0.9644808743169399,0.89568345323741,0.4299250459623814,0.6847290640394088,0.6832208293153327,0.45917275972157107,0.6226423441238356,0.6119402985074627,0.48520710059171596,0.44169794968381876
0.8099999999999996,0.5,2,3,0.4158415841584158,0.9615384615384616,0.8950542822677925,0.43485687867793965,0.680623973727422,0.6886900228484387,0.4236147432744263,0.632335098721714,0.6,0.49122807017543857,0.44395137081650954
0.8099999999999996,0.5,3,3,0.46551724137931033,0.9534883720930233,0.8866587957497049,0.46635864857060366,0.6954022988505747,0.7095028067361668,0.5259970379938124,0.6662321492272747,0.6136363636363636,0.5294117647058824,0.47211228376746356
0.8099999999999996,0.5,4,3,0.45614035087719296,0.9668965517241379,0.8974970202622169,0.49216649540406215,0.6888341543513957,0.7115184513006654,0.5115949847220096,0.6641088256945515,0.6842105263157895,0.5473684210526316,0.5050456298199157
0.8099999999999996,0.5,5,3,0.40404040404040403,0.9655629139072848,0.9004683840749415,0.4321897342031571,0.7017255546425637,0.6848016589738444,0.4525937601707488,0.6246010165389816,0.6060606060606061,0.48484848484848486,0.4430899073615527
0.8199999999999996,0.5,1,3,0.4019607843137255,0.9644808743169399,0.89568345323741,0.4299250459623814,0.6847290640394088,0.6832208293153327,0.46128976592984294,0.6226423441238356,0.6119402985074627,0.48520710059171596,0.44169794968381876
0.8199999999999996,0.5,2,3,0.4158415841584158,0.9615384615384616,0.8950542822677925,0.43485687867793965,0.680623973727422,0.6886900228484387,0.42253619668209824,0.632335098721714,0.6,0.49122807017543857,0.44395137081650954
0.8199999999999996,0.5,3,3,0.46551724137931033,0.9534883720930233,0.8866587957497049,0.46635864857060366,0.6954022988505747,0.7095028067361668,0.520703653276782,0.6662321492272747,0.6136363636363636,0.5294117647058824,0.47211228376746356
0.8199999999999996,0.5,4,3,0.45614035087719296,0.9668965517241379,0.8974970202622169,0.49216649540406215,0.6888341543513957,0.7115184513006654,0.5059030849492256,0.6641088256945515,0.6842105263157895,0.5473684210526316,0.5050456298199157
0.8199999999999996,0.5,5,3,0.40404040404040403,0.9655629139072848,0.9004683840749415,0.4321897342031571,0.7017255546425637,0.6848016589738444,0.5028564429123711,0.6246010165389816,0.6060606060606061,0.48484848484848486,0.4430899073615527
0.8299999999999996,0.5,1,3,0.4019607843137255,0.9644808743169399,0.89568345323741,0.4299250459623814,0.6847290640394088,0.6832208293153327,0.4537597819297868,0.6226423441238356,0.6119402985074627,0.48520710059171596,0.44169794968381876
0.8299999999999996,0.5,2,3,0.4158415841584158,0.9615384615384616,0.8950542822677925,0.43485687867793965,0.680623973727422,0.6886900228484387,0.47691453221346053,0.632335098721714,0.6,0.49122807017543857,0.44395137081650954
0.8299999999999996,0.5,3,3,0.46551724137931033,0.9534883720930233,0.8866587957497049,0.46635864857060366,0.6954022988505747,0.7095028067361668,0.5195524093902767,0.6662321492272747,0.6136363636363636,0.5294117647058824,0.47211228376746356
0.8299999999999996,0.5,4,3,0.45614035087719296,0.9668965517241379,0.8974970202622169,0.49216649540406215,0.6888341543513957,0.7115184513006654,0.5056678251281872,0.6641088256945515,0.6842105263157895,0.5473684210526316,0.5050456298199157
0.8299999999999996,0.5,5,3,0.40404040404040403,0.9655629139072848,0.9004683840749415,0.4321897342031571,0.7017255546425637,0.6848016589738444,0.5026736980671881,0.6246010165389816,0.6060606060606061,0.48484848484848486,0.4430899073615527
0.8399999999999996,0.5,1,3,0.4019607843137255,0.9644808743169399,0.89568345323741,0.4299250459623814,0.6847290640394088,0.6832208293153327,0.461474721221939,0.6226423441238356,0.6119402985074627,0.48520710059171596,0.44169794968381876
0.8399999999999996,0.5,2,3,0.4158415841584158,0.9615384615384616,0.8950542822677925,0.43485687867793965,0.680623973727422,0.6886900228484387,0.4741340877598766,0.632335098721714,0.6,0.49122807017543857,0.44395137081650954
0.8399999999999996,0.5,3,3,0.46551724137931033,0.9534883720930233,0.8866587957497049,0.46635864857060366,0.6954022988505747,0.7095028067361668,0.488116794216969,0.6662321492272747,0.6136363636363636,0.5294117647058824,0.47211228376746356
0.8399999999999996,0.5,4,3,0.45614035087719296,0.9668965517241379,0.8974970202622169,0.49216649540406215,0.6888341543513957,0.7115184513006654,0.5016975366318116,0.6641088256945515,0.6842105263157895,0.5473684210526316,0.5050456298199157
0.8399999999999996,0.5,5,3,0.40404040404040403,0.9655629139072848,0.9004683840749415,0.4321897342031571,0.7017255546425637,0.6848016589738444,0.5025738847222876,0.6246010165389816,0.6060606060606061,0.48484848484848486,0.4430899073615527
0.8499999999999996,0.5,1,3,0.4019607843137255,0.9644808743169399,0.89568345323741,0.4299250459623814,0.6847290640394088,0.6832208293153327,0.46092906463198935,0.6226423441238356,0.6119402985074627,0.48520710059171596,0.44169794968381876
0.8499999999999996,0.5,2,3,0.4158415841584158,0.9615384615384616,0.8950542822677925,0.43485687867793965,0.680623973727422,0.6886900228484387,0.4767252504615443,0.632335098721714,0.6,0.49122807017543857,0.44395137081650954
0.8499999999999996,0.5,3,3,0.46551724137931033,0.9534883720930233,0.8866587957497049,0.46635864857060366,0.6954022988505747,0.7095028067361668,0.5235493893307233,0.6662321492272747,0.6136363636363636,0.5294117647058824,0.47211228376746356
0.8499999999999996,0.5,4,3,0.45614035087719296,0.9668965517241379,0.8974970202622169,0.49216649540406215,0.6888341543513957,0.7115184513006654,0.5016562925003635,0.6641088256945515,0.6842105263157895,0.5473684210526316,0.5050456298199157
0.8499999999999996,0.5,5,3,0.40404040404040403,0.9655629139072848,0.9004683840749415,0.4321897342031571,0.7017255546425637,0.6848016589738444,0.5023890351880956,0.6246010165389816,0.6060606060606061,0.48484848484848486,0.4430899073615527
0.8599999999999995,0.5,1,3,0.4019607843137255,0.9644808743169399,0.89568345323741,0.4299250459623814,0.6847290640394088,0.6832208293153327,0.4537672202901435,0.6226423441238356,0.6119402985074627,0.48520710059171596,0.44169794968381876
0.8599999999999995,0.5,2,3,0.4158415841584158,0.9615384615384616,0.8950542822677925,0.43485687867793965,0.680623973727422,0.6886900228484387,0.42316723145770535,0.632335098721714,0.6,0.49122807017543857,0.44395137081650954
0.8599999999999995,0.5,3,3,0.46551724137931033,0.9534883720930233,0.8866587957497049,0.46635864857060366,0.6954022988505747,0.7095028067361668,0.48977010133815535,0.6662321492272747,0.6136363636363636,0.5294117647058824,0.47211228376746356
0.8599999999999995,0.5,4,3,0.45614035087719296,0.9668965517241379,0.8974970202622169,0.49216649540406215,0.6888341543513957,0.7115184513006654,0.50542140458653,0.6641088256945515,0.6842105263157895,0.5473684210526316,0.5050456298199157
0.8599999999999995,0.5,5,3,0.40404040404040403,0.9655629139072848,0.9004683840749415,0.4321897342031571,0.7017255546425637,0.6848016589738444,0.50474017051612,0.6246010165389816,0.6060606060606061,0.48484848484848486,0.4430899073615527
0.8699999999999996,0.5,1,3,0.4019607843137255,0.9644808743169399,0.89568345323741,0.4299250459623814,0.6847290640394088,0.6832208293153327,0.452575128769985,0.6226423441238356,0.6119402985074627,0.48520710059171596,0.44169794968381876
0.8699999999999996,0.5,2,3,0.4158415841584158,0.9615384615384616,0.8950542822677925,0.43485687867793965,0.680623973727422,0.6886900228484387,0.42209857728280575,0.632335098721714,0.6,0.49122807017543857,0.44395137081650954
0.8699999999999996,0.5,3,3,0.46551724137931033,0.9534883720930233,0.8866587957497049,0.46635864857060366,0.6954022988505747,0.7095028067361668,0.5223999486607519,0.6662321492272747,0.6136363636363636,0.5294117647058824,0.47211228376746356
0.8699999999999996,0.5,4,3,0.45614035087719296,0.9668965517241379,0.8974970202622169,0.49216649540406215,0.6888341543513957,0.7115184513006654,0.5081494712475211,0.6641088256945515,0.6842105263157895,0.5473684210526316,0.5050456298199157
0.8699999999999996,0.5,5,3,0.40404040404040403,0.9655629139072848,0.9004683840749415,0.4321897342031571,0.7017255546425637,0.6848016589738444,0.502327548116401,0.6246010165389816,0.6060606060606061,0.48484848484848486,0.4430899073615527
0.8799999999999996,0.5,1,3,0.4019607843137255,0.9644808743169399,0.89568345323741,0.4299250459623814,0.6847290640394088,0.6832208293153327,0.45356718036444554,0.6226423441238356,0.6119402985074627,0.48520710059171596,0.44169794968381876
0.8799999999999996,0.5,2,3,0.4158415841584158,0.9615384615384616,0.8950542822677925,0.43485687867793965,0.680623973727422,0.6886900228484387,0.4764622067944928,0.632335098721714,0.6,0.49122807017543857,0.44395137081650954
0.8799999999999996,0.5,3,3,0.46551724137931033,0.9534883720930233,0.8866587957497049,0.46635864857060366,0.6954022988505747,0.7095028067361668,0.5230797485644374,0.6662321492272747,0.6136363636363636,0.5294117647058824,0.47211228376746356
0.8799999999999996,0.5,4,3,0.45614035087719296,0.9668965517241379,0.8974970202622169,0.49216649540406215,0.6888341543513957,0.7115184513006654,0.5053300507569191,0.6641088256945515,0.6842105263157895,0.5473684210526316,0.5050456298199157
0.8799999999999996,0.5,5,3,0.40404040404040403,0.9655629139072848,0.9004683840749415,0.4321897342031571,0.7017255546425637,0.6848016589738444,0.4986526606549963,0.6246010165389816,0.6060606060606061,0.48484848484848486,0.4430899073615527
0.8899999999999996,0.5,1,3,0.4019607843137255,0.9644808743169399,0.89568345323741,0.4299250459623814,0.6847290640394088,0.6832208293153327,0.46131238293145016,0.6226423441238356,0.6119402985074627,0.48520710059171596,0.44169794968381876
0.8899999999999996,0.5,2,3,0.4158415841584158,0.9615384615384616,0.8950542822677925,0.43485687867793965,0.680623973727422,0.6886900228484387,0.47899612994403995,0.632335098721714,0.6,0.49122807017543857,0.44395137081650954
0.8899999999999996,0.5,3,3,0.46551724137931033,0.9534883720930233,0.8866587957497049,0.46635864857060366,0.6954022988505747,0.7095028067361668,0.5250693016912881,0.6662321492272747,0.6136363636363636,0.5294117647058824,0.47211228376746356
0.8899999999999996,0.5,4,3,0.45614035087719296,0.9668965517241379,0.8974970202622169,0.49216649540406215,0.6888341543513957,0.7115184513006654,0.5051623043975143,0.6641088256945515,0.6842105263157895,0.5473684210526316,0.5050456298199157
0.8899999999999996,0.5,5,3,0.40404040404040403,0.9655629139072848,0.9004683840749415,0.4321897342031571,0.7017255546425637,0.6848016589738444,0.5023241487303093,0.6246010165389816,0.6060606060606061,0.48484848484848486,0.4430899073615527
0.8999999999999996,0.5,1,3,0.4019607843137255,0.9644808743169399,0.89568345323741,0.4299250459623814,0.6847290640394088,0.6832208293153327,0.46428823010311393,0.6226423441238356,0.6119402985074627,0.48520710059171596,0.44169794968381876
0.8999999999999996,0.5,2,3,0.4158415841584158,0.9615384615384616,0.8950542822677925,0.43485687867793965,0.680623973727422,0.6886900228484387,0.47757712916485406,0.632335098721714,0.6,0.49122807017543857,0.44395137081650954
0.8999999999999996,0.5,3,3,0.46551724137931033,0.9534883720930233,0.8866587957497049,0.46635864857060366,0.6954022988505747,0.7095028067361668,0.5185941484320952,0.6662321492272747,0.6136363636363636,0.5294117647058824,0.47211228376746356
0.8999999999999996,0.5,4,3,0.45614035087719296,0.9668965517241379,0.8974970202622169,0.49216649540406215,0.6888341543513957,0.7115184513006654,0.5012554330662067,0.6641088256945515,0.6842105263157895,0.5473684210526316,0.5050456298199157
0.8999999999999996,0.5,5,3,0.40404040404040403,0.9655629139072848,0.9004683840749415,0.4321897342031571,0.7017255546425637,0.6848016589738444,0.49862946621092397,0.6246010165389816,0.6060606060606061,0.48484848484848486,0.4430899073615527
0.9099999999999996,0.5,1,3,0.4019607843137255,0.9644808743169399,0.89568345323741,0.4299250459623814,0.6847290640394088,0.6832208293153327,0.4541681339559164,0.6226423441238356,0.6119402985074627,0.48520710059171596,0.44169794968381876
0.9099999999999996,0.5,2,3,0.4158415841584158,0.9615384615384616,0.8950542822677925,0.43485687867793965,0.680623973727422,0.6886900228484387,0.4763130496192406,0.632335098721714,0.6,0.49122807017543857,0.44395137081650954
0.9099999999999996,0.5,3,3,0.46551724137931033,0.9534883720930233,0.8866587957497049,0.46635864857060366,0.6954022988505747,0.7095028067361668,0.5249262487050546,0.6662321492272747,0.6136363636363636,0.5294117647058824,0.47211228376746356
0.9099999999999996,0.5,4,3,0.45614035087719296,0.9668965517241379,0.8974970202622169,0.49216649540406215,0.6888341543513957,0.7115184513006654,0.5049990600920724,0.6641088256945515,0.6842105263157895,0.5473684210526316,0.5050456298199157
0.9099999999999996,0.5,5,3,0.40404040404040403,0.9655629139072848,0.9004683840749415,0.4321897342031571,0.7017255546425637,0.6848016589738444,0.504743235482588,0.6246010165389816,0.6060606060606061,0.48484848484848486,0.4430899073615527
0.9199999999999996,0.5,1,3,0.4019607843137255,0.9644808743169399,0.89568345323741,0.4299250459623814,0.6847290640394088,0.6832208293153327,0.45749504175632305,0.6226423441238356,0.6119402985074627,0.48520710059171596,0.44169794968381876
0.9199999999999996,0.5,2,3,0.4158415841584158,0.9615384615384616,0.8950542822677925,0.43485687867793965,0.680623973727422,0.6886900228484387,0.4218576040746861,0.632335098721714,0.6,0.49122807017543857,0.44395137081650954
0.9199999999999996,0.5,3,3,0.46551724137931033,0.9534883720930233,0.8866587957497049,0.46635864857060366,0.6954022988505747,0.7095028067361668,0.5250305433287716,0.6662321492272747,0.6136363636363636,0.5294117647058824,0.47211228376746356
0.9199999999999996,0.5,4,3,0.45614035087719296,0.9668965517241379,0.8974970202622169,0.49216649540406215,0.6888341543513957,0.7115184513006654,0.50483356740985,0.6641088256945515,0.6842105263157895,0.5473684210526316,0.5050456298199157
0.9199999999999996,0.5,5,3,0.40404040404040403,0.9655629139072848,0.9004683840749415,0.4321897342031571,0.7017255546425637,0.6848016589738444,0.5043117043518802,0.6246010165389816,0.6060606060606061,0.48484848484848486,0.4430899073615527
0.9299999999999996,0.5,1,3,0.4019607843137255,0.9644808743169399,0.89568345323741,0.4299250459623814,0.6847290640394088,0.6832208293153327,0.45396650461251276,0.6226423441238356,0.6119402985074627,0.48520710059171596,0.44169794968381876
0.9299999999999996,0.5,2,3,0.4158415841584158,0.9615384615384616,0.8950542822677925,0.43485687867793965,0.680623973727422,0.6886900228484387,0.42190063933177024,0.632335098721714,0.6,0.49122807017543857,0.44395137081650954
0.9299999999999996,0.5,3,3,0.46551724137931033,0.9534883720930233,0.8866587957497049,0.46635864857060366,0.6954022988505747,0.7095028067361668,0.4883917601789649,0.6662321492272747,0.6136363636363636,0.5294117647058824,0.47211228376746356
0.9299999999999996,0.5,4,3,0.45614035087719296,0.9668965517241379,0.8974970202622169,0.49216649540406215,0.6888341543513957,0.7115184513006654,0.5048548357028567,0.6641088256945515,0.6842105263157895,0.5473684210526316,0.5050456298199157
0.9299999999999996,0.5,5,3,0.40404040404040403,0.9655629139072848,0.9004683840749415,0.4321897342031571,0.7017255546425637,0.6848016589738444,0.5015379943361652,0.6246010165389816,0.6060606060606061,0.48484848484848486,0.4430899073615527
0.9399999999999996,0.5,1,3,0.4019607843137255,0.9644808743169399,0.89568345323741,0.4299250459623814,0.6847290640394088,0.6832208293153327,0.4530752656200735,0.6226423441238356,0.6119402985074627,0.48520710059171596,0.44169794968381876
0.9399999999999996,0.5,2,3,0.4158415841584158,0.9615384615384616,0.8950542822677925,0.43485687867793965,0.680623973727422,0.6886900228484387,0.4723737975045551,0.632335098721714,0.6,0.49122807017543857,0.44395137081650954
0.9399999999999996,0.5,3,3,0.46551724137931033,0.9534883720930233,0.8866587957497049,0.46635864857060366,0.6954022988505747,0.7095028067361668,0.4992518643489341,0.6662321492272747,0.6136363636363636,0.5294117647058824,0.47211228376746356
0.9399999999999996,0.5,4,3,0.45614035087719296,0.9668965517241379,0.8974970202622169,0.49216649540406215,0.6888341543513957,0.7115184513006654,0.5048322931495715,0.6641088256945515,0.6842105263157895,0.5473684210526316,0.5050456298199157
0.9399999999999996,0.5,5,3,0.40404040404040403,0.9655629139072848,0.9004683840749415,0.4321897342031571,0.7017255546425637,0.6848016589738444,0.5014471670856142,0.6246010165389816,0.6060606060606061,0.48484848484848486,0.4430899073615527
0.9499999999999995,0.5,1,3,0.4019607843137255,0.9644808743169399,0.89568345323741,0.4299250459623814,0.6847290640394088,0.6832208293153327,0.4573236316331454,0.6226423441238356,0.6119402985074627,0.48520710059171596,0.44169794968381876
0.9499999999999995,0.5,2,3,0.4158415841584158,0.9615384615384616,0.8950542822677925,0.43485687867793965,0.680623973727422,0.6886900228484387,0.4216050822064903,0.632335098721714,0.6,0.49122807017543857,0.44395137081650954
0.9499999999999995,0.5,3,3,0.46551724137931033,0.9534883720930233,0.8866587957497049,0.46635864857060366,0.6954022988505747,0.7095028067361668,0.5217115053884539,0.6662321492272747,0.6136363636363636,0.5294117647058824,0.47211228376746356
0.9499999999999995,0.5,4,3,0.45614035087719296,0.9668965517241379,0.8974970202622169,0.49216649540406215,0.6888341543513957,0.7115184513006654,0.5047918218477693,0.6641088256945515,0.6842105263157895,0.5473684210526316,0.5050456298199157
0.9499999999999995,0.5,5,3,0.40404040404040403,0.9655629139072848,0.9004683840749415,0.4321897342031571,0.7017255546425637,0.6848016589738444,0.49799416396179264,0.6246010165389816,0.6060606060606061,0.48484848484848486,0.4430899073615527
0.9599999999999995,0.5,1,3,0.4019607843137255,0.9644808743169399,0.89568345323741,0.4299250459623814,0.6847290640394088,0.6832208293153327,0.45739353677942435,0.6226423441238356,0.6119402985074627,0.48520710059171596,0.44169794968381876
0.9599999999999995,0.5,2,3,0.4158415841584158,0.9615384615384616,0.8950542822677925,0.43485687867793965,0.680623973727422,0.6886900228484387,0.47590991128587745,0.632335098721714,0.6,0.49122807017543857,0.44395137081650954
0.9599999999999995,0.5,3,3,0.46551724137931033,0.9534883720930233,0.8866587957497049,0.46635864857060366,0.6954022988505747,0.7095028067361668,0.5227113968020193,0.6662321492272747,0.6136363636363636,0.5294117647058824,0.47211228376746356
0.9599999999999995,0.5,4,3,0.45614035087719296,0.9668965517241379,0.8974970202622169,0.49216649540406215,0.6888341543513957,0.7115184513006654,0.5048548812219527,0.6641088256945515,0.6842105263157895,0.5473684210526316,0.5050456298199157
0.9599999999999995,0.5,5,3,0.40404040404040403,0.9655629139072848,0.9004683840749415,0.4321897342031571,0.7017255546425637,0.6848016589738444,0.5016355002364818,0.6246010165389816,0.6060606060606061,0.48484848484848486,0.4430899073615527
0.9699999999999995,0.5,1,3,0.4019607843137255,0.9644808743169399,0.89568345323741,0.4299250459623814,0.6847290640394088,0.6832208293153327,0.45739353677942435,0.6226423441238356,0.6119402985074627,0.48520710059171596,0.44169794968381876
0.9699999999999995,0.5,2,3,0.4158415841584158,0.9615384615384616,0.8950542822677925,0.43485687867793965,0.680623973727422,0.6886900228484387,0.4718832657142782,0.632335098721714,0.6,0.49122807017543857,0.44395137081650954
0.9699999999999995,0.5,3,3,0.46551724137931033,0.9534883720930233,0.8866587957497049,0.46635864857060366,0.6954022988505747,0.7095028067361668,0.5022990271223355,0.6662321492272747,0.6136363636363636,0.5294117647058824,0.47211228376746356
0.9699999999999995,0.5,4,3,0.45614035087719296,0.9668965517241379,0.8974970202622169,0.49216649540406215,0.6888341543513957,0.7115184513006654,0.5048968775946842,0.6641088256945515,0.6842105263157895,0.5473684210526316,0.5050456298199157
0.9699999999999995,0.5,5,3,0.40404040404040403,0.9655629139072848,0.9004683840749415,0.4321897342031571,0.7017255546425637,0.6848016589738444,0.4979140754624255,0.6246010165389816,0.6060606060606061,0.48484848484848486,0.4430899073615527
0.9799999999999995,0.5,1,3,0.4019607843137255,0.9644808743169399,0.89568345323741,0.4299250459623814,0.6847290640394088,0.6832208293153327,0.45309849143922787,0.6226423441238356,0.6119402985074627,0.48520710059171596,0.44169794968381876
0.9799999999999995,0.5,2,3,0.4158415841584158,0.9615384615384616,0.8950542822677925,0.43485687867793965,0.680623973727422,0.6886900228484387,0.4769326216018709,0.632335098721714,0.6,0.49122807017543857,0.44395137081650954
0.9799999999999995,0.5,3,3,0.46551724137931033,0.9534883720930233,0.8866587957497049,0.46635864857060366,0.6954022988505747,0.7095028067361668,0.5246988227413734,0.6662321492272747,0.6136363636363636,0.5294117647058824,0.47211228376746356
0.9799999999999995,0.5,4,3,0.45614035087719296,0.9668965517241379,0.8974970202622169,0.49216649540406215,0.6888341543513957,0.7115184513006654,0.5047983914807099,0.6641088256945515,0.6842105263157895,0.5473684210526316,0.5050456298199157
0.9799999999999995,0.5,5,3,0.40404040404040403,0.9655629139072848,0.9004683840749415,0.4321897342031571,0.7017255546425637,0.6848016589738444,0.5039733787530687,0.6246010165389816,0.6060606060606061,0.48484848484848486,0.4430899073615527
0.9899999999999995,0.5,1,3,0.4019607843137255,0.9644808743169399,0.89568345323741,0.4299250459623814,0.6847290640394088,0.6832208293153327,0.4570987708441088,0.6226423441238356,0.6119402985074627,0.48520710059171596,0.44169794968381876
0.9899999999999995,0.5,2,3,0.4158415841584158,0.9615384615384616,0.8950542822677925,0.43485687867793965,0.680623973727422,0.6886900228484387,0.47662985428246973,0.632335098721714,0.6,0.49122807017543857,0.44395137081650954
0.9899999999999995,0.5,3,3,0.46551724137931033,0.9534883720930233,0.8866587957497049,0.46635864857060366,0.6954022988505747,0.7095028067361668,0.5238314445132888,0.6662321492272747,0.6136363636363636,0.5294117647058824,0.47211228376746356
0.9899999999999995,0.5,4,3,0.45614035087719296,0.9668965517241379,0.8974970202622169,0.49216649540406215,0.6888341543513957,0.7115184513006654,0.5009191286125029,0.6641088256945515,0.6842105263157895,0.5473684210526316,0.5050456298199157
0.9899999999999995,0.5,5,3,0.40404040404040403,0.9655629139072848,0.9004683840749415,0.4321897342031571,0.7017255546425637,0.6848016589738444,0.501672491062816,0.6246010165389816,0.6060606060606061,0.48484848484848486,0.4430899073615527
1.0,0.5,1,3,0.4019607843137255,0.9644808743169399,0.89568345323741,0.4299250459623814,0.6847290640394088,0.6832208293153327,0.4600855376900162,0.6226423441238356,0.6119402985074627,0.48520710059171596,0.44169794968381876
1.0,0.5,2,3,0.4158415841584158,0.9615384615384616,0.8950542822677925,0.43485687867793965,0.680623973727422,0.6886900228484387,0.47150461274974087,0.632335098721714,0.6,0.49122807017543857,0.44395137081650954
1.0,0.5,3,3,0.46551724137931033,0.9534883720930233,0.8866587957497049,0.46635864857060366,0.6954022988505747,0.7095028067361668,0.5192819091791285,0.6662321492272747,0.6136363636363636,0.5294117647058824,0.47211228376746356
1.0,0.5,4,3,0.45614035087719296,0.9668965517241379,0.8974970202622169,0.49216649540406215,0.6888341543513957,0.7115184513006654,0.5038180741867878,0.6641088256945515,0.6842105263157895,0.5473684210526316,0.5050456298199157
1.0,0.5,5,3,0.40404040404040403,0.9655629139072848,0.9004683840749415,0.4321897342031571,0.7017255546425637,0.6848016589738444,0.5041849711737685,0.6246010165389816,0.6060606060606061,0.48484848484848486,0.4430899073615527
0.1,0.5,1,4,0.5576923076923077,0.9338731443994602,0.8875739644970414,0.48554528034657984,0.69376026272578,0.745782726045884,0.45351040029128137,0.7216743510697928,0.5420560747663551,0.5497630331753555,0.4856093681416395
0.1,0.5,2,4,0.5229357798165137,0.9224704336399474,0.8724137931034482,0.4334807757740728,0.7142857142857143,0.7227031067282306,0.40173180381282825,0.6945450277506733,0.49137931034482757,0.5066666666666667,0.43375768361838607
0.1,0.5,3,4,0.42342342342342343,0.9422535211267605,0.8721071863580999,0.40070076402744675,0.674055829228243,0.682838472275092,0.4509549438433548,0.6316424713778104,0.5340909090909091,0.4723618090452261,0.4041987069588139
0.1,0.5,4,4,0.5531914893617021,0.9416553595658074,0.8977135980746089,0.49256100977736933,0.6822660098522167,0.7474234244637548,0.4834765973551085,0.7217449208852378,0.5473684210526316,0.5502645502645502,0.4925697872899541
0.1,0.5,5,4,0.5882352941176471,0.9422043010752689,0.8995271867612293,0.5282053300791247,0.695152013147083,0.765219797596458,0.5319136202661131,0.7444715066152116,0.5825242718446602,0.5853658536585366,0.5282134668301552
0.11,0.5,1,4,0.5576923076923077,0.9338731443994602,0.8875739644970414,0.48554528034657984,0.69376026272578,0.745782726045884,0.46294379449071893,0.7216743510697928,0.5420560747663551,0.5497630331753555,0.4856093681416395
0.11,0.5,2,4,0.5229357798165137,0.923784494086728,0.8735632183908046,0.4364289500029447,0.7142857142857143,0.7233601369516209,0.40786212291323287,0.6950395418950254,0.4956521739130435,0.5089285714285714,0.4366353007117467
0.11,0.5,3,4,0.42342342342342343,0.9422535211267605,0.8721071863580999,0.40070076402744675,0.674055829228243,0.682838472275092,0.454499586691064,0.6316424713778104,0.5340909090909091,0.4723618090452261,0.4041987069588139
0.11,0.5,4,4,0.5638297872340425,0.9443690637720489,0.901323706377858,0.5081988510060913,0.6822660098522167,0.7540994255030458,0.4854550582211924,0.7297009033138209,0.5638297872340425,0.5638297872340425,0.5081988510060914
0.11,0.5,5,4,0.5882352941176471,0.9435483870967742,0.900709219858156,0.5317836812144212,0.695152013147083,0.7658918406072106,0.5349733865598945,0.7450023241561751,0.5882352941176471,0.5882352941176471,0.5317836812144212
0.12,0.5,1,4,0.5480769230769231,0.9338731443994602,0.8863905325443787,0.4779989961519158,0.69376026272578,0.7409750337381917,0.46401383024185594,0.7154259706822413,0.5377358490566038,0.5428571428571428,0.4780272641930313
0.12,0.5,2,4,0.5321100917431193,0.9224704336399474,0.8735632183908046,0.44072372804095533,0.7142857142857143,0.7272902626915334,0.40736684091415554,0.7006110383618485,0.49572649572649574,0.5132743362831859,0.44108875346958654
0.12,0.5,3,4,0.4144144144144144,0.9436619718309859,0.8721071863580999,0.395667566336009,0.674055829228243,0.6790381931227001,0.45709185847061734,0.6253535987435346,0.5348837209302325,0.467005076142132,0.3998282264428323
0.12,0.5,4,4,0.5638297872340425,0.9443690637720489,0.901323706377858,0.5081988510060913,0.6822660098522167,0.7540994255030458,0.48968975094223793,0.7297009033138209,0.5638297872340425,0.5638297872340425,0.5081988510060914
0.12,0.5,5,4,0.5784313725490197,0.9435483870967742,0.8995271867612293,0.5241970701496685,0.695152013147083,0.7609898798228969,0.5382834204750941,0.7387678854787888,0.5841584158415841,0.5812807881773399,0.524205282948259
0.13,0.5,1,4,0.5384615384615384,0.9338731443994602,0.8852071005917159,0.4703905921881559,0.69376026272578,0.7361673414304993,0.4656352922363809,0.7091225352936175,0.5333333333333333,0.5358851674641149,0.4703976036125522
0.13,0.5,2,4,0.5412844036697247,0.9224704336399474,0.8747126436781609,0.44791169381600565,0.7142857142857143,0.731877418654836,0.41107824614331107,0.7066249773223073,0.5,0.5198237885462555,0.44837780446387165
0.13,0.5,3,4,0.42342342342342343,0.9464788732394366,0.8757612667478685,0.4104585838390381,0.674055829228243,0.68495114833143,0.46090601569907447,0.6330571259412429,0.5529411764705883,0.47959183673469385,0.41517320963040966
0.13,0.5,4,4,0.5638297872340425,0.9457259158751696,0.9025270758122743,0.5119314350351307,0.6822660098522167,0.7547778515546061,0.49641909707069454,0.7302249255740432,0.5698924731182796,0.5668449197860963,0.5119407286627025
0.13,0.5,5,4,0.5882352941176471,0.9422043010752689,0.8995271867612293,0.5282053300791247,0.695152013147083,0.765219797596458,0.5413466837459957,0.7444715066152116,0.5825242718446602,0.5853658536585366,0.5282134668301552
0.13999999999999999,0.5,1,4,0.5384615384615384,0.9338731443994602,0.8852071005917159,0.4703905921881559,0.69376026272578,0.7361673414304993,0.40713560377182745,0.7091225352936175,0.5333333333333333,0.5358851674641149,0.4703976036125522
0.13999999999999999,0.5,2,4,0.5596330275229358,0.9250985545335085,0.8793103448275862,0.4681718151438585,0.7142857142857143,0.7423657910282222,0.4158633331965386,0.7195246380984317,0.5169491525423728,0.5374449339207048,0.4686590090954391
0.13999999999999999,0.5,3,4,0.42342342342342343,0.9478873239436619,0.876979293544458,0.41376628701916646,0.674055829228243,0.6856553736835427,0.46406835550228376,0.633527975486397,0.5595238095238095,0.48205128205128206,0.4189428632898246
0.13999999999999999,0.5,4,4,0.5425531914893617,0.9470827679782904,0.901323706377858,0.49889692905047645,0.6822660098522167,0.744817979733826,0.4956766420027627,0.7168282767659212,0.5666666666666667,0.5543478260869565,0.4990460442509634
0.13999999999999999,0.5,5,4,0.5784313725490197,0.9435483870967742,0.8995271867612293,0.5241970701496685,0.695152013147083,0.7609898798228969,0.5450483373924885,0.7387678854787888,0.5841584158415841,0.5812807881773399,0.524205282948259
0.14999999999999997,0.5,1,4,0.5384615384615384,0.9352226720647774,0.8863905325443787,0.4736842105263159,0.69376026272578,0.736842105263158,0.4699048513305368,0.7096347220958898,0.5384615384615384,0.5384615384615384,0.47368421052631576
0.14999999999999997,0.5,2,4,0.5779816513761468,0.926412614980289,0.8827586206896552,0.4853205581783804,0.7142857142857143,0.752197133178218,0.4204263646480993,0.7317441445355076,0.5294117647058824,0.5526315789473685,0.4859395747489917
0.14999999999999997,0.5,3,4,0.42342342342342343,0.9478873239436619,0.876979293544458,0.41376628701916646,0.674055829228243,0.6856553736835427,0.46740745381960574,0.633527975486397,0.5595238095238095,0.48205128205128206,0.4189428632898246
0.14999999999999997,0.5,4,4,0.5425531914893617,0.9525101763907734,0.9061371841155235,0.5141516505261896,0.6822660098522167,0.7475316839400675,0.49457330603960387,0.71887929176386,0.5930232558139535,0.5666666666666667,0.5147911838608741
0.14999999999999997,0.5,5,4,0.5882352941176471,0.9448924731182796,0.9018912529550828,0.5353924332049704,0.695152013147083,0.7665638836179633,0.5487793477312265,0.7455327637564174,0.594059405940594,0.5911330049261084,0.5354008214056514
0.15999999999999998,0.5,1,4,0.5480769230769231,0.9379217273954116,0.8899408284023669,0.48801558397560785,0.69376026272578,0.7429993252361673,0.4706854987918305,0.7169750723964327,0.5533980582524272,0.5507246376811594,0.488022979366834
0.15999999999999998,0.5,2,4,0.5871559633027523,0.9316688567674113,0.8885057471264368,0.5049336509016675,0.7142857142857143,0.7594124100350819,0.4277384965048777,0.7396180940691239,0.5517241379310345,0.5688888888888889,0.505256202896142
0.15999999999999998,0.5,3,4,0.42342342342342343,0.9464788732394366,0.8757612667478685,0.4104585838390381,0.674055829228243,0.68495114833143,0.4726215868728738,0.6330571259412429,0.5529411764705883,0.47959183673469385,0.41517320963040966
0.15999999999999998,0.5,4,4,0.5425531914893617,0.9525101763907734,0.9061371841155235,0.5141516505261896,0.6822660098522167,0.7475316839400675,0.504097211528808,0.71887929176386,0.5930232558139535,0.5666666666666667,0.5147911838608741
0.15999999999999998,0.5,5,4,0.5882352941176471,0.9448924731182796,0.9018912529550828,0.5353924332049704,0.695152013147083,0.7665638836179633,0.5479379686975747,0.7455327637564174,0.594059405940594,0.5911330049261084,0.5354008214056514
0.16999999999999998,0.5,1,4,0.5576923076923077,0.941970310391363,0.8946745562130177,0.5059356050901016,0.69376026272578,0.7498313090418354,0.47376006085322225,0.7247962445955405,0.5742574257425742,0.5658536585365853,0.5060057805406099
0.16999999999999998,0.5,2,4,0.5871559633027523,0.9329829172141918,0.8896551724137931,0.5081561745480243,0.7142857142857143,0.7600694402584721,0.42887337806071635,0.7401395027303372,0.5565217391304348,0.5714285714285714,0.5083964390556824
0.16999999999999998,0.5,3,4,0.42342342342342343,0.9492957746478873,0.8781973203410475,0.41710212427581506,0.674055829228243,0.6863595990356554,0.4768980705831459,0.6339984753473774,0.5662650602409639,0.4845360824742268,0.4227710102014442
0.16999999999999998,0.5,4,4,0.5425531914893617,0.9538670284938942,0.9073405535499398,0.5180576791269046,0.6822660098522167,0.7482101099916278,0.5123677662767513,0.7193911318370808,0.6,0.5698324022346368,0.5188815836606965
0.16999999999999998,0.5,5,4,0.5882352941176471,0.946236559139785,0.9030732860520094,0.539031975121601,0.695152013147083,0.7672359266287161,0.5513301388945765,0.7460628262220694,0.6,0.594059405940594,0.5390660472762356
0.17999999999999997,0.5,1,4,0.5384615384615384,0.941970310391363,0.8923076923076924,0.4905692877443806,0.69376026272578,0.7402159244264508,0.4764905850671674,0.7121901308768791,0.5656565656565656,0.5517241379310345,0.4907615761590762
0.17999999999999997,0.5,2,4,0.5779816513761468,0.938239159001314,0.8931034482758621,0.5141999399579705,0.7142857142857143,0.7581104051887304,0.4321522069325186,0.7364000397238899,0.5727272727272728,0.5753424657534246,0.5142069554824609
0.17999999999999997,0.5,3,4,0.42342342342342343,0.9478873239436619,0.876979293544458,0.41376628701916646,0.674055829228243,0.6856553736835427,0.4819121395917181,0.633527975486397,0.5595238095238095,0.48205128205128206,0.4189428632898246
0.17999999999999997,0.5,4,4,0.5212765957446809,0.9565807327001357,0.9073405535499398,0.5085370630659691,0.6822660098522167,0.7389286642224082,0.511034267811082,0.7061466900700444,0.6049382716049383,0.56,0.5102967241090929
0.17999999999999997,0.5,5,4,0.5980392156862745,0.9475806451612904,0.9054373522458629,0.5502750976796107,0.695152013147083,0.7728099304237824,0.5576272156114409,0.7527884070784778,0.61,0.6039603960396039,0.5503098805108435
0.18999999999999995,0.5,1,4,0.5384615384615384,0.9473684210526315,0.8970414201183432,0.5045992115637319,0.69376026272578,0.7429149797570851,0.47806573540507896,0.7142278750440075,0.5894736842105263,0.5628140703517588,0.5052631578947369
0.18999999999999995,0.5,2,4,0.5779816513761468,0.938239159001314,0.8931034482758621,0.5141999399579705,0.7142857142857143,0.7581104051887304,0.4344984089745318,0.7364000397238899,0.5727272727272728,0.5753424657534246,0.5142069554824609
0.18999999999999995,0.5,3,4,0.4144144144144144,0.9535211267605633,0.8806333739342266,0.41887441134833736,0.674055829228243,0.6839677705874889,0.484406180561068,0.6286118829438809,0.5822784810126582,0.4842105263157895,0.4266255945474991
0.18999999999999995,0.5,4,4,0.5106382978723404,0.9579375848032564,0.9073405535499398,0.5036342903243322,0.6822660098522167,0.7342879413377984,0.5121031874214326,0.6993994693820375,0.6075949367088608,0.5549132947976878,0.5060053827157526
0.18999999999999995,0.5,5,4,0.5980392156862745,0.9502688172043011,0.9078014184397163,0.5577448930352259,0.695152013147083,0.7741540164452878,0.5603024357479482,0.7538554358310245,0.6224489795918368,0.61,0.5578883923007352
0.19999999999999996,0.5,1,4,0.5384615384615384,0.9473684210526315,0.8970414201183432,0.5045992115637319,0.69376026272578,0.7429149797570851,0.476763285426977,0.7142278750440075,0.5894736842105263,0.5628140703517588,0.5052631578947369
0.19999999999999996,0.5,2,4,0.5688073394495413,0.9421813403416557,0.8954022988505748,0.5170853106586477,0.7142857142857143,0.7554943398955984,0.43560634203087734,0.7320653396239573,0.5849056603773585,0.5767441860465117,0.5171508520002253
0.19999999999999996,0.5,3,4,0.40540540540540543,0.956338028169014,0.881851400730816,0.417240496139914,0.674055829228243,0.6808717167872098,0.4862262726034936,0.6226593017168098,0.5921052631578947,0.48128342245989303,0.426782288349832
0.19999999999999996,0.5,4,4,0.4787234042553192,0.9592944369063772,0.9049338146811071,0.48037423123501066,0.6822660098522167,0.7190089205808482,0.5094064372239474,0.6776700513664525,0.6,0.5325443786982249,0.4841700728427331
0.19999999999999996,0.5,5,4,0.5980392156862745,0.9543010752688172,0.9113475177304965,0.5691937915020167,0.695152013147083,0.7761701454775458,0.5606526775863157,0.7554531531354753,0.6421052631578947,0.6192893401015228,0.5696544664676084
0.20999999999999996,0.5,1,4,0.5288461538461539,0.9487179487179487,0.8970414201183432,0.5003092692409649,0.69376026272578,0.7387820512820513,0.4834865841011593,0.708326081874937,0.5913978494623656,0.5583756345177665,0.5013107913585394
0.20999999999999996,0.5,2,4,0.5688073394495413,0.9434954007884363,0.896551724137931,0.5204850266397208,0.7142857142857143,0.7561513701189888,0.4337494825345324,0.7325756675629823,0.5904761904761905,0.5794392523364486,0.5206032669402569
0.20999999999999996,0.5,3,4,0.40540540540540543,0.956338028169014,0.881851400730816,0.417240496139914,0.674055829228243,0.6808717167872098,0.48861907905810165,0.6226593017168098,0.5921052631578947,0.48128342245989303,0.426782288349832
0.20999999999999996,0.5,4,4,0.44680851063829785,0.9633649932157394,0.9049338146811071,0.4640066622578196,0.6822660098522167,0.7050867519270188,0.5170058893626284,0.6560790179694809,0.6086956521739131,0.5153374233128835,0.4708290407889068
0.20999999999999996,0.5,5,4,0.5980392156862745,0.9543010752688172,0.9113475177304965,0.5691937915020167,0.695152013147083,0.7761701454775458,0.5583748961221766,0.7554531531354753,0.6421052631578947,0.6192893401015228,0.5696544664676084
0.21999999999999995,0.5,1,4,0.5096153846153846,0.9487179487179487,0.8946745562130177,0.48435689455388176,0.69376026272578,0.7291666666666666,0.4888028534378614,0.6953281688004709,0.5824175824175825,0.5435897435897435,0.4857366217215303
0.21999999999999995,0.5,2,4,0.5596330275229358,0.9474375821287779,0.8988505747126436,0.5235309493284871,0.7142857142857143,0.7535353048258568,0.4389411412481132,0.7281602587863046,0.6039603960396039,0.580952380952381,0.5240227714256792
0.21999999999999995,0.5,3,4,0.40540540540540543,0.9605633802816902,0.8855054811205847,0.42773880674487247,0.674055829228243,0.6829843928435478,0.4875374187079178,0.6240333217070105,0.6164383561643836,0.4891304347826087,0.4396655924830254
0.21999999999999995,0.5,4,4,0.44680851063829785,0.9647218453188603,0.9061371841155235,0.4679984897979283,0.6822660098522167,0.7057651779785791,0.5181897460235699,0.6565408828756594,0.6176470588235294,0.5185185185185185,0.47553536588748924
0.21999999999999995,0.5,5,4,0.5980392156862745,0.9543010752688172,0.9113475177304965,0.5691937915020167,0.695152013147083,0.7761701454775458,0.5642720130603772,0.7554531531354753,0.6421052631578947,0.6192893401015228,0.5696544664676084
0.22999999999999995,0.5,1,4,0.5096153846153846,0.9500674763832658,0.8958579881656805,0.48791405550581934,0.69376026272578,0.7298414304993253,0.48505775905644266,0.695822536562036,0.5888888888888889,0.5463917525773195,0.4895413202245239
0.22999999999999995,0.5,2,4,0.5412844036697247,0.9487516425755584,0.8977011494252873,0.5121782190693395,0.7142857142857143,0.7450180231226415,0.4406186656391014,0.7166201693241566,0.6020408163265306,0.5700483091787439,0.513111698769596
0.22999999999999995,0.5,3,4,0.38738738738738737,0.9605633802816902,0.8830694275274056,0.41032470447403857,0.674055829228243,0.6739753838345388,0.48904252364835354,0.6100083100313646,0.6056338028169014,0.4725274725274725,0.42330037839319323
0.22999999999999995,0.5,4,4,0.43617021276595747,0.9647218453188603,0.9049338146811071,0.4583192375923099,0.6822660098522167,0.7004460290424088,0.5225086926557921,0.6486778341616849,0.6119402985074627,0.5093167701863354,0.4663812077942485
0.22999999999999995,0.5,5,4,0.5980392156862745,0.9556451612903226,0.9125295508274232,0.5730769230769229,0.695152013147083,0.7768421884882986,0.5655654069870234,0.7559849752028461,0.648936170212766,0.6224489795918368,0.5736882777588806
0.23999999999999994,0.5,1,4,0.5096153846153846,0.9527665317139001,0.8982248520710059,0.4951228323699419,0.69376026272578,0.7311909581646423,0.48570439512324143,0.6968102198648103,0.6022727272727273,0.5520833333333334,0.4973216185231961
0.23999999999999994,0.5,2,4,0.5137614678899083,0.9487516425755584,0.8942528735632184,0.4894431332525355,0.7142857142857143,0.7312565552327334,0.44264273010136984,0.6981633308564554,0.5894736842105263,0.5490196078431373,0.4909270601392977
0.23999999999999994,0.5,3,4,0.38738738738738737,0.9619718309859155,0.8842874543239951,0.4138402687489199,0.674055829228243,0.6746796091866515,0.4894499233126556,0.6104553663830757,0.6142857142857143,0.47513812154696133,0.42775380607628466
0.23999999999999994,0.5,4,4,0.43617021276595747,0.9674355495251018,0.9073405535499398,0.4663703308342157,0.6822660098522167,0.7018028811455297,0.5197452020330243,0.6495895392274376,0.6307692307692307,0.5157232704402516,0.476084415988619
0.23999999999999994,0.5,5,4,0.6078431372549019,0.9556451612903226,0.9137115839243499,0.5806819570619629,0.695152013147083,0.7817441492726123,0.5668837153955246,0.7621563835205846,0.6526315789473685,0.6294416243654822,0.5811519299333875
0.24999999999999992,0.5,1,4,0.5,0.951417004048583,0.8958579881656805,0.4833815028901735,0.69376026272578,0.7257085020242915,0.48545764085954357,0.68971624747014,0.5909090909090909,0.5416666666666666,0.48552814708795067
0.24999999999999992,0.5,2,4,0.46788990825688076,0.9487516425755584,0.8885057471264368,0.45026382646081703,0.7142857142857143,0.7083207754162196,0.44407781353350384,0.666266702607329,0.5666666666666667,0.5125628140703518,0.4528971631726304
0.24999999999999992,0.5,3,4,0.3963963963963964,0.9619718309859155,0.8855054811205847,0.42260960646416307,0.674055829228243,0.6791841136911559,0.4898071822606692,0.6175128883170458,0.6197183098591549,0.4835164835164835,0.43597376511410385
0.24999999999999992,0.5,4,4,0.43617021276595747,0.9687924016282226,0.9085439229843562,0.4704609863666087,0.6822660098522167,0.70248130719709,0.5242805893227307,0.6500449122516264,0.640625,0.5189873417721519,0.4810884531942845
0.24999999999999992,0.5,5,4,0.6078431372549019,0.956989247311828,0.9148936170212766,0.5846153846153845,0.695152013147083,0.782416192283365,0.5681105680118592,0.7626921701481068,0.6595744680851063,0.6326530612244898,0.5852390484520125
0.2599999999999999,0.5,1,4,0.4807692307692308,0.9527665317139001,0.8946745562130177,0.4704805491990845,0.69376026272578,0.7167678812415654,0.48617151420405325,0.6768019153007472,0.5882352941176471,0.5291005291005291,0.47351576525684014
0.2599999999999999,0.5,2,4,0.45871559633027525,0.9487516425755584,0.8873563218390804,0.4422274267620928,0.7142857142857143,0.7037336194529169,0.4460556627664771,0.6597023385538173,0.5617977528089888,0.5050505050505051,0.4451206612931779
0.2599999999999999,0.5,3,4,0.3963963963963964,0.9619718309859155,0.8855054811205847,0.42260960646416307,0.674055829228243,0.6791841136911559,0.4888049173990513,0.6175128883170458,0.6197183098591549,0.4835164835164835,0.43597376511410385
0.2599999999999999,0.5,4,4,0.4148936170212766,0.9687924016282226,0.9061371841155235,0.4506017969147312,0.6822660098522167,0.6918430093247496,0.5201154961855154,0.6339919428938057,0.6290322580645161,0.5,0.4625030808876615
0.2599999999999999,0.5,5,4,0.5882352941176471,0.9596774193548387,0.9148936170212766,0.5772113943028486,0.695152013147083,0.7739563567362429,0.5656818950752074,0.7513428837969107,0.6666666666666666,0.625,0.578649762051342
0.2699999999999999,0.5,1,4,0.4807692307692308,0.9527665317139001,0.8946745562130177,0.4704805491990845,0.69376026272578,0.7167678812415654,0.48616333088413444,0.6768019153007472,0.5882352941176471,0.5291005291005291,0.47351576525684014
0.2699999999999999,0.5,2,4,0.44954128440366975,0.9487516425755584,0.8862068965517241,0.43412217652392143,0.7142857142857143,0.6991464634896141,0.4465684112042423,0.6530719960184389,0.5568181818181818,0.49746192893401014,0.4372838709772419
0.2699999999999999,0.5,3,4,0.38738738738738737,0.9619718309859155,0.8842874543239951,0.4138402687489199,0.674055829228243,0.6746796091866515,0.48827226192617235,0.6104553663830757,0.6142857142857143,0.47513812154696133,0.42775380607628466
0.2699999999999999,0.5,4,4,0.40425531914893614,0.9687924016282226,0.9049338146811071,0.44050896136768447,0.6822660098522167,0.6865238603885794,0.520037394363803,0.6258110589541235,0.6229508196721312,0.49032258064516127,0.45305589070853436
0.2699999999999999,0.5,5,4,0.5784313725490197,0.9596774193548387,0.9137115839243499,0.5694206233005651,0.695152013147083,0.7690543959519291,0.5689614727653307,0.7450553851102081,0.6629213483146067,0.6178010471204188,0.5711020228150824
0.2799999999999999,0.5,1,4,0.46153846153846156,0.9541160593792173,0.893491124260355,0.4572276860270923,0.69376026272578,0.7078272604588394,0.4815892826903045,0.6635972107950902,0.5853658536585366,0.5161290322580645,0.46130598265705014
0.2799999999999999,0.5,2,4,0.44954128440366975,0.9487516425755584,0.8862068965517241,0.43412217652392143,0.7142857142857143,0.6991464634896141,0.4434083990863613,0.6530719960184389,0.5568181818181818,0.49746192893401014,0.4372838709772419
0.2799999999999999,0.5,3,4,0.38738738738738737,0.9619718309859155,0.8842874543239951,0.4138402687489199,0.674055829228243,0.6746796091866515,0.48750341351083115,0.6104553663830757,0.6142857142857143,0.47513812154696133,0.42775380607628466
0.2799999999999999,0.5,4,4,0.39361702127659576,0.9687924016282226,0.9037304452466908,0.43030489999485844,0.6822660098522167,0.6812047114524091,0.5190233921608249,0.6175218047683015,0.6166666666666667,0.4805194805194805,0.44350072858732187
0.2799999999999999,0.5,5,4,0.5784313725490197,0.9596774193548387,0.9137115839243499,0.5694206233005651,0.695152013147083,0.7690543959519291,0.5682910126264957,0.7450553851102081,0.6629213483146067,0.6178010471204188,0.5711020228150824
0.2899999999999999,0.5,1,4,0.46153846153846156,0.9541160593792173,0.893491124260355,0.4572276860270923,0.69376026272578,0.7078272604588394,0.427406506694631,0.6635972107950902,0.5853658536585366,0.5161290322580645,0.46130598265705014
0.2899999999999999,0.5,2,4,0.44954128440366975,0.9474375821287779,0.8850574712643678,0.43084431302254406,0.7142857142857143,0.6984894332662238,0.44798602305911683,0.6526195733828998,0.550561797752809,0.494949494949495,0.43366307452063835
0.2899999999999999,0.5,3,4,0.38738738738738737,0.9619718309859155,0.8842874543239951,0.4138402687489199,0.674055829228243,0.6746796091866515,0.4876485762576951,0.6104553663830757,0.6142857142857143,0.47513812154696133,0.42775380607628466
0.2899999999999999,0.5,4,4,0.39361702127659576,0.9687924016282226,0.9037304452466908,0.43030489999485844,0.6822660098522167,0.6812047114524091,0.5188964055980229,0.6175218047683015,0.6166666666666667,0.4805194805194805,0.44350072858732187
0.2899999999999999,0.5,5,4,0.5686274509803921,0.9610215053763441,0.9137115839243499,0.5655312143852097,0.695152013147083,0.7648244781783682,0.5675131830385309,0.7392314988821092,0.6666666666666666,0.6137566137566137,0.5677983946021651
0.29999999999999993,0.5,1,4,0.4519230769230769,0.9541160593792173,0.8923076923076924,0.4486904650946038,0.69376026272578,0.7030195681511471,0.42737328250528783,0.656648357415426,0.5802469135802469,0.5081081081081081,0.4531108692814055
0.29999999999999993,0.5,2,4,0.44954128440366975,0.9474375821287779,0.8850574712643678,0.43084431302254406,0.7142857142857143,0.6984894332662238,0.4485059140513706,0.6526195733828998,0.550561797752809,0.494949494949495,0.43366307452063835
0.29999999999999993,0.5,3,4,0.38738738738738737,0.9619718309859155,0.8842874543239951,0.4138402687489199,0.674055829228243,0.6746796091866515,0.48776266659087336,0.6104553663830757,0.6142857142857143,0.47513812154696133,0.42775380607628466
0.29999999999999993,0.5,4,4,0.3829787234042553,0.9687924016282226,0.9025270758122743,0.41998776400030974,0.6822660098522167,0.675885562516239,0.512572175065398,0.609119756057312,0.6101694915254238,0.47058823529411764,0.4338336177718961
0.29999999999999993,0.5,5,4,0.5686274509803921,0.9610215053763441,0.9137115839243499,0.5655312143852097,0.695152013147083,0.7648244781783682,0.5675261197266359,0.7392314988821092,0.6666666666666666,0.6137566137566137,0.5677983946021651
0.30999999999999994,0.5,1,4,0.4423076923076923,0.9541160593792173,0.8911242603550296,0.44007490636704105,0.69376026272578,0.6982118758434548,0.48508546881225584,0.649625178405002,0.575,0.5,0.44484604104041603
0.30999999999999994,0.5,2,4,0.44954128440366975,0.9474375821287779,0.8850574712643678,0.43084431302254406,0.7142857142857143,0.6984894332662238,0.44879000318292184,0.6526195733828998,0.550561797752809,0.494949494949495,0.43366307452063835
0.30999999999999994,0.5,3,4,0.3783783783783784,0.9619718309859155,0.8830694275274056,0.40499162023825686,0.674055829228243,0.6701751046821469,0.48796923792919056,0.6033152919113937,0.6086956521739131,0.4666666666666667,0.41945291818498376
0.30999999999999994,0.5,4,4,0.3829787234042553,0.9687924016282226,0.9025270758122743,0.41998776400030974,0.6822660098522167,0.675885562516239,0.5194998975110855,0.609119756057312,0.6101694915254238,0.47058823529411764,0.4338336177718961
0.30999999999999994,0.5,5,4,0.5784313725490197,0.9623655913978495,0.9160756501182034,0.577434468785615,0.695152013147083,0.7703984819734346,0.5649200445241548,0.7460981503302411,0.6781609195402298,0.6243386243386243,0.5797493684249603
0.3199999999999999,0.5,1,4,0.4423076923076923,0.9541160593792173,0.8911242603550296,0.44007490636704105,0.69376026272578,0.6982118758434548,0.4818750009631711,0.649625178405002,0.575,0.5,0.44484604104041603
0.3199999999999999,0.5,2,4,0.44036697247706424,0.9474375821287779,0.8839080459770114,0.42269030130218227,0.7142857142857143,0.6939022773029211,0.42016670771590997,0.6459258623503473,0.5454545454545454,0.4873096446700508,0.4257687378653646
0.3199999999999999,0.5,3,4,0.36936936936936937,0.9619718309859155,0.881851400730816,0.3960625801020754,0.674055829228243,0.6656706001776425,0.4876839276598771,0.5960896984199318,0.6029411764705882,0.4581005586592179,0.4110684642961948
0.3199999999999999,0.5,4,4,0.39361702127659576,0.9687924016282226,0.9037304452466908,0.43030489999485844,0.6822660098522167,0.6812047114524091,0.514486216398121,0.6175218047683015,0.6166666666666667,0.4805194805194805,0.44350072858732187
0.3199999999999999,0.5,5,4,0.5686274509803921,0.9623655913978495,0.9148936170212766,0.5695386702849389,0.695152013147083,0.7654965211891208,0.5700191487912356,0.7397482633624743,0.6744186046511628,0.6170212765957447,0.5721624631752177
0.32999999999999985,0.5,1,4,0.4519230769230769,0.9541160593792173,0.8923076923076924,0.4486904650946038,0.69376026272578,0.7030195681511471,0.4862901107045251,0.656648357415426,0.5802469135802469,0.5081081081081081,0.4531108692814055
0.32999999999999985,0.5,2,4,0.44036697247706424,0.9487516425755584,0.8850574712643678,0.42594718714121726,0.7142857142857143,0.6945593075263113,0.4500758009267064,0.6463736446310605,0.5517241379310345,0.4897959183673469,0.4293852063218706
0.32999999999999985,0.5,3,4,0.36936936936936937,0.9619718309859155,0.881851400730816,0.3960625801020754,0.674055829228243,0.6656706001776425,0.48746626931939696,0.5960896984199318,0.6029411764705882,0.4581005586592179,0.4110684642961948
0.32999999999999985,0.5,4,4,0.39361702127659576,0.9687924016282226,0.9037304452466908,0.43030489999485844,0.6822660098522167,0.6812047114524091,0.5078894888192947,0.6175218047683015,0.6166666666666667,0.4805194805194805,0.44350072858732187
0.32999999999999985,0.5,5,4,0.5686274509803921,0.9623655913978495,0.9148936170212766,0.5695386702849389,0.695152013147083,0.7654965211891208,0.5696509958304775,0.7397482633624743,0.6744186046511628,0.6170212765957447,0.5721624631752177
0.33999999999999986,0.5,1,4,0.4519230769230769,0.9541160593792173,0.8923076923076924,0.4486904650946038,0.69376026272578,0.7030195681511471,0.4286902389106123,0.656648357415426,0.5802469135802469,0.5081081081081081,0.4531108692814055
0.33999999999999986,0.5,2,4,0.44036697247706424,0.9487516425755584,0.8850574712643678,0.42594718714121726,0.7142857142857143,0.6945593075263113,0.4185442154449741,0.6463736446310605,0.5517241379310345,0.4897959183673469,0.4293852063218706
0.33999999999999986,0.5,3,4,0.36936936936936937,0.9633802816901409,0.8830694275274056,0.3995611896635788,0.674055829228243,0.6663748255297551,0.48748469964050434,0.5965259148693984,0.6119402985074627,0.4606741573033708,0.4156092436150726
0.33999999999999986,0.5,4,4,0.39361702127659576,0.9687924016282226,0.9037304452466908,0.43030489999485844,0.6822660098522167,0.6812047114524091,0.510740908433174,0.6175218047683015,0.6166666666666667,0.4805194805194805,0.44350072858732187
0.33999999999999986,0.5,5,4,0.5490196078431373,0.9637096774193549,0.9137115839243499,0.5575377208442595,0.695152013147083,0.756364642631246,0.5673911817147881,0.7273895168143479,0.6746987951807228,0.6054054054054054,0.5612719802741131
0.34999999999999987,0.5,1,4,0.4519230769230769,0.9541160593792173,0.8923076923076924,0.4486904650946038,0.69376026272578,0.7030195681511471,0.4862066958579234,0.656648357415426,0.5802469135802469,0.5081081081081081,0.4531108692814055
0.34999999999999987,0.5,2,4,0.43119266055045874,0.9500657030223391,0.8850574712643678,0.42096505823627317,0.7142857142857143,0.6906291817863989,0.4455927700554382,0.6400479342861317,0.5529411764705883,0.4845360824742268,0.4250897817668682
0.34999999999999987,0.5,3,4,0.36936936936936937,0.9633802816901409,0.8830694275274056,0.3995611896635788,0.674055829228243,0.6663748255297551,0.4870966459960999,0.5965259148693984,0.6119402985074627,0.4606741573033708,0.4156092436150726
0.34999999999999987,0.5,4,4,0.40425531914893614,0.9687924016282226,0.9049338146811071,0.44050896136768447,0.6822660098522167,0.6865238603885794,0.5101807498268961,0.6258110589541235,0.6229508196721312,0.49032258064516127,0.45305589070853436
0.34999999999999987,0.5,5,4,0.5490196078431373,0.9637096774193549,0.9137115839243499,0.5575377208442595,0.695152013147083,0.756364642631246,0.5665629188324339,0.7273895168143479,0.6746987951807228,0.6054054054054054,0.5612719802741131
0.3599999999999999,0.5,1,4,0.4519230769230769,0.9541160593792173,0.8923076923076924,0.4486904650946038,0.69376026272578,0.7030195681511471,0.42840718061389016,0.656648357415426,0.5802469135802469,0.5081081081081081,0.4531108692814055
0.3599999999999999,0.5,2,4,0.44036697247706424,0.9513797634691196,0.8873563218390804,0.43254575707154735,0.7142857142857143,0.695873367973092,0.4484635167025621,0.6472682798614819,0.5647058823529412,0.4948453608247423,0.4367839512573718
0.3599999999999999,0.5,3,4,0.36036036036036034,0.9633802816901409,0.881851400730816,0.3905253893544557,0.674055829228243,0.6618703210252506,0.4867035640515726,0.5892063012849783,0.6060606060606061,0.4519774011299435,0.407138754613532
0.3599999999999999,0.5,4,4,0.40425531914893614,0.9687924016282226,0.9049338146811071,0.44050896136768447,0.6822660098522167,0.6865238603885794,0.5078543730355808,0.6258110589541235,0.6229508196721312,0.49032258064516127,0.45305589070853436
0.3599999999999999,0.5,5,4,0.5490196078431373,0.9637096774193549,0.9137115839243499,0.5575377208442595,0.695152013147083,0.756364642631246,0.5662300698962301,0.7273895168143479,0.6746987951807228,0.6054054054054054,0.5612719802741131
0.3699999999999999,0.5,1,4,0.4519230769230769,0.9541160593792173,0.8923076923076924,0.4486904650946038,0.69376026272578,0.7030195681511471,0.4854943586594968,0.656648357415426,0.5802469135802469,0.5081081081081081,0.4531108692814055
0.3699999999999999,0.5,2,4,0.44036697247706424,0.9513797634691196,0.8873563218390804,0.43254575707154735,0.7142857142857143,0.695873367973092,0.4443645087946926,0.6472682798614819,0.5647058823529412,0.4948453608247423,0.4367839512573718
0.3699999999999999,0.5,3,4,0.36036036036036034,0.9633802816901409,0.881851400730816,0.3905253893544557,0.674055829228243,0.6618703210252506,0.48629534851329914,0.5892063012849783,0.6060606060606061,0.4519774011299435,0.407138754613532
0.3699999999999999,0.5,4,4,0.40425531914893614,0.9687924016282226,0.9049338146811071,0.44050896136768447,0.6822660098522167,0.6865238603885794,0.5073324610263956,0.6258110589541235,0.6229508196721312,0.49032258064516127,0.45305589070853436
0.3699999999999999,0.5,5,4,0.5490196078431373,0.9637096774193549,0.9137115839243499,0.5575377208442595,0.695152013147083,0.756364642631246,0.565471993330703,0.7273895168143479,0.6746987951807228,0.6054054054054054,0.5612719802741131
0.3799999999999999,0.5,1,4,0.4519230769230769,0.9541160593792173,0.8923076923076924,0.4486904650946038,0.69376026272578,0.7030195681511471,0.485093812335585,0.656648357415426,0.5802469135802469,0.5081081081081081,0.4531108692814055
0.3799999999999999,0.5,2,4,0.43119266055045874,0.9526938239159002,0.8873563218390804,0.42757777986652873,0.7142857142857143,0.6919432422331795,0.44391353225018176,0.6409325897661058,0.5662650602409639,0.4895833333333333,0.43259548970826084
0.3799999999999999,0.5,3,4,0.36036036036036034,0.9633802816901409,0.881851400730816,0.3905253893544557,0.674055829228243,0.6618703210252506,0.4860997672593612,0.5892063012849783,0.6060606060606061,0.4519774011299435,0.407138754613532
0.3799999999999999,0.5,4,4,0.40425531914893614,0.9701492537313433,0.9061371841155235,0.44454727749498674,0.6822660098522167,0.6872022864401397,0.5064483108679239,0.6262491486535262,0.6333333333333333,0.4935064935064935,0.45817986609702294
0.3799999999999999,0.5,5,4,0.5490196078431373,0.9637096774193549,0.9137115839243499,0.5575377208442595,0.695152013147083,0.756364642631246,0.5677910716713764,0.7273895168143479,0.6746987951807228,0.6054054054054054,0.5612719802741131
0.3899999999999999,0.5,1,4,0.4519230769230769,0.9541160593792173,0.8923076923076924,0.4486904650946038,0.69376026272578,0.7030195681511471,0.4848975925115369,0.656648357415426,0.5802469135802469,0.5081081081081081,0.4531108692814055
0.3899999999999999,0.5,2,4,0.43119266055045874,0.9526938239159002,0.8873563218390804,0.42757777986652873,0.7142857142857143,0.6919432422331795,0.44341093144554145,0.6409325897661058,0.5662650602409639,0.4895833333333333,0.43259548970826084
0.3899999999999999,0.5,3,4,0.35135135135135137,0.9633802816901409,0.8806333739342266,0.38140636292343905,0.674055829228243,0.6573658165207461,0.4857279337288838,0.5817946062289308,0.6,0.4431818181818182,0.39857814614307246
0.3899999999999999,0.5,4,4,0.40425531914893614,0.9701492537313433,0.9061371841155235,0.44454727749498674,0.6822660098522167,0.6872022864401397,0.5057636770420533,0.6262491486535262,0.6333333333333333,0.4935064935064935,0.45817986609702294
0.3899999999999999,0.5,5,4,0.5490196078431373,0.9650537634408602,0.9148936170212766,0.5615823112800139,0.695152013147083,0.7570366856419988,0.5654142564346337,0.7278965852041379,0.6829268292682927,0.6086956521739131,0.5657936336160304
0.3999999999999998,0.5,1,4,0.4519230769230769,0.9541160593792173,0.8923076923076924,0.4486904650946038,0.69376026272578,0.7030195681511471,0.4811721470024718,0.656648357415426,0.5802469135802469,0.5081081081081081,0.4531108692814055
0.3999999999999998,0.5,2,4,0.43119266055045874,0.9526938239159002,0.8873563218390804,0.42757777986652873,0.7142857142857143,0.6919432422331795,0.4387833622216982,0.6409325897661058,0.5662650602409639,0.4895833333333333,0.43259548970826084
0.3999999999999998,0.5,3,4,0.35135135135135137,0.9633802816901409,0.8806333739342266,0.38140636292343905,0.674055829228243,0.6573658165207461,0.4852818398311559,0.5817946062289308,0.6,0.4431818181818182,0.39857814614307246
0.3999999999999998,0.5,4,4,0.40425531914893614,0.9701492537313433,0.9061371841155235,0.44454727749498674,0.6822660098522167,0.6872022864401397,0.5051230075711878,0.6262491486535262,0.6333333333333333,0.4935064935064935,0.45817986609702294
0.3999999999999998,0.5,5,4,0.5490196078431373,0.9650537634408602,0.9148936170212766,0.5615823112800139,0.695152013147083,0.7570366856419988,0.5657329892457961,0.7278965852041379,0.6829268292682927,0.6086956521739131,0.5657936336160304
0.4099999999999998,0.5,1,4,0.4519230769230769,0.9541160593792173,0.8923076923076924,0.4486904650946038,0.69376026272578,0.7030195681511471,0.48513029156305426,0.656648357415426,0.5802469135802469,0.5081081081081081,0.4531108692814055
0.4099999999999998,0.5,2,4,0.43119266055045874,0.9526938239159002,0.8873563218390804,0.42757777986652873,0.7142857142857143,0.6919432422331795,0.4428056434791444,0.6409325897661058,0.5662650602409639,0.4895833333333333,0.43259548970826084
0.4099999999999998,0.5,3,4,0.35135135135135137,0.9633802816901409,0.8806333739342266,0.38140636292343905,0.674055829228243,0.6573658165207461,0.4852130207114948,0.5817946062289308,0.6,0.4431818181818182,0.39857814614307246
0.4099999999999998,0.5,4,4,0.40425531914893614,0.9701492537313433,0.9061371841155235,0.44454727749498674,0.6822660098522167,0.6872022864401397,0.504403380936315,0.6262491486535262,0.6333333333333333,0.4935064935064935,0.45817986609702294
0.4099999999999998,0.5,5,4,0.5392156862745098,0.9650537634408602,0.9137115839243499,0.5534296498763505,0.695152013147083,0.7521347248576851,0.56583106511553,0.7213682328364355,0.6790123456790124,0.6010928961748634,0.5580536906035009
0.4199999999999998,0.5,1,4,0.46153846153846156,0.9541160593792173,0.893491124260355,0.4572276860270923,0.69376026272578,0.7078272604588394,0.48483318424320027,0.6635972107950902,0.5853658536585366,0.5161290322580645,0.46130598265705014
0.4199999999999998,0.5,2,4,0.43119266055045874,0.9526938239159002,0.8873563218390804,0.42757777986652873,0.7142857142857143,0.6919432422331795,0.4419976646554634,0.6409325897661058,0.5662650602409639,0.4895833333333333,0.43259548970826084
0.4199999999999998,0.5,3,4,0.35135135135135137,0.9633802816901409,0.8806333739342266,0.38140636292343905,0.674055829228243,0.6573658165207461,0.48473570523566534,0.5817946062289308,0.6,0.4431818181818182,0.39857814614307246
0.4199999999999998,0.5,4,4,0.40425531914893614,0.9701492537313433,0.9061371841155235,0.44454727749498674,0.6822660098522167,0.6872022864401397,0.50385976705128,0.6262491486535262,0.6333333333333333,0.4935064935064935,0.45817986609702294
0.4199999999999998,0.5,5,4,0.5392156862745098,0.9650537634408602,0.9137115839243499,0.5534296498763505,0.695152013147083,0.7521347248576851,0.5649505955029547,0.7213682328364355,0.6790123456790124,0.6010928961748634,0.5580536906035009
0.4299999999999998,0.5,1,4,0.47115384615384615,0.9541160593792173,0.8946745562130177,0.4656876327699268,0.69376026272578,0.7126349527665317,0.48487655491345244,0.6704740495005528,0.5903614457831325,0.5240641711229946,0.46943329865880423
0.4299999999999998,0.5,2,4,0.43119266055045874,0.9526938239159002,0.8873563218390804,0.42757777986652873,0.7142857142857143,0.6919432422331795,0.4417238998776343,0.6409325897661058,0.5662650602409639,0.4895833333333333,0.43259548970826084
0.4299999999999998,0.5,3,4,0.35135135135135137,0.9633802816901409,0.8806333739342266,0.38140636292343905,0.674055829228243,0.6573658165207461,0.4843027140911381,0.5817946062289308,0.6,0.4431818181818182,0.39857814614307246
0.4299999999999998,0.5,4,4,0.40425531914893614,0.9701492537313433,0.9061371841155235,0.44454727749498674,0.6822660098522167,0.6872022864401397,0.5025179359405709,0.6262491486535262,0.6333333333333333,0.4935064935064935,0.45817986609702294
0.4299999999999998,0.5,5,4,0.5392156862745098,0.9650537634408602,0.9137115839243499,0.5534296498763505,0.695152013147083,0.7521347248576851,0.5648053388158397,0.7213682328364355,0.6790123456790124,0.6010928961748634,0.5580536906035009
0.43999999999999984,0.5,1,4,0.47115384615384615,0.9541160593792173,0.8946745562130177,0.4656876327699268,0.69376026272578,0.7126349527665317,0.48399617809156015,0.6704740495005528,0.5903614457831325,0.5240641711229946,0.46943329865880423
0.43999999999999984,0.5,2,4,0.43119266055045874,0.9526938239159002,0.8873563218390804,0.42757777986652873,0.7142857142857143,0.6919432422331795,0.4414098581422856,0.6409325897661058,0.5662650602409639,0.4895833333333333,0.43259548970826084
0.43999999999999984,0.5,3,4,0.35135135135135137,0.9633802816901409,0.8806333739342266,0.38140636292343905,0.674055829228243,0.6573658165207461,0.4842987095308322,0.5817946062289308,0.6,0.4431818181818182,0.39857814614307246
0.43999999999999984,0.5,4,4,0.40425531914893614,0.9701492537313433,0.9061371841155235,0.44454727749498674,0.6822660098522167,0.6872022864401397,0.4971651666281428,0.6262491486535262,0.6333333333333333,0.4935064935064935,0.45817986609702294
0.43999999999999984,0.5,5,4,0.5392156862745098,0.9650537634408602,0.9137115839243499,0.5534296498763505,0.695152013147083,0.7521347248576851,0.5660785025715875,0.7213682328364355,0.6790123456790124,0.6010928961748634,0.5580536906035009
0.44999999999999984,0.5,1,4,0.47115384615384615,0.9541160593792173,0.8946745562130177,0.4656876327699268,0.69376026272578,0.7126349527665317,0.48678405481690956,0.6704740495005528,0.5903614457831325,0.5240641711229946,0.46943329865880423
0.44999999999999984,0.5,2,4,0.43119266055045874,0.9526938239159002,0.8873563218390804,0.42757777986652873,0.7142857142857143,0.6919432422331795,0.4367987188501866,0.6409325897661058,0.5662650602409639,0.4895833333333333,0.43259548970826084
0.44999999999999984,0.5,3,4,0.35135135135135137,0.9633802816901409,0.8806333739342266,0.38140636292343905,0.674055829228243,0.6573658165207461,0.48423971880467076,0.5817946062289308,0.6,0.4431818181818182,0.39857814614307246
0.44999999999999984,0.5,4,4,0.40425531914893614,0.9701492537313433,0.9061371841155235,0.44454727749498674,0.6822660098522167,0.6872022864401397,0.5057356662763373,0.6262491486535262,0.6333333333333333,0.4935064935064935,0.45817986609702294
0.44999999999999984,0.5,5,4,0.5392156862745098,0.9650537634408602,0.9137115839243499,0.5534296498763505,0.695152013147083,0.7521347248576851,0.5634972014247797,0.7213682328364355,0.6790123456790124,0.6010928961748634,0.5580536906035009
0.45999999999999985,0.5,1,4,0.47115384615384615,0.9541160593792173,0.8946745562130177,0.4656876327699268,0.69376026272578,0.7126349527665317,0.48057954157452243,0.6704740495005528,0.5903614457831325,0.5240641711229946,0.46943329865880423
0.45999999999999985,0.5,2,4,0.43119266055045874,0.9513797634691196,0.8862068965517241,0.42425700878353984,0.7142857142857143,0.6912862120097891,0.4411627667582,0.6404904147636526,0.5595238095238095,0.48704663212435234,0.42881337612631887
0.45999999999999985,0.5,3,4,0.35135135135135137,0.9633802816901409,0.8806333739342266,0.38140636292343905,0.674055829228243,0.6573658165207461,0.4835407076563003,0.5817946062289308,0.6,0.4431818181818182,0.39857814614307246
0.45999999999999985,0.5,4,4,0.40425531914893614,0.9701492537313433,0.9061371841155235,0.44454727749498674,0.6822660098522167,0.6872022864401397,0.5016563478924594,0.6262491486535262,0.6333333333333333,0.4935064935064935,0.45817986609702294
0.45999999999999985,0.5,5,4,0.5392156862745098,0.9650537634408602,0.9137115839243499,0.5534296498763505,0.695152013147083,0.7521347248576851,0.5632846338808836,0.7213682328364355,0.6790123456790124,0.6010928961748634,0.5580536906035009
0.46999999999999986,0.5,1,4,0.47115384615384615,0.9541160593792173,0.8946745562130177,0.4656876327699268,0.69376026272578,0.7126349527665317,0.47975685423739334,0.6704740495005528,0.5903614457831325,0.5240641711229946,0.46943329865880423
0.46999999999999986,0.5,2,4,0.43119266055045874,0.9513797634691196,0.8862068965517241,0.42425700878353984,0.7142857142857143,0.6912862120097891,0.4126060737059841,0.6404904147636526,0.5595238095238095,0.48704663212435234,0.42881337612631887
0.46999999999999986,0.5,3,4,0.35135135135135137,0.9633802816901409,0.8806333739342266,0.38140636292343905,0.674055829228243,0.6573658165207461,0.4827323665287011,0.5817946062289308,0.6,0.4431818181818182,0.39857814614307246
0.46999999999999986,0.5,4,4,0.39361702127659576,0.9701492537313433,0.9049338146811071,0.43430905377808027,0.6822660098522167,0.6818831375039696,0.5007992546672427,0.6179540916989252,0.6271186440677966,0.48366013071895425,0.4486270415047006
0.46999999999999986,0.5,5,4,0.5392156862745098,0.9650537634408602,0.9137115839243499,0.5534296498763505,0.695152013147083,0.7521347248576851,0.5655341308043157,0.7213682328364355,0.6790123456790124,0.6010928961748634,0.5580536906035009
0.47999999999999976,0.5,1,4,0.47115384615384615,0.9541160593792173,0.8946745562130177,0.4656876327699268,0.69376026272578,0.7126349527665317,0.483872944528187,0.6704740495005528,0.5903614457831325,0.5240641711229946,0.46943329865880423
0.47999999999999976,0.5,2,4,0.43119266055045874,0.9513797634691196,0.8862068965517241,0.42425700878353984,0.7142857142857143,0.6912862120097891,0.4123845568221227,0.6404904147636526,0.5595238095238095,0.48704663212435234,0.42881337612631887
0.47999999999999976,0.5,3,4,0.35135135135135137,0.9633802816901409,0.8806333739342266,0.38140636292343905,0.674055829228243,0.6573658165207461,0.48220065850819205,0.5817946062289308,0.6,0.4431818181818182,0.39857814614307246
0.47999999999999976,0.5,4,4,0.39361702127659576,0.9701492537313433,0.9049338146811071,0.43430905377808027,0.6822660098522167,0.6818831375039696,0.5001370570922771,0.6179540916989252,0.6271186440677966,0.48366013071895425,0.4486270415047006
0.47999999999999976,0.5,5,4,0.5392156862745098,0.9650537634408602,0.9137115839243499,0.5534296498763505,0.695152013147083,0.7521347248576851,0.5596551875857215,0.7213682328364355,0.6790123456790124,0.6010928961748634,0.5580536906035009
0.48999999999999977,0.5,1,4,0.47115384615384615,0.9541160593792173,0.8946745562130177,0.4656876327699268,0.69376026272578,0.7126349527665317,0.48354119765474646,0.6704740495005528,0.5903614457831325,0.5240641711229946,0.46943329865880423
0.48999999999999977,0.5,2,4,0.43119266055045874,0.9513797634691196,0.8862068965517241,0.42425700878353984,0.7142857142857143,0.6912862120097891,0.4116910500585642,0.6404904147636526,0.5595238095238095,0.48704663212435234,0.42881337612631887
0.48999999999999977,0.5,3,4,0.35135135135135137,0.9633802816901409,0.8806333739342266,0.38140636292343905,0.674055829228243,0.6573658165207461,0.481722841159659,0.5817946062289308,0.6,0.4431818181818182,0.39857814614307246
0.48999999999999977,0.5,4,4,0.39361702127659576,0.9701492537313433,0.9049338146811071,0.43430905377808027,0.6822660098522167,0.6818831375039696,0.5000663337485243,0.6179540916989252,0.6271186440677966,0.48366013071895425,0.4486270415047006
0.48999999999999977,0.5,5,4,0.5392156862745098,0.9650537634408602,0.9137115839243499,0.5534296498763505,0.695152013147083,0.7521347248576851,0.5619072212859503,0.7213682328364355,0.6790123456790124,0.6010928961748634,0.5580536906035009
0.4999999999999998,0.5,1,4,0.47115384615384615,0.9541160593792173,0.8946745562130177,0.4656876327699268,0.69376026272578,0.7126349527665317,0.48058931687325,0.6704740495005528,0.5903614457831325,0.5240641711229946,0.46943329865880423
0.4999999999999998,0.5,2,4,0.43119266055045874,0.9513797634691196,0.8862068965517241,0.42425700878353984,0.7142857142857143,0.6912862120097891,0.4386009166619802,0.6404904147636526,0.5595238095238095,0.48704663212435234,0.42881337612631887
0.4999999999999998,0.5,3,4,0.35135135135135137,0.9633802816901409,0.8806333739342266,0.38140636292343905,0.674055829228243,0.6573658165207461,0.48064905347020426,0.5817946062289308,0.6,0.4431818181818182,0.39857814614307246
0.4999999999999998,0.5,4,4,0.3829787234042553,0.9701492537313433,0.9037304452466908,0.42395674476639406,0.6822660098522167,0.6765639885677993,0.4998445100783437,0.6095461612590312,0.6206896551724138,0.47368421052631576,0.43896111829753137
0.4999999999999998,0.5,5,4,0.5392156862745098,0.9637096774193549,0.9125295508274232,0.5494040421489031,0.695152013147083,0.7514626818469323,0.5618758591572515,0.720865712237074,0.6707317073170732,0.5978260869565217,0.5535240392850768
0.5099999999999998,0.5,1,4,0.47115384615384615,0.9541160593792173,0.8946745562130177,0.4656876327699268,0.69376026272578,0.7126349527665317,0.4835712640750287,0.6704740495005528,0.5903614457831325,0.5240641711229946,0.46943329865880423
0.5099999999999998,0.5,2,4,0.43119266055045874,0.9513797634691196,0.8862068965517241,0.42425700878353984,0.7142857142857143,0.6912862120097891,0.4279852503365935,0.6404904147636526,0.5595238095238095,0.48704663212435234,0.42881337612631887
0.5099999999999998,0.5,3,4,0.35135135135135137,0.9633802816901409,0.8806333739342266,0.38140636292343905,0.674055829228243,0.6573658165207461,0.4803969408355668,0.5817946062289308,0.6,0.4431818181818182,0.39857814614307246
0.5099999999999998,0.5,4,4,0.3829787234042553,0.9701492537313433,0.9037304452466908,0.42395674476639406,0.6822660098522167,0.6765639885677993,0.4993640240908055,0.6095461612590312,0.6206896551724138,0.47368421052631576,0.43896111829753137
0.5099999999999998,0.5,5,4,0.5392156862745098,0.9637096774193549,0.9125295508274232,0.5494040421489031,0.695152013147083,0.7514626818469323,0.5571610186030903,0.720865712237074,0.6707317073170732,0.5978260869565217,0.5535240392850768
0.5199999999999998,0.5,1,4,0.47115384615384615,0.9541160593792173,0.8946745562130177,0.4656876327699268,0.69376026272578,0.7126349527665317,0.4833357570407826,0.6704740495005528,0.5903614457831325,0.5240641711229946,0.46943329865880423
0.5199999999999998,0.5,2,4,0.43119266055045874,0.9513797634691196,0.8862068965517241,0.42425700878353984,0.7142857142857143,0.6912862120097891,0.4415838438821318,0.6404904147636526,0.5595238095238095,0.48704663212435234,0.42881337612631887
0.5199999999999998,0.5,3,4,0.35135135135135137,0.9633802816901409,0.8806333739342266,0.38140636292343905,0.674055829228243,0.6573658165207461,0.4797886555075056,0.5817946062289308,0.6,0.4431818181818182,0.39857814614307246
0.5199999999999998,0.5,4,4,0.3829787234042553,0.9701492537313433,0.9037304452466908,0.42395674476639406,0.6822660098522167,0.6765639885677993,0.4988158049967972,0.6095461612590312,0.6206896551724138,0.47368421052631576,0.43896111829753137
0.5199999999999998,0.5,5,4,0.5392156862745098,0.9637096774193549,0.9125295508274232,0.5494040421489031,0.695152013147083,0.7514626818469323,0.56080163598107,0.720865712237074,0.6707317073170732,0.5978260869565217,0.5535240392850768
0.5299999999999998,0.5,1,4,0.4807692307692308,0.9541160593792173,0.8958579881656805,0.47407134976094184,0.69376026272578,0.7174426450742241,0.4859806536804807,0.6772810671592083,0.5952380952380952,0.5319148936170213,0.47749466131759793
0.5299999999999998,0.5,2,4,0.43119266055045874,0.9513797634691196,0.8862068965517241,0.42425700878353984,0.7142857142857143,0.6912862120097891,0.43778889755368167,0.6404904147636526,0.5595238095238095,0.48704663212435234,0.42881337612631887
0.5299999999999998,0.5,3,4,0.35135135135135137,0.9633802816901409,0.8806333739342266,0.38140636292343905,0.674055829228243,0.6573658165207461,0.4787465641549137,0.5817946062289308,0.6,0.4431818181818182,0.39857814614307246
0.5299999999999998,0.5,4,4,0.3829787234042553,0.9701492537313433,0.9037304452466908,0.42395674476639406,0.6822660098522167,0.6765639885677993,0.4931609664307591,0.6095461612590312,0.6206896551724138,0.47368421052631576,0.43896111829753137
0.5299999999999998,0.5,5,4,0.5392156862745098,0.9637096774193549,0.9125295508274232,0.5494040421489031,0.695152013147083,0.7514626818469323,0.5604575286646829,0.720865712237074,0.6707317073170732,0.5978260869565217,0.5535240392850768
0.5399999999999998,0.5,1,4,0.4807692307692308,0.9541160593792173,0.8958579881656805,0.47407134976094184,0.69376026272578,0.7174426450742241,0.4255010211931125,0.6772810671592083,0.5952380952380952,0.5319148936170213,0.47749466131759793
0.5399999999999998,0.5,2,4,0.43119266055045874,0.9513797634691196,0.8862068965517241,0.42425700878353984,0.7142857142857143,0.6912862120097891,0.437377201866388,0.6404904147636526,0.5595238095238095,0.48704663212435234,0.42881337612631887
0.5399999999999998,0.5,3,4,0.35135135135135137,0.9633802816901409,0.8806333739342266,0.38140636292343905,0.674055829228243,0.6573658165207461,0.4781312613097155,0.5817946062289308,0.6,0.4431818181818182,0.39857814614307246
0.5399999999999998,0.5,4,4,0.3829787234042553,0.9701492537313433,0.9037304452466908,0.42395674476639406,0.6822660098522167,0.6765639885677993,0.4975915745289145,0.6095461612590312,0.6206896551724138,0.47368421052631576,0.43896111829753137
0.5399999999999998,0.5,5,4,0.5392156862745098,0.9637096774193549,0.9125295508274232,0.5494040421489031,0.695152013147083,0.7514626818469323,0.5600851320155549,0.720865712237074,0.6707317073170732,0.5978260869565217,0.5535240392850768
0.5499999999999998,0.5,1,4,0.4807692307692308,0.9541160593792173,0.8958579881656805,0.47407134976094184,0.69376026272578,0.7174426450742241,0.48296939291549634,0.6772810671592083,0.5952380952380952,0.5319148936170213,0.47749466131759793
0.5499999999999998,0.5,2,4,0.42201834862385323,0.9513797634691196,0.8850574712643678,0.4158956937413562,0.7142857142857143,0.6866990560464864,0.4376231542946928,0.633640052942828,0.5542168674698795,0.4791666666666667,0.4207763119911429
0.5499999999999998,0.5,3,4,0.35135135135135137,0.9633802816901409,0.8806333739342266,0.38140636292343905,0.674055829228243,0.6573658165207461,0.47816433983348006,0.5817946062289308,0.6,0.4431818181818182,0.39857814614307246
0.5499999999999998,0.5,4,4,0.3829787234042553,0.9701492537313433,0.9037304452466908,0.42395674476639406,0.6822660098522167,0.6765639885677993,0.49232513804794437,0.6095461612590312,0.6206896551724138,0.47368421052631576,0.43896111829753137
0.5499999999999998,0.5,5,4,0.5392156862745098,0.9637096774193549,0.9125295508274232,0.5494040421489031,0.695152013147083,0.7514626818469323,0.559688135325218,0.720865712237074,0.6707317073170732,0.5978260869565217,0.5535240392850768
0.5599999999999997,0.5,1,4,0.4807692307692308,0.9541160593792173,0.8958579881656805,0.47407134976094184,0.69376026272578,0.7174426450742241,0.47986942711302044,0.6772810671592083,0.5952380952380952,0.5319148936170213,0.47749466131759793
0.5599999999999997,0.5,2,4,0.42201834862385323,0.9513797634691196,0.8850574712643678,0.4158956937413562,0.7142857142857143,0.6866990560464864,0.40958168008857965,0.633640052942828,0.5542168674698795,0.4791666666666667,0.4207763119911429
0.5599999999999997,0.5,3,4,0.35135135135135137,0.9647887323943662,0.881851400730816,0.3848857237751704,0.674055829228243,0.6580700418728588,0.47776985769024305,0.582219739355613,0.609375,0.44571428571428573,0.40321093447587253
0.5599999999999997,0.5,4,4,0.3829787234042553,0.9701492537313433,0.9037304452466908,0.42395674476639406,0.6822660098522167,0.6765639885677993,0.4917936610693039,0.6095461612590312,0.6206896551724138,0.47368421052631576,0.43896111829753137
0.5599999999999997,0.5,5,4,0.5392156862745098,0.9637096774193549,0.9125295508274232,0.5494040421489031,0.695152013147083,0.7514626818469323,0.5610069874163995,0.720865712237074,0.6707317073170732,0.5978260869565217,0.5535240392850768
0.5699999999999997,0.5,1,4,0.4807692307692308,0.9541160593792173,0.8958579881656805,0.47407134976094184,0.69376026272578,0.7174426450742241,0.4797962084019542,0.6772810671592083,0.5952380952380952,0.5319148936170213,0.47749466131759793
0.5699999999999997,0.5,2,4,0.42201834862385323,0.9526938239159002,0.8862068965517241,0.41919430320849116,0.7142857142857143,0.6873560862698767,0.43670902877404466,0.6340774986648968,0.5609756097560976,0.4816753926701571,0.42455439768397624
0.5699999999999997,0.5,3,4,0.35135135135135137,0.9647887323943662,0.881851400730816,0.3848857237751704,0.674055829228243,0.6580700418728588,0.4765789664979569,0.582219739355613,0.609375,0.44571428571428573,0.40321093447587253
0.5699999999999997,0.5,4,4,0.3829787234042553,0.9701492537313433,0.9037304452466908,0.42395674476639406,0.6822660098522167,0.6765639885677993,0.49986459241851317,0.6095461612590312,0.6206896551724138,0.47368421052631576,0.43896111829753137
0.5699999999999997,0.5,5,4,0.5392156862745098,0.9637096774193549,0.9125295508274232,0.5494040421489031,0.695152013147083,0.7514626818469323,0.5550490225313355,0.720865712237074,0.6707317073170732,0.5978260869565217,0.5535240392850768
0.5799999999999997,0.5,1,4,0.4807692307692308,0.9541160593792173,0.8958579881656805,0.47407134976094184,0.69376026272578,0.7174426450742241,0.4825774313021645,0.6772810671592083,0.5952380952380952,0.5319148936170213,0.47749466131759793
0.5799999999999997,0.5,2,4,0.42201834862385323,0.9526938239159002,0.8862068965517241,0.41919430320849116,0.7142857142857143,0.6873560862698767,0.4327344475501117,0.6340774986648968,0.5609756097560976,0.4816753926701571,0.42455439768397624
0.5799999999999997,0.5,3,4,0.35135135135135137,0.9647887323943662,0.881851400730816,0.3848857237751704,0.674055829228243,0.6580700418728588,0.47684965712107547,0.582219739355613,0.609375,0.44571428571428573,0.40321093447587253
0.5799999999999997,0.5,4,4,0.3829787234042553,0.9701492537313433,0.9037304452466908,0.42395674476639406,0.6822660098522167,0.6765639885677993,0.4956264783710982,0.6095461612590312,0.6206896551724138,0.47368421052631576,0.43896111829753137
0.5799999999999997,0.5,5,4,0.5392156862745098,0.9637096774193549,0.9125295508274232,0.5494040421489031,0.695152013147083,0.7514626818469323,0.5607928559408651,0.720865712237074,0.6707317073170732,0.5978260869565217,0.5535240392850768
0.5899999999999997,0.5,1,4,0.4807692307692308,0.9541160593792173,0.8958579881656805,0.47407134976094184,0.69376026272578,0.7174426450742241,0.4832291745566878,0.6772810671592083,0.5952380952380952,0.5319148936170213,0.47749466131759793
0.5899999999999997,0.5,2,4,0.42201834862385323,0.9526938239159002,0.8862068965517241,0.41919430320849116,0.7142857142857143,0.6873560862698767,0.4366784898180228,0.6340774986648968,0.5609756097560976,0.4816753926701571,0.42455439768397624
0.5899999999999997,0.5,3,4,0.35135135135135137,0.9647887323943662,0.881851400730816,0.3848857237751704,0.674055829228243,0.6580700418728588,0.47685819918306616,0.582219739355613,0.609375,0.44571428571428573,0.40321093447587253
0.5899999999999997,0.5,4,4,0.3829787234042553,0.9701492537313433,0.9037304452466908,0.42395674476639406,0.6822660098522167,0.6765639885677993,0.49922785271243164,0.6095461612590312,0.6206896551724138,0.47368421052631576,0.43896111829753137
0.5899999999999997,0.5,5,4,0.5392156862745098,0.9637096774193549,0.9125295508274232,0.5494040421489031,0.695152013147083,0.7514626818469323,0.5581035734621863,0.720865712237074,0.6707317073170732,0.5978260869565217,0.5535240392850768
0.5999999999999998,0.5,1,4,0.4807692307692308,0.9541160593792173,0.8958579881656805,0.47407134976094184,0.69376026272578,0.7174426450742241,0.4821842926068217,0.6772810671592083,0.5952380952380952,0.5319148936170213,0.47749466131759793
0.5999999999999998,0.5,2,4,0.42201834862385323,0.9526938239159002,0.8862068965517241,0.41919430320849116,0.7142857142857143,0.6873560862698767,0.43711226738217585,0.6340774986648968,0.5609756097560976,0.4816753926701571,0.42455439768397624
0.5999999999999998,0.5,3,4,0.35135135135135137,0.9647887323943662,0.881851400730816,0.3848857237751704,0.674055829228243,0.6580700418728588,0.4766421057557114,0.582219739355613,0.609375,0.44571428571428573,0.40321093447587253
0.5999999999999998,0.5,4,4,0.3829787234042553,0.9701492537313433,0.9037304452466908,0.42395674476639406,0.6822660098522167,0.6765639885677993,0.49885567836457495,0.6095461612590312,0.6206896551724138,0.47368421052631576,0.43896111829753137
0.5999999999999998,0.5,5,4,0.5392156862745098,0.9637096774193549,0.9125295508274232,0.5494040421489031,0.695152013147083,0.7514626818469323,0.5581311623801517,0.720865712237074,0.6707317073170732,0.5978260869565217,0.5535240392850768
0.6099999999999998,0.5,1,4,0.4807692307692308,0.9541160593792173,0.8958579881656805,0.47407134976094184,0.69376026272578,0.7174426450742241,0.4779491458509544,0.6772810671592083,0.5952380952380952,0.5319148936170213,0.47749466131759793
0.6099999999999998,0.5,2,4,0.42201834862385323,0.9526938239159002,0.8862068965517241,0.41919430320849116,0.7142857142857143,0.6873560862698767,0.44034803070083406,0.6340774986648968,0.5609756097560976,0.4816753926701571,0.42455439768397624
0.6099999999999998,0.5,3,4,0.35135135135135137,0.9647887323943662,0.881851400730816,0.3848857237751704,0.674055829228243,0.6580700418728588,0.47610728860093166,0.582219739355613,0.609375,0.44571428571428573,0.40321093447587253
0.6099999999999998,0.5,4,4,0.3829787234042553,0.9701492537313433,0.9037304452466908,0.42395674476639406,0.6822660098522167,0.6765639885677993,0.4902962873100987,0.6095461612590312,0.6206896551724138,0.47368421052631576,0.43896111829753137
0.6099999999999998,0.5,5,4,0.5392156862745098,0.9637096774193549,0.9125295508274232,0.5494040421489031,0.695152013147083,0.7514626818469323,0.5601446037942965,0.720865712237074,0.6707317073170732,0.5978260869565217,0.5535240392850768
0.6199999999999998,0.5,1,4,0.4807692307692308,0.9541160593792173,0.8958579881656805,0.47407134976094184,0.69376026272578,0.7174426450742241,0.48835580959976327,0.6772810671592083,0.5952380952380952,0.5319148936170213,0.47749466131759793
0.6199999999999998,0.5,2,4,0.42201834862385323,0.9526938239159002,0.8862068965517241,0.41919430320849116,0.7142857142857143,0.6873560862698767,0.43255508150701155,0.6340774986648968,0.5609756097560976,0.4816753926701571,0.42455439768397624
0.6199999999999998,0.5,3,4,0.36036036036036034,0.9647887323943662,0.8830694275274056,0.3940307228637768,0.674055829228243,0.6625745463773633,0.4759922102664983,0.5896368503386208,0.6153846153846154,0.45454545454545453,0.41177088352347335
0.6199999999999998,0.5,4,4,0.3829787234042553,0.9701492537313433,0.9037304452466908,0.42395674476639406,0.6822660098522167,0.6765639885677993,0.4951325463794859,0.6095461612590312,0.6206896551724138,0.47368421052631576,0.43896111829753137
0.6199999999999998,0.5,5,4,0.5392156862745098,0.9637096774193549,0.9125295508274232,0.5494040421489031,0.695152013147083,0.7514626818469323,0.557795404999928,0.720865712237074,0.6707317073170732,0.5978260869565217,0.5535240392850768
0.6299999999999997,0.5,1,4,0.49038461538461536,0.9541160593792173,0.8970414201183432,0.4823798627002288,0.69376026272578,0.7222503373819164,0.4820639480601329,0.6840203482433562,0.6,0.5396825396825397,0.4854918449228692
0.6299999999999997,0.5,2,4,0.42201834862385323,0.9526938239159002,0.8862068965517241,0.41919430320849116,0.7142857142857143,0.6873560862698767,0.4365138350947694,0.6340774986648968,0.5609756097560976,0.4816753926701571,0.42455439768397624
0.6299999999999997,0.5,3,4,0.36036036036036034,0.9647887323943662,0.8830694275274056,0.3940307228637768,0.674055829228243,0.6625745463773633,0.4758353916715544,0.5896368503386208,0.6153846153846154,0.45454545454545453,0.41177088352347335
0.6299999999999997,0.5,4,4,0.3829787234042553,0.9701492537313433,0.9037304452466908,0.42395674476639406,0.6822660098522167,0.6765639885677993,0.4942589982978736,0.6095461612590312,0.6206896551724138,0.47368421052631576,0.43896111829753137
0.6299999999999997,0.5,5,4,0.5392156862745098,0.9637096774193549,0.9125295508274232,0.5494040421489031,0.695152013147083,0.7514626818469323,0.5574219712052684,0.720865712237074,0.6707317073170732,0.5978260869565217,0.5535240392850768
0.6399999999999997,0.5,1,4,0.49038461538461536,0.9541160593792173,0.8970414201183432,0.4823798627002288,0.69376026272578,0.7222503373819164,0.48180812677964513,0.6840203482433562,0.6,0.5396825396825397,0.4854918449228692
0.6399999999999997,0.5,2,4,0.42201834862385323,0.9526938239159002,0.8862068965517241,0.41919430320849116,0.7142857142857143,0.6873560862698767,0.43624448797031457,0.6340774986648968,0.5609756097560976,0.4816753926701571,0.42455439768397624
0.6399999999999997,0.5,3,4,0.36036036036036034,0.9647887323943662,0.8830694275274056,0.3940307228637768,0.674055829228243,0.6625745463773633,0.47530592931990256,0.5896368503386208,0.6153846153846154,0.45454545454545453,0.41177088352347335
0.6399999999999997,0.5,4,4,0.3829787234042553,0.9701492537313433,0.9037304452466908,0.42395674476639406,0.6822660098522167,0.6765639885677993,0.49385190844912497,0.6095461612590312,0.6206896551724138,0.47368421052631576,0.43896111829753137
0.6399999999999997,0.5,5,4,0.5392156862745098,0.9637096774193549,0.9125295508274232,0.5494040421489031,0.695152013147083,0.7514626818469323,0.5572964391500772,0.720865712237074,0.6707317073170732,0.5978260869565217,0.5535240392850768
0.6499999999999997,0.5,1,4,0.49038461538461536,0.9541160593792173,0.8970414201183432,0.4823798627002288,0.69376026272578,0.7222503373819164,0.4777712537289661,0.6840203482433562,0.6,0.5396825396825397,0.4854918449228692
0.6499999999999997,0.5,2,4,0.42201834862385323,0.9526938239159002,0.8862068965517241,0.41919430320849116,0.7142857142857143,0.6873560862698767,0.4395099403352926,0.6340774986648968,0.5609756097560976,0.4816753926701571,0.42455439768397624
0.6499999999999997,0.5,3,4,0.36036036036036034,0.9647887323943662,0.8830694275274056,0.3940307228637768,0.674055829228243,0.6625745463773633,0.4749109369910261,0.5896368503386208,0.6153846153846154,0.45454545454545453,0.41177088352347335
0.6499999999999997,0.5,4,4,0.3829787234042553,0.9701492537313433,0.9037304452466908,0.42395674476639406,0.6822660098522167,0.6765639885677993,0.49336156953240307,0.6095461612590312,0.6206896551724138,0.47368421052631576,0.43896111829753137
0.6499999999999997,0.5,5,4,0.5392156862745098,0.9637096774193549,0.9125295508274232,0.5494040421489031,0.695152013147083,0.7514626818469323,0.5570599896430874,0.720865712237074,0.6707317073170732,0.5978260869565217,0.5535240392850768
0.6599999999999997,0.5,1,4,0.49038461538461536,0.9541160593792173,0.8970414201183432,0.4823798627002288,0.69376026272578,0.7222503373819164,0.48174869684671084,0.6840203482433562,0.6,0.5396825396825397,0.4854918449228692
0.6599999999999997,0.5,2,4,0.42201834862385323,0.9526938239159002,0.8862068965517241,0.41919430320849116,0.7142857142857143,0.6873560862698767,0.4359682547958095,0.6340774986648968,0.5609756097560976,0.4816753926701571,0.42455439768397624
0.6599999999999997,0.5,3,4,0.36036036036036034,0.9647887323943662,0.8830694275274056,0.3940307228637768,0.674055829228243,0.6625745463773633,0.4748275099766085,0.5896368503386208,0.6153846153846154,0.45454545454545453,0.41177088352347335
0.6599999999999997,0.5,4,4,0.3829787234042553,0.9701492537313433,0.9037304452466908,0.42395674476639406,0.6822660098522167,0.6765639885677993,0.493125338774713,0.6095461612590312,0.6206896551724138,0.47368421052631576,0.43896111829753137
0.6599999999999997,0.5,5,4,0.5392156862745098,0.9637096774193549,0.9125295508274232,0.5494040421489031,0.695152013147083,0.7514626818469323,0.5568063009572103,0.720865712237074,0.6707317073170732,0.5978260869565217,0.5535240392850768
0.6699999999999997,0.5,1,4,0.49038461538461536,0.9541160593792173,0.8970414201183432,0.4823798627002288,0.69376026272578,0.7222503373819164,0.484618546297694,0.6840203482433562,0.6,0.5396825396825397,0.4854918449228692
0.6699999999999997,0.5,2,4,0.42201834862385323,0.9526938239159002,0.8862068965517241,0.41919430320849116,0.7142857142857143,0.6873560862698767,0.43158295212926023,0.6340774986648968,0.5609756097560976,0.4816753926701571,0.42455439768397624
0.6699999999999997,0.5,3,4,0.36036036036036034,0.9647887323943662,0.8830694275274056,0.3940307228637768,0.674055829228243,0.6625745463773633,0.4743827752620356,0.5896368503386208,0.6153846153846154,0.45454545454545453,0.41177088352347335
0.6699999999999997,0.5,4,4,0.3829787234042553,0.9701492537313433,0.9037304452466908,0.42395674476639406,0.6822660098522167,0.6765639885677993,0.49303043260010543,0.6095461612590312,0.6206896551724138,0.47368421052631576,0.43896111829753137
0.6699999999999997,0.5,5,4,0.5392156862745098,0.9637096774193549,0.9125295508274232,0.5494040421489031,0.695152013147083,0.7514626818469323,0.5566202118546163,0.720865712237074,0.6707317073170732,0.5978260869565217,0.5535240392850768
0.6799999999999997,0.5,1,4,0.49038461538461536,0.9541160593792173,0.8970414201183432,0.4823798627002288,0.69376026272578,0.7222503373819164,0.48165246062152617,0.6840203482433562,0.6,0.5396825396825397,0.4854918449228692
0.6799999999999997,0.5,2,4,0.42201834862385323,0.9526938239159002,0.8862068965517241,0.41919430320849116,0.7142857142857143,0.6873560862698767,0.4357088786162833,0.6340774986648968,0.5609756097560976,0.4816753926701571,0.42455439768397624
0.6799999999999997,0.5,3,4,0.36036036036036034,0.9647887323943662,0.8830694275274056,0.3940307228637768,0.674055829228243,0.6625745463773633,0.4741094954164201,0.5896368503386208,0.6153846153846154,0.45454545454545453,0.41177088352347335
0.6799999999999997,0.5,4,4,0.3829787234042553,0.9701492537313433,0.9037304452466908,0.42395674476639406,0.6822660098522167,0.6765639885677993,0.49232461154305507,0.6095461612590312,0.6206896551724138,0.47368421052631576,0.43896111829753137
0.6799999999999997,0.5,5,4,0.5392156862745098,0.9637096774193549,0.9125295508274232,0.5494040421489031,0.695152013147083,0.7514626818469323,0.5564648676081915,0.720865712237074,0.6707317073170732,0.5978260869565217,0.5535240392850768
0.6899999999999997,0.5,1,4,0.49038461538461536,0.9541160593792173,0.8970414201183432,0.4823798627002288,0.69376026272578,0.7222503373819164,0.47740158964493423,0.6840203482433562,0.6,0.5396825396825397,0.4854918449228692
0.6899999999999997,0.5,2,4,0.42201834862385323,0.9526938239159002,0.8862068965517241,0.41919430320849116,0.7142857142857143,0.6873560862698767,0.4354054738258359,0.6340774986648968,0.5609756097560976,0.4816753926701571,0.42455439768397624
0.6899999999999997,0.5,3,4,0.36036036036036034,0.9647887323943662,0.8830694275274056,0.3940307228637768,0.674055829228243,0.6625745463773633,0.47400368046260066,0.5896368503386208,0.6153846153846154,0.45454545454545453,0.41177088352347335
0.6899999999999997,0.5,4,4,0.3829787234042553,0.9701492537313433,0.9037304452466908,0.42395674476639406,0.6822660098522167,0.6765639885677993,0.49187966700124724,0.6095461612590312,0.6206896551724138,0.47368421052631576,0.43896111829753137
0.6899999999999997,0.5,5,4,0.5392156862745098,0.9637096774193549,0.9125295508274232,0.5494040421489031,0.695152013147083,0.7514626818469323,0.5563517931135405,0.720865712237074,0.6707317073170732,0.5978260869565217,0.5535240392850768
0.6999999999999996,0.5,1,4,0.49038461538461536,0.9541160593792173,0.8970414201183432,0.4823798627002288,0.69376026272578,0.7222503373819164,0.48136089081751887,0.6840203482433562,0.6,0.5396825396825397,0.4854918449228692
0.6999999999999996,0.5,2,4,0.42201834862385323,0.9526938239159002,0.8862068965517241,0.41919430320849116,0.7142857142857143,0.6873560862698767,0.4389759237321881,0.6340774986648968,0.5609756097560976,0.4816753926701571,0.42455439768397624
0.6999999999999996,0.5,3,4,0.36036036036036034,0.9647887323943662,0.8830694275274056,0.3940307228637768,0.674055829228243,0.6625745463773633,0.4737241804474387,0.5896368503386208,0.6153846153846154,0.45454545454545453,0.41177088352347335
0.6999999999999996,0.5,4,4,0.3829787234042553,0.9701492537313433,0.9037304452466908,0.42395674476639406,0.6822660098522167,0.6765639885677993,0.48697176879843507,0.6095461612590312,0.6206896551724138,0.47368421052631576,0.43896111829753137
0.6999999999999996,0.5,5,4,0.5392156862745098,0.9637096774193549,0.9125295508274232,0.5494040421489031,0.695152013147083,0.7514626818469323,0.5524797403636574,0.720865712237074,0.6707317073170732,0.5978260869565217,0.5535240392850768
0.7099999999999996,0.5,1,4,0.49038461538461536,0.9541160593792173,0.8970414201183432,0.4823798627002288,0.69376026272578,0.7222503373819164,0.48137345154611,0.6840203482433562,0.6,0.5396825396825397,0.4854918449228692
0.7099999999999996,0.5,2,4,0.42201834862385323,0.9526938239159002,0.8862068965517241,0.41919430320849116,0.7142857142857143,0.6873560862698767,0.4351565121295791,0.6340774986648968,0.5609756097560976,0.4816753926701571,0.42455439768397624
0.7099999999999996,0.5,3,4,0.36036036036036034,0.9647887323943662,0.8830694275274056,0.3940307228637768,0.674055829228243,0.6625745463773633,0.47329913766848575,0.5896368503386208,0.6153846153846154,0.45454545454545453,0.41177088352347335
0.7099999999999996,0.5,4,4,0.3829787234042553,0.9701492537313433,0.9037304452466908,0.42395674476639406,0.6822660098522167,0.6765639885677993,0.4951960238252672,0.6095461612590312,0.6206896551724138,0.47368421052631576,0.43896111829753137
0.7099999999999996,0.5,5,4,0.5392156862745098,0.9637096774193549,0.9125295508274232,0.5494040421489031,0.695152013147083,0.7514626818469323,0.555962453593782,0.720865712237074,0.6707317073170732,0.5978260869565217,0.5535240392850768
0.7199999999999996,0.5,1,4,0.49038461538461536,0.9541160593792173,0.8970414201183432,0.4823798627002288,0.69376026272578,0.7222503373819164,0.4812887194129014,0.6840203482433562,0.6,0.5396825396825397,0.4854918449228692
0.7199999999999996,0.5,2,4,0.42201834862385323,0.9526938239159002,0.8862068965517241,0.41919430320849116,0.7142857142857143,0.6873560862698767,0.43506562936649557,0.6340774986648968,0.5609756097560976,0.4816753926701571,0.42455439768397624
0.7199999999999996,0.5,3,4,0.36036036036036034,0.9647887323943662,0.8830694275274056,0.3940307228637768,0.674055829228243,0.6625745463773633,0.47317719565327354,0.5896368503386208,0.6153846153846154,0.45454545454545453,0.41177088352347335
0.7199999999999996,0.5,4,4,0.3829787234042553,0.9701492537313433,0.9037304452466908,0.42395674476639406,0.6822660098522167,0.6765639885677993,0.49542822260183006,0.6095461612590312,0.6206896551724138,0.47368421052631576,0.43896111829753137
0.7199999999999996,0.5,5,4,0.5392156862745098,0.9637096774193549,0.9125295508274232,0.5494040421489031,0.695152013147083,0.7514626818469323,0.5580904551095707,0.720865712237074,0.6707317073170732,0.5978260869565217,0.5535240392850768
0.7299999999999996,0.5,1,4,0.49038461538461536,0.9541160593792173,0.8970414201183432,0.4823798627002288,0.69376026272578,0.7222503373819164,0.4801846379684733,0.6840203482433562,0.6,0.5396825396825397,0.4854918449228692
0.7299999999999996,0.5,2,4,0.42201834862385323,0.9526938239159002,0.8862068965517241,0.41919430320849116,0.7142857142857143,0.6873560862698767,0.43504011272468784,0.6340774986648968,0.5609756097560976,0.4816753926701571,0.42455439768397624
0.7299999999999996,0.5,3,4,0.36036036036036034,0.9647887323943662,0.8830694275274056,0.3940307228637768,0.674055829228243,0.6625745463773633,0.4732544097391946,0.5896368503386208,0.6153846153846154,0.45454545454545453,0.41177088352347335
0.7299999999999996,0.5,4,4,0.3829787234042553,0.9701492537313433,0.9037304452466908,0.42395674476639406,0.6822660098522167,0.6765639885677993,0.49150122840404403,0.6095461612590312,0.6206896551724138,0.47368421052631576,0.43896111829753137
0.7299999999999996,0.5,5,4,0.5392156862745098,0.9637096774193549,0.9125295508274232,0.5494040421489031,0.695152013147083,0.7514626818469323,0.5559243253999555,0.720865712237074,0.6707317073170732,0.5978260869565217,0.5535240392850768
0.7399999999999997,0.5,1,4,0.49038461538461536,0.9541160593792173,0.8970414201183432,0.4823798627002288,0.69376026272578,0.7222503373819164,0.48208987040308643,0.6840203482433562,0.6,0.5396825396825397,0.4854918449228692
0.7399999999999997,0.5,2,4,0.42201834862385323,0.9526938239159002,0.8862068965517241,0.41919430320849116,0.7142857142857143,0.6873560862698767,0.4305598153010376,0.6340774986648968,0.5609756097560976,0.4816753926701571,0.42455439768397624
0.7399999999999997,0.5,3,4,0.36036036036036034,0.9647887323943662,0.8830694275274056,0.3940307228637768,0.674055829228243,0.6625745463773633,0.4729471188574339,0.5896368503386208,0.6153846153846154,0.45454545454545453,0.41177088352347335
0.7399999999999997,0.5,4,4,0.3829787234042553,0.9701492537313433,0.9037304452466908,0.42395674476639406,0.6822660098522167,0.6765639885677993,0.49475495373916384,0.6095461612590312,0.6206896551724138,0.47368421052631576,0.43896111829753137
0.7399999999999997,0.5,5,4,0.5392156862745098,0.9637096774193549,0.9125295508274232,0.5494040421489031,0.695152013147083,0.7514626818469323,0.5557020289778073,0.720865712237074,0.6707317073170732,0.5978260869565217,0.5535240392850768
0.7499999999999997,0.5,1,4,0.49038461538461536,0.9541160593792173,0.8970414201183432,0.4823798627002288,0.69376026272578,0.7222503373819164,0.4820035889142568,0.6840203482433562,0.6,0.5396825396825397,0.4854918449228692
0.7499999999999997,0.5,2,4,0.42201834862385323,0.9526938239159002,0.8862068965517241,0.41919430320849116,0.7142857142857143,0.6873560862698767,0.4347245406620591,0.6340774986648968,0.5609756097560976,0.4816753926701571,0.42455439768397624
0.7499999999999997,0.5,3,4,0.36036036036036034,0.9647887323943662,0.8830694275274056,0.3940307228637768,0.674055829228243,0.6625745463773633,0.4723144687296058,0.5896368503386208,0.6153846153846154,0.45454545454545453,0.41177088352347335
0.7499999999999997,0.5,4,4,0.3829787234042553,0.9701492537313433,0.9037304452466908,0.42395674476639406,0.6822660098522167,0.6765639885677993,0.49085929933397016,0.6095461612590312,0.6206896551724138,0.47368421052631576,0.43896111829753137
0.7499999999999997,0.5,5,4,0.5392156862745098,0.9637096774193549,0.9125295508274232,0.5494040421489031,0.695152013147083,0.7514626818469323,0.5555693111396804,0.720865712237074,0.6707317073170732,0.5978260869565217,0.5535240392850768
0.7599999999999997,0.5,1,4,0.49038461538461536,0.9541160593792173,0.8970414201183432,0.4823798627002288,0.69376026272578,0.7222503373819164,0.4839618839167503,0.6840203482433562,0.6,0.5396825396825397,0.4854918449228692
0.7599999999999997,0.5,2,4,0.42201834862385323,0.9526938239159002,0.8862068965517241,0.41919430320849116,0.7142857142857143,0.6873560862698767,0.4345675273485132,0.6340774986648968,0.5609756097560976,0.4816753926701571,0.42455439768397624
0.7599999999999997,0.5,3,4,0.36036036036036034,0.9647887323943662,0.8830694275274056,0.3940307228637768,0.674055829228243,0.6625745463773633,0.47238569799912633,0.5896368503386208,0.6153846153846154,0.45454545454545453,0.41177088352347335
0.7599999999999997,0.5,4,4,0.3829787234042553,0.9701492537313433,0.9037304452466908,0.42395674476639406,0.6822660098522167,0.6765639885677993,0.4906371208734905,0.6095461612590312,0.6206896551724138,0.47368421052631576,0.43896111829753137
0.7599999999999997,0.5,5,4,0.5392156862745098,0.9637096774193549,0.9125295508274232,0.5494040421489031,0.695152013147083,0.7514626818469323,0.5555796018260755,0.720865712237074,0.6707317073170732,0.5978260869565217,0.5535240392850768
0.7699999999999997,0.5,1,4,0.49038461538461536,0.9541160593792173,0.8970414201183432,0.4823798627002288,0.69376026272578,0.7222503373819164,0.48373702089706727,0.6840203482433562,0.6,0.5396825396825397,0.4854918449228692
0.7699999999999997,0.5,2,4,0.42201834862385323,0.9526938239159002,0.8862068965517241,0.41919430320849116,0.7142857142857143,0.6873560862698767,0.434291478442982,0.6340774986648968,0.5609756097560976,0.4816753926701571,0.42455439768397624
0.7699999999999997,0.5,3,4,0.36036036036036034,0.9647887323943662,0.8830694275274056,0.3940307228637768,0.674055829228243,0.6625745463773633,0.471939921474308,0.5896368503386208,0.6153846153846154,0.45454545454545453,0.41177088352347335
0.7699999999999997,0.5,4,4,0.3829787234042553,0.9701492537313433,0.9037304452466908,0.42395674476639406,0.6822660098522167,0.6765639885677993,0.4908117244381335,0.6095461612590312,0.6206896551724138,0.47368421052631576,0.43896111829753137
0.7699999999999997,0.5,5,4,0.5392156862745098,0.9637096774193549,0.9125295508274232,0.5494040421489031,0.695152013147083,0.7514626818469323,0.557402805147586,0.720865712237074,0.6707317073170732,0.5978260869565217,0.5535240392850768
0.7799999999999997,0.5,1,4,0.49038461538461536,0.9541160593792173,0.8970414201183432,0.4823798627002288,0.69376026272578,0.7222503373819164,0.4808266113824581,0.6840203482433562,0.6,0.5396825396825397,0.4854918449228692
0.7799999999999997,0.5,2,4,0.42201834862385323,0.9526938239159002,0.8862068965517241,0.41919430320849116,0.7142857142857143,0.6873560862698767,0.43458539902338233,0.6340774986648968,0.5609756097560976,0.4816753926701571,0.42455439768397624
0.7799999999999997,0.5,3,4,0.36036036036036034,0.9647887323943662,0.8830694275274056,0.3940307228637768,0.674055829228243,0.6625745463773633,0.4719147524958994,0.5896368503386208,0.6153846153846154,0.45454545454545453,0.41177088352347335
0.7799999999999997,0.5,4,4,0.3829787234042553,0.9701492537313433,0.9037304452466908,0.42395674476639406,0.6822660098522167,0.6765639885677993,0.4907249927215562,0.6095461612590312,0.6206896551724138,0.47368421052631576,0.43896111829753137
0.7799999999999997,0.5,5,4,0.5392156862745098,0.9637096774193549,0.9125295508274232,0.5494040421489031,0.695152013147083,0.7514626818469323,0.5551067142221424,0.720865712237074,0.6707317073170732,0.5978260869565217,0.5535240392850768
0.7899999999999996,0.5,1,4,0.49038461538461536,0.9541160593792173,0.8970414201183432,0.4823798627002288,0.69376026272578,0.7222503373819164,0.4806769252120028,0.6840203482433562,0.6,0.5396825396825397,0.4854918449228692
0.7899999999999996,0.5,2,4,0.42201834862385323,0.9526938239159002,0.8862068965517241,0.41919430320849116,0.7142857142857143,0.6873560862698767,0.4346604600767019,0.6340774986648968,0.5609756097560976,0.4816753926701571,0.42455439768397624
0.7899999999999996,0.5,3,4,0.36036036036036034,0.9647887323943662,0.8830694275274056,0.3940307228637768,0.674055829228243,0.6625745463773633,0.4719107961959893,0.5896368503386208,0.6153846153846154,0.45454545454545453,0.41177088352347335
0.7899999999999996,0.5,4,4,0.3829787234042553,0.9701492537313433,0.9037304452466908,0.42395674476639406,0.6822660098522167,0.6765639885677993,0.49054716529898873,0.6095461612590312,0.6206896551724138,0.47368421052631576,0.43896111829753137
0.7899999999999996,0.5,5,4,0.5392156862745098,0.9637096774193549,0.9125295508274232,0.5494040421489031,0.695152013147083,0.7514626818469323,0.5547288985192917,0.720865712237074,0.6707317073170732,0.5978260869565217,0.5535240392850768
0.7999999999999996,0.5,1,4,0.49038461538461536,0.9541160593792173,0.8970414201183432,0.4823798627002288,0.69376026272578,0.7222503373819164,0.4230799891784401,0.6840203482433562,0.6,0.5396825396825397,0.4854918449228692
0.7999999999999996,0.5,2,4,0.42201834862385323,0.9526938239159002,0.8862068965517241,0.41919430320849116,0.7142857142857143,0.6873560862698767,0.43760963555083643,0.6340774986648968,0.5609756097560976,0.4816753926701571,0.42455439768397624
0.7999999999999996,0.5,3,4,0.36036036036036034,0.9647887323943662,0.8830694275274056,0.3940307228637768,0.674055829228243,0.6625745463773633,0.47178524971603986,0.5896368503386208,0.6153846153846154,0.45454545454545453,0.41177088352347335
0.7999999999999996,0.5,4,4,0.3829787234042553,0.9701492537313433,0.9037304452466908,0.42395674476639406,0.6822660098522167,0.6765639885677993,0.49032296994598573,0.6095461612590312,0.6206896551724138,0.47368421052631576,0.43896111829753137
0.7999999999999996,0.5,5,4,0.5392156862745098,0.9637096774193549,0.9125295508274232,0.5494040421489031,0.695152013147083,0.7514626818469323,0.5544725602494565,0.720865712237074,0.6707317073170732,0.5978260869565217,0.5535240392850768
0.8099999999999996,0.5,1,4,0.49038461538461536,0.9541160593792173,0.8970414201183432,0.4823798627002288,0.69376026272578,0.7222503373819164,0.4230580906004854,0.6840203482433562,0.6,0.5396825396825397,0.4854918449228692
0.8099999999999996,0.5,2,4,0.42201834862385323,0.9526938239159002,0.8862068965517241,0.41919430320849116,0.7142857142857143,0.6873560862698767,0.4374237109511734,0.6340774986648968,0.5609756097560976,0.4816753926701571,0.42455439768397624
0.8099999999999996,0.5,3,4,0.36036036036036034,0.9647887323943662,0.8830694275274056,0.3940307228637768,0.674055829228243,0.6625745463773633,0.4717395039528651,0.5896368503386208,0.6153846153846154,0.45454545454545453,0.41177088352347335
0.8099999999999996,0.5,4,4,0.3829787234042553,0.9701492537313433,0.9037304452466908,0.42395674476639406,0.6822660098522167,0.6765639885677993,0.49021824243225237,0.6095461612590312,0.6206896551724138,0.47368421052631576,0.43896111829753137
0.8099999999999996,0.5,5,4,0.5392156862745098,0.9637096774193549,0.9125295508274232,0.5494040421489031,0.695152013147083,0.7514626818469323,0.5543193292636611,0.720865712237074,0.6707317073170732,0.5978260869565217,0.5535240392850768
0.8199999999999996,0.5,1,4,0.49038461538461536,0.9541160593792173,0.8970414201183432,0.4823798627002288,0.69376026272578,0.7222503373819164,0.4814220625244363,0.6840203482433562,0.6,0.5396825396825397,0.4854918449228692
0.8199999999999996,0.5,2,4,0.42201834862385323,0.9526938239159002,0.8862068965517241,0.41919430320849116,0.7142857142857143,0.6873560862698767,0.43409605743334273,0.6340774986648968,0.5609756097560976,0.4816753926701571,0.42455439768397624
0.8199999999999996,0.5,3,4,0.36036036036036034,0.9647887323943662,0.8830694275274056,0.3940307228637768,0.674055829228243,0.6625745463773633,0.47162131810343494,0.5896368503386208,0.6153846153846154,0.45454545454545453,0.41177088352347335
0.8199999999999996,0.5,4,4,0.3829787234042553,0.9701492537313433,0.9037304452466908,0.42395674476639406,0.6822660098522167,0.6765639885677993,0.4902812924711264,0.6095461612590312,0.6206896551724138,0.47368421052631576,0.43896111829753137
0.8199999999999996,0.5,5,4,0.5392156862745098,0.9637096774193549,0.9125295508274232,0.5494040421489031,0.695152013147083,0.7514626818469323,0.5541596396121915,0.720865712237074,0.6707317073170732,0.5978260869565217,0.5535240392850768
0.8299999999999996,0.5,1,4,0.49038461538461536,0.9541160593792173,0.8970414201183432,0.4823798627002288,0.69376026272578,0.7222503373819164,0.48133023525201385,0.6840203482433562,0.6,0.5396825396825397,0.4854918449228692
0.8299999999999996,0.5,2,4,0.42201834862385323,0.9526938239159002,0.8862068965517241,0.41919430320849116,0.7142857142857143,0.6873560862698767,0.43370551509418037,0.6340774986648968,0.5609756097560976,0.4816753926701571,0.42455439768397624
0.8299999999999996,0.5,3,4,0.36036036036036034,0.9647887323943662,0.8830694275274056,0.3940307228637768,0.674055829228243,0.6625745463773633,0.47174200501818947,0.5896368503386208,0.6153846153846154,0.45454545454545453,0.41177088352347335
0.8299999999999996,0.5,4,4,0.3829787234042553,0.9701492537313433,0.9037304452466908,0.42395674476639406,0.6822660098522167,0.6765639885677993,0.4901743848378917,0.6095461612590312,0.6206896551724138,0.47368421052631576,0.43896111829753137
0.8299999999999996,0.5,5,4,0.5392156862745098,0.9637096774193549,0.9125295508274232,0.5494040421489031,0.695152013147083,0.7514626818469323,0.5539060669777133,0.720865712237074,0.6707317073170732,0.5978260869565217,0.5535240392850768
0.8399999999999996,0.5,1,4,0.49038461538461536,0.9541160593792173,0.8970414201183432,0.4823798627002288,0.69376026272578,0.7222503373819164,0.4803653231747834,0.6840203482433562,0.6,0.5396825396825397,0.4854918449228692
0.8399999999999996,0.5,2,4,0.42201834862385323,0.9526938239159002,0.8862068965517241,0.41919430320849116,0.7142857142857143,0.6873560862698767,0.4341119944809109,0.6340774986648968,0.5609756097560976,0.4816753926701571,0.42455439768397624
0.8399999999999996,0.5,3,4,0.36036036036036034,0.9647887323943662,0.8830694275274056,0.3940307228637768,0.674055829228243,0.6625745463773633,0.471387302648314,0.5896368503386208,0.6153846153846154,0.45454545454545453,0.41177088352347335
0.8399999999999996,0.5,4,4,0.3829787234042553,0.9701492537313433,0.9037304452466908,0.42395674476639406,0.6822660098522167,0.6765639885677993,0.48990246521094016,0.6095461612590312,0.6206896551724138,0.47368421052631576,0.43896111829753137
0.8399999999999996,0.5,5,4,0.5392156862745098,0.9637096774193549,0.9125295508274232,0.5494040421489031,0.695152013147083,0.7514626818469323,0.5536608010123643,0.720865712237074,0.6707317073170732,0.5978260869565217,0.5535240392850768
0.8499999999999996,0.5,1,4,0.49038461538461536,0.9541160593792173,0.8970414201183432,0.4823798627002288,0.69376026272578,0.7222503373819164,0.4763258693097209,0.6840203482433562,0.6,0.5396825396825397,0.4854918449228692
0.8499999999999996,0.5,2,4,0.42201834862385323,0.9526938239159002,0.8862068965517241,0.41919430320849116,0.7142857142857143,0.6873560862698767,0.4337429486332463,0.6340774986648968,0.5609756097560976,0.4816753926701571,0.42455439768397624
0.8499999999999996,0.5,3,4,0.36036036036036034,0.9647887323943662,0.8830694275274056,0.3940307228637768,0.674055829228243,0.6625745463773633,0.47122825451537165,0.5896368503386208,0.6153846153846154,0.45454545454545453,0.41177088352347335
0.8499999999999996,0.5,4,4,0.3829787234042553,0.9701492537313433,0.9037304452466908,0.42395674476639406,0.6822660098522167,0.6765639885677993,0.4896768531987382,0.6095461612590312,0.6206896551724138,0.47368421052631576,0.43896111829753137
0.8499999999999996,0.5,5,4,0.5392156862745098,0.9637096774193549,0.9125295508274232,0.5494040421489031,0.695152013147083,0.7514626818469323,0.5560681523569379,0.720865712237074,0.6707317073170732,0.5978260869565217,0.5535240392850768
0.8599999999999995,0.5,1,4,0.49038461538461536,0.9541160593792173,0.8970414201183432,0.4823798627002288,0.69376026272578,0.7222503373819164,0.47205294914581813,0.6840203482433562,0.6,0.5396825396825397,0.4854918449228692
0.8599999999999995,0.5,2,4,0.42201834862385323,0.9526938239159002,0.8862068965517241,0.41919430320849116,0.7142857142857143,0.6873560862698767,0.4337429486332463,0.6340774986648968,0.5609756097560976,0.4816753926701571,0.42455439768397624
0.8599999999999995,0.5,3,4,0.36036036036036034,0.9647887323943662,0.8830694275274056,0.3940307228637768,0.674055829228243,0.6625745463773633,0.4711720294918529,0.5896368503386208,0.6153846153846154,0.45454545454545453,0.41177088352347335
0.8599999999999995,0.5,4,4,0.3829787234042553,0.9701492537313433,0.9037304452466908,0.42395674476639406,0.6822660098522167,0.6765639885677993,0.4901119262679994,0.6095461612590312,0.6206896551724138,0.47368421052631576,0.43896111829753137
0.8599999999999995,0.5,5,4,0.5392156862745098,0.9637096774193549,0.9125295508274232,0.5494040421489031,0.695152013147083,0.7514626818469323,0.5541568911504701,0.720865712237074,0.6707317073170732,0.5978260869565217,0.5535240392850768
0.8699999999999996,0.5,1,4,0.49038461538461536,0.9541160593792173,0.8970414201183432,0.4823798627002288,0.69376026272578,0.7222503373819164,0.4232636993290395,0.6840203482433562,0.6,0.5396825396825397,0.4854918449228692
0.8699999999999996,0.5,2,4,0.41284403669724773,0.9526938239159002,0.8850574712643678,0.4107367822164428,0.7142857142857143,0.6827689303065739,0.43369220025976424,0.6271474818589142,0.5555555555555556,0.47368421052631576,0.41644430947409083
0.8699999999999996,0.5,3,4,0.36036036036036034,0.9647887323943662,0.8830694275274056,0.3940307228637768,0.674055829228243,0.6625745463773633,0.4711044110031818,0.5896368503386208,0.6153846153846154,0.45454545454545453,0.41177088352347335
0.8699999999999996,0.5,4,4,0.3829787234042553,0.9701492537313433,0.9037304452466908,0.42395674476639406,0.6822660098522167,0.6765639885677993,0.49003338078696074,0.6095461612590312,0.6206896551724138,0.47368421052631576,0.43896111829753137
0.8699999999999996,0.5,5,4,0.5392156862745098,0.9637096774193549,0.9125295508274232,0.5494040421489031,0.695152013147083,0.7514626818469323,0.5541229530293297,0.720865712237074,0.6707317073170732,0.5978260869565217,0.5535240392850768
0.8799999999999996,0.5,1,4,0.49038461538461536,0.9541160593792173,0.8970414201183432,0.4823798627002288,0.69376026272578,0.7222503373819164,0.48299276336844843,0.6840203482433562,0.6,0.5396825396825397,0.4854918449228692
0.8799999999999996,0.5,2,4,0.41284403669724773,0.9526938239159002,0.8850574712643678,0.4107367822164428,0.7142857142857143,0.6827689303065739,0.43365165330877803,0.6271474818589142,0.5555555555555556,0.47368421052631576,0.41644430947409083
0.8799999999999996,0.5,3,4,0.36036036036036034,0.9661971830985916,0.8842874543239951,0.39756849235712594,0.674055829228243,0.6632787717294759,0.4707842326324154,0.5900670852374106,0.625,0.45714285714285713,0.41649755607750577
0.8799999999999996,0.5,4,4,0.3829787234042553,0.9701492537313433,0.9037304452466908,0.42395674476639406,0.6822660098522167,0.6765639885677993,0.490219420773345,0.6095461612590312,0.6206896551724138,0.47368421052631576,0.43896111829753137
0.8799999999999996,0.5,5,4,0.5392156862745098,0.9637096774193549,0.9125295508274232,0.5494040421489031,0.695152013147083,0.7514626818469323,0.5539635268863696,0.720865712237074,0.6707317073170732,0.5978260869565217,0.5535240392850768
0.8899999999999996,0.5,1,4,0.49038461538461536,0.9541160593792173,0.8970414201183432,0.4823798627002288,0.69376026272578,0.7222503373819164,0.48086358116450534,0.6840203482433562,0.6,0.5396825396825397,0.4854918449228692
0.8899999999999996,0.5,2,4,0.41284403669724773,0.9526938239159002,0.8850574712643678,0.4107367822164428,0.7142857142857143,0.6827689303065739,0.43337576465530797,0.6271474818589142,0.5555555555555556,0.47368421052631576,0.41644430947409083
0.8899999999999996,0.5,3,4,0.36036036036036034,0.9661971830985916,0.8842874543239951,0.39756849235712594,0.674055829228243,0.6632787717294759,0.47079326833722845,0.5900670852374106,0.625,0.45714285714285713,0.41649755607750577
0.8899999999999996,0.5,4,4,0.3829787234042553,0.9701492537313433,0.9037304452466908,0.42395674476639406,0.6822660098522167,0.6765639885677993,0.48494401433333895,0.6095461612590312,0.6206896551724138,0.47368421052631576,0.43896111829753137
0.8899999999999996,0.5,5,4,0.5392156862745098,0.9637096774193549,0.9125295508274232,0.5494040421489031,0.695152013147083,0.7514626818469323,0.5539741805878611,0.720865712237074,0.6707317073170732,0.5978260869565217,0.5535240392850768
0.8999999999999996,0.5,1,4,0.49038461538461536,0.9541160593792173,0.8970414201183432,0.4823798627002288,0.69376026272578,0.7222503373819164,0.4800331452722179,0.6840203482433562,0.6,0.5396825396825397,0.4854918449228692
0.8999999999999996,0.5,2,4,0.41284403669724773,0.9526938239159002,0.8850574712643678,0.4107367822164428,0.7142857142857143,0.6827689303065739,0.4290008405599519,0.6271474818589142,0.5555555555555556,0.47368421052631576,0.41644430947409083
0.8999999999999996,0.5,3,4,0.36036036036036034,0.9661971830985916,0.8842874543239951,0.39756849235712594,0.674055829228243,0.6632787717294759,0.47073349706519074,0.5900670852374106,0.625,0.45714285714285713,0.41649755607750577
0.8999999999999996,0.5,4,4,0.3829787234042553,0.9701492537313433,0.9037304452466908,0.42395674476639406,0.6822660098522167,0.6765639885677993,0.48457702195298036,0.6095461612590312,0.6206896551724138,0.47368421052631576,0.43896111829753137
0.8999999999999996,0.5,5,4,0.5392156862745098,0.9637096774193549,0.9125295508274232,0.5494040421489031,0.695152013147083,0.7514626818469323,0.553828217338723,0.720865712237074,0.6707317073170732,0.5978260869565217,0.5535240392850768
0.9099999999999996,0.5,1,4,0.49038461538461536,0.9541160593792173,0.8970414201183432,0.4823798627002288,0.69376026272578,0.7222503373819164,0.47962914181606126,0.6840203482433562,0.6,0.5396825396825397,0.4854918449228692
0.9099999999999996,0.5,2,4,0.41284403669724773,0.9526938239159002,0.8850574712643678,0.4107367822164428,0.7142857142857143,0.6827689303065739,0.4332137093546066,0.6271474818589142,0.5555555555555556,0.47368421052631576,0.41644430947409083
0.9099999999999996,0.5,3,4,0.36036036036036034,0.9661971830985916,0.8842874543239951,0.39756849235712594,0.674055829228243,0.6632787717294759,0.47019337074188927,0.5900670852374106,0.625,0.45714285714285713,0.41649755607750577
0.9099999999999996,0.5,4,4,0.3829787234042553,0.9701492537313433,0.9037304452466908,0.42395674476639406,0.6822660098522167,0.6765639885677993,0.4892564240583907,0.6095461612590312,0.6206896551724138,0.47368421052631576,0.43896111829753137
0.9099999999999996,0.5,5,4,0.5392156862745098,0.9637096774193549,0.9125295508274232,0.5494040421489031,0.695152013147083,0.7514626818469323,0.5537341475619498,0.720865712237074,0.6707317073170732,0.5978260869565217,0.5535240392850768
0.9199999999999996,0.5,1,4,0.49038461538461536,0.9541160593792173,0.8970414201183432,0.4823798627002288,0.69376026272578,0.7222503373819164,0.4218267690237186,0.6840203482433562,0.6,0.5396825396825397,0.4854918449228692
0.9199999999999996,0.5,2,4,0.41284403669724773,0.9526938239159002,0.8850574712643678,0.4107367822164428,0.7142857142857143,0.6827689303065739,0.43327060745638574,0.6271474818589142,0.5555555555555556,0.47368421052631576,0.41644430947409083
0.9199999999999996,0.5,3,4,0.36036036036036034,0.9661971830985916,0.8842874543239951,0.39756849235712594,0.674055829228243,0.6632787717294759,0.46993911199263455,0.5900670852374106,0.625,0.45714285714285713,0.41649755607750577
0.9199999999999996,0.5,4,4,0.3829787234042553,0.9701492537313433,0.9037304452466908,0.42395674476639406,0.6822660098522167,0.6765639885677993,0.4843399357644553,0.6095461612590312,0.6206896551724138,0.47368421052631576,0.43896111829753137
0.9199999999999996,0.5,5,4,0.5392156862745098,0.9637096774193549,0.9125295508274232,0.5494040421489031,0.695152013147083,0.7514626818469323,0.5537013952059688,0.720865712237074,0.6707317073170732,0.5978260869565217,0.5535240392850768
0.9299999999999996,0.5,1,4,0.49038461538461536,0.9541160593792173,0.8970414201183432,0.4823798627002288,0.69376026272578,0.7222503373819164,0.4823705059117174,0.6840203482433562,0.6,0.5396825396825397,0.4854918449228692
0.9299999999999996,0.5,2,4,0.41284403669724773,0.9526938239159002,0.8850574712643678,0.4107367822164428,0.7142857142857143,0.6827689303065739,0.40568205067408314,0.6271474818589142,0.5555555555555556,0.47368421052631576,0.41644430947409083
0.9299999999999996,0.5,3,4,0.36036036036036034,0.9661971830985916,0.8842874543239951,0.39756849235712594,0.674055829228243,0.6632787717294759,0.46995075352522686,0.5900670852374106,0.625,0.45714285714285713,0.41649755607750577
0.9299999999999996,0.5,4,4,0.3829787234042553,0.9701492537313433,0.9037304452466908,0.42395674476639406,0.6822660098522167,0.6765639885677993,0.48907526376761223,0.6095461612590312,0.6206896551724138,0.47368421052631576,0.43896111829753137
0.9299999999999996,0.5,5,4,0.5392156862745098,0.9637096774193549,0.9125295508274232,0.5494040421489031,0.695152013147083,0.7514626818469323,0.5536828633908009,0.720865712237074,0.6707317073170732,0.5978260869565217,0.5535240392850768
0.9399999999999996,0.5,1,4,0.49038461538461536,0.9527665317139001,0.8958579881656805,0.4787679970840171,0.69376026272578,0.7215755735492577,0.479727001593652,0.6835364285872808,0.5930232558139535,0.5368421052631579,0.48151246901213146
0.9399999999999996,0.5,2,4,0.41284403669724773,0.9526938239159002,0.8850574712643678,0.4107367822164428,0.7142857142857143,0.6827689303065739,0.43320498645389965,0.6271474818589142,0.5555555555555556,0.47368421052631576,0.41644430947409083
0.9399999999999996,0.5,3,4,0.36036036036036034,0.9661971830985916,0.8842874543239951,0.39756849235712594,0.674055829228243,0.6632787717294759,0.470112328412163,0.5900670852374106,0.625,0.45714285714285713,0.41649755607750577
0.9399999999999996,0.5,4,4,0.3829787234042553,0.9701492537313433,0.9037304452466908,0.42395674476639406,0.6822660098522167,0.6765639885677993,0.49265006837777237,0.6095461612590312,0.6206896551724138,0.47368421052631576,0.43896111829753137
0.9399999999999996,0.5,5,4,0.5392156862745098,0.9637096774193549,0.9125295508274232,0.5494040421489031,0.695152013147083,0.7514626818469323,0.5536197604739891,0.720865712237074,0.6707317073170732,0.5978260869565217,0.5535240392850768
0.9499999999999995,0.5,1,4,0.49038461538461536,0.9527665317139001,0.8958579881656805,0.4787679970840171,0.69376026272578,0.7215755735492577,0.48031182946093753,0.6835364285872808,0.5930232558139535,0.5368421052631579,0.48151246901213146
0.9499999999999995,0.5,2,4,0.41284403669724773,0.9526938239159002,0.8850574712643678,0.4107367822164428,0.7142857142857143,0.6827689303065739,0.4332131853751787,0.6271474818589142,0.5555555555555556,0.47368421052631576,0.41644430947409083
0.9499999999999995,0.5,3,4,0.36036036036036034,0.9661971830985916,0.8842874543239951,0.39756849235712594,0.674055829228243,0.6632787717294759,0.47006876642082984,0.5900670852374106,0.625,0.45714285714285713,0.41649755607750577
0.9499999999999995,0.5,4,4,0.3829787234042553,0.9701492537313433,0.9037304452466908,0.42395674476639406,0.6822660098522167,0.6765639885677993,0.4925881233066566,0.6095461612590312,0.6206896551724138,0.47368421052631576,0.43896111829753137
0.9499999999999995,0.5,5,4,0.5392156862745098,0.9637096774193549,0.9125295508274232,0.5494040421489031,0.695152013147083,0.7514626818469323,0.5534734643563981,0.720865712237074,0.6707317073170732,0.5978260869565217,0.5535240392850768
0.9599999999999995,0.5,1,4,0.49038461538461536,0.9527665317139001,0.8958579881656805,0.4787679970840171,0.69376026272578,0.7215755735492577,0.4754055479718461,0.6835364285872808,0.5930232558139535,0.5368421052631579,0.48151246901213146
0.9599999999999995,0.5,2,4,0.41284403669724773,0.9526938239159002,0.8850574712643678,0.4107367822164428,0.7142857142857143,0.6827689303065739,0.43309728794545105,0.6271474818589142,0.5555555555555556,0.47368421052631576,0.41644430947409083
0.9599999999999995,0.5,3,4,0.36036036036036034,0.9661971830985916,0.8842874543239951,0.39756849235712594,0.674055829228243,0.6632787717294759,0.46990537897237816,0.5900670852374106,0.625,0.45714285714285713,0.41649755607750577
0.9599999999999995,0.5,4,4,0.3829787234042553,0.9701492537313433,0.9037304452466908,0.42395674476639406,0.6822660098522167,0.6765639885677993,0.48893120841303955,0.6095461612590312,0.6206896551724138,0.47368421052631576,0.43896111829753137
0.9599999999999995,0.5,5,4,0.5392156862745098,0.9637096774193549,0.9125295508274232,0.5494040421489031,0.695152013147083,0.7514626818469323,0.5531810119084392,0.720865712237074,0.6707317073170732,0.5978260869565217,0.5535240392850768
0.9699999999999995,0.5,1,4,0.49038461538461536,0.9527665317139001,0.8958579881656805,0.4787679970840171,0.69376026272578,0.7215755735492577,0.4793982364522973,0.6835364285872808,0.5930232558139535,0.5368421052631579,0.48151246901213146
0.9699999999999995,0.5,2,4,0.41284403669724773,0.9526938239159002,0.8850574712643678,0.4107367822164428,0.7142857142857143,0.6827689303065739,0.4054554920535939,0.6271474818589142,0.5555555555555556,0.47368421052631576,0.41644430947409083
0.9699999999999995,0.5,3,4,0.36036036036036034,0.9661971830985916,0.8842874543239951,0.39756849235712594,0.674055829228243,0.6632787717294759,0.47008155820212844,0.5900670852374106,0.625,0.45714285714285713,0.41649755607750577
0.9699999999999995,0.5,4,4,0.3829787234042553,0.9701492537313433,0.9037304452466908,0.42395674476639406,0.6822660098522167,0.6765639885677993,0.4888973651935782,0.6095461612590312,0.6206896551724138,0.47368421052631576,0.43896111829753137
0.9699999999999995,0.5,5,4,0.5392156862745098,0.9637096774193549,0.9125295508274232,0.5494040421489031,0.695152013147083,0.7514626818469323,0.5530415235156966,0.720865712237074,0.6707317073170732,0.5978260869565217,0.5535240392850768
0.9799999999999995,0.5,1,4,0.49038461538461536,0.9527665317139001,0.8958579881656805,0.4787679970840171,0.69376026272578,0.7215755735492577,0.4225891397264818,0.6835364285872808,0.5930232558139535,0.5368421052631579,0.48151246901213146
0.9799999999999995,0.5,2,4,0.41284403669724773,0.9526938239159002,0.8850574712643678,0.4107367822164428,0.7142857142857143,0.6827689303065739,0.4286891391404519,0.6271474818589142,0.5555555555555556,0.47368421052631576,0.41644430947409083
0.9799999999999995,0.5,3,4,0.36036036036036034,0.9661971830985916,0.8842874543239951,0.39756849235712594,0.674055829228243,0.6632787717294759,0.47016040830680395,0.5900670852374106,0.625,0.45714285714285713,0.41649755607750577
0.9799999999999995,0.5,4,4,0.3829787234042553,0.9701492537313433,0.9037304452466908,0.42395674476639406,0.6822660098522167,0.6765639885677993,0.4887674726154713,0.6095461612590312,0.6206896551724138,0.47368421052631576,0.43896111829753137
0.9799999999999995,0.5,5,4,0.5392156862745098,0.9637096774193549,0.9125295508274232,0.5494040421489031,0.695152013147083,0.7514626818469323,0.5533147120581806,0.720865712237074,0.6707317073170732,0.5978260869565217,0.5535240392850768
0.9899999999999995,0.5,1,4,0.49038461538461536,0.9527665317139001,0.8958579881656805,0.4787679970840171,0.69376026272578,0.7215755735492577,0.4755512115334057,0.6835364285872808,0.5930232558139535,0.5368421052631579,0.48151246901213146
0.9899999999999995,0.5,2,4,0.41284403669724773,0.9526938239159002,0.8850574712643678,0.4107367822164428,0.7142857142857143,0.6827689303065739,0.4328840081692079,0.6271474818589142,0.5555555555555556,0.47368421052631576,0.41644430947409083
0.9899999999999995,0.5,3,4,0.36036036036036034,0.9661971830985916,0.8842874543239951,0.39756849235712594,0.674055829228243,0.6632787717294759,0.4701083677051452,0.5900670852374106,0.625,0.45714285714285713,0.41649755607750577
0.9899999999999995,0.5,4,4,0.3829787234042553,0.9701492537313433,0.9037304452466908,0.42395674476639406,0.6822660098522167,0.6765639885677993,0.4887276578441467,0.6095461612590312,0.6206896551724138,0.47368421052631576,0.43896111829753137
0.9899999999999995,0.5,5,4,0.5392156862745098,0.9637096774193549,0.9125295508274232,0.5494040421489031,0.695152013147083,0.7514626818469323,0.5534448499889646,0.720865712237074,0.6707317073170732,0.5978260869565217,0.5535240392850768
1.0,0.5,1,4,0.49038461538461536,0.9527665317139001,0.8958579881656805,0.4787679970840171,0.69376026272578,0.7215755735492577,0.4802857592215569,0.6835364285872808,0.5930232558139535,0.5368421052631579,0.48151246901213146
1.0,0.5,2,4,0.41284403669724773,0.9526938239159002,0.8850574712643678,0.4107367822164428,0.7142857142857143,0.6827689303065739,0.4328840081692079,0.6271474818589142,0.5555555555555556,0.47368421052631576,0.41644430947409083
1.0,0.5,3,4,0.36036036036036034,0.9661971830985916,0.8842874543239951,0.39756849235712594,0.674055829228243,0.6632787717294759,0.47017221977195267,0.5900670852374106,0.625,0.45714285714285713,0.41649755607750577
1.0,0.5,4,4,0.3829787234042553,0.9701492537313433,0.9037304452466908,0.42395674476639406,0.6822660098522167,0.6765639885677993,0.4837577578212675,0.6095461612590312,0.6206896551724138,0.47368421052631576,0.43896111829753137
1.0,0.5,5,4,0.5392156862745098,0.9637096774193549,0.9125295508274232,0.5494040421489031,0.695152013147083,0.7514626818469323,0.5534382695753742,0.720865712237074,0.6707317073170732,0.5978260869565217,0.5535240392850768
0.1,0.5,1,5,0.54,0.9363762102351314,0.8882138517618469,0.4763762102351311,0.6756978653530378,0.7381881051175657,0.44139288230278334,0.7110858974322096,0.54,0.54,0.4763762102351314
0.1,0.5,2,5,0.6363636363636364,0.9259259259259259,0.8879618593563766,0.5334642641647835,0.6888341543513957,0.7811447811447811,0.5891410309747089,0.7676103107863972,0.5645161290322581,0.5982905982905983,0.5347567375634087
0.1,0.5,3,5,0.5588235294117647,0.9396325459317585,0.8946759259259259,0.49634868168191265,0.7093596059113301,0.7492280376717616,0.45513990230545337,0.7246300957507543,0.5533980582524272,0.5560975609756098,0.49635628396469783
0.1,0.5,4,5,0.5833333333333334,0.953360768175583,0.9056152927120669,0.5610324430901592,0.687192118226601,0.7683470507544582,0.5595819632223326,0.7457393075124109,0.6494845360824743,0.6146341463414634,0.5620833710995035
0.1,0.5,5,5,0.5315315315315315,0.946164199192463,0.892271662763466,0.5007180895006418,0.7017255546425637,0.7388478653619972,0.51873303499857,0.7091657816597434,0.5959595959595959,0.5619047619047619,0.5017832765883756
0.11,0.5,1,5,0.54,0.9377593360995851,0.8894289185905225,0.479826638977059,0.6756978653530378,0.7388796680497925,0.4445404892545117,0.7116108778635807,0.5454545454545454,0.542713567839196,0.47983447829778847
0.11,0.5,2,5,0.6272727272727273,0.9286694101508917,0.8891537544696066,0.5333006358073796,0.6888341543513957,0.7779710687118095,0.5468514724312405,0.763235870252509,0.5702479338842975,0.5974025974025974,0.5341150210715621
0.11,0.5,3,5,0.5686274509803921,0.9396325459317585,0.8958333333333334,0.5039804041641153,0.7093596059113301,0.7541299984560753,0.45776196458828955,0.730958863036349,0.5576923076923077,0.5631067961165048,0.504011023507447
0.11,0.5,4,5,0.5833333333333334,0.953360768175583,0.9056152927120669,0.5610324430901592,0.687192118226601,0.7683470507544582,0.5618694194291607,0.7457393075124109,0.6494845360824743,0.6146341463414634,0.5620833710995035
0.11,0.5,5,5,0.5405405405405406,0.9475100942126514,0.8946135831381733,0.5115720440767147,0.7017255546425637,0.744025317376596,0.52198009717665,0.7156588701981728,0.6060606060606061,0.5714285714285714,0.5126603209878597
0.12,0.5,1,5,0.54,0.9377593360995851,0.8894289185905225,0.479826638977059,0.6756978653530378,0.7388796680497925,0.4482493712936083,0.7116108778635807,0.5454545454545454,0.542713567839196,0.47983447829778847
0.12,0.5,2,5,0.6181818181818182,0.9259259259259259,0.8855780691299165,0.5200228832951944,0.6888341543513957,0.7720538720538721,0.5835464973401275,0.7565649822656163,0.5573770491803278,0.5862068965517241,0.5209613696714952
0.12,0.5,3,5,0.5686274509803921,0.9409448818897638,0.8969907407407407,0.507417941425167,0.7093596059113301,0.7547861664350779,0.4599792535915018,0.7314691310657084,0.5631067961165048,0.5658536585365853,0.5074257132493373
0.12,0.5,4,5,0.5833333333333334,0.9547325102880658,0.9068100358422939,0.5647948164146869,0.687192118226601,0.7690329218106996,0.5641106478599154,0.7462756177633291,0.65625,0.6176470588235294,0.5660650550058053
0.12,0.5,5,5,0.5405405405405406,0.9475100942126514,0.8946135831381733,0.5115720440767147,0.7017255546425637,0.744025317376596,0.5227057075511169,0.7156588701981728,0.6060606060606061,0.5714285714285714,0.5126603209878597
0.13,0.5,1,5,0.54,0.9405255878284924,0.8918590522478737,0.4868178601705307,0.6756978653530378,0.7402627939142462,0.4522699788440075,0.7126596785474719,0.5567010309278351,0.5482233502538071,0.4868907118468049
0.13,0.5,2,5,0.6272727272727273,0.9286694101508917,0.8891537544696066,0.5333006358073796,0.6888341543513957,0.7779710687118095,0.5945237996455143,0.763235870252509,0.5702479338842975,0.5974025974025974,0.5341150210715621
0.13,0.5,3,5,0.5686274509803921,0.9396325459317585,0.8958333333333334,0.5039804041641153,0.7093596059113301,0.7541299984560753,0.4622394617662127,0.730958863036349,0.5576923076923077,0.5631067961165048,0.504011023507447
0.13,0.5,4,5,0.5740740740740741,0.9547325102880658,0.9056152927120669,0.5573829748780045,0.687192118226601,0.76440329218107,0.5666072369813719,0.7403291037316024,0.6526315789473685,0.6108374384236454,0.5588673533039169
0.13,0.5,5,5,0.5495495495495496,0.9475100942126514,0.8957845433255269,0.5189310986493157,0.7017255546425637,0.7485298218811005,0.5272674138919491,0.7215980497951847,0.61,0.5781990521327014,0.5198508130767907
0.13999999999999999,0.5,1,5,0.53,0.9405255878284924,0.8906439854191981,0.4787767050412365,0.6756978653530378,0.7352627939142462,0.4261230851066474,0.7060301420967103,0.5520833333333334,0.5408163265306123,0.47890522200361535
0.13999999999999999,0.5,2,5,0.6272727272727273,0.9286694101508917,0.8891537544696066,0.5333006358073796,0.6888341543513957,0.7779710687118095,0.5918587117057544,0.763235870252509,0.5702479338842975,0.5974025974025974,0.5341150210715621
0.13999999999999999,0.5,3,5,0.5490196078431373,0.9383202099737533,0.8923611111111112,0.4852794219386582,0.7093596059113301,0.7436699089084453,0.46618116460407105,0.7177438217853779,0.5436893203883495,0.5463414634146342,0.48528685468005844
0.13999999999999999,0.5,4,5,0.5833333333333334,0.9547325102880658,0.9068100358422939,0.5647948164146869,0.687192118226601,0.7690329218106996,0.5656333647770702,0.7462756177633291,0.65625,0.6176470588235294,0.5660650550058053
0.13999999999999999,0.5,5,5,0.5585585585585585,0.9502018842530283,0.8992974238875878,0.5332799532288608,0.7017255546425637,0.7543802214057933,0.534556622870364,0.7285213756699235,0.6262626262626263,0.5904761904761905,0.5344144097868277
0.14999999999999997,0.5,1,5,0.53,0.9405255878284924,0.8906439854191981,0.4787767050412365,0.6756978653530378,0.7352627939142462,0.45992395689007165,0.7060301420967103,0.5520833333333334,0.5408163265306123,0.47890522200361535
0.14999999999999997,0.5,2,5,0.6363636363636364,0.9368998628257887,0.8974970202622169,0.5602886150620985,0.6888341543513957,0.7866317495947126,0.6016339954979005,0.7721457139791758,0.603448275862069,0.6194690265486725,0.5605524482913895
0.14999999999999997,0.5,3,5,0.5588235294117647,0.9422572178477691,0.8969907407407407,0.5032173036669507,0.7093596059113301,0.7505403736297669,0.4712559212417813,0.7256414432013929,0.5643564356435643,0.5615763546798029,0.5032251431716835
0.14999999999999997,0.5,4,5,0.5740740740740741,0.9547325102880658,0.9056152927120669,0.5573829748780045,0.687192118226601,0.76440329218107,0.570843472341087,0.7403291037316024,0.6526315789473685,0.6108374384236454,0.5588673533039169
0.14999999999999997,0.5,5,5,0.5585585585585585,0.9515477792732167,0.9004683840749415,0.5368468066100938,0.7017255546425637,0.7550531689158876,0.5442678296922646,0.729037143080135,0.6326530612244898,0.5933014354066986,0.5381987442914156
0.15999999999999998,0.5,1,5,0.52,0.9405255878284924,0.8894289185905225,0.4706647347775386,0.6756978653530378,0.7302627939142462,0.4631298631330977,0.6993377622228161,0.5473684210526316,0.5333333333333333,0.47086392874354754
0.15999999999999998,0.5,2,5,0.6272727272727273,0.9423868312757202,0.901072705601907,0.5674693631637463,0.6888341543513957,0.7848297792742238,0.6025743928975165,0.7688521039837406,0.6216216216216216,0.6244343891402715,0.567477068628427
0.15999999999999998,0.5,3,5,0.5588235294117647,0.9461942257217848,0.9004629629629629,0.513742735982409,0.7093596059113301,0.7525088775667748,0.4749244798534235,0.7271558269909413,0.5816326530612245,0.57,0.5138741790336673
0.15999999999999998,0.5,4,5,0.5555555555555556,0.9547325102880658,0.9032258064516129,0.5423728813559321,0.687192118226601,0.7551440329218106,0.5723362306711799,0.7282904298149445,0.6451612903225806,0.5970149253731343,0.5443310539518174
0.15999999999999998,0.5,5,5,0.5585585585585585,0.9502018842530283,0.8992974238875878,0.5332799532288608,0.7017255546425637,0.7543802214057933,0.5487333023050853,0.7285213756699235,0.6262626262626263,0.5904761904761905,0.5344144097868277
0.16999999999999998,0.5,1,5,0.52,0.9432918395573997,0.8918590522478737,0.47769878564450685,0.6756978653530378,0.7316459197786999,0.46828895196016923,0.7003654450141353,0.5591397849462365,0.538860103626943,0.4781023681918788
0.16999999999999998,0.5,2,5,0.6363636363636364,0.9423868312757202,0.902264600715137,0.574317217141655,0.6888341543513957,0.7893752338196782,0.6084155931033091,0.7744034548036456,0.625,0.6306306306306306,0.5743481743229326
0.16999999999999998,0.5,3,5,0.5490196078431373,0.9488188976377953,0.9016203703703703,0.5130877555891478,0.7093596059113301,0.7489192527404662,0.4793130344673154,0.7217480024878906,0.5894736842105263,0.5685279187817259,0.5135007511552331
0.16999999999999998,0.5,4,5,0.5277777777777778,0.9615912208504801,0.9056152927120669,0.5381859324910426,0.687192118226601,0.744684499314129,0.5711412126330934,0.7123948888580593,0.6705882352941176,0.5906735751295337,0.5431173944876546
0.16999999999999998,0.5,5,5,0.5495495495495496,0.9528936742934051,0.9004683840749415,0.5330811881697606,0.7017255546425637,0.7512216119214774,0.5511533062737723,0.7236451405741325,0.6354166666666666,0.5893719806763285,0.5349000893792352
0.17999999999999997,0.5,1,5,0.52,0.9446749654218534,0.8930741190765492,0.4812628925051569,0.6756978653530378,0.7323374827109267,0.4701746905037229,0.7008787213344144,0.5652173913043478,0.5416666666666666,0.4817989196003869
0.17999999999999997,0.5,2,5,0.6272727272727273,0.943758573388203,0.902264600715137,0.5710313006609302,0.6888341543513957,0.7855156503304652,0.6109385547851899,0.769411472631021,0.6272727272727273,0.6272727272727273,0.5710313006609303
0.17999999999999997,0.5,3,5,0.5588235294117647,0.9488188976377953,0.9027777777777778,0.5209125475285171,0.7093596059113301,0.7538212135247799,0.4822535291660687,0.7281636664586696,0.59375,0.5757575757575758,0.5212178216453665
0.17999999999999997,0.5,4,5,0.5185185185185185,0.9615912208504801,0.9044205495818399,0.5303030303030305,0.687192118226601,0.7400548696844993,0.5762828879331043,0.7061181595567447,0.6666666666666666,0.5833333333333334,0.5356474315607689
0.17999999999999997,0.5,5,5,0.5495495495495496,0.9528936742934051,0.9004683840749415,0.5330811881697606,0.7017255546425637,0.7512216119214774,0.5558794636817151,0.7236451405741325,0.6354166666666666,0.5893719806763285,0.5349000893792352
0.18999999999999995,0.5,1,5,0.52,0.9446749654218534,0.8930741190765492,0.4812628925051569,0.6756978653530378,0.7323374827109267,0.4729323284203323,0.7008787213344144,0.5652173913043478,0.5416666666666666,0.4817989196003869
0.18999999999999995,0.5,2,5,0.5909090909090909,0.9451303155006858,0.8986889153754469,0.5465874050290872,0.6888341543513957,0.7680197032048883,0.6083145944607206,0.7473192728166005,0.6190476190476191,0.6046511627906976,0.5467819189649772
0.18999999999999995,0.5,3,5,0.5490196078431373,0.9514435695538058,0.9039351851851852,0.5203467372983387,0.7093596059113301,0.7502315886984716,0.48412767397506085,0.7227455814055906,0.6021505376344086,0.5743589743589743,0.5210519638948191
0.18999999999999995,0.5,4,5,0.5,0.9615912208504801,0.9020310633213859,0.5143293847917464,0.687192118226601,0.73079561042524,0.5806268222562196,0.6933942676610761,0.6585365853658537,0.5684210526315789,0.5205384087544966
0.18999999999999995,0.5,5,5,0.5405405405405406,0.9569313593539704,0.9028103044496487,0.5365311433391309,0.7017255546425637,0.7487359499472555,0.5626171514482188,0.7192080326618923,0.6521739130434783,0.5911330049261084,0.5395765304427262
0.19999999999999996,0.5,1,5,0.51,0.9474412171507607,0.8942891859052248,0.48019920579032566,0.6756978653530378,0.7287206085753803,0.4755035169151405,0.6951223063223392,0.5730337078651685,0.5396825396825397,0.4812396574020047
0.19999999999999996,0.5,2,5,0.5818181818181818,0.9492455418381345,0.901072705601907,0.5501747314432622,0.6888341543513957,0.7655318618281581,0.5275662565486342,0.7431610291526852,0.6336633663366337,0.6066350710900474,0.5508303676818317
0.19999999999999996,0.5,3,5,0.5490196078431373,0.9540682414698163,0.90625,0.5277350392744352,0.7093596059113301,0.7515439246564768,0.4845053553050815,0.7237417852987004,0.6153846153846154,0.5803108808290155,0.5288237563276249
0.19999999999999996,0.5,4,5,0.48148148148148145,0.9629629629629629,0.9008363201911589,0.5018393030009679,0.687192118226601,0.7222222222222222,0.5796132942333816,0.6809176411426012,0.6582278481012658,0.5561497326203209,0.5096182536992996
0.19999999999999996,0.5,5,5,0.5405405405405406,0.9596231493943472,0.905152224824356,0.5439297440563314,0.7017255546425637,0.7500818449674439,0.5653783102611141,0.7202188666570992,0.6666666666666666,0.5970149253731343,0.5477723702961762
0.20999999999999996,0.5,1,5,0.51,0.9488243430152143,0.8955042527339003,0.4838394445902977,0.6756978653530378,0.7294121715076072,0.47780228744457404,0.6956295098238424,0.5795454545454546,0.5425531914893617,0.4850992402539137
0.20999999999999996,0.5,2,5,0.5727272727272728,0.9519890260631001,0.902264600715137,0.550198755165019,0.6888341543513957,0.7623581493951864,0.6121697078962104,0.7383969654348614,0.6428571428571429,0.6057692307692307,0.5513946137322291
0.20999999999999996,0.5,3,5,0.5392156862745098,0.9553805774278216,0.90625,0.523490481248468,0.7093596059113301,0.7472981318511657,0.48653615244938875,0.7177438217853779,0.6179775280898876,0.5759162303664922,0.5250281004474352
0.20999999999999996,0.5,4,5,0.49074074074074076,0.9615912208504801,0.9008363201911589,0.5062368067549415,0.687192118226601,0.7261659807956105,0.5809633344446364,0.6869439482300996,0.654320987654321,0.5608465608465608,0.5128962344641674
0.20999999999999996,0.5,5,5,0.5225225225225225,0.9636608344549125,0.9063231850117096,0.5399760291959008,0.7017255546425637,0.7430916784887175,0.5693009640902631,0.709601641821339,0.6823529411764706,0.5918367346938775,0.5461140520652632
0.21999999999999995,0.5,1,5,0.51,0.9515905947441217,0.8979343863912516,0.4912200650583615,0.6756978653530378,0.7307952973720608,0.4794774069291375,0.696642808991453,0.5930232558139535,0.5483870967741935,0.49299569881952454
0.21999999999999995,0.5,2,5,0.5636363636363636,0.9519890260631001,0.901072705601907,0.5428633323048846,0.6888341543513957,0.7578126948497319,0.6093828561388206,0.7325132305098175,0.6391752577319587,0.5990338164251208,0.5442602052294285
0.21999999999999995,0.5,3,5,0.5392156862745098,0.9553805774278216,0.90625,0.523490481248468,0.7093596059113301,0.7472981318511657,0.4878266802170633,0.7177438217853779,0.6179775280898876,0.5759162303664922,0.5250281004474352
0.21999999999999995,0.5,4,5,0.48148148148148145,0.9629629629629629,0.9008363201911589,0.5018393030009679,0.687192118226601,0.7222222222222222,0.5833900457055073,0.6809176411426012,0.6582278481012658,0.5561497326203209,0.5096182536992996
0.21999999999999995,0.5,5,5,0.5135135135135135,0.9663526244952894,0.9074941451990632,0.5398518599353423,0.7017255546425637,0.7399330690044015,0.5697081562479924,0.7044395868330946,0.6951219512195121,0.5906735751295337,0.5477223019438786
0.22999999999999995,0.5,1,5,0.51,0.9515905947441217,0.8979343863912516,0.4912200650583615,0.6756978653530378,0.7307952973720608,0.4802044409797058,0.696642808991453,0.5930232558139535,0.5483870967741935,0.49299569881952454
0.22999999999999995,0.5,2,5,0.5727272727272728,0.953360768175583,0.9034564958283671,0.5538786736951283,0.6888341543513957,0.7630440204514279,0.5298582286913258,0.7389287602214298,0.6494845360824743,0.6086956521739131,0.5553038908293968
0.22999999999999995,0.5,3,5,0.5294117647058824,0.9593175853018373,0.9085648148148148,0.5267493135868206,0.7093596059113301,0.7443646750038598,0.48702481821198124,0.7126528016839837,0.6352941176470588,0.5775401069518716,0.5295022387555485
0.22999999999999995,0.5,4,5,0.48148148148148145,0.9643347050754458,0.9020310633213859,0.5056398288603658,0.687192118226601,0.7229080932784636,0.5797694008429389,0.6814024526252699,0.6666666666666666,0.5591397849462365,0.5141185633374259
0.22999999999999995,0.5,5,5,0.4954954954954955,0.9663526244952894,0.905152224824356,0.5240997839756734,0.7017255546425637,0.7309240599953924,0.5709965687606456,0.6919706442455965,0.6875,0.5759162303664922,0.5330152105137659
0.23999999999999994,0.5,1,5,0.51,0.9529737206085753,0.8991494532199271,0.4949613692654615,0.6756978653530378,0.7314868603042877,0.4799697160381853,0.6971489062677882,0.6,0.5513513513513514,0.49703599949185084
0.23999999999999994,0.5,2,5,0.5454545454545454,0.9547325102880658,0.901072705601907,0.5353103291804854,0.6888341543513957,0.7500935278713057,0.6086804077257921,0.721639236343101,0.6451612903225806,0.5911330049261084,0.5377515455061267
0.23999999999999994,0.5,3,5,0.5196078431372549,0.9619422572178478,0.9097222222222222,0.526235869748608,0.7093596059113301,0.7407750501775514,0.48718615772302704,0.7069885016713839,0.6463414634146342,0.5760869565217391,0.5301621838436671
0.23999999999999994,0.5,4,5,0.46296296296296297,0.9657064471879286,0.9008363201911589,0.4928050463236743,0.687192118226601,0.7143347050754458,0.5823784791453795,0.6686451361840297,0.6666666666666666,0.546448087431694,0.503141358334874
0.23999999999999994,0.5,5,5,0.4864864864864865,0.9690444145356663,0.9063231850117096,0.5237630526007614,0.7017255546425637,0.7277654505110764,0.5751799078308047,0.6866054270662377,0.7012987012987013,0.574468085106383,0.5348325948395947
0.24999999999999992,0.5,1,5,0.5,0.9515905947441217,0.8967193195625759,0.48279176370559274,0.6756978653530378,0.7257952973720608,0.47997744062086967,0.6897791656552558,0.5882352941176471,0.5405405405405406,0.48481538503895466
0.24999999999999992,0.5,2,5,0.5454545454545454,0.9547325102880658,0.901072705601907,0.5353103291804854,0.6888341543513957,0.7500935278713057,0.6075109269815813,0.721639236343101,0.6451612903225806,0.5911330049261084,0.5377515455061267
0.24999999999999992,0.5,3,5,0.5196078431372549,0.9619422572178478,0.9097222222222222,0.526235869748608,0.7093596059113301,0.7407750501775514,0.4868258255929272,0.7069885016713839,0.6463414634146342,0.5760869565217391,0.5301621838436671
0.24999999999999992,0.5,4,5,0.4537037037037037,0.9657064471879286,0.899641577060932,0.4843564356435645,0.687192118226601,0.7097050754458162,0.5795456431631392,0.6619249140043819,0.6621621621621622,0.5384615384615384,0.49526364595200745
0.24999999999999992,0.5,5,5,0.4774774774774775,0.9703903095558546,0.9063231850117096,0.5195296566662448,0.7017255546425637,0.723933893516666,0.573015738775794,0.6806904709009213,0.7066666666666667,0.5698924731182796,0.5321160549438178
0.2599999999999999,0.5,1,5,0.5,0.9515905947441217,0.8967193195625759,0.48279176370559274,0.6756978653530378,0.7257952973720608,0.48081672686751237,0.6897791656552558,0.5882352941176471,0.5405405405405406,0.48481538503895466
0.2599999999999999,0.5,2,5,0.5272727272727272,0.953360768175583,0.8974970202622169,0.5165172409171926,0.6888341543513957,0.7403167477241551,0.6077398036575102,0.7090000933080065,0.6304347826086957,0.5742574257425742,0.5191823570315848
0.2599999999999999,0.5,3,5,0.5098039215686274,0.963254593175853,0.9097222222222222,0.5217983651226157,0.7093596059113301,0.7365292573722402,0.4854174158400413,0.7007645603696314,0.65,0.5714285714285714,0.5266103744227776
0.2599999999999999,0.5,4,5,0.4444444444444444,0.9657064471879286,0.8984468339307049,0.4758305152178238,0.687192118226601,0.7050754458161865,0.5812130599373704,0.6551357610578568,0.6575342465753424,0.5303867403314917,0.4873165855005547
0.2599999999999999,0.5,5,5,0.4774774774774775,0.9703903095558546,0.9063231850117096,0.5195296566662448,0.7017255546425637,0.723933893516666,0.5755205342345693,0.6806904709009213,0.7066666666666667,0.5698924731182796,0.5321160549438178
0.2699999999999999,0.5,1,5,0.5,0.9529737206085753,0.8979343863912516,0.48651137916691434,0.6756978653530378,0.7264868603042877,0.4795987534530882,0.6902802766299264,0.5952380952380952,0.5434782608695652,0.4888552610929547
0.2699999999999999,0.5,2,5,0.5272727272727272,0.953360768175583,0.8974970202622169,0.5165172409171926,0.6888341543513957,0.7403167477241551,0.5692807474429205,0.7090000933080065,0.6304347826086957,0.5742574257425742,0.5191823570315848
0.2699999999999999,0.5,3,5,0.5098039215686274,0.963254593175853,0.9097222222222222,0.5217983651226157,0.7093596059113301,0.7365292573722402,0.48442200443543043,0.7007645603696314,0.65,0.5714285714285714,0.5266103744227776
0.2699999999999999,0.5,4,5,0.4444444444444444,0.9643347050754458,0.8972520908004779,0.4720792079207917,0.687192118226601,0.7043895747599451,0.5799974666697214,0.6546703004228569,0.6486486486486487,0.5274725274725275,0.48270994764905384
0.2699999999999999,0.5,5,5,0.4774774774774775,0.971736204576043,0.9074941451990632,0.5234173012531611,0.7017255546425637,0.7246068410267603,0.5730047455721161,0.6811623534330908,0.7162162162162162,0.572972972972973,0.5369646682672973
0.2799999999999999,0.5,1,5,0.48,0.9557399723374828,0.8979343863912516,0.47682760708339667,0.6756978653530378,0.7178699861687414,0.4799552543485818,0.677314688104423,0.6,0.5333333333333333,0.4805705462691763
0.2799999999999999,0.5,2,5,0.5272727272727272,0.953360768175583,0.8974970202622169,0.5165172409171926,0.6888341543513957,0.7403167477241551,0.6034492799852335,0.7090000933080065,0.6304347826086957,0.5742574257425742,0.5191823570315848
0.2799999999999999,0.5,3,5,0.5,0.963254593175853,0.9085648148148148,0.5133886560013686,0.7093596059113301,0.7316272965879265,0.4833355260949884,0.6939937295018785,0.6455696202531646,0.56353591160221,0.5186196068137341
0.2799999999999999,0.5,4,5,0.4444444444444444,0.9657064471879286,0.8984468339307049,0.4758305152178238,0.687192118226601,0.7050754458161865,0.5787217118512931,0.6551357610578568,0.6575342465753424,0.5303867403314917,0.4873165855005547
0.2799999999999999,0.5,5,5,0.4774774774774775,0.9703903095558546,0.9063231850117096,0.5195296566662448,0.7017255546425637,0.723933893516666,0.5733773090247043,0.6806904709009213,0.7066666666666667,0.5698924731182796,0.5321160549438178
0.2899999999999999,0.5,1,5,0.47,0.9571230982019364,0.8979343863912516,0.47184744908093607,0.6756978653530378,0.7135615491009681,0.4809803106965631,0.6707069823364821,0.6025641025641025,0.5280898876404494,0.47642744234840906
0.2899999999999999,0.5,2,5,0.5181818181818182,0.9547325102880658,0.8974970202622169,0.5124729729729729,0.6888341543513957,0.736457164234942,0.6085974400398076,0.7033669227781197,0.6333333333333333,0.57,0.5157989048929165
0.2899999999999999,0.5,3,5,0.4803921568627451,0.963254593175853,0.90625,0.4963295621383539,0.7093596059113301,0.721823375019299,0.48314328668503653,0.6802499185032617,0.6363636363636364,0.547486033519553,0.5024376170723485
0.2899999999999999,0.5,4,5,0.4444444444444444,0.9670781893004116,0.899641577060932,0.4796163069544367,0.687192118226601,0.7057613168724279,0.5790351041029137,0.6556008912272471,0.6666666666666666,0.5333333333333333,0.4920082697444974
0.2899999999999999,0.5,5,5,0.46846846846846846,0.9703903095558546,0.905152224824356,0.5113519164747601,0.7017255546425637,0.7194293890121615,0.574133225976405,0.674238282904697,0.7027027027027027,0.5621621621621622,0.5245870007359792
0.29999999999999993,0.5,1,5,0.48,0.9571230982019364,0.8991494532199271,0.480607069808466,0.6756978653530378,0.7185615491009683,0.4793924508475082,0.6778046083768754,0.6075949367088608,0.5363128491620112,0.4848114755196382
0.29999999999999993,0.5,2,5,0.509090909090909,0.9547325102880658,0.8963051251489869,0.5047326317503613,0.6888341543513957,0.7319117096894874,0.6016923325506944,0.697169736578688,0.6292134831460674,0.5628140703517588,0.5083784644109915
0.29999999999999993,0.5,3,5,0.4803921568627451,0.963254593175853,0.90625,0.4963295621383539,0.7093596059113301,0.721823375019299,0.4813983008453776,0.6802499185032617,0.6363636363636364,0.547486033519553,0.5024376170723485
0.29999999999999993,0.5,4,5,0.4351851851851852,0.9670781893004116,0.8984468339307049,0.47098976109215035,0.687192118226601,0.7011316872427984,0.5778629203313085,0.648735771249939,0.6619718309859155,0.5251396648044693,0.48399689464946616
0.29999999999999993,0.5,5,5,0.4594594594594595,0.9703903095558546,0.9039812646370023,0.5031008301993897,0.7017255546425637,0.714924884507657,0.573339407020151,0.6677237505834509,0.6986301369863014,0.5543478260869565,0.5169941715153481
0.30999999999999994,0.5,1,5,0.48,0.9571230982019364,0.8991494532199271,0.480607069808466,0.6756978653530378,0.7185615491009683,0.4790384676359883,0.6778046083768754,0.6075949367088608,0.5363128491620112,0.4848114755196382
0.30999999999999994,0.5,2,5,0.509090909090909,0.9574759945130316,0.8986889153754469,0.5120190498347509,0.6888341543513957,0.7332834518019703,0.6043177992055145,0.6981706986685716,0.6436781609195402,0.5685279187817259,0.5165418201818587
0.30999999999999994,0.5,3,5,0.4803921568627451,0.963254593175853,0.90625,0.4963295621383539,0.7093596059113301,0.721823375019299,0.48075894573169176,0.6802499185032617,0.6363636363636364,0.547486033519553,0.5024376170723485
0.30999999999999994,0.5,4,5,0.42592592592592593,0.9670781893004116,0.8972520908004779,0.4622831787010889,0.687192118226601,0.6965020576131687,0.5735245692237426,0.6417972212627175,0.6571428571428571,0.5168539325842697,0.47591132315646434
0.30999999999999994,0.5,5,5,0.4594594594594595,0.971736204576043,0.905152224824356,0.5069494932215711,0.7017255546425637,0.7155978320177513,0.5717330600848063,0.6681866440536622,0.7083333333333334,0.5573770491803278,0.5218679868806513
0.3199999999999999,0.5,1,5,0.48,0.9571230982019364,0.8991494532199271,0.480607069808466,0.6756978653530378,0.7185615491009683,0.4787063483664523,0.6778046083768754,0.6075949367088608,0.5363128491620112,0.4848114755196382
0.3199999999999999,0.5,2,5,0.5,0.9588477366255144,0.8986889153754469,0.5078499706704392,0.6888341543513957,0.7294238683127572,0.6044577915777479,0.692404410957034,0.6470588235294118,0.5641025641025641,0.5132554442225813
0.3199999999999999,0.5,3,5,0.47058823529411764,0.963254593175853,0.9050925925925926,0.48767788962165903,0.7093596059113301,0.7169214142349853,0.47951856560937733,0.6732728118241356,0.631578947368421,0.5393258426966292,0.49424250203212805
0.3199999999999999,0.5,4,5,0.42592592592592593,0.9670781893004116,0.8972520908004779,0.4622831787010889,0.687192118226601,0.6965020576131687,0.5719264949421056,0.6417972212627175,0.6571428571428571,0.5168539325842697,0.47591132315646434
0.3199999999999999,0.5,5,5,0.46846846846846846,0.971736204576043,0.9063231850117096,0.515220322145746,0.7017255546425637,0.7201023365222557,0.5726070926770409,0.6747056925157081,0.7123287671232876,0.5652173913043478,0.5294483483361461
0.32999999999999985,0.5,1,5,0.48,0.9571230982019364,0.8991494532199271,0.480607069808466,0.6756978653530378,0.7185615491009683,0.4787053667728698,0.6778046083768754,0.6075949367088608,0.5363128491620112,0.4848114755196382
0.32999999999999985,0.5,2,5,0.5,0.9588477366255144,0.8986889153754469,0.5078499706704392,0.6888341543513957,0.7294238683127572,0.6007246502988737,0.692404410957034,0.6470588235294118,0.5641025641025641,0.5132554442225813
0.32999999999999985,0.5,3,5,0.47058823529411764,0.9619422572178478,0.9039351851851852,0.48389325503065916,0.7093596059113301,0.7162652462559826,0.4791490619140488,0.6728140228019829,0.6233766233766234,0.5363128491620112,0.48984826317319785
0.32999999999999985,0.5,4,5,0.42592592592592593,0.9670781893004116,0.8972520908004779,0.4622831787010889,0.687192118226601,0.6965020576131687,0.5736722274872491,0.6417972212627175,0.6571428571428571,0.5168539325842697,0.47591132315646434
0.32999999999999985,0.5,5,5,0.4594594594594595,0.971736204576043,0.905152224824356,0.5069494932215711,0.7017255546425637,0.7155978320177513,0.5718622194510254,0.6681866440536622,0.7083333333333334,0.5573770491803278,0.5218679868806513
0.33999999999999986,0.5,1,5,0.47,0.9571230982019364,0.8979343863912516,0.47184744908093607,0.6756978653530378,0.7135615491009681,0.4774610414569966,0.6707069823364821,0.6025641025641025,0.5280898876404494,0.47642744234840906
0.33999999999999986,0.5,2,5,0.4818181818181818,0.9588477366255144,0.8963051251489869,0.491929253064378,0.6888341543513957,0.7203329592218481,0.59421680916145,0.6796986634541694,0.6385542168674698,0.5492227979274611,0.4981608868034179
0.33999999999999986,0.5,3,5,0.47058823529411764,0.963254593175853,0.9050925925925926,0.48767788962165903,0.7093596059113301,0.7169214142349853,0.4781258037171146,0.6732728118241356,0.631578947368421,0.5393258426966292,0.49424250203212805
0.33999999999999986,0.5,4,5,0.4166666666666667,0.9670781893004116,0.8960573476702509,0.4534954407294833,0.687192118226601,0.6918724279835391,0.5723536829503142,0.634782833370467,0.6521739130434783,0.5084745762711864,0.46774920001033243
0.33999999999999986,0.5,5,5,0.45045045045045046,0.971736204576043,0.9039812646370023,0.4986038119513696,0.7017255546425637,0.7110933275132467,0.5730249738513309,0.6616033638595633,0.704225352112676,0.5494505494505495,0.5142216320273595
0.34999999999999987,0.5,1,5,0.47,0.9571230982019364,0.8979343863912516,0.47184744908093607,0.6756978653530378,0.7135615491009681,0.4772039686199517,0.6707069823364821,0.6025641025641025,0.5280898876404494,0.47642744234840906
0.34999999999999987,0.5,2,5,0.4818181818181818,0.9588477366255144,0.8963051251489869,0.491929253064378,0.6888341543513957,0.7203329592218481,0.5568908787427114,0.6796986634541694,0.6385542168674698,0.5492227979274611,0.4981608868034179
0.34999999999999987,0.5,3,5,0.47058823529411764,0.963254593175853,0.9050925925925926,0.48767788962165903,0.7093596059113301,0.7169214142349853,0.4773083001460998,0.6732728118241356,0.631578947368421,0.5393258426966292,0.49424250203212805
0.34999999999999987,0.5,4,5,0.4166666666666667,0.9670781893004116,0.8960573476702509,0.4534954407294833,0.687192118226601,0.6918724279835391,0.5730246341243876,0.634782833370467,0.6521739130434783,0.5084745762711864,0.46774920001033243
0.34999999999999987,0.5,5,5,0.45045045045045046,0.971736204576043,0.9039812646370023,0.4986038119513696,0.7017255546425637,0.7110933275132467,0.5706084116995254,0.6616033638595633,0.704225352112676,0.5494505494505495,0.5142216320273595
0.3599999999999999,0.5,1,5,0.47,0.9571230982019364,0.8979343863912516,0.47184744908093607,0.6756978653530378,0.7135615491009681,0.4764342257499278,0.6707069823364821,0.6025641025641025,0.5280898876404494,0.47642744234840906
0.3599999999999999,0.5,2,5,0.4727272727272727,0.9588477366255144,0.8951132300357568,0.48386555561769473,0.6888341543513957,0.7157875046763935,0.5945867365570305,0.673255876688572,0.6341463414634146,0.5416666666666666,0.49052543255368247
0.3599999999999999,0.5,3,5,0.47058823529411764,0.963254593175853,0.9050925925925926,0.48767788962165903,0.7093596059113301,0.7169214142349853,0.4780795462411945,0.6732728118241356,0.631578947368421,0.5393258426966292,0.49424250203212805
0.3599999999999999,0.5,4,5,0.4166666666666667,0.9670781893004116,0.8960573476702509,0.4534954407294833,0.687192118226601,0.6918724279835391,0.5705116872101761,0.634782833370467,0.6521739130434783,0.5084745762711864,0.46774920001033243
0.3599999999999999,0.5,5,5,0.45045045045045046,0.9730820995962315,0.905152224824356,0.502467022454939,0.7017255546425637,0.711766275023341,0.5703294137787394,0.6620613793964971,0.7142857142857143,0.5524861878453039,0.519201140776177
0.3699999999999999,0.5,1,5,0.47,0.9571230982019364,0.8979343863912516,0.47184744908093607,0.6756978653530378,0.7135615491009681,0.4762001143939567,0.6707069823364821,0.6025641025641025,0.5280898876404494,0.47642744234840906
0.3699999999999999,0.5,2,5,0.4727272727272727,0.9588477366255144,0.8951132300357568,0.48386555561769473,0.6888341543513957,0.7157875046763935,0.5151428762164161,0.673255876688572,0.6341463414634146,0.5416666666666666,0.49052543255368247
0.3699999999999999,0.5,3,5,0.47058823529411764,0.9619422572178478,0.9039351851851852,0.48389325503065916,0.7093596059113301,0.7162652462559826,0.47815266582040983,0.6728140228019829,0.6233766233766234,0.5363128491620112,0.48984826317319785
0.3699999999999999,0.5,4,5,0.4166666666666667,0.9670781893004116,0.8960573476702509,0.4534954407294833,0.687192118226601,0.6918724279835391,0.569940941481382,0.634782833370467,0.6521739130434783,0.5084745762711864,0.46774920001033243
0.3699999999999999,0.5,5,5,0.45045045045045046,0.9730820995962315,0.905152224824356,0.502467022454939,0.7017255546425637,0.711766275023341,0.5696966351989473,0.6620613793964971,0.7142857142857143,0.5524861878453039,0.519201140776177
0.3799999999999999,0.5,1,5,0.47,0.9571230982019364,0.8979343863912516,0.47184744908093607,0.6756978653530378,0.7135615491009681,0.4758598946462501,0.6707069823364821,0.6025641025641025,0.5280898876404494,0.47642744234840906
0.3799999999999999,0.5,2,5,0.4727272727272727,0.9588477366255144,0.8951132300357568,0.48386555561769473,0.6888341543513957,0.7157875046763935,0.5950559214410582,0.673255876688572,0.6341463414634146,0.5416666666666666,0.49052543255368247
0.3799999999999999,0.5,3,5,0.47058823529411764,0.9606299212598425,0.9027777777777778,0.4801444043321299,0.7093596059113301,0.7156090782769801,0.4784227963829656,0.6723549207199992,0.6153846153846154,0.5333333333333333,0.485529962556451
0.3799999999999999,0.5,4,5,0.4166666666666667,0.9670781893004116,0.8960573476702509,0.4534954407294833,0.687192118226601,0.6918724279835391,0.5695047656011443,0.634782833370467,0.6521739130434783,0.5084745762711864,0.46774920001033243
0.3799999999999999,0.5,5,5,0.45045045045045046,0.9730820995962315,0.905152224824356,0.502467022454939,0.7017255546425637,0.711766275023341,0.568248373829482,0.6620613793964971,0.7142857142857143,0.5524861878453039,0.519201140776177
0.3899999999999999,0.5,1,5,0.47,0.9585062240663901,0.8991494532199271,0.47563924434448185,0.6756978653530378,0.714253112033195,0.4742249534837946,0.6711914222568724,0.6103896103896104,0.5310734463276836,0.4807413810713677
0.3899999999999999,0.5,2,5,0.4727272727272727,0.9588477366255144,0.8951132300357568,0.48386555561769473,0.6888341543513957,0.7157875046763935,0.552696658960824,0.673255876688572,0.6341463414634146,0.5416666666666666,0.49052543255368247
0.3899999999999999,0.5,3,5,0.47058823529411764,0.9606299212598425,0.9027777777777778,0.4801444043321299,0.7093596059113301,0.7156090782769801,0.47847858432499074,0.6723549207199992,0.6153846153846154,0.5333333333333333,0.485529962556451
0.3899999999999999,0.5,4,5,0.4166666666666667,0.9670781893004116,0.8960573476702509,0.4534954407294833,0.687192118226601,0.6918724279835391,0.5703784416460977,0.634782833370467,0.6521739130434783,0.5084745762711864,0.46774920001033243
0.3899999999999999,0.5,5,5,0.44144144144144143,0.9744279946164199,0.905152224824356,0.49790230093634313,0.7017255546425637,0.7079347180289307,0.5674510746905769,0.6558604261002227,0.7205882352941176,0.547486033519553,0.5165913981230603
0.3999999999999998,0.5,1,5,0.47,0.9585062240663901,0.8991494532199271,0.47563924434448185,0.6756978653530378,0.714253112033195,0.47359582890050655,0.6711914222568724,0.6103896103896104,0.5310734463276836,0.4807413810713677
0.3999999999999998,0.5,2,5,0.4727272727272727,0.9588477366255144,0.8951132300357568,0.48386555561769473,0.6888341543513957,0.7157875046763935,0.5882018225554625,0.673255876688572,0.6341463414634146,0.5416666666666666,0.49052543255368247
0.3999999999999998,0.5,3,5,0.47058823529411764,0.9606299212598425,0.9027777777777778,0.4801444043321299,0.7093596059113301,0.7156090782769801,0.47808169677931844,0.6723549207199992,0.6153846153846154,0.5333333333333333,0.485529962556451
0.3999999999999998,0.5,4,5,0.4166666666666667,0.9670781893004116,0.8960573476702509,0.4534954407294833,0.687192118226601,0.6918724279835391,0.5673955914791609,0.634782833370467,0.6521739130434783,0.5084745762711864,0.46774920001033243
0.3999999999999998,0.5,5,5,0.43243243243243246,0.9757738896366084,0.905152224824356,0.4932530438222495,0.7017255546425637,0.7041031610345204,0.5664387619465964,0.6495816165807146,0.7272727272727273,0.5423728813559322,0.514044298196855
0.4099999999999998,0.5,1,5,0.47,0.9571230982019364,0.8979343863912516,0.47184744908093607,0.6756978653530378,0.7135615491009681,0.4729255209930377,0.6707069823364821,0.6025641025641025,0.5280898876404494,0.47642744234840906
0.4099999999999998,0.5,2,5,0.4727272727272727,0.9602194787379973,0.8963051251489869,0.48751307669084243,0.6888341543513957,0.716473375732635,0.5895525951480335,0.6737372896043509,0.6419753086419753,0.5445026178010471,0.49478608782202593
0.4099999999999998,0.5,3,5,0.47058823529411764,0.9606299212598425,0.9027777777777778,0.4801444043321299,0.7093596059113301,0.7156090782769801,0.4781547411329403,0.6723549207199992,0.6153846153846154,0.5333333333333333,0.485529962556451
0.4099999999999998,0.5,4,5,0.4166666666666667,0.9670781893004116,0.8960573476702509,0.4534954407294833,0.687192118226601,0.6918724279835391,0.5637364501295605,0.634782833370467,0.6521739130434783,0.5084745762711864,0.46774920001033243
0.4099999999999998,0.5,5,5,0.43243243243243246,0.9757738896366084,0.905152224824356,0.4932530438222495,0.7017255546425637,0.7041031610345204,0.5659336791320947,0.6495816165807146,0.7272727272727273,0.5423728813559322,0.514044298196855
0.4199999999999998,0.5,1,5,0.47,0.9571230982019364,0.8979343863912516,0.47184744908093607,0.6756978653530378,0.7135615491009681,0.4425509388290862,0.6707069823364821,0.6025641025641025,0.5280898876404494,0.47642744234840906
0.4199999999999998,0.5,2,5,0.4727272727272727,0.9602194787379973,0.8963051251489869,0.48751307669084243,0.6888341543513957,0.716473375732635,0.5712973398763946,0.6737372896043509,0.6419753086419753,0.5445026178010471,0.49478608782202593
0.4199999999999998,0.5,3,5,0.47058823529411764,0.9606299212598425,0.9027777777777778,0.4801444043321299,0.7093596059113301,0.7156090782769801,0.4777719725231351,0.6723549207199992,0.6153846153846154,0.5333333333333333,0.485529962556451
0.4199999999999998,0.5,4,5,0.4166666666666667,0.9670781893004116,0.8960573476702509,0.4534954407294833,0.687192118226601,0.6918724279835391,0.5696199858360689,0.634782833370467,0.6521739130434783,0.5084745762711864,0.46774920001033243
0.4199999999999998,0.5,5,5,0.43243243243243246,0.9757738896366084,0.905152224824356,0.4932530438222495,0.7017255546425637,0.7041031610345204,0.5619268592825535,0.6495816165807146,0.7272727272727273,0.5423728813559322,0.514044298196855
0.4299999999999998,0.5,1,5,0.47,0.9557399723374828,0.8967193195625759,0.4680915775146937,0.6756978653530378,0.7128699861687413,0.47195343411143886,0.6702221922606091,0.5949367088607594,0.5251396648044693,0.47218649626534565
0.4299999999999998,0.5,2,5,0.4727272727272727,0.9602194787379973,0.8963051251489869,0.48751307669084243,0.6888341543513957,0.716473375732635,0.585101551828859,0.6737372896043509,0.6419753086419753,0.5445026178010471,0.49478608782202593
0.4299999999999998,0.5,3,5,0.47058823529411764,0.9606299212598425,0.9027777777777778,0.4801444043321299,0.7093596059113301,0.7156090782769801,0.47787076058843714,0.6723549207199992,0.6153846153846154,0.5333333333333333,0.485529962556451
0.4299999999999998,0.5,4,5,0.4166666666666667,0.9670781893004116,0.8960573476702509,0.4534954407294833,0.687192118226601,0.6918724279835391,0.5625208209072275,0.634782833370467,0.6521739130434783,0.5084745762711864,0.46774920001033243
0.4299999999999998,0.5,5,5,0.43243243243243246,0.9757738896366084,0.905152224824356,0.4932530438222495,0.7017255546425637,0.7041031610345204,0.5648042094763543,0.6495816165807146,0.7272727272727273,0.5423728813559322,0.514044298196855
0.43999999999999984,0.5,1,5,0.47,0.9557399723374828,0.8967193195625759,0.4680915775146937,0.6756978653530378,0.7128699861687413,0.4721397315307022,0.6702221922606091,0.5949367088607594,0.5251396648044693,0.47218649626534565
0.43999999999999984,0.5,2,5,0.4727272727272727,0.9602194787379973,0.8963051251489869,0.48751307669084243,0.6888341543513957,0.716473375732635,0.5858499883353325,0.6737372896043509,0.6419753086419753,0.5445026178010471,0.49478608782202593
0.43999999999999984,0.5,3,5,0.47058823529411764,0.9619422572178478,0.9039351851851852,0.48389325503065916,0.7093596059113301,0.7162652462559826,0.47710881725745646,0.6728140228019829,0.6233766233766234,0.5363128491620112,0.48984826317319785
0.43999999999999984,0.5,4,5,0.4166666666666667,0.9670781893004116,0.8960573476702509,0.4534954407294833,0.687192118226601,0.6918724279835391,0.5645562322399141,0.634782833370467,0.6521739130434783,0.5084745762711864,0.46774920001033243
0.43999999999999984,0.5,5,5,0.43243243243243246,0.9757738896366084,0.905152224824356,0.4932530438222495,0.7017255546425637,0.7041031610345204,0.5662925488678087,0.6495816165807146,0.7272727272727273,0.5423728813559322,0.514044298196855
0.44999999999999984,0.5,1,5,0.47,0.9557399723374828,0.8967193195625759,0.4680915775146937,0.6756978653530378,0.7128699861687413,0.47103841634272825,0.6702221922606091,0.5949367088607594,0.5251396648044693,0.47218649626534565
0.44999999999999984,0.5,2,5,0.4727272727272727,0.9602194787379973,0.8963051251489869,0.48751307669084243,0.6888341543513957,0.716473375732635,0.5811159921653118,0.6737372896043509,0.6419753086419753,0.5445026178010471,0.49478608782202593
0.44999999999999984,0.5,3,5,0.47058823529411764,0.9619422572178478,0.9039351851851852,0.48389325503065916,0.7093596059113301,0.7162652462559826,0.47697182186598147,0.6728140228019829,0.6233766233766234,0.5363128491620112,0.48984826317319785
0.44999999999999984,0.5,4,5,0.4166666666666667,0.9670781893004116,0.8960573476702509,0.4534954407294833,0.687192118226601,0.6918724279835391,0.5608980423264519,0.634782833370467,0.6521739130434783,0.5084745762711864,0.46774920001033243
0.44999999999999984,0.5,5,5,0.42342342342342343,0.9757738896366084,0.9039812646370023,0.4846107423053711,0.7017255546425637,0.6995986565300158,0.5637523298150955,0.6427795273942088,0.7230769230769231,0.5340909090909091,0.5062305213057392
0.45999999999999985,0.5,1,5,0.46,0.9543568464730291,0.8942891859052248,0.455576085220922,0.6756978653530378,0.7071784232365146,0.4704518894046745,0.662573882203029,0.5822784810126582,0.5139664804469274,0.4595615170110531
0.45999999999999985,0.5,2,5,0.4727272727272727,0.9602194787379973,0.8963051251489869,0.48751307669084243,0.6888341543513957,0.716473375732635,0.5802941280127651,0.6737372896043509,0.6419753086419753,0.5445026178010471,0.49478608782202593
0.45999999999999985,0.5,3,5,0.47058823529411764,0.9619422572178478,0.9039351851851852,0.48389325503065916,0.7093596059113301,0.7162652462559826,0.47641032963487556,0.6728140228019829,0.6233766233766234,0.5363128491620112,0.48984826317319785
0.45999999999999985,0.5,4,5,0.4166666666666667,0.9670781893004116,0.8960573476702509,0.4534954407294833,0.687192118226601,0.6918724279835391,0.5635275262903651,0.634782833370467,0.6521739130434783,0.5084745762711864,0.46774920001033243
0.45999999999999985,0.5,5,5,0.42342342342342343,0.9757738896366084,0.9039812646370023,0.4846107423053711,0.7017255546425637,0.6995986565300158,0.5635673011244171,0.6427795273942088,0.7230769230769231,0.5340909090909091,0.5062305213057392
0.46999999999999986,0.5,1,5,0.46,0.9543568464730291,0.8942891859052248,0.455576085220922,0.6756978653530378,0.7071784232365146,0.4695650980808517,0.662573882203029,0.5822784810126582,0.5139664804469274,0.4595615170110531
0.46999999999999986,0.5,2,5,0.4727272727272727,0.9602194787379973,0.8963051251489869,0.48751307669084243,0.6888341543513957,0.716473375732635,0.5844019908365041,0.6737372896043509,0.6419753086419753,0.5445026178010471,0.49478608782202593
0.46999999999999986,0.5,3,5,0.47058823529411764,0.9619422572178478,0.9039351851851852,0.48389325503065916,0.7093596059113301,0.7162652462559826,0.4762550256060306,0.6728140228019829,0.6233766233766234,0.5363128491620112,0.48984826317319785
0.46999999999999986,0.5,4,5,0.4166666666666667,0.9670781893004116,0.8960573476702509,0.4534954407294833,0.687192118226601,0.6918724279835391,0.5627798827347208,0.634782833370467,0.6521739130434783,0.5084745762711864,0.46774920001033243
0.46999999999999986,0.5,5,5,0.42342342342342343,0.9757738896366084,0.9039812646370023,0.4846107423053711,0.7017255546425637,0.6995986565300158,0.5617370798906218,0.6427795273942088,0.7230769230769231,0.5340909090909091,0.5062305213057392
0.47999999999999976,0.5,1,5,0.46,0.9543568464730291,0.8942891859052248,0.455576085220922,0.6756978653530378,0.7071784232365146,0.469611837075154,0.662573882203029,0.5822784810126582,0.5139664804469274,0.4595615170110531
0.47999999999999976,0.5,2,5,0.4727272727272727,0.9588477366255144,0.8951132300357568,0.48386555561769473,0.6888341543513957,0.7157875046763935,0.5860799173104343,0.673255876688572,0.6341463414634146,0.5416666666666666,0.49052543255368247
0.47999999999999976,0.5,3,5,0.47058823529411764,0.9619422572178478,0.9039351851851852,0.48389325503065916,0.7093596059113301,0.7162652462559826,0.47617071694296753,0.6728140228019829,0.6233766233766234,0.5363128491620112,0.48984826317319785
0.47999999999999976,0.5,4,5,0.4166666666666667,0.9670781893004116,0.8960573476702509,0.4534954407294833,0.687192118226601,0.6918724279835391,0.5595895062285836,0.634782833370467,0.6521739130434783,0.5084745762711864,0.46774920001033243
0.47999999999999976,0.5,5,5,0.42342342342342343,0.9757738896366084,0.9039812646370023,0.4846107423053711,0.7017255546425637,0.6995986565300158,0.5622990040564748,0.6427795273942088,0.7230769230769231,0.5340909090909091,0.5062305213057392
0.48999999999999977,0.5,1,5,0.46,0.9543568464730291,0.8942891859052248,0.455576085220922,0.6756978653530378,0.7071784232365146,0.46828250833182034,0.662573882203029,0.5822784810126582,0.5139664804469274,0.4595615170110531
0.48999999999999977,0.5,2,5,0.4727272727272727,0.9588477366255144,0.8951132300357568,0.48386555561769473,0.6888341543513957,0.7157875046763935,0.5873300311218137,0.673255876688572,0.6341463414634146,0.5416666666666666,0.49052543255368247
0.48999999999999977,0.5,3,5,0.47058823529411764,0.9619422572178478,0.9039351851851852,0.48389325503065916,0.7093596059113301,0.7162652462559826,0.4760845237109117,0.6728140228019829,0.6233766233766234,0.5363128491620112,0.48984826317319785
0.48999999999999977,0.5,4,5,0.4166666666666667,0.9670781893004116,0.8960573476702509,0.4534954407294833,0.687192118226601,0.6918724279835391,0.5591183139853344,0.634782833370467,0.6521739130434783,0.5084745762711864,0.46774920001033243
0.48999999999999977,0.5,5,5,0.42342342342342343,0.9757738896366084,0.9039812646370023,0.4846107423053711,0.7017255546425637,0.6995986565300158,0.5586951018260542,0.6427795273942088,0.7230769230769231,0.5340909090909091,0.5062305213057392
0.4999999999999998,0.5,1,5,0.46,0.9543568464730291,0.8942891859052248,0.455576085220922,0.6756978653530378,0.7071784232365146,0.46782907554165587,0.662573882203029,0.5822784810126582,0.5139664804469274,0.4595615170110531
0.4999999999999998,0.5,2,5,0.4727272727272727,0.9588477366255144,0.8951132300357568,0.48386555561769473,0.6888341543513957,0.7157875046763935,0.5812158081036669,0.673255876688572,0.6341463414634146,0.5416666666666666,0.49052543255368247
0.4999999999999998,0.5,3,5,0.47058823529411764,0.9619422572178478,0.9039351851851852,0.48389325503065916,0.7093596059113301,0.7162652462559826,0.476562214435952,0.6728140228019829,0.6233766233766234,0.5363128491620112,0.48984826317319785
0.4999999999999998,0.5,4,5,0.4166666666666667,0.9670781893004116,0.8960573476702509,0.4534954407294833,0.687192118226601,0.6918724279835391,0.5588399324698718,0.634782833370467,0.6521739130434783,0.5084745762711864,0.46774920001033243
0.4999999999999998,0.5,5,5,0.42342342342342343,0.9757738896366084,0.9039812646370023,0.4846107423053711,0.7017255546425637,0.6995986565300158,0.5610041340094696,0.6427795273942088,0.7230769230769231,0.5340909090909091,0.5062305213057392
0.5099999999999998,0.5,1,5,0.46,0.9543568464730291,0.8942891859052248,0.455576085220922,0.6756978653530378,0.7071784232365146,0.4672011686428612,0.662573882203029,0.5822784810126582,0.5139664804469274,0.4595615170110531
0.5099999999999998,0.5,2,5,0.4727272727272727,0.9588477366255144,0.8951132300357568,0.48386555561769473,0.6888341543513957,0.7157875046763935,0.507705673818271,0.673255876688572,0.6341463414634146,0.5416666666666666,0.49052543255368247
0.5099999999999998,0.5,3,5,0.47058823529411764,0.9619422572178478,0.9039351851851852,0.48389325503065916,0.7093596059113301,0.7162652462559826,0.476585433019437,0.6728140228019829,0.6233766233766234,0.5363128491620112,0.48984826317319785
0.5099999999999998,0.5,4,5,0.4166666666666667,0.9670781893004116,0.8960573476702509,0.4534954407294833,0.687192118226601,0.6918724279835391,0.5582570372312764,0.634782833370467,0.6521739130434783,0.5084745762711864,0.46774920001033243
0.5099999999999998,0.5,5,5,0.42342342342342343,0.9757738896366084,0.9039812646370023,0.4846107423053711,0.7017255546425637,0.6995986565300158,0.5602629593881345,0.6427795273942088,0.7230769230769231,0.5340909090909091,0.5062305213057392
0.5199999999999998,0.5,1,5,0.46,0.9543568464730291,0.8942891859052248,0.455576085220922,0.6756978653530378,0.7071784232365146,0.46748091253821195,0.662573882203029,0.5822784810126582,0.5139664804469274,0.4595615170110531
0.5199999999999998,0.5,2,5,0.4727272727272727,0.9588477366255144,0.8951132300357568,0.48386555561769473,0.6888341543513957,0.7157875046763935,0.5803968441179971,0.673255876688572,0.6341463414634146,0.5416666666666666,0.49052543255368247
0.5199999999999998,0.5,3,5,0.47058823529411764,0.9619422572178478,0.9039351851851852,0.48389325503065916,0.7093596059113301,0.7162652462559826,0.47620550610330026,0.6728140228019829,0.6233766233766234,0.5363128491620112,0.48984826317319785
0.5199999999999998,0.5,4,5,0.4166666666666667,0.9670781893004116,0.8960573476702509,0.4534954407294833,0.687192118226601,0.6918724279835391,0.5609579355699649,0.634782833370467,0.6521739130434783,0.5084745762711864,0.46774920001033243
0.5199999999999998,0.5,5,5,0.42342342342342343,0.9757738896366084,0.9039812646370023,0.4846107423053711,0.7017255546425637,0.6995986565300158,0.5621841806678538,0.6427795273942088,0.7230769230769231,0.5340909090909091,0.5062305213057392
0.5299999999999998,0.5,1,5,0.46,0.9543568464730291,0.8942891859052248,0.455576085220922,0.6756978653530378,0.7071784232365146,0.4664587844650689,0.662573882203029,0.5822784810126582,0.5139664804469274,0.4595615170110531
0.5299999999999998,0.5,2,5,0.4727272727272727,0.9588477366255144,0.8951132300357568,0.48386555561769473,0.6888341543513957,0.7157875046763935,0.5813225816361848,0.673255876688572,0.6341463414634146,0.5416666666666666,0.49052543255368247
0.5299999999999998,0.5,3,5,0.47058823529411764,0.9619422572178478,0.9039351851851852,0.48389325503065916,0.7093596059113301,0.7162652462559826,0.4763413969379003,0.6728140228019829,0.6233766233766234,0.5363128491620112,0.48984826317319785
0.5299999999999998,0.5,4,5,0.4166666666666667,0.9670781893004116,0.8960573476702509,0.4534954407294833,0.687192118226601,0.6918724279835391,0.5572578715740133,0.634782833370467,0.6521739130434783,0.5084745762711864,0.46774920001033243
0.5299999999999998,0.5,5,5,0.42342342342342343,0.9757738896366084,0.9039812646370023,0.4846107423053711,0.7017255546425637,0.6995986565300158,0.5530773720421657,0.6427795273942088,0.7230769230769231,0.5340909090909091,0.5062305213057392
0.5399999999999998,0.5,1,5,0.46,0.9543568464730291,0.8942891859052248,0.455576085220922,0.6756978653530378,0.7071784232365146,0.46613814833989187,0.662573882203029,0.5822784810126582,0.5139664804469274,0.4595615170110531
0.5399999999999998,0.5,2,5,0.4727272727272727,0.9588477366255144,0.8951132300357568,0.48386555561769473,0.6888341543513957,0.7157875046763935,0.5853894903540321,0.673255876688572,0.6341463414634146,0.5416666666666666,0.49052543255368247
0.5399999999999998,0.5,3,5,0.47058823529411764,0.9619422572178478,0.9039351851851852,0.48389325503065916,0.7093596059113301,0.7162652462559826,0.4763411988115748,0.6728140228019829,0.6233766233766234,0.5363128491620112,0.48984826317319785
0.5399999999999998,0.5,4,5,0.4166666666666667,0.9670781893004116,0.8960573476702509,0.4534954407294833,0.687192118226601,0.6918724279835391,0.5598736665793926,0.634782833370467,0.6521739130434783,0.5084745762711864,0.46774920001033243
0.5399999999999998,0.5,5,5,0.42342342342342343,0.9757738896366084,0.9039812646370023,0.4846107423053711,0.7017255546425637,0.6995986565300158,0.555995040168609,0.6427795273942088,0.7230769230769231,0.5340909090909091,0.5062305213057392
0.5499999999999998,0.5,1,5,0.46,0.9543568464730291,0.8942891859052248,0.455576085220922,0.6756978653530378,0.7071784232365146,0.4660919612795543,0.662573882203029,0.5822784810126582,0.5139664804469274,0.4595615170110531
0.5499999999999998,0.5,2,5,0.4727272727272727,0.9588477366255144,0.8951132300357568,0.48386555561769473,0.6888341543513957,0.7157875046763935,0.5811004853707472,0.673255876688572,0.6341463414634146,0.5416666666666666,0.49052543255368247
0.5499999999999998,0.5,3,5,0.47058823529411764,0.9619422572178478,0.9039351851851852,0.48389325503065916,0.7093596059113301,0.7162652462559826,0.47617092719304216,0.6728140228019829,0.6233766233766234,0.5363128491620112,0.48984826317319785
0.5499999999999998,0.5,4,5,0.4166666666666667,0.9670781893004116,0.8960573476702509,0.4534954407294833,0.687192118226601,0.6918724279835391,0.5598293059391716,0.634782833370467,0.6521739130434783,0.5084745762711864,0.46774920001033243
0.5499999999999998,0.5,5,5,0.42342342342342343,0.9757738896366084,0.9039812646370023,0.4846107423053711,0.7017255546425637,0.6995986565300158,0.5612613504181233,0.6427795273942088,0.7230769230769231,0.5340909090909091,0.5062305213057392
0.5599999999999997,0.5,1,5,0.46,0.9543568464730291,0.8942891859052248,0.455576085220922,0.6756978653530378,0.7071784232365146,0.4656496633906404,0.662573882203029,0.5822784810126582,0.5139664804469274,0.4595615170110531
0.5599999999999997,0.5,2,5,0.4727272727272727,0.9588477366255144,0.8951132300357568,0.48386555561769473,0.6888341543513957,0.7157875046763935,0.5008534737524679,0.673255876688572,0.6341463414634146,0.5416666666666666,0.49052543255368247
0.5599999999999997,0.5,3,5,0.47058823529411764,0.9619422572178478,0.9039351851851852,0.48389325503065916,0.7093596059113301,0.7162652462559826,0.47559096576811233,0.6728140228019829,0.6233766233766234,0.5363128491620112,0.48984826317319785
0.5599999999999997,0.5,4,5,0.4166666666666667,0.9670781893004116,0.8960573476702509,0.4534954407294833,0.687192118226601,0.6918724279835391,0.5594659673342596,0.634782833370467,0.6521739130434783,0.5084745762711864,0.46774920001033243
0.5599999999999997,0.5,5,5,0.42342342342342343,0.9757738896366084,0.9039812646370023,0.4846107423053711,0.7017255546425637,0.6995986565300158,0.5555294498928494,0.6427795273942088,0.7230769230769231,0.5340909090909091,0.5062305213057392
0.5699999999999997,0.5,1,5,0.46,0.9543568464730291,0.8942891859052248,0.455576085220922,0.6756978653530378,0.7071784232365146,0.46595115419769206,0.662573882203029,0.5822784810126582,0.5139664804469274,0.4595615170110531
0.5699999999999997,0.5,2,5,0.4727272727272727,0.9588477366255144,0.8951132300357568,0.48386555561769473,0.6888341543513957,0.7157875046763935,0.576830171802506,0.673255876688572,0.6341463414634146,0.5416666666666666,0.49052543255368247
0.5699999999999997,0.5,3,5,0.47058823529411764,0.9619422572178478,0.9039351851851852,0.48389325503065916,0.7093596059113301,0.7162652462559826,0.4752868403376568,0.6728140228019829,0.6233766233766234,0.5363128491620112,0.48984826317319785
0.5699999999999997,0.5,4,5,0.4166666666666667,0.9670781893004116,0.8960573476702509,0.4534954407294833,0.687192118226601,0.6918724279835391,0.5606959237050331,0.634782833370467,0.6521739130434783,0.5084745762711864,0.46774920001033243
0.5699999999999997,0.5,5,5,0.42342342342342343,0.9757738896366084,0.9039812646370023,0.4846107423053711,0.7017255546425637,0.6995986565300158,0.5584830396341686,0.6427795273942088,0.7230769230769231,0.5340909090909091,0.5062305213057392
0.5799999999999997,0.5,1,5,0.46,0.9543568464730291,0.8942891859052248,0.455576085220922,0.6756978653530378,0.7071784232365146,0.43525632166032197,0.662573882203029,0.5822784810126582,0.5139664804469274,0.4595615170110531
0.5799999999999997,0.5,2,5,0.4727272727272727,0.9588477366255144,0.8951132300357568,0.48386555561769473,0.6888341543513957,0.7157875046763935,0.5795883780511657,0.673255876688572,0.6341463414634146,0.5416666666666666,0.49052543255368247
0.5799999999999997,0.5,3,5,0.47058823529411764,0.9619422572178478,0.9039351851851852,0.48389325503065916,0.7093596059113301,0.7162652462559826,0.4752516826094863,0.6728140228019829,0.6233766233766234,0.5363128491620112,0.48984826317319785
0.5799999999999997,0.5,4,5,0.4074074074074074,0.9670781893004116,0.8948626045400239,0.4446254071661237,0.687192118226601,0.6872427983539094,0.5587208596181801,0.6276900651301808,0.6470588235294118,0.5,0.4595080608900099
0.5799999999999997,0.5,5,5,0.42342342342342343,0.9757738896366084,0.9039812646370023,0.4846107423053711,0.7017255546425637,0.6995986565300158,0.5582066732569294,0.6427795273942088,0.7230769230769231,0.5340909090909091,0.5062305213057392
0.5899999999999997,0.5,1,5,0.46,0.9543568464730291,0.8942891859052248,0.455576085220922,0.6756978653530378,0.7071784232365146,0.434780661674564,0.662573882203029,0.5822784810126582,0.5139664804469274,0.4595615170110531
0.5899999999999997,0.5,2,5,0.4727272727272727,0.9588477366255144,0.8951132300357568,0.48386555561769473,0.6888341543513957,0.7157875046763935,0.576860663752815,0.673255876688572,0.6341463414634146,0.5416666666666666,0.49052543255368247
0.5899999999999997,0.5,3,5,0.47058823529411764,0.9619422572178478,0.9039351851851852,0.48389325503065916,0.7093596059113301,0.7162652462559826,0.475000369485454,0.6728140228019829,0.6233766233766234,0.5363128491620112,0.48984826317319785
0.5899999999999997,0.5,4,5,0.4074074074074074,0.9670781893004116,0.8948626045400239,0.4446254071661237,0.687192118226601,0.6872427983539094,0.5554919047954852,0.6276900651301808,0.6470588235294118,0.5,0.4595080608900099
0.5899999999999997,0.5,5,5,0.42342342342342343,0.9757738896366084,0.9039812646370023,0.4846107423053711,0.7017255546425637,0.6995986565300158,0.5581955022631513,0.6427795273942088,0.7230769230769231,0.5340909090909091,0.5062305213057392
0.5999999999999998,0.5,1,5,0.46,0.9543568464730291,0.8942891859052248,0.455576085220922,0.6756978653530378,0.7071784232365146,0.4659431310807969,0.662573882203029,0.5822784810126582,0.5139664804469274,0.4595615170110531
0.5999999999999998,0.5,2,5,0.4727272727272727,0.9588477366255144,0.8951132300357568,0.48386555561769473,0.6888341543513957,0.7157875046763935,0.5389613261452025,0.673255876688572,0.6341463414634146,0.5416666666666666,0.49052543255368247
0.5999999999999998,0.5,3,5,0.47058823529411764,0.9619422572178478,0.9039351851851852,0.48389325503065916,0.7093596059113301,0.7162652462559826,0.47457476047735925,0.6728140228019829,0.6233766233766234,0.5363128491620112,0.48984826317319785
0.5999999999999998,0.5,4,5,0.4074074074074074,0.9670781893004116,0.8948626045400239,0.4446254071661237,0.687192118226601,0.6872427983539094,0.5600083186945991,0.6276900651301808,0.6470588235294118,0.5,0.4595080608900099
0.5999999999999998,0.5,5,5,0.42342342342342343,0.9757738896366084,0.9039812646370023,0.4846107423053711,0.7017255546425637,0.6995986565300158,0.5599087250864757,0.6427795273942088,0.7230769230769231,0.5340909090909091,0.5062305213057392
0.6099999999999998,0.5,1,5,0.46,0.9543568464730291,0.8942891859052248,0.455576085220922,0.6756978653530378,0.7071784232365146,0.46530945862702755,0.662573882203029,0.5822784810126582,0.5139664804469274,0.4595615170110531
0.6099999999999998,0.5,2,5,0.4727272727272727,0.9588477366255144,0.8951132300357568,0.48386555561769473,0.6888341543513957,0.7157875046763935,0.5780725194633701,0.673255876688572,0.6341463414634146,0.5416666666666666,0.49052543255368247
0.6099999999999998,0.5,3,5,0.47058823529411764,0.9619422572178478,0.9039351851851852,0.48389325503065916,0.7093596059113301,0.7162652462559826,0.47436623711631093,0.6728140228019829,0.6233766233766234,0.5363128491620112,0.48984826317319785
0.6099999999999998,0.5,4,5,0.4074074074074074,0.9670781893004116,0.8948626045400239,0.4446254071661237,0.687192118226601,0.6872427983539094,0.5580040596331998,0.6276900651301808,0.6470588235294118,0.5,0.4595080608900099
0.6099999999999998,0.5,5,5,0.42342342342342343,0.9757738896366084,0.9039812646370023,0.4846107423053711,0.7017255546425637,0.6995986565300158,0.5541191211763385,0.6427795273942088,0.7230769230769231,0.5340909090909091,0.5062305213057392
0.6199999999999998,0.5,1,5,0.46,0.9543568464730291,0.8942891859052248,0.455576085220922,0.6756978653530378,0.7071784232365146,0.4653421604434468,0.662573882203029,0.5822784810126582,0.5139664804469274,0.4595615170110531
0.6199999999999998,0.5,2,5,0.4727272727272727,0.9588477366255144,0.8951132300357568,0.48386555561769473,0.6888341543513957,0.7157875046763935,0.5780048261803978,0.673255876688572,0.6341463414634146,0.5416666666666666,0.49052543255368247
0.6199999999999998,0.5,3,5,0.47058823529411764,0.9619422572178478,0.9039351851851852,0.48389325503065916,0.7093596059113301,0.7162652462559826,0.4740507240848077,0.6728140228019829,0.6233766233766234,0.5363128491620112,0.48984826317319785
0.6199999999999998,0.5,4,5,0.4074074074074074,0.9670781893004116,0.8948626045400239,0.4446254071661237,0.687192118226601,0.6872427983539094,0.5550436474992977,0.6276900651301808,0.6470588235294118,0.5,0.4595080608900099
0.6199999999999998,0.5,5,5,0.42342342342342343,0.9757738896366084,0.9039812646370023,0.4846107423053711,0.7017255546425637,0.6995986565300158,0.5573177133066006,0.6427795273942088,0.7230769230769231,0.5340909090909091,0.5062305213057392
0.6299999999999997,0.5,1,5,0.46,0.9543568464730291,0.8942891859052248,0.455576085220922,0.6756978653530378,0.7071784232365146,0.4652577540026746,0.662573882203029,0.5822784810126582,0.5139664804469274,0.4595615170110531
0.6299999999999997,0.5,2,5,0.4727272727272727,0.9588477366255144,0.8951132300357568,0.48386555561769473,0.6888341543513957,0.7157875046763935,0.5801149667647398,0.673255876688572,0.6341463414634146,0.5416666666666666,0.49052543255368247
0.6299999999999997,0.5,3,5,0.47058823529411764,0.9619422572178478,0.9039351851851852,0.48389325503065916,0.7093596059113301,0.7162652462559826,0.47375084206624857,0.6728140228019829,0.6233766233766234,0.5363128491620112,0.48984826317319785
0.6299999999999997,0.5,4,5,0.4074074074074074,0.9670781893004116,0.8948626045400239,0.4446254071661237,0.687192118226601,0.6872427983539094,0.554890880179423,0.6276900651301808,0.6470588235294118,0.5,0.4595080608900099
0.6299999999999997,0.5,5,5,0.42342342342342343,0.9757738896366084,0.9039812646370023,0.4846107423053711,0.7017255546425637,0.6995986565300158,0.557243417629783,0.6427795273942088,0.7230769230769231,0.5340909090909091,0.5062305213057392
0.6399999999999997,0.5,1,5,0.46,0.9543568464730291,0.8942891859052248,0.455576085220922,0.6756978653530378,0.7071784232365146,0.46476073801552503,0.662573882203029,0.5822784810126582,0.5139664804469274,0.4595615170110531
0.6399999999999997,0.5,2,5,0.4727272727272727,0.9588477366255144,0.8951132300357568,0.48386555561769473,0.6888341543513957,0.7157875046763935,0.4960351951618086,0.673255876688572,0.6341463414634146,0.5416666666666666,0.49052543255368247
0.6399999999999997,0.5,3,5,0.47058823529411764,0.9619422572178478,0.9039351851851852,0.48389325503065916,0.7093596059113301,0.7162652462559826,0.4740252029125722,0.6728140228019829,0.6233766233766234,0.5363128491620112,0.48984826317319785
0.6399999999999997,0.5,4,5,0.4074074074074074,0.9670781893004116,0.8948626045400239,0.4446254071661237,0.687192118226601,0.6872427983539094,0.5577534328433915,0.6276900651301808,0.6470588235294118,0.5,0.4595080608900099
0.6399999999999997,0.5,5,5,0.42342342342342343,0.9757738896366084,0.9039812646370023,0.4846107423053711,0.7017255546425637,0.6995986565300158,0.5571300140400488,0.6427795273942088,0.7230769230769231,0.5340909090909091,0.5062305213057392
0.6499999999999997,0.5,1,5,0.46,0.9543568464730291,0.8942891859052248,0.455576085220922,0.6756978653530378,0.7071784232365146,0.4646794844773971,0.662573882203029,0.5822784810126582,0.5139664804469274,0.4595615170110531
0.6499999999999997,0.5,2,5,0.4727272727272727,0.9588477366255144,0.8951132300357568,0.48386555561769473,0.6888341543513957,0.7157875046763935,0.5382121192394179,0.673255876688572,0.6341463414634146,0.5416666666666666,0.49052543255368247
0.6499999999999997,0.5,3,5,0.47058823529411764,0.9619422572178478,0.9039351851851852,0.48389325503065916,0.7093596059113301,0.7162652462559826,0.47420164693021954,0.6728140228019829,0.6233766233766234,0.5363128491620112,0.48984826317319785
0.6499999999999997,0.5,4,5,0.4074074074074074,0.9670781893004116,0.8948626045400239,0.4446254071661237,0.687192118226601,0.6872427983539094,0.5563856806697274,0.6276900651301808,0.6470588235294118,0.5,0.4595080608900099
0.6499999999999997,0.5,5,5,0.42342342342342343,0.9757738896366084,0.9039812646370023,0.4846107423053711,0.7017255546425637,0.6995986565300158,0.5568998867079983,0.6427795273942088,0.7230769230769231,0.5340909090909091,0.5062305213057392
0.6599999999999997,0.5,1,5,0.46,0.9543568464730291,0.8942891859052248,0.455576085220922,0.6756978653530378,0.7071784232365146,0.4643849481917395,0.662573882203029,0.5822784810126582,0.5139664804469274,0.4595615170110531
0.6599999999999997,0.5,2,5,0.4727272727272727,0.9588477366255144,0.8951132300357568,0.48386555561769473,0.6888341543513957,0.7157875046763935,0.5375903418224063,0.673255876688572,0.6341463414634146,0.5416666666666666,0.49052543255368247
0.6599999999999997,0.5,3,5,0.47058823529411764,0.9619422572178478,0.9039351851851852,0.48389325503065916,0.7093596059113301,0.7162652462559826,0.47444849832276786,0.6728140228019829,0.6233766233766234,0.5363128491620112,0.48984826317319785
0.6599999999999997,0.5,4,5,0.4074074074074074,0.9670781893004116,0.8948626045400239,0.4446254071661237,0.687192118226601,0.6872427983539094,0.5544425540406414,0.6276900651301808,0.6470588235294118,0.5,0.4595080608900099
0.6599999999999997,0.5,5,5,0.42342342342342343,0.9757738896366084,0.9039812646370023,0.4846107423053711,0.7017255546425637,0.6995986565300158,0.5535039065784946,0.6427795273942088,0.7230769230769231,0.5340909090909091,0.5062305213057392
0.6699999999999997,0.5,1,5,0.46,0.9543568464730291,0.8942891859052248,0.455576085220922,0.6756978653530378,0.7071784232365146,0.4644278726336013,0.662573882203029,0.5822784810126582,0.5139664804469274,0.4595615170110531
0.6699999999999997,0.5,2,5,0.4727272727272727,0.9588477366255144,0.8951132300357568,0.48386555561769473,0.6888341543513957,0.7157875046763935,0.5780401075101598,0.673255876688572,0.6341463414634146,0.5416666666666666,0.49052543255368247
0.6699999999999997,0.5,3,5,0.47058823529411764,0.9619422572178478,0.9039351851851852,0.48389325503065916,0.7093596059113301,0.7162652462559826,0.4744158136049054,0.6728140228019829,0.6233766233766234,0.5363128491620112,0.48984826317319785
0.6699999999999997,0.5,4,5,0.4074074074074074,0.9670781893004116,0.8948626045400239,0.4446254071661237,0.687192118226601,0.6872427983539094,0.5544097519110596,0.6276900651301808,0.6470588235294118,0.5,0.4595080608900099
0.6699999999999997,0.5,5,5,0.42342342342342343,0.9757738896366084,0.9039812646370023,0.4846107423053711,0.7017255546425637,0.6995986565300158,0.5585186915509032,0.6427795273942088,0.7230769230769231,0.5340909090909091,0.5062305213057392
0.6799999999999997,0.5,1,5,0.46,0.9543568464730291,0.8942891859052248,0.455576085220922,0.6756978653530378,0.7071784232365146,0.4640979763748125,0.662573882203029,0.5822784810126582,0.5139664804469274,0.4595615170110531
0.6799999999999997,0.5,2,5,0.4727272727272727,0.9588477366255144,0.8951132300357568,0.48386555561769473,0.6888341543513957,0.7157875046763935,0.5773902450912194,0.673255876688572,0.6341463414634146,0.5416666666666666,0.49052543255368247
0.6799999999999997,0.5,3,5,0.47058823529411764,0.9619422572178478,0.9039351851851852,0.48389325503065916,0.7093596059113301,0.7162652462559826,0.4742909336439714,0.6728140228019829,0.6233766233766234,0.5363128491620112,0.48984826317319785
0.6799999999999997,0.5,4,5,0.4074074074074074,0.9670781893004116,0.8948626045400239,0.4446254071661237,0.687192118226601,0.6872427983539094,0.5572893077961867,0.6276900651301808,0.6470588235294118,0.5,0.4595080608900099
0.6799999999999997,0.5,5,5,0.42342342342342343,0.9757738896366084,0.9039812646370023,0.4846107423053711,0.7017255546425637,0.6995986565300158,0.5562331235555735,0.6427795273942088,0.7230769230769231,0.5340909090909091,0.5062305213057392
0.6899999999999997,0.5,1,5,0.46,0.9543568464730291,0.8942891859052248,0.455576085220922,0.6756978653530378,0.7071784232365146,0.46402412578351804,0.662573882203029,0.5822784810126582,0.5139664804469274,0.4595615170110531
0.6899999999999997,0.5,2,5,0.4727272727272727,0.9588477366255144,0.8951132300357568,0.48386555561769473,0.6888341543513957,0.7157875046763935,0.576851238535958,0.673255876688572,0.6341463414634146,0.5416666666666666,0.49052543255368247
0.6899999999999997,0.5,3,5,0.47058823529411764,0.9619422572178478,0.9039351851851852,0.48389325503065916,0.7093596059113301,0.7162652462559826,0.47390709761198224,0.6728140228019829,0.6233766233766234,0.5363128491620112,0.48984826317319785
0.6899999999999997,0.5,4,5,0.4074074074074074,0.9670781893004116,0.8948626045400239,0.4446254071661237,0.687192118226601,0.6872427983539094,0.5570713628397154,0.6276900651301808,0.6470588235294118,0.5,0.4595080608900099
0.6899999999999997,0.5,5,5,0.42342342342342343,0.9757738896366084,0.9039812646370023,0.4846107423053711,0.7017255546425637,0.6995986565300158,0.5561383265222797,0.6427795273942088,0.7230769230769231,0.5340909090909091,0.5062305213057392
0.6999999999999996,0.5,1,5,0.46,0.9543568464730291,0.8942891859052248,0.455576085220922,0.6756978653530378,0.7071784232365146,0.4639303132704863,0.662573882203029,0.5822784810126582,0.5139664804469274,0.4595615170110531
0.6999999999999996,0.5,2,5,0.4727272727272727,0.9588477366255144,0.8951132300357568,0.48386555561769473,0.6888341543513957,0.7157875046763935,0.5815749940826389,0.673255876688572,0.6341463414634146,0.5416666666666666,0.49052543255368247
0.6999999999999996,0.5,3,5,0.47058823529411764,0.9619422572178478,0.9039351851851852,0.48389325503065916,0.7093596059113301,0.7162652462559826,0.4738424391158884,0.6728140228019829,0.6233766233766234,0.5363128491620112,0.48984826317319785
0.6999999999999996,0.5,4,5,0.4074074074074074,0.9670781893004116,0.8948626045400239,0.4446254071661237,0.687192118226601,0.6872427983539094,0.558615124665435,0.6276900651301808,0.6470588235294118,0.5,0.4595080608900099
0.6999999999999996,0.5,5,5,0.42342342342342343,0.9757738896366084,0.9039812646370023,0.4846107423053711,0.7017255546425637,0.6995986565300158,0.55573036408152,0.6427795273942088,0.7230769230769231,0.5340909090909091,0.5062305213057392
0.7099999999999996,0.5,1,5,0.46,0.9543568464730291,0.8942891859052248,0.455576085220922,0.6756978653530378,0.7071784232365146,0.4637633746668171,0.662573882203029,0.5822784810126582,0.5139664804469274,0.4595615170110531
0.7099999999999996,0.5,2,5,0.4727272727272727,0.9588477366255144,0.8951132300357568,0.48386555561769473,0.6888341543513957,0.7157875046763935,0.5771084803048768,0.673255876688572,0.6341463414634146,0.5416666666666666,0.49052543255368247
0.7099999999999996,0.5,3,5,0.47058823529411764,0.9619422572178478,0.9039351851851852,0.48389325503065916,0.7093596059113301,0.7162652462559826,0.47388051469322934,0.6728140228019829,0.6233766233766234,0.5363128491620112,0.48984826317319785
0.7099999999999996,0.5,4,5,0.4074074074074074,0.9670781893004116,0.8948626045400239,0.4446254071661237,0.687192118226601,0.6872427983539094,0.5566923965913304,0.6276900651301808,0.6470588235294118,0.5,0.4595080608900099
0.7099999999999996,0.5,5,5,0.42342342342342343,0.9757738896366084,0.9039812646370023,0.4846107423053711,0.7017255546425637,0.6995986565300158,0.5576300905653777,0.6427795273942088,0.7230769230769231,0.5340909090909091,0.5062305213057392
0.7199999999999996,0.5,1,5,0.46,0.9543568464730291,0.8942891859052248,0.455576085220922,0.6756978653530378,0.7071784232365146,0.463394078288906,0.662573882203029,0.5822784810126582,0.5139664804469274,0.4595615170110531
0.7199999999999996,0.5,2,5,0.4727272727272727,0.9588477366255144,0.8951132300357568,0.48386555561769473,0.6888341543513957,0.7157875046763935,0.49703376368147845,0.673255876688572,0.6341463414634146,0.5416666666666666,0.49052543255368247
0.7199999999999996,0.5,3,5,0.47058823529411764,0.9619422572178478,0.9039351851851852,0.48389325503065916,0.7093596059113301,0.7162652462559826,0.4736932806051893,0.6728140228019829,0.6233766233766234,0.5363128491620112,0.48984826317319785
0.7199999999999996,0.5,4,5,0.4074074074074074,0.9670781893004116,0.8948626045400239,0.4446254071661237,0.687192118226601,0.6872427983539094,0.5586163161400673,0.6276900651301808,0.6470588235294118,0.5,0.4595080608900099
0.7199999999999996,0.5,5,5,0.42342342342342343,0.9757738896366084,0.9039812646370023,0.4846107423053711,0.7017255546425637,0.6995986565300158,0.5578452333322873,0.6427795273942088,0.7230769230769231,0.5340909090909091,0.5062305213057392
0.7299999999999996,0.5,1,5,0.46,0.9543568464730291,0.8942891859052248,0.455576085220922,0.6756978653530378,0.7071784232365146,0.46326534010540626,0.662573882203029,0.5822784810126582,0.5139664804469274,0.4595615170110531
0.7299999999999996,0.5,2,5,0.4727272727272727,0.9588477366255144,0.8951132300357568,0.48386555561769473,0.6888341543513957,0.7157875046763935,0.5753626203227993,0.673255876688572,0.6341463414634146,0.5416666666666666,0.49052543255368247
0.7299999999999996,0.5,3,5,0.47058823529411764,0.9619422572178478,0.9039351851851852,0.48389325503065916,0.7093596059113301,0.7162652462559826,0.4735366471303743,0.6728140228019829,0.6233766233766234,0.5363128491620112,0.48984826317319785
0.7299999999999996,0.5,4,5,0.4074074074074074,0.9670781893004116,0.8948626045400239,0.4446254071661237,0.687192118226601,0.6872427983539094,0.5566556953215737,0.6276900651301808,0.6470588235294118,0.5,0.4595080608900099
0.7299999999999996,0.5,5,5,0.42342342342342343,0.9757738896366084,0.9039812646370023,0.4846107423053711,0.7017255546425637,0.6995986565300158,0.5523137819627751,0.6427795273942088,0.7230769230769231,0.5340909090909091,0.5062305213057392
0.7399999999999997,0.5,1,5,0.46,0.9543568464730291,0.8942891859052248,0.455576085220922,0.6756978653530378,0.7071784232365146,0.463502980093433,0.662573882203029,0.5822784810126582,0.5139664804469274,0.4595615170110531
0.7399999999999997,0.5,2,5,0.4727272727272727,0.9588477366255144,0.8951132300357568,0.48386555561769473,0.6888341543513957,0.7157875046763935,0.5776673489749982,0.673255876688572,0.6341463414634146,0.5416666666666666,0.49052543255368247
0.7399999999999997,0.5,3,5,0.47058823529411764,0.9619422572178478,0.9039351851851852,0.48389325503065916,0.7093596059113301,0.7162652462559826,0.47349979872958065,0.6728140228019829,0.6233766233766234,0.5363128491620112,0.48984826317319785
0.7399999999999997,0.5,4,5,0.4074074074074074,0.9670781893004116,0.8948626045400239,0.4446254071661237,0.687192118226601,0.6872427983539094,0.5583158128298155,0.6276900651301808,0.6470588235294118,0.5,0.4595080608900099
0.7399999999999997,0.5,5,5,0.42342342342342343,0.9757738896366084,0.9039812646370023,0.4846107423053711,0.7017255546425637,0.6995986565300158,0.5555829448678296,0.6427795273942088,0.7230769230769231,0.5340909090909091,0.5062305213057392
0.7499999999999997,0.5,1,5,0.46,0.9543568464730291,0.8942891859052248,0.455576085220922,0.6756978653530378,0.7071784232365146,0.462773334528976,0.662573882203029,0.5822784810126582,0.5139664804469274,0.4595615170110531
0.7499999999999997,0.5,2,5,0.4727272727272727,0.9588477366255144,0.8951132300357568,0.48386555561769473,0.6888341543513957,0.7157875046763935,0.5784618496925718,0.673255876688572,0.6341463414634146,0.5416666666666666,0.49052543255368247
0.7499999999999997,0.5,3,5,0.47058823529411764,0.9619422572178478,0.9039351851851852,0.48389325503065916,0.7093596059113301,0.7162652462559826,0.47356489547916175,0.6728140228019829,0.6233766233766234,0.5363128491620112,0.48984826317319785
0.7499999999999997,0.5,4,5,0.4074074074074074,0.9670781893004116,0.8948626045400239,0.4446254071661237,0.687192118226601,0.6872427983539094,0.556317176980141,0.6276900651301808,0.6470588235294118,0.5,0.4595080608900099
0.7499999999999997,0.5,5,5,0.42342342342342343,0.9757738896366084,0.9039812646370023,0.4846107423053711,0.7017255546425637,0.6995986565300158,0.5555463742375238,0.6427795273942088,0.7230769230769231,0.5340909090909091,0.5062305213057392
0.7599999999999997,0.5,1,5,0.46,0.9543568464730291,0.8942891859052248,0.455576085220922,0.6756978653530378,0.7071784232365146,0.4326637285175116,0.662573882203029,0.5822784810126582,0.5139664804469274,0.4595615170110531
0.7599999999999997,0.5,2,5,0.4636363636363636,0.9588477366255144,0.8939213349225268,0.47573176810902273,0.6888341543513957,0.711242050130939,0.5775833814248009,0.6667508364374289,0.6296296296296297,0.5340314136125655,0.4828290186451528
0.7599999999999997,0.5,3,5,0.47058823529411764,0.9619422572178478,0.9039351851851852,0.48389325503065916,0.7093596059113301,0.7162652462559826,0.4735879299756429,0.6728140228019829,0.6233766233766234,0.5363128491620112,0.48984826317319785
0.7599999999999997,0.5,4,5,0.4074074074074074,0.9670781893004116,0.8948626045400239,0.4446254071661237,0.687192118226601,0.6872427983539094,0.5560486784490487,0.6276900651301808,0.6470588235294118,0.5,0.4595080608900099
0.7599999999999997,0.5,5,5,0.42342342342342343,0.9757738896366084,0.9039812646370023,0.4846107423053711,0.7017255546425637,0.6995986565300158,0.5575900292915882,0.6427795273942088,0.7230769230769231,0.5340909090909091,0.5062305213057392
0.7699999999999997,0.5,1,5,0.46,0.9543568464730291,0.8942891859052248,0.455576085220922,0.6756978653530378,0.7071784232365146,0.43232043990585617,0.662573882203029,0.5822784810126582,0.5139664804469274,0.4595615170110531
0.7699999999999997,0.5,2,5,0.4636363636363636,0.9588477366255144,0.8939213349225268,0.47573176810902273,0.6888341543513957,0.711242050130939,0.5759998103441687,0.6667508364374289,0.6296296296296297,0.5340314136125655,0.4828290186451528
0.7699999999999997,0.5,3,5,0.46078431372549017,0.9619422572178478,0.9027777777777778,0.47518222839291924,0.7093596059113301,0.7113632854716689,0.47330312859604357,0.6657686556422395,0.618421052631579,0.5280898876404494,0.481578637211376
0.7699999999999997,0.5,4,5,0.4074074074074074,0.9670781893004116,0.8948626045400239,0.4446254071661237,0.687192118226601,0.6872427983539094,0.5576347157398431,0.6276900651301808,0.6470588235294118,0.5,0.4595080608900099
0.7699999999999997,0.5,5,5,0.42342342342342343,0.9757738896366084,0.9039812646370023,0.4846107423053711,0.7017255546425637,0.6995986565300158,0.5551046487725598,0.6427795273942088,0.7230769230769231,0.5340909090909091,0.5062305213057392
0.7799999999999997,0.5,1,5,0.46,0.9543568464730291,0.8942891859052248,0.455576085220922,0.6756978653530378,0.7071784232365146,0.46216568929409557,0.662573882203029,0.5822784810126582,0.5139664804469274,0.4595615170110531
0.7799999999999997,0.5,2,5,0.4636363636363636,0.9588477366255144,0.8939213349225268,0.47573176810902273,0.6888341543513957,0.711242050130939,0.5769879132855646,0.6667508364374289,0.6296296296296297,0.5340314136125655,0.4828290186451528
0.7799999999999997,0.5,3,5,0.46078431372549017,0.9619422572178478,0.9027777777777778,0.47518222839291924,0.7093596059113301,0.7113632854716689,0.47331016375689205,0.6657686556422395,0.618421052631579,0.5280898876404494,0.481578637211376
0.7799999999999997,0.5,4,5,0.4074074074074074,0.9670781893004116,0.8948626045400239,0.4446254071661237,0.687192118226601,0.6872427983539094,0.555672371752207,0.6276900651301808,0.6470588235294118,0.5,0.4595080608900099
0.7799999999999997,0.5,5,5,0.42342342342342343,0.9757738896366084,0.9039812646370023,0.4846107423053711,0.7017255546425637,0.6995986565300158,0.555002695688934,0.6427795273942088,0.7230769230769231,0.5340909090909091,0.5062305213057392
0.7899999999999996,0.5,1,5,0.46,0.9543568464730291,0.8942891859052248,0.455576085220922,0.6756978653530378,0.7071784232365146,0.461970668309157,0.662573882203029,0.5822784810126582,0.5139664804469274,0.4595615170110531
0.7899999999999996,0.5,2,5,0.4636363636363636,0.9588477366255144,0.8939213349225268,0.47573176810902273,0.6888341543513957,0.711242050130939,0.5752247706991928,0.6667508364374289,0.6296296296296297,0.5340314136125655,0.4828290186451528
0.7899999999999996,0.5,3,5,0.46078431372549017,0.9619422572178478,0.9027777777777778,0.47518222839291924,0.7093596059113301,0.7113632854716689,0.47320789868235835,0.6657686556422395,0.618421052631579,0.5280898876404494,0.481578637211376
0.7899999999999996,0.5,4,5,0.4074074074074074,0.9670781893004116,0.8948626045400239,0.4446254071661237,0.687192118226601,0.6872427983539094,0.5527445089682292,0.6276900651301808,0.6470588235294118,0.5,0.4595080608900099
0.7899999999999996,0.5,5,5,0.42342342342342343,0.9757738896366084,0.9039812646370023,0.4846107423053711,0.7017255546425637,0.6995986565300158,0.5571450008104545,0.6427795273942088,0.7230769230769231,0.5340909090909091,0.5062305213057392
0.7999999999999996,0.5,1,5,0.46,0.9543568464730291,0.8942891859052248,0.455576085220922,0.6756978653530378,0.7071784232365146,0.4618997229498174,0.662573882203029,0.5822784810126582,0.5139664804469274,0.4595615170110531
0.7999999999999996,0.5,2,5,0.4636363636363636,0.9588477366255144,0.8939213349225268,0.47573176810902273,0.6888341543513957,0.711242050130939,0.5764442885664063,0.6667508364374289,0.6296296296296297,0.5340314136125655,0.4828290186451528
0.7999999999999996,0.5,3,5,0.46078431372549017,0.9619422572178478,0.9027777777777778,0.47518222839291924,0.7093596059113301,0.7113632854716689,0.47314602988963206,0.6657686556422395,0.618421052631579,0.5280898876404494,0.481578637211376
0.7999999999999996,0.5,4,5,0.4074074074074074,0.9670781893004116,0.8948626045400239,0.4446254071661237,0.687192118226601,0.6872427983539094,0.5557109782616559,0.6276900651301808,0.6470588235294118,0.5,0.4595080608900099
0.7999999999999996,0.5,5,5,0.42342342342342343,0.9757738896366084,0.9039812646370023,0.4846107423053711,0.7017255546425637,0.6995986565300158,0.5546944898350945,0.6427795273942088,0.7230769230769231,0.5340909090909091,0.5062305213057392
0.8099999999999996,0.5,1,5,0.46,0.9543568464730291,0.8942891859052248,0.455576085220922,0.6756978653530378,0.7071784232365146,0.4619339912945043,0.662573882203029,0.5822784810126582,0.5139664804469274,0.4595615170110531
0.8099999999999996,0.5,2,5,0.4636363636363636,0.9588477366255144,0.8939213349225268,0.47573176810902273,0.6888341543513957,0.711242050130939,0.5725321468551394,0.6667508364374289,0.6296296296296297,0.5340314136125655,0.4828290186451528
0.8099999999999996,0.5,3,5,0.46078431372549017,0.9619422572178478,0.9027777777777778,0.47518222839291924,0.7093596059113301,0.7113632854716689,0.47305790585332214,0.6657686556422395,0.618421052631579,0.5280898876404494,0.481578637211376
0.8099999999999996,0.5,4,5,0.4074074074074074,0.9670781893004116,0.8948626045400239,0.4446254071661237,0.687192118226601,0.6872427983539094,0.5526886023143215,0.6276900651301808,0.6470588235294118,0.5,0.4595080608900099
0.8099999999999996,0.5,5,5,0.42342342342342343,0.9757738896366084,0.9039812646370023,0.4846107423053711,0.7017255546425637,0.6995986565300158,0.5546378029657388,0.6427795273942088,0.7230769230769231,0.5340909090909091,0.5062305213057392
0.8199999999999996,0.5,1,5,0.46,0.9543568464730291,0.8942891859052248,0.455576085220922,0.6756978653530378,0.7071784232365146,0.4616848360772802,0.662573882203029,0.5822784810126582,0.5139664804469274,0.4595615170110531
0.8199999999999996,0.5,2,5,0.4636363636363636,0.9588477366255144,0.8939213349225268,0.47573176810902273,0.6888341543513957,0.711242050130939,0.5761454643415831,0.6667508364374289,0.6296296296296297,0.5340314136125655,0.4828290186451528
0.8199999999999996,0.5,3,5,0.46078431372549017,0.9619422572178478,0.9027777777777778,0.47518222839291924,0.7093596059113301,0.7113632854716689,0.4730183612102714,0.6657686556422395,0.618421052631579,0.5280898876404494,0.481578637211376
0.8199999999999996,0.5,4,5,0.4074074074074074,0.9670781893004116,0.8948626045400239,0.4446254071661237,0.687192118226601,0.6872427983539094,0.5556000238601614,0.6276900651301808,0.6470588235294118,0.5,0.4595080608900099
0.8199999999999996,0.5,5,5,0.42342342342342343,0.9757738896366084,0.9039812646370023,0.4846107423053711,0.7017255546425637,0.6995986565300158,0.5544859672045447,0.6427795273942088,0.7230769230769231,0.5340909090909091,0.5062305213057392
0.8299999999999996,0.5,1,5,0.46,0.9543568464730291,0.8942891859052248,0.455576085220922,0.6756978653530378,0.7071784232365146,0.46151105450221985,0.662573882203029,0.5822784810126582,0.5139664804469274,0.4595615170110531
0.8299999999999996,0.5,2,5,0.4636363636363636,0.9588477366255144,0.8939213349225268,0.47573176810902273,0.6888341543513957,0.711242050130939,0.4949664050463715,0.6667508364374289,0.6296296296296297,0.5340314136125655,0.4828290186451528
0.8299999999999996,0.5,3,5,0.46078431372549017,0.9619422572178478,0.9027777777777778,0.47518222839291924,0.7093596059113301,0.7113632854716689,0.47277515587374097,0.6657686556422395,0.618421052631579,0.5280898876404494,0.481578637211376
0.8299999999999996,0.5,4,5,0.4074074074074074,0.9670781893004116,0.8948626045400239,0.4446254071661237,0.687192118226601,0.6872427983539094,0.5554637594399096,0.6276900651301808,0.6470588235294118,0.5,0.4595080608900099
0.8299999999999996,0.5,5,5,0.42342342342342343,0.9757738896366084,0.9039812646370023,0.4846107423053711,0.7017255546425637,0.6995986565300158,0.5568333174842287,0.6427795273942088,0.7230769230769231,0.5340909090909091,0.5062305213057392
0.8399999999999996,0.5,1,5,0.46,0.9543568464730291,0.8942891859052248,0.455576085220922,0.6756978653530378,0.7071784232365146,0.4618264138880115,0.662573882203029,0.5822784810126582,0.5139664804469274,0.4595615170110531
0.8399999999999996,0.5,2,5,0.4636363636363636,0.9588477366255144,0.8939213349225268,0.47573176810902273,0.6888341543513957,0.711242050130939,0.5736255335910181,0.6667508364374289,0.6296296296296297,0.5340314136125655,0.4828290186451528
0.8399999999999996,0.5,3,5,0.46078431372549017,0.9619422572178478,0.9027777777777778,0.47518222839291924,0.7093596059113301,0.7113632854716689,0.4727339741343696,0.6657686556422395,0.618421052631579,0.5280898876404494,0.481578637211376
0.8399999999999996,0.5,4,5,0.4074074074074074,0.9670781893004116,0.8948626045400239,0.4446254071661237,0.687192118226601,0.6872427983539094,0.5552488964936915,0.6276900651301808,0.6470588235294118,0.5,0.4595080608900099
0.8399999999999996,0.5,5,5,0.42342342342342343,0.9757738896366084,0.9039812646370023,0.4846107423053711,0.7017255546425637,0.6995986565300158,0.5546418138633036,0.6427795273942088,0.7230769230769231,0.5340909090909091,0.5062305213057392
0.8499999999999996,0.5,1,5,0.46,0.9543568464730291,0.8942891859052248,0.455576085220922,0.6756978653530378,0.7071784232365146,0.4617364398109164,0.662573882203029,0.5822784810126582,0.5139664804469274,0.4595615170110531
0.8499999999999996,0.5,2,5,0.4636363636363636,0.9588477366255144,0.8939213349225268,0.47573176810902273,0.6888341543513957,0.711242050130939,0.5781664695461394,0.6667508364374289,0.6296296296296297,0.5340314136125655,0.4828290186451528
0.8499999999999996,0.5,3,5,0.46078431372549017,0.9619422572178478,0.9027777777777778,0.47518222839291924,0.7093596059113301,0.7113632854716689,0.47268174632003235,0.6657686556422395,0.618421052631579,0.5280898876404494,0.481578637211376
0.8499999999999996,0.5,4,5,0.4074074074074074,0.9670781893004116,0.8948626045400239,0.4446254071661237,0.687192118226601,0.6872427983539094,0.5551444839677775,0.6276900651301808,0.6470588235294118,0.5,0.4595080608900099
0.8499999999999996,0.5,5,5,0.42342342342342343,0.9757738896366084,0.9039812646370023,0.4846107423053711,0.7017255546425637,0.6995986565300158,0.5545686929395605,0.6427795273942088,0.7230769230769231,0.5340909090909091,0.5062305213057392
0.8599999999999995,0.5,1,5,0.46,0.9543568464730291,0.8942891859052248,0.455576085220922,0.6756978653530378,0.7071784232365146,0.461040875911366,0.662573882203029,0.5822784810126582,0.5139664804469274,0.4595615170110531
0.8599999999999995,0.5,2,5,0.4636363636363636,0.9588477366255144,0.8939213349225268,0.47573176810902273,0.6888341543513957,0.711242050130939,0.5746197223987276,0.6667508364374289,0.6296296296296297,0.5340314136125655,0.4828290186451528
0.8599999999999995,0.5,3,5,0.46078431372549017,0.9619422572178478,0.9027777777777778,0.47518222839291924,0.7093596059113301,0.7113632854716689,0.4726872665063487,0.6657686556422395,0.618421052631579,0.5280898876404494,0.481578637211376
0.8599999999999995,0.5,4,5,0.4074074074074074,0.9670781893004116,0.8948626045400239,0.4446254071661237,0.687192118226601,0.6872427983539094,0.5521441615130094,0.6276900651301808,0.6470588235294118,0.5,0.4595080608900099
0.8599999999999995,0.5,5,5,0.42342342342342343,0.9757738896366084,0.9039812646370023,0.4846107423053711,0.7017255546425637,0.6995986565300158,0.5566839601368441,0.6427795273942088,0.7230769230769231,0.5340909090909091,0.5062305213057392
0.8699999999999996,0.5,1,5,0.46,0.9543568464730291,0.8942891859052248,0.455576085220922,0.6756978653530378,0.7071784232365146,0.46097508490793243,0.662573882203029,0.5822784810126582,0.5139664804469274,0.4595615170110531
0.8699999999999996,0.5,2,5,0.4636363636363636,0.9588477366255144,0.8939213349225268,0.47573176810902273,0.6888341543513957,0.711242050130939,0.5745590175939764,0.6667508364374289,0.6296296296296297,0.5340314136125655,0.4828290186451528
0.8699999999999996,0.5,3,5,0.46078431372549017,0.9619422572178478,0.9027777777777778,0.47518222839291924,0.7093596059113301,0.7113632854716689,0.47273903473562834,0.6657686556422395,0.618421052631579,0.5280898876404494,0.481578637211376
0.8699999999999996,0.5,4,5,0.4074074074074074,0.9670781893004116,0.8948626045400239,0.4446254071661237,0.687192118226601,0.6872427983539094,0.5490079615625397,0.6276900651301808,0.6470588235294118,0.5,0.4595080608900099
0.8699999999999996,0.5,5,5,0.42342342342342343,0.9757738896366084,0.9039812646370023,0.4846107423053711,0.7017255546425637,0.6995986565300158,0.5510636589543647,0.6427795273942088,0.7230769230769231,0.5340909090909091,0.5062305213057392
0.8799999999999996,0.5,1,5,0.46,0.9543568464730291,0.8942891859052248,0.455576085220922,0.6756978653530378,0.7071784232365146,0.4611885043996037,0.662573882203029,0.5822784810126582,0.5139664804469274,0.4595615170110531
0.8799999999999996,0.5,2,5,0.4636363636363636,0.9588477366255144,0.8939213349225268,0.47573176810902273,0.6888341543513957,0.711242050130939,0.5744770203149494,0.6667508364374289,0.6296296296296297,0.5340314136125655,0.4828290186451528
0.8799999999999996,0.5,3,5,0.46078431372549017,0.9619422572178478,0.9027777777777778,0.47518222839291924,0.7093596059113301,0.7113632854716689,0.4727325157990517,0.6657686556422395,0.618421052631579,0.5280898876404494,0.481578637211376
0.8799999999999996,0.5,4,5,0.4074074074074074,0.9670781893004116,0.8948626045400239,0.4446254071661237,0.687192118226601,0.6872427983539094,0.5520585801650649,0.6276900651301808,0.6470588235294118,0.5,0.4595080608900099
0.8799999999999996,0.5,5,5,0.42342342342342343,0.9757738896366084,0.9039812646370023,0.4846107423053711,0.7017255546425637,0.6995986565300158,0.5565483560857576,0.6427795273942088,0.7230769230769231,0.5340909090909091,0.5062305213057392
0.8899999999999996,0.5,1,5,0.46,0.9543568464730291,0.8942891859052248,0.455576085220922,0.6756978653530378,0.7071784232365146,0.4610138654094875,0.662573882203029,0.5822784810126582,0.5139664804469274,0.4595615170110531
0.8899999999999996,0.5,2,5,0.4636363636363636,0.9588477366255144,0.8939213349225268,0.47573176810902273,0.6888341543513957,0.711242050130939,0.5733049799221539,0.6667508364374289,0.6296296296296297,0.5340314136125655,0.4828290186451528
0.8899999999999996,0.5,3,5,0.46078431372549017,0.9619422572178478,0.9027777777777778,0.47518222839291924,0.7093596059113301,0.7113632854716689,0.47268502577246313,0.6657686556422395,0.618421052631579,0.5280898876404494,0.481578637211376
0.8899999999999996,0.5,4,5,0.4074074074074074,0.9670781893004116,0.8948626045400239,0.4446254071661237,0.687192118226601,0.6872427983539094,0.5567046053773469,0.6276900651301808,0.6470588235294118,0.5,0.4595080608900099
0.8899999999999996,0.5,5,5,0.42342342342342343,0.9757738896366084,0.9039812646370023,0.4846107423053711,0.7017255546425637,0.6995986565300158,0.5543471064188916,0.6427795273942088,0.7230769230769231,0.5340909090909091,0.5062305213057392
0.8999999999999996,0.5,1,5,0.46,0.9543568464730291,0.8942891859052248,0.455576085220922,0.6756978653530378,0.7071784232365146,0.46088608484778526,0.662573882203029,0.5822784810126582,0.5139664804469274,0.4595615170110531
0.8999999999999996,0.5,2,5,0.4636363636363636,0.9588477366255144,0.8939213349225268,0.47573176810902273,0.6888341543513957,0.711242050130939,0.5755204346328372,0.6667508364374289,0.6296296296296297,0.5340314136125655,0.4828290186451528
0.8999999999999996,0.5,3,5,0.46078431372549017,0.9619422572178478,0.9027777777777778,0.47518222839291924,0.7093596059113301,0.7113632854716689,0.4722373515892813,0.6657686556422395,0.618421052631579,0.5280898876404494,0.481578637211376
0.8999999999999996,0.5,4,5,0.4074074074074074,0.9670781893004116,0.8948626045400239,0.4446254071661237,0.687192118226601,0.6872427983539094,0.5547653568927964,0.6276900651301808,0.6470588235294118,0.5,0.4595080608900099
0.8999999999999996,0.5,5,5,0.42342342342342343,0.9757738896366084,0.9039812646370023,0.4846107423053711,0.7017255546425637,0.6995986565300158,0.5564510216500927,0.6427795273942088,0.7230769230769231,0.5340909090909091,0.5062305213057392
0.9099999999999996,0.5,1,5,0.46,0.9543568464730291,0.8942891859052248,0.455576085220922,0.6756978653530378,0.7071784232365146,0.46084849086282287,0.662573882203029,0.5822784810126582,0.5139664804469274,0.4595615170110531
0.9099999999999996,0.5,2,5,0.4636363636363636,0.9588477366255144,0.8939213349225268,0.47573176810902273,0.6888341543513957,0.711242050130939,0.5763202488177404,0.6667508364374289,0.6296296296296297,0.5340314136125655,0.4828290186451528
0.9099999999999996,0.5,3,5,0.46078431372549017,0.9619422572178478,0.9027777777777778,0.47518222839291924,0.7093596059113301,0.7113632854716689,0.47250102726322407,0.6657686556422395,0.618421052631579,0.5280898876404494,0.481578637211376
0.9099999999999996,0.5,4,5,0.4074074074074074,0.9670781893004116,0.8948626045400239,0.4446254071661237,0.687192118226601,0.6872427983539094,0.5546043283265253,0.6276900651301808,0.6470588235294118,0.5,0.4595080608900099
0.9099999999999996,0.5,5,5,0.42342342342342343,0.9757738896366084,0.9039812646370023,0.4846107423053711,0.7017255546425637,0.6995986565300158,0.554369691050149,0.6427795273942088,0.7230769230769231,0.5340909090909091,0.5062305213057392
0.9199999999999996,0.5,1,5,0.46,0.9543568464730291,0.8942891859052248,0.455576085220922,0.6756978653530378,0.7071784232365146,0.46079777626189955,0.662573882203029,0.5822784810126582,0.5139664804469274,0.4595615170110531
0.9199999999999996,0.5,2,5,0.4636363636363636,0.9588477366255144,0.8939213349225268,0.47573176810902273,0.6888341543513957,0.711242050130939,0.5740119005868107,0.6667508364374289,0.6296296296296297,0.5340314136125655,0.4828290186451528
0.9199999999999996,0.5,3,5,0.46078431372549017,0.9619422572178478,0.9027777777777778,0.47518222839291924,0.7093596059113301,0.7113632854716689,0.47261976857573695,0.6657686556422395,0.618421052631579,0.5280898876404494,0.481578637211376
0.9199999999999996,0.5,4,5,0.4074074074074074,0.9670781893004116,0.8948626045400239,0.4446254071661237,0.687192118226601,0.6872427983539094,0.5545798808189594,0.6276900651301808,0.6470588235294118,0.5,0.4595080608900099
0.9199999999999996,0.5,5,5,0.42342342342342343,0.9757738896366084,0.9039812646370023,0.4846107423053711,0.7017255546425637,0.6995986565300158,0.5542018730216006,0.6427795273942088,0.7230769230769231,0.5340909090909091,0.5062305213057392
0.9299999999999996,0.5,1,5,0.46,0.9543568464730291,0.8942891859052248,0.455576085220922,0.6756978653530378,0.7071784232365146,0.46079777626189955,0.662573882203029,0.5822784810126582,0.5139664804469274,0.4595615170110531
0.9299999999999996,0.5,2,5,0.4636363636363636,0.9588477366255144,0.8939213349225268,0.47573176810902273,0.6888341543513957,0.711242050130939,0.5712671392797152,0.6667508364374289,0.6296296296296297,0.5340314136125655,0.4828290186451528
0.9299999999999996,0.5,3,5,0.46078431372549017,0.9619422572178478,0.9027777777777778,0.47518222839291924,0.7093596059113301,0.7113632854716689,0.4725752402900332,0.6657686556422395,0.618421052631579,0.5280898876404494,0.481578637211376
0.9299999999999996,0.5,4,5,0.4074074074074074,0.9670781893004116,0.8948626045400239,0.4446254071661237,0.687192118226601,0.6872427983539094,0.5563014222121035,0.6276900651301808,0.6470588235294118,0.5,0.4595080608900099
0.9299999999999996,0.5,5,5,0.42342342342342343,0.9757738896366084,0.9039812646370023,0.4846107423053711,0.7017255546425637,0.6995986565300158,0.5561212990041958,0.6427795273942088,0.7230769230769231,0.5340909090909091,0.5062305213057392
0.9399999999999996,0.5,1,5,0.46,0.9543568464730291,0.8942891859052248,0.455576085220922,0.6756978653530378,0.7071784232365146,0.4607632782378409,0.662573882203029,0.5822784810126582,0.5139664804469274,0.4595615170110531
0.9399999999999996,0.5,2,5,0.4636363636363636,0.9588477366255144,0.8939213349225268,0.47573176810902273,0.6888341543513957,0.711242050130939,0.4918072884068097,0.6667508364374289,0.6296296296296297,0.5340314136125655,0.4828290186451528
0.9399999999999996,0.5,3,5,0.46078431372549017,0.9619422572178478,0.9027777777777778,0.47518222839291924,0.7093596059113301,0.7113632854716689,0.47259975327807313,0.6657686556422395,0.618421052631579,0.5280898876404494,0.481578637211376
0.9399999999999996,0.5,4,5,0.4074074074074074,0.9670781893004116,0.8948626045400239,0.4446254071661237,0.687192118226601,0.6872427983539094,0.5514892156202795,0.6276900651301808,0.6470588235294118,0.5,0.4595080608900099
0.9399999999999996,0.5,5,5,0.42342342342342343,0.9757738896366084,0.9039812646370023,0.4846107423053711,0.7017255546425637,0.6995986565300158,0.5560612216466095,0.6427795273942088,0.7230769230769231,0.5340909090909091,0.5062305213057392
0.9499999999999995,0.5,1,5,0.46,0.9543568464730291,0.8942891859052248,0.455576085220922,0.6756978653530378,0.7071784232365146,0.4607632782378409,0.662573882203029,0.5822784810126582,0.5139664804469274,0.4595615170110531
0.9499999999999995,0.5,2,5,0.4636363636363636,0.9588477366255144,0.8939213349225268,0.47573176810902273,0.6888341543513957,0.711242050130939,0.573472295530447,0.6667508364374289,0.6296296296296297,0.5340314136125655,0.4828290186451528
0.9499999999999995,0.5,3,5,0.46078431372549017,0.9619422572178478,0.9027777777777778,0.47518222839291924,0.7093596059113301,0.7113632854716689,0.47262333953671554,0.6657686556422395,0.618421052631579,0.5280898876404494,0.481578637211376
0.9499999999999995,0.5,4,5,0.4074074074074074,0.9670781893004116,0.8948626045400239,0.4446254071661237,0.687192118226601,0.6872427983539094,0.5545011884204948,0.6276900651301808,0.6470588235294118,0.5,0.4595080608900099
0.9499999999999995,0.5,5,5,0.42342342342342343,0.9757738896366084,0.9039812646370023,0.4846107423053711,0.7017255546425637,0.6995986565300158,0.5540921403091387,0.6427795273942088,0.7230769230769231,0.5340909090909091,0.5062305213057392
0.9599999999999995,0.5,1,5,0.46,0.9543568464730291,0.8942891859052248,0.455576085220922,0.6756978653530378,0.7071784232365146,0.46053043868647225,0.662573882203029,0.5822784810126582,0.5139664804469274,0.4595615170110531
0.9599999999999995,0.5,2,5,0.4636363636363636,0.9588477366255144,0.8939213349225268,0.47573176810902273,0.6888341543513957,0.711242050130939,0.5709084704560139,0.6667508364374289,0.6296296296296297,0.5340314136125655,0.4828290186451528
0.9599999999999995,0.5,3,5,0.46078431372549017,0.9619422572178478,0.9027777777777778,0.47518222839291924,0.7093596059113301,0.7113632854716689,0.47254280793209885,0.6657686556422395,0.618421052631579,0.5280898876404494,0.481578637211376
0.9599999999999995,0.5,4,5,0.4074074074074074,0.9670781893004116,0.8948626045400239,0.4446254071661237,0.687192118226601,0.6872427983539094,0.5563943546379649,0.6276900651301808,0.6470588235294118,0.5,0.4595080608900099
0.9599999999999995,0.5,5,5,0.42342342342342343,0.9757738896366084,0.9039812646370023,0.4846107423053711,0.7017255546425637,0.6995986565300158,0.5540921403091387,0.6427795273942088,0.7230769230769231,0.5340909090909091,0.5062305213057392
0.9699999999999995,0.5,1,5,0.46,0.9543568464730291,0.8942891859052248,0.455576085220922,0.6756978653530378,0.7071784232365146,0.460177337238346,0.662573882203029,0.5822784810126582,0.5139664804469274,0.4595615170110531
0.9699999999999995,0.5,2,5,0.4636363636363636,0.9588477366255144,0.8939213349225268,0.47573176810902273,0.6888341543513957,0.711242050130939,0.5732851404684091,0.6667508364374289,0.6296296296296297,0.5340314136125655,0.4828290186451528
0.9699999999999995,0.5,3,5,0.46078431372549017,0.9619422572178478,0.9027777777777778,0.47518222839291924,0.7093596059113301,0.7113632854716689,0.47244426346620333,0.6657686556422395,0.618421052631579,0.5280898876404494,0.481578637211376
0.9699999999999995,0.5,4,5,0.4074074074074074,0.9670781893004116,0.8948626045400239,0.4446254071661237,0.687192118226601,0.6872427983539094,0.5514526341795436,0.6276900651301808,0.6470588235294118,0.5,0.4595080608900099
0.9699999999999995,0.5,5,5,0.42342342342342343,0.9757738896366084,0.9039812646370023,0.4846107423053711,0.7017255546425637,0.6995986565300158,0.5540651834971386,0.6427795273942088,0.7230769230769231,0.5340909090909091,0.5062305213057392
0.9799999999999995,0.5,1,5,0.46,0.9543568464730291,0.8942891859052248,0.455576085220922,0.6756978653530378,0.7071784232365146,0.460177337238346,0.662573882203029,0.5822784810126582,0.5139664804469274,0.4595615170110531
0.9799999999999995,0.5,2,5,0.4636363636363636,0.9588477366255144,0.8939213349225268,0.47573176810902273,0.6888341543513957,0.711242050130939,0.49349191915308555,0.6667508364374289,0.6296296296296297,0.5340314136125655,0.4828290186451528
0.9799999999999995,0.5,3,5,0.46078431372549017,0.9619422572178478,0.9027777777777778,0.47518222839291924,0.7093596059113301,0.7113632854716689,0.4723737961309626,0.6657686556422395,0.618421052631579,0.5280898876404494,0.481578637211376
0.9799999999999995,0.5,4,5,0.4074074074074074,0.9670781893004116,0.8948626045400239,0.4446254071661237,0.687192118226601,0.6872427983539094,0.5513953762094445,0.6276900651301808,0.6470588235294118,0.5,0.4595080608900099
0.9799999999999995,0.5,5,5,0.42342342342342343,0.9757738896366084,0.9039812646370023,0.4846107423053711,0.7017255546425637,0.6995986565300158,0.5506985716644305,0.6427795273942088,0.7230769230769231,0.5340909090909091,0.5062305213057392
0.9899999999999995,0.5,1,5,0.46,0.9543568464730291,0.8942891859052248,0.455576085220922,0.6756978653530378,0.7071784232365146,0.4602617367650886,0.662573882203029,0.5822784810126582,0.5139664804469274,0.4595615170110531
0.9899999999999995,0.5,2,5,0.4636363636363636,0.9588477366255144,0.8939213349225268,0.47573176810902273,0.6888341543513957,0.711242050130939,0.5730113014637521,0.6667508364374289,0.6296296296296297,0.5340314136125655,0.4828290186451528
0.9899999999999995,0.5,3,5,0.46078431372549017,0.9619422572178478,0.9027777777777778,0.47518222839291924,0.7093596059113301,0.7113632854716689,0.47234028346098,0.6657686556422395,0.618421052631579,0.5280898876404494,0.481578637211376
0.9899999999999995,0.5,4,5,0.4074074074074074,0.9670781893004116,0.8948626045400239,0.4446254071661237,0.687192118226601,0.6872427983539094,0.5543191917263645,0.6276900651301808,0.6470588235294118,0.5,0.4595080608900099
0.9899999999999995,0.5,5,5,0.42342342342342343,0.9757738896366084,0.9039812646370023,0.4846107423053711,0.7017255546425637,0.6995986565300158,0.5506450107603295,0.6427795273942088,0.7230769230769231,0.5340909090909091,0.5062305213057392
1.0,0.5,1,5,0.46,0.9543568464730291,0.8942891859052248,0.455576085220922,0.6756978653530378,0.7071784232365146,0.4602617367650886,0.662573882203029,0.5822784810126582,0.5139664804469274,0.4595615170110531
1.0,0.5,2,5,0.4636363636363636,0.9588477366255144,0.8939213349225268,0.47573176810902273,0.6888341543513957,0.711242050130939,0.5743899623290151,0.6667508364374289,0.6296296296296297,0.5340314136125655,0.4828290186451528
1.0,0.5,3,5,0.46078431372549017,0.9619422572178478,0.9027777777777778,0.47518222839291924,0.7093596059113301,0.7113632854716689,0.47235123583446,0.6657686556422395,0.618421052631579,0.5280898876404494,0.481578637211376
1.0,0.5,4,5,0.4074074074074074,0.9670781893004116,0.8948626045400239,0.4446254071661237,0.687192118226601,0.6872427983539094,0.5513552489476069,0.6276900651301808,0.6470588235294118,0.5,0.4595080608900099
1.0,0.5,5,5,0.42342342342342343,0.9757738896366084,0.9039812646370023,0.4846107423053711,0.7017255546425637,0.6995986565300158,0.5507759918714957,0.6427795273942088,0.7230769230769231,0.5340909090909091,0.5062305213057392
