SmoothFactor,TanimotoDistance,Fold,Repeat,Sensitivity,Specificity,Accuracy,kappa,Coverage,AreaUnderTheCurve,PR_AUC,GMean,Precision,F1,MCC
0.1,0.6,1,1,0.9,0.8181818181818182,0.8709677419354839,0.7181818181818181,0.5740740740740741,0.8590909090909091,0.9357977031554505,0.8581163303210332,0.9,0.9,0.7181818181818181
0.1,0.6,2,1,0.9473684210526315,0.8461538461538461,0.90625,0.8032786885245902,0.5925925925925926,0.8967611336032388,0.9259662960290302,0.895332023999131,0.9,0.9230769230769231,0.8050112948805689
0.1,0.6,3,1,1.0,0.9230769230769231,0.9696969696969697,0.9356725146198831,0.6111111111111112,0.9615384615384616,0.9686779448621554,0.9607689228305228,0.9523809523809523,0.975609756097561,0.9376144618769908
0.1,0.6,4,1,0.8125,0.8571428571428571,0.8260869565217391,0.6198347107438017,0.42592592592592593,0.8348214285714286,0.9287658133905736,0.8345229603962802,0.9285714285714286,0.8666666666666667,0.6313453403451318
0.1,0.6,5,1,0.8666666666666667,0.9230769230769231,0.8928571428571429,0.7857142857142858,0.5185185185185186,0.8948717948717949,0.9601587301587302,0.8944271909999159,0.9285714285714286,0.896551724137931,0.7877263614433762
0.11,0.6,1,1,0.9,0.8181818181818182,0.8709677419354839,0.7181818181818181,0.5740740740740741,0.8590909090909091,0.9429405602983078,0.8581163303210332,0.9,0.9,0.7181818181818181
0.11,0.6,2,1,0.9473684210526315,0.8461538461538461,0.90625,0.8032786885245902,0.5925925925925926,0.8967611336032388,0.9285978749763987,0.895332023999131,0.9,0.9230769230769231,0.8050112948805689
0.11,0.6,3,1,1.0,0.9230769230769231,0.9696969696969697,0.9356725146198831,0.6111111111111112,0.9615384615384616,0.9714557226399331,0.9607689228305228,0.9523809523809523,0.975609756097561,0.9376144618769908
0.11,0.6,4,1,0.8125,0.8571428571428571,0.8260869565217391,0.6198347107438017,0.42592592592592593,0.8348214285714286,0.9618759324381927,0.8345229603962802,0.9285714285714286,0.8666666666666667,0.6313453403451318
0.11,0.6,5,1,0.8666666666666667,0.9230769230769231,0.8928571428571429,0.7857142857142858,0.5185185185185186,0.8948717948717949,0.9601587301587302,0.8944271909999159,0.9285714285714286,0.896551724137931,0.7877263614433762
0.12,0.6,1,1,0.9,0.8181818181818182,0.8709677419354839,0.7181818181818181,0.5740740740740741,0.8590909090909091,0.9377207800785274,0.8581163303210332,0.9,0.9,0.7181818181818181
0.12,0.6,2,1,0.9473684210526315,0.8461538461538461,0.90625,0.8032786885245902,0.5925925925925926,0.8967611336032388,0.9253084012921882,0.895332023999131,0.9,0.9230769230769231,0.8050112948805689
0.12,0.6,3,1,1.0,0.9230769230769231,0.9696969696969697,0.9356725146198831,0.6111111111111112,0.9615384615384616,0.9713095238095237,0.9607689228305228,0.9523809523809523,0.975609756097561,0.9376144618769908
0.12,0.6,4,1,0.8125,0.8571428571428571,0.8260869565217391,0.6198347107438017,0.42592592592592593,0.8348214285714286,0.8082014818887421,0.8345229603962802,0.9285714285714286,0.8666666666666667,0.6313453403451318
0.12,0.6,5,1,0.8666666666666667,0.9230769230769231,0.8928571428571429,0.7857142857142858,0.5185185185185186,0.8948717948717949,0.9601587301587302,0.8944271909999159,0.9285714285714286,0.896551724137931,0.7877263614433762
0.13,0.6,1,1,0.9,0.8181818181818182,0.8709677419354839,0.7181818181818181,0.5740740740740741,0.8590909090909091,0.9377207800785274,0.8581163303210332,0.9,0.9,0.7181818181818181
0.13,0.6,2,1,0.9473684210526315,0.8461538461538461,0.90625,0.8032786885245902,0.5925925925925926,0.8967611336032388,0.9089622474460344,0.895332023999131,0.9,0.9230769230769231,0.8050112948805689
0.13,0.6,3,1,1.0,0.9230769230769231,0.9696969696969697,0.9356725146198831,0.6111111111111112,0.9615384615384616,0.9659001670843776,0.9607689228305228,0.9523809523809523,0.975609756097561,0.9376144618769908
0.13,0.6,4,1,0.8125,0.8571428571428571,0.8260869565217391,0.6198347107438017,0.42592592592592593,0.8348214285714286,0.7543152639400241,0.8345229603962802,0.9285714285714286,0.8666666666666667,0.6313453403451318
0.13,0.6,5,1,0.8666666666666667,0.9230769230769231,0.8928571428571429,0.7857142857142858,0.5185185185185186,0.8948717948717949,0.9601587301587302,0.8944271909999159,0.9285714285714286,0.896551724137931,0.7877263614433762
0.13999999999999999,0.6,1,1,0.9,0.8181818181818182,0.8709677419354839,0.7181818181818181,0.5740740740740741,0.8590909090909091,0.9357977031554505,0.8581163303210332,0.9,0.9,0.7181818181818181
0.13999999999999999,0.6,2,1,0.9473684210526315,0.8461538461538461,0.90625,0.8032786885245902,0.5925925925925926,0.8967611336032388,0.9436354689613611,0.895332023999131,0.9,0.9230769230769231,0.8050112948805689
0.13999999999999999,0.6,3,1,1.0,0.9230769230769231,0.9696969696969697,0.9356725146198831,0.6111111111111112,0.9615384615384616,0.9700668337510443,0.9607689228305228,0.9523809523809523,0.975609756097561,0.9376144618769908
0.13999999999999999,0.6,4,1,0.8125,0.8571428571428571,0.8260869565217391,0.6198347107438017,0.42592592592592593,0.8348214285714286,0.9380091741964345,0.8345229603962802,0.9285714285714286,0.8666666666666667,0.6313453403451318
0.13999999999999999,0.6,5,1,0.8666666666666667,0.9230769230769231,0.8928571428571429,0.7857142857142858,0.5185185185185186,0.8948717948717949,0.9601587301587302,0.8944271909999159,0.9285714285714286,0.896551724137931,0.7877263614433762
0.14999999999999997,0.6,1,1,0.9,0.8181818181818182,0.8709677419354839,0.7181818181818181,0.5740740740740741,0.8590909090909091,0.9382015493092967,0.8581163303210332,0.9,0.9,0.7181818181818181
0.14999999999999997,0.6,2,1,0.9473684210526315,0.8461538461538461,0.90625,0.8032786885245902,0.5925925925925926,0.8967611336032388,0.9234287020440679,0.895332023999131,0.9,0.9230769230769231,0.8050112948805689
0.14999999999999997,0.6,3,1,1.0,0.9230769230769231,0.9696969696969697,0.9356725146198831,0.6111111111111112,0.9615384615384616,0.9713095238095237,0.9607689228305228,0.9523809523809523,0.975609756097561,0.9376144618769908
0.14999999999999997,0.6,4,1,0.8125,0.8571428571428571,0.8260869565217391,0.6198347107438017,0.42592592592592593,0.8348214285714286,0.9373223610096213,0.8345229603962802,0.9285714285714286,0.8666666666666667,0.6313453403451318
0.14999999999999997,0.6,5,1,0.8666666666666667,0.9230769230769231,0.8928571428571429,0.7857142857142858,0.5185185185185186,0.8948717948717949,0.9601587301587302,0.8944271909999159,0.9285714285714286,0.896551724137931,0.7877263614433762
0.15999999999999998,0.6,1,1,0.9,0.8181818181818182,0.8709677419354839,0.7181818181818181,0.5740740740740741,0.8590909090909091,0.9357977031554505,0.8581163303210332,0.9,0.9,0.7181818181818181
0.15999999999999998,0.6,2,1,0.9473684210526315,0.8461538461538461,0.90625,0.8032786885245902,0.5925925925925926,0.8967611336032388,0.9259662960290302,0.895332023999131,0.9,0.9230769230769231,0.8050112948805689
0.15999999999999998,0.6,3,1,1.0,0.9230769230769231,0.9696969696969697,0.9356725146198831,0.6111111111111112,0.9615384615384616,0.972625313283208,0.9607689228305228,0.9523809523809523,0.975609756097561,0.9376144618769908
0.15999999999999998,0.6,4,1,0.8125,0.8571428571428571,0.8260869565217391,0.6198347107438017,0.42592592592592593,0.8348214285714286,0.9618759324381927,0.8345229603962802,0.9285714285714286,0.8666666666666667,0.6313453403451318
0.15999999999999998,0.6,5,1,0.8666666666666667,0.9230769230769231,0.8928571428571429,0.7857142857142858,0.5185185185185186,0.8948717948717949,0.9601587301587302,0.8944271909999159,0.9285714285714286,0.896551724137931,0.7877263614433762
0.16999999999999998,0.6,1,1,0.9,0.8181818181818182,0.8709677419354839,0.7181818181818181,0.5740740740740741,0.8590909090909091,0.9319515493092967,0.8581163303210332,0.9,0.9,0.7181818181818181
0.16999999999999998,0.6,2,1,0.9473684210526315,0.8461538461538461,0.90625,0.8032786885245902,0.5925925925925926,0.8967611336032388,0.9367625173515675,0.895332023999131,0.9,0.9230769230769231,0.8050112948805689
0.16999999999999998,0.6,3,1,1.0,0.9230769230769231,0.9696969696969697,0.9356725146198831,0.6111111111111112,0.9615384615384616,0.9752568922305763,0.9607689228305228,0.9523809523809523,0.975609756097561,0.9376144618769908
0.16999999999999998,0.6,4,1,0.8125,0.8571428571428571,0.8260869565217391,0.6198347107438017,0.42592592592592593,0.8348214285714286,0.9283937895810498,0.8345229603962802,0.9285714285714286,0.8666666666666667,0.6313453403451318
0.16999999999999998,0.6,5,1,0.8666666666666667,0.9230769230769231,0.8928571428571429,0.7857142857142858,0.5185185185185186,0.8948717948717949,0.9601587301587302,0.8944271909999159,0.9285714285714286,0.896551724137931,0.7877263614433762
0.17999999999999997,0.6,1,1,0.9,0.8181818181818182,0.8709677419354839,0.7181818181818181,0.5740740740740741,0.8590909090909091,0.9393691317268791,0.8581163303210332,0.9,0.9,0.7181818181818181
0.17999999999999997,0.6,2,1,0.9473684210526315,0.8461538461538461,0.90625,0.8032786885245902,0.5925925925925926,0.8967611336032388,0.9379963712170002,0.895332023999131,0.9,0.9230769230769231,0.8050112948805689
0.17999999999999997,0.6,3,1,1.0,0.9230769230769231,0.9696969696969697,0.9356725146198831,0.6111111111111112,0.9615384615384616,0.9713095238095237,0.9607689228305228,0.9523809523809523,0.975609756097561,0.9376144618769908
0.17999999999999997,0.6,4,1,0.8125,0.8571428571428571,0.8260869565217391,0.6198347107438017,0.42592592592592593,0.8348214285714286,0.918247685684946,0.8345229603962802,0.9285714285714286,0.8666666666666667,0.6313453403451318
0.17999999999999997,0.6,5,1,0.8666666666666667,0.9230769230769231,0.8928571428571429,0.7857142857142858,0.5185185185185186,0.8948717948717949,0.9601587301587302,0.8944271909999159,0.9285714285714286,0.896551724137931,0.7877263614433762
0.18999999999999995,0.6,1,1,0.9,0.8181818181818182,0.8709677419354839,0.7181818181818181,0.5740740740740741,0.8590909090909091,0.9319515493092967,0.8581163303210332,0.9,0.9,0.7181818181818181
0.18999999999999995,0.6,2,1,0.9473684210526315,0.8461538461538461,0.90625,0.8032786885245902,0.5925925925925926,0.8967611336032388,0.9285978749763987,0.895332023999131,0.9,0.9230769230769231,0.8050112948805689
0.18999999999999995,0.6,3,1,1.0,0.9230769230769231,0.9696969696969697,0.9356725146198831,0.6111111111111112,0.9615384615384616,0.965891567153177,0.9607689228305228,0.9523809523809523,0.975609756097561,0.9376144618769908
0.18999999999999995,0.6,4,1,0.8125,0.8571428571428571,0.8260869565217391,0.6198347107438017,0.42592592592592593,0.8348214285714286,0.9307976357348959,0.8345229603962802,0.9285714285714286,0.8666666666666667,0.6313453403451318
0.18999999999999995,0.6,5,1,0.8666666666666667,0.9230769230769231,0.8928571428571429,0.7857142857142858,0.5185185185185186,0.8948717948717949,0.9601587301587302,0.8944271909999159,0.9285714285714286,0.896551724137931,0.7877263614433762
0.19999999999999996,0.6,1,1,0.9,0.8181818181818182,0.8709677419354839,0.7181818181818181,0.5740740740740741,0.8590909090909091,0.9434900108477582,0.8581163303210332,0.9,0.9,0.7181818181818181
0.19999999999999996,0.6,2,1,0.9473684210526315,0.8461538461538461,0.90625,0.8032786885245902,0.5925925925925926,0.8967611336032388,0.5963923611919375,0.895332023999131,0.9,0.9230769230769231,0.8050112948805689
0.19999999999999996,0.6,3,1,1.0,0.9230769230769231,0.9696969696969697,0.9356725146198831,0.6111111111111112,0.9615384615384616,0.9686779448621554,0.9607689228305228,0.9523809523809523,0.975609756097561,0.9376144618769908
0.19999999999999996,0.6,4,1,0.8125,0.8571428571428571,0.8260869565217391,0.6198347107438017,0.42592592592592593,0.8348214285714286,0.8142110972733575,0.8345229603962802,0.9285714285714286,0.8666666666666667,0.6313453403451318
0.19999999999999996,0.6,5,1,0.8666666666666667,0.9230769230769231,0.8928571428571429,0.7857142857142858,0.5185185185185186,0.8948717948717949,0.9601587301587302,0.8944271909999159,0.9285714285714286,0.896551724137931,0.7877263614433762
0.20999999999999996,0.6,1,1,0.9,0.8181818181818182,0.8709677419354839,0.7181818181818181,0.5740740740740741,0.8590909090909091,0.9396438570016045,0.8581163303210332,0.9,0.9,0.7181818181818181
0.20999999999999996,0.6,2,1,0.9473684210526315,0.8461538461538461,0.90625,0.8032786885245902,0.5925925925925926,0.8967611336032388,0.811931208309732,0.895332023999131,0.9,0.9230769230769231,0.8050112948805689
0.20999999999999996,0.6,3,1,1.0,0.9230769230769231,0.9696969696969697,0.9356725146198831,0.6111111111111112,0.9615384615384616,0.972625313283208,0.9607689228305228,0.9523809523809523,0.975609756097561,0.9376144618769908
0.20999999999999996,0.6,4,1,0.8125,0.8571428571428571,0.8260869565217391,0.6198347107438017,0.42592592592592593,0.8348214285714286,0.921088594775855,0.8345229603962802,0.9285714285714286,0.8666666666666667,0.6313453403451318
0.20999999999999996,0.6,5,1,0.8666666666666667,0.9230769230769231,0.8928571428571429,0.7857142857142858,0.5185185185185186,0.8948717948717949,0.9601587301587302,0.8944271909999159,0.9285714285714286,0.896551724137931,0.7877263614433762
0.21999999999999995,0.6,1,1,0.9,0.8181818181818182,0.8709677419354839,0.7181818181818181,0.5740740740740741,0.8590909090909091,0.9360953222030696,0.8581163303210332,0.9,0.9,0.7181818181818181
0.21999999999999995,0.6,2,1,0.9473684210526315,0.8461538461538461,0.90625,0.8032786885245902,0.5925925925925926,0.8967611336032388,0.9294750679588548,0.895332023999131,0.9,0.9230769230769231,0.8050112948805689
0.21999999999999995,0.6,3,1,1.0,0.9230769230769231,0.9696969696969697,0.9356725146198831,0.6111111111111112,0.9615384615384616,0.9713095238095237,0.9607689228305228,0.9523809523809523,0.975609756097561,0.9376144618769908
0.21999999999999995,0.6,4,1,0.8125,0.8571428571428571,0.8260869565217391,0.6198347107438017,0.42592592592592593,0.8348214285714286,0.6058491467239069,0.8345229603962802,0.9285714285714286,0.8666666666666667,0.6313453403451318
0.21999999999999995,0.6,5,1,0.8666666666666667,0.9230769230769231,0.8928571428571429,0.7857142857142858,0.5185185185185186,0.8948717948717949,0.9601587301587302,0.8944271909999159,0.9285714285714286,0.896551724137931,0.7877263614433762
0.22999999999999995,0.6,1,1,0.9,0.8181818181818182,0.8709677419354839,0.7181818181818181,0.5740740740740741,0.8590909090909091,0.920817544425292,0.8581163303210332,0.9,0.9,0.7181818181818181
0.22999999999999995,0.6,2,1,0.9473684210526315,0.8461538461538461,0.90625,0.8032786885245902,0.5925925925925926,0.8967611336032388,0.9197006318686293,0.895332023999131,0.9,0.9230769230769231,0.8050112948805689
0.22999999999999995,0.6,3,1,1.0,0.9230769230769231,0.9696969696969697,0.9356725146198831,0.6111111111111112,0.9615384615384616,0.9713095238095237,0.9607689228305228,0.9523809523809523,0.975609756097561,0.9376144618769908
0.22999999999999995,0.6,4,1,0.8125,0.8571428571428571,0.8260869565217391,0.6198347107438017,0.42592592592592593,0.8348214285714286,0.9596437895810498,0.8345229603962802,0.9285714285714286,0.8666666666666667,0.6313453403451318
0.22999999999999995,0.6,5,1,0.8666666666666667,0.9230769230769231,0.8928571428571429,0.7857142857142858,0.5185185185185186,0.8948717948717949,0.9601587301587302,0.8944271909999159,0.9285714285714286,0.896551724137931,0.7877263614433762
0.23999999999999994,0.6,1,1,0.9,0.8181818181818182,0.8709677419354839,0.7181818181818181,0.5740740740740741,0.8590909090909091,0.9396438570016045,0.8581163303210332,0.9,0.9,0.7181818181818181
0.23999999999999994,0.6,2,1,0.9473684210526315,0.8461538461538461,0.90625,0.8032786885245902,0.5925925925925926,0.8967611336032388,0.9224575240992057,0.895332023999131,0.9,0.9230769230769231,0.8050112948805689
0.23999999999999994,0.6,3,1,1.0,0.9230769230769231,0.9696969696969697,0.9356725146198831,0.6111111111111112,0.9615384615384616,0.9686779448621554,0.9607689228305228,0.9523809523809523,0.975609756097561,0.9376144618769908
0.23999999999999994,0.6,4,1,0.8125,0.8571428571428571,0.8260869565217391,0.6198347107438017,0.42592592592592593,0.8348214285714286,0.5798074800572403,0.8345229603962802,0.9285714285714286,0.8666666666666667,0.6313453403451318
0.23999999999999994,0.6,5,1,0.8666666666666667,0.9230769230769231,0.8928571428571429,0.7857142857142858,0.5185185185185186,0.8948717948717949,0.9601587301587302,0.8944271909999159,0.9285714285714286,0.896551724137931,0.7877263614433762
0.24999999999999992,0.6,1,1,0.9,0.8181818181818182,0.8709677419354839,0.7181818181818181,0.5740740740740741,0.8590909090909091,0.9377207800785274,0.8581163303210332,0.9,0.9,0.7181818181818181
0.24999999999999992,0.6,2,1,0.9473684210526315,0.8461538461538461,0.90625,0.8032786885245902,0.5925925925925926,0.8967611336032388,0.9121818348761481,0.895332023999131,0.9,0.9230769230769231,0.8050112948805689
0.24999999999999992,0.6,3,1,1.0,0.9230769230769231,0.9696969696969697,0.9356725146198831,0.6111111111111112,0.9615384615384616,0.9713095238095237,0.9607689228305228,0.9523809523809523,0.975609756097561,0.9376144618769908
0.24999999999999992,0.6,4,1,0.8125,0.8571428571428571,0.8260869565217391,0.6198347107438017,0.42592592592592593,0.8348214285714286,0.9307976357348959,0.8345229603962802,0.9285714285714286,0.8666666666666667,0.6313453403451318
0.24999999999999992,0.6,5,1,0.8666666666666667,0.9230769230769231,0.8928571428571429,0.7857142857142858,0.5185185185185186,0.8948717948717949,0.9601587301587302,0.8944271909999159,0.9285714285714286,0.896551724137931,0.7877263614433762
0.2599999999999999,0.6,1,1,0.9,0.8181818181818182,0.8709677419354839,0.7181818181818181,0.5740740740740741,0.8590909090909091,0.9377207800785274,0.8581163303210332,0.9,0.9,0.7181818181818181
0.2599999999999999,0.6,2,1,0.9473684210526315,0.8461538461538461,0.90625,0.8032786885245902,0.5925925925925926,0.8967611336032388,0.9224575240992057,0.895332023999131,0.9,0.9230769230769231,0.8050112948805689
0.2599999999999999,0.6,3,1,1.0,0.9230769230769231,0.9696969696969697,0.9356725146198831,0.6111111111111112,0.9615384615384616,0.9714557226399331,0.9607689228305228,0.9523809523809523,0.975609756097561,0.9376144618769908
0.2599999999999999,0.6,4,1,0.8125,0.8571428571428571,0.8260869565217391,0.6198347107438017,0.42592592592592593,0.8348214285714286,0.9618759324381927,0.8345229603962802,0.9285714285714286,0.8666666666666667,0.6313453403451318
0.2599999999999999,0.6,5,1,0.8666666666666667,0.9230769230769231,0.8928571428571429,0.7857142857142858,0.5185185185185186,0.8948717948717949,0.9601587301587302,0.8944271909999159,0.9285714285714286,0.896551724137931,0.7877263614433762
0.2699999999999999,0.6,1,1,0.9,0.8181818181818182,0.8709677419354839,0.7181818181818181,0.5740740740740741,0.8590909090909091,0.9299535473112948,0.8581163303210332,0.9,0.9,0.7181818181818181
0.2699999999999999,0.6,2,1,0.9473684210526315,0.8461538461538461,0.90625,0.8032786885245902,0.5925925925925926,0.8967611336032388,0.9121818348761481,0.895332023999131,0.9,0.9230769230769231,0.8050112948805689
0.2699999999999999,0.6,3,1,1.0,0.9230769230769231,0.9696969696969697,0.9356725146198831,0.6111111111111112,0.9615384615384616,0.9688413435549658,0.9607689228305228,0.9523809523809523,0.975609756097561,0.9376144618769908
0.2699999999999999,0.6,4,1,0.8125,0.8571428571428571,0.8260869565217391,0.6198347107438017,0.42592592592592593,0.8348214285714286,0.9287944306066909,0.8345229603962802,0.9285714285714286,0.8666666666666667,0.6313453403451318
0.2699999999999999,0.6,5,1,0.8666666666666667,0.9230769230769231,0.8928571428571429,0.7857142857142858,0.5185185185185186,0.8948717948717949,0.9601587301587302,0.8944271909999159,0.9285714285714286,0.896551724137931,0.7877263614433762
0.2799999999999999,0.6,1,1,0.9,0.8181818181818182,0.8709677419354839,0.7181818181818181,0.5740740740740741,0.8590909090909091,0.9277619888697364,0.8581163303210332,0.9,0.9,0.7181818181818181
0.2799999999999999,0.6,2,1,0.9473684210526315,0.8461538461538461,0.90625,0.8032786885245902,0.5925925925925926,0.8967611336032388,0.9224575240992057,0.895332023999131,0.9,0.9230769230769231,0.8050112948805689
0.2799999999999999,0.6,3,1,1.0,0.9230769230769231,0.9696969696969697,0.9356725146198831,0.6111111111111112,0.9615384615384616,0.9688327436237653,0.9607689228305228,0.9523809523809523,0.975609756097561,0.9376144618769908
0.2799999999999999,0.6,4,1,0.8125,0.8571428571428571,0.8260869565217391,0.6198347107438017,0.42592592592592593,0.8348214285714286,0.9350902181524784,0.8345229603962802,0.9285714285714286,0.8666666666666667,0.6313453403451318
0.2799999999999999,0.6,5,1,0.8666666666666667,0.9230769230769231,0.8928571428571429,0.7857142857142858,0.5185185185185186,0.8948717948717949,0.9601587301587302,0.8944271909999159,0.9285714285714286,0.896551724137931,0.7877263614433762
0.2899999999999999,0.6,1,1,0.9,0.8181818181818182,0.8709677419354839,0.7181818181818181,0.5740740740740741,0.8590909090909091,0.9429405602983078,0.8581163303210332,0.9,0.9,0.7181818181818181
0.2899999999999999,0.6,2,1,0.9473684210526315,0.8461538461538461,0.90625,0.8032786885245902,0.5925925925925926,0.8967611336032388,0.9285978749763987,0.895332023999131,0.9,0.9230769230769231,0.8050112948805689
0.2899999999999999,0.6,3,1,1.0,0.9230769230769231,0.9696969696969697,0.9356725146198831,0.6111111111111112,0.9615384615384616,0.9700668337510443,0.9607689228305228,0.9523809523809523,0.975609756097561,0.9376144618769908
0.2899999999999999,0.6,4,1,0.8125,0.8571428571428571,0.8260869565217391,0.6198347107438017,0.42592592592592593,0.8348214285714286,0.9328580752953356,0.8345229603962802,0.9285714285714286,0.8666666666666667,0.6313453403451318
0.2899999999999999,0.6,5,1,0.8666666666666667,0.9230769230769231,0.8928571428571429,0.7857142857142858,0.5185185185185186,0.8948717948717949,0.9601587301587302,0.8944271909999159,0.9285714285714286,0.896551724137931,0.7877263614433762
0.29999999999999993,0.6,1,1,0.9,0.8181818181818182,0.8709677419354839,0.7181818181818181,0.5740740740740741,0.8590909090909091,0.9415669339246814,0.8581163303210332,0.9,0.9,0.7181818181818181
0.29999999999999993,0.6,2,1,0.9473684210526315,0.8461538461538461,0.90625,0.8032786885245902,0.5925925925925926,0.8967611336032388,0.9224575240992057,0.895332023999131,0.9,0.9230769230769231,0.8050112948805689
0.29999999999999993,0.6,3,1,1.0,0.9230769230769231,0.9696969696969697,0.9356725146198831,0.6111111111111112,0.9615384615384616,0.9688413435549658,0.9607689228305228,0.9523809523809523,0.975609756097561,0.9376144618769908
0.29999999999999993,0.6,4,1,0.8125,0.8571428571428571,0.8260869565217391,0.6198347107438017,0.42592592592592593,0.8348214285714286,0.9548360972733575,0.8345229603962802,0.9285714285714286,0.8666666666666667,0.6313453403451318
0.29999999999999993,0.6,5,1,0.8666666666666667,0.9230769230769231,0.8928571428571429,0.7857142857142858,0.5185185185185186,0.8948717948717949,0.9601587301587302,0.8944271909999159,0.9285714285714286,0.896551724137931,0.7877263614433762
0.30999999999999994,0.6,1,1,0.9,0.8181818181818182,0.8709677419354839,0.7181818181818181,0.5740740740740741,0.8590909090909091,0.9377207800785274,0.8581163303210332,0.9,0.9,0.7181818181818181
0.30999999999999994,0.6,2,1,0.9473684210526315,0.8461538461538461,0.90625,0.8032786885245902,0.5925925925925926,0.8967611336032388,0.9420063962796568,0.895332023999131,0.9,0.9230769230769231,0.8050112948805689
0.30999999999999994,0.6,3,1,1.0,0.9230769230769231,0.9696969696969697,0.9356725146198831,0.6111111111111112,0.9615384615384616,0.9714557226399331,0.9607689228305228,0.9523809523809523,0.975609756097561,0.9376144618769908
0.30999999999999994,0.6,4,1,0.8125,0.8571428571428571,0.8260869565217391,0.6198347107438017,0.42592592592592593,0.8348214285714286,0.9572399434272036,0.8345229603962802,0.9285714285714286,0.8666666666666667,0.6313453403451318
0.30999999999999994,0.6,5,1,0.8666666666666667,0.9230769230769231,0.8928571428571429,0.7857142857142858,0.5185185185185186,0.8948717948717949,0.9601587301587302,0.8944271909999159,0.9285714285714286,0.896551724137931,0.7877263614433762
0.3199999999999999,0.6,1,1,0.9,0.8181818181818182,0.8709677419354839,0.7181818181818181,0.5740740740740741,0.8590909090909091,0.9402706596794908,0.8581163303210332,0.9,0.9,0.7181818181818181
0.3199999999999999,0.6,2,1,0.9473684210526315,0.8461538461538461,0.90625,0.8032786885245902,0.5925925925925926,0.8967611336032388,0.9259662960290302,0.895332023999131,0.9,0.9230769230769231,0.8050112948805689
0.3199999999999999,0.6,3,1,1.0,0.9230769230769231,0.9696969696969697,0.9356725146198831,0.6111111111111112,0.9615384615384616,0.972844611528822,0.9607689228305228,0.9523809523809523,0.975609756097561,0.9376144618769908
0.3199999999999999,0.6,4,1,0.8125,0.8571428571428571,0.8260869565217391,0.6198347107438017,0.42592592592592593,0.8348214285714286,0.9572399434272036,0.8345229603962802,0.9285714285714286,0.8666666666666667,0.6313453403451318
0.3199999999999999,0.6,5,1,0.8666666666666667,0.9230769230769231,0.8928571428571429,0.7857142857142858,0.5185185185185186,0.8948717948717949,0.9601587301587302,0.8944271909999159,0.9285714285714286,0.896551724137931,0.7877263614433762
0.32999999999999985,0.6,1,1,0.9,0.8181818181818182,0.8709677419354839,0.7181818181818181,0.5740740740740741,0.8590909090909091,0.9437047256135567,0.8581163303210332,0.9,0.9,0.7181818181818181
0.32999999999999985,0.6,2,1,0.9473684210526315,0.8461538461538461,0.90625,0.8032786885245902,0.5925925925925926,0.8967611336032388,0.9347382258535917,0.895332023999131,0.9,0.9230769230769231,0.8050112948805689
0.32999999999999985,0.6,3,1,1.0,0.9230769230769231,0.9696969696969697,0.9356725146198831,0.6111111111111112,0.9615384615384616,0.9713095238095237,0.9607689228305228,0.9523809523809523,0.975609756097561,0.9376144618769908
0.32999999999999985,0.6,4,1,0.8125,0.8571428571428571,0.8260869565217391,0.6198347107438017,0.42592592592592593,0.8348214285714286,0.5798360972733575,0.8345229603962802,0.9285714285714286,0.8666666666666667,0.6313453403451318
0.32999999999999985,0.6,5,1,0.8666666666666667,0.9230769230769231,0.8928571428571429,0.7857142857142858,0.5185185185185186,0.8948717948717949,0.9601587301587302,0.8944271909999159,0.9285714285714286,0.896551724137931,0.7877263614433762
0.33999999999999986,0.6,1,1,0.9,0.8181818181818182,0.8709677419354839,0.7181818181818181,0.5740740740740741,0.8590909090909091,0.9402706596794908,0.8581163303210332,0.9,0.9,0.7181818181818181
0.33999999999999986,0.6,2,1,0.9473684210526315,0.8461538461538461,0.90625,0.8032786885245902,0.5925925925925926,0.8967611336032388,0.9285978749763987,0.895332023999131,0.9,0.9230769230769231,0.8050112948805689
0.33999999999999986,0.6,3,1,1.0,0.9230769230769231,0.9696969696969697,0.9356725146198831,0.6111111111111112,0.9615384615384616,0.9739411027568922,0.9607689228305228,0.9523809523809523,0.975609756097561,0.9376144618769908
0.33999999999999986,0.6,4,1,0.8125,0.8571428571428571,0.8260869565217391,0.6198347107438017,0.42592592592592593,0.8348214285714286,0.7432976357348959,0.8345229603962802,0.9285714285714286,0.8666666666666667,0.6313453403451318
0.33999999999999986,0.6,5,1,0.8666666666666667,0.9230769230769231,0.8928571428571429,0.7857142857142858,0.5185185185185186,0.8948717948717949,0.9601587301587302,0.8944271909999159,0.9285714285714286,0.896551724137931,0.7877263614433762
0.34999999999999987,0.6,1,1,0.9,0.8181818181818182,0.8709677419354839,0.7181818181818181,0.5740740740740741,0.8590909090909091,0.9390116628283887,0.8581163303210332,0.9,0.9,0.7181818181818181
0.34999999999999987,0.6,2,1,0.9473684210526315,0.8461538461538461,0.90625,0.8032786885245902,0.5925925925925926,0.8967611336032388,0.9485540153272758,0.895332023999131,0.9,0.9230769230769231,0.8050112948805689
0.34999999999999987,0.6,3,1,1.0,0.9230769230769231,0.9696969696969697,0.9356725146198831,0.6111111111111112,0.9615384615384616,0.9700668337510443,0.9607689228305228,0.9523809523809523,0.975609756097561,0.9376144618769908
0.34999999999999987,0.6,4,1,0.8125,0.8571428571428571,0.8260869565217391,0.6198347107438017,0.42592592592592593,0.8348214285714286,0.9283937895810498,0.8345229603962802,0.9285714285714286,0.8666666666666667,0.6313453403451318
0.34999999999999987,0.6,5,1,0.8666666666666667,0.9230769230769231,0.8928571428571429,0.7857142857142858,0.5185185185185186,0.8948717948717949,0.9601587301587302,0.8944271909999159,0.9285714285714286,0.896551724137931,0.7877263614433762
0.3599999999999999,0.6,1,1,0.9,0.8181818181818182,0.8709677419354839,0.7181818181818181,0.5740740740740741,0.8590909090909091,0.9407744833412091,0.8581163303210332,0.9,0.9,0.7181818181818181
0.3599999999999999,0.6,2,1,0.9473684210526315,0.8461538461538461,0.90625,0.8032786885245902,0.5925925925925926,0.8967611336032388,0.9259662960290302,0.895332023999131,0.9,0.9230769230769231,0.8050112948805689
0.3599999999999999,0.6,3,1,1.0,0.9230769230769231,0.9696969696969697,0.9356725146198831,0.6111111111111112,0.9615384615384616,0.9673707553196718,0.9607689228305228,0.9523809523809523,0.975609756097561,0.9376144618769908
0.3599999999999999,0.6,4,1,0.8125,0.8571428571428571,0.8260869565217391,0.6198347107438017,0.42592592592592593,0.8348214285714286,0.9350902181524784,0.8345229603962802,0.9285714285714286,0.8666666666666667,0.6313453403451318
0.3599999999999999,0.6,5,1,0.8666666666666667,0.9230769230769231,0.8928571428571429,0.7857142857142858,0.5185185185185186,0.8948717948717949,0.9601587301587302,0.8944271909999159,0.9285714285714286,0.896551724137931,0.7877263614433762
0.3699999999999999,0.6,1,1,0.9,0.8181818181818182,0.8709677419354839,0.7181818181818181,0.5740740740740741,0.8590909090909091,0.9369283294950552,0.8581163303210332,0.9,0.9,0.7181818181818181
0.3699999999999999,0.6,2,1,0.9473684210526315,0.8461538461538461,0.90625,0.8032786885245902,0.5925925925925926,0.8967611336032388,0.9285978749763987,0.895332023999131,0.9,0.9230769230769231,0.8050112948805689
0.3699999999999999,0.6,3,1,1.0,0.9230769230769231,0.9696969696969697,0.9356725146198831,0.6111111111111112,0.9615384615384616,0.9713095238095237,0.9607689228305228,0.9523809523809523,0.975609756097561,0.9376144618769908
0.3699999999999999,0.6,4,1,0.8125,0.8571428571428571,0.8260869565217391,0.6198347107438017,0.42592592592592593,0.8348214285714286,0.7543152639400241,0.8345229603962802,0.9285714285714286,0.8666666666666667,0.6313453403451318
0.3699999999999999,0.6,5,1,0.8666666666666667,0.9230769230769231,0.8928571428571429,0.7857142857142858,0.5185185185185186,0.8948717948717949,0.9601587301587302,0.8944271909999159,0.9285714285714286,0.896551724137931,0.7877263614433762
0.3799999999999999,0.6,1,1,0.9,0.8181818181818182,0.8709677419354839,0.7181818181818181,0.5740740740740741,0.8590909090909091,0.9443459119126376,0.8581163303210332,0.9,0.9,0.7181818181818181
0.3799999999999999,0.6,2,1,0.9473684210526315,0.8461538461538461,0.90625,0.8032786885245902,0.5925925925925926,0.8967611336032388,0.9285978749763987,0.895332023999131,0.9,0.9230769230769231,0.8050112948805689
0.3799999999999999,0.6,3,1,1.0,0.9230769230769231,0.9696969696969697,0.9356725146198831,0.6111111111111112,0.9615384615384616,0.9688413435549658,0.9607689228305228,0.9523809523809523,0.975609756097561,0.9376144618769908
0.3799999999999999,0.6,4,1,0.8125,0.8571428571428571,0.8260869565217391,0.6198347107438017,0.42592592592592593,0.8348214285714286,0.9572399434272036,0.8345229603962802,0.9285714285714286,0.8666666666666667,0.6313453403451318
0.3799999999999999,0.6,5,1,0.8666666666666667,0.9230769230769231,0.8928571428571429,0.7857142857142858,0.5185185185185186,0.8948717948717949,0.9601587301587302,0.8944271909999159,0.9285714285714286,0.896551724137931,0.7877263614433762
0.3899999999999999,0.6,1,1,0.9,0.8181818181818182,0.8709677419354839,0.7181818181818181,0.5740740740740741,0.8590909090909091,0.9349303274970533,0.8581163303210332,0.9,0.9,0.7181818181818181
0.3899999999999999,0.6,2,1,0.9473684210526315,0.8461538461538461,0.90625,0.8032786885245902,0.5925925925925926,0.8967611336032388,0.9121818348761481,0.895332023999131,0.9,0.9230769230769231,0.8050112948805689
0.3899999999999999,0.6,3,1,1.0,0.9230769230769231,0.9696969696969697,0.9356725146198831,0.6111111111111112,0.9615384615384616,0.9659001670843776,0.9607689228305228,0.9523809523809523,0.975609756097561,0.9376144618769908
0.3899999999999999,0.6,4,1,0.8125,0.8571428571428571,0.8260869565217391,0.6198347107438017,0.42592592592592593,0.8348214285714286,0.8019056943429546,0.8345229603962802,0.9285714285714286,0.8666666666666667,0.6313453403451318
0.3899999999999999,0.6,5,1,0.8666666666666667,0.9230769230769231,0.8928571428571429,0.7857142857142858,0.5185185185185186,0.8948717948717949,0.9601587301587302,0.8944271909999159,0.9285714285714286,0.896551724137931,0.7877263614433762
0.3999999999999998,0.6,1,1,0.9,0.8181818181818182,0.8709677419354839,0.7181818181818181,0.5740740740740741,0.8590909090909091,0.9493892019559278,0.8581163303210332,0.9,0.9,0.7181818181818181
0.3999999999999998,0.6,2,1,0.9473684210526315,0.8461538461538461,0.90625,0.8032786885245902,0.5925925925925926,0.8967611336032388,0.7514048925202583,0.895332023999131,0.9,0.9230769230769231,0.8050112948805689
0.3999999999999998,0.6,3,1,1.0,0.9230769230769231,0.9696969696969697,0.9356725146198831,0.6111111111111112,0.9615384615384616,0.9714557226399331,0.9607689228305228,0.9523809523809523,0.975609756097561,0.9376144618769908
0.3999999999999998,0.6,4,1,0.8125,0.8571428571428571,0.8260869565217391,0.6198347107438017,0.42592592592592593,0.8348214285714286,0.9350902181524784,0.8345229603962802,0.9285714285714286,0.8666666666666667,0.6313453403451318
0.3999999999999998,0.6,5,1,0.8666666666666667,0.9230769230769231,0.8928571428571429,0.7857142857142858,0.5185185185185186,0.8948717948717949,0.9601587301587302,0.8944271909999159,0.9285714285714286,0.896551724137931,0.7877263614433762
0.4099999999999998,0.6,1,1,0.9,0.8181818181818182,0.8709677419354839,0.7181818181818181,0.5740740740740741,0.8590909090909091,0.9305580331247589,0.8581163303210332,0.9,0.9,0.7181818181818181
0.4099999999999998,0.6,2,1,0.9473684210526315,0.8461538461538461,0.90625,0.8032786885245902,0.5925925925925926,0.8967611336032388,0.9089622474460344,0.895332023999131,0.9,0.9230769230769231,0.8050112948805689
0.4099999999999998,0.6,3,1,1.0,0.9230769230769231,0.9696969696969697,0.9356725146198831,0.6111111111111112,0.9615384615384616,0.9742335004177107,0.9607689228305228,0.9523809523809523,0.975609756097561,0.9376144618769908
0.4099999999999998,0.6,4,1,0.8125,0.8571428571428571,0.8260869565217391,0.6198347107438017,0.42592592592592593,0.8348214285714286,0.9618759324381927,0.8345229603962802,0.9285714285714286,0.8666666666666667,0.6313453403451318
0.4099999999999998,0.6,5,1,0.8666666666666667,0.9230769230769231,0.8928571428571429,0.7857142857142858,0.5185185185185186,0.8948717948717949,0.9601587301587302,0.8944271909999159,0.9285714285714286,0.896551724137931,0.7877263614433762
0.4199999999999998,0.6,1,1,0.9,0.8181818181818182,0.8709677419354839,0.7181818181818181,0.5740740740740741,0.8590909090909091,0.9389954290621548,0.8581163303210332,0.9,0.9,0.7181818181818181
0.4199999999999998,0.6,2,1,0.9473684210526315,0.8461538461538461,0.90625,0.8032786885245902,0.5925925925925926,0.8967611336032388,0.9196693035478273,0.895332023999131,0.9,0.9230769230769231,0.8050112948805689
0.4199999999999998,0.6,3,1,1.0,0.9230769230769231,0.9696969696969697,0.9356725146198831,0.6111111111111112,0.9615384615384616,0.9713095238095237,0.9607689228305228,0.9523809523809523,0.975609756097561,0.9376144618769908
0.4199999999999998,0.6,4,1,0.8125,0.8571428571428571,0.8260869565217391,0.6198347107438017,0.42592592592592593,0.8348214285714286,0.8082014818887421,0.8345229603962802,0.9285714285714286,0.8666666666666667,0.6313453403451318
0.4199999999999998,0.6,5,1,0.8666666666666667,0.9230769230769231,0.8928571428571429,0.7857142857142858,0.5185185185185186,0.8948717948717949,0.9601587301587302,0.8944271909999159,0.9285714285714286,0.896551724137931,0.7877263614433762
0.4299999999999998,0.6,1,1,0.9,0.8181818181818182,0.8709677419354839,0.7181818181818181,0.5740740740740741,0.8590909090909091,0.9262817538484797,0.8581163303210332,0.9,0.9,0.7181818181818181
0.4299999999999998,0.6,2,1,0.9473684210526315,0.8461538461538461,0.90625,0.8032786885245902,0.5925925925925926,0.8967611336032388,0.5963610328711355,0.895332023999131,0.9,0.9230769230769231,0.8050112948805689
0.4299999999999998,0.6,3,1,1.0,0.9230769230769231,0.9696969696969697,0.9356725146198831,0.6111111111111112,0.9615384615384616,0.9686779448621554,0.9607689228305228,0.9523809523809523,0.975609756097561,0.9376144618769908
0.4299999999999998,0.6,4,1,0.8125,0.8571428571428571,0.8260869565217391,0.6198347107438017,0.42592592592592593,0.8348214285714286,0.9283937895810498,0.8345229603962802,0.9285714285714286,0.8666666666666667,0.6313453403451318
0.4299999999999998,0.6,5,1,0.8666666666666667,0.9230769230769231,0.8928571428571429,0.7857142857142858,0.5185185185185186,0.8948717948717949,0.9601587301587302,0.8944271909999159,0.9285714285714286,0.896551724137931,0.7877263614433762
0.43999999999999984,0.6,1,1,0.9,0.8181818181818182,0.8709677419354839,0.7181818181818181,0.5740740740740741,0.8590909090909091,0.9405979931647189,0.8581163303210332,0.9,0.9,0.7181818181818181
0.43999999999999984,0.6,2,1,0.9473684210526315,0.8461538461538461,0.90625,0.8032786885245902,0.5925925925925926,0.8967611336032388,0.9253084012921882,0.895332023999131,0.9,0.9230769230769231,0.8050112948805689
0.43999999999999984,0.6,3,1,1.0,0.9230769230769231,0.9696969696969697,0.9356725146198831,0.6111111111111112,0.9615384615384616,0.9714557226399331,0.9607689228305228,0.9523809523809523,0.975609756097561,0.9376144618769908
0.43999999999999984,0.6,4,1,0.8125,0.8571428571428571,0.8260869565217391,0.6198347107438017,0.42592592592592593,0.8348214285714286,0.5266080752953355,0.8345229603962802,0.9285714285714286,0.8666666666666667,0.6313453403451318
0.43999999999999984,0.6,5,1,0.8666666666666667,0.9230769230769231,0.8928571428571429,0.7857142857142858,0.5185185185185186,0.8948717948717949,0.9601587301587302,0.8944271909999159,0.9285714285714286,0.896551724137931,0.7877263614433762
0.44999999999999984,0.6,1,1,0.9,0.8181818181818182,0.8709677419354839,0.7181818181818181,0.5740740740740741,0.8590909090909091,0.9444441470108728,0.8581163303210332,0.9,0.9,0.7181818181818181
0.44999999999999984,0.6,2,1,0.9473684210526315,0.8461538461538461,0.90625,0.8032786885245902,0.5925925925925926,0.8967611336032388,0.7580151682094814,0.895332023999131,0.9,0.9230769230769231,0.8050112948805689
0.44999999999999984,0.6,3,1,1.0,0.9230769230769231,0.9696969696969697,0.9356725146198831,0.6111111111111112,0.9615384615384616,0.972625313283208,0.9607689228305228,0.9523809523809523,0.975609756097561,0.9376144618769908
0.44999999999999984,0.6,4,1,0.8125,0.8571428571428571,0.8260869565217391,0.6198347107438017,0.42592592592592593,0.8348214285714286,0.9596437895810498,0.8345229603962802,0.9285714285714286,0.8666666666666667,0.6313453403451318
0.44999999999999984,0.6,5,1,0.8666666666666667,0.9230769230769231,0.8928571428571429,0.7857142857142858,0.5185185185185186,0.8948717948717949,0.9601587301587302,0.8944271909999159,0.9285714285714286,0.896551724137931,0.7877263614433762
0.45999999999999985,0.6,1,1,0.9,0.8181818181818182,0.8709677419354839,0.7181818181818181,0.5740740740740741,0.8590909090909091,0.9425210700877958,0.8581163303210332,0.9,0.9,0.7181818181818181
0.45999999999999985,0.6,2,1,0.9473684210526315,0.8461538461538461,0.90625,0.8032786885245902,0.5925925925925926,0.8967611336032388,0.9224575240992057,0.895332023999131,0.9,0.9230769230769231,0.8050112948805689
0.45999999999999985,0.6,3,1,1.0,0.9230769230769231,0.9696969696969697,0.9356725146198831,0.6111111111111112,0.9615384615384616,0.9713095238095237,0.9607689228305228,0.9523809523809523,0.975609756097561,0.9376144618769908
0.45999999999999985,0.6,4,1,0.8125,0.8571428571428571,0.8260869565217391,0.6198347107438017,0.42592592592592593,0.8348214285714286,0.7432976357348959,0.8345229603962802,0.9285714285714286,0.8666666666666667,0.6313453403451318
0.45999999999999985,0.6,5,1,0.8666666666666667,0.9230769230769231,0.8928571428571429,0.7857142857142858,0.5185185185185186,0.8948717948717949,0.9601587301587302,0.8944271909999159,0.9285714285714286,0.896551724137931,0.7877263614433762
0.46999999999999986,0.6,1,1,0.9,0.8181818181818182,0.8709677419354839,0.7181818181818181,0.5740740740740741,0.8590909090909091,0.9306392019559278,0.8581163303210332,0.9,0.9,0.7181818181818181
0.46999999999999986,0.6,2,1,0.9473684210526315,0.8461538461538461,0.90625,0.8032786885245902,0.5925925925925926,0.8967611336032388,0.811931208309732,0.895332023999131,0.9,0.9230769230769231,0.8050112948805689
0.46999999999999986,0.6,3,1,1.0,0.9230769230769231,0.9696969696969697,0.9356725146198831,0.6111111111111112,0.9615384615384616,0.972625313283208,0.9607689228305228,0.9523809523809523,0.975609756097561,0.9376144618769908
0.46999999999999986,0.6,4,1,0.8125,0.8571428571428571,0.8260869565217391,0.6198347107438017,0.42592592592592593,0.8348214285714286,0.9395545038667641,0.8345229603962802,0.9285714285714286,0.8666666666666667,0.6313453403451318
0.46999999999999986,0.6,5,1,0.8666666666666667,0.9230769230769231,0.8928571428571429,0.7857142857142858,0.5185185185185186,0.8948717948717949,0.9601587301587302,0.8944271909999159,0.9285714285714286,0.896551724137931,0.7877263614433762
0.47999999999999976,0.6,1,1,0.9,0.8181818181818182,0.8709677419354839,0.7181818181818181,0.5740740740740741,0.8590909090909091,0.9425210700877958,0.8581163303210332,0.9,0.9,0.7181818181818181
0.47999999999999976,0.6,2,1,0.9473684210526315,0.8461538461538461,0.90625,0.8032786885245902,0.5925925925925926,0.8967611336032388,0.9224575240992057,0.895332023999131,0.9,0.9230769230769231,0.8050112948805689
0.47999999999999976,0.6,3,1,1.0,0.9230769230769231,0.9696969696969697,0.9356725146198831,0.6111111111111112,0.9615384615384616,0.965891567153177,0.9607689228305228,0.9523809523809523,0.975609756097561,0.9376144618769908
0.47999999999999976,0.6,4,1,0.8125,0.8571428571428571,0.8260869565217391,0.6198347107438017,0.42592592592592593,0.8348214285714286,0.9350902181524784,0.8345229603962802,0.9285714285714286,0.8666666666666667,0.6313453403451318
0.47999999999999976,0.6,5,1,0.8666666666666667,0.9230769230769231,0.8928571428571429,0.7857142857142858,0.5185185185185186,0.8948717948717949,0.9601587301587302,0.8944271909999159,0.9285714285714286,0.896551724137931,0.7877263614433762
0.48999999999999977,0.6,1,1,0.9,0.8181818181818182,0.8709677419354839,0.7181818181818181,0.5740740740740741,0.8590909090909091,0.9463672239339498,0.8581163303210332,0.9,0.9,0.7181818181818181
0.48999999999999977,0.6,2,1,0.9473684210526315,0.8461538461538461,0.90625,0.8032786885245902,0.5925925925925926,0.8967611336032388,0.9159099050515866,0.895332023999131,0.9,0.9230769230769231,0.8050112948805689
0.48999999999999977,0.6,3,1,1.0,0.9230769230769231,0.9696969696969697,0.9356725146198831,0.6111111111111112,0.9615384615384616,0.9700668337510443,0.9607689228305228,0.9523809523809523,0.975609756097561,0.9376144618769908
0.48999999999999977,0.6,4,1,0.8125,0.8571428571428571,0.8260869565217391,0.6198347107438017,0.42592592592592593,0.8348214285714286,0.8082014818887421,0.8345229603962802,0.9285714285714286,0.8666666666666667,0.6313453403451318
0.48999999999999977,0.6,5,1,0.8666666666666667,0.9230769230769231,0.8928571428571429,0.7857142857142858,0.5185185185185186,0.8948717948717949,0.9601587301587302,0.8944271909999159,0.9285714285714286,0.896551724137931,0.7877263614433762
0.4999999999999998,0.6,1,1,0.9,0.8181818181818182,0.8709677419354839,0.7181818181818181,0.5740740740740741,0.8590909090909091,0.9425210700877958,0.8581163303210332,0.9,0.9,0.7181818181818181
0.4999999999999998,0.6,2,1,0.9473684210526315,0.8461538461538461,0.90625,0.8032786885245902,0.5925925925925926,0.8967611336032388,0.7580464965302836,0.895332023999131,0.9,0.9230769230769231,0.8050112948805689
0.4999999999999998,0.6,3,1,1.0,0.9230769230769231,0.9696969696969697,0.9356725146198831,0.6111111111111112,0.9615384615384616,0.972625313283208,0.9607689228305228,0.9523809523809523,0.975609756097561,0.9376144618769908
0.4999999999999998,0.6,4,1,0.8125,0.8571428571428571,0.8260869565217391,0.6198347107438017,0.42592592592592593,0.8348214285714286,0.9332014818887421,0.8345229603962802,0.9285714285714286,0.8666666666666667,0.6313453403451318
0.4999999999999998,0.6,5,1,0.8666666666666667,0.9230769230769231,0.8928571428571429,0.7857142857142858,0.5185185185185186,0.8948717948717949,0.9601587301587302,0.8944271909999159,0.9285714285714286,0.896551724137931,0.7877263614433762
0.5099999999999998,0.6,1,1,0.9,0.8181818181818182,0.8709677419354839,0.7181818181818181,0.5740740740740741,0.8590909090909091,0.9348287623954882,0.8581163303210332,0.9,0.9,0.7181818181818181
0.5099999999999998,0.6,2,1,0.9473684210526315,0.8461538461538461,0.90625,0.8032786885245902,0.5925925925925926,0.8967611336032388,0.6153387656646578,0.895332023999131,0.9,0.9230769230769231,0.8050112948805689
0.5099999999999998,0.6,3,1,1.0,0.9230769230769231,0.9696969696969697,0.9356725146198831,0.6111111111111112,0.9615384615384616,0.9700668337510443,0.9607689228305228,0.9523809523809523,0.975609756097561,0.9376144618769908
0.5099999999999998,0.6,4,1,0.8125,0.8571428571428571,0.8260869565217391,0.6198347107438017,0.42592592592592593,0.8348214285714286,0.8630091741964344,0.8345229603962802,0.9285714285714286,0.8666666666666667,0.6313453403451318
0.5099999999999998,0.6,5,1,0.8666666666666667,0.9230769230769231,0.8928571428571429,0.7857142857142858,0.5185185185185186,0.8948717948717949,0.9601587301587302,0.8944271909999159,0.9285714285714286,0.896551724137931,0.7877263614433762
0.5199999999999998,0.6,1,1,0.9,0.8181818181818182,0.8709677419354839,0.7181818181818181,0.5740740740740741,0.8590909090909091,0.9405979931647189,0.8581163303210332,0.9,0.9,0.7181818181818181
0.5199999999999998,0.6,2,1,0.9473684210526315,0.8461538461538461,0.90625,0.8032786885245902,0.5925925925925926,0.8967611336032388,0.9224575240992057,0.895332023999131,0.9,0.9230769230769231,0.8050112948805689
0.5199999999999998,0.6,3,1,1.0,0.9230769230769231,0.9696969696969697,0.9356725146198831,0.6111111111111112,0.9615384615384616,0.9739411027568922,0.9607689228305228,0.9523809523809523,0.975609756097561,0.9376144618769908
0.5199999999999998,0.6,4,1,0.8125,0.8571428571428571,0.8260869565217391,0.6198347107438017,0.42592592592592593,0.8348214285714286,0.5533937895810498,0.8345229603962802,0.9285714285714286,0.8666666666666667,0.6313453403451318
0.5199999999999998,0.6,5,1,0.8666666666666667,0.9230769230769231,0.8928571428571429,0.7857142857142858,0.5185185185185186,0.8948717948717949,0.9601587301587302,0.8944271909999159,0.9285714285714286,0.896551724137931,0.7877263614433762
0.5299999999999998,0.6,1,1,0.9,0.8181818181818182,0.8709677419354839,0.7181818181818181,0.5740740740740741,0.8590909090909091,0.9440320590987848,0.8581163303210332,0.9,0.9,0.7181818181818181
0.5299999999999998,0.6,2,1,0.9473684210526315,0.8461538461538461,0.90625,0.8032786885245902,0.5925925925925926,0.8967611336032388,0.9253084012921882,0.895332023999131,0.9,0.9230769230769231,0.8050112948805689
0.5299999999999998,0.6,3,1,1.0,0.9230769230769231,0.9696969696969697,0.9356725146198831,0.6111111111111112,0.9615384615384616,0.9739411027568922,0.9607689228305228,0.9523809523809523,0.975609756097561,0.9376144618769908
0.5299999999999998,0.6,4,1,0.8125,0.8571428571428571,0.8260869565217391,0.6198347107438017,0.42592592592592593,0.8348214285714286,0.9307976357348959,0.8345229603962802,0.9285714285714286,0.8666666666666667,0.6313453403451318
0.5299999999999998,0.6,5,1,0.8666666666666667,0.9230769230769231,0.8928571428571429,0.7857142857142858,0.5185185185185186,0.8948717948717949,0.9601587301587302,0.8944271909999159,0.9285714285714286,0.896551724137931,0.7877263614433762
0.5399999999999998,0.6,1,1,0.9,0.8181818181818182,0.8709677419354839,0.7181818181818181,0.5740740740740741,0.8590909090909091,0.9410787623954882,0.8581163303210332,0.9,0.9,0.7181818181818181
0.5399999999999998,0.6,2,1,0.9473684210526315,0.8461538461538461,0.90625,0.8032786885245902,0.5925925925925926,0.8967611336032388,0.9451705566806594,0.895332023999131,0.9,0.9230769230769231,0.8050112948805689
0.5399999999999998,0.6,3,1,1.0,0.9230769230769231,0.9696969696969697,0.9356725146198831,0.6111111111111112,0.9615384615384616,0.9752568922305763,0.9607689228305228,0.9523809523809523,0.975609756097561,0.9376144618769908
0.5399999999999998,0.6,4,1,0.8125,0.8571428571428571,0.8260869565217391,0.6198347107438017,0.42592592592592593,0.8348214285714286,0.9261616467239069,0.8345229603962802,0.9285714285714286,0.8666666666666667,0.6313453403451318
0.5399999999999998,0.6,5,1,0.8666666666666667,0.9230769230769231,0.8928571428571429,0.7857142857142858,0.5185185185185186,0.8948717948717949,0.9601587301587302,0.8944271909999159,0.9285714285714286,0.896551724137931,0.7877263614433762
0.5499999999999998,0.6,1,1,0.9,0.8181818181818182,0.8709677419354839,0.7181818181818181,0.5740740740740741,0.8590909090909091,0.9405979931647189,0.8581163303210332,0.9,0.9,0.7181818181818181
0.5499999999999998,0.6,2,1,0.9473684210526315,0.8461538461538461,0.90625,0.8032786885245902,0.5925925925925926,0.8967611336032388,0.7514048925202583,0.895332023999131,0.9,0.9230769230769231,0.8050112948805689
0.5499999999999998,0.6,3,1,1.0,0.9230769230769231,0.9696969696969697,0.9356725146198831,0.6111111111111112,0.9615384615384616,0.972625313283208,0.9607689228305228,0.9523809523809523,0.975609756097561,0.9376144618769908
0.5499999999999998,0.6,4,1,0.8125,0.8571428571428571,0.8260869565217391,0.6198347107438017,0.42592592592592593,0.8348214285714286,0.9261902639400241,0.8345229603962802,0.9285714285714286,0.8666666666666667,0.6313453403451318
0.5499999999999998,0.6,5,1,0.8666666666666667,0.9230769230769231,0.8928571428571429,0.7857142857142858,0.5185185185185186,0.8948717948717949,0.9601587301587302,0.8944271909999159,0.9285714285714286,0.896551724137931,0.7877263614433762
0.5599999999999997,0.6,1,1,0.9,0.8181818181818182,0.8709677419354839,0.7181818181818181,0.5740740740740741,0.8590909090909091,0.9389725352892611,0.8581163303210332,0.9,0.9,0.7181818181818181
0.5599999999999997,0.6,2,1,0.9473684210526315,0.8461538461538461,0.90625,0.8032786885245902,0.5925925925925926,0.8967611336032388,0.9318873486606092,0.895332023999131,0.9,0.9230769230769231,0.8050112948805689
0.5599999999999997,0.6,3,1,1.0,0.9230769230769231,0.9696969696969697,0.9356725146198831,0.6111111111111112,0.9615384615384616,0.9673707553196718,0.9607689228305228,0.9523809523809523,0.975609756097561,0.9376144618769908
0.5599999999999997,0.6,4,1,0.8125,0.8571428571428571,0.8260869565217391,0.6198347107438017,0.42592592592592593,0.8348214285714286,0.9350902181524784,0.8345229603962802,0.9285714285714286,0.8666666666666667,0.6313453403451318
0.5599999999999997,0.6,5,1,0.8666666666666667,0.9230769230769231,0.8928571428571429,0.7857142857142858,0.5185185185185186,0.8948717948717949,0.9601587301587302,0.8944271909999159,0.9285714285714286,0.896551724137931,0.7877263614433762
0.5699999999999997,0.6,1,1,0.9,0.8181818181818182,0.8709677419354839,0.7181818181818181,0.5740740740740741,0.8590909090909091,0.9351846565013823,0.8581163303210332,0.9,0.9,0.7181818181818181
0.5699999999999997,0.6,2,1,0.9473684210526315,0.8461538461538461,0.90625,0.8032786885245902,0.5925925925925926,0.8967611336032388,0.9318873486606092,0.895332023999131,0.9,0.9230769230769231,0.8050112948805689
0.5699999999999997,0.6,3,1,1.0,0.9230769230769231,0.9696969696969697,0.9356725146198831,0.6111111111111112,0.9615384615384616,0.9713095238095237,0.9607689228305228,0.9523809523809523,0.975609756097561,0.9376144618769908
0.5699999999999997,0.6,4,1,0.8125,0.8571428571428571,0.8260869565217391,0.6198347107438017,0.42592592592592593,0.8348214285714286,0.8082014818887421,0.8345229603962802,0.9285714285714286,0.8666666666666667,0.6313453403451318
0.5699999999999997,0.6,5,1,0.8666666666666667,0.9230769230769231,0.8928571428571429,0.7857142857142858,0.5185185185185186,0.8948717948717949,0.9601587301587302,0.8944271909999159,0.9285714285714286,0.896551724137931,0.7877263614433762
0.5799999999999997,0.6,1,1,0.9,0.8181818181818182,0.8709677419354839,0.7181818181818181,0.5740740740740741,0.8590909090909091,0.9209169797337056,0.8581163303210332,0.9,0.9,0.7181818181818181
0.5799999999999997,0.6,2,1,0.9473684210526315,0.8461538461538461,0.90625,0.8032786885245902,0.5925925925925926,0.8967611336032388,0.9224575240992057,0.895332023999131,0.9,0.9230769230769231,0.8050112948805689
0.5799999999999997,0.6,3,1,1.0,0.9230769230769231,0.9696969696969697,0.9356725146198831,0.6111111111111112,0.9615384615384616,0.9686779448621554,0.9607689228305228,0.9523809523809523,0.975609756097561,0.9376144618769908
0.5799999999999997,0.6,4,1,0.8125,0.8571428571428571,0.8260869565217391,0.6198347107438017,0.42592592592592593,0.8348214285714286,0.9328580752953356,0.8345229603962802,0.9285714285714286,0.8666666666666667,0.6313453403451318
0.5799999999999997,0.6,5,1,0.8666666666666667,0.9230769230769231,0.8928571428571429,0.7857142857142858,0.5185185185185186,0.8948717948717949,0.9601587301587302,0.8944271909999159,0.9285714285714286,0.896551724137931,0.7877263614433762
0.5899999999999997,0.6,1,1,0.9,0.8181818181818182,0.8709677419354839,0.7181818181818181,0.5740740740740741,0.8590909090909091,0.9476034876702134,0.8581163303210332,0.9,0.9,0.7181818181818181
0.5899999999999997,0.6,2,1,0.9473684210526315,0.8461538461538461,0.90625,0.8032786885245902,0.5925925925925926,0.8967611336032388,0.9285978749763987,0.895332023999131,0.9,0.9230769230769231,0.8050112948805689
0.5899999999999997,0.6,3,1,1.0,0.9230769230769231,0.9696969696969697,0.9356725146198831,0.6111111111111112,0.9615384615384616,0.9713095238095237,0.9607689228305228,0.9523809523809523,0.975609756097561,0.9376144618769908
0.5899999999999997,0.6,4,1,0.8125,0.8571428571428571,0.8260869565217391,0.6198347107438017,0.42592592592592593,0.8348214285714286,0.9283937895810498,0.8345229603962802,0.9285714285714286,0.8666666666666667,0.6313453403451318
0.5899999999999997,0.6,5,1,0.8666666666666667,0.9230769230769231,0.8928571428571429,0.7857142857142858,0.5185185185185186,0.8948717948717949,0.9601587301587302,0.8944271909999159,0.9285714285714286,0.896551724137931,0.7877263614433762
0.5999999999999998,0.6,1,1,0.9,0.8181818181818182,0.8709677419354839,0.7181818181818181,0.5740740740740741,0.8590909090909091,0.9389725352892611,0.8581163303210332,0.9,0.9,0.7181818181818181
0.5999999999999998,0.6,2,1,0.9473684210526315,0.8461538461538461,0.90625,0.8032786885245902,0.5925925925925926,0.8967611336032388,0.9253084012921882,0.895332023999131,0.9,0.9230769230769231,0.8050112948805689
0.5999999999999998,0.6,3,1,1.0,0.9230769230769231,0.9696969696969697,0.9356725146198831,0.6111111111111112,0.9615384615384616,0.9713095238095237,0.9607689228305228,0.9523809523809523,0.975609756097561,0.9376144618769908
0.5999999999999998,0.6,4,1,0.8125,0.8571428571428571,0.8260869565217391,0.6198347107438017,0.42592592592592593,0.8348214285714286,0.9283937895810498,0.8345229603962802,0.9285714285714286,0.8666666666666667,0.6313453403451318
0.5999999999999998,0.6,5,1,0.8666666666666667,0.9230769230769231,0.8928571428571429,0.7857142857142858,0.5185185185185186,0.8948717948717949,0.9601587301587302,0.8944271909999159,0.9285714285714286,0.896551724137931,0.7877263614433762
0.6099999999999998,0.6,1,1,0.9,0.8181818181818182,0.8709677419354839,0.7181818181818181,0.5740740740740741,0.8590909090909091,0.9373762149429408,0.8581163303210332,0.9,0.9,0.7181818181818181
0.6099999999999998,0.6,2,1,0.9473684210526315,0.8461538461538461,0.90625,0.8032786885245902,0.5925925925925926,0.8967611336032388,0.9189487521693811,0.895332023999131,0.9,0.9230769230769231,0.8050112948805689
0.6099999999999998,0.6,3,1,1.0,0.9230769230769231,0.9696969696969697,0.9356725146198831,0.6111111111111112,0.9615384615384616,0.9700668337510443,0.9607689228305228,0.9523809523809523,0.975609756097561,0.9376144618769908
0.6099999999999998,0.6,4,1,0.8125,0.8571428571428571,0.8260869565217391,0.6198347107438017,0.42592592592592593,0.8348214285714286,0.9307976357348959,0.8345229603962802,0.9285714285714286,0.8666666666666667,0.6313453403451318
0.6099999999999998,0.6,5,1,0.8666666666666667,0.9230769230769231,0.8928571428571429,0.7857142857142858,0.5185185185185186,0.8948717948717949,0.9601587301587302,0.8944271909999159,0.9285714285714286,0.896551724137931,0.7877263614433762
0.6199999999999998,0.6,1,1,0.9,0.8181818181818182,0.8709677419354839,0.7181818181818181,0.5740740740740741,0.8590909090909091,0.930632958199684,0.8581163303210332,0.9,0.9,0.7181818181818181
0.6199999999999998,0.6,2,1,0.9473684210526315,0.8461538461538461,0.90625,0.8032786885245902,0.5925925925925926,0.8967611336032388,0.9467996293623636,0.895332023999131,0.9,0.9230769230769231,0.8050112948805689
0.6199999999999998,0.6,3,1,1.0,0.9230769230769231,0.9696969696969697,0.9356725146198831,0.6111111111111112,0.9615384615384616,0.972625313283208,0.9607689228305228,0.9523809523809523,0.975609756097561,0.9376144618769908
0.6199999999999998,0.6,4,1,0.8125,0.8571428571428571,0.8260869565217391,0.6198347107438017,0.42592592592592593,0.8348214285714286,0.9618759324381927,0.8345229603962802,0.9285714285714286,0.8666666666666667,0.6313453403451318
0.6199999999999998,0.6,5,1,0.8666666666666667,0.9230769230769231,0.8928571428571429,0.7857142857142858,0.5185185185185186,0.8948717948717949,0.9601587301587302,0.8944271909999159,0.9285714285714286,0.896551724137931,0.7877263614433762
0.6299999999999997,0.6,1,1,0.9,0.8181818181818182,0.8709677419354839,0.7181818181818181,0.5740740740740741,0.8590909090909091,0.938674916241642,0.8581163303210332,0.9,0.9,0.7181818181818181
0.6299999999999997,0.6,2,1,0.9473684210526315,0.8461538461538461,0.90625,0.8032786885245902,0.5925925925925926,0.8967611336032388,0.5568873486606093,0.895332023999131,0.9,0.9230769230769231,0.8050112948805689
0.6299999999999997,0.6,3,1,1.0,0.9230769230769231,0.9696969696969697,0.9356725146198831,0.6111111111111112,0.9615384615384616,0.9713095238095237,0.9607689228305228,0.9523809523809523,0.975609756097561,0.9376144618769908
0.6299999999999997,0.6,4,1,0.8125,0.8571428571428571,0.8260869565217391,0.6198347107438017,0.42592592592592593,0.8348214285714286,0.9307976357348959,0.8345229603962802,0.9285714285714286,0.8666666666666667,0.6313453403451318
0.6299999999999997,0.6,5,1,0.8666666666666667,0.9230769230769231,0.8928571428571429,0.7857142857142858,0.5185185185185186,0.8948717948717949,0.9601587301587302,0.8944271909999159,0.9285714285714286,0.896551724137931,0.7877263614433762
0.6399999999999997,0.6,1,1,0.9,0.8181818181818182,0.8709677419354839,0.7181818181818181,0.5740740740740741,0.8590909090909091,0.9458177733844991,0.8581163303210332,0.9,0.9,0.7181818181818181
0.6399999999999997,0.6,2,1,0.9473684210526315,0.8461538461538461,0.90625,0.8032786885245902,0.5925925925925926,0.8967611336032388,0.9285978749763987,0.895332023999131,0.9,0.9230769230769231,0.8050112948805689
0.6399999999999997,0.6,3,1,1.0,0.9230769230769231,0.9696969696969697,0.9356725146198831,0.6111111111111112,0.9615384615384616,0.972625313283208,0.9607689228305228,0.9523809523809523,0.975609756097561,0.9376144618769908
0.6399999999999997,0.6,4,1,0.8125,0.8571428571428571,0.8260869565217391,0.6198347107438017,0.42592592592592593,0.8348214285714286,0.9350902181524784,0.8345229603962802,0.9285714285714286,0.8666666666666667,0.6313453403451318
0.6399999999999997,0.6,5,1,0.8666666666666667,0.9230769230769231,0.8928571428571429,0.7857142857142858,0.5185185185185186,0.8948717948717949,0.9601587301587302,0.8944271909999159,0.9285714285714286,0.896551724137931,0.7877263614433762
0.6499999999999997,0.6,1,1,0.9,0.8181818181818182,0.8709677419354839,0.7181818181818181,0.5740740740740741,0.8590909090909091,0.9405979931647189,0.8581163303210332,0.9,0.9,0.7181818181818181
0.6499999999999997,0.6,2,1,0.9473684210526315,0.8461538461538461,0.90625,0.8032786885245902,0.5925925925925926,0.8967611336032388,0.912150506555346,0.895332023999131,0.9,0.9230769230769231,0.8050112948805689
0.6499999999999997,0.6,3,1,1.0,0.9230769230769231,0.9696969696969697,0.9356725146198831,0.6111111111111112,0.9615384615384616,0.9713095238095237,0.9607689228305228,0.9523809523809523,0.975609756097561,0.9376144618769908
0.6499999999999997,0.6,4,1,0.8125,0.8571428571428571,0.8260869565217391,0.6198347107438017,0.42592592592592593,0.8348214285714286,0.9307976357348959,0.8345229603962802,0.9285714285714286,0.8666666666666667,0.6313453403451318
0.6499999999999997,0.6,5,1,0.8666666666666667,0.9230769230769231,0.8928571428571429,0.7857142857142858,0.5185185185185186,0.8948717948717949,0.9601587301587302,0.8944271909999159,0.9285714285714286,0.896551724137931,0.7877263614433762
0.6599999999999997,0.6,1,1,0.9,0.8181818181818182,0.8709677419354839,0.7181818181818181,0.5740740740740741,0.8590909090909091,0.9440320590987848,0.8581163303210332,0.9,0.9,0.7181818181818181
0.6599999999999997,0.6,2,1,0.9473684210526315,0.8461538461538461,0.90625,0.8032786885245902,0.5925925925925926,0.8967611336032388,0.9285978749763987,0.895332023999131,0.9,0.9230769230769231,0.8050112948805689
0.6599999999999997,0.6,3,1,1.0,0.9230769230769231,0.9696969696969697,0.9356725146198831,0.6111111111111112,0.9615384615384616,0.9629213659147869,0.9607689228305228,0.9523809523809523,0.975609756097561,0.9376144618769908
0.6599999999999997,0.6,4,1,0.8125,0.8571428571428571,0.8260869565217391,0.6198347107438017,0.42592592592592593,0.8348214285714286,0.9618759324381927,0.8345229603962802,0.9285714285714286,0.8666666666666667,0.6313453403451318
0.6599999999999997,0.6,5,1,0.8666666666666667,0.9230769230769231,0.8928571428571429,0.7857142857142858,0.5185185185185186,0.8948717948717949,0.9601587301587302,0.8944271909999159,0.9285714285714286,0.896551724137931,0.7877263614433762
0.6699999999999997,0.6,1,1,0.9,0.8181818181818182,0.8709677419354839,0.7181818181818181,0.5740740740740741,0.8590909090909091,0.9476034876702134,0.8581163303210332,0.9,0.9,0.7181818181818181
0.6699999999999997,0.6,2,1,0.9473684210526315,0.8461538461538461,0.90625,0.8032786885245902,0.5925925925925926,0.8967611336032388,0.9259662960290302,0.895332023999131,0.9,0.9230769230769231,0.8050112948805689
0.6699999999999997,0.6,3,1,1.0,0.9230769230769231,0.9696969696969697,0.9356725146198831,0.6111111111111112,0.9615384615384616,0.9713095238095237,0.9607689228305228,0.9523809523809523,0.975609756097561,0.9376144618769908
0.6699999999999997,0.6,4,1,0.8125,0.8571428571428571,0.8260869565217391,0.6198347107438017,0.42592592592592593,0.8348214285714286,0.9395545038667641,0.8345229603962802,0.9285714285714286,0.8666666666666667,0.6313453403451318
0.6699999999999997,0.6,5,1,0.8666666666666667,0.9230769230769231,0.8928571428571429,0.7857142857142858,0.5185185185185186,0.8948717948717949,0.9601587301587302,0.8944271909999159,0.9285714285714286,0.896551724137931,0.7877263614433762
0.6799999999999997,0.6,1,1,0.9,0.8181818181818182,0.8709677419354839,0.7181818181818181,0.5740740740740741,0.8590909090909091,0.9440320590987848,0.8581163303210332,0.9,0.9,0.7181818181818181
0.6799999999999997,0.6,2,1,0.9473684210526315,0.8461538461538461,0.90625,0.8032786885245902,0.5925925925925926,0.8967611336032388,0.9224575240992057,0.895332023999131,0.9,0.9230769230769231,0.8050112948805689
0.6799999999999997,0.6,3,1,1.0,0.9230769230769231,0.9696969696969697,0.9356725146198831,0.6111111111111112,0.9615384615384616,0.9686779448621554,0.9607689228305228,0.9523809523809523,0.975609756097561,0.9376144618769908
0.6799999999999997,0.6,4,1,0.8125,0.8571428571428571,0.8260869565217391,0.6198347107438017,0.42592592592592593,0.8348214285714286,0.9618759324381927,0.8345229603962802,0.9285714285714286,0.8666666666666667,0.6313453403451318
0.6799999999999997,0.6,5,1,0.8666666666666667,0.9230769230769231,0.8928571428571429,0.7857142857142858,0.5185185185185186,0.8948717948717949,0.9601587301587302,0.8944271909999159,0.9285714285714286,0.896551724137931,0.7877263614433762
0.6899999999999997,0.6,1,1,0.9,0.8181818181818182,0.8709677419354839,0.7181818181818181,0.5740740740740741,0.8590909090909091,0.9440320590987848,0.8581163303210332,0.9,0.9,0.7181818181818181
0.6899999999999997,0.6,2,1,0.9473684210526315,0.8461538461538461,0.90625,0.8032786885245902,0.5925925925925926,0.8967611336032388,0.5568873486606093,0.895332023999131,0.9,0.9230769230769231,0.8050112948805689
0.6899999999999997,0.6,3,1,1.0,0.9230769230769231,0.9696969696969697,0.9356725146198831,0.6111111111111112,0.9615384615384616,0.9686779448621554,0.9607689228305228,0.9523809523809523,0.975609756097561,0.9376144618769908
0.6899999999999997,0.6,4,1,0.8125,0.8571428571428571,0.8260869565217391,0.6198347107438017,0.42592592592592593,0.8348214285714286,0.7542866467239069,0.8345229603962802,0.9285714285714286,0.8666666666666667,0.6313453403451318
0.6899999999999997,0.6,5,1,0.8666666666666667,0.9230769230769231,0.8928571428571429,0.7857142857142858,0.5185185185185186,0.8948717948717949,0.9601587301587302,0.8944271909999159,0.9285714285714286,0.896551724137931,0.7877263614433762
0.6999999999999996,0.6,1,1,0.9,0.8181818181818182,0.8709677419354839,0.7181818181818181,0.5740740740740741,0.8590909090909091,0.938674916241642,0.8581163303210332,0.9,0.9,0.7181818181818181
0.6999999999999996,0.6,2,1,0.9473684210526315,0.8461538461538461,0.90625,0.8032786885245902,0.5925925925925926,0.8967611336032388,0.9259662960290302,0.895332023999131,0.9,0.9230769230769231,0.8050112948805689
0.6999999999999996,0.6,3,1,1.0,0.9230769230769231,0.9696969696969697,0.9356725146198831,0.6111111111111112,0.9615384615384616,0.9700668337510443,0.9607689228305228,0.9523809523809523,0.975609756097561,0.9376144618769908
0.6999999999999996,0.6,4,1,0.8125,0.8571428571428571,0.8260869565217391,0.6198347107438017,0.42592592592592593,0.8348214285714286,0.9261902639400241,0.8345229603962802,0.9285714285714286,0.8666666666666667,0.6313453403451318
0.6999999999999996,0.6,5,1,0.8666666666666667,0.9230769230769231,0.8928571428571429,0.7857142857142858,0.5185185185185186,0.8948717948717949,0.9601587301587302,0.8944271909999159,0.9285714285714286,0.896551724137931,0.7877263614433762
0.7099999999999996,0.6,1,1,0.9,0.8181818181818182,0.8709677419354839,0.7181818181818181,0.5740740740740741,0.8590909090909091,0.938674916241642,0.8581163303210332,0.9,0.9,0.7181818181818181
0.7099999999999996,0.6,2,1,0.9473684210526315,0.8461538461538461,0.90625,0.8032786885245902,0.5925925925925926,0.8967611336032388,0.5568873486606093,0.895332023999131,0.9,0.9230769230769231,0.8050112948805689
0.7099999999999996,0.6,3,1,1.0,0.9230769230769231,0.9696969696969697,0.9356725146198831,0.6111111111111112,0.9615384615384616,0.9686779448621554,0.9607689228305228,0.9523809523809523,0.975609756097561,0.9376144618769908
0.7099999999999996,0.6,4,1,0.8125,0.8571428571428571,0.8260869565217391,0.6198347107438017,0.42592592592592593,0.8348214285714286,0.9574116467239069,0.8345229603962802,0.9285714285714286,0.8666666666666667,0.6313453403451318
0.7099999999999996,0.6,5,1,0.8666666666666667,0.9230769230769231,0.8928571428571429,0.7857142857142858,0.5185185185185186,0.8948717948717949,0.9601587301587302,0.8944271909999159,0.9285714285714286,0.896551724137931,0.7877263614433762
0.7199999999999996,0.6,1,1,0.9,0.8181818181818182,0.8709677419354839,0.7181818181818181,0.5740740740740741,0.8590909090909091,0.9425210700877958,0.8581163303210332,0.9,0.9,0.7181818181818181
0.7199999999999996,0.6,2,1,0.9473684210526315,0.8461538461538461,0.90625,0.8032786885245902,0.5925925925925926,0.8967611336032388,0.9367625173515675,0.895332023999131,0.9,0.9230769230769231,0.8050112948805689
0.7199999999999996,0.6,3,1,1.0,0.9230769230769231,0.9696969696969697,0.9356725146198831,0.6111111111111112,0.9615384615384616,0.9686779448621554,0.9607689228305228,0.9523809523809523,0.975609756097561,0.9376144618769908
0.7199999999999996,0.6,4,1,0.8125,0.8571428571428571,0.8260869565217391,0.6198347107438017,0.42592592592592593,0.8348214285714286,0.5266080752953355,0.8345229603962802,0.9285714285714286,0.8666666666666667,0.6313453403451318
0.7199999999999996,0.6,5,1,0.8666666666666667,0.9230769230769231,0.8928571428571429,0.7857142857142858,0.5185185185185186,0.8948717948717949,0.9601587301587302,0.8944271909999159,0.9285714285714286,0.896551724137931,0.7877263614433762
0.7299999999999996,0.6,1,1,0.9,0.8181818181818182,0.8709677419354839,0.7181818181818181,0.5740740740740741,0.8590909090909091,0.9458177733844991,0.8581163303210332,0.9,0.9,0.7181818181818181
0.7299999999999996,0.6,2,1,0.9473684210526315,0.8461538461538461,0.90625,0.8032786885245902,0.5925925925925926,0.8967611336032388,0.9285978749763987,0.895332023999131,0.9,0.9230769230769231,0.8050112948805689
0.7299999999999996,0.6,3,1,1.0,0.9230769230769231,0.9696969696969697,0.9356725146198831,0.6111111111111112,0.9615384615384616,0.9645128906825888,0.9607689228305228,0.9523809523809523,0.975609756097561,0.9376144618769908
0.7299999999999996,0.6,4,1,0.8125,0.8571428571428571,0.8260869565217391,0.6198347107438017,0.42592592592592593,0.8348214285714286,0.9332014818887421,0.8345229603962802,0.9285714285714286,0.8666666666666667,0.6313453403451318
0.7299999999999996,0.6,5,1,0.8666666666666667,0.9230769230769231,0.8928571428571429,0.7857142857142858,0.5185185185185186,0.8948717948717949,0.9601587301587302,0.8944271909999159,0.9285714285714286,0.896551724137931,0.7877263614433762
0.7399999999999997,0.6,1,1,0.9,0.8181818181818182,0.8709677419354839,0.7181818181818181,0.5740740740740741,0.8590909090909091,0.938674916241642,0.8581163303210332,0.9,0.9,0.7181818181818181
0.7399999999999997,0.6,2,1,0.9473684210526315,0.8461538461538461,0.90625,0.8032786885245902,0.5925925925925926,0.8967611336032388,0.9467996293623636,0.895332023999131,0.9,0.9230769230769231,0.8050112948805689
0.7399999999999997,0.6,3,1,1.0,0.9230769230769231,0.9696969696969697,0.9356725146198831,0.6111111111111112,0.9615384615384616,0.972625313283208,0.9607689228305228,0.9523809523809523,0.975609756097561,0.9376144618769908
0.7399999999999997,0.6,4,1,0.8125,0.8571428571428571,0.8260869565217391,0.6198347107438017,0.42592592592592593,0.8348214285714286,0.8082014818887421,0.8345229603962802,0.9285714285714286,0.8666666666666667,0.6313453403451318
0.7399999999999997,0.6,5,1,0.8666666666666667,0.9230769230769231,0.8928571428571429,0.7857142857142858,0.5185185185185186,0.8948717948717949,0.9601587301587302,0.8944271909999159,0.9285714285714286,0.896551724137931,0.7877263614433762
0.7499999999999997,0.6,1,1,0.9,0.8181818181818182,0.8709677419354839,0.7181818181818181,0.5740740740740741,0.8590909090909091,0.9405979931647189,0.8581163303210332,0.9,0.9,0.7181818181818181
0.7499999999999997,0.6,2,1,0.9473684210526315,0.8461538461538461,0.90625,0.8032786885245902,0.5925925925925926,0.8967611336032388,0.9224575240992057,0.895332023999131,0.9,0.9230769230769231,0.8050112948805689
0.7499999999999997,0.6,3,1,1.0,0.9230769230769231,0.9696969696969697,0.9356725146198831,0.6111111111111112,0.9615384615384616,0.9713095238095237,0.9607689228305228,0.9523809523809523,0.975609756097561,0.9376144618769908
0.7499999999999997,0.6,4,1,0.8125,0.8571428571428571,0.8260869565217391,0.6198347107438017,0.42592592592592593,0.8348214285714286,0.9350902181524784,0.8345229603962802,0.9285714285714286,0.8666666666666667,0.6313453403451318
0.7499999999999997,0.6,5,1,0.8666666666666667,0.9230769230769231,0.8928571428571429,0.7857142857142858,0.5185185185185186,0.8948717948717949,0.9601587301587302,0.8944271909999159,0.9285714285714286,0.896551724137931,0.7877263614433762
0.7599999999999997,0.6,1,1,0.9,0.8181818181818182,0.8709677419354839,0.7181818181818181,0.5740740740740741,0.8590909090909091,0.9422463448130706,0.8581163303210332,0.9,0.9,0.7181818181818181
0.7599999999999997,0.6,2,1,0.9473684210526315,0.8461538461538461,0.90625,0.8032786885245902,0.5925925925925926,0.8967611336032388,0.5768434890114864,0.895332023999131,0.9,0.9230769230769231,0.8050112948805689
0.7599999999999997,0.6,3,1,1.0,0.9230769230769231,0.9696969696969697,0.9356725146198831,0.6111111111111112,0.9615384615384616,0.9686779448621554,0.9607689228305228,0.9523809523809523,0.975609756097561,0.9376144618769908
0.7599999999999997,0.6,4,1,0.8125,0.8571428571428571,0.8260869565217391,0.6198347107438017,0.42592592592592593,0.8348214285714286,0.9395545038667641,0.8345229603962802,0.9285714285714286,0.8666666666666667,0.6313453403451318
0.7599999999999997,0.6,5,1,0.8666666666666667,0.9230769230769231,0.8928571428571429,0.7857142857142858,0.5185185185185186,0.8948717948717949,0.9601587301587302,0.8944271909999159,0.9285714285714286,0.896551724137931,0.7877263614433762
0.7699999999999997,0.6,1,1,0.9,0.8181818181818182,0.8709677419354839,0.7181818181818181,0.5740740740740741,0.8590909090909091,0.9368892019559277,0.8581163303210332,0.9,0.9,0.7181818181818181
0.7699999999999997,0.6,2,1,0.9473684210526315,0.8461538461538461,0.90625,0.8032786885245902,0.5925925925925926,0.8967611336032388,0.9189487521693811,0.895332023999131,0.9,0.9230769230769231,0.8050112948805689
0.7699999999999997,0.6,3,1,1.0,0.9230769230769231,0.9696969696969697,0.9356725146198831,0.6111111111111112,0.9615384615384616,0.9713095238095237,0.9607689228305228,0.9523809523809523,0.975609756097561,0.9376144618769908
0.7699999999999997,0.6,4,1,0.8125,0.8571428571428571,0.8260869565217391,0.6198347107438017,0.42592592592592593,0.8348214285714286,0.9618759324381927,0.8345229603962802,0.9285714285714286,0.8666666666666667,0.6313453403451318
0.7699999999999997,0.6,5,1,0.8666666666666667,0.9230769230769231,0.8928571428571429,0.7857142857142858,0.5185185185185186,0.8948717948717949,0.9601587301587302,0.8944271909999159,0.9285714285714286,0.896551724137931,0.7877263614433762
0.7799999999999997,0.6,1,1,0.9,0.8181818181818182,0.8709677419354839,0.7181818181818181,0.5740740740740741,0.8590909090909091,0.9368892019559277,0.8581163303210332,0.9,0.9,0.7181818181818181
0.7799999999999997,0.6,2,1,0.9473684210526315,0.8461538461538461,0.90625,0.8032786885245902,0.5925925925925926,0.8967611336032388,0.9285978749763987,0.895332023999131,0.9,0.9230769230769231,0.8050112948805689
0.7799999999999997,0.6,3,1,1.0,0.9230769230769231,0.9696969696969697,0.9356725146198831,0.6111111111111112,0.9615384615384616,0.9700668337510443,0.9607689228305228,0.9523809523809523,0.975609756097561,0.9376144618769908
0.7799999999999997,0.6,4,1,0.8125,0.8571428571428571,0.8260869565217391,0.6198347107438017,0.42592592592592593,0.8348214285714286,0.9350902181524784,0.8345229603962802,0.9285714285714286,0.8666666666666667,0.6313453403451318
0.7799999999999997,0.6,5,1,0.8666666666666667,0.9230769230769231,0.8928571428571429,0.7857142857142858,0.5185185185185186,0.8948717948717949,0.9601587301587302,0.8944271909999159,0.9285714285714286,0.896551724137931,0.7877263614433762
0.7899999999999996,0.6,1,1,0.9,0.8181818181818182,0.8709677419354839,0.7181818181818181,0.5740740740740741,0.8590909090909091,0.9405979931647189,0.8581163303210332,0.9,0.9,0.7181818181818181
0.7899999999999996,0.6,2,1,0.9473684210526315,0.8461538461538461,0.90625,0.8032786885245902,0.5925925925925926,0.8967611336032388,0.9367625173515675,0.895332023999131,0.9,0.9230769230769231,0.8050112948805689
0.7899999999999996,0.6,3,1,1.0,0.9230769230769231,0.9696969696969697,0.9356725146198831,0.6111111111111112,0.9615384615384616,0.9700668337510443,0.9607689228305228,0.9523809523809523,0.975609756097561,0.9376144618769908
0.7899999999999996,0.6,4,1,0.8125,0.8571428571428571,0.8260869565217391,0.6198347107438017,0.42592592592592593,0.8348214285714286,0.9373223610096213,0.8345229603962802,0.9285714285714286,0.8666666666666667,0.6313453403451318
0.7899999999999996,0.6,5,1,0.8666666666666667,0.9230769230769231,0.8928571428571429,0.7857142857142858,0.5185185185185186,0.8948717948717949,0.9601587301587302,0.8944271909999159,0.9285714285714286,0.896551724137931,0.7877263614433762
0.7999999999999996,0.6,1,1,0.9,0.8181818181818182,0.8709677419354839,0.7181818181818181,0.5740740740740741,0.8590909090909091,0.9476034876702134,0.8581163303210332,0.9,0.9,0.7181818181818181
0.7999999999999996,0.6,2,1,0.9473684210526315,0.8461538461538461,0.90625,0.8032786885245902,0.5925925925925926,0.8967611336032388,0.9189487521693811,0.895332023999131,0.9,0.9230769230769231,0.8050112948805689
0.7999999999999996,0.6,3,1,1.0,0.9230769230769231,0.9696969696969697,0.9356725146198831,0.6111111111111112,0.9615384615384616,0.9713095238095237,0.9607689228305228,0.9523809523809523,0.975609756097561,0.9376144618769908
0.7999999999999996,0.6,4,1,0.8125,0.8571428571428571,0.8260869565217391,0.6198347107438017,0.42592592592592593,0.8348214285714286,0.7432976357348959,0.8345229603962802,0.9285714285714286,0.8666666666666667,0.6313453403451318
0.7999999999999996,0.6,5,1,0.8666666666666667,0.9230769230769231,0.8928571428571429,0.7857142857142858,0.5185185185185186,0.8948717948717949,0.9601587301587302,0.8944271909999159,0.9285714285714286,0.896551724137931,0.7877263614433762
0.8099999999999996,0.6,1,1,0.9,0.8181818181818182,0.8709677419354839,0.7181818181818181,0.5740740740740741,0.8590909090909091,0.9422463448130706,0.8581163303210332,0.9,0.9,0.7181818181818181
0.8099999999999996,0.6,2,1,0.9473684210526315,0.8461538461538461,0.90625,0.8032786885245902,0.5925925925925926,0.8967611336032388,0.9467996293623636,0.895332023999131,0.9,0.9230769230769231,0.8050112948805689
0.8099999999999996,0.6,3,1,1.0,0.9230769230769231,0.9696969696969697,0.9356725146198831,0.6111111111111112,0.9615384615384616,0.9659001670843776,0.9607689228305228,0.9523809523809523,0.975609756097561,0.9376144618769908
0.8099999999999996,0.6,4,1,0.8125,0.8571428571428571,0.8260869565217391,0.6198347107438017,0.42592592592592593,0.8348214285714286,0.7432976357348959,0.8345229603962802,0.9285714285714286,0.8666666666666667,0.6313453403451318
0.8099999999999996,0.6,5,1,0.8666666666666667,0.9230769230769231,0.8928571428571429,0.7857142857142858,0.5185185185185186,0.8948717948717949,0.9601587301587302,0.8944271909999159,0.9285714285714286,0.896551724137931,0.7877263614433762
0.8199999999999996,0.6,1,1,0.9,0.8181818181818182,0.8709677419354839,0.7181818181818181,0.5740740740740741,0.8590909090909091,0.9425210700877958,0.8581163303210332,0.9,0.9,0.7181818181818181
0.8199999999999996,0.6,2,1,0.9473684210526315,0.8461538461538461,0.90625,0.8032786885245902,0.5925925925925926,0.8967611336032388,0.9224575240992057,0.895332023999131,0.9,0.9230769230769231,0.8050112948805689
0.8199999999999996,0.6,3,1,1.0,0.9230769230769231,0.9696969696969697,0.9356725146198831,0.6111111111111112,0.9615384615384616,0.9739411027568922,0.9607689228305228,0.9523809523809523,0.975609756097561,0.9376144618769908
0.8199999999999996,0.6,4,1,0.8125,0.8571428571428571,0.8260869565217391,0.6198347107438017,0.42592592592592593,0.8348214285714286,0.9596437895810498,0.8345229603962802,0.9285714285714286,0.8666666666666667,0.6313453403451318
0.8199999999999996,0.6,5,1,0.8666666666666667,0.9230769230769231,0.8928571428571429,0.7857142857142858,0.5185185185185186,0.8948717948717949,0.9601587301587302,0.8944271909999159,0.9285714285714286,0.896551724137931,0.7877263614433762
0.8299999999999996,0.6,1,1,0.9,0.8181818181818182,0.8709677419354839,0.7181818181818181,0.5740740740740741,0.8590909090909091,0.9458177733844991,0.8581163303210332,0.9,0.9,0.7181818181818181
0.8299999999999996,0.6,2,1,0.9473684210526315,0.8461538461538461,0.90625,0.8032786885245902,0.5925925925925926,0.8967611336032388,0.9285978749763987,0.895332023999131,0.9,0.9230769230769231,0.8050112948805689
0.8299999999999996,0.6,3,1,1.0,0.9230769230769231,0.9696969696969697,0.9356725146198831,0.6111111111111112,0.9615384615384616,0.9686779448621554,0.9607689228305228,0.9523809523809523,0.975609756097561,0.9376144618769908
0.8299999999999996,0.6,4,1,0.8125,0.8571428571428571,0.8260869565217391,0.6198347107438017,0.42592592592592593,0.8348214285714286,0.9332014818887421,0.8345229603962802,0.9285714285714286,0.8666666666666667,0.6313453403451318
0.8299999999999996,0.6,5,1,0.8666666666666667,0.9230769230769231,0.8928571428571429,0.7857142857142858,0.5185185185185186,0.8948717948717949,0.9601587301587302,0.8944271909999159,0.9285714285714286,0.896551724137931,0.7877263614433762
0.8399999999999996,0.6,1,1,0.9,0.8181818181818182,0.8709677419354839,0.7181818181818181,0.5740740740740741,0.8590909090909091,0.9348058686225944,0.8581163303210332,0.9,0.9,0.7181818181818181
0.8399999999999996,0.6,2,1,0.9473684210526315,0.8461538461538461,0.90625,0.8032786885245902,0.5925925925925926,0.8967611336032388,0.5963923611919375,0.895332023999131,0.9,0.9230769230769231,0.8050112948805689
0.8399999999999996,0.6,3,1,1.0,0.9230769230769231,0.9696969696969697,0.9356725146198831,0.6111111111111112,0.9615384615384616,0.972625313283208,0.9607689228305228,0.9523809523809523,0.975609756097561,0.9376144618769908
0.8399999999999996,0.6,4,1,0.8125,0.8571428571428571,0.8260869565217391,0.6198347107438017,0.42592592592592593,0.8348214285714286,0.8019056943429546,0.8345229603962802,0.9285714285714286,0.8666666666666667,0.6313453403451318
0.8399999999999996,0.6,5,1,0.8666666666666667,0.9230769230769231,0.8928571428571429,0.7857142857142858,0.5185185185185186,0.8948717948717949,0.9601587301587302,0.8944271909999159,0.9285714285714286,0.896551724137931,0.7877263614433762
0.8499999999999996,0.6,1,1,0.9,0.8181818181818182,0.8709677419354839,0.7181818181818181,0.5740740740740741,0.8590909090909091,0.9348058686225944,0.8581163303210332,0.9,0.9,0.7181818181818181
0.8499999999999996,0.6,2,1,0.9473684210526315,0.8461538461538461,0.90625,0.8032786885245902,0.5925925925925926,0.8967611336032388,0.9224575240992057,0.895332023999131,0.9,0.9230769230769231,0.8050112948805689
0.8499999999999996,0.6,3,1,1.0,0.9230769230769231,0.9696969696969697,0.9356725146198831,0.6111111111111112,0.9615384615384616,0.9714557226399331,0.9607689228305228,0.9523809523809523,0.975609756097561,0.9376144618769908
0.8499999999999996,0.6,4,1,0.8125,0.8571428571428571,0.8260869565217391,0.6198347107438017,0.42592592592592593,0.8348214285714286,0.9261616467239069,0.8345229603962802,0.9285714285714286,0.8666666666666667,0.6313453403451318
0.8499999999999996,0.6,5,1,0.8666666666666667,0.9230769230769231,0.8928571428571429,0.7857142857142858,0.5185185185185186,0.8948717948717949,0.9601587301587302,0.8944271909999159,0.9285714285714286,0.896551724137931,0.7877263614433762
0.8599999999999995,0.6,1,1,0.9,0.8181818181818182,0.8709677419354839,0.7181818181818181,0.5740740740740741,0.8590909090909091,0.9283177733844992,0.8581163303210332,0.9,0.9,0.7181818181818181
0.8599999999999995,0.6,2,1,0.9473684210526315,0.8461538461538461,0.90625,0.8032786885245902,0.5925925925925926,0.8967611336032388,0.7514048925202583,0.895332023999131,0.9,0.9230769230769231,0.8050112948805689
0.8599999999999995,0.6,3,1,1.0,0.9230769230769231,0.9696969696969697,0.9356725146198831,0.6111111111111112,0.9615384615384616,0.9700668337510443,0.9607689228305228,0.9523809523809523,0.975609756097561,0.9376144618769908
0.8599999999999995,0.6,4,1,0.8125,0.8571428571428571,0.8260869565217391,0.6198347107438017,0.42592592592592593,0.8348214285714286,0.764838594775855,0.8345229603962802,0.9285714285714286,0.8666666666666667,0.6313453403451318
0.8599999999999995,0.6,5,1,0.8666666666666667,0.9230769230769231,0.8928571428571429,0.7857142857142858,0.5185185185185186,0.8948717948717949,0.9601587301587302,0.8944271909999159,0.9285714285714286,0.896551724137931,0.7877263614433762
0.8699999999999996,0.6,1,1,0.9,0.8181818181818182,0.8709677419354839,0.7181818181818181,0.5740740740740741,0.8590909090909091,0.9444441470108728,0.8581163303210332,0.9,0.9,0.7181818181818181
0.8699999999999996,0.6,2,1,0.9473684210526315,0.8461538461538461,0.90625,0.8032786885245902,0.5925925925925926,0.8967611336032388,0.9224575240992057,0.895332023999131,0.9,0.9230769230769231,0.8050112948805689
0.8699999999999996,0.6,3,1,1.0,0.9230769230769231,0.9696969696969697,0.9356725146198831,0.6111111111111112,0.9615384615384616,0.9686779448621554,0.9607689228305228,0.9523809523809523,0.975609756097561,0.9376144618769908
0.8699999999999996,0.6,4,1,0.8125,0.8571428571428571,0.8260869565217391,0.6198347107438017,0.42592592592592593,0.8348214285714286,0.9332014818887421,0.8345229603962802,0.9285714285714286,0.8666666666666667,0.6313453403451318
0.8699999999999996,0.6,5,1,0.8666666666666667,0.9230769230769231,0.8928571428571429,0.7857142857142858,0.5185185185185186,0.8948717948717949,0.9601587301587302,0.8944271909999159,0.9285714285714286,0.896551724137931,0.7877263614433762
0.8799999999999996,0.6,1,1,0.9,0.8181818181818182,0.8709677419354839,0.7181818181818181,0.5740740740740741,0.8590909090909091,0.9389954290621548,0.8581163303210332,0.9,0.9,0.7181818181818181
0.8799999999999996,0.6,2,1,0.9473684210526315,0.8461538461538461,0.90625,0.8032786885245902,0.5925925925925926,0.8967611336032388,0.9159099050515866,0.895332023999131,0.9,0.9230769230769231,0.8050112948805689
0.8799999999999996,0.6,3,1,1.0,0.9230769230769231,0.9696969696969697,0.9356725146198831,0.6111111111111112,0.9615384615384616,0.965891567153177,0.9607689228305228,0.9523809523809523,0.975609756097561,0.9376144618769908
0.8799999999999996,0.6,4,1,0.8125,0.8571428571428571,0.8260869565217391,0.6198347107438017,0.42592592592592593,0.8348214285714286,0.9596437895810498,0.8345229603962802,0.9285714285714286,0.8666666666666667,0.6313453403451318
0.8799999999999996,0.6,5,1,0.8666666666666667,0.9230769230769231,0.8928571428571429,0.7857142857142858,0.5185185185185186,0.8948717948717949,0.9601587301587302,0.8944271909999159,0.9285714285714286,0.896551724137931,0.7877263614433762
0.8899999999999996,0.6,1,1,0.9,0.8181818181818182,0.8709677419354839,0.7181818181818181,0.5740740740740741,0.8590909090909091,0.9389725352892611,0.8581163303210332,0.9,0.9,0.7181818181818181
0.8899999999999996,0.6,2,1,0.9473684210526315,0.8461538461538461,0.90625,0.8032786885245902,0.5925925925925926,0.8967611336032388,0.9189487521693811,0.895332023999131,0.9,0.9230769230769231,0.8050112948805689
0.8899999999999996,0.6,3,1,1.0,0.9230769230769231,0.9696969696969697,0.9356725146198831,0.6111111111111112,0.9615384615384616,0.9686779448621554,0.9607689228305228,0.9523809523809523,0.975609756097561,0.9376144618769908
0.8899999999999996,0.6,4,1,0.8125,0.8571428571428571,0.8260869565217391,0.6198347107438017,0.42592592592592593,0.8348214285714286,0.5533937895810498,0.8345229603962802,0.9285714285714286,0.8666666666666667,0.6313453403451318
0.8899999999999996,0.6,5,1,0.8666666666666667,0.9230769230769231,0.8928571428571429,0.7857142857142858,0.5185185185185186,0.8948717948717949,0.9601587301587302,0.8944271909999159,0.9285714285714286,0.896551724137931,0.7877263614433762
0.8999999999999996,0.6,1,1,0.9,0.8181818181818182,0.8709677419354839,0.7181818181818181,0.5740740740740741,0.8590909090909091,0.9458177733844991,0.8581163303210332,0.9,0.9,0.7181818181818181
0.8999999999999996,0.6,2,1,0.9473684210526315,0.8461538461538461,0.90625,0.8032786885245902,0.5925925925925926,0.8967611336032388,0.9130493883752805,0.895332023999131,0.9,0.9230769230769231,0.8050112948805689
0.8999999999999996,0.6,3,1,1.0,0.9230769230769231,0.9696969696969697,0.9356725146198831,0.6111111111111112,0.9615384615384616,0.972625313283208,0.9607689228305228,0.9523809523809523,0.975609756097561,0.9376144618769908
0.8999999999999996,0.6,4,1,0.8125,0.8571428571428571,0.8260869565217391,0.6198347107438017,0.42592592592592593,0.8348214285714286,0.9574116467239069,0.8345229603962802,0.9285714285714286,0.8666666666666667,0.6313453403451318
0.8999999999999996,0.6,5,1,0.8666666666666667,0.9230769230769231,0.8928571428571429,0.7857142857142858,0.5185185185185186,0.8948717948717949,0.9601587301587302,0.8944271909999159,0.9285714285714286,0.896551724137931,0.7877263614433762
0.9099999999999996,0.6,1,1,0.9,0.8181818181818182,0.8709677419354839,0.7181818181818181,0.5740740740740741,0.8590909090909091,0.938674916241642,0.8581163303210332,0.9,0.9,0.7181818181818181
0.9099999999999996,0.6,2,1,0.9473684210526315,0.8461538461538461,0.90625,0.8032786885245902,0.5925925925925926,0.8967611336032388,0.9318873486606092,0.895332023999131,0.9,0.9230769230769231,0.8050112948805689
0.9099999999999996,0.6,3,1,1.0,0.9230769230769231,0.9696969696969697,0.9356725146198831,0.6111111111111112,0.9615384615384616,0.9713095238095237,0.9607689228305228,0.9523809523809523,0.975609756097561,0.9376144618769908
0.9099999999999996,0.6,4,1,0.8125,0.8571428571428571,0.8260869565217391,0.6198347107438017,0.42592592592592593,0.8348214285714286,0.9307976357348959,0.8345229603962802,0.9285714285714286,0.8666666666666667,0.6313453403451318
0.9099999999999996,0.6,5,1,0.8666666666666667,0.9230769230769231,0.8928571428571429,0.7857142857142858,0.5185185185185186,0.8948717948717949,0.9601587301587302,0.8944271909999159,0.9285714285714286,0.896551724137931,0.7877263614433762
0.9199999999999996,0.6,1,1,0.9,0.7272727272727273,0.8387096774193549,0.640371229698376,0.5740740740740741,0.8136363636363637,0.9476034876702134,0.8090398349558905,0.8571428571428571,0.8780487804878049,0.642034105174945
0.9199999999999996,0.6,2,1,0.9473684210526315,0.8461538461538461,0.90625,0.8032786885245902,0.5925925925925926,0.8967611336032388,0.9467996293623636,0.895332023999131,0.9,0.9230769230769231,0.8050112948805689
0.9199999999999996,0.6,3,1,1.0,0.9230769230769231,0.9696969696969697,0.9356725146198831,0.6111111111111112,0.9615384615384616,0.9686779448621554,0.9607689228305228,0.9523809523809523,0.975609756097561,0.9376144618769908
0.9199999999999996,0.6,4,1,0.8125,0.8571428571428571,0.8260869565217391,0.6198347107438017,0.42592592592592593,0.8348214285714286,0.9373223610096213,0.8345229603962802,0.9285714285714286,0.8666666666666667,0.6313453403451318
0.9199999999999996,0.6,5,1,0.8666666666666667,0.9230769230769231,0.8928571428571429,0.7857142857142858,0.5185185185185186,0.8948717948717949,0.9601587301587302,0.8944271909999159,0.9285714285714286,0.896551724137931,0.7877263614433762
0.9299999999999996,0.6,1,1,0.9,0.7272727272727273,0.8387096774193549,0.640371229698376,0.5740740740740741,0.8136363636363637,0.9425210700877958,0.8090398349558905,0.8571428571428571,0.8780487804878049,0.642034105174945
0.9299999999999996,0.6,2,1,0.9473684210526315,0.8461538461538461,0.90625,0.8032786885245902,0.5925925925925926,0.8967611336032388,0.8144061456530903,0.895332023999131,0.9,0.9230769230769231,0.8050112948805689
0.9299999999999996,0.6,3,1,1.0,0.9230769230769231,0.9696969696969697,0.9356725146198831,0.6111111111111112,0.9615384615384616,0.9713095238095237,0.9607689228305228,0.9523809523809523,0.975609756097561,0.9376144618769908
0.9299999999999996,0.6,4,1,0.8125,0.8571428571428571,0.8260869565217391,0.6198347107438017,0.42592592592592593,0.8348214285714286,0.9572399434272036,0.8345229603962802,0.9285714285714286,0.8666666666666667,0.6313453403451318
0.9299999999999996,0.6,5,1,0.8666666666666667,0.9230769230769231,0.8928571428571429,0.7857142857142858,0.5185185185185186,0.8948717948717949,0.9601587301587302,0.8944271909999159,0.9285714285714286,0.896551724137931,0.7877263614433762
0.9399999999999996,0.6,1,1,0.9,0.7272727272727273,0.8387096774193549,0.640371229698376,0.5740740740740741,0.8136363636363637,0.9440320590987848,0.8090398349558905,0.8571428571428571,0.8780487804878049,0.642034105174945
0.9399999999999996,0.6,2,1,0.9473684210526315,0.8461538461538461,0.90625,0.8032786885245902,0.5925925925925926,0.8967611336032388,0.9318873486606092,0.895332023999131,0.9,0.9230769230769231,0.8050112948805689
0.9399999999999996,0.6,3,1,1.0,0.9230769230769231,0.9696969696969697,0.9356725146198831,0.6111111111111112,0.9615384615384616,0.972625313283208,0.9607689228305228,0.9523809523809523,0.975609756097561,0.9376144618769908
0.9399999999999996,0.6,4,1,0.8125,0.8571428571428571,0.8260869565217391,0.6198347107438017,0.42592592592592593,0.8348214285714286,0.9618759324381927,0.8345229603962802,0.9285714285714286,0.8666666666666667,0.6313453403451318
0.9399999999999996,0.6,5,1,0.8666666666666667,0.9230769230769231,0.8928571428571429,0.7857142857142858,0.5185185185185186,0.8948717948717949,0.9601587301587302,0.8944271909999159,0.9285714285714286,0.896551724137931,0.7877263614433762
0.9499999999999995,0.6,1,1,0.9,0.7272727272727273,0.8387096774193549,0.640371229698376,0.5740740740740741,0.8136363636363637,0.9476034876702134,0.8090398349558905,0.8571428571428571,0.8780487804878049,0.642034105174945
0.9499999999999995,0.6,2,1,0.9473684210526315,0.8461538461538461,0.90625,0.8032786885245902,0.5925925925925926,0.8967611336032388,0.9189487521693811,0.895332023999131,0.9,0.9230769230769231,0.8050112948805689
0.9499999999999995,0.6,3,1,1.0,0.9230769230769231,0.9696969696969697,0.9356725146198831,0.6111111111111112,0.9615384615384616,0.9686779448621554,0.9607689228305228,0.9523809523809523,0.975609756097561,0.9376144618769908
0.9499999999999995,0.6,4,1,0.8125,0.8571428571428571,0.8260869565217391,0.6198347107438017,0.42592592592592593,0.8348214285714286,0.9328580752953356,0.8345229603962802,0.9285714285714286,0.8666666666666667,0.6313453403451318
0.9499999999999995,0.6,5,1,0.8666666666666667,0.9230769230769231,0.8928571428571429,0.7857142857142858,0.5185185185185186,0.8948717948717949,0.9601587301587302,0.8944271909999159,0.9285714285714286,0.896551724137931,0.7877263614433762
0.9599999999999995,0.6,1,1,0.9,0.7272727272727273,0.8387096774193549,0.640371229698376,0.5740740740740741,0.8136363636363637,0.9405979931647189,0.8090398349558905,0.8571428571428571,0.8780487804878049,0.642034105174945
0.9599999999999995,0.6,2,1,0.9473684210526315,0.8461538461538461,0.90625,0.8032786885245902,0.5925925925925926,0.8967611336032388,0.9253084012921882,0.895332023999131,0.9,0.9230769230769231,0.8050112948805689
0.9599999999999995,0.6,3,1,1.0,0.9230769230769231,0.9696969696969697,0.9356725146198831,0.6111111111111112,0.9615384615384616,0.9739411027568922,0.9607689228305228,0.9523809523809523,0.975609756097561,0.9376144618769908
0.9599999999999995,0.6,4,1,0.8125,0.8571428571428571,0.8260869565217391,0.6198347107438017,0.42592592592592593,0.8348214285714286,0.9235574800572403,0.8345229603962802,0.9285714285714286,0.8666666666666667,0.6313453403451318
0.9599999999999995,0.6,5,1,0.8666666666666667,0.9230769230769231,0.8928571428571429,0.7857142857142858,0.5185185185185186,0.8948717948717949,0.9601587301587302,0.8944271909999159,0.9285714285714286,0.896551724137931,0.7877263614433762
0.9699999999999995,0.6,1,1,0.9,0.7272727272727273,0.8387096774193549,0.640371229698376,0.5740740740740741,0.8136363636363637,0.9493892019559278,0.8090398349558905,0.8571428571428571,0.8780487804878049,0.642034105174945
0.9699999999999995,0.6,2,1,0.9473684210526315,0.8461538461538461,0.90625,0.8032786885245902,0.5925925925925926,0.8967611336032388,0.9159412333723886,0.895332023999131,0.9,0.9230769230769231,0.8050112948805689
0.9699999999999995,0.6,3,1,1.0,0.9230769230769231,0.9696969696969697,0.9356725146198831,0.6111111111111112,0.9615384615384616,0.972625313283208,0.9607689228305228,0.9523809523809523,0.975609756097561,0.9376144618769908
0.9699999999999995,0.6,4,1,0.8125,0.8571428571428571,0.8260869565217391,0.6198347107438017,0.42592592592592593,0.8348214285714286,0.9572399434272036,0.8345229603962802,0.9285714285714286,0.8666666666666667,0.6313453403451318
0.9699999999999995,0.6,5,1,0.8666666666666667,0.9230769230769231,0.8928571428571429,0.7857142857142858,0.5185185185185186,0.8948717948717949,0.9601587301587302,0.8944271909999159,0.9285714285714286,0.896551724137931,0.7877263614433762
0.9799999999999995,0.6,1,1,0.9,0.7272727272727273,0.8387096774193549,0.640371229698376,0.5740740740740741,0.8136363636363637,0.9284826085493344,0.8090398349558905,0.8571428571428571,0.8780487804878049,0.642034105174945
0.9799999999999995,0.6,2,1,0.9473684210526315,0.8461538461538461,0.90625,0.8032786885245902,0.5925925925925926,0.8967611336032388,0.9121818348761481,0.895332023999131,0.9,0.9230769230769231,0.8050112948805689
0.9799999999999995,0.6,3,1,1.0,0.9230769230769231,0.9696969696969697,0.9356725146198831,0.6111111111111112,0.9615384615384616,0.9686779448621554,0.9607689228305228,0.9523809523809523,0.975609756097561,0.9376144618769908
0.9799999999999995,0.6,4,1,0.8125,0.8571428571428571,0.8260869565217391,0.6198347107438017,0.42592592592592593,0.8348214285714286,0.8082014818887421,0.8345229603962802,0.9285714285714286,0.8666666666666667,0.6313453403451318
0.9799999999999995,0.6,5,1,0.8666666666666667,0.9230769230769231,0.8928571428571429,0.7857142857142858,0.5185185185185186,0.8948717948717949,0.9601587301587302,0.8944271909999159,0.9285714285714286,0.896551724137931,0.7877263614433762
0.9899999999999995,0.6,1,1,0.9,0.7272727272727273,0.8387096774193549,0.640371229698376,0.5740740740740741,0.8136363636363637,0.9329056854724114,0.8090398349558905,0.8571428571428571,0.8780487804878049,0.642034105174945
0.9899999999999995,0.6,2,1,0.9473684210526315,0.8461538461538461,0.90625,0.8032786885245902,0.5925925925925926,0.8967611336032388,0.9189487521693811,0.895332023999131,0.9,0.9230769230769231,0.8050112948805689
0.9899999999999995,0.6,3,1,1.0,0.9230769230769231,0.9696969696969697,0.9356725146198831,0.6111111111111112,0.9615384615384616,0.9700668337510443,0.9607689228305228,0.9523809523809523,0.975609756097561,0.9376144618769908
0.9899999999999995,0.6,4,1,0.8125,0.8571428571428571,0.8260869565217391,0.6198347107438017,0.42592592592592593,0.8348214285714286,0.5533937895810498,0.8345229603962802,0.9285714285714286,0.8666666666666667,0.6313453403451318
0.9899999999999995,0.6,5,1,0.8666666666666667,0.9230769230769231,0.8928571428571429,0.7857142857142858,0.5185185185185186,0.8948717948717949,0.9601587301587302,0.8944271909999159,0.9285714285714286,0.896551724137931,0.7877263614433762
1.0,0.6,1,1,0.9,0.7272727272727273,0.8387096774193549,0.640371229698376,0.5740740740740741,0.8136363636363637,0.9493892019559278,0.8090398349558905,0.8571428571428571,0.8780487804878049,0.642034105174945
1.0,0.6,2,1,0.9473684210526315,0.8461538461538461,0.90625,0.8032786885245902,0.5925925925925926,0.8967611336032388,0.9415364714676269,0.895332023999131,0.9,0.9230769230769231,0.8050112948805689
1.0,0.6,3,1,1.0,0.9230769230769231,0.9696969696969697,0.9356725146198831,0.6111111111111112,0.9615384615384616,0.972625313283208,0.9607689228305228,0.9523809523809523,0.975609756097561,0.9376144618769908
1.0,0.6,4,1,0.8125,0.8571428571428571,0.8260869565217391,0.6198347107438017,0.42592592592592593,0.8348214285714286,0.9373223610096213,0.8345229603962802,0.9285714285714286,0.8666666666666667,0.6313453403451318
1.0,0.6,5,1,0.8666666666666667,0.9230769230769231,0.8928571428571429,0.7857142857142858,0.5185185185185186,0.8948717948717949,0.9601587301587302,0.8944271909999159,0.9285714285714286,0.896551724137931,0.7877263614433762
0.1,0.6,1,2,0.8888888888888888,0.7857142857142857,0.84375,0.68,0.5925925925925926,0.8373015873015872,0.9086890360432672,0.8357108940373449,0.8421052631578947,0.8648648648648649,0.6813969328454993
0.1,0.6,2,2,0.8823529411764706,1.0,0.9285714285714286,0.8549222797927462,0.5185185185185186,0.9411764705882353,0.9831469352446861,0.9393364366277243,1.0,0.9375,0.8640638488223129
0.1,0.6,3,2,1.0,1.0,1.0,1.0,0.42592592592592593,1.0,1.0,1.0,1.0,1.0,1.0
0.1,0.6,4,2,0.8125,0.9090909090909091,0.8518518518518519,0.7016574585635359,0.5,0.8607954545454546,0.9249590755105461,0.8594395636904107,0.9285714285714286,0.8666666666666667,0.7095968730749328
0.1,0.6,5,2,0.9565217391304348,0.8461538461538461,0.9166666666666666,0.8163265306122448,0.6666666666666667,0.9013377926421404,0.9858391094307919,0.8996469021204838,0.9166666666666666,0.9361702127659575,0.8178608201095308
0.11,0.6,1,2,0.8888888888888888,0.7857142857142857,0.84375,0.68,0.5925925925925926,0.8373015873015872,0.9347579358254023,0.8357108940373449,0.8421052631578947,0.8648648648648649,0.6813969328454993
0.11,0.6,2,2,0.8823529411764706,1.0,0.9285714285714286,0.8549222797927462,0.5185185185185186,0.9411764705882353,0.9831469352446861,0.9393364366277243,1.0,0.9375,0.8640638488223129
0.11,0.6,3,2,1.0,1.0,1.0,1.0,0.42592592592592593,1.0,1.0,1.0,1.0,1.0,1.0
0.11,0.6,4,2,0.8125,0.9090909090909091,0.8518518518518519,0.7016574585635359,0.5,0.8607954545454546,0.9250064239953946,0.8594395636904107,0.9285714285714286,0.8666666666666667,0.7095968730749328
0.11,0.6,5,2,0.9565217391304348,0.8461538461538461,0.9166666666666666,0.8163265306122448,0.6666666666666667,0.9013377926421404,0.9858391094307917,0.8996469021204838,0.9166666666666666,0.9361702127659575,0.8178608201095308
0.12,0.6,1,2,0.8888888888888888,0.7857142857142857,0.84375,0.68,0.5925925925925926,0.8373015873015872,0.7791955719909796,0.8357108940373449,0.8421052631578947,0.8648648648648649,0.6813969328454993
0.12,0.6,2,2,0.8823529411764706,1.0,0.9285714285714286,0.8549222797927462,0.5185185185185186,0.9411764705882353,0.9831469352446861,0.9393364366277243,1.0,0.9375,0.8640638488223129
0.12,0.6,3,2,1.0,1.0,1.0,1.0,0.42592592592592593,1.0,1.0,1.0,1.0,1.0,1.0
0.12,0.6,4,2,0.8125,0.9090909090909091,0.8518518518518519,0.7016574585635359,0.5,0.8607954545454546,0.9322507421772127,0.8594395636904107,0.9285714285714286,0.8666666666666667,0.7095968730749328
0.12,0.6,5,2,0.9565217391304348,0.8461538461538461,0.9166666666666666,0.8163265306122448,0.6666666666666667,0.9013377926421404,0.9858391094307918,0.8996469021204838,0.9166666666666666,0.9361702127659575,0.8178608201095308
0.13,0.6,1,2,0.8888888888888888,0.7857142857142857,0.84375,0.68,0.5925925925925926,0.8373015873015872,0.9095877288537247,0.8357108940373449,0.8421052631578947,0.8648648648648649,0.6813969328454993
0.13,0.6,2,2,0.8823529411764706,1.0,0.9285714285714286,0.8549222797927462,0.5185185185185186,0.9411764705882353,0.9831469352446861,0.9393364366277243,1.0,0.9375,0.8640638488223129
0.13,0.6,3,2,1.0,1.0,1.0,1.0,0.42592592592592593,1.0,1.0,1.0,1.0,1.0,1.0
0.13,0.6,4,2,0.8125,0.8181818181818182,0.8148148148148148,0.6218487394957982,0.5,0.8153409090909091,0.9272791512681219,0.8153359597569135,0.8666666666666667,0.8387096774193549,0.6236348727784989
0.13,0.6,5,2,0.9565217391304348,0.8461538461538461,0.9166666666666666,0.8163265306122448,0.6666666666666667,0.9013377926421404,0.9858391094307919,0.8996469021204838,0.9166666666666666,0.9361702127659575,0.8178608201095308
0.13999999999999999,0.6,1,2,0.8888888888888888,0.7857142857142857,0.84375,0.68,0.5925925925925926,0.8373015873015872,0.8184112582654894,0.8357108940373449,0.8421052631578947,0.8648648648648649,0.6813969328454993
0.13999999999999999,0.6,2,2,0.8823529411764706,1.0,0.9285714285714286,0.8549222797927462,0.5185185185185186,0.9411764705882353,0.9831469352446861,0.9393364366277243,1.0,0.9375,0.8640638488223129
0.13999999999999999,0.6,3,2,1.0,1.0,1.0,1.0,0.42592592592592593,1.0,1.0,1.0,1.0,1.0,1.0
0.13999999999999999,0.6,4,2,0.8125,0.8181818181818182,0.8148148148148148,0.6218487394957982,0.5,0.8153409090909091,0.9348549088438795,0.8153359597569135,0.8666666666666667,0.8387096774193549,0.6236348727784989
0.13999999999999999,0.6,5,2,0.9565217391304348,0.8461538461538461,0.9166666666666666,0.8163265306122448,0.6666666666666667,0.9013377926421404,0.9858391094307919,0.8996469021204838,0.9166666666666666,0.9361702127659575,0.8178608201095308
0.14999999999999997,0.6,1,2,0.8888888888888888,0.7857142857142857,0.84375,0.68,0.5925925925925926,0.8373015873015872,0.9086890360432672,0.8357108940373449,0.8421052631578947,0.8648648648648649,0.6813969328454993
0.14999999999999997,0.6,2,2,0.8823529411764706,1.0,0.9285714285714286,0.8549222797927462,0.5185185185185186,0.9411764705882353,0.9831469352446861,0.9393364366277243,1.0,0.9375,0.8640638488223129
0.14999999999999997,0.6,3,2,1.0,1.0,1.0,1.0,0.42592592592592593,1.0,1.0,1.0,1.0,1.0,1.0
0.14999999999999997,0.6,4,2,0.8125,0.8181818181818182,0.8148148148148148,0.6218487394957982,0.5,0.8153409090909091,0.9250064239953946,0.8153359597569135,0.8666666666666667,0.8387096774193549,0.6236348727784989
0.14999999999999997,0.6,5,2,0.9565217391304348,0.8461538461538461,0.9166666666666666,0.8163265306122448,0.6666666666666667,0.9013377926421404,0.9858391094307919,0.8996469021204838,0.9166666666666666,0.9361702127659575,0.8178608201095308
0.15999999999999998,0.6,1,2,0.8888888888888888,0.7857142857142857,0.84375,0.68,0.5925925925925926,0.8373015873015872,0.7825316286358598,0.8357108940373449,0.8421052631578947,0.8648648648648649,0.6813969328454993
0.15999999999999998,0.6,2,2,0.8823529411764706,1.0,0.9285714285714286,0.8549222797927462,0.5185185185185186,0.9411764705882353,0.9831469352446861,0.9393364366277243,1.0,0.9375,0.8640638488223129
0.15999999999999998,0.6,3,2,1.0,1.0,1.0,1.0,0.42592592592592593,1.0,1.0,1.0,1.0,1.0,1.0
0.15999999999999998,0.6,4,2,0.8125,0.8181818181818182,0.8148148148148148,0.6218487394957982,0.5,0.8153409090909091,0.9348549088438795,0.8153359597569135,0.8666666666666667,0.8387096774193549,0.6236348727784989
0.15999999999999998,0.6,5,2,0.9565217391304348,0.8461538461538461,0.9166666666666666,0.8163265306122448,0.6666666666666667,0.9013377926421404,0.9858391094307919,0.8996469021204838,0.9166666666666666,0.9361702127659575,0.8178608201095308
0.16999999999999998,0.6,1,2,0.8888888888888888,0.7857142857142857,0.84375,0.68,0.5925925925925926,0.8373015873015872,0.9121612582654894,0.8357108940373449,0.8421052631578947,0.8648648648648649,0.6813969328454993
0.16999999999999998,0.6,2,2,0.8823529411764706,1.0,0.9285714285714286,0.8549222797927462,0.5185185185185186,0.9411764705882353,0.9831469352446861,0.9393364366277243,1.0,0.9375,0.8640638488223129
0.16999999999999998,0.6,3,2,1.0,1.0,1.0,1.0,0.42592592592592593,1.0,1.0,1.0,1.0,1.0,1.0
0.16999999999999998,0.6,4,2,0.8125,0.8181818181818182,0.8148148148148148,0.6218487394957982,0.5,0.8153409090909091,0.9301200603590309,0.8153359597569135,0.8666666666666667,0.8387096774193549,0.6236348727784989
0.16999999999999998,0.6,5,2,0.9565217391304348,0.8461538461538461,0.9166666666666666,0.8163265306122448,0.6666666666666667,0.9013377926421404,0.9858391094307919,0.8996469021204838,0.9166666666666666,0.9361702127659575,0.8178608201095308
0.17999999999999997,0.6,1,2,0.8888888888888888,0.7857142857142857,0.84375,0.68,0.5925925925925926,0.8373015873015872,0.9148164870236593,0.8357108940373449,0.8421052631578947,0.8648648648648649,0.6813969328454993
0.17999999999999997,0.6,2,2,0.8823529411764706,1.0,0.9285714285714286,0.8549222797927462,0.5185185185185186,0.9411764705882353,0.9831469352446861,0.9393364366277243,1.0,0.9375,0.8640638488223129
0.17999999999999997,0.6,3,2,1.0,1.0,1.0,1.0,0.42592592592592593,1.0,1.0,1.0,1.0,1.0,1.0
0.17999999999999997,0.6,4,2,0.8125,0.8181818181818182,0.8148148148148148,0.6218487394957982,0.5,0.8153409090909091,0.93296096944994,0.8153359597569135,0.8666666666666667,0.8387096774193549,0.6236348727784989
0.17999999999999997,0.6,5,2,0.9565217391304348,0.8461538461538461,0.9166666666666666,0.8163265306122448,0.6666666666666667,0.9013377926421404,0.9858391094307918,0.8996469021204838,0.9166666666666666,0.9361702127659575,0.8178608201095308
0.18999999999999995,0.6,1,2,0.8888888888888888,0.7857142857142857,0.84375,0.68,0.5925925925925926,0.8373015873015872,0.9121612582654894,0.8357108940373449,0.8421052631578947,0.8648648648648649,0.6813969328454993
0.18999999999999995,0.6,2,2,0.8823529411764706,1.0,0.9285714285714286,0.8549222797927462,0.5185185185185186,0.9411764705882353,0.9831469352446861,0.9393364366277243,1.0,0.9375,0.8640638488223129
0.18999999999999995,0.6,3,2,1.0,1.0,1.0,1.0,0.42592592592592593,1.0,1.0,1.0,1.0,1.0,1.0
0.18999999999999995,0.6,4,2,0.8125,0.8181818181818182,0.8148148148148148,0.6218487394957982,0.5,0.8153409090909091,0.9322507421772127,0.8153359597569135,0.8666666666666667,0.8387096774193549,0.6236348727784989
0.18999999999999995,0.6,5,2,0.9565217391304348,0.8461538461538461,0.9166666666666666,0.8163265306122448,0.6666666666666667,0.9013377926421404,0.9858391094307918,0.8996469021204838,0.9166666666666666,0.9361702127659575,0.8178608201095308
0.19999999999999996,0.6,1,2,0.8888888888888888,0.7857142857142857,0.84375,0.68,0.5925925925925926,0.8373015873015872,0.9022075545617858,0.8357108940373449,0.8421052631578947,0.8648648648648649,0.6813969328454993
0.19999999999999996,0.6,2,2,0.8823529411764706,1.0,0.9285714285714286,0.8549222797927462,0.5185185185185186,0.9411764705882353,0.9831469352446861,0.9393364366277243,1.0,0.9375,0.8640638488223129
0.19999999999999996,0.6,3,2,1.0,1.0,1.0,1.0,0.42592592592592593,1.0,1.0,1.0,1.0,1.0,1.0
0.19999999999999996,0.6,4,2,0.8125,0.8181818181818182,0.8148148148148148,0.6218487394957982,0.5,0.8153409090909091,0.918709075510546,0.8153359597569135,0.8666666666666667,0.8387096774193549,0.6236348727784989
0.19999999999999996,0.6,5,2,0.9565217391304348,0.8461538461538461,0.9166666666666666,0.8163265306122448,0.6666666666666667,0.9013377926421404,0.9858391094307919,0.8996469021204838,0.9166666666666666,0.9361702127659575,0.8178608201095308
0.20999999999999996,0.6,1,2,0.8888888888888888,0.7857142857142857,0.84375,0.68,0.5925925925925926,0.8373015873015872,0.817185768069411,0.8357108940373449,0.8421052631578947,0.8648648648648649,0.6813969328454993
0.20999999999999996,0.6,2,2,0.8823529411764706,1.0,0.9285714285714286,0.8549222797927462,0.5185185185185186,0.9411764705882353,0.9831469352446861,0.9393364366277243,1.0,0.9375,0.8640638488223129
0.20999999999999996,0.6,3,2,1.0,1.0,1.0,1.0,0.42592592592592593,1.0,1.0,1.0,1.0,1.0,1.0
0.20999999999999996,0.6,4,2,0.8125,0.8181818181818182,0.8148148148148148,0.6218487394957982,0.5,0.8153409090909091,0.9281314239953946,0.8153359597569135,0.8666666666666667,0.8387096774193549,0.6236348727784989
0.20999999999999996,0.6,5,2,0.9565217391304348,0.8461538461538461,0.9166666666666666,0.8163265306122448,0.6666666666666667,0.9013377926421404,0.9858391094307919,0.8996469021204838,0.9166666666666666,0.9361702127659575,0.8178608201095308
0.21999999999999995,0.6,1,2,0.8888888888888888,0.7857142857142857,0.84375,0.68,0.5925925925925926,0.8373015873015872,0.9021803214463173,0.8357108940373449,0.8421052631578947,0.8648648648648649,0.6813969328454993
0.21999999999999995,0.6,2,2,0.8823529411764706,1.0,0.9285714285714286,0.8549222797927462,0.5185185185185186,0.9411764705882353,0.9831469352446861,0.9393364366277243,1.0,0.9375,0.8640638488223129
0.21999999999999995,0.6,3,2,1.0,1.0,1.0,1.0,0.42592592592592593,1.0,1.0,1.0,1.0,1.0,1.0
0.21999999999999995,0.6,4,2,0.875,0.8181818181818182,0.8518518518518519,0.6931818181818182,0.5,0.8465909090909091,0.9272791512681219,0.8461141122266493,0.875,0.875,0.6931818181818182
0.21999999999999995,0.6,5,2,0.9565217391304348,0.8461538461538461,0.9166666666666666,0.8163265306122448,0.6666666666666667,0.9013377926421404,0.9858391094307918,0.8996469021204838,0.9166666666666666,0.9361702127659575,0.8178608201095308
0.22999999999999995,0.6,1,2,0.8888888888888888,0.7857142857142857,0.84375,0.68,0.5925925925925926,0.8373015873015872,0.9115485131674501,0.8357108940373449,0.8421052631578947,0.8648648648648649,0.6813969328454993
0.22999999999999995,0.6,2,2,0.8823529411764706,1.0,0.9285714285714286,0.8549222797927462,0.5185185185185186,0.9411764705882353,0.9831469352446861,0.9393364366277243,1.0,0.9375,0.8640638488223129
0.22999999999999995,0.6,3,2,1.0,1.0,1.0,1.0,0.42592592592592593,1.0,1.0,1.0,1.0,1.0,1.0
0.22999999999999995,0.6,4,2,0.875,0.8181818181818182,0.8518518518518519,0.6931818181818182,0.5,0.8465909090909091,0.9091683558135764,0.8461141122266493,0.875,0.875,0.6931818181818182
0.22999999999999995,0.6,5,2,0.9565217391304348,0.8461538461538461,0.9166666666666666,0.8163265306122448,0.6666666666666667,0.9013377926421404,0.9858391094307919,0.8996469021204838,0.9166666666666666,0.9361702127659575,0.8178608201095308
0.23999999999999994,0.6,1,2,0.8888888888888888,0.7857142857142857,0.84375,0.68,0.5925925925925926,0.8373015873015872,0.9282403180945492,0.8357108940373449,0.8421052631578947,0.8648648648648649,0.6813969328454993
0.23999999999999994,0.6,2,2,0.8823529411764706,1.0,0.9285714285714286,0.8549222797927462,0.5185185185185186,0.9411764705882353,0.9831469352446861,0.9393364366277243,1.0,0.9375,0.8640638488223129
0.23999999999999994,0.6,3,2,1.0,1.0,1.0,1.0,0.42592592592592593,1.0,1.0,1.0,1.0,1.0,1.0
0.23999999999999994,0.6,4,2,0.875,0.8181818181818182,0.8518518518518519,0.6931818181818182,0.5,0.8465909090909091,0.9322507421772127,0.8461141122266493,0.875,0.875,0.6931818181818182
0.23999999999999994,0.6,5,2,0.9565217391304348,0.8461538461538461,0.9166666666666666,0.8163265306122448,0.6666666666666667,0.9013377926421404,0.9858391094307919,0.8996469021204838,0.9166666666666666,0.9361702127659575,0.8178608201095308
0.24999999999999992,0.6,1,2,0.8888888888888888,0.7857142857142857,0.84375,0.68,0.5925925925925926,0.8373015873015872,0.8835821984364296,0.8357108940373449,0.8421052631578947,0.8648648648648649,0.6813969328454993
0.24999999999999992,0.6,2,2,0.8823529411764706,1.0,0.9285714285714286,0.8549222797927462,0.5185185185185186,0.9411764705882353,0.9831469352446861,0.9393364366277243,1.0,0.9375,0.8640638488223129
0.24999999999999992,0.6,3,2,1.0,1.0,1.0,1.0,0.42592592592592593,1.0,1.0,1.0,1.0,1.0,1.0
0.24999999999999992,0.6,4,2,0.875,0.8181818181818182,0.8518518518518519,0.6931818181818182,0.5,0.8465909090909091,0.9218814239953945,0.8461141122266493,0.875,0.875,0.6931818181818182
0.24999999999999992,0.6,5,2,0.9565217391304348,0.8461538461538461,0.9166666666666666,0.8163265306122448,0.6666666666666667,0.9013377926421404,0.9858391094307919,0.8996469021204838,0.9166666666666666,0.9361702127659575,0.8178608201095308
0.2599999999999999,0.6,1,2,0.8888888888888888,0.7857142857142857,0.84375,0.68,0.5925925925925926,0.8373015873015872,0.9121612582654894,0.8357108940373449,0.8421052631578947,0.8648648648648649,0.6813969328454993
0.2599999999999999,0.6,2,2,0.8823529411764706,1.0,0.9285714285714286,0.8549222797927462,0.5185185185185186,0.9411764705882353,0.9831469352446861,0.9393364366277243,1.0,0.9375,0.8640638488223129
0.2599999999999999,0.6,3,2,1.0,1.0,1.0,1.0,0.42592592592592593,1.0,1.0,1.0,1.0,1.0,1.0
0.2599999999999999,0.6,4,2,0.875,0.8181818181818182,0.8518518518518519,0.6931818181818182,0.5,0.8465909090909091,0.918709075510546,0.8461141122266493,0.875,0.875,0.6931818181818182
0.2599999999999999,0.6,5,2,0.9565217391304348,0.8461538461538461,0.9166666666666666,0.8163265306122448,0.6666666666666667,0.9013377926421404,0.9858391094307919,0.8996469021204838,0.9166666666666666,0.9361702127659575,0.8178608201095308
0.2699999999999999,0.6,1,2,0.8888888888888888,0.7857142857142857,0.84375,0.68,0.5925925925925926,0.8373015873015872,0.7064831536903259,0.8357108940373449,0.8421052631578947,0.8648648648648649,0.6813969328454993
0.2699999999999999,0.6,2,2,0.8823529411764706,1.0,0.9285714285714286,0.8549222797927462,0.5185185185185186,0.9411764705882353,0.9831469352446861,0.9393364366277243,1.0,0.9375,0.8640638488223129
0.2699999999999999,0.6,3,2,1.0,1.0,1.0,1.0,0.42592592592592593,1.0,1.0,1.0,1.0,1.0,1.0
0.2699999999999999,0.6,4,2,0.875,0.8181818181818182,0.8518518518518519,0.6931818181818182,0.5,0.8465909090909091,0.9244382421772128,0.8461141122266493,0.875,0.875,0.6931818181818182
0.2699999999999999,0.6,5,2,0.9565217391304348,0.8461538461538461,0.9166666666666666,0.8163265306122448,0.6666666666666667,0.9013377926421404,0.9858391094307919,0.8996469021204838,0.9166666666666666,0.9361702127659575,0.8178608201095308
0.2799999999999999,0.6,1,2,0.8888888888888888,0.7857142857142857,0.84375,0.68,0.5925925925925926,0.8373015873015872,0.898503850858082,0.8357108940373449,0.8421052631578947,0.8648648648648649,0.6813969328454993
0.2799999999999999,0.6,2,2,0.8823529411764706,1.0,0.9285714285714286,0.8549222797927462,0.5185185185185186,0.9411764705882353,0.9831469352446861,0.9393364366277243,1.0,0.9375,0.8640638488223129
0.2799999999999999,0.6,3,2,1.0,0.8888888888888888,0.9565217391304348,0.9068825910931175,0.42592592592592593,0.9444444444444444,1.0,0.9428090415820634,0.9333333333333333,0.9655172413793104,0.9108400680852976
0.2799999999999999,0.6,4,2,0.875,0.8181818181818182,0.8518518518518519,0.6931818181818182,0.5,0.8465909090909091,0.9187564239953945,0.8461141122266493,0.875,0.875,0.6931818181818182
0.2799999999999999,0.6,5,2,0.9565217391304348,0.8461538461538461,0.9166666666666666,0.8163265306122448,0.6666666666666667,0.9013377926421404,0.9858391094307919,0.8996469021204838,0.9166666666666666,0.9361702127659575,0.8178608201095308
0.2899999999999999,0.6,1,2,0.8888888888888888,0.7857142857142857,0.84375,0.68,0.5925925925925926,0.8373015873015872,0.9086890360432672,0.8357108940373449,0.8421052631578947,0.8648648648648649,0.6813969328454993
0.2899999999999999,0.6,2,2,0.8823529411764706,1.0,0.9285714285714286,0.8549222797927462,0.5185185185185186,0.9411764705882353,0.9831469352446861,0.9393364366277243,1.0,0.9375,0.8640638488223129
0.2899999999999999,0.6,3,2,1.0,0.8888888888888888,0.9565217391304348,0.9068825910931175,0.42592592592592593,0.9444444444444444,1.0,0.9428090415820634,0.9333333333333333,0.9655172413793104,0.9108400680852976
0.2899999999999999,0.6,4,2,0.875,0.8181818181818182,0.8518518518518519,0.6931818181818182,0.5,0.8465909090909091,0.9244382421772128,0.8461141122266493,0.875,0.875,0.6931818181818182
0.2899999999999999,0.6,5,2,0.9565217391304348,0.8461538461538461,0.9166666666666666,0.8163265306122448,0.6666666666666667,0.9013377926421404,0.9858391094307918,0.8996469021204838,0.9166666666666666,0.9361702127659575,0.8178608201095308
0.29999999999999993,0.6,1,2,0.8888888888888888,0.7857142857142857,0.84375,0.68,0.5925925925925926,0.8373015873015872,0.8952086438864044,0.8357108940373449,0.8421052631578947,0.8648648648648649,0.6813969328454993
0.29999999999999993,0.6,2,2,0.8823529411764706,1.0,0.9285714285714286,0.8549222797927462,0.5185185185185186,0.9411764705882353,0.9831469352446861,0.9393364366277243,1.0,0.9375,0.8640638488223129
0.29999999999999993,0.6,3,2,1.0,0.8888888888888888,0.9565217391304348,0.9068825910931175,0.42592592592592593,0.9444444444444444,1.0,0.9428090415820634,0.9333333333333333,0.9655172413793104,0.9108400680852976
0.29999999999999993,0.6,4,2,0.875,0.8181818181818182,0.8518518518518519,0.6931818181818182,0.5,0.8465909090909091,0.9272791512681219,0.8461141122266493,0.875,0.875,0.6931818181818182
0.29999999999999993,0.6,5,2,0.9565217391304348,0.8461538461538461,0.9166666666666666,0.8163265306122448,0.6666666666666667,0.9013377926421404,0.9858391094307919,0.8996469021204838,0.9166666666666666,0.9361702127659575,0.8178608201095308
0.30999999999999994,0.6,1,2,0.8888888888888888,0.7857142857142857,0.84375,0.68,0.5925925925925926,0.8373015873015872,0.9254452577627241,0.8357108940373449,0.8421052631578947,0.8648648648648649,0.6813969328454993
0.30999999999999994,0.6,2,2,0.8823529411764706,1.0,0.9285714285714286,0.8549222797927462,0.5185185185185186,0.9411764705882353,0.9831469352446861,0.9393364366277243,1.0,0.9375,0.8640638488223129
0.30999999999999994,0.6,3,2,1.0,0.8888888888888888,0.9565217391304348,0.9068825910931175,0.42592592592592593,0.9444444444444444,1.0,0.9428090415820634,0.9333333333333333,0.9655172413793104,0.9108400680852976
0.30999999999999994,0.6,4,2,0.875,0.8181818181818182,0.8518518518518519,0.6931818181818182,0.5,0.8465909090909091,0.9218814239953945,0.8461141122266493,0.875,0.875,0.6931818181818182
0.30999999999999994,0.6,5,2,0.9565217391304348,0.8461538461538461,0.9166666666666666,0.8163265306122448,0.6666666666666667,0.9013377926421404,0.9858391094307918,0.8996469021204838,0.9166666666666666,0.9361702127659575,0.8178608201095308
0.3199999999999999,0.6,1,2,0.8888888888888888,0.7857142857142857,0.84375,0.68,0.5925925925925926,0.8373015873015872,0.9414708987883652,0.8357108940373449,0.8421052631578947,0.8648648648648649,0.6813969328454993
0.3199999999999999,0.6,2,2,0.8823529411764706,1.0,0.9285714285714286,0.8549222797927462,0.5185185185185186,0.9411764705882353,0.9831469352446861,0.9393364366277243,1.0,0.9375,0.8640638488223129
0.3199999999999999,0.6,3,2,1.0,0.8888888888888888,0.9565217391304348,0.9068825910931175,0.42592592592592593,0.9444444444444444,1.0,0.9428090415820634,0.9333333333333333,0.9655172413793104,0.9108400680852976
0.3199999999999999,0.6,4,2,0.875,0.8181818181818182,0.8518518518518519,0.6931818181818182,0.5,0.8465909090909091,0.9374590755105461,0.8461141122266493,0.875,0.875,0.6931818181818182
0.3199999999999999,0.6,5,2,0.9565217391304348,0.8461538461538461,0.9166666666666666,0.8163265306122448,0.6666666666666667,0.9013377926421404,0.9858391094307919,0.8996469021204838,0.9166666666666666,0.9361702127659575,0.8178608201095308
0.32999999999999985,0.6,1,2,0.8888888888888888,0.7857142857142857,0.84375,0.68,0.5925925925925926,0.8373015873015872,0.9345264543439208,0.8357108940373449,0.8421052631578947,0.8648648648648649,0.6813969328454993
0.32999999999999985,0.6,2,2,0.8823529411764706,1.0,0.9285714285714286,0.8549222797927462,0.5185185185185186,0.9411764705882353,0.9831469352446861,0.9393364366277243,1.0,0.9375,0.8640638488223129
0.32999999999999985,0.6,3,2,1.0,0.8888888888888888,0.9565217391304348,0.9068825910931175,0.42592592592592593,0.9444444444444444,1.0,0.9428090415820634,0.9333333333333333,0.9655172413793104,0.9108400680852976
0.32999999999999985,0.6,4,2,0.875,0.8181818181818182,0.8518518518518519,0.6931818181818182,0.5,0.8465909090909091,0.9358018785408492,0.8461141122266493,0.875,0.875,0.6931818181818182
0.32999999999999985,0.6,5,2,0.9565217391304348,0.8461538461538461,0.9166666666666666,0.8163265306122448,0.6666666666666667,0.9013377926421404,0.9858391094307919,0.8996469021204838,0.9166666666666666,0.9361702127659575,0.8178608201095308
0.33999999999999986,0.6,1,2,0.8888888888888888,0.7857142857142857,0.84375,0.68,0.5925925925925926,0.8373015873015872,0.9180844608798686,0.8357108940373449,0.8421052631578947,0.8648648648648649,0.6813969328454993
0.33999999999999986,0.6,2,2,0.8823529411764706,1.0,0.9285714285714286,0.8549222797927462,0.5185185185185186,0.9411764705882353,0.9831469352446861,0.9393364366277243,1.0,0.9375,0.8640638488223129
0.33999999999999986,0.6,3,2,1.0,0.8888888888888888,0.9565217391304348,0.9068825910931175,0.42592592592592593,0.9444444444444444,1.0,0.9428090415820634,0.9333333333333333,0.9655172413793104,0.9108400680852976
0.33999999999999986,0.6,4,2,0.875,0.8181818181818182,0.8518518518518519,0.6931818181818182,0.5,0.8465909090909091,0.9301200603590309,0.8461141122266493,0.875,0.875,0.6931818181818182
0.33999999999999986,0.6,5,2,0.9565217391304348,0.8461538461538461,0.9166666666666666,0.8163265306122448,0.6666666666666667,0.9013377926421404,0.9858391094307919,0.8996469021204838,0.9166666666666666,0.9361702127659575,0.8178608201095308
0.34999999999999987,0.6,1,2,0.8888888888888888,0.7857142857142857,0.84375,0.68,0.5925925925925926,0.8373015873015872,0.9180844608798686,0.8357108940373449,0.8421052631578947,0.8648648648648649,0.6813969328454993
0.34999999999999987,0.6,2,2,0.8823529411764706,1.0,0.9285714285714286,0.8549222797927462,0.5185185185185186,0.9411764705882353,0.9831469352446861,0.9393364366277243,1.0,0.9375,0.8640638488223129
0.34999999999999987,0.6,3,2,1.0,0.8888888888888888,0.9565217391304348,0.9068825910931175,0.42592592592592593,0.9444444444444444,1.0,0.9428090415820634,0.9333333333333333,0.9655172413793104,0.9108400680852976
0.34999999999999987,0.6,4,2,0.875,0.8181818181818182,0.8518518518518519,0.6931818181818182,0.5,0.8465909090909091,0.9187564239953945,0.8461141122266493,0.875,0.875,0.6931818181818182
0.34999999999999987,0.6,5,2,0.9565217391304348,0.8461538461538461,0.9166666666666666,0.8163265306122448,0.6666666666666667,0.9013377926421404,0.9858391094307919,0.8996469021204838,0.9166666666666666,0.9361702127659575,0.8178608201095308
0.3599999999999999,0.6,1,2,0.8888888888888888,0.7857142857142857,0.84375,0.68,0.5925925925925926,0.8373015873015872,0.898503850858082,0.8357108940373449,0.8421052631578947,0.8648648648648649,0.6813969328454993
0.3599999999999999,0.6,2,2,0.8823529411764706,1.0,0.9285714285714286,0.8549222797927462,0.5185185185185186,0.9411764705882353,0.9831469352446861,0.9393364366277243,1.0,0.9375,0.8640638488223129
0.3599999999999999,0.6,3,2,1.0,0.8888888888888888,0.9565217391304348,0.9068825910931175,0.42592592592592593,0.9444444444444444,1.0,0.9428090415820634,0.9333333333333333,0.9655172413793104,0.9108400680852976
0.3599999999999999,0.6,4,2,0.875,0.8181818181818182,0.8518518518518519,0.6931818181818182,0.5,0.8465909090909091,0.9338775008352214,0.8461141122266493,0.875,0.875,0.6931818181818182
0.3599999999999999,0.6,5,2,0.9565217391304348,0.8461538461538461,0.9166666666666666,0.8163265306122448,0.6666666666666667,0.9013377926421404,0.9858391094307917,0.8996469021204838,0.9166666666666666,0.9361702127659575,0.8178608201095308
0.3699999999999999,0.6,1,2,0.8888888888888888,0.7857142857142857,0.84375,0.68,0.5925925925925926,0.8373015873015872,0.9052168138210449,0.8357108940373449,0.8421052631578947,0.8648648648648649,0.6813969328454993
0.3699999999999999,0.6,2,2,0.8823529411764706,1.0,0.9285714285714286,0.8549222797927462,0.5185185185185186,0.9411764705882353,0.9831469352446861,0.9393364366277243,1.0,0.9375,0.8640638488223129
0.3699999999999999,0.6,3,2,1.0,0.8888888888888888,0.9565217391304348,0.9068825910931175,0.42592592592592593,0.9444444444444444,1.0,0.9428090415820634,0.9333333333333333,0.9655172413793104,0.9108400680852976
0.3699999999999999,0.6,4,2,0.875,0.8181818181818182,0.8518518518518519,0.6931818181818182,0.5,0.8465909090909091,0.9196887382089588,0.8461141122266493,0.875,0.875,0.6931818181818182
0.3699999999999999,0.6,5,2,0.9565217391304348,0.8461538461538461,0.9166666666666666,0.8163265306122448,0.6666666666666667,0.9013377926421404,0.9858391094307919,0.8996469021204838,0.9166666666666666,0.9361702127659575,0.8178608201095308
0.3799999999999999,0.6,1,2,0.8888888888888888,0.7857142857142857,0.84375,0.68,0.5925925925925926,0.8373015873015872,0.9295223693766006,0.8357108940373449,0.8421052631578947,0.8648648648648649,0.6813969328454993
0.3799999999999999,0.6,2,2,0.8823529411764706,1.0,0.9285714285714286,0.8549222797927462,0.5185185185185186,0.9411764705882353,0.9831469352446861,0.9393364366277243,1.0,0.9375,0.8640638488223129
0.3799999999999999,0.6,3,2,1.0,0.8888888888888888,0.9565217391304348,0.9068825910931175,0.42592592592592593,0.9444444444444444,1.0,0.9428090415820634,0.9333333333333333,0.9655172413793104,0.9108400680852976
0.3799999999999999,0.6,4,2,0.875,0.8181818181818182,0.8518518518518519,0.6931818181818182,0.5,0.8465909090909091,0.9334040159867365,0.8461141122266493,0.875,0.875,0.6931818181818182
0.3799999999999999,0.6,5,2,0.9565217391304348,0.8461538461538461,0.9166666666666666,0.8163265306122448,0.6666666666666667,0.9013377926421404,0.9876077409253212,0.8996469021204838,0.9166666666666666,0.9361702127659575,0.8178608201095308
0.3899999999999999,0.6,1,2,0.8888888888888888,0.7857142857142857,0.84375,0.68,0.5925925925925926,0.8373015873015872,0.817185768069411,0.8357108940373449,0.8421052631578947,0.8648648648648649,0.6813969328454993
0.3899999999999999,0.6,2,2,0.8823529411764706,1.0,0.9285714285714286,0.8549222797927462,0.5185185185185186,0.9411764705882353,0.9831469352446861,0.9393364366277243,1.0,0.9375,0.8640638488223129
0.3899999999999999,0.6,3,2,1.0,0.8888888888888888,0.9565217391304348,0.9068825910931175,0.42592592592592593,0.9444444444444444,1.0,0.9428090415820634,0.9333333333333333,0.9655172413793104,0.9108400680852976
0.3899999999999999,0.6,4,2,0.875,0.8181818181818182,0.8518518518518519,0.6931818181818182,0.5,0.8465909090909091,0.9310365917443124,0.8461141122266493,0.875,0.875,0.6931818181818182
0.3899999999999999,0.6,5,2,0.9565217391304348,0.8461538461538461,0.9166666666666666,0.8163265306122448,0.6666666666666667,0.9013377926421404,0.9876077409253212,0.8996469021204838,0.9166666666666666,0.9361702127659575,0.8178608201095308
0.3999999999999998,0.6,1,2,0.8888888888888888,0.7857142857142857,0.84375,0.68,0.5925925925925926,0.8373015873015872,0.817185768069411,0.8357108940373449,0.8421052631578947,0.8648648648648649,0.6813969328454993
0.3999999999999998,0.6,2,2,0.8823529411764706,1.0,0.9285714285714286,0.8549222797927462,0.5185185185185186,0.9411764705882353,0.9831469352446861,0.9393364366277243,1.0,0.9375,0.8640638488223129
0.3999999999999998,0.6,3,2,1.0,0.8888888888888888,0.9565217391304348,0.9068825910931175,0.42592592592592593,0.9444444444444444,1.0,0.9428090415820634,0.9333333333333333,0.9655172413793104,0.9108400680852976
0.3999999999999998,0.6,4,2,0.875,0.8181818181818182,0.8518518518518519,0.6931818181818182,0.5,0.8465909090909091,0.928763864471585,0.8461141122266493,0.875,0.875,0.6931818181818182
0.3999999999999998,0.6,5,2,0.9565217391304348,0.8461538461538461,0.9166666666666666,0.8163265306122448,0.6666666666666667,0.9013377926421404,0.9876077409253213,0.8996469021204838,0.9166666666666666,0.9361702127659575,0.8178608201095308
0.4099999999999998,0.6,1,2,0.8888888888888888,0.7857142857142857,0.84375,0.68,0.5925925925925926,0.8373015873015872,0.9148164870236593,0.8357108940373449,0.8421052631578947,0.8648648648648649,0.6813969328454993
0.4099999999999998,0.6,2,2,0.8823529411764706,1.0,0.9285714285714286,0.8549222797927462,0.5185185185185186,0.9411764705882353,0.9831469352446861,0.9393364366277243,1.0,0.9375,0.8640638488223129
0.4099999999999998,0.6,3,2,1.0,0.8888888888888888,0.9565217391304348,0.9068825910931175,0.42592592592592593,0.9444444444444444,1.0,0.9428090415820634,0.9333333333333333,0.9655172413793104,0.9108400680852976
0.4099999999999998,0.6,4,2,0.875,0.8181818181818182,0.8518518518518519,0.6931818181818182,0.5,0.8465909090909091,0.9367184099261305,0.8461141122266493,0.875,0.875,0.6931818181818182
0.4099999999999998,0.6,5,2,0.9565217391304348,0.8461538461538461,0.9166666666666666,0.8163265306122448,0.6666666666666667,0.9013377926421404,0.9876077409253213,0.8996469021204838,0.9166666666666666,0.9361702127659575,0.8178608201095308
0.4199999999999998,0.6,1,2,0.8888888888888888,0.7857142857142857,0.84375,0.68,0.5925925925925926,0.8373015873015872,0.9095877288537247,0.8357108940373449,0.8421052631578947,0.8648648648648649,0.6813969328454993
0.4199999999999998,0.6,2,2,0.8823529411764706,1.0,0.9285714285714286,0.8549222797927462,0.5185185185185186,0.9411764705882353,0.9831469352446861,0.9393364366277243,1.0,0.9375,0.8640638488223129
0.4199999999999998,0.6,3,2,1.0,0.8888888888888888,0.9565217391304348,0.9068825910931175,0.42592592592592593,0.9444444444444444,1.0,0.9428090415820634,0.9333333333333333,0.9655172413793104,0.9108400680852976
0.4199999999999998,0.6,4,2,0.875,0.8181818181818182,0.8518518518518519,0.6931818181818182,0.5,0.8465909090909091,0.928763864471585,0.8461141122266493,0.875,0.875,0.6931818181818182
0.4199999999999998,0.6,5,2,0.9565217391304348,0.8461538461538461,0.9166666666666666,0.8163265306122448,0.6666666666666667,0.9013377926421404,0.9876077409253212,0.8996469021204838,0.9166666666666666,0.9361702127659575,0.8178608201095308
0.4299999999999998,0.6,1,2,0.8888888888888888,0.7857142857142857,0.84375,0.68,0.5925925925925926,0.8373015873015872,0.9156334804877116,0.8357108940373449,0.8421052631578947,0.8648648648648649,0.6813969328454993
0.4299999999999998,0.6,2,2,0.8823529411764706,1.0,0.9285714285714286,0.8549222797927462,0.5185185185185186,0.9411764705882353,0.9831469352446861,0.9393364366277243,1.0,0.9375,0.8640638488223129
0.4299999999999998,0.6,3,2,1.0,0.8888888888888888,0.9565217391304348,0.9068825910931175,0.42592592592592593,0.9444444444444444,1.0,0.9428090415820634,0.9333333333333333,0.9655172413793104,0.9108400680852976
0.4299999999999998,0.6,4,2,0.875,0.8181818181818182,0.8518518518518519,0.6931818181818182,0.5,0.8465909090909091,0.92298734932007,0.8461141122266493,0.875,0.875,0.6931818181818182
0.4299999999999998,0.6,5,2,0.9565217391304348,0.8461538461538461,0.9166666666666666,0.8163265306122448,0.6666666666666667,0.9013377926421404,0.9876077409253212,0.8996469021204838,0.9166666666666666,0.9361702127659575,0.8178608201095308
0.43999999999999984,0.6,1,2,0.8888888888888888,0.7857142857142857,0.84375,0.68,0.5925925925925926,0.8373015873015872,0.9052168138210449,0.8357108940373449,0.8421052631578947,0.8648648648648649,0.6813969328454993
0.43999999999999984,0.6,2,2,0.8823529411764706,1.0,0.9285714285714286,0.8549222797927462,0.5185185185185186,0.9411764705882353,0.9831469352446861,0.9393364366277243,1.0,0.9375,0.8640638488223129
0.43999999999999984,0.6,3,2,1.0,0.8888888888888888,0.9565217391304348,0.9068825910931175,0.42592592592592593,0.9444444444444444,1.0,0.9428090415820634,0.9333333333333333,0.9655172413793104,0.9108400680852976
0.43999999999999984,0.6,4,2,0.875,0.8181818181818182,0.8518518518518519,0.6931818181818182,0.5,0.8465909090909091,0.922513864471585,0.8461141122266493,0.875,0.875,0.6931818181818182
0.43999999999999984,0.6,5,2,0.9565217391304348,0.8461538461538461,0.9166666666666666,0.8163265306122448,0.6666666666666667,0.9013377926421404,0.9876077409253212,0.8996469021204838,0.9166666666666666,0.9361702127659575,0.8178608201095308
0.44999999999999984,0.6,1,2,0.8888888888888888,0.7857142857142857,0.84375,0.68,0.5925925925925926,0.8373015873015872,0.898503850858082,0.8357108940373449,0.8421052631578947,0.8648648648648649,0.6813969328454993
0.44999999999999984,0.6,2,2,0.8823529411764706,1.0,0.9285714285714286,0.8549222797927462,0.5185185185185186,0.9411764705882353,0.9831469352446861,0.9393364366277243,1.0,0.9375,0.8640638488223129
0.44999999999999984,0.6,3,2,1.0,0.8888888888888888,0.9565217391304348,0.9068825910931175,0.42592592592592593,0.9444444444444444,1.0,0.9428090415820634,0.9333333333333333,0.9655172413793104,0.9108400680852976
0.44999999999999984,0.6,4,2,0.875,0.8181818181818182,0.8518518518518519,0.6931818181818182,0.5,0.8465909090909091,0.9310365917443124,0.8461141122266493,0.875,0.875,0.6931818181818182
0.44999999999999984,0.6,5,2,0.9565217391304348,0.8461538461538461,0.9166666666666666,0.8163265306122448,0.6666666666666667,0.9013377926421404,0.9876077409253212,0.8996469021204838,0.9166666666666666,0.9361702127659575,0.8178608201095308
0.45999999999999985,0.6,1,2,0.8888888888888888,0.7857142857142857,0.84375,0.68,0.5925925925925926,0.8373015873015872,0.9021803214463173,0.8357108940373449,0.8421052631578947,0.8648648648648649,0.6813969328454993
0.45999999999999985,0.6,2,2,0.8823529411764706,1.0,0.9285714285714286,0.8549222797927462,0.5185185185185186,0.9411764705882353,0.9831469352446861,0.9393364366277243,1.0,0.9375,0.8640638488223129
0.45999999999999985,0.6,3,2,1.0,0.8888888888888888,0.9565217391304348,0.9068825910931175,0.42592592592592593,0.9444444444444444,1.0,0.9428090415820634,0.9333333333333333,0.9655172413793104,0.9108400680852976
0.45999999999999985,0.6,4,2,0.875,0.8181818181818182,0.8518518518518519,0.6931818181818182,0.5,0.8465909090909091,0.9412165159867365,0.8461141122266493,0.875,0.875,0.6931818181818182
0.45999999999999985,0.6,5,2,0.9565217391304348,0.8461538461538461,0.9166666666666666,0.8163265306122448,0.6666666666666667,0.9013377926421404,0.9876077409253212,0.8996469021204838,0.9166666666666666,0.9361702127659575,0.8178608201095308
0.46999999999999986,0.6,1,2,0.8888888888888888,0.7857142857142857,0.84375,0.68,0.5925925925925926,0.8373015873015872,0.7142445915988227,0.8357108940373449,0.8421052631578947,0.8648648648648649,0.6813969328454993
0.46999999999999986,0.6,2,2,0.8823529411764706,1.0,0.9285714285714286,0.8549222797927462,0.5185185185185186,0.9411764705882353,0.9831469352446861,0.9393364366277243,1.0,0.9375,0.8640638488223129
0.46999999999999986,0.6,3,2,1.0,0.8888888888888888,0.9565217391304348,0.9068825910931175,0.42592592592592593,0.9444444444444444,1.0,0.9428090415820634,0.9333333333333333,0.9655172413793104,0.9108400680852976
0.46999999999999986,0.6,4,2,0.875,0.8181818181818182,0.8518518518518519,0.6931818181818182,0.5,0.8465909090909091,0.9196887382089588,0.8461141122266493,0.875,0.875,0.6931818181818182
0.46999999999999986,0.6,5,2,0.9565217391304348,0.8461538461538461,0.9166666666666666,0.8163265306122448,0.6666666666666667,0.9013377926421404,0.9876077409253212,0.8996469021204838,0.9166666666666666,0.9361702127659575,0.8178608201095308
0.47999999999999976,0.6,1,2,0.8888888888888888,0.7857142857142857,0.84375,0.68,0.5925925925925926,0.8373015873015872,0.5373927397469709,0.8357108940373449,0.8421052631578947,0.8648648648648649,0.6813969328454993
0.47999999999999976,0.6,2,2,0.8823529411764706,1.0,0.9285714285714286,0.8549222797927462,0.5185185185185186,0.9411764705882353,0.9831469352446861,0.9393364366277243,1.0,0.9375,0.8640638488223129
0.47999999999999976,0.6,3,2,1.0,0.8888888888888888,0.9565217391304348,0.9068825910931175,0.42592592592592593,0.9444444444444444,1.0,0.9428090415820634,0.9333333333333333,0.9655172413793104,0.9108400680852976
0.47999999999999976,0.6,4,2,0.875,0.8181818181818182,0.8518518518518519,0.6931818181818182,0.5,0.8465909090909091,0.9255915159867365,0.8461141122266493,0.875,0.875,0.6931818181818182
0.47999999999999976,0.6,5,2,0.9565217391304348,0.8461538461538461,0.9166666666666666,0.8163265306122448,0.6666666666666667,0.9013377926421404,0.9876077409253212,0.8996469021204838,0.9166666666666666,0.9361702127659575,0.8178608201095308
0.48999999999999977,0.6,1,2,0.8888888888888888,0.7857142857142857,0.84375,0.68,0.5925925925925926,0.8373015873015872,0.9362625654550318,0.8357108940373449,0.8421052631578947,0.8648648648648649,0.6813969328454993
0.48999999999999977,0.6,2,2,0.8823529411764706,1.0,0.9285714285714286,0.8549222797927462,0.5185185185185186,0.9411764705882353,0.9831469352446861,0.9393364366277243,1.0,0.9375,0.8640638488223129
0.48999999999999977,0.6,3,2,1.0,0.8888888888888888,0.9565217391304348,0.9068825910931175,0.42592592592592593,0.9444444444444444,1.0,0.9428090415820634,0.9333333333333333,0.9655172413793104,0.9108400680852976
0.48999999999999977,0.6,4,2,0.875,0.8181818181818182,0.8518518518518519,0.6931818181818182,0.5,0.8465909090909091,0.925638864471585,0.8461141122266493,0.875,0.875,0.6931818181818182
0.48999999999999977,0.6,5,2,0.9565217391304348,0.8461538461538461,0.9166666666666666,0.8163265306122448,0.6666666666666667,0.9013377926421404,0.9876077409253212,0.8996469021204838,0.9166666666666666,0.9361702127659575,0.8178608201095308
0.4999999999999998,0.6,1,2,0.8888888888888888,0.7857142857142857,0.84375,0.68,0.5925925925925926,0.8373015873015872,0.8984766177426136,0.8357108940373449,0.8421052631578947,0.8648648648648649,0.6813969328454993
0.4999999999999998,0.6,2,2,0.8823529411764706,1.0,0.9285714285714286,0.8549222797927462,0.5185185185185186,0.9411764705882353,0.9831469352446861,0.9393364366277243,1.0,0.9375,0.8640638488223129
0.4999999999999998,0.6,3,2,1.0,0.8888888888888888,0.9565217391304348,0.9068825910931175,0.42592592592592593,0.9444444444444444,1.0,0.9428090415820634,0.9333333333333333,0.9655172413793104,0.9108400680852976
0.4999999999999998,0.6,4,2,0.875,0.8181818181818182,0.8518518518518519,0.6931818181818182,0.5,0.8465909090909091,0.9338775008352214,0.8461141122266493,0.875,0.875,0.6931818181818182
0.4999999999999998,0.6,5,2,0.9565217391304348,0.8461538461538461,0.9166666666666666,0.8163265306122448,0.6666666666666667,0.9013377926421404,0.9876077409253212,0.8996469021204838,0.9166666666666666,0.9361702127659575,0.8178608201095308
0.5099999999999998,0.6,1,2,0.8888888888888888,0.7857142857142857,0.84375,0.68,0.5925925925925926,0.8373015873015872,0.9228152420812379,0.8357108940373449,0.8421052631578947,0.8648648648648649,0.6813969328454993
0.5099999999999998,0.6,2,2,0.8823529411764706,1.0,0.9285714285714286,0.8549222797927462,0.5185185185185186,0.9411764705882353,0.9831469352446861,0.9393364366277243,1.0,0.9375,0.8640638488223129
0.5099999999999998,0.6,3,2,1.0,0.8888888888888888,0.9565217391304348,0.9068825910931175,0.42592592592592593,0.9444444444444444,1.0,0.9428090415820634,0.9333333333333333,0.9655172413793104,0.9108400680852976
0.5099999999999998,0.6,4,2,0.875,0.8181818181818182,0.8518518518518519,0.6931818181818182,0.5,0.8465909090909091,0.9338775008352214,0.8461141122266493,0.875,0.875,0.6931818181818182
0.5099999999999998,0.6,5,2,0.9565217391304348,0.8461538461538461,0.9166666666666666,0.8163265306122448,0.6666666666666667,0.9013377926421404,0.9876077409253212,0.8996469021204838,0.9166666666666666,0.9361702127659575,0.8178608201095308
0.5199999999999998,0.6,1,2,0.8888888888888888,0.7857142857142857,0.84375,0.68,0.5925925925925926,0.8373015873015872,0.8984766177426136,0.8357108940373449,0.8421052631578947,0.8648648648648649,0.6813969328454993
0.5199999999999998,0.6,2,2,0.8823529411764706,1.0,0.9285714285714286,0.8549222797927462,0.5185185185185186,0.9411764705882353,0.9831469352446861,0.9393364366277243,1.0,0.9375,0.8640638488223129
0.5199999999999998,0.6,3,2,1.0,0.8888888888888888,0.9565217391304348,0.9068825910931175,0.42592592592592593,0.9444444444444444,1.0,0.9428090415820634,0.9333333333333333,0.9655172413793104,0.9108400680852976
0.5199999999999998,0.6,4,2,0.875,0.8181818181818182,0.8518518518518519,0.6931818181818182,0.5,0.8465909090909091,0.9281956826534032,0.8461141122266493,0.875,0.875,0.6931818181818182
0.5199999999999998,0.6,5,2,0.9565217391304348,0.8461538461538461,0.9166666666666666,0.8163265306122448,0.6666666666666667,0.9013377926421404,0.9876077409253212,0.8996469021204838,0.9166666666666666,0.9361702127659575,0.8178608201095308
0.5299999999999998,0.6,1,2,0.8888888888888888,0.7857142857142857,0.84375,0.68,0.5925925925925926,0.8373015873015872,0.785540887895119,0.8357108940373449,0.8421052631578947,0.8648648648648649,0.6813969328454993
0.5299999999999998,0.6,2,2,0.8823529411764706,1.0,0.9285714285714286,0.8549222797927462,0.5185185185185186,0.9411764705882353,0.9831469352446861,0.9393364366277243,1.0,0.9375,0.8640638488223129
0.5299999999999998,0.6,3,2,1.0,0.8888888888888888,0.9565217391304348,0.9068825910931175,0.42592592592592593,0.9444444444444444,1.0,0.9428090415820634,0.9333333333333333,0.9655172413793104,0.9108400680852976
0.5299999999999998,0.6,4,2,0.875,0.8181818181818182,0.8518518518518519,0.6931818181818182,0.5,0.8465909090909091,0.9367184099261305,0.8461141122266493,0.875,0.875,0.6931818181818182
0.5299999999999998,0.6,5,2,0.9565217391304348,0.8461538461538461,0.9166666666666666,0.8163265306122448,0.6666666666666667,0.9013377926421404,0.9876077409253212,0.8996469021204838,0.9166666666666666,0.9361702127659575,0.8178608201095308
0.5399999999999998,0.6,1,2,0.8888888888888888,0.7857142857142857,0.84375,0.68,0.5925925925925926,0.8373015873015872,0.9180844608798686,0.8357108940373449,0.8421052631578947,0.8648648648648649,0.6813969328454993
0.5399999999999998,0.6,2,2,0.8823529411764706,1.0,0.9285714285714286,0.8549222797927462,0.5185185185185186,0.9411764705882353,0.9831469352446861,0.9393364366277243,1.0,0.9375,0.8640638488223129
0.5399999999999998,0.6,3,2,1.0,0.8888888888888888,0.9565217391304348,0.9068825910931175,0.42592592592592593,0.9444444444444444,1.0,0.9428090415820634,0.9333333333333333,0.9655172413793104,0.9108400680852976
0.5399999999999998,0.6,4,2,0.875,0.8181818181818182,0.8518518518518519,0.6931818181818182,0.5,0.8465909090909091,0.925638864471585,0.8461141122266493,0.875,0.875,0.6931818181818182
0.5399999999999998,0.6,5,2,0.9565217391304348,0.8461538461538461,0.9166666666666666,0.8163265306122448,0.6666666666666667,0.9013377926421404,0.9876077409253212,0.8996469021204838,0.9166666666666666,0.9361702127659575,0.8178608201095308
0.5499999999999998,0.6,1,2,0.8888888888888888,0.7857142857142857,0.84375,0.68,0.5925925925925926,0.8373015873015872,0.5163279249321561,0.8357108940373449,0.8421052631578947,0.8648648648648649,0.6813969328454993
0.5499999999999998,0.6,2,2,0.8823529411764706,1.0,0.9285714285714286,0.8549222797927462,0.5185185185185186,0.9411764705882353,0.9831469352446861,0.9393364366277243,1.0,0.9375,0.8640638488223129
0.5499999999999998,0.6,3,2,1.0,0.8888888888888888,0.9565217391304348,0.9068825910931175,0.42592592592592593,0.9444444444444444,1.0,0.9428090415820634,0.9333333333333333,0.9655172413793104,0.9108400680852976
0.5499999999999998,0.6,4,2,0.875,0.8181818181818182,0.8518518518518519,0.6931818181818182,0.5,0.8465909090909091,0.9412165159867365,0.8461141122266493,0.875,0.875,0.6931818181818182
0.5499999999999998,0.6,5,2,0.9565217391304348,0.8461538461538461,0.9166666666666666,0.8163265306122448,0.6666666666666667,0.9013377926421404,0.9876077409253213,0.8996469021204838,0.9166666666666666,0.9361702127659575,0.8178608201095308
0.5599999999999997,0.6,1,2,0.8888888888888888,0.7857142857142857,0.84375,0.68,0.5925925925925926,0.8373015873015872,0.9021803214463173,0.8357108940373449,0.8421052631578947,0.8648648648648649,0.6813969328454993
0.5599999999999997,0.6,2,2,0.8823529411764706,1.0,0.9285714285714286,0.8549222797927462,0.5185185185185186,0.9411764705882353,0.9831469352446861,0.9393364366277243,1.0,0.9375,0.8640638488223129
0.5599999999999997,0.6,3,2,1.0,0.8888888888888888,0.9565217391304348,0.9068825910931175,0.42592592592592593,0.9444444444444444,1.0,0.9428090415820634,0.9333333333333333,0.9655172413793104,0.9108400680852976
0.5599999999999997,0.6,4,2,0.875,0.8181818181818182,0.8518518518518519,0.6931818181818182,0.5,0.8465909090909091,0.9338775008352214,0.8461141122266493,0.875,0.875,0.6931818181818182
0.5599999999999997,0.6,5,2,0.9565217391304348,0.8461538461538461,0.9166666666666666,0.8163265306122448,0.6666666666666667,0.9013377926421404,0.9876077409253212,0.8996469021204838,0.9166666666666666,0.9361702127659575,0.8178608201095308
0.5699999999999997,0.6,1,2,0.8888888888888888,0.7857142857142857,0.84375,0.68,0.5925925925925926,0.8373015873015872,0.9086890360432672,0.8357108940373449,0.8421052631578947,0.8648648648648649,0.6813969328454993
0.5699999999999997,0.6,2,2,0.8823529411764706,1.0,0.9285714285714286,0.8549222797927462,0.5185185185185186,0.9411764705882353,0.983146935244686,0.9393364366277243,1.0,0.9375,0.8640638488223129
0.5699999999999997,0.6,3,2,1.0,0.8888888888888888,0.9565217391304348,0.9068825910931175,0.42592592592592593,0.9444444444444444,1.0,0.9428090415820634,0.9333333333333333,0.9655172413793104,0.9108400680852976
0.5699999999999997,0.6,4,2,0.875,0.8181818181818182,0.8518518518518519,0.6931818181818182,0.5,0.8465909090909091,0.9412165159867365,0.8461141122266493,0.875,0.875,0.6931818181818182
0.5699999999999997,0.6,5,2,0.9565217391304348,0.8461538461538461,0.9166666666666666,0.8163265306122448,0.6666666666666667,0.9013377926421404,0.9876077409253212,0.8996469021204838,0.9166666666666666,0.9361702127659575,0.8178608201095308
0.5799999999999997,0.6,1,2,0.8888888888888888,0.7857142857142857,0.84375,0.68,0.5925925925925926,0.8373015873015872,0.5163279249321561,0.8357108940373449,0.8421052631578947,0.8648648648648649,0.6813969328454993
0.5799999999999997,0.6,2,2,0.8823529411764706,1.0,0.9285714285714286,0.8549222797927462,0.5185185185185186,0.9411764705882353,0.9831469352446861,0.9393364366277243,1.0,0.9375,0.8640638488223129
0.5799999999999997,0.6,3,2,1.0,0.8888888888888888,0.9565217391304348,0.9068825910931175,0.42592592592592593,0.9444444444444444,1.0,0.9428090415820634,0.9333333333333333,0.9655172413793104,0.9108400680852976
0.5799999999999997,0.6,4,2,0.875,0.8181818181818182,0.8518518518518519,0.6931818181818182,0.5,0.8465909090909091,0.9310365917443124,0.8461141122266493,0.875,0.875,0.6931818181818182
0.5799999999999997,0.6,5,2,0.9565217391304348,0.8461538461538461,0.9166666666666666,0.8163265306122448,0.6666666666666667,0.9013377926421404,0.9876077409253212,0.8996469021204838,0.9166666666666666,0.9361702127659575,0.8178608201095308
0.5899999999999997,0.6,1,2,0.8888888888888888,0.7857142857142857,0.84375,0.68,0.5925925925925926,0.8373015873015872,0.7825316286358598,0.8357108940373449,0.8421052631578947,0.8648648648648649,0.6813969328454993
0.5899999999999997,0.6,2,2,0.8823529411764706,1.0,0.9285714285714286,0.8549222797927462,0.5185185185185186,0.9411764705882353,0.9831469352446861,0.9393364366277243,1.0,0.9375,0.8640638488223129
0.5899999999999997,0.6,3,2,1.0,0.8888888888888888,0.9565217391304348,0.9068825910931175,0.42592592592592593,0.9444444444444444,1.0,0.9428090415820634,0.9333333333333333,0.9655172413793104,0.9108400680852976
0.5899999999999997,0.6,4,2,0.875,0.8181818181818182,0.8518518518518519,0.6931818181818182,0.5,0.8465909090909091,0.9338775008352214,0.8461141122266493,0.875,0.875,0.6931818181818182
0.5899999999999997,0.6,5,2,0.9565217391304348,0.8461538461538461,0.9166666666666666,0.8163265306122448,0.6666666666666667,0.9013377926421404,0.9876077409253212,0.8996469021204838,0.9166666666666666,0.9361702127659575,0.8178608201095308
0.5999999999999998,0.6,1,2,0.8888888888888888,0.7857142857142857,0.84375,0.68,0.5925925925925926,0.8373015873015872,0.9052168138210449,0.8357108940373449,0.8421052631578947,0.8648648648648649,0.6813969328454993
0.5999999999999998,0.6,2,2,0.8823529411764706,1.0,0.9285714285714286,0.8549222797927462,0.5185185185185186,0.9411764705882353,0.9831469352446861,0.9393364366277243,1.0,0.9375,0.8640638488223129
0.5999999999999998,0.6,3,2,1.0,0.8888888888888888,0.9565217391304348,0.9068825910931175,0.42592592592592593,0.9444444444444444,1.0,0.9428090415820634,0.9333333333333333,0.9655172413793104,0.9108400680852976
0.5999999999999998,0.6,4,2,0.875,0.8181818181818182,0.8518518518518519,0.6931818181818182,0.5,0.8465909090909091,0.9310365917443124,0.8461141122266493,0.875,0.875,0.6931818181818182
0.5999999999999998,0.6,5,2,0.9565217391304348,0.8461538461538461,0.9166666666666666,0.8163265306122448,0.6666666666666667,0.9013377926421404,0.9876077409253212,0.8996469021204838,0.9166666666666666,0.9361702127659575,0.8178608201095308
0.6099999999999998,0.6,1,2,0.8888888888888888,0.7857142857142857,0.84375,0.68,0.5925925925925926,0.8373015873015872,0.7064831536903259,0.8357108940373449,0.8421052631578947,0.8648648648648649,0.6813969328454993
0.6099999999999998,0.6,2,2,0.8823529411764706,1.0,0.9285714285714286,0.8549222797927462,0.5185185185185186,0.9411764705882353,0.9831469352446861,0.9393364366277243,1.0,0.9375,0.8640638488223129
0.6099999999999998,0.6,3,2,1.0,0.8888888888888888,0.9565217391304348,0.9068825910931175,0.42592592592592593,0.9444444444444444,1.0,0.9428090415820634,0.9333333333333333,0.9655172413793104,0.9108400680852976
0.6099999999999998,0.6,4,2,0.875,0.8181818181818182,0.8518518518518519,0.6931818181818182,0.5,0.8465909090909091,0.9360081826534032,0.8461141122266493,0.875,0.875,0.6931818181818182
0.6099999999999998,0.6,5,2,0.9565217391304348,0.8461538461538461,0.9166666666666666,0.8163265306122448,0.6666666666666667,0.9013377926421404,0.9876077409253212,0.8996469021204838,0.9166666666666666,0.9361702127659575,0.8178608201095308
0.6199999999999998,0.6,1,2,0.8888888888888888,0.7857142857142857,0.84375,0.68,0.5925925925925926,0.8373015873015872,0.9180844608798686,0.8357108940373449,0.8421052631578947,0.8648648648648649,0.6813969328454993
0.6199999999999998,0.6,2,2,0.8823529411764706,1.0,0.9285714285714286,0.8549222797927462,0.5185185185185186,0.9411764705882353,0.9831469352446861,0.9393364366277243,1.0,0.9375,0.8640638488223129
0.6199999999999998,0.6,3,2,1.0,0.8888888888888888,0.9565217391304348,0.9068825910931175,0.42592592592592593,0.9444444444444444,1.0,0.9428090415820634,0.9333333333333333,0.9655172413793104,0.9108400680852976
0.6199999999999998,0.6,4,2,0.875,0.8181818181818182,0.8518518518518519,0.6931818181818182,0.5,0.8465909090909091,0.9310365917443124,0.8461141122266493,0.875,0.875,0.6931818181818182
0.6199999999999998,0.6,5,2,0.9565217391304348,0.8461538461538461,0.9166666666666666,0.8163265306122448,0.6666666666666667,0.9013377926421404,0.9876077409253212,0.8996469021204838,0.9166666666666666,0.9361702127659575,0.8178608201095308
0.6299999999999997,0.6,1,2,0.8888888888888888,0.7857142857142857,0.84375,0.68,0.5925925925925926,0.8373015873015872,0.9052168138210449,0.8357108940373449,0.8421052631578947,0.8648648648648649,0.6813969328454993
0.6299999999999997,0.6,2,2,0.8823529411764706,1.0,0.9285714285714286,0.8549222797927462,0.5185185185185186,0.9411764705882353,0.9831469352446861,0.9393364366277243,1.0,0.9375,0.8640638488223129
0.6299999999999997,0.6,3,2,1.0,0.8888888888888888,0.9565217391304348,0.9068825910931175,0.42592592592592593,0.9444444444444444,1.0,0.9428090415820634,0.9333333333333333,0.9655172413793104,0.9108400680852976
0.6299999999999997,0.6,4,2,0.875,0.8181818181818182,0.8518518518518519,0.6931818181818182,0.5,0.8465909090909091,0.9281956826534032,0.8461141122266493,0.875,0.875,0.6931818181818182
0.6299999999999997,0.6,5,2,0.9565217391304348,0.8461538461538461,0.9166666666666666,0.8163265306122448,0.6666666666666667,0.9013377926421404,0.9876077409253213,0.8996469021204838,0.9166666666666666,0.9361702127659575,0.8178608201095308
0.6399999999999997,0.6,1,2,0.8888888888888888,0.7857142857142857,0.84375,0.68,0.5925925925925926,0.8373015873015872,0.8992702685362646,0.8357108940373449,0.8421052631578947,0.8648648648648649,0.6813969328454993
0.6399999999999997,0.6,2,2,0.8823529411764706,1.0,0.9285714285714286,0.8549222797927462,0.5185185185185186,0.9411764705882353,0.9831469352446861,0.9393364366277243,1.0,0.9375,0.8640638488223129
0.6399999999999997,0.6,3,2,1.0,0.8888888888888888,0.9565217391304348,0.9068825910931175,0.42592592592592593,0.9444444444444444,1.0,0.9428090415820634,0.9333333333333333,0.9655172413793104,0.9108400680852976
0.6399999999999997,0.6,4,2,0.875,0.8181818181818182,0.8518518518518519,0.6931818181818182,0.5,0.8465909090909091,0.9281956826534032,0.8461141122266493,0.875,0.875,0.6931818181818182
0.6399999999999997,0.6,5,2,0.9565217391304348,0.8461538461538461,0.9166666666666666,0.8163265306122448,0.6666666666666667,0.9013377926421404,0.9876077409253212,0.8996469021204838,0.9166666666666666,0.9361702127659575,0.8178608201095308
0.6499999999999997,0.6,1,2,0.8888888888888888,0.7857142857142857,0.84375,0.68,0.5925925925925926,0.8373015873015872,0.9115485131674501,0.8357108940373449,0.8421052631578947,0.8648648648648649,0.6813969328454993
0.6499999999999997,0.6,2,2,0.8823529411764706,1.0,0.9285714285714286,0.8549222797927462,0.5185185185185186,0.9411764705882353,0.9831469352446861,0.9393364366277243,1.0,0.9375,0.8640638488223129
0.6499999999999997,0.6,3,2,1.0,0.8888888888888888,0.9565217391304348,0.9068825910931175,0.42592592592592593,0.9444444444444444,1.0,0.9428090415820634,0.9333333333333333,0.9655172413793104,0.9108400680852976
0.6499999999999997,0.6,4,2,0.875,0.8181818181818182,0.8518518518518519,0.6931818181818182,0.5,0.8465909090909091,0.9360081826534032,0.8461141122266493,0.875,0.875,0.6931818181818182
0.6499999999999997,0.6,5,2,0.9565217391304348,0.8461538461538461,0.9166666666666666,0.8163265306122448,0.6666666666666667,0.9013377926421404,0.9876077409253212,0.8996469021204838,0.9166666666666666,0.9361702127659575,0.8178608201095308
0.6599999999999997,0.6,1,2,0.8888888888888888,0.7857142857142857,0.84375,0.68,0.5925925925925926,0.8373015873015872,0.9115485131674501,0.8357108940373449,0.8421052631578947,0.8648648648648649,0.6813969328454993
0.6599999999999997,0.6,2,2,0.8823529411764706,1.0,0.9285714285714286,0.8549222797927462,0.5185185185185186,0.9411764705882353,0.9831469352446861,0.9393364366277243,1.0,0.9375,0.8640638488223129
0.6599999999999997,0.6,3,2,1.0,0.8888888888888888,0.9565217391304348,0.9068825910931175,0.42592592592592593,0.9444444444444444,1.0,0.9428090415820634,0.9333333333333333,0.9655172413793104,0.9108400680852976
0.6599999999999997,0.6,4,2,0.875,0.8181818181818182,0.8518518518518519,0.6931818181818182,0.5,0.8465909090909091,0.9281956826534032,0.8461141122266493,0.875,0.875,0.6931818181818182
0.6599999999999997,0.6,5,2,0.9565217391304348,0.8461538461538461,0.9166666666666666,0.8163265306122448,0.6666666666666667,0.9013377926421404,0.9876077409253212,0.8996469021204838,0.9166666666666666,0.9361702127659575,0.8178608201095308
0.6699999999999997,0.6,1,2,0.8888888888888888,0.7857142857142857,0.84375,0.68,0.5925925925925926,0.8373015873015872,0.7216247658907616,0.8357108940373449,0.8421052631578947,0.8648648648648649,0.6813969328454993
0.6699999999999997,0.6,2,2,0.8823529411764706,1.0,0.9285714285714286,0.8549222797927462,0.5185185185185186,0.9411764705882353,0.9831469352446861,0.9393364366277243,1.0,0.9375,0.8640638488223129
0.6699999999999997,0.6,3,2,1.0,0.8888888888888888,0.9565217391304348,0.9068825910931175,0.42592592592592593,0.9444444444444444,1.0,0.9428090415820634,0.9333333333333333,0.9655172413793104,0.9108400680852976
0.6699999999999997,0.6,4,2,0.875,0.8181818181818182,0.8518518518518519,0.6931818181818182,0.5,0.8465909090909091,0.9255915159867365,0.8461141122266493,0.875,0.875,0.6931818181818182
0.6699999999999997,0.6,5,2,0.9565217391304348,0.8461538461538461,0.9166666666666666,0.8163265306122448,0.6666666666666667,0.9013377926421404,0.9876077409253212,0.8996469021204838,0.9166666666666666,0.9361702127659575,0.8178608201095308
0.6799999999999997,0.6,1,2,0.8888888888888888,0.7857142857142857,0.84375,0.68,0.5925925925925926,0.8373015873015872,0.9310542321216986,0.8357108940373449,0.8421052631578947,0.8648648648648649,0.6813969328454993
0.6799999999999997,0.6,2,2,0.8823529411764706,1.0,0.9285714285714286,0.8549222797927462,0.5185185185185186,0.9411764705882353,0.9831469352446861,0.9393364366277243,1.0,0.9375,0.8640638488223129
0.6799999999999997,0.6,3,2,1.0,0.8888888888888888,0.9565217391304348,0.9068825910931175,0.42592592592592593,0.9444444444444444,1.0,0.9428090415820634,0.9333333333333333,0.9655172413793104,0.9108400680852976
0.6799999999999997,0.6,4,2,0.875,0.8181818181818182,0.8518518518518519,0.6931818181818182,0.5,0.8465909090909091,0.9310365917443124,0.8461141122266493,0.875,0.875,0.6931818181818182
0.6799999999999997,0.6,5,2,0.9565217391304348,0.8461538461538461,0.9166666666666666,0.8163265306122448,0.6666666666666667,0.9013377926421404,0.9876077409253212,0.8996469021204838,0.9166666666666666,0.9361702127659575,0.8178608201095308
0.6899999999999997,0.6,1,2,0.8888888888888888,0.7857142857142857,0.84375,0.68,0.5925925925925926,0.8373015873015872,0.9052168138210449,0.8357108940373449,0.8421052631578947,0.8648648648648649,0.6813969328454993
0.6899999999999997,0.6,2,2,0.8823529411764706,1.0,0.9285714285714286,0.8549222797927462,0.5185185185185186,0.9411764705882353,0.9831469352446861,0.9393364366277243,1.0,0.9375,0.8640638488223129
0.6899999999999997,0.6,3,2,1.0,0.8888888888888888,0.9565217391304348,0.9068825910931175,0.42592592592592593,0.9444444444444444,1.0,0.9428090415820634,0.9333333333333333,0.9655172413793104,0.9108400680852976
0.6899999999999997,0.6,4,2,0.875,0.8181818181818182,0.8518518518518519,0.6931818181818182,0.5,0.8465909090909091,0.9281956826534032,0.8461141122266493,0.875,0.875,0.6931818181818182
0.6899999999999997,0.6,5,2,0.9565217391304348,0.8461538461538461,0.9166666666666666,0.8163265306122448,0.6666666666666667,0.9013377926421404,0.9876077409253212,0.8996469021204838,0.9166666666666666,0.9361702127659575,0.8178608201095308
0.6999999999999996,0.6,1,2,0.8888888888888888,0.7857142857142857,0.84375,0.68,0.5925925925925926,0.8373015873015872,0.9052168138210449,0.8357108940373449,0.8421052631578947,0.8648648648648649,0.6813969328454993
0.6999999999999996,0.6,2,2,0.8823529411764706,1.0,0.9285714285714286,0.8549222797927462,0.5185185185185186,0.9411764705882353,0.9831469352446861,0.9393364366277243,1.0,0.9375,0.8640638488223129
0.6999999999999996,0.6,3,2,1.0,0.8888888888888888,0.9565217391304348,0.9068825910931175,0.42592592592592593,0.9444444444444444,1.0,0.9428090415820634,0.9333333333333333,0.9655172413793104,0.9108400680852976
0.6999999999999996,0.6,4,2,0.875,0.8181818181818182,0.8518518518518519,0.6931818181818182,0.5,0.8465909090909091,0.9255915159867365,0.8461141122266493,0.875,0.875,0.6931818181818182
0.6999999999999996,0.6,5,2,0.9565217391304348,0.8461538461538461,0.9166666666666666,0.8163265306122448,0.6666666666666667,0.9013377926421404,0.9876077409253212,0.8996469021204838,0.9166666666666666,0.9361702127659575,0.8178608201095308
0.7099999999999996,0.6,1,2,0.8888888888888888,0.7857142857142857,0.84375,0.68,0.5925925925925926,0.8373015873015872,0.9115485131674501,0.8357108940373449,0.8421052631578947,0.8648648648648649,0.6813969328454993
0.7099999999999996,0.6,2,2,0.8823529411764706,1.0,0.9285714285714286,0.8549222797927462,0.5185185185185186,0.9411764705882353,0.9831469352446861,0.9393364366277243,1.0,0.9375,0.8640638488223129
0.7099999999999996,0.6,3,2,1.0,0.8888888888888888,0.9565217391304348,0.9068825910931175,0.42592592592592593,0.9444444444444444,0.9950680272108844,0.9428090415820634,0.9333333333333333,0.9655172413793104,0.9108400680852976
0.7099999999999996,0.6,4,2,0.875,0.8181818181818182,0.8518518518518519,0.6931818181818182,0.5,0.8465909090909091,0.9224665159867365,0.8461141122266493,0.875,0.875,0.6931818181818182
0.7099999999999996,0.6,5,2,0.9565217391304348,0.8461538461538461,0.9166666666666666,0.8163265306122448,0.6666666666666667,0.9013377926421404,0.9876077409253212,0.8996469021204838,0.9166666666666666,0.9361702127659575,0.8178608201095308
0.7199999999999996,0.6,1,2,0.8888888888888888,0.7857142857142857,0.84375,0.68,0.5925925925925926,0.8373015873015872,0.9021803214463173,0.8357108940373449,0.8421052631578947,0.8648648648648649,0.6813969328454993
0.7199999999999996,0.6,2,2,0.8823529411764706,1.0,0.9285714285714286,0.8549222797927462,0.5185185185185186,0.9411764705882353,0.9831469352446861,0.9393364366277243,1.0,0.9375,0.8640638488223129
0.7199999999999996,0.6,3,2,1.0,0.8888888888888888,0.9565217391304348,0.9068825910931175,0.42592592592592593,0.9444444444444444,0.9950680272108844,0.9428090415820634,0.9333333333333333,0.9655172413793104,0.9108400680852976
0.7199999999999996,0.6,4,2,0.875,0.8181818181818182,0.8518518518518519,0.6931818181818182,0.5,0.8465909090909091,0.9224665159867365,0.8461141122266493,0.875,0.875,0.6931818181818182
0.7199999999999996,0.6,5,2,0.9565217391304348,0.8461538461538461,0.9166666666666666,0.8163265306122448,0.6666666666666667,0.9013377926421404,0.9876077409253212,0.8996469021204838,0.9166666666666666,0.9361702127659575,0.8178608201095308
0.7299999999999996,0.6,1,2,0.8888888888888888,0.7857142857142857,0.84375,0.68,0.5925925925925926,0.8373015873015872,0.9086890360432672,0.8357108940373449,0.8421052631578947,0.8648648648648649,0.6813969328454993
0.7299999999999996,0.6,2,2,0.8823529411764706,1.0,0.9285714285714286,0.8549222797927462,0.5185185185185186,0.9411764705882353,0.9831469352446861,0.9393364366277243,1.0,0.9375,0.8640638488223129
0.7299999999999996,0.6,3,2,1.0,0.8888888888888888,0.9565217391304348,0.9068825910931175,0.42592592592592593,0.9444444444444444,0.9950680272108844,0.9428090415820634,0.9333333333333333,0.9655172413793104,0.9108400680852976
0.7299999999999996,0.6,4,2,0.875,0.8181818181818182,0.8518518518518519,0.6931818181818182,0.5,0.8465909090909091,0.9310365917443124,0.8461141122266493,0.875,0.875,0.6931818181818182
0.7299999999999996,0.6,5,2,0.9565217391304348,0.8461538461538461,0.9166666666666666,0.8163265306122448,0.6666666666666667,0.9013377926421404,0.9876077409253212,0.8996469021204838,0.9166666666666666,0.9361702127659575,0.8178608201095308
0.7399999999999997,0.6,1,2,0.8888888888888888,0.7857142857142857,0.84375,0.68,0.5925925925925926,0.8373015873015872,0.9213524347360776,0.8357108940373449,0.8421052631578947,0.8648648648648649,0.6813969328454993
0.7399999999999997,0.6,2,2,0.8823529411764706,1.0,0.9285714285714286,0.8549222797927462,0.5185185185185186,0.9411764705882353,0.9831469352446861,0.9393364366277243,1.0,0.9375,0.8640638488223129
0.7399999999999997,0.6,3,2,1.0,0.8888888888888888,0.9565217391304348,0.9068825910931175,0.42592592592592593,0.9444444444444444,0.9950680272108844,0.9428090415820634,0.9333333333333333,0.9655172413793104,0.9108400680852976
0.7399999999999997,0.6,4,2,0.875,0.8181818181818182,0.8518518518518519,0.6931818181818182,0.5,0.8465909090909091,0.9224665159867365,0.8461141122266493,0.875,0.875,0.6931818181818182
0.7399999999999997,0.6,5,2,0.9565217391304348,0.8461538461538461,0.9166666666666666,0.8163265306122448,0.6666666666666667,0.9013377926421404,0.9876077409253212,0.8996469021204838,0.9166666666666666,0.9361702127659575,0.8178608201095308
0.7499999999999997,0.6,1,2,0.8888888888888888,0.7857142857142857,0.84375,0.68,0.5925925925925926,0.8373015873015872,0.9086890360432672,0.8357108940373449,0.8421052631578947,0.8648648648648649,0.6813969328454993
0.7499999999999997,0.6,2,2,0.8823529411764706,1.0,0.9285714285714286,0.8549222797927462,0.5185185185185186,0.9411764705882353,0.9831469352446861,0.9393364366277243,1.0,0.9375,0.8640638488223129
0.7499999999999997,0.6,3,2,1.0,0.8888888888888888,0.9565217391304348,0.9068825910931175,0.42592592592592593,0.9444444444444444,0.9950680272108844,0.9428090415820634,0.9333333333333333,0.9655172413793104,0.9108400680852976
0.7499999999999997,0.6,4,2,0.875,0.8181818181818182,0.8518518518518519,0.6931818181818182,0.5,0.8465909090909091,0.9338775008352214,0.8461141122266493,0.875,0.875,0.6931818181818182
0.7499999999999997,0.6,5,2,0.9565217391304348,0.8461538461538461,0.9166666666666666,0.8163265306122448,0.6666666666666667,0.9013377926421404,0.9876077409253212,0.8996469021204838,0.9166666666666666,0.9361702127659575,0.8178608201095308
0.7599999999999997,0.6,1,2,0.8888888888888888,0.7857142857142857,0.84375,0.68,0.5925925925925926,0.8373015873015872,0.9345264543439208,0.8357108940373449,0.8421052631578947,0.8648648648648649,0.6813969328454993
0.7599999999999997,0.6,2,2,0.8823529411764706,1.0,0.9285714285714286,0.8549222797927462,0.5185185185185186,0.9411764705882353,0.983146935244686,0.9393364366277243,1.0,0.9375,0.8640638488223129
0.7599999999999997,0.6,3,2,1.0,0.8888888888888888,0.9565217391304348,0.9068825910931175,0.42592592592592593,0.9444444444444444,0.9950680272108844,0.9428090415820634,0.9333333333333333,0.9655172413793104,0.9108400680852976
0.7599999999999997,0.6,4,2,0.875,0.8181818181818182,0.8518518518518519,0.6931818181818182,0.5,0.8465909090909091,0.9281956826534032,0.8461141122266493,0.875,0.875,0.6931818181818182
0.7599999999999997,0.6,5,2,0.9565217391304348,0.8461538461538461,0.9166666666666666,0.8163265306122448,0.6666666666666667,0.9013377926421404,0.9876077409253212,0.8996469021204838,0.9166666666666666,0.9361702127659575,0.8178608201095308
0.7699999999999997,0.6,1,2,0.8888888888888888,0.7857142857142857,0.84375,0.68,0.5925925925925926,0.8373015873015872,0.9156334804877116,0.8357108940373449,0.8421052631578947,0.8648648648648649,0.6813969328454993
0.7699999999999997,0.6,2,2,0.8823529411764706,1.0,0.9285714285714286,0.8549222797927462,0.5185185185185186,0.9411764705882353,0.9831469352446861,0.9393364366277243,1.0,0.9375,0.8640638488223129
0.7699999999999997,0.6,3,2,1.0,0.8888888888888888,0.9565217391304348,0.9068825910931175,0.42592592592592593,0.9444444444444444,0.9950680272108844,0.9428090415820634,0.9333333333333333,0.9655172413793104,0.9108400680852976
0.7699999999999997,0.6,4,2,0.875,0.8181818181818182,0.8518518518518519,0.6931818181818182,0.5,0.8465909090909091,0.93861234932007,0.8461141122266493,0.875,0.875,0.6931818181818182
0.7699999999999997,0.6,5,2,0.9565217391304348,0.8461538461538461,0.9166666666666666,0.8163265306122448,0.6666666666666667,0.9013377926421404,0.9876077409253212,0.8996469021204838,0.9166666666666666,0.9361702127659575,0.8178608201095308
0.7799999999999997,0.6,1,2,0.8888888888888888,0.7857142857142857,0.84375,0.68,0.5925925925925926,0.8373015873015872,0.9191057027099339,0.8357108940373449,0.8421052631578947,0.8648648648648649,0.6813969328454993
0.7799999999999997,0.6,2,2,0.8823529411764706,1.0,0.9285714285714286,0.8549222797927462,0.5185185185185186,0.9411764705882353,0.9831469352446861,0.9393364366277243,1.0,0.9375,0.8640638488223129
0.7799999999999997,0.6,3,2,1.0,0.8888888888888888,0.9565217391304348,0.9068825910931175,0.42592592592592593,0.9444444444444444,0.9950680272108844,0.9428090415820634,0.9333333333333333,0.9655172413793104,0.9108400680852976
0.7799999999999997,0.6,4,2,0.875,0.8181818181818182,0.8518518518518519,0.6931818181818182,0.5,0.8465909090909091,0.9255915159867365,0.8461141122266493,0.875,0.875,0.6931818181818182
0.7799999999999997,0.6,5,2,0.9565217391304348,0.8461538461538461,0.9166666666666666,0.8163265306122448,0.6666666666666667,0.9013377926421404,0.9876077409253212,0.8996469021204838,0.9166666666666666,0.9361702127659575,0.8178608201095308
0.7899999999999996,0.6,1,2,0.8888888888888888,0.7857142857142857,0.84375,0.68,0.5925925925925926,0.8373015873015872,0.4948818465007835,0.8357108940373449,0.8421052631578947,0.8648648648648649,0.6813969328454993
0.7899999999999996,0.6,2,2,0.8823529411764706,1.0,0.9285714285714286,0.8549222797927462,0.5185185185185186,0.9411764705882353,0.9831469352446861,0.9393364366277243,1.0,0.9375,0.8640638488223129
0.7899999999999996,0.6,3,2,1.0,0.8888888888888888,0.9565217391304348,0.9068825910931175,0.42592592592592593,0.9444444444444444,0.9950680272108844,0.9428090415820634,0.9333333333333333,0.9655172413793104,0.9108400680852976
0.7899999999999996,0.6,4,2,0.875,0.8181818181818182,0.8518518518518519,0.6931818181818182,0.5,0.8465909090909091,0.9360081826534032,0.8461141122266493,0.875,0.875,0.6931818181818182
0.7899999999999996,0.6,5,2,0.9565217391304348,0.8461538461538461,0.9166666666666666,0.8163265306122448,0.6666666666666667,0.9013377926421404,0.9876077409253212,0.8996469021204838,0.9166666666666666,0.9361702127659575,0.8178608201095308
0.7999999999999996,0.6,1,2,0.8888888888888888,0.7857142857142857,0.84375,0.68,0.5925925925925926,0.8373015873015872,0.5579945915988227,0.8357108940373449,0.8421052631578947,0.8648648648648649,0.6813969328454993
0.7999999999999996,0.6,2,2,0.8823529411764706,1.0,0.9285714285714286,0.8549222797927462,0.5185185185185186,0.9411764705882353,0.9831469352446861,0.9393364366277243,1.0,0.9375,0.8640638488223129
0.7999999999999996,0.6,3,2,1.0,0.8888888888888888,0.9565217391304348,0.9068825910931175,0.42592592592592593,0.9444444444444444,0.9950680272108844,0.9428090415820634,0.9333333333333333,0.9655172413793104,0.9108400680852976
0.7999999999999996,0.6,4,2,0.875,0.8181818181818182,0.8518518518518519,0.6931818181818182,0.5,0.8465909090909091,0.9412165159867365,0.8461141122266493,0.875,0.875,0.6931818181818182
0.7999999999999996,0.6,5,2,0.9565217391304348,0.8461538461538461,0.9166666666666666,0.8163265306122448,0.6666666666666667,0.9013377926421404,0.9876077409253212,0.8996469021204838,0.9166666666666666,0.9361702127659575,0.8178608201095308
0.8099999999999996,0.6,1,2,0.8888888888888888,0.7857142857142857,0.84375,0.68,0.5925925925925926,0.8373015873015872,0.9058840251500211,0.8357108940373449,0.8421052631578947,0.8648648648648649,0.6813969328454993
0.8099999999999996,0.6,2,2,0.8823529411764706,1.0,0.9285714285714286,0.8549222797927462,0.5185185185185186,0.9411764705882353,0.9831469352446861,0.9393364366277243,1.0,0.9375,0.8640638488223129
0.8099999999999996,0.6,3,2,1.0,0.8888888888888888,0.9565217391304348,0.9068825910931175,0.42592592592592593,0.9444444444444444,0.9950680272108844,0.9428090415820634,0.9333333333333333,0.9655172413793104,0.9108400680852976
0.8099999999999996,0.6,4,2,0.875,0.8181818181818182,0.8518518518518519,0.6931818181818182,0.5,0.8465909090909091,0.9334040159867365,0.8461141122266493,0.875,0.875,0.6931818181818182
0.8099999999999996,0.6,5,2,0.9565217391304348,0.8461538461538461,0.9166666666666666,0.8163265306122448,0.6666666666666667,0.9013377926421404,0.9876077409253212,0.8996469021204838,0.9166666666666666,0.9361702127659575,0.8178608201095308
0.8199999999999996,0.6,1,2,0.8888888888888888,0.7857142857142857,0.84375,0.68,0.5925925925925926,0.8373015873015872,0.9148164870236593,0.8357108940373449,0.8421052631578947,0.8648648648648649,0.6813969328454993
0.8199999999999996,0.6,2,2,0.8823529411764706,1.0,0.9285714285714286,0.8549222797927462,0.5185185185185186,0.9411764705882353,0.9831469352446861,0.9393364366277243,1.0,0.9375,0.8640638488223129
0.8199999999999996,0.6,3,2,1.0,0.8888888888888888,0.9565217391304348,0.9068825910931175,0.42592592592592593,0.9444444444444444,0.9950680272108844,0.9428090415820634,0.9333333333333333,0.9655172413793104,0.9108400680852976
0.8199999999999996,0.6,4,2,0.875,0.8181818181818182,0.8518518518518519,0.6931818181818182,0.5,0.8465909090909091,0.9338775008352214,0.8461141122266493,0.875,0.875,0.6931818181818182
0.8199999999999996,0.6,5,2,0.9565217391304348,0.8461538461538461,0.9166666666666666,0.8163265306122448,0.6666666666666667,0.9013377926421404,0.9876077409253212,0.8996469021204838,0.9166666666666666,0.9361702127659575,0.8178608201095308
0.8299999999999996,0.6,1,2,0.8888888888888888,0.7857142857142857,0.84375,0.68,0.5925925925925926,0.8373015873015872,0.9279019990062302,0.8357108940373449,0.8421052631578947,0.8648648648648649,0.6813969328454993
0.8299999999999996,0.6,2,2,0.8823529411764706,1.0,0.9285714285714286,0.8549222797927462,0.5185185185185186,0.9411764705882353,0.9831469352446861,0.9393364366277243,1.0,0.9375,0.8640638488223129
0.8299999999999996,0.6,3,2,1.0,0.8888888888888888,0.9565217391304348,0.9068825910931175,0.42592592592592593,0.9444444444444444,0.9950680272108844,0.9428090415820634,0.9333333333333333,0.9655172413793104,0.9108400680852976
0.8299999999999996,0.6,4,2,0.875,0.8181818181818182,0.8518518518518519,0.6931818181818182,0.5,0.8465909090909091,0.9334040159867365,0.8461141122266493,0.875,0.875,0.6931818181818182
0.8299999999999996,0.6,5,2,0.9565217391304348,0.8461538461538461,0.9166666666666666,0.8163265306122448,0.6666666666666667,0.9013377926421404,0.9876077409253212,0.8996469021204838,0.9166666666666666,0.9361702127659575,0.8178608201095308
0.8399999999999996,0.6,1,2,0.8888888888888888,0.7857142857142857,0.84375,0.68,0.5925925925925926,0.8373015873015872,0.9121612582654894,0.8357108940373449,0.8421052631578947,0.8648648648648649,0.6813969328454993
0.8399999999999996,0.6,2,2,0.8823529411764706,1.0,0.9285714285714286,0.8549222797927462,0.5185185185185186,0.9411764705882353,0.9831469352446861,0.9393364366277243,1.0,0.9375,0.8640638488223129
0.8399999999999996,0.6,3,2,1.0,0.8888888888888888,0.9565217391304348,0.9068825910931175,0.42592592592592593,0.9444444444444444,0.9950680272108844,0.9428090415820634,0.9333333333333333,0.9655172413793104,0.9108400680852976
0.8399999999999996,0.6,4,2,0.875,0.8181818181818182,0.8518518518518519,0.6931818181818182,0.5,0.8465909090909091,0.9334040159867365,0.8461141122266493,0.875,0.875,0.6931818181818182
0.8399999999999996,0.6,5,2,0.9565217391304348,0.8461538461538461,0.9166666666666666,0.8163265306122448,0.6666666666666667,0.9013377926421404,0.9876077409253212,0.8996469021204838,0.9166666666666666,0.9361702127659575,0.8178608201095308
0.8499999999999996,0.6,1,2,0.8888888888888888,0.7857142857142857,0.84375,0.68,0.5925925925925926,0.8373015873015872,0.9021803214463173,0.8357108940373449,0.8421052631578947,0.8648648648648649,0.6813969328454993
0.8499999999999996,0.6,2,2,0.8823529411764706,1.0,0.9285714285714286,0.8549222797927462,0.5185185185185186,0.9411764705882353,0.9831469352446861,0.9393364366277243,1.0,0.9375,0.8640638488223129
0.8499999999999996,0.6,3,2,1.0,0.8888888888888888,0.9565217391304348,0.9068825910931175,0.42592592592592593,0.9444444444444444,0.9950680272108844,0.9428090415820634,0.9333333333333333,0.9655172413793104,0.9108400680852976
0.8499999999999996,0.6,4,2,0.875,0.8181818181818182,0.8518518518518519,0.6931818181818182,0.5,0.8465909090909091,0.9338775008352214,0.8461141122266493,0.875,0.875,0.6931818181818182
0.8499999999999996,0.6,5,2,0.9565217391304348,0.8461538461538461,0.9166666666666666,0.8163265306122448,0.6666666666666667,0.9013377926421404,0.9876077409253213,0.8996469021204838,0.9166666666666666,0.9361702127659575,0.8178608201095308
0.8599999999999995,0.6,1,2,0.8888888888888888,0.7857142857142857,0.84375,0.68,0.5925925925925926,0.8373015873015872,0.9180844608798686,0.8357108940373449,0.8421052631578947,0.8648648648648649,0.6813969328454993
0.8599999999999995,0.6,2,2,0.8823529411764706,1.0,0.9285714285714286,0.8549222797927462,0.5185185185185186,0.9411764705882353,0.9831469352446861,0.9393364366277243,1.0,0.9375,0.8640638488223129
0.8599999999999995,0.6,3,2,1.0,0.8888888888888888,0.9565217391304348,0.9068825910931175,0.42592592592592593,0.9444444444444444,0.9950680272108844,0.9428090415820634,0.9333333333333333,0.9655172413793104,0.9108400680852976
0.8599999999999995,0.6,4,2,0.875,0.8181818181818182,0.8518518518518519,0.6931818181818182,0.5,0.8465909090909091,0.9224665159867365,0.8461141122266493,0.875,0.875,0.6931818181818182
0.8599999999999995,0.6,5,2,0.9565217391304348,0.8461538461538461,0.9166666666666666,0.8163265306122448,0.6666666666666667,0.9013377926421404,0.9876077409253212,0.8996469021204838,0.9166666666666666,0.9361702127659575,0.8178608201095308
0.8699999999999996,0.6,1,2,0.8888888888888888,0.7857142857142857,0.84375,0.68,0.5925925925925926,0.8373015873015872,0.9115485131674501,0.8357108940373449,0.8421052631578947,0.8648648648648649,0.6813969328454993
0.8699999999999996,0.6,2,2,0.8823529411764706,1.0,0.9285714285714286,0.8549222797927462,0.5185185185185186,0.9411764705882353,0.9831469352446861,0.9393364366277243,1.0,0.9375,0.8640638488223129
0.8699999999999996,0.6,3,2,1.0,0.8888888888888888,0.9565217391304348,0.9068825910931175,0.42592592592592593,0.9444444444444444,0.9950680272108844,0.9428090415820634,0.9333333333333333,0.9655172413793104,0.9108400680852976
0.8699999999999996,0.6,4,2,0.875,0.8181818181818182,0.8518518518518519,0.6931818181818182,0.5,0.8465909090909091,0.9281956826534032,0.8461141122266493,0.875,0.875,0.6931818181818182
0.8699999999999996,0.6,5,2,0.9565217391304348,0.8461538461538461,0.9166666666666666,0.8163265306122448,0.6666666666666667,0.9013377926421404,0.9876077409253212,0.8996469021204838,0.9166666666666666,0.9361702127659575,0.8178608201095308
0.8799999999999996,0.6,1,2,0.8888888888888888,0.7857142857142857,0.84375,0.68,0.5925925925925926,0.8373015873015872,0.9213524347360776,0.8357108940373449,0.8421052631578947,0.8648648648648649,0.6813969328454993
0.8799999999999996,0.6,2,2,0.8823529411764706,1.0,0.9285714285714286,0.8549222797927462,0.5185185185185186,0.9411764705882353,0.9831469352446861,0.9393364366277243,1.0,0.9375,0.8640638488223129
0.8799999999999996,0.6,3,2,1.0,0.8888888888888888,0.9565217391304348,0.9068825910931175,0.42592592592592593,0.9444444444444444,0.9950680272108844,0.9428090415820634,0.9333333333333333,0.9655172413793104,0.9108400680852976
0.8799999999999996,0.6,4,2,0.875,0.8181818181818182,0.8518518518518519,0.6931818181818182,0.5,0.8465909090909091,0.9160429048756256,0.8461141122266493,0.875,0.875,0.6931818181818182
0.8799999999999996,0.6,5,2,0.9565217391304348,0.8461538461538461,0.9166666666666666,0.8163265306122448,0.6666666666666667,0.9013377926421404,0.9876077409253212,0.8996469021204838,0.9166666666666666,0.9361702127659575,0.8178608201095308
0.8899999999999996,0.6,1,2,0.8888888888888888,0.7857142857142857,0.84375,0.68,0.5925925925925926,0.8373015873015872,0.9156334804877116,0.8357108940373449,0.8421052631578947,0.8648648648648649,0.6813969328454993
0.8899999999999996,0.6,2,2,0.8823529411764706,1.0,0.9285714285714286,0.8549222797927462,0.5185185185185186,0.9411764705882353,0.9831469352446861,0.9393364366277243,1.0,0.9375,0.8640638488223129
0.8899999999999996,0.6,3,2,1.0,0.8888888888888888,0.9565217391304348,0.9068825910931175,0.42592592592592593,0.9444444444444444,0.9950680272108843,0.9428090415820634,0.9333333333333333,0.9655172413793104,0.9108400680852976
0.8899999999999996,0.6,4,2,0.875,0.8181818181818182,0.8518518518518519,0.6931818181818182,0.5,0.8465909090909091,0.9310365917443124,0.8461141122266493,0.875,0.875,0.6931818181818182
0.8899999999999996,0.6,5,2,0.9565217391304348,0.8461538461538461,0.9166666666666666,0.8163265306122448,0.6666666666666667,0.9013377926421404,0.9876077409253212,0.8996469021204838,0.9166666666666666,0.9361702127659575,0.8178608201095308
0.8999999999999996,0.6,1,2,0.8888888888888888,0.7857142857142857,0.84375,0.68,0.5925925925925926,0.8373015873015872,0.9180844608798686,0.8357108940373449,0.8421052631578947,0.8648648648648649,0.6813969328454993
0.8999999999999996,0.6,2,2,0.8823529411764706,1.0,0.9285714285714286,0.8549222797927462,0.5185185185185186,0.9411764705882353,0.9831469352446861,0.9393364366277243,1.0,0.9375,0.8640638488223129
0.8999999999999996,0.6,3,2,1.0,0.8888888888888888,0.9565217391304348,0.9068825910931175,0.42592592592592593,0.9444444444444444,0.9950680272108844,0.9428090415820634,0.9333333333333333,0.9655172413793104,0.9108400680852976
0.8999999999999996,0.6,4,2,0.875,0.8181818181818182,0.8518518518518519,0.6931818181818182,0.5,0.8465909090909091,0.9281956826534032,0.8461141122266493,0.875,0.875,0.6931818181818182
0.8999999999999996,0.6,5,2,0.9565217391304348,0.8461538461538461,0.9166666666666666,0.8163265306122448,0.6666666666666667,0.9013377926421404,0.9876077409253212,0.8996469021204838,0.9166666666666666,0.9361702127659575,0.8178608201095308
0.9099999999999996,0.6,1,2,0.8888888888888888,0.7857142857142857,0.84375,0.68,0.5925925925925926,0.8373015873015872,0.9213524347360776,0.8357108940373449,0.8421052631578947,0.8648648648648649,0.6813969328454993
0.9099999999999996,0.6,2,2,0.8823529411764706,1.0,0.9285714285714286,0.8549222797927462,0.5185185185185186,0.9411764705882353,0.983146935244686,0.9393364366277243,1.0,0.9375,0.8640638488223129
0.9099999999999996,0.6,3,2,1.0,0.8888888888888888,0.9565217391304348,0.9068825910931175,0.42592592592592593,0.9444444444444444,0.9950680272108844,0.9428090415820634,0.9333333333333333,0.9655172413793104,0.9108400680852976
0.9099999999999996,0.6,4,2,0.875,0.8181818181818182,0.8518518518518519,0.6931818181818182,0.5,0.8465909090909091,0.9224665159867365,0.8461141122266493,0.875,0.875,0.6931818181818182
0.9099999999999996,0.6,5,2,0.9565217391304348,0.8461538461538461,0.9166666666666666,0.8163265306122448,0.6666666666666667,0.9013377926421404,0.9876077409253212,0.8996469021204838,0.9166666666666666,0.9361702127659575,0.8178608201095308
0.9199999999999996,0.6,1,2,0.8888888888888888,0.7857142857142857,0.84375,0.68,0.5925925925925926,0.8373015873015872,0.9058840251500211,0.8357108940373449,0.8421052631578947,0.8648648648648649,0.6813969328454993
0.9199999999999996,0.6,2,2,0.8823529411764706,1.0,0.9285714285714286,0.8549222797927462,0.5185185185185186,0.9411764705882353,0.9831469352446861,0.9393364366277243,1.0,0.9375,0.8640638488223129
0.9199999999999996,0.6,3,2,1.0,0.8888888888888888,0.9565217391304348,0.9068825910931175,0.42592592592592593,0.9444444444444444,0.9950680272108844,0.9428090415820634,0.9333333333333333,0.9655172413793104,0.9108400680852976
0.9199999999999996,0.6,4,2,0.875,0.8181818181818182,0.8518518518518519,0.6931818181818182,0.5,0.8465909090909091,0.93861234932007,0.8461141122266493,0.875,0.875,0.6931818181818182
0.9199999999999996,0.6,5,2,0.9565217391304348,0.8461538461538461,0.9166666666666666,0.8163265306122448,0.6666666666666667,0.9013377926421404,0.9876077409253212,0.8996469021204838,0.9166666666666666,0.9361702127659575,0.8178608201095308
0.9299999999999996,0.6,1,2,0.8888888888888888,0.7857142857142857,0.84375,0.68,0.5925925925925926,0.8373015873015872,0.9316057027099338,0.8357108940373449,0.8421052631578947,0.8648648648648649,0.6813969328454993
0.9299999999999996,0.6,2,2,0.8823529411764706,1.0,0.9285714285714286,0.8549222797927462,0.5185185185185186,0.9411764705882353,0.9831469352446861,0.9393364366277243,1.0,0.9375,0.8640638488223129
0.9299999999999996,0.6,3,2,1.0,0.8888888888888888,0.9565217391304348,0.9068825910931175,0.42592592592592593,0.9444444444444444,0.9950680272108844,0.9428090415820634,0.9333333333333333,0.9655172413793104,0.9108400680852976
0.9299999999999996,0.6,4,2,0.875,0.8181818181818182,0.8518518518518519,0.6931818181818182,0.5,0.8465909090909091,0.9281956826534032,0.8461141122266493,0.875,0.875,0.6931818181818182
0.9299999999999996,0.6,5,2,0.9565217391304348,0.8461538461538461,0.9166666666666666,0.8163265306122448,0.6666666666666667,0.9013377926421404,0.9876077409253212,0.8996469021204838,0.9166666666666666,0.9361702127659575,0.8178608201095308
0.9399999999999996,0.6,1,2,0.8888888888888888,0.7857142857142857,0.84375,0.68,0.5925925925925926,0.8373015873015872,0.9086890360432672,0.8357108940373449,0.8421052631578947,0.8648648648648649,0.6813969328454993
0.9399999999999996,0.6,2,2,0.8823529411764706,1.0,0.9285714285714286,0.8549222797927462,0.5185185185185186,0.9411764705882353,0.9831469352446861,0.9393364366277243,1.0,0.9375,0.8640638488223129
0.9399999999999996,0.6,3,2,1.0,0.8888888888888888,0.9565217391304348,0.9068825910931175,0.42592592592592593,0.9444444444444444,0.9950680272108843,0.9428090415820634,0.9333333333333333,0.9655172413793104,0.9108400680852976
0.9399999999999996,0.6,4,2,0.875,0.8181818181818182,0.8518518518518519,0.6931818181818182,0.5,0.8465909090909091,0.9310365917443124,0.8461141122266493,0.875,0.875,0.6931818181818182
0.9399999999999996,0.6,5,2,0.9565217391304348,0.8461538461538461,0.9166666666666666,0.8163265306122448,0.6666666666666667,0.9013377926421404,0.9876077409253212,0.8996469021204838,0.9166666666666666,0.9361702127659575,0.8178608201095308
0.9499999999999995,0.6,1,2,0.8888888888888888,0.7857142857142857,0.84375,0.68,0.5925925925925926,0.8373015873015872,0.9262543955203913,0.8357108940373449,0.8421052631578947,0.8648648648648649,0.6813969328454993
0.9499999999999995,0.6,2,2,0.8823529411764706,1.0,0.9285714285714286,0.8549222797927462,0.5185185185185186,0.9411764705882353,0.9831469352446861,0.9393364366277243,1.0,0.9375,0.8640638488223129
0.9499999999999995,0.6,3,2,1.0,0.8888888888888888,0.9565217391304348,0.9068825910931175,0.42592592592592593,0.9444444444444444,0.9950680272108844,0.9428090415820634,0.9333333333333333,0.9655172413793104,0.9108400680852976
0.9499999999999995,0.6,4,2,0.875,0.8181818181818182,0.8518518518518519,0.6931818181818182,0.5,0.8465909090909091,0.9310365917443124,0.8461141122266493,0.875,0.875,0.6931818181818182
0.9499999999999995,0.6,5,2,0.9565217391304348,0.8461538461538461,0.9166666666666666,0.8163265306122448,0.6666666666666667,0.9013377926421404,0.9876077409253212,0.8996469021204838,0.9166666666666666,0.9361702127659575,0.8178608201095308
0.9599999999999995,0.6,1,2,0.8888888888888888,0.7857142857142857,0.84375,0.68,0.5925925925925926,0.8373015873015872,0.9313742212284524,0.8357108940373449,0.8421052631578947,0.8648648648648649,0.6813969328454993
0.9599999999999995,0.6,2,2,0.8823529411764706,1.0,0.9285714285714286,0.8549222797927462,0.5185185185185186,0.9411764705882353,0.9831469352446861,0.9393364366277243,1.0,0.9375,0.8640638488223129
0.9599999999999995,0.6,3,2,1.0,0.8888888888888888,0.9565217391304348,0.9068825910931175,0.42592592592592593,0.9444444444444444,0.9950680272108844,0.9428090415820634,0.9333333333333333,0.9655172413793104,0.9108400680852976
0.9599999999999995,0.6,4,2,0.875,0.8181818181818182,0.8518518518518519,0.6931818181818182,0.5,0.8465909090909091,0.9367184099261305,0.8461141122266493,0.875,0.875,0.6931818181818182
0.9599999999999995,0.6,5,2,0.9565217391304348,0.8461538461538461,0.9166666666666666,0.8163265306122448,0.6666666666666667,0.9013377926421404,0.9876077409253212,0.8996469021204838,0.9166666666666666,0.9361702127659575,0.8178608201095308
0.9699999999999995,0.6,1,2,0.8888888888888888,0.7857142857142857,0.84375,0.68,0.5925925925925926,0.8373015873015872,0.9180844608798686,0.8357108940373449,0.8421052631578947,0.8648648648648649,0.6813969328454993
0.9699999999999995,0.6,2,2,0.8823529411764706,1.0,0.9285714285714286,0.8549222797927462,0.5185185185185186,0.9411764705882353,0.9831469352446861,0.9393364366277243,1.0,0.9375,0.8640638488223129
0.9699999999999995,0.6,3,2,1.0,0.8888888888888888,0.9565217391304348,0.9068825910931175,0.42592592592592593,0.9444444444444444,0.9950680272108844,0.9428090415820634,0.9333333333333333,0.9655172413793104,0.9108400680852976
0.9699999999999995,0.6,4,2,0.875,0.8181818181818182,0.8518518518518519,0.6931818181818182,0.5,0.8465909090909091,0.9360081826534032,0.8461141122266493,0.875,0.875,0.6931818181818182
0.9699999999999995,0.6,5,2,0.9565217391304348,0.8461538461538461,0.9166666666666666,0.8163265306122448,0.6666666666666667,0.9013377926421404,0.9876077409253212,0.8996469021204838,0.9166666666666666,0.9361702127659575,0.8178608201095308
0.9799999999999995,0.6,1,2,0.8888888888888888,0.7857142857142857,0.84375,0.68,0.5925925925925926,0.8373015873015872,0.7791955719909796,0.8357108940373449,0.8421052631578947,0.8648648648648649,0.6813969328454993
0.9799999999999995,0.6,2,2,0.8823529411764706,1.0,0.9285714285714286,0.8549222797927462,0.5185185185185186,0.9411764705882353,0.9831469352446861,0.9393364366277243,1.0,0.9375,0.8640638488223129
0.9799999999999995,0.6,3,2,1.0,0.8888888888888888,0.9565217391304348,0.9068825910931175,0.42592592592592593,0.9444444444444444,0.9950680272108844,0.9428090415820634,0.9333333333333333,0.9655172413793104,0.9108400680852976
0.9799999999999995,0.6,4,2,0.875,0.8181818181818182,0.8518518518518519,0.6931818181818182,0.5,0.8465909090909091,0.9310365917443124,0.8461141122266493,0.875,0.875,0.6931818181818182
0.9799999999999995,0.6,5,2,0.9565217391304348,0.8461538461538461,0.9166666666666666,0.8163265306122448,0.6666666666666667,0.9013377926421404,0.9876077409253212,0.8996469021204838,0.9166666666666666,0.9361702127659575,0.8178608201095308
0.9899999999999995,0.6,1,2,0.8888888888888888,0.7857142857142857,0.84375,0.68,0.5925925925925926,0.8373015873015872,0.8952086438864044,0.8357108940373449,0.8421052631578947,0.8648648648648649,0.6813969328454993
0.9899999999999995,0.6,2,2,0.8823529411764706,1.0,0.9285714285714286,0.8549222797927462,0.5185185185185186,0.9411764705882353,0.9831469352446861,0.9393364366277243,1.0,0.9375,0.8640638488223129
0.9899999999999995,0.6,3,2,1.0,0.8888888888888888,0.9565217391304348,0.9068825910931175,0.42592592592592593,0.9444444444444444,0.9950680272108844,0.9428090415820634,0.9333333333333333,0.9655172413793104,0.9108400680852976
0.9899999999999995,0.6,4,2,0.875,0.8181818181818182,0.8518518518518519,0.6931818181818182,0.5,0.8465909090909091,0.9281956826534032,0.8461141122266493,0.875,0.875,0.6931818181818182
0.9899999999999995,0.6,5,2,0.9565217391304348,0.8461538461538461,0.9166666666666666,0.8163265306122448,0.6666666666666667,0.9013377926421404,0.9876077409253212,0.8996469021204838,0.9166666666666666,0.9361702127659575,0.8178608201095308
1.0,0.6,1,2,0.8888888888888888,0.7857142857142857,0.84375,0.68,0.5925925925925926,0.8373015873015872,0.5163279249321561,0.8357108940373449,0.8421052631578947,0.8648648648648649,0.6813969328454993
1.0,0.6,2,2,0.8823529411764706,1.0,0.9285714285714286,0.8549222797927462,0.5185185185185186,0.9411764705882353,0.9831469352446861,0.9393364366277243,1.0,0.9375,0.8640638488223129
1.0,0.6,3,2,1.0,0.8888888888888888,0.9565217391304348,0.9068825910931175,0.42592592592592593,0.9444444444444444,0.9950680272108844,0.9428090415820634,0.9333333333333333,0.9655172413793104,0.9108400680852976
1.0,0.6,4,2,0.875,0.8181818181818182,0.8518518518518519,0.6931818181818182,0.5,0.8465909090909091,0.93861234932007,0.8461141122266493,0.875,0.875,0.6931818181818182
1.0,0.6,5,2,0.9565217391304348,0.8461538461538461,0.9166666666666666,0.8163265306122448,0.6666666666666667,0.9013377926421404,0.9876077409253212,0.8996469021204838,0.9166666666666666,0.9361702127659575,0.8178608201095308
0.1,0.6,1,3,0.95,1.0,0.9666666666666667,0.926829268292683,0.5555555555555556,0.975,0.9904166666666667,0.9746794344808963,1.0,0.9743589743589743,0.929320377284585
0.1,0.6,2,3,0.8947368421052632,0.9166666666666666,0.9032258064516129,0.7991360691144708,0.5740740740740741,0.9057017543859649,0.9817800017871505,0.9056353783927013,0.9444444444444444,0.918918918918919,0.8009333474269521
0.1,0.6,3,3,0.9473684210526315,0.9230769230769231,0.9375,0.8704453441295547,0.5925925925925926,0.9352226720647774,0.9866776315789474,0.935143800239036,0.9473684210526315,0.9473684210526315,0.8704453441295547
0.1,0.6,4,3,0.875,0.8461538461538461,0.8620689655172413,0.721153846153846,0.537037037037037,0.8605769230769231,0.880801088596157,0.8604560508152729,0.875,0.875,0.7211538461538461
0.1,0.6,5,3,0.9473684210526315,0.7692307692307693,0.875,0.7344398340248963,0.5925925925925926,0.8582995951417003,0.9126656625673858,0.8536655898367083,0.8571428571428571,0.9,0.7410010097502685
0.11,0.6,1,3,0.95,1.0,0.9666666666666667,0.926829268292683,0.5555555555555556,0.975,0.9904166666666667,0.9746794344808963,1.0,0.9743589743589743,0.929320377284585
0.11,0.6,2,3,0.8947368421052632,0.9166666666666666,0.9032258064516129,0.7991360691144708,0.5740740740740741,0.9057017543859649,0.9817800017871504,0.9056353783927013,0.9444444444444444,0.918918918918919,0.8009333474269521
0.11,0.6,3,3,0.9473684210526315,0.9230769230769231,0.9375,0.8704453441295547,0.5925925925925926,0.9352226720647774,0.9866776315789474,0.935143800239036,0.9473684210526315,0.9473684210526315,0.8704453441295547
0.11,0.6,4,3,0.875,0.8461538461538461,0.8620689655172413,0.721153846153846,0.537037037037037,0.8605769230769231,0.8414544976870661,0.8604560508152729,0.875,0.875,0.7211538461538461
0.11,0.6,5,3,0.9473684210526315,0.7692307692307693,0.875,0.7344398340248963,0.5925925925925926,0.8582995951417003,0.9437221641153734,0.8536655898367083,0.8571428571428571,0.9,0.7410010097502685
0.12,0.6,1,3,0.95,1.0,0.9666666666666667,0.926829268292683,0.5555555555555556,0.975,0.9904166666666666,0.9746794344808963,1.0,0.9743589743589743,0.929320377284585
0.12,0.6,2,3,0.8947368421052632,0.9166666666666666,0.9032258064516129,0.7991360691144708,0.5740740740740741,0.9057017543859649,0.9817800017871503,0.9056353783927013,0.9444444444444444,0.918918918918919,0.8009333474269521
0.12,0.6,3,3,0.9473684210526315,0.9230769230769231,0.9375,0.8704453441295547,0.5925925925925926,0.9352226720647774,0.9866776315789474,0.935143800239036,0.9473684210526315,0.9473684210526315,0.8704453441295547
0.12,0.6,4,3,0.875,0.8461538461538461,0.8620689655172413,0.721153846153846,0.537037037037037,0.8605769230769231,0.8174894002844688,0.8604560508152729,0.875,0.875,0.7211538461538461
0.12,0.6,5,3,0.9473684210526315,0.7692307692307693,0.875,0.7344398340248963,0.5925925925925926,0.8582995951417003,0.9062114142013726,0.8536655898367083,0.8571428571428571,0.9,0.7410010097502685
0.13,0.6,1,3,0.95,1.0,0.9666666666666667,0.926829268292683,0.5555555555555556,0.975,0.9904166666666667,0.9746794344808963,1.0,0.9743589743589743,0.929320377284585
0.13,0.6,2,3,0.8947368421052632,0.9166666666666666,0.9032258064516129,0.7991360691144708,0.5740740740740741,0.9057017543859649,0.9817800017871505,0.9056353783927013,0.9444444444444444,0.918918918918919,0.8009333474269521
0.13,0.6,3,3,0.9473684210526315,0.9230769230769231,0.9375,0.8704453441295547,0.5925925925925926,0.9352226720647774,0.9866776315789474,0.935143800239036,0.9473684210526315,0.9473684210526315,0.8704453441295547
0.13,0.6,4,3,0.875,0.8461538461538461,0.8620689655172413,0.721153846153846,0.537037037037037,0.8605769230769231,0.8467101795052479,0.8604560508152729,0.875,0.875,0.7211538461538461
0.13,0.6,5,3,0.9473684210526315,0.7692307692307693,0.875,0.7344398340248963,0.5925925925925926,0.8582995951417003,0.9243400691721328,0.8536655898367083,0.8571428571428571,0.9,0.7410010097502685
0.13999999999999999,0.6,1,3,0.95,1.0,0.9666666666666667,0.926829268292683,0.5555555555555556,0.975,0.9904166666666666,0.9746794344808963,1.0,0.9743589743589743,0.929320377284585
0.13999999999999999,0.6,2,3,0.8947368421052632,0.9166666666666666,0.9032258064516129,0.7991360691144708,0.5740740740740741,0.9057017543859649,0.9817800017871504,0.9056353783927013,0.9444444444444444,0.918918918918919,0.8009333474269521
0.13999999999999999,0.6,3,3,0.9473684210526315,0.9230769230769231,0.9375,0.8704453441295547,0.5925925925925926,0.9352226720647774,0.9866776315789474,0.935143800239036,0.9473684210526315,0.9473684210526315,0.8704453441295547
0.13999999999999999,0.6,4,3,0.875,0.8461538461538461,0.8620689655172413,0.721153846153846,0.537037037037037,0.8605769230769231,0.8648919976870661,0.8604560508152729,0.875,0.875,0.7211538461538461
0.13999999999999999,0.6,5,3,0.9473684210526315,0.7692307692307693,0.875,0.7344398340248963,0.5925925925925926,0.8582995951417003,0.8994444969081395,0.8536655898367083,0.8571428571428571,0.9,0.7410010097502685
0.14999999999999997,0.6,1,3,0.95,1.0,0.9666666666666667,0.926829268292683,0.5555555555555556,0.975,0.9904166666666667,0.9746794344808963,1.0,0.9743589743589743,0.929320377284585
0.14999999999999997,0.6,2,3,0.8947368421052632,0.9166666666666666,0.9032258064516129,0.7991360691144708,0.5740740740740741,0.9057017543859649,0.9817800017871504,0.9056353783927013,0.9444444444444444,0.918918918918919,0.8009333474269521
0.14999999999999997,0.6,3,3,0.9473684210526315,0.9230769230769231,0.9375,0.8704453441295547,0.5925925925925926,0.9352226720647774,0.9866776315789474,0.935143800239036,0.9473684210526315,0.9473684210526315,0.8704453441295547
0.14999999999999997,0.6,4,3,0.875,0.8461538461538461,0.8620689655172413,0.721153846153846,0.537037037037037,0.8605769230769231,0.853780886575955,0.8604560508152729,0.875,0.875,0.7211538461538461
0.14999999999999997,0.6,5,3,0.9473684210526315,0.7692307692307693,0.875,0.7344398340248963,0.5925925925925926,0.8582995951417003,0.9062114142013726,0.8536655898367083,0.8571428571428571,0.9,0.7410010097502685
0.15999999999999998,0.6,1,3,0.95,1.0,0.9666666666666667,0.926829268292683,0.5555555555555556,0.975,0.9904166666666667,0.9746794344808963,1.0,0.9743589743589743,0.929320377284585
0.15999999999999998,0.6,2,3,0.8947368421052632,0.9166666666666666,0.9032258064516129,0.7991360691144708,0.5740740740740741,0.9057017543859649,0.9817800017871504,0.9056353783927013,0.9444444444444444,0.918918918918919,0.8009333474269521
0.15999999999999998,0.6,3,3,0.9473684210526315,0.9230769230769231,0.9375,0.8704453441295547,0.5925925925925926,0.9352226720647774,0.9866776315789474,0.935143800239036,0.9473684210526315,0.9473684210526315,0.8704453441295547
0.15999999999999998,0.6,4,3,0.875,0.8461538461538461,0.8620689655172413,0.721153846153846,0.537037037037037,0.8605769230769231,0.8694374522325208,0.8604560508152729,0.875,0.875,0.7211538461538461
0.15999999999999998,0.6,5,3,0.9473684210526315,0.7692307692307693,0.875,0.7344398340248963,0.5925925925925926,0.8582995951417003,0.9309712304085573,0.8536655898367083,0.8571428571428571,0.9,0.7410010097502685
0.16999999999999998,0.6,1,3,0.95,1.0,0.9666666666666667,0.926829268292683,0.5555555555555556,0.975,0.9904166666666666,0.9746794344808963,1.0,0.9743589743589743,0.929320377284585
0.16999999999999998,0.6,2,3,0.8947368421052632,0.9166666666666666,0.9032258064516129,0.7991360691144708,0.5740740740740741,0.9057017543859649,0.9817800017871504,0.9056353783927013,0.9444444444444444,0.918918918918919,0.8009333474269521
0.16999999999999998,0.6,3,3,0.9473684210526315,0.9230769230769231,0.9375,0.8704453441295547,0.5925925925925926,0.9352226720647774,0.9866776315789474,0.935143800239036,0.9473684210526315,0.9473684210526315,0.8704453441295547
0.16999999999999998,0.6,4,3,0.875,0.8461538461538461,0.8620689655172413,0.721153846153846,0.537037037037037,0.8605769230769231,0.8586419976870661,0.8604560508152729,0.875,0.875,0.7211538461538461
0.16999999999999998,0.6,5,3,0.9473684210526315,0.7692307692307693,0.875,0.7344398340248963,0.5925925925925926,0.8582995951417003,0.9494518682777401,0.8536655898367083,0.8571428571428571,0.9,0.7410010097502685
0.17999999999999997,0.6,1,3,0.95,1.0,0.9666666666666667,0.926829268292683,0.5555555555555556,0.975,0.9904166666666667,0.9746794344808963,1.0,0.9743589743589743,0.929320377284585
0.17999999999999997,0.6,2,3,0.8947368421052632,0.9166666666666666,0.9032258064516129,0.7991360691144708,0.5740740740740741,0.9057017543859649,0.9817800017871504,0.9056353783927013,0.9444444444444444,0.918918918918919,0.8009333474269521
0.17999999999999997,0.6,3,3,0.9473684210526315,0.9230769230769231,0.9375,0.8704453441295547,0.5925925925925926,0.9352226720647774,0.9866776315789474,0.935143800239036,0.9473684210526315,0.9473684210526315,0.8704453441295547
0.17999999999999997,0.6,4,3,0.875,0.8461538461538461,0.8620689655172413,0.721153846153846,0.537037037037037,0.8605769230769231,0.8751192704143389,0.8604560508152729,0.875,0.875,0.7211538461538461
0.17999999999999997,0.6,5,3,0.9473684210526315,0.7692307692307693,0.875,0.7344398340248963,0.5925925925925926,0.8582995951417003,0.9427649691413541,0.8536655898367083,0.8571428571428571,0.9,0.7410010097502685
0.18999999999999995,0.6,1,3,0.95,1.0,0.9666666666666667,0.926829268292683,0.5555555555555556,0.975,0.9904166666666667,0.9746794344808963,1.0,0.9743589743589743,0.929320377284585
0.18999999999999995,0.6,2,3,0.8947368421052632,0.9166666666666666,0.9032258064516129,0.7991360691144708,0.5740740740740741,0.9057017543859649,0.9817800017871505,0.9056353783927013,0.9444444444444444,0.918918918918919,0.8009333474269521
0.18999999999999995,0.6,3,3,0.9473684210526315,0.9230769230769231,0.9375,0.8704453441295547,0.5925925925925926,0.9352226720647774,0.9866776315789474,0.935143800239036,0.9473684210526315,0.9473684210526315,0.8704453441295547
0.18999999999999995,0.6,4,3,0.875,0.8461538461538461,0.8620689655172413,0.721153846153846,0.537037037037037,0.8605769230769231,0.8586419976870661,0.8604560508152729,0.875,0.875,0.7211538461538461
0.18999999999999995,0.6,5,3,0.9473684210526315,0.7692307692307693,0.875,0.7344398340248963,0.5925925925925926,0.8582995951417003,0.9162556812156576,0.8536655898367083,0.8571428571428571,0.9,0.7410010097502685
0.19999999999999996,0.6,1,3,0.95,1.0,0.9666666666666667,0.926829268292683,0.5555555555555556,0.975,0.9904166666666667,0.9746794344808963,1.0,0.9743589743589743,0.929320377284585
0.19999999999999996,0.6,2,3,0.8947368421052632,0.9166666666666666,0.9032258064516129,0.7991360691144708,0.5740740740740741,0.9057017543859649,0.9817800017871505,0.9056353783927013,0.9444444444444444,0.918918918918919,0.8009333474269521
0.19999999999999996,0.6,3,3,0.9473684210526315,0.9230769230769231,0.9375,0.8704453441295547,0.5925925925925926,0.9352226720647774,0.9866776315789474,0.935143800239036,0.9473684210526315,0.9473684210526315,0.8704453441295547
0.19999999999999996,0.6,4,3,0.875,0.8461538461538461,0.8620689655172413,0.721153846153846,0.537037037037037,0.8605769230769231,0.8711419976870661,0.8604560508152729,0.875,0.875,0.7211538461538461
0.19999999999999996,0.6,5,3,0.9473684210526315,0.7692307692307693,0.875,0.7344398340248963,0.5925925925925926,0.8582995951417003,0.9102357293752723,0.8536655898367083,0.8571428571428571,0.9,0.7410010097502685
0.20999999999999996,0.6,1,3,0.95,1.0,0.9666666666666667,0.926829268292683,0.5555555555555556,0.975,0.9904166666666667,0.9746794344808963,1.0,0.9743589743589743,0.929320377284585
0.20999999999999996,0.6,2,3,0.8947368421052632,0.9166666666666666,0.9032258064516129,0.7991360691144708,0.5740740740740741,0.9057017543859649,0.9817800017871504,0.9056353783927013,0.9444444444444444,0.918918918918919,0.8009333474269521
0.20999999999999996,0.6,3,3,0.9473684210526315,0.9230769230769231,0.9375,0.8704453441295547,0.5925925925925926,0.9352226720647774,0.9866776315789474,0.935143800239036,0.9473684210526315,0.9473684210526315,0.8704453441295547
0.20999999999999996,0.6,4,3,0.875,0.8461538461538461,0.8620689655172413,0.721153846153846,0.537037037037037,0.8605769230769231,0.8468364421315104,0.8604560508152729,0.875,0.875,0.7211538461538461
0.20999999999999996,0.6,5,3,0.9473684210526315,0.7692307692307693,0.875,0.7344398340248963,0.5925925925925926,0.8582995951417003,0.9038029808372605,0.8536655898367083,0.8571428571428571,0.9,0.7410010097502685
0.21999999999999995,0.6,1,3,0.95,1.0,0.9666666666666667,0.926829268292683,0.5555555555555556,0.975,0.9904166666666667,0.9746794344808963,1.0,0.9743589743589743,0.929320377284585
0.21999999999999995,0.6,2,3,0.8947368421052632,0.9166666666666666,0.9032258064516129,0.7991360691144708,0.5740740740740741,0.9057017543859649,0.9817800017871503,0.9056353783927013,0.9444444444444444,0.918918918918919,0.8009333474269521
0.21999999999999995,0.6,3,3,0.9473684210526315,0.9230769230769231,0.9375,0.8704453441295547,0.5925925925925926,0.9352226720647774,0.9866776315789474,0.935143800239036,0.9473684210526315,0.9473684210526315,0.8704453441295547
0.21999999999999995,0.6,4,3,0.875,0.8461538461538461,0.8620689655172413,0.721153846153846,0.537037037037037,0.8605769230769231,0.853780886575955,0.8604560508152729,0.875,0.875,0.7211538461538461
0.21999999999999995,0.6,5,3,0.9473684210526315,0.7692307692307693,0.875,0.7344398340248963,0.5925925925925926,0.8582995951417003,0.8817269574454477,0.8536655898367083,0.8571428571428571,0.9,0.7410010097502685
0.22999999999999995,0.6,1,3,0.95,1.0,0.9666666666666667,0.926829268292683,0.5555555555555556,0.975,0.9904166666666667,0.9746794344808963,1.0,0.9743589743589743,0.929320377284585
0.22999999999999995,0.6,2,3,0.8947368421052632,0.9166666666666666,0.9032258064516129,0.7991360691144708,0.5740740740740741,0.9057017543859649,0.9817800017871505,0.9056353783927013,0.9444444444444444,0.918918918918919,0.8009333474269521
0.22999999999999995,0.6,3,3,0.9473684210526315,0.9230769230769231,0.9375,0.8704453441295547,0.5925925925925926,0.9352226720647774,0.9866776315789474,0.935143800239036,0.9473684210526315,0.9473684210526315,0.8704453441295547
0.22999999999999995,0.6,4,3,0.875,0.8461538461538461,0.8620689655172413,0.721153846153846,0.537037037037037,0.8605769230769231,0.8648919976870661,0.8604560508152729,0.875,0.875,0.7211538461538461
0.22999999999999995,0.6,5,3,0.9473684210526315,0.7692307692307693,0.875,0.7344398340248963,0.5925925925925926,0.8582995951417003,0.9307035656325822,0.8536655898367083,0.8571428571428571,0.9,0.7410010097502685
0.23999999999999994,0.6,1,3,0.95,1.0,0.9666666666666667,0.926829268292683,0.5555555555555556,0.975,0.9904166666666667,0.9746794344808963,1.0,0.9743589743589743,0.929320377284585
0.23999999999999994,0.6,2,3,0.8947368421052632,0.9166666666666666,0.9032258064516129,0.7991360691144708,0.5740740740740741,0.9057017543859649,0.9817800017871505,0.9056353783927013,0.9444444444444444,0.918918918918919,0.8009333474269521
0.23999999999999994,0.6,3,3,0.9473684210526315,0.9230769230769231,0.9375,0.8704453441295547,0.5925925925925926,0.9352226720647774,0.9866776315789474,0.935143800239036,0.9473684210526315,0.9473684210526315,0.8704453441295547
0.23999999999999994,0.6,4,3,0.875,0.8461538461538461,0.8620689655172413,0.721153846153846,0.537037037037037,0.8605769230769231,0.8782595890417899,0.8604560508152729,0.875,0.875,0.7211538461538461
0.23999999999999994,0.6,5,3,0.9473684210526315,0.7692307692307693,0.875,0.7344398340248963,0.5925925925925926,0.8582995951417003,0.8254404077378454,0.8536655898367083,0.8571428571428571,0.9,0.7410010097502685
0.24999999999999992,0.6,1,3,0.95,1.0,0.9666666666666667,0.926829268292683,0.5555555555555556,0.975,0.9904166666666667,0.9746794344808963,1.0,0.9743589743589743,0.929320377284585
0.24999999999999992,0.6,2,3,0.8947368421052632,0.9166666666666666,0.9032258064516129,0.7991360691144708,0.5740740740740741,0.9057017543859649,0.9817800017871504,0.9056353783927013,0.9444444444444444,0.918918918918919,0.8009333474269521
0.24999999999999992,0.6,3,3,0.9473684210526315,0.9230769230769231,0.9375,0.8704453441295547,0.5925925925925926,0.9352226720647774,0.9866776315789474,0.935143800239036,0.9473684210526315,0.9473684210526315,0.8704453441295547
0.24999999999999992,0.6,4,3,0.875,0.8461538461538461,0.8620689655172413,0.721153846153846,0.537037037037037,0.8605769230769231,0.8617823163145171,0.8604560508152729,0.875,0.875,0.7211538461538461
0.24999999999999992,0.6,5,3,0.9473684210526315,0.7692307692307693,0.875,0.7344398340248963,0.5925925925925926,0.8582995951417003,0.900775805054667,0.8536655898367083,0.8571428571428571,0.9,0.7410010097502685
0.2599999999999999,0.6,1,3,0.95,1.0,0.9666666666666667,0.926829268292683,0.5555555555555556,0.975,0.9904166666666667,0.9746794344808963,1.0,0.9743589743589743,0.929320377284585
0.2599999999999999,0.6,2,3,0.8947368421052632,0.9166666666666666,0.9032258064516129,0.7991360691144708,0.5740740740740741,0.9057017543859649,0.9817800017871505,0.9056353783927013,0.9444444444444444,0.918918918918919,0.8009333474269521
0.2599999999999999,0.6,3,3,0.9473684210526315,0.9230769230769231,0.9375,0.8704453441295547,0.5925925925925926,0.9352226720647774,0.9866776315789474,0.935143800239036,0.9473684210526315,0.9473684210526315,0.8704453441295547
0.2599999999999999,0.6,4,3,0.875,0.8461538461538461,0.8620689655172413,0.721153846153846,0.537037037037037,0.8605769230769231,0.8867823163145171,0.8604560508152729,0.875,0.875,0.7211538461538461
0.2599999999999999,0.6,5,3,0.9473684210526315,0.7692307692307693,0.875,0.7344398340248963,0.5925925925925926,0.8582995951417003,0.9279520402763641,0.8536655898367083,0.8571428571428571,0.9,0.7410010097502685
0.2699999999999999,0.6,1,3,0.95,1.0,0.9666666666666667,0.926829268292683,0.5555555555555556,0.975,0.9904166666666667,0.9746794344808963,1.0,0.9743589743589743,0.929320377284585
0.2699999999999999,0.6,2,3,0.8947368421052632,0.9166666666666666,0.9032258064516129,0.7991360691144708,0.5740740740740741,0.9057017543859649,0.9817800017871505,0.9056353783927013,0.9444444444444444,0.918918918918919,0.8009333474269521
0.2699999999999999,0.6,3,3,0.9473684210526315,0.9230769230769231,0.9375,0.8704453441295547,0.5925925925925926,0.9352226720647774,0.9866776315789474,0.935143800239036,0.9473684210526315,0.9473684210526315,0.8704453441295547
0.2699999999999999,0.6,4,3,0.875,0.8461538461538461,0.8620689655172413,0.721153846153846,0.537037037037037,0.8605769230769231,0.883941407223608,0.8604560508152729,0.875,0.875,0.7211538461538461
0.2699999999999999,0.6,5,3,0.9473684210526315,0.7692307692307693,0.875,0.7344398340248963,0.5925925925925926,0.8582995951417003,0.9069436369150196,0.8536655898367083,0.8571428571428571,0.9,0.7410010097502685
0.2799999999999999,0.6,1,3,0.95,1.0,0.9666666666666667,0.926829268292683,0.5555555555555556,0.975,0.9904166666666667,0.9746794344808963,1.0,0.9743589743589743,0.929320377284585
0.2799999999999999,0.6,2,3,0.8947368421052632,0.9166666666666666,0.9032258064516129,0.7991360691144708,0.5740740740740741,0.9057017543859649,0.9817800017871504,0.9056353783927013,0.9444444444444444,0.918918918918919,0.8009333474269521
0.2799999999999999,0.6,3,3,0.9473684210526315,0.9230769230769231,0.9375,0.8704453441295547,0.5925925925925926,0.9352226720647774,0.9866776315789474,0.935143800239036,0.9473684210526315,0.9473684210526315,0.8704453441295547
0.2799999999999999,0.6,4,3,0.875,0.8461538461538461,0.8620689655172413,0.721153846153846,0.537037037037037,0.8605769230769231,0.883941407223608,0.8604560508152729,0.875,0.875,0.7211538461538461
0.2799999999999999,0.6,5,3,0.9473684210526315,0.7692307692307693,0.875,0.7344398340248963,0.5925925925925926,0.8582995951417003,0.9186641145797696,0.8536655898367083,0.8571428571428571,0.9,0.7410010097502685
0.2899999999999999,0.6,1,3,0.95,1.0,0.9666666666666667,0.926829268292683,0.5555555555555556,0.975,0.9904166666666667,0.9746794344808963,1.0,0.9743589743589743,0.929320377284585
0.2899999999999999,0.6,2,3,0.8947368421052632,0.9166666666666666,0.9032258064516129,0.7991360691144708,0.5740740740740741,0.9057017543859649,0.9817800017871503,0.9056353783927013,0.9444444444444444,0.918918918918919,0.8009333474269521
0.2899999999999999,0.6,3,3,0.9473684210526315,0.9230769230769231,0.9375,0.8704453441295547,0.5925925925925926,0.9352226720647774,0.9866776315789474,0.935143800239036,0.9473684210526315,0.9473684210526315,0.8704453441295547
0.2899999999999999,0.6,4,3,0.875,0.8461538461538461,0.8620689655172413,0.721153846153846,0.537037037037037,0.8605769230769231,0.8498504981326989,0.8604560508152729,0.875,0.875,0.7211538461538461
0.2899999999999999,0.6,5,3,0.9473684210526315,0.7692307692307693,0.875,0.7344398340248963,0.5925925925925926,0.8582995951417003,0.9279520402763641,0.8536655898367083,0.8571428571428571,0.9,0.7410010097502685
0.29999999999999993,0.6,1,3,0.95,1.0,0.9666666666666667,0.926829268292683,0.5555555555555556,0.975,0.9904166666666667,0.9746794344808963,1.0,0.9743589743589743,0.929320377284585
0.29999999999999993,0.6,2,3,0.8947368421052632,0.9166666666666666,0.9032258064516129,0.7991360691144708,0.5740740740740741,0.9057017543859649,0.9817800017871504,0.9056353783927013,0.9444444444444444,0.918918918918919,0.8009333474269521
0.29999999999999993,0.6,3,3,0.9473684210526315,0.9230769230769231,0.9375,0.8704453441295547,0.5925925925925926,0.9352226720647774,0.9866776315789474,0.935143800239036,0.9473684210526315,0.9473684210526315,0.8704453441295547
0.29999999999999993,0.6,4,3,0.875,0.8461538461538461,0.8620689655172413,0.721153846153846,0.537037037037037,0.8605769230769231,0.8617823163145171,0.8604560508152729,0.875,0.875,0.7211538461538461
0.29999999999999993,0.6,5,3,0.9473684210526315,0.7692307692307693,0.875,0.7344398340248963,0.5925925925925926,0.8582995951417003,0.9097889855808017,0.8536655898367083,0.8571428571428571,0.9,0.7410010097502685
0.30999999999999994,0.6,1,3,0.95,1.0,0.9666666666666667,0.926829268292683,0.5555555555555556,0.975,0.9904166666666666,0.9746794344808963,1.0,0.9743589743589743,0.929320377284585
0.30999999999999994,0.6,2,3,0.8947368421052632,0.9166666666666666,0.9032258064516129,0.7991360691144708,0.5740740740740741,0.9057017543859649,0.9817800017871505,0.9056353783927013,0.9444444444444444,0.918918918918919,0.8009333474269521
0.30999999999999994,0.6,3,3,0.9473684210526315,0.9230769230769231,0.9375,0.8704453441295547,0.5925925925925926,0.9352226720647774,0.9866776315789474,0.935143800239036,0.9473684210526315,0.9473684210526315,0.8704453441295547
0.30999999999999994,0.6,4,3,0.875,0.8461538461538461,0.8620689655172413,0.721153846153846,0.537037037037037,0.8605769230769231,0.8725777708599718,0.8604560508152729,0.875,0.875,0.7211538461538461
0.30999999999999994,0.6,5,3,0.9473684210526315,0.7692307692307693,0.875,0.7344398340248963,0.5925925925925926,0.8582995951417003,0.9331119989966943,0.8536655898367083,0.8571428571428571,0.9,0.7410010097502685
0.3199999999999999,0.6,1,3,0.95,1.0,0.9666666666666667,0.926829268292683,0.5555555555555556,0.975,0.9904166666666666,0.9746794344808963,1.0,0.9743589743589743,0.929320377284585
0.3199999999999999,0.6,2,3,0.8947368421052632,0.9166666666666666,0.9032258064516129,0.7991360691144708,0.5740740740740741,0.9057017543859649,0.9817800017871504,0.9056353783927013,0.9444444444444444,0.918918918918919,0.8009333474269521
0.3199999999999999,0.6,3,3,0.9473684210526315,0.9230769230769231,0.9375,0.8704453441295547,0.5925925925925926,0.9352226720647774,0.9866776315789474,0.935143800239036,0.9473684210526315,0.9473684210526315,0.8704453441295547
0.3199999999999999,0.6,4,3,0.875,0.8461538461538461,0.8620689655172413,0.721153846153846,0.537037037037037,0.8605769230769231,0.8680323163145172,0.8604560508152729,0.875,0.875,0.7211538461538461
0.3199999999999999,0.6,5,3,0.9473684210526315,0.7692307692307693,0.875,0.7344398340248963,0.5925925925925926,0.8582995951417003,0.9382842433330254,0.8536655898367083,0.8571428571428571,0.9,0.7410010097502685
0.32999999999999985,0.6,1,3,0.95,1.0,0.9666666666666667,0.926829268292683,0.5555555555555556,0.975,0.9904166666666667,0.9746794344808963,1.0,0.9743589743589743,0.929320377284585
0.32999999999999985,0.6,2,3,0.8947368421052632,0.9166666666666666,0.9032258064516129,0.7991360691144708,0.5740740740740741,0.9057017543859649,0.9817800017871504,0.9056353783927013,0.9444444444444444,0.918918918918919,0.8009333474269521
0.32999999999999985,0.6,3,3,0.9473684210526315,0.9230769230769231,0.9375,0.8704453441295547,0.5925925925925926,0.9352226720647774,0.9866776315789474,0.935143800239036,0.9473684210526315,0.9473684210526315,0.8704453441295547
0.32999999999999985,0.6,4,3,0.875,0.8461538461538461,0.8620689655172413,0.721153846153846,0.537037037037037,0.8605769230769231,0.8725777708599718,0.8604560508152729,0.875,0.875,0.7211538461538461
0.32999999999999985,0.6,5,3,0.9473684210526315,0.7692307692307693,0.875,0.7344398340248963,0.5925925925925926,0.8582995951417003,0.9272640457803201,0.8536655898367083,0.8571428571428571,0.9,0.7410010097502685
0.33999999999999986,0.6,1,3,0.95,1.0,0.9666666666666667,0.926829268292683,0.5555555555555556,0.975,0.9904166666666667,0.9746794344808963,1.0,0.9743589743589743,0.929320377284585
0.33999999999999986,0.6,2,3,0.8947368421052632,0.9166666666666666,0.9032258064516129,0.7991360691144708,0.5740740740740741,0.9057017543859649,0.9817800017871504,0.9056353783927013,0.9444444444444444,0.918918918918919,0.8009333474269521
0.33999999999999986,0.6,3,3,0.9473684210526315,0.9230769230769231,0.9375,0.8704453441295547,0.5925925925925926,0.9352226720647774,0.9866776315789474,0.935143800239036,0.9473684210526315,0.9473684210526315,0.8704453441295547
0.33999999999999986,0.6,4,3,0.875,0.8461538461538461,0.8620689655172413,0.721153846153846,0.537037037037037,0.8605769230769231,0.8498504981326989,0.8604560508152729,0.875,0.875,0.7211538461538461
0.33999999999999986,0.6,5,3,0.9473684210526315,0.7692307692307693,0.875,0.7344398340248963,0.5925925925925926,0.8582995951417003,0.9126441627393844,0.8536655898367083,0.8571428571428571,0.9,0.7410010097502685
0.34999999999999987,0.6,1,3,0.95,1.0,0.9666666666666667,0.926829268292683,0.5555555555555556,0.975,0.9904166666666667,0.9746794344808963,1.0,0.9743589743589743,0.929320377284585
0.34999999999999987,0.6,2,3,0.8947368421052632,0.9166666666666666,0.9032258064516129,0.7991360691144708,0.5740740740740741,0.9057017543859649,0.9817800017871504,0.9056353783927013,0.9444444444444444,0.918918918918919,0.8009333474269521
0.34999999999999987,0.6,3,3,0.9473684210526315,0.9230769230769231,0.9375,0.8704453441295547,0.5925925925925926,0.9352226720647774,0.9866776315789474,0.935143800239036,0.9473684210526315,0.9473684210526315,0.8704453441295547
0.34999999999999987,0.6,4,3,0.875,0.8461538461538461,0.8620689655172413,0.721153846153846,0.537037037037037,0.8605769230769231,0.8725777708599718,0.8604560508152729,0.875,0.875,0.7211538461538461
0.34999999999999987,0.6,5,3,0.9473684210526315,0.7692307692307693,0.875,0.7344398340248963,0.5925925925925926,0.8582995951417003,0.9186641145797696,0.8536655898367083,0.8571428571428571,0.9,0.7410010097502685
0.3599999999999999,0.6,1,3,0.95,1.0,0.9666666666666667,0.926829268292683,0.5555555555555556,0.975,0.9904166666666667,0.9746794344808963,1.0,0.9743589743589743,0.929320377284585
0.3599999999999999,0.6,2,3,0.8947368421052632,0.9166666666666666,0.9032258064516129,0.7991360691144708,0.5740740740740741,0.9057017543859649,0.9817800017871504,0.9056353783927013,0.9444444444444444,0.918918918918919,0.8009333474269521
0.3599999999999999,0.6,3,3,0.9473684210526315,0.9230769230769231,0.9375,0.8704453441295547,0.5925925925925926,0.9352226720647774,0.9866776315789474,0.935143800239036,0.9473684210526315,0.9473684210526315,0.8704453441295547
0.3599999999999999,0.6,4,3,0.875,0.8461538461538461,0.8620689655172413,0.721153846153846,0.537037037037037,0.8605769230769231,0.8782595890417899,0.8604560508152729,0.875,0.875,0.7211538461538461
0.3599999999999999,0.6,5,3,0.9473684210526315,0.7692307692307693,0.875,0.7344398340248963,0.5925925925925926,0.8582995951417003,0.9062802136509771,0.8536655898367083,0.8571428571428571,0.9,0.7410010097502685
0.3699999999999999,0.6,1,3,0.95,1.0,0.9666666666666667,0.926829268292683,0.5555555555555556,0.975,0.9904166666666667,0.9746794344808963,1.0,0.9743589743589743,0.929320377284585
0.3699999999999999,0.6,2,3,0.8947368421052632,0.9166666666666666,0.9032258064516129,0.7991360691144708,0.5740740740740741,0.9057017543859649,0.9817800017871504,0.9056353783927013,0.9444444444444444,0.918918918918919,0.8009333474269521
0.3699999999999999,0.6,3,3,0.9473684210526315,0.9230769230769231,0.9375,0.8704453441295547,0.5925925925925926,0.9352226720647774,0.9866776315789474,0.935143800239036,0.9473684210526315,0.9473684210526315,0.8704453441295547
0.3699999999999999,0.6,4,3,0.875,0.8461538461538461,0.8620689655172413,0.721153846153846,0.537037037037037,0.8605769230769231,0.8742823163145171,0.8604560508152729,0.875,0.875,0.7211538461538461
0.3699999999999999,0.6,5,3,0.9473684210526315,0.7692307692307693,0.875,0.7344398340248963,0.5925925925925926,0.8582995951417003,0.9159336364235949,0.8536655898367083,0.8571428571428571,0.9,0.7410010097502685
0.3799999999999999,0.6,1,3,0.95,1.0,0.9666666666666667,0.926829268292683,0.5555555555555556,0.975,0.9904166666666667,0.9746794344808963,1.0,0.9743589743589743,0.929320377284585
0.3799999999999999,0.6,2,3,0.8947368421052632,0.9166666666666666,0.9032258064516129,0.7991360691144708,0.5740740740740741,0.9057017543859649,0.9817800017871504,0.9056353783927013,0.9444444444444444,0.918918918918919,0.8009333474269521
0.3799999999999999,0.6,3,3,0.9473684210526315,0.9230769230769231,0.9375,0.8704453441295547,0.5925925925925926,0.9352226720647774,0.9866776315789474,0.935143800239036,0.9473684210526315,0.9473684210526315,0.8704453441295547
0.3799999999999999,0.6,4,3,0.875,0.8461538461538461,0.8620689655172413,0.721153846153846,0.537037037037037,0.8605769230769231,0.8680323163145172,0.8604560508152729,0.875,0.875,0.7211538461538461
0.3799999999999999,0.6,5,3,0.9473684210526315,0.7692307692307693,0.875,0.7344398340248963,0.5925925925925926,0.8582995951417003,0.9272640457803201,0.8536655898367083,0.8571428571428571,0.9,0.7410010097502685
0.3899999999999999,0.6,1,3,0.95,1.0,0.9666666666666667,0.926829268292683,0.5555555555555556,0.975,0.9904166666666667,0.9746794344808963,1.0,0.9743589743589743,0.929320377284585
0.3899999999999999,0.6,2,3,0.8947368421052632,0.9166666666666666,0.9032258064516129,0.7991360691144708,0.5740740740740741,0.9057017543859649,0.9817800017871504,0.9056353783927013,0.9444444444444444,0.918918918918919,0.8009333474269521
0.3899999999999999,0.6,3,3,0.9473684210526315,0.9230769230769231,0.9375,0.8704453441295547,0.5925925925925926,0.9352226720647774,0.9866776315789474,0.935143800239036,0.9473684210526315,0.9473684210526315,0.8704453441295547
0.3899999999999999,0.6,4,3,0.875,0.8461538461538461,0.8620689655172413,0.721153846153846,0.537037037037037,0.8605769230769231,0.8782595890417899,0.8604560508152729,0.875,0.875,0.7211538461538461
0.3899999999999999,0.6,5,3,0.9473684210526315,0.7692307692307693,0.875,0.7344398340248963,0.5925925925925926,0.8582995951417003,0.9301880223885071,0.8536655898367083,0.8571428571428571,0.9,0.7410010097502685
0.3999999999999998,0.6,1,3,0.95,1.0,0.9666666666666667,0.926829268292683,0.5555555555555556,0.975,0.9904166666666667,0.9746794344808963,1.0,0.9743589743589743,0.929320377284585
0.3999999999999998,0.6,2,3,0.8947368421052632,0.9166666666666666,0.9032258064516129,0.7991360691144708,0.5740740740740741,0.9057017543859649,0.9817800017871504,0.9056353783927013,0.9444444444444444,0.918918918918919,0.8009333474269521
0.3999999999999998,0.6,3,3,0.9473684210526315,0.9230769230769231,0.9375,0.8704453441295547,0.5925925925925926,0.9352226720647774,0.9866776315789474,0.935143800239036,0.9473684210526315,0.9473684210526315,0.8704453441295547
0.3999999999999998,0.6,4,3,0.875,0.8461538461538461,0.8620689655172413,0.721153846153846,0.537037037037037,0.8605769230769231,0.8567949425771434,0.8604560508152729,0.875,0.875,0.7211538461538461
0.3999999999999998,0.6,5,3,0.9473684210526315,0.7692307692307693,0.875,0.7344398340248963,0.5925925925925926,0.8582995951417003,0.7317231101078053,0.8536655898367083,0.8571428571428571,0.9,0.7410010097502685
0.4099999999999998,0.6,1,3,0.95,1.0,0.9666666666666667,0.926829268292683,0.5555555555555556,0.975,0.9904166666666666,0.9746794344808963,1.0,0.9743589743589743,0.929320377284585
0.4099999999999998,0.6,2,3,0.8947368421052632,0.9166666666666666,0.9032258064516129,0.7991360691144708,0.5740740740740741,0.9057017543859649,0.9817800017871505,0.9056353783927013,0.9444444444444444,0.918918918918919,0.8009333474269521
0.4099999999999998,0.6,3,3,0.9473684210526315,0.9230769230769231,0.9375,0.8704453441295547,0.5925925925925926,0.9352226720647774,0.9866776315789474,0.935143800239036,0.9473684210526315,0.9473684210526315,0.8704453441295547
0.4099999999999998,0.6,4,3,0.875,0.8461538461538461,0.8620689655172413,0.721153846153846,0.537037037037037,0.8605769230769231,0.8782595890417899,0.8604560508152729,0.875,0.875,0.7211538461538461
0.4099999999999998,0.6,5,3,0.9473684210526315,0.7692307692307693,0.875,0.7344398340248963,0.5925925925925926,0.8582995951417003,0.9159336364235949,0.8536655898367083,0.8571428571428571,0.9,0.7410010097502685
0.4199999999999998,0.6,1,3,0.95,1.0,0.9666666666666667,0.926829268292683,0.5555555555555556,0.975,0.9904166666666667,0.9746794344808963,1.0,0.9743589743589743,0.929320377284585
0.4199999999999998,0.6,2,3,0.8947368421052632,0.9166666666666666,0.9032258064516129,0.7991360691144708,0.5740740740740741,0.9057017543859649,0.9817800017871505,0.9056353783927013,0.9444444444444444,0.918918918918919,0.8009333474269521
0.4199999999999998,0.6,3,3,0.9473684210526315,0.9230769230769231,0.9375,0.8704453441295547,0.5925925925925926,0.9352226720647774,0.9866776315789474,0.935143800239036,0.9473684210526315,0.9473684210526315,0.8704453441295547
0.4199999999999998,0.6,4,3,0.9375,0.8461538461538461,0.896551724137931,0.7893462469733656,0.537037037037037,0.8918269230769231,0.8782595890417899,0.8906566289930316,0.8823529411764706,0.9090909090909091,0.7912994305815039
0.4199999999999998,0.6,5,3,0.9473684210526315,0.7692307692307693,0.875,0.7344398340248963,0.5925925925925926,0.8582995951417003,0.924856065044166,0.8536655898367083,0.8571428571428571,0.9,0.7410010097502685
0.4299999999999998,0.6,1,3,0.95,1.0,0.9666666666666667,0.926829268292683,0.5555555555555556,0.975,0.9904166666666667,0.9746794344808963,1.0,0.9743589743589743,0.929320377284585
0.4299999999999998,0.6,2,3,0.8947368421052632,0.9166666666666666,0.9032258064516129,0.7991360691144708,0.5740740740740741,0.9057017543859649,0.9817800017871505,0.9056353783927013,0.9444444444444444,0.918918918918919,0.8009333474269521
0.4299999999999998,0.6,3,3,0.9473684210526315,0.9230769230769231,0.9375,0.8704453441295547,0.5925925925925926,0.9352226720647774,0.9866776315789474,0.935143800239036,0.9473684210526315,0.9473684210526315,0.8704453441295547
0.4299999999999998,0.6,4,3,0.9375,0.8461538461538461,0.896551724137931,0.7893462469733656,0.537037037037037,0.8918269230769231,0.8782595890417899,0.8906566289930316,0.8823529411764706,0.9090909090909091,0.7912994305815039
0.4299999999999998,0.6,5,3,0.9473684210526315,0.7692307692307693,0.875,0.7344398340248963,0.5925925925925926,0.8582995951417003,0.9186641145797696,0.8536655898367083,0.8571428571428571,0.9,0.7410010097502685
0.43999999999999984,0.6,1,3,0.95,1.0,0.9666666666666667,0.926829268292683,0.5555555555555556,0.975,0.9904166666666667,0.9746794344808963,1.0,0.9743589743589743,0.929320377284585
0.43999999999999984,0.6,2,3,0.8947368421052632,0.9166666666666666,0.9032258064516129,0.7991360691144708,0.5740740740740741,0.9057017543859649,0.9817800017871504,0.9056353783927013,0.9444444444444444,0.918918918918919,0.8009333474269521
0.43999999999999984,0.6,3,3,0.9473684210526315,0.9230769230769231,0.9375,0.8704453441295547,0.5925925925925926,0.9352226720647774,0.9866776315789474,0.935143800239036,0.9473684210526315,0.9473684210526315,0.8704453441295547
0.43999999999999984,0.6,4,3,0.9375,0.8461538461538461,0.896551724137931,0.7893462469733656,0.537037037037037,0.8918269230769231,0.8725777708599718,0.8906566289930316,0.8823529411764706,0.9090909090909091,0.7912994305815039
0.43999999999999984,0.6,5,3,0.9473684210526315,0.7692307692307693,0.875,0.7344398340248963,0.5925925925925926,0.8582995951417003,0.9132289580610218,0.8536655898367083,0.8571428571428571,0.9,0.7410010097502685
0.44999999999999984,0.6,1,3,0.95,1.0,0.9666666666666667,0.926829268292683,0.5555555555555556,0.975,0.9904166666666667,0.9746794344808963,1.0,0.9743589743589743,0.929320377284585
0.44999999999999984,0.6,2,3,0.8947368421052632,0.9166666666666666,0.9032258064516129,0.7991360691144708,0.5740740740740741,0.9057017543859649,0.9817800017871504,0.9056353783927013,0.9444444444444444,0.918918918918919,0.8009333474269521
0.44999999999999984,0.6,3,3,0.9473684210526315,0.9230769230769231,0.9375,0.8704453441295547,0.5925925925925926,0.9352226720647774,0.9866776315789474,0.935143800239036,0.9473684210526315,0.9473684210526315,0.8704453441295547
0.44999999999999984,0.6,4,3,0.9375,0.8461538461538461,0.896551724137931,0.7893462469733656,0.537037037037037,0.8918269230769231,0.883941407223608,0.8906566289930316,0.8823529411764706,0.9090909090909091,0.7912994305815039
0.44999999999999984,0.6,5,3,0.9473684210526315,0.7692307692307693,0.875,0.7344398340248963,0.5925925925925926,0.8582995951417003,0.7167377299908464,0.8536655898367083,0.8571428571428571,0.9,0.7410010097502685
0.45999999999999985,0.6,1,3,0.95,1.0,0.9666666666666667,0.926829268292683,0.5555555555555556,0.975,0.9904166666666667,0.9746794344808963,1.0,0.9743589743589743,0.929320377284585
0.45999999999999985,0.6,2,3,0.8947368421052632,0.9166666666666666,0.9032258064516129,0.7991360691144708,0.5740740740740741,0.9057017543859649,0.9817800017871505,0.9056353783927013,0.9444444444444444,0.918918918918919,0.8009333474269521
0.45999999999999985,0.6,3,3,0.9473684210526315,0.9230769230769231,0.9375,0.8704453441295547,0.5925925925925926,0.9352226720647774,0.9866776315789474,0.935143800239036,0.9473684210526315,0.9473684210526315,0.8704453441295547
0.45999999999999985,0.6,4,3,0.9375,0.8461538461538461,0.896551724137931,0.7893462469733656,0.537037037037037,0.8918269230769231,0.8617823163145171,0.8906566289930316,0.8823529411764706,0.9090909090909091,0.7912994305815039
0.45999999999999985,0.6,5,3,0.9473684210526315,0.7692307692307693,0.875,0.7344398340248963,0.5925925925925926,0.8582995951417003,0.924856065044166,0.8536655898367083,0.8571428571428571,0.9,0.7410010097502685
0.46999999999999986,0.6,1,3,0.95,1.0,0.9666666666666667,0.926829268292683,0.5555555555555556,0.975,0.9904166666666667,0.9746794344808963,1.0,0.9743589743589743,0.929320377284585
0.46999999999999986,0.6,2,3,0.8947368421052632,0.9166666666666666,0.9032258064516129,0.7991360691144708,0.5740740740740741,0.9057017543859649,0.9817800017871504,0.9056353783927013,0.9444444444444444,0.918918918918919,0.8009333474269521
0.46999999999999986,0.6,3,3,0.9473684210526315,0.9230769230769231,0.9375,0.8704453441295547,0.5925925925925926,0.9352226720647774,0.9866776315789474,0.935143800239036,0.9473684210526315,0.9473684210526315,0.8704453441295547
0.46999999999999986,0.6,4,3,0.9375,0.8461538461538461,0.896551724137931,0.7893462469733656,0.537037037037037,0.8918269230769231,0.883941407223608,0.8906566289930316,0.8823529411764706,0.9090909090909091,0.7912994305815039
0.46999999999999986,0.6,5,3,0.9473684210526315,0.7692307692307693,0.875,0.7344398340248963,0.5925925925925926,0.8582995951417003,0.9407143381779809,0.8536655898367083,0.8571428571428571,0.9,0.7410010097502685
0.47999999999999976,0.6,1,3,0.95,1.0,0.9666666666666667,0.926829268292683,0.5555555555555556,0.975,0.9904166666666667,0.9746794344808963,1.0,0.9743589743589743,0.929320377284585
0.47999999999999976,0.6,2,3,0.8947368421052632,0.9166666666666666,0.9032258064516129,0.7991360691144708,0.5740740740740741,0.9057017543859649,0.9817800017871503,0.9056353783927013,0.9444444444444444,0.918918918918919,0.8009333474269521
0.47999999999999976,0.6,3,3,0.9473684210526315,0.9230769230769231,0.9375,0.8704453441295547,0.5925925925925926,0.9352226720647774,0.9866776315789474,0.935143800239036,0.9473684210526315,0.9473684210526315,0.8704453441295547
0.47999999999999976,0.6,4,3,0.9375,0.8461538461538461,0.896551724137931,0.7893462469733656,0.537037037037037,0.8918269230769231,0.8617823163145171,0.8906566289930316,0.8823529411764706,0.9090909090909091,0.7912994305815039
0.47999999999999976,0.6,5,3,0.9473684210526315,0.7692307692307693,0.875,0.7344398340248963,0.5925925925925926,0.8582995951417003,0.9331119989966943,0.8536655898367083,0.8571428571428571,0.9,0.7410010097502685
0.48999999999999977,0.6,1,3,0.95,1.0,0.9666666666666667,0.926829268292683,0.5555555555555556,0.975,0.9904166666666667,0.9746794344808963,1.0,0.9743589743589743,0.929320377284585
0.48999999999999977,0.6,2,3,0.8947368421052632,0.9166666666666666,0.9032258064516129,0.7991360691144708,0.5740740740740741,0.9057017543859649,0.9817800017871505,0.9056353783927013,0.9444444444444444,0.918918918918919,0.8009333474269521
0.48999999999999977,0.6,3,3,0.9473684210526315,0.9230769230769231,0.9375,0.8704453441295547,0.5925925925925926,0.9352226720647774,0.9866776315789474,0.935143800239036,0.9473684210526315,0.9473684210526315,0.8704453441295547
0.48999999999999977,0.6,4,3,0.9375,0.8461538461538461,0.896551724137931,0.7893462469733656,0.537037037037037,0.8918269230769231,0.8896232254054263,0.8906566289930316,0.8823529411764706,0.9090909090909091,0.7912994305815039
0.48999999999999977,0.6,5,3,0.9473684210526315,0.7692307692307693,0.875,0.7344398340248963,0.5925925925925926,0.8582995951417003,0.9031842384187792,0.8536655898367083,0.8571428571428571,0.9,0.7410010097502685
0.4999999999999998,0.6,1,3,0.95,1.0,0.9666666666666667,0.926829268292683,0.5555555555555556,0.975,0.9904166666666667,0.9746794344808963,1.0,0.9743589743589743,0.929320377284585
0.4999999999999998,0.6,2,3,0.8947368421052632,0.9166666666666666,0.9032258064516129,0.7991360691144708,0.5740740740740741,0.9057017543859649,0.9817800017871504,0.9056353783927013,0.9444444444444444,0.918918918918919,0.8009333474269521
0.4999999999999998,0.6,3,3,0.9473684210526315,0.9230769230769231,0.9375,0.8704453441295547,0.5925925925925926,0.9352226720647774,0.9866776315789474,0.935143800239036,0.9473684210526315,0.9473684210526315,0.8704453441295547
0.4999999999999998,0.6,4,3,0.9375,0.8461538461538461,0.896551724137931,0.7893462469733656,0.537037037037037,0.8918269230769231,0.8617823163145171,0.8906566289930316,0.8823529411764706,0.9090909090909091,0.7912994305815039
0.4999999999999998,0.6,5,3,0.9473684210526315,0.7692307692307693,0.875,0.7344398340248963,0.5925925925925926,0.8582995951417003,0.9243400691721328,0.8536655898367083,0.8571428571428571,0.9,0.7410010097502685
0.5099999999999998,0.6,1,3,0.95,1.0,0.9666666666666667,0.926829268292683,0.5555555555555556,0.975,0.9904166666666667,0.9746794344808963,1.0,0.9743589743589743,0.929320377284585
0.5099999999999998,0.6,2,3,0.8947368421052632,0.9166666666666666,0.9032258064516129,0.7991360691144708,0.5740740740740741,0.9057017543859649,0.9817800017871503,0.9056353783927013,0.9444444444444444,0.918918918918919,0.8009333474269521
0.5099999999999998,0.6,3,3,0.9473684210526315,0.9230769230769231,0.9375,0.8704453441295547,0.5925925925925926,0.9352226720647774,0.9866776315789474,0.935143800239036,0.9473684210526315,0.9473684210526315,0.8704453441295547
0.5099999999999998,0.6,4,3,0.9375,0.8461538461538461,0.896551724137931,0.7893462469733656,0.537037037037037,0.8918269230769231,0.8680323163145172,0.8906566289930316,0.8823529411764706,0.9090909090909091,0.7912994305815039
0.5099999999999998,0.6,5,3,0.9473684210526315,0.7692307692307693,0.875,0.7344398340248963,0.5925925925925926,0.8582995951417003,0.9243400691721328,0.8536655898367083,0.8571428571428571,0.9,0.7410010097502685
0.5199999999999998,0.6,1,3,0.95,1.0,0.9666666666666667,0.926829268292683,0.5555555555555556,0.975,0.9904166666666666,0.9746794344808963,1.0,0.9743589743589743,0.929320377284585
0.5199999999999998,0.6,2,3,0.8947368421052632,0.9166666666666666,0.9032258064516129,0.7991360691144708,0.5740740740740741,0.9057017543859649,0.9817800017871505,0.9056353783927013,0.9444444444444444,0.918918918918919,0.8009333474269521
0.5199999999999998,0.6,3,3,0.9473684210526315,0.9230769230769231,0.9375,0.8704453441295547,0.5925925925925926,0.9352226720647774,0.9866776315789474,0.935143800239036,0.9473684210526315,0.9473684210526315,0.8704453441295547
0.5199999999999998,0.6,4,3,0.9375,0.8461538461538461,0.896551724137931,0.7893462469733656,0.537037037037037,0.8918269230769231,0.8782595890417899,0.8906566289930316,0.8823529411764706,0.9090909090909091,0.7912994305815039
0.5199999999999998,0.6,5,3,0.9473684210526315,0.7692307692307693,0.875,0.7344398340248963,0.5925925925925926,0.8582995951417003,0.7387363540018543,0.8536655898367083,0.8571428571428571,0.9,0.7410010097502685
0.5299999999999998,0.6,1,3,0.95,1.0,0.9666666666666667,0.926829268292683,0.5555555555555556,0.975,0.9904166666666666,0.9746794344808963,1.0,0.9743589743589743,0.929320377284585
0.5299999999999998,0.6,2,3,0.8947368421052632,0.9166666666666666,0.9032258064516129,0.7991360691144708,0.5740740740740741,0.9057017543859649,0.9817800017871503,0.9056353783927013,0.9444444444444444,0.918918918918919,0.8009333474269521
0.5299999999999998,0.6,3,3,0.9473684210526315,0.9230769230769231,0.9375,0.8704453441295547,0.5925925925925926,0.9352226720647774,0.9866776315789474,0.935143800239036,0.9473684210526315,0.9473684210526315,0.8704453441295547
0.5299999999999998,0.6,4,3,0.9375,0.8461538461538461,0.896551724137931,0.7893462469733656,0.537037037037037,0.8918269230769231,0.8680323163145172,0.8906566289930316,0.8823529411764706,0.9090909090909091,0.7912994305815039
0.5299999999999998,0.6,5,3,0.9473684210526315,0.7692307692307693,0.875,0.7344398340248963,0.5925925925925926,0.8582995951417003,0.9279520402763641,0.8536655898367083,0.8571428571428571,0.9,0.7410010097502685
0.5399999999999998,0.6,1,3,0.95,1.0,0.9666666666666667,0.926829268292683,0.5555555555555556,0.975,0.9904166666666667,0.9746794344808963,1.0,0.9743589743589743,0.929320377284585
0.5399999999999998,0.6,2,3,0.8947368421052632,0.9166666666666666,0.9032258064516129,0.7991360691144708,0.5740740740740741,0.9057017543859649,0.9817800017871503,0.9056353783927013,0.9444444444444444,0.918918918918919,0.8009333474269521
0.5399999999999998,0.6,3,3,0.9473684210526315,0.9230769230769231,0.9375,0.8704453441295547,0.5925925925925926,0.9352226720647774,0.9866776315789474,0.935143800239036,0.9473684210526315,0.9473684210526315,0.8704453441295547
0.5399999999999998,0.6,4,3,0.9375,0.8461538461538461,0.896551724137931,0.7893462469733656,0.537037037037037,0.8918269230769231,0.883941407223608,0.8906566289930316,0.8823529411764706,0.9090909090909091,0.7912994305815039
0.5399999999999998,0.6,5,3,0.9473684210526315,0.7692307692307693,0.875,0.7344398340248963,0.5925925925925926,0.8582995951417003,0.9341439907407605,0.8536655898367083,0.8571428571428571,0.9,0.7410010097502685
0.5499999999999998,0.6,1,3,0.95,1.0,0.9666666666666667,0.926829268292683,0.5555555555555556,0.975,0.9904166666666667,0.9746794344808963,1.0,0.9743589743589743,0.929320377284585
0.5499999999999998,0.6,2,3,0.8947368421052632,0.9166666666666666,0.9032258064516129,0.7991360691144708,0.5740740740740741,0.9057017543859649,0.9817800017871503,0.9056353783927013,0.9444444444444444,0.918918918918919,0.8009333474269521
0.5499999999999998,0.6,3,3,0.9473684210526315,0.9230769230769231,0.9375,0.8704453441295547,0.5925925925925926,0.9352226720647774,0.9866776315789474,0.935143800239036,0.9473684210526315,0.9473684210526315,0.8704453441295547
0.5499999999999998,0.6,4,3,0.9375,0.8461538461538461,0.896551724137931,0.7893462469733656,0.537037037037037,0.8918269230769231,0.856921205203406,0.8906566289930316,0.8823529411764706,0.9090909090909091,0.7912994305815039
0.5499999999999998,0.6,5,3,0.9473684210526315,0.7692307692307693,0.875,0.7344398340248963,0.5925925925925926,0.8582995951417003,0.9421032270668698,0.8536655898367083,0.8571428571428571,0.9,0.7410010097502685
0.5599999999999997,0.6,1,3,0.95,1.0,0.9666666666666667,0.926829268292683,0.5555555555555556,0.975,0.9904166666666666,0.9746794344808963,1.0,0.9743589743589743,0.929320377284585
0.5599999999999997,0.6,2,3,0.8947368421052632,0.9166666666666666,0.9032258064516129,0.7991360691144708,0.5740740740740741,0.9057017543859649,0.9817800017871504,0.9056353783927013,0.9444444444444444,0.918918918918919,0.8009333474269521
0.5599999999999997,0.6,3,3,0.9473684210526315,0.9230769230769231,0.9375,0.8704453441295547,0.5925925925925926,0.9352226720647774,0.9866776315789474,0.935143800239036,0.9473684210526315,0.9473684210526315,0.8704453441295547
0.5599999999999997,0.6,4,3,0.9375,0.8461538461538461,0.896551724137931,0.7893462469733656,0.537037037037037,0.8918269230769231,0.8782595890417899,0.8906566289930316,0.8823529411764706,0.9090909090909091,0.7912994305815039
0.5599999999999997,0.6,5,3,0.9473684210526315,0.7692307692307693,0.875,0.7344398340248963,0.5925925925925926,0.8582995951417003,0.924856065044166,0.8536655898367083,0.8571428571428571,0.9,0.7410010097502685
0.5699999999999997,0.6,1,3,0.95,1.0,0.9666666666666667,0.926829268292683,0.5555555555555556,0.975,0.9904166666666666,0.9746794344808963,1.0,0.9743589743589743,0.929320377284585
0.5699999999999997,0.6,2,3,0.8947368421052632,0.9166666666666666,0.9032258064516129,0.7991360691144708,0.5740740740740741,0.9057017543859649,0.9817800017871504,0.9056353783927013,0.9444444444444444,0.918918918918919,0.8009333474269521
0.5699999999999997,0.6,3,3,0.9473684210526315,0.9230769230769231,0.9375,0.8704453441295547,0.5925925925925926,0.9352226720647774,0.9866776315789474,0.935143800239036,0.9473684210526315,0.9473684210526315,0.8704453441295547
0.5699999999999997,0.6,4,3,0.9375,0.8461538461538461,0.896551724137931,0.7893462469733656,0.537037037037037,0.8918269230769231,0.8782595890417899,0.8906566289930316,0.8823529411764706,0.9090909090909091,0.7912994305815039
0.5699999999999997,0.6,5,3,0.9473684210526315,0.7692307692307693,0.875,0.7344398340248963,0.5925925925925926,0.8582995951417003,0.5032874375931855,0.8536655898367083,0.8571428571428571,0.9,0.7410010097502685
0.5799999999999997,0.6,1,3,0.95,1.0,0.9666666666666667,0.926829268292683,0.5555555555555556,0.975,0.9904166666666667,0.9746794344808963,1.0,0.9743589743589743,0.929320377284585
0.5799999999999997,0.6,2,3,0.8947368421052632,0.9166666666666666,0.9032258064516129,0.7991360691144708,0.5740740740740741,0.9057017543859649,0.9817800017871505,0.9056353783927013,0.9444444444444444,0.918918918918919,0.8009333474269521
0.5799999999999997,0.6,3,3,0.9473684210526315,0.9230769230769231,0.9375,0.8704453441295547,0.5925925925925926,0.9352226720647774,0.9866776315789474,0.935143800239036,0.9473684210526315,0.9473684210526315,0.8704453441295547
0.5799999999999997,0.6,4,3,0.9375,0.8461538461538461,0.896551724137931,0.7893462469733656,0.537037037037037,0.8918269230769231,0.8680323163145172,0.8906566289930316,0.8823529411764706,0.9090909090909091,0.7912994305815039
0.5799999999999997,0.6,5,3,0.9473684210526315,0.7692307692307693,0.875,0.7344398340248963,0.5925925925925926,0.8582995951417003,0.9097201861311972,0.8536655898367083,0.8571428571428571,0.9,0.7410010097502685
0.5899999999999997,0.6,1,3,0.95,1.0,0.9666666666666667,0.926829268292683,0.5555555555555556,0.975,0.9904166666666667,0.9746794344808963,1.0,0.9743589743589743,0.929320377284585
0.5899999999999997,0.6,2,3,0.8947368421052632,0.9166666666666666,0.9032258064516129,0.7991360691144708,0.5740740740740741,0.9057017543859649,0.9817800017871505,0.9056353783927013,0.9444444444444444,0.918918918918919,0.8009333474269521
0.5899999999999997,0.6,3,3,0.9473684210526315,0.9230769230769231,0.9375,0.8704453441295547,0.5925925925925926,0.9352226720647774,0.9866776315789474,0.935143800239036,0.9473684210526315,0.9473684210526315,0.8704453441295547
0.5899999999999997,0.6,4,3,0.9375,0.8461538461538461,0.896551724137931,0.7893462469733656,0.537037037037037,0.8918269230769231,0.8680323163145172,0.8906566289930316,0.8823529411764706,0.9090909090909091,0.7912994305815039
0.5899999999999997,0.6,5,3,0.9473684210526315,0.7692307692307693,0.875,0.7344398340248963,0.5925925925925926,0.8582995951417003,0.9270391245027672,0.8536655898367083,0.8571428571428571,0.9,0.7410010097502685
0.5999999999999998,0.6,1,3,0.95,1.0,0.9666666666666667,0.926829268292683,0.5555555555555556,0.975,0.9904166666666667,0.9746794344808963,1.0,0.9743589743589743,0.929320377284585
0.5999999999999998,0.6,2,3,0.8947368421052632,0.9166666666666666,0.9032258064516129,0.7991360691144708,0.5740740740740741,0.9057017543859649,0.9817800017871504,0.9056353783927013,0.9444444444444444,0.918918918918919,0.8009333474269521
0.5999999999999998,0.6,3,3,0.9473684210526315,0.9230769230769231,0.9375,0.8704453441295547,0.5925925925925926,0.9352226720647774,0.9866776315789474,0.935143800239036,0.9473684210526315,0.9473684210526315,0.8704453441295547
0.5999999999999998,0.6,4,3,0.9375,0.8461538461538461,0.896551724137931,0.7893462469733656,0.537037037037037,0.8918269230769231,0.8896232254054263,0.8906566289930316,0.8823529411764706,0.9090909090909091,0.7912994305815039
0.5999999999999998,0.6,5,3,0.9473684210526315,0.7692307692307693,0.875,0.7344398340248963,0.5925925925925926,0.8582995951417003,0.929091531160437,0.8536655898367083,0.8571428571428571,0.9,0.7410010097502685
0.6099999999999998,0.6,1,3,0.95,1.0,0.9666666666666667,0.926829268292683,0.5555555555555556,0.975,0.9904166666666666,0.9746794344808963,1.0,0.9743589743589743,0.929320377284585
0.6099999999999998,0.6,2,3,0.8947368421052632,0.9166666666666666,0.9032258064516129,0.7991360691144708,0.5740740740740741,0.9057017543859649,0.9817800017871504,0.9056353783927013,0.9444444444444444,0.918918918918919,0.8009333474269521
0.6099999999999998,0.6,3,3,0.9473684210526315,0.9230769230769231,0.9375,0.8704453441295547,0.5925925925925926,0.9352226720647774,0.9866776315789474,0.935143800239036,0.9473684210526315,0.9473684210526315,0.8704453441295547
0.6099999999999998,0.6,4,3,0.9375,0.8461538461538461,0.896551724137931,0.7893462469733656,0.537037037037037,0.8918269230769231,0.8567949425771434,0.8906566289930316,0.8823529411764706,0.9090909090909091,0.7912994305815039
0.6099999999999998,0.6,5,3,0.9473684210526315,0.7692307692307693,0.875,0.7344398340248963,0.5925925925925926,0.8582995951417003,0.9097201861311972,0.8536655898367083,0.8571428571428571,0.9,0.7410010097502685
0.6199999999999998,0.6,1,3,0.95,1.0,0.9666666666666667,0.926829268292683,0.5555555555555556,0.975,0.9904166666666667,0.9746794344808963,1.0,0.9743589743589743,0.929320377284585
0.6199999999999998,0.6,2,3,0.8947368421052632,0.9166666666666666,0.9032258064516129,0.7991360691144708,0.5740740740740741,0.9057017543859649,0.9817800017871504,0.9056353783927013,0.9444444444444444,0.918918918918919,0.8009333474269521
0.6199999999999998,0.6,3,3,0.9473684210526315,0.9230769230769231,0.9375,0.8704453441295547,0.5925925925925926,0.9352226720647774,0.9866776315789474,0.935143800239036,0.9473684210526315,0.9473684210526315,0.8704453441295547
0.6199999999999998,0.6,4,3,0.9375,0.8461538461538461,0.896551724137931,0.7893462469733656,0.537037037037037,0.8918269230769231,0.8617823163145171,0.8906566289930316,0.8823529411764706,0.9090909090909091,0.7912994305815039
0.6199999999999998,0.6,5,3,0.9473684210526315,0.7692307692307693,0.875,0.7344398340248963,0.5925925925925926,0.8582995951417003,0.5442446099358068,0.8536655898367083,0.8571428571428571,0.9,0.7410010097502685
0.6299999999999997,0.6,1,3,0.95,1.0,0.9666666666666667,0.926829268292683,0.5555555555555556,0.975,0.9904166666666666,0.9746794344808963,1.0,0.9743589743589743,0.929320377284585
0.6299999999999997,0.6,2,3,0.8947368421052632,0.9166666666666666,0.9032258064516129,0.7991360691144708,0.5740740740740741,0.9057017543859649,0.9817800017871504,0.9056353783927013,0.9444444444444444,0.918918918918919,0.8009333474269521
0.6299999999999997,0.6,3,3,0.9473684210526315,0.9230769230769231,0.9375,0.8704453441295547,0.5925925925925926,0.9352226720647774,0.9866776315789474,0.935143800239036,0.9473684210526315,0.9473684210526315,0.8704453441295547
0.6299999999999997,0.6,4,3,0.9375,0.8461538461538461,0.896551724137931,0.7893462469733656,0.537037037037037,0.8918269230769231,0.8782595890417899,0.8906566289930316,0.8823529411764706,0.9090909090909091,0.7912994305815039
0.6299999999999997,0.6,5,3,0.9473684210526315,0.7692307692307693,0.875,0.7344398340248963,0.5925925925925926,0.8582995951417003,0.9186641145797696,0.8536655898367083,0.8571428571428571,0.9,0.7410010097502685
0.6399999999999997,0.6,1,3,0.95,1.0,0.9666666666666667,0.926829268292683,0.5555555555555556,0.975,0.9904166666666667,0.9746794344808963,1.0,0.9743589743589743,0.929320377284585
0.6399999999999997,0.6,2,3,0.8947368421052632,0.9166666666666666,0.9032258064516129,0.7991360691144708,0.5740740740740741,0.9057017543859649,0.9817800017871504,0.9056353783927013,0.9444444444444444,0.918918918918919,0.8009333474269521
0.6399999999999997,0.6,3,3,0.9473684210526315,0.9230769230769231,0.9375,0.8704453441295547,0.5925925925925926,0.9352226720647774,0.9866776315789474,0.935143800239036,0.9473684210526315,0.9473684210526315,0.8704453441295547
0.6399999999999997,0.6,4,3,0.9375,0.8461538461538461,0.896551724137931,0.7893462469733656,0.537037037037037,0.8918269230769231,0.8680323163145172,0.8906566289930316,0.8823529411764706,0.9090909090909091,0.7912994305815039
0.6399999999999997,0.6,5,3,0.9473684210526315,0.7692307692307693,0.875,0.7344398340248963,0.5925925925925926,0.8582995951417003,0.9272640457803201,0.8536655898367083,0.8571428571428571,0.9,0.7410010097502685
0.6499999999999997,0.6,1,3,0.95,1.0,0.9666666666666667,0.926829268292683,0.5555555555555556,0.975,0.9904166666666667,0.9746794344808963,1.0,0.9743589743589743,0.929320377284585
0.6499999999999997,0.6,2,3,0.8947368421052632,0.9166666666666666,0.9032258064516129,0.7991360691144708,0.5740740740740741,0.9057017543859649,0.9817800017871504,0.9056353783927013,0.9444444444444444,0.918918918918919,0.8009333474269521
0.6499999999999997,0.6,3,3,0.9473684210526315,0.9230769230769231,0.9375,0.8704453441295547,0.5925925925925926,0.9352226720647774,0.9866776315789474,0.935143800239036,0.9473684210526315,0.9473684210526315,0.8704453441295547
0.6499999999999997,0.6,4,3,0.9375,0.8461538461538461,0.896551724137931,0.7893462469733656,0.537037037037037,0.8918269230769231,0.8567949425771434,0.8906566289930316,0.8823529411764706,0.9090909090909091,0.7912994305815039
0.6499999999999997,0.6,5,3,0.9473684210526315,0.7692307692307693,0.875,0.7344398340248963,0.5925925925925926,0.8582995951417003,0.9356919783568595,0.8536655898367083,0.8571428571428571,0.9,0.7410010097502685
0.6599999999999997,0.6,1,3,0.95,1.0,0.9666666666666667,0.926829268292683,0.5555555555555556,0.975,0.9904166666666667,0.9746794344808963,1.0,0.9743589743589743,0.929320377284585
0.6599999999999997,0.6,2,3,0.8947368421052632,0.9166666666666666,0.9032258064516129,0.7991360691144708,0.5740740740740741,0.9057017543859649,0.9817800017871503,0.9056353783927013,0.9444444444444444,0.918918918918919,0.8009333474269521
0.6599999999999997,0.6,3,3,0.9473684210526315,0.9230769230769231,0.9375,0.8704453441295547,0.5925925925925926,0.9352226720647774,0.9866776315789474,0.935143800239036,0.9473684210526315,0.9473684210526315,0.8704453441295547
0.6599999999999997,0.6,4,3,0.9375,0.8461538461538461,0.896551724137931,0.7893462469733656,0.537037037037037,0.8918269230769231,0.883941407223608,0.8906566289930316,0.8823529411764706,0.9090909090909091,0.7912994305815039
0.6599999999999997,0.6,5,3,0.9473684210526315,0.7692307692307693,0.875,0.7344398340248963,0.5925925925925926,0.8582995951417003,0.9133020574762265,0.8536655898367083,0.8571428571428571,0.9,0.7410010097502685
0.6699999999999997,0.6,1,3,0.95,1.0,0.9666666666666667,0.926829268292683,0.5555555555555556,0.975,0.9904166666666667,0.9746794344808963,1.0,0.9743589743589743,0.929320377284585
0.6699999999999997,0.6,2,3,0.8947368421052632,0.9166666666666666,0.9032258064516129,0.7991360691144708,0.5740740740740741,0.9057017543859649,0.9817800017871504,0.9056353783927013,0.9444444444444444,0.918918918918919,0.8009333474269521
0.6699999999999997,0.6,3,3,0.9473684210526315,0.9230769230769231,0.9375,0.8704453441295547,0.5925925925925926,0.9352226720647774,0.9866776315789474,0.935143800239036,0.9473684210526315,0.9473684210526315,0.8704453441295547
0.6699999999999997,0.6,4,3,0.9375,0.8461538461538461,0.896551724137931,0.7893462469733656,0.537037037037037,0.8918269230769231,0.8725777708599718,0.8906566289930316,0.8823529411764706,0.9090909090909091,0.7912994305815039
0.6699999999999997,0.6,5,3,0.9473684210526315,0.7692307692307693,0.875,0.7344398340248963,0.5925925925925926,0.8582995951417003,0.9418839288212557,0.8536655898367083,0.8571428571428571,0.9,0.7410010097502685
0.6799999999999997,0.6,1,3,0.95,1.0,0.9666666666666667,0.926829268292683,0.5555555555555556,0.975,0.9904166666666667,0.9746794344808963,1.0,0.9743589743589743,0.929320377284585
0.6799999999999997,0.6,2,3,0.8947368421052632,0.9166666666666666,0.9032258064516129,0.7991360691144708,0.5740740740740741,0.9057017543859649,0.9817800017871504,0.9056353783927013,0.9444444444444444,0.918918918918919,0.8009333474269521
0.6799999999999997,0.6,3,3,0.9473684210526315,0.9230769230769231,0.9375,0.8704453441295547,0.5925925925925926,0.9352226720647774,0.9866776315789474,0.935143800239036,0.9473684210526315,0.9473684210526315,0.8704453441295547
0.6799999999999997,0.6,4,3,0.9375,0.8461538461538461,0.896551724137931,0.7893462469733656,0.537037037037037,0.8918269230769231,0.8680323163145172,0.8906566289930316,0.8823529411764706,0.9090909090909091,0.7912994305815039
0.6799999999999997,0.6,5,3,0.9473684210526315,0.7692307692307693,0.875,0.7344398340248963,0.5925925925925926,0.8582995951417003,0.9272640457803201,0.8536655898367083,0.8571428571428571,0.9,0.7410010097502685
0.6899999999999997,0.6,1,3,0.95,1.0,0.9666666666666667,0.926829268292683,0.5555555555555556,0.975,0.9904166666666667,0.9746794344808963,1.0,0.9743589743589743,0.929320377284585
0.6899999999999997,0.6,2,3,0.8947368421052632,0.9166666666666666,0.9032258064516129,0.7991360691144708,0.5740740740740741,0.9057017543859649,0.9817800017871503,0.9056353783927013,0.9444444444444444,0.918918918918919,0.8009333474269521
0.6899999999999997,0.6,3,3,0.9473684210526315,0.9230769230769231,0.9375,0.8704453441295547,0.5925925925925926,0.9352226720647774,0.9866776315789474,0.935143800239036,0.9473684210526315,0.9473684210526315,0.8704453441295547
0.6899999999999997,0.6,4,3,0.9375,0.8461538461538461,0.896551724137931,0.7893462469733656,0.537037037037037,0.8918269230769231,0.883941407223608,0.8906566289930316,0.8823529411764706,0.9090909090909091,0.7912994305815039
0.6899999999999997,0.6,5,3,0.9473684210526315,0.7692307692307693,0.875,0.7344398340248963,0.5925925925925926,0.8582995951417003,0.9243400691721328,0.8536655898367083,0.8571428571428571,0.9,0.7410010097502685
0.6999999999999996,0.6,1,3,0.95,1.0,0.9666666666666667,0.926829268292683,0.5555555555555556,0.975,0.9904166666666667,0.9746794344808963,1.0,0.9743589743589743,0.929320377284585
0.6999999999999996,0.6,2,3,0.8947368421052632,0.9166666666666666,0.9032258064516129,0.7991360691144708,0.5740740740740741,0.9057017543859649,0.9817800017871504,0.9056353783927013,0.9444444444444444,0.918918918918919,0.8009333474269521
0.6999999999999996,0.6,3,3,0.9473684210526315,0.9230769230769231,0.9375,0.8704453441295547,0.5925925925925926,0.9352226720647774,0.9866776315789474,0.935143800239036,0.9473684210526315,0.9473684210526315,0.8704453441295547
0.6999999999999996,0.6,4,3,0.9375,0.8461538461538461,0.896551724137931,0.7893462469733656,0.537037037037037,0.8918269230769231,0.8680323163145172,0.8906566289930316,0.8823529411764706,0.9090909090909091,0.7912994305815039
0.6999999999999996,0.6,5,3,0.9473684210526315,0.7692307692307693,0.875,0.7344398340248963,0.5925925925925926,0.8582995951417003,0.9186641145797696,0.8536655898367083,0.8571428571428571,0.9,0.7410010097502685
0.7099999999999996,0.6,1,3,0.95,1.0,0.9666666666666667,0.926829268292683,0.5555555555555556,0.975,0.9904166666666667,0.9746794344808963,1.0,0.9743589743589743,0.929320377284585
0.7099999999999996,0.6,2,3,0.8947368421052632,0.9166666666666666,0.9032258064516129,0.7991360691144708,0.5740740740740741,0.9057017543859649,0.9817800017871504,0.9056353783927013,0.9444444444444444,0.918918918918919,0.8009333474269521
0.7099999999999996,0.6,3,3,0.9473684210526315,0.9230769230769231,0.9375,0.8704453441295547,0.5925925925925926,0.9352226720647774,0.9866776315789474,0.935143800239036,0.9473684210526315,0.9473684210526315,0.8704453441295547
0.7099999999999996,0.6,4,3,0.9375,0.8461538461538461,0.896551724137931,0.7893462469733656,0.537037037037037,0.8918269230769231,0.8498504981326989,0.8906566289930316,0.8823529411764706,0.9090909090909091,0.7912994305815039
0.7099999999999996,0.6,5,3,0.9473684210526315,0.7692307692307693,0.875,0.7344398340248963,0.5925925925925926,0.8582995951417003,0.9126441627393844,0.8536655898367083,0.8571428571428571,0.9,0.7410010097502685
0.7199999999999996,0.6,1,3,0.95,1.0,0.9666666666666667,0.926829268292683,0.5555555555555556,0.975,0.9904166666666667,0.9746794344808963,1.0,0.9743589743589743,0.929320377284585
0.7199999999999996,0.6,2,3,0.8947368421052632,0.9166666666666666,0.9032258064516129,0.7991360691144708,0.5740740740740741,0.9057017543859649,0.9817800017871504,0.9056353783927013,0.9444444444444444,0.918918918918919,0.8009333474269521
0.7199999999999996,0.6,3,3,0.9473684210526315,0.9230769230769231,0.9375,0.8704453441295547,0.5925925925925926,0.9352226720647774,0.9866776315789474,0.935143800239036,0.9473684210526315,0.9473684210526315,0.8704453441295547
0.7199999999999996,0.6,4,3,0.9375,0.8461538461538461,0.896551724137931,0.7893462469733656,0.537037037037037,0.8918269230769231,0.8782595890417899,0.8906566289930316,0.8823529411764706,0.9090909090909091,0.7912994305815039
0.7199999999999996,0.6,5,3,0.9473684210526315,0.7692307692307693,0.875,0.7344398340248963,0.5925925925925926,0.8582995951417003,0.9279520402763641,0.8536655898367083,0.8571428571428571,0.9,0.7410010097502685
0.7299999999999996,0.6,1,3,0.95,1.0,0.9666666666666667,0.926829268292683,0.5555555555555556,0.975,0.9904166666666667,0.9746794344808963,1.0,0.9743589743589743,0.929320377284585
0.7299999999999996,0.6,2,3,0.8947368421052632,0.9166666666666666,0.9032258064516129,0.7991360691144708,0.5740740740740741,0.9057017543859649,0.9817800017871504,0.9056353783927013,0.9444444444444444,0.918918918918919,0.8009333474269521
0.7299999999999996,0.6,3,3,0.9473684210526315,0.9230769230769231,0.9375,0.8704453441295547,0.5925925925925926,0.9352226720647774,0.9866776315789474,0.935143800239036,0.9473684210526315,0.9473684210526315,0.8704453441295547
0.7299999999999996,0.6,4,3,0.9375,0.8461538461538461,0.896551724137931,0.7893462469733656,0.537037037037037,0.8918269230769231,0.8617823163145171,0.8906566289930316,0.8823529411764706,0.9090909090909091,0.7912994305815039
0.7299999999999996,0.6,5,3,0.9473684210526315,0.7692307692307693,0.875,0.7344398340248963,0.5925925925925926,0.8582995951417003,0.9272640457803201,0.8536655898367083,0.8571428571428571,0.9,0.7410010097502685
0.7399999999999997,0.6,1,3,0.95,1.0,0.9666666666666667,0.926829268292683,0.5555555555555556,0.975,0.9904166666666666,0.9746794344808963,1.0,0.9743589743589743,0.929320377284585
0.7399999999999997,0.6,2,3,0.8947368421052632,0.9166666666666666,0.9032258064516129,0.7991360691144708,0.5740740740740741,0.9057017543859649,0.9817800017871504,0.9056353783927013,0.9444444444444444,0.918918918918919,0.8009333474269521
0.7399999999999997,0.6,3,3,0.9473684210526315,0.9230769230769231,0.9375,0.8704453441295547,0.5925925925925926,0.9352226720647774,0.9866776315789474,0.935143800239036,0.9473684210526315,0.9473684210526315,0.8704453441295547
0.7399999999999997,0.6,4,3,0.9375,0.8461538461538461,0.896551724137931,0.7893462469733656,0.537037037037037,0.8918269230769231,0.8367823163145172,0.8906566289930316,0.8823529411764706,0.9090909090909091,0.7912994305815039
0.7399999999999997,0.6,5,3,0.9473684210526315,0.7692307692307693,0.875,0.7344398340248963,0.5925925925925926,0.8582995951417003,0.9217600898119678,0.8536655898367083,0.8571428571428571,0.9,0.7410010097502685
0.7499999999999997,0.6,1,3,0.95,1.0,0.9666666666666667,0.926829268292683,0.5555555555555556,0.975,0.9904166666666667,0.9746794344808963,1.0,0.9743589743589743,0.929320377284585
0.7499999999999997,0.6,2,3,0.8947368421052632,0.9166666666666666,0.9032258064516129,0.7991360691144708,0.5740740740740741,0.9057017543859649,0.9817800017871504,0.9056353783927013,0.9444444444444444,0.918918918918919,0.8009333474269521
0.7499999999999997,0.6,3,3,0.9473684210526315,0.9230769230769231,0.9375,0.8704453441295547,0.5925925925925926,0.9352226720647774,0.9866776315789474,0.935143800239036,0.9473684210526315,0.9473684210526315,0.8704453441295547
0.7499999999999997,0.6,4,3,0.9375,0.8461538461538461,0.896551724137931,0.7893462469733656,0.537037037037037,0.8918269230769231,0.8782595890417899,0.8906566289930316,0.8823529411764706,0.9090909090909091,0.7912994305815039
0.7499999999999997,0.6,5,3,0.9473684210526315,0.7692307692307693,0.875,0.7344398340248963,0.5925925925925926,0.8582995951417003,0.9126441627393844,0.8536655898367083,0.8571428571428571,0.9,0.7410010097502685
0.7599999999999997,0.6,1,3,0.95,1.0,0.9666666666666667,0.926829268292683,0.5555555555555556,0.975,0.9904166666666667,0.9746794344808963,1.0,0.9743589743589743,0.929320377284585
0.7599999999999997,0.6,2,3,0.8947368421052632,0.9166666666666666,0.9032258064516129,0.7991360691144708,0.5740740740740741,0.9057017543859649,0.9817800017871503,0.9056353783927013,0.9444444444444444,0.918918918918919,0.8009333474269521
0.7599999999999997,0.6,3,3,0.9473684210526315,0.9230769230769231,0.9375,0.8704453441295547,0.5925925925925926,0.9352226720647774,0.9866776315789474,0.935143800239036,0.9473684210526315,0.9473684210526315,0.8704453441295547
0.7599999999999997,0.6,4,3,0.9375,0.8461538461538461,0.896551724137931,0.7893462469733656,0.537037037037037,0.8918269230769231,0.883941407223608,0.8906566289930316,0.8823529411764706,0.9090909090909091,0.7912994305815039
0.7599999999999997,0.6,5,3,0.9473684210526315,0.7692307692307693,0.875,0.7344398340248963,0.5925925925925926,0.8582995951417003,0.9372055662481563,0.8536655898367083,0.8571428571428571,0.9,0.7410010097502685
0.7699999999999997,0.6,1,3,0.95,1.0,0.9666666666666667,0.926829268292683,0.5555555555555556,0.975,0.9904166666666667,0.9746794344808963,1.0,0.9743589743589743,0.929320377284585
0.7699999999999997,0.6,2,3,0.8947368421052632,0.9166666666666666,0.9032258064516129,0.7991360691144708,0.5740740740740741,0.9057017543859649,0.9817800017871504,0.9056353783927013,0.9444444444444444,0.918918918918919,0.8009333474269521
0.7699999999999997,0.6,3,3,0.9473684210526315,0.9230769230769231,0.9375,0.8704453441295547,0.5925925925925926,0.9352226720647774,0.9866776315789474,0.935143800239036,0.9473684210526315,0.9473684210526315,0.8704453441295547
0.7699999999999997,0.6,4,3,0.9375,0.8461538461538461,0.896551724137931,0.7893462469733656,0.537037037037037,0.8918269230769231,0.8782595890417899,0.8906566289930316,0.8823529411764706,0.9090909090909091,0.7912994305815039
0.7699999999999997,0.6,5,3,0.9473684210526315,0.7692307692307693,0.875,0.7344398340248963,0.5925925925925926,0.8582995951417003,0.9225340836200173,0.8536655898367083,0.8571428571428571,0.9,0.7410010097502685
0.7799999999999997,0.6,1,3,0.95,1.0,0.9666666666666667,0.926829268292683,0.5555555555555556,0.975,0.9904166666666667,0.9746794344808963,1.0,0.9743589743589743,0.929320377284585
0.7799999999999997,0.6,2,3,0.8947368421052632,0.9166666666666666,0.9032258064516129,0.7991360691144708,0.5740740740740741,0.9057017543859649,0.9817800017871504,0.9056353783927013,0.9444444444444444,0.918918918918919,0.8009333474269521
0.7799999999999997,0.6,3,3,0.9473684210526315,0.9230769230769231,0.9375,0.8704453441295547,0.5925925925925926,0.9352226720647774,0.9866776315789474,0.935143800239036,0.9473684210526315,0.9473684210526315,0.8704453441295547
0.7799999999999997,0.6,4,3,0.9375,0.8461538461538461,0.896551724137931,0.7893462469733656,0.537037037037037,0.8918269230769231,0.8725777708599718,0.8906566289930316,0.8823529411764706,0.9090909090909091,0.7912994305815039
0.7799999999999997,0.6,5,3,0.9473684210526315,0.7692307692307693,0.875,0.7344398340248963,0.5925925925925926,0.8582995951417003,0.9097889855808017,0.8536655898367083,0.8571428571428571,0.9,0.7410010097502685
0.7899999999999996,0.6,1,3,0.95,1.0,0.9666666666666667,0.926829268292683,0.5555555555555556,0.975,0.9904166666666667,0.9746794344808963,1.0,0.9743589743589743,0.929320377284585
0.7899999999999996,0.6,2,3,0.8947368421052632,0.9166666666666666,0.9032258064516129,0.7991360691144708,0.5740740740740741,0.9057017543859649,0.9817800017871504,0.9056353783927013,0.9444444444444444,0.918918918918919,0.8009333474269521
0.7899999999999996,0.6,3,3,0.9473684210526315,0.9230769230769231,0.9375,0.8704453441295547,0.5925925925925926,0.9352226720647774,0.9866776315789474,0.935143800239036,0.9473684210526315,0.9473684210526315,0.8704453441295547
0.7899999999999996,0.6,4,3,0.9375,0.8461538461538461,0.896551724137931,0.7893462469733656,0.537037037037037,0.8918269230769231,0.8680323163145172,0.8906566289930316,0.8823529411764706,0.9090909090909091,0.7912994305815039
0.7899999999999996,0.6,5,3,0.9473684210526315,0.7692307692307693,0.875,0.7344398340248963,0.5925925925925926,0.8582995951417003,0.9243400691721328,0.8536655898367083,0.8571428571428571,0.9,0.7410010097502685
0.7999999999999996,0.6,1,3,0.95,1.0,0.9666666666666667,0.926829268292683,0.5555555555555556,0.975,0.9904166666666667,0.9746794344808963,1.0,0.9743589743589743,0.929320377284585
0.7999999999999996,0.6,2,3,0.8947368421052632,0.9166666666666666,0.9032258064516129,0.7991360691144708,0.5740740740740741,0.9057017543859649,0.9817800017871504,0.9056353783927013,0.9444444444444444,0.918918918918919,0.8009333474269521
0.7999999999999996,0.6,3,3,0.9473684210526315,0.9230769230769231,0.9375,0.8704453441295547,0.5925925925925926,0.9352226720647774,0.9866776315789474,0.935143800239036,0.9473684210526315,0.9473684210526315,0.8704453441295547
0.7999999999999996,0.6,4,3,0.9375,0.8461538461538461,0.896551724137931,0.7893462469733656,0.537037037037037,0.8918269230769231,0.8617823163145171,0.8906566289930316,0.8823529411764706,0.9090909090909091,0.7912994305815039
0.7999999999999996,0.6,5,3,0.9473684210526315,0.7692307692307693,0.875,0.7344398340248963,0.5925925925925926,0.8582995951417003,0.9272640457803201,0.8536655898367083,0.8571428571428571,0.9,0.7410010097502685
0.8099999999999996,0.6,1,3,0.95,1.0,0.9666666666666667,0.926829268292683,0.5555555555555556,0.975,0.9904166666666667,0.9746794344808963,1.0,0.9743589743589743,0.929320377284585
0.8099999999999996,0.6,2,3,0.8947368421052632,0.9166666666666666,0.9032258064516129,0.7991360691144708,0.5740740740740741,0.9057017543859649,0.9817800017871505,0.9056353783927013,0.9444444444444444,0.918918918918919,0.8009333474269521
0.8099999999999996,0.6,3,3,0.9473684210526315,0.9230769230769231,0.9375,0.8704453441295547,0.5925925925925926,0.9352226720647774,0.9866776315789474,0.935143800239036,0.9473684210526315,0.9473684210526315,0.8704453441295547
0.8099999999999996,0.6,4,3,0.9375,0.8461538461538461,0.896551724137931,0.7893462469733656,0.537037037037037,0.8918269230769231,0.8896232254054263,0.8906566289930316,0.8823529411764706,0.9090909090909091,0.7912994305815039
0.8099999999999996,0.6,5,3,0.9473684210526315,0.7692307692307693,0.875,0.7344398340248963,0.5925925925925926,0.8582995951417003,0.9243400691721328,0.8536655898367083,0.8571428571428571,0.9,0.7410010097502685
0.8199999999999996,0.6,1,3,0.95,1.0,0.9666666666666667,0.926829268292683,0.5555555555555556,0.975,0.9904166666666666,0.9746794344808963,1.0,0.9743589743589743,0.929320377284585
0.8199999999999996,0.6,2,3,0.8947368421052632,0.9166666666666666,0.9032258064516129,0.7991360691144708,0.5740740740740741,0.9057017543859649,0.9817800017871504,0.9056353783927013,0.9444444444444444,0.918918918918919,0.8009333474269521
0.8199999999999996,0.6,3,3,0.9473684210526315,0.9230769230769231,0.9375,0.8704453441295547,0.5925925925925926,0.9352226720647774,0.9866776315789474,0.935143800239036,0.9473684210526315,0.9473684210526315,0.8704453441295547
0.8199999999999996,0.6,4,3,0.9375,0.8461538461538461,0.896551724137931,0.7893462469733656,0.537037037037037,0.8918269230769231,0.8782595890417899,0.8906566289930316,0.8823529411764706,0.9090909090909091,0.7912994305815039
0.8199999999999996,0.6,5,3,0.9473684210526315,0.7692307692307693,0.875,0.7344398340248963,0.5925925925925926,0.8582995951417003,0.947011637799584,0.8536655898367083,0.8571428571428571,0.9,0.7410010097502685
0.8299999999999996,0.6,1,3,0.95,1.0,0.9666666666666667,0.926829268292683,0.5555555555555556,0.975,0.9904166666666667,0.9746794344808963,1.0,0.9743589743589743,0.929320377284585
0.8299999999999996,0.6,2,3,0.8947368421052632,0.9166666666666666,0.9032258064516129,0.7991360691144708,0.5740740740740741,0.9057017543859649,0.9817800017871504,0.9056353783927013,0.9444444444444444,0.918918918918919,0.8009333474269521
0.8299999999999996,0.6,3,3,0.9473684210526315,0.9230769230769231,0.9375,0.8704453441295547,0.5925925925925926,0.9352226720647774,0.9866776315789474,0.935143800239036,0.9473684210526315,0.9473684210526315,0.8704453441295547
0.8299999999999996,0.6,4,3,0.9375,0.8461538461538461,0.896551724137931,0.7893462469733656,0.537037037037037,0.8918269230769231,0.8680323163145172,0.8906566289930316,0.8823529411764706,0.9090909090909091,0.7912994305815039
0.8299999999999996,0.6,5,3,0.9473684210526315,0.7692307692307693,0.875,0.7344398340248963,0.5925925925925926,0.8582995951417003,0.9279520402763641,0.8536655898367083,0.8571428571428571,0.9,0.7410010097502685
0.8399999999999996,0.6,1,3,0.95,1.0,0.9666666666666667,0.926829268292683,0.5555555555555556,0.975,0.9904166666666667,0.9746794344808963,1.0,0.9743589743589743,0.929320377284585
0.8399999999999996,0.6,2,3,0.8947368421052632,0.9166666666666666,0.9032258064516129,0.7991360691144708,0.5740740740740741,0.9057017543859649,0.9817800017871504,0.9056353783927013,0.9444444444444444,0.918918918918919,0.8009333474269521
0.8399999999999996,0.6,3,3,0.9473684210526315,0.9230769230769231,0.9375,0.8704453441295547,0.5925925925925926,0.9352226720647774,0.9866776315789474,0.935143800239036,0.9473684210526315,0.9473684210526315,0.8704453441295547
0.8399999999999996,0.6,4,3,0.9375,0.8461538461538461,0.896551724137931,0.7893462469733656,0.537037037037037,0.8918269230769231,0.8617823163145171,0.8906566289930316,0.8823529411764706,0.9090909090909091,0.7912994305815039
0.8399999999999996,0.6,5,3,0.9473684210526315,0.7692307692307693,0.875,0.7344398340248963,0.5925925925925926,0.8582995951417003,0.9272640457803201,0.8536655898367083,0.8571428571428571,0.9,0.7410010097502685
0.8499999999999996,0.6,1,3,0.95,1.0,0.9666666666666667,0.926829268292683,0.5555555555555556,0.975,0.9904166666666667,0.9746794344808963,1.0,0.9743589743589743,0.929320377284585
0.8499999999999996,0.6,2,3,0.8947368421052632,0.9166666666666666,0.9032258064516129,0.7991360691144708,0.5740740740740741,0.9057017543859649,0.9817800017871505,0.9056353783927013,0.9444444444444444,0.918918918918919,0.8009333474269521
0.8499999999999996,0.6,3,3,0.9473684210526315,0.9230769230769231,0.9375,0.8704453441295547,0.5925925925925926,0.9352226720647774,0.9866776315789474,0.935143800239036,0.9473684210526315,0.9473684210526315,0.8704453441295547
0.8499999999999996,0.6,4,3,0.9375,0.8461538461538461,0.896551724137931,0.7893462469733656,0.537037037037037,0.8918269230769231,0.8680323163145172,0.8906566289930316,0.8823529411764706,0.9090909090909091,0.7912994305815039
0.8499999999999996,0.6,5,3,0.9473684210526315,0.7692307692307693,0.875,0.7344398340248963,0.5925925925925926,0.8582995951417003,0.9186641145797696,0.8536655898367083,0.8571428571428571,0.9,0.7410010097502685
0.8599999999999995,0.6,1,3,0.95,1.0,0.9666666666666667,0.926829268292683,0.5555555555555556,0.975,0.9904166666666667,0.9746794344808963,1.0,0.9743589743589743,0.929320377284585
0.8599999999999995,0.6,2,3,0.8947368421052632,0.9166666666666666,0.9032258064516129,0.7991360691144708,0.5740740740740741,0.9057017543859649,0.9817800017871504,0.9056353783927013,0.9444444444444444,0.918918918918919,0.8009333474269521
0.8599999999999995,0.6,3,3,0.9473684210526315,0.9230769230769231,0.9375,0.8704453441295547,0.5925925925925926,0.9352226720647774,0.9866776315789474,0.935143800239036,0.9473684210526315,0.9473684210526315,0.8704453441295547
0.8599999999999995,0.6,4,3,0.9375,0.8461538461538461,0.896551724137931,0.7893462469733656,0.537037037037037,0.8918269230769231,0.8498504981326989,0.8906566289930316,0.8823529411764706,0.9090909090909091,0.7912994305815039
0.8599999999999995,0.6,5,3,0.9473684210526315,0.7692307692307693,0.875,0.7344398340248963,0.5925925925925926,0.8582995951417003,0.9272640457803201,0.8536655898367083,0.8571428571428571,0.9,0.7410010097502685
0.8699999999999996,0.6,1,3,0.95,1.0,0.9666666666666667,0.926829268292683,0.5555555555555556,0.975,0.9904166666666666,0.9746794344808963,1.0,0.9743589743589743,0.929320377284585
0.8699999999999996,0.6,2,3,0.8947368421052632,0.9166666666666666,0.9032258064516129,0.7991360691144708,0.5740740740740741,0.9057017543859649,0.9817800017871504,0.9056353783927013,0.9444444444444444,0.918918918918919,0.8009333474269521
0.8699999999999996,0.6,3,3,0.9473684210526315,0.9230769230769231,0.9375,0.8704453441295547,0.5925925925925926,0.9352226720647774,0.9866776315789474,0.935143800239036,0.9473684210526315,0.9473684210526315,0.8704453441295547
0.8699999999999996,0.6,4,3,0.9375,0.8461538461538461,0.896551724137931,0.7893462469733656,0.537037037037037,0.8918269230769231,0.8617823163145171,0.8906566289930316,0.8823529411764706,0.9090909090909091,0.7912994305815039
0.8699999999999996,0.6,5,3,0.9473684210526315,0.7692307692307693,0.875,0.7344398340248963,0.5925925925925926,0.8582995951417003,0.9243400691721328,0.8536655898367083,0.8571428571428571,0.9,0.7410010097502685
0.8799999999999996,0.6,1,3,0.95,1.0,0.9666666666666667,0.926829268292683,0.5555555555555556,0.975,0.9904166666666667,0.9746794344808963,1.0,0.9743589743589743,0.929320377284585
0.8799999999999996,0.6,2,3,0.8947368421052632,0.9166666666666666,0.9032258064516129,0.7991360691144708,0.5740740740740741,0.9057017543859649,0.9817800017871503,0.9056353783927013,0.9444444444444444,0.918918918918919,0.8009333474269521
0.8799999999999996,0.6,3,3,0.9473684210526315,0.9230769230769231,0.9375,0.8704453441295547,0.5925925925925926,0.9352226720647774,0.9866776315789474,0.935143800239036,0.9473684210526315,0.9473684210526315,0.8704453441295547
0.8799999999999996,0.6,4,3,0.9375,0.8461538461538461,0.896551724137931,0.7893462469733656,0.537037037037037,0.8918269230769231,0.8742823163145171,0.8906566289930316,0.8823529411764706,0.9090909090909091,0.7912994305815039
0.8799999999999996,0.6,5,3,0.9473684210526315,0.7692307692307693,0.875,0.7344398340248963,0.5925925925925926,0.8582995951417003,0.9279520402763641,0.8536655898367083,0.8571428571428571,0.9,0.7410010097502685
0.8899999999999996,0.6,1,3,0.95,1.0,0.9666666666666667,0.926829268292683,0.5555555555555556,0.975,0.9904166666666667,0.9746794344808963,1.0,0.9743589743589743,0.929320377284585
0.8899999999999996,0.6,2,3,0.8947368421052632,0.9166666666666666,0.9032258064516129,0.7991360691144708,0.5740740740740741,0.9057017543859649,0.9817800017871504,0.9056353783927013,0.9444444444444444,0.918918918918919,0.8009333474269521
0.8899999999999996,0.6,3,3,0.9473684210526315,0.9230769230769231,0.9375,0.8704453441295547,0.5925925925925926,0.9352226720647774,0.9866776315789474,0.935143800239036,0.9473684210526315,0.9473684210526315,0.8704453441295547
0.8899999999999996,0.6,4,3,0.9375,0.8461538461538461,0.896551724137931,0.7893462469733656,0.537037037037037,0.8918269230769231,0.8782595890417899,0.8906566289930316,0.8823529411764706,0.9090909090909091,0.7912994305815039
0.8899999999999996,0.6,5,3,0.9473684210526315,0.7692307692307693,0.875,0.7344398340248963,0.5925925925925926,0.8582995951417003,0.9126656625673858,0.8536655898367083,0.8571428571428571,0.9,0.7410010097502685
0.8999999999999996,0.6,1,3,0.95,1.0,0.9666666666666667,0.926829268292683,0.5555555555555556,0.975,0.9904166666666667,0.9746794344808963,1.0,0.9743589743589743,0.929320377284585
0.8999999999999996,0.6,2,3,0.8947368421052632,0.9166666666666666,0.9032258064516129,0.7991360691144708,0.5740740740740741,0.9057017543859649,0.9817800017871504,0.9056353783927013,0.9444444444444444,0.918918918918919,0.8009333474269521
0.8999999999999996,0.6,3,3,0.9473684210526315,0.9230769230769231,0.9375,0.8704453441295547,0.5925925925925926,0.9352226720647774,0.9866776315789474,0.935143800239036,0.9473684210526315,0.9473684210526315,0.8704453441295547
0.8999999999999996,0.6,4,3,0.9375,0.8461538461538461,0.896551724137931,0.7893462469733656,0.537037037037037,0.8918269230769231,0.883941407223608,0.8906566289930316,0.8823529411764706,0.9090909090909091,0.7912994305815039
0.8999999999999996,0.6,5,3,0.9473684210526315,0.7692307692307693,0.875,0.7344398340248963,0.5925925925925926,0.8582995951417003,0.9186641145797696,0.8536655898367083,0.8571428571428571,0.9,0.7410010097502685
0.9099999999999996,0.6,1,3,0.95,1.0,0.9666666666666667,0.926829268292683,0.5555555555555556,0.975,0.9904166666666667,0.9746794344808963,1.0,0.9743589743589743,0.929320377284585
0.9099999999999996,0.6,2,3,0.8947368421052632,0.9166666666666666,0.9032258064516129,0.7991360691144708,0.5740740740740741,0.9057017543859649,0.9817800017871504,0.9056353783927013,0.9444444444444444,0.918918918918919,0.8009333474269521
0.9099999999999996,0.6,3,3,0.9473684210526315,0.9230769230769231,0.9375,0.8704453441295547,0.5925925925925926,0.9352226720647774,0.9866776315789474,0.935143800239036,0.9473684210526315,0.9473684210526315,0.8704453441295547
0.9099999999999996,0.6,4,3,0.9375,0.8461538461538461,0.896551724137931,0.7893462469733656,0.537037037037037,0.8918269230769231,0.8680323163145172,0.8906566289930316,0.8823529411764706,0.9090909090909091,0.7912994305815039
0.9099999999999996,0.6,5,3,0.9473684210526315,0.7692307692307693,0.875,0.7344398340248963,0.5925925925925926,0.8582995951417003,0.9159336364235949,0.8536655898367083,0.8571428571428571,0.9,0.7410010097502685
0.9199999999999996,0.6,1,3,0.95,1.0,0.9666666666666667,0.926829268292683,0.5555555555555556,0.975,0.9904166666666667,0.9746794344808963,1.0,0.9743589743589743,0.929320377284585
0.9199999999999996,0.6,2,3,0.8947368421052632,0.9166666666666666,0.9032258064516129,0.7991360691144708,0.5740740740740741,0.9057017543859649,0.9817800017871504,0.9056353783927013,0.9444444444444444,0.918918918918919,0.8009333474269521
0.9199999999999996,0.6,3,3,0.9473684210526315,0.9230769230769231,0.9375,0.8704453441295547,0.5925925925925926,0.9352226720647774,0.9866776315789474,0.935143800239036,0.9473684210526315,0.9473684210526315,0.8704453441295547
0.9199999999999996,0.6,4,3,0.9375,0.8461538461538461,0.896551724137931,0.7893462469733656,0.537037037037037,0.8918269230769231,0.8617823163145171,0.8906566289930316,0.8823529411764706,0.9090909090909091,0.7912994305815039
0.9199999999999996,0.6,5,3,0.9473684210526315,0.7692307692307693,0.875,0.7344398340248963,0.5925925925925926,0.8582995951417003,0.9310480155085622,0.8536655898367083,0.8571428571428571,0.9,0.7410010097502685
0.9299999999999996,0.6,1,3,0.95,1.0,0.9666666666666667,0.926829268292683,0.5555555555555556,0.975,0.9904166666666667,0.9746794344808963,1.0,0.9743589743589743,0.929320377284585
0.9299999999999996,0.6,2,3,0.8947368421052632,0.9166666666666666,0.9032258064516129,0.7991360691144708,0.5740740740740741,0.9057017543859649,0.9817800017871504,0.9056353783927013,0.9444444444444444,0.918918918918919,0.8009333474269521
0.9299999999999996,0.6,3,3,0.9473684210526315,0.9230769230769231,0.9375,0.8704453441295547,0.5925925925925926,0.9352226720647774,0.9866776315789474,0.935143800239036,0.9473684210526315,0.9473684210526315,0.8704453441295547
0.9299999999999996,0.6,4,3,0.9375,0.8461538461538461,0.896551724137931,0.7893462469733656,0.537037037037037,0.8918269230769231,0.8725777708599718,0.8906566289930316,0.8823529411764706,0.9090909090909091,0.7912994305815039
0.9299999999999996,0.6,5,3,0.9473684210526315,0.7692307692307693,0.875,0.7344398340248963,0.5925925925925926,0.8582995951417003,0.9279520402763641,0.8536655898367083,0.8571428571428571,0.9,0.7410010097502685
0.9399999999999996,0.6,1,3,0.95,1.0,0.9666666666666667,0.926829268292683,0.5555555555555556,0.975,0.9904166666666667,0.9746794344808963,1.0,0.9743589743589743,0.929320377284585
0.9399999999999996,0.6,2,3,0.8947368421052632,0.9166666666666666,0.9032258064516129,0.7991360691144708,0.5740740740740741,0.9057017543859649,0.9817800017871505,0.9056353783927013,0.9444444444444444,0.918918918918919,0.8009333474269521
0.9399999999999996,0.6,3,3,0.9473684210526315,0.9230769230769231,0.9375,0.8704453441295547,0.5925925925925926,0.9352226720647774,0.9866776315789474,0.935143800239036,0.9473684210526315,0.9473684210526315,0.8704453441295547
0.9399999999999996,0.6,4,3,0.9375,0.8461538461538461,0.896551724137931,0.7893462469733656,0.537037037037037,0.8918269230769231,0.8782595890417899,0.8906566289930316,0.8823529411764706,0.9090909090909091,0.7912994305815039
0.9399999999999996,0.6,5,3,0.9473684210526315,0.7692307692307693,0.875,0.7344398340248963,0.5925925925925926,0.8582995951417003,0.9272640457803201,0.8536655898367083,0.8571428571428571,0.9,0.7410010097502685
0.9499999999999995,0.6,1,3,0.95,1.0,0.9666666666666667,0.926829268292683,0.5555555555555556,0.975,0.9904166666666667,0.9746794344808963,1.0,0.9743589743589743,0.929320377284585
0.9499999999999995,0.6,2,3,0.8947368421052632,0.9166666666666666,0.9032258064516129,0.7991360691144708,0.5740740740740741,0.9057017543859649,0.9817800017871504,0.9056353783927013,0.9444444444444444,0.918918918918919,0.8009333474269521
0.9499999999999995,0.6,3,3,0.9473684210526315,0.9230769230769231,0.9375,0.8704453441295547,0.5925925925925926,0.9352226720647774,0.9866776315789474,0.935143800239036,0.9473684210526315,0.9473684210526315,0.8704453441295547
0.9499999999999995,0.6,4,3,0.9375,0.8461538461538461,0.896551724137931,0.7893462469733656,0.537037037037037,0.8918269230769231,0.8725777708599718,0.8906566289930316,0.8823529411764706,0.9090909090909091,0.7912994305815039
0.9499999999999995,0.6,5,3,0.9473684210526315,0.7692307692307693,0.875,0.7344398340248963,0.5925925925925926,0.8582995951417003,0.9186641145797696,0.8536655898367083,0.8571428571428571,0.9,0.7410010097502685
0.9599999999999995,0.6,1,3,0.95,1.0,0.9666666666666667,0.926829268292683,0.5555555555555556,0.975,0.9904166666666667,0.9746794344808963,1.0,0.9743589743589743,0.929320377284585
0.9599999999999995,0.6,2,3,0.8947368421052632,0.9166666666666666,0.9032258064516129,0.7991360691144708,0.5740740740740741,0.9057017543859649,0.9817800017871504,0.9056353783927013,0.9444444444444444,0.918918918918919,0.8009333474269521
0.9599999999999995,0.6,3,3,0.9473684210526315,0.9230769230769231,0.9375,0.8704453441295547,0.5925925925925926,0.9352226720647774,0.9866776315789474,0.935143800239036,0.9473684210526315,0.9473684210526315,0.8704453441295547
0.9599999999999995,0.6,4,3,0.9375,0.8461538461538461,0.896551724137931,0.7893462469733656,0.537037037037037,0.8918269230769231,0.8725777708599718,0.8906566289930316,0.8823529411764706,0.9090909090909091,0.7912994305815039
0.9599999999999995,0.6,5,3,0.9473684210526315,0.7692307692307693,0.875,0.7344398340248963,0.5925925925925926,0.8582995951417003,0.9272640457803201,0.8536655898367083,0.8571428571428571,0.9,0.7410010097502685
0.9699999999999995,0.6,1,3,0.95,1.0,0.9666666666666667,0.926829268292683,0.5555555555555556,0.975,0.9904166666666667,0.9746794344808963,1.0,0.9743589743589743,0.929320377284585
0.9699999999999995,0.6,2,3,0.8947368421052632,0.9166666666666666,0.9032258064516129,0.7991360691144708,0.5740740740740741,0.9057017543859649,0.9817800017871504,0.9056353783927013,0.9444444444444444,0.918918918918919,0.8009333474269521
0.9699999999999995,0.6,3,3,0.9473684210526315,0.9230769230769231,0.9375,0.8704453441295547,0.5925925925925926,0.9352226720647774,0.9866776315789474,0.935143800239036,0.9473684210526315,0.9473684210526315,0.8704453441295547
0.9699999999999995,0.6,4,3,0.9375,0.8461538461538461,0.896551724137931,0.7893462469733656,0.537037037037037,0.8918269230769231,0.8617823163145171,0.8906566289930316,0.8823529411764706,0.9090909090909091,0.7912994305815039
0.9699999999999995,0.6,5,3,0.9473684210526315,0.7692307692307693,0.875,0.7344398340248963,0.5925925925925926,0.8582995951417003,0.9360359756048814,0.8536655898367083,0.8571428571428571,0.9,0.7410010097502685
0.9799999999999995,0.6,1,3,0.95,1.0,0.9666666666666667,0.926829268292683,0.5555555555555556,0.975,0.9904166666666667,0.9746794344808963,1.0,0.9743589743589743,0.929320377284585
0.9799999999999995,0.6,2,3,0.8947368421052632,0.9166666666666666,0.9032258064516129,0.7991360691144708,0.5740740740740741,0.9057017543859649,0.9817800017871504,0.9056353783927013,0.9444444444444444,0.918918918918919,0.8009333474269521
0.9799999999999995,0.6,3,3,0.9473684210526315,0.9230769230769231,0.9375,0.8704453441295547,0.5925925925925926,0.9352226720647774,0.9866776315789474,0.935143800239036,0.9473684210526315,0.9473684210526315,0.8704453441295547
0.9799999999999995,0.6,4,3,0.9375,0.8461538461538461,0.896551724137931,0.7893462469733656,0.537037037037037,0.8918269230769231,0.8617823163145171,0.8906566289930316,0.8823529411764706,0.9090909090909091,0.7912994305815039
0.9799999999999995,0.6,5,3,0.9473684210526315,0.7692307692307693,0.875,0.7344398340248963,0.5925925925925926,0.8582995951417003,0.924856065044166,0.8536655898367083,0.8571428571428571,0.9,0.7410010097502685
0.9899999999999995,0.6,1,3,0.95,1.0,0.9666666666666667,0.926829268292683,0.5555555555555556,0.975,0.9904166666666667,0.9746794344808963,1.0,0.9743589743589743,0.929320377284585
0.9899999999999995,0.6,2,3,0.8947368421052632,0.9166666666666666,0.9032258064516129,0.7991360691144708,0.5740740740740741,0.9057017543859649,0.9817800017871504,0.9056353783927013,0.9444444444444444,0.918918918918919,0.8009333474269521
0.9899999999999995,0.6,3,3,0.9473684210526315,0.9230769230769231,0.9375,0.8704453441295547,0.5925925925925926,0.9352226720647774,0.9866776315789474,0.935143800239036,0.9473684210526315,0.9473684210526315,0.8704453441295547
0.9899999999999995,0.6,4,3,0.9375,0.8461538461538461,0.896551724137931,0.7893462469733656,0.537037037037037,0.8918269230769231,0.8617823163145171,0.8906566289930316,0.8823529411764706,0.9090909090909091,0.7912994305815039
0.9899999999999995,0.6,5,3,0.9473684210526315,0.7692307692307693,0.875,0.7344398340248963,0.5925925925925926,0.8582995951417003,0.9002453773142831,0.8536655898367083,0.8571428571428571,0.9,0.7410010097502685
1.0,0.6,1,3,0.95,1.0,0.9666666666666667,0.926829268292683,0.5555555555555556,0.975,0.9904166666666667,0.9746794344808963,1.0,0.9743589743589743,0.929320377284585
1.0,0.6,2,3,0.8947368421052632,0.9166666666666666,0.9032258064516129,0.7991360691144708,0.5740740740740741,0.9057017543859649,0.9817800017871504,0.9056353783927013,0.9444444444444444,0.918918918918919,0.8009333474269521
1.0,0.6,3,3,0.9473684210526315,0.9230769230769231,0.9375,0.8704453441295547,0.5925925925925926,0.9352226720647774,0.9866776315789474,0.935143800239036,0.9473684210526315,0.9473684210526315,0.8704453441295547
1.0,0.6,4,3,0.9375,0.8461538461538461,0.896551724137931,0.7893462469733656,0.537037037037037,0.8918269230769231,0.8782595890417899,0.8906566289930316,0.8823529411764706,0.9090909090909091,0.7912994305815039
1.0,0.6,5,3,0.9473684210526315,0.7692307692307693,0.875,0.7344398340248963,0.5925925925925926,0.8582995951417003,0.9217600898119678,0.8536655898367083,0.8571428571428571,0.9,0.7410010097502685
0.1,0.6,1,4,1.0,0.9411764705882353,0.972972972972973,0.9453471196454949,0.6851851851851851,0.9705882352941176,0.9923621553884712,0.9701425001453319,0.9523809523809523,0.975609756097561,0.9467621366623017
0.1,0.6,2,4,0.8636363636363636,0.9090909090909091,0.8787878787878788,0.7391304347826086,0.6111111111111112,0.8863636363636364,0.980465367965368,0.8860722131644513,0.95,0.9047619047619048,0.7454993164109748
0.1,0.6,3,4,0.8333333333333334,0.8181818181818182,0.8260869565217391,0.6515151515151515,0.42592592592592593,0.8257575757575757,0.9457873044829567,0.8257228238447705,0.8333333333333334,0.8333333333333334,0.6515151515151515
0.1,0.6,4,4,0.8823529411764706,0.7272727272727273,0.8214285714285714,0.6195652173913042,0.5185185185185186,0.8048128342245989,0.9180863057297222,0.8010688047518291,0.8333333333333334,0.8571428571428571,0.6213664431593422
0.1,0.6,5,4,0.9090909090909091,0.9090909090909091,0.9090909090909091,0.7999999999999999,0.6111111111111112,0.9090909090909091,0.9598580533259127,0.9090909090909091,0.9523809523809523,0.9302325581395349,0.8017837257372732
0.11,0.6,1,4,1.0,0.9411764705882353,0.972972972972973,0.9453471196454949,0.6851851851851851,0.9705882352941176,0.9763095238095238,0.9701425001453319,0.9523809523809523,0.975609756097561,0.9467621366623017
0.11,0.6,2,4,0.8636363636363636,0.9090909090909091,0.8787878787878788,0.7391304347826086,0.6111111111111112,0.8863636363636364,0.980465367965368,0.8860722131644513,0.95,0.9047619047619048,0.7454993164109748
0.11,0.6,3,4,0.8333333333333334,0.8181818181818182,0.8260869565217391,0.6515151515151515,0.42592592592592593,0.8257575757575757,0.9457873044829568,0.8257228238447705,0.8333333333333334,0.8333333333333334,0.6515151515151515
0.11,0.6,4,4,0.8823529411764706,0.7272727272727273,0.8214285714285714,0.6195652173913042,0.5185185185185186,0.8048128342245989,0.9039056334608148,0.8010688047518291,0.8333333333333334,0.8571428571428571,0.6213664431593422
0.11,0.6,5,4,0.9090909090909091,0.9090909090909091,0.9090909090909091,0.7999999999999999,0.6111111111111112,0.9090909090909091,0.961120679588539,0.9090909090909091,0.9523809523809523,0.9302325581395349,0.8017837257372732
0.12,0.6,1,4,1.0,0.9411764705882353,0.972972972972973,0.9453471196454949,0.6851851851851851,0.9705882352941176,0.972625313283208,0.9701425001453319,0.9523809523809523,0.975609756097561,0.9467621366623017
0.12,0.6,2,4,0.8636363636363636,0.9090909090909091,0.8787878787878788,0.7391304347826086,0.6111111111111112,0.8863636363636364,0.980465367965368,0.8860722131644513,0.95,0.9047619047619048,0.7454993164109748
0.12,0.6,3,4,0.8333333333333334,0.8181818181818182,0.8260869565217391,0.6515151515151515,0.42592592592592593,0.8257575757575757,0.9457873044829568,0.8257228238447705,0.8333333333333334,0.8333333333333334,0.6515151515151515
0.12,0.6,4,4,0.8823529411764706,0.7272727272727273,0.8214285714285714,0.6195652173913042,0.5185185185185186,0.8048128342245989,0.9268532740555141,0.8010688047518291,0.8333333333333334,0.8571428571428571,0.6213664431593422
0.12,0.6,5,4,0.9090909090909091,0.9090909090909091,0.9090909090909091,0.7999999999999999,0.6111111111111112,0.9090909090909091,0.9573328008006602,0.9090909090909091,0.9523809523809523,0.9302325581395349,0.8017837257372732
0.13,0.6,1,4,1.0,0.9411764705882353,0.972972972972973,0.9453471196454949,0.6851851851851851,0.9705882352941176,0.972625313283208,0.9701425001453319,0.9523809523809523,0.975609756097561,0.9467621366623017
0.13,0.6,2,4,0.8636363636363636,0.9090909090909091,0.8787878787878788,0.7391304347826086,0.6111111111111112,0.8863636363636364,0.980465367965368,0.8860722131644513,0.95,0.9047619047619048,0.7454993164109748
0.13,0.6,3,4,0.8333333333333334,0.8181818181818182,0.8260869565217391,0.6515151515151515,0.42592592592592593,0.8257575757575757,0.9457873044829567,0.8257228238447705,0.8333333333333334,0.8333333333333334,0.6515151515151515
0.13,0.6,4,4,0.8823529411764706,0.7272727272727273,0.8214285714285714,0.6195652173913042,0.5185185185185186,0.8048128342245989,0.8997039527885458,0.8010688047518291,0.8333333333333334,0.8571428571428571,0.6213664431593422
0.13,0.6,5,4,0.9090909090909091,0.9090909090909091,0.9090909090909091,0.7999999999999999,0.6111111111111112,0.9090909090909091,0.9573328008006602,0.9090909090909091,0.9523809523809523,0.9302325581395349,0.8017837257372732
0.13999999999999999,0.6,1,4,1.0,0.9411764705882353,0.972972972972973,0.9453471196454949,0.6851851851851851,0.9705882352941176,0.9975595238095238,0.9701425001453319,0.9523809523809523,0.975609756097561,0.9467621366623017
0.13999999999999999,0.6,2,4,0.8636363636363636,0.9090909090909091,0.8787878787878788,0.7391304347826086,0.6111111111111112,0.8863636363636364,0.980465367965368,0.8860722131644513,0.95,0.9047619047619048,0.7454993164109748
0.13999999999999999,0.6,3,4,0.8333333333333334,0.8181818181818182,0.8260869565217391,0.6515151515151515,0.42592592592592593,0.8257575757575757,0.9457873044829568,0.8257228238447705,0.8333333333333334,0.8333333333333334,0.6515151515151515
0.13999999999999999,0.6,4,4,0.8823529411764706,0.7272727272727273,0.8214285714285714,0.6195652173913042,0.5185185185185186,0.8048128342245989,0.9112235606316831,0.8010688047518291,0.8333333333333334,0.8571428571428571,0.6213664431593422
0.13999999999999999,0.6,5,4,0.9090909090909091,0.9090909090909091,0.9090909090909091,0.7999999999999999,0.6111111111111112,0.9090909090909091,0.9573328008006602,0.9090909090909091,0.9523809523809523,0.9302325581395349,0.8017837257372732
0.14999999999999997,0.6,1,4,1.0,0.9411764705882353,0.972972972972973,0.9453471196454949,0.6851851851851851,0.9705882352941176,0.9752568922305763,0.9701425001453319,0.9523809523809523,0.975609756097561,0.9467621366623017
0.14999999999999997,0.6,2,4,0.8636363636363636,0.9090909090909091,0.8787878787878788,0.7391304347826086,0.6111111111111112,0.8863636363636364,0.980465367965368,0.8860722131644513,0.95,0.9047619047619048,0.7454993164109748
0.14999999999999997,0.6,3,4,0.8333333333333334,0.8181818181818182,0.8260869565217391,0.6515151515151515,0.42592592592592593,0.8257575757575757,0.9457873044829567,0.8257228238447705,0.8333333333333334,0.8333333333333334,0.6515151515151515
0.14999999999999997,0.6,4,4,0.8823529411764706,0.7272727272727273,0.8214285714285714,0.6195652173913042,0.5185185185185186,0.8048128342245989,0.9369938687549323,0.8010688047518291,0.8333333333333334,0.8571428571428571,0.6213664431593422
0.14999999999999997,0.6,5,4,0.9090909090909091,0.9090909090909091,0.9090909090909091,0.7999999999999999,0.6111111111111112,0.9090909090909091,0.9586696991963821,0.9090909090909091,0.9523809523809523,0.9302325581395349,0.8017837257372732
0.15999999999999998,0.6,1,4,1.0,0.9411764705882353,0.972972972972973,0.9453471196454949,0.6851851851851851,0.9705882352941176,0.9765726817042606,0.9701425001453319,0.9523809523809523,0.975609756097561,0.9467621366623017
0.15999999999999998,0.6,2,4,0.8636363636363636,0.9090909090909091,0.8787878787878788,0.7391304347826086,0.6111111111111112,0.8863636363636364,0.980465367965368,0.8860722131644513,0.95,0.9047619047619048,0.7454993164109748
0.15999999999999998,0.6,3,4,0.75,0.8181818181818182,0.782608695652174,0.5660377358490567,0.42592592592592593,0.7840909090909091,0.9457873044829567,0.7833494518006403,0.8181818181818182,0.782608695652174,0.5681818181818182
0.15999999999999998,0.6,4,4,0.8823529411764706,0.7272727272727273,0.8214285714285714,0.6195652173913042,0.5185185185185186,0.8048128342245989,0.9309714597913469,0.8010688047518291,0.8333333333333334,0.8571428571428571,0.6213664431593422
0.15999999999999998,0.6,5,4,0.9090909090909091,0.9090909090909091,0.9090909090909091,0.7999999999999999,0.6111111111111112,0.9090909090909091,0.9573328008006602,0.9090909090909091,0.9523809523809523,0.9302325581395349,0.8017837257372732
0.16999999999999998,0.6,1,4,1.0,0.9411764705882353,0.972972972972973,0.9453471196454949,0.6851851851851851,0.9705882352941176,0.9739411027568922,0.9701425001453319,0.9523809523809523,0.975609756097561,0.9467621366623017
0.16999999999999998,0.6,2,4,0.8636363636363636,0.9090909090909091,0.8787878787878788,0.7391304347826086,0.6111111111111112,0.8863636363636364,0.980465367965368,0.8860722131644513,0.95,0.9047619047619048,0.7454993164109748
0.16999999999999998,0.6,3,4,0.75,0.8181818181818182,0.782608695652174,0.5660377358490567,0.42592592592592593,0.7840909090909091,0.9457873044829567,0.7833494518006403,0.8181818181818182,0.782608695652174,0.5681818181818182
0.16999999999999998,0.6,4,4,0.8823529411764706,0.7272727272727273,0.8214285714285714,0.6195652173913042,0.5185185185185186,0.8048128342245989,0.9144098351414869,0.8010688047518291,0.8333333333333334,0.8571428571428571,0.6213664431593422
0.16999999999999998,0.6,5,4,0.9090909090909091,0.9090909090909091,0.9090909090909091,0.7999999999999999,0.6111111111111112,0.9090909090909091,0.960006597592104,0.9090909090909091,0.9523809523809523,0.9302325581395349,0.8017837257372732
0.17999999999999997,0.6,1,4,1.0,0.9411764705882353,0.972972972972973,0.9453471196454949,0.6851851851851851,0.9705882352941176,0.9673389355742297,0.9701425001453319,0.9523809523809523,0.975609756097561,0.9467621366623017
0.17999999999999997,0.6,2,4,0.8636363636363636,0.9090909090909091,0.8787878787878788,0.7391304347826086,0.6111111111111112,0.8863636363636364,0.980465367965368,0.8860722131644513,0.95,0.9047619047619048,0.7454993164109748
0.17999999999999997,0.6,3,4,0.75,0.8181818181818182,0.782608695652174,0.5660377358490567,0.42592592592592593,0.7840909090909091,0.9457873044829567,0.7833494518006403,0.8181818181818182,0.782608695652174,0.5681818181818182
0.17999999999999997,0.6,4,4,0.8823529411764706,0.7272727272727273,0.8214285714285714,0.6195652173913042,0.5185185185185186,0.8048128342245989,0.5026451292591341,0.8010688047518291,0.8333333333333334,0.8571428571428571,0.6213664431593422
0.17999999999999997,0.6,5,4,0.9090909090909091,0.9090909090909091,0.9090909090909091,0.7999999999999999,0.6111111111111112,0.9090909090909091,0.9560701745380339,0.9090909090909091,0.9523809523809523,0.9302325581395349,0.8017837257372732
0.18999999999999995,0.6,1,4,1.0,0.9411764705882353,0.972972972972973,0.9453471196454949,0.6851851851851851,0.9705882352941176,0.9713095238095237,0.9701425001453319,0.9523809523809523,0.975609756097561,0.9467621366623017
0.18999999999999995,0.6,2,4,0.8636363636363636,0.9090909090909091,0.8787878787878788,0.7391304347826086,0.6111111111111112,0.8863636363636364,0.980465367965368,0.8860722131644513,0.95,0.9047619047619048,0.7454993164109748
0.18999999999999995,0.6,3,4,0.75,0.8181818181818182,0.782608695652174,0.5660377358490567,0.42592592592592593,0.7840909090909091,0.9457873044829568,0.7833494518006403,0.8181818181818182,0.782608695652174,0.5681818181818182
0.18999999999999995,0.6,4,4,0.8823529411764706,0.7272727272727273,0.8214285714285714,0.6195652173913042,0.5185185185185186,0.8048128342245989,0.5249490508277614,0.8010688047518291,0.8333333333333334,0.8571428571428571,0.6213664431593422
0.18999999999999995,0.6,5,4,0.9090909090909091,0.9090909090909091,0.9090909090909091,0.7999999999999999,0.6111111111111112,0.9090909090909091,0.9586696991963821,0.9090909090909091,0.9523809523809523,0.9302325581395349,0.8017837257372732
0.19999999999999996,0.6,1,4,1.0,0.9411764705882353,0.972972972972973,0.9453471196454949,0.6851851851851851,0.9705882352941176,0.9739411027568922,0.9701425001453319,0.9523809523809523,0.975609756097561,0.9467621366623017
0.19999999999999996,0.6,2,4,0.8636363636363636,0.9090909090909091,0.8787878787878788,0.7391304347826086,0.6111111111111112,0.8863636363636364,0.980465367965368,0.8860722131644513,0.95,0.9047619047619048,0.7454993164109748
0.19999999999999996,0.6,3,4,0.75,0.8181818181818182,0.782608695652174,0.5660377358490567,0.42592592592592593,0.7840909090909091,0.9457873044829567,0.7833494518006403,0.8181818181818182,0.782608695652174,0.5681818181818182
0.19999999999999996,0.6,4,4,0.8823529411764706,0.7272727272727273,0.8214285714285714,0.6195652173913042,0.5185185185185186,0.8048128342245989,0.9144098351414869,0.8010688047518291,0.8333333333333334,0.8571428571428571,0.6213664431593422
0.19999999999999996,0.6,5,4,0.9090909090909091,0.9090909090909091,0.9090909090909091,0.7999999999999999,0.6111111111111112,0.9090909090909091,0.9546497199925793,0.9090909090909091,0.9523809523809523,0.9302325581395349,0.8017837257372732
0.20999999999999996,0.6,1,4,1.0,0.9411764705882353,0.972972972972973,0.9453471196454949,0.6851851851851851,0.9705882352941176,0.7770039682539681,0.9701425001453319,0.9523809523809523,0.975609756097561,0.9467621366623017
0.20999999999999996,0.6,2,4,0.8636363636363636,0.9090909090909091,0.8787878787878788,0.7391304347826086,0.6111111111111112,0.8863636363636364,0.980465367965368,0.8860722131644513,0.95,0.9047619047619048,0.7454993164109748
0.20999999999999996,0.6,3,4,0.75,0.8181818181818182,0.782608695652174,0.5660377358490567,0.42592592592592593,0.7840909090909091,0.9457873044829567,0.7833494518006403,0.8181818181818182,0.782608695652174,0.5681818181818182
0.20999999999999996,0.6,4,4,0.8823529411764706,0.7272727272727273,0.8214285714285714,0.6195652173913042,0.5185185185185186,0.8048128342245989,0.9073019920042321,0.8010688047518291,0.8333333333333334,0.8571428571428571,0.6213664431593422
0.20999999999999996,0.6,5,4,0.9090909090909091,0.9090909090909091,0.9090909090909091,0.7999999999999999,0.6111111111111112,0.9090909090909091,0.9573328008006602,0.9090909090909091,0.9523809523809523,0.9302325581395349,0.8017837257372732
0.21999999999999995,0.6,1,4,1.0,0.9411764705882353,0.972972972972973,0.9453471196454949,0.6851851851851851,0.9705882352941176,0.9763095238095238,0.9701425001453319,0.9523809523809523,0.975609756097561,0.9467621366623017
0.21999999999999995,0.6,2,4,0.8636363636363636,0.9090909090909091,0.8787878787878788,0.7391304347826086,0.6111111111111112,0.8863636363636364,0.980465367965368,0.8860722131644513,0.95,0.9047619047619048,0.7454993164109748
0.21999999999999995,0.6,3,4,0.75,0.8181818181818182,0.782608695652174,0.5660377358490567,0.42592592592592593,0.7840909090909091,0.9457873044829567,0.7833494518006403,0.8181818181818182,0.782608695652174,0.5681818181818182
0.21999999999999995,0.6,4,4,0.8823529411764706,0.7272727272727273,0.8214285714285714,0.6195652173913042,0.5185185185185186,0.8048128342245989,0.9144098351414869,0.8010688047518291,0.8333333333333334,0.8571428571428571,0.6213664431593422
0.21999999999999995,0.6,5,4,0.9090909090909091,0.9090909090909091,0.9090909090909091,0.7999999999999999,0.6111111111111112,0.9090909090909091,0.9573328008006602,0.9090909090909091,0.9523809523809523,0.9302325581395349,0.8017837257372732
0.22999999999999995,0.6,1,4,1.0,0.9411764705882353,0.972972972972973,0.9453471196454949,0.6851851851851851,0.9705882352941176,0.9713095238095237,0.9701425001453319,0.9523809523809523,0.975609756097561,0.9467621366623017
0.22999999999999995,0.6,2,4,0.8636363636363636,0.9090909090909091,0.8787878787878788,0.7391304347826086,0.6111111111111112,0.8863636363636364,0.980465367965368,0.8860722131644513,0.95,0.9047619047619048,0.7454993164109748
0.22999999999999995,0.6,3,4,0.75,0.8181818181818182,0.782608695652174,0.5660377358490567,0.42592592592592593,0.7840909090909091,0.9457873044829568,0.7833494518006403,0.8181818181818182,0.782608695652174,0.5681818181818182
0.22999999999999995,0.6,4,4,0.8823529411764706,0.7272727272727273,0.8214285714285714,0.6195652173913042,0.5185185185185186,0.8048128342245989,0.9144098351414869,0.8010688047518291,0.8333333333333334,0.8571428571428571,0.6213664431593422
0.22999999999999995,0.6,5,4,0.9545454545454546,0.9090909090909091,0.9393939393939394,0.8636363636363638,0.6111111111111112,0.9318181818181819,0.9598580533259127,0.9315409787235999,0.9545454545454546,0.9545454545454546,0.8636363636363636
0.23999999999999994,0.6,1,4,1.0,0.9411764705882353,0.972972972972973,0.9453471196454949,0.6851851851851851,0.9705882352941176,0.959781746031746,0.9701425001453319,0.9523809523809523,0.975609756097561,0.9467621366623017
0.23999999999999994,0.6,2,4,0.9090909090909091,0.9090909090909091,0.9090909090909091,0.7999999999999999,0.6111111111111112,0.9090909090909091,0.980465367965368,0.9090909090909091,0.9523809523809523,0.9302325581395349,0.8017837257372732
0.23999999999999994,0.6,3,4,0.75,0.8181818181818182,0.782608695652174,0.5660377358490567,0.42592592592592593,0.7840909090909091,0.9457873044829567,0.7833494518006403,0.8181818181818182,0.782608695652174,0.5681818181818182
0.23999999999999994,0.6,4,4,0.8823529411764706,0.7272727272727273,0.8214285714285714,0.6195652173913042,0.5185185185185186,0.8048128342245989,0.9180863057297222,0.8010688047518291,0.8333333333333334,0.8571428571428571,0.6213664431593422
0.23999999999999994,0.6,5,4,0.9545454545454546,0.9090909090909091,0.9393939393939394,0.8636363636363638,0.6111111111111112,0.9318181818181819,0.961120679588539,0.9315409787235999,0.9545454545454546,0.9545454545454546,0.8636363636363636
0.24999999999999992,0.6,1,4,1.0,0.9411764705882353,0.972972972972973,0.9453471196454949,0.6851851851851851,0.9705882352941176,0.9750595238095239,0.9701425001453319,0.9523809523809523,0.975609756097561,0.9467621366623017
0.24999999999999992,0.6,2,4,0.9090909090909091,0.9090909090909091,0.9090909090909091,0.7999999999999999,0.6111111111111112,0.9090909090909091,0.980465367965368,0.9090909090909091,0.9523809523809523,0.9302325581395349,0.8017837257372732
0.24999999999999992,0.6,3,4,0.75,0.8181818181818182,0.782608695652174,0.5660377358490567,0.42592592592592593,0.7840909090909091,0.9457873044829568,0.7833494518006403,0.8181818181818182,0.782608695652174,0.5681818181818182
0.24999999999999992,0.6,4,4,0.8823529411764706,0.7272727272727273,0.8214285714285714,0.6195652173913042,0.5185185185185186,0.8048128342245989,0.9217627763179576,0.8010688047518291,0.8333333333333334,0.8571428571428571,0.6213664431593422
0.24999999999999992,0.6,5,4,0.9545454545454546,0.9090909090909091,0.9393939393939394,0.8636363636363638,0.6111111111111112,0.9318181818181819,0.9573328008006602,0.9315409787235999,0.9545454545454546,0.9545454545454546,0.8636363636363636
0.2599999999999999,0.6,1,4,1.0,0.9411764705882353,0.972972972972973,0.9453471196454949,0.6851851851851851,0.9705882352941176,0.9713095238095237,0.9701425001453319,0.9523809523809523,0.975609756097561,0.9467621366623017
0.2599999999999999,0.6,2,4,0.9090909090909091,0.9090909090909091,0.9090909090909091,0.7999999999999999,0.6111111111111112,0.9090909090909091,0.980465367965368,0.9090909090909091,0.9523809523809523,0.9302325581395349,0.8017837257372732
0.2599999999999999,0.6,3,4,0.75,0.8181818181818182,0.782608695652174,0.5660377358490567,0.42592592592592593,0.7840909090909091,0.9457873044829567,0.7833494518006403,0.8181818181818182,0.782608695652174,0.5681818181818182
0.2599999999999999,0.6,4,4,0.8823529411764706,0.7272727272727273,0.8214285714285714,0.6195652173913042,0.5185185185185186,0.8048128342245989,0.9112235606316831,0.8010688047518291,0.8333333333333334,0.8571428571428571,0.6213664431593422
0.2599999999999999,0.6,5,4,0.9545454545454546,0.9090909090909091,0.9393939393939394,0.8636363636363638,0.6111111111111112,0.9318181818181819,0.9518088109016702,0.9315409787235999,0.9545454545454546,0.9545454545454546,0.8636363636363636
0.2699999999999999,0.6,1,4,1.0,0.9411764705882353,0.972972972972973,0.9453471196454949,0.6851851851851851,0.9705882352941176,0.9713095238095237,0.9701425001453319,0.9523809523809523,0.975609756097561,0.9467621366623017
0.2699999999999999,0.6,2,4,0.9090909090909091,0.9090909090909091,0.9090909090909091,0.7999999999999999,0.6111111111111112,0.9090909090909091,0.980465367965368,0.9090909090909091,0.9523809523809523,0.9302325581395349,0.8017837257372732
0.2699999999999999,0.6,3,4,0.75,0.8181818181818182,0.782608695652174,0.5660377358490567,0.42592592592592593,0.7840909090909091,0.9457873044829567,0.7833494518006403,0.8181818181818182,0.782608695652174,0.5681818181818182
0.2699999999999999,0.6,4,4,0.8823529411764706,0.7272727272727273,0.8214285714285714,0.6195652173913042,0.5185185185185186,0.8048128342245989,0.9180863057297222,0.8010688047518291,0.8333333333333334,0.8571428571428571,0.6213664431593422
0.2699999999999999,0.6,5,4,0.9545454545454546,0.9090909090909091,0.9393939393939394,0.8636363636363638,0.6111111111111112,0.9318181818181819,0.9586696991963821,0.9315409787235999,0.9545454545454546,0.9545454545454546,0.8636363636363636
0.2799999999999999,0.6,1,4,1.0,0.9411764705882353,0.972972972972973,0.9453471196454949,0.6851851851851851,0.9705882352941176,0.972625313283208,0.9701425001453319,0.9523809523809523,0.975609756097561,0.9467621366623017
0.2799999999999999,0.6,2,4,0.9090909090909091,0.9090909090909091,0.9090909090909091,0.7999999999999999,0.6111111111111112,0.9090909090909091,0.980465367965368,0.9090909090909091,0.9523809523809523,0.9302325581395349,0.8017837257372732
0.2799999999999999,0.6,3,4,0.75,0.8181818181818182,0.782608695652174,0.5660377358490567,0.42592592592592593,0.7840909090909091,0.9457873044829567,0.7833494518006403,0.8181818181818182,0.782608695652174,0.5681818181818182
0.2799999999999999,0.6,4,4,0.8823529411764706,0.7272727272727273,0.8214285714285714,0.6195652173913042,0.5185185185185186,0.8048128342245989,0.9144098351414869,0.8010688047518291,0.8333333333333334,0.8571428571428571,0.6213664431593422
0.2799999999999999,0.6,5,4,0.9545454545454546,0.9090909090909091,0.9393939393939394,0.8636363636363638,0.6111111111111112,0.9318181818181819,0.9546497199925793,0.9315409787235999,0.9545454545454546,0.9545454545454546,0.8636363636363636
0.2899999999999999,0.6,1,4,1.0,0.9411764705882353,0.972972972972973,0.9453471196454949,0.6851851851851851,0.9705882352941176,0.9763095238095238,0.9701425001453319,0.9523809523809523,0.975609756097561,0.9467621366623017
0.2899999999999999,0.6,2,4,0.9090909090909091,0.9090909090909091,0.9090909090909091,0.7999999999999999,0.6111111111111112,0.9090909090909091,0.980465367965368,0.9090909090909091,0.9523809523809523,0.9302325581395349,0.8017837257372732
0.2899999999999999,0.6,3,4,0.75,0.8181818181818182,0.782608695652174,0.5660377358490567,0.42592592592592593,0.7840909090909091,0.9457873044829567,0.7833494518006403,0.8181818181818182,0.782608695652174,0.5681818181818182
0.2899999999999999,0.6,4,4,0.8823529411764706,0.7272727272727273,0.8214285714285714,0.6195652173913042,0.5185185185185186,0.8048128342245989,0.9073019920042321,0.8010688047518291,0.8333333333333334,0.8571428571428571,0.6213664431593422
0.2899999999999999,0.6,5,4,0.9545454545454546,0.9090909090909091,0.9393939393939394,0.8636363636363638,0.6111111111111112,0.9318181818181819,0.9623833058511653,0.9315409787235999,0.9545454545454546,0.9545454545454546,0.8636363636363636
0.29999999999999993,0.6,1,4,1.0,0.9411764705882353,0.972972972972973,0.9453471196454949,0.6851851851851851,0.9705882352941176,0.9975595238095238,0.9701425001453319,0.9523809523809523,0.975609756097561,0.9467621366623017
0.29999999999999993,0.6,2,4,0.9090909090909091,0.9090909090909091,0.9090909090909091,0.7999999999999999,0.6111111111111112,0.9090909090909091,0.980465367965368,0.9090909090909091,0.9523809523809523,0.9302325581395349,0.8017837257372732
0.29999999999999993,0.6,3,4,0.75,0.8181818181818182,0.782608695652174,0.5660377358490567,0.42592592592592593,0.7840909090909091,0.9457873044829567,0.7833494518006403,0.8181818181818182,0.782608695652174,0.5681818181818182
0.29999999999999993,0.6,4,4,0.8823529411764706,0.7272727272727273,0.8214285714285714,0.6195652173913042,0.5185185185185186,0.8048128342245989,0.5026451292591341,0.8010688047518291,0.8333333333333334,0.8571428571428571,0.6213664431593422
0.29999999999999993,0.6,5,4,0.9545454545454546,0.9090909090909091,0.9393939393939394,0.8636363636363638,0.6111111111111112,0.9318181818181819,0.9573328008006602,0.9315409787235999,0.9545454545454546,0.9545454545454546,0.8636363636363636
0.30999999999999994,0.6,1,4,1.0,0.9411764705882353,0.972972972972973,0.9453471196454949,0.6851851851851851,0.9705882352941176,0.7575595238095237,0.9701425001453319,0.9523809523809523,0.975609756097561,0.9467621366623017
0.30999999999999994,0.6,2,4,0.9090909090909091,0.9090909090909091,0.9090909090909091,0.7999999999999999,0.6111111111111112,0.9090909090909091,0.980465367965368,0.9090909090909091,0.9523809523809523,0.9302325581395349,0.8017837257372732
0.30999999999999994,0.6,3,4,0.75,0.8181818181818182,0.782608695652174,0.5660377358490567,0.42592592592592593,0.7840909090909091,0.9457873044829568,0.7833494518006403,0.8181818181818182,0.782608695652174,0.5681818181818182
0.30999999999999994,0.6,4,4,0.8823529411764706,0.7272727272727273,0.8214285714285714,0.6195652173913042,0.5185185185185186,0.8048128342245989,0.9144098351414869,0.8010688047518291,0.8333333333333334,0.8571428571428571,0.6213664431593422
0.30999999999999994,0.6,5,4,0.9545454545454546,0.9090909090909091,0.9393939393939394,0.8636363636363638,0.6111111111111112,0.9318181818181819,0.9573328008006602,0.9315409787235999,0.9545454545454546,0.9545454545454546,0.8636363636363636
0.3199999999999999,0.6,1,4,1.0,0.9411764705882353,0.972972972972973,0.9453471196454949,0.6851851851851851,0.9705882352941176,0.9686779448621554,0.9701425001453319,0.9523809523809523,0.975609756097561,0.9467621366623017
0.3199999999999999,0.6,2,4,0.9090909090909091,0.9090909090909091,0.9090909090909091,0.7999999999999999,0.6111111111111112,0.9090909090909091,0.980465367965368,0.9090909090909091,0.9523809523809523,0.9302325581395349,0.8017837257372732
0.3199999999999999,0.6,3,4,0.75,0.8181818181818182,0.782608695652174,0.5660377358490567,0.42592592592592593,0.7840909090909091,0.9457873044829567,0.7833494518006403,0.8181818181818182,0.782608695652174,0.5681818181818182
0.3199999999999999,0.6,4,4,0.8823529411764706,0.7272727272727273,0.8214285714285714,0.6195652173913042,0.5185185185185186,0.8048128342245989,0.9144098351414869,0.8010688047518291,0.8333333333333334,0.8571428571428571,0.6213664431593422
0.3199999999999999,0.6,5,4,0.9545454545454546,0.9090909090909091,0.9393939393939394,0.8636363636363638,0.6111111111111112,0.9318181818181819,0.9573328008006602,0.9315409787235999,0.9545454545454546,0.9545454545454546,0.8636363636363636
0.32999999999999985,0.6,1,4,1.0,0.9411764705882353,0.972972972972973,0.9453471196454949,0.6851851851851851,0.9705882352941176,0.9700668337510443,0.9701425001453319,0.9523809523809523,0.975609756097561,0.9467621366623017
0.32999999999999985,0.6,2,4,0.9090909090909091,0.9090909090909091,0.9090909090909091,0.7999999999999999,0.6111111111111112,0.9090909090909091,0.980465367965368,0.9090909090909091,0.9523809523809523,0.9302325581395349,0.8017837257372732
0.32999999999999985,0.6,3,4,0.75,0.8181818181818182,0.782608695652174,0.5660377358490567,0.42592592592592593,0.7840909090909091,0.9457873044829568,0.7833494518006403,0.8181818181818182,0.782608695652174,0.5681818181818182
0.32999999999999985,0.6,4,4,0.8823529411764706,0.7272727272727273,0.8214285714285714,0.6195652173913042,0.5185185185185186,0.8048128342245989,0.9073019920042321,0.8010688047518291,0.8333333333333334,0.8571428571428571,0.6213664431593422
0.32999999999999985,0.6,5,4,0.9545454545454546,0.9090909090909091,0.9393939393939394,0.8636363636363638,0.6111111111111112,0.9318181818181819,0.9598580533259127,0.9315409787235999,0.9545454545454546,0.9545454545454546,0.8636363636363636
0.33999999999999986,0.6,1,4,1.0,0.9411764705882353,0.972972972972973,0.9453471196454949,0.6851851851851851,0.9705882352941176,0.9775595238095238,0.9701425001453319,0.9523809523809523,0.975609756097561,0.9467621366623017
0.33999999999999986,0.6,2,4,0.9090909090909091,0.9090909090909091,0.9090909090909091,0.7999999999999999,0.6111111111111112,0.9090909090909091,0.980465367965368,0.9090909090909091,0.9523809523809523,0.9302325581395349,0.8017837257372732
0.33999999999999986,0.6,3,4,0.75,0.8181818181818182,0.782608695652174,0.5660377358490567,0.42592592592592593,0.7840909090909091,0.9457873044829567,0.7833494518006403,0.8181818181818182,0.782608695652174,0.5681818181818182
0.33999999999999986,0.6,4,4,0.8823529411764706,0.7272727272727273,0.8214285714285714,0.6195652173913042,0.5185185185185186,0.8048128342245989,0.9217627763179576,0.8010688047518291,0.8333333333333334,0.8571428571428571,0.6213664431593422
0.33999999999999986,0.6,5,4,0.9545454545454546,0.9090909090909091,0.9393939393939394,0.8636363636363638,0.6111111111111112,0.9318181818181819,0.961120679588539,0.9315409787235999,0.9545454545454546,0.9545454545454546,0.8636363636363636
0.34999999999999987,0.6,1,4,1.0,0.9411764705882353,0.972972972972973,0.9453471196454949,0.6851851851851851,0.9705882352941176,0.9739411027568922,0.9701425001453319,0.9523809523809523,0.975609756097561,0.9467621366623017
0.34999999999999987,0.6,2,4,0.9090909090909091,0.9090909090909091,0.9090909090909091,0.7999999999999999,0.6111111111111112,0.9090909090909091,0.980465367965368,0.9090909090909091,0.9523809523809523,0.9302325581395349,0.8017837257372732
0.34999999999999987,0.6,3,4,0.75,0.8181818181818182,0.782608695652174,0.5660377358490567,0.42592592592592593,0.7840909090909091,0.9457873044829567,0.7833494518006403,0.8181818181818182,0.782608695652174,0.5681818181818182
0.34999999999999987,0.6,4,4,0.8823529411764706,0.7272727272727273,0.8214285714285714,0.6195652173913042,0.5185185185185186,0.8048128342245989,0.9403902272983496,0.8010688047518291,0.8333333333333334,0.8571428571428571,0.6213664431593422
0.34999999999999987,0.6,5,4,0.9545454545454546,0.9090909090909091,0.9393939393939394,0.8636363636363638,0.6111111111111112,0.9318181818181819,0.9546590040092162,0.9315409787235999,0.9545454545454546,0.9545454545454546,0.8636363636363636
0.3599999999999999,0.6,1,4,1.0,0.9411764705882353,0.972972972972973,0.9453471196454949,0.6851851851851851,0.9705882352941176,0.7375595238095238,0.9701425001453319,0.9523809523809523,0.975609756097561,0.9467621366623017
0.3599999999999999,0.6,2,4,0.9090909090909091,0.9090909090909091,0.9090909090909091,0.7999999999999999,0.6111111111111112,0.9090909090909091,0.980465367965368,0.9090909090909091,0.9523809523809523,0.9302325581395349,0.8017837257372732
0.3599999999999999,0.6,3,4,0.75,0.8181818181818182,0.782608695652174,0.5660377358490567,0.42592592592592593,0.7840909090909091,0.9457873044829568,0.7833494518006403,0.8181818181818182,0.782608695652174,0.5681818181818182
0.3599999999999999,0.6,4,4,0.8823529411764706,0.7272727272727273,0.8214285714285714,0.6195652173913042,0.5185185185185186,0.8048128342245989,0.9144098351414869,0.8010688047518291,0.8333333333333334,0.8571428571428571,0.6213664431593422
0.3599999999999999,0.6,5,4,0.9545454545454546,0.9090909090909091,0.9393939393939394,0.8636363636363638,0.6111111111111112,0.9318181818181819,0.9573328008006602,0.9315409787235999,0.9545454545454546,0.9545454545454546,0.8636363636363636
0.3699999999999999,0.6,1,4,1.0,0.9411764705882353,0.972972972972973,0.9453471196454949,0.6851851851851851,0.9705882352941176,0.9700668337510443,0.9701425001453319,0.9523809523809523,0.975609756097561,0.9467621366623017
0.3699999999999999,0.6,2,4,0.9090909090909091,0.9090909090909091,0.9090909090909091,0.7999999999999999,0.6111111111111112,0.9090909090909091,0.980465367965368,0.9090909090909091,0.9523809523809523,0.9302325581395349,0.8017837257372732
0.3699999999999999,0.6,3,4,0.75,0.8181818181818182,0.782608695652174,0.5660377358490567,0.42592592592592593,0.7840909090909091,0.9457873044829567,0.7833494518006403,0.8181818181818182,0.782608695652174,0.5681818181818182
0.3699999999999999,0.6,4,4,0.8823529411764706,0.7272727272727273,0.8214285714285714,0.6195652173913042,0.5185185185185186,0.8048128342245989,0.9039056334608148,0.8010688047518291,0.8333333333333334,0.8571428571428571,0.6213664431593422
0.3699999999999999,0.6,5,4,0.9545454545454546,0.9090909090909091,0.9393939393939394,0.8636363636363638,0.6111111111111112,0.9318181818181819,0.9623833058511653,0.9315409787235999,0.9545454545454546,0.9545454545454546,0.8636363636363636
0.3799999999999999,0.6,1,4,1.0,0.9411764705882353,0.972972972972973,0.9453471196454949,0.6851851851851851,0.9705882352941176,0.9714484126984126,0.9701425001453319,0.9523809523809523,0.975609756097561,0.9467621366623017
0.3799999999999999,0.6,2,4,0.9090909090909091,0.9090909090909091,0.9090909090909091,0.7999999999999999,0.6111111111111112,0.9090909090909091,0.980465367965368,0.9090909090909091,0.9523809523809523,0.9302325581395349,0.8017837257372732
0.3799999999999999,0.6,3,4,0.75,0.8181818181818182,0.782608695652174,0.5660377358490567,0.42592592592592593,0.7840909090909091,0.9457873044829567,0.7833494518006403,0.8181818181818182,0.782608695652174,0.5681818181818182
0.3799999999999999,0.6,4,4,0.8823529411764706,0.7272727272727273,0.8214285714285714,0.6195652173913042,0.5185185185185186,0.8048128342245989,0.9144098351414869,0.8010688047518291,0.8333333333333334,0.8571428571428571,0.6213664431593422
0.3799999999999999,0.6,5,4,0.9545454545454546,0.9090909090909091,0.9393939393939394,0.8636363636363638,0.6111111111111112,0.9318181818181819,0.9598580533259127,0.9315409787235999,0.9545454545454546,0.9545454545454546,0.8636363636363636
0.3899999999999999,0.6,1,4,1.0,0.9411764705882353,0.972972972972973,0.9453471196454949,0.6851851851851851,0.9705882352941176,0.7575595238095237,0.9701425001453319,0.9523809523809523,0.975609756097561,0.9467621366623017
0.3899999999999999,0.6,2,4,0.9090909090909091,0.9090909090909091,0.9090909090909091,0.7999999999999999,0.6111111111111112,0.9090909090909091,0.980465367965368,0.9090909090909091,0.9523809523809523,0.9302325581395349,0.8017837257372732
0.3899999999999999,0.6,3,4,0.75,0.8181818181818182,0.782608695652174,0.5660377358490567,0.42592592592592593,0.7840909090909091,0.9457873044829567,0.7833494518006403,0.8181818181818182,0.782608695652174,0.5681818181818182
0.3899999999999999,0.6,4,4,0.8823529411764706,0.7272727272727273,0.8214285714285714,0.6195652173913042,0.5185185185185186,0.8048128342245989,0.5026451292591341,0.8010688047518291,0.8333333333333334,0.8571428571428571,0.6213664431593422
0.3899999999999999,0.6,5,4,0.9545454545454546,0.9090909090909091,0.9393939393939394,0.8636363636363638,0.6111111111111112,0.9318181818181819,0.9573328008006602,0.9315409787235999,0.9545454545454546,0.9545454545454546,0.8636363636363636
0.3999999999999998,0.6,1,4,1.0,0.9411764705882353,0.972972972972973,0.9453471196454949,0.6851851851851851,0.9705882352941176,0.8588095238095238,0.9701425001453319,0.9523809523809523,0.975609756097561,0.9467621366623017
0.3999999999999998,0.6,2,4,0.9090909090909091,0.9090909090909091,0.9090909090909091,0.7999999999999999,0.6111111111111112,0.9090909090909091,0.980465367965368,0.9090909090909091,0.9523809523809523,0.9302325581395349,0.8017837257372732
0.3999999999999998,0.6,3,4,0.75,0.8181818181818182,0.782608695652174,0.5660377358490567,0.42592592592592593,0.7840909090909091,0.9457873044829567,0.7833494518006403,0.8181818181818182,0.782608695652174,0.5681818181818182
0.3999999999999998,0.6,4,4,0.8823529411764706,0.7272727272727273,0.8214285714285714,0.6195652173913042,0.5185185185185186,0.8048128342245989,0.9073019920042321,0.8010688047518291,0.8333333333333334,0.8571428571428571,0.6213664431593422
0.3999999999999998,0.6,5,4,0.9545454545454546,0.9090909090909091,0.9393939393939394,0.8636363636363638,0.6111111111111112,0.9318181818181819,0.9586696991963821,0.9315409787235999,0.9545454545454546,0.9545454545454546,0.8636363636363636
0.4099999999999998,0.6,1,4,1.0,0.9411764705882353,0.972972972972973,0.9453471196454949,0.6851851851851851,0.9705882352941176,0.9658928571428571,0.9701425001453319,0.9523809523809523,0.975609756097561,0.9467621366623017
0.4099999999999998,0.6,2,4,0.9090909090909091,0.9090909090909091,0.9090909090909091,0.7999999999999999,0.6111111111111112,0.9090909090909091,0.980465367965368,0.9090909090909091,0.9523809523809523,0.9302325581395349,0.8017837257372732
0.4099999999999998,0.6,3,4,0.75,0.8181818181818182,0.782608695652174,0.5660377358490567,0.42592592592592593,0.7840909090909091,0.9457873044829567,0.7833494518006403,0.8181818181818182,0.782608695652174,0.5681818181818182
0.4099999999999998,0.6,4,4,0.8823529411764706,0.7272727272727273,0.8214285714285714,0.6195652173913042,0.5185185185185186,0.8048128342245989,0.7122039527885456,0.8010688047518291,0.8333333333333334,0.8571428571428571,0.6213664431593422
0.4099999999999998,0.6,5,4,0.9545454545454546,0.9090909090909091,0.9393939393939394,0.8636363636363638,0.6111111111111112,0.9318181818181819,0.9623833058511653,0.9315409787235999,0.9545454545454546,0.9545454545454546,0.8636363636363636
0.4199999999999998,0.6,1,4,1.0,0.9411764705882353,0.972972972972973,0.9453471196454949,0.6851851851851851,0.9705882352941176,0.9686706349206349,0.9701425001453319,0.9523809523809523,0.975609756097561,0.9467621366623017
0.4199999999999998,0.6,2,4,0.9090909090909091,0.9090909090909091,0.9090909090909091,0.7999999999999999,0.6111111111111112,0.9090909090909091,0.980465367965368,0.9090909090909091,0.9523809523809523,0.9302325581395349,0.8017837257372732
0.4199999999999998,0.6,3,4,0.75,0.8181818181818182,0.782608695652174,0.5660377358490567,0.42592592592592593,0.7840909090909091,0.9457873044829567,0.7833494518006403,0.8181818181818182,0.782608695652174,0.5681818181818182
0.4199999999999998,0.6,4,4,0.8823529411764706,0.7272727272727273,0.8214285714285714,0.6195652173913042,0.5185185185185186,0.8048128342245989,0.7274700592311228,0.8010688047518291,0.8333333333333334,0.8571428571428571,0.6213664431593422
0.4199999999999998,0.6,5,4,0.9545454545454546,0.9090909090909091,0.9393939393939394,0.8636363636363638,0.6111111111111112,0.9318181818181819,0.9586696991963821,0.9315409787235999,0.9545454545454546,0.9545454545454546,0.8636363636363636
0.4299999999999998,0.6,1,4,1.0,0.9411764705882353,0.972972972972973,0.9453471196454949,0.6851851851851851,0.9705882352941176,0.965891567153177,0.9701425001453319,0.9523809523809523,0.975609756097561,0.9467621366623017
0.4299999999999998,0.6,2,4,0.9090909090909091,0.9090909090909091,0.9090909090909091,0.7999999999999999,0.6111111111111112,0.9090909090909091,0.980465367965368,0.9090909090909091,0.9523809523809523,0.9302325581395349,0.8017837257372732
0.4299999999999998,0.6,3,4,0.75,0.8181818181818182,0.782608695652174,0.5660377358490567,0.42592592592592593,0.7840909090909091,0.9457873044829568,0.7833494518006403,0.8181818181818182,0.782608695652174,0.5681818181818182
0.4299999999999998,0.6,4,4,0.8823529411764706,0.7272727272727273,0.8214285714285714,0.6195652173913042,0.5185185185185186,0.8048128342245989,0.9144098351414869,0.8010688047518291,0.8333333333333334,0.8571428571428571,0.6213664431593422
0.4299999999999998,0.6,5,4,0.9545454545454546,0.9090909090909091,0.9393939393939394,0.8636363636363638,0.6111111111111112,0.9318181818181819,0.9517772452451047,0.9315409787235999,0.9545454545454546,0.9545454545454546,0.8636363636363636
0.43999999999999984,0.6,1,4,1.0,0.9411764705882353,0.972972972972973,0.9453471196454949,0.6851851851851851,0.9705882352941176,0.9713095238095237,0.9701425001453319,0.9523809523809523,0.975609756097561,0.9467621366623017
0.43999999999999984,0.6,2,4,0.9090909090909091,0.9090909090909091,0.9090909090909091,0.7999999999999999,0.6111111111111112,0.9090909090909091,0.980465367965368,0.9090909090909091,0.9523809523809523,0.9302325581395349,0.8017837257372732
0.43999999999999984,0.6,3,4,0.75,0.8181818181818182,0.782608695652174,0.5660377358490567,0.42592592592592593,0.7840909090909091,0.9457873044829567,0.7833494518006403,0.8181818181818182,0.782608695652174,0.5681818181818182
0.43999999999999984,0.6,4,4,0.8823529411764706,0.7272727272727273,0.8214285714285714,0.6195652173913042,0.5185185185185186,0.8048128342245989,0.9384294429846242,0.8010688047518291,0.8333333333333334,0.8571428571428571,0.6213664431593422
0.43999999999999984,0.6,5,4,0.9545454545454546,0.9090909090909091,0.9393939393939394,0.8636363636363638,0.6111111111111112,0.9318181818181819,0.961120679588539,0.9315409787235999,0.9545454545454546,0.9545454545454546,0.8636363636363636
0.44999999999999984,0.6,1,4,1.0,0.9411764705882353,0.972972972972973,0.9453471196454949,0.6851851851851851,0.9705882352941176,0.9739411027568922,0.9701425001453319,0.9523809523809523,0.975609756097561,0.9467621366623017
0.44999999999999984,0.6,2,4,0.9090909090909091,0.9090909090909091,0.9090909090909091,0.7999999999999999,0.6111111111111112,0.9090909090909091,0.980465367965368,0.9090909090909091,0.9523809523809523,0.9302325581395349,0.8017837257372732
0.44999999999999984,0.6,3,4,0.75,0.8181818181818182,0.782608695652174,0.5660377358490567,0.42592592592592593,0.7840909090909091,0.9457873044829567,0.7833494518006403,0.8181818181818182,0.782608695652174,0.5681818181818182
0.44999999999999984,0.6,4,4,0.8823529411764706,0.7272727272727273,0.8214285714285714,0.6195652173913042,0.5185185185185186,0.8048128342245989,0.8997039527885458,0.8010688047518291,0.8333333333333334,0.8571428571428571,0.6213664431593422
0.44999999999999984,0.6,5,4,0.9545454545454546,0.9090909090909091,0.9393939393939394,0.8636363636363638,0.6111111111111112,0.9318181818181819,0.9573328008006602,0.9315409787235999,0.9545454545454546,0.9545454545454546,0.8636363636363636
0.45999999999999985,0.6,1,4,1.0,0.9411764705882353,0.972972972972973,0.9453471196454949,0.6851851851851851,0.9705882352941176,0.9963095238095239,0.9701425001453319,0.9523809523809523,0.975609756097561,0.9467621366623017
0.45999999999999985,0.6,2,4,0.9090909090909091,0.9090909090909091,0.9090909090909091,0.7999999999999999,0.6111111111111112,0.9090909090909091,0.980465367965368,0.9090909090909091,0.9523809523809523,0.9302325581395349,0.8017837257372732
0.45999999999999985,0.6,3,4,0.75,0.8181818181818182,0.782608695652174,0.5660377358490567,0.42592592592592593,0.7840909090909091,0.9457873044829567,0.7833494518006403,0.8181818181818182,0.782608695652174,0.5681818181818182
0.45999999999999985,0.6,4,4,0.8823529411764706,0.7272727272727273,0.8214285714285714,0.6195652173913042,0.5185185185185186,0.8048128342245989,0.9112235606316831,0.8010688047518291,0.8333333333333334,0.8571428571428571,0.6213664431593422
0.45999999999999985,0.6,5,4,0.9545454545454546,0.9090909090909091,0.9393939393939394,0.8636363636363638,0.6111111111111112,0.9318181818181819,0.9573328008006602,0.9315409787235999,0.9545454545454546,0.9545454545454546,0.8636363636363636
0.46999999999999986,0.6,1,4,1.0,0.9411764705882353,0.972972972972973,0.9453471196454949,0.6851851851851851,0.9705882352941176,0.9739411027568922,0.9701425001453319,0.9523809523809523,0.975609756097561,0.9467621366623017
0.46999999999999986,0.6,2,4,0.9090909090909091,0.9090909090909091,0.9090909090909091,0.7999999999999999,0.6111111111111112,0.9090909090909091,0.980465367965368,0.9090909090909091,0.9523809523809523,0.9302325581395349,0.8017837257372732
0.46999999999999986,0.6,3,4,0.75,0.8181818181818182,0.782608695652174,0.5660377358490567,0.42592592592592593,0.7840909090909091,0.9457873044829567,0.7833494518006403,0.8181818181818182,0.782608695652174,0.5681818181818182
0.46999999999999986,0.6,4,4,0.8823529411764706,0.7272727272727273,0.8214285714285714,0.6195652173913042,0.5185185185185186,0.8048128342245989,0.9112235606316831,0.8010688047518291,0.8333333333333334,0.8571428571428571,0.6213664431593422
0.46999999999999986,0.6,5,4,0.9545454545454546,0.9090909090909091,0.9393939393939394,0.8636363636363638,0.6111111111111112,0.9318181818181819,0.9573328008006602,0.9315409787235999,0.9545454545454546,0.9545454545454546,0.8636363636363636
0.47999999999999976,0.6,1,4,1.0,0.9411764705882353,0.972972972972973,0.9453471196454949,0.6851851851851851,0.9705882352941176,0.9750595238095239,0.9701425001453319,0.9523809523809523,0.975609756097561,0.9467621366623017
0.47999999999999976,0.6,2,4,0.9090909090909091,0.9090909090909091,0.9090909090909091,0.7999999999999999,0.6111111111111112,0.9090909090909091,0.980465367965368,0.9090909090909091,0.9523809523809523,0.9302325581395349,0.8017837257372732
0.47999999999999976,0.6,3,4,0.75,0.8181818181818182,0.782608695652174,0.5660377358490567,0.42592592592592593,0.7840909090909091,0.9457873044829567,0.7833494518006403,0.8181818181818182,0.782608695652174,0.5681818181818182
0.47999999999999976,0.6,4,4,0.8823529411764706,0.7272727272727273,0.8214285714285714,0.6195652173913042,0.5185185185185186,0.8048128342245989,0.9180863057297222,0.8010688047518291,0.8333333333333334,0.8571428571428571,0.6213664431593422
0.47999999999999976,0.6,5,4,0.9545454545454546,0.9090909090909091,0.9393939393939394,0.8636363636363638,0.6111111111111112,0.9318181818181819,0.9598580533259127,0.9315409787235999,0.9545454545454546,0.9545454545454546,0.8636363636363636
0.48999999999999977,0.6,1,4,1.0,0.9411764705882353,0.972972972972973,0.9453471196454949,0.6851851851851851,0.9705882352941176,0.9963095238095239,0.9701425001453319,0.9523809523809523,0.975609756097561,0.9467621366623017
0.48999999999999977,0.6,2,4,0.9090909090909091,0.9090909090909091,0.9090909090909091,0.7999999999999999,0.6111111111111112,0.9090909090909091,0.9804653679653679,0.9090909090909091,0.9523809523809523,0.9302325581395349,0.8017837257372732
0.48999999999999977,0.6,3,4,0.75,0.8181818181818182,0.782608695652174,0.5660377358490567,0.42592592592592593,0.7840909090909091,0.9457873044829567,0.7833494518006403,0.8181818181818182,0.782608695652174,0.5681818181818182
0.48999999999999977,0.6,4,4,0.8823529411764706,0.7272727272727273,0.8214285714285714,0.6195652173913042,0.5185185185185186,0.8048128342245989,0.9217627763179576,0.8010688047518291,0.8333333333333334,0.8571428571428571,0.6213664431593422
0.48999999999999977,0.6,5,4,0.9545454545454546,0.9090909090909091,0.9393939393939394,0.8636363636363638,0.6111111111111112,0.9318181818181819,0.9573328008006602,0.9315409787235999,0.9545454545454546,0.9545454545454546,0.8636363636363636
0.4999999999999998,0.6,1,4,1.0,0.9411764705882353,0.972972972972973,0.9453471196454949,0.6851851851851851,0.9705882352941176,0.9750595238095239,0.9701425001453319,0.9523809523809523,0.975609756097561,0.9467621366623017
0.4999999999999998,0.6,2,4,0.9090909090909091,0.9090909090909091,0.9090909090909091,0.7999999999999999,0.6111111111111112,0.9090909090909091,0.980465367965368,0.9090909090909091,0.9523809523809523,0.9302325581395349,0.8017837257372732
0.4999999999999998,0.6,3,4,0.75,0.8181818181818182,0.782608695652174,0.5660377358490567,0.42592592592592593,0.7840909090909091,0.9457873044829567,0.7833494518006403,0.8181818181818182,0.782608695652174,0.5681818181818182
0.4999999999999998,0.6,4,4,0.8823529411764706,0.7272727272727273,0.8214285714285714,0.6195652173913042,0.5185185185185186,0.8048128342245989,0.9180863057297222,0.8010688047518291,0.8333333333333334,0.8571428571428571,0.6213664431593422
0.4999999999999998,0.6,5,4,0.9545454545454546,0.9090909090909091,0.9393939393939394,0.8636363636363638,0.6111111111111112,0.9318181818181819,0.961120679588539,0.9315409787235999,0.9545454545454546,0.9545454545454546,0.8636363636363636
0.5099999999999998,0.6,1,4,1.0,0.9411764705882353,0.972972972972973,0.9453471196454949,0.6851851851851851,0.9705882352941176,0.9739411027568922,0.9701425001453319,0.9523809523809523,0.975609756097561,0.9467621366623017
0.5099999999999998,0.6,2,4,0.9090909090909091,0.9090909090909091,0.9090909090909091,0.7999999999999999,0.6111111111111112,0.9090909090909091,0.980465367965368,0.9090909090909091,0.9523809523809523,0.9302325581395349,0.8017837257372732
0.5099999999999998,0.6,3,4,0.75,0.8181818181818182,0.782608695652174,0.5660377358490567,0.42592592592592593,0.7840909090909091,0.9457873044829568,0.7833494518006403,0.8181818181818182,0.782608695652174,0.5681818181818182
0.5099999999999998,0.6,4,4,0.8823529411764706,0.7272727272727273,0.8214285714285714,0.6195652173913042,0.5185185185185186,0.8048128342245989,0.7200470900434477,0.8010688047518291,0.8333333333333334,0.8571428571428571,0.6213664431593422
0.5099999999999998,0.6,5,4,0.9545454545454546,0.9090909090909091,0.9393939393939394,0.8636363636363638,0.6111111111111112,0.9318181818181819,0.961120679588539,0.9315409787235999,0.9545454545454546,0.9545454545454546,0.8636363636363636
0.5199999999999998,0.6,1,4,1.0,0.9411764705882353,0.972972972972973,0.9453471196454949,0.6851851851851851,0.9705882352941176,0.9963095238095239,0.9701425001453319,0.9523809523809523,0.975609756097561,0.9467621366623017
0.5199999999999998,0.6,2,4,0.9090909090909091,0.9090909090909091,0.9090909090909091,0.7999999999999999,0.6111111111111112,0.9090909090909091,0.980465367965368,0.9090909090909091,0.9523809523809523,0.9302325581395349,0.8017837257372732
0.5199999999999998,0.6,3,4,0.75,0.8181818181818182,0.782608695652174,0.5660377358490567,0.42592592592592593,0.7840909090909091,0.9457873044829567,0.7833494518006403,0.8181818181818182,0.782608695652174,0.5681818181818182
0.5199999999999998,0.6,4,4,0.8823529411764706,0.7272727272727273,0.8214285714285714,0.6195652173913042,0.5185185185185186,0.8048128342245989,0.9144098351414869,0.8010688047518291,0.8333333333333334,0.8571428571428571,0.6213664431593422
0.5199999999999998,0.6,5,4,0.9545454545454546,0.9090909090909091,0.9393939393939394,0.8636363636363638,0.6111111111111112,0.9318181818181819,0.9586696991963821,0.9315409787235999,0.9545454545454546,0.9545454545454546,0.8636363636363636
0.5299999999999998,0.6,1,4,1.0,0.9411764705882353,0.972972972972973,0.9453471196454949,0.6851851851851851,0.9705882352941176,0.9713095238095237,0.9701425001453319,0.9523809523809523,0.975609756097561,0.9467621366623017
0.5299999999999998,0.6,2,4,0.9090909090909091,0.9090909090909091,0.9090909090909091,0.7999999999999999,0.6111111111111112,0.9090909090909091,0.980465367965368,0.9090909090909091,0.9523809523809523,0.9302325581395349,0.8017837257372732
0.5299999999999998,0.6,3,4,0.75,0.8181818181818182,0.782608695652174,0.5660377358490567,0.42592592592592593,0.7840909090909091,0.9457873044829567,0.7833494518006403,0.8181818181818182,0.782608695652174,0.5681818181818182
0.5299999999999998,0.6,4,4,0.8823529411764706,0.7272727272727273,0.8214285714285714,0.6195652173913042,0.5185185185185186,0.8048128342245989,0.8997039527885458,0.8010688047518291,0.8333333333333334,0.8571428571428571,0.6213664431593422
0.5299999999999998,0.6,5,4,0.9545454545454546,0.9090909090909091,0.9393939393939394,0.8636363636363638,0.6111111111111112,0.9318181818181819,0.9573328008006602,0.9315409787235999,0.9545454545454546,0.9545454545454546,0.8636363636363636
0.5399999999999998,0.6,1,4,1.0,0.9411764705882353,0.972972972972973,0.9453471196454949,0.6851851851851851,0.9705882352941176,0.9713095238095237,0.9701425001453319,0.9523809523809523,0.975609756097561,0.9467621366623017
0.5399999999999998,0.6,2,4,0.9090909090909091,0.9090909090909091,0.9090909090909091,0.7999999999999999,0.6111111111111112,0.9090909090909091,0.980465367965368,0.9090909090909091,0.9523809523809523,0.9302325581395349,0.8017837257372732
0.5399999999999998,0.6,3,4,0.75,0.8181818181818182,0.782608695652174,0.5660377358490567,0.42592592592592593,0.7840909090909091,0.9457873044829567,0.7833494518006403,0.8181818181818182,0.782608695652174,0.5681818181818182
0.5399999999999998,0.6,4,4,0.8823529411764706,0.7272727272727273,0.8214285714285714,0.6195652173913042,0.5185185185185186,0.8048128342245989,0.9217627763179576,0.8010688047518291,0.8333333333333334,0.8571428571428571,0.6213664431593422
0.5399999999999998,0.6,5,4,0.9545454545454546,0.9090909090909091,0.9393939393939394,0.8636363636363638,0.6111111111111112,0.9318181818181819,0.961120679588539,0.9315409787235999,0.9545454545454546,0.9545454545454546,0.8636363636363636
0.5499999999999998,0.6,1,4,1.0,0.9411764705882353,0.972972972972973,0.9453471196454949,0.6851851851851851,0.9705882352941176,0.565891567153177,0.9701425001453319,0.9523809523809523,0.975609756097561,0.9467621366623017
0.5499999999999998,0.6,2,4,0.9090909090909091,0.9090909090909091,0.9090909090909091,0.7999999999999999,0.6111111111111112,0.9090909090909091,0.980465367965368,0.9090909090909091,0.9523809523809523,0.9302325581395349,0.8017837257372732
0.5499999999999998,0.6,3,4,0.75,0.8181818181818182,0.782608695652174,0.5660377358490567,0.42592592592592593,0.7840909090909091,0.9457873044829567,0.7833494518006403,0.8181818181818182,0.782608695652174,0.5681818181818182
0.5499999999999998,0.6,4,4,0.8823529411764706,0.7272727272727273,0.8214285714285714,0.6195652173913042,0.5185185185185186,0.8048128342245989,0.9327921880826634,0.8010688047518291,0.8333333333333334,0.8571428571428571,0.6213664431593422
0.5499999999999998,0.6,5,4,0.9545454545454546,0.9090909090909091,0.9393939393939394,0.8636363636363638,0.6111111111111112,0.9318181818181819,0.9573328008006602,0.9315409787235999,0.9545454545454546,0.9545454545454546,0.8636363636363636
0.5599999999999997,0.6,1,4,1.0,0.9411764705882353,0.972972972972973,0.9453471196454949,0.6851851851851851,0.9705882352941176,0.9738095238095238,0.9701425001453319,0.9523809523809523,0.975609756097561,0.9467621366623017
0.5599999999999997,0.6,2,4,0.9090909090909091,0.9090909090909091,0.9090909090909091,0.7999999999999999,0.6111111111111112,0.9090909090909091,0.980465367965368,0.9090909090909091,0.9523809523809523,0.9302325581395349,0.8017837257372732
0.5599999999999997,0.6,3,4,0.75,0.8181818181818182,0.782608695652174,0.5660377358490567,0.42592592592592593,0.7840909090909091,0.9457873044829567,0.7833494518006403,0.8181818181818182,0.782608695652174,0.5681818181818182
0.5599999999999997,0.6,4,4,0.8823529411764706,0.7272727272727273,0.8214285714285714,0.6195652173913042,0.5185185185185186,0.8048128342245989,0.9073019920042321,0.8010688047518291,0.8333333333333334,0.8571428571428571,0.6213664431593422
0.5599999999999997,0.6,5,4,0.9545454545454546,0.9090909090909091,0.9393939393939394,0.8636363636363638,0.6111111111111112,0.9318181818181819,0.9586696991963821,0.9315409787235999,0.9545454545454546,0.9545454545454546,0.8636363636363636
0.5699999999999997,0.6,1,4,1.0,0.9411764705882353,0.972972972972973,0.9453471196454949,0.6851851851851851,0.9705882352941176,0.9673707553196718,0.9701425001453319,0.9523809523809523,0.975609756097561,0.9467621366623017
0.5699999999999997,0.6,2,4,0.9090909090909091,0.9090909090909091,0.9090909090909091,0.7999999999999999,0.6111111111111112,0.9090909090909091,0.980465367965368,0.9090909090909091,0.9523809523809523,0.9302325581395349,0.8017837257372732
0.5699999999999997,0.6,3,4,0.75,0.8181818181818182,0.782608695652174,0.5660377358490567,0.42592592592592593,0.7840909090909091,0.9457873044829567,0.7833494518006403,0.8181818181818182,0.782608695652174,0.5681818181818182
0.5699999999999997,0.6,4,4,0.8823529411764706,0.7272727272727273,0.8214285714285714,0.6195652173913042,0.5185185185185186,0.8048128342245989,0.9073019920042321,0.8010688047518291,0.8333333333333334,0.8571428571428571,0.6213664431593422
0.5699999999999997,0.6,5,4,0.9545454545454546,0.9090909090909091,0.9393939393939394,0.8636363636363638,0.6111111111111112,0.9318181818181819,0.9573328008006602,0.9315409787235999,0.9545454545454546,0.9545454545454546,0.8636363636363636
0.5799999999999997,0.6,1,4,1.0,0.9411764705882353,0.972972972972973,0.9453471196454949,0.6851851851851851,0.9705882352941176,0.7673389355742296,0.9701425001453319,0.9523809523809523,0.975609756097561,0.9467621366623017
0.5799999999999997,0.6,2,4,0.9090909090909091,0.9090909090909091,0.9090909090909091,0.7999999999999999,0.6111111111111112,0.9090909090909091,0.980465367965368,0.9090909090909091,0.9523809523809523,0.9302325581395349,0.8017837257372732
0.5799999999999997,0.6,3,4,0.75,0.8181818181818182,0.782608695652174,0.5660377358490567,0.42592592592592593,0.7840909090909091,0.9457873044829567,0.7833494518006403,0.8181818181818182,0.782608695652174,0.5681818181818182
0.5799999999999997,0.6,4,4,0.8823529411764706,0.7272727272727273,0.8214285714285714,0.6195652173913042,0.5185185185185186,0.8048128342245989,0.9348930284187978,0.8010688047518291,0.8333333333333334,0.8571428571428571,0.6213664431593422
0.5799999999999997,0.6,5,4,0.9545454545454546,0.9090909090909091,0.9393939393939394,0.8636363636363638,0.6111111111111112,0.9318181818181819,0.9586696991963821,0.9315409787235999,0.9545454545454546,0.9545454545454546,0.8636363636363636
0.5899999999999997,0.6,1,4,1.0,0.9411764705882353,0.972972972972973,0.9453471196454949,0.6851851851851851,0.9705882352941176,0.9728373015873015,0.9701425001453319,0.9523809523809523,0.975609756097561,0.9467621366623017
0.5899999999999997,0.6,2,4,0.9090909090909091,0.9090909090909091,0.9090909090909091,0.7999999999999999,0.6111111111111112,0.9090909090909091,0.980465367965368,0.9090909090909091,0.9523809523809523,0.9302325581395349,0.8017837257372732
0.5899999999999997,0.6,3,4,0.75,0.8181818181818182,0.782608695652174,0.5660377358490567,0.42592592592592593,0.7840909090909091,0.9457873044829568,0.7833494518006403,0.8181818181818182,0.782608695652174,0.5681818181818182
0.5899999999999997,0.6,4,4,0.8823529411764706,0.7272727272727273,0.8214285714285714,0.6195652173913042,0.5185185185185186,0.8048128342245989,0.9180863057297222,0.8010688047518291,0.8333333333333334,0.8571428571428571,0.6213664431593422
0.5899999999999997,0.6,5,4,0.9545454545454546,0.9090909090909091,0.9393939393939394,0.8636363636363638,0.6111111111111112,0.9318181818181819,0.9573328008006602,0.9315409787235999,0.9545454545454546,0.9545454545454546,0.8636363636363636
0.5999999999999998,0.6,1,4,1.0,0.9411764705882353,0.972972972972973,0.9453471196454949,0.6851851851851851,0.9705882352941176,0.9750595238095239,0.9701425001453319,0.9523809523809523,0.975609756097561,0.9467621366623017
0.5999999999999998,0.6,2,4,0.9090909090909091,0.9090909090909091,0.9090909090909091,0.7999999999999999,0.6111111111111112,0.9090909090909091,0.980465367965368,0.9090909090909091,0.9523809523809523,0.9302325581395349,0.8017837257372732
0.5999999999999998,0.6,3,4,0.75,0.8181818181818182,0.782608695652174,0.5660377358490567,0.42592592592592593,0.7840909090909091,0.9457873044829567,0.7833494518006403,0.8181818181818182,0.782608695652174,0.5681818181818182
0.5999999999999998,0.6,4,4,0.8823529411764706,0.7272727272727273,0.8214285714285714,0.6195652173913042,0.5185185185185186,0.8048128342245989,0.9217627763179576,0.8010688047518291,0.8333333333333334,0.8571428571428571,0.6213664431593422
0.5999999999999998,0.6,5,4,0.9545454545454546,0.9090909090909091,0.9393939393939394,0.8636363636363638,0.6111111111111112,0.9318181818181819,0.9560701745380339,0.9315409787235999,0.9545454545454546,0.9545454545454546,0.8636363636363636
0.6099999999999998,0.6,1,4,1.0,0.9411764705882353,0.972972972972973,0.9453471196454949,0.6851851851851851,0.9705882352941176,0.8665873015873016,0.9701425001453319,0.9523809523809523,0.975609756097561,0.9467621366623017
0.6099999999999998,0.6,2,4,0.9090909090909091,0.9090909090909091,0.9090909090909091,0.7999999999999999,0.6111111111111112,0.9090909090909091,0.980465367965368,0.9090909090909091,0.9523809523809523,0.9302325581395349,0.8017837257372732
0.6099999999999998,0.6,3,4,0.75,0.8181818181818182,0.782608695652174,0.5660377358490567,0.42592592592592593,0.7840909090909091,0.9457873044829567,0.7833494518006403,0.8181818181818182,0.782608695652174,0.5681818181818182
0.6099999999999998,0.6,4,4,0.8823529411764706,0.7272727272727273,0.8214285714285714,0.6195652173913042,0.5185185185185186,0.8048128342245989,0.9144098351414869,0.8010688047518291,0.8333333333333334,0.8571428571428571,0.6213664431593422
0.6099999999999998,0.6,5,4,0.9545454545454546,0.9090909090909091,0.9393939393939394,0.8636363636363638,0.6111111111111112,0.9318181818181819,0.9560701745380339,0.9315409787235999,0.9545454545454546,0.9545454545454546,0.8636363636363636
0.6199999999999998,0.6,1,4,1.0,0.9411764705882353,0.972972972972973,0.9453471196454949,0.6851851851851851,0.9705882352941176,0.9975595238095238,0.9701425001453319,0.9523809523809523,0.975609756097561,0.9467621366623017
0.6199999999999998,0.6,2,4,0.9090909090909091,0.9090909090909091,0.9090909090909091,0.7999999999999999,0.6111111111111112,0.9090909090909091,0.980465367965368,0.9090909090909091,0.9523809523809523,0.9302325581395349,0.8017837257372732
0.6199999999999998,0.6,3,4,0.75,0.8181818181818182,0.782608695652174,0.5660377358490567,0.42592592592592593,0.7840909090909091,0.9457873044829567,0.7833494518006403,0.8181818181818182,0.782608695652174,0.5681818181818182
0.6199999999999998,0.6,4,4,0.8823529411764706,0.7272727272727273,0.8214285714285714,0.6195652173913042,0.5185185185185186,0.8048128342245989,0.9073019920042321,0.8010688047518291,0.8333333333333334,0.8571428571428571,0.6213664431593422
0.6199999999999998,0.6,5,4,0.9545454545454546,0.9090909090909091,0.9393939393939394,0.8636363636363638,0.6111111111111112,0.9318181818181819,0.9573328008006602,0.9315409787235999,0.9545454545454546,0.9545454545454546,0.8636363636363636
0.6299999999999997,0.6,1,4,1.0,0.9411764705882353,0.972972972972973,0.9453471196454949,0.6851851851851851,0.9705882352941176,0.9949937343358396,0.9701425001453319,0.9523809523809523,0.975609756097561,0.9467621366623017
0.6299999999999997,0.6,2,4,0.9090909090909091,0.9090909090909091,0.9090909090909091,0.7999999999999999,0.6111111111111112,0.9090909090909091,0.980465367965368,0.9090909090909091,0.9523809523809523,0.9302325581395349,0.8017837257372732
0.6299999999999997,0.6,3,4,0.75,0.8181818181818182,0.782608695652174,0.5660377358490567,0.42592592592592593,0.7840909090909091,0.9457873044829567,0.7833494518006403,0.8181818181818182,0.782608695652174,0.5681818181818182
0.6299999999999997,0.6,4,4,0.8823529411764706,0.7272727272727273,0.8214285714285714,0.6195652173913042,0.5185185185185186,0.8048128342245989,0.9189616558697783,0.8010688047518291,0.8333333333333334,0.8571428571428571,0.6213664431593422
0.6299999999999997,0.6,5,4,0.9545454545454546,0.9090909090909091,0.9393939393939394,0.8636363636363638,0.6111111111111112,0.9318181818181819,0.9623833058511653,0.9315409787235999,0.9545454545454546,0.9545454545454546,0.8636363636363636
0.6399999999999997,0.6,1,4,1.0,0.9411764705882353,0.972972972972973,0.9453471196454949,0.6851851851851851,0.9705882352941176,0.9739411027568922,0.9701425001453319,0.9523809523809523,0.975609756097561,0.9467621366623017
0.6399999999999997,0.6,2,4,0.9090909090909091,0.9090909090909091,0.9090909090909091,0.7999999999999999,0.6111111111111112,0.9090909090909091,0.980465367965368,0.9090909090909091,0.9523809523809523,0.9302325581395349,0.8017837257372732
0.6399999999999997,0.6,3,4,0.75,0.8181818181818182,0.782608695652174,0.5660377358490567,0.42592592592592593,0.7840909090909091,0.9457873044829567,0.7833494518006403,0.8181818181818182,0.782608695652174,0.5681818181818182
0.6399999999999997,0.6,4,4,0.8823529411764706,0.7272727272727273,0.8214285714285714,0.6195652173913042,0.5185185185185186,0.8048128342245989,0.8997389667941481,0.8010688047518291,0.8333333333333334,0.8571428571428571,0.6213664431593422
0.6399999999999997,0.6,5,4,0.9545454545454546,0.9090909090909091,0.9393939393939394,0.8636363636363638,0.6111111111111112,0.9318181818181819,0.9573328008006602,0.9315409787235999,0.9545454545454546,0.9545454545454546,0.8636363636363636
0.6499999999999997,0.6,1,4,1.0,0.9411764705882353,0.972972972972973,0.9453471196454949,0.6851851851851851,0.9705882352941176,0.9975595238095238,0.9701425001453319,0.9523809523809523,0.975609756097561,0.9467621366623017
0.6499999999999997,0.6,2,4,0.9090909090909091,0.9090909090909091,0.9090909090909091,0.7999999999999999,0.6111111111111112,0.9090909090909091,0.980465367965368,0.9090909090909091,0.9523809523809523,0.9302325581395349,0.8017837257372732
0.6499999999999997,0.6,3,4,0.75,0.8181818181818182,0.782608695652174,0.5660377358490567,0.42592592592592593,0.7840909090909091,0.9457873044829567,0.7833494518006403,0.8181818181818182,0.782608695652174,0.5681818181818182
0.6499999999999997,0.6,4,4,0.8823529411764706,0.7272727272727273,0.8214285714285714,0.6195652173913042,0.5185185185185186,0.8048128342245989,0.9180863057297222,0.8010688047518291,0.8333333333333334,0.8571428571428571,0.6213664431593422
0.6499999999999997,0.6,5,4,0.9545454545454546,0.9090909090909091,0.9393939393939394,0.8636363636363638,0.6111111111111112,0.9318181818181819,0.9623833058511653,0.9315409787235999,0.9545454545454546,0.9545454545454546,0.8636363636363636
0.6599999999999997,0.6,1,4,1.0,0.9411764705882353,0.972972972972973,0.9453471196454949,0.6851851851851851,0.9705882352941176,0.9750595238095239,0.9701425001453319,0.9523809523809523,0.975609756097561,0.9467621366623017
0.6599999999999997,0.6,2,4,0.9090909090909091,0.9090909090909091,0.9090909090909091,0.7999999999999999,0.6111111111111112,0.9090909090909091,0.980465367965368,0.9090909090909091,0.9523809523809523,0.9302325581395349,0.8017837257372732
0.6599999999999997,0.6,3,4,0.75,0.8181818181818182,0.782608695652174,0.5660377358490567,0.42592592592592593,0.7840909090909091,0.9457873044829567,0.7833494518006403,0.8181818181818182,0.782608695652174,0.5681818181818182
0.6599999999999997,0.6,4,4,0.8823529411764706,0.7272727272727273,0.8214285714285714,0.6195652173913042,0.5185185185185186,0.8048128342245989,0.9144098351414869,0.8010688047518291,0.8333333333333334,0.8571428571428571,0.6213664431593422
0.6599999999999997,0.6,5,4,0.9545454545454546,0.9090909090909091,0.9393939393939394,0.8636363636363638,0.6111111111111112,0.9318181818181819,0.9573328008006602,0.9315409787235999,0.9545454545454546,0.9545454545454546,0.8636363636363636
0.6699999999999997,0.6,1,4,1.0,0.9411764705882353,0.972972972972973,0.9453471196454949,0.6851851851851851,0.9705882352941176,0.9750595238095239,0.9701425001453319,0.9523809523809523,0.975609756097561,0.9467621366623017
0.6699999999999997,0.6,2,4,0.9090909090909091,0.9090909090909091,0.9090909090909091,0.7999999999999999,0.6111111111111112,0.9090909090909091,0.980465367965368,0.9090909090909091,0.9523809523809523,0.9302325581395349,0.8017837257372732
0.6699999999999997,0.6,3,4,0.75,0.8181818181818182,0.782608695652174,0.5660377358490567,0.42592592592592593,0.7840909090909091,0.9457873044829567,0.7833494518006403,0.8181818181818182,0.782608695652174,0.5681818181818182
0.6699999999999997,0.6,4,4,0.8823529411764706,0.7272727272727273,0.8214285714285714,0.6195652173913042,0.5185185185185186,0.8048128342245989,0.9180863057297222,0.8010688047518291,0.8333333333333334,0.8571428571428571,0.6213664431593422
0.6699999999999997,0.6,5,4,0.9545454545454546,0.9090909090909091,0.9393939393939394,0.8636363636363638,0.6111111111111112,0.9318181818181819,0.9623833058511653,0.9315409787235999,0.9545454545454546,0.9545454545454546,0.8636363636363636
0.6799999999999997,0.6,1,4,1.0,0.9411764705882353,0.972972972972973,0.9453471196454949,0.6851851851851851,0.9705882352941176,0.9763095238095238,0.9701425001453319,0.9523809523809523,0.975609756097561,0.9467621366623017
0.6799999999999997,0.6,2,4,0.9090909090909091,0.9090909090909091,0.9090909090909091,0.7999999999999999,0.6111111111111112,0.9090909090909091,0.980465367965368,0.9090909090909091,0.9523809523809523,0.9302325581395349,0.8017837257372732
0.6799999999999997,0.6,3,4,0.75,0.8181818181818182,0.782608695652174,0.5660377358490567,0.42592592592592593,0.7840909090909091,0.9457873044829568,0.7833494518006403,0.8181818181818182,0.782608695652174,0.5681818181818182
0.6799999999999997,0.6,4,4,0.8823529411764706,0.7272727272727273,0.8214285714285714,0.6195652173913042,0.5185185185185186,0.8048128342245989,0.9180863057297222,0.8010688047518291,0.8333333333333334,0.8571428571428571,0.6213664431593422
0.6799999999999997,0.6,5,4,0.9545454545454546,0.9090909090909091,0.9393939393939394,0.8636363636363638,0.6111111111111112,0.9318181818181819,0.9598580533259127,0.9315409787235999,0.9545454545454546,0.9545454545454546,0.8636363636363636
0.6899999999999997,0.6,1,4,1.0,0.9411764705882353,0.972972972972973,0.9453471196454949,0.6851851851851851,0.9705882352941176,0.9949937343358396,0.9701425001453319,0.9523809523809523,0.975609756097561,0.9467621366623017
0.6899999999999997,0.6,2,4,0.9090909090909091,0.9090909090909091,0.9090909090909091,0.7999999999999999,0.6111111111111112,0.9090909090909091,0.980465367965368,0.9090909090909091,0.9523809523809523,0.9302325581395349,0.8017837257372732
0.6899999999999997,0.6,3,4,0.75,0.8181818181818182,0.782608695652174,0.5660377358490567,0.42592592592592593,0.7840909090909091,0.9457873044829567,0.7833494518006403,0.8181818181818182,0.782608695652174,0.5681818181818182
0.6899999999999997,0.6,4,4,0.8823529411764706,0.7272727272727273,0.8214285714285714,0.6195652173913042,0.5185185185185186,0.8048128342245989,0.5249490508277614,0.8010688047518291,0.8333333333333334,0.8571428571428571,0.6213664431593422
0.6899999999999997,0.6,5,4,0.9545454545454546,0.9090909090909091,0.9393939393939394,0.8636363636363638,0.6111111111111112,0.9318181818181819,0.9623833058511653,0.9315409787235999,0.9545454545454546,0.9545454545454546,0.8636363636363636
0.6999999999999996,0.6,1,4,1.0,0.9411764705882353,0.972972972972973,0.9453471196454949,0.6851851851851851,0.9705882352941176,0.9713095238095237,0.9701425001453319,0.9523809523809523,0.975609756097561,0.9467621366623017
0.6999999999999996,0.6,2,4,0.9090909090909091,0.9090909090909091,0.9090909090909091,0.7999999999999999,0.6111111111111112,0.9090909090909091,0.980465367965368,0.9090909090909091,0.9523809523809523,0.9302325581395349,0.8017837257372732
0.6999999999999996,0.6,3,4,0.75,0.8181818181818182,0.782608695652174,0.5660377358490567,0.42592592592592593,0.7840909090909091,0.9457873044829568,0.7833494518006403,0.8181818181818182,0.782608695652174,0.5681818181818182
0.6999999999999996,0.6,4,4,0.8823529411764706,0.7272727272727273,0.8214285714285714,0.6195652173913042,0.5185185185185186,0.8048128342245989,0.915145129259134,0.8010688047518291,0.8333333333333334,0.8571428571428571,0.6213664431593422
0.6999999999999996,0.6,5,4,0.9545454545454546,0.9090909090909091,0.9393939393939394,0.8636363636363638,0.6111111111111112,0.9318181818181819,0.9586696991963821,0.9315409787235999,0.9545454545454546,0.9545454545454546,0.8636363636363636
0.7099999999999996,0.6,1,4,1.0,0.9411764705882353,0.972972972972973,0.9453471196454949,0.6851851851851851,0.9705882352941176,0.8297890559732667,0.9701425001453319,0.9523809523809523,0.975609756097561,0.9467621366623017
0.7099999999999996,0.6,2,4,0.9090909090909091,0.9090909090909091,0.9090909090909091,0.7999999999999999,0.6111111111111112,0.9090909090909091,0.980465367965368,0.9090909090909091,0.9523809523809523,0.9302325581395349,0.8017837257372732
0.7099999999999996,0.6,3,4,0.75,0.8181818181818182,0.782608695652174,0.5660377358490567,0.42592592592592593,0.7840909090909091,0.9457873044829567,0.7833494518006403,0.8181818181818182,0.782608695652174,0.5681818181818182
0.7099999999999996,0.6,4,4,0.8823529411764706,0.7272727272727273,0.8214285714285714,0.6195652173913042,0.5185185185185186,0.8048128342245989,0.9144098351414869,0.8010688047518291,0.8333333333333334,0.8571428571428571,0.6213664431593422
0.7099999999999996,0.6,5,4,0.9545454545454546,0.9090909090909091,0.9393939393939394,0.8636363636363638,0.6111111111111112,0.9318181818181819,0.9586696991963821,0.9315409787235999,0.9545454545454546,0.9545454545454546,0.8636363636363636
0.7199999999999996,0.6,1,4,1.0,0.9411764705882353,0.972972972972973,0.9453471196454949,0.6851851851851851,0.9705882352941176,0.9775595238095238,0.9701425001453319,0.9523809523809523,0.975609756097561,0.9467621366623017
0.7199999999999996,0.6,2,4,0.9090909090909091,0.9090909090909091,0.9090909090909091,0.7999999999999999,0.6111111111111112,0.9090909090909091,0.980465367965368,0.9090909090909091,0.9523809523809523,0.9302325581395349,0.8017837257372732
0.7199999999999996,0.6,3,4,0.75,0.8181818181818182,0.782608695652174,0.5660377358490567,0.42592592592592593,0.7840909090909091,0.9457873044829567,0.7833494518006403,0.8181818181818182,0.782608695652174,0.5681818181818182
0.7199999999999996,0.6,4,4,0.8823529411764706,0.7272727272727273,0.8214285714285714,0.6195652173913042,0.5185185185185186,0.8048128342245989,0.7122039527885456,0.8010688047518291,0.8333333333333334,0.8571428571428571,0.6213664431593422
0.7199999999999996,0.6,5,4,0.9545454545454546,0.9090909090909091,0.9393939393939394,0.8636363636363638,0.6111111111111112,0.9318181818181819,0.9586696991963821,0.9315409787235999,0.9545454545454546,0.9545454545454546,0.8636363636363636
0.7299999999999996,0.6,1,4,1.0,0.9411764705882353,0.972972972972973,0.9453471196454949,0.6851851851851851,0.9705882352941176,0.972625313283208,0.9701425001453319,0.9523809523809523,0.975609756097561,0.9467621366623017
0.7299999999999996,0.6,2,4,0.9090909090909091,0.9090909090909091,0.9090909090909091,0.7999999999999999,0.6111111111111112,0.9090909090909091,0.980465367965368,0.9090909090909091,0.9523809523809523,0.9302325581395349,0.8017837257372732
0.7299999999999996,0.6,3,4,0.75,0.8181818181818182,0.782608695652174,0.5660377358490567,0.42592592592592593,0.7840909090909091,0.9457873044829567,0.7833494518006403,0.8181818181818182,0.782608695652174,0.5681818181818182
0.7299999999999996,0.6,4,4,0.8823529411764706,0.7272727272727273,0.8214285714285714,0.6195652173913042,0.5185185185185186,0.8048128342245989,0.5026451292591341,0.8010688047518291,0.8333333333333334,0.8571428571428571,0.6213664431593422
0.7299999999999996,0.6,5,4,0.9545454545454546,0.9090909090909091,0.9393939393939394,0.8636363636363638,0.6111111111111112,0.9318181818181819,0.961120679588539,0.9315409787235999,0.9545454545454546,0.9545454545454546,0.8636363636363636
0.7399999999999997,0.6,1,4,1.0,0.9411764705882353,0.972972972972973,0.9453471196454949,0.6851851851851851,0.9705882352941176,0.8239411027568923,0.9701425001453319,0.9523809523809523,0.975609756097561,0.9467621366623017
0.7399999999999997,0.6,2,4,0.9090909090909091,0.9090909090909091,0.9090909090909091,0.7999999999999999,0.6111111111111112,0.9090909090909091,0.980465367965368,0.9090909090909091,0.9523809523809523,0.9302325581395349,0.8017837257372732
0.7399999999999997,0.6,3,4,0.75,0.8181818181818182,0.782608695652174,0.5660377358490567,0.42592592592592593,0.7840909090909091,0.9457873044829567,0.7833494518006403,0.8181818181818182,0.782608695652174,0.5681818181818182
0.7399999999999997,0.6,4,4,0.8823529411764706,0.7272727272727273,0.8214285714285714,0.6195652173913042,0.5185185185185186,0.8048128342245989,0.9073019920042321,0.8010688047518291,0.8333333333333334,0.8571428571428571,0.6213664431593422
0.7399999999999997,0.6,5,4,0.9545454545454546,0.9090909090909091,0.9393939393939394,0.8636363636363638,0.6111111111111112,0.9318181818181819,0.9636459321137915,0.9315409787235999,0.9545454545454546,0.9545454545454546,0.8636363636363636
0.7499999999999997,0.6,1,4,1.0,0.9411764705882353,0.972972972972973,0.9453471196454949,0.6851851851851851,0.9705882352941176,0.7476253132832079,0.9701425001453319,0.9523809523809523,0.975609756097561,0.9467621366623017
0.7499999999999997,0.6,2,4,0.9090909090909091,0.9090909090909091,0.9090909090909091,0.7999999999999999,0.6111111111111112,0.9090909090909091,0.9804653679653679,0.9090909090909091,0.9523809523809523,0.9302325581395349,0.8017837257372732
0.7499999999999997,0.6,3,4,0.75,0.8181818181818182,0.782608695652174,0.5660377358490567,0.42592592592592593,0.7840909090909091,0.9457873044829567,0.7833494518006403,0.8181818181818182,0.782608695652174,0.5681818181818182
0.7499999999999997,0.6,4,4,0.8823529411764706,0.7272727272727273,0.8214285714285714,0.6195652173913042,0.5185185185185186,0.8048128342245989,0.9039056334608148,0.8010688047518291,0.8333333333333334,0.8571428571428571,0.6213664431593422
0.7499999999999997,0.6,5,4,0.9545454545454546,0.9090909090909091,0.9393939393939394,0.8636363636363638,0.6111111111111112,0.9318181818181819,0.9623833058511653,0.9315409787235999,0.9545454545454546,0.9545454545454546,0.8636363636363636
0.7599999999999997,0.6,1,4,1.0,0.9411764705882353,0.972972972972973,0.9453471196454949,0.6851851851851851,0.9705882352941176,0.7673621553884711,0.9701425001453319,0.9523809523809523,0.975609756097561,0.9467621366623017
0.7599999999999997,0.6,2,4,0.9090909090909091,0.9090909090909091,0.9090909090909091,0.7999999999999999,0.6111111111111112,0.9090909090909091,0.980465367965368,0.9090909090909091,0.9523809523809523,0.9302325581395349,0.8017837257372732
0.7599999999999997,0.6,3,4,0.75,0.8181818181818182,0.782608695652174,0.5660377358490567,0.42592592592592593,0.7840909090909091,0.9457873044829567,0.7833494518006403,0.8181818181818182,0.782608695652174,0.5681818181818182
0.7599999999999997,0.6,4,4,0.8823529411764706,0.7272727272727273,0.8214285714285714,0.6195652173913042,0.5185185185185186,0.8048128342245989,0.9112235606316831,0.8010688047518291,0.8333333333333334,0.8571428571428571,0.6213664431593422
0.7599999999999997,0.6,5,4,0.9545454545454546,0.9090909090909091,0.9393939393939394,0.8636363636363638,0.6111111111111112,0.9318181818181819,0.9636459321137915,0.9315409787235999,0.9545454545454546,0.9545454545454546,0.8636363636363636
0.7699999999999997,0.6,1,4,1.0,0.9411764705882353,0.972972972972973,0.9453471196454949,0.6851851851851851,0.9705882352941176,0.5436706349206348,0.9701425001453319,0.9523809523809523,0.975609756097561,0.9467621366623017
0.7699999999999997,0.6,2,4,0.9090909090909091,0.9090909090909091,0.9090909090909091,0.7999999999999999,0.6111111111111112,0.9090909090909091,0.980465367965368,0.9090909090909091,0.9523809523809523,0.9302325581395349,0.8017837257372732
0.7699999999999997,0.6,3,4,0.75,0.8181818181818182,0.782608695652174,0.5660377358490567,0.42592592592592593,0.7840909090909091,0.9457873044829567,0.7833494518006403,0.8181818181818182,0.782608695652174,0.5681818181818182
0.7699999999999997,0.6,4,4,0.8823529411764706,0.7272727272727273,0.8214285714285714,0.6195652173913042,0.5185185185185186,0.8048128342245989,0.7845078743571731,0.8010688047518291,0.8333333333333334,0.8571428571428571,0.6213664431593422
0.7699999999999997,0.6,5,4,0.9545454545454546,0.9090909090909091,0.9393939393939394,0.8636363636363638,0.6111111111111112,0.9318181818181819,0.961120679588539,0.9315409787235999,0.9545454545454546,0.9545454545454546,0.8636363636363636
0.7799999999999997,0.6,1,4,1.0,0.9411764705882353,0.972972972972973,0.9453471196454949,0.6851851851851851,0.9705882352941176,0.972625313283208,0.9701425001453319,0.9523809523809523,0.975609756097561,0.9467621366623017
0.7799999999999997,0.6,2,4,0.9090909090909091,0.9090909090909091,0.9090909090909091,0.7999999999999999,0.6111111111111112,0.9090909090909091,0.980465367965368,0.9090909090909091,0.9523809523809523,0.9302325581395349,0.8017837257372732
0.7799999999999997,0.6,3,4,0.75,0.8181818181818182,0.782608695652174,0.5660377358490567,0.42592592592592593,0.7840909090909091,0.9457873044829567,0.7833494518006403,0.8181818181818182,0.782608695652174,0.5681818181818182
0.7799999999999997,0.6,4,4,0.8823529411764706,0.7272727272727273,0.8214285714285714,0.6195652173913042,0.5185185185185186,0.8048128342245989,0.9073019920042321,0.8010688047518291,0.8333333333333334,0.8571428571428571,0.6213664431593422
0.7799999999999997,0.6,5,4,0.9545454545454546,0.9090909090909091,0.9393939393939394,0.8636363636363638,0.6111111111111112,0.9318181818181819,0.9623833058511653,0.9315409787235999,0.9545454545454546,0.9545454545454546,0.8636363636363636
0.7899999999999996,0.6,1,4,1.0,0.9411764705882353,0.972972972972973,0.9453471196454949,0.6851851851851851,0.9705882352941176,0.9765726817042606,0.9701425001453319,0.9523809523809523,0.975609756097561,0.9467621366623017
0.7899999999999996,0.6,2,4,0.9090909090909091,0.9090909090909091,0.9090909090909091,0.7999999999999999,0.6111111111111112,0.9090909090909091,0.980465367965368,0.9090909090909091,0.9523809523809523,0.9302325581395349,0.8017837257372732
0.7899999999999996,0.6,3,4,0.75,0.8181818181818182,0.782608695652174,0.5660377358490567,0.42592592592592593,0.7840909090909091,0.9457873044829567,0.7833494518006403,0.8181818181818182,0.782608695652174,0.5681818181818182
0.7899999999999996,0.6,4,4,0.8823529411764706,0.7272727272727273,0.8214285714285714,0.6195652173913042,0.5185185185185186,0.8048128342245989,0.9073019920042321,0.8010688047518291,0.8333333333333334,0.8571428571428571,0.6213664431593422
0.7899999999999996,0.6,5,4,0.9545454545454546,0.9090909090909091,0.9393939393939394,0.8636363636363638,0.6111111111111112,0.9318181818181819,0.961120679588539,0.9315409787235999,0.9545454545454546,0.9545454545454546,0.8636363636363636
0.7999999999999996,0.6,1,4,1.0,0.9411764705882353,0.972972972972973,0.9453471196454949,0.6851851851851851,0.9705882352941176,0.9659970238095239,0.9701425001453319,0.9523809523809523,0.975609756097561,0.9467621366623017
0.7999999999999996,0.6,2,4,0.9090909090909091,0.9090909090909091,0.9090909090909091,0.7999999999999999,0.6111111111111112,0.9090909090909091,0.980465367965368,0.9090909090909091,0.9523809523809523,0.9302325581395349,0.8017837257372732
0.7999999999999996,0.6,3,4,0.75,0.8181818181818182,0.782608695652174,0.5660377358490567,0.42592592592592593,0.7840909090909091,0.9457873044829568,0.7833494518006403,0.8181818181818182,0.782608695652174,0.5681818181818182
0.7999999999999996,0.6,4,4,0.8823529411764706,0.7272727272727273,0.8214285714285714,0.6195652173913042,0.5185185185185186,0.8048128342245989,0.9180863057297222,0.8010688047518291,0.8333333333333334,0.8571428571428571,0.6213664431593422
0.7999999999999996,0.6,5,4,0.9545454545454546,0.9090909090909091,0.9393939393939394,0.8636363636363638,0.6111111111111112,0.9318181818181819,0.9623833058511653,0.9315409787235999,0.9545454545454546,0.9545454545454546,0.8636363636363636
0.8099999999999996,0.6,1,4,1.0,0.9411764705882353,0.972972972972973,0.9453471196454949,0.6851851851851851,0.9705882352941176,0.7575668337510443,0.9701425001453319,0.9523809523809523,0.975609756097561,0.9467621366623017
0.8099999999999996,0.6,2,4,0.9090909090909091,0.9090909090909091,0.9090909090909091,0.7999999999999999,0.6111111111111112,0.9090909090909091,0.980465367965368,0.9090909090909091,0.9523809523809523,0.9302325581395349,0.8017837257372732
0.8099999999999996,0.6,3,4,0.75,0.8181818181818182,0.782608695652174,0.5660377358490567,0.42592592592592593,0.7840909090909091,0.9457873044829567,0.7833494518006403,0.8181818181818182,0.782608695652174,0.5681818181818182
0.8099999999999996,0.6,4,4,0.8823529411764706,0.7272727272727273,0.8214285714285714,0.6195652173913042,0.5185185185185186,0.8048128342245989,0.9144098351414869,0.8010688047518291,0.8333333333333334,0.8571428571428571,0.6213664431593422
0.8099999999999996,0.6,5,4,0.9545454545454546,0.9090909090909091,0.9393939393939394,0.8636363636363638,0.6111111111111112,0.9318181818181819,0.961120679588539,0.9315409787235999,0.9545454545454546,0.9545454545454546,0.8636363636363636
0.8199999999999996,0.6,1,4,1.0,0.9411764705882353,0.972972972972973,0.9453471196454949,0.6851851851851851,0.9705882352941176,0.9963095238095239,0.9701425001453319,0.9523809523809523,0.975609756097561,0.9467621366623017
0.8199999999999996,0.6,2,4,0.9090909090909091,0.9090909090909091,0.9090909090909091,0.7999999999999999,0.6111111111111112,0.9090909090909091,0.980465367965368,0.9090909090909091,0.9523809523809523,0.9302325581395349,0.8017837257372732
0.8199999999999996,0.6,3,4,0.75,0.8181818181818182,0.782608695652174,0.5660377358490567,0.42592592592592593,0.7840909090909091,0.9457873044829567,0.7833494518006403,0.8181818181818182,0.782608695652174,0.5681818181818182
0.8199999999999996,0.6,4,4,0.8823529411764706,0.7272727272727273,0.8214285714285714,0.6195652173913042,0.5185185185185186,0.8048128342245989,0.9144098351414869,0.8010688047518291,0.8333333333333334,0.8571428571428571,0.6213664431593422
0.8199999999999996,0.6,5,4,0.9545454545454546,0.9090909090909091,0.9393939393939394,0.8636363636363638,0.6111111111111112,0.9318181818181819,0.9598580533259127,0.9315409787235999,0.9545454545454546,0.9545454545454546,0.8636363636363636
0.8299999999999996,0.6,1,4,1.0,0.9411764705882353,0.972972972972973,0.9453471196454949,0.6851851851851851,0.9705882352941176,0.9713095238095237,0.9701425001453319,0.9523809523809523,0.975609756097561,0.9467621366623017
0.8299999999999996,0.6,2,4,0.9090909090909091,0.9090909090909091,0.9090909090909091,0.7999999999999999,0.6111111111111112,0.9090909090909091,0.980465367965368,0.9090909090909091,0.9523809523809523,0.9302325581395349,0.8017837257372732
0.8299999999999996,0.6,3,4,0.75,0.8181818181818182,0.782608695652174,0.5660377358490567,0.42592592592592593,0.7840909090909091,0.9457873044829567,0.7833494518006403,0.8181818181818182,0.782608695652174,0.5681818181818182
0.8299999999999996,0.6,4,4,0.8823529411764706,0.7272727272727273,0.8214285714285714,0.6195652173913042,0.5185185185185186,0.8048128342245989,0.9144098351414869,0.8010688047518291,0.8333333333333334,0.8571428571428571,0.6213664431593422
0.8299999999999996,0.6,5,4,0.9545454545454546,0.9090909090909091,0.9393939393939394,0.8636363636363638,0.6111111111111112,0.9318181818181819,0.961120679588539,0.9315409787235999,0.9545454545454546,0.9545454545454546,0.8636363636363636
0.8399999999999996,0.6,1,4,1.0,0.9411764705882353,0.972972972972973,0.9453471196454949,0.6851851851851851,0.9705882352941176,0.9700668337510443,0.9701425001453319,0.9523809523809523,0.975609756097561,0.9467621366623017
0.8399999999999996,0.6,2,4,0.9090909090909091,0.9090909090909091,0.9090909090909091,0.7999999999999999,0.6111111111111112,0.9090909090909091,0.980465367965368,0.9090909090909091,0.9523809523809523,0.9302325581395349,0.8017837257372732
0.8399999999999996,0.6,3,4,0.75,0.8181818181818182,0.782608695652174,0.5660377358490567,0.42592592592592593,0.7840909090909091,0.9457873044829567,0.7833494518006403,0.8181818181818182,0.782608695652174,0.5681818181818182
0.8399999999999996,0.6,4,4,0.8823529411764706,0.7272727272727273,0.8214285714285714,0.6195652173913042,0.5185185185185186,0.8048128342245989,0.9144098351414869,0.8010688047518291,0.8333333333333334,0.8571428571428571,0.6213664431593422
0.8399999999999996,0.6,5,4,0.9545454545454546,0.9090909090909091,0.9393939393939394,0.8636363636363638,0.6111111111111112,0.9318181818181819,0.9623833058511653,0.9315409787235999,0.9545454545454546,0.9545454545454546,0.8636363636363636
0.8499999999999996,0.6,1,4,1.0,0.9411764705882353,0.972972972972973,0.9453471196454949,0.6851851851851851,0.9705882352941176,0.9775595238095238,0.9701425001453319,0.9523809523809523,0.975609756097561,0.9467621366623017
0.8499999999999996,0.6,2,4,0.9090909090909091,0.9090909090909091,0.9090909090909091,0.7999999999999999,0.6111111111111112,0.9090909090909091,0.980465367965368,0.9090909090909091,0.9523809523809523,0.9302325581395349,0.8017837257372732
0.8499999999999996,0.6,3,4,0.75,0.8181818181818182,0.782608695652174,0.5660377358490567,0.42592592592592593,0.7840909090909091,0.9457873044829567,0.7833494518006403,0.8181818181818182,0.782608695652174,0.5681818181818182
0.8499999999999996,0.6,4,4,0.8823529411764706,0.7272727272727273,0.8214285714285714,0.6195652173913042,0.5185185185185186,0.8048128342245989,0.5026451292591341,0.8010688047518291,0.8333333333333334,0.8571428571428571,0.6213664431593422
0.8499999999999996,0.6,5,4,0.9545454545454546,0.9090909090909091,0.9393939393939394,0.8636363636363638,0.6111111111111112,0.9318181818181819,0.9598580533259127,0.9315409787235999,0.9545454545454546,0.9545454545454546,0.8636363636363636
0.8599999999999995,0.6,1,4,1.0,0.9411764705882353,0.972972972972973,0.9453471196454949,0.6851851851851851,0.9705882352941176,0.972625313283208,0.9701425001453319,0.9523809523809523,0.975609756097561,0.9467621366623017
0.8599999999999995,0.6,2,4,0.9090909090909091,0.9090909090909091,0.9090909090909091,0.7999999999999999,0.6111111111111112,0.9090909090909091,0.980465367965368,0.9090909090909091,0.9523809523809523,0.9302325581395349,0.8017837257372732
0.8599999999999995,0.6,3,4,0.75,0.8181818181818182,0.782608695652174,0.5660377358490567,0.42592592592592593,0.7840909090909091,0.9457873044829568,0.7833494518006403,0.8181818181818182,0.782608695652174,0.5681818181818182
0.8599999999999995,0.6,4,4,0.8823529411764706,0.7272727272727273,0.8214285714285714,0.6195652173913042,0.5185185185185186,0.8048128342245989,0.9144098351414869,0.8010688047518291,0.8333333333333334,0.8571428571428571,0.6213664431593422
0.8599999999999995,0.6,5,4,0.9545454545454546,0.9090909090909091,0.9393939393939394,0.8636363636363638,0.6111111111111112,0.9318181818181819,0.9586696991963821,0.9315409787235999,0.9545454545454546,0.9545454545454546,0.8636363636363636
0.8699999999999996,0.6,1,4,1.0,0.9411764705882353,0.972972972972973,0.9453471196454949,0.6851851851851851,0.9705882352941176,0.9752568922305763,0.9701425001453319,0.9523809523809523,0.975609756097561,0.9467621366623017
0.8699999999999996,0.6,2,4,0.9090909090909091,0.9090909090909091,0.9090909090909091,0.7999999999999999,0.6111111111111112,0.9090909090909091,0.980465367965368,0.9090909090909091,0.9523809523809523,0.9302325581395349,0.8017837257372732
0.8699999999999996,0.6,3,4,0.75,0.8181818181818182,0.782608695652174,0.5660377358490567,0.42592592592592593,0.7840909090909091,0.9457873044829567,0.7833494518006403,0.8181818181818182,0.782608695652174,0.5681818181818182
0.8699999999999996,0.6,4,4,0.8823529411764706,0.7272727272727273,0.8214285714285714,0.6195652173913042,0.5185185185185186,0.8048128342245989,0.5026451292591341,0.8010688047518291,0.8333333333333334,0.8571428571428571,0.6213664431593422
0.8699999999999996,0.6,5,4,0.9545454545454546,0.9090909090909091,0.9393939393939394,0.8636363636363638,0.6111111111111112,0.9318181818181819,0.9560701745380339,0.9315409787235999,0.9545454545454546,0.9545454545454546,0.8636363636363636
0.8799999999999996,0.6,1,4,1.0,0.9411764705882353,0.972972972972973,0.9453471196454949,0.6851851851851851,0.9705882352941176,0.4988095238095238,0.9701425001453319,0.9523809523809523,0.975609756097561,0.9467621366623017
0.8799999999999996,0.6,2,4,0.9090909090909091,0.9090909090909091,0.9090909090909091,0.7999999999999999,0.6111111111111112,0.9090909090909091,0.980465367965368,0.9090909090909091,0.9523809523809523,0.9302325581395349,0.8017837257372732
0.8799999999999996,0.6,3,4,0.75,0.8181818181818182,0.782608695652174,0.5660377358490567,0.42592592592592593,0.7840909090909091,0.9457873044829567,0.7833494518006403,0.8181818181818182,0.782608695652174,0.5681818181818182
0.8799999999999996,0.6,4,4,0.8823529411764706,0.7272727272727273,0.8214285714285714,0.6195652173913042,0.5185185185185186,0.8048128342245989,0.9217627763179576,0.8010688047518291,0.8333333333333334,0.8571428571428571,0.6213664431593422
0.8799999999999996,0.6,5,4,0.9545454545454546,0.9090909090909091,0.9393939393939394,0.8636363636363638,0.6111111111111112,0.9318181818181819,0.961120679588539,0.9315409787235999,0.9545454545454546,0.9545454545454546,0.8636363636363636
0.8899999999999996,0.6,1,4,1.0,0.9411764705882353,0.972972972972973,0.9453471196454949,0.6851851851851851,0.9705882352941176,0.992281746031746,0.9701425001453319,0.9523809523809523,0.975609756097561,0.9467621366623017
0.8899999999999996,0.6,2,4,0.9090909090909091,0.9090909090909091,0.9090909090909091,0.7999999999999999,0.6111111111111112,0.9090909090909091,0.980465367965368,0.9090909090909091,0.9523809523809523,0.9302325581395349,0.8017837257372732
0.8899999999999996,0.6,3,4,0.75,0.8181818181818182,0.782608695652174,0.5660377358490567,0.42592592592592593,0.7840909090909091,0.9457873044829567,0.7833494518006403,0.8181818181818182,0.782608695652174,0.5681818181818182
0.8899999999999996,0.6,4,4,0.8823529411764706,0.7272727272727273,0.8214285714285714,0.6195652173913042,0.5185185185185186,0.8048128342245989,0.9217627763179576,0.8010688047518291,0.8333333333333334,0.8571428571428571,0.6213664431593422
0.8899999999999996,0.6,5,4,0.9545454545454546,0.9090909090909091,0.9393939393939394,0.8636363636363638,0.6111111111111112,0.9318181818181819,0.961120679588539,0.9315409787235999,0.9545454545454546,0.9545454545454546,0.8636363636363636
0.8999999999999996,0.6,1,4,1.0,0.9411764705882353,0.972972972972973,0.9453471196454949,0.6851851851851851,0.9705882352941176,0.9713095238095237,0.9701425001453319,0.9523809523809523,0.975609756097561,0.9467621366623017
0.8999999999999996,0.6,2,4,0.9090909090909091,0.9090909090909091,0.9090909090909091,0.7999999999999999,0.6111111111111112,0.9090909090909091,0.980465367965368,0.9090909090909091,0.9523809523809523,0.9302325581395349,0.8017837257372732
0.8999999999999996,0.6,3,4,0.75,0.8181818181818182,0.782608695652174,0.5660377358490567,0.42592592592592593,0.7840909090909091,0.9457873044829567,0.7833494518006403,0.8181818181818182,0.782608695652174,0.5681818181818182
0.8999999999999996,0.6,4,4,0.8823529411764706,0.7272727272727273,0.8214285714285714,0.6195652173913042,0.5185185185185186,0.8048128342245989,0.9144098351414869,0.8010688047518291,0.8333333333333334,0.8571428571428571,0.6213664431593422
0.8999999999999996,0.6,5,4,0.9545454545454546,0.9090909090909091,0.9393939393939394,0.8636363636363638,0.6111111111111112,0.9318181818181819,0.9546497199925793,0.9315409787235999,0.9545454545454546,0.9545454545454546,0.8636363636363636
0.9099999999999996,0.6,1,4,1.0,0.9411764705882353,0.972972972972973,0.9453471196454949,0.6851851851851851,0.9705882352941176,0.9750595238095239,0.9701425001453319,0.9523809523809523,0.975609756097561,0.9467621366623017
0.9099999999999996,0.6,2,4,0.9090909090909091,0.9090909090909091,0.9090909090909091,0.7999999999999999,0.6111111111111112,0.9090909090909091,0.980465367965368,0.9090909090909091,0.9523809523809523,0.9302325581395349,0.8017837257372732
0.9099999999999996,0.6,3,4,0.75,0.8181818181818182,0.782608695652174,0.5660377358490567,0.42592592592592593,0.7840909090909091,0.9457873044829567,0.7833494518006403,0.8181818181818182,0.782608695652174,0.5681818181818182
0.9099999999999996,0.6,4,4,0.8823529411764706,0.7272727272727273,0.8214285714285714,0.6195652173913042,0.5185185185185186,0.8048128342245989,0.8997039527885458,0.8010688047518291,0.8333333333333334,0.8571428571428571,0.6213664431593422
0.9099999999999996,0.6,5,4,0.9545454545454546,0.9090909090909091,0.9393939393939394,0.8636363636363638,0.6111111111111112,0.9318181818181819,0.9598580533259127,0.9315409787235999,0.9545454545454546,0.9545454545454546,0.8636363636363636
0.9199999999999996,0.6,1,4,1.0,0.9411764705882353,0.972972972972973,0.9453471196454949,0.6851851851851851,0.9705882352941176,0.9950595238095238,0.9701425001453319,0.9523809523809523,0.975609756097561,0.9467621366623017
0.9199999999999996,0.6,2,4,0.9090909090909091,0.9090909090909091,0.9090909090909091,0.7999999999999999,0.6111111111111112,0.9090909090909091,0.980465367965368,0.9090909090909091,0.9523809523809523,0.9302325581395349,0.8017837257372732
0.9199999999999996,0.6,3,4,0.75,0.8181818181818182,0.782608695652174,0.5660377358490567,0.42592592592592593,0.7840909090909091,0.9457873044829567,0.7833494518006403,0.8181818181818182,0.782608695652174,0.5681818181818182
0.9199999999999996,0.6,4,4,0.8823529411764706,0.7272727272727273,0.8214285714285714,0.6195652173913042,0.5185185185185186,0.8048128342245989,0.9039056334608148,0.8010688047518291,0.8333333333333334,0.8571428571428571,0.6213664431593422
0.9199999999999996,0.6,5,4,0.9545454545454546,0.9090909090909091,0.9393939393939394,0.8636363636363638,0.6111111111111112,0.9318181818181819,0.961120679588539,0.9315409787235999,0.9545454545454546,0.9545454545454546,0.8636363636363636
0.9299999999999996,0.6,1,4,1.0,0.9411764705882353,0.972972972972973,0.9453471196454949,0.6851851851851851,0.9705882352941176,0.7575595238095237,0.9701425001453319,0.9523809523809523,0.975609756097561,0.9467621366623017
0.9299999999999996,0.6,2,4,0.9090909090909091,0.9090909090909091,0.9090909090909091,0.7999999999999999,0.6111111111111112,0.9090909090909091,0.980465367965368,0.9090909090909091,0.9523809523809523,0.9302325581395349,0.8017837257372732
0.9299999999999996,0.6,3,4,0.75,0.8181818181818182,0.782608695652174,0.5660377358490567,0.42592592592592593,0.7840909090909091,0.9457873044829567,0.7833494518006403,0.8181818181818182,0.782608695652174,0.5681818181818182
0.9299999999999996,0.6,4,4,0.8823529411764706,0.7272727272727273,0.8214285714285714,0.6195652173913042,0.5185185185185186,0.8048128342245989,0.9112235606316831,0.8010688047518291,0.8333333333333334,0.8571428571428571,0.6213664431593422
0.9299999999999996,0.6,5,4,0.9545454545454546,0.9090909090909091,0.9393939393939394,0.8636363636363638,0.6111111111111112,0.9318181818181819,0.960006597592104,0.9315409787235999,0.9545454545454546,0.9545454545454546,0.8636363636363636
0.9399999999999996,0.6,1,4,1.0,0.9411764705882353,0.972972972972973,0.9453471196454949,0.6851851851851851,0.9705882352941176,0.9975595238095238,0.9701425001453319,0.9523809523809523,0.975609756097561,0.9467621366623017
0.9399999999999996,0.6,2,4,0.9090909090909091,0.9090909090909091,0.9090909090909091,0.7999999999999999,0.6111111111111112,0.9090909090909091,0.980465367965368,0.9090909090909091,0.9523809523809523,0.9302325581395349,0.8017837257372732
0.9399999999999996,0.6,3,4,0.75,0.8181818181818182,0.782608695652174,0.5660377358490567,0.42592592592592593,0.7840909090909091,0.9457873044829567,0.7833494518006403,0.8181818181818182,0.782608695652174,0.5681818181818182
0.9399999999999996,0.6,4,4,0.8823529411764706,0.7272727272727273,0.8214285714285714,0.6195652173913042,0.5185185185185186,0.8048128342245989,0.9144098351414869,0.8010688047518291,0.8333333333333334,0.8571428571428571,0.6213664431593422
0.9399999999999996,0.6,5,4,0.9545454545454546,0.9090909090909091,0.9393939393939394,0.8636363636363638,0.6111111111111112,0.9318181818181819,0.9586696991963821,0.9315409787235999,0.9545454545454546,0.9545454545454546,0.8636363636363636
0.9499999999999995,0.6,1,4,1.0,0.9411764705882353,0.972972972972973,0.9453471196454949,0.6851851851851851,0.9705882352941176,0.9763095238095238,0.9701425001453319,0.9523809523809523,0.975609756097561,0.9467621366623017
0.9499999999999995,0.6,2,4,0.9090909090909091,0.9090909090909091,0.9090909090909091,0.7999999999999999,0.6111111111111112,0.9090909090909091,0.980465367965368,0.9090909090909091,0.9523809523809523,0.9302325581395349,0.8017837257372732
0.9499999999999995,0.6,3,4,0.75,0.8181818181818182,0.782608695652174,0.5660377358490567,0.42592592592592593,0.7840909090909091,0.9457873044829568,0.7833494518006403,0.8181818181818182,0.782608695652174,0.5681818181818182
0.9499999999999995,0.6,4,4,0.8823529411764706,0.7272727272727273,0.8214285714285714,0.6195652173913042,0.5185185185185186,0.8048128342245989,0.9217627763179576,0.8010688047518291,0.8333333333333334,0.8571428571428571,0.6213664431593422
0.9499999999999995,0.6,5,4,0.9545454545454546,0.9090909090909091,0.9393939393939394,0.8636363636363638,0.6111111111111112,0.9318181818181819,0.9586696991963821,0.9315409787235999,0.9545454545454546,0.9545454545454546,0.8636363636363636
0.9599999999999995,0.6,1,4,1.0,0.9411764705882353,0.972972972972973,0.9453471196454949,0.6851851851851851,0.9705882352941176,0.9714484126984126,0.9701425001453319,0.9523809523809523,0.975609756097561,0.9467621366623017
0.9599999999999995,0.6,2,4,0.9090909090909091,0.9090909090909091,0.9090909090909091,0.7999999999999999,0.6111111111111112,0.9090909090909091,0.980465367965368,0.9090909090909091,0.9523809523809523,0.9302325581395349,0.8017837257372732
0.9599999999999995,0.6,3,4,0.75,0.8181818181818182,0.782608695652174,0.5660377358490567,0.42592592592592593,0.7840909090909091,0.9457873044829567,0.7833494518006403,0.8181818181818182,0.782608695652174,0.5681818181818182
0.9599999999999995,0.6,4,4,0.8823529411764706,0.7272727272727273,0.8214285714285714,0.6195652173913042,0.5185185185185186,0.8048128342245989,0.9180863057297222,0.8010688047518291,0.8333333333333334,0.8571428571428571,0.6213664431593422
0.9599999999999995,0.6,5,4,0.9545454545454546,0.9090909090909091,0.9393939393939394,0.8636363636363638,0.6111111111111112,0.9318181818181819,0.9598580533259127,0.9315409787235999,0.9545454545454546,0.9545454545454546,0.8636363636363636
0.9699999999999995,0.6,1,4,1.0,0.9411764705882353,0.972972972972973,0.9453471196454949,0.6851851851851851,0.9705882352941176,0.9775595238095238,0.9701425001453319,0.9523809523809523,0.975609756097561,0.9467621366623017
0.9699999999999995,0.6,2,4,0.9090909090909091,0.9090909090909091,0.9090909090909091,0.7999999999999999,0.6111111111111112,0.9090909090909091,0.980465367965368,0.9090909090909091,0.9523809523809523,0.9302325581395349,0.8017837257372732
0.9699999999999995,0.6,3,4,0.75,0.8181818181818182,0.782608695652174,0.5660377358490567,0.42592592592592593,0.7840909090909091,0.9457873044829567,0.7833494518006403,0.8181818181818182,0.782608695652174,0.5681818181818182
0.9699999999999995,0.6,4,4,0.8823529411764706,0.7272727272727273,0.8214285714285714,0.6195652173913042,0.5185185185185186,0.8048128342245989,0.9144098351414869,0.8010688047518291,0.8333333333333334,0.8571428571428571,0.6213664431593422
0.9699999999999995,0.6,5,4,0.9545454545454546,0.9090909090909091,0.9393939393939394,0.8636363636363638,0.6111111111111112,0.9318181818181819,0.9573328008006602,0.9315409787235999,0.9545454545454546,0.9545454545454546,0.8636363636363636
0.9799999999999995,0.6,1,4,1.0,0.9411764705882353,0.972972972972973,0.9453471196454949,0.6851851851851851,0.9705882352941176,0.9788095238095238,0.9701425001453319,0.9523809523809523,0.975609756097561,0.9467621366623017
0.9799999999999995,0.6,2,4,0.9090909090909091,0.9090909090909091,0.9090909090909091,0.7999999999999999,0.6111111111111112,0.9090909090909091,0.980465367965368,0.9090909090909091,0.9523809523809523,0.9302325581395349,0.8017837257372732
0.9799999999999995,0.6,3,4,0.75,0.8181818181818182,0.782608695652174,0.5660377358490567,0.42592592592592593,0.7840909090909091,0.9457873044829568,0.7833494518006403,0.8181818181818182,0.782608695652174,0.5681818181818182
0.9799999999999995,0.6,4,4,0.8823529411764706,0.7272727272727273,0.8214285714285714,0.6195652173913042,0.5185185185185186,0.8048128342245989,0.9073019920042321,0.8010688047518291,0.8333333333333334,0.8571428571428571,0.6213664431593422
0.9799999999999995,0.6,5,4,0.9545454545454546,0.9090909090909091,0.9393939393939394,0.8636363636363638,0.6111111111111112,0.9318181818181819,0.9598580533259127,0.9315409787235999,0.9545454545454546,0.9545454545454546,0.8636363636363636
0.9899999999999995,0.6,1,4,1.0,0.9411764705882353,0.972972972972973,0.9453471196454949,0.6851851851851851,0.9705882352941176,0.9752568922305763,0.9701425001453319,0.9523809523809523,0.975609756097561,0.9467621366623017
0.9899999999999995,0.6,2,4,0.9090909090909091,0.9090909090909091,0.9090909090909091,0.7999999999999999,0.6111111111111112,0.9090909090909091,0.980465367965368,0.9090909090909091,0.9523809523809523,0.9302325581395349,0.8017837257372732
0.9899999999999995,0.6,3,4,0.75,0.8181818181818182,0.782608695652174,0.5660377358490567,0.42592592592592593,0.7840909090909091,0.9457873044829567,0.7833494518006403,0.8181818181818182,0.782608695652174,0.5681818181818182
0.9899999999999995,0.6,4,4,0.8823529411764706,0.7272727272727273,0.8214285714285714,0.6195652173913042,0.5185185185185186,0.8048128342245989,0.9180863057297222,0.8010688047518291,0.8333333333333334,0.8571428571428571,0.6213664431593422
0.9899999999999995,0.6,5,4,0.9545454545454546,0.9090909090909091,0.9393939393939394,0.8636363636363638,0.6111111111111112,0.9318181818181819,0.9598580533259127,0.9315409787235999,0.9545454545454546,0.9545454545454546,0.8636363636363636
1.0,0.6,1,4,1.0,0.9411764705882353,0.972972972972973,0.9453471196454949,0.6851851851851851,0.9705882352941176,0.9688327436237653,0.9701425001453319,0.9523809523809523,0.975609756097561,0.9467621366623017
1.0,0.6,2,4,0.9090909090909091,0.9090909090909091,0.9090909090909091,0.7999999999999999,0.6111111111111112,0.9090909090909091,0.980465367965368,0.9090909090909091,0.9523809523809523,0.9302325581395349,0.8017837257372732
1.0,0.6,3,4,0.75,0.8181818181818182,0.782608695652174,0.5660377358490567,0.42592592592592593,0.7840909090909091,0.9457873044829567,0.7833494518006403,0.8181818181818182,0.782608695652174,0.5681818181818182
1.0,0.6,4,4,0.8823529411764706,0.7272727272727273,0.8214285714285714,0.6195652173913042,0.5185185185185186,0.8048128342245989,0.7122039527885456,0.8010688047518291,0.8333333333333334,0.8571428571428571,0.6213664431593422
1.0,0.6,5,4,0.9545454545454546,0.9090909090909091,0.9393939393939394,0.8636363636363638,0.6111111111111112,0.9318181818181819,0.9573328008006602,0.9315409787235999,0.9545454545454546,0.9545454545454546,0.8636363636363636
0.1,0.6,1,5,0.8823529411764706,0.8181818181818182,0.8571428571428571,0.7005347593582887,0.5185185185185186,0.8502673796791443,0.915832509474378,0.8496617760555312,0.8823529411764706,0.8823529411764706,0.7005347593582888
0.1,0.6,2,5,0.8571428571428571,0.8888888888888888,0.8666666666666667,0.7014925373134329,0.5555555555555556,0.873015873015873,0.983348884476704,0.8728715609439694,0.9473684210526315,0.9,0.7094390134677043
0.1,0.6,3,5,0.9375,0.875,0.90625,0.8125,0.5925925925925926,0.90625,0.9097907913165266,0.9057110466368399,0.8823529411764706,0.9090909090909091,0.8140915784106943
0.1,0.6,4,5,1.0,0.9230769230769231,0.967741935483871,0.9330453563714903,0.5740740740740741,0.9615384615384616,0.9611816339596266,0.9607689228305228,0.9473684210526315,0.972972972972973,0.935143800239036
0.1,0.6,5,5,0.8888888888888888,0.9166666666666666,0.9,0.7945205479452055,0.5555555555555556,0.9027777777777777,0.971604938271605,0.90267093384844,0.9411764705882353,0.9142857142857143,0.79639080275258
0.11,0.6,1,5,0.8823529411764706,0.8181818181818182,0.8571428571428571,0.7005347593582887,0.5185185185185186,0.8502673796791443,0.5189899489207448,0.8496617760555312,0.8823529411764706,0.8823529411764706,0.7005347593582888
0.11,0.6,2,5,0.8571428571428571,0.8888888888888888,0.8666666666666667,0.7014925373134329,0.5555555555555556,0.873015873015873,0.983348884476704,0.8728715609439694,0.9473684210526315,0.9,0.7094390134677043
0.11,0.6,3,5,0.9375,0.875,0.90625,0.8125,0.5925925925925926,0.90625,0.90562412464986,0.9057110466368399,0.8823529411764706,0.9090909090909091,0.8140915784106943
0.11,0.6,4,5,1.0,0.9230769230769231,0.967741935483871,0.9330453563714903,0.5740740740740741,0.9615384615384616,0.9627854699384628,0.9607689228305228,0.9473684210526315,0.972972972972973,0.935143800239036
0.11,0.6,5,5,0.8888888888888888,0.9166666666666666,0.9,0.7945205479452055,0.5555555555555556,0.9027777777777777,0.971604938271605,0.90267093384844,0.9411764705882353,0.9142857142857143,0.79639080275258
0.12,0.6,1,5,0.8823529411764706,0.8181818181818182,0.8571428571428571,0.7005347593582887,0.5185185185185186,0.8502673796791443,0.9052932937881035,0.8496617760555312,0.8823529411764706,0.8823529411764706,0.7005347593582888
0.12,0.6,2,5,0.8571428571428571,0.8888888888888888,0.8666666666666667,0.7014925373134329,0.5555555555555556,0.873015873015873,0.983348884476704,0.8728715609439694,0.9473684210526315,0.9,0.7094390134677043
0.12,0.6,3,5,0.9375,0.875,0.90625,0.8125,0.5925925925925926,0.90625,0.9020526960784314,0.9057110466368399,0.8823529411764706,0.9090909090909091,0.8140915784106943
0.12,0.6,4,5,1.0,0.9230769230769231,0.967741935483871,0.9330453563714903,0.5740740740740741,0.9615384615384616,0.9664891736421664,0.9607689228305228,0.9473684210526315,0.972972972972973,0.935143800239036
0.12,0.6,5,5,0.8888888888888888,0.9166666666666666,0.9,0.7945205479452055,0.5555555555555556,0.9027777777777777,0.971604938271605,0.90267093384844,0.9411764705882353,0.9142857142857143,0.79639080275258
0.13,0.6,1,5,0.8823529411764706,0.8181818181818182,0.8571428571428571,0.7005347593582887,0.5185185185185186,0.8502673796791443,0.906378727961773,0.8496617760555312,0.8823529411764706,0.8823529411764706,0.7005347593582888
0.13,0.6,2,5,0.8571428571428571,0.8888888888888888,0.8666666666666667,0.7014925373134329,0.5555555555555556,0.873015873015873,0.983348884476704,0.8728715609439694,0.9473684210526315,0.9,0.7094390134677043
0.13,0.6,3,5,0.9375,0.875,0.90625,0.8125,0.5925925925925926,0.90625,0.9020526960784314,0.9057110466368399,0.8823529411764706,0.9090909090909091,0.8140915784106943
0.13,0.6,4,5,1.0,0.9230769230769231,0.967741935483871,0.9330453563714903,0.5740740740740741,0.9615384615384616,0.9627854699384628,0.9607689228305228,0.9473684210526315,0.972972972972973,0.935143800239036
0.13,0.6,5,5,0.8888888888888888,0.9166666666666666,0.9,0.7945205479452055,0.5555555555555556,0.9027777777777777,0.971604938271605,0.90267093384844,0.9411764705882353,0.9142857142857143,0.79639080275258
0.13999999999999999,0.6,1,5,0.8823529411764706,0.8181818181818182,0.8571428571428571,0.7005347593582887,0.5185185185185186,0.8502673796791443,0.7785776075135935,0.8496617760555312,0.8823529411764706,0.8823529411764706,0.7005347593582888
0.13999999999999999,0.6,2,5,0.8571428571428571,0.8888888888888888,0.8666666666666667,0.7014925373134329,0.5555555555555556,0.873015873015873,0.983348884476704,0.8728715609439694,0.9473684210526315,0.9,0.7094390134677043
0.13999999999999999,0.6,3,5,0.9375,0.875,0.90625,0.8125,0.5925925925925926,0.90625,0.90562412464986,0.9057110466368399,0.8823529411764706,0.9090909090909091,0.8140915784106943
0.13999999999999999,0.6,4,5,1.0,0.9230769230769231,0.967741935483871,0.9330453563714903,0.5740740740740741,0.9615384615384616,0.9664891736421664,0.9607689228305228,0.9473684210526315,0.972972972972973,0.935143800239036
0.13999999999999999,0.6,5,5,0.8888888888888888,0.9166666666666666,0.9,0.7945205479452055,0.5555555555555556,0.9027777777777777,0.971604938271605,0.90267093384844,0.9411764705882353,0.9142857142857143,0.79639080275258
0.14999999999999997,0.6,1,5,0.8823529411764706,0.8181818181818182,0.8571428571428571,0.7005347593582887,0.5185185185185186,0.8502673796791443,0.915832509474378,0.8496617760555312,0.8823529411764706,0.8823529411764706,0.7005347593582888
0.14999999999999997,0.6,2,5,0.8571428571428571,0.8888888888888888,0.8666666666666667,0.7014925373134329,0.5555555555555556,0.873015873015873,0.983348884476704,0.8728715609439694,0.9473684210526315,0.9,0.7094390134677043
0.14999999999999997,0.6,3,5,0.9375,0.875,0.90625,0.8125,0.5925925925925926,0.90625,0.90562412464986,0.9057110466368399,0.8823529411764706,0.9090909090909091,0.8140915784106943
0.14999999999999997,0.6,4,5,1.0,0.9230769230769231,0.967741935483871,0.9330453563714903,0.5740740740740741,0.9615384615384616,0.9611981683511612,0.9607689228305228,0.9473684210526315,0.972972972972973,0.935143800239036
0.14999999999999997,0.6,5,5,0.8888888888888888,0.9166666666666666,0.9,0.7945205479452055,0.5555555555555556,0.9027777777777777,0.971604938271605,0.90267093384844,0.9411764705882353,0.9142857142857143,0.79639080275258
0.15999999999999998,0.6,1,5,0.8823529411764706,0.8181818181818182,0.8571428571428571,0.7005347593582887,0.5185185185185186,0.8502673796791443,0.9052644587246663,0.8496617760555312,0.8823529411764706,0.8823529411764706,0.7005347593582888
0.15999999999999998,0.6,2,5,0.8571428571428571,0.8888888888888888,0.8666666666666667,0.7014925373134329,0.5555555555555556,0.873015873015873,0.983348884476704,0.8728715609439694,0.9473684210526315,0.9,0.7094390134677043
0.15999999999999998,0.6,3,5,0.9375,0.875,0.90625,0.8125,0.5925925925925926,0.90625,0.90562412464986,0.9057110466368399,0.8823529411764706,0.9090909090909091,0.8140915784106943
0.15999999999999998,0.6,4,5,1.0,0.9230769230769231,0.967741935483871,0.9330453563714903,0.5740740740740741,0.9615384615384616,0.9678780625310555,0.9607689228305228,0.9473684210526315,0.972972972972973,0.935143800239036
0.15999999999999998,0.6,5,5,0.8888888888888888,0.9166666666666666,0.9,0.7945205479452055,0.5555555555555556,0.9027777777777777,0.971604938271605,0.90267093384844,0.9411764705882353,0.9142857142857143,0.79639080275258
0.16999999999999998,0.6,1,5,0.8823529411764706,0.8181818181818182,0.8571428571428571,0.7005347593582887,0.5185185185185186,0.8502673796791443,0.8175193606854506,0.8496617760555312,0.8823529411764706,0.8823529411764706,0.7005347593582888
0.16999999999999998,0.6,2,5,0.8571428571428571,0.8888888888888888,0.8666666666666667,0.7014925373134329,0.5555555555555556,0.873015873015873,0.983348884476704,0.8728715609439694,0.9473684210526315,0.9,0.7094390134677043
0.16999999999999998,0.6,3,5,0.9375,0.875,0.90625,0.8125,0.5925925925925926,0.90625,0.9020526960784314,0.9057110466368399,0.8823529411764706,0.9090909090909091,0.8140915784106943
0.16999999999999998,0.6,4,5,1.0,0.9230769230769231,0.967741935483871,0.9330453563714903,0.5740740740740741,0.9615384615384616,0.9646373217903146,0.9607689228305228,0.9473684210526315,0.972972972972973,0.935143800239036
0.16999999999999998,0.6,5,5,0.8888888888888888,0.9166666666666666,0.9,0.7945205479452055,0.5555555555555556,0.9027777777777777,0.971604938271605,0.90267093384844,0.9411764705882353,0.9142857142857143,0.79639080275258
0.17999999999999997,0.6,1,5,0.8823529411764706,0.8181818181818182,0.8571428571428571,0.7005347593582887,0.5185185185185186,0.8502673796791443,0.9186439281594991,0.8496617760555312,0.8823529411764706,0.8823529411764706,0.7005347593582888
0.17999999999999997,0.6,2,5,0.8571428571428571,0.8888888888888888,0.8666666666666667,0.7014925373134329,0.5555555555555556,0.873015873015873,0.983348884476704,0.8728715609439694,0.9473684210526315,0.9,0.7094390134677043
0.17999999999999997,0.6,3,5,0.9375,0.875,0.90625,0.8125,0.5925925925925926,0.90625,0.8975884103641456,0.9057110466368399,0.8823529411764706,0.9090909090909091,0.8140915784106943
0.17999999999999997,0.6,4,5,1.0,0.9230769230769231,0.967741935483871,0.9330453563714903,0.5740740740740741,0.9615384615384616,0.9664891736421664,0.9607689228305228,0.9473684210526315,0.972972972972973,0.935143800239036
0.17999999999999997,0.6,5,5,0.8888888888888888,0.9166666666666666,0.9,0.7945205479452055,0.5555555555555556,0.9027777777777777,0.971604938271605,0.90267093384844,0.9411764705882353,0.9142857142857143,0.79639080275258
0.18999999999999995,0.6,1,5,0.8823529411764706,0.8181818181818182,0.8571428571428571,0.7005347593582887,0.5185185185185186,0.8502673796791443,0.47400724995880705,0.8496617760555312,0.8823529411764706,0.8823529411764706,0.7005347593582888
0.18999999999999995,0.6,2,5,0.8571428571428571,0.8888888888888888,0.8666666666666667,0.7014925373134329,0.5555555555555556,0.873015873015873,0.983348884476704,0.8728715609439694,0.9473684210526315,0.9,0.7094390134677043
0.18999999999999995,0.6,3,5,0.9375,0.875,0.90625,0.8125,0.5925925925925926,0.90625,0.8890032455289809,0.9057110466368399,0.8823529411764706,0.9090909090909091,0.8140915784106943
0.18999999999999995,0.6,4,5,1.0,0.9230769230769231,0.967741935483871,0.9330453563714903,0.5740740740740741,0.9615384615384616,0.9644058403088331,0.9607689228305228,0.9473684210526315,0.972972972972973,0.935143800239036
0.18999999999999995,0.6,5,5,0.8888888888888888,0.9166666666666666,0.9,0.7945205479452055,0.5555555555555556,0.9027777777777777,0.971604938271605,0.90267093384844,0.9411764705882353,0.9142857142857143,0.79639080275258
0.19999999999999996,0.6,1,5,0.8823529411764706,0.8181818181818182,0.8571428571428571,0.7005347593582887,0.5185185185185186,0.8502673796791443,0.9013717251606526,0.8496617760555312,0.8823529411764706,0.8823529411764706,0.7005347593582888
0.19999999999999996,0.6,2,5,0.8571428571428571,0.8888888888888888,0.8666666666666667,0.7014925373134329,0.5555555555555556,0.873015873015873,0.983348884476704,0.8728715609439694,0.9473684210526315,0.9,0.7094390134677043
0.19999999999999996,0.6,3,5,0.9375,0.875,0.90625,0.8125,0.5925925925925926,0.90625,0.90562412464986,0.9057110466368399,0.8823529411764706,0.9090909090909091,0.8140915784106943
0.19999999999999996,0.6,4,5,1.0,0.9230769230769231,0.967741935483871,0.9330453563714903,0.5740740740740741,0.9615384615384616,0.9661419514199442,0.9607689228305228,0.9473684210526315,0.972972972972973,0.935143800239036
0.19999999999999996,0.6,5,5,0.8888888888888888,0.9166666666666666,0.9,0.7945205479452055,0.5555555555555556,0.9027777777777777,0.971604938271605,0.90267093384844,0.9411764705882353,0.9142857142857143,0.79639080275258
0.20999999999999996,0.6,1,5,0.8823529411764706,0.8181818181818182,0.8571428571428571,0.7005347593582887,0.5185185185185186,0.8502673796791443,0.9324991761410446,0.8496617760555312,0.8823529411764706,0.8823529411764706,0.7005347593582888
0.20999999999999996,0.6,2,5,0.8571428571428571,0.8888888888888888,0.8666666666666667,0.7014925373134329,0.5555555555555556,0.873015873015873,0.983348884476704,0.8728715609439694,0.9473684210526315,0.9,0.7094390134677043
0.20999999999999996,0.6,3,5,0.9375,0.875,0.90625,0.8125,0.5925925925925926,0.90625,0.8975884103641456,0.9057110466368399,0.8823529411764706,0.9090909090909091,0.8140915784106943
0.20999999999999996,0.6,4,5,1.0,0.9230769230769231,0.967741935483871,0.9330453563714903,0.5740740740740741,0.9615384615384616,0.9631657609437536,0.9607689228305228,0.9473684210526315,0.972972972972973,0.935143800239036
0.20999999999999996,0.6,5,5,0.8888888888888888,0.9166666666666666,0.9,0.7945205479452055,0.5555555555555556,0.9027777777777777,0.971604938271605,0.90267093384844,0.9411764705882353,0.9142857142857143,0.79639080275258
0.21999999999999995,0.6,1,5,0.8823529411764706,0.8181818181818182,0.8571428571428571,0.7005347593582887,0.5185185185185186,0.8502673796791443,0.930594952913292,0.8496617760555312,0.8823529411764706,0.8823529411764706,0.7005347593582888
0.21999999999999995,0.6,2,5,0.8571428571428571,0.8888888888888888,0.8666666666666667,0.7014925373134329,0.5555555555555556,0.873015873015873,0.983348884476704,0.8728715609439694,0.9473684210526315,0.9,0.7094390134677043
0.21999999999999995,0.6,3,5,0.9375,0.875,0.90625,0.8125,0.5925925925925926,0.90625,0.9065169817927171,0.9057110466368399,0.8823529411764706,0.9090909090909091,0.8140915784106943
0.21999999999999995,0.6,4,5,1.0,0.9230769230769231,0.967741935483871,0.9330453563714903,0.5740740740740741,0.9615384615384616,0.9646373217903146,0.9607689228305228,0.9473684210526315,0.972972972972973,0.935143800239036
0.21999999999999995,0.6,5,5,0.8888888888888888,0.9166666666666666,0.9,0.7945205479452055,0.5555555555555556,0.9027777777777777,0.971604938271605,0.90267093384844,0.9411764705882353,0.9142857142857143,0.79639080275258
0.22999999999999995,0.6,1,5,0.8823529411764706,0.8181818181818182,0.8571428571428571,0.7005347593582887,0.5185185185185186,0.8502673796791443,0.9052932937881035,0.8496617760555312,0.8823529411764706,0.8823529411764706,0.7005347593582888
0.22999999999999995,0.6,2,5,0.8571428571428571,0.8888888888888888,0.8666666666666667,0.7014925373134329,0.5555555555555556,0.873015873015873,0.983348884476704,0.8728715609439694,0.9473684210526315,0.9,0.7094390134677043
0.22999999999999995,0.6,3,5,0.9375,0.875,0.90625,0.8125,0.5925925925925926,0.90625,0.8890032455289809,0.9057110466368399,0.8823529411764706,0.9090909090909091,0.8140915784106943
0.22999999999999995,0.6,4,5,1.0,0.9230769230769231,0.967741935483871,0.9330453563714903,0.5740740740740741,0.9615384615384616,0.957229914382907,0.9607689228305228,0.9473684210526315,0.972972972972973,0.935143800239036
0.22999999999999995,0.6,5,5,0.8888888888888888,0.9166666666666666,0.9,0.7945205479452055,0.5555555555555556,0.9027777777777777,0.971604938271605,0.90267093384844,0.9411764705882353,0.9142857142857143,0.79639080275258
0.23999999999999994,0.6,1,5,0.8823529411764706,0.8181818181818182,0.8571428571428571,0.7005347593582887,0.5185185185185186,0.8502673796791443,0.7785776075135935,0.8496617760555312,0.8823529411764706,0.8823529411764706,0.7005347593582888
0.23999999999999994,0.6,2,5,0.8571428571428571,0.8888888888888888,0.8666666666666667,0.7014925373134329,0.5555555555555556,0.873015873015873,0.983348884476704,0.8728715609439694,0.9473684210526315,0.9,0.7094390134677043
0.23999999999999994,0.6,3,5,0.9375,0.875,0.90625,0.8125,0.5925925925925926,0.90625,0.90562412464986,0.9057110466368399,0.8823529411764706,0.9090909090909091,0.8140915784106943
0.23999999999999994,0.6,4,5,1.0,0.9230769230769231,0.967741935483871,0.9330453563714903,0.5740740740740741,0.9615384615384616,0.9553780625310553,0.9607689228305228,0.9473684210526315,0.972972972972973,0.935143800239036
0.23999999999999994,0.6,5,5,0.8888888888888888,0.9166666666666666,0.9,0.7945205479452055,0.5555555555555556,0.9027777777777777,0.971604938271605,0.90267093384844,0.9411764705882353,0.9142857142857143,0.79639080275258
0.24999999999999992,0.6,1,5,0.8823529411764706,0.8181818181818182,0.8571428571428571,0.7005347593582887,0.5185185185185186,0.8502673796791443,0.9121560388861426,0.8496617760555312,0.8823529411764706,0.8823529411764706,0.7005347593582888
0.24999999999999992,0.6,2,5,0.8571428571428571,0.8888888888888888,0.8666666666666667,0.7014925373134329,0.5555555555555556,0.873015873015873,0.983348884476704,0.8728715609439694,0.9473684210526315,0.9,0.7094390134677043
0.24999999999999992,0.6,3,5,0.9375,0.875,0.90625,0.8125,0.5925925925925926,0.90625,0.9065169817927171,0.9057110466368399,0.8823529411764706,0.9090909090909091,0.8140915784106943
0.24999999999999992,0.6,4,5,1.0,0.9230769230769231,0.967741935483871,0.9330453563714903,0.5740740740740741,0.9615384615384616,0.9661419514199442,0.9607689228305228,0.9473684210526315,0.972972972972973,0.935143800239036
0.24999999999999992,0.6,5,5,0.8888888888888888,0.9166666666666666,0.9,0.7945205479452055,0.5555555555555556,0.9027777777777777,0.971604938271605,0.90267093384844,0.9411764705882353,0.9142857142857143,0.79639080275258
0.2599999999999999,0.6,1,5,0.8823529411764706,0.8181818181818182,0.8571428571428571,0.7005347593582887,0.5185185185185186,0.8502673796791443,0.9436799719887954,0.8496617760555312,0.8823529411764706,0.8823529411764706,0.7005347593582888
0.2599999999999999,0.6,2,5,0.8571428571428571,0.8888888888888888,0.8666666666666667,0.7014925373134329,0.5555555555555556,0.873015873015873,0.983348884476704,0.8728715609439694,0.9473684210526315,0.9,0.7094390134677043
0.2599999999999999,0.6,3,5,0.9375,0.875,0.90625,0.8125,0.5925925925925926,0.90625,0.9065169817927171,0.9057110466368399,0.8823529411764706,0.9090909090909091,0.8140915784106943
0.2599999999999999,0.6,4,5,1.0,0.9230769230769231,0.967741935483871,0.9330453563714903,0.5740740740740741,0.9615384615384616,0.9553818781598709,0.9607689228305228,0.9473684210526315,0.972972972972973,0.935143800239036
0.2599999999999999,0.6,5,5,0.8888888888888888,0.9166666666666666,0.9,0.7945205479452055,0.5555555555555556,0.9027777777777777,0.971604938271605,0.90267093384844,0.9411764705882353,0.9142857142857143,0.79639080275258
0.2699999999999999,0.6,1,5,0.8823529411764706,0.8181818181818182,0.8571428571428571,0.7005347593582887,0.5185185185185186,0.8502673796791443,0.9364207447684956,0.8496617760555312,0.8823529411764706,0.8823529411764706,0.7005347593582888
0.2699999999999999,0.6,2,5,0.8571428571428571,0.8888888888888888,0.8666666666666667,0.7014925373134329,0.5555555555555556,0.873015873015873,0.983348884476704,0.8728715609439694,0.9473684210526315,0.9,0.7094390134677043
0.2699999999999999,0.6,3,5,0.9375,0.875,0.90625,0.8125,0.5925925925925926,0.90625,0.90562412464986,0.9057110466368399,0.8823529411764706,0.9090909090909091,0.8140915784106943
0.2699999999999999,0.6,4,5,1.0,0.9230769230769231,0.967741935483871,0.9330453563714903,0.5740740740740741,0.9615384615384616,0.9488965810495738,0.9607689228305228,0.9473684210526315,0.972972972972973,0.935143800239036
0.2699999999999999,0.6,5,5,0.8888888888888888,0.9166666666666666,0.9,0.7945205479452055,0.5555555555555556,0.9027777777777777,0.971604938271605,0.90267093384844,0.9411764705882353,0.9142857142857143,0.79639080275258
0.2799999999999999,0.6,1,5,0.8823529411764706,0.8181818181818182,0.8571428571428571,0.7005347593582887,0.5185185185185186,0.8502673796791443,0.9121560388861426,0.8496617760555312,0.8823529411764706,0.8823529411764706,0.7005347593582888
0.2799999999999999,0.6,2,5,0.8571428571428571,0.8888888888888888,0.8666666666666667,0.7014925373134329,0.5555555555555556,0.873015873015873,0.983348884476704,0.8728715609439694,0.9473684210526315,0.9,0.7094390134677043
0.2799999999999999,0.6,3,5,0.9375,0.875,0.90625,0.8125,0.5925925925925926,0.90625,0.90562412464986,0.9057110466368399,0.8823529411764706,0.9090909090909091,0.8140915784106943
0.2799999999999999,0.6,4,5,1.0,0.9230769230769231,0.967741935483871,0.9330453563714903,0.5740740740740741,0.9615384615384616,0.9627854699384628,0.9607689228305228,0.9473684210526315,0.972972972972973,0.935143800239036
0.2799999999999999,0.6,5,5,0.8888888888888888,0.9166666666666666,0.9,0.7945205479452055,0.5555555555555556,0.9027777777777777,0.971604938271605,0.90267093384844,0.9411764705882353,0.9142857142857143,0.79639080275258
0.2899999999999999,0.6,1,5,0.8823529411764706,0.8181818181818182,0.8571428571428571,0.7005347593582887,0.5185185185185186,0.8502673796791443,0.9413515406162465,0.8496617760555312,0.8823529411764706,0.8823529411764706,0.7005347593582888
0.2899999999999999,0.6,2,5,0.8571428571428571,0.8888888888888888,0.8666666666666667,0.7014925373134329,0.5555555555555556,0.873015873015873,0.983348884476704,0.8728715609439694,0.9473684210526315,0.9,0.7094390134677043
0.2899999999999999,0.6,3,5,0.9375,0.875,0.90625,0.8125,0.5925925925925926,0.90625,0.90562412464986,0.9057110466368399,0.8823529411764706,0.9090909090909091,0.8140915784106943
0.2899999999999999,0.6,4,5,1.0,0.9230769230769231,0.967741935483871,0.9330453563714903,0.5740740740740741,0.9615384615384616,0.9696141736421664,0.9607689228305228,0.9473684210526315,0.972972972972973,0.935143800239036
0.2899999999999999,0.6,5,5,0.8888888888888888,0.9166666666666666,0.9,0.7945205479452055,0.5555555555555556,0.9027777777777777,0.971604938271605,0.90267093384844,0.9411764705882353,0.9142857142857143,0.79639080275258
0.29999999999999993,0.6,1,5,0.8823529411764706,0.8181818181818182,0.8571428571428571,0.7005347593582887,0.5185185185185186,0.8502673796791443,0.9084795682979073,0.8496617760555312,0.8823529411764706,0.8823529411764706,0.7005347593582888
0.29999999999999993,0.6,2,5,0.9047619047619048,0.8888888888888888,0.9,0.7692307692307693,0.5555555555555556,0.8968253968253967,0.983348884476704,0.8967902788460657,0.95,0.926829268292683,0.7715167498104595
0.29999999999999993,0.6,3,5,0.9375,0.875,0.90625,0.8125,0.5925925925925926,0.90625,0.8975884103641456,0.9057110466368399,0.8823529411764706,0.9090909090909091,0.8140915784106943
0.29999999999999993,0.6,4,5,1.0,0.9230769230769231,0.967741935483871,0.9330453563714903,0.5740740740740741,0.9615384615384616,0.9646373217903146,0.9607689228305228,0.9473684210526315,0.972972972972973,0.935143800239036
0.29999999999999993,0.6,5,5,0.8888888888888888,0.9166666666666666,0.9,0.7945205479452055,0.5555555555555556,0.9027777777777777,0.971604938271605,0.90267093384844,0.9411764705882353,0.9142857142857143,0.79639080275258
0.30999999999999994,0.6,1,5,0.8823529411764706,0.8181818181818182,0.8571428571428571,0.7005347593582887,0.5185185185185186,0.8502673796791443,0.7140879881364309,0.8496617760555312,0.8823529411764706,0.8823529411764706,0.7005347593582888
0.30999999999999994,0.6,2,5,0.9047619047619048,0.8888888888888888,0.9,0.7692307692307693,0.5555555555555556,0.8968253968253967,0.983348884476704,0.8967902788460657,0.95,0.926829268292683,0.7715167498104595
0.30999999999999994,0.6,3,5,0.9375,0.875,0.90625,0.8125,0.5925925925925926,0.90625,0.9222907913165267,0.9057110466368399,0.8823529411764706,0.9090909090909091,0.8140915784106943
0.30999999999999994,0.6,4,5,1.0,0.9230769230769231,0.967741935483871,0.9330453563714903,0.5740740740740741,0.9615384615384616,0.9627854699384628,0.9607689228305228,0.9473684210526315,0.972972972972973,0.935143800239036
0.30999999999999994,0.6,5,5,0.8888888888888888,0.9166666666666666,0.9,0.7945205479452055,0.5555555555555556,0.9027777777777777,0.9716049382716049,0.90267093384844,0.9411764705882353,0.9142857142857143,0.79639080275258
0.3199999999999999,0.6,1,5,0.8823529411764706,0.8181818181818182,0.8571428571428571,0.7005347593582887,0.5185185185185186,0.8502673796791443,0.9268619212390838,0.8496617760555312,0.8823529411764706,0.8823529411764706,0.7005347593582888
0.3199999999999999,0.6,2,5,0.9047619047619048,0.8888888888888888,0.9,0.7692307692307693,0.5555555555555556,0.8968253968253967,0.983348884476704,0.8967902788460657,0.95,0.926829268292683,0.7715167498104595
0.3199999999999999,0.6,3,5,0.9375,0.875,0.90625,0.8125,0.5925925925925926,0.90625,0.8937651502908857,0.9057110466368399,0.8823529411764706,0.9090909090909091,0.8140915784106943
0.3199999999999999,0.6,4,5,1.0,0.9230769230769231,0.967741935483871,0.9330453563714903,0.5740740740740741,0.9615384615384616,0.9627854699384628,0.9607689228305228,0.9473684210526315,0.972972972972973,0.935143800239036
0.3199999999999999,0.6,5,5,0.8888888888888888,0.9166666666666666,0.9,0.7945205479452055,0.5555555555555556,0.9027777777777777,0.971604938271605,0.90267093384844,0.9411764705882353,0.9142857142857143,0.79639080275258
0.32999999999999985,0.6,1,5,0.8823529411764706,0.8181818181818182,0.8571428571428571,0.7005347593582887,0.5185185185185186,0.8502673796791443,0.9151837205470423,0.8496617760555312,0.8823529411764706,0.8823529411764706,0.7005347593582888
0.32999999999999985,0.6,2,5,0.9047619047619048,0.8888888888888888,0.9,0.7692307692307693,0.5555555555555556,0.8968253968253967,0.983348884476704,0.8967902788460657,0.95,0.926829268292683,0.7715167498104595
0.32999999999999985,0.6,3,5,0.9375,0.875,0.90625,0.8125,0.5925925925925926,0.90625,0.8975884103641456,0.9057110466368399,0.8823529411764706,0.9090909090909091,0.8140915784106943
0.32999999999999985,0.6,4,5,1.0,0.9230769230769231,0.967741935483871,0.9330453563714903,0.5740740740740741,0.9615384615384616,0.9627854699384628,0.9607689228305228,0.9473684210526315,0.972972972972973,0.935143800239036
0.32999999999999985,0.6,5,5,0.8888888888888888,0.9166666666666666,0.9,0.7945205479452055,0.5555555555555556,0.9027777777777777,0.971604938271605,0.90267093384844,0.9411764705882353,0.9142857142857143,0.79639080275258
0.33999999999999986,0.6,1,5,0.8823529411764706,0.8181818181818182,0.8571428571428571,0.7005347593582887,0.5185185185185186,0.8502673796791443,0.932855495139232,0.8496617760555312,0.8823529411764706,0.8823529411764706,0.7005347593582888
0.33999999999999986,0.6,2,5,0.9047619047619048,0.8888888888888888,0.9,0.7692307692307693,0.5555555555555556,0.8968253968253967,0.983348884476704,0.8967902788460657,0.95,0.926829268292683,0.7715167498104595
0.33999999999999986,0.6,3,5,0.9375,0.875,0.90625,0.8125,0.5925925925925926,0.90625,0.9020526960784314,0.9057110466368399,0.8823529411764706,0.9090909090909091,0.8140915784106943
0.33999999999999986,0.6,4,5,1.0,0.9230769230769231,0.967741935483871,0.9330453563714903,0.5740740740740741,0.9615384615384616,0.9644058403088331,0.9607689228305228,0.9473684210526315,0.972972972972973,0.935143800239036
0.33999999999999986,0.6,5,5,0.8888888888888888,0.9166666666666666,0.9,0.7945205479452055,0.5555555555555556,0.9027777777777777,0.971604938271605,0.90267093384844,0.9411764705882353,0.9142857142857143,0.79639080275258
0.34999999999999987,0.6,1,5,0.8823529411764706,0.8181818181818182,0.8571428571428571,0.7005347593582887,0.5185185185185186,0.8502673796791443,0.9342148624155544,0.8496617760555312,0.8823529411764706,0.8823529411764706,0.7005347593582888
0.34999999999999987,0.6,2,5,0.9047619047619048,0.8888888888888888,0.9,0.7692307692307693,0.5555555555555556,0.8968253968253967,0.983348884476704,0.8967902788460657,0.95,0.926829268292683,0.7715167498104595
0.34999999999999987,0.6,3,5,0.9375,0.875,0.90625,0.8125,0.5925925925925926,0.90625,0.9097907913165266,0.9057110466368399,0.8823529411764706,0.9090909090909091,0.8140915784106943
0.34999999999999987,0.6,4,5,1.0,0.9230769230769231,0.967741935483871,0.9330453563714903,0.5740740740740741,0.9615384615384616,0.9609336180866109,0.9607689228305228,0.9473684210526315,0.972972972972973,0.935143800239036
0.34999999999999987,0.6,5,5,0.8888888888888888,0.9166666666666666,0.9,0.7945205479452055,0.5555555555555556,0.9027777777777777,0.971604938271605,0.90267093384844,0.9411764705882353,0.9142857142857143,0.79639080275258
0.3599999999999999,0.6,1,5,0.8823529411764706,0.8181818181818182,0.8571428571428571,0.7005347593582887,0.5185185185185186,0.8502673796791443,0.9221041357719558,0.8496617760555312,0.8823529411764706,0.8823529411764706,0.7005347593582888
0.3599999999999999,0.6,2,5,0.9047619047619048,0.8888888888888888,0.9,0.7692307692307693,0.5555555555555556,0.8968253968253967,0.9859247686315356,0.8967902788460657,0.95,0.926829268292683,0.7715167498104595
0.3599999999999999,0.6,3,5,0.9375,0.875,0.90625,0.8125,0.5925925925925926,0.90625,0.8797312675070028,0.9057110466368399,0.8823529411764706,0.9090909090909091,0.8140915784106943
0.3599999999999999,0.6,4,5,1.0,0.9230769230769231,0.967741935483871,0.9330453563714903,0.5740740740740741,0.9615384615384616,0.9572133799913728,0.9607689228305228,0.9473684210526315,0.972972972972973,0.935143800239036
0.3599999999999999,0.6,5,5,0.8888888888888888,0.9166666666666666,0.9,0.7945205479452055,0.5555555555555556,0.9027777777777777,0.971604938271605,0.90267093384844,0.9411764705882353,0.9142857142857143,0.79639080275258
0.3699999999999999,0.6,1,5,0.8823529411764706,0.8181818181818182,0.8571428571428571,0.7005347593582887,0.5185185185185186,0.8502673796791443,0.9361756467292799,0.8496617760555312,0.8823529411764706,0.8823529411764706,0.7005347593582888
0.3699999999999999,0.6,2,5,0.9047619047619048,0.8888888888888888,0.9,0.7692307692307693,0.5555555555555556,0.8968253968253967,0.9859247686315356,0.8967902788460657,0.95,0.926829268292683,0.7715167498104595
0.3699999999999999,0.6,3,5,0.9375,0.875,0.90625,0.8125,0.5925925925925926,0.90625,0.9020526960784314,0.9057110466368399,0.8823529411764706,0.9090909090909091,0.8140915784106943
0.3699999999999999,0.6,4,5,1.0,0.9230769230769231,0.967741935483871,0.9330453563714903,0.5740740740740741,0.9615384615384616,0.9609336180866109,0.9607689228305228,0.9473684210526315,0.972972972972973,0.935143800239036
0.3699999999999999,0.6,5,5,0.8888888888888888,0.9166666666666666,0.9,0.7945205479452055,0.5555555555555556,0.9027777777777777,0.9716049382716049,0.90267093384844,0.9411764705882353,0.9142857142857143,0.79639080275258
0.3799999999999999,0.6,1,5,0.8823529411764706,0.8181818181818182,0.8571428571428571,0.7005347593582887,0.5185185185185186,0.8502673796791443,0.7215109573241061,0.8496617760555312,0.8823529411764706,0.8823529411764706,0.7005347593582888
0.3799999999999999,0.6,2,5,0.9047619047619048,0.8888888888888888,0.9,0.7692307692307693,0.5555555555555556,0.8968253968253967,0.9859247686315356,0.8967902788460657,0.95,0.926829268292683,0.7715167498104595
0.3799999999999999,0.6,3,5,0.9375,0.875,0.90625,0.8125,0.5925925925925926,0.90625,0.8975884103641456,0.9057110466368399,0.8823529411764706,0.9090909090909091,0.8140915784106943
0.3799999999999999,0.6,4,5,1.0,0.9230769230769231,0.967741935483871,0.9330453563714903,0.5740740740740741,0.9615384615384616,0.9646373217903146,0.9607689228305228,0.9473684210526315,0.972972972972973,0.935143800239036
0.3799999999999999,0.6,5,5,0.8888888888888888,0.9166666666666666,0.9,0.7945205479452055,0.5555555555555556,0.9027777777777777,0.9716049382716049,0.90267093384844,0.9411764705882353,0.9142857142857143,0.79639080275258
0.3899999999999999,0.6,1,5,0.8823529411764706,0.8181818181818182,0.8571428571428571,0.7005347593582887,0.5185185185185186,0.8502673796791443,0.8408325094743779,0.8496617760555312,0.8823529411764706,0.8823529411764706,0.7005347593582888
0.3899999999999999,0.6,2,5,0.9047619047619048,0.8888888888888888,0.9,0.7692307692307693,0.5555555555555556,0.8968253968253967,0.9859247686315356,0.8967902788460657,0.95,0.926829268292683,0.7715167498104595
0.3899999999999999,0.6,3,5,0.9375,0.875,0.90625,0.8125,0.5925925925925926,0.90625,0.9097907913165266,0.9057110466368399,0.8823529411764706,0.9090909090909091,0.8140915784106943
0.3899999999999999,0.6,4,5,1.0,0.9230769230769231,0.967741935483871,0.9330453563714903,0.5740740740740741,0.9615384615384616,0.9627854699384628,0.9607689228305228,0.9473684210526315,0.972972972972973,0.935143800239036
0.3899999999999999,0.6,5,5,0.8888888888888888,0.9166666666666666,0.9,0.7945205479452055,0.5555555555555556,0.9027777777777777,0.971604938271605,0.90267093384844,0.9411764705882353,0.9142857142857143,0.79639080275258
0.3999999999999998,0.6,1,5,0.8823529411764706,0.8181818181818182,0.8571428571428571,0.7005347593582887,0.5185185185185186,0.8502673796791443,0.9344949744603723,0.8496617760555312,0.8823529411764706,0.8823529411764706,0.7005347593582888
0.3999999999999998,0.6,2,5,0.9047619047619048,0.8888888888888888,0.9,0.7692307692307693,0.5555555555555556,0.8968253968253967,0.9859247686315356,0.8967902788460657,0.95,0.926829268292683,0.7715167498104595
0.3999999999999998,0.6,3,5,0.9375,0.875,0.90625,0.8125,0.5925925925925926,0.90625,0.9097907913165266,0.9057110466368399,0.8823529411764706,0.9090909090909091,0.8140915784106943
0.3999999999999998,0.6,4,5,1.0,0.9230769230769231,0.967741935483871,0.9330453563714903,0.5740740740740741,0.9615384615384616,0.9696141736421664,0.9607689228305228,0.9473684210526315,0.972972972972973,0.935143800239036
0.3999999999999998,0.6,5,5,0.8888888888888888,0.9166666666666666,0.9,0.7945205479452055,0.5555555555555556,0.9027777777777777,0.971604938271605,0.90267093384844,0.9411764705882353,0.9142857142857143,0.79639080275258
0.4099999999999998,0.6,1,5,0.8823529411764706,0.8181818181818182,0.8571428571428571,0.7005347593582887,0.5185185185185186,0.8502673796791443,0.9121560388861426,0.8496617760555312,0.8823529411764706,0.8823529411764706,0.7005347593582888
0.4099999999999998,0.6,2,5,0.9047619047619048,0.8888888888888888,0.9,0.7692307692307693,0.5555555555555556,0.8968253968253967,0.9859247686315356,0.8967902788460657,0.95,0.926829268292683,0.7715167498104595
0.4099999999999998,0.6,3,5,0.9375,0.875,0.90625,0.8125,0.5925925925925926,0.90625,0.8795824579831933,0.9057110466368399,0.8823529411764706,0.9090909090909091,0.8140915784106943
0.4099999999999998,0.6,4,5,1.0,0.9230769230769231,0.967741935483871,0.9330453563714903,0.5740740740740741,0.9615384615384616,0.9644058403088331,0.9607689228305228,0.9473684210526315,0.972972972972973,0.935143800239036
0.4099999999999998,0.6,5,5,0.8888888888888888,0.9166666666666666,0.9,0.7945205479452055,0.5555555555555556,0.9027777777777777,0.971604938271605,0.90267093384844,0.9411764705882353,0.9142857142857143,0.79639080275258
0.4199999999999998,0.6,1,5,0.8823529411764706,0.8181818181818182,0.8571428571428571,0.7005347593582887,0.5185185185185186,0.8502673796791443,0.9221041357719558,0.8496617760555312,0.8823529411764706,0.8823529411764706,0.7005347593582888
0.4199999999999998,0.6,2,5,0.9047619047619048,0.8888888888888888,0.9,0.7692307692307693,0.5555555555555556,0.8968253968253967,0.9859247686315356,0.8967902788460657,0.95,0.926829268292683,0.7715167498104595
0.4199999999999998,0.6,3,5,0.9375,0.875,0.90625,0.8125,0.5925925925925926,0.90625,0.8975884103641456,0.9057110466368399,0.8823529411764706,0.9090909090909091,0.8140915784106943
0.4199999999999998,0.6,4,5,1.0,0.9230769230769231,0.967741935483871,0.9330453563714903,0.5740740740740741,0.9615384615384616,0.9572133799913728,0.9607689228305228,0.9473684210526315,0.972972972972973,0.935143800239036
0.4199999999999998,0.6,5,5,0.8888888888888888,0.9166666666666666,0.9,0.7945205479452055,0.5555555555555556,0.9027777777777777,0.971604938271605,0.90267093384844,0.9411764705882353,0.9142857142857143,0.79639080275258
0.4299999999999998,0.6,1,5,0.8823529411764706,0.8181818181818182,0.8571428571428571,0.7005347593582887,0.5185185185185186,0.8502673796791443,0.915832509474378,0.8496617760555312,0.8823529411764706,0.8823529411764706,0.7005347593582888
0.4299999999999998,0.6,2,5,0.9047619047619048,0.8888888888888888,0.9,0.7692307692307693,0.5555555555555556,0.8968253968253967,0.9859247686315356,0.8967902788460657,0.95,0.926829268292683,0.7715167498104595
0.4299999999999998,0.6,3,5,0.9375,0.875,0.90625,0.8125,0.5925925925925926,0.90625,0.8975884103641456,0.9057110466368399,0.8823529411764706,0.9090909090909091,0.8140915784106943
0.4299999999999998,0.6,4,5,1.0,0.9230769230769231,0.967741935483871,0.9330453563714903,0.5740740740740741,0.9615384615384616,0.9627854699384628,0.9607689228305228,0.9473684210526315,0.972972972972973,0.935143800239036
0.4299999999999998,0.6,5,5,0.8888888888888888,0.9166666666666666,0.9,0.7945205479452055,0.5555555555555556,0.9027777777777777,0.971604938271605,0.90267093384844,0.9411764705882353,0.9142857142857143,0.79639080275258
0.43999999999999984,0.6,1,5,0.8823529411764706,0.8181818181818182,0.8571428571428571,0.7005347593582887,0.5185185185185186,0.8502673796791443,0.9013717251606526,0.8496617760555312,0.8823529411764706,0.8823529411764706,0.7005347593582888
0.43999999999999984,0.6,2,5,0.9047619047619048,0.8888888888888888,0.9,0.7692307692307693,0.5555555555555556,0.8968253968253967,0.9859247686315356,0.8967902788460657,0.95,0.926829268292683,0.7715167498104595
0.43999999999999984,0.6,3,5,0.9375,0.875,0.90625,0.8125,0.5925925925925926,0.90625,0.8938109378366732,0.9057110466368399,0.8823529411764706,0.9090909090909091,0.8140915784106943
0.43999999999999984,0.6,4,5,1.0,0.9230769230769231,0.967741935483871,0.9330453563714903,0.5740740740740741,0.9615384615384616,0.9664891736421664,0.9607689228305228,0.9473684210526315,0.972972972972973,0.935143800239036
0.43999999999999984,0.6,5,5,0.8888888888888888,0.9166666666666666,0.9,0.7945205479452055,0.5555555555555556,0.9027777777777777,0.971604938271605,0.90267093384844,0.9411764705882353,0.9142857142857143,0.79639080275258
0.44999999999999984,0.6,1,5,0.8823529411764706,0.8181818181818182,0.8571428571428571,0.7005347593582887,0.5185185185185186,0.8502673796791443,0.937797619047619,0.8496617760555312,0.8823529411764706,0.8823529411764706,0.7005347593582888
0.44999999999999984,0.6,2,5,0.9047619047619048,0.8888888888888888,0.9,0.7692307692307693,0.5555555555555556,0.8968253968253967,0.9859247686315356,0.8967902788460657,0.95,0.926829268292683,0.7715167498104595
0.44999999999999984,0.6,3,5,0.9375,0.875,0.90625,0.8125,0.5925925925925926,0.90625,0.90562412464986,0.9057110466368399,0.8823529411764706,0.9090909090909091,0.8140915784106943
0.44999999999999984,0.6,4,5,1.0,0.9230769230769231,0.967741935483871,0.9330453563714903,0.5740740740740741,0.9615384615384616,0.9627854699384628,0.9607689228305228,0.9473684210526315,0.972972972972973,0.935143800239036
0.44999999999999984,0.6,5,5,0.8888888888888888,0.9166666666666666,0.9,0.7945205479452055,0.5555555555555556,0.9027777777777777,0.971604938271605,0.90267093384844,0.9411764705882353,0.9142857142857143,0.79639080275258
0.45999999999999985,0.6,1,5,0.8823529411764706,0.8181818181818182,0.8571428571428571,0.7005347593582887,0.5185185185185186,0.8502673796791443,0.9091860273521173,0.8496617760555312,0.8823529411764706,0.8823529411764706,0.7005347593582888
0.45999999999999985,0.6,2,5,0.9047619047619048,0.8888888888888888,0.9,0.7692307692307693,0.5555555555555556,0.8968253968253967,0.9859247686315356,0.8967902788460657,0.95,0.926829268292683,0.7715167498104595
0.45999999999999985,0.6,3,5,0.9375,0.875,0.90625,0.8125,0.5925925925925926,0.90625,0.9020526960784314,0.9057110466368399,0.8823529411764706,0.9090909090909091,0.8140915784106943
0.45999999999999985,0.6,4,5,1.0,0.9230769230769231,0.967741935483871,0.9330453563714903,0.5740740740740741,0.9615384615384616,0.9609336180866109,0.9607689228305228,0.9473684210526315,0.972972972972973,0.935143800239036
0.45999999999999985,0.6,5,5,0.8888888888888888,0.9166666666666666,0.9,0.7945205479452055,0.5555555555555556,0.9027777777777777,0.971604938271605,0.90267093384844,0.9411764705882353,0.9142857142857143,0.79639080275258
0.46999999999999986,0.6,1,5,0.8823529411764706,0.8181818181818182,0.8571428571428571,0.7005347593582887,0.5185185185185186,0.8502673796791443,0.9310636019113527,0.8496617760555312,0.8823529411764706,0.8823529411764706,0.7005347593582888
0.46999999999999986,0.6,2,5,0.9047619047619048,0.8888888888888888,0.9,0.7692307692307693,0.5555555555555556,0.8968253968253967,0.9859247686315356,0.8967902788460657,0.95,0.926829268292683,0.7715167498104595
0.46999999999999986,0.6,3,5,0.9375,0.875,0.90625,0.8125,0.5925925925925926,0.90625,0.8975884103641456,0.9057110466368399,0.8823529411764706,0.9090909090909091,0.8140915784106943
0.46999999999999986,0.6,4,5,1.0,0.9230769230769231,0.967741935483871,0.9330453563714903,0.5740740740740741,0.9615384615384616,0.9572133799913728,0.9607689228305228,0.9473684210526315,0.972972972972973,0.935143800239036
0.46999999999999986,0.6,5,5,0.8888888888888888,0.9166666666666666,0.9,0.7945205479452055,0.5555555555555556,0.9027777777777777,0.971604938271605,0.90267093384844,0.9411764705882353,0.9142857142857143,0.79639080275258
0.47999999999999976,0.6,1,5,0.8823529411764706,0.8181818181818182,0.8571428571428571,0.7005347593582887,0.5185185185185186,0.8502673796791443,0.9186439281594991,0.8496617760555312,0.8823529411764706,0.8823529411764706,0.7005347593582888
0.47999999999999976,0.6,2,5,0.9047619047619048,0.8888888888888888,0.9,0.7692307692307693,0.5555555555555556,0.8968253968253967,0.9859247686315356,0.8967902788460657,0.95,0.926829268292683,0.7715167498104595
0.47999999999999976,0.6,3,5,0.9375,0.875,0.90625,0.8125,0.5925925925925926,0.90625,0.8889574579831934,0.9057110466368399,0.8823529411764706,0.9090909090909091,0.8140915784106943
0.47999999999999976,0.6,4,5,1.0,0.9230769230769231,0.967741935483871,0.9330453563714903,0.5740740740740741,0.9615384615384616,0.9644058403088331,0.9607689228305228,0.9473684210526315,0.972972972972973,0.935143800239036
0.47999999999999976,0.6,5,5,0.8888888888888888,0.9166666666666666,0.9,0.7945205479452055,0.5555555555555556,0.9027777777777777,0.971604938271605,0.90267093384844,0.9411764705882353,0.9142857142857143,0.79639080275258
0.48999999999999977,0.6,1,5,0.8823529411764706,0.8181818181818182,0.8571428571428571,0.7005347593582887,0.5185185185185186,0.8502673796791443,0.7785776075135935,0.8496617760555312,0.8823529411764706,0.8823529411764706,0.7005347593582888
0.48999999999999977,0.6,2,5,0.9047619047619048,0.8888888888888888,0.9,0.7692307692307693,0.5555555555555556,0.8968253968253967,0.9859247686315356,0.8967902788460657,0.95,0.926829268292683,0.7715167498104595
0.48999999999999977,0.6,3,5,0.9375,0.875,0.90625,0.8125,0.5925925925925926,0.90625,0.8889574579831934,0.9057110466368399,0.8823529411764706,0.9090909090909091,0.8140915784106943
0.48999999999999977,0.6,4,5,1.0,0.9230769230769231,0.967741935483871,0.9330453563714903,0.5740740740740741,0.9615384615384616,0.9572133799913728,0.9607689228305228,0.9473684210526315,0.972972972972973,0.935143800239036
0.48999999999999977,0.6,5,5,0.8888888888888888,0.9166666666666666,0.9,0.7945205479452055,0.5555555555555556,0.9027777777777777,0.971604938271605,0.90267093384844,0.9411764705882353,0.9142857142857143,0.79639080275258
0.4999999999999998,0.6,1,5,0.8823529411764706,0.8181818181818182,0.8571428571428571,0.7005347593582887,0.5185185185185186,0.8502673796791443,0.816567803592025,0.8496617760555312,0.8823529411764706,0.8823529411764706,0.7005347593582888
0.4999999999999998,0.6,2,5,0.9047619047619048,0.8888888888888888,0.9,0.7692307692307693,0.5555555555555556,0.8968253968253967,0.9859247686315356,0.8967902788460657,0.95,0.926829268292683,0.7715167498104595
0.4999999999999998,0.6,3,5,0.9375,0.875,0.90625,0.8125,0.5925925925925926,0.90625,0.8795824579831933,0.9057110466368399,0.8823529411764706,0.9090909090909091,0.8140915784106943
0.4999999999999998,0.6,4,5,1.0,0.9230769230769231,0.967741935483871,0.9330453563714903,0.5740740740740741,0.9615384615384616,0.9609336180866109,0.9607689228305228,0.9473684210526315,0.972972972972973,0.935143800239036
0.4999999999999998,0.6,5,5,0.8888888888888888,0.9166666666666666,0.9,0.7945205479452055,0.5555555555555556,0.9027777777777777,0.971604938271605,0.90267093384844,0.9411764705882353,0.9142857142857143,0.79639080275258
0.5099999999999998,0.6,1,5,0.8823529411764706,0.8181818181818182,0.8571428571428571,0.7005347593582887,0.5185185185185186,0.8502673796791443,0.7817350469599603,0.8496617760555312,0.8823529411764706,0.8823529411764706,0.7005347593582888
0.5099999999999998,0.6,2,5,0.9047619047619048,0.8888888888888888,0.9,0.7692307692307693,0.5555555555555556,0.8968253968253967,0.9859247686315356,0.8967902788460657,0.95,0.926829268292683,0.7715167498104595
0.5099999999999998,0.6,3,5,0.9375,0.875,0.90625,0.8125,0.5925925925925926,0.90625,0.8937651502908857,0.9057110466368399,0.8823529411764706,0.9090909090909091,0.8140915784106943
0.5099999999999998,0.6,4,5,1.0,0.9230769230769231,0.967741935483871,0.9330453563714903,0.5740740740740741,0.9615384615384616,0.9627854699384628,0.9607689228305228,0.9473684210526315,0.972972972972973,0.935143800239036
0.5099999999999998,0.6,5,5,0.8888888888888888,0.9166666666666666,0.9,0.7945205479452055,0.5555555555555556,0.9027777777777777,0.9716049382716049,0.90267093384844,0.9411764705882353,0.9142857142857143,0.79639080275258
0.5199999999999998,0.6,1,5,0.8823529411764706,0.8181818181818182,0.8571428571428571,0.7005347593582887,0.5185185185185186,0.8502673796791443,0.9021770472895041,0.8496617760555312,0.8823529411764706,0.8823529411764706,0.7005347593582888
0.5199999999999998,0.6,2,5,0.9047619047619048,0.8888888888888888,0.9,0.7692307692307693,0.5555555555555556,0.8968253968253967,0.9859247686315356,0.8967902788460657,0.95,0.926829268292683,0.7715167498104595
0.5199999999999998,0.6,3,5,0.9375,0.875,0.90625,0.8125,0.5925925925925926,0.90625,0.8889574579831934,0.9057110466368399,0.8823529411764706,0.9090909090909091,0.8140915784106943
0.5199999999999998,0.6,4,5,1.0,0.9230769230769231,0.967741935483871,0.9330453563714903,0.5740740740740741,0.9615384615384616,0.9553246437276364,0.9607689228305228,0.9473684210526315,0.972972972972973,0.935143800239036
0.5199999999999998,0.6,5,5,0.8888888888888888,0.9166666666666666,0.9,0.7945205479452055,0.5555555555555556,0.9027777777777777,0.971604938271605,0.90267093384844,0.9411764705882353,0.9142857142857143,0.79639080275258
0.5299999999999998,0.6,1,5,0.8823529411764706,0.8181818181818182,0.8571428571428571,0.7005347593582887,0.5185185185185186,0.8502673796791443,0.9186439281594991,0.8496617760555312,0.8823529411764706,0.8823529411764706,0.7005347593582888
0.5299999999999998,0.6,2,5,0.9047619047619048,0.8888888888888888,0.9,0.7692307692307693,0.5555555555555556,0.8968253968253967,0.9859247686315356,0.8967902788460657,0.95,0.926829268292683,0.7715167498104595
0.5299999999999998,0.6,3,5,0.9375,0.875,0.90625,0.8125,0.5925925925925926,0.90625,0.8889574579831934,0.9057110466368399,0.8823529411764706,0.9090909090909091,0.8140915784106943
0.5299999999999998,0.6,4,5,1.0,0.9230769230769231,0.967741935483871,0.9330453563714903,0.5740740740740741,0.9615384615384616,0.9553780625310553,0.9607689228305228,0.9473684210526315,0.972972972972973,0.935143800239036
0.5299999999999998,0.6,5,5,0.8888888888888888,0.9166666666666666,0.9,0.7945205479452055,0.5555555555555556,0.9027777777777777,0.971604938271605,0.90267093384844,0.9411764705882353,0.9142857142857143,0.79639080275258
0.5399999999999998,0.6,1,5,0.8823529411764706,0.8181818181818182,0.8571428571428571,0.7005347593582887,0.5185185185185186,0.8502673796791443,0.915832509474378,0.8496617760555312,0.8823529411764706,0.8823529411764706,0.7005347593582888
0.5399999999999998,0.6,2,5,0.9047619047619048,0.8888888888888888,0.9,0.7692307692307693,0.5555555555555556,0.8968253968253967,0.9859247686315356,0.8967902788460657,0.95,0.926829268292683,0.7715167498104595
0.5399999999999998,0.6,3,5,0.9375,0.875,0.90625,0.8125,0.5925925925925926,0.90625,0.8889574579831934,0.9057110466368399,0.8823529411764706,0.9090909090909091,0.8140915784106943
0.5399999999999998,0.6,4,5,1.0,0.9230769230769231,0.967741935483871,0.9330453563714903,0.5740740740740741,0.9615384615384616,0.9572133799913728,0.9607689228305228,0.9473684210526315,0.972972972972973,0.935143800239036
0.5399999999999998,0.6,5,5,0.8888888888888888,0.9166666666666666,0.9,0.7945205479452055,0.5555555555555556,0.9027777777777777,0.971604938271605,0.90267093384844,0.9411764705882353,0.9142857142857143,0.79639080275258
0.5499999999999998,0.6,1,5,0.8823529411764706,0.8181818181818182,0.8571428571428571,0.7005347593582887,0.5185185185185186,0.8502673796791443,0.915832509474378,0.8496617760555312,0.8823529411764706,0.8823529411764706,0.7005347593582888
0.5499999999999998,0.6,2,5,0.9047619047619048,0.8888888888888888,0.9,0.7692307692307693,0.5555555555555556,0.8968253968253967,0.9883683776540919,0.8967902788460657,0.95,0.926829268292683,0.7715167498104595
0.5499999999999998,0.6,3,5,0.9375,0.875,0.90625,0.8125,0.5925925925925926,0.90625,0.9020526960784314,0.9057110466368399,0.8823529411764706,0.9090909090909091,0.8140915784106943
0.5499999999999998,0.6,4,5,1.0,0.9230769230769231,0.967741935483871,0.9330453563714903,0.5740740740740741,0.9615384615384616,0.9488965810495738,0.9607689228305228,0.9473684210526315,0.972972972972973,0.935143800239036
0.5499999999999998,0.6,5,5,0.8888888888888888,0.9166666666666666,0.9,0.7945205479452055,0.5555555555555556,0.9027777777777777,0.971604938271605,0.90267093384844,0.9411764705882353,0.9142857142857143,0.79639080275258
0.5599999999999997,0.6,1,5,0.8823529411764706,0.8181818181818182,0.8571428571428571,0.7005347593582887,0.5185185185185186,0.8502673796791443,0.5621272038227055,0.8496617760555312,0.8823529411764706,0.8823529411764706,0.7005347593582888
0.5599999999999997,0.6,2,5,0.9047619047619048,0.8888888888888888,0.9,0.7692307692307693,0.5555555555555556,0.8968253968253967,0.9883683776540919,0.8967902788460657,0.95,0.926829268292683,0.7715167498104595
0.5599999999999997,0.6,3,5,0.9375,0.875,0.90625,0.8125,0.5925925925925926,0.90625,0.8975884103641456,0.9057110466368399,0.8823529411764706,0.9090909090909091,0.8140915784106943
0.5599999999999997,0.6,4,5,1.0,0.9230769230769231,0.967741935483871,0.9330453563714903,0.5740740740740741,0.9615384615384616,0.9678780625310555,0.9607689228305228,0.9473684210526315,0.972972972972973,0.935143800239036
0.5599999999999997,0.6,5,5,0.8888888888888888,0.9166666666666666,0.9,0.7945205479452055,0.5555555555555556,0.9027777777777777,0.971604938271605,0.90267093384844,0.9411764705882353,0.9142857142857143,0.79639080275258
0.5699999999999997,0.6,1,5,0.8823529411764706,0.8181818181818182,0.8571428571428571,0.7005347593582887,0.5185185185185186,0.8502673796791443,0.6980556928653814,0.8496617760555312,0.8823529411764706,0.8823529411764706,0.7005347593582888
0.5699999999999997,0.6,2,5,0.9047619047619048,0.8888888888888888,0.9,0.7692307692307693,0.5555555555555556,0.8968253968253967,0.9883683776540919,0.8967902788460657,0.95,0.926829268292683,0.7715167498104595
0.5699999999999997,0.6,3,5,0.9375,0.875,0.90625,0.8125,0.5925925925925926,0.90625,0.9097907913165266,0.9057110466368399,0.8823529411764706,0.9090909090909091,0.8140915784106943
0.5699999999999997,0.6,4,5,1.0,0.9230769230769231,0.967741935483871,0.9330453563714903,0.5740740740740741,0.9615384615384616,0.9661419514199442,0.9607689228305228,0.9473684210526315,0.972972972972973,0.935143800239036
0.5699999999999997,0.6,5,5,0.8888888888888888,0.9166666666666666,0.9,0.7945205479452055,0.5555555555555556,0.9027777777777777,0.971604938271605,0.90267093384844,0.9411764705882353,0.9142857142857143,0.79639080275258
0.5799999999999997,0.6,1,5,0.8823529411764706,0.8181818181818182,0.8571428571428571,0.7005347593582887,0.5185185185185186,0.8502673796791443,0.9052644587246663,0.8496617760555312,0.8823529411764706,0.8823529411764706,0.7005347593582888
0.5799999999999997,0.6,2,5,0.9047619047619048,0.8888888888888888,0.9,0.7692307692307693,0.5555555555555556,0.8968253968253967,0.9883683776540919,0.8967902788460657,0.95,0.926829268292683,0.7715167498104595
0.5799999999999997,0.6,3,5,0.9375,0.875,0.90625,0.8125,0.5925925925925926,0.90625,0.8849396008403361,0.9057110466368399,0.8823529411764706,0.9090909090909091,0.8140915784106943
0.5799999999999997,0.6,4,5,1.0,0.9230769230769231,0.967741935483871,0.9330453563714903,0.5740740740740741,0.9615384615384616,0.9661419514199442,0.9607689228305228,0.9473684210526315,0.972972972972973,0.935143800239036
0.5799999999999997,0.6,5,5,0.8888888888888888,0.9166666666666666,0.9,0.7945205479452055,0.5555555555555556,0.9027777777777777,0.971604938271605,0.90267093384844,0.9411764705882353,0.9142857142857143,0.79639080275258
0.5899999999999997,0.6,1,5,0.8823529411764706,0.8181818181818182,0.8571428571428571,0.7005347593582887,0.5185185185185186,0.8502673796791443,0.8152702257373537,0.8496617760555312,0.8823529411764706,0.8823529411764706,0.7005347593582888
0.5899999999999997,0.6,2,5,0.9047619047619048,0.8888888888888888,0.9,0.7692307692307693,0.5555555555555556,0.8968253968253967,0.9883683776540919,0.8967902788460657,0.95,0.926829268292683,0.7715167498104595
0.5899999999999997,0.6,3,5,0.9375,0.875,0.90625,0.8125,0.5925925925925926,0.90625,0.8975884103641456,0.9057110466368399,0.8823529411764706,0.9090909090909091,0.8140915784106943
0.5899999999999997,0.6,4,5,1.0,0.9230769230769231,0.967741935483871,0.9330453563714903,0.5740740740740741,0.9615384615384616,0.9627854699384628,0.9607689228305228,0.9473684210526315,0.972972972972973,0.935143800239036
0.5899999999999997,0.6,5,5,0.8888888888888888,0.9166666666666666,0.9,0.7945205479452055,0.5555555555555556,0.9027777777777777,0.971604938271605,0.90267093384844,0.9411764705882353,0.9142857142857143,0.79639080275258
0.5999999999999998,0.6,1,5,0.8823529411764706,0.8181818181818182,0.8571428571428571,0.7005347593582887,0.5185185185185186,0.8502673796791443,0.5407398253419013,0.8496617760555312,0.8823529411764706,0.8823529411764706,0.7005347593582888
0.5999999999999998,0.6,2,5,0.9047619047619048,0.8888888888888888,0.9,0.7692307692307693,0.5555555555555556,0.8968253968253967,0.9883683776540919,0.8967902788460657,0.95,0.926829268292683,0.7715167498104595
0.5999999999999998,0.6,3,5,0.9375,0.875,0.90625,0.8125,0.5925925925925926,0.90625,0.9097907913165266,0.9057110466368399,0.8823529411764706,0.9090909090909091,0.8140915784106943
0.5999999999999998,0.6,4,5,1.0,0.9230769230769231,0.967741935483871,0.9330453563714903,0.5740740740740741,0.9615384615384616,0.9664891736421664,0.9607689228305228,0.9473684210526315,0.972972972972973,0.935143800239036
0.5999999999999998,0.6,5,5,0.8888888888888888,0.9166666666666666,0.9,0.7945205479452055,0.5555555555555556,0.9027777777777777,0.971604938271605,0.90267093384844,0.9411764705882353,0.9142857142857143,0.79639080275258
0.6099999999999998,0.6,1,5,0.8823529411764706,0.8181818181818182,0.8571428571428571,0.7005347593582887,0.5185185185185186,0.8502673796791443,0.9413515406162465,0.8496617760555312,0.8823529411764706,0.8823529411764706,0.7005347593582888
0.6099999999999998,0.6,2,5,0.9047619047619048,0.8888888888888888,0.9,0.7692307692307693,0.5555555555555556,0.8968253968253967,0.9883683776540919,0.8967902788460657,0.95,0.926829268292683,0.7715167498104595
0.6099999999999998,0.6,3,5,0.9375,0.875,0.90625,0.8125,0.5925925925925926,0.90625,0.8890032455289809,0.9057110466368399,0.8823529411764706,0.9090909090909091,0.8140915784106943
0.6099999999999998,0.6,4,5,1.0,0.9230769230769231,0.967741935483871,0.9330453563714903,0.5740740740740741,0.9615384615384616,0.9591975069754997,0.9607689228305228,0.9473684210526315,0.972972972972973,0.935143800239036
0.6099999999999998,0.6,5,5,0.8888888888888888,0.9166666666666666,0.9,0.7945205479452055,0.5555555555555556,0.9027777777777777,0.971604938271605,0.90267093384844,0.9411764705882353,0.9142857142857143,0.79639080275258
0.6199999999999998,0.6,1,5,0.8823529411764706,0.8181818181818182,0.8571428571428571,0.7005347593582887,0.5185185185185186,0.8502673796791443,0.9186439281594991,0.8496617760555312,0.8823529411764706,0.8823529411764706,0.7005347593582888
0.6199999999999998,0.6,2,5,0.9047619047619048,0.8888888888888888,0.9,0.7692307692307693,0.5555555555555556,0.8968253968253967,0.9883683776540919,0.8967902788460657,0.95,0.926829268292683,0.7715167498104595
0.6199999999999998,0.6,3,5,0.9375,0.875,0.90625,0.8125,0.5925925925925926,0.90625,0.90562412464986,0.9057110466368399,0.8823529411764706,0.9090909090909091,0.8140915784106943
0.6199999999999998,0.6,4,5,1.0,0.9230769230769231,0.967741935483871,0.9330453563714903,0.5740740740740741,0.9615384615384616,0.9572133799913728,0.9607689228305228,0.9473684210526315,0.972972972972973,0.935143800239036
0.6199999999999998,0.6,5,5,0.8888888888888888,0.9166666666666666,0.9,0.7945205479452055,0.5555555555555556,0.9027777777777777,0.971604938271605,0.90267093384844,0.9411764705882353,0.9142857142857143,0.79639080275258
0.6299999999999997,0.6,1,5,0.8823529411764706,0.8181818181818182,0.8571428571428571,0.7005347593582887,0.5185185185185186,0.8502673796791443,0.9084795682979073,0.8496617760555312,0.8823529411764706,0.8823529411764706,0.7005347593582888
0.6299999999999997,0.6,2,5,0.9047619047619048,0.8888888888888888,0.9,0.7692307692307693,0.5555555555555556,0.8968253968253967,0.9883683776540919,0.8967902788460657,0.95,0.926829268292683,0.7715167498104595
0.6299999999999997,0.6,3,5,0.9375,0.875,0.90625,0.8125,0.5925925925925926,0.90625,0.8975884103641456,0.9057110466368399,0.8823529411764706,0.9090909090909091,0.8140915784106943
0.6299999999999997,0.6,4,5,1.0,0.9230769230769231,0.967741935483871,0.9330453563714903,0.5740740740740741,0.9615384615384616,0.9609336180866109,0.9607689228305228,0.9473684210526315,0.972972972972973,0.935143800239036
0.6299999999999997,0.6,5,5,0.8888888888888888,0.9166666666666666,0.9,0.7945205479452055,0.5555555555555556,0.9027777777777777,0.971604938271605,0.90267093384844,0.9411764705882353,0.9142857142857143,0.79639080275258
0.6399999999999997,0.6,1,5,0.8823529411764706,0.8181818181818182,0.8571428571428571,0.7005347593582887,0.5185185185185186,0.8502673796791443,0.9344599604547701,0.8496617760555312,0.8823529411764706,0.8823529411764706,0.7005347593582888
0.6399999999999997,0.6,2,5,0.9047619047619048,0.8888888888888888,0.9,0.7692307692307693,0.5555555555555556,0.8968253968253967,0.9883683776540919,0.8967902788460657,0.95,0.926829268292683,0.7715167498104595
0.6399999999999997,0.6,3,5,0.9375,0.875,0.90625,0.8125,0.5925925925925926,0.90625,0.8975884103641456,0.9057110466368399,0.8823529411764706,0.9090909090909091,0.8140915784106943
0.6399999999999997,0.6,4,5,1.0,0.9230769230769231,0.967741935483871,0.9330453563714903,0.5740740740740741,0.9615384615384616,0.9661419514199442,0.9607689228305228,0.9473684210526315,0.972972972972973,0.935143800239036
0.6399999999999997,0.6,5,5,0.8888888888888888,0.9166666666666666,0.9,0.7945205479452055,0.5555555555555556,0.9027777777777777,0.971604938271605,0.90267093384844,0.9411764705882353,0.9142857142857143,0.79639080275258
0.6499999999999997,0.6,1,5,0.8823529411764706,0.8181818181818182,0.8571428571428571,0.7005347593582887,0.5185185185185186,0.8502673796791443,0.9092148624155545,0.8496617760555312,0.8823529411764706,0.8823529411764706,0.7005347593582888
0.6499999999999997,0.6,2,5,0.9047619047619048,0.8888888888888888,0.9,0.7692307692307693,0.5555555555555556,0.8968253968253967,0.9883683776540919,0.8967902788460657,0.95,0.926829268292683,0.7715167498104595
0.6499999999999997,0.6,3,5,0.9375,0.875,0.90625,0.8125,0.5925925925925926,0.90625,0.9097907913165266,0.9057110466368399,0.8823529411764706,0.9090909090909091,0.8140915784106943
0.6499999999999997,0.6,4,5,1.0,0.9230769230769231,0.967741935483871,0.9330453563714903,0.5740740740740741,0.9615384615384616,0.9553246437276364,0.9607689228305228,0.9473684210526315,0.972972972972973,0.935143800239036
0.6499999999999997,0.6,5,5,0.8888888888888888,0.9166666666666666,0.9,0.7945205479452055,0.5555555555555556,0.9027777777777777,0.971604938271605,0.90267093384844,0.9411764705882353,0.9142857142857143,0.79639080275258
0.6599999999999997,0.6,1,5,0.8823529411764706,0.8181818181818182,0.8571428571428571,0.7005347593582887,0.5185185185185186,0.8502673796791443,0.9231854506508486,0.8496617760555312,0.8823529411764706,0.8823529411764706,0.7005347593582888
0.6599999999999997,0.6,2,5,0.9047619047619048,0.8888888888888888,0.9,0.7692307692307693,0.5555555555555556,0.8968253968253967,0.9883683776540919,0.8967902788460657,0.95,0.926829268292683,0.7715167498104595
0.6599999999999997,0.6,3,5,0.9375,0.875,0.90625,0.8125,0.5925925925925926,0.90625,0.90562412464986,0.9057110466368399,0.8823529411764706,0.9090909090909091,0.8140915784106943
0.6599999999999997,0.6,4,5,1.0,0.9230769230769231,0.967741935483871,0.9330453563714903,0.5740740740740741,0.9615384615384616,0.9631657609437536,0.9607689228305228,0.9473684210526315,0.972972972972973,0.935143800239036
0.6599999999999997,0.6,5,5,0.8888888888888888,0.9166666666666666,0.9,0.7945205479452055,0.5555555555555556,0.9027777777777777,0.971604938271605,0.90267093384844,0.9411764705882353,0.9142857142857143,0.79639080275258
0.6699999999999997,0.6,1,5,0.8823529411764706,0.8181818181818182,0.8571428571428571,0.7005347593582887,0.5185185185185186,0.8502673796791443,0.9121560388861426,0.8496617760555312,0.8823529411764706,0.8823529411764706,0.7005347593582888
0.6699999999999997,0.6,2,5,0.9047619047619048,0.8888888888888888,0.9,0.7692307692307693,0.5555555555555556,0.8968253968253967,0.9883683776540919,0.8967902788460657,0.95,0.926829268292683,0.7715167498104595
0.6699999999999997,0.6,3,5,0.9375,0.875,0.90625,0.8125,0.5925925925925926,0.90625,0.9020526960784314,0.9057110466368399,0.8823529411764706,0.9090909090909091,0.8140915784106943
0.6699999999999997,0.6,4,5,1.0,0.9230769230769231,0.967741935483871,0.9330453563714903,0.5740740740740741,0.9615384615384616,0.9664891736421664,0.9607689228305228,0.9473684210526315,0.972972972972973,0.935143800239036
0.6699999999999997,0.6,5,5,0.8888888888888888,0.9166666666666666,0.9,0.7945205479452055,0.5555555555555556,0.9027777777777777,0.971604938271605,0.90267093384844,0.9411764705882353,0.9142857142857143,0.79639080275258
0.6799999999999997,0.6,1,5,0.8823529411764706,0.8181818181818182,0.8571428571428571,0.7005347593582887,0.5185185185185186,0.8502673796791443,0.5189899489207448,0.8496617760555312,0.8823529411764706,0.8823529411764706,0.7005347593582888
0.6799999999999997,0.6,2,5,0.9047619047619048,0.8888888888888888,0.9,0.7692307692307693,0.5555555555555556,0.8968253968253967,0.9883683776540919,0.8967902788460657,0.95,0.926829268292683,0.7715167498104595
0.6799999999999997,0.6,3,5,0.9375,0.875,0.90625,0.8125,0.5925925925925926,0.90625,0.90562412464986,0.9057110466368399,0.8823529411764706,0.9090909090909091,0.8140915784106943
0.6799999999999997,0.6,4,5,1.0,0.9230769230769231,0.967741935483871,0.9330453563714903,0.5740740740740741,0.9615384615384616,0.9531878915908844,0.9607689228305228,0.9473684210526315,0.972972972972973,0.935143800239036
0.6799999999999997,0.6,5,5,0.8888888888888888,0.9166666666666666,0.9,0.7945205479452055,0.5555555555555556,0.9027777777777777,0.9716049382716049,0.90267093384844,0.9411764705882353,0.9142857142857143,0.79639080275258
0.6899999999999997,0.6,1,5,0.8823529411764706,0.8181818181818182,0.8571428571428571,0.7005347593582887,0.5185185185185186,0.8502673796791443,0.47400724995880705,0.8496617760555312,0.8823529411764706,0.8823529411764706,0.7005347593582888
0.6899999999999997,0.6,2,5,0.9047619047619048,0.8888888888888888,0.9,0.7692307692307693,0.5555555555555556,0.8968253968253967,0.9883683776540919,0.8967902788460657,0.95,0.926829268292683,0.7715167498104595
0.6899999999999997,0.6,3,5,0.9375,0.875,0.90625,0.8125,0.5925925925925926,0.90625,0.8975884103641456,0.9057110466368399,0.8823529411764706,0.9090909090909091,0.8140915784106943
0.6899999999999997,0.6,4,5,1.0,0.9230769230769231,0.967741935483871,0.9330453563714903,0.5740740740740741,0.9615384615384616,0.9646373217903146,0.9607689228305228,0.9473684210526315,0.972972972972973,0.935143800239036
0.6899999999999997,0.6,5,5,0.8888888888888888,0.9166666666666666,0.9,0.7945205479452055,0.5555555555555556,0.9027777777777777,0.971604938271605,0.90267093384844,0.9411764705882353,0.9142857142857143,0.79639080275258
0.6999999999999996,0.6,1,5,0.8823529411764706,0.8181818181818182,0.8571428571428571,0.7005347593582887,0.5185185185185186,0.8502673796791443,0.9151837205470423,0.8496617760555312,0.8823529411764706,0.8823529411764706,0.7005347593582888
0.6999999999999996,0.6,2,5,0.9047619047619048,0.8888888888888888,0.9,0.7692307692307693,0.5555555555555556,0.8968253968253967,0.9883683776540919,0.8967902788460657,0.95,0.926829268292683,0.7715167498104595
0.6999999999999996,0.6,3,5,0.9375,0.875,0.90625,0.8125,0.5925925925925926,0.90625,0.8975884103641456,0.9057110466368399,0.8823529411764706,0.9090909090909091,0.8140915784106943
0.6999999999999996,0.6,4,5,1.0,0.9230769230769231,0.967741935483871,0.9330453563714903,0.5740740740740741,0.9615384615384616,0.9644058403088331,0.9607689228305228,0.9473684210526315,0.972972972972973,0.935143800239036
0.6999999999999996,0.6,5,5,0.8888888888888888,0.9166666666666666,0.9,0.7945205479452055,0.5555555555555556,0.9027777777777777,0.971604938271605,0.90267093384844,0.9411764705882353,0.9142857142857143,0.79639080275258
0.7099999999999996,0.6,1,5,0.8823529411764706,0.8181818181818182,0.8571428571428571,0.7005347593582887,0.5185185185185186,0.8502673796791443,0.7785776075135935,0.8496617760555312,0.8823529411764706,0.8823529411764706,0.7005347593582888
0.7099999999999996,0.6,2,5,0.9047619047619048,0.8888888888888888,0.9,0.7692307692307693,0.5555555555555556,0.8968253968253967,0.9883683776540919,0.8967902788460657,0.95,0.926829268292683,0.7715167498104595
0.7099999999999996,0.6,3,5,0.9375,0.875,0.90625,0.8125,0.5925925925925926,0.90625,0.9020526960784314,0.9057110466368399,0.8823529411764706,0.9090909090909091,0.8140915784106943
0.7099999999999996,0.6,4,5,1.0,0.9230769230769231,0.967741935483871,0.9330453563714903,0.5740740740740741,0.9615384615384616,0.9609336180866109,0.9607689228305228,0.9473684210526315,0.972972972972973,0.935143800239036
0.7099999999999996,0.6,5,5,0.8888888888888888,0.9166666666666666,0.9,0.7945205479452055,0.5555555555555556,0.9027777777777777,0.971604938271605,0.90267093384844,0.9411764705882353,0.9142857142857143,0.79639080275258
0.7199999999999996,0.6,1,5,0.8823529411764706,0.8181818181818182,0.8571428571428571,0.7005347593582887,0.5185185185185186,0.8502673796791443,0.9344599604547701,0.8496617760555312,0.8823529411764706,0.8823529411764706,0.7005347593582888
0.7199999999999996,0.6,2,5,0.9047619047619048,0.8888888888888888,0.9,0.7692307692307693,0.5555555555555556,0.8968253968253967,0.9883683776540919,0.8967902788460657,0.95,0.926829268292683,0.7715167498104595
0.7199999999999996,0.6,3,5,0.9375,0.875,0.90625,0.8125,0.5925925925925926,0.90625,0.9097907913165266,0.9057110466368399,0.8823529411764706,0.9090909090909091,0.8140915784106943
0.7199999999999996,0.6,4,5,1.0,0.9230769230769231,0.967741935483871,0.9330453563714903,0.5740740740740741,0.9615384615384616,0.9646373217903146,0.9607689228305228,0.9473684210526315,0.972972972972973,0.935143800239036
0.7199999999999996,0.6,5,5,0.8888888888888888,0.9166666666666666,0.9,0.7945205479452055,0.5555555555555556,0.9027777777777777,0.971604938271605,0.90267093384844,0.9411764705882353,0.9142857142857143,0.79639080275258
0.7299999999999996,0.6,1,5,0.8823529411764706,0.8181818181818182,0.8571428571428571,0.7005347593582887,0.5185185185185186,0.8502673796791443,0.9084795682979073,0.8496617760555312,0.8823529411764706,0.8823529411764706,0.7005347593582888
0.7299999999999996,0.6,2,5,0.9047619047619048,0.8888888888888888,0.9,0.7692307692307693,0.5555555555555556,0.8968253968253967,0.9883683776540919,0.8967902788460657,0.95,0.926829268292683,0.7715167498104595
0.7299999999999996,0.6,3,5,0.9375,0.875,0.90625,0.8125,0.5925925925925926,0.90625,0.90562412464986,0.9057110466368399,0.8823529411764706,0.9090909090909091,0.8140915784106943
0.7299999999999996,0.6,4,5,1.0,0.9230769230769231,0.967741935483871,0.9330453563714903,0.5740740740740741,0.9615384615384616,0.9609336180866109,0.9607689228305228,0.9473684210526315,0.972972972972973,0.935143800239036
0.7299999999999996,0.6,5,5,0.8888888888888888,0.9166666666666666,0.9,0.7945205479452055,0.5555555555555556,0.9027777777777777,0.971604938271605,0.90267093384844,0.9411764705882353,0.9142857142857143,0.79639080275258
0.7399999999999997,0.6,1,5,0.8823529411764706,0.8181818181818182,0.8571428571428571,0.7005347593582887,0.5185185185185186,0.8502673796791443,0.519018783984182,0.8496617760555312,0.8823529411764706,0.8823529411764706,0.7005347593582888
0.7399999999999997,0.6,2,5,0.9047619047619048,0.8888888888888888,0.9,0.7692307692307693,0.5555555555555556,0.8968253968253967,0.9883683776540919,0.8967902788460657,0.95,0.926829268292683,0.7715167498104595
0.7399999999999997,0.6,3,5,0.9375,0.875,0.90625,0.8125,0.5925925925925926,0.90625,0.8975884103641456,0.9057110466368399,0.8823529411764706,0.9090909090909091,0.8140915784106943
0.7399999999999997,0.6,4,5,1.0,0.9230769230769231,0.967741935483871,0.9330453563714903,0.5740740740740741,0.9615384615384616,0.9627854699384628,0.9607689228305228,0.9473684210526315,0.972972972972973,0.935143800239036
0.7399999999999997,0.6,5,5,0.8888888888888888,0.9166666666666666,0.9,0.7945205479452055,0.5555555555555556,0.9027777777777777,0.971604938271605,0.90267093384844,0.9411764705882353,0.9142857142857143,0.79639080275258
0.7499999999999997,0.6,1,5,0.8823529411764706,0.8181818181818182,0.8571428571428571,0.7005347593582887,0.5185185185185186,0.8502673796791443,0.9286538144669632,0.8496617760555312,0.8823529411764706,0.8823529411764706,0.7005347593582888
0.7499999999999997,0.6,2,5,0.9047619047619048,0.8888888888888888,0.9,0.7692307692307693,0.5555555555555556,0.8968253968253967,0.9883683776540919,0.8967902788460657,0.95,0.926829268292683,0.7715167498104595
0.7499999999999997,0.6,3,5,0.9375,0.875,0.90625,0.8125,0.5925925925925926,0.90625,0.90562412464986,0.9057110466368399,0.8823529411764706,0.9090909090909091,0.8140915784106943
0.7499999999999997,0.6,4,5,1.0,0.9230769230769231,0.967741935483871,0.9330453563714903,0.5740740740740741,0.9615384615384616,0.9696141736421664,0.9607689228305228,0.9473684210526315,0.972972972972973,0.935143800239036
0.7499999999999997,0.6,5,5,0.8888888888888888,0.9166666666666666,0.9,0.7945205479452055,0.5555555555555556,0.9027777777777777,0.971604938271605,0.90267093384844,0.9411764705882353,0.9142857142857143,0.79639080275258
0.7599999999999997,0.6,1,5,0.8823529411764706,0.8181818181818182,0.8571428571428571,0.7005347593582887,0.5185185185185186,0.8502673796791443,0.9231854506508486,0.8496617760555312,0.8823529411764706,0.8823529411764706,0.7005347593582888
0.7599999999999997,0.6,2,5,0.9047619047619048,0.8888888888888888,0.9,0.7692307692307693,0.5555555555555556,0.8968253968253967,0.9883683776540919,0.8967902788460657,0.95,0.926829268292683,0.7715167498104595
0.7599999999999997,0.6,3,5,0.9375,0.875,0.90625,0.8125,0.5925925925925926,0.90625,0.9097907913165266,0.9057110466368399,0.8823529411764706,0.9090909090909091,0.8140915784106943
0.7599999999999997,0.6,4,5,1.0,0.9230769230769231,0.967741935483871,0.9330453563714903,0.5740740740740741,0.9615384615384616,0.9646373217903146,0.9607689228305228,0.9473684210526315,0.972972972972973,0.935143800239036
0.7599999999999997,0.6,5,5,0.8888888888888888,0.9166666666666666,0.9,0.7945205479452055,0.5555555555555556,0.9027777777777777,0.971604938271605,0.90267093384844,0.9411764705882353,0.9142857142857143,0.79639080275258
0.7699999999999997,0.6,1,5,0.8823529411764706,0.8181818181818182,0.8571428571428571,0.7005347593582887,0.5185185185185186,0.8502673796791443,0.7062736859449661,0.8496617760555312,0.8823529411764706,0.8823529411764706,0.7005347593582888
0.7699999999999997,0.6,2,5,0.9047619047619048,0.8888888888888888,0.9,0.7692307692307693,0.5555555555555556,0.8968253968253967,0.9883683776540919,0.8967902788460657,0.95,0.926829268292683,0.7715167498104595
0.7699999999999997,0.6,3,5,0.9375,0.875,0.90625,0.8125,0.5925925925925926,0.90625,0.8889574579831934,0.9057110466368399,0.8823529411764706,0.9090909090909091,0.8140915784106943
0.7699999999999997,0.6,4,5,1.0,0.9230769230769231,0.967741935483871,0.9330453563714903,0.5740740740740741,0.9615384615384616,0.9591975069754997,0.9607689228305228,0.9473684210526315,0.972972972972973,0.935143800239036
0.7699999999999997,0.6,5,5,0.8888888888888888,0.9166666666666666,0.9,0.7945205479452055,0.5555555555555556,0.9027777777777777,0.971604938271605,0.90267093384844,0.9411764705882353,0.9142857142857143,0.79639080275258
0.7799999999999997,0.6,1,5,0.8823529411764706,0.8181818181818182,0.8571428571428571,0.7005347593582887,0.5185185185185186,0.8502673796791443,0.540832509474378,0.8496617760555312,0.8823529411764706,0.8823529411764706,0.7005347593582888
0.7799999999999997,0.6,2,5,0.9047619047619048,0.8888888888888888,0.9,0.7692307692307693,0.5555555555555556,0.8968253968253967,0.9883683776540919,0.8967902788460657,0.95,0.926829268292683,0.7715167498104595
0.7799999999999997,0.6,3,5,0.9375,0.875,0.90625,0.8125,0.5925925925925926,0.90625,0.9097907913165266,0.9057110466368399,0.8823529411764706,0.9090909090909091,0.8140915784106943
0.7799999999999997,0.6,4,5,1.0,0.9230769230769231,0.967741935483871,0.9330453563714903,0.5740740740740741,0.9615384615384616,0.9627854699384628,0.9607689228305228,0.9473684210526315,0.972972972972973,0.935143800239036
0.7799999999999997,0.6,5,5,0.8888888888888888,0.9166666666666666,0.9,0.7945205479452055,0.5555555555555556,0.9027777777777777,0.971604938271605,0.90267093384844,0.9411764705882353,0.9142857142857143,0.79639080275258
0.7899999999999996,0.6,1,5,0.8823529411764706,0.8181818181818182,0.8571428571428571,0.7005347593582887,0.5185185185185186,0.8502673796791443,0.9052932937881035,0.8496617760555312,0.8823529411764706,0.8823529411764706,0.7005347593582888
0.7899999999999996,0.6,2,5,0.9047619047619048,0.8888888888888888,0.9,0.7692307692307693,0.5555555555555556,0.8968253968253967,0.9883683776540919,0.8967902788460657,0.95,0.926829268292683,0.7715167498104595
0.7899999999999996,0.6,3,5,0.9375,0.875,0.90625,0.8125,0.5925925925925926,0.90625,0.8938109378366732,0.9057110466368399,0.8823529411764706,0.9090909090909091,0.8140915784106943
0.7899999999999996,0.6,4,5,1.0,0.9230769230769231,0.967741935483871,0.9330453563714903,0.5740740740740741,0.9615384615384616,0.9627854699384628,0.9607689228305228,0.9473684210526315,0.972972972972973,0.935143800239036
0.7899999999999996,0.6,5,5,0.8888888888888888,0.9166666666666666,0.9,0.7945205479452055,0.5555555555555556,0.9027777777777777,0.971604938271605,0.90267093384844,0.9411764705882353,0.9142857142857143,0.79639080275258
0.7999999999999996,0.6,1,5,0.8823529411764706,0.8181818181818182,0.8571428571428571,0.7005347593582887,0.5185185185185186,0.8502673796791443,0.8937736859449663,0.8496617760555312,0.8823529411764706,0.8823529411764706,0.7005347593582888
0.7999999999999996,0.6,2,5,0.9047619047619048,0.8888888888888888,0.9,0.7692307692307693,0.5555555555555556,0.8968253968253967,0.9883683776540919,0.8967902788460657,0.95,0.926829268292683,0.7715167498104595
0.7999999999999996,0.6,3,5,0.9375,0.875,0.90625,0.8125,0.5925925925925926,0.90625,0.9020526960784314,0.9057110466368399,0.8823529411764706,0.9090909090909091,0.8140915784106943
0.7999999999999996,0.6,4,5,1.0,0.9230769230769231,0.967741935483871,0.9330453563714903,0.5740740740740741,0.9615384615384616,0.9661419514199442,0.9607689228305228,0.9473684210526315,0.972972972972973,0.935143800239036
0.7999999999999996,0.6,5,5,0.8888888888888888,0.9166666666666666,0.9,0.7945205479452055,0.5555555555555556,0.9027777777777777,0.971604938271605,0.90267093384844,0.9411764705882353,0.9142857142857143,0.79639080275258
0.8099999999999996,0.6,1,5,0.8823529411764706,0.8181818181818182,0.8571428571428571,0.7005347593582887,0.5185185185185186,0.8502673796791443,0.9413515406162465,0.8496617760555312,0.8823529411764706,0.8823529411764706,0.7005347593582888
0.8099999999999996,0.6,2,5,0.9047619047619048,0.8888888888888888,0.9,0.7692307692307693,0.5555555555555556,0.8968253968253967,0.9883683776540919,0.8967902788460657,0.95,0.926829268292683,0.7715167498104595
0.8099999999999996,0.6,3,5,0.9375,0.875,0.90625,0.8125,0.5925925925925926,0.90625,0.90562412464986,0.9057110466368399,0.8823529411764706,0.9090909090909091,0.8140915784106943
0.8099999999999996,0.6,4,5,1.0,0.9230769230769231,0.967741935483871,0.9330453563714903,0.5740740740740741,0.9615384615384616,0.9661419514199442,0.9607689228305228,0.9473684210526315,0.972972972972973,0.935143800239036
0.8099999999999996,0.6,5,5,0.8888888888888888,0.9166666666666666,0.9,0.7945205479452055,0.5555555555555556,0.9027777777777777,0.971604938271605,0.90267093384844,0.9411764705882353,0.9142857142857143,0.79639080275258
0.8199999999999996,0.6,1,5,0.8823529411764706,0.8181818181818182,0.8571428571428571,0.7005347593582887,0.5185185185185186,0.8502673796791443,0.9151837205470423,0.8496617760555312,0.8823529411764706,0.8823529411764706,0.7005347593582888
0.8199999999999996,0.6,2,5,0.9047619047619048,0.8888888888888888,0.9,0.7692307692307693,0.5555555555555556,0.8968253968253967,0.9883683776540919,0.8967902788460657,0.95,0.926829268292683,0.7715167498104595
0.8199999999999996,0.6,3,5,0.9375,0.875,0.90625,0.8125,0.5925925925925926,0.90625,0.8938109378366732,0.9057110466368399,0.8823529411764706,0.9090909090909091,0.8140915784106943
0.8199999999999996,0.6,4,5,1.0,0.9230769230769231,0.967741935483871,0.9330453563714903,0.5740740740740741,0.9615384615384616,0.9627854699384628,0.9607689228305228,0.9473684210526315,0.972972972972973,0.935143800239036
0.8199999999999996,0.6,5,5,0.8888888888888888,0.9166666666666666,0.9,0.7945205479452055,0.5555555555555556,0.9027777777777777,0.9716049382716049,0.90267093384844,0.9411764705882353,0.9142857142857143,0.79639080275258
0.8299999999999996,0.6,1,5,0.8823529411764706,0.8181818181818182,0.8571428571428571,0.7005347593582887,0.5185185185185186,0.8502673796791443,0.9013428900972154,0.8496617760555312,0.8823529411764706,0.8823529411764706,0.7005347593582888
0.8299999999999996,0.6,2,5,0.9047619047619048,0.8888888888888888,0.9,0.7692307692307693,0.5555555555555556,0.8968253968253967,0.9883683776540919,0.8967902788460657,0.95,0.926829268292683,0.7715167498104595
0.8299999999999996,0.6,3,5,0.9375,0.875,0.90625,0.8125,0.5925925925925926,0.90625,0.8975884103641456,0.9057110466368399,0.8823529411764706,0.9090909090909091,0.8140915784106943
0.8299999999999996,0.6,4,5,1.0,0.9230769230769231,0.967741935483871,0.9330453563714903,0.5740740740740741,0.9615384615384616,0.9611981683511612,0.9607689228305228,0.9473684210526315,0.972972972972973,0.935143800239036
0.8299999999999996,0.6,5,5,0.8888888888888888,0.9166666666666666,0.9,0.7945205479452055,0.5555555555555556,0.9027777777777777,0.971604938271605,0.90267093384844,0.9411764705882353,0.9142857142857143,0.79639080275258
0.8399999999999996,0.6,1,5,0.8823529411764706,0.8181818181818182,0.8571428571428571,0.7005347593582887,0.5185185185185186,0.8502673796791443,0.6980556928653814,0.8496617760555312,0.8823529411764706,0.8823529411764706,0.7005347593582888
0.8399999999999996,0.6,2,5,0.9047619047619048,0.8888888888888888,0.9,0.7692307692307693,0.5555555555555556,0.8968253968253967,0.9883683776540919,0.8967902788460657,0.95,0.926829268292683,0.7715167498104595
0.8399999999999996,0.6,3,5,0.9375,0.875,0.90625,0.8125,0.5925925925925926,0.90625,0.9139574579831934,0.9057110466368399,0.8823529411764706,0.9090909090909091,0.8140915784106943
0.8399999999999996,0.6,4,5,1.0,0.9230769230769231,0.967741935483871,0.9330453563714903,0.5740740740740741,0.9615384615384616,0.9609336180866109,0.9607689228305228,0.9473684210526315,0.972972972972973,0.935143800239036
0.8399999999999996,0.6,5,5,0.8888888888888888,0.9166666666666666,0.9,0.7945205479452055,0.5555555555555556,0.9027777777777777,0.971604938271605,0.90267093384844,0.9411764705882353,0.9142857142857143,0.79639080275258
0.8499999999999996,0.6,1,5,0.8823529411764706,0.8181818181818182,0.8571428571428571,0.7005347593582887,0.5185185185185186,0.8502673796791443,0.5189899489207448,0.8496617760555312,0.8823529411764706,0.8823529411764706,0.7005347593582888
0.8499999999999996,0.6,2,5,0.9047619047619048,0.8888888888888888,0.9,0.7692307692307693,0.5555555555555556,0.8968253968253967,0.9883683776540919,0.8967902788460657,0.95,0.926829268292683,0.7715167498104595
0.8499999999999996,0.6,3,5,0.9375,0.875,0.90625,0.8125,0.5925925925925926,0.90625,0.9139574579831934,0.9057110466368399,0.8823529411764706,0.9090909090909091,0.8140915784106943
0.8499999999999996,0.6,4,5,1.0,0.9230769230769231,0.967741935483871,0.9330453563714903,0.5740740740740741,0.9615384615384616,0.9553246437276364,0.9607689228305228,0.9473684210526315,0.972972972972973,0.935143800239036
0.8499999999999996,0.6,5,5,0.8888888888888888,0.9166666666666666,0.9,0.7945205479452055,0.5555555555555556,0.9027777777777777,0.971604938271605,0.90267093384844,0.9411764705882353,0.9142857142857143,0.79639080275258
0.8599999999999995,0.6,1,5,0.8823529411764706,0.8181818181818182,0.8571428571428571,0.7005347593582887,0.5185185185185186,0.8502673796791443,0.7215109573241061,0.8496617760555312,0.8823529411764706,0.8823529411764706,0.7005347593582888
0.8599999999999995,0.6,2,5,0.9047619047619048,0.8888888888888888,0.9,0.7692307692307693,0.5555555555555556,0.8968253968253967,0.9883683776540919,0.8967902788460657,0.95,0.926829268292683,0.7715167498104595
0.8599999999999995,0.6,3,5,0.9375,0.875,0.90625,0.8125,0.5925925925925926,0.90625,0.8975884103641456,0.9057110466368399,0.8823529411764706,0.9090909090909091,0.8140915784106943
0.8599999999999995,0.6,4,5,1.0,0.9230769230769231,0.967741935483871,0.9330453563714903,0.5740740740740741,0.9615384615384616,0.9713502847532776,0.9607689228305228,0.9473684210526315,0.972972972972973,0.935143800239036
0.8599999999999995,0.6,5,5,0.8888888888888888,0.9166666666666666,0.9,0.7945205479452055,0.5555555555555556,0.9027777777777777,0.9716049382716049,0.90267093384844,0.9411764705882353,0.9142857142857143,0.79639080275258
0.8699999999999996,0.6,1,5,0.8823529411764706,0.8181818181818182,0.8571428571428571,0.7005347593582887,0.5185185185185186,0.8502673796791443,0.9186439281594991,0.8496617760555312,0.8823529411764706,0.8823529411764706,0.7005347593582888
0.8699999999999996,0.6,2,5,0.9047619047619048,0.8888888888888888,0.9,0.7692307692307693,0.5555555555555556,0.8968253968253967,0.9883683776540919,0.8967902788460657,0.95,0.926829268292683,0.7715167498104595
0.8699999999999996,0.6,3,5,0.9375,0.875,0.90625,0.8125,0.5925925925925926,0.90625,0.9097907913165266,0.9057110466368399,0.8823529411764706,0.9090909090909091,0.8140915784106943
0.8699999999999996,0.6,4,5,1.0,0.9230769230769231,0.967741935483871,0.9330453563714903,0.5740740740740741,0.9615384615384616,0.9678780625310555,0.9607689228305228,0.9473684210526315,0.972972972972973,0.935143800239036
0.8699999999999996,0.6,5,5,0.8888888888888888,0.9166666666666666,0.9,0.7945205479452055,0.5555555555555556,0.9027777777777777,0.9716049382716049,0.90267093384844,0.9411764705882353,0.9142857142857143,0.79639080275258
0.8799999999999996,0.6,1,5,0.8823529411764706,0.8181818181818182,0.8571428571428571,0.7005347593582887,0.5185185185185186,0.8502673796791443,0.519018783984182,0.8496617760555312,0.8823529411764706,0.8823529411764706,0.7005347593582888
0.8799999999999996,0.6,2,5,0.9047619047619048,0.8888888888888888,0.9,0.7692307692307693,0.5555555555555556,0.8968253968253967,0.9883683776540919,0.8967902788460657,0.95,0.926829268292683,0.7715167498104595
0.8799999999999996,0.6,3,5,0.9375,0.875,0.90625,0.8125,0.5925925925925926,0.90625,0.8975884103641456,0.9057110466368399,0.8823529411764706,0.9090909090909091,0.8140915784106943
0.8799999999999996,0.6,4,5,1.0,0.9230769230769231,0.967741935483871,0.9330453563714903,0.5740740740740741,0.9615384615384616,0.9531878915908844,0.9607689228305228,0.9473684210526315,0.972972972972973,0.935143800239036
0.8799999999999996,0.6,5,5,0.8888888888888888,0.9166666666666666,0.9,0.7945205479452055,0.5555555555555556,0.9027777777777777,0.971604938271605,0.90267093384844,0.9411764705882353,0.9142857142857143,0.79639080275258
0.8899999999999996,0.6,1,5,0.8823529411764706,0.8181818181818182,0.8571428571428571,0.7005347593582887,0.5185185185185186,0.8502673796791443,0.7785776075135935,0.8496617760555312,0.8823529411764706,0.8823529411764706,0.7005347593582888
0.8899999999999996,0.6,2,5,0.9047619047619048,0.8888888888888888,0.9,0.7692307692307693,0.5555555555555556,0.8968253968253967,0.9883683776540919,0.8967902788460657,0.95,0.926829268292683,0.7715167498104595
0.8899999999999996,0.6,3,5,0.9375,0.875,0.90625,0.8125,0.5925925925925926,0.90625,0.90562412464986,0.9057110466368399,0.8823529411764706,0.9090909090909091,0.8140915784106943
0.8899999999999996,0.6,4,5,1.0,0.9230769230769231,0.967741935483871,0.9330453563714903,0.5740740740740741,0.9615384615384616,0.9609336180866109,0.9607689228305228,0.9473684210526315,0.972972972972973,0.935143800239036
0.8899999999999996,0.6,5,5,0.8888888888888888,0.9166666666666666,0.9,0.7945205479452055,0.5555555555555556,0.9027777777777777,0.971604938271605,0.90267093384844,0.9411764705882353,0.9142857142857143,0.79639080275258
0.8999999999999996,0.6,1,5,0.8823529411764706,0.8181818181818182,0.8571428571428571,0.7005347593582887,0.5185185185185186,0.8502673796791443,0.775045312242544,0.8496617760555312,0.8823529411764706,0.8823529411764706,0.7005347593582888
0.8999999999999996,0.6,2,5,0.9047619047619048,0.8888888888888888,0.9,0.7692307692307693,0.5555555555555556,0.8968253968253967,0.9883683776540919,0.8967902788460657,0.95,0.926829268292683,0.7715167498104595
0.8999999999999996,0.6,3,5,0.9375,0.875,0.90625,0.8125,0.5925925925925926,0.90625,0.9097907913165266,0.9057110466368399,0.8823529411764706,0.9090909090909091,0.8140915784106943
0.8999999999999996,0.6,4,5,1.0,0.9230769230769231,0.967741935483871,0.9330453563714903,0.5740740740740741,0.9615384615384616,0.9678780625310555,0.9607689228305228,0.9473684210526315,0.972972972972973,0.935143800239036
0.8999999999999996,0.6,5,5,0.8888888888888888,0.9166666666666666,0.9,0.7945205479452055,0.5555555555555556,0.9027777777777777,0.971604938271605,0.90267093384844,0.9411764705882353,0.9142857142857143,0.79639080275258
0.9099999999999996,0.6,1,5,0.8823529411764706,0.8181818181818182,0.8571428571428571,0.7005347593582887,0.5185185185185186,0.8502673796791443,0.9342148624155544,0.8496617760555312,0.8823529411764706,0.8823529411764706,0.7005347593582888
0.9099999999999996,0.6,2,5,0.9047619047619048,0.8888888888888888,0.9,0.7692307692307693,0.5555555555555556,0.8968253968253967,0.9883683776540919,0.8967902788460657,0.95,0.926829268292683,0.7715167498104595
0.9099999999999996,0.6,3,5,0.9375,0.875,0.90625,0.8125,0.5925925925925926,0.90625,0.9097907913165266,0.9057110466368399,0.8823529411764706,0.9090909090909091,0.8140915784106943
0.9099999999999996,0.6,4,5,1.0,0.9230769230769231,0.967741935483871,0.9330453563714903,0.5740740740740741,0.9615384615384616,0.9627854699384628,0.9607689228305228,0.9473684210526315,0.972972972972973,0.935143800239036
0.9099999999999996,0.6,5,5,0.8888888888888888,0.9166666666666666,0.9,0.7945205479452055,0.5555555555555556,0.9027777777777777,0.971604938271605,0.90267093384844,0.9411764705882353,0.9142857142857143,0.79639080275258
0.9199999999999996,0.6,1,5,0.8823529411764706,0.8181818181818182,0.8571428571428571,0.7005347593582887,0.5185185185185186,0.8502673796791443,0.9151837205470423,0.8496617760555312,0.8823529411764706,0.8823529411764706,0.7005347593582888
0.9199999999999996,0.6,2,5,0.9047619047619048,0.8888888888888888,0.9,0.7692307692307693,0.5555555555555556,0.8968253968253967,0.9883683776540919,0.8967902788460657,0.95,0.926829268292683,0.7715167498104595
0.9199999999999996,0.6,3,5,0.9375,0.875,0.90625,0.8125,0.5925925925925926,0.90625,0.8975884103641456,0.9057110466368399,0.8823529411764706,0.9090909090909091,0.8140915784106943
0.9199999999999996,0.6,4,5,1.0,0.9230769230769231,0.967741935483871,0.9330453563714903,0.5740740740740741,0.9615384615384616,0.9661419514199442,0.9607689228305228,0.9473684210526315,0.972972972972973,0.935143800239036
0.9199999999999996,0.6,5,5,0.8888888888888888,0.9166666666666666,0.9,0.7945205479452055,0.5555555555555556,0.9027777777777777,0.971604938271605,0.90267093384844,0.9411764705882353,0.9142857142857143,0.79639080275258
0.9299999999999996,0.6,1,5,0.8823529411764706,0.8181818181818182,0.8571428571428571,0.7005347593582887,0.5185185185185186,0.8502673796791443,0.47400724995880705,0.8496617760555312,0.8823529411764706,0.8823529411764706,0.7005347593582888
0.9299999999999996,0.6,2,5,0.9047619047619048,0.8888888888888888,0.9,0.7692307692307693,0.5555555555555556,0.8968253968253967,0.9883683776540919,0.8967902788460657,0.95,0.926829268292683,0.7715167498104595
0.9299999999999996,0.6,3,5,0.9375,0.875,0.90625,0.8125,0.5925925925925926,0.90625,0.8975884103641456,0.9057110466368399,0.8823529411764706,0.9090909090909091,0.8140915784106943
0.9299999999999996,0.6,4,5,1.0,0.9230769230769231,0.967741935483871,0.9330453563714903,0.5740740740740741,0.9615384615384616,0.9644058403088331,0.9607689228305228,0.9473684210526315,0.972972972972973,0.935143800239036
0.9299999999999996,0.6,5,5,0.8888888888888888,0.9166666666666666,0.9,0.7945205479452055,0.5555555555555556,0.9027777777777777,0.971604938271605,0.90267093384844,0.9411764705882353,0.9142857142857143,0.79639080275258
0.9399999999999996,0.6,1,5,0.8823529411764706,0.8181818181818182,0.8571428571428571,0.7005347593582887,0.5185185185185186,0.8502673796791443,0.9151837205470423,0.8496617760555312,0.8823529411764706,0.8823529411764706,0.7005347593582888
0.9399999999999996,0.6,2,5,0.9047619047619048,0.8888888888888888,0.9,0.7692307692307693,0.5555555555555556,0.8968253968253967,0.9883683776540919,0.8967902788460657,0.95,0.926829268292683,0.7715167498104595
0.9399999999999996,0.6,3,5,0.9375,0.875,0.90625,0.8125,0.5925925925925926,0.90625,0.90562412464986,0.9057110466368399,0.8823529411764706,0.9090909090909091,0.8140915784106943
0.9399999999999996,0.6,4,5,1.0,0.9230769230769231,0.967741935483871,0.9330453563714903,0.5740740740740741,0.9615384615384616,0.9627854699384628,0.9607689228305228,0.9473684210526315,0.972972972972973,0.935143800239036
0.9399999999999996,0.6,5,5,0.8888888888888888,0.9166666666666666,0.9,0.7945205479452055,0.5555555555555556,0.9027777777777777,0.971604938271605,0.90267093384844,0.9411764705882353,0.9142857142857143,0.79639080275258
0.9499999999999995,0.6,1,5,0.8823529411764706,0.8181818181818182,0.8571428571428571,0.7005347593582887,0.5185185185185186,0.8502673796791443,0.9121560388861426,0.8496617760555312,0.8823529411764706,0.8823529411764706,0.7005347593582888
0.9499999999999995,0.6,2,5,0.9047619047619048,0.8888888888888888,0.9,0.7692307692307693,0.5555555555555556,0.8968253968253967,0.9883683776540919,0.8967902788460657,0.95,0.926829268292683,0.7715167498104595
0.9499999999999995,0.6,3,5,0.9375,0.875,0.90625,0.8125,0.5925925925925926,0.90625,0.9097907913165266,0.9057110466368399,0.8823529411764706,0.9090909090909091,0.8140915784106943
0.9499999999999995,0.6,4,5,1.0,0.9230769230769231,0.967741935483871,0.9330453563714903,0.5740740740740741,0.9615384615384616,0.959214041367034,0.9607689228305228,0.9473684210526315,0.972972972972973,0.935143800239036
0.9499999999999995,0.6,5,5,0.8888888888888888,0.9166666666666666,0.9,0.7945205479452055,0.5555555555555556,0.9027777777777777,0.971604938271605,0.90267093384844,0.9411764705882353,0.9142857142857143,0.79639080275258
0.9599999999999995,0.6,1,5,0.8823529411764706,0.8181818181818182,0.8571428571428571,0.7005347593582887,0.5185185185185186,0.8502673796791443,0.9084795682979073,0.8496617760555312,0.8823529411764706,0.8823529411764706,0.7005347593582888
0.9599999999999995,0.6,2,5,0.9047619047619048,0.8888888888888888,0.9,0.7692307692307693,0.5555555555555556,0.8968253968253967,0.9883683776540919,0.8967902788460657,0.95,0.926829268292683,0.7715167498104595
0.9599999999999995,0.6,3,5,0.9375,0.875,0.90625,0.8125,0.5925925925925926,0.90625,0.9139574579831934,0.9057110466368399,0.8823529411764706,0.9090909090909091,0.8140915784106943
0.9599999999999995,0.6,4,5,1.0,0.9230769230769231,0.967741935483871,0.9330453563714903,0.5740740740740741,0.9615384615384616,0.9609336180866109,0.9607689228305228,0.9473684210526315,0.972972972972973,0.935143800239036
0.9599999999999995,0.6,5,5,0.8888888888888888,0.9166666666666666,0.9,0.7945205479452055,0.5555555555555556,0.9027777777777777,0.971604938271605,0.90267093384844,0.9411764705882353,0.9142857142857143,0.79639080275258
0.9699999999999995,0.6,1,5,0.8823529411764706,0.8181818181818182,0.8571428571428571,0.7005347593582887,0.5185185185185186,0.8502673796791443,0.775045312242544,0.8496617760555312,0.8823529411764706,0.8823529411764706,0.7005347593582888
0.9699999999999995,0.6,2,5,0.9047619047619048,0.8888888888888888,0.9,0.7692307692307693,0.5555555555555556,0.8968253968253967,0.9883683776540919,0.8967902788460657,0.95,0.926829268292683,0.7715167498104595
0.9699999999999995,0.6,3,5,0.9375,0.875,0.90625,0.8125,0.5925925925925926,0.90625,0.8975884103641456,0.9057110466368399,0.8823529411764706,0.9090909090909091,0.8140915784106943
0.9699999999999995,0.6,4,5,1.0,0.9230769230769231,0.967741935483871,0.9330453563714903,0.5740740740740741,0.9615384615384616,0.9627854699384628,0.9607689228305228,0.9473684210526315,0.972972972972973,0.935143800239036
0.9699999999999995,0.6,5,5,0.8888888888888888,0.9166666666666666,0.9,0.7945205479452055,0.5555555555555556,0.9027777777777777,0.971604938271605,0.90267093384844,0.9411764705882353,0.9142857142857143,0.79639080275258
0.9799999999999995,0.6,1,5,0.8823529411764706,0.8181818181818182,0.8571428571428571,0.7005347593582887,0.5185185185185186,0.8502673796791443,0.7062736859449661,0.8496617760555312,0.8823529411764706,0.8823529411764706,0.7005347593582888
0.9799999999999995,0.6,2,5,0.9047619047619048,0.8888888888888888,0.9,0.7692307692307693,0.5555555555555556,0.8968253968253967,0.9883683776540919,0.8967902788460657,0.95,0.926829268292683,0.7715167498104595
0.9799999999999995,0.6,3,5,0.9375,0.875,0.90625,0.8125,0.5925925925925926,0.90625,0.9097907913165266,0.9057110466368399,0.8823529411764706,0.9090909090909091,0.8140915784106943
0.9799999999999995,0.6,4,5,1.0,0.9230769230769231,0.967741935483871,0.9330453563714903,0.5740740740740741,0.9615384615384616,0.9627854699384628,0.9607689228305228,0.9473684210526315,0.972972972972973,0.935143800239036
0.9799999999999995,0.6,5,5,0.8888888888888888,0.9166666666666666,0.9,0.7945205479452055,0.5555555555555556,0.9027777777777777,0.971604938271605,0.90267093384844,0.9411764705882353,0.9142857142857143,0.79639080275258
0.9899999999999995,0.6,1,5,0.8823529411764706,0.8181818181818182,0.8571428571428571,0.7005347593582887,0.5185185185185186,0.8502673796791443,0.540838688416543,0.8496617760555312,0.8823529411764706,0.8823529411764706,0.7005347593582888
0.9899999999999995,0.6,2,5,0.9047619047619048,0.8888888888888888,0.9,0.7692307692307693,0.5555555555555556,0.8968253968253967,0.9883683776540919,0.8967902788460657,0.95,0.926829268292683,0.7715167498104595
0.9899999999999995,0.6,3,5,0.9375,0.875,0.90625,0.8125,0.5925925925925926,0.90625,0.91812412464986,0.9057110466368399,0.8823529411764706,0.9090909090909091,0.8140915784106943
0.9899999999999995,0.6,4,5,1.0,0.9230769230769231,0.967741935483871,0.9330453563714903,0.5740740740740741,0.9615384615384616,0.9664891736421664,0.9607689228305228,0.9473684210526315,0.972972972972973,0.935143800239036
0.9899999999999995,0.6,5,5,0.8888888888888888,0.9166666666666666,0.9,0.7945205479452055,0.5555555555555556,0.9027777777777777,0.971604938271605,0.90267093384844,0.9411764705882353,0.9142857142857143,0.79639080275258
1.0,0.6,1,5,0.8823529411764706,0.8181818181818182,0.8571428571428571,0.7005347593582887,0.5185185185185186,0.8502673796791443,0.7785776075135935,0.8496617760555312,0.8823529411764706,0.8823529411764706,0.7005347593582888
1.0,0.6,2,5,0.9047619047619048,0.8888888888888888,0.9,0.7692307692307693,0.5555555555555556,0.8968253968253967,0.9883683776540919,0.8967902788460657,0.95,0.926829268292683,0.7715167498104595
1.0,0.6,3,5,0.9375,0.875,0.90625,0.8125,0.5925925925925926,0.90625,0.9139574579831934,0.9057110466368399,0.8823529411764706,0.9090909090909091,0.8140915784106943
1.0,0.6,4,5,1.0,0.9230769230769231,0.967741935483871,0.9330453563714903,0.5740740740740741,0.9615384615384616,0.9644058403088331,0.9607689228305228,0.9473684210526315,0.972972972972973,0.935143800239036
1.0,0.6,5,5,0.8888888888888888,0.9166666666666666,0.9,0.7945205479452055,0.5555555555555556,0.9027777777777777,0.971604938271605,0.90267093384844,0.9411764705882353,0.9142857142857143,0.79639080275258
