SmoothFactor,TanimotoDistance,Fold,Repeat,Sensitivity,Specificity,Accuracy,kappa,Coverage,AreaUnderTheCurve,PR_AUC,GMean,Precision,F1,MCC
0.1,1,1,1,0.6836158192090396,0.819620253164557,0.77079107505071,0.5026115371909682,1.0,0.7516180361867983,0.6835010020120031,0.7485354840001969,0.6797752808988764,0.6816901408450704,0.5026164062304512
0.1,1,2,1,0.6666666666666666,0.8607594936708861,0.7910750507099391,0.5374434090308711,1.0,0.7637130801687764,0.7504764064215691,0.7575220540995868,0.7283950617283951,0.696165191740413,0.538666958899889
0.1,1,3,1,0.5988700564971752,0.8317460317460318,0.7479674796747967,0.44042705409718774,1.0,0.7153080441216034,0.6011987407203436,0.7057675205214868,0.6666666666666666,0.6309523809523809,0.4418872620097791
0.1,1,4,1,0.5988700564971752,0.7904761904761904,0.7215447154471545,0.39177043854899835,1.0,0.6946731234866828,0.6501404180431615,0.6880352613421408,0.6162790697674418,0.6074498567335244,0.3918669982978599
0.1,1,5,1,0.7231638418079096,0.8,0.7723577235772358,0.5142539800074046,1.0,0.7615819209039548,0.7198316631598276,0.7606123016664453,0.6701570680628273,0.6956521739130435,0.5152045608654243
0.11,1,1,1,0.6949152542372882,0.819620253164557,0.7748478701825557,0.5126245758409703,1.0,0.7572677537009226,0.6937930448735256,0.7546963737860932,0.6833333333333333,0.6890756302521008,0.5126690543019597
0.11,1,2,1,0.672316384180791,0.8607594936708861,0.7931034482758621,0.542513510071144,1.0,0.7665379389258385,0.7535570894570943,0.7607251214690485,0.7300613496932515,0.7,0.5435862129297043
0.11,1,3,1,0.6045197740112994,0.8285714285714286,0.7479674796747967,0.4418400395235219,1.0,0.716545601291364,0.6213140956221697,0.7077342811763604,0.6645962732919255,0.6331360946745562,0.44299042280605533
0.11,1,4,1,0.6045197740112994,0.7904761904761904,0.7235772357723578,0.39696101227491487,1.0,0.6974979822437449,0.6433781762541778,0.6912730922204188,0.6184971098265896,0.6114285714285714,0.39702346527236704
0.11,1,5,1,0.7231638418079096,0.8063492063492064,0.7764227642276422,0.5217644875669369,1.0,0.764756524078558,0.717486852149347,0.7636246394022727,0.6772486772486772,0.6994535519125683,0.5224760171347765
0.12,1,1,1,0.6892655367231638,0.8259493670886076,0.7768762677484787,0.5152149038117716,1.0,0.7576074519058857,0.700153840780904,0.7545186769142872,0.6892655367231638,0.6892655367231638,0.5152149038117715
0.12,1,2,1,0.6779661016949152,0.8607594936708861,0.795131845841785,0.5475708042196317,1.0,0.7693627976829007,0.7546514839444661,0.7639147586091918,0.7317073170731707,0.7038123167155426,0.5485016157941289
0.12,1,3,1,0.6045197740112994,0.834920634920635,0.7520325203252033,0.44945242419239456,1.0,0.7197202044659672,0.6125517656626102,0.7104407318978783,0.6729559748427673,0.6369047619047619,0.4509425551460535
0.12,1,4,1,0.615819209039548,0.7936507936507936,0.7296747967479674,0.4109958954417799,1.0,0.7047350013451709,0.6434546017101503,0.6991032856450048,0.6264367816091954,0.6210826210826211,0.41103217323470387
0.12,1,5,1,0.7288135593220338,0.8095238095238095,0.7804878048780488,0.5304596787020838,1.0,0.7691686844229217,0.7187405926308954,0.7681093209791037,0.6825396825396826,0.7049180327868853,0.531183065891011
0.13,1,1,1,0.7005649717514124,0.8322784810126582,0.7849898580121704,0.5328434527640706,1.0,0.7664217263820353,0.7049505363438199,0.763587028792358,0.7005649717514124,0.7005649717514124,0.5328434527640706
0.13,1,2,1,0.6836158192090396,0.8639240506329114,0.7991886409736308,0.5565297981954805,1.0,0.7737699349209755,0.7567795659859732,0.768499933381786,0.7378048780487805,0.7096774193548387,0.5574758390978095
0.13,1,3,1,0.6045197740112994,0.8380952380952381,0.7540650406504065,0.453273087943575,1.0,0.7213075060532688,0.6146451644045777,0.7117900982264923,0.6772151898734177,0.6388059701492538,0.45495272740446846
0.13,1,4,1,0.632768361581921,0.8,0.7398373983739838,0.43384217055936136,1.0,0.7163841807909606,0.6437963323720631,0.7114876592503463,0.64,0.6363636363636364,0.4338591468321873
0.13,1,5,1,0.7401129943502824,0.8126984126984127,0.7865853658536586,0.544058462190214,1.0,0.7764057035243476,0.7210937305029892,0.775556997083995,0.6894736842105263,0.7138964577656676,0.5449273855209281
0.13999999999999999,1,1,1,0.6892655367231638,0.8386075949367089,0.7849898580121704,0.530509936392712,1.0,0.7639365658299364,0.7068475782277036,0.7602784450608686,0.7052023121387283,0.6971428571428572,0.5305932137319633
0.13999999999999999,1,2,1,0.6779661016949152,0.870253164556962,0.8012170385395537,0.5593396570594673,1.0,0.7741096331259386,0.7596206225865701,0.7681159713626238,0.7453416149068323,0.7100591715976331,0.5607928768915545
0.13999999999999999,1,3,1,0.5932203389830508,0.8444444444444444,0.7540650406504065,0.4504873726185201,1.0,0.7188323917137476,0.6184907664500972,0.7077722935985044,0.6818181818181818,0.6344410876132931,0.45296516291541417
0.13999999999999999,1,4,1,0.6384180790960452,0.8063492063492064,0.7459349593495935,0.4464247137610715,1.0,0.7223836427226258,0.6463825583828424,0.7174872203726564,0.6494252873563219,0.6438746438746439,0.4464641187855535
0.13999999999999999,1,5,1,0.7401129943502824,0.8158730158730159,0.7886178861788617,0.5478500609723768,1.0,0.7779930051116491,0.7219386649716009,0.7770702804684871,0.6931216931216931,0.7158469945355191,0.54859716340348
0.14999999999999997,1,1,1,0.6892655367231638,0.8544303797468354,0.795131845841785,0.5498449549329645,1.0,0.7718479582349996,0.7093612487998727,0.7674173664237598,0.7261904761904762,0.7072463768115942,0.5502878504131452
0.14999999999999997,1,2,1,0.6779661016949152,0.8670886075949367,0.7991886409736308,0.5554067717869539,1.0,0.772527354644926,0.761711024683611,0.766718124942414,0.7407407407407407,0.7079646017699115,0.5566712172549837
0.14999999999999997,1,3,1,0.5819209039548022,0.8412698412698413,0.7479674796747967,0.43614484556091604,1.0,0.7115953726123218,0.6217896347372049,0.6996802887759945,0.673202614379085,0.6242424242424243,0.4387655356563035
0.14999999999999997,1,4,1,0.6440677966101694,0.8222222222222222,0.758130081300813,0.47036474164133746,1.0,0.7331450094161958,0.649494232495136,0.7277134429090779,0.6705882352941176,0.6570605187319885,0.47059318418944723
0.14999999999999997,1,5,1,0.7457627118644068,0.8222222222222222,0.7947154471544715,0.5603567257670665,1.0,0.7839924670433145,0.7221982307179191,0.7830598152118543,0.7021276595744681,0.7232876712328767,0.561000191824417
0.15999999999999998,1,1,1,0.6836158192090396,0.8512658227848101,0.7910750507099391,0.5409309936445083,1.0,0.7674408209969248,0.7124600679838137,0.7628491219157921,0.7202380952380952,0.7014492753623188,0.5413667090039482
0.15999999999999998,1,2,1,0.672316384180791,0.870253164556962,0.7991886409736308,0.554278043122894,1.0,0.7712847743688764,0.7640714113766595,0.7649087925477308,0.74375,0.7062314540059347,0.5559087144399261
0.15999999999999998,1,3,1,0.5819209039548022,0.8444444444444444,0.75,0.43997779011660193,1.0,0.7131826741996233,0.62612511027287,0.7009991971826515,0.6776315789473685,0.6261398176291794,0.4428560264700718
0.15999999999999998,1,4,1,0.6497175141242938,0.8253968253968254,0.7621951219512195,0.47926617455492837,1.0,0.7375571697605596,0.6533273862352764,0.7323078407083383,0.6764705882352942,0.6628242074927954,0.47949894027150003
0.15999999999999998,1,5,1,0.7457627118644068,0.8285714285714286,0.7987804878048781,0.5680076628352492,1.0,0.7871670702179177,0.7250888643019332,0.7860773979353396,0.7096774193548387,0.7272727272727273,0.5684461870983156
0.16999999999999998,1,1,1,0.6892655367231638,0.8575949367088608,0.7971602434077079,0.5537411517642159,1.0,0.7734302367160123,0.7146834069330719,0.7688371962526921,0.7305389221556886,0.7093023255813954,0.554293356008677
0.16999999999999998,1,2,1,0.672316384180791,0.8670886075949367,0.7971602434077079,0.550346588836191,1.0,0.7697024958878638,0.768591426556262,0.7635167826725124,0.7391304347826086,0.7041420118343196,0.5517764437862636
0.16999999999999998,1,3,1,0.5875706214689266,0.8476190476190476,0.7540650406504065,0.44908384230982784,1.0,0.7175948345439871,0.6298938167227743,0.7057166928579934,0.6842105263157895,0.6322188449848024,0.45202164842124437
0.16999999999999998,1,4,1,0.6497175141242938,0.8253968253968254,0.7621951219512195,0.47926617455492837,1.0,0.7375571697605596,0.653708429342675,0.7323078407083383,0.6764705882352942,0.6628242074927954,0.47949894027150003
0.16999999999999998,1,5,1,0.7457627118644068,0.8285714285714286,0.7987804878048781,0.5680076628352492,1.0,0.7871670702179177,0.7268926630564595,0.7860773979353396,0.7096774193548387,0.7272727272727273,0.5684461870983156
0.17999999999999997,1,1,1,0.7005649717514124,0.8607594936708861,0.8032454361054767,0.5676728775098769,1.0,0.7806622327111492,0.7151065712667964,0.7765423043004833,0.7380952380952381,0.7188405797101449,0.5681301332315393
0.17999999999999997,1,2,1,0.6666666666666666,0.8734177215189873,0.7991886409736308,0.5531435686622781,1.0,0.770042194092827,0.7715217517399995,0.7630717404102043,0.7468354430379747,0.7044776119402985,0.5551889978374119
0.17999999999999997,1,3,1,0.5819209039548022,0.8539682539682539,0.7560975609756098,0.4515355888746446,1.0,0.7179445789615281,0.6340157560766065,0.7049411169011993,0.6912751677852349,0.6319018404907976,0.45527917181476346
0.17999999999999997,1,4,1,0.655367231638418,0.8285714285714286,0.766260162601626,0.4881676074685192,1.0,0.7419693301049233,0.657322342060154,0.7368979327950014,0.6823529411764706,0.6685878962536023,0.4884046963535528
0.17999999999999997,1,5,1,0.7457627118644068,0.8412698412698413,0.806910569105691,0.5834224598930481,1.0,0.793516276567124,0.7284689425442299,0.7920780758455166,0.7252747252747253,0.7353760445682451,0.5835627394097707
0.18999999999999995,1,1,1,0.6949152542372882,0.8670886075949367,0.8052738336713996,0.5705107263421539,1.0,0.7810019309161125,0.7165472352141248,0.7762429389006328,0.7454545454545455,0.7192982456140351,0.5713346719152324
0.18999999999999995,1,2,1,0.672316384180791,0.879746835443038,0.8052738336713996,0.5661325217263761,1.0,0.7760316098119144,0.7764440697584756,0.7690697051630344,0.7579617834394905,0.7125748502994012,0.5684594931219409
0.18999999999999995,1,3,1,0.5706214689265536,0.8571428571428571,0.7540650406504065,0.44482990152193363,1.0,0.7138821630347054,0.642544223663881,0.6993597902530286,0.6917808219178082,0.6253869969040248,0.4493988906415758
0.18999999999999995,1,4,1,0.6440677966101694,0.8285714285714286,0.7621951219512195,0.4779627815866797,1.0,0.7363196125907989,0.6622965511379134,0.7305177440241547,0.6785714285714286,0.6608695652173913,0.47834862042999726
0.18999999999999995,1,5,1,0.7457627118644068,0.8476190476190476,0.8109756097560976,0.5911868768092636,1.0,0.7966908797417271,0.7313467752562667,0.7950614313248421,0.7333333333333333,0.7394957983193278,0.5912382903731742
0.19999999999999996,1,1,1,0.6836158192090396,0.8734177215189873,0.8052738336713996,0.5683327252827436,1.0,0.7785167703640135,0.7169244875431214,0.7727109234428456,0.7515527950310559,0.7159763313609467,0.5698093099968455
0.19999999999999996,1,2,1,0.6610169491525424,0.879746835443038,0.8012170385395537,0.5559619873904013,1.0,0.7703818922977902,0.780648351725274,0.762579549418394,0.7548387096774194,0.7048192771084337,0.5587449025936801
0.19999999999999996,1,3,1,0.5706214689265536,0.8539682539682539,0.7520325203252033,0.44096116233584803,1.0,0.7122948614474038,0.6462875526340554,0.6980634781278915,0.6870748299319728,0.6234567901234568,0.4451877167297618
0.19999999999999996,1,4,1,0.6440677966101694,0.8285714285714286,0.7621951219512195,0.4779627815866797,1.0,0.7363196125907989,0.6663246575961359,0.7305177440241547,0.6785714285714286,0.6608695652173913,0.47834862042999726
0.19999999999999996,1,5,1,0.7401129943502824,0.8507936507936508,0.8109756097560976,0.5901762682717112,1.0,0.7954533225719667,0.7341383160342659,0.793525951978319,0.7359550561797753,0.7380281690140845,0.5901819986907567
0.20999999999999996,1,1,1,0.6779661016949152,0.8765822784810127,0.8052738336713996,0.5672354199813463,1.0,0.777274190087964,0.7175342845334715,0.7709040602802781,0.7547169811320755,0.7142857142857143,0.5691121008729398
0.20999999999999996,1,2,1,0.6610169491525424,0.8860759493670886,0.8052738336713996,0.5639097744360901,1.0,0.7735464492598155,0.7841057459205842,0.7653177253716756,0.7647058823529411,0.7090909090909091,0.5672912409603829
0.20999999999999996,1,3,1,0.5480225988700564,0.8571428571428571,0.7459349593495935,0.4235095613048369,1.0,0.7025827280064568,0.6504722885894881,0.6853711813129686,0.6830985915492958,0.6081504702194357,0.42913716368800253
0.20999999999999996,1,4,1,0.6271186440677966,0.834920634920635,0.7601626016260162,0.47018562120133595,1.0,0.7310196394942158,0.6677246754172648,0.7235981595303104,0.6809815950920245,0.6529411764705882,0.4711173043535871
0.20999999999999996,1,5,1,0.7457627118644068,0.8571428571428571,0.8170731707317073,0.6029055690072639,1.0,0.801452784503632,0.7355657167267818,0.7995155918417495,0.7457627118644068,0.7457627118644068,0.6029055690072639
0.21999999999999995,1,1,1,0.672316384180791,0.8734177215189873,0.8012170385395537,0.5582194912309577,1.0,0.7728670528498891,0.7172121923932645,0.7662982737883928,0.7484276729559748,0.7083333333333334,0.5600663432003616
0.21999999999999995,1,2,1,0.6666666666666666,0.8860759493670886,0.8073022312373225,0.5690043895570872,1.0,0.7763713080168777,0.7865798186613261,0.7685813552110531,0.7662337662337663,0.7129909365558912,0.5721276204859277
0.21999999999999995,1,3,1,0.5423728813559322,0.8634920634920635,0.7479674796747967,0.4258935125063519,1.0,0.7029324724239978,0.6521845444017655,0.6843498217316711,0.6906474820143885,0.6075949367088608,0.4326420218861599
0.21999999999999995,1,4,1,0.6271186440677966,0.8285714285714286,0.7560975609756098,0.4625593970178601,1.0,0.7278450363196125,0.6687630501616956,0.7208415850927522,0.6727272727272727,0.6491228070175439,0.4632288815196909
0.21999999999999995,1,5,1,0.7401129943502824,0.8571428571428571,0.8150406504065041,0.5979959056136193,1.0,0.7986279257465698,0.7388902112162683,0.7964813661260107,0.7443181818181818,0.7422096317280453,0.5980017407732247
0.22999999999999995,1,1,1,0.672316384180791,0.8734177215189873,0.8012170385395537,0.5582194912309577,1.0,0.7728670528498891,0.7178564874386788,0.7662982737883928,0.7484276729559748,0.7083333333333334,0.5600663432003616
0.22999999999999995,1,2,1,0.6666666666666666,0.8892405063291139,0.8093306288032455,0.5729949874686717,1.0,0.7779535864978903,0.7870985593133235,0.7699525986834574,0.7712418300653595,0.7151515151515152,0.5764309331758557
0.22999999999999995,1,3,1,0.5254237288135594,0.873015873015873,0.7479674796747967,0.4213850793831445,1.0,0.6992198009147161,0.6513966814522217,0.6772763507708097,0.6992481203007519,0.6,0.43055770224467493
0.22999999999999995,1,4,1,0.6101694915254238,0.8317460317460318,0.7520325203252033,0.4508426195312072,1.0,0.7209577616357277,0.670418197424868,0.7123945909878634,0.6708074534161491,0.6390532544378699,0.4520164421053712
0.22999999999999995,1,5,1,0.7344632768361582,0.8571428571428571,0.8130081300813008,0.5930740600895409,1.0,0.7958030669895078,0.7416702286091821,0.7934355371256382,0.7428571428571429,0.7386363636363636,0.5930972671167349
0.23999999999999994,1,1,1,0.672316384180791,0.879746835443038,0.8052738336713996,0.5661325217263761,1.0,0.7760316098119144,0.7165739905612825,0.7690697051630344,0.7579617834394905,0.7125748502994012,0.5684594931219409
0.23999999999999994,1,2,1,0.6666666666666666,0.8955696202531646,0.8133874239350912,0.5810069284064664,1.0,0.7811181434599156,0.7885985835972456,0.7726877852678335,0.7814569536423841,0.7195121951219512,0.5851234713128074
0.23999999999999994,1,3,1,0.519774011299435,0.873015873015873,0.7459349593495935,0.41595441595441607,1.0,0.6963949421576541,0.6525568975362179,0.6736252387236827,0.696969696969697,0.5954692556634305,0.42546514619309345
0.23999999999999994,1,4,1,0.6214689265536724,0.8285714285714286,0.7540650406504065,0.4573991031390134,1.0,0.7250201775625504,0.673267261466973,0.7175872046569173,0.6707317073170732,0.6451612903225806,0.45817830674838633
0.23999999999999994,1,5,1,0.7344632768361582,0.8571428571428571,0.8130081300813008,0.5930740600895409,1.0,0.7958030669895078,0.7454588461442428,0.7934355371256382,0.7428571428571429,0.7386363636363636,0.5930972671167349
0.24999999999999992,1,1,1,0.655367231638418,0.879746835443038,0.7991886409736308,0.550857205959491,1.0,0.767557033540728,0.7145966624716692,0.7593136691031992,0.7532467532467533,0.7009063444108762,0.5538808280871981
0.24999999999999992,1,2,1,0.6666666666666666,0.8955696202531646,0.8133874239350912,0.5810069284064664,1.0,0.7811181434599156,0.7883470092404345,0.7726877852678335,0.7814569536423841,0.7195121951219512,0.5851234713128074
0.24999999999999992,1,3,1,0.5141242937853108,0.873015873015873,0.7439024390243902,0.4105094996291436,1.0,0.6935700834005919,0.6535774552748264,0.6699542291661814,0.6946564885496184,0.5909090909090909,0.4203595264679096
0.24999999999999992,1,4,1,0.6271186440677966,0.8285714285714286,0.7560975609756098,0.4625593970178601,1.0,0.7278450363196125,0.6733277484251772,0.7208415850927522,0.6727272727272727,0.6491228070175439,0.4632288815196909
0.24999999999999992,1,5,1,0.7344632768361582,0.8603174603174604,0.8150406504065041,0.5969971916180601,1.0,0.7973903685768093,0.7462644609357476,0.7949035042218165,0.7471264367816092,0.7407407407407407,0.5970498873766644
0.2599999999999999,1,1,1,0.6497175141242938,0.879746835443038,0.7971602434077079,0.5457393483709272,1.0,0.764732174783666,0.7176352534053592,0.7560336811166317,0.7516339869281046,0.696969696969697,0.5490118565294372
0.2599999999999999,1,2,1,0.6666666666666666,0.8987341772151899,0.8154158215010142,0.5850283504916244,1.0,0.7827004219409283,0.785837889475997,0.7740517541763341,0.7866666666666666,0.7217125382262997,0.5895137474593227
0.2599999999999999,1,3,1,0.5141242937853108,0.873015873015873,0.7439024390243902,0.4105094996291436,1.0,0.6935700834005919,0.656238863766595,0.6699542291661814,0.6946564885496184,0.5909090909090909,0.4203595264679096
0.2599999999999999,1,4,1,0.615819209039548,0.8285714285714286,0.7520325203252033,0.45222581175053395,1.0,0.7221953188054883,0.6754877752144062,0.7143179976562438,0.6687116564417178,0.6411764705882353,0.45312190714525163
0.2599999999999999,1,5,1,0.7288135593220338,0.8666666666666667,0.8170731707317073,0.5999349487721579,1.0,0.7977401129943502,0.7476594422674546,0.7947568295265515,0.7543859649122807,0.7413793103448276,0.6001484422692513
0.2699999999999999,1,1,1,0.6497175141242938,0.8829113924050633,0.7991886409736308,0.5497052283903349,1.0,0.7663144532646786,0.7206813908664582,0.7573922333015018,0.756578947368421,0.6990881458966566,0.5532939526788632
0.2699999999999999,1,2,1,0.655367231638418,0.8987341772151899,0.8113590263691683,0.5748147598601541,1.0,0.777050704426804,0.7831812140596183,0.7674639598706576,0.7837837837837838,0.7138461538461538,0.5799346044009857
0.2699999999999999,1,3,1,0.5028248587570622,0.8698412698412699,0.7378048780487805,0.39568098720292505,1.0,0.6863330642991661,0.6580255505564891,0.6613454571167781,0.6846153846153846,0.5798045602605864,0.4056354199561411
0.2699999999999999,1,4,1,0.6045197740112994,0.8380952380952381,0.7540650406504065,0.453273087943575,1.0,0.7213075060532688,0.6807793231856579,0.7117900982264923,0.6772151898734177,0.6388059701492538,0.45495272740446846
0.2699999999999999,1,5,1,0.711864406779661,0.873015873015873,0.8150406504065041,0.5929522147065241,1.0,0.792440139897767,0.7459233929829102,0.7883330048613164,0.7590361445783133,0.7346938775510204,0.5936712869445118
0.2799999999999999,1,1,1,0.6497175141242938,0.8860759493670886,0.8012170385395537,0.5536812933025403,1.0,0.7678967317456913,0.7262030464831484,0.7587483529788439,0.7615894039735099,0.7012195121951219,0.5576042289662674
0.2799999999999999,1,2,1,0.6384180790960452,0.9018987341772152,0.8073022312373225,0.5634199315789964,1.0,0.7701584066366303,0.7792468160939998,0.7588072597257965,0.7847222222222222,0.7040498442367601,0.5700129164213751
0.2799999999999999,1,3,1,0.4971751412429379,0.8698412698412699,0.7357723577235772,0.3901950689319832,1.0,0.6835082055421039,0.6612358587590283,0.6576195375688513,0.6821705426356589,0.5751633986928104,0.4004785192713933
0.2799999999999999,1,4,1,0.5932203389830508,0.8412698412698413,0.7520325203252033,0.44665081033243004,1.0,0.717245090126446,0.6864440222181442,0.7064406418194756,0.6774193548387096,0.6325301204819277,0.44889118396784855
0.2799999999999999,1,5,1,0.7062146892655368,0.8793650793650793,0.8170731707317073,0.5959042873569511,1.0,0.7927898843153081,0.7448919348229369,0.7880485621297545,0.7668711656441718,0.7352941176470589,0.5970850848119353
0.2899999999999999,1,1,1,0.632768361581921,0.8892405063291139,0.7971602434077079,0.5422214793767526,1.0,0.7610044339555174,0.7289463719383894,0.7501221622123634,0.7619047619047619,0.691358024691358,0.5474082502720052
0.2899999999999999,1,2,1,0.632768361581921,0.9082278481012658,0.8093306288032455,0.5663297772786825,1.0,0.7704981048415933,0.7775250153516919,0.7580882846912435,0.7943262411347518,0.7044025157232704,0.5743062052950783
0.2899999999999999,1,3,1,0.4745762711864407,0.873015873015873,0.7296747967479674,0.3719912472647702,1.0,0.6737960721011569,0.674924644167337,0.6436712031017453,0.6774193548387096,0.5581395348837209,0.38421747247078925
0.2899999999999999,1,4,1,0.5706214689265536,0.8380952380952381,0.741869918699187,0.4217656857301499,1.0,0.7043583535108959,0.6888387439088189,0.6915454691213402,0.6644736842105263,0.6139817629179332,0.4245247825677266
0.2899999999999999,1,5,1,0.6836158192090396,0.8825396825396825,0.8109756097560976,0.5797884064359711,1.0,0.783077750874361,0.7437008350848775,0.7767355328963976,0.7658227848101266,0.7223880597014926,0.5819368584670335
0.29999999999999993,1,1,1,0.6101694915254238,0.8892405063291139,0.7890466531440162,0.5214396385969498,1.0,0.7497049989272688,0.7373004073859317,0.7366053404575925,0.7552447552447552,0.675,0.5279409699328916
0.29999999999999993,1,2,1,0.6214689265536724,0.9177215189873418,0.8113590263691683,0.5681345076060847,1.0,0.7695952227705071,0.7713596848434561,0.755205539757402,0.8088235294117647,0.7028753993610224,0.5787204113924448
0.29999999999999993,1,3,1,0.4632768361581921,0.8761904761904762,0.7276422764227642,0.36474533156038613,1.0,0.6697336561743341,0.6788108526553278,0.6371175336478063,0.6776859504132231,0.5503355704697986,0.3783208110749193
0.29999999999999993,1,4,1,0.5649717514124294,0.8444444444444444,0.7439024390243902,0.42411236831837684,1.0,0.7047080979284369,0.6946304690545435,0.6907150329537309,0.6711409395973155,0.6134969325153374,0.42762859132681585
0.29999999999999993,1,5,1,0.6779661016949152,0.8888888888888888,0.8130081300813008,0.5827202832015045,1.0,0.783427495291902,0.7461422056026396,0.7762966796527759,0.7741935483870968,0.7228915662650602,0.585643173139478
0.30999999999999994,1,1,1,0.5988700564971752,0.8924050632911392,0.7870182555780934,0.5149501972432794,1.0,0.7456375598941571,0.7452101898436229,0.7310503885995341,0.7571428571428571,0.668769716088328,0.5226411179709414
0.30999999999999994,1,2,1,0.5875706214689266,0.9240506329113924,0.8032454361054767,0.5447916765822967,1.0,0.7558106271901595,0.7652279318666031,0.7368480200478942,0.8125,0.6819672131147541,0.5597928351702488
0.30999999999999994,1,3,1,0.4463276836158192,0.8857142857142857,0.7276422764227642,0.3596363424441984,1.0,0.6660209846650524,0.6822293494361271,0.6287438313719642,0.6869565217391305,0.541095890410959,0.37654362198180674
0.30999999999999994,1,4,1,0.5423728813559322,0.8571428571428571,0.7439024390243902,0.4181449569183983,1.0,0.6997578692493946,0.6957093293074239,0.6818291876725633,0.6808510638297872,0.6037735849056604,0.42404572385543166
0.30999999999999994,1,5,1,0.6666666666666666,0.8984126984126984,0.8150406504065041,0.5846136717880206,1.0,0.7825396825396825,0.7364858183787228,0.7739133019542944,0.7866666666666666,0.7217125382262997,0.5891049555543424
0.3199999999999999,1,1,1,0.5819209039548022,0.9018987341772152,0.7870182555780934,0.5111297893036918,1.0,0.7419098190660087,0.749538493311764,0.7244540887234311,0.7686567164179104,0.662379421221865,0.5216918394293752
0.3199999999999999,1,2,1,0.5536723163841808,0.9367088607594937,0.7991886409736308,0.5291762731157694,1.0,0.7451905885718373,0.7623375281138606,0.7201595411534141,0.8305084745762712,0.6644067796610169,0.5513245463477707
0.3199999999999999,1,3,1,0.423728813559322,0.8920634920634921,0.7235772357723578,0.34480935315198885,1.0,0.657896152811407,0.6791066741518915,0.6148113573378823,0.6880733944954128,0.5244755244755245,0.3649478573506491
0.3199999999999999,1,4,1,0.4971751412429379,0.8634920634920635,0.7317073170731707,0.3824385234210076,1.0,0.6803336023675007,0.6961658081007863,0.6552150705141194,0.6717557251908397,0.5714285714285714,0.39161499734737987
0.3199999999999999,1,5,1,0.6440677966101694,0.9142857142857143,0.8170731707317073,0.584389254941713,1.0,0.7791767554479418,0.7249990510083633,0.7673734328683492,0.8085106382978723,0.7169811320754716,0.5926360237640155
0.32999999999999985,1,1,1,0.536723163841808,0.9177215189873418,0.7809330628803245,0.4884319754035356,1.0,0.7272223414145749,0.7644702879457022,0.7018278971347576,0.7851239669421488,0.6375838926174496,0.5065788406926798
0.32999999999999985,1,2,1,0.5310734463276836,0.9462025316455697,0.7971602434077079,0.5199143051903786,1.0,0.7386379889866266,0.7575309559660451,0.7088744877656352,0.8468468468468469,0.6527777777777778,0.5481590389343031
0.32999999999999985,1,3,1,0.4067796610169492,0.8952380952380953,0.7195121951219512,0.33156122629806833,1.0,0.6510088781275223,0.6762361080293432,0.6034605611888914,0.6857142857142857,0.5106382978723404,0.3537726500434383
0.32999999999999985,1,4,1,0.4519774011299435,0.8888888888888888,0.7317073170731707,0.3691940089748819,1.0,0.6704331450094162,0.696534958307273,0.6338435847220378,0.6956521739130435,0.547945205479452,0.38655061501454313
0.32999999999999985,1,5,1,0.5875706214689266,0.9142857142857143,0.7967479674796748,0.5321503965310664,1.0,0.7509281678773204,0.7243984030761097,0.732944353510564,0.7938931297709924,0.6753246753246753,0.5449191526568719
0.33999999999999986,1,1,1,0.4858757062146893,0.9240506329113924,0.7667342799188641,0.447153123811567,1.0,0.7049631695630408,0.7669482211063955,0.670055037921478,0.7818181818181819,0.5993031358885017,0.4723242775907095
0.33999999999999986,1,2,1,0.4915254237288136,0.9588607594936709,0.7910750507099391,0.4980377813584286,1.0,0.7251930916112422,0.7530687332446381,0.6865161623057818,0.87,0.628158844765343,0.5373026199295377
0.33999999999999986,1,3,1,0.3615819209039548,0.9174603174603174,0.717479674796748,0.3127110467920888,1.0,0.6395211191821362,0.6734016989306602,0.5759662003455184,0.7111111111111111,0.4794007490636704,0.34639975470946727
0.33999999999999986,1,4,1,0.4293785310734463,0.9111111111111111,0.7378048780487805,0.37430498048030286,1.0,0.6702448210922787,0.6965819455220618,0.6254690644097312,0.7307692307692307,0.5409252669039146,0.40023335800656634
0.33999999999999986,1,5,1,0.5310734463276836,0.9206349206349206,0.7804878048780488,0.4866384557416961,1.0,0.7258541834813022,0.7194544821290091,0.6992315497109671,0.7899159663865546,0.6351351351351351,0.5062582907539034
0.34999999999999987,1,1,1,0.4406779661016949,0.9462025316455697,0.7647058823529411,0.43077259968546555,1.0,0.6934402488736323,0.7659241446076637,0.6457326127476019,0.8210526315789474,0.5735294117647058,0.470547720344295
0.34999999999999987,1,2,1,0.4406779661016949,0.9620253164556962,0.7748478701825557,0.45151396698439417,1.0,0.7013516412786955,0.7499755204272192,0.6511093301389834,0.8666666666666667,0.5842696629213483,0.5000823956461017
0.34999999999999987,1,3,1,0.3333333333333333,0.926984126984127,0.7134146341463414,0.29499999999999993,1.0,0.6301587301587301,0.6689897690579633,0.5558729252218613,0.7195121951219512,0.4555984555984556,0.33523268393901035
0.34999999999999987,1,4,1,0.4067796610169492,0.9396825396825397,0.7479674796747967,0.3877280664779911,1.0,0.6732311003497444,0.6962116600665622,0.6182586392082277,0.7912087912087912,0.5373134328358209,0.4282574110900102
0.34999999999999987,1,5,1,0.480225988700565,0.9396825396825397,0.774390243902439,0.46161126227374905,1.0,0.7099542641915524,0.7166318315628586,0.671758867960599,0.8173076923076923,0.604982206405694,0.49358740927358463
0.3599999999999999,1,1,1,0.3785310734463277,0.9620253164556962,0.7525354969574036,0.3877771218012663,1.0,0.6702781949510119,0.7676518021276211,0.6034537892171346,0.8481012658227848,0.5234375,0.44535413778585403
0.3599999999999999,1,2,1,0.3954802259887006,0.9651898734177216,0.7606490872210954,0.40952090946000813,1.0,0.680335049703211,0.7463557231802719,0.617829676578623,0.8641975308641975,0.5426356589147286,0.46692722458796654
0.3599999999999999,1,3,1,0.3050847457627119,0.9396825396825397,0.7113821138211383,0.2809238559871551,1.0,0.6223836427226258,0.6623201049076848,0.5354276876635229,0.7397260273972602,0.432,0.33046604276829433
0.3599999999999999,1,4,1,0.3446327683615819,0.9555555555555556,0.7357723577235772,0.34355563766241753,1.0,0.6500941619585687,0.6949941337338338,0.5738603980363173,0.8133333333333334,0.48412698412698413,0.4008086142295892
0.3599999999999999,1,5,1,0.4350282485875706,0.9428571428571428,0.7601626016260162,0.42056410563506796,1.0,0.6889426957223568,0.7168170183582679,0.6404447607135402,0.8105263157894737,0.5661764705882353,0.45945708937682134
0.3699999999999999,1,1,1,0.3446327683615819,0.9683544303797469,0.744421906693712,0.36046535570884386,1.0,0.6564935993706644,0.7676520136135054,0.5776908066578306,0.8591549295774648,0.49193548387096775,0.4276331357959869
0.3699999999999999,1,2,1,0.3333333333333333,0.9715189873417721,0.742393509127789,0.3526103005800666,1.0,0.6524261603375527,0.7416494204707411,0.5690691192177426,0.8676470588235294,0.4816326530612245,0.4241024277203707
0.3699999999999999,1,3,1,0.2824858757062147,0.9619047619047619,0.717479674796748,0.28494353826850694,1.0,0.6221953188054883,0.6560002184954357,0.521272010578589,0.8064516129032258,0.41841004184100417,0.3534242963303144
0.3699999999999999,1,4,1,0.288135593220339,0.9555555555555556,0.7154471544715447,0.28290336685614337,1.0,0.6218455743879473,0.6950296823051264,0.5247185596631689,0.7846153846153846,0.4214876033057851,0.3453910260139204
0.3699999999999999,1,5,1,0.3559322033898305,0.9523809523809523,0.7378048780487805,0.3513612950699043,1.0,0.6541565778853914,0.715488638353437,0.582222509739582,0.8076923076923077,0.49411764705882355,0.4051226218989776
0.3799999999999999,1,1,1,0.3050847457627119,0.9778481012658228,0.7363083164300203,0.33058282849383736,1.0,0.6414664235142673,0.7669026980881852,0.5461927675914742,0.8852459016393442,0.453781512605042,0.41219882863193263
0.3799999999999999,1,2,1,0.2598870056497175,0.9746835443037974,0.718052738336714,0.27688963457743726,1.0,0.6172852749767574,0.7388637499820989,0.5032967194261927,0.8518518518518519,0.39826839826839827,0.3603085106841495
0.3799999999999999,1,3,1,0.22598870056497175,0.9746031746031746,0.7052845528455285,0.23869893712383158,1.0,0.6002959375840732,0.6548081472592671,0.46930726075255613,0.8333333333333334,0.35555555555555557,0.32444653814305635
0.3799999999999999,1,4,1,0.24858757062146894,0.9650793650793651,0.7073170731707317,0.25166360352367056,1.0,0.606833467850417,0.693647936736093,0.4898027509334641,0.8,0.3793103448275862,0.32542968698853647
0.3799999999999999,1,5,1,0.2655367231638418,0.9587301587301588,0.709349593495935,0.26223732225997226,1.0,0.6121334409470003,0.7141834808541694,0.5045572958025246,0.7833333333333333,0.39662447257383965,0.32891945071981993
0.3899999999999999,1,1,1,0.192090395480226,0.990506329113924,0.7038539553752535,0.22105103675165563,1.0,0.591298362297075,0.7648044179619389,0.4361957731170266,0.918918918918919,0.3177570093457944,0.33246036247909044
0.3899999999999999,1,2,1,0.1977401129943503,0.9778481012658228,0.6977687626774848,0.21097970977131872,1.0,0.5877941071300865,0.7366346905792527,0.4397269539562189,0.8333333333333334,0.319634703196347,0.3017259201608377
0.3899999999999999,1,3,1,0.1638418079096045,0.9809523809523809,0.6869918699186992,0.17566420784646514,1.0,0.5723970944309927,0.6536978199292782,0.400900251394869,0.8285714285714286,0.27358490566037735,0.2703341554286062
0.3899999999999999,1,4,1,0.21468926553672316,0.9746031746031746,0.7012195121951219,0.2259183149242229,1.0,0.5946462200699488,0.692618533224422,0.45742413550808,0.8260869565217391,0.34080717488789236,0.31205333945632635
0.3899999999999999,1,5,1,0.21468926553672316,0.9682539682539683,0.6971544715447154,0.21769752849276477,1.0,0.5914716168953457,0.7137158803606365,0.45593171999484977,0.7916666666666666,0.3377777777777778,0.29590081268411794
0.3999999999999998,1,1,1,0.14124293785310735,0.9968354430379747,0.6896551724137931,0.1699697386519946,1.0,0.569039190445541,0.7625742062936238,0.37522788613159785,0.9615384615384616,0.24630541871921183,0.2963539676765276
0.3999999999999998,1,2,1,0.15254237288135594,0.9810126582278481,0.6835699797160243,0.1626600470342303,1.0,0.566777515554602,0.7341445160585454,0.3868410509663143,0.8181818181818182,0.2571428571428571,0.2563625256500866
0.3999999999999998,1,3,1,0.13559322033898305,0.9841269841269841,0.6788617886178862,0.14656478492852898,1.0,0.5598601022329837,0.6527417184838672,0.3652956980314291,0.8275862068965517,0.23300970873786409,0.24396069701575646
0.3999999999999998,1,4,1,0.20903954802259886,0.9777777777777777,0.7012195121951219,0.22362488728584307,1.0,0.5934086629001883,0.6942315656095176,0.45209979510414267,0.8409090909090909,0.334841628959276,0.31419098219434066
0.3999999999999998,1,5,1,0.1807909604519774,0.9682539682539683,0.6849593495934959,0.17894056847545223,1.0,0.5745224643529728,0.7123125880943577,0.41839164054994377,0.7619047619047619,0.2922374429223744,0.2559930717426416
0.4099999999999998,1,1,1,0.11864406779661017,1.0,0.6835699797160243,0.1471723220226214,1.0,0.559322033898305,0.7600853998545982,0.34444748191358604,1.0,0.21212121212121213,0.28183540929348966
0.4099999999999998,1,2,1,0.10734463276836158,0.9873417721518988,0.6713995943204868,0.11709301554312487,1.0,0.5473432024601301,0.7293052736585585,0.3255546650694917,0.8260869565217391,0.19,0.21537979286942255
0.4099999999999998,1,3,1,0.11299435028248588,0.9841269841269841,0.6707317073170732,0.11962356683676861,1.0,0.5485606672047351,0.6511604750912173,0.33346782328568203,0.8,0.19801980198019803,0.21224042482414016
0.4099999999999998,1,4,1,0.15254237288135594,0.9777777777777777,0.6808943089430894,0.15834205020920497,1.0,0.5651600753295668,0.6934216203237119,0.38620272186104715,0.7941176470588235,0.2559241706161137,0.24659330760555534
0.4099999999999998,1,5,1,0.15819209039548024,0.9746031746031746,0.6808943089430894,0.16086559770564457,1.0,0.5663976324993274,0.711083819662804,0.3926506252338679,0.7777777777777778,0.26291079812206575,0.24473203884326547
0.4199999999999998,1,1,1,0.0903954802259887,1.0,0.6734279918864098,0.11300217913616817,1.0,0.5451977401129944,0.7574745357125291,0.3006584112011315,1.0,0.16580310880829016,0.2447133768215663
0.4199999999999998,1,2,1,0.10734463276836158,0.990506329113924,0.6734279918864098,0.12119266156622653,1.0,0.5489254809411428,0.7261575090922621,0.3260759699111115,0.8636363636363636,0.19095477386934673,0.22733875624894015
0.4199999999999998,1,3,1,0.096045197740113,0.9873015873015873,0.6666666666666666,0.1032873241314929,1.0,0.5416733925208501,0.6500363124522386,0.30793761735375624,0.8095238095238095,0.1717171717171717,0.19788399130715123
0.4199999999999998,1,4,1,0.11864406779661017,0.9841269841269841,0.6727642276422764,0.12638962413975638,1.0,0.5513855259617971,0.6917542978025778,0.34170283672401,0.8076923076923077,0.20689655172413793,0.22046166324083072
0.4199999999999998,1,5,1,0.13559322033898305,0.9746031746031746,0.6727642276422764,0.13429508196721296,1.0,0.5550981974710788,0.709987762677333,0.3635238410297743,0.75,0.22966507177033493,0.2144644889470874
0.4299999999999998,1,1,1,0.05649717514124294,1.0,0.6612576064908722,0.07129079198204173,1.0,0.5282485875706214,0.7549493062712096,0.2376913442707642,1.0,0.10695187165775401,0.19225752303842666
0.4299999999999998,1,2,1,0.05649717514124294,0.990506329113924,0.6551724137931034,0.05903354740198487,1.0,0.5235017521275834,0.7240352239684188,0.23656037190209814,0.7692307692307693,0.10526315789473684,0.14072398236488923
0.4299999999999998,1,3,1,0.05084745762711865,0.9904761904761905,0.6524390243902439,0.05192697768762697,1.0,0.5206618240516546,0.6490790875610226,0.22441745949437178,0.75,0.09523809523809523,0.12856694459044926
0.4299999999999998,1,4,1,0.096045197740113,0.9904761904761905,0.6686991869918699,0.107386135969013,1.0,0.5432606941081517,0.6913512975225836,0.30843229657602256,0.85,0.17258883248730963,0.21027100571105406
0.4299999999999998,1,5,1,0.096045197740113,0.9809523809523809,0.6626016260162602,0.09512730173502626,1.0,0.538498789346247,0.7128042707684361,0.3069458672179935,0.7391304347826086,0.17,0.1750526296065978
0.43999999999999984,1,1,1,0.02824858757062147,1.0,0.6511156186612576,0.035927054436308954,1.0,0.5141242937853108,0.7530506989707398,0.16807316136320358,1.0,0.054945054945054944,0.13524835740583394
0.43999999999999984,1,2,1,0.022598870056497175,0.9936708860759493,0.6450304259634888,0.02065951529598713,1.0,0.5081348780662233,0.7215061898687468,0.14985272514490616,0.6666666666666666,0.04371584699453552,0.07118215174521994
0.43999999999999984,1,3,1,0.03389830508474576,0.9936507936507937,0.6483739837398373,0.03483467138386148,1.0,0.5137745493677697,0.6477956193095515,0.1835295010369569,0.75,0.06486486486486487,0.10453979191407031
0.43999999999999984,1,4,1,0.05649717514124294,0.9968253968253968,0.6585365853658537,0.06710909460283085,1.0,0.5266612859833198,0.6923918027927123,0.23731375651167683,0.9090909090909091,0.10638297872340426,0.1730948386930187
0.43999999999999984,1,5,1,0.062146892655367235,0.9904761904761905,0.6565040650406504,0.06592073335130771,1.0,0.5263115415657789,0.711944300153133,0.24810283651587076,0.7857142857142857,0.11518324607329843,0.15189386508495611
0.44999999999999984,1,1,1,0.01694915254237288,1.0,0.6470588235294118,0.021624580852665436,1.0,0.5084745762711864,0.75030048057961,0.13018891098082386,1.0,0.03333333333333333,0.104548906663193
0.44999999999999984,1,2,1,0.011299435028248588,0.9968354430379747,0.6430020283975659,0.010378886379707488,1.0,0.5040674390331116,0.7189911586743452,0.10613047310957861,0.6666666666666666,0.022222222222222223,0.05017906385205993
0.44999999999999984,1,3,1,0.03389830508474576,0.9936507936507937,0.6483739837398373,0.03483467138386148,1.0,0.5137745493677697,0.6463007825037286,0.1835295010369569,0.75,0.06486486486486487,0.10453979191407031
0.44999999999999984,1,4,1,0.01694915254237288,1.0,0.6463414634146342,0.021600493725570852,1.0,0.5084745762711864,0.691469118654386,0.13018891098082386,1.0,0.03333333333333333,0.10449002702724461
0.44999999999999984,1,5,1,0.005649717514124294,1.0,0.6422764227642277,0.007222948338721979,1.0,0.5028248587570622,0.7123870260650528,0.07516460280028288,1.0,0.011235955056179775,0.06020435357435382
0.45999999999999985,1,1,1,0.0,1.0,0.640973630831643,0.0,1.0,0.5,0.7479146590735881,0.0,,0.0,0.0
0.45999999999999985,1,2,1,0.005649717514124294,1.0,0.6430020283975659,0.007231121281464632,1.0,0.5028248587570622,0.7167612919715353,0.07516460280028288,1.0,0.011235955056179775,0.060238528821678204
0.45999999999999985,1,3,1,0.005649717514124294,1.0,0.6422764227642277,0.007222948338721979,1.0,0.5028248587570622,0.645799126863733,0.07516460280028288,1.0,0.011235955056179775,0.06020435357435382
0.45999999999999985,1,4,1,0.0,1.0,0.6402439024390244,0.0,1.0,0.5,0.6907676882634715,0.0,,0.0,0.0
0.45999999999999985,1,5,1,0.0,1.0,0.6402439024390244,0.0,1.0,0.5,0.7148743689496733,0.0,,0.0,0.0
0.46999999999999986,1,1,1,0.0,1.0,0.640973630831643,0.0,1.0,0.5,0.7452495940890459,0.0,,0.0,0.0
0.46999999999999986,1,2,1,0.0,1.0,0.640973630831643,0.0,1.0,0.5,0.714160394287145,0.0,,0.0,0.0
0.46999999999999986,1,3,1,0.0,1.0,0.6402439024390244,0.0,1.0,0.5,0.644824860548669,0.0,,0.0,0.0
0.46999999999999986,1,4,1,0.0,1.0,0.6402439024390244,0.0,1.0,0.5,0.6912302761917826,0.0,,0.0,0.0
0.46999999999999986,1,5,1,0.0,1.0,0.6402439024390244,0.0,1.0,0.5,0.7171199959523752,0.0,,0.0,0.0
0.47999999999999976,1,1,1,0.0,1.0,0.640973630831643,0.0,1.0,0.5,0.7423794595417785,0.0,,0.0,0.0
0.47999999999999976,1,2,1,0.0,1.0,0.640973630831643,0.0,1.0,0.5,0.7118690123310664,0.0,,0.0,0.0
0.47999999999999976,1,3,1,0.0,1.0,0.6402439024390244,0.0,1.0,0.5,0.6432184262190122,0.0,,0.0,0.0
0.47999999999999976,1,4,1,0.0,1.0,0.6402439024390244,0.0,1.0,0.5,0.6907516530166588,0.0,,0.0,0.0
0.47999999999999976,1,5,1,0.0,1.0,0.6402439024390244,0.0,1.0,0.5,0.7175947404365656,0.0,,0.0,0.0
0.48999999999999977,1,1,1,0.0,1.0,0.640973630831643,0.0,1.0,0.5,0.7396039029229118,0.0,,0.0,0.0
0.48999999999999977,1,2,1,0.0,1.0,0.640973630831643,0.0,1.0,0.5,0.708530190287145,0.0,,0.0,0.0
0.48999999999999977,1,3,1,0.0,1.0,0.6402439024390244,0.0,1.0,0.5,0.6421633279534256,0.0,,0.0,0.0
0.48999999999999977,1,4,1,0.0,1.0,0.6402439024390244,0.0,1.0,0.5,0.6900356579644248,0.0,,0.0,0.0
0.48999999999999977,1,5,1,0.0,1.0,0.6402439024390244,0.0,1.0,0.5,0.7179017953083904,0.0,,0.0,0.0
0.4999999999999998,1,1,1,0.0,1.0,0.640973630831643,0.0,1.0,0.5,0.7377932793661559,0.0,,0.0,0.0
0.4999999999999998,1,2,1,0.0,1.0,0.640973630831643,0.0,1.0,0.5,0.7049640109545092,0.0,,0.0,0.0
0.4999999999999998,1,3,1,0.0,1.0,0.6402439024390244,0.0,1.0,0.5,0.6447961908693489,0.0,,0.0,0.0
0.4999999999999998,1,4,1,0.0,1.0,0.6402439024390244,0.0,1.0,0.5,0.6905635396746244,0.0,,0.0,0.0
0.4999999999999998,1,5,1,0.0,1.0,0.6402439024390244,0.0,1.0,0.5,0.7169084657608729,0.0,,0.0,0.0
0.5099999999999998,1,1,1,0.0,1.0,0.640973630831643,0.0,1.0,0.5,0.7353496735852116,0.0,,0.0,0.0
0.5099999999999998,1,2,1,0.0,1.0,0.640973630831643,0.0,1.0,0.5,0.703380420180147,0.0,,0.0,0.0
0.5099999999999998,1,3,1,0.0,1.0,0.6402439024390244,0.0,1.0,0.5,0.6443339584900908,0.0,,0.0,0.0
0.5099999999999998,1,4,1,0.0,1.0,0.6402439024390244,0.0,1.0,0.5,0.6899304503883835,0.0,,0.0,0.0
0.5099999999999998,1,5,1,0.0,1.0,0.6402439024390244,0.0,1.0,0.5,0.717319940017376,0.0,,0.0,0.0
0.5199999999999998,1,1,1,0.0,1.0,0.640973630831643,0.0,1.0,0.5,0.7332060459301233,0.0,,0.0,0.0
0.5199999999999998,1,2,1,0.0,1.0,0.640973630831643,0.0,1.0,0.5,0.7010785464878174,0.0,,0.0,0.0
0.5199999999999998,1,3,1,0.0,1.0,0.6402439024390244,0.0,1.0,0.5,0.6434125804746033,0.0,,0.0,0.0
0.5199999999999998,1,4,1,0.0,1.0,0.6402439024390244,0.0,1.0,0.5,0.6886131938766494,0.0,,0.0,0.0
0.5199999999999998,1,5,1,0.0,1.0,0.6402439024390244,0.0,1.0,0.5,0.7157799229178494,0.0,,0.0,0.0
0.5299999999999998,1,1,1,0.0,1.0,0.640973630831643,0.0,1.0,0.5,0.729959586927274,0.0,,0.0,0.0
0.5299999999999998,1,2,1,0.0,1.0,0.640973630831643,0.0,1.0,0.5,0.6979445286522024,0.0,,0.0,0.0
0.5299999999999998,1,3,1,0.0,1.0,0.6402439024390244,0.0,1.0,0.5,0.6426427214265328,0.0,,0.0,0.0
0.5299999999999998,1,4,1,0.0,1.0,0.6402439024390244,0.0,1.0,0.5,0.6882198420436646,0.0,,0.0,0.0
0.5299999999999998,1,5,1,0.0,1.0,0.6402439024390244,0.0,1.0,0.5,0.7147814652041113,0.0,,0.0,0.0
0.5399999999999998,1,1,1,0.0,1.0,0.640973630831643,0.0,1.0,0.5,0.7265781650481344,0.0,,0.0,0.0
0.5399999999999998,1,2,1,0.0,1.0,0.640973630831643,0.0,1.0,0.5,0.6954946718380677,0.0,,0.0,0.0
0.5399999999999998,1,3,1,0.0,1.0,0.6402439024390244,0.0,1.0,0.5,0.6422772857426196,0.0,,0.0,0.0
0.5399999999999998,1,4,1,0.0,1.0,0.6402439024390244,0.0,1.0,0.5,0.6882535616254832,0.0,,0.0,0.0
0.5399999999999998,1,5,1,0.0,1.0,0.6402439024390244,0.0,1.0,0.5,0.7144599375582061,0.0,,0.0,0.0
0.5499999999999998,1,1,1,0.0,1.0,0.640973630831643,0.0,1.0,0.5,0.7235137531871103,0.0,,0.0,0.0
0.5499999999999998,1,2,1,0.0,1.0,0.640973630831643,0.0,1.0,0.5,0.6929460164616049,0.0,,0.0,0.0
0.5499999999999998,1,3,1,0.0,1.0,0.6402439024390244,0.0,1.0,0.5,0.6420190501506347,0.0,,0.0,0.0
0.5499999999999998,1,4,1,0.0,1.0,0.6402439024390244,0.0,1.0,0.5,0.6870097512216209,0.0,,0.0,0.0
0.5499999999999998,1,5,1,0.0,1.0,0.6402439024390244,0.0,1.0,0.5,0.7112693536631087,0.0,,0.0,0.0
0.5599999999999997,1,1,1,0.0,1.0,0.640973630831643,0.0,1.0,0.5,0.7198682112165936,0.0,,0.0,0.0
0.5599999999999997,1,2,1,0.0,1.0,0.640973630831643,0.0,1.0,0.5,0.690238291677558,0.0,,0.0,0.0
0.5599999999999997,1,3,1,0.0,1.0,0.6402439024390244,0.0,1.0,0.5,0.641511550907192,0.0,,0.0,0.0
0.5599999999999997,1,4,1,0.0,1.0,0.6402439024390244,0.0,1.0,0.5,0.6863008199855763,0.0,,0.0,0.0
0.5599999999999997,1,5,1,0.0,1.0,0.6402439024390244,0.0,1.0,0.5,0.7106484755877952,0.0,,0.0,0.0
0.5699999999999997,1,1,1,0.0,1.0,0.640973630831643,0.0,1.0,0.5,0.7170690813970644,0.0,,0.0,0.0
0.5699999999999997,1,2,1,0.0,1.0,0.640973630831643,0.0,1.0,0.5,0.6880710559587326,0.0,,0.0,0.0
0.5699999999999997,1,3,1,0.0,1.0,0.6402439024390244,0.0,1.0,0.5,0.6408717142790247,0.0,,0.0,0.0
0.5699999999999997,1,4,1,0.0,1.0,0.6402439024390244,0.0,1.0,0.5,0.6851186853598775,0.0,,0.0,0.0
0.5699999999999997,1,5,1,0.0,1.0,0.6402439024390244,0.0,1.0,0.5,0.7093689225277783,0.0,,0.0,0.0
0.5799999999999997,1,1,1,0.0,1.0,0.640973630831643,0.0,1.0,0.5,0.7142740778895607,0.0,,0.0,0.0
0.5799999999999997,1,2,1,0.0,1.0,0.640973630831643,0.0,1.0,0.5,0.6858729836341176,0.0,,0.0,0.0
0.5799999999999997,1,3,1,0.0,1.0,0.6402439024390244,0.0,1.0,0.5,0.6405664627748858,0.0,,0.0,0.0
0.5799999999999997,1,4,1,0.0,1.0,0.6402439024390244,0.0,1.0,0.5,0.6838246420524188,0.0,,0.0,0.0
0.5799999999999997,1,5,1,0.0,1.0,0.6402439024390244,0.0,1.0,0.5,0.7079791981312572,0.0,,0.0,0.0
0.5899999999999997,1,1,1,0.0,1.0,0.640973630831643,0.0,1.0,0.5,0.7120594814124864,0.0,,0.0,0.0
0.5899999999999997,1,2,1,0.0,1.0,0.640973630831643,0.0,1.0,0.5,0.6840892599591207,0.0,,0.0,0.0
0.5899999999999997,1,3,1,0.0,1.0,0.6402439024390244,0.0,1.0,0.5,0.6392078311967002,0.0,,0.0,0.0
0.5899999999999997,1,4,1,0.0,1.0,0.6402439024390244,0.0,1.0,0.5,0.6829539184150191,0.0,,0.0,0.0
0.5899999999999997,1,5,1,0.0,1.0,0.6402439024390244,0.0,1.0,0.5,0.7055503356349678,0.0,,0.0,0.0
0.5999999999999998,1,1,1,0.0,1.0,0.640973630831643,0.0,1.0,0.5,0.7101321502854243,0.0,,0.0,0.0
0.5999999999999998,1,2,1,0.0,1.0,0.640973630831643,0.0,1.0,0.5,0.6823934112569459,0.0,,0.0,0.0
0.5999999999999998,1,3,1,0.0,1.0,0.6402439024390244,0.0,1.0,0.5,0.6378901284431909,0.0,,0.0,0.0
0.5999999999999998,1,4,1,0.0,1.0,0.6402439024390244,0.0,1.0,0.5,0.6815411050506153,0.0,,0.0,0.0
0.5999999999999998,1,5,1,0.0,1.0,0.6402439024390244,0.0,1.0,0.5,0.7049961090953198,0.0,,0.0,0.0
0.6099999999999998,1,1,1,0.0,1.0,0.640973630831643,0.0,1.0,0.5,0.708274497899045,0.0,,0.0,0.0
0.6099999999999998,1,2,1,0.0,1.0,0.640973630831643,0.0,1.0,0.5,0.6800782514526177,0.0,,0.0,0.0
0.6099999999999998,1,3,1,0.0,1.0,0.6402439024390244,0.0,1.0,0.5,0.6367537300974008,0.0,,0.0,0.0
0.6099999999999998,1,4,1,0.0,1.0,0.6402439024390244,0.0,1.0,0.5,0.6816074995454107,0.0,,0.0,0.0
0.6099999999999998,1,5,1,0.0,1.0,0.6402439024390244,0.0,1.0,0.5,0.7037323824160991,0.0,,0.0,0.0
0.6199999999999998,1,1,1,0.0,1.0,0.640973630831643,0.0,1.0,0.5,0.7062649323349537,0.0,,0.0,0.0
0.6199999999999998,1,2,1,0.0,1.0,0.640973630831643,0.0,1.0,0.5,0.6782538510254327,0.0,,0.0,0.0
0.6199999999999998,1,3,1,0.0,1.0,0.6402439024390244,0.0,1.0,0.5,0.6358084735955358,0.0,,0.0,0.0
0.6199999999999998,1,4,1,0.0,1.0,0.6402439024390244,0.0,1.0,0.5,0.6808188714144185,0.0,,0.0,0.0
0.6199999999999998,1,5,1,0.0,1.0,0.6402439024390244,0.0,1.0,0.5,0.7021377006406211,0.0,,0.0,0.0
0.6299999999999997,1,1,1,0.0,1.0,0.640973630831643,0.0,1.0,0.5,0.7044142904104955,0.0,,0.0,0.0
0.6299999999999997,1,2,1,0.0,1.0,0.640973630831643,0.0,1.0,0.5,0.67565152603961,0.0,,0.0,0.0
0.6299999999999997,1,3,1,0.0,1.0,0.6402439024390244,0.0,1.0,0.5,0.6349558284613578,0.0,,0.0,0.0
0.6299999999999997,1,4,1,0.0,1.0,0.6402439024390244,0.0,1.0,0.5,0.6795329515585942,0.0,,0.0,0.0
0.6299999999999997,1,5,1,0.0,1.0,0.6402439024390244,0.0,1.0,0.5,0.7005115072327669,0.0,,0.0,0.0
0.6399999999999997,1,1,1,0.0,1.0,0.640973630831643,0.0,1.0,0.5,0.7020100909520166,0.0,,0.0,0.0
0.6399999999999997,1,2,1,0.0,1.0,0.640973630831643,0.0,1.0,0.5,0.6738182681344673,0.0,,0.0,0.0
0.6399999999999997,1,3,1,0.0,1.0,0.6402439024390244,0.0,1.0,0.5,0.6343887271655186,0.0,,0.0,0.0
0.6399999999999997,1,4,1,0.0,1.0,0.6402439024390244,0.0,1.0,0.5,0.6784966205364574,0.0,,0.0,0.0
0.6399999999999997,1,5,1,0.0,1.0,0.6402439024390244,0.0,1.0,0.5,0.6994056566670303,0.0,,0.0,0.0
0.6499999999999997,1,1,1,0.0,1.0,0.640973630831643,0.0,1.0,0.5,0.7006307753040246,0.0,,0.0,0.0
0.6499999999999997,1,2,1,0.0,1.0,0.640973630831643,0.0,1.0,0.5,0.6716699585277182,0.0,,0.0,0.0
0.6499999999999997,1,3,1,0.0,1.0,0.6402439024390244,0.0,1.0,0.5,0.6348328944507339,0.0,,0.0,0.0
0.6499999999999997,1,4,1,0.0,1.0,0.6402439024390244,0.0,1.0,0.5,0.6778769548024552,0.0,,0.0,0.0
0.6499999999999997,1,5,1,0.0,1.0,0.6402439024390244,0.0,1.0,0.5,0.6972046780227285,0.0,,0.0,0.0
0.6599999999999997,1,1,1,0.0,1.0,0.640973630831643,0.0,1.0,0.5,0.6986615984963707,0.0,,0.0,0.0
0.6599999999999997,1,2,1,0.0,1.0,0.640973630831643,0.0,1.0,0.5,0.6704299765512072,0.0,,0.0,0.0
0.6599999999999997,1,3,1,0.0,1.0,0.6402439024390244,0.0,1.0,0.5,0.6352825216373135,0.0,,0.0,0.0
0.6599999999999997,1,4,1,0.0,1.0,0.6402439024390244,0.0,1.0,0.5,0.6774784983323997,0.0,,0.0,0.0
0.6599999999999997,1,5,1,0.0,1.0,0.6402439024390244,0.0,1.0,0.5,0.6961792926811339,0.0,,0.0,0.0
0.6699999999999997,1,1,1,0.0,1.0,0.640973630831643,0.0,1.0,0.5,0.6965258007762176,0.0,,0.0,0.0
0.6699999999999997,1,2,1,0.0,1.0,0.640973630831643,0.0,1.0,0.5,0.6683026263885298,0.0,,0.0,0.0
0.6699999999999997,1,3,1,0.0,1.0,0.6402439024390244,0.0,1.0,0.5,0.6350023179709827,0.0,,0.0,0.0
0.6699999999999997,1,4,1,0.0,1.0,0.6402439024390244,0.0,1.0,0.5,0.6762303164020214,0.0,,0.0,0.0
0.6699999999999997,1,5,1,0.0,1.0,0.6402439024390244,0.0,1.0,0.5,0.6940685845789071,0.0,,0.0,0.0
0.6799999999999997,1,1,1,0.0,1.0,0.640973630831643,0.0,1.0,0.5,0.6944587281683686,0.0,,0.0,0.0
0.6799999999999997,1,2,1,0.0,1.0,0.640973630831643,0.0,1.0,0.5,0.6662614933792068,0.0,,0.0,0.0
0.6799999999999997,1,3,1,0.0,1.0,0.6402439024390244,0.0,1.0,0.5,0.6346282068407173,0.0,,0.0,0.0
0.6799999999999997,1,4,1,0.0,1.0,0.6402439024390244,0.0,1.0,0.5,0.675666321249605,0.0,,0.0,0.0
0.6799999999999997,1,5,1,0.0,1.0,0.6402439024390244,0.0,1.0,0.5,0.6931721969920188,0.0,,0.0,0.0
0.6899999999999997,1,1,1,0.0,1.0,0.640973630831643,0.0,1.0,0.5,0.6925300457330413,0.0,,0.0,0.0
0.6899999999999997,1,2,1,0.0,1.0,0.640973630831643,0.0,1.0,0.5,0.6648532743992621,0.0,,0.0,0.0
0.6899999999999997,1,3,1,0.0,1.0,0.6402439024390244,0.0,1.0,0.5,0.6348389065678567,0.0,,0.0,0.0
0.6899999999999997,1,4,1,0.0,1.0,0.6402439024390244,0.0,1.0,0.5,0.6748538913160941,0.0,,0.0,0.0
0.6899999999999997,1,5,1,0.0,1.0,0.6402439024390244,0.0,1.0,0.5,0.692632522298514,0.0,,0.0,0.0
0.6999999999999996,1,1,1,0.0,1.0,0.640973630831643,0.0,1.0,0.5,0.6910117401729329,0.0,,0.0,0.0
0.6999999999999996,1,2,1,0.0,1.0,0.640973630831643,0.0,1.0,0.5,0.6626094216676895,0.0,,0.0,0.0
0.6999999999999996,1,3,1,0.0,1.0,0.6402439024390244,0.0,1.0,0.5,0.6341568316682027,0.0,,0.0,0.0
0.6999999999999996,1,4,1,0.0,1.0,0.6402439024390244,0.0,1.0,0.5,0.6741711761380873,0.0,,0.0,0.0
0.6999999999999996,1,5,1,0.0,1.0,0.6402439024390244,0.0,1.0,0.5,0.6910577470098469,0.0,,0.0,0.0
0.7099999999999996,1,1,1,0.0,1.0,0.640973630831643,0.0,1.0,0.5,0.6890442649803342,0.0,,0.0,0.0
0.7099999999999996,1,2,1,0.0,1.0,0.640973630831643,0.0,1.0,0.5,0.6597785092920638,0.0,,0.0,0.0
0.7099999999999996,1,3,1,0.0,1.0,0.6402439024390244,0.0,1.0,0.5,0.6315544911296891,0.0,,0.0,0.0
0.7099999999999996,1,4,1,0.0,1.0,0.6402439024390244,0.0,1.0,0.5,0.6731575424128813,0.0,,0.0,0.0
0.7099999999999996,1,5,1,0.0,1.0,0.6402439024390244,0.0,1.0,0.5,0.6903224785704183,0.0,,0.0,0.0
0.7199999999999996,1,1,1,0.0,1.0,0.640973630831643,0.0,1.0,0.5,0.6871977777608309,0.0,,0.0,0.0
0.7199999999999996,1,2,1,0.0,1.0,0.640973630831643,0.0,1.0,0.5,0.6572456757051073,0.0,,0.0,0.0
0.7199999999999996,1,3,1,0.0,1.0,0.6402439024390244,0.0,1.0,0.5,0.6303392529940021,0.0,,0.0,0.0
0.7199999999999996,1,4,1,0.0,1.0,0.6402439024390244,0.0,1.0,0.5,0.67197059351255,0.0,,0.0,0.0
0.7199999999999996,1,5,1,0.0,1.0,0.6402439024390244,0.0,1.0,0.5,0.6885790678241248,0.0,,0.0,0.0
0.7299999999999996,1,1,1,0.0,1.0,0.640973630831643,0.0,1.0,0.5,0.6855280070349239,0.0,,0.0,0.0
0.7299999999999996,1,2,1,0.0,1.0,0.640973630831643,0.0,1.0,0.5,0.6555920102750711,0.0,,0.0,0.0
0.7299999999999996,1,3,1,0.0,1.0,0.6402439024390244,0.0,1.0,0.5,0.629780239686597,0.0,,0.0,0.0
0.7299999999999996,1,4,1,0.0,1.0,0.6402439024390244,0.0,1.0,0.5,0.6707510227421728,0.0,,0.0,0.0
0.7299999999999996,1,5,1,0.0,1.0,0.6402439024390244,0.0,1.0,0.5,0.6873119006634615,0.0,,0.0,0.0
0.7399999999999997,1,1,1,0.0,1.0,0.640973630831643,0.0,1.0,0.5,0.6842074221478225,0.0,,0.0,0.0
0.7399999999999997,1,2,1,0.0,1.0,0.640973630831643,0.0,1.0,0.5,0.6538206093983037,0.0,,0.0,0.0
0.7399999999999997,1,3,1,0.0,1.0,0.6402439024390244,0.0,1.0,0.5,0.6296512796899671,0.0,,0.0,0.0
0.7399999999999997,1,4,1,0.0,1.0,0.6402439024390244,0.0,1.0,0.5,0.6695165143001311,0.0,,0.0,0.0
0.7399999999999997,1,5,1,0.0,1.0,0.6402439024390244,0.0,1.0,0.5,0.6862265896067873,0.0,,0.0,0.0
0.7499999999999997,1,1,1,0.0,1.0,0.640973630831643,0.0,1.0,0.5,0.6827292817661856,0.0,,0.0,0.0
0.7499999999999997,1,2,1,0.0,1.0,0.640973630831643,0.0,1.0,0.5,0.652915669814778,0.0,,0.0,0.0
0.7499999999999997,1,3,1,0.0,1.0,0.6402439024390244,0.0,1.0,0.5,0.629340349618633,0.0,,0.0,0.0
0.7499999999999997,1,4,1,0.0,1.0,0.6402439024390244,0.0,1.0,0.5,0.6687180906315473,0.0,,0.0,0.0
0.7499999999999997,1,5,1,0.0,1.0,0.6402439024390244,0.0,1.0,0.5,0.6849701383926393,0.0,,0.0,0.0
0.7599999999999997,1,1,1,0.0,1.0,0.640973630831643,0.0,1.0,0.5,0.6811915300918157,0.0,,0.0,0.0
0.7599999999999997,1,2,1,0.0,1.0,0.640973630831643,0.0,1.0,0.5,0.6517051703345829,0.0,,0.0,0.0
0.7599999999999997,1,3,1,0.0,1.0,0.6402439024390244,0.0,1.0,0.5,0.6293574240048094,0.0,,0.0,0.0
0.7599999999999997,1,4,1,0.0,1.0,0.6402439024390244,0.0,1.0,0.5,0.6682157522404443,0.0,,0.0,0.0
0.7599999999999997,1,5,1,0.0,1.0,0.6402439024390244,0.0,1.0,0.5,0.6841000109047882,0.0,,0.0,0.0
0.7699999999999997,1,1,1,0.0,1.0,0.640973630831643,0.0,1.0,0.5,0.6798944385578543,0.0,,0.0,0.0
0.7699999999999997,1,2,1,0.0,1.0,0.640973630831643,0.0,1.0,0.5,0.649751615247754,0.0,,0.0,0.0
0.7699999999999997,1,3,1,0.0,1.0,0.6402439024390244,0.0,1.0,0.5,0.6287867381339375,0.0,,0.0,0.0
0.7699999999999997,1,4,1,0.0,1.0,0.6402439024390244,0.0,1.0,0.5,0.6670192136038428,0.0,,0.0,0.0
0.7699999999999997,1,5,1,0.0,1.0,0.6402439024390244,0.0,1.0,0.5,0.682132361836103,0.0,,0.0,0.0
0.7799999999999997,1,1,1,0.0,1.0,0.640973630831643,0.0,1.0,0.5,0.6784878878860094,0.0,,0.0,0.0
0.7799999999999997,1,2,1,0.0,1.0,0.640973630831643,0.0,1.0,0.5,0.6482629801351367,0.0,,0.0,0.0
0.7799999999999997,1,3,1,0.0,1.0,0.6402439024390244,0.0,1.0,0.5,0.628218970430207,0.0,,0.0,0.0
0.7799999999999997,1,4,1,0.0,1.0,0.6402439024390244,0.0,1.0,0.5,0.6667249167123265,0.0,,0.0,0.0
0.7799999999999997,1,5,1,0.0,1.0,0.6402439024390244,0.0,1.0,0.5,0.6808047859897169,0.0,,0.0,0.0
0.7899999999999996,1,1,1,0.0,1.0,0.640973630831643,0.0,1.0,0.5,0.6769884255979135,0.0,,0.0,0.0
0.7899999999999996,1,2,1,0.0,1.0,0.640973630831643,0.0,1.0,0.5,0.6472293043310627,0.0,,0.0,0.0
0.7899999999999996,1,3,1,0.0,1.0,0.6402439024390244,0.0,1.0,0.5,0.6284283919129665,0.0,,0.0,0.0
0.7899999999999996,1,4,1,0.0,1.0,0.6402439024390244,0.0,1.0,0.5,0.6656813079374982,0.0,,0.0,0.0
0.7899999999999996,1,5,1,0.0,1.0,0.6402439024390244,0.0,1.0,0.5,0.6802352768890476,0.0,,0.0,0.0
0.7999999999999996,1,1,1,0.0,1.0,0.640973630831643,0.0,1.0,0.5,0.6759511992173614,0.0,,0.0,0.0
0.7999999999999996,1,2,1,0.0,1.0,0.640973630831643,0.0,1.0,0.5,0.6459490415175928,0.0,,0.0,0.0
0.7999999999999996,1,3,1,0.0,1.0,0.6402439024390244,0.0,1.0,0.5,0.6280622771681297,0.0,,0.0,0.0
0.7999999999999996,1,4,1,0.0,1.0,0.6402439024390244,0.0,1.0,0.5,0.6657507678736624,0.0,,0.0,0.0
0.7999999999999996,1,5,1,0.0,1.0,0.6402439024390244,0.0,1.0,0.5,0.6795002865522174,0.0,,0.0,0.0
0.8099999999999996,1,1,1,0.0,1.0,0.640973630831643,0.0,1.0,0.5,0.6744322959147497,0.0,,0.0,0.0
0.8099999999999996,1,2,1,0.0,1.0,0.640973630831643,0.0,1.0,0.5,0.64434747936295,0.0,,0.0,0.0
0.8099999999999996,1,3,1,0.0,1.0,0.6402439024390244,0.0,1.0,0.5,0.6277396874310897,0.0,,0.0,0.0
0.8099999999999996,1,4,1,0.0,1.0,0.6402439024390244,0.0,1.0,0.5,0.6654833250786506,0.0,,0.0,0.0
0.8099999999999996,1,5,1,0.0,1.0,0.6402439024390244,0.0,1.0,0.5,0.6780768227219838,0.0,,0.0,0.0
0.8199999999999996,1,1,1,0.0,1.0,0.640973630831643,0.0,1.0,0.5,0.672863878480442,0.0,,0.0,0.0
0.8199999999999996,1,2,1,0.0,1.0,0.640973630831643,0.0,1.0,0.5,0.6435680974634626,0.0,,0.0,0.0
0.8199999999999996,1,3,1,0.0,1.0,0.6402439024390244,0.0,1.0,0.5,0.6259136763558494,0.0,,0.0,0.0
0.8199999999999996,1,4,1,0.0,1.0,0.6402439024390244,0.0,1.0,0.5,0.6642382773554565,0.0,,0.0,0.0
0.8199999999999996,1,5,1,0.0,1.0,0.6402439024390244,0.0,1.0,0.5,0.6772229984779937,0.0,,0.0,0.0
0.8299999999999996,1,1,1,0.0,1.0,0.640973630831643,0.0,1.0,0.5,0.6721082212855507,0.0,,0.0,0.0
0.8299999999999996,1,2,1,0.0,1.0,0.640973630831643,0.0,1.0,0.5,0.6421788651559523,0.0,,0.0,0.0
0.8299999999999996,1,3,1,0.0,1.0,0.6402439024390244,0.0,1.0,0.5,0.6216334488652482,0.0,,0.0,0.0
0.8299999999999996,1,4,1,0.0,1.0,0.6402439024390244,0.0,1.0,0.5,0.6639452401230366,0.0,,0.0,0.0
0.8299999999999996,1,5,1,0.0,1.0,0.6402439024390244,0.0,1.0,0.5,0.6762436007805944,0.0,,0.0,0.0
0.8399999999999996,1,1,1,0.0,1.0,0.640973630831643,0.0,1.0,0.5,0.6702835732991768,0.0,,0.0,0.0
0.8399999999999996,1,2,1,0.0,1.0,0.640973630831643,0.0,1.0,0.5,0.6393334811145223,0.0,,0.0,0.0
0.8399999999999996,1,3,1,0.0,1.0,0.6402439024390244,0.0,1.0,0.5,0.6254331229383994,0.0,,0.0,0.0
0.8399999999999996,1,4,1,0.0,1.0,0.6402439024390244,0.0,1.0,0.5,0.6634100570844635,0.0,,0.0,0.0
0.8399999999999996,1,5,1,0.0,1.0,0.6402439024390244,0.0,1.0,0.5,0.6740204474900369,0.0,,0.0,0.0
0.8499999999999996,1,1,1,0.0,1.0,0.640973630831643,0.0,1.0,0.5,0.6688026059573752,0.0,,0.0,0.0
0.8499999999999996,1,2,1,0.0,1.0,0.640973630831643,0.0,1.0,0.5,0.6387487071435711,0.0,,0.0,0.0
0.8499999999999996,1,3,1,0.0,1.0,0.6402439024390244,0.0,1.0,0.5,0.6246960152124587,0.0,,0.0,0.0
0.8499999999999996,1,4,1,0.0,1.0,0.6402439024390244,0.0,1.0,0.5,0.6630539746387709,0.0,,0.0,0.0
0.8499999999999996,1,5,1,0.0,1.0,0.6402439024390244,0.0,1.0,0.5,0.6722757564774834,0.0,,0.0,0.0
0.8599999999999995,1,1,1,0.0,1.0,0.640973630831643,0.0,1.0,0.5,0.6678751804212991,0.0,,0.0,0.0
0.8599999999999995,1,2,1,0.0,1.0,0.640973630831643,0.0,1.0,0.5,0.6376509336627314,0.0,,0.0,0.0
0.8599999999999995,1,3,1,0.0,1.0,0.6402439024390244,0.0,1.0,0.5,0.6244534601318094,0.0,,0.0,0.0
0.8599999999999995,1,4,1,0.0,1.0,0.6402439024390244,0.0,1.0,0.5,0.6625707019746773,0.0,,0.0,0.0
0.8599999999999995,1,5,1,0.0,1.0,0.6402439024390244,0.0,1.0,0.5,0.6714250860834979,0.0,,0.0,0.0
0.8699999999999996,1,1,1,0.0,1.0,0.640973630831643,0.0,1.0,0.5,0.6671182844870072,0.0,,0.0,0.0
0.8699999999999996,1,2,1,0.0,1.0,0.640973630831643,0.0,1.0,0.5,0.6369017017020464,0.0,,0.0,0.0
0.8699999999999996,1,3,1,0.0,1.0,0.6402439024390244,0.0,1.0,0.5,0.6237190783501041,0.0,,0.0,0.0
0.8699999999999996,1,4,1,0.0,1.0,0.6402439024390244,0.0,1.0,0.5,0.6618605465166798,0.0,,0.0,0.0
0.8699999999999996,1,5,1,0.0,1.0,0.6402439024390244,0.0,1.0,0.5,0.6709211686522293,0.0,,0.0,0.0
0.8799999999999996,1,1,1,0.0,1.0,0.640973630831643,0.0,1.0,0.5,0.6659112313068494,0.0,,0.0,0.0
0.8799999999999996,1,2,1,0.0,1.0,0.640973630831643,0.0,1.0,0.5,0.6357031682079676,0.0,,0.0,0.0
0.8799999999999996,1,3,1,0.0,1.0,0.6402439024390244,0.0,1.0,0.5,0.6233119791074938,0.0,,0.0,0.0
0.8799999999999996,1,4,1,0.0,1.0,0.6402439024390244,0.0,1.0,0.5,0.661487343766033,0.0,,0.0,0.0
0.8799999999999996,1,5,1,0.0,1.0,0.6402439024390244,0.0,1.0,0.5,0.6696818956637148,0.0,,0.0,0.0
0.8899999999999996,1,1,1,0.0,1.0,0.640973630831643,0.0,1.0,0.5,0.6648847644178352,0.0,,0.0,0.0
0.8899999999999996,1,2,1,0.0,1.0,0.640973630831643,0.0,1.0,0.5,0.6350119423441217,0.0,,0.0,0.0
0.8899999999999996,1,3,1,0.0,1.0,0.6402439024390244,0.0,1.0,0.5,0.6227629101979841,0.0,,0.0,0.0
0.8899999999999996,1,4,1,0.0,1.0,0.6402439024390244,0.0,1.0,0.5,0.660959971468274,0.0,,0.0,0.0
0.8899999999999996,1,5,1,0.0,1.0,0.6402439024390244,0.0,1.0,0.5,0.6690696418174685,0.0,,0.0,0.0
0.8999999999999996,1,1,1,0.0,1.0,0.640973630831643,0.0,1.0,0.5,0.6636683918840333,0.0,,0.0,0.0
0.8999999999999996,1,2,1,0.0,1.0,0.640973630831643,0.0,1.0,0.5,0.6353124120481151,0.0,,0.0,0.0
0.8999999999999996,1,3,1,0.0,1.0,0.6402439024390244,0.0,1.0,0.5,0.6221444813363468,0.0,,0.0,0.0
0.8999999999999996,1,4,1,0.0,1.0,0.6402439024390244,0.0,1.0,0.5,0.6602468981739417,0.0,,0.0,0.0
0.8999999999999996,1,5,1,0.0,1.0,0.6402439024390244,0.0,1.0,0.5,0.6680548109374191,0.0,,0.0,0.0
0.9099999999999996,1,1,1,0.0,1.0,0.640973630831643,0.0,1.0,0.5,0.6626464595164171,0.0,,0.0,0.0
0.9099999999999996,1,2,1,0.0,1.0,0.640973630831643,0.0,1.0,0.5,0.6347157786837748,0.0,,0.0,0.0
0.9099999999999996,1,3,1,0.0,1.0,0.6402439024390244,0.0,1.0,0.5,0.6221494444781284,0.0,,0.0,0.0
0.9099999999999996,1,4,1,0.0,1.0,0.6402439024390244,0.0,1.0,0.5,0.6599013473091523,0.0,,0.0,0.0
0.9099999999999996,1,5,1,0.0,1.0,0.6402439024390244,0.0,1.0,0.5,0.6674217840545705,0.0,,0.0,0.0
0.9199999999999996,1,1,1,0.0,1.0,0.640973630831643,0.0,1.0,0.5,0.6622536549393454,0.0,,0.0,0.0
0.9199999999999996,1,2,1,0.0,1.0,0.640973630831643,0.0,1.0,0.5,0.6334459366827145,0.0,,0.0,0.0
0.9199999999999996,1,3,1,0.0,1.0,0.6402439024390244,0.0,1.0,0.5,0.6214450447976055,0.0,,0.0,0.0
0.9199999999999996,1,4,1,0.0,1.0,0.6402439024390244,0.0,1.0,0.5,0.6596059486138971,0.0,,0.0,0.0
0.9199999999999996,1,5,1,0.0,1.0,0.6402439024390244,0.0,1.0,0.5,0.6668143375156976,0.0,,0.0,0.0
0.9299999999999996,1,1,1,0.0,1.0,0.640973630831643,0.0,1.0,0.5,0.6609778308674221,0.0,,0.0,0.0
0.9299999999999996,1,2,1,0.0,1.0,0.640973630831643,0.0,1.0,0.5,0.6329225390092943,0.0,,0.0,0.0
0.9299999999999996,1,3,1,0.0,1.0,0.6402439024390244,0.0,1.0,0.5,0.620849004928614,0.0,,0.0,0.0
0.9299999999999996,1,4,1,0.0,1.0,0.6402439024390244,0.0,1.0,0.5,0.6590643824191756,0.0,,0.0,0.0
0.9299999999999996,1,5,1,0.0,1.0,0.6402439024390244,0.0,1.0,0.5,0.66635434042475,0.0,,0.0,0.0
0.9399999999999996,1,1,1,0.0,1.0,0.640973630831643,0.0,1.0,0.5,0.6603178688728683,0.0,,0.0,0.0
0.9399999999999996,1,2,1,0.0,1.0,0.640973630831643,0.0,1.0,0.5,0.6321023282834671,0.0,,0.0,0.0
0.9399999999999996,1,3,1,0.0,1.0,0.6402439024390244,0.0,1.0,0.5,0.6202994980291967,0.0,,0.0,0.0
0.9399999999999996,1,4,1,0.0,1.0,0.6402439024390244,0.0,1.0,0.5,0.6586729552123399,0.0,,0.0,0.0
0.9399999999999996,1,5,1,0.0,1.0,0.6402439024390244,0.0,1.0,0.5,0.6657783251326677,0.0,,0.0,0.0
0.9499999999999995,1,1,1,0.0,1.0,0.640973630831643,0.0,1.0,0.5,0.6596489356697504,0.0,,0.0,0.0
0.9499999999999995,1,2,1,0.0,1.0,0.640973630831643,0.0,1.0,0.5,0.631497289753429,0.0,,0.0,0.0
0.9499999999999995,1,3,1,0.0,1.0,0.6402439024390244,0.0,1.0,0.5,0.6199789287345168,0.0,,0.0,0.0
0.9499999999999995,1,4,1,0.0,1.0,0.6402439024390244,0.0,1.0,0.5,0.658510978417365,0.0,,0.0,0.0
0.9499999999999995,1,5,1,0.0,1.0,0.6402439024390244,0.0,1.0,0.5,0.664935002423458,0.0,,0.0,0.0
0.9599999999999995,1,1,1,0.0,1.0,0.640973630831643,0.0,1.0,0.5,0.6589827370731,0.0,,0.0,0.0
0.9599999999999995,1,2,1,0.0,1.0,0.640973630831643,0.0,1.0,0.5,0.6309621800970069,0.0,,0.0,0.0
0.9599999999999995,1,3,1,0.0,1.0,0.6402439024390244,0.0,1.0,0.5,0.6200897405605441,0.0,,0.0,0.0
0.9599999999999995,1,4,1,0.0,1.0,0.6402439024390244,0.0,1.0,0.5,0.6582982858289556,0.0,,0.0,0.0
0.9599999999999995,1,5,1,0.0,1.0,0.6402439024390244,0.0,1.0,0.5,0.6634598454133693,0.0,,0.0,0.0
0.9699999999999995,1,1,1,0.0,1.0,0.640973630831643,0.0,1.0,0.5,0.658358230842013,0.0,,0.0,0.0
0.9699999999999995,1,2,1,0.0,1.0,0.640973630831643,0.0,1.0,0.5,0.6304511720405404,0.0,,0.0,0.0
0.9699999999999995,1,3,1,0.0,1.0,0.6402439024390244,0.0,1.0,0.5,0.6196049147470309,0.0,,0.0,0.0
0.9699999999999995,1,4,1,0.0,1.0,0.6402439024390244,0.0,1.0,0.5,0.6577809335693746,0.0,,0.0,0.0
0.9699999999999995,1,5,1,0.0,1.0,0.6402439024390244,0.0,1.0,0.5,0.6628200186437722,0.0,,0.0,0.0
0.9799999999999995,1,1,1,0.0,1.0,0.640973630831643,0.0,1.0,0.5,0.657809006645469,0.0,,0.0,0.0
0.9799999999999995,1,2,1,0.0,1.0,0.640973630831643,0.0,1.0,0.5,0.6301016353055241,0.0,,0.0,0.0
0.9799999999999995,1,3,1,0.0,1.0,0.6402439024390244,0.0,1.0,0.5,0.6194664170375449,0.0,,0.0,0.0
0.9799999999999995,1,4,1,0.0,1.0,0.6402439024390244,0.0,1.0,0.5,0.6573293926014723,0.0,,0.0,0.0
0.9799999999999995,1,5,1,0.0,1.0,0.6402439024390244,0.0,1.0,0.5,0.6613084673994262,0.0,,0.0,0.0
0.9899999999999995,1,1,1,0.0,1.0,0.640973630831643,0.0,1.0,0.5,0.6572336200864941,0.0,,0.0,0.0
0.9899999999999995,1,2,1,0.0,1.0,0.640973630831643,0.0,1.0,0.5,0.6289084853362585,0.0,,0.0,0.0
0.9899999999999995,1,3,1,0.0,1.0,0.6402439024390244,0.0,1.0,0.5,0.6191023438483091,0.0,,0.0,0.0
0.9899999999999995,1,4,1,0.0,1.0,0.6402439024390244,0.0,1.0,0.5,0.6570749828215221,0.0,,0.0,0.0
0.9899999999999995,1,5,1,0.0,1.0,0.6402439024390244,0.0,1.0,0.5,0.6609955374386303,0.0,,0.0,0.0
1.0,1,1,1,0.0,1.0,0.640973630831643,0.0,1.0,0.5,0.6560168651100247,0.0,,0.0,0.0
1.0,1,2,1,0.0,1.0,0.640973630831643,0.0,1.0,0.5,0.6284456276218585,0.0,,0.0,0.0
1.0,1,3,1,0.0,1.0,0.6402439024390244,0.0,1.0,0.5,0.6188597538816265,0.0,,0.0,0.0
1.0,1,4,1,0.0,1.0,0.6402439024390244,0.0,1.0,0.5,0.6568362024466208,0.0,,0.0,0.0
1.0,1,5,1,0.0,1.0,0.6402439024390244,0.0,1.0,0.5,0.6599564070072074,0.0,,0.0,0.0
0.1,1,1,2,0.6440677966101694,0.8449367088607594,0.7728194726166329,0.4976618934114521,1.0,0.7445022527354646,0.7287188632057685,0.737696769920404,0.6993865030674846,0.6705882352941176,0.4986459119211277
0.1,1,2,2,0.672316384180791,0.8132911392405063,0.7626774847870182,0.4850048659410909,1.0,0.7428037617106487,0.7217377190917713,0.7394517956029679,0.6685393258426966,0.6704225352112676,0.48500956441628895
0.1,1,3,2,0.672316384180791,0.7555555555555555,0.725609756097561,0.4180422668489117,1.0,0.7139359698681733,0.647571551636254,0.7127218104974898,0.6071428571428571,0.6380697050938338,0.41945157051490056
0.1,1,4,2,0.6949152542372882,0.8222222222222222,0.7764227642276422,0.5158606623369653,1.0,0.7585687382297552,0.6568318305869958,0.755893355305564,0.6871508379888268,0.6910112359550562,0.5158806491255861
0.1,1,5,2,0.6779661016949152,0.8095238095238095,0.7621951219512195,0.4856867159858476,1.0,0.7437449556093624,0.7012889882470223,0.7408304133687238,0.6666666666666666,0.6722689075630253,0.4857289545503227
0.11,1,1,2,0.6497175141242938,0.8481012658227848,0.7768762677484787,0.5066322167433905,1.0,0.7489093899735393,0.7127148803582104,0.7423114212754958,0.7055214723926381,0.6764705882352942,0.507633972122843
0.11,1,2,2,0.6779661016949152,0.8132911392405063,0.7647058823529411,0.4900394143139946,1.0,0.7456286204677107,0.7159451474128189,0.7425522360170378,0.6703910614525139,0.6741573033707865,0.49005835708168083
0.11,1,3,2,0.6666666666666666,0.7555555555555555,0.7235772357723578,0.4130217379862099,1.0,0.711111111111111,0.6664009728867961,0.7097208632298361,0.6051282051282051,0.6344086021505376,0.4142737989683506
0.11,1,4,2,0.6949152542372882,0.8253968253968254,0.7784552845528455,0.5196689595872743,1.0,0.7601560398170568,0.6728009254816681,0.7573512030539632,0.6910112359550562,0.6929577464788732,0.5196740054033525
0.11,1,5,2,0.6779661016949152,0.8095238095238095,0.7621951219512195,0.4856867159858476,1.0,0.7437449556093624,0.6960020177794404,0.7408304133687238,0.6666666666666666,0.6722689075630253,0.4857289545503227
0.12,1,1,2,0.6440677966101694,0.8575949367088608,0.7809330628803245,0.5131398474790145,1.0,0.7508313666595151,0.7230230189924791,0.7432020460615765,0.7169811320754716,0.6785714285714286,0.5148375548374704
0.12,1,2,2,0.6836158192090396,0.8164556962025317,0.768762677484787,0.4988318382051327,1.0,0.7500357577057857,0.7037067113582507,0.7470890372689057,0.6759776536312849,0.6797752808988764,0.49885112084924166
0.12,1,3,2,0.6666666666666666,0.765079365079365,0.7296747967479674,0.42387744321183296,1.0,0.7158730158730158,0.6659662914982771,0.7141798863402063,0.6145833333333334,0.6395663956639567,0.4247750727548198
0.12,1,4,2,0.6949152542372882,0.8253968253968254,0.7784552845528455,0.5196689595872743,1.0,0.7601560398170568,0.6604487819397368,0.7573512030539632,0.6910112359550562,0.6929577464788732,0.5196740054033525
0.12,1,5,2,0.672316384180791,0.819047619047619,0.766260162601626,0.4919728477534747,1.0,0.745682001614205,0.7016906399660681,0.7420641035045296,0.6761363636363636,0.6742209631728046,0.4919776483550529
0.13,1,1,2,0.6440677966101694,0.8670886075949367,0.7870182555780934,0.5248519895360044,1.0,0.755578202102553,0.7258265489609289,0.7473043884251254,0.7307692307692307,0.6846846846846847,0.5272380331732894
0.13,1,2,2,0.6836158192090396,0.8164556962025317,0.768762677484787,0.4988318382051327,1.0,0.7500357577057857,0.7180019275256223,0.7470890372689057,0.6759776536312849,0.6797752808988764,0.49885112084924166
0.13,1,3,2,0.6779661016949152,0.7746031746031746,0.7398373983739838,0.44486169143703397,1.0,0.7262846381490449,0.6635347472561361,0.7246755788945975,0.6282722513089005,0.6521739130434783,0.44568400302777783
0.13,1,4,2,0.6836158192090396,0.8285714285714286,0.7764227642276422,0.513458115324451,1.0,0.756093623890234,0.6610150160433486,0.7526118095778603,0.6914285714285714,0.6875,0.5134782069744611
0.13,1,5,2,0.6666666666666666,0.8222222222222222,0.766260162601626,0.49071073666018566,1.0,0.7444444444444445,0.7056212206549652,0.7403702777314525,0.6781609195402298,0.6723646723646723,0.49075405072411554
0.13999999999999999,1,1,2,0.655367231638418,0.8670886075949367,0.7910750507099391,0.5350887633557034,1.0,0.7612279196166774,0.7293589187343508,0.7538311882276457,0.7341772151898734,0.6925373134328359,0.5370674289858597
0.13999999999999999,1,2,2,0.6949152542372882,0.819620253164557,0.7748478701825557,0.5126245758409703,1.0,0.7572677537009226,0.7201518543832954,0.7546963737860932,0.6833333333333333,0.6890756302521008,0.5126690543019597
0.13999999999999999,1,3,2,0.6779661016949152,0.7777777777777778,0.741869918699187,0.44852785426816344,1.0,0.7278719397363465,0.6673778410797176,0.7261590514377233,0.631578947368421,0.6539509536784741,0.4492442043373818
0.13999999999999999,1,4,2,0.6836158192090396,0.8285714285714286,0.7764227642276422,0.513458115324451,1.0,0.756093623890234,0.6622902371396749,0.7526118095778603,0.6914285714285714,0.6875,0.5134782069744611
0.13999999999999999,1,5,2,0.672316384180791,0.8285714285714286,0.7723577235772358,0.5033796571675768,1.0,0.7504439063761097,0.7107716960852123,0.7463659604327193,0.6878612716763006,0.68,0.5034588527748896
0.14999999999999997,1,1,2,0.6497175141242938,0.8765822784810127,0.795131845841785,0.5417836141606928,1.0,0.7631498963026533,0.7328594063466133,0.7546726832873263,0.7467532467532467,0.6948640483383686,0.5447574318878332
0.14999999999999997,1,2,2,0.6836158192090396,0.819620253164557,0.77079107505071,0.5026115371909682,1.0,0.7516180361867983,0.7238562549539203,0.7485354840001969,0.6797752808988764,0.6816901408450704,0.5026164062304512
0.14999999999999997,1,3,2,0.6836158192090396,0.7841269841269841,0.7479674796747967,0.4608981496209108,1.0,0.7338714016680119,0.6718306716047835,0.7321486260438395,0.6402116402116402,0.6612021857923497,0.4615266758411353
0.14999999999999997,1,4,2,0.6892655367231638,0.8253968253968254,0.7764227642276422,0.5146623621199892,1.0,0.7573311810599945,0.6628880497052325,0.7542662566141604,0.6892655367231638,0.6892655367231638,0.5146623621199893
0.14999999999999997,1,5,2,0.6779661016949152,0.8444444444444444,0.7845528455284553,0.5276343676974077,1.0,0.7612052730696799,0.7142425901363985,0.7566404087133652,0.7100591715976331,0.6936416184971098,0.5279699832831851
0.15999999999999998,1,1,2,0.6497175141242938,0.879746835443038,0.7971602434077079,0.5457393483709272,1.0,0.764732174783666,0.7352397038351487,0.7560336811166317,0.7516339869281046,0.696969696969697,0.5490118565294372
0.15999999999999998,1,2,2,0.6836158192090396,0.8322784810126582,0.7789046653144016,0.517824616185272,1.0,0.7579471501108489,0.7269605200545977,0.7542935341148852,0.6954022988505747,0.6894586894586895,0.5178702208900782
0.15999999999999998,1,3,2,0.6836158192090396,0.7904761904761904,0.7520325203252033,0.4682965718841351,1.0,0.7370460048426151,0.6750501385106523,0.7351068143593975,0.6470588235294118,0.6648351648351648,0.46874195060112517
0.15999999999999998,1,4,2,0.6779661016949152,0.8253968253968254,0.7723577235772358,0.504611899239441,1.0,0.7516814635458703,0.6648357208695002,0.7480581983145725,0.6857142857142857,0.6818181818181818,0.5046316447364307
0.15999999999999998,1,5,2,0.6779661016949152,0.8539682539682539,0.790650406504065,0.539275583678813,1.0,0.7659671778315846,0.7170120496029313,0.7608952149370308,0.7228915662650602,0.6997084548104956,0.5399295623489828
0.16999999999999998,1,1,2,0.6497175141242938,0.8860759493670886,0.8012170385395537,0.5536812933025403,1.0,0.7678967317456913,0.7399344685118989,0.7587483529788439,0.7615894039735099,0.7012195121951219,0.5576042289662674
0.16999999999999998,1,2,2,0.6779661016949152,0.8417721518987342,0.7829614604462475,0.5242986355971179,1.0,0.7598691267968247,0.7292505348888528,0.7554422442107172,0.7058823529411765,0.69164265129683,0.5245527104306749
0.16999999999999998,1,3,2,0.6779661016949152,0.7968253968253968,0.7540650406504065,0.4707137522671503,1.0,0.737395749260156,0.6779289249806443,0.7349970122505385,0.6521739130434783,0.6648199445983379,0.4709345725541118
0.16999999999999998,1,4,2,0.672316384180791,0.8253968253968254,0.7703252032520326,0.4995679412400087,1.0,0.7488566047888081,0.6652734267059801,0.7449347683959296,0.6839080459770115,0.6780626780626781,0.49961203711182794
0.16999999999999998,1,5,2,0.6779661016949152,0.8634920634920635,0.7967479674796748,0.5510047637299458,1.0,0.7707290825934894,0.7213804692096146,0.7651263608909398,0.7361963190184049,0.7058823529411765,0.5520965917910967
0.17999999999999997,1,1,2,0.6440677966101694,0.8892405063291139,0.8012170385395537,0.5525321379616936,1.0,0.7666541514696417,0.7407330166754051,0.7567900458964189,0.7651006711409396,0.6993865030674846,0.5571038556265379
0.17999999999999997,1,2,2,0.6779661016949152,0.8449367088607594,0.7849898580121704,0.5281529904651834,1.0,0.7614514052778374,0.7323132506240853,0.7568609163414772,0.7100591715976331,0.6936416184971098,0.5284881979504938
0.17999999999999997,1,3,2,0.6779661016949152,0.7968253968253968,0.7540650406504065,0.4707137522671503,1.0,0.737395749260156,0.6838120041545392,0.7349970122505385,0.6521739130434783,0.6648199445983379,0.4709345725541118
0.17999999999999997,1,4,2,0.672316384180791,0.8253968253968254,0.7703252032520326,0.4995679412400087,1.0,0.7488566047888081,0.6655529614568263,0.7449347683959296,0.6839080459770115,0.6780626780626781,0.49961203711182794
0.17999999999999997,1,5,2,0.6666666666666666,0.8698412698412699,0.7967479674796748,0.5487314952396676,1.0,0.7682539682539682,0.7241316895991785,0.7615078331141315,0.7421383647798742,0.7023809523809523,0.5505507796450716
0.18999999999999995,1,1,2,0.632768361581921,0.8987341772151899,0.8032454361054767,0.5542287722438175,1.0,0.7657512693985554,0.7465372250982161,0.7541157423195272,0.7777777777777778,0.6978193146417445,0.5607142046714086
0.18999999999999995,1,2,2,0.6836158192090396,0.8512658227848101,0.7910750507099391,0.5409309936445083,1.0,0.7674408209969248,0.73518107744672,0.7628491219157921,0.7202380952380952,0.7014492753623188,0.5413667090039482
0.18999999999999995,1,3,2,0.6779661016949152,0.8031746031746032,0.758130081300813,0.4781818181818183,1.0,0.7405703524347592,0.6874775696393983,0.7379194771075271,0.6593406593406593,0.6685236768802229,0.47829679338241704
0.18999999999999995,1,4,2,0.6610169491525424,0.8285714285714286,0.7682926829268293,0.4932509351114002,1.0,0.7447941888619855,0.6660862404591187,0.740067400896195,0.6842105263157895,0.6724137931034483,0.49342646392047695
0.18999999999999995,1,5,2,0.6666666666666666,0.8761904761904762,0.8008130081300813,0.5566344827586206,1.0,0.7714285714285714,0.7272398644385151,0.7642820056281477,0.7515923566878981,0.7065868263473054,0.5589271897471759
0.19999999999999996,1,1,2,0.6271186440677966,0.8955696202531646,0.7991886409736308,0.5450376129086384,1.0,0.7613441321604806,0.7515415016576085,0.7494187120171715,0.7708333333333334,0.6915887850467289,0.5514154929214421
0.19999999999999996,1,2,2,0.6836158192090396,0.8544303797468354,0.7931034482758621,0.5448159747995005,1.0,0.7690230994779375,0.737469910878569,0.764265741746759,0.7245508982035929,0.7034883720930233,0.545359278638805
0.19999999999999996,1,3,2,0.672316384180791,0.8095238095238095,0.7601626016260162,0.4806505286887446,1.0,0.7409200968523002,0.6899773924209078,0.7377371622246686,0.664804469273743,0.6685393258426966,0.48066915127662296
0.19999999999999996,1,4,2,0.6610169491525424,0.8380952380952381,0.774390243902439,0.504733920992491,1.0,0.7495560936238903,0.6676588027816175,0.7443085095476122,0.6964285714285714,0.6782608695652174,0.5051413710278523
0.19999999999999996,1,5,2,0.6610169491525424,0.873015873015873,0.7967479674796748,0.5475862068965518,1.0,0.7670164110842077,0.7309358546769079,0.7596566915012963,0.7452229299363057,0.7005988023952096,0.5498416451819527
0.20999999999999996,1,1,2,0.6271186440677966,0.9018987341772152,0.8032454361054767,0.5530705894447613,1.0,0.7645086891225059,0.7557462702908239,0.752062172472248,0.7816901408450704,0.6959247648902821,0.5604054922424988
0.20999999999999996,1,2,2,0.6779661016949152,0.8575949367088608,0.7931034482758621,0.5436676467385386,1.0,0.7677805192018881,0.7417368255122341,0.762509210484571,0.7272727272727273,0.7017543859649122,0.5444528248781824
0.20999999999999996,1,3,2,0.6892655367231638,0.8063492063492064,0.7642276422764228,0.4919617582652354,1.0,0.747807371536185,0.6908188355346443,0.7455123865507419,0.6666666666666666,0.6777777777777778,0.49213170220017965
0.20999999999999996,1,4,2,0.655367231638418,0.8444444444444444,0.7764227642276422,0.5073461139330383,1.0,0.7499058380414312,0.6692536158822613,0.7439228574442363,0.703030303030303,0.6783625730994152,0.5080804204081247
0.20999999999999996,1,5,2,0.655367231638418,0.8761904761904762,0.7967479674796748,0.546435090436418,1.0,0.7657788539144471,0.7341641047443663,0.7577773596307161,0.7483870967741936,0.6987951807228916,0.5491759760270435
0.21999999999999995,1,1,2,0.615819209039548,0.9018987341772152,0.7991886409736308,0.5426673288293776,1.0,0.7588589716083816,0.7590969399263413,0.7452560399720235,0.7785714285714286,0.6876971608832808,0.550772212427562
0.21999999999999995,1,2,2,0.6892655367231638,0.8575949367088608,0.7971602434077079,0.5537411517642159,1.0,0.7734302367160123,0.7452538267489047,0.7688371962526921,0.7305389221556886,0.7093023255813954,0.554293356008677
0.21999999999999995,1,3,2,0.6836158192090396,0.8126984126984127,0.766260162601626,0.49447839605446553,1.0,0.7481571159537261,0.6921885552953935,0.7453680239765531,0.6722222222222223,0.6778711484593838,0.494521399202227
0.21999999999999995,1,4,2,0.6440677966101694,0.8444444444444444,0.7723577235772358,0.4971253353775392,1.0,0.7442561205273069,0.6702033007964853,0.7374818456701371,0.6993865030674846,0.6705882352941176,0.4981104001660903
0.21999999999999995,1,5,2,0.6497175141242938,0.8793650793650793,0.7967479674796748,0.5452781012588034,1.0,0.7645412967446865,0.7402351556854425,0.7558696272326277,0.7516339869281046,0.696969696969697,0.5485545469940791
0.22999999999999995,1,1,2,0.6214689265536724,0.8987341772151899,0.7991886409736308,0.5438555500518697,1.0,0.7601015518844312,0.7612161500911798,0.747352235810546,0.7746478873239436,0.6896551724137931,0.5510682416535789
0.22999999999999995,1,2,2,0.6949152542372882,0.8607594936708861,0.8012170385395537,0.5626663287289316,1.0,0.7778373739540871,0.7487052879496056,0.7734047468056188,0.7365269461077845,0.7151162790697675,0.5632274333785492
0.22999999999999995,1,3,2,0.6836158192090396,0.8253968253968254,0.774390243902439,0.5096433573968322,1.0,0.7545063223029325,0.6931521552195525,0.7511686408298681,0.6875,0.6855524079320113,0.5096483304247482
0.22999999999999995,1,4,2,0.632768361581921,0.8539682539682539,0.774390243902439,0.49845713026228794,1.0,0.7433683077750874,0.6726327518730606,0.7350946149350204,0.7088607594936709,0.6686567164179105,0.5003042027839559
0.22999999999999995,1,5,2,0.6384180790960452,0.873015873015873,0.7886178861788617,0.5270892253091554,1.0,0.7557169760559591,0.7431203375771457,0.7465581803658377,0.738562091503268,0.6848484848484848,0.5302563784377832
0.23999999999999994,1,1,2,0.6214689265536724,0.9018987341772152,0.8012170385395537,0.547875725247988,1.0,0.7616838303654438,0.761396927101436,0.7486668405834667,0.7801418439716312,0.6918238993710691,0.5555922385935697
0.23999999999999994,1,2,2,0.6892655367231638,0.8639240506329114,0.8012170385395537,0.5615630331409488,1.0,0.7765947936780375,0.751314550032731,0.771669018716926,0.7393939393939394,0.7134502923976608,0.5623740562362157
0.23999999999999994,1,3,2,0.672316384180791,0.8285714285714286,0.7723577235772358,0.5033796571675768,1.0,0.7504439063761097,0.6934399295756549,0.7463659604327193,0.6878612716763006,0.68,0.5034588527748896
0.23999999999999994,1,4,2,0.6271186440677966,0.8507936507936508,0.7703252032520326,0.48942032179854544,1.0,0.7389561474307237,0.6750408270646653,0.7304440845589789,0.7025316455696202,0.6626865671641791,0.49123390770805847
0.23999999999999994,1,5,2,0.632768361581921,0.8761904761904762,0.7886178861788617,0.5258798020792794,1.0,0.7544794188861985,0.7476554158674079,0.7445976175443558,0.7417218543046358,0.6829268292682927,0.5296133294009266
0.24999999999999992,1,1,2,0.632768361581921,0.9177215189873418,0.8154158215010142,0.5785255958588165,1.0,0.7752449402846313,0.761772638299488,0.7620401183389836,0.8115942028985508,0.7111111111111111,0.5882010489874675
0.24999999999999992,1,2,2,0.6892655367231638,0.870253164556962,0.8052738336713996,0.569424480066959,1.0,0.7797593506400629,0.7556206162239544,0.774490487064487,0.7484662576687117,0.7176470588235294,0.5705503935348504
0.24999999999999992,1,3,2,0.6610169491525424,0.8285714285714286,0.7682926829268293,0.4932509351114002,1.0,0.7447941888619855,0.6958278030934707,0.740067400896195,0.6842105263157895,0.6724137931034483,0.49342646392047695
0.24999999999999992,1,4,2,0.6271186440677966,0.8507936507936508,0.7703252032520326,0.48942032179854544,1.0,0.7389561474307237,0.6780156239520339,0.7304440845589789,0.7025316455696202,0.6626865671641791,0.49123390770805847
0.24999999999999992,1,5,2,0.632768361581921,0.8761904761904762,0.7886178861788617,0.5258798020792794,1.0,0.7544794188861985,0.7534837483422585,0.7445976175443558,0.7417218543046358,0.6829268292682927,0.5296133294009266
0.2599999999999999,1,1,2,0.632768361581921,0.9208860759493671,0.8174442190669371,0.5826121312462371,1.0,0.776827218765644,0.7629575183542919,0.7633528499207202,0.8175182481751825,0.7133757961783439,0.5929030399169065
0.2599999999999999,1,2,2,0.6836158192090396,0.879746835443038,0.8093306288032455,0.576251348731735,1.0,0.7816813273260388,0.7614784552483271,0.7755055471161716,0.7610062893081762,0.7202380952380952,0.578157858545518
0.2599999999999999,1,3,2,0.6666666666666666,0.8317460317460318,0.7723577235772358,0.50214126958313,1.0,0.7492063492063492,0.6964481148044656,0.7446457912976844,0.6900584795321637,0.6781609195402298,0.5023199621162081
0.2599999999999999,1,4,2,0.6214689265536724,0.8571428571428571,0.7723577235772358,0.4920073012887881,1.0,0.7393058918482648,0.6798500860412823,0.7298545412146993,0.7096774193548387,0.6626506024096386,0.4944751803583917
0.2599999999999999,1,5,2,0.6271186440677966,0.8825396825396825,0.790650406504065,0.5286304275030694,1.0,0.7548291633037396,0.7564944041807442,0.7439469665576366,0.75,0.683076923076923,0.5333483489824582
0.2699999999999999,1,1,2,0.632768361581921,0.9272151898734177,0.821501014198783,0.5908173466885481,1.0,0.7799917757276693,0.7673063952397784,0.7659715637868498,0.8296296296296296,0.717948717948718,0.6024167620564289
0.2699999999999999,1,2,2,0.672316384180791,0.8924050632911392,0.8133874239350912,0.582080200501253,1.0,0.7823607237359651,0.765003904223197,0.7745828202177794,0.7777777777777778,0.7212121212121212,0.5855706253913285
0.2699999999999999,1,3,2,0.6666666666666666,0.8317460317460318,0.7723577235772358,0.50214126958313,1.0,0.7492063492063492,0.6990776638004101,0.7446457912976844,0.6900584795321637,0.6781609195402298,0.5023199621162081
0.2699999999999999,1,4,2,0.6271186440677966,0.8571428571428571,0.774390243902439,0.4971826317533975,1.0,0.742130750605327,0.6843389397400862,0.733164556115355,0.7115384615384616,0.6666666666666666,0.49944758350909085
0.2699999999999999,1,5,2,0.6101694915254238,0.8857142857142857,0.7865853658536586,0.5169976438909458,1.0,0.7479418886198548,0.7618576702672748,0.7351434114178604,0.75,0.6728971962616822,0.5230593173929357
0.2799999999999999,1,1,2,0.615819209039548,0.9240506329113924,0.8133874239350912,0.5710935431402957,1.0,0.7699349209754702,0.7654986027270623,0.7543527887348117,0.8195488721804511,0.7032258064516129,0.5835017613550094
0.2799999999999999,1,2,2,0.6610169491525424,0.8955696202531646,0.8113590263691683,0.5759080944584732,1.0,0.7782932847028534,0.7735919010552257,0.7694067182793817,0.78,0.7155963302752294,0.5803235666631728
0.2799999999999999,1,3,2,0.6497175141242938,0.8285714285714286,0.7642276422764228,0.4830715721971633,1.0,0.7391444713478612,0.7021907568683136,0.733714773495698,0.6804733727810651,0.6647398843930635,0.48337884245588963
0.2799999999999999,1,4,2,0.6101694915254238,0.8666666666666667,0.774390243902439,0.49331997327989324,1.0,0.7384180790960453,0.6868002140276421,0.7271956815892363,0.72,0.6605504587155964,0.49710989488883855
0.2799999999999999,1,5,2,0.6101694915254238,0.8984126984126984,0.7947154471544715,0.5329874816736212,1.0,0.7542910949690611,0.7684118484902147,0.7403945025258225,0.7714285714285715,0.6813880126182965,0.5409631820410452
0.2899999999999999,1,1,2,0.6101694915254238,0.9240506329113924,0.8113590263691683,0.5658608641308979,1.0,0.7671100622184082,0.7620396438146512,0.7508844816796325,0.8181818181818182,0.6990291262135923,0.5787751178832358
0.2899999999999999,1,2,2,0.6384180790960452,0.8987341772151899,0.8052738336713996,0.5593952483801296,1.0,0.7685761281556176,0.7778943871755932,0.7574748491109696,0.7793103448275862,0.7018633540372671,0.5655277961696334
0.2899999999999999,1,3,2,0.632768361581921,0.8444444444444444,0.7682926829268293,0.4868529395619477,1.0,0.7386064030131827,0.7042471125801593,0.7309840816037423,0.6956521739130435,0.6627218934911243,0.48812051930263445
0.2899999999999999,1,4,2,0.5932203389830508,0.8698412698412699,0.7703252032520326,0.4815353625783349,1.0,0.7315308044121603,0.6896217922461059,0.7183366431950172,0.7191780821917808,0.6501547987616099,0.48648136513979895
0.2899999999999999,1,5,2,0.5875706214689266,0.9047619047619048,0.790650406504065,0.5200045464878381,1.0,0.7461662631154157,0.7736365512296739,0.7291169416920458,0.7761194029850746,0.6688102893890675,0.5307701935432727
0.29999999999999993,1,1,2,0.6045197740112994,0.930379746835443,0.8133874239350912,0.5688265267320707,1.0,0.7674497604233712,0.7623255199062949,0.7499553015357995,0.8294573643410853,0.6993464052287581,0.583790248529659
0.29999999999999993,1,2,2,0.6384180790960452,0.9050632911392406,0.8093306288032455,0.5674550579626277,1.0,0.7717406851176428,0.7787116000830034,0.760137334821451,0.7902097902097902,0.70625,0.5745301114817614
0.29999999999999993,1,3,2,0.632768361581921,0.8539682539682539,0.774390243902439,0.49845713026228794,1.0,0.7433683077750874,0.7060499226715428,0.7350946149350204,0.7088607594936709,0.6686567164179105,0.5003042027839559
0.29999999999999993,1,4,2,0.576271186440678,0.8825396825396825,0.7723577235772358,0.4814522048444469,1.0,0.7294054344901802,0.6949420012940988,0.7131494863898606,0.7338129496402878,0.6455696202531646,0.4890810712744645
0.29999999999999993,1,5,2,0.559322033898305,0.9111111111111111,0.7845528455284553,0.50146257527961,1.0,0.7352165725047081,0.7787966470351743,0.7138658976124376,0.7795275590551181,0.6513157894736842,0.5159308893333158
0.30999999999999994,1,1,2,0.5932203389830508,0.9335443037974683,0.8113590263691683,0.5624051539012169,1.0,0.7633823213902595,0.7654579904004346,0.744175697234484,0.8333333333333334,0.693069306930693,0.5793332922397144
0.30999999999999994,1,2,2,0.6271186440677966,0.9177215189873418,0.8133874239350912,0.5733368452739313,1.0,0.7724200815275692,0.7782143590260351,0.7586305257628251,0.8102189781021898,0.7070063694267515,0.5834639208973361
0.30999999999999994,1,3,2,0.6271186440677966,0.8571428571428571,0.774390243902439,0.4971826317533975,1.0,0.742130750605327,0.70479361475376,0.733164556115355,0.7115384615384616,0.6666666666666666,0.49944758350909085
0.30999999999999994,1,4,2,0.559322033898305,0.8888888888888888,0.7703252032520326,0.4734030461468517,1.0,0.7241054613935969,0.6977110920665965,0.7051064751106302,0.7388059701492538,0.6366559485530546,0.4832039029743674
0.30999999999999994,1,5,2,0.5423728813559322,0.9142857142857143,0.7804878048780488,0.48936170212765967,1.0,0.7283292978208232,0.7799201808725998,0.7041901570170584,0.7804878048780488,0.64,0.5061366753560108
0.3199999999999999,1,1,2,0.5819209039548022,0.9335443037974683,0.8073022312373225,0.5518053149851191,1.0,0.7577326038761353,0.7628758849944091,0.7370542348753444,0.8306451612903226,0.6843853820598007,0.5699089875989228
0.3199999999999999,1,2,2,0.5932203389830508,0.9208860759493671,0.8032454361054767,0.5459931074422536,1.0,0.757053207466209,0.7769192075642226,0.7391132187557297,0.8076923076923077,0.6840390879478827,0.5597037398115273
0.3199999999999999,1,3,2,0.5988700564971752,0.8698412698412699,0.7723577235772358,0.48678401788208986,1.0,0.7343556631692225,0.7043046519917762,0.721749188024078,0.7210884353741497,0.654320987654321,0.4914497782832284
0.3199999999999999,1,4,2,0.536723163841808,0.9047619047619048,0.7723577235772358,0.4718500201276669,1.0,0.7207425343018563,0.7019012326417049,0.6968548428814642,0.76,0.6291390728476821,0.4867095763824169
0.3199999999999999,1,5,2,0.5141242937853108,0.9238095238095239,0.7764227642276422,0.4743283408124015,1.0,0.7189669087974173,0.7786281928357655,0.6891682806257958,0.7913043478260869,0.6232876712328768,0.49662753837464346
0.32999999999999985,1,1,2,0.5084745762711864,0.9430379746835443,0.7870182555780934,0.4938546830541786,1.0,0.7257562754773654,0.7651771867083559,0.6924672083101503,0.8333333333333334,0.631578947368421,0.5236700776365776
0.32999999999999985,1,2,2,0.5254237288135594,0.9272151898734177,0.7829614604462475,0.48976157082748956,1.0,0.7263194593434885,0.7704054330158917,0.6979834256455261,0.8017241379310345,0.6348122866894198,0.5118967796406351
0.32999999999999985,1,3,2,0.5536723163841808,0.8857142857142857,0.766260162601626,0.4640827460786542,1.0,0.7196933010492332,0.7027224944025148,0.7002824288999322,0.7313432835820896,0.6302250803858521,0.4736906448605863
0.32999999999999985,1,4,2,0.4915254237288136,0.9111111111111111,0.7601626016260162,0.43609767468966715,1.0,0.7013182674199623,0.7006881071113182,0.669204210202625,0.7565217391304347,0.5958904109589042,0.4565995662436979
0.32999999999999985,1,5,2,0.4689265536723164,0.9301587301587302,0.7642276422764228,0.4381239293519997,1.0,0.6995426419155233,0.7759488263896602,0.6604363161589097,0.7904761904761904,0.5886524822695035,0.46747403266919324
0.33999999999999986,1,1,2,0.4632768361581921,0.9525316455696202,0.7768762677484787,0.4617049154292068,1.0,0.7079042408639061,0.7598446645630084,0.6642934946994815,0.845360824742268,0.5985401459854015,0.5017530929554087
0.33999999999999986,1,2,2,0.4689265536723164,0.9367088607594937,0.768762677484787,0.44671090196696134,1.0,0.702817707215905,0.765456432943014,0.6627576162295467,0.8058252427184466,0.5928571428571429,0.4786467596292515
0.33999999999999986,1,3,2,0.4915254237288136,0.9079365079365079,0.758130081300813,0.432080083808637,1.0,0.6997309658326607,0.7010572693559212,0.6680373318777562,0.75,0.5938566552901023,0.45164207161244063
0.33999999999999986,1,4,2,0.4519774011299435,0.9174603174603174,0.75,0.4050259556394526,1.0,0.6847188592951304,0.7004712722977835,0.6439497883574209,0.7547169811320755,0.5653710247349824,0.4312573985169342
0.33999999999999986,1,5,2,0.4350282485875706,0.9523809523809523,0.766260162601626,0.432952495490078,1.0,0.6937046004842615,0.7730442302848913,0.6436712031017452,0.8369565217391305,0.5724907063197026,0.47685674692743946
0.34999999999999987,1,1,2,0.3954802259887006,0.9620253164556962,0.7586206896551724,0.40535582156721633,1.0,0.6787527712221983,0.7590382163979396,0.6168160094864188,0.8536585365853658,0.5405405405405406,0.46055883348931975
0.34999999999999987,1,2,2,0.4350282485875706,0.9525316455696202,0.7667342799188641,0.43332766944197354,1.0,0.6937799470785955,0.7610659652834249,0.6437221244422071,0.8369565217391305,0.5724907063197026,0.47720271198069947
0.34999999999999987,1,3,2,0.4293785310734463,0.9238095238095239,0.7459349593495935,0.39038896157963615,1.0,0.6765940274414851,0.6985810746727554,0.6298126517663751,0.76,0.5487364620938628,0.4212160231787686
0.34999999999999987,1,4,2,0.4293785310734463,0.9301587301587302,0.75,0.3984971374045802,1.0,0.6797686306160883,0.6970809141085845,0.6319732503996491,0.7755102040816326,0.5527272727272727,0.43204070609767287
0.34999999999999987,1,5,2,0.4011299435028249,0.9619047619047619,0.7601626016260162,0.4108262802167691,1.0,0.6815173527037934,0.7715269125924991,0.6211672905087287,0.8554216867469879,0.5461538461538461,0.46525318471036853
0.3599999999999999,1,1,2,0.3389830508474576,0.9651898734177216,0.7403651115618661,0.3503140121486667,1.0,0.6520864621325896,0.7587847630244606,0.5719991328124638,0.8450704225352113,0.4838709677419355,0.4155902284529375
0.3599999999999999,1,2,2,0.3615819209039548,0.9620253164556962,0.7464503042596349,0.37004855609506776,1.0,0.6618036186798255,0.7564146247169712,0.589788912986914,0.8421052631578947,0.5059288537549407,0.4299060696336652
0.3599999999999999,1,3,2,0.3672316384180791,0.9301587301587302,0.7276422764227642,0.33466545564638206,1.0,0.6486951842884047,0.6933609659179246,0.5844516356937248,0.7471264367816092,0.49242424242424243,0.37409479987746663
0.3599999999999999,1,4,2,0.3785310734463277,0.946031746031746,0.741869918699187,0.36677611577283215,1.0,0.6622814097390368,0.6937767258285371,0.5984165876207815,0.7976190476190477,0.5134099616858238,0.41397198606019747
0.3599999999999999,1,5,2,0.3559322033898305,0.9714285714285714,0.75,0.376252319109462,1.0,0.663680387409201,0.7710809940188297,0.5880159112340471,0.875,0.5060240963855421,0.4445060297851904
0.3699999999999999,1,1,2,0.2994350282485876,0.9651898734177216,0.7261663286004056,0.30785070249695795,1.0,0.6323124508331546,0.7567315074035116,0.5375980440925042,0.828125,0.43983402489626555,0.3776958831214063
0.3699999999999999,1,2,2,0.327683615819209,0.9683544303797469,0.7383367139959433,0.342415187203375,1.0,0.648019023099478,0.7515197325724523,0.5633062054880862,0.8529411764705882,0.47346938775510206,0.4118402438680369
0.3699999999999999,1,3,2,0.3163841807909605,0.9396825396825397,0.7154471544715447,0.2930599174826037,1.0,0.62803336023675,0.6917243496636243,0.545252868420726,0.7466666666666667,0.4444444444444444,0.34189786612629774
0.3699999999999999,1,4,2,0.3389830508474576,0.9523809523809523,0.7317073170731707,0.3334564936264548,1.0,0.645682001614205,0.692077665693504,0.5681909897271361,0.8,0.47619047619047616,0.3890264646089309
0.3699999999999999,1,5,2,0.3163841807909605,0.9841269841269841,0.7439024390243902,0.3508827040271407,1.0,0.6502555824589723,0.7705639848766017,0.5579983957569183,0.9180327868852459,0.47058823529411764,0.43762182155887264
0.3799999999999999,1,1,2,0.22598870056497175,0.9778481012658228,0.7079107505070994,0.24310723500437123,1.0,0.6019184009153973,0.7565705402821447,0.4700878872668261,0.851063829787234,0.35714285714285715,0.3329633350190116
0.3799999999999999,1,2,2,0.24858757062146894,0.9746835443037974,0.7139959432048681,0.2643270645260295,1.0,0.6116355574626332,0.7484564688646543,0.4922339021270314,0.8461538461538461,0.38427947598253276,0.3486918117139721
0.3799999999999999,1,3,2,0.2768361581920904,0.946031746031746,0.7052845528455285,0.25835828343313394,1.0,0.6114339521119182,0.6879566662361674,0.5117575540225898,0.7424242424242424,0.40329218106995884,0.31384316285053115
0.3799999999999999,1,4,2,0.2937853107344633,0.9587301587301588,0.7195121951219512,0.29314760447248406,1.0,0.626257734732311,0.688606470393998,0.5307172859376648,0.8,0.4297520661157025,0.35789800951276846
0.3799999999999999,1,5,2,0.2598870056497175,0.9904761904761905,0.7276422764227642,0.2974873729301196,1.0,0.625181598062954,0.7692467756064769,0.5073577547551593,0.9387755102040817,0.40707964601769914,0.40124764277273833
0.3899999999999999,1,1,2,0.1751412429378531,0.9841772151898734,0.6937119675456389,0.19316100363084582,1.0,0.5796592290638632,0.7563487587043882,0.4151746870167657,0.8611111111111112,0.29107981220657275,0.29375611693184445
0.3899999999999999,1,2,2,0.1751412429378531,0.9841772151898734,0.6937119675456389,0.19316100363084582,1.0,0.5796592290638632,0.7457109767457942,0.4151746870167657,0.8611111111111112,0.29107981220657275,0.29375611693184445
0.3899999999999999,1,3,2,0.23728813559322035,0.9619047619047619,0.7012195121951219,0.23495811119573484,1.0,0.5995964487489911,0.6871258457632761,0.4777536892276411,0.7777777777777778,0.36363636363636365,0.3058312247277229
0.3899999999999999,1,4,2,0.24858757062146894,0.9619047619047619,0.7052845528455285,0.24756359954436152,1.0,0.6052461662631154,0.6863896586193298,0.4889964907145319,0.7857142857142857,0.3776824034334764,0.3180833470446028
0.3899999999999999,1,5,2,0.24293785310734464,0.9936507936507937,0.7235772357723578,0.2827834587433277,1.0,0.6182943233790692,0.767312545267184,0.49132004899854526,0.9555555555555556,0.38738738738738737,0.39389075880574154
0.3999999999999998,1,1,2,0.14124293785310735,0.9936708860759493,0.6876267748478702,0.16582064297800322,1.0,0.5674569119645283,0.7550478403620007,0.3746318128622654,0.9259259259259259,0.24509803921568626,0.28445383019179443
0.3999999999999998,1,2,2,0.14689265536723164,0.9873417721518988,0.6855983772819473,0.1642331375572836,1.0,0.5671172137595653,0.7416208347692684,0.3808323183060763,0.8666666666666667,0.25120772946859904,0.26936611747241346
0.3999999999999998,1,3,2,0.1864406779661017,0.9650793650793651,0.6849593495934959,0.18137318047146722,1.0,0.5757600215227334,0.6836121918788111,0.42418162515188207,0.75,0.2986425339366516,0.25482770906084773
0.3999999999999998,1,4,2,0.192090395480226,0.9714285714285714,0.6910569105691057,0.19602657550151587,1.0,0.5817594834543987,0.6837748285975568,0.4319746502591388,0.7906976744186046,0.3090909090909091,0.27787702873527864
0.3999999999999998,1,5,2,0.1864406779661017,0.9936507936507937,0.7032520325203252,0.21848684639989546,1.0,0.5900457358084477,0.7656266637922183,0.4304148320281366,0.9428571428571428,0.3113207547169811,0.33623501234468417
0.4099999999999998,1,1,2,0.11299435028248588,0.9968354430379747,0.6795131845841785,0.13623863384342444,1.0,0.5549148966602303,0.7530686497160495,0.3356140241775214,0.9523809523809523,0.20202020202020202,0.2608973657760559
0.4099999999999998,1,2,2,0.1016949152542373,0.9873417721518988,0.6693711967545639,0.11027580021922305,1.0,0.5445183437030681,0.7379973533500988,0.31687164253993416,0.8181818181818182,0.18090452261306533,0.20686040674579242
0.4099999999999998,1,3,2,0.15254237288135594,0.9650793650793651,0.6727642276422764,0.14205874707564314,1.0,0.5588108689803605,0.6789029459120673,0.3836867164341746,0.7105263157894737,0.25116279069767444,0.21145101662965
0.4099999999999998,1,4,2,0.13559322033898305,0.9841269841269841,0.6788617886178862,0.14656478492852898,1.0,0.5598601022329837,0.6819725170125399,0.3652956980314291,0.8275862068965517,0.23300970873786409,0.24396069701575646
0.4099999999999998,1,5,2,0.15254237288135594,0.9936507936507937,0.6910569105691057,0.17897371714643295,1.0,0.5730965832660748,0.7643922686936584,0.3893248641930472,0.9310344827586207,0.2621359223300971,0.2979061635019372
0.4199999999999998,1,1,2,0.10734463276836158,0.9968354430379747,0.6774847870182555,0.12942992636687714,1.0,0.5520900379031681,0.7516233585218828,0.32711608728920444,0.95,0.19289340101522842,0.2533198810342807
0.4199999999999998,1,2,2,0.0903954802259887,0.990506329113924,0.6673427991886409,0.10066516873929375,1.0,0.5404509046699564,0.7356751948401907,0.2992278317388514,0.8421052631578947,0.16326530612244897,0.2016148131864125
0.4199999999999998,1,3,2,0.11864406779661017,0.9682539682539683,0.6626016260162602,0.10606160110330327,1.0,0.5434490180252892,0.6764648364137997,0.33893596659820663,0.6774193548387096,0.20192307692307693,0.1716408125015804
0.4199999999999998,1,4,2,0.0903954802259887,0.9873015873015873,0.6646341463414634,0.09643381861893963,1.0,0.538848533763788,0.6794101618017052,0.2987433699883696,0.8,0.16243654822335024,0.18882545537733958
0.4199999999999998,1,5,2,0.11299435028248588,0.9968253968253968,0.6788617886178862,0.1360938854437554,1.0,0.5549098735539414,0.7636662585195175,0.33561233299651977,0.9523809523809523,0.20202020202020202,0.2607367503278861
0.4299999999999998,1,1,2,0.06779661016949153,0.9968354430379747,0.6632860040567952,0.08117393452193832,1.0,0.5323160266037331,0.7507830547125709,0.25996550527863876,0.9230769230769231,0.12631578947368421,0.1935021666980124
0.4299999999999998,1,2,2,0.06779661016949153,0.9936708860759493,0.6612576064908722,0.07707915298126831,1.0,0.5307337481227205,0.7320613184077505,0.2595525336036317,0.8571428571428571,0.1256544502617801,0.17751862417334227
0.4299999999999998,1,3,2,0.1016949152542373,0.9746031746031746,0.6605691056910569,0.09383271572260442,1.0,0.538149044928706,0.6740241774351023,0.3148208812130804,0.6923076923076923,0.17733990147783252,0.16367258558926595
0.4299999999999998,1,4,2,0.062146892655367235,0.9936507936507937,0.6585365853658537,0.07000607574427888,1.0,0.5278988431530804,0.6763838331249243,0.2485001191346522,0.8461538461538461,0.11578947368421053,0.166962395888995
0.4299999999999998,1,5,2,0.07909604519774012,1.0,0.6686991869918699,0.0990833108654625,1.0,0.53954802259887,0.7610358789970257,0.28124019129160777,1.0,0.14659685863874344,0.22830672972892177
0.43999999999999984,1,1,2,0.05649717514124294,0.9968354430379747,0.6592292089249493,0.06719225137965998,1.0,0.5266663090896088,0.7485160247976353,0.2373149523572313,0.9090909090909091,0.10638297872340426,0.1732220672352545
0.43999999999999984,1,2,2,0.05649717514124294,0.9968354430379747,0.6592292089249493,0.06719225137965998,1.0,0.5266663090896088,0.7285431347029564,0.2373149523572313,0.9090909090909091,0.10638297872340426,0.1732220672352545
0.43999999999999984,1,3,2,0.062146892655367235,0.9904761904761905,0.6565040650406504,0.06592073335130771,1.0,0.5263115415657789,0.6713190752606415,0.24810283651587076,0.7857142857142857,0.11518324607329843,0.15189386508495611
0.43999999999999984,1,4,2,0.05084745762711865,0.9968253968253968,0.6565040650406504,0.06009224091155708,1.0,0.5238364272262578,0.6734699120819966,0.2251355972002542,0.9,0.0962566844919786,0.16213976805463365
0.43999999999999984,1,5,2,0.01694915254237288,1.0,0.6463414634146342,0.021600493725570852,1.0,0.5084745762711864,0.7595276260359495,0.13018891098082386,1.0,0.03333333333333333,0.10449002702724461
0.44999999999999984,1,1,2,0.022598870056497175,1.0,0.6490872210953347,0.028787136886935426,1.0,0.5112994350282486,0.7471153569284936,0.15032920560056576,1.0,0.04419889502762431,0.12084605408976191
0.44999999999999984,1,2,2,0.02824858757062147,1.0,0.6511156186612576,0.035927054436308954,1.0,0.5141242937853108,0.7251465701634994,0.16807316136320358,1.0,0.054945054945054944,0.13524835740583394
0.44999999999999984,1,3,2,0.01694915254237288,0.9968253968253968,0.6443089430894309,0.017527043680679037,1.0,0.5068872746838848,0.6696058720989013,0.1299820976477339,0.75,0.03314917127071823,0.07361721832031462
0.44999999999999984,1,4,2,0.01694915254237288,0.9968253968253968,0.6443089430894309,0.017527043680679037,1.0,0.5068872746838848,0.6701155794655307,0.1299820976477339,0.75,0.03314917127071823,0.07361721832031462
0.44999999999999984,1,5,2,0.005649717514124294,1.0,0.6422764227642277,0.007222948338721979,1.0,0.5028248587570622,0.758028751591715,0.07516460280028288,1.0,0.011235955056179775,0.06020435357435382
0.45999999999999985,1,1,2,0.0,1.0,0.640973630831643,0.0,1.0,0.5,0.7458362375166667,0.0,,0.0,0.0
0.45999999999999985,1,2,2,0.0,1.0,0.640973630831643,0.0,1.0,0.5,0.7233914062719833,0.0,,0.0,0.0
0.45999999999999985,1,3,2,0.005649717514124294,1.0,0.6422764227642277,0.007222948338721979,1.0,0.5028248587570622,0.6668255130655836,0.07516460280028288,1.0,0.011235955056179775,0.06020435357435382
0.45999999999999985,1,4,2,0.0,1.0,0.6402439024390244,0.0,1.0,0.5,0.6679790513628592,0.0,,0.0,0.0
0.45999999999999985,1,5,2,0.0,1.0,0.6402439024390244,0.0,1.0,0.5,0.7567964479760221,0.0,,0.0,0.0
0.46999999999999986,1,1,2,0.0,1.0,0.640973630831643,0.0,1.0,0.5,0.7439883582130511,0.0,,0.0,0.0
0.46999999999999986,1,2,2,0.0,1.0,0.640973630831643,0.0,1.0,0.5,0.7208168634408961,0.0,,0.0,0.0
0.46999999999999986,1,3,2,0.005649717514124294,1.0,0.6422764227642277,0.007222948338721979,1.0,0.5028248587570622,0.6647116229077928,0.07516460280028288,1.0,0.011235955056179775,0.06020435357435382
0.46999999999999986,1,4,2,0.0,1.0,0.6402439024390244,0.0,1.0,0.5,0.6649148566542342,0.0,,0.0,0.0
0.46999999999999986,1,5,2,0.0,1.0,0.6402439024390244,0.0,1.0,0.5,0.7557303327961397,0.0,,0.0,0.0
0.47999999999999976,1,1,2,0.0,1.0,0.640973630831643,0.0,1.0,0.5,0.7431504224545071,0.0,,0.0,0.0
0.47999999999999976,1,2,2,0.0,1.0,0.640973630831643,0.0,1.0,0.5,0.7187808037541767,0.0,,0.0,0.0
0.47999999999999976,1,3,2,0.0,1.0,0.6402439024390244,0.0,1.0,0.5,0.6616759628582749,0.0,,0.0,0.0
0.47999999999999976,1,4,2,0.0,1.0,0.6402439024390244,0.0,1.0,0.5,0.6618911085369672,0.0,,0.0,0.0
0.47999999999999976,1,5,2,0.0,1.0,0.6402439024390244,0.0,1.0,0.5,0.7543327739832539,0.0,,0.0,0.0
0.48999999999999977,1,1,2,0.0,1.0,0.640973630831643,0.0,1.0,0.5,0.7418983425089289,0.0,,0.0,0.0
0.48999999999999977,1,2,2,0.0,1.0,0.640973630831643,0.0,1.0,0.5,0.7158111624116357,0.0,,0.0,0.0
0.48999999999999977,1,3,2,0.0,1.0,0.6402439024390244,0.0,1.0,0.5,0.6594701499492265,0.0,,0.0,0.0
0.48999999999999977,1,4,2,0.0,1.0,0.6402439024390244,0.0,1.0,0.5,0.6597739583167648,0.0,,0.0,0.0
0.48999999999999977,1,5,2,0.0,1.0,0.6402439024390244,0.0,1.0,0.5,0.7524839585787473,0.0,,0.0,0.0
0.4999999999999998,1,1,2,0.0,1.0,0.640973630831643,0.0,1.0,0.5,0.7400960975746973,0.0,,0.0,0.0
0.4999999999999998,1,2,2,0.0,1.0,0.640973630831643,0.0,1.0,0.5,0.713901544709108,0.0,,0.0,0.0
0.4999999999999998,1,3,2,0.0,1.0,0.6402439024390244,0.0,1.0,0.5,0.6577592928552942,0.0,,0.0,0.0
0.4999999999999998,1,4,2,0.0,1.0,0.6402439024390244,0.0,1.0,0.5,0.6573604170190306,0.0,,0.0,0.0
0.4999999999999998,1,5,2,0.0,1.0,0.6402439024390244,0.0,1.0,0.5,0.7513408936939102,0.0,,0.0,0.0
0.5099999999999998,1,1,2,0.0,1.0,0.640973630831643,0.0,1.0,0.5,0.7391069805610204,0.0,,0.0,0.0
0.5099999999999998,1,2,2,0.0,1.0,0.640973630831643,0.0,1.0,0.5,0.7118902822191037,0.0,,0.0,0.0
0.5099999999999998,1,3,2,0.0,1.0,0.6402439024390244,0.0,1.0,0.5,0.6550763342605403,0.0,,0.0,0.0
0.5099999999999998,1,4,2,0.0,1.0,0.6402439024390244,0.0,1.0,0.5,0.6558332421406199,0.0,,0.0,0.0
0.5099999999999998,1,5,2,0.0,1.0,0.6402439024390244,0.0,1.0,0.5,0.7493091637314823,0.0,,0.0,0.0
0.5199999999999998,1,1,2,0.0,1.0,0.640973630831643,0.0,1.0,0.5,0.7383104294517066,0.0,,0.0,0.0
0.5199999999999998,1,2,2,0.0,1.0,0.640973630831643,0.0,1.0,0.5,0.7094921075382079,0.0,,0.0,0.0
0.5199999999999998,1,3,2,0.0,1.0,0.6402439024390244,0.0,1.0,0.5,0.652607078551113,0.0,,0.0,0.0
0.5199999999999998,1,4,2,0.0,1.0,0.6402439024390244,0.0,1.0,0.5,0.6531573592345445,0.0,,0.0,0.0
0.5199999999999998,1,5,2,0.0,1.0,0.6402439024390244,0.0,1.0,0.5,0.7482752351785315,0.0,,0.0,0.0
0.5299999999999998,1,1,2,0.0,1.0,0.640973630831643,0.0,1.0,0.5,0.7373290759833785,0.0,,0.0,0.0
0.5299999999999998,1,2,2,0.0,1.0,0.640973630831643,0.0,1.0,0.5,0.7067948177666964,0.0,,0.0,0.0
0.5299999999999998,1,3,2,0.0,1.0,0.6402439024390244,0.0,1.0,0.5,0.6489441600460777,0.0,,0.0,0.0
0.5299999999999998,1,4,2,0.0,1.0,0.6402439024390244,0.0,1.0,0.5,0.651518745123853,0.0,,0.0,0.0
0.5299999999999998,1,5,2,0.0,1.0,0.6402439024390244,0.0,1.0,0.5,0.7469676875482681,0.0,,0.0,0.0
0.5399999999999998,1,1,2,0.0,1.0,0.640973630831643,0.0,1.0,0.5,0.7351375895304022,0.0,,0.0,0.0
0.5399999999999998,1,2,2,0.0,1.0,0.640973630831643,0.0,1.0,0.5,0.7055240103704837,0.0,,0.0,0.0
0.5399999999999998,1,3,2,0.0,1.0,0.6402439024390244,0.0,1.0,0.5,0.6468837883888562,0.0,,0.0,0.0
0.5399999999999998,1,4,2,0.0,1.0,0.6402439024390244,0.0,1.0,0.5,0.6496750794968592,0.0,,0.0,0.0
0.5399999999999998,1,5,2,0.0,1.0,0.6402439024390244,0.0,1.0,0.5,0.7450586652806918,0.0,,0.0,0.0
0.5499999999999998,1,1,2,0.0,1.0,0.640973630831643,0.0,1.0,0.5,0.7333228866428866,0.0,,0.0,0.0
0.5499999999999998,1,2,2,0.0,1.0,0.640973630831643,0.0,1.0,0.5,0.7018126348030838,0.0,,0.0,0.0
0.5499999999999998,1,3,2,0.0,1.0,0.6402439024390244,0.0,1.0,0.5,0.6449232229559464,0.0,,0.0,0.0
0.5499999999999998,1,4,2,0.0,1.0,0.6402439024390244,0.0,1.0,0.5,0.6468462738253112,0.0,,0.0,0.0
0.5499999999999998,1,5,2,0.0,1.0,0.6402439024390244,0.0,1.0,0.5,0.7433431021793987,0.0,,0.0,0.0
0.5599999999999997,1,1,2,0.0,1.0,0.640973630831643,0.0,1.0,0.5,0.7313847221961018,0.0,,0.0,0.0
0.5599999999999997,1,2,2,0.0,1.0,0.640973630831643,0.0,1.0,0.5,0.6987193561771334,0.0,,0.0,0.0
0.5599999999999997,1,3,2,0.0,1.0,0.6402439024390244,0.0,1.0,0.5,0.64183531298534,0.0,,0.0,0.0
0.5599999999999997,1,4,2,0.0,1.0,0.6402439024390244,0.0,1.0,0.5,0.6460010955916675,0.0,,0.0,0.0
0.5599999999999997,1,5,2,0.0,1.0,0.6402439024390244,0.0,1.0,0.5,0.742536371402463,0.0,,0.0,0.0
0.5699999999999997,1,1,2,0.0,1.0,0.640973630831643,0.0,1.0,0.5,0.7292925838660224,0.0,,0.0,0.0
0.5699999999999997,1,2,2,0.0,1.0,0.640973630831643,0.0,1.0,0.5,0.6963217677843898,0.0,,0.0,0.0
0.5699999999999997,1,3,2,0.0,1.0,0.6402439024390244,0.0,1.0,0.5,0.6399127604382593,0.0,,0.0,0.0
0.5699999999999997,1,4,2,0.0,1.0,0.6402439024390244,0.0,1.0,0.5,0.6441003836394585,0.0,,0.0,0.0
0.5699999999999997,1,5,2,0.0,1.0,0.6402439024390244,0.0,1.0,0.5,0.7406659432756417,0.0,,0.0,0.0
0.5799999999999997,1,1,2,0.0,1.0,0.640973630831643,0.0,1.0,0.5,0.7287459929770512,0.0,,0.0,0.0
0.5799999999999997,1,2,2,0.0,1.0,0.640973630831643,0.0,1.0,0.5,0.6945214257843548,0.0,,0.0,0.0
0.5799999999999997,1,3,2,0.0,1.0,0.6402439024390244,0.0,1.0,0.5,0.6380448657820837,0.0,,0.0,0.0
0.5799999999999997,1,4,2,0.0,1.0,0.6402439024390244,0.0,1.0,0.5,0.6414951104382167,0.0,,0.0,0.0
0.5799999999999997,1,5,2,0.0,1.0,0.6402439024390244,0.0,1.0,0.5,0.7403469110524208,0.0,,0.0,0.0
0.5899999999999997,1,1,2,0.0,1.0,0.640973630831643,0.0,1.0,0.5,0.7278763528281014,0.0,,0.0,0.0
0.5899999999999997,1,2,2,0.0,1.0,0.640973630831643,0.0,1.0,0.5,0.6924592144140562,0.0,,0.0,0.0
0.5899999999999997,1,3,2,0.0,1.0,0.6402439024390244,0.0,1.0,0.5,0.6356652506345802,0.0,,0.0,0.0
0.5899999999999997,1,4,2,0.0,1.0,0.6402439024390244,0.0,1.0,0.5,0.6393033242940085,0.0,,0.0,0.0
0.5899999999999997,1,5,2,0.0,1.0,0.6402439024390244,0.0,1.0,0.5,0.7377419605222212,0.0,,0.0,0.0
0.5999999999999998,1,1,2,0.0,1.0,0.640973630831643,0.0,1.0,0.5,0.7264524411795823,0.0,,0.0,0.0
0.5999999999999998,1,2,2,0.0,1.0,0.640973630831643,0.0,1.0,0.5,0.6893928228674407,0.0,,0.0,0.0
0.5999999999999998,1,3,2,0.0,1.0,0.6402439024390244,0.0,1.0,0.5,0.6326183836734238,0.0,,0.0,0.0
0.5999999999999998,1,4,2,0.0,1.0,0.6402439024390244,0.0,1.0,0.5,0.6375136250623779,0.0,,0.0,0.0
0.5999999999999998,1,5,2,0.0,1.0,0.6402439024390244,0.0,1.0,0.5,0.7358779331026202,0.0,,0.0,0.0
0.6099999999999998,1,1,2,0.0,1.0,0.640973630831643,0.0,1.0,0.5,0.7249849811015041,0.0,,0.0,0.0
0.6099999999999998,1,2,2,0.0,1.0,0.640973630831643,0.0,1.0,0.5,0.6872939928956721,0.0,,0.0,0.0
0.6099999999999998,1,3,2,0.0,1.0,0.6402439024390244,0.0,1.0,0.5,0.630362731364468,0.0,,0.0,0.0
0.6099999999999998,1,4,2,0.0,1.0,0.6402439024390244,0.0,1.0,0.5,0.6351259577606486,0.0,,0.0,0.0
0.6099999999999998,1,5,2,0.0,1.0,0.6402439024390244,0.0,1.0,0.5,0.7349160464074931,0.0,,0.0,0.0
0.6199999999999998,1,1,2,0.0,1.0,0.640973630831643,0.0,1.0,0.5,0.7243888933857972,0.0,,0.0,0.0
0.6199999999999998,1,2,2,0.0,1.0,0.640973630831643,0.0,1.0,0.5,0.6850422061654428,0.0,,0.0,0.0
0.6199999999999998,1,3,2,0.0,1.0,0.6402439024390244,0.0,1.0,0.5,0.6290095684270154,0.0,,0.0,0.0
0.6199999999999998,1,4,2,0.0,1.0,0.6402439024390244,0.0,1.0,0.5,0.6333859085020658,0.0,,0.0,0.0
0.6199999999999998,1,5,2,0.0,1.0,0.6402439024390244,0.0,1.0,0.5,0.7331506052385096,0.0,,0.0,0.0
0.6299999999999997,1,1,2,0.0,1.0,0.640973630831643,0.0,1.0,0.5,0.7226826088491352,0.0,,0.0,0.0
0.6299999999999997,1,2,2,0.0,1.0,0.640973630831643,0.0,1.0,0.5,0.6823327052123579,0.0,,0.0,0.0
0.6299999999999997,1,3,2,0.0,1.0,0.6402439024390244,0.0,1.0,0.5,0.6282227257126152,0.0,,0.0,0.0
0.6299999999999997,1,4,2,0.0,1.0,0.6402439024390244,0.0,1.0,0.5,0.6318014384599265,0.0,,0.0,0.0
0.6299999999999997,1,5,2,0.0,1.0,0.6402439024390244,0.0,1.0,0.5,0.730603165113909,0.0,,0.0,0.0
0.6399999999999997,1,1,2,0.0,1.0,0.640973630831643,0.0,1.0,0.5,0.7226874542414353,0.0,,0.0,0.0
0.6399999999999997,1,2,2,0.0,1.0,0.640973630831643,0.0,1.0,0.5,0.6811981561219864,0.0,,0.0,0.0
0.6399999999999997,1,3,2,0.0,1.0,0.6402439024390244,0.0,1.0,0.5,0.626810867294104,0.0,,0.0,0.0
0.6399999999999997,1,4,2,0.0,1.0,0.6402439024390244,0.0,1.0,0.5,0.6305305785565555,0.0,,0.0,0.0
0.6399999999999997,1,5,2,0.0,1.0,0.6402439024390244,0.0,1.0,0.5,0.729257250258305,0.0,,0.0,0.0
0.6499999999999997,1,1,2,0.0,1.0,0.640973630831643,0.0,1.0,0.5,0.7210981143720162,0.0,,0.0,0.0
0.6499999999999997,1,2,2,0.0,1.0,0.640973630831643,0.0,1.0,0.5,0.6799098989336159,0.0,,0.0,0.0
0.6499999999999997,1,3,2,0.0,1.0,0.6402439024390244,0.0,1.0,0.5,0.6261957900126458,0.0,,0.0,0.0
0.6499999999999997,1,4,2,0.0,1.0,0.6402439024390244,0.0,1.0,0.5,0.6281888602683731,0.0,,0.0,0.0
0.6499999999999997,1,5,2,0.0,1.0,0.6402439024390244,0.0,1.0,0.5,0.7277983248910411,0.0,,0.0,0.0
0.6599999999999997,1,1,2,0.0,1.0,0.640973630831643,0.0,1.0,0.5,0.7200001459187686,0.0,,0.0,0.0
0.6599999999999997,1,2,2,0.0,1.0,0.640973630831643,0.0,1.0,0.5,0.6791965227867919,0.0,,0.0,0.0
0.6599999999999997,1,3,2,0.0,1.0,0.6402439024390244,0.0,1.0,0.5,0.6248314479512523,0.0,,0.0,0.0
0.6599999999999997,1,4,2,0.0,1.0,0.6402439024390244,0.0,1.0,0.5,0.6270790189826099,0.0,,0.0,0.0
0.6599999999999997,1,5,2,0.0,1.0,0.6402439024390244,0.0,1.0,0.5,0.7266265529680004,0.0,,0.0,0.0
0.6699999999999997,1,1,2,0.0,1.0,0.640973630831643,0.0,1.0,0.5,0.7188530744385032,0.0,,0.0,0.0
0.6699999999999997,1,2,2,0.0,1.0,0.640973630831643,0.0,1.0,0.5,0.6774207486013892,0.0,,0.0,0.0
0.6699999999999997,1,3,2,0.0,1.0,0.6402439024390244,0.0,1.0,0.5,0.623690516736283,0.0,,0.0,0.0
0.6699999999999997,1,4,2,0.0,1.0,0.6402439024390244,0.0,1.0,0.5,0.6255096816789175,0.0,,0.0,0.0
0.6699999999999997,1,5,2,0.0,1.0,0.6402439024390244,0.0,1.0,0.5,0.7255182530583699,0.0,,0.0,0.0
0.6799999999999997,1,1,2,0.0,1.0,0.640973630831643,0.0,1.0,0.5,0.7167352308030935,0.0,,0.0,0.0
0.6799999999999997,1,2,2,0.0,1.0,0.640973630831643,0.0,1.0,0.5,0.6760931673097216,0.0,,0.0,0.0
0.6799999999999997,1,3,2,0.0,1.0,0.6402439024390244,0.0,1.0,0.5,0.6219930176196825,0.0,,0.0,0.0
0.6799999999999997,1,4,2,0.0,1.0,0.6402439024390244,0.0,1.0,0.5,0.6226364287342562,0.0,,0.0,0.0
0.6799999999999997,1,5,2,0.0,1.0,0.6402439024390244,0.0,1.0,0.5,0.7237411582100975,0.0,,0.0,0.0
0.6899999999999997,1,1,2,0.0,1.0,0.640973630831643,0.0,1.0,0.5,0.7154526749498965,0.0,,0.0,0.0
0.6899999999999997,1,2,2,0.0,1.0,0.640973630831643,0.0,1.0,0.5,0.6754135866901756,0.0,,0.0,0.0
0.6899999999999997,1,3,2,0.0,1.0,0.6402439024390244,0.0,1.0,0.5,0.6205691376328094,0.0,,0.0,0.0
0.6899999999999997,1,4,2,0.0,1.0,0.6402439024390244,0.0,1.0,0.5,0.6212568986000246,0.0,,0.0,0.0
0.6899999999999997,1,5,2,0.0,1.0,0.6402439024390244,0.0,1.0,0.5,0.7223855054494829,0.0,,0.0,0.0
0.6999999999999996,1,1,2,0.0,1.0,0.640973630831643,0.0,1.0,0.5,0.71380728053471,0.0,,0.0,0.0
0.6999999999999996,1,2,2,0.0,1.0,0.640973630831643,0.0,1.0,0.5,0.6740107079506801,0.0,,0.0,0.0
0.6999999999999996,1,3,2,0.0,1.0,0.6402439024390244,0.0,1.0,0.5,0.6186416214211745,0.0,,0.0,0.0
0.6999999999999996,1,4,2,0.0,1.0,0.6402439024390244,0.0,1.0,0.5,0.6202139849876073,0.0,,0.0,0.0
0.6999999999999996,1,5,2,0.0,1.0,0.6402439024390244,0.0,1.0,0.5,0.7209678640813154,0.0,,0.0,0.0
0.7099999999999996,1,1,2,0.0,1.0,0.640973630831643,0.0,1.0,0.5,0.713503877540947,0.0,,0.0,0.0
0.7099999999999996,1,2,2,0.0,1.0,0.640973630831643,0.0,1.0,0.5,0.6721666713199318,0.0,,0.0,0.0
0.7099999999999996,1,3,2,0.0,1.0,0.6402439024390244,0.0,1.0,0.5,0.6179036245713316,0.0,,0.0,0.0
0.7099999999999996,1,4,2,0.0,1.0,0.6402439024390244,0.0,1.0,0.5,0.6189484354998944,0.0,,0.0,0.0
0.7099999999999996,1,5,2,0.0,1.0,0.6402439024390244,0.0,1.0,0.5,0.7200416927004653,0.0,,0.0,0.0
0.7199999999999996,1,1,2,0.0,1.0,0.640973630831643,0.0,1.0,0.5,0.7130947039192111,0.0,,0.0,0.0
0.7199999999999996,1,2,2,0.0,1.0,0.640973630831643,0.0,1.0,0.5,0.6707498622031117,0.0,,0.0,0.0
0.7199999999999996,1,3,2,0.0,1.0,0.6402439024390244,0.0,1.0,0.5,0.6167621502495749,0.0,,0.0,0.0
0.7199999999999996,1,4,2,0.0,1.0,0.6402439024390244,0.0,1.0,0.5,0.6178832271396754,0.0,,0.0,0.0
0.7199999999999996,1,5,2,0.0,1.0,0.6402439024390244,0.0,1.0,0.5,0.718910493364033,0.0,,0.0,0.0
0.7299999999999996,1,1,2,0.0,1.0,0.640973630831643,0.0,1.0,0.5,0.7123085733996899,0.0,,0.0,0.0
0.7299999999999996,1,2,2,0.0,1.0,0.640973630831643,0.0,1.0,0.5,0.6695863436414924,0.0,,0.0,0.0
0.7299999999999996,1,3,2,0.0,1.0,0.6402439024390244,0.0,1.0,0.5,0.6159060397872325,0.0,,0.0,0.0
0.7299999999999996,1,4,2,0.0,1.0,0.6402439024390244,0.0,1.0,0.5,0.616347267432141,0.0,,0.0,0.0
0.7299999999999996,1,5,2,0.0,1.0,0.6402439024390244,0.0,1.0,0.5,0.7176064182245055,0.0,,0.0,0.0
0.7399999999999997,1,1,2,0.0,1.0,0.640973630831643,0.0,1.0,0.5,0.7111178186686755,0.0,,0.0,0.0
0.7399999999999997,1,2,2,0.0,1.0,0.640973630831643,0.0,1.0,0.5,0.6689719722718565,0.0,,0.0,0.0
0.7399999999999997,1,3,2,0.0,1.0,0.6402439024390244,0.0,1.0,0.5,0.6147719886806127,0.0,,0.0,0.0
0.7399999999999997,1,4,2,0.0,1.0,0.6402439024390244,0.0,1.0,0.5,0.615397267827694,0.0,,0.0,0.0
0.7399999999999997,1,5,2,0.0,1.0,0.6402439024390244,0.0,1.0,0.5,0.7157096738921089,0.0,,0.0,0.0
0.7499999999999997,1,1,2,0.0,1.0,0.640973630831643,0.0,1.0,0.5,0.7107307542411159,0.0,,0.0,0.0
0.7499999999999997,1,2,2,0.0,1.0,0.640973630831643,0.0,1.0,0.5,0.6676636278642217,0.0,,0.0,0.0
0.7499999999999997,1,3,2,0.0,1.0,0.6402439024390244,0.0,1.0,0.5,0.6141306818834797,0.0,,0.0,0.0
0.7499999999999997,1,4,2,0.0,1.0,0.6402439024390244,0.0,1.0,0.5,0.6139006233721405,0.0,,0.0,0.0
0.7499999999999997,1,5,2,0.0,1.0,0.6402439024390244,0.0,1.0,0.5,0.7148132556667215,0.0,,0.0,0.0
0.7599999999999997,1,1,2,0.0,1.0,0.640973630831643,0.0,1.0,0.5,0.7102231260985421,0.0,,0.0,0.0
0.7599999999999997,1,2,2,0.0,1.0,0.640973630831643,0.0,1.0,0.5,0.6670390200850969,0.0,,0.0,0.0
0.7599999999999997,1,3,2,0.0,1.0,0.6402439024390244,0.0,1.0,0.5,0.613094325768745,0.0,,0.0,0.0
0.7599999999999997,1,4,2,0.0,1.0,0.6402439024390244,0.0,1.0,0.5,0.6133453061884245,0.0,,0.0,0.0
0.7599999999999997,1,5,2,0.0,1.0,0.6402439024390244,0.0,1.0,0.5,0.7136458485115812,0.0,,0.0,0.0
0.7699999999999997,1,1,2,0.0,1.0,0.640973630831643,0.0,1.0,0.5,0.7100868253687578,0.0,,0.0,0.0
0.7699999999999997,1,2,2,0.0,1.0,0.640973630831643,0.0,1.0,0.5,0.6661780200623376,0.0,,0.0,0.0
0.7699999999999997,1,3,2,0.0,1.0,0.6402439024390244,0.0,1.0,0.5,0.612454998268967,0.0,,0.0,0.0
0.7699999999999997,1,4,2,0.0,1.0,0.6402439024390244,0.0,1.0,0.5,0.6119355224044657,0.0,,0.0,0.0
0.7699999999999997,1,5,2,0.0,1.0,0.6402439024390244,0.0,1.0,0.5,0.7124458046569382,0.0,,0.0,0.0
0.7799999999999997,1,1,2,0.0,1.0,0.640973630831643,0.0,1.0,0.5,0.7091750788531626,0.0,,0.0,0.0
0.7799999999999997,1,2,2,0.0,1.0,0.640973630831643,0.0,1.0,0.5,0.6653560676140029,0.0,,0.0,0.0
0.7799999999999997,1,3,2,0.0,1.0,0.6402439024390244,0.0,1.0,0.5,0.6117850426590439,0.0,,0.0,0.0
0.7799999999999997,1,4,2,0.0,1.0,0.6402439024390244,0.0,1.0,0.5,0.6106092279315826,0.0,,0.0,0.0
0.7799999999999997,1,5,2,0.0,1.0,0.6402439024390244,0.0,1.0,0.5,0.711310150152626,0.0,,0.0,0.0
0.7899999999999996,1,1,2,0.0,1.0,0.640973630831643,0.0,1.0,0.5,0.7085861089893815,0.0,,0.0,0.0
0.7899999999999996,1,2,2,0.0,1.0,0.640973630831643,0.0,1.0,0.5,0.6641134762557983,0.0,,0.0,0.0
0.7899999999999996,1,3,2,0.0,1.0,0.6402439024390244,0.0,1.0,0.5,0.6110482922951674,0.0,,0.0,0.0
0.7899999999999996,1,4,2,0.0,1.0,0.6402439024390244,0.0,1.0,0.5,0.6094736439499087,0.0,,0.0,0.0
0.7899999999999996,1,5,2,0.0,1.0,0.6402439024390244,0.0,1.0,0.5,0.7103988134634535,0.0,,0.0,0.0
0.7999999999999996,1,1,2,0.0,1.0,0.640973630831643,0.0,1.0,0.5,0.7078322507666953,0.0,,0.0,0.0
0.7999999999999996,1,2,2,0.0,1.0,0.640973630831643,0.0,1.0,0.5,0.6630461026109983,0.0,,0.0,0.0
0.7999999999999996,1,3,2,0.0,1.0,0.6402439024390244,0.0,1.0,0.5,0.610188638268618,0.0,,0.0,0.0
0.7999999999999996,1,4,2,0.0,1.0,0.6402439024390244,0.0,1.0,0.5,0.6082800631080084,0.0,,0.0,0.0
0.7999999999999996,1,5,2,0.0,1.0,0.6402439024390244,0.0,1.0,0.5,0.7095218815506876,0.0,,0.0,0.0
0.8099999999999996,1,1,2,0.0,1.0,0.640973630831643,0.0,1.0,0.5,0.7067932007065821,0.0,,0.0,0.0
0.8099999999999996,1,2,2,0.0,1.0,0.640973630831643,0.0,1.0,0.5,0.6623079283138432,0.0,,0.0,0.0
0.8099999999999996,1,3,2,0.0,1.0,0.6402439024390244,0.0,1.0,0.5,0.609819909188856,0.0,,0.0,0.0
0.8099999999999996,1,4,2,0.0,1.0,0.6402439024390244,0.0,1.0,0.5,0.6070538108248531,0.0,,0.0,0.0
0.8099999999999996,1,5,2,0.0,1.0,0.6402439024390244,0.0,1.0,0.5,0.7083531182136973,0.0,,0.0,0.0
0.8199999999999996,1,1,2,0.0,1.0,0.640973630831643,0.0,1.0,0.5,0.7059220386736331,0.0,,0.0,0.0
0.8199999999999996,1,2,2,0.0,1.0,0.640973630831643,0.0,1.0,0.5,0.6612872399615694,0.0,,0.0,0.0
0.8199999999999996,1,3,2,0.0,1.0,0.6402439024390244,0.0,1.0,0.5,0.6085821008132287,0.0,,0.0,0.0
0.8199999999999996,1,4,2,0.0,1.0,0.6402439024390244,0.0,1.0,0.5,0.6062973554370985,0.0,,0.0,0.0
0.8199999999999996,1,5,2,0.0,1.0,0.6402439024390244,0.0,1.0,0.5,0.7077926311443339,0.0,,0.0,0.0
0.8299999999999996,1,1,2,0.0,1.0,0.640973630831643,0.0,1.0,0.5,0.7053038213726605,0.0,,0.0,0.0
0.8299999999999996,1,2,2,0.0,1.0,0.640973630831643,0.0,1.0,0.5,0.6604819399698023,0.0,,0.0,0.0
0.8299999999999996,1,3,2,0.0,1.0,0.6402439024390244,0.0,1.0,0.5,0.6081601234021222,0.0,,0.0,0.0
0.8299999999999996,1,4,2,0.0,1.0,0.6402439024390244,0.0,1.0,0.5,0.605645885671829,0.0,,0.0,0.0
0.8299999999999996,1,5,2,0.0,1.0,0.6402439024390244,0.0,1.0,0.5,0.7068412834270537,0.0,,0.0,0.0
0.8399999999999996,1,1,2,0.0,1.0,0.640973630831643,0.0,1.0,0.5,0.7045435357640129,0.0,,0.0,0.0
0.8399999999999996,1,2,2,0.0,1.0,0.640973630831643,0.0,1.0,0.5,0.6598387905277108,0.0,,0.0,0.0
0.8399999999999996,1,3,2,0.0,1.0,0.6402439024390244,0.0,1.0,0.5,0.6074409738257879,0.0,,0.0,0.0
0.8399999999999996,1,4,2,0.0,1.0,0.6402439024390244,0.0,1.0,0.5,0.6050258606905349,0.0,,0.0,0.0
0.8399999999999996,1,5,2,0.0,1.0,0.6402439024390244,0.0,1.0,0.5,0.7064151055207392,0.0,,0.0,0.0
0.8499999999999996,1,1,2,0.0,1.0,0.640973630831643,0.0,1.0,0.5,0.7026573699501361,0.0,,0.0,0.0
0.8499999999999996,1,2,2,0.0,1.0,0.640973630831643,0.0,1.0,0.5,0.6591409301224164,0.0,,0.0,0.0
0.8499999999999996,1,3,2,0.0,1.0,0.6402439024390244,0.0,1.0,0.5,0.6065179262562578,0.0,,0.0,0.0
0.8499999999999996,1,4,2,0.0,1.0,0.6402439024390244,0.0,1.0,0.5,0.6046129295016378,0.0,,0.0,0.0
0.8499999999999996,1,5,2,0.0,1.0,0.6402439024390244,0.0,1.0,0.5,0.705109455080552,0.0,,0.0,0.0
0.8599999999999995,1,1,2,0.0,1.0,0.640973630831643,0.0,1.0,0.5,0.7021642392655434,0.0,,0.0,0.0
0.8599999999999995,1,2,2,0.0,1.0,0.640973630831643,0.0,1.0,0.5,0.6584148831793962,0.0,,0.0,0.0
0.8599999999999995,1,3,2,0.0,1.0,0.6402439024390244,0.0,1.0,0.5,0.6060637056855691,0.0,,0.0,0.0
0.8599999999999995,1,4,2,0.0,1.0,0.6402439024390244,0.0,1.0,0.5,0.6037479482091109,0.0,,0.0,0.0
0.8599999999999995,1,5,2,0.0,1.0,0.6402439024390244,0.0,1.0,0.5,0.7040366816945491,0.0,,0.0,0.0
0.8699999999999996,1,1,2,0.0,1.0,0.640973630831643,0.0,1.0,0.5,0.7013814371897573,0.0,,0.0,0.0
0.8699999999999996,1,2,2,0.0,1.0,0.640973630831643,0.0,1.0,0.5,0.6577110066479525,0.0,,0.0,0.0
0.8699999999999996,1,3,2,0.0,1.0,0.6402439024390244,0.0,1.0,0.5,0.605516545180934,0.0,,0.0,0.0
0.8699999999999996,1,4,2,0.0,1.0,0.6402439024390244,0.0,1.0,0.5,0.6032243052182971,0.0,,0.0,0.0
0.8699999999999996,1,5,2,0.0,1.0,0.6402439024390244,0.0,1.0,0.5,0.7031598921525348,0.0,,0.0,0.0
0.8799999999999996,1,1,2,0.0,1.0,0.640973630831643,0.0,1.0,0.5,0.7008258937244914,0.0,,0.0,0.0
0.8799999999999996,1,2,2,0.0,1.0,0.640973630831643,0.0,1.0,0.5,0.6570436918303708,0.0,,0.0,0.0
0.8799999999999996,1,3,2,0.0,1.0,0.6402439024390244,0.0,1.0,0.5,0.6048827983647797,0.0,,0.0,0.0
0.8799999999999996,1,4,2,0.0,1.0,0.6402439024390244,0.0,1.0,0.5,0.6023831724286126,0.0,,0.0,0.0
0.8799999999999996,1,5,2,0.0,1.0,0.6402439024390244,0.0,1.0,0.5,0.7016986914523504,0.0,,0.0,0.0
0.8899999999999996,1,1,2,0.0,1.0,0.640973630831643,0.0,1.0,0.5,0.7001617912395028,0.0,,0.0,0.0
0.8899999999999996,1,2,2,0.0,1.0,0.640973630831643,0.0,1.0,0.5,0.6564857512639901,0.0,,0.0,0.0
0.8899999999999996,1,3,2,0.0,1.0,0.6402439024390244,0.0,1.0,0.5,0.6051494755731337,0.0,,0.0,0.0
0.8899999999999996,1,4,2,0.0,1.0,0.6402439024390244,0.0,1.0,0.5,0.601417440757046,0.0,,0.0,0.0
0.8899999999999996,1,5,2,0.0,1.0,0.6402439024390244,0.0,1.0,0.5,0.7009062703751748,0.0,,0.0,0.0
0.8999999999999996,1,1,2,0.0,1.0,0.640973630831643,0.0,1.0,0.5,0.699783508936732,0.0,,0.0,0.0
0.8999999999999996,1,2,2,0.0,1.0,0.640973630831643,0.0,1.0,0.5,0.6553068106002022,0.0,,0.0,0.0
0.8999999999999996,1,3,2,0.0,1.0,0.6402439024390244,0.0,1.0,0.5,0.6048567277948927,0.0,,0.0,0.0
0.8999999999999996,1,4,2,0.0,1.0,0.6402439024390244,0.0,1.0,0.5,0.600639266723944,0.0,,0.0,0.0
0.8999999999999996,1,5,2,0.0,1.0,0.6402439024390244,0.0,1.0,0.5,0.6999349585722703,0.0,,0.0,0.0
0.9099999999999996,1,1,2,0.0,1.0,0.640973630831643,0.0,1.0,0.5,0.698922231852434,0.0,,0.0,0.0
0.9099999999999996,1,2,2,0.0,1.0,0.640973630831643,0.0,1.0,0.5,0.654823541589199,0.0,,0.0,0.0
0.9099999999999996,1,3,2,0.0,1.0,0.6402439024390244,0.0,1.0,0.5,0.6055895356553965,0.0,,0.0,0.0
0.9099999999999996,1,4,2,0.0,1.0,0.6402439024390244,0.0,1.0,0.5,0.5999790776861642,0.0,,0.0,0.0
0.9099999999999996,1,5,2,0.0,1.0,0.6402439024390244,0.0,1.0,0.5,0.6990828281986541,0.0,,0.0,0.0
0.9199999999999996,1,1,2,0.0,1.0,0.640973630831643,0.0,1.0,0.5,0.6987203372833591,0.0,,0.0,0.0
0.9199999999999996,1,2,2,0.0,1.0,0.640973630831643,0.0,1.0,0.5,0.6540435810717329,0.0,,0.0,0.0
0.9199999999999996,1,3,2,0.0,1.0,0.6402439024390244,0.0,1.0,0.5,0.6050097827246785,0.0,,0.0,0.0
0.9199999999999996,1,4,2,0.0,1.0,0.6402439024390244,0.0,1.0,0.5,0.5991758077273385,0.0,,0.0,0.0
0.9199999999999996,1,5,2,0.0,1.0,0.6402439024390244,0.0,1.0,0.5,0.6986727749576366,0.0,,0.0,0.0
0.9299999999999996,1,1,2,0.0,1.0,0.640973630831643,0.0,1.0,0.5,0.6986249774116391,0.0,,0.0,0.0
0.9299999999999996,1,2,2,0.0,1.0,0.640973630831643,0.0,1.0,0.5,0.6535436482471693,0.0,,0.0,0.0
0.9299999999999996,1,3,2,0.0,1.0,0.6402439024390244,0.0,1.0,0.5,0.604586152347564,0.0,,0.0,0.0
0.9299999999999996,1,4,2,0.0,1.0,0.6402439024390244,0.0,1.0,0.5,0.5982202873429683,0.0,,0.0,0.0
0.9299999999999996,1,5,2,0.0,1.0,0.6402439024390244,0.0,1.0,0.5,0.6983674751257065,0.0,,0.0,0.0
0.9399999999999996,1,1,2,0.0,1.0,0.640973630831643,0.0,1.0,0.5,0.6978642885196231,0.0,,0.0,0.0
0.9399999999999996,1,2,2,0.0,1.0,0.640973630831643,0.0,1.0,0.5,0.6531085048238213,0.0,,0.0,0.0
0.9399999999999996,1,3,2,0.0,1.0,0.6402439024390244,0.0,1.0,0.5,0.6039141147808043,0.0,,0.0,0.0
0.9399999999999996,1,4,2,0.0,1.0,0.6402439024390244,0.0,1.0,0.5,0.5976002991820581,0.0,,0.0,0.0
0.9399999999999996,1,5,2,0.0,1.0,0.6402439024390244,0.0,1.0,0.5,0.6977309259092227,0.0,,0.0,0.0
0.9499999999999995,1,1,2,0.0,1.0,0.640973630831643,0.0,1.0,0.5,0.6971616279186978,0.0,,0.0,0.0
0.9499999999999995,1,2,2,0.0,1.0,0.640973630831643,0.0,1.0,0.5,0.6526819445274952,0.0,,0.0,0.0
0.9499999999999995,1,3,2,0.0,1.0,0.6402439024390244,0.0,1.0,0.5,0.6035570668413371,0.0,,0.0,0.0
0.9499999999999995,1,4,2,0.0,1.0,0.6402439024390244,0.0,1.0,0.5,0.5972426619634335,0.0,,0.0,0.0
0.9499999999999995,1,5,2,0.0,1.0,0.6402439024390244,0.0,1.0,0.5,0.6970309983110413,0.0,,0.0,0.0
0.9599999999999995,1,1,2,0.0,1.0,0.640973630831643,0.0,1.0,0.5,0.696943061717954,0.0,,0.0,0.0
0.9599999999999995,1,2,2,0.0,1.0,0.640973630831643,0.0,1.0,0.5,0.6515278997978418,0.0,,0.0,0.0
0.9599999999999995,1,3,2,0.0,1.0,0.6402439024390244,0.0,1.0,0.5,0.6028342148256063,0.0,,0.0,0.0
0.9599999999999995,1,4,2,0.0,1.0,0.6402439024390244,0.0,1.0,0.5,0.5969199051866331,0.0,,0.0,0.0
0.9599999999999995,1,5,2,0.0,1.0,0.6402439024390244,0.0,1.0,0.5,0.6963354553432543,0.0,,0.0,0.0
0.9699999999999995,1,1,2,0.0,1.0,0.640973630831643,0.0,1.0,0.5,0.6964047591761986,0.0,,0.0,0.0
0.9699999999999995,1,2,2,0.0,1.0,0.640973630831643,0.0,1.0,0.5,0.6509721411345496,0.0,,0.0,0.0
0.9699999999999995,1,3,2,0.0,1.0,0.6402439024390244,0.0,1.0,0.5,0.6034095206329472,0.0,,0.0,0.0
0.9699999999999995,1,4,2,0.0,1.0,0.6402439024390244,0.0,1.0,0.5,0.596110603163121,0.0,,0.0,0.0
0.9699999999999995,1,5,2,0.0,1.0,0.6402439024390244,0.0,1.0,0.5,0.6949857746256466,0.0,,0.0,0.0
0.9799999999999995,1,1,2,0.0,1.0,0.640973630831643,0.0,1.0,0.5,0.6962744934139835,0.0,,0.0,0.0
0.9799999999999995,1,2,2,0.0,1.0,0.640973630831643,0.0,1.0,0.5,0.6506236182966134,0.0,,0.0,0.0
0.9799999999999995,1,3,2,0.0,1.0,0.6402439024390244,0.0,1.0,0.5,0.6032173504555203,0.0,,0.0,0.0
0.9799999999999995,1,4,2,0.0,1.0,0.6402439024390244,0.0,1.0,0.5,0.5957164655973124,0.0,,0.0,0.0
0.9799999999999995,1,5,2,0.0,1.0,0.6402439024390244,0.0,1.0,0.5,0.6945713093630483,0.0,,0.0,0.0
0.9899999999999995,1,1,2,0.0,1.0,0.640973630831643,0.0,1.0,0.5,0.6961517947878268,0.0,,0.0,0.0
0.9899999999999995,1,2,2,0.0,1.0,0.640973630831643,0.0,1.0,0.5,0.6501088963411481,0.0,,0.0,0.0
0.9899999999999995,1,3,2,0.0,1.0,0.6402439024390244,0.0,1.0,0.5,0.6026093222365017,0.0,,0.0,0.0
0.9899999999999995,1,4,2,0.0,1.0,0.6402439024390244,0.0,1.0,0.5,0.5951856391325352,0.0,,0.0,0.0
0.9899999999999995,1,5,2,0.0,1.0,0.6402439024390244,0.0,1.0,0.5,0.6940950702174687,0.0,,0.0,0.0
1.0,1,1,2,0.0,1.0,0.640973630831643,0.0,1.0,0.5,0.6966263618374937,0.0,,0.0,0.0
1.0,1,2,2,0.0,1.0,0.640973630831643,0.0,1.0,0.5,0.6499885958601099,0.0,,0.0,0.0
1.0,1,3,2,0.0,1.0,0.6402439024390244,0.0,1.0,0.5,0.6024818709268178,0.0,,0.0,0.0
1.0,1,4,2,0.0,1.0,0.6402439024390244,0.0,1.0,0.5,0.5938621989692652,0.0,,0.0,0.0
1.0,1,5,2,0.0,1.0,0.6402439024390244,0.0,1.0,0.5,0.6933994653782019,0.0,,0.0,0.0
0.1,1,1,3,0.6666666666666666,0.7974683544303798,0.7505070993914807,0.46126920104123176,1.0,0.7320675105485233,0.6685902587457611,0.7291402948817554,0.6483516483516484,0.6573816155988857,0.4613798517257975
0.1,1,2,3,0.6949152542372882,0.819620253164557,0.7748478701825557,0.5126245758409703,1.0,0.7572677537009226,0.691306563543693,0.7546963737860932,0.6833333333333333,0.6890756302521008,0.5126690543019597
0.1,1,3,3,0.711864406779661,0.8063492063492064,0.7723577235772358,0.5118788200903535,1.0,0.7591068065644337,0.681651878905029,0.7576353340724206,0.6737967914438503,0.6923076923076923,0.5123656481942386
0.1,1,4,3,0.632768361581921,0.8222222222222222,0.7540650406504065,0.4601153553161388,1.0,0.7274952919020716,0.6815857782797776,0.7213017457429323,0.6666666666666666,0.6492753623188405,0.4604867866980939
0.1,1,5,3,0.632768361581921,0.780952380952381,0.7276422764227642,0.4116828184397923,1.0,0.706860371267151,0.6528678774301633,0.7029665415713171,0.6187845303867403,0.6256983240223464,0.41174631740781337
0.11,1,1,3,0.672316384180791,0.7943037974683544,0.7505070993914807,0.46259648874039555,1.0,0.7333100908245727,0.6958670122996836,0.7307690860011768,0.6467391304347826,0.6592797783933518,0.462812991778722
0.11,1,2,3,0.6949152542372882,0.8164556962025317,0.7728194726166329,0.5088418430884185,1.0,0.7556854752199099,0.6857278666008951,0.7532380219426422,0.6795580110497238,0.6871508379888268,0.5089201463259684
0.11,1,3,3,0.7175141242937854,0.8095238095238095,0.7764227642276422,0.5205952697315971,1.0,0.7635189669087974,0.6693584553298492,0.7621317256783405,0.679144385026738,0.6978021978021978,0.5210903877128613
0.11,1,4,3,0.6384180790960452,0.8222222222222222,0.7560975609756098,0.4652464539970654,1.0,0.7303201506591337,0.6777267993109403,0.7245146870155171,0.6686390532544378,0.653179190751445,0.46554238612497145
0.11,1,5,3,0.632768361581921,0.7777777777777778,0.725609756097561,0.40802139037433155,1.0,0.7052730696798494,0.6527185457050063,0.7015362928026403,0.6153846153846154,0.6239554317548747,0.4081194960308479
0.12,1,1,3,0.672316384180791,0.7974683544303798,0.7525354969574036,0.4663081864806828,1.0,0.7348923693055853,0.6968858051093891,0.7322233542773942,0.6502732240437158,0.6611111111111111,0.4664688922358177
0.12,1,2,3,0.6949152542372882,0.819620253164557,0.7748478701825557,0.5126245758409703,1.0,0.7572677537009226,0.6723177194685573,0.7546963737860932,0.6833333333333333,0.6890756302521008,0.5126690543019597
0.12,1,3,3,0.7175141242937854,0.819047619047619,0.782520325203252,0.531953483409794,1.0,0.7682808716707021,0.6778508244717268,0.7666017448035598,0.6902173913043478,0.703601108033241,0.5322030323560293
0.12,1,4,3,0.6440677966101694,0.8222222222222222,0.758130081300813,0.47036474164133746,1.0,0.7331450094161958,0.6738788502298878,0.7277134429090779,0.6705882352941176,0.6570605187319885,0.47059318418944723
0.12,1,5,3,0.6440677966101694,0.7841269841269841,0.733739837398374,0.4255614973262033,1.0,0.7140973903685768,0.6570032357234006,0.710655288398844,0.6263736263736264,0.6350974930362117,0.4256638203687402
0.13,1,1,3,0.6779661016949152,0.8037974683544303,0.7586206896551724,0.4787889018203786,1.0,0.7408817850246728,0.6991205429443272,0.7382055514370608,0.6593406593406593,0.6685236768802229,0.4789037551850285
0.13,1,2,3,0.6949152542372882,0.8259493670886076,0.7789046653144016,0.5202182084408453,1.0,0.7604323106629478,0.6736826404183328,0.7576046557522644,0.6910112359550562,0.6929577464788732,0.5202232480446134
0.13,1,3,3,0.7175141242937854,0.8253968253968254,0.7865853658536586,0.5395721925133691,1.0,0.7714554748453053,0.6794863157420032,0.7695673332265823,0.6978021978021978,0.7075208913649025,0.53970192856504
0.13,1,4,3,0.6440677966101694,0.8222222222222222,0.758130081300813,0.47036474164133746,1.0,0.7331450094161958,0.6722208542716148,0.7277134429090779,0.6705882352941176,0.6570605187319885,0.47059318418944723
0.13,1,5,3,0.6384180790960452,0.7904761904761904,0.7357723577235772,0.42783532821641346,1.0,0.7144471347861179,0.6606014425391633,0.7103902385977506,0.6312849162011173,0.6348314606741573,0.42785190450317834
0.13999999999999999,1,1,3,0.6949152542372882,0.8037974683544303,0.7647058823529411,0.4938039937685879,1.0,0.7493563612958594,0.7017658423169199,0.7473761583545515,0.6648648648648648,0.6795580110497238,0.49410517174348
0.13999999999999999,1,2,3,0.7005649717514124,0.8291139240506329,0.7829614604462475,0.529021544065784,1.0,0.7648394479010227,0.6753874351997194,0.7621339598661343,0.6966292134831461,0.6985915492957746,0.5290266689516946
0.13999999999999999,1,3,3,0.7175141242937854,0.8285714285714286,0.7886178861788617,0.5433956202816298,1.0,0.7730427764326069,0.6822537641301141,0.7710458501193553,0.7016574585635359,0.7094972067039106,0.5434794349553775
0.13999999999999999,1,4,3,0.6384180790960452,0.8285714285714286,0.7601626016260162,0.47284118768727856,1.0,0.7334947538337369,0.6743233593526983,0.7273066614726126,0.6766467065868264,0.6569767441860465,0.4733137454512893
0.13999999999999999,1,5,3,0.6271186440677966,0.8,0.7378048780487805,0.42871030460142573,1.0,0.7135593220338983,0.6638314275010752,0.7083042533080239,0.6379310344827587,0.6324786324786325,0.4287481460101287
0.14999999999999997,1,1,3,0.7062146892655368,0.8069620253164557,0.77079107505071,0.5075012155770676,1.0,0.7565883572909962,0.7049114504148749,0.7549095548196147,0.6720430107526881,0.6887052341597796,0.5078920988368738
0.14999999999999997,1,2,3,0.6949152542372882,0.8354430379746836,0.7849898580121704,0.5316796013836861,1.0,0.7651791461059858,0.6772400495499388,0.7619462652542827,0.7028571428571428,0.6988636363636364,0.5317003591130713
0.14999999999999997,1,3,3,0.7005649717514124,0.834920634920635,0.7865853658536586,0.5361491218618684,1.0,0.7677428033360236,0.684310093629431,0.7647981112802553,0.7045454545454546,0.7025495750708215,0.5361543535292911
0.14999999999999997,1,4,3,0.6440677966101694,0.8285714285714286,0.7621951219512195,0.4779627815866797,1.0,0.7363196125907989,0.6779621729954536,0.7305177440241547,0.6785714285714286,0.6608695652173913,0.47834862042999726
0.14999999999999997,1,5,3,0.6271186440677966,0.8095238095238095,0.7439024390243902,0.43990892828102124,1.0,0.718321226795803,0.6686236000320773,0.7125078762857072,0.6491228070175439,0.6379310344827587,0.4400654747460897
0.15999999999999998,1,1,3,0.7062146892655368,0.8069620253164557,0.77079107505071,0.5075012155770676,1.0,0.7565883572909962,0.7085554110448784,0.7549095548196147,0.6720430107526881,0.6887052341597796,0.5078920988368738
0.15999999999999998,1,2,3,0.6892655367231638,0.8322784810126582,0.7809330628803245,0.5228433674475291,1.0,0.7607720088679111,0.67950007886199,0.7574040361117238,0.6971428571428572,0.6931818181818182,0.5228637801944244
0.15999999999999998,1,3,3,0.6892655367231638,0.8444444444444444,0.7886178861788617,0.5377026074700492,1.0,0.7668549905838041,0.6859999524038611,0.7629196898972354,0.7134502923976608,0.7011494252873564,0.5378939548991329
0.15999999999999998,1,4,3,0.6440677966101694,0.8317460317460318,0.7642276422764228,0.4817760828112232,1.0,0.7379069141781005,0.6794850001147437,0.7319158653874902,0.6826347305389222,0.6627906976744186,0.4822575701147311
0.15999999999999998,1,5,3,0.6271186440677966,0.8126984126984127,0.7459349593495935,0.4436604429005645,1.0,0.7199085283831046,0.6728433479557056,0.7139035835513639,0.6529411764705882,0.6397694524495677,0.44387591594328896
0.16999999999999998,1,1,3,0.7005649717514124,0.8132911392405063,0.7728194726166329,0.5100534170970203,1.0,0.7569280554959594,0.7127575146806048,0.7548266582386313,0.6775956284153005,0.6888888888888889,0.5102291989553066
0.16999999999999998,1,2,3,0.6949152542372882,0.8322784810126582,0.7829614604462475,0.5278496307898859,1.0,0.7635968676249731,0.6812354060325743,0.7605018160590646,0.6988636363636364,0.6968838526912181,0.5278547698024632
0.16999999999999998,1,3,3,0.6892655367231638,0.8476190476190476,0.790650406504065,0.5415762049500651,1.0,0.7684422921711057,0.688171259221306,0.7643524041918883,0.7176470588235294,0.7031700288184438,0.5418392328458694
0.16999999999999998,1,4,3,0.655367231638418,0.834920634920635,0.7703252032520326,0.4958102078572207,1.0,0.7451439332795264,0.6804166682579674,0.7397159084038458,0.6904761904761905,0.672463768115942,0.4962104541619006
0.16999999999999998,1,5,3,0.6101694915254238,0.8158730158730159,0.741869918699187,0.43192232162339067,1.0,0.7130212536992198,0.6779235091379605,0.7055641878982748,0.6506024096385542,0.6297376093294461,0.4324461131579249
0.17999999999999997,1,1,3,0.7005649717514124,0.8291139240506329,0.7829614604462475,0.529021544065784,1.0,0.7648394479010227,0.717152070161216,0.7621339598661343,0.6966292134831461,0.6985915492957746,0.5290266689516946
0.17999999999999997,1,2,3,0.6892655367231638,0.8354430379746836,0.7829614604462475,0.5266718709341661,1.0,0.7623542873489237,0.6827311334603147,0.7588426015790434,0.7011494252873564,0.6951566951566952,0.5267182548148333
0.17999999999999997,1,3,3,0.6892655367231638,0.8507936507936508,0.7926829268292683,0.5454594858975056,1.0,0.7700295937584073,0.6907888087314887,0.765782438003736,0.7218934911242604,0.7052023121387283,0.5458064396141034
0.17999999999999997,1,4,3,0.6497175141242938,0.834920634920635,0.7682926829268293,0.49071097793516755,1.0,0.7423190745224644,0.682165769216419,0.7365205763668194,0.688622754491018,0.6686046511627907,0.4912013947781729
0.17999999999999997,1,5,3,0.6271186440677966,0.8222222222222222,0.7520325203252033,0.45497139743938986,1.0,0.7246704331450093,0.6840129706405751,0.7180744286788178,0.6646706586826348,0.6453488372093024,0.45542609612440565
0.18999999999999995,1,1,3,0.6949152542372882,0.8386075949367089,0.7870182555780934,0.5355191256830603,1.0,0.7667614245869985,0.7235828900069574,0.7633879813310948,0.7068965517241379,0.7008547008547008,0.5355662887395884
0.18999999999999995,1,2,3,0.672316384180791,0.8481012658227848,0.7849898580121704,0.5269656208700689,1.0,0.7602088250017879,0.6851011150310833,0.7551108372001599,0.7125748502994012,0.6918604651162791,0.5274911238990607
0.18999999999999995,1,3,3,0.672316384180791,0.8539682539682539,0.7886178861788617,0.5342181440821453,1.0,0.7631423190745225,0.6928020623174215,0.7577181855499575,0.7212121212121212,0.695906432748538,0.5349913437411851
0.18999999999999995,1,4,3,0.6440677966101694,0.8412698412698413,0.7703252032520326,0.49327354260089695,1.0,0.7426688189400054,0.6842409665453826,0.7360942962836037,0.6951219512195121,0.6686217008797654,0.494113860218848
0.18999999999999995,1,5,3,0.6271186440677966,0.8253968253968254,0.7540650406504065,0.45876063713724624,1.0,0.7262577347323109,0.6903579268841582,0.7194593372531355,0.6686746987951807,0.6472303206997084,0.4593169754556894
0.19999999999999996,1,1,3,0.7005649717514124,0.8417721518987342,0.7910750507099391,0.5443663804319542,1.0,0.7711685618250733,0.7288405352856233,0.767929738853798,0.7126436781609196,0.7065527065527065,0.5444143226643435
0.19999999999999996,1,2,3,0.6666666666666666,0.8575949367088608,0.7890466531440162,0.5335431867392055,1.0,0.7621308016877637,0.6870370878606881,0.7561282680907434,0.7239263803680982,0.6941176470588235,0.534598152727989
0.19999999999999996,1,3,3,0.6892655367231638,0.8571428571428571,0.7967479674796748,0.5532552438027786,1.0,0.7732041969330106,0.6938662986334215,0.7686345239949852,0.7305389221556886,0.7093023255813954,0.5538081674222656
0.19999999999999996,1,4,3,0.632768361581921,0.8444444444444444,0.7682926829268293,0.4868529395619477,1.0,0.7386064030131827,0.6844832824040873,0.7309840816037423,0.6956521739130435,0.6627218934911243,0.48812051930263445
0.19999999999999996,1,5,3,0.6214689265536724,0.8285714285714286,0.7540650406504065,0.4573991031390134,1.0,0.7250201775625504,0.6941044561330457,0.7175872046569173,0.6707317073170732,0.6451612903225806,0.45817830674838633
0.20999999999999996,1,1,3,0.7062146892655368,0.8417721518987342,0.7931034482758621,0.5493520692559999,1.0,0.7739934205821355,0.7339982930631845,0.7710200118580235,0.7142857142857143,0.7102272727272727,0.5493735169503653
0.20999999999999996,1,2,3,0.6666666666666666,0.8575949367088608,0.7890466531440162,0.5335431867392055,1.0,0.7621308016877637,0.6887444156803013,0.7561282680907434,0.7239263803680982,0.6941176470588235,0.534598152727989
0.20999999999999996,1,3,3,0.6779661016949152,0.8666666666666667,0.7987804878048781,0.5549342105263159,1.0,0.772316384180791,0.6932790778248444,0.7665315528201866,0.7407407407407407,0.7079646017699115,0.5562002764749744
0.20999999999999996,1,4,3,0.6214689265536724,0.8539682539682539,0.7703252032520326,0.4881228593525579,1.0,0.7377185902609631,0.6866592528374484,0.7285017049427988,0.7051282051282052,0.6606606606606606,0.4903465386540363
0.20999999999999996,1,5,3,0.6271186440677966,0.8285714285714286,0.7560975609756098,0.4625593970178601,1.0,0.7278450363196125,0.6984839407798152,0.7208415850927522,0.6727272727272727,0.6491228070175439,0.4632288815196909
0.21999999999999995,1,1,3,0.6949152542372882,0.8449367088607594,0.7910750507099391,0.5432269787440742,1.0,0.7699259815490238,0.7392456265388627,0.7662632758082513,0.7151162790697675,0.7048710601719198,0.5433605699790194
0.21999999999999995,1,2,3,0.6497175141242938,0.8607594936708861,0.7849898580121704,0.5221557762294032,1.0,0.75523850389759,0.6915664049498963,0.7478305412904276,0.7232704402515723,0.6845238095238095,0.5238833125100486
0.21999999999999995,1,3,3,0.6779661016949152,0.8666666666666667,0.7987804878048781,0.5549342105263159,1.0,0.772316384180791,0.6952607930368915,0.7665315528201866,0.7407407407407407,0.7079646017699115,0.5562002764749744
0.21999999999999995,1,4,3,0.6271186440677966,0.8571428571428571,0.774390243902439,0.4971826317533975,1.0,0.742130750605327,0.6837857410425294,0.733164556115355,0.7115384615384616,0.6666666666666666,0.49944758350909085
0.21999999999999995,1,5,3,0.6214689265536724,0.8317460317460318,0.7560975609756098,0.46120571647593495,1.0,0.726607479149852,0.7054816311374454,0.7189605785538474,0.6748466257668712,0.6470588235294118,0.4621196057494194
0.22999999999999995,1,1,3,0.6892655367231638,0.8544303797468354,0.795131845841785,0.5498449549329645,1.0,0.7718479582349996,0.7427162157892969,0.7674173664237598,0.7261904761904762,0.7072463768115942,0.5502878504131452
0.22999999999999995,1,2,3,0.6440677966101694,0.8607594936708861,0.7829614604462475,0.5170339580491289,1.0,0.7524136451405278,0.6934267515089214,0.7445720049128175,0.7215189873417721,0.6805970149253732,0.5189458601343075
0.22999999999999995,1,3,3,0.6779661016949152,0.8634920634920635,0.7967479674796748,0.5510047637299458,1.0,0.7707290825934894,0.6964798144013292,0.7651263608909398,0.7361963190184049,0.7058823529411765,0.5520965917910967
0.22999999999999995,1,4,3,0.6045197740112994,0.8571428571428571,0.766260162601626,0.47640199888950585,1.0,0.7308313155770783,0.6843432331225338,0.719833179490498,0.7039473684210527,0.6504559270516718,0.4795185142747622
0.22999999999999995,1,5,3,0.6271186440677966,0.8380952380952381,0.7621951219512195,0.47401315789473686,1.0,0.7326069410815174,0.7120344396219395,0.7249725162473146,0.6851851851851852,0.6548672566371682,0.47509460486095917
0.23999999999999994,1,1,3,0.6779661016949152,0.8512658227848101,0.7890466531440162,0.5358907978347847,1.0,0.7646159622398627,0.7450394128500185,0.7596903128114325,0.718562874251497,0.6976744186046512,0.5364252012689329
0.23999999999999994,1,2,3,0.6384180790960452,0.8670886075949367,0.7849898580121704,0.5197139863610462,1.0,0.7527533433454909,0.6960875894283014,0.7440195180684603,0.7290322580645161,0.6807228915662651,0.5223154590998385
0.23999999999999994,1,3,3,0.655367231638418,0.8698412698412699,0.7926829268292683,0.5385379310344829,1.0,0.762604250739844,0.6989769943136381,0.7550267975249085,0.7388535031847133,0.6946107784431138,0.5407561006167295
0.23999999999999994,1,4,3,0.5819209039548022,0.8603174603174604,0.7601626016260162,0.45929030455434466,1.0,0.7211191821361314,0.6847014599344332,0.7075568628711308,0.7006802721088435,0.6358024691358025,0.46369254135114846
0.23999999999999994,1,5,3,0.6271186440677966,0.8412698412698413,0.7642276422764228,0.47785035955426264,1.0,0.7341942426688189,0.7186709196108221,0.7263442724715831,0.6894409937888198,0.6568047337278107,0.47909450000331866
0.24999999999999992,1,1,3,0.6836158192090396,0.8575949367088608,0.795131845841785,0.5487107445506865,1.0,0.7706053779589501,0.7492407261908615,0.7656797406277329,0.7289156626506024,0.7055393586005831,0.5493747227386185
0.24999999999999992,1,2,3,0.632768361581921,0.8670886075949367,0.7829614604462475,0.5145628387642983,1.0,0.7499284845884289,0.7026107991695294,0.7407200804448313,0.7272727272727273,0.676737160120846,0.5173872432897388
0.24999999999999992,1,3,3,0.655367231638418,0.8698412698412699,0.7926829268292683,0.5385379310344829,1.0,0.762604250739844,0.699905699392888,0.7550267975249085,0.7388535031847133,0.6946107784431138,0.5407561006167295
0.24999999999999992,1,4,3,0.576271186440678,0.8634920634920635,0.7601626016260162,0.4578968009412291,1.0,0.7198816249663708,0.6851782187238493,0.7054116499680742,0.7034482758620689,0.6335403726708074,0.4629265667070639
0.24999999999999992,1,5,3,0.6271186440677966,0.8476190476190476,0.7682926829268293,0.4855539045732211,1.0,0.7373688458434221,0.7267304657980682,0.7290800421276763,0.6981132075471698,0.6607142857142857,0.487163727691151
0.2599999999999999,1,1,3,0.6779661016949152,0.8670886075949367,0.7991886409736308,0.5554067717869539,1.0,0.772527354644926,0.7526863417166243,0.766718124942414,0.7407407407407407,0.7079646017699115,0.5566712172549837
0.2599999999999999,1,2,3,0.632768361581921,0.8670886075949367,0.7829614604462475,0.5145628387642983,1.0,0.7499284845884289,0.7041438419521098,0.7407200804448313,0.7272727272727273,0.676737160120846,0.5173872432897388
0.2599999999999999,1,3,3,0.6497175141242938,0.873015873015873,0.7926829268292683,0.5373637922451464,1.0,0.7613666935700834,0.7012413584120479,0.7531359125728391,0.7419354838709677,0.6927710843373494,0.5400591767489349
0.2599999999999999,1,4,3,0.5649717514124294,0.873015873015873,0.7621951219512195,0.4590053005526108,1.0,0.7189938122141513,0.6893344949614094,0.7023028597326291,0.7142857142857143,0.6309148264984227,0.4658739210552379
0.2599999999999999,1,5,3,0.6101694915254238,0.8507936507936508,0.7642276422764228,0.47386470490624494,1.0,0.7304815711595373,0.7338214911392097,0.7205056067081094,0.6967741935483871,0.6506024096385542,0.47624158180217446
0.2699999999999999,1,1,3,0.672316384180791,0.8734177215189873,0.8012170385395537,0.5582194912309577,1.0,0.7728670528498891,0.7573795388160872,0.7662982737883928,0.7484276729559748,0.7083333333333334,0.5600663432003616
0.2699999999999999,1,2,3,0.632768361581921,0.8670886075949367,0.7829614604462475,0.5145628387642983,1.0,0.7499284845884289,0.7064828895205498,0.7407200804448313,0.7272727272727273,0.676737160120846,0.5173872432897388
0.2699999999999999,1,3,3,0.6384180790960452,0.8761904761904762,0.790650406504065,0.5310383120488618,1.0,0.7573042776432607,0.7087912087244086,0.747914327133645,0.743421052631579,0.6869300911854104,0.5345122459817979
0.2699999999999999,1,4,3,0.559322033898305,0.873015873015873,0.7601626016260162,0.45367285867539936,1.0,0.716168953457089,0.6867815657279375,0.6987825224780185,0.7122302158273381,0.6265822784810127,0.4608615465803122
0.2699999999999999,1,5,3,0.6101694915254238,0.8539682539682539,0.766260162601626,0.4777359326539654,1.0,0.7320688727468389,0.739833106289529,0.7218485819773172,0.7012987012987013,0.6525679758308157,0.480363596669334
0.2799999999999999,1,1,3,0.6666666666666666,0.879746835443038,0.8032454361054767,0.5610537427142136,1.0,0.7732067510548524,0.7649198961175092,0.7658315025482816,0.7564102564102564,0.7087087087087087,0.5636043641078025
0.2799999999999999,1,2,3,0.632768361581921,0.8765822784810127,0.7890466531440162,0.5263556581986143,1.0,0.7546753200314669,0.7126409473963806,0.744764078179243,0.7417218543046358,0.6829268292682927,0.5300849866197275
0.2799999999999999,1,3,3,0.6214689265536724,0.8825396825396825,0.7886178861788617,0.5234423023190834,1.0,0.7520043045466774,0.7144243373818214,0.7405882723544542,0.7482993197278912,0.6790123456790124,0.5284594275260016
0.2799999999999999,1,4,3,0.5536723163841808,0.8793650793650793,0.7621951219512195,0.4561841061104183,1.0,0.7165186978746301,0.6857468199838211,0.697767941682206,0.7205882352941176,0.6261980830670927,0.4647001997769254
0.2799999999999999,1,5,3,0.5932203389830508,0.8603174603174604,0.7642276422764228,0.46981773591215653,1.0,0.7267688996502556,0.7453746176151266,0.7143933198473802,0.7046979865771812,0.6441717791411042,0.47371289214006185
0.2899999999999999,1,1,3,0.6610169491525424,0.8860759493670886,0.8052738336713996,0.5639097744360901,1.0,0.7735464492598155,0.7713407487246985,0.7653177253716756,0.7647058823529411,0.7090909090909091,0.5672912409603829
0.2899999999999999,1,2,3,0.6214689265536724,0.8765822784810127,0.7849898580121704,0.5160041492238727,1.0,0.7490256025173425,0.7170670825962625,0.7380844447917645,0.738255033557047,0.6748466257668712,0.5202736298966933
0.2899999999999999,1,3,3,0.6101694915254238,0.8825396825396825,0.7845528455284553,0.5130259398285618,1.0,0.7463545870325532,0.7178099290497328,0.7338247674658078,0.7448275862068966,0.6708074534161491,0.5186612714225601
0.2899999999999999,1,4,3,0.5480225988700564,0.8857142857142857,0.7642276422764228,0.45871507426165153,1.0,0.7168684422921711,0.6834567084359954,0.6967003981005598,0.7293233082706767,0.6258064516129033,0.46870028869606006
0.2899999999999999,1,5,3,0.576271186440678,0.8666666666666667,0.7621951219512195,0.4617973746213396,1.0,0.7214689265536723,0.7458794413866866,0.7067071729143461,0.7083333333333334,0.6355140186915887,0.46721183819212747
0.29999999999999993,1,1,3,0.655367231638418,0.8924050632911392,0.8073022312373225,0.5667878384253221,1.0,0.7738861474647787,0.7755491859970876,0.764756847520322,0.7733333333333333,0.709480122324159,0.5711333858670228
0.29999999999999993,1,2,3,0.6214689265536724,0.8860759493670886,0.7910750507099391,0.5278787597043372,1.0,0.7537724379603805,0.7224398250836312,0.7420705283854027,0.7534246575342466,0.6811145510835913,0.5332900205104614
0.29999999999999993,1,3,3,0.5988700564971752,0.8888888888888888,0.7845528455284553,0.5105029002646843,1.0,0.743879472693032,0.7221519978368319,0.7296087575602421,0.75177304964539,0.6666666666666666,0.5177070015824227
0.29999999999999993,1,4,3,0.5423728813559322,0.8888888888888888,0.7642276422764228,0.4572944599760371,1.0,0.7156308851224105,0.6800612528047745,0.694340858564394,0.732824427480916,0.6233766233766234,0.46826707500212583
0.29999999999999993,1,5,3,0.5706214689265536,0.8793650793650793,0.7682926829268293,0.4721924227880978,1.0,0.7249932741458165,0.7412646525703483,0.7083675552352867,0.7266187050359713,0.6392405063291139,0.47967456304308037
0.30999999999999994,1,1,3,0.6271186440677966,0.9018987341772152,0.8032454361054767,0.5530705894447613,1.0,0.7645086891225059,0.7786400374524344,0.752062172472248,0.7816901408450704,0.6959247648902821,0.5604054922424988
0.30999999999999994,1,2,3,0.6045197740112994,0.8892405063291139,0.7870182555780934,0.5162104318731952,1.0,0.7468801401702067,0.7273405987999817,0.7331871997844543,0.7535211267605634,0.670846394984326,0.5230564898868191
0.30999999999999994,1,3,3,0.559322033898305,0.8920634920634921,0.7723577235772358,0.4773800717009048,1.0,0.7256927629808985,0.7252573914856023,0.7063644716061086,0.7443609022556391,0.6387096774193548,0.48777158192175263
0.30999999999999994,1,4,3,0.5423728813559322,0.8984126984126984,0.7703252032520326,0.46924046282506604,1.0,0.7203927898843153,0.6769595773632487,0.6980506313189992,0.75,0.6295081967213115,0.48218490626937194
0.30999999999999994,1,5,3,0.5536723163841808,0.8952380952380953,0.7723577235772358,0.4760084441147943,1.0,0.724455205811138,0.7358147776021781,0.7040373213870399,0.7480916030534351,0.6363636363636364,0.48743009441581236
0.3199999999999999,1,1,3,0.5875706214689266,0.9113924050632911,0.795131845841785,0.5285155621206525,1.0,0.7494815132661088,0.7765347556949853,0.7317837124759594,0.7878787878787878,0.6731391585760518,0.5405775097016514
0.3199999999999999,1,2,3,0.5819209039548022,0.8955696202531646,0.7829614604462475,0.5031224979983987,1.0,0.7387452621039834,0.7310144105381002,0.721907669284778,0.7573529411764706,0.65814696485623,0.5124970497731289
0.3199999999999999,1,3,3,0.5310734463276836,0.9079365079365079,0.7723577235772358,0.47044917257683216,1.0,0.7195049771320958,0.7240141130275799,0.6943925189088399,0.7642276422764228,0.6266666666666667,0.48657583766109247
0.3199999999999999,1,4,3,0.519774011299435,0.9079365079365079,0.7682926829268293,0.459559461178239,1.0,0.7138552596179715,0.6717816169729757,0.6869656474201312,0.7603305785123967,0.6174496644295302,0.4766638337667671
0.3199999999999999,1,5,3,0.536723163841808,0.9111111111111111,0.7764227642276422,0.4799054373522458,1.0,0.7239171374764595,0.7348427658855146,0.6992956729216767,0.7723577235772358,0.6333333333333333,0.49635625650855164
0.32999999999999985,1,1,3,0.5310734463276836,0.9208860759493671,0.7809330628803245,0.48706190632165064,1.0,0.7259797611385254,0.777725620720208,0.6993269207099119,0.7899159663865546,0.6351351351351351,0.5066644505028467
0.32999999999999985,1,2,3,0.519774011299435,0.9018987341772152,0.7647058823529411,0.45200176316142504,1.0,0.7108363727383251,0.7359502164726761,0.6846776780713492,0.7479674796747967,0.6133333333333333,0.4674684319063461
0.32999999999999985,1,3,3,0.5141242937853108,0.9111111111111111,0.7682926829268293,0.4581183699495681,1.0,0.712617702448211,0.7237786214943516,0.6844153392202353,0.7647058823529411,0.6148648648648649,0.4765883587645144
0.32999999999999985,1,4,3,0.480225988700565,0.9142857142857143,0.758130081300813,0.42902282036278533,1.0,0.6972558514931396,0.6666604992228591,0.6626188656366941,0.7589285714285714,0.5882352941176471,0.45154495179203086
0.32999999999999985,1,5,3,0.5141242937853108,0.9238095238095239,0.7764227642276422,0.4743283408124015,1.0,0.7189669087974173,0.7296714587348049,0.6891682806257958,0.7913043478260869,0.6232876712328768,0.49662753837464346
0.33999999999999986,1,1,3,0.4971751412429379,0.9430379746835443,0.7829614604462475,0.48280798078337184,1.0,0.7201065579632411,0.7768156364309302,0.6847299016844125,0.8301886792452831,0.6219081272084805,0.5140255865716039
0.33999999999999986,1,2,3,0.4745762711864407,0.9177215189873418,0.7586206896551724,0.42792366724849096,1.0,0.6961488950868913,0.7350616982683865,0.6599461011844596,0.7636363636363637,0.5853658536585366,0.45201235602300016
0.33999999999999986,1,3,3,0.4858757062146893,0.9174603174603174,0.7621951219512195,0.43861907548273843,1.0,0.7016680118375034,0.7187145506944803,0.6676613510380729,0.7678571428571429,0.5951557093425606,0.46164497526364745
0.33999999999999986,1,4,3,0.4463276836158192,0.926984126984127,0.7540650406504065,0.4115065243179122,1.0,0.6866559052999731,0.6623225701961218,0.6432252157257657,0.7745098039215687,0.5663082437275986,0.44195825560113594
0.33999999999999986,1,5,3,0.4632768361581921,0.9301587301587302,0.7621951219512195,0.4325091683426003,1.0,0.6967177831584611,0.7235527581687502,0.6564457278654939,0.7884615384615384,0.5836298932384342,0.46246939218457855
0.34999999999999987,1,1,3,0.4632768361581921,0.9556962025316456,0.7789046653144016,0.46586153769693356,1.0,0.7094865193449188,0.7767026906691711,0.6653960572751085,0.8541666666666666,0.6007326007326007,0.5075576538213215
0.34999999999999987,1,2,3,0.4124293785310734,0.939873417721519,0.7505070993914807,0.3939069855770674,1.0,0.6761513981262962,0.7327076084354817,0.6226005216579585,0.7934782608695652,0.5427509293680297,0.43379062783501793
0.34999999999999987,1,3,3,0.423728813559322,0.9333333333333333,0.75,0.3968424829565842,1.0,0.6785310734463277,0.7158066947910554,0.6288721857330792,0.78125,0.5494505494505495,0.43241675415319525
0.34999999999999987,1,4,3,0.4067796610169492,0.9333333333333333,0.7439024390243902,0.3795712484237074,1.0,0.6700564971751413,0.67052616163556,0.6161663873899261,0.7741935483870968,0.5333333333333333,0.4169051047693491
0.34999999999999987,1,5,3,0.4011299435028249,0.9365079365079365,0.7439024390243902,0.3778527127115071,1.0,0.6688189400053807,0.7184213369686296,0.612912208771677,0.7802197802197802,0.5298507462686567,0.41734978328774874
0.3599999999999999,1,1,3,0.4011299435028249,0.9715189873417721,0.7667342799188641,0.42372002724103236,1.0,0.6863244654222985,0.7748516096465811,0.6242638516719726,0.8875,0.5525291828793775,0.48485294148498725
0.3599999999999999,1,2,3,0.3615819209039548,0.9493670886075949,0.7383367139959433,0.3535642044703755,1.0,0.6554745047557748,0.7269360689832729,0.5858958743170404,0.8,0.4980544747081712,0.4045752702733243
0.3599999999999999,1,3,3,0.3672316384180791,0.9555555555555556,0.7439024390243902,0.36733819117016714,1.0,0.6613935969868173,0.714456843381416,0.5923767654678603,0.8227848101265823,0.5078125,0.4219583982749378
0.3599999999999999,1,4,3,0.3559322033898305,0.9428571428571428,0.7317073170731707,0.33907309030958044,1.0,0.6493946731234866,0.6693112131043262,0.5793040827915708,0.7777777777777778,0.4883720930232558,0.38667277727613775
0.3599999999999999,1,5,3,0.3672316384180791,0.9587301587301588,0.7459349593495935,0.37147412312975236,1.0,0.6629808985741189,0.7170218609370032,0.5933599640954058,0.8333333333333334,0.5098039215686274,0.42831288716649324
0.3699999999999999,1,1,3,0.3389830508474576,0.9810126582278481,0.7505070993914807,0.3711930315756728,1.0,0.6599978545376528,0.7756629353496802,0.5766685909654263,0.9090909090909091,0.49382716049382713,0.45080468827740044
0.3699999999999999,1,2,3,0.3050847457627119,0.9588607594936709,0.7241379310344828,0.3057344626918218,1.0,0.6319727526281914,0.7225628467129747,0.5408639302375112,0.8059701492537313,0.4426229508196721,0.36948962171009253
0.3699999999999999,1,3,3,0.3220338983050847,0.9650793650793651,0.733739837398374,0.3318820748849361,1.0,0.6435566316922249,0.7137664383504966,0.5574838743051712,0.8382352941176471,0.46530612244897956,0.3992618188719751
0.3699999999999999,1,4,3,0.3220338983050847,0.946031746031746,0.7215447154471545,0.30722742969906275,1.0,0.6340328221684154,0.6666993360248661,0.5519549719813828,0.7702702702702703,0.4541832669322709,0.3598976965837384
0.3699999999999999,1,5,3,0.3050847457627119,0.9650793650793651,0.7276422764227642,0.31363607970516577,1.0,0.6350820554210385,0.7164621005224383,0.5426149580836097,0.8307692307692308,0.4462809917355372,0.38291197651046466
0.3799999999999999,1,1,3,0.23163841807909605,0.9841772151898734,0.7139959432048681,0.25777587955795206,1.0,0.6079078166344848,0.7739228013349907,0.47746544716458006,0.8913043478260869,0.36771300448430494,0.3559429520823991
0.3799999999999999,1,2,3,0.2655367231638418,0.9715189873417721,0.718052738336714,0.27900468199274037,1.0,0.618527855252807,0.7189870787170004,0.5079113784807228,0.8392857142857143,0.4034334763948498,0.3583817321009016
0.3799999999999999,1,3,3,0.2542372881355932,0.9714285714285714,0.7134146341463414,0.2661843107387661,1.0,0.6128329297820823,0.7143004066228854,0.49696414922752064,0.8333333333333334,0.38961038961038963,0.3464765414662533
0.3799999999999999,1,4,3,0.2598870056497175,0.9555555555555556,0.7052845528455285,0.2519189631307412,1.0,0.6077212806026365,0.6647049202101443,0.49833369549458084,0.7666666666666667,0.3881856540084388,0.31597732262047956
0.3799999999999999,1,5,3,0.2824858757062147,0.9650793650793651,0.7195121951219512,0.2890620091725826,1.0,0.6237826203927899,0.7147138484701974,0.5221314868598159,0.819672131147541,0.42016806722689076,0.3605188900613022
0.3899999999999999,1,1,3,0.1807909604519774,0.990506329113924,0.6997971602434077,0.20799774222260808,1.0,0.5856486447829508,0.7741322085618062,0.4231720578845781,0.9142857142857143,0.3018867924528302,0.31997342093014636
0.3899999999999999,1,2,3,0.22598870056497175,0.9746835443037974,0.7058823529411765,0.2389788466247221,1.0,0.6003361224343846,0.7154070971566873,0.4693266108365008,0.8333333333333334,0.35555555555555557,0.32472584781055824
0.3899999999999999,1,3,3,0.21468926553672316,0.9777777777777777,0.7032520325203252,0.23004694835680756,1.0,0.5962335216572504,0.7134590522668538,0.45816852027309823,0.8444444444444444,0.34234234234234234,0.3204337603475409
0.3899999999999999,1,4,3,0.192090395480226,0.9650793650793651,0.6869918699186992,0.1878577400475916,1.0,0.5785848802797955,0.6625685924098612,0.4305606541567641,0.7555555555555555,0.3063063063063063,0.26166816158098044
0.3899999999999999,1,5,3,0.22598870056497175,0.9714285714285714,0.7032520325203252,0.2345757943865482,1.0,0.5987086359967716,0.712612161068947,0.4685422932338442,0.8163265306122449,0.35398230088495575,0.31639320896909023
0.3999999999999998,1,1,3,0.14124293785310735,0.990506329113924,0.6855983772819473,0.16168420128794458,1.0,0.5658746334835156,0.7725341628660616,0.37403478967356424,0.8928571428571429,0.24390243902439024,0.27306930809982627
0.3999999999999998,1,2,3,0.1751412429378531,0.9778481012658228,0.6896551724137931,0.1849302486411724,1.0,0.5764946721018379,0.7131541157627077,0.41383756699956065,0.8157894736842105,0.28837209302325584,0.2751654235460199
0.3999999999999998,1,3,3,0.1807909604519774,0.9873015873015873,0.6971544715447154,0.20362403858688555,1.0,0.5840462738767824,0.7140557668038163,0.4224869255065958,0.8888888888888888,0.3004694835680751,0.30978237007551107
0.3999999999999998,1,4,3,0.15254237288135594,0.9746031746031746,0.6788617886178862,0.1542528885697498,1.0,0.5635727737422652,0.6604811480087405,0.3855752596727009,0.7714285714285715,0.25471698113207547,0.23738372697056725
0.3999999999999998,1,5,3,0.1977401129943503,0.9841269841269841,0.7012195121951219,0.2189970195671893,1.0,0.5909335485606673,0.7102501209618342,0.44113646532797424,0.875,0.3225806451612903,0.31937199549271095
0.4099999999999998,1,1,3,0.11299435028248588,0.9936708860759493,0.6774847870182555,0.1321095229132297,1.0,0.5533326181792176,0.7705934533407295,0.33508088003760217,0.9090909090909091,0.20100502512562815,0.24781710575208787
0.4099999999999998,1,2,3,0.14124293785310735,0.9873417721518988,0.6835699797160243,0.15756035578144842,1.0,0.5642923550025031,0.7104771433192929,0.37343681200951184,0.8620689655172413,0.24271844660194175,0.2621570340843767
0.4099999999999998,1,3,3,0.14689265536723164,0.9873015873015873,0.6849593495934959,0.1640357800578794,1.0,0.5670971213344095,0.7132326355487456,0.38082456828179145,0.8666666666666667,0.25120772946859904,0.26914987264136797
0.4099999999999998,1,4,3,0.14124293785310735,0.9746031746031746,0.6747967479674797,0.1409677208145092,1.0,0.557923056228141,0.6581974857509199,0.37101996660815617,0.7575757575757576,0.23809523809523808,0.2222593611798626
0.4099999999999998,1,5,3,0.13559322033898305,0.9873015873015873,0.6808943089430894,0.15067950917007522,1.0,0.5614474038202852,0.7082309619781674,0.3658844102554956,0.8571428571428571,0.23414634146341465,0.2545877121299831
0.4199999999999998,1,1,3,0.07909604519774012,0.9936708860759493,0.665314401622718,0.09096496619545169,1.0,0.5363834656368447,0.7697688157822627,0.28034877798332164,0.875,0.14507772020725387,0.19699039629425927
0.4199999999999998,1,2,3,0.11299435028248588,0.990506329113924,0.6754563894523327,0.1279931017709876,1.0,0.551750339698205,0.7075310162874756,0.33454688626397044,0.8695652173913043,0.2,0.235429309086308
0.4199999999999998,1,3,3,0.10734463276836158,0.9873015873015873,0.6707317073170732,0.11693146313900166,1.0,0.5473231100349745,0.7134539136528063,0.32554803995802123,0.8260869565217391,0.19,0.21517650277987804
0.4199999999999998,1,4,3,0.12429378531073447,0.9777777777777777,0.6707317073170732,0.12495883011659317,1.0,0.5510357815442561,0.6567073979511466,0.34861397159712076,0.7586206896551724,0.21359223300970873,0.20799705269163593
0.4199999999999998,1,5,3,0.06779661016949153,0.9904761904761905,0.6585365853658537,0.07288512012921479,1.0,0.529136400322841,0.7047004436347557,0.25913496129985497,0.8,0.125,0.162668320307186
0.4299999999999998,1,1,3,0.07909604519774012,0.9936708860759493,0.665314401622718,0.09096496619545169,1.0,0.5363834656368447,0.7685123626386609,0.28034877798332164,0.875,0.14507772020725387,0.19699039629425927
0.4299999999999998,1,2,3,0.0903954802259887,0.9936708860759493,0.6693711967545639,0.10476476944843656,1.0,0.542033183150969,0.704314099195198,0.2997054502898123,0.8888888888888888,0.1641025641025641,0.21501531411574826
0.4299999999999998,1,3,3,0.05649717514124294,0.9873015873015873,0.6524390243902439,0.05486654084658955,1.0,0.5218993812214151,0.7126884520639168,0.23617737125940946,0.7142857142857143,0.10471204188481675,0.12642291020363422
0.4299999999999998,1,4,3,0.07909604519774012,0.9809523809523809,0.6565040650406504,0.0745291839187926,1.0,0.5300242130750605,0.6567667934612456,0.27854883568351224,0.7,0.14213197969543148,0.14593435470991065
0.4299999999999998,1,5,3,0.04519774011299435,0.9968253968253968,0.6544715447154471,0.053053461042048514,1.0,0.5210115684691956,0.703655744308718,0.2122598766223771,0.8888888888888888,0.08602150537634409,0.15049967373243836
0.43999999999999984,1,1,3,0.03389830508474576,1.0,0.6531440162271805,0.04304444066065043,1.0,0.5169491525423728,0.766999167263387,0.18411492357966466,1.0,0.06557377049180328,0.14830918649333738
0.43999999999999984,1,2,3,0.03389830508474576,1.0,0.6531440162271805,0.04304444066065043,1.0,0.5169491525423728,0.7010900955118868,0.18411492357966466,1.0,0.06557377049180328,0.14830918649333738
0.43999999999999984,1,3,3,0.02824858757062147,0.9936507936507937,0.6463414634146342,0.027734241908006756,1.0,0.5109496906107076,0.71396439876769,0.16753874614268177,0.7142857142857143,0.05434782608695652,0.08874703748935135
0.43999999999999984,1,4,3,0.03954802259887006,0.9873015873015873,0.6463414634146342,0.033791562267217634,1.0,0.5134248049502287,0.6565106208749368,0.19760016570464575,0.6363636363636364,0.07446808510638298,0.08715875328740297
0.43999999999999984,1,5,3,0.03954802259887006,0.9968253968253968,0.6524390243902439,0.045992652061504914,1.0,0.5181867097121334,0.7006483274068267,0.1985509338199607,0.875,0.07567567567567568,0.13802519401154598
0.44999999999999984,1,1,3,0.01694915254237288,1.0,0.6470588235294118,0.021624580852665436,1.0,0.5084745762711864,0.7648007711610127,0.13018891098082386,1.0,0.03333333333333333,0.104548906663193
0.44999999999999984,1,2,3,0.011299435028248588,1.0,0.6450304259634888,0.014439278493014438,1.0,0.5056497175141242,0.6986047394397579,0.10629880069054677,1.0,0.0223463687150838,0.085276851985609
0.44999999999999984,1,3,3,0.005649717514124294,0.9968253968253968,0.6402439024390244,0.0031593406593406373,1.0,0.5012375571697606,0.7149374959273174,0.07504519906675139,0.5,0.0111731843575419,0.0186691325196059
0.44999999999999984,1,4,3,0.01694915254237288,0.9936507936507937,0.6422764227642277,0.013466402351493661,1.0,0.5052999730965833,0.6547072133740256,0.12977495473101572,0.6,0.03296703296703297,0.0507219671018209
0.44999999999999984,1,5,3,0.01694915254237288,1.0,0.6463414634146342,0.021600493725570852,1.0,0.5084745762711864,0.6993539977867734,0.13018891098082386,1.0,0.03333333333333333,0.10449002702724461
0.45999999999999985,1,1,3,0.005649717514124294,1.0,0.6430020283975659,0.007231121281464632,1.0,0.5028248587570622,0.7627301143079848,0.07516460280028288,1.0,0.011235955056179775,0.060238528821678204
0.45999999999999985,1,2,3,0.0,1.0,0.640973630831643,0.0,1.0,0.5,0.6977134886998839,0.0,,0.0,0.0
0.45999999999999985,1,3,3,0.005649717514124294,1.0,0.6422764227642277,0.007222948338721979,1.0,0.5028248587570622,0.715088965911101,0.07516460280028288,1.0,0.011235955056179775,0.06020435357435382
0.45999999999999985,1,4,3,0.011299435028248588,1.0,0.6443089430894309,0.01442307692307681,1.0,0.5056497175141242,0.6524503234319154,0.10629880069054677,1.0,0.0223463687150838,0.08522864845907042
0.45999999999999985,1,5,3,0.005649717514124294,1.0,0.6422764227642277,0.007222948338721979,1.0,0.5028248587570622,0.6979954689621355,0.07516460280028288,1.0,0.011235955056179775,0.06020435357435382
0.46999999999999986,1,1,3,0.0,1.0,0.640973630831643,0.0,1.0,0.5,0.7604488969866456,0.0,,0.0,0.0
0.46999999999999986,1,2,3,0.0,1.0,0.640973630831643,0.0,1.0,0.5,0.696704705224845,0.0,,0.0,0.0
0.46999999999999986,1,3,3,0.0,1.0,0.6402439024390244,0.0,1.0,0.5,0.7143876880859712,0.0,,0.0,0.0
0.46999999999999986,1,4,3,0.0,1.0,0.6402439024390244,0.0,1.0,0.5,0.6504964582099186,0.0,,0.0,0.0
0.46999999999999986,1,5,3,0.0,1.0,0.6402439024390244,0.0,1.0,0.5,0.6959258416611833,0.0,,0.0,0.0
0.47999999999999976,1,1,3,0.0,1.0,0.640973630831643,0.0,1.0,0.5,0.7583234179257723,0.0,,0.0,0.0
0.47999999999999976,1,2,3,0.0,1.0,0.640973630831643,0.0,1.0,0.5,0.6945559480597949,0.0,,0.0,0.0
0.47999999999999976,1,3,3,0.0,1.0,0.6402439024390244,0.0,1.0,0.5,0.7146215585309884,0.0,,0.0,0.0
0.47999999999999976,1,4,3,0.0,1.0,0.6402439024390244,0.0,1.0,0.5,0.6491397019403121,0.0,,0.0,0.0
0.47999999999999976,1,5,3,0.0,1.0,0.6402439024390244,0.0,1.0,0.5,0.6940002494094721,0.0,,0.0,0.0
0.48999999999999977,1,1,3,0.0,1.0,0.640973630831643,0.0,1.0,0.5,0.7558909008577167,0.0,,0.0,0.0
0.48999999999999977,1,2,3,0.0,1.0,0.640973630831643,0.0,1.0,0.5,0.6925679717931434,0.0,,0.0,0.0
0.48999999999999977,1,3,3,0.0,1.0,0.6402439024390244,0.0,1.0,0.5,0.7133136936881466,0.0,,0.0,0.0
0.48999999999999977,1,4,3,0.0,1.0,0.6402439024390244,0.0,1.0,0.5,0.6472691483289645,0.0,,0.0,0.0
0.48999999999999977,1,5,3,0.0,1.0,0.6402439024390244,0.0,1.0,0.5,0.6902222302364928,0.0,,0.0,0.0
0.4999999999999998,1,1,3,0.0,1.0,0.640973630831643,0.0,1.0,0.5,0.7529439825224118,0.0,,0.0,0.0
0.4999999999999998,1,2,3,0.0,1.0,0.640973630831643,0.0,1.0,0.5,0.6898568682454755,0.0,,0.0,0.0
0.4999999999999998,1,3,3,0.0,1.0,0.6402439024390244,0.0,1.0,0.5,0.7121380985308038,0.0,,0.0,0.0
0.4999999999999998,1,4,3,0.0,1.0,0.6402439024390244,0.0,1.0,0.5,0.6455598372302888,0.0,,0.0,0.0
0.4999999999999998,1,5,3,0.0,1.0,0.6402439024390244,0.0,1.0,0.5,0.6889163221366927,0.0,,0.0,0.0
0.5099999999999998,1,1,3,0.0,1.0,0.640973630831643,0.0,1.0,0.5,0.7504761710111661,0.0,,0.0,0.0
0.5099999999999998,1,2,3,0.0,1.0,0.640973630831643,0.0,1.0,0.5,0.6878596579418903,0.0,,0.0,0.0
0.5099999999999998,1,3,3,0.0,1.0,0.6402439024390244,0.0,1.0,0.5,0.7105499398169419,0.0,,0.0,0.0
0.5099999999999998,1,4,3,0.0,1.0,0.6402439024390244,0.0,1.0,0.5,0.6449640563479602,0.0,,0.0,0.0
0.5099999999999998,1,5,3,0.0,1.0,0.6402439024390244,0.0,1.0,0.5,0.6834541637909914,0.0,,0.0,0.0
0.5199999999999998,1,1,3,0.0,1.0,0.640973630831643,0.0,1.0,0.5,0.7485341723115144,0.0,,0.0,0.0
0.5199999999999998,1,2,3,0.0,1.0,0.640973630831643,0.0,1.0,0.5,0.6857998218309125,0.0,,0.0,0.0
0.5199999999999998,1,3,3,0.0,1.0,0.6402439024390244,0.0,1.0,0.5,0.7119994058372571,0.0,,0.0,0.0
0.5199999999999998,1,4,3,0.0,1.0,0.6402439024390244,0.0,1.0,0.5,0.6436189551487651,0.0,,0.0,0.0
0.5199999999999998,1,5,3,0.0,1.0,0.6402439024390244,0.0,1.0,0.5,0.6806270767271871,0.0,,0.0,0.0
0.5299999999999998,1,1,3,0.0,1.0,0.640973630831643,0.0,1.0,0.5,0.7457078320257462,0.0,,0.0,0.0
0.5299999999999998,1,2,3,0.0,1.0,0.640973630831643,0.0,1.0,0.5,0.683775272397242,0.0,,0.0,0.0
0.5299999999999998,1,3,3,0.0,1.0,0.6402439024390244,0.0,1.0,0.5,0.7108311377692532,0.0,,0.0,0.0
0.5299999999999998,1,4,3,0.0,1.0,0.6402439024390244,0.0,1.0,0.5,0.642134704397948,0.0,,0.0,0.0
0.5299999999999998,1,5,3,0.0,1.0,0.6402439024390244,0.0,1.0,0.5,0.6795473107767961,0.0,,0.0,0.0
0.5399999999999998,1,1,3,0.0,1.0,0.640973630831643,0.0,1.0,0.5,0.742282594920316,0.0,,0.0,0.0
0.5399999999999998,1,2,3,0.0,1.0,0.640973630831643,0.0,1.0,0.5,0.6820626439926911,0.0,,0.0,0.0
0.5399999999999998,1,3,3,0.0,1.0,0.6402439024390244,0.0,1.0,0.5,0.7095842619216586,0.0,,0.0,0.0
0.5399999999999998,1,4,3,0.0,1.0,0.6402439024390244,0.0,1.0,0.5,0.6402442665022314,0.0,,0.0,0.0
0.5399999999999998,1,5,3,0.0,1.0,0.6402439024390244,0.0,1.0,0.5,0.6777164846300097,0.0,,0.0,0.0
0.5499999999999998,1,1,3,0.0,1.0,0.640973630831643,0.0,1.0,0.5,0.7394148399959795,0.0,,0.0,0.0
0.5499999999999998,1,2,3,0.0,1.0,0.640973630831643,0.0,1.0,0.5,0.6804745744618745,0.0,,0.0,0.0
0.5499999999999998,1,3,3,0.0,1.0,0.6402439024390244,0.0,1.0,0.5,0.7085277880625258,0.0,,0.0,0.0
0.5499999999999998,1,4,3,0.0,1.0,0.6402439024390244,0.0,1.0,0.5,0.638201533388572,0.0,,0.0,0.0
0.5499999999999998,1,5,3,0.0,1.0,0.6402439024390244,0.0,1.0,0.5,0.6771146170427009,0.0,,0.0,0.0
0.5599999999999997,1,1,3,0.0,1.0,0.640973630831643,0.0,1.0,0.5,0.7367782589440008,0.0,,0.0,0.0
0.5599999999999997,1,2,3,0.0,1.0,0.640973630831643,0.0,1.0,0.5,0.6790998988248372,0.0,,0.0,0.0
0.5599999999999997,1,3,3,0.0,1.0,0.6402439024390244,0.0,1.0,0.5,0.707438810771547,0.0,,0.0,0.0
0.5599999999999997,1,4,3,0.0,1.0,0.6402439024390244,0.0,1.0,0.5,0.6360606367371748,0.0,,0.0,0.0
0.5599999999999997,1,5,3,0.0,1.0,0.6402439024390244,0.0,1.0,0.5,0.6762239103738396,0.0,,0.0,0.0
0.5699999999999997,1,1,3,0.0,1.0,0.640973630831643,0.0,1.0,0.5,0.7347230979070712,0.0,,0.0,0.0
0.5699999999999997,1,2,3,0.0,1.0,0.640973630831643,0.0,1.0,0.5,0.677243868364692,0.0,,0.0,0.0
0.5699999999999997,1,3,3,0.0,1.0,0.6402439024390244,0.0,1.0,0.5,0.7062792429646215,0.0,,0.0,0.0
0.5699999999999997,1,4,3,0.0,1.0,0.6402439024390244,0.0,1.0,0.5,0.6359323858351663,0.0,,0.0,0.0
0.5699999999999997,1,5,3,0.0,1.0,0.6402439024390244,0.0,1.0,0.5,0.6743893014247613,0.0,,0.0,0.0
0.5799999999999997,1,1,3,0.0,1.0,0.640973630831643,0.0,1.0,0.5,0.7321213198308019,0.0,,0.0,0.0
0.5799999999999997,1,2,3,0.0,1.0,0.640973630831643,0.0,1.0,0.5,0.6756075678648745,0.0,,0.0,0.0
0.5799999999999997,1,3,3,0.0,1.0,0.6402439024390244,0.0,1.0,0.5,0.7048730727094624,0.0,,0.0,0.0
0.5799999999999997,1,4,3,0.0,1.0,0.6402439024390244,0.0,1.0,0.5,0.6335174830229449,0.0,,0.0,0.0
0.5799999999999997,1,5,3,0.0,1.0,0.6402439024390244,0.0,1.0,0.5,0.6729028461728317,0.0,,0.0,0.0
0.5899999999999997,1,1,3,0.0,1.0,0.640973630831643,0.0,1.0,0.5,0.7300051034832801,0.0,,0.0,0.0
0.5899999999999997,1,2,3,0.0,1.0,0.640973630831643,0.0,1.0,0.5,0.6741538243503359,0.0,,0.0,0.0
0.5899999999999997,1,3,3,0.0,1.0,0.6402439024390244,0.0,1.0,0.5,0.7036832333683177,0.0,,0.0,0.0
0.5899999999999997,1,4,3,0.0,1.0,0.6402439024390244,0.0,1.0,0.5,0.6320465617220655,0.0,,0.0,0.0
0.5899999999999997,1,5,3,0.0,1.0,0.6402439024390244,0.0,1.0,0.5,0.6716963336031743,0.0,,0.0,0.0
0.5999999999999998,1,1,3,0.0,1.0,0.640973630831643,0.0,1.0,0.5,0.7282316013792174,0.0,,0.0,0.0
0.5999999999999998,1,2,3,0.0,1.0,0.640973630831643,0.0,1.0,0.5,0.6723077869577604,0.0,,0.0,0.0
0.5999999999999998,1,3,3,0.0,1.0,0.6402439024390244,0.0,1.0,0.5,0.7023511857977512,0.0,,0.0,0.0
0.5999999999999998,1,4,3,0.0,1.0,0.6402439024390244,0.0,1.0,0.5,0.630293891607728,0.0,,0.0,0.0
0.5999999999999998,1,5,3,0.0,1.0,0.6402439024390244,0.0,1.0,0.5,0.6702450888538622,0.0,,0.0,0.0
0.6099999999999998,1,1,3,0.0,1.0,0.640973630831643,0.0,1.0,0.5,0.725768516886879,0.0,,0.0,0.0
0.6099999999999998,1,2,3,0.0,1.0,0.640973630831643,0.0,1.0,0.5,0.6712589022656389,0.0,,0.0,0.0
0.6099999999999998,1,3,3,0.0,1.0,0.6402439024390244,0.0,1.0,0.5,0.7014975036811177,0.0,,0.0,0.0
0.6099999999999998,1,4,3,0.0,1.0,0.6402439024390244,0.0,1.0,0.5,0.6278802416700006,0.0,,0.0,0.0
0.6099999999999998,1,5,3,0.0,1.0,0.6402439024390244,0.0,1.0,0.5,0.6694948324658903,0.0,,0.0,0.0
0.6199999999999998,1,1,3,0.0,1.0,0.640973630831643,0.0,1.0,0.5,0.723334875993298,0.0,,0.0,0.0
0.6199999999999998,1,2,3,0.0,1.0,0.640973630831643,0.0,1.0,0.5,0.6698188457368495,0.0,,0.0,0.0
0.6199999999999998,1,3,3,0.0,1.0,0.6402439024390244,0.0,1.0,0.5,0.7001468634097586,0.0,,0.0,0.0
0.6199999999999998,1,4,3,0.0,1.0,0.6402439024390244,0.0,1.0,0.5,0.6261528063883054,0.0,,0.0,0.0
0.6199999999999998,1,5,3,0.0,1.0,0.6402439024390244,0.0,1.0,0.5,0.6685178078174552,0.0,,0.0,0.0
0.6299999999999997,1,1,3,0.0,1.0,0.640973630831643,0.0,1.0,0.5,0.7208287803636708,0.0,,0.0,0.0
0.6299999999999997,1,2,3,0.0,1.0,0.640973630831643,0.0,1.0,0.5,0.668279971561327,0.0,,0.0,0.0
0.6299999999999997,1,3,3,0.0,1.0,0.6402439024390244,0.0,1.0,0.5,0.6985533461198487,0.0,,0.0,0.0
0.6299999999999997,1,4,3,0.0,1.0,0.6402439024390244,0.0,1.0,0.5,0.6225637426526942,0.0,,0.0,0.0
0.6299999999999997,1,5,3,0.0,1.0,0.6402439024390244,0.0,1.0,0.5,0.666674438442556,0.0,,0.0,0.0
0.6399999999999997,1,1,3,0.0,1.0,0.640973630831643,0.0,1.0,0.5,0.7180254135106935,0.0,,0.0,0.0
0.6399999999999997,1,2,3,0.0,1.0,0.640973630831643,0.0,1.0,0.5,0.667253671491956,0.0,,0.0,0.0
0.6399999999999997,1,3,3,0.0,1.0,0.6402439024390244,0.0,1.0,0.5,0.6972230655492861,0.0,,0.0,0.0
0.6399999999999997,1,4,3,0.0,1.0,0.6402439024390244,0.0,1.0,0.5,0.6211987233975262,0.0,,0.0,0.0
0.6399999999999997,1,5,3,0.0,1.0,0.6402439024390244,0.0,1.0,0.5,0.6655684751422316,0.0,,0.0,0.0
0.6499999999999997,1,1,3,0.0,1.0,0.640973630831643,0.0,1.0,0.5,0.7155266703795238,0.0,,0.0,0.0
0.6499999999999997,1,2,3,0.0,1.0,0.640973630831643,0.0,1.0,0.5,0.6655959973847511,0.0,,0.0,0.0
0.6499999999999997,1,3,3,0.0,1.0,0.6402439024390244,0.0,1.0,0.5,0.6963982690183906,0.0,,0.0,0.0
0.6499999999999997,1,4,3,0.0,1.0,0.6402439024390244,0.0,1.0,0.5,0.6150338827216533,0.0,,0.0,0.0
0.6499999999999997,1,5,3,0.0,1.0,0.6402439024390244,0.0,1.0,0.5,0.6634284395348333,0.0,,0.0,0.0
0.6599999999999997,1,1,3,0.0,1.0,0.640973630831643,0.0,1.0,0.5,0.7143614155932929,0.0,,0.0,0.0
0.6599999999999997,1,2,3,0.0,1.0,0.640973630831643,0.0,1.0,0.5,0.6647197733405142,0.0,,0.0,0.0
0.6599999999999997,1,3,3,0.0,1.0,0.6402439024390244,0.0,1.0,0.5,0.6945355901211394,0.0,,0.0,0.0
0.6599999999999997,1,4,3,0.0,1.0,0.6402439024390244,0.0,1.0,0.5,0.613791931177071,0.0,,0.0,0.0
0.6599999999999997,1,5,3,0.0,1.0,0.6402439024390244,0.0,1.0,0.5,0.6621346366357489,0.0,,0.0,0.0
0.6699999999999997,1,1,3,0.0,1.0,0.640973630831643,0.0,1.0,0.5,0.7121919710463449,0.0,,0.0,0.0
0.6699999999999997,1,2,3,0.0,1.0,0.640973630831643,0.0,1.0,0.5,0.6639002692210173,0.0,,0.0,0.0
0.6699999999999997,1,3,3,0.0,1.0,0.6402439024390244,0.0,1.0,0.5,0.6934605082211525,0.0,,0.0,0.0
0.6699999999999997,1,4,3,0.0,1.0,0.6402439024390244,0.0,1.0,0.5,0.6129121680069065,0.0,,0.0,0.0
0.6699999999999997,1,5,3,0.0,1.0,0.6402439024390244,0.0,1.0,0.5,0.6609459349467648,0.0,,0.0,0.0
0.6799999999999997,1,1,3,0.0,1.0,0.640973630831643,0.0,1.0,0.5,0.7101538046301663,0.0,,0.0,0.0
0.6799999999999997,1,2,3,0.0,1.0,0.640973630831643,0.0,1.0,0.5,0.6627155815761402,0.0,,0.0,0.0
0.6799999999999997,1,3,3,0.0,1.0,0.6402439024390244,0.0,1.0,0.5,0.6917929642602314,0.0,,0.0,0.0
0.6799999999999997,1,4,3,0.0,1.0,0.6402439024390244,0.0,1.0,0.5,0.610748927360863,0.0,,0.0,0.0
0.6799999999999997,1,5,3,0.0,1.0,0.6402439024390244,0.0,1.0,0.5,0.6591046397534238,0.0,,0.0,0.0
0.6899999999999997,1,1,3,0.0,1.0,0.640973630831643,0.0,1.0,0.5,0.7082504455011374,0.0,,0.0,0.0
0.6899999999999997,1,2,3,0.0,1.0,0.640973630831643,0.0,1.0,0.5,0.6612033657173013,0.0,,0.0,0.0
0.6899999999999997,1,3,3,0.0,1.0,0.6402439024390244,0.0,1.0,0.5,0.6909615688154218,0.0,,0.0,0.0
0.6899999999999997,1,4,3,0.0,1.0,0.6402439024390244,0.0,1.0,0.5,0.6091211452486907,0.0,,0.0,0.0
0.6899999999999997,1,5,3,0.0,1.0,0.6402439024390244,0.0,1.0,0.5,0.6572520869293164,0.0,,0.0,0.0
0.6999999999999996,1,1,3,0.0,1.0,0.640973630831643,0.0,1.0,0.5,0.7065545093149552,0.0,,0.0,0.0
0.6999999999999996,1,2,3,0.0,1.0,0.640973630831643,0.0,1.0,0.5,0.6598077763703715,0.0,,0.0,0.0
0.6999999999999996,1,3,3,0.0,1.0,0.6402439024390244,0.0,1.0,0.5,0.6900593733159216,0.0,,0.0,0.0
0.6999999999999996,1,4,3,0.0,1.0,0.6402439024390244,0.0,1.0,0.5,0.6073784811024197,0.0,,0.0,0.0
0.6999999999999996,1,5,3,0.0,1.0,0.6402439024390244,0.0,1.0,0.5,0.6557671943550402,0.0,,0.0,0.0
0.7099999999999996,1,1,3,0.0,1.0,0.640973630831643,0.0,1.0,0.5,0.7053581509107923,0.0,,0.0,0.0
0.7099999999999996,1,2,3,0.0,1.0,0.640973630831643,0.0,1.0,0.5,0.658486344913541,0.0,,0.0,0.0
0.7099999999999996,1,3,3,0.0,1.0,0.6402439024390244,0.0,1.0,0.5,0.6884308515428781,0.0,,0.0,0.0
0.7099999999999996,1,4,3,0.0,1.0,0.6402439024390244,0.0,1.0,0.5,0.6057650359852609,0.0,,0.0,0.0
0.7099999999999996,1,5,3,0.0,1.0,0.6402439024390244,0.0,1.0,0.5,0.6549283028909269,0.0,,0.0,0.0
0.7199999999999996,1,1,3,0.0,1.0,0.640973630831643,0.0,1.0,0.5,0.7036747630026821,0.0,,0.0,0.0
0.7199999999999996,1,2,3,0.0,1.0,0.640973630831643,0.0,1.0,0.5,0.6571861929126179,0.0,,0.0,0.0
0.7199999999999996,1,3,3,0.0,1.0,0.6402439024390244,0.0,1.0,0.5,0.6879369158835094,0.0,,0.0,0.0
0.7199999999999996,1,4,3,0.0,1.0,0.6402439024390244,0.0,1.0,0.5,0.604614243669542,0.0,,0.0,0.0
0.7199999999999996,1,5,3,0.0,1.0,0.6402439024390244,0.0,1.0,0.5,0.6535633693886911,0.0,,0.0,0.0
0.7299999999999996,1,1,3,0.0,1.0,0.640973630831643,0.0,1.0,0.5,0.7024552884387941,0.0,,0.0,0.0
0.7299999999999996,1,2,3,0.0,1.0,0.640973630831643,0.0,1.0,0.5,0.6561736701333412,0.0,,0.0,0.0
0.7299999999999996,1,3,3,0.0,1.0,0.6402439024390244,0.0,1.0,0.5,0.6871735376242037,0.0,,0.0,0.0
0.7299999999999996,1,4,3,0.0,1.0,0.6402439024390244,0.0,1.0,0.5,0.6034910623956542,0.0,,0.0,0.0
0.7299999999999996,1,5,3,0.0,1.0,0.6402439024390244,0.0,1.0,0.5,0.6524352804572952,0.0,,0.0,0.0
0.7399999999999997,1,1,3,0.0,1.0,0.640973630831643,0.0,1.0,0.5,0.7012103756360518,0.0,,0.0,0.0
0.7399999999999997,1,2,3,0.0,1.0,0.640973630831643,0.0,1.0,0.5,0.6554213374245867,0.0,,0.0,0.0
0.7399999999999997,1,3,3,0.0,1.0,0.6402439024390244,0.0,1.0,0.5,0.6859211219222628,0.0,,0.0,0.0
0.7399999999999997,1,4,3,0.0,1.0,0.6402439024390244,0.0,1.0,0.5,0.6021353136578913,0.0,,0.0,0.0
0.7399999999999997,1,5,3,0.0,1.0,0.6402439024390244,0.0,1.0,0.5,0.6510968238509527,0.0,,0.0,0.0
0.7499999999999997,1,1,3,0.0,1.0,0.640973630831643,0.0,1.0,0.5,0.6997239952680919,0.0,,0.0,0.0
0.7499999999999997,1,2,3,0.0,1.0,0.640973630831643,0.0,1.0,0.5,0.6536907894389927,0.0,,0.0,0.0
0.7499999999999997,1,3,3,0.0,1.0,0.6402439024390244,0.0,1.0,0.5,0.6848090423634805,0.0,,0.0,0.0
0.7499999999999997,1,4,3,0.0,1.0,0.6402439024390244,0.0,1.0,0.5,0.6012640164780674,0.0,,0.0,0.0
0.7499999999999997,1,5,3,0.0,1.0,0.6402439024390244,0.0,1.0,0.5,0.6505039486200229,0.0,,0.0,0.0
0.7599999999999997,1,1,3,0.0,1.0,0.640973630831643,0.0,1.0,0.5,0.698178117947158,0.0,,0.0,0.0
0.7599999999999997,1,2,3,0.0,1.0,0.640973630831643,0.0,1.0,0.5,0.6531137329817469,0.0,,0.0,0.0
0.7599999999999997,1,3,3,0.0,1.0,0.6402439024390244,0.0,1.0,0.5,0.6833070137682413,0.0,,0.0,0.0
0.7599999999999997,1,4,3,0.0,1.0,0.6402439024390244,0.0,1.0,0.5,0.6007926907827272,0.0,,0.0,0.0
0.7599999999999997,1,5,3,0.0,1.0,0.6402439024390244,0.0,1.0,0.5,0.6495942714281703,0.0,,0.0,0.0
0.7699999999999997,1,1,3,0.0,1.0,0.640973630831643,0.0,1.0,0.5,0.6967511431955952,0.0,,0.0,0.0
0.7699999999999997,1,2,3,0.0,1.0,0.640973630831643,0.0,1.0,0.5,0.6514791290190649,0.0,,0.0,0.0
0.7699999999999997,1,3,3,0.0,1.0,0.6402439024390244,0.0,1.0,0.5,0.682138818319615,0.0,,0.0,0.0
0.7699999999999997,1,4,3,0.0,1.0,0.6402439024390244,0.0,1.0,0.5,0.6003926446294671,0.0,,0.0,0.0
0.7699999999999997,1,5,3,0.0,1.0,0.6402439024390244,0.0,1.0,0.5,0.648397273523651,0.0,,0.0,0.0
0.7799999999999997,1,1,3,0.0,1.0,0.640973630831643,0.0,1.0,0.5,0.6956451850293438,0.0,,0.0,0.0
0.7799999999999997,1,2,3,0.0,1.0,0.640973630831643,0.0,1.0,0.5,0.6505935537485366,0.0,,0.0,0.0
0.7799999999999997,1,3,3,0.0,1.0,0.6402439024390244,0.0,1.0,0.5,0.6815722472683673,0.0,,0.0,0.0
0.7799999999999997,1,4,3,0.0,1.0,0.6402439024390244,0.0,1.0,0.5,0.5989650043736343,0.0,,0.0,0.0
0.7799999999999997,1,5,3,0.0,1.0,0.6402439024390244,0.0,1.0,0.5,0.6472042601165975,0.0,,0.0,0.0
0.7899999999999996,1,1,3,0.0,1.0,0.640973630831643,0.0,1.0,0.5,0.6948352612548181,0.0,,0.0,0.0
0.7899999999999996,1,2,3,0.0,1.0,0.640973630831643,0.0,1.0,0.5,0.6494906394547328,0.0,,0.0,0.0
0.7899999999999996,1,3,3,0.0,1.0,0.6402439024390244,0.0,1.0,0.5,0.6809109052754345,0.0,,0.0,0.0
0.7899999999999996,1,4,3,0.0,1.0,0.6402439024390244,0.0,1.0,0.5,0.5978367174425906,0.0,,0.0,0.0
0.7899999999999996,1,5,3,0.0,1.0,0.6402439024390244,0.0,1.0,0.5,0.6463465581232701,0.0,,0.0,0.0
0.7999999999999996,1,1,3,0.0,1.0,0.640973630831643,0.0,1.0,0.5,0.6938947537584997,0.0,,0.0,0.0
0.7999999999999996,1,2,3,0.0,1.0,0.640973630831643,0.0,1.0,0.5,0.6487504834550284,0.0,,0.0,0.0
0.7999999999999996,1,3,3,0.0,1.0,0.6402439024390244,0.0,1.0,0.5,0.6801276645389669,0.0,,0.0,0.0
0.7999999999999996,1,4,3,0.0,1.0,0.6402439024390244,0.0,1.0,0.5,0.5966972739764099,0.0,,0.0,0.0
0.7999999999999996,1,5,3,0.0,1.0,0.6402439024390244,0.0,1.0,0.5,0.6456807881671778,0.0,,0.0,0.0
0.8099999999999996,1,1,3,0.0,1.0,0.640973630831643,0.0,1.0,0.5,0.6925070032824705,0.0,,0.0,0.0
0.8099999999999996,1,2,3,0.0,1.0,0.640973630831643,0.0,1.0,0.5,0.6479241746121851,0.0,,0.0,0.0
0.8099999999999996,1,3,3,0.0,1.0,0.6402439024390244,0.0,1.0,0.5,0.6795016670724785,0.0,,0.0,0.0
0.8099999999999996,1,4,3,0.0,1.0,0.6402439024390244,0.0,1.0,0.5,0.5964695192333769,0.0,,0.0,0.0
0.8099999999999996,1,5,3,0.0,1.0,0.6402439024390244,0.0,1.0,0.5,0.6446634526174704,0.0,,0.0,0.0
0.8199999999999996,1,1,3,0.0,1.0,0.640973630831643,0.0,1.0,0.5,0.6906147770686746,0.0,,0.0,0.0
0.8199999999999996,1,2,3,0.0,1.0,0.640973630831643,0.0,1.0,0.5,0.6469341732259897,0.0,,0.0,0.0
0.8199999999999996,1,3,3,0.0,1.0,0.6402439024390244,0.0,1.0,0.5,0.6784541089383963,0.0,,0.0,0.0
0.8199999999999996,1,4,3,0.0,1.0,0.6402439024390244,0.0,1.0,0.5,0.595956707159957,0.0,,0.0,0.0
0.8199999999999996,1,5,3,0.0,1.0,0.6402439024390244,0.0,1.0,0.5,0.6440603739573971,0.0,,0.0,0.0
0.8299999999999996,1,1,3,0.0,1.0,0.640973630831643,0.0,1.0,0.5,0.6894809829951033,0.0,,0.0,0.0
0.8299999999999996,1,2,3,0.0,1.0,0.640973630831643,0.0,1.0,0.5,0.6460776037777591,0.0,,0.0,0.0
0.8299999999999996,1,3,3,0.0,1.0,0.6402439024390244,0.0,1.0,0.5,0.6778487866593982,0.0,,0.0,0.0
0.8299999999999996,1,4,3,0.0,1.0,0.6402439024390244,0.0,1.0,0.5,0.5953370044761214,0.0,,0.0,0.0
0.8299999999999996,1,5,3,0.0,1.0,0.6402439024390244,0.0,1.0,0.5,0.6429163743053583,0.0,,0.0,0.0
0.8399999999999996,1,1,3,0.0,1.0,0.640973630831643,0.0,1.0,0.5,0.6891747319899204,0.0,,0.0,0.0
0.8399999999999996,1,2,3,0.0,1.0,0.640973630831643,0.0,1.0,0.5,0.6452367460725487,0.0,,0.0,0.0
0.8399999999999996,1,3,3,0.0,1.0,0.6402439024390244,0.0,1.0,0.5,0.6770438763536162,0.0,,0.0,0.0
0.8399999999999996,1,4,3,0.0,1.0,0.6402439024390244,0.0,1.0,0.5,0.5945481905486928,0.0,,0.0,0.0
0.8399999999999996,1,5,3,0.0,1.0,0.6402439024390244,0.0,1.0,0.5,0.6430619080461917,0.0,,0.0,0.0
0.8499999999999996,1,1,3,0.0,1.0,0.640973630831643,0.0,1.0,0.5,0.6880785637624705,0.0,,0.0,0.0
0.8499999999999996,1,2,3,0.0,1.0,0.640973630831643,0.0,1.0,0.5,0.644141922172609,0.0,,0.0,0.0
0.8499999999999996,1,3,3,0.0,1.0,0.6402439024390244,0.0,1.0,0.5,0.6764929083399714,0.0,,0.0,0.0
0.8499999999999996,1,4,3,0.0,1.0,0.6402439024390244,0.0,1.0,0.5,0.5933583961750422,0.0,,0.0,0.0
0.8499999999999996,1,5,3,0.0,1.0,0.6402439024390244,0.0,1.0,0.5,0.6422228581653087,0.0,,0.0,0.0
0.8599999999999995,1,1,3,0.0,1.0,0.640973630831643,0.0,1.0,0.5,0.6868339112437611,0.0,,0.0,0.0
0.8599999999999995,1,2,3,0.0,1.0,0.640973630831643,0.0,1.0,0.5,0.6436563724791666,0.0,,0.0,0.0
0.8599999999999995,1,3,3,0.0,1.0,0.6402439024390244,0.0,1.0,0.5,0.6757835754828658,0.0,,0.0,0.0
0.8599999999999995,1,4,3,0.0,1.0,0.6402439024390244,0.0,1.0,0.5,0.5929525846740278,0.0,,0.0,0.0
0.8599999999999995,1,5,3,0.0,1.0,0.6402439024390244,0.0,1.0,0.5,0.641694730669302,0.0,,0.0,0.0
0.8699999999999996,1,1,3,0.0,1.0,0.640973630831643,0.0,1.0,0.5,0.6858805477221074,0.0,,0.0,0.0
0.8699999999999996,1,2,3,0.0,1.0,0.640973630831643,0.0,1.0,0.5,0.643176360983048,0.0,,0.0,0.0
0.8699999999999996,1,3,3,0.0,1.0,0.6402439024390244,0.0,1.0,0.5,0.6748358730149364,0.0,,0.0,0.0
0.8699999999999996,1,4,3,0.0,1.0,0.6402439024390244,0.0,1.0,0.5,0.5922752837836214,0.0,,0.0,0.0
0.8699999999999996,1,5,3,0.0,1.0,0.6402439024390244,0.0,1.0,0.5,0.6407843769216501,0.0,,0.0,0.0
0.8799999999999996,1,1,3,0.0,1.0,0.640973630831643,0.0,1.0,0.5,0.6848591205258265,0.0,,0.0,0.0
0.8799999999999996,1,2,3,0.0,1.0,0.640973630831643,0.0,1.0,0.5,0.6431920378973397,0.0,,0.0,0.0
0.8799999999999996,1,3,3,0.0,1.0,0.6402439024390244,0.0,1.0,0.5,0.6739755431993457,0.0,,0.0,0.0
0.8799999999999996,1,4,3,0.0,1.0,0.6402439024390244,0.0,1.0,0.5,0.5920587099159845,0.0,,0.0,0.0
0.8799999999999996,1,5,3,0.0,1.0,0.6402439024390244,0.0,1.0,0.5,0.6399000454372995,0.0,,0.0,0.0
0.8899999999999996,1,1,3,0.0,1.0,0.640973630831643,0.0,1.0,0.5,0.683776657053611,0.0,,0.0,0.0
0.8899999999999996,1,2,3,0.0,1.0,0.640973630831643,0.0,1.0,0.5,0.6424497904245674,0.0,,0.0,0.0
0.8899999999999996,1,3,3,0.0,1.0,0.6402439024390244,0.0,1.0,0.5,0.6730343154389403,0.0,,0.0,0.0
0.8899999999999996,1,4,3,0.0,1.0,0.6402439024390244,0.0,1.0,0.5,0.5914142499363928,0.0,,0.0,0.0
0.8899999999999996,1,5,3,0.0,1.0,0.6402439024390244,0.0,1.0,0.5,0.6382280786349568,0.0,,0.0,0.0
0.8999999999999996,1,1,3,0.0,1.0,0.640973630831643,0.0,1.0,0.5,0.6831394707002031,0.0,,0.0,0.0
0.8999999999999996,1,2,3,0.0,1.0,0.640973630831643,0.0,1.0,0.5,0.6418054775512769,0.0,,0.0,0.0
0.8999999999999996,1,3,3,0.0,1.0,0.6402439024390244,0.0,1.0,0.5,0.672276755582184,0.0,,0.0,0.0
0.8999999999999996,1,4,3,0.0,1.0,0.6402439024390244,0.0,1.0,0.5,0.5914461054039407,0.0,,0.0,0.0
0.8999999999999996,1,5,3,0.0,1.0,0.6402439024390244,0.0,1.0,0.5,0.6374302078061882,0.0,,0.0,0.0
0.9099999999999996,1,1,3,0.0,1.0,0.640973630831643,0.0,1.0,0.5,0.6823801976516107,0.0,,0.0,0.0
0.9099999999999996,1,2,3,0.0,1.0,0.640973630831643,0.0,1.0,0.5,0.6414661680197156,0.0,,0.0,0.0
0.9099999999999996,1,3,3,0.0,1.0,0.6402439024390244,0.0,1.0,0.5,0.6720614339403108,0.0,,0.0,0.0
0.9099999999999996,1,4,3,0.0,1.0,0.6402439024390244,0.0,1.0,0.5,0.5907746347403943,0.0,,0.0,0.0
0.9099999999999996,1,5,3,0.0,1.0,0.6402439024390244,0.0,1.0,0.5,0.636684648633321,0.0,,0.0,0.0
0.9199999999999996,1,1,3,0.0,1.0,0.640973630831643,0.0,1.0,0.5,0.6817856308620165,0.0,,0.0,0.0
0.9199999999999996,1,2,3,0.0,1.0,0.640973630831643,0.0,1.0,0.5,0.6405116847280615,0.0,,0.0,0.0
0.9199999999999996,1,3,3,0.0,1.0,0.6402439024390244,0.0,1.0,0.5,0.6713354096966212,0.0,,0.0,0.0
0.9199999999999996,1,4,3,0.0,1.0,0.6402439024390244,0.0,1.0,0.5,0.5902039204863361,0.0,,0.0,0.0
0.9199999999999996,1,5,3,0.0,1.0,0.6402439024390244,0.0,1.0,0.5,0.635990783435882,0.0,,0.0,0.0
0.9299999999999996,1,1,3,0.0,1.0,0.640973630831643,0.0,1.0,0.5,0.6812023757473671,0.0,,0.0,0.0
0.9299999999999996,1,2,3,0.0,1.0,0.640973630831643,0.0,1.0,0.5,0.640023564309884,0.0,,0.0,0.0
0.9299999999999996,1,3,3,0.0,1.0,0.6402439024390244,0.0,1.0,0.5,0.6707985932515913,0.0,,0.0,0.0
0.9299999999999996,1,4,3,0.0,1.0,0.6402439024390244,0.0,1.0,0.5,0.5896629686701866,0.0,,0.0,0.0
0.9299999999999996,1,5,3,0.0,1.0,0.6402439024390244,0.0,1.0,0.5,0.6358704254536476,0.0,,0.0,0.0
0.9399999999999996,1,1,3,0.0,1.0,0.640973630831643,0.0,1.0,0.5,0.6799274004533277,0.0,,0.0,0.0
0.9399999999999996,1,2,3,0.0,1.0,0.640973630831643,0.0,1.0,0.5,0.6396991542937143,0.0,,0.0,0.0
0.9399999999999996,1,3,3,0.0,1.0,0.6402439024390244,0.0,1.0,0.5,0.6700441037182445,0.0,,0.0,0.0
0.9399999999999996,1,4,3,0.0,1.0,0.6402439024390244,0.0,1.0,0.5,0.5891512552282605,0.0,,0.0,0.0
0.9399999999999996,1,5,3,0.0,1.0,0.6402439024390244,0.0,1.0,0.5,0.635175286427684,0.0,,0.0,0.0
0.9499999999999995,1,1,3,0.0,1.0,0.640973630831643,0.0,1.0,0.5,0.6792757943947555,0.0,,0.0,0.0
0.9499999999999995,1,2,3,0.0,1.0,0.640973630831643,0.0,1.0,0.5,0.639360507448089,0.0,,0.0,0.0
0.9499999999999995,1,3,3,0.0,1.0,0.6402439024390244,0.0,1.0,0.5,0.6690841985109537,0.0,,0.0,0.0
0.9499999999999995,1,4,3,0.0,1.0,0.6402439024390244,0.0,1.0,0.5,0.5888716880087639,0.0,,0.0,0.0
0.9499999999999995,1,5,3,0.0,1.0,0.6402439024390244,0.0,1.0,0.5,0.634722569121696,0.0,,0.0,0.0
0.9599999999999995,1,1,3,0.0,1.0,0.640973630831643,0.0,1.0,0.5,0.6789137410923384,0.0,,0.0,0.0
0.9599999999999995,1,2,3,0.0,1.0,0.640973630831643,0.0,1.0,0.5,0.6383342195139607,0.0,,0.0,0.0
0.9599999999999995,1,3,3,0.0,1.0,0.6402439024390244,0.0,1.0,0.5,0.6681101474895315,0.0,,0.0,0.0
0.9599999999999995,1,4,3,0.0,1.0,0.6402439024390244,0.0,1.0,0.5,0.5884278389316445,0.0,,0.0,0.0
0.9599999999999995,1,5,3,0.0,1.0,0.6402439024390244,0.0,1.0,0.5,0.6339366202276808,0.0,,0.0,0.0
0.9699999999999995,1,1,3,0.0,1.0,0.640973630831643,0.0,1.0,0.5,0.6784030027326848,0.0,,0.0,0.0
0.9699999999999995,1,2,3,0.0,1.0,0.640973630831643,0.0,1.0,0.5,0.6378696576769197,0.0,,0.0,0.0
0.9699999999999995,1,3,3,0.0,1.0,0.6402439024390244,0.0,1.0,0.5,0.667998172542011,0.0,,0.0,0.0
0.9699999999999995,1,4,3,0.0,1.0,0.6402439024390244,0.0,1.0,0.5,0.5880602209911745,0.0,,0.0,0.0
0.9699999999999995,1,5,3,0.0,1.0,0.6402439024390244,0.0,1.0,0.5,0.6330101053601533,0.0,,0.0,0.0
0.9799999999999995,1,1,3,0.0,1.0,0.640973630831643,0.0,1.0,0.5,0.6774217003205769,0.0,,0.0,0.0
0.9799999999999995,1,2,3,0.0,1.0,0.640973630831643,0.0,1.0,0.5,0.6376275579224085,0.0,,0.0,0.0
0.9799999999999995,1,3,3,0.0,1.0,0.6402439024390244,0.0,1.0,0.5,0.6674861107778367,0.0,,0.0,0.0
0.9799999999999995,1,4,3,0.0,1.0,0.6402439024390244,0.0,1.0,0.5,0.5874084677210452,0.0,,0.0,0.0
0.9799999999999995,1,5,3,0.0,1.0,0.6402439024390244,0.0,1.0,0.5,0.6323634450048166,0.0,,0.0,0.0
0.9899999999999995,1,1,3,0.0,1.0,0.640973630831643,0.0,1.0,0.5,0.6769285694612902,0.0,,0.0,0.0
0.9899999999999995,1,2,3,0.0,1.0,0.640973630831643,0.0,1.0,0.5,0.6370988055765407,0.0,,0.0,0.0
0.9899999999999995,1,3,3,0.0,1.0,0.6402439024390244,0.0,1.0,0.5,0.6667284124443107,0.0,,0.0,0.0
0.9899999999999995,1,4,3,0.0,1.0,0.6402439024390244,0.0,1.0,0.5,0.5870949115220201,0.0,,0.0,0.0
0.9899999999999995,1,5,3,0.0,1.0,0.6402439024390244,0.0,1.0,0.5,0.6318582987173731,0.0,,0.0,0.0
1.0,1,1,3,0.0,1.0,0.640973630831643,0.0,1.0,0.5,0.6762173791671134,0.0,,0.0,0.0
1.0,1,2,3,0.0,1.0,0.640973630831643,0.0,1.0,0.5,0.6363743062417911,0.0,,0.0,0.0
1.0,1,3,3,0.0,1.0,0.6402439024390244,0.0,1.0,0.5,0.6664305492818653,0.0,,0.0,0.0
1.0,1,4,3,0.0,1.0,0.6402439024390244,0.0,1.0,0.5,0.5863399607940232,0.0,,0.0,0.0
1.0,1,5,3,0.0,1.0,0.6402439024390244,0.0,1.0,0.5,0.6308557232530272,0.0,,0.0,0.0
0.1,1,1,4,0.672316384180791,0.8291139240506329,0.7728194726166329,0.5039350271319222,1.0,0.750715154115712,0.6928662604309437,0.746610256754934,0.6878612716763006,0.68,0.5040141328476425
0.1,1,2,4,0.6666666666666666,0.8322784810126582,0.7728194726166329,0.5026929658650815,1.0,0.7494725738396624,0.7198329282155685,0.7448840988201489,0.6900584795321637,0.6781609195402298,0.5028714582668304
0.1,1,3,4,0.632768361581921,0.7968253968253968,0.7378048780487805,0.4301260640017239,1.0,0.714796879203659,0.6410744184477235,0.7100745741230778,0.6363636363636364,0.6345609065155807,0.4301302611111194
0.1,1,4,4,0.6610169491525424,0.8126984126984127,0.758130081300813,0.47430233811011746,1.0,0.7368576809254775,0.6543397977335657,0.732944353510564,0.6647727272727273,0.6628895184135978,0.4743069662853576
0.1,1,5,4,0.672316384180791,0.7841269841269841,0.7439024390243902,0.4508636726016476,1.0,0.7282216841538875,0.6610839839732461,0.7260725987853022,0.6363636363636364,0.6538461538461539,0.4512924715638798
0.11,1,1,4,0.6666666666666666,0.8259493670886076,0.768762677484787,0.4950767240449922,1.0,0.746308016877637,0.6627985795285968,0.742046434795293,0.6820809248554913,0.6742857142857143,0.49515443921953556
0.11,1,2,4,0.672316384180791,0.8354430379746836,0.7768762677484787,0.5115734486174909,1.0,0.7538797110777373,0.7236820800782731,0.7494544966041331,0.695906432748538,0.6839080459770115,0.5117550942336326
0.11,1,3,4,0.632768361581921,0.8,0.7398373983739838,0.43384217055936136,1.0,0.7163841807909606,0.6362574496243443,0.7114876592503463,0.64,0.6363636363636364,0.4338591468321873
0.11,1,4,4,0.6610169491525424,0.8222222222222222,0.7642276422764228,0.4856432163521333,1.0,0.7416195856873823,0.6581402922374393,0.7372264406942802,0.6763005780346821,0.6685714285714286,0.4857196215244692
0.11,1,5,4,0.6779661016949152,0.7873015873015873,0.7479674796747967,0.45958012224289124,1.0,0.7326338444982512,0.6523939517911358,0.7305913960628582,0.6417112299465241,0.6593406593406593,0.4600172110825025
0.12,1,1,4,0.6610169491525424,0.8322784810126582,0.77079107505071,0.4976237927334049,1.0,0.7466477150826003,0.6902111620924487,0.741721094727863,0.6882352941176471,0.6743515850144092,0.49786494095262296
0.12,1,2,4,0.672316384180791,0.8386075949367089,0.7789046653144016,0.5154070213092135,1.0,0.75546198955875,0.7259162028665298,0.7508725763898942,0.7,0.6858789625360231,0.5156567872713241
0.12,1,3,4,0.632768361581921,0.8031746031746032,0.741869918699187,0.4375675091812485,1.0,0.7179714823782621,0.6304394320906782,0.7128979434077526,0.6436781609195402,0.6381766381766382,0.4376061323978411
0.12,1,4,4,0.6666666666666666,0.8222222222222222,0.766260162601626,0.49071073666018566,1.0,0.7444444444444445,0.6595721063799032,0.7403702777314525,0.6781609195402298,0.6723646723646723,0.49075405072411554
0.12,1,5,4,0.6779661016949152,0.7936507936507936,0.7520325203252033,0.4669934466407375,1.0,0.7358084476728545,0.6432700413830756,0.7335314135594359,0.6486486486486487,0.6629834254143646,0.46727894546286103
0.13,1,1,4,0.6610169491525424,0.8386075949367089,0.7748478701825557,0.5052751484906837,1.0,0.7498122720446256,0.6944493763360279,0.7445359856589971,0.6964285714285714,0.6782608695652174,0.5056821433671603
0.13,1,2,4,0.672316384180791,0.8481012658227848,0.7849898580121704,0.5269656208700689,1.0,0.7602088250017879,0.7277993120803469,0.7551108372001599,0.7125748502994012,0.6918604651162791,0.5274911238990607
0.13,1,3,4,0.6497175141242938,0.8031746031746032,0.7479674796747967,0.45289211729889695,1.0,0.7264460586494486,0.6332834022220641,0.7223825901711428,0.6497175141242938,0.6497175141242938,0.45289211729889695
0.13,1,4,4,0.6836158192090396,0.8285714285714286,0.7764227642276422,0.513458115324451,1.0,0.756093623890234,0.6647329625360159,0.7526118095778603,0.6914285714285714,0.6875,0.5134782069744611
0.13,1,5,4,0.6779661016949152,0.8063492063492064,0.7601626016260162,0.48192964608877226,1.0,0.7421576540220608,0.6481203021636467,0.7393763777896615,0.6629834254143646,0.6703910614525139,0.4820039800998476
0.13999999999999999,1,1,4,0.6666666666666666,0.8386075949367089,0.7768762677484787,0.5103474429355678,1.0,0.7526371308016877,0.6974816329799212,0.7477109936050197,0.6982248520710059,0.6820809248554913,0.5106713496180432
0.13999999999999999,1,2,4,0.6666666666666666,0.8512658227848101,0.7849898580121704,0.5257722603361283,1.0,0.7589662447257384,0.7299960868686233,0.7533329599341893,0.7151515151515152,0.6900584795321637,0.5265315935201491
0.13999999999999999,1,3,4,0.6497175141242938,0.8063492063492064,0.75,0.45663182846676,1.0,0.7280333602367501,0.6364585332459001,0.7238088158245267,0.6534090909090909,0.6515580736543909,0.4566362842156623
0.13999999999999999,1,4,4,0.6892655367231638,0.834920634920635,0.782520325203252,0.5261395549794771,1.0,0.7620930858218994,0.6676784670793586,0.7586053121022922,0.7011494252873564,0.6951566951566952,0.5261859962749652
0.13999999999999999,1,5,4,0.6779661016949152,0.8126984126984127,0.7642276422764228,0.4894530621007999,1.0,0.745332257196664,0.6507111995705394,0.7422816006818357,0.6703910614525139,0.6741573033707865,0.4894720257388638
0.14999999999999997,1,1,4,0.6836158192090396,0.8386075949367089,0.7829614604462475,0.5254882206370481,1.0,0.7611117070728742,0.7010103213614809,0.7571561384599484,0.7034883720930233,0.6934097421203438,0.5256174495286364
0.14999999999999997,1,2,4,0.6666666666666666,0.8639240506329114,0.7931034482758621,0.5413535206129151,1.0,0.765295358649789,0.7317987324026441,0.75891328034803,0.7329192546583851,0.6982248520710059,0.5427600106809727
0.14999999999999997,1,3,4,0.6497175141242938,0.8095238095238095,0.7520325203252033,0.4603808188143913,1.0,0.7296206618240517,0.6390506767708132,0.725232236699554,0.6571428571428571,0.6534090909090909,0.4603988335462786
0.14999999999999997,1,4,4,0.6892655367231638,0.8412698412698413,0.7865853658536586,0.5338386572820791,1.0,0.7652676889965025,0.6718569541943202,0.7614842799899864,0.7093023255813954,0.6991404011461319,0.5339702326170396
0.14999999999999997,1,5,4,0.6836158192090396,0.8158730158730159,0.7682926829268293,0.49825559551285503,1.0,0.7497444175410277,0.6536642800431888,0.7468224019916525,0.6759776536312849,0.6797752808988764,0.49827490020110454
0.15999999999999998,1,1,4,0.672316384180791,0.8417721518987342,0.7809330628803245,0.5192502167003755,1.0,0.7570442680397627,0.7047844553026734,0.7522879830680805,0.7041420118343196,0.6878612716763006,0.5195797737842686
0.15999999999999998,1,2,4,0.6666666666666666,0.8670886075949367,0.795131845841785,0.5452735591455786,1.0,0.7668776371308017,0.7335396438823998,0.7603019608878815,0.7375,0.7002967359050445,0.5468777395093273
0.15999999999999998,1,3,4,0.6497175141242938,0.8158730158730159,0.7560975609756098,0.4679067755366895,1.0,0.7327952649986549,0.6426004779551465,0.7280707298841963,0.6647398843930635,0.6571428571428571,0.46798039027404875
0.15999999999999998,1,4,4,0.6836158192090396,0.8507936507936508,0.790650406504065,0.5404287735335728,1.0,0.7672047350013451,0.6768620318737367,0.7626375276401962,0.7202380952380952,0.7014492753623188,0.540865038491659
0.15999999999999998,1,5,4,0.6779661016949152,0.8253968253968254,0.7723577235772358,0.504611899239441,1.0,0.7516814635458703,0.657647377076241,0.7480581983145725,0.6857142857142857,0.6818181818181818,0.5046316447364307
0.16999999999999998,1,1,4,0.6666666666666666,0.8575949367088608,0.7890466531440162,0.5335431867392055,1.0,0.7621308016877637,0.7079945213460215,0.7561282680907434,0.7239263803680982,0.6941176470588235,0.534598152727989
0.16999999999999998,1,2,4,0.672316384180791,0.8670886075949367,0.7971602434077079,0.550346588836191,1.0,0.7697024958878638,0.735657174342185,0.7635167826725124,0.7391304347826086,0.7041420118343196,0.5517764437862636
0.16999999999999998,1,3,4,0.6440677966101694,0.8253968253968254,0.7601626016260162,0.4741590130971142,1.0,0.7347323110034973,0.6458448256182412,0.7291169416920458,0.6745562130177515,0.6589595375722543,0.47446061429043057
0.16999999999999998,1,4,4,0.672316384180791,0.8539682539682539,0.7886178861788617,0.5342181440821453,1.0,0.7631423190745225,0.6823661207185311,0.7577181855499575,0.7212121212121212,0.695906432748538,0.5349913437411851
0.16999999999999998,1,5,4,0.6836158192090396,0.8253968253968254,0.774390243902439,0.5096433573968322,1.0,0.7545063223029325,0.6607966705551357,0.7511686408298681,0.6875,0.6855524079320113,0.5096483304247482
0.17999999999999997,1,1,4,0.672316384180791,0.8575949367088608,0.7910750507099391,0.5386118102437827,1.0,0.7649556604448259,0.7121380405061442,0.7593254420469893,0.725609756097561,0.6979472140762464,0.5395273924904482
0.17999999999999997,1,2,4,0.6779661016949152,0.8765822784810127,0.8052738336713996,0.5672354199813463,1.0,0.777274190087964,0.7361307918490265,0.7709040602802781,0.7547169811320755,0.7142857142857143,0.5691121008729398
0.17999999999999997,1,3,4,0.632768361581921,0.8444444444444444,0.7682926829268293,0.4868529395619477,1.0,0.7386064030131827,0.648508731124903,0.7309840816037423,0.6956521739130435,0.6627218934911243,0.48812051930263445
0.17999999999999997,1,4,4,0.6779661016949152,0.8571428571428571,0.7926829268292683,0.5431754874651812,1.0,0.7675544794188862,0.6877799821406263,0.7623082063396566,0.7272727272727273,0.7017543859649122,0.5439616515188719
0.17999999999999997,1,5,4,0.6836158192090396,0.8285714285714286,0.7764227642276422,0.513458115324451,1.0,0.756093623890234,0.6631109927081708,0.7526118095778603,0.6914285714285714,0.6875,0.5134782069744611
0.18999999999999995,1,1,4,0.6779661016949152,0.8607594936708861,0.795131845841785,0.5475708042196317,1.0,0.7693627976829007,0.7146020699486236,0.7639147586091918,0.7317073170731707,0.7038123167155426,0.5485016157941289
0.18999999999999995,1,2,4,0.6836158192090396,0.879746835443038,0.8093306288032455,0.576251348731735,1.0,0.7816813273260388,0.7361402483411287,0.7755055471161716,0.7610062893081762,0.7202380952380952,0.578157858545518
0.18999999999999995,1,3,4,0.6271186440677966,0.8476190476190476,0.7682926829268293,0.4855539045732211,1.0,0.7373688458434221,0.6509667215299286,0.7290800421276763,0.6981132075471698,0.6607142857142857,0.487163727691151
0.18999999999999995,1,4,4,0.6836158192090396,0.8539682539682539,0.7926829268292683,0.5443203486788342,1.0,0.7687920365886467,0.6899485577355435,0.7640590340510484,0.7245508982035929,0.7034883720930233,0.5448643427588238
0.18999999999999995,1,5,4,0.6892655367231638,0.8317460317460318,0.7804878048780488,0.5223043314094612,1.0,0.7605057842345977,0.6646758671116278,0.7571617231403013,0.6971428571428572,0.6931818181818182,0.5223247692124916
0.19999999999999996,1,1,4,0.6666666666666666,0.8734177215189873,0.7991886409736308,0.5531435686622781,1.0,0.770042194092827,0.7164866670046944,0.7630717404102043,0.7468354430379747,0.7044776119402985,0.5551889978374119
0.19999999999999996,1,2,4,0.672316384180791,0.8829113924050633,0.8073022312373225,0.5701041810087658,1.0,0.7776138882929271,0.7368420362931658,0.7704516823875457,0.7628205128205128,0.7147147147147147,0.5726959468414307
0.19999999999999996,1,3,4,0.6101694915254238,0.8507936507936508,0.7642276422764228,0.47386470490624494,1.0,0.7304815711595373,0.6555142264124865,0.7205056067081094,0.6967741935483871,0.6506024096385542,0.47624158180217446
0.19999999999999996,1,4,4,0.6836158192090396,0.8571428571428571,0.7947154471544715,0.5482216888500981,1.0,0.7703793381759484,0.6971737241892267,0.7654779007031431,0.7289156626506024,0.7055393586005831,0.5488865164482376
0.19999999999999996,1,5,4,0.6892655367231638,0.8380952380952381,0.7845528455284553,0.5299843183907423,1.0,0.763680387409201,0.6666972917386844,0.7600461591974806,0.7052023121387283,0.6971428571428572,0.5300676996505203
0.20999999999999996,1,1,4,0.6610169491525424,0.870253164556962,0.795131845841785,0.5441161660089907,1.0,0.7656350568547522,0.7181661010779475,0.7584537506175234,0.740506329113924,0.6985074626865672,0.5461282134116359
0.20999999999999996,1,2,4,0.672316384180791,0.8860759493670886,0.8093306288032455,0.5740859879050788,1.0,0.7791961667739398,0.73629864947013,0.7718311851616535,0.7677419354838709,0.7168674698795181,0.5769596243406011
0.20999999999999996,1,3,4,0.6101694915254238,0.8444444444444444,0.7601626016260162,0.466151724137931,1.0,0.7273069679849341,0.6593099716829884,0.7178121183764841,0.6878980891719745,0.6467065868263473,0.4680717440949439
0.20999999999999996,1,4,4,0.6779661016949152,0.8603174603174604,0.7947154471544715,0.5470852017937219,1.0,0.7691417810061878,0.7041031927855317,0.7637185835054026,0.7317073170731707,0.7038123167155426,0.5480171904245406
0.20999999999999996,1,5,4,0.6836158192090396,0.8380952380952381,0.782520325203252,0.5249593936112613,1.0,0.7608555286521388,0.6688888861918268,0.7569248065466418,0.7034883720930233,0.6934097421203438,0.5250887804720908
0.21999999999999995,1,1,4,0.6384180790960452,0.8765822784810127,0.7910750507099391,0.5315115002444897,1.0,0.7575001787885289,0.7207410496576272,0.7480815292449632,0.743421052631579,0.6869300911854104,0.5349814476491106
0.21999999999999995,1,2,4,0.672316384180791,0.8892405063291139,0.8113590263691683,0.5780779813558854,1.0,0.7807784452549524,0.7382377556906553,0.7732082267295697,0.7727272727272727,0.7190332326283988,0.5812510166852924
0.21999999999999995,1,3,4,0.6045197740112994,0.8444444444444444,0.758130081300813,0.4609435421500388,1.0,0.7244821092278719,0.6633953836446178,0.7144811857009622,0.6858974358974359,0.6426426426426426,0.4630434040888727
0.21999999999999995,1,4,4,0.672316384180791,0.8634920634920635,0.7947154471544715,0.5459429824561403,1.0,0.7679042238364273,0.7111444153251443,0.7619316648465229,0.7345679012345679,0.7020648967551623,0.5471885351845283
0.21999999999999995,1,5,4,0.6836158192090396,0.8476190476190476,0.7886178861788617,0.5365469267974565,1.0,0.7656174334140435,0.6724576383903305,0.761213366681958,0.7159763313609467,0.6994219653179191,0.5368882114486442
0.22999999999999995,1,1,4,0.6214689265536724,0.8765822784810127,0.7849898580121704,0.5160041492238727,1.0,0.7490256025173425,0.7224653057212084,0.7380844447917645,0.738255033557047,0.6748466257668712,0.5202736298966933
0.22999999999999995,1,2,4,0.6779661016949152,0.8892405063291139,0.8133874239350912,0.5831479881624174,1.0,0.7836033040120145,0.7375601082567056,0.776450204163256,0.7741935483870968,0.7228915662650602,0.5860669852140615
0.22999999999999995,1,3,4,0.6101694915254238,0.8444444444444444,0.7601626016260162,0.466151724137931,1.0,0.7273069679849341,0.6651931753166977,0.7178121183764841,0.6878980891719745,0.6467065868263473,0.4680717440949439
0.22999999999999995,1,4,4,0.672316384180791,0.8634920634920635,0.7947154471544715,0.5459429824561403,1.0,0.7679042238364273,0.7171271238657639,0.7619316648465229,0.7345679012345679,0.7020648967551623,0.5471885351845283
0.22999999999999995,1,5,4,0.6949152542372882,0.8444444444444444,0.790650406504065,0.5427179209528965,1.0,0.7696798493408663,0.6740784333858958,0.7660400288499137,0.7151162790697675,0.7048710601719198,0.5428516847619883
0.23999999999999994,1,1,4,0.615819209039548,0.879746835443038,0.7849898580121704,0.5147547681393578,1.0,0.747783022241293,0.7246383370407655,0.7360468737502911,0.7414965986394558,0.6728395061728395,0.5196787985422968
0.23999999999999994,1,2,4,0.672316384180791,0.8892405063291139,0.8113590263691683,0.5780779813558854,1.0,0.7807784452549524,0.7377709726754508,0.7732082267295697,0.7727272727272727,0.7190332326283988,0.5812510166852924
0.23999999999999994,1,3,4,0.6101694915254238,0.8412698412698413,0.758130081300813,0.46230989640731773,1.0,0.7257196663976325,0.6681106157647143,0.7164615769762486,0.6835443037974683,0.6447761194029851,0.4640230224803659
0.23999999999999994,1,4,4,0.6666666666666666,0.873015873015873,0.7987804878048781,0.5526779810447433,1.0,0.7698412698412698,0.7222941793407553,0.7628961803617724,0.7468354430379747,0.7044776119402985,0.5547259732393409
0.23999999999999994,1,5,4,0.7005649717514124,0.8539682539682539,0.7987804878048781,0.5593790707772471,1.0,0.7772666128598331,0.6771837791002044,0.7734728474341377,0.7294117647058823,0.7146974063400576,0.559650745009975
0.24999999999999992,1,1,4,0.615819209039548,0.8892405063291139,0.7910750507099391,0.5266552942382803,1.0,0.7525298576843309,0.7229927086744673,0.7400076926988814,0.7569444444444444,0.6791277258566978,0.5328180694215091
0.24999999999999992,1,2,4,0.672316384180791,0.8924050632911392,0.8133874239350912,0.582080200501253,1.0,0.7823607237359651,0.7403858406511644,0.7745828202177794,0.7777777777777778,0.7212121212121212,0.5855706253913285
0.24999999999999992,1,3,4,0.6045197740112994,0.8444444444444444,0.758130081300813,0.4609435421500388,1.0,0.7244821092278719,0.6708435439560536,0.7144811857009622,0.6858974358974359,0.6426426426426426,0.4630434040888727
0.24999999999999992,1,4,4,0.655367231638418,0.8793650793650793,0.7987804878048781,0.550398759415153,1.0,0.7673661555017487,0.7304569990061871,0.7591489034853373,0.7532467532467533,0.7009063444108762,0.5534260866797869
0.24999999999999992,1,5,4,0.6949152542372882,0.8571428571428571,0.7987804878048781,0.5582761998041137,1.0,0.7760290556900726,0.6796931866919549,0.7717782365998047,0.7321428571428571,0.7130434782608696,0.5587268722235623
0.2599999999999999,1,1,4,0.615819209039548,0.8892405063291139,0.7910750507099391,0.5266552942382803,1.0,0.7525298576843309,0.7235161478125931,0.7400076926988814,0.7569444444444444,0.6791277258566978,0.5328180694215091
0.2599999999999999,1,2,4,0.6666666666666666,0.8924050632911392,0.8113590263691683,0.5769958206091024,1.0,0.7795358649789029,0.7432264388104789,0.771321404383905,0.7763157894736842,0.7173252279635258,0.580762710223492
0.2599999999999999,1,3,4,0.5988700564971752,0.8539682539682539,0.7621951219512195,0.46729594669627994,1.0,0.7264191552327146,0.675678560526425,0.715133565497217,0.6973684210526315,0.6443768996960486,0.4703528923235896
0.2599999999999999,1,4,4,0.632768361581921,0.8888888888888888,0.7967479674796748,0.5417714445375803,1.0,0.7608286252354048,0.7397634961232888,0.7499738434442873,0.7619047619047619,0.691358024691358,0.5469642521473883
0.2599999999999999,1,5,4,0.6836158192090396,0.8571428571428571,0.7947154471544715,0.5482216888500981,1.0,0.7703793381759484,0.6837139980634476,0.7654779007031431,0.7289156626506024,0.7055393586005831,0.5488865164482376
0.2699999999999999,1,1,4,0.6045197740112994,0.8924050632911392,0.7890466531440162,0.5201946472019465,1.0,0.7484624186512193,0.7224544643003159,0.7344906447241508,0.7588652482269503,0.6729559748427673,0.5275212885413069
0.2699999999999999,1,2,4,0.655367231638418,0.8924050632911392,0.8073022312373225,0.5667878384253221,1.0,0.7738861474647787,0.7478260269195711,0.764756847520322,0.7733333333333333,0.709480122324159,0.5711333858670228
0.2699999999999999,1,3,4,0.5932203389830508,0.8571428571428571,0.7621951219512195,0.465931863727455,1.0,0.725181598062954,0.6785666761090597,0.7130740328122925,0.7,0.6422018348623854,0.46951137668918735
0.2699999999999999,1,4,4,0.6271186440677966,0.8888888888888888,0.7947154471544715,0.5365935541629363,1.0,0.7580037664783428,0.7469368723819381,0.7466182389460696,0.7602739726027398,0.6873065015479877,0.5421050768871336
0.2699999999999999,1,5,4,0.6779661016949152,0.8571428571428571,0.7926829268292683,0.5431754874651812,1.0,0.7675544794188862,0.6933736329955689,0.7623082063396566,0.7272727272727273,0.7017543859649122,0.5439616515188719
0.2799999999999999,1,1,4,0.5875706214689266,0.8955696202531646,0.7849898580121704,0.5084098434677905,1.0,0.7415701208610456,0.7239024754707791,0.7254036106477845,0.7591240875912408,0.6624203821656051,0.5173900877603438
0.2799999999999999,1,2,4,0.6214689265536724,0.8924050632911392,0.795131845841785,0.5358464535734594,1.0,0.7569369949224058,0.7485669177339112,0.7447160645068739,0.7638888888888888,0.6853582554517134,0.5421167811714755
0.2799999999999999,1,3,4,0.5875706214689266,0.8571428571428571,0.7601626016260162,0.46067666239340044,1.0,0.7223567393058918,0.6890615252790522,0.709670318710794,0.697986577181208,0.6380368098159509,0.4644960319774127
0.2799999999999999,1,4,4,0.6214689265536724,0.8952380952380953,0.7967479674796748,0.5394034713250575,1.0,0.7583535108958839,0.7528433744913922,0.7458972168184926,0.7692307692307693,0.6875,0.546141955852903
0.2799999999999999,1,5,4,0.6779661016949152,0.8603174603174604,0.7947154471544715,0.5470852017937219,1.0,0.7691417810061878,0.7049212302393784,0.7637185835054026,0.7317073170731707,0.7038123167155426,0.5480171904245406
0.2899999999999999,1,1,4,0.5875706214689266,0.8924050632911392,0.7829614604462475,0.5044202061197073,1.0,0.7399878423800329,0.7253426931273204,0.7241208446385116,0.7536231884057971,0.6603174603174603,0.5128562962363609
0.2899999999999999,1,2,4,0.6045197740112994,0.8924050632911392,0.7890466531440162,0.5201946472019465,1.0,0.7484624186512193,0.7483950914491326,0.7344906447241508,0.7588652482269503,0.6729559748427673,0.5275212885413069
0.2899999999999999,1,3,4,0.5706214689265536,0.8634920634920635,0.758130081300813,0.452597329743072,1.0,0.7170567662093086,0.6969429655513948,0.7019452326757852,0.7013888888888888,0.6292834890965732,0.45790392499199273
0.2899999999999999,1,4,4,0.615819209039548,0.8952380952380953,0.7947154471544715,0.534195725534308,1.0,0.7555286521388216,0.7598040733883195,0.7424990341485943,0.7676056338028169,0.6833855799373041,0.5412941275841499
0.2899999999999999,1,5,4,0.6666666666666666,0.8603174603174604,0.790650406504065,0.5369517543859649,1.0,0.7634920634920634,0.7178109852235113,0.7573275206573267,0.7283950617283951,0.696165191740413,0.5381767938940821
0.29999999999999993,1,1,4,0.5706214689265536,0.9050632911392406,0.7849898580121704,0.5045226130653265,1.0,0.737842380032897,0.7317005836728833,0.718643544924307,0.7709923664122137,0.6558441558441559,0.5166060395906211
0.29999999999999993,1,2,4,0.576271186440678,0.9018987341772152,0.7849898580121704,0.5058251692703408,1.0,0.7390849603089467,0.7446981094626647,0.7209287437699023,0.7669172932330827,0.6580645161290323,0.5168152936627277
0.29999999999999993,1,3,4,0.559322033898305,0.8666666666666667,0.7560975609756098,0.4458523399222842,1.0,0.7129943502824858,0.6985773556106423,0.6962368581968814,0.7021276595744681,0.6226415094339622,0.452144107173529
0.29999999999999993,1,4,4,0.5875706214689266,0.9079365079365079,0.7926829268292683,0.5240425652990384,1.0,0.7477535647027173,0.7605132974702828,0.7303949741219342,0.7819548872180451,0.6709677419354839,0.535449814985984
0.29999999999999993,1,5,4,0.6610169491525424,0.8634920634920635,0.790650406504065,0.5357810267121029,1.0,0.762254506322303,0.7223762861017476,0.7555017468060264,0.73125,0.6943620178041543,0.5373606145584808
0.30999999999999994,1,1,4,0.5310734463276836,0.9113924050632911,0.7748478701825557,0.4749229986854603,1.0,0.7212329256954874,0.7362381080338827,0.6957128039024711,0.7704918032786885,0.6287625418060201,0.4918617636795147
0.30999999999999994,1,2,4,0.5649717514124294,0.9082278481012658,0.7849898580121704,0.5032131721043425,1.0,0.7365997997568476,0.7423582058554734,0.7163260975444871,0.7751937984496124,0.6535947712418301,0.516450849249097
0.30999999999999994,1,3,4,0.5480225988700564,0.8698412698412699,0.7540650406504065,0.4390547263681591,1.0,0.7089319343556632,0.6973651073416771,0.6904293398334421,0.7028985507246377,0.6158730158730159,0.4464116878109902
0.30999999999999994,1,4,4,0.5706214689265536,0.9142857142857143,0.790650406504065,0.5162103333715202,1.0,0.7424535916061339,0.7607401925727163,0.7222956855085579,0.7890625,0.6622950819672131,0.530450485266062
0.30999999999999994,1,5,4,0.6497175141242938,0.8666666666666667,0.7886178861788617,0.5294896551724138,1.0,0.7581920903954802,0.7271565304998842,0.7503922389264528,0.732484076433121,0.688622754491018,0.5316705560515063
0.3199999999999999,1,1,4,0.5084745762711864,0.9145569620253164,0.768762677484787,0.4571113944592558,1.0,0.7115157691482514,0.741584995488206,0.6819303217643913,0.7692307692307693,0.6122448979591837,0.47699746140593435
0.3199999999999999,1,2,4,0.5423728813559322,0.9208860759493671,0.7849898580121704,0.49790545734050723,1.0,0.7316294786526496,0.737056946057691,0.7067274116752625,0.7933884297520661,0.6442953020134228,0.5164042938542776
0.3199999999999999,1,3,4,0.5310734463276836,0.8793650793650793,0.7540650406504065,0.4346438746438746,1.0,0.7052192628463815,0.6964549255144484,0.683379428486569,0.7121212121212122,0.6084142394822006,0.44458193632341325
0.3199999999999999,1,4,4,0.5423728813559322,0.9238095238095239,0.7865853658536586,0.5015630427231678,1.0,0.7330912025827281,0.761565376735136,0.707848312318835,0.8,0.6464646464646465,0.5209975671182279
0.3199999999999999,1,5,4,0.6214689265536724,0.873015873015873,0.782520325203252,0.5115787129815186,1.0,0.7472423997847727,0.7254617683670542,0.7365814533827821,0.7333333333333333,0.672782874617737,0.5155089070219393
0.32999999999999985,1,1,4,0.4406779661016949,0.9177215189873418,0.7464503042596349,0.39415240323643047,1.0,0.6791997425445183,0.7465962309217146,0.6359399754969802,0.75,0.5551601423487544,0.42141120717101993
0.32999999999999985,1,2,4,0.5028248587570622,0.930379746835443,0.7768762677484787,0.47190573570941674,1.0,0.7166023027962526,0.7296975300275227,0.6839722690233595,0.8018018018018018,0.6180555555555556,0.49754236798569634
0.32999999999999985,1,3,4,0.4858757062146893,0.8952380952380953,0.7479674796747967,0.4105848936293547,1.0,0.6905569007263923,0.6970711257392804,0.6595259219728234,0.7226890756302521,0.581081081081081,0.4271384721155328
0.32999999999999985,1,4,4,0.4915254237288136,0.9428571428571428,0.7804878048780488,0.47687400318979273,1.0,0.7171912832929782,0.7599653668707188,0.6807629959527733,0.8285714285714286,0.6170212765957447,0.5088199899876495
0.32999999999999985,1,5,4,0.5819209039548022,0.8920634920634921,0.7804878048780488,0.49866968581941695,1.0,0.7369921980091472,0.723930580261277,0.7204931600554337,0.7518248175182481,0.6560509554140127,0.5074946806628712
0.33999999999999986,1,1,4,0.4124293785310734,0.930379746835443,0.744421906693712,0.3817012720721438,1.0,0.6714045626832582,0.7483908226351372,0.6194480936973163,0.7684210526315789,0.5367647058823529,0.4169454221489677
0.33999999999999986,1,2,4,0.423728813559322,0.9335443037974683,0.7505070993914807,0.3972565975846132,1.0,0.6786365586783951,0.7244791018979441,0.6289432567832846,0.78125,0.5494505494505495,0.4328123494201359
0.33999999999999986,1,3,4,0.4406779661016949,0.9111111111111111,0.741869918699187,0.38567720622935336,1.0,0.675894538606403,0.6959858970184872,0.6336454776427429,0.7358490566037735,0.5512367491166078,0.4106555303675671
0.33999999999999986,1,4,4,0.4576271186440678,0.946031746031746,0.7703252032520326,0.44739980916030553,1.0,0.7018294323379068,0.7596619241185236,0.6579739980290441,0.826530612244898,0.5890909090909091,0.48505976910277493
0.33999999999999986,1,5,4,0.5028248587570622,0.9079365079365079,0.7621951219512195,0.4431158579057348,1.0,0.705380683346785,0.7233636403012228,0.6756722921383966,0.7542372881355932,0.6033898305084746,0.4616944941692122
0.34999999999999987,1,1,4,0.3785310734463277,0.9335443037974683,0.7342799188640974,0.350878956308484,1.0,0.656037688621898,0.7484972115280992,0.5944539741865306,0.7613636363636364,0.5056603773584906,0.39094965208515164
0.34999999999999987,1,2,4,0.3954802259887006,0.939873417721519,0.744421906693712,0.3765256142604787,1.0,0.6676768218551098,0.720260040575903,0.609673151484694,0.7865168539325843,0.5263157894736842,0.4182611411775819
0.34999999999999987,1,3,4,0.4067796610169492,0.9301587301587302,0.741869918699187,0.37550971455984644,1.0,0.6684691955878397,0.6926720661804292,0.61511759277875,0.7659574468085106,0.5313653136531366,0.4113267414660964
0.34999999999999987,1,4,4,0.4350282485875706,0.9555555555555556,0.7682926829268293,0.4371048353104113,1.0,0.6952919020715631,0.7577399883744145,0.6447430959393489,0.8461538461538461,0.5746268656716418,0.48279555010131764
0.34999999999999987,1,5,4,0.4632768361581921,0.9238095238095239,0.758130081300813,0.42437470504955177,1.0,0.693543179983858,0.7232419095059346,0.6542014623976946,0.7735849056603774,0.5795053003533569,0.4518592666663012
0.3599999999999999,1,1,4,0.3446327683615819,0.9430379746835443,0.7281947261663286,0.3275584780440139,1.0,0.6438353715225631,0.7477182869271979,0.570089280626543,0.7721518987341772,0.4765625,0.37619425015615243
0.3599999999999999,1,2,4,0.3615819209039548,0.9556962025316456,0.742393509127789,0.3617830239646085,1.0,0.6586390617178002,0.7158660101276638,0.5878456163926098,0.8205128205128205,0.5019607843137255,0.4170603976654211
0.3599999999999999,1,3,4,0.3446327683615819,0.9492063492063492,0.7317073170731707,0.33533926926619584,1.0,0.6469195587839656,0.6897820219544162,0.5719507075556202,0.7922077922077922,0.48031496062992124,0.38813437735794754
0.3599999999999999,1,4,4,0.3446327683615819,0.9682539682539683,0.7439024390243902,0.3601288164984208,1.0,0.656443368307775,0.7571646200304109,0.5776608395559217,0.8591549295774648,0.49193548387096775,0.42732553146404845
0.3599999999999999,1,5,4,0.3785310734463277,0.9428571428571428,0.7398373983739838,0.3626814014208513,1.0,0.6606941081517352,0.7231444772000628,0.5974116891995433,0.788235294117647,0.5114503816793893,0.4080047243867318
0.3699999999999999,1,1,4,0.3220338983050847,0.9588607594936709,0.7302231237322515,0.3239682032353517,1.0,0.6404473288993778,0.7470471140068227,0.5556848642094916,0.8142857142857143,0.46153846153846156,0.38605968362466075
0.3699999999999999,1,2,4,0.327683615819209,0.9651898734177216,0.7363083164300203,0.33826869863296577,1.0,0.6464367446184653,0.7138379531156667,0.5623850172911825,0.8405797101449275,0.4715447154471545,0.40495126704873746
0.3699999999999999,1,3,4,0.3163841807909605,0.9619047619047619,0.7296747967479674,0.32168180121905704,1.0,0.6391444713478612,0.6847418891176775,0.5516624421638309,0.8235294117647058,0.45714285714285713,0.38699065352433565
0.3699999999999999,1,4,4,0.3050847457627119,0.9746031746031746,0.733739837398374,0.3260978670012547,1.0,0.6398439601829432,0.7537813489873928,0.5452857615446615,0.8709677419354839,0.45188284518828453,0.4044692849680701
0.3699999999999999,1,5,4,0.288135593220339,0.9587301587301588,0.717479674796748,0.28700112598523714,1.0,0.6234328759752489,0.7213126261563092,0.5255894624361718,0.796875,0.42323651452282157,0.35220124138988296
0.3799999999999999,1,1,4,0.2824858757062147,0.9683544303797469,0.7221095334685599,0.293511574146714,1.0,0.6254201530429808,0.7454177451793587,0.5230166816267102,0.8333333333333334,0.4219409282700422,0.3680509331482567
0.3799999999999999,1,2,4,0.2768361581920904,0.9683544303797469,0.7200811359026369,0.28731851417317883,1.0,0.6225952942859186,0.7099131566668246,0.5177600991527053,0.8305084745762712,0.4152542372881356,0.36237906496479466
0.3799999999999999,1,3,4,0.2598870056497175,0.9714285714285714,0.7154471544715447,0.2724507256480132,1.0,0.6156577885391444,0.6826356622471879,0.5024556325001782,0.8363636363636363,0.39655172413793105,0.3523098021565647
0.3799999999999999,1,4,4,0.24858757062146894,0.9777777777777777,0.7154471544715447,0.26818384649709953,1.0,0.6131826741996234,0.7512289265894536,0.49301460666539715,0.8627450980392157,0.38596491228070173,0.3564080247424167
0.3799999999999999,1,5,4,0.24293785310734464,0.9650793650793651,0.7052845528455285,0.24536684437674544,1.0,0.6040086090933549,0.7193249768870498,0.4842048213623861,0.7962962962962963,0.3722943722943723,0.31937966364056636
0.3899999999999999,1,1,4,0.23728813559322035,0.9810126582278481,0.7139959432048681,0.25997253361438477,1.0,0.6091503969105342,0.7438910159468043,0.48247555861850155,0.875,0.37333333333333335,0.3532521918894259
0.3899999999999999,1,2,4,0.192090395480226,0.9683544303797469,0.6896551724137931,0.19221007314435035,1.0,0.5802224129299864,0.7076050250789863,0.43129060446139394,0.7727272727272727,0.3076923076923077,0.2699643279611255
0.3899999999999999,1,3,4,0.1864406779661017,0.9714285714285714,0.6890243902439024,0.18953488372093016,1.0,0.5789346246973366,0.6809441657793838,0.4255746720057298,0.7857142857142857,0.3013698630136986,0.2711493402501482
0.3899999999999999,1,4,4,0.2033898305084746,0.9841269841269841,0.7032520325203252,0.22546419098143244,1.0,0.5937584073177293,0.7490570740301414,0.4473940327054034,0.8780487804878049,0.3302752293577982,0.3256131440578553
0.3899999999999999,1,5,4,0.2033898305084746,0.9682539682539683,0.693089430894309,0.20485486771127676,1.0,0.5858218993812214,0.719041453824085,0.4437713493369446,0.782608695652174,0.32286995515695066,0.28295911110451427
0.3999999999999998,1,1,4,0.1864406779661017,0.9873417721518988,0.6997971602434077,0.21038050300852756,1.0,0.5868912250590003,0.743204700556119,0.42904623222241717,0.8918918918918919,0.308411214953271,0.3164118988834583
0.3999999999999998,1,2,4,0.1694915254237288,0.9810126582278481,0.6896551724137931,0.18247439440741353,1.0,0.5752520918257884,0.7054689325654067,0.40776627116894437,0.8333333333333334,0.28169014084507044,0.27750409520056857
0.3999999999999998,1,3,4,0.12994350282485875,0.9841269841269841,0.676829268292683,0.13986013986013995,1.0,0.5570352434759215,0.6778221193975952,0.3576044008984292,0.8214285714285714,0.22439024390243903,0.23630733350068484
0.3999999999999998,1,4,4,0.1751412429378531,0.9841269841269841,0.693089430894309,0.19293442836657537,1.0,0.5796341135324187,0.7473926957176612,0.41516409190665904,0.8611111111111112,0.29107981220657275,0.29351978726744965
0.3999999999999998,1,5,4,0.15254237288135594,0.9777777777777777,0.6808943089430894,0.15834205020920497,1.0,0.5651600753295668,0.7166244899691196,0.38620272186104715,0.7941176470588235,0.2559241706161137,0.24659330760555534
0.4099999999999998,1,1,4,0.15254237288135594,0.990506329113924,0.6896551724137931,0.17501722610493164,1.0,0.57152435099764,0.7434398224567024,0.3887083557077713,0.9,0.2608695652173913,0.287053583630365
0.4099999999999998,1,2,4,0.12429378531073447,0.9810126582278481,0.6734279918864098,0.12923326714425218,1.0,0.5526532217692913,0.7029565258019825,0.34919017272667496,0.7857142857142857,0.2146341463414634,0.21826275270836976
0.4099999999999998,1,3,4,0.1016949152542373,0.9841269841269841,0.6666666666666666,0.1060293824370138,1.0,0.5429109496906107,0.6747178311711723,0.31635535438838674,0.782608695652174,0.18,0.19511456619323791
0.4099999999999998,1,4,4,0.14689265536723164,0.9873015873015873,0.6849593495934959,0.1640357800578794,1.0,0.5670971213344095,0.7440997506627622,0.38082456828179145,0.8666666666666667,0.25120772946859904,0.26914987264136797
0.4099999999999998,1,5,4,0.11864406779661017,0.9841269841269841,0.6727642276422764,0.12638962413975638,1.0,0.5513855259617971,0.714498710781259,0.34170283672401,0.8076923076923077,0.20689655172413793,0.22046166324083072
0.4199999999999998,1,1,4,0.11864406779661017,0.990506329113924,0.6774847870182555,0.13477267459187367,1.0,0.554575198455267,0.7424812787299949,0.34280854724519905,0.875,0.208955223880597,0.2433119568489505
0.4199999999999998,1,2,4,0.0847457627118644,0.9873417721518988,0.6632860040567952,0.08969767079709025,1.0,0.5360437674318816,0.7006240638855756,0.2892629107547259,0.7894736842105263,0.15306122448979592,0.17964882359505308
0.4199999999999998,1,3,4,0.096045197740113,0.9904761904761905,0.6686991869918699,0.107386135969013,1.0,0.5432606941081517,0.6730081053600792,0.30843229657602256,0.85,0.17258883248730963,0.21027100571105406
0.4199999999999998,1,4,4,0.11864406779661017,0.9873015873015873,0.6747967479674797,0.13049241169063558,1.0,0.5529728275490987,0.7387738666754196,0.3422535265844756,0.84,0.2079207920792079,0.23152431937879886
0.4199999999999998,1,5,4,0.0847457627118644,0.9904761904761905,0.6646341463414634,0.09364951768488762,1.0,0.5376109765940275,0.7129894050888625,0.2897216944066265,0.8333333333333334,0.15384615384615385,0.1922919451743582
0.4299999999999998,1,1,4,0.0847457627118644,0.990506329113924,0.665314401622718,0.09378028809197558,1.0,0.5376260459128942,0.7411861061988558,0.28972610226158163,0.8333333333333334,0.15384615384615385,0.1924711733545692
0.4299999999999998,1,2,4,0.07344632768361582,0.9873417721518988,0.6592292089249493,0.07587253414264025,1.0,0.5303940499177573,0.697667057078365,0.2692891147692203,0.7647058823529411,0.13402061855670103,0.15981620198929591
0.4299999999999998,1,3,4,0.05649717514124294,0.9936507936507937,0.6565040650406504,0.0630155510480055,1.0,0.5250739843960183,0.6721518652499143,0.23693556701796364,0.8333333333333334,0.10582010582010581,0.15602134421653477
0.4299999999999998,1,4,4,0.062146892655367235,0.9936507936507937,0.6585365853658537,0.07000607574427888,1.0,0.5278988431530804,0.7351949044285212,0.2485001191346522,0.8461538461538461,0.11578947368421053,0.166962395888995
0.4299999999999998,1,5,4,0.062146892655367235,0.9936507936507937,0.6585365853658537,0.07000607574427888,1.0,0.5278988431530804,0.71095036892488,0.2485001191346522,0.8461538461538461,0.11578947368421053,0.166962395888995
0.43999999999999984,1,1,4,0.04519774011299435,0.9968354430379747,0.6551724137931034,0.05312274041937808,1.0,0.5210165915754845,0.7402331972591323,0.21226094621915723,0.8888888888888888,0.08602150537634409,0.15061856968044224
0.43999999999999984,1,2,4,0.05084745762711865,0.990506329113924,0.6531440162271805,0.0520190264143306,1.0,0.5206768933705214,0.6960182201365323,0.22442087380413855,0.75,0.09523809523809523,0.12873074927704847
0.43999999999999984,1,3,4,0.04519774011299435,0.9968253968253968,0.6544715447154471,0.053053461042048514,1.0,0.5210115684691956,0.6706775809057574,0.2122598766223771,0.8888888888888888,0.08602150537634409,0.15049967373243836
0.43999999999999984,1,4,4,0.04519774011299435,1.0,0.6565040650406504,0.05715063273914804,1.0,0.5225988700564972,0.7325362014769544,0.21259760138109354,1.0,0.08648648648648649,0.1715105961090216
0.43999999999999984,1,5,4,0.05084745762711865,0.9968253968253968,0.6565040650406504,0.06009224091155708,1.0,0.5238364272262578,0.7094956297664862,0.2251355972002542,0.9,0.0962566844919786,0.16213976805463365
0.44999999999999984,1,1,4,0.0,1.0,0.640973630831643,0.0,1.0,0.5,0.7381837200224742,0.0,,0.0,0.0
0.44999999999999984,1,2,4,0.022598870056497175,1.0,0.6490872210953347,0.028787136886935426,1.0,0.5112994350282486,0.6934475740266807,0.15032920560056576,1.0,0.04419889502762431,0.12084605408976191
0.44999999999999984,1,3,4,0.022598870056497175,0.9968253968253968,0.6463414634146342,0.024677011415681144,1.0,0.509712133440947,0.6682825146863594,0.15009039813350278,0.8,0.04395604395604396,0.09294736103430125
0.44999999999999984,1,4,4,0.01694915254237288,1.0,0.6463414634146342,0.021600493725570852,1.0,0.5084745762711864,0.7293681316498688,0.13018891098082386,1.0,0.03333333333333333,0.10449002702724461
0.44999999999999984,1,5,4,0.011299435028248588,1.0,0.6443089430894309,0.01442307692307681,1.0,0.5056497175141242,0.7061107809510407,0.10629880069054677,1.0,0.0223463687150838,0.08522864845907042
0.45999999999999985,1,1,4,0.0,1.0,0.640973630831643,0.0,1.0,0.5,0.7375312098746419,0.0,,0.0,0.0
0.45999999999999985,1,2,4,0.0,1.0,0.640973630831643,0.0,1.0,0.5,0.6905166925674108,0.0,,0.0,0.0
0.45999999999999985,1,3,4,0.005649717514124294,1.0,0.6422764227642277,0.007222948338721979,1.0,0.5028248587570622,0.6675161200761905,0.07516460280028288,1.0,0.011235955056179775,0.06020435357435382
0.45999999999999985,1,4,4,0.0,1.0,0.6402439024390244,0.0,1.0,0.5,0.7261701538407994,0.0,,0.0,0.0
0.45999999999999985,1,5,4,0.0,1.0,0.6402439024390244,0.0,1.0,0.5,0.7042101594367596,0.0,,0.0,0.0
0.46999999999999986,1,1,4,0.0,1.0,0.640973630831643,0.0,1.0,0.5,0.7365162684254802,0.0,,0.0,0.0
0.46999999999999986,1,2,4,0.0,1.0,0.640973630831643,0.0,1.0,0.5,0.688910310816686,0.0,,0.0,0.0
0.46999999999999986,1,3,4,0.0,1.0,0.6402439024390244,0.0,1.0,0.5,0.6665711247724179,0.0,,0.0,0.0
0.46999999999999986,1,4,4,0.0,1.0,0.6402439024390244,0.0,1.0,0.5,0.7225562038000182,0.0,,0.0,0.0
0.46999999999999986,1,5,4,0.0,1.0,0.6402439024390244,0.0,1.0,0.5,0.7027918600779146,0.0,,0.0,0.0
0.47999999999999976,1,1,4,0.0,1.0,0.640973630831643,0.0,1.0,0.5,0.7346834012165961,0.0,,0.0,0.0
0.47999999999999976,1,2,4,0.0,1.0,0.640973630831643,0.0,1.0,0.5,0.686437512790721,0.0,,0.0,0.0
0.47999999999999976,1,3,4,0.0,1.0,0.6402439024390244,0.0,1.0,0.5,0.6645708504762589,0.0,,0.0,0.0
0.47999999999999976,1,4,4,0.0,1.0,0.6402439024390244,0.0,1.0,0.5,0.7202674647579844,0.0,,0.0,0.0
0.47999999999999976,1,5,4,0.0,1.0,0.6402439024390244,0.0,1.0,0.5,0.6998545886263403,0.0,,0.0,0.0
0.48999999999999977,1,1,4,0.0,1.0,0.640973630831643,0.0,1.0,0.5,0.73349222209087,0.0,,0.0,0.0
0.48999999999999977,1,2,4,0.0,1.0,0.640973630831643,0.0,1.0,0.5,0.6850051659819845,0.0,,0.0,0.0
0.48999999999999977,1,3,4,0.0,1.0,0.6402439024390244,0.0,1.0,0.5,0.6626560622592214,0.0,,0.0,0.0
0.48999999999999977,1,4,4,0.0,1.0,0.6402439024390244,0.0,1.0,0.5,0.7168680284825282,0.0,,0.0,0.0
0.48999999999999977,1,5,4,0.0,1.0,0.6402439024390244,0.0,1.0,0.5,0.6983208592185044,0.0,,0.0,0.0
0.4999999999999998,1,1,4,0.0,1.0,0.640973630831643,0.0,1.0,0.5,0.7321577487467149,0.0,,0.0,0.0
0.4999999999999998,1,2,4,0.0,1.0,0.640973630831643,0.0,1.0,0.5,0.681928934493137,0.0,,0.0,0.0
0.4999999999999998,1,3,4,0.0,1.0,0.6402439024390244,0.0,1.0,0.5,0.660474941223163,0.0,,0.0,0.0
0.4999999999999998,1,4,4,0.0,1.0,0.6402439024390244,0.0,1.0,0.5,0.714191811649725,0.0,,0.0,0.0
0.4999999999999998,1,5,4,0.0,1.0,0.6402439024390244,0.0,1.0,0.5,0.6941754851848797,0.0,,0.0,0.0
0.5099999999999998,1,1,4,0.0,1.0,0.640973630831643,0.0,1.0,0.5,0.7307122860413887,0.0,,0.0,0.0
0.5099999999999998,1,2,4,0.0,1.0,0.640973630831643,0.0,1.0,0.5,0.678367104758519,0.0,,0.0,0.0
0.5099999999999998,1,3,4,0.0,1.0,0.6402439024390244,0.0,1.0,0.5,0.6615579372070235,0.0,,0.0,0.0
0.5099999999999998,1,4,4,0.0,1.0,0.6402439024390244,0.0,1.0,0.5,0.7098867055642071,0.0,,0.0,0.0
0.5099999999999998,1,5,4,0.0,1.0,0.6402439024390244,0.0,1.0,0.5,0.6931059375186224,0.0,,0.0,0.0
0.5199999999999998,1,1,4,0.0,1.0,0.640973630831643,0.0,1.0,0.5,0.728805785134166,0.0,,0.0,0.0
0.5199999999999998,1,2,4,0.0,1.0,0.640973630831643,0.0,1.0,0.5,0.6757942082788047,0.0,,0.0,0.0
0.5199999999999998,1,3,4,0.0,1.0,0.6402439024390244,0.0,1.0,0.5,0.6597251631757329,0.0,,0.0,0.0
0.5199999999999998,1,4,4,0.0,1.0,0.6402439024390244,0.0,1.0,0.5,0.7075336774371218,0.0,,0.0,0.0
0.5199999999999998,1,5,4,0.0,1.0,0.6402439024390244,0.0,1.0,0.5,0.6904675042907149,0.0,,0.0,0.0
0.5299999999999998,1,1,4,0.0,1.0,0.640973630831643,0.0,1.0,0.5,0.7263522716975694,0.0,,0.0,0.0
0.5299999999999998,1,2,4,0.0,1.0,0.640973630831643,0.0,1.0,0.5,0.6724661544113393,0.0,,0.0,0.0
0.5299999999999998,1,3,4,0.0,1.0,0.6402439024390244,0.0,1.0,0.5,0.658122066028695,0.0,,0.0,0.0
0.5299999999999998,1,4,4,0.0,1.0,0.6402439024390244,0.0,1.0,0.5,0.7058601714961579,0.0,,0.0,0.0
0.5299999999999998,1,5,4,0.0,1.0,0.6402439024390244,0.0,1.0,0.5,0.6877254115461171,0.0,,0.0,0.0
0.5399999999999998,1,1,4,0.0,1.0,0.640973630831643,0.0,1.0,0.5,0.7249571798407463,0.0,,0.0,0.0
0.5399999999999998,1,2,4,0.0,1.0,0.640973630831643,0.0,1.0,0.5,0.6701146661265776,0.0,,0.0,0.0
0.5399999999999998,1,3,4,0.0,1.0,0.6402439024390244,0.0,1.0,0.5,0.6568043660039777,0.0,,0.0,0.0
0.5399999999999998,1,4,4,0.0,1.0,0.6402439024390244,0.0,1.0,0.5,0.7031095228980662,0.0,,0.0,0.0
0.5399999999999998,1,5,4,0.0,1.0,0.6402439024390244,0.0,1.0,0.5,0.6860276131475823,0.0,,0.0,0.0
0.5499999999999998,1,1,4,0.0,1.0,0.640973630831643,0.0,1.0,0.5,0.7218405420850291,0.0,,0.0,0.0
0.5499999999999998,1,2,4,0.0,1.0,0.640973630831643,0.0,1.0,0.5,0.6667024855398803,0.0,,0.0,0.0
0.5499999999999998,1,3,4,0.0,1.0,0.6402439024390244,0.0,1.0,0.5,0.656407214812414,0.0,,0.0,0.0
0.5499999999999998,1,4,4,0.0,1.0,0.6402439024390244,0.0,1.0,0.5,0.7004943434417066,0.0,,0.0,0.0
0.5499999999999998,1,5,4,0.0,1.0,0.6402439024390244,0.0,1.0,0.5,0.6835370999220749,0.0,,0.0,0.0
0.5599999999999997,1,1,4,0.0,1.0,0.640973630831643,0.0,1.0,0.5,0.72027100067683,0.0,,0.0,0.0
0.5599999999999997,1,2,4,0.0,1.0,0.640973630831643,0.0,1.0,0.5,0.6638830743315824,0.0,,0.0,0.0
0.5599999999999997,1,3,4,0.0,1.0,0.6402439024390244,0.0,1.0,0.5,0.6561514573100862,0.0,,0.0,0.0
0.5599999999999997,1,4,4,0.0,1.0,0.6402439024390244,0.0,1.0,0.5,0.6987461327499082,0.0,,0.0,0.0
0.5599999999999997,1,5,4,0.0,1.0,0.6402439024390244,0.0,1.0,0.5,0.6802501975485413,0.0,,0.0,0.0
0.5699999999999997,1,1,4,0.0,1.0,0.640973630831643,0.0,1.0,0.5,0.7189735799022463,0.0,,0.0,0.0
0.5699999999999997,1,2,4,0.0,1.0,0.640973630831643,0.0,1.0,0.5,0.6611721735751301,0.0,,0.0,0.0
0.5699999999999997,1,3,4,0.0,1.0,0.6402439024390244,0.0,1.0,0.5,0.655062696793704,0.0,,0.0,0.0
0.5699999999999997,1,4,4,0.0,1.0,0.6402439024390244,0.0,1.0,0.5,0.6953058863532241,0.0,,0.0,0.0
0.5699999999999997,1,5,4,0.0,1.0,0.6402439024390244,0.0,1.0,0.5,0.6770551993614498,0.0,,0.0,0.0
0.5799999999999997,1,1,4,0.0,1.0,0.640973630831643,0.0,1.0,0.5,0.7164175911418309,0.0,,0.0,0.0
0.5799999999999997,1,2,4,0.0,1.0,0.640973630831643,0.0,1.0,0.5,0.6580176016881608,0.0,,0.0,0.0
0.5799999999999997,1,3,4,0.0,1.0,0.6402439024390244,0.0,1.0,0.5,0.6542590788468993,0.0,,0.0,0.0
0.5799999999999997,1,4,4,0.0,1.0,0.6402439024390244,0.0,1.0,0.5,0.6911150301736566,0.0,,0.0,0.0
0.5799999999999997,1,5,4,0.0,1.0,0.6402439024390244,0.0,1.0,0.5,0.6741745566212991,0.0,,0.0,0.0
0.5899999999999997,1,1,4,0.0,1.0,0.640973630831643,0.0,1.0,0.5,0.7143798013123798,0.0,,0.0,0.0
0.5899999999999997,1,2,4,0.0,1.0,0.640973630831643,0.0,1.0,0.5,0.6549755220219411,0.0,,0.0,0.0
0.5899999999999997,1,3,4,0.0,1.0,0.6402439024390244,0.0,1.0,0.5,0.6544949999811202,0.0,,0.0,0.0
0.5899999999999997,1,4,4,0.0,1.0,0.6402439024390244,0.0,1.0,0.5,0.6884281684395014,0.0,,0.0,0.0
0.5899999999999997,1,5,4,0.0,1.0,0.6402439024390244,0.0,1.0,0.5,0.6725298762675205,0.0,,0.0,0.0
0.5999999999999998,1,1,4,0.0,1.0,0.640973630831643,0.0,1.0,0.5,0.7123216518971559,0.0,,0.0,0.0
0.5999999999999998,1,2,4,0.0,1.0,0.640973630831643,0.0,1.0,0.5,0.6528240043878089,0.0,,0.0,0.0
0.5999999999999998,1,3,4,0.0,1.0,0.6402439024390244,0.0,1.0,0.5,0.6543538887450668,0.0,,0.0,0.0
0.5999999999999998,1,4,4,0.0,1.0,0.6402439024390244,0.0,1.0,0.5,0.6858455100277008,0.0,,0.0,0.0
0.5999999999999998,1,5,4,0.0,1.0,0.6402439024390244,0.0,1.0,0.5,0.6705308694592117,0.0,,0.0,0.0
0.6099999999999998,1,1,4,0.0,1.0,0.640973630831643,0.0,1.0,0.5,0.7104537282789667,0.0,,0.0,0.0
0.6099999999999998,1,2,4,0.0,1.0,0.640973630831643,0.0,1.0,0.5,0.6504993885651413,0.0,,0.0,0.0
0.6099999999999998,1,3,4,0.0,1.0,0.6402439024390244,0.0,1.0,0.5,0.6539195596448987,0.0,,0.0,0.0
0.6099999999999998,1,4,4,0.0,1.0,0.6402439024390244,0.0,1.0,0.5,0.6825489442119869,0.0,,0.0,0.0
0.6099999999999998,1,5,4,0.0,1.0,0.6402439024390244,0.0,1.0,0.5,0.6689922077971399,0.0,,0.0,0.0
0.6199999999999998,1,1,4,0.0,1.0,0.640973630831643,0.0,1.0,0.5,0.7082321049327868,0.0,,0.0,0.0
0.6199999999999998,1,2,4,0.0,1.0,0.640973630831643,0.0,1.0,0.5,0.6485740772088101,0.0,,0.0,0.0
0.6199999999999998,1,3,4,0.0,1.0,0.6402439024390244,0.0,1.0,0.5,0.6531051883625197,0.0,,0.0,0.0
0.6199999999999998,1,4,4,0.0,1.0,0.6402439024390244,0.0,1.0,0.5,0.6803616289391157,0.0,,0.0,0.0
0.6199999999999998,1,5,4,0.0,1.0,0.6402439024390244,0.0,1.0,0.5,0.667203491758092,0.0,,0.0,0.0
0.6299999999999997,1,1,4,0.0,1.0,0.640973630831643,0.0,1.0,0.5,0.707031459523967,0.0,,0.0,0.0
0.6299999999999997,1,2,4,0.0,1.0,0.640973630831643,0.0,1.0,0.5,0.6471201844951107,0.0,,0.0,0.0
0.6299999999999997,1,3,4,0.0,1.0,0.6402439024390244,0.0,1.0,0.5,0.6515474027890139,0.0,,0.0,0.0
0.6299999999999997,1,4,4,0.0,1.0,0.6402439024390244,0.0,1.0,0.5,0.6785444389081563,0.0,,0.0,0.0
0.6299999999999997,1,5,4,0.0,1.0,0.6402439024390244,0.0,1.0,0.5,0.6656212811641845,0.0,,0.0,0.0
0.6399999999999997,1,1,4,0.0,1.0,0.640973630831643,0.0,1.0,0.5,0.7049608890981613,0.0,,0.0,0.0
0.6399999999999997,1,2,4,0.0,1.0,0.640973630831643,0.0,1.0,0.5,0.644559294277987,0.0,,0.0,0.0
0.6399999999999997,1,3,4,0.0,1.0,0.6402439024390244,0.0,1.0,0.5,0.6513110766613731,0.0,,0.0,0.0
0.6399999999999997,1,4,4,0.0,1.0,0.6402439024390244,0.0,1.0,0.5,0.6770276820277594,0.0,,0.0,0.0
0.6399999999999997,1,5,4,0.0,1.0,0.6402439024390244,0.0,1.0,0.5,0.6641763094598482,0.0,,0.0,0.0
0.6499999999999997,1,1,4,0.0,1.0,0.640973630831643,0.0,1.0,0.5,0.7028962611457068,0.0,,0.0,0.0
0.6499999999999997,1,2,4,0.0,1.0,0.640973630831643,0.0,1.0,0.5,0.641758230685298,0.0,,0.0,0.0
0.6499999999999997,1,3,4,0.0,1.0,0.6402439024390244,0.0,1.0,0.5,0.6511561579514844,0.0,,0.0,0.0
0.6499999999999997,1,4,4,0.0,1.0,0.6402439024390244,0.0,1.0,0.5,0.6743149013452747,0.0,,0.0,0.0
0.6499999999999997,1,5,4,0.0,1.0,0.6402439024390244,0.0,1.0,0.5,0.6634016723060217,0.0,,0.0,0.0
0.6599999999999997,1,1,4,0.0,1.0,0.640973630831643,0.0,1.0,0.5,0.7013549180209828,0.0,,0.0,0.0
0.6599999999999997,1,2,4,0.0,1.0,0.640973630831643,0.0,1.0,0.5,0.6398858658309375,0.0,,0.0,0.0
0.6599999999999997,1,3,4,0.0,1.0,0.6402439024390244,0.0,1.0,0.5,0.649956062131505,0.0,,0.0,0.0
0.6599999999999997,1,4,4,0.0,1.0,0.6402439024390244,0.0,1.0,0.5,0.6715767326247493,0.0,,0.0,0.0
0.6599999999999997,1,5,4,0.0,1.0,0.6402439024390244,0.0,1.0,0.5,0.6609191975054747,0.0,,0.0,0.0
0.6699999999999997,1,1,4,0.0,1.0,0.640973630831643,0.0,1.0,0.5,0.7002836369323715,0.0,,0.0,0.0
0.6699999999999997,1,2,4,0.0,1.0,0.640973630831643,0.0,1.0,0.5,0.6371656906117649,0.0,,0.0,0.0
0.6699999999999997,1,3,4,0.0,1.0,0.6402439024390244,0.0,1.0,0.5,0.6491513868085445,0.0,,0.0,0.0
0.6699999999999997,1,4,4,0.0,1.0,0.6402439024390244,0.0,1.0,0.5,0.6690484678256718,0.0,,0.0,0.0
0.6699999999999997,1,5,4,0.0,1.0,0.6402439024390244,0.0,1.0,0.5,0.6586405806297433,0.0,,0.0,0.0
0.6799999999999997,1,1,4,0.0,1.0,0.640973630831643,0.0,1.0,0.5,0.6983567888809077,0.0,,0.0,0.0
0.6799999999999997,1,2,4,0.0,1.0,0.640973630831643,0.0,1.0,0.5,0.6353298029054827,0.0,,0.0,0.0
0.6799999999999997,1,3,4,0.0,1.0,0.6402439024390244,0.0,1.0,0.5,0.6488203334233111,0.0,,0.0,0.0
0.6799999999999997,1,4,4,0.0,1.0,0.6402439024390244,0.0,1.0,0.5,0.6669909847165116,0.0,,0.0,0.0
0.6799999999999997,1,5,4,0.0,1.0,0.6402439024390244,0.0,1.0,0.5,0.6570073355875278,0.0,,0.0,0.0
0.6899999999999997,1,1,4,0.0,1.0,0.640973630831643,0.0,1.0,0.5,0.6964003230281213,0.0,,0.0,0.0
0.6899999999999997,1,2,4,0.0,1.0,0.640973630831643,0.0,1.0,0.5,0.6343349626474737,0.0,,0.0,0.0
0.6899999999999997,1,3,4,0.0,1.0,0.6402439024390244,0.0,1.0,0.5,0.6471503502381287,0.0,,0.0,0.0
0.6899999999999997,1,4,4,0.0,1.0,0.6402439024390244,0.0,1.0,0.5,0.6643190347285812,0.0,,0.0,0.0
0.6899999999999997,1,5,4,0.0,1.0,0.6402439024390244,0.0,1.0,0.5,0.6558015219651251,0.0,,0.0,0.0
0.6999999999999996,1,1,4,0.0,1.0,0.640973630831643,0.0,1.0,0.5,0.6944655468467973,0.0,,0.0,0.0
0.6999999999999996,1,2,4,0.0,1.0,0.640973630831643,0.0,1.0,0.5,0.6329074521656228,0.0,,0.0,0.0
0.6999999999999996,1,3,4,0.0,1.0,0.6402439024390244,0.0,1.0,0.5,0.646947686026155,0.0,,0.0,0.0
0.6999999999999996,1,4,4,0.0,1.0,0.6402439024390244,0.0,1.0,0.5,0.6629304228090974,0.0,,0.0,0.0
0.6999999999999996,1,5,4,0.0,1.0,0.6402439024390244,0.0,1.0,0.5,0.6542675996145546,0.0,,0.0,0.0
0.7099999999999996,1,1,4,0.0,1.0,0.640973630831643,0.0,1.0,0.5,0.6932612582015949,0.0,,0.0,0.0
0.7099999999999996,1,2,4,0.0,1.0,0.640973630831643,0.0,1.0,0.5,0.6315220318843577,0.0,,0.0,0.0
0.7099999999999996,1,3,4,0.0,1.0,0.6402439024390244,0.0,1.0,0.5,0.6458894769424112,0.0,,0.0,0.0
0.7099999999999996,1,4,4,0.0,1.0,0.6402439024390244,0.0,1.0,0.5,0.6613362837619595,0.0,,0.0,0.0
0.7099999999999996,1,5,4,0.0,1.0,0.6402439024390244,0.0,1.0,0.5,0.6528733172293592,0.0,,0.0,0.0
0.7199999999999996,1,1,4,0.0,1.0,0.640973630831643,0.0,1.0,0.5,0.69114944993713,0.0,,0.0,0.0
0.7199999999999996,1,2,4,0.0,1.0,0.640973630831643,0.0,1.0,0.5,0.6298032848434814,0.0,,0.0,0.0
0.7199999999999996,1,3,4,0.0,1.0,0.6402439024390244,0.0,1.0,0.5,0.6451841063616756,0.0,,0.0,0.0
0.7199999999999996,1,4,4,0.0,1.0,0.6402439024390244,0.0,1.0,0.5,0.6595643036829283,0.0,,0.0,0.0
0.7199999999999996,1,5,4,0.0,1.0,0.6402439024390244,0.0,1.0,0.5,0.6515808355784594,0.0,,0.0,0.0
0.7299999999999996,1,1,4,0.0,1.0,0.640973630831643,0.0,1.0,0.5,0.6903002734974887,0.0,,0.0,0.0
0.7299999999999996,1,2,4,0.0,1.0,0.640973630831643,0.0,1.0,0.5,0.6283159214533798,0.0,,0.0,0.0
0.7299999999999996,1,3,4,0.0,1.0,0.6402439024390244,0.0,1.0,0.5,0.6456993110919134,0.0,,0.0,0.0
0.7299999999999996,1,4,4,0.0,1.0,0.6402439024390244,0.0,1.0,0.5,0.6582660977120361,0.0,,0.0,0.0
0.7299999999999996,1,5,4,0.0,1.0,0.6402439024390244,0.0,1.0,0.5,0.6503582452157977,0.0,,0.0,0.0
0.7399999999999997,1,1,4,0.0,1.0,0.640973630831643,0.0,1.0,0.5,0.6882622587814403,0.0,,0.0,0.0
0.7399999999999997,1,2,4,0.0,1.0,0.640973630831643,0.0,1.0,0.5,0.6267739761197549,0.0,,0.0,0.0
0.7399999999999997,1,3,4,0.0,1.0,0.6402439024390244,0.0,1.0,0.5,0.6462116811882535,0.0,,0.0,0.0
0.7399999999999997,1,4,4,0.0,1.0,0.6402439024390244,0.0,1.0,0.5,0.6577012905383827,0.0,,0.0,0.0
0.7399999999999997,1,5,4,0.0,1.0,0.6402439024390244,0.0,1.0,0.5,0.6488933812959208,0.0,,0.0,0.0
0.7499999999999997,1,1,4,0.0,1.0,0.640973630831643,0.0,1.0,0.5,0.6872316583585624,0.0,,0.0,0.0
0.7499999999999997,1,2,4,0.0,1.0,0.640973630831643,0.0,1.0,0.5,0.6240503259949938,0.0,,0.0,0.0
0.7499999999999997,1,3,4,0.0,1.0,0.6402439024390244,0.0,1.0,0.5,0.645491681696716,0.0,,0.0,0.0
0.7499999999999997,1,4,4,0.0,1.0,0.6402439024390244,0.0,1.0,0.5,0.6568311704677866,0.0,,0.0,0.0
0.7499999999999997,1,5,4,0.0,1.0,0.6402439024390244,0.0,1.0,0.5,0.6475240366549911,0.0,,0.0,0.0
0.7599999999999997,1,1,4,0.0,1.0,0.640973630831643,0.0,1.0,0.5,0.6856158667282066,0.0,,0.0,0.0
0.7599999999999997,1,2,4,0.0,1.0,0.640973630831643,0.0,1.0,0.5,0.6230080067325775,0.0,,0.0,0.0
0.7599999999999997,1,3,4,0.0,1.0,0.6402439024390244,0.0,1.0,0.5,0.6449773502710119,0.0,,0.0,0.0
0.7599999999999997,1,4,4,0.0,1.0,0.6402439024390244,0.0,1.0,0.5,0.6556202947425271,0.0,,0.0,0.0
0.7599999999999997,1,5,4,0.0,1.0,0.6402439024390244,0.0,1.0,0.5,0.6460938503990261,0.0,,0.0,0.0
0.7699999999999997,1,1,4,0.0,1.0,0.640973630831643,0.0,1.0,0.5,0.6846539123478442,0.0,,0.0,0.0
0.7699999999999997,1,2,4,0.0,1.0,0.640973630831643,0.0,1.0,0.5,0.6212391481957844,0.0,,0.0,0.0
0.7699999999999997,1,3,4,0.0,1.0,0.6402439024390244,0.0,1.0,0.5,0.6440107334937514,0.0,,0.0,0.0
0.7699999999999997,1,4,4,0.0,1.0,0.6402439024390244,0.0,1.0,0.5,0.654020265451389,0.0,,0.0,0.0
0.7699999999999997,1,5,4,0.0,1.0,0.6402439024390244,0.0,1.0,0.5,0.6450105215829836,0.0,,0.0,0.0
0.7799999999999997,1,1,4,0.0,1.0,0.640973630831643,0.0,1.0,0.5,0.6837688174003419,0.0,,0.0,0.0
0.7799999999999997,1,2,4,0.0,1.0,0.640973630831643,0.0,1.0,0.5,0.6198716330406521,0.0,,0.0,0.0
0.7799999999999997,1,3,4,0.0,1.0,0.6402439024390244,0.0,1.0,0.5,0.6429161288886549,0.0,,0.0,0.0
0.7799999999999997,1,4,4,0.0,1.0,0.6402439024390244,0.0,1.0,0.5,0.6523314310390014,0.0,,0.0,0.0
0.7799999999999997,1,5,4,0.0,1.0,0.6402439024390244,0.0,1.0,0.5,0.6439606718138273,0.0,,0.0,0.0
0.7899999999999996,1,1,4,0.0,1.0,0.640973630831643,0.0,1.0,0.5,0.682322949526722,0.0,,0.0,0.0
0.7899999999999996,1,2,4,0.0,1.0,0.640973630831643,0.0,1.0,0.5,0.6187283557188167,0.0,,0.0,0.0
0.7899999999999996,1,3,4,0.0,1.0,0.6402439024390244,0.0,1.0,0.5,0.6426834611523708,0.0,,0.0,0.0
0.7899999999999996,1,4,4,0.0,1.0,0.6402439024390244,0.0,1.0,0.5,0.6498389157434865,0.0,,0.0,0.0
0.7899999999999996,1,5,4,0.0,1.0,0.6402439024390244,0.0,1.0,0.5,0.6429126148681096,0.0,,0.0,0.0
0.7999999999999996,1,1,4,0.0,1.0,0.640973630831643,0.0,1.0,0.5,0.6816332332955883,0.0,,0.0,0.0
0.7999999999999996,1,2,4,0.0,1.0,0.640973630831643,0.0,1.0,0.5,0.6178007159309808,0.0,,0.0,0.0
0.7999999999999996,1,3,4,0.0,1.0,0.6402439024390244,0.0,1.0,0.5,0.6412299349072604,0.0,,0.0,0.0
0.7999999999999996,1,4,4,0.0,1.0,0.6402439024390244,0.0,1.0,0.5,0.6485852351817022,0.0,,0.0,0.0
0.7999999999999996,1,5,4,0.0,1.0,0.6402439024390244,0.0,1.0,0.5,0.6417211166704431,0.0,,0.0,0.0
0.8099999999999996,1,1,4,0.0,1.0,0.640973630831643,0.0,1.0,0.5,0.679764927983335,0.0,,0.0,0.0
0.8099999999999996,1,2,4,0.0,1.0,0.640973630831643,0.0,1.0,0.5,0.6167179218488019,0.0,,0.0,0.0
0.8099999999999996,1,3,4,0.0,1.0,0.6402439024390244,0.0,1.0,0.5,0.6402684297244924,0.0,,0.0,0.0
0.8099999999999996,1,4,4,0.0,1.0,0.6402439024390244,0.0,1.0,0.5,0.6473982991194891,0.0,,0.0,0.0
0.8099999999999996,1,5,4,0.0,1.0,0.6402439024390244,0.0,1.0,0.5,0.6406942999023529,0.0,,0.0,0.0
0.8199999999999996,1,1,4,0.0,1.0,0.640973630831643,0.0,1.0,0.5,0.6786347372547001,0.0,,0.0,0.0
0.8199999999999996,1,2,4,0.0,1.0,0.640973630831643,0.0,1.0,0.5,0.6155193247108068,0.0,,0.0,0.0
0.8199999999999996,1,3,4,0.0,1.0,0.6402439024390244,0.0,1.0,0.5,0.6399033279498254,0.0,,0.0,0.0
0.8199999999999996,1,4,4,0.0,1.0,0.6402439024390244,0.0,1.0,0.5,0.6460462385614772,0.0,,0.0,0.0
0.8199999999999996,1,5,4,0.0,1.0,0.6402439024390244,0.0,1.0,0.5,0.6396322278266542,0.0,,0.0,0.0
0.8299999999999996,1,1,4,0.0,1.0,0.640973630831643,0.0,1.0,0.5,0.678653505337265,0.0,,0.0,0.0
0.8299999999999996,1,2,4,0.0,1.0,0.640973630831643,0.0,1.0,0.5,0.6142519557334218,0.0,,0.0,0.0
0.8299999999999996,1,3,4,0.0,1.0,0.6402439024390244,0.0,1.0,0.5,0.6393731606263041,0.0,,0.0,0.0
0.8299999999999996,1,4,4,0.0,1.0,0.6402439024390244,0.0,1.0,0.5,0.6450795565713138,0.0,,0.0,0.0
0.8299999999999996,1,5,4,0.0,1.0,0.6402439024390244,0.0,1.0,0.5,0.6380839153370785,0.0,,0.0,0.0
0.8399999999999996,1,1,4,0.0,1.0,0.640973630831643,0.0,1.0,0.5,0.6778319837632996,0.0,,0.0,0.0
0.8399999999999996,1,2,4,0.0,1.0,0.640973630831643,0.0,1.0,0.5,0.6133137417320336,0.0,,0.0,0.0
0.8399999999999996,1,3,4,0.0,1.0,0.6402439024390244,0.0,1.0,0.5,0.6390575687651805,0.0,,0.0,0.0
0.8399999999999996,1,4,4,0.0,1.0,0.6402439024390244,0.0,1.0,0.5,0.6442557545052119,0.0,,0.0,0.0
0.8399999999999996,1,5,4,0.0,1.0,0.6402439024390244,0.0,1.0,0.5,0.6381416269276083,0.0,,0.0,0.0
0.8499999999999996,1,1,4,0.0,1.0,0.640973630831643,0.0,1.0,0.5,0.6768874604627557,0.0,,0.0,0.0
0.8499999999999996,1,2,4,0.0,1.0,0.640973630831643,0.0,1.0,0.5,0.6129978104080227,0.0,,0.0,0.0
0.8499999999999996,1,3,4,0.0,1.0,0.6402439024390244,0.0,1.0,0.5,0.6381967583312878,0.0,,0.0,0.0
0.8499999999999996,1,4,4,0.0,1.0,0.6402439024390244,0.0,1.0,0.5,0.643054816530419,0.0,,0.0,0.0
0.8499999999999996,1,5,4,0.0,1.0,0.6402439024390244,0.0,1.0,0.5,0.6367539831817052,0.0,,0.0,0.0
0.8599999999999995,1,1,4,0.0,1.0,0.640973630831643,0.0,1.0,0.5,0.6762696548704532,0.0,,0.0,0.0
0.8599999999999995,1,2,4,0.0,1.0,0.640973630831643,0.0,1.0,0.5,0.6122553294748023,0.0,,0.0,0.0
0.8599999999999995,1,3,4,0.0,1.0,0.6402439024390244,0.0,1.0,0.5,0.6380408770187438,0.0,,0.0,0.0
0.8599999999999995,1,4,4,0.0,1.0,0.6402439024390244,0.0,1.0,0.5,0.64245876358859,0.0,,0.0,0.0
0.8599999999999995,1,5,4,0.0,1.0,0.6402439024390244,0.0,1.0,0.5,0.6353570323720197,0.0,,0.0,0.0
0.8699999999999996,1,1,4,0.0,1.0,0.640973630831643,0.0,1.0,0.5,0.6755308235507489,0.0,,0.0,0.0
0.8699999999999996,1,2,4,0.0,1.0,0.640973630831643,0.0,1.0,0.5,0.6106651640010234,0.0,,0.0,0.0
0.8699999999999996,1,3,4,0.0,1.0,0.6402439024390244,0.0,1.0,0.5,0.6377746990135569,0.0,,0.0,0.0
0.8699999999999996,1,4,4,0.0,1.0,0.6402439024390244,0.0,1.0,0.5,0.6412373193105673,0.0,,0.0,0.0
0.8699999999999996,1,5,4,0.0,1.0,0.6402439024390244,0.0,1.0,0.5,0.6350620059418619,0.0,,0.0,0.0
0.8799999999999996,1,1,4,0.0,1.0,0.640973630831643,0.0,1.0,0.5,0.6748977004742072,0.0,,0.0,0.0
0.8799999999999996,1,2,4,0.0,1.0,0.640973630831643,0.0,1.0,0.5,0.6099491873415116,0.0,,0.0,0.0
0.8799999999999996,1,3,4,0.0,1.0,0.6402439024390244,0.0,1.0,0.5,0.6372027250161979,0.0,,0.0,0.0
0.8799999999999996,1,4,4,0.0,1.0,0.6402439024390244,0.0,1.0,0.5,0.640379467154563,0.0,,0.0,0.0
0.8799999999999996,1,5,4,0.0,1.0,0.6402439024390244,0.0,1.0,0.5,0.6342971791854735,0.0,,0.0,0.0
0.8899999999999996,1,1,4,0.0,1.0,0.640973630831643,0.0,1.0,0.5,0.6747375579911844,0.0,,0.0,0.0
0.8899999999999996,1,2,4,0.0,1.0,0.640973630831643,0.0,1.0,0.5,0.60861408996283,0.0,,0.0,0.0
0.8899999999999996,1,3,4,0.0,1.0,0.6402439024390244,0.0,1.0,0.5,0.6365562674864206,0.0,,0.0,0.0
0.8899999999999996,1,4,4,0.0,1.0,0.6402439024390244,0.0,1.0,0.5,0.6394222039835749,0.0,,0.0,0.0
0.8899999999999996,1,5,4,0.0,1.0,0.6402439024390244,0.0,1.0,0.5,0.6340919149660292,0.0,,0.0,0.0
0.8999999999999996,1,1,4,0.0,1.0,0.640973630831643,0.0,1.0,0.5,0.6739303948303526,0.0,,0.0,0.0
0.8999999999999996,1,2,4,0.0,1.0,0.640973630831643,0.0,1.0,0.5,0.6076788248607178,0.0,,0.0,0.0
0.8999999999999996,1,3,4,0.0,1.0,0.6402439024390244,0.0,1.0,0.5,0.6361167054815349,0.0,,0.0,0.0
0.8999999999999996,1,4,4,0.0,1.0,0.6402439024390244,0.0,1.0,0.5,0.6366405055599824,0.0,,0.0,0.0
0.8999999999999996,1,5,4,0.0,1.0,0.6402439024390244,0.0,1.0,0.5,0.6339666387211366,0.0,,0.0,0.0
0.9099999999999996,1,1,4,0.0,1.0,0.640973630831643,0.0,1.0,0.5,0.6732381673509024,0.0,,0.0,0.0
0.9099999999999996,1,2,4,0.0,1.0,0.640973630831643,0.0,1.0,0.5,0.6070242167154268,0.0,,0.0,0.0
0.9099999999999996,1,3,4,0.0,1.0,0.6402439024390244,0.0,1.0,0.5,0.6356181091642762,0.0,,0.0,0.0
0.9099999999999996,1,4,4,0.0,1.0,0.6402439024390244,0.0,1.0,0.5,0.6355365143731475,0.0,,0.0,0.0
0.9099999999999996,1,5,4,0.0,1.0,0.6402439024390244,0.0,1.0,0.5,0.6333493455173176,0.0,,0.0,0.0
0.9199999999999996,1,1,4,0.0,1.0,0.640973630831643,0.0,1.0,0.5,0.6727613591614507,0.0,,0.0,0.0
0.9199999999999996,1,2,4,0.0,1.0,0.640973630831643,0.0,1.0,0.5,0.6064434409154187,0.0,,0.0,0.0
0.9199999999999996,1,3,4,0.0,1.0,0.6402439024390244,0.0,1.0,0.5,0.6353967524709687,0.0,,0.0,0.0
0.9199999999999996,1,4,4,0.0,1.0,0.6402439024390244,0.0,1.0,0.5,0.634603568511927,0.0,,0.0,0.0
0.9199999999999996,1,5,4,0.0,1.0,0.6402439024390244,0.0,1.0,0.5,0.6332312538305542,0.0,,0.0,0.0
0.9299999999999996,1,1,4,0.0,1.0,0.640973630831643,0.0,1.0,0.5,0.6722848253699978,0.0,,0.0,0.0
0.9299999999999996,1,2,4,0.0,1.0,0.640973630831643,0.0,1.0,0.5,0.6044126611000621,0.0,,0.0,0.0
0.9299999999999996,1,3,4,0.0,1.0,0.6402439024390244,0.0,1.0,0.5,0.6348789597508945,0.0,,0.0,0.0
0.9299999999999996,1,4,4,0.0,1.0,0.6402439024390244,0.0,1.0,0.5,0.6338245176222062,0.0,,0.0,0.0
0.9299999999999996,1,5,4,0.0,1.0,0.6402439024390244,0.0,1.0,0.5,0.6330812064821962,0.0,,0.0,0.0
0.9399999999999996,1,1,4,0.0,1.0,0.640973630831643,0.0,1.0,0.5,0.6717516131332333,0.0,,0.0,0.0
0.9399999999999996,1,2,4,0.0,1.0,0.640973630831643,0.0,1.0,0.5,0.6035210074970041,0.0,,0.0,0.0
0.9399999999999996,1,3,4,0.0,1.0,0.6402439024390244,0.0,1.0,0.5,0.6348443238986352,0.0,,0.0,0.0
0.9399999999999996,1,4,4,0.0,1.0,0.6402439024390244,0.0,1.0,0.5,0.6335221605080573,0.0,,0.0,0.0
0.9399999999999996,1,5,4,0.0,1.0,0.6402439024390244,0.0,1.0,0.5,0.6321570426782721,0.0,,0.0,0.0
0.9499999999999995,1,1,4,0.0,1.0,0.640973630831643,0.0,1.0,0.5,0.6710598138239569,0.0,,0.0,0.0
0.9499999999999995,1,2,4,0.0,1.0,0.640973630831643,0.0,1.0,0.5,0.6025614354312198,0.0,,0.0,0.0
0.9499999999999995,1,3,4,0.0,1.0,0.6402439024390244,0.0,1.0,0.5,0.6345569656124666,0.0,,0.0,0.0
0.9499999999999995,1,4,4,0.0,1.0,0.6402439024390244,0.0,1.0,0.5,0.6329283423109412,0.0,,0.0,0.0
0.9499999999999995,1,5,4,0.0,1.0,0.6402439024390244,0.0,1.0,0.5,0.6317694315462188,0.0,,0.0,0.0
0.9599999999999995,1,1,4,0.0,1.0,0.640973630831643,0.0,1.0,0.5,0.67049890532677,0.0,,0.0,0.0
0.9599999999999995,1,2,4,0.0,1.0,0.640973630831643,0.0,1.0,0.5,0.6019778088590861,0.0,,0.0,0.0
0.9599999999999995,1,3,4,0.0,1.0,0.6402439024390244,0.0,1.0,0.5,0.6340411878879154,0.0,,0.0,0.0
0.9599999999999995,1,4,4,0.0,1.0,0.6402439024390244,0.0,1.0,0.5,0.6320416047571912,0.0,,0.0,0.0
0.9599999999999995,1,5,4,0.0,1.0,0.6402439024390244,0.0,1.0,0.5,0.6307662013322222,0.0,,0.0,0.0
0.9699999999999995,1,1,4,0.0,1.0,0.640973630831643,0.0,1.0,0.5,0.6693678558305864,0.0,,0.0,0.0
0.9699999999999995,1,2,4,0.0,1.0,0.640973630831643,0.0,1.0,0.5,0.6013638804506127,0.0,,0.0,0.0
0.9699999999999995,1,3,4,0.0,1.0,0.6402439024390244,0.0,1.0,0.5,0.632137830943929,0.0,,0.0,0.0
0.9699999999999995,1,4,4,0.0,1.0,0.6402439024390244,0.0,1.0,0.5,0.6316904719866597,0.0,,0.0,0.0
0.9699999999999995,1,5,4,0.0,1.0,0.6402439024390244,0.0,1.0,0.5,0.6301617720057091,0.0,,0.0,0.0
0.9799999999999995,1,1,4,0.0,1.0,0.640973630831643,0.0,1.0,0.5,0.6690262374794362,0.0,,0.0,0.0
0.9799999999999995,1,2,4,0.0,1.0,0.640973630831643,0.0,1.0,0.5,0.6000423967179681,0.0,,0.0,0.0
0.9799999999999995,1,3,4,0.0,1.0,0.6402439024390244,0.0,1.0,0.5,0.6315138035052934,0.0,,0.0,0.0
0.9799999999999995,1,4,4,0.0,1.0,0.6402439024390244,0.0,1.0,0.5,0.6311199353540526,0.0,,0.0,0.0
0.9799999999999995,1,5,4,0.0,1.0,0.6402439024390244,0.0,1.0,0.5,0.6297039708966744,0.0,,0.0,0.0
0.9899999999999995,1,1,4,0.0,1.0,0.640973630831643,0.0,1.0,0.5,0.6685123083241606,0.0,,0.0,0.0
0.9899999999999995,1,2,4,0.0,1.0,0.640973630831643,0.0,1.0,0.5,0.5996823953565162,0.0,,0.0,0.0
0.9899999999999995,1,3,4,0.0,1.0,0.6402439024390244,0.0,1.0,0.5,0.6313119029410713,0.0,,0.0,0.0
0.9899999999999995,1,4,4,0.0,1.0,0.6402439024390244,0.0,1.0,0.5,0.6306389212851392,0.0,,0.0,0.0
0.9899999999999995,1,5,4,0.0,1.0,0.6402439024390244,0.0,1.0,0.5,0.629087665551678,0.0,,0.0,0.0
1.0,1,1,4,0.0,1.0,0.640973630831643,0.0,1.0,0.5,0.6676648294436504,0.0,,0.0,0.0
1.0,1,2,4,0.0,1.0,0.640973630831643,0.0,1.0,0.5,0.5990398528580223,0.0,,0.0,0.0
1.0,1,3,4,0.0,1.0,0.6402439024390244,0.0,1.0,0.5,0.6309673726781607,0.0,,0.0,0.0
1.0,1,4,4,0.0,1.0,0.6402439024390244,0.0,1.0,0.5,0.630499747475544,0.0,,0.0,0.0
1.0,1,5,4,0.0,1.0,0.6402439024390244,0.0,1.0,0.5,0.6282972067803172,0.0,,0.0,0.0
0.1,1,1,5,0.711864406779661,0.8291139240506329,0.7870182555780934,0.5389691933630801,1.0,0.7704891654151469,0.7335268794424517,0.7682556161181385,0.7,0.7058823529411765,0.5390159576451128
0.1,1,2,5,0.6440677966101694,0.8386075949367089,0.768762677484787,0.4899814875313078,1.0,0.7413376957734392,0.6954199881018368,0.7349286672129749,0.6909090909090909,0.6666666666666666,0.4906891308040825
0.1,1,3,5,0.7062146892655368,0.8031746031746032,0.7682926829268293,0.5031623704491098,1.0,0.75469464622007,0.7230604274657696,0.7531359125728391,0.6684491978609626,0.6868131868131868,0.503640908675616
0.1,1,4,5,0.6610169491525424,0.8063492063492064,0.7540650406504065,0.4667884780739467,1.0,0.7336830777508744,0.6998630484824004,0.7300756757573329,0.6573033707865169,0.6591549295774648,0.46679301043779936
0.1,1,5,5,0.632768361581921,0.8158730158730159,0.75,0.4525618758141554,1.0,0.7243206887274685,0.6589422290517448,0.7185113997097533,0.6588235294117647,0.6455331412103746,0.4527816720253417
0.11,1,1,5,0.711864406779661,0.8291139240506329,0.7870182555780934,0.5389691933630801,1.0,0.7704891654151469,0.7286651629753922,0.7682556161181385,0.7,0.7058823529411765,0.5390159576451128
0.11,1,2,5,0.632768361581921,0.8417721518987342,0.7667342799188641,0.4835533207626231,1.0,0.7372702567403275,0.693201278778233,0.7298265447229567,0.691358024691358,0.6607669616519174,0.4846541838346053
0.11,1,3,5,0.711864406779661,0.8031746031746032,0.7703252032520326,0.5081218813037479,1.0,0.7575195049771322,0.6924261940008972,0.7561424551163481,0.6702127659574468,0.6904109589041096,0.5087053653034596
0.11,1,4,5,0.6610169491525424,0.8063492063492064,0.7540650406504065,0.4667884780739467,1.0,0.7336830777508744,0.7149097661338064,0.7300756757573329,0.6573033707865169,0.6591549295774648,0.46679301043779936
0.11,1,5,5,0.6384180790960452,0.8222222222222222,0.7560975609756098,0.4652464539970654,1.0,0.7303201506591337,0.652189880162229,0.7245146870155171,0.6686390532544378,0.653179190751445,0.46554238612497145
0.12,1,1,5,0.7231638418079096,0.8291139240506329,0.7910750507099391,0.5488677049369663,1.0,0.7761388829292712,0.7325753420660158,0.7743288775532571,0.7032967032967034,0.713091922005571,0.5489993690219523
0.12,1,2,5,0.632768361581921,0.8417721518987342,0.7667342799188641,0.4835533207626231,1.0,0.7372702567403275,0.6957041326183238,0.7298265447229567,0.691358024691358,0.6607669616519174,0.4846541838346053
0.12,1,3,5,0.711864406779661,0.8063492063492064,0.7723577235772358,0.5118788200903535,1.0,0.7591068065644337,0.7119932122282373,0.7576353340724206,0.6737967914438503,0.6923076923076923,0.5123656481942386
0.12,1,4,5,0.6666666666666666,0.8158730158730159,0.7621951219512195,0.4831375929317961,1.0,0.7412698412698413,0.7197663774281893,0.7375061653405643,0.6704545454545454,0.6685552407932012,0.48314230732020524
0.12,1,5,5,0.6384180790960452,0.8285714285714286,0.7601626016260162,0.47284118768727856,1.0,0.7334947538337369,0.6564945203395542,0.7273066614726126,0.6766467065868264,0.6569767441860465,0.4733137454512893
0.13,1,1,5,0.7175141242937854,0.8322784810126582,0.7910750507099391,0.5477507325371166,1.0,0.7748963026532218,0.7306380959372779,0.7727687658493706,0.7055555555555556,0.711484593837535,0.5477982587594971
0.13,1,2,5,0.632768361581921,0.8417721518987342,0.7667342799188641,0.4835533207626231,1.0,0.7372702567403275,0.6976277794966687,0.7298265447229567,0.691358024691358,0.6607669616519174,0.4846541838346053
0.13,1,3,5,0.7175141242937854,0.8095238095238095,0.7764227642276422,0.5205952697315971,1.0,0.7635189669087974,0.7103201859169541,0.7621317256783405,0.679144385026738,0.6978021978021978,0.5210903877128613
0.13,1,4,5,0.672316384180791,0.8158730158730159,0.7642276422764228,0.488189400053807,1.0,0.7440947000269034,0.7215271409605141,0.7406245985534258,0.672316384180791,0.672316384180791,0.48818940005380684
0.13,1,5,5,0.6440677966101694,0.8285714285714286,0.7621951219512195,0.4779627815866797,1.0,0.7363196125907989,0.6584780647147865,0.7305177440241547,0.6785714285714286,0.6608695652173913,0.47834862042999726
0.13999999999999999,1,1,5,0.7175141242937854,0.8354430379746836,0.7931034482758621,0.5515863815519609,1.0,0.7764785811342345,0.7326970533804997,0.7742365141155154,0.7094972067039106,0.7134831460674157,0.5516077034546066
0.13999999999999999,1,2,5,0.6440677966101694,0.8449367088607594,0.7728194726166329,0.4976618934114521,1.0,0.7445022527354646,0.7007466044452093,0.737696769920404,0.6993865030674846,0.6705882352941176,0.4986459119211277
0.13999999999999999,1,3,5,0.7231638418079096,0.819047619047619,0.7845528455284553,0.5368959454419522,1.0,0.7711057304277643,0.7099922242751033,0.7696139440096557,0.6918918918918919,0.7071823204419889,0.5372241795127496
0.13999999999999999,1,4,5,0.6666666666666666,0.8126984126984127,0.7601626016260162,0.4793650793650794,1.0,0.7396825396825397,0.7228872352911035,0.7360699299651777,0.6666666666666666,0.6666666666666666,0.4793650793650794
0.13999999999999999,1,5,5,0.6384180790960452,0.8317460317460318,0.7621951219512195,0.47665284747981673,1.0,0.7350820554210384,0.660409035458357,0.7286986372177869,0.6807228915662651,0.6588921282798834,0.477230883654199
0.14999999999999997,1,1,5,0.7062146892655368,0.8417721518987342,0.7931034482758621,0.5493520692559999,1.0,0.7739934205821355,0.7348131826746624,0.7710200118580235,0.7142857142857143,0.7102272727272727,0.5493735169503653
0.14999999999999997,1,2,5,0.6271186440677966,0.8481012658227848,0.768762677484787,0.4860920612278487,1.0,0.7376099549452907,0.7049663854161887,0.7292874027809384,0.6981132075471698,0.6607142857142857,0.4877002818197357
0.14999999999999997,1,3,5,0.7062146892655368,0.8222222222222222,0.7804878048780488,0.5258339133693849,1.0,0.7642184557438795,0.7115323487707246,0.7620140491971823,0.6906077348066298,0.6983240223463687,0.525915019282369
0.14999999999999997,1,4,5,0.6610169491525424,0.8222222222222222,0.7642276422764228,0.4856432163521333,1.0,0.7416195856873823,0.7236907699789743,0.7372264406942802,0.6763005780346821,0.6685714285714286,0.4857196215244692
0.14999999999999997,1,5,5,0.632768361581921,0.8444444444444444,0.7682926829268293,0.4868529395619477,1.0,0.7386064030131827,0.6629563721953251,0.7309840816037423,0.6956521739130435,0.6627218934911243,0.48812051930263445
0.15999999999999998,1,1,5,0.7062146892655368,0.8449367088607594,0.795131845841785,0.5532136351808483,1.0,0.7755756990631482,0.7365648996674015,0.7724679380383024,0.7183908045977011,0.7122507122507122,0.5532623565890986
0.15999999999999998,1,2,5,0.632768361581921,0.8512658227848101,0.7728194726166329,0.4951079899782374,1.0,0.7420170921833655,0.7024373957539204,0.733930568892065,0.7044025157232704,0.6666666666666666,0.4967460394923139
0.15999999999999998,1,3,5,0.7062146892655368,0.8222222222222222,0.7804878048780488,0.5258339133693849,1.0,0.7642184557438795,0.7132388613297981,0.7620140491971823,0.6906077348066298,0.6983240223463687,0.525915019282369
0.15999999999999998,1,4,5,0.655367231638418,0.8253968253968254,0.7642276422764228,0.48436060063967046,1.0,0.7403820285176217,0.7253341873108886,0.7354848961491025,0.6783625730994152,0.6666666666666666,0.48453296572474575
0.15999999999999998,1,5,5,0.632768361581921,0.8539682539682539,0.774390243902439,0.49845713026228794,1.0,0.7433683077750874,0.6653983803499245,0.7350946149350204,0.7088607594936709,0.6686567164179105,0.5003042027839559
0.16999999999999998,1,1,5,0.6949152542372882,0.8607594936708861,0.8012170385395537,0.5626663287289316,1.0,0.7778373739540871,0.7409592946856315,0.7734047468056188,0.7365269461077845,0.7151162790697675,0.5632274333785492
0.16999999999999998,1,2,5,0.632768361581921,0.8607594936708861,0.7789046653144016,0.5067511129468998,1.0,0.7467639276264035,0.7045097171197594,0.738011771265344,0.717948717948718,0.6726726726726727,0.5090548677060329
0.16999999999999998,1,3,5,0.711864406779661,0.819047619047619,0.7804878048780488,0.5269988783848744,1.0,0.7654560129136401,0.713115721927511,0.7635776630164264,0.6885245901639344,0.7,0.5271809255899655
0.16999999999999998,1,4,5,0.6497175141242938,0.8317460317460318,0.766260162601626,0.48688649472195006,1.0,0.7407317729351628,0.727465194117428,0.7351190135813233,0.6845238095238095,0.6666666666666666,0.4872795372959489
0.16999999999999998,1,5,5,0.6384180790960452,0.8603174603174604,0.7804878048780488,0.5113931034482759,1.0,0.7493677697067528,0.6689047587806995,0.7411087777301394,0.7197452229299363,0.6766467065868264,0.5134994669210599
0.17999999999999997,1,1,5,0.6892655367231638,0.8639240506329114,0.8012170385395537,0.5615630331409488,1.0,0.7765947936780375,0.7422398242769243,0.771669018716926,0.7393939393939394,0.7134502923976608,0.5623740562362157
0.17999999999999997,1,2,5,0.632768361581921,0.8639240506329114,0.7809330628803245,0.5106519861037074,1.0,0.7483462061074162,0.7079181542290655,0.7393671659265131,0.7225806451612903,0.6746987951807228,0.513208098226378
0.17999999999999997,1,3,5,0.7175141242937854,0.819047619047619,0.782520325203252,0.531953483409794,1.0,0.7682808716707021,0.7138564884777417,0.7666017448035598,0.6902173913043478,0.703601108033241,0.5322030323560293
0.17999999999999997,1,4,5,0.655367231638418,0.8412698412698413,0.774390243902439,0.5034911629936722,1.0,0.7483185364541296,0.7274563302661379,0.7425231894923601,0.6987951807228916,0.6763848396501457,0.5041017459519636
0.17999999999999997,1,5,5,0.6384180790960452,0.8634920634920635,0.782520325203252,0.5153021765550767,1.0,0.7509550712940544,0.671059609517416,0.7424748780189694,0.7243589743589743,0.6786786786786787,0.5176496732192
0.18999999999999995,1,1,5,0.6836158192090396,0.870253164556962,0.8032454361054767,0.5643884531649952,1.0,0.7769344918830008,0.7458881117095972,0.7713098145413857,0.7469135802469136,0.7138643067846607,0.565673346432531
0.18999999999999995,1,2,5,0.632768361581921,0.8607594936708861,0.7789046653144016,0.5067511129468998,1.0,0.7467639276264035,0.7108011692864259,0.738011771265344,0.717948717948718,0.6726726726726727,0.5090548677060329
0.18999999999999995,1,3,5,0.711864406779661,0.8253968253968254,0.7845528455284553,0.5346147668255073,1.0,0.7686306160882432,0.7128957754584196,0.7665315528201866,0.6961325966850829,0.7039106145251397,0.5346972271188732
0.18999999999999995,1,4,5,0.6497175141242938,0.8444444444444444,0.774390243902439,0.5022421524663677,1.0,0.7470809792843691,0.7294141670057641,0.7407093527562041,0.7012195121951219,0.6744868035190615,0.5030977485864634
0.18999999999999995,1,5,5,0.632768361581921,0.8634920634920635,0.7804878048780488,0.5101498976713315,1.0,0.7481302125369922,0.6732614802760364,0.7391822902741009,0.7225806451612903,0.6746987951807228,0.512708778914609
0.19999999999999996,1,1,5,0.6779661016949152,0.870253164556962,0.8012170385395537,0.5593396570594673,1.0,0.7741096331259386,0.7479427733674534,0.7681159713626238,0.7453416149068323,0.7100591715976331,0.5607928768915545
0.19999999999999996,1,2,5,0.6440677966101694,0.8670886075949367,0.7870182555780934,0.5248519895360044,1.0,0.755578202102553,0.714530540431799,0.7473043884251254,0.7307692307692307,0.6846846846846847,0.5272380331732894
0.19999999999999996,1,3,5,0.7062146892655368,0.8222222222222222,0.7804878048780488,0.5258339133693849,1.0,0.7642184557438795,0.7120280247205774,0.7620140491971823,0.6906077348066298,0.6983240223463687,0.525915019282369
0.19999999999999996,1,4,5,0.6440677966101694,0.8380952380952381,0.7682926829268293,0.4894314271669671,1.0,0.7410815173527038,0.7314670510502755,0.7347041264001961,0.6909090909090909,0.6666666666666666,0.49013980485275116
0.19999999999999996,1,5,5,0.6214689265536724,0.8603174603174604,0.774390243902439,0.4959016393442624,1.0,0.7408931934355664,0.676736132998141,0.731204874545345,0.7142857142857143,0.6646525679758308,0.4986292191719472
0.20999999999999996,1,1,5,0.672316384180791,0.8765822784810127,0.8032454361054767,0.5621709713155655,1.0,0.7744493313309018,0.7490973235358124,0.767685240124697,0.7531645569620253,0.7104477611940299,0.564249782263188
0.20999999999999996,1,2,5,0.6384180790960452,0.870253164556962,0.7870182555780934,0.5236364305630966,1.0,0.7543356218265036,0.7198301714606004,0.7453759813971136,0.7337662337662337,0.6827794561933535,0.5265106394891036
0.20999999999999996,1,3,5,0.7062146892655368,0.819047619047619,0.7784552845528455,0.5220320855614974,1.0,0.7626311541565779,0.7137900756661971,0.7605415569049413,0.6868131868131868,0.6963788300835655,0.5221576042271477
0.20999999999999996,1,4,5,0.6440677966101694,0.8412698412698413,0.7703252032520326,0.49327354260089695,1.0,0.7426688189400054,0.73436486762584,0.7360942962836037,0.6951219512195121,0.6686217008797654,0.494113860218848
0.20999999999999996,1,5,5,0.615819209039548,0.8603174603174604,0.7723577235772358,0.4907114734098597,1.0,0.7380683346785042,0.6826094485332652,0.7278736277236668,0.7124183006535948,0.6606060606060606,0.4936600413251913
0.21999999999999995,1,1,5,0.6666666666666666,0.8765822784810127,0.8012170385395537,0.5570936159290089,1.0,0.7716244725738397,0.7508867428646012,0.7644528668623124,0.7515923566878981,0.7065868263473054,0.5593834347597051
0.21999999999999995,1,2,5,0.6384180790960452,0.8734177215189873,0.7890466531440162,0.5275689223057644,1.0,0.7559179003075163,0.7225385986311285,0.7467299806627536,0.738562091503268,0.6848484848484848,0.5307324720984915
0.21999999999999995,1,3,5,0.6949152542372882,0.8253968253968254,0.7784552845528455,0.5196689595872743,1.0,0.7601560398170568,0.7149337990326564,0.7573512030539632,0.6910112359550562,0.6929577464788732,0.5196740054033525
0.21999999999999995,1,4,5,0.6440677966101694,0.8444444444444444,0.7723577235772358,0.4971253353775392,1.0,0.7442561205273069,0.7368331538749483,0.7374818456701371,0.6993865030674846,0.6705882352941176,0.4981104001660903
0.21999999999999995,1,5,5,0.632768361581921,0.8634920634920635,0.7804878048780488,0.5101498976713315,1.0,0.7481302125369922,0.6866837340681119,0.7391822902741009,0.7225806451612903,0.6746987951807228,0.512708778914609
0.22999999999999995,1,1,5,0.6666666666666666,0.8829113924050633,0.8052738336713996,0.56502398764774,1.0,0.774789029535865,0.7531200426174871,0.7672076608954768,0.7612903225806451,0.7108433734939759,0.5678522634671407
0.22999999999999995,1,2,5,0.6384180790960452,0.8765822784810127,0.7910750507099391,0.5315115002444897,1.0,0.7575001787885289,0.7265222834927804,0.7480815292449632,0.743421052631579,0.6869300911854104,0.5349814476491106
0.22999999999999995,1,3,5,0.6892655367231638,0.8317460317460318,0.7804878048780488,0.5223043314094612,1.0,0.7605057842345977,0.7161062478598095,0.7571617231403013,0.6971428571428572,0.6931818181818182,0.5223247692124916
0.22999999999999995,1,4,5,0.6384180790960452,0.8444444444444444,0.7703252032520326,0.49199561403508785,1.0,0.7414312617702448,0.7401535479656317,0.7342401515345979,0.6975308641975309,0.6666666666666666,0.4931180874418515
0.22999999999999995,1,5,5,0.6214689265536724,0.8666666666666667,0.7784552845528455,0.5037201554691838,1.0,0.7440677966101695,0.6983411948953602,0.733898087620606,0.7236842105263158,0.668693009118541,0.5070153801282801
0.23999999999999994,1,1,5,0.6610169491525424,0.879746835443038,0.8012170385395537,0.5559619873904013,1.0,0.7703818922977902,0.7550807698899339,0.762579549418394,0.7548387096774194,0.7048192771084337,0.5587449025936801
0.23999999999999994,1,2,5,0.6384180790960452,0.8829113924050633,0.795131845841785,0.5394270703258688,1.0,0.7606647357505543,0.7315338676631045,0.7507773272757078,0.7533333333333333,0.691131498470948,0.543562843478573
0.23999999999999994,1,3,5,0.6892655367231638,0.834920634920635,0.782520325203252,0.5261395549794771,1.0,0.7620930858218994,0.7155478658736999,0.7586053121022922,0.7011494252873564,0.6951566951566952,0.5261859962749652
0.23999999999999994,1,4,5,0.632768361581921,0.8571428571428571,0.7764227642276422,0.5023448275862068,1.0,0.744955609362389,0.7418588713121445,0.7364596943186587,0.7133757961783439,0.6706586826347305,0.5044139223558367
0.23999999999999994,1,5,5,0.6101694915254238,0.8666666666666667,0.774390243902439,0.49331997327989324,1.0,0.7384180790960453,0.704908582912024,0.7271956815892363,0.72,0.6605504587155964,0.49710989488883855
0.24999999999999992,1,1,5,0.655367231638418,0.8829113924050633,0.8012170385395537,0.5548245614035087,1.0,0.7691393120217407,0.7553293147389879,0.7606781152514691,0.7581699346405228,0.703030303030303,0.55815154874491
0.24999999999999992,1,2,5,0.6271186440677966,0.8860759493670886,0.7931034482758621,0.5330659089642878,1.0,0.7565972967174426,0.7331823845360268,0.7454359448726458,0.7551020408163265,0.6851851851851852,0.5381650996954358
0.24999999999999992,1,3,5,0.6892655367231638,0.8317460317460318,0.7804878048780488,0.5223043314094612,1.0,0.7605057842345977,0.716903874201611,0.7571617231403013,0.6971428571428572,0.6931818181818182,0.5223247692124916
0.24999999999999992,1,4,5,0.6271186440677966,0.8603174603174604,0.7764227642276422,0.5010785994800596,1.0,0.7437180521926285,0.7434624558318805,0.7345210134381018,0.7161290322580646,0.6686746987951807,0.5035919796365004
0.24999999999999992,1,5,5,0.6045197740112994,0.8666666666666667,0.7723577235772358,0.4880998829496683,1.0,0.735593220338983,0.7102948247682552,0.7238212054619977,0.7181208053691275,0.656441717791411,0.4921466124653603
0.2599999999999999,1,1,5,0.6610169491525424,0.8860759493670886,0.8052738336713996,0.5639097744360901,1.0,0.7735464492598155,0.7569807953113686,0.7653177253716756,0.7647058823529411,0.7090909090909091,0.5672912409603829
0.2599999999999999,1,2,5,0.6101694915254238,0.8892405063291139,0.7890466531440162,0.5214396385969498,1.0,0.7497049989272688,0.7381039938747489,0.7366053404575925,0.7552447552447552,0.675,0.5279409699328916
0.2599999999999999,1,3,5,0.6836158192090396,0.8380952380952381,0.782520325203252,0.5249593936112613,1.0,0.7608555286521388,0.7139840196058671,0.7569248065466418,0.7034883720930233,0.6934097421203438,0.5250887804720908
0.2599999999999999,1,4,5,0.6214689265536724,0.8634920634920635,0.7764227642276422,0.49980591138468355,1.0,0.742480495022868,0.7458927834995177,0.7325527187759446,0.7189542483660131,0.6666666666666666,0.5028091256033392
0.2599999999999999,1,5,5,0.6045197740112994,0.8698412698412699,0.774390243902439,0.4920191985712691,1.0,0.7371805219262846,0.7180752957336733,0.7251456735512846,0.722972972972973,0.6584615384615384,0.4964103721103622
0.2699999999999999,1,1,5,0.655367231638418,0.8892405063291139,0.8052738336713996,0.5627898383371824,1.0,0.772303868983766,0.7562395252514457,0.7633996914419447,0.7682119205298014,0.7073170731707317,0.5667773097484474
0.2699999999999999,1,2,5,0.5932203389830508,0.8924050632911392,0.7849898580121704,0.5096920680790377,1.0,0.7428127011370951,0.7451800456245159,0.727593866216422,0.7553956834532374,0.6645569620253164,0.5177528989720944
0.2699999999999999,1,3,5,0.6779661016949152,0.8412698412698413,0.782520325203252,0.523773339122883,1.0,0.7596179714823783,0.7120917736005333,0.7552168130803328,0.7058823529411765,0.69164265129683,0.524027720681764
0.2699999999999999,1,4,5,0.615819209039548,0.8666666666666667,0.7764227642276422,0.4985267137376994,1.0,0.7412429378531074,0.7467156812054936,0.7305545709716751,0.7218543046357616,0.6646341463414634,0.5020660455373834
0.2699999999999999,1,5,5,0.5875706214689266,0.8793650793650793,0.774390243902439,0.48807649043869517,1.0,0.7334678504170029,0.7264964855665228,0.7188108834600458,0.7323943661971831,0.6520376175548589,0.4945620592940885
0.2799999999999999,1,1,5,0.6497175141242938,0.8955696202531646,0.8073022312373225,0.5656709912549961,1.0,0.7726435671887292,0.755480345526732,0.7628022465856559,0.777027027027027,0.7076923076923077,0.5707093927344367
0.2799999999999999,1,2,5,0.559322033898305,0.8955696202531646,0.7748478701825557,0.4818339346078458,1.0,0.7274458270757348,0.7514381743998373,0.7077512426676005,0.75,0.6407766990291263,0.49283049947467095
0.2799999999999999,1,3,5,0.6666666666666666,0.8476190476190476,0.782520325203252,0.5213833733362425,1.0,0.7571428571428571,0.7097654905098353,0.7517176099303282,0.7108433734939759,0.6880466472303207,0.5220156541504731
0.2799999999999999,1,4,5,0.615819209039548,0.8666666666666667,0.7764227642276422,0.4985267137376994,1.0,0.7412429378531074,0.7497139425911002,0.7305545709716751,0.7218543046357616,0.6646341463414634,0.5020660455373834
0.2799999999999999,1,5,5,0.5875706214689266,0.8857142857142857,0.7784552845528455,0.495996391113116,1.0,0.7366424535916061,0.7371743420695753,0.7214012013443346,0.7428571428571429,0.6561514195583596,0.5034185515481415
0.2899999999999999,1,1,5,0.6271186440677966,0.8987341772151899,0.8012170385395537,0.5490488902163565,1.0,0.7629264106414932,0.7588678209001518,0.7507416057423331,0.7762237762237763,0.69375,0.5558944548622134
0.2899999999999999,1,2,5,0.536723163841808,0.8987341772151899,0.768762677484787,0.4643040966887164,1.0,0.7177286705284989,0.7558724943469031,0.6945296617479348,0.7480314960629921,0.625,0.47767596288615666
0.2899999999999999,1,3,5,0.655367231638418,0.8539682539682539,0.782520325203252,0.5189692982456139,1.0,0.7546677428033359,0.7034708976498232,0.7481061492263434,0.7160493827160493,0.6843657817109144,0.5201533113131899
0.2899999999999999,1,4,5,0.5932203389830508,0.8761904761904762,0.774390243902439,0.4893975092561427,1.0,0.7347054075867635,0.7507666523033996,0.7209535430937524,0.7291666666666666,0.6542056074766355,0.4951355777925316
0.2899999999999999,1,5,5,0.5875706214689266,0.8888888888888888,0.7804878048780488,0.49997176895714535,1.0,0.7382297551789077,0.7465823267641094,0.722692878656811,0.7482014388489209,0.6582278481012658,0.5078940877372327
0.29999999999999993,1,1,5,0.6045197740112994,0.9018987341772152,0.795131845841785,0.5322097272718732,1.0,0.7532092540942573,0.7579285385756775,0.7383871741612845,0.7753623188405797,0.6793650793650794,0.5411105785180258
0.29999999999999993,1,2,5,0.5254237288135594,0.9082278481012658,0.77079107505071,0.4654621518149282,1.0,0.7168257884574125,0.7650908268788217,0.6907998715704007,0.7622950819672131,0.6220735785953178,0.48206348303081575
0.29999999999999993,1,3,5,0.6497175141242938,0.8634920634920635,0.7865853658536586,0.5255675556535157,1.0,0.7566047888081786,0.6959805349226467,0.7490166332987008,0.7278481012658228,0.6865671641791045,0.5275150880116485
0.29999999999999993,1,4,5,0.5932203389830508,0.8857142857142857,0.7804878048780488,0.5012671059300557,1.0,0.7394673123486682,0.7511295699813367,0.7248611789946812,0.7446808510638298,0.660377358490566,0.5083408738097236
0.29999999999999993,1,5,5,0.576271186440678,0.8920634920634921,0.7784552845528455,0.49336809885500504,1.0,0.734167339252085,0.7559288587364228,0.7169870898083471,0.75,0.6517571884984026,0.5025783472736529
0.30999999999999994,1,1,5,0.5932203389830508,0.9113924050632911,0.7971602434077079,0.5337973295003214,1.0,0.752306372023171,0.7547895196719618,0.7352934866284506,0.7894736842105263,0.6774193548387096,0.5453952083879914
0.30999999999999994,1,2,5,0.5028248587570622,0.9113924050632911,0.7647058823529411,0.4475870329585409,1.0,0.7071086319101767,0.7711355571031903,0.6769569833809299,0.7606837606837606,0.6054421768707483,0.4670587543152313
0.30999999999999994,1,3,5,0.6384180790960452,0.8666666666666667,0.7845528455284553,0.5192211958626031,1.0,0.752542372881356,0.6952367620218094,0.743838469393662,0.7290322580645161,0.6807228915662651,0.5218255781927176
0.30999999999999994,1,4,5,0.5875706214689266,0.8920634920634921,0.782520325203252,0.5039574853007688,1.0,0.7398170567662092,0.7487550167158599,0.7239822514547487,0.7536231884057971,0.6603174603174603,0.5124019810902867
0.30999999999999994,1,5,5,0.5480225988700564,0.8952380952380953,0.7703252032520326,0.4706352833638027,1.0,0.7216303470540759,0.7615904381411306,0.7004360838505252,0.7461538461538462,0.6319218241042345,0.4824753955527996
0.3199999999999999,1,1,5,0.5480225988700564,0.9145569620253164,0.7829614604462475,0.49519124950955534,1.0,0.7312897804476864,0.7517038364368415,0.7079533057651595,0.782258064516129,0.6445182724252492,0.5114375233653682
0.3199999999999999,1,2,5,0.4915254237288136,0.9272151898734177,0.77079107505071,0.45676785209310505,1.0,0.7093703068011157,0.7706883672244723,0.6750924670667893,0.7909090909090909,0.6062717770034843,0.48248023837456416
0.3199999999999999,1,3,5,0.5988700564971752,0.8698412698412699,0.7723577235772358,0.48678401788208986,1.0,0.7343556631692225,0.6944156683787268,0.721749188024078,0.7210884353741497,0.654320987654321,0.4914497782832284
0.3199999999999999,1,4,5,0.5706214689265536,0.9079365079365079,0.7865853658536586,0.5081124314442415,1.0,0.7392789884315307,0.7475785983061218,0.7197833450773751,0.7769230769230769,0.6579804560260586,0.520895383351129
0.3199999999999999,1,5,5,0.5310734463276836,0.9015873015873016,0.7682926829268293,0.4624187704870896,1.0,0.7163303739574927,0.7634505418319935,0.6919603134712603,0.752,0.6225165562913907,0.47698131672041616
0.32999999999999985,1,1,5,0.5310734463276836,0.9272151898734177,0.7849898580121704,0.495208840462115,1.0,0.7291443181005507,0.7510278926278682,0.7017259909490694,0.8034188034188035,0.6394557823129252,0.5167522897687467
0.32999999999999985,1,2,5,0.4745762711864407,0.930379746835443,0.7667342799188641,0.444139418598951,1.0,0.7024780090109418,0.7690562755482668,0.6644818666002476,0.7924528301886793,0.5936395759717314,0.4728567758852582
0.32999999999999985,1,3,5,0.5536723163841808,0.8793650793650793,0.7621951219512195,0.4561841061104183,1.0,0.7165186978746301,0.69128575992644,0.697767941682206,0.7205882352941176,0.6261980830670927,0.4647001997769254
0.32999999999999985,1,4,5,0.536723163841808,0.9206349206349206,0.782520325203252,0.4920690054417041,1.0,0.7286790422383643,0.7426040496207,0.7029410269335731,0.7916666666666666,0.6397306397306397,0.511135655644614
0.32999999999999985,1,5,5,0.4915254237288136,0.9142857142857143,0.7621951219512195,0.44012605042016806,1.0,0.7029055690072639,0.76345412913737,0.6703690574030746,0.7631578947368421,0.5979381443298969,0.4616018568210711
0.33999999999999986,1,1,5,0.4689265536723164,0.930379746835443,0.7647058823529411,0.4385406848884698,1.0,0.6996531502538796,0.7481628517762012,0.6605147752246474,0.7904761904761904,0.5886524822695035,0.46787067441854224
0.33999999999999986,1,2,5,0.4406779661016949,0.939873417721519,0.7606490872210954,0.42255618200587636,1.0,0.690275691911607,0.7692565385603294,0.6435693483336257,0.8041237113402062,0.5693430656934306,0.45920860745392245
0.33999999999999986,1,3,5,0.5084745762711864,0.9015873015873016,0.7601626016260162,0.4405966352546683,1.0,0.705030938929244,0.6914952527329309,0.6770777068742446,0.743801652892562,0.6040268456375839,0.4569952292283975
0.33999999999999986,1,4,5,0.4745762711864407,0.9333333333333333,0.7682926829268293,0.4478114478114479,1.0,0.703954802259887,0.7377194561288436,0.6655357639581397,0.8,0.5957446808510638,0.4778105219988073
0.33999999999999986,1,5,5,0.4293785310734463,0.946031746031746,0.7601626016260162,0.41896355011109093,1.0,0.6877051385525962,0.7625447475254615,0.6373427033080074,0.8172043010752689,0.562962962962963,0.46017195316812987
0.34999999999999987,1,1,5,0.3728813559322034,0.9367088607594937,0.7342799188640974,0.3490601219573654,1.0,0.6547951083458485,0.7450158662813705,0.5910002285225527,0.7674418604651163,0.5019011406844106,0.3913550771592245
0.34999999999999987,1,2,5,0.3954802259887006,0.9620253164556962,0.7586206896551724,0.40535582156721633,1.0,0.6787527712221983,0.7689551605053907,0.6168160094864188,0.8536585365853658,0.5405405405405406,0.46055883348931975
0.34999999999999987,1,3,5,0.4576271186440678,0.9142857142857143,0.75,0.4066360748323332,1.0,0.685956416464891,0.6883641072131779,0.6468399624683101,0.75,0.5684210526315789,0.4312266416455401
0.34999999999999987,1,4,5,0.4011299435028249,0.9523809523809523,0.7540650406504065,0.3983749696822701,1.0,0.6767554479418886,0.7357854114389154,0.6180845553981574,0.8255813953488372,0.5399239543726235,0.4467169915151442
0.34999999999999987,1,5,5,0.3954802259887006,0.9682539682539683,0.7621951219512195,0.41335453100158986,1.0,0.6818670971213344,0.7598997758592546,0.618809581518851,0.875,0.5447470817120622,0.47307765901336374
0.3599999999999999,1,1,5,0.3389830508474576,0.9430379746835443,0.7261663286004056,0.3215803798048988,1.0,0.641010512765501,0.7455493529796711,0.5653971079898051,0.7692307692307693,0.47058823529411764,0.3707151308900232
0.3599999999999999,1,2,5,0.3502824858757062,0.9746835443037974,0.7505070993914807,0.37479766163870876,1.0,0.6624830150897518,0.768743964595874,0.5843069183578765,0.8857142857142857,0.5020242914979757,0.4466310743785777
0.3599999999999999,1,3,5,0.3898305084745763,0.9301587301587302,0.7357723577235772,0.35810200517853896,1.0,0.6599946193166533,0.6861802679864085,0.6021662982431382,0.7582417582417582,0.5149253731343284,0.3955345276832258
0.3599999999999999,1,4,5,0.3559322033898305,0.9555555555555556,0.7398373983739838,0.3554805035308567,1.0,0.6557438794726931,0.7321361127376889,0.5831920732917093,0.8181818181818182,0.49606299212598426,0.41144660511356135
0.3599999999999999,1,5,5,0.3615819209039548,0.9682539682539683,0.75,0.3780217069560928,1.0,0.6649179445789615,0.7573111598550608,0.5916951324492594,0.8648648648648649,0.5099601593625498,0.44282875954602896
0.3699999999999999,1,1,5,0.2994350282485876,0.9525316455696202,0.718052738336714,0.2914396203199156,1.0,0.6259833369091039,0.7399934069021439,0.5340611764571666,0.7794117647058824,0.4326530612244898,0.3505293246063682
0.3699999999999999,1,2,5,0.2937853107344633,0.9810126582278481,0.7342799188640974,0.3224825068451475,1.0,0.6373989844811557,0.769725908617625,0.5368492419962146,0.896551724137931,0.4425531914893617,0.4091523667937194
0.3699999999999999,1,3,5,0.3333333333333333,0.9365079365079365,0.7195121951219512,0.3070846855673259,1.0,0.6349206349206349,0.6832054141490327,0.5587211398983505,0.7468354430379747,0.4609375,0.35274568550571983
0.3699999999999999,1,4,5,0.3163841807909605,0.9682539682539683,0.733739837398374,0.32996506986027957,1.0,0.6423190745224644,0.7281834515145266,0.5534801157617394,0.8484848484848485,0.4609053497942387,0.40082818239481166
0.3699999999999999,1,5,5,0.3220338983050847,0.9777777777777777,0.741869918699187,0.34855498561241066,1.0,0.6499058380414312,0.7550554344494973,0.5611395454375503,0.890625,0.4730290456431535,0.42773873518405137
0.3799999999999999,1,1,5,0.2655367231638418,0.9525316455696202,0.7058823529411765,0.2544248479854819,1.0,0.6090341843667311,0.7358566797031383,0.502923584527927,0.7580645161290323,0.39330543933054396,0.31549201327832116
0.3799999999999999,1,2,5,0.22033898305084745,0.9841772151898734,0.7099391480730223,0.24500680038981745,1.0,0.6022580991203604,0.7691230265551697,0.4656743569671319,0.8863636363636364,0.35294117647058826,0.3441187817636856
0.3799999999999999,1,3,5,0.2655367231638418,0.946031746031746,0.7012195121951219,0.24596521956712103,1.0,0.605784234597794,0.6822768913963977,0.5012047185035648,0.734375,0.3900414937759336,0.30184291219377063
0.3799999999999999,1,4,5,0.288135593220339,0.9746031746031746,0.7276422764227642,0.30766807384537836,1.0,0.6313693839117568,0.7262292953569669,0.5299225074185011,0.864406779661017,0.4322033898305085,0.38814689372808664
0.3799999999999999,1,5,5,0.2598870056497175,0.9809523809523809,0.7215447154471545,0.2849140674729472,1.0,0.6204196933010492,0.7518710296339721,0.504912642910311,0.8846153846153846,0.4017467248908297,0.3759598022012415
0.3899999999999999,1,1,5,0.22598870056497175,0.9556962025316456,0.6937119675456389,0.21446284044023747,1.0,0.5908424515483086,0.732938303624491,0.46473276508656525,0.7407407407407407,0.3463203463203463,0.27907432054667125
0.3899999999999999,1,2,5,0.192090395480226,0.9968354430379747,0.7079107505070994,0.22940320864902425,1.0,0.5944629192591003,0.7694761424060121,0.43758715072756743,0.9714285714285714,0.32075471698113206,0.35290252989968235
0.3899999999999999,1,3,5,0.23163841807909605,0.9523809523809523,0.693089430894309,0.21642830021516266,1.0,0.5920096852300242,0.6770503625265714,0.46968927730808024,0.7321428571428571,0.351931330472103,0.2780789997169073
0.3899999999999999,1,4,5,0.22598870056497175,0.9746031746031746,0.7052845528455285,0.23869893712383158,1.0,0.6002959375840732,0.723174211126939,0.46930726075255613,0.8333333333333334,0.35555555555555557,0.32444653814305635
0.3899999999999999,1,5,5,0.1807909604519774,0.9904761904761905,0.6991869918699187,0.20778118676153795,1.0,0.585633575464084,0.7487764770366531,0.42316561980034034,0.9142857142857143,0.3018867924528302,0.3197597981156647
0.3999999999999998,1,1,5,0.2033898305084746,0.9620253164556962,0.6896551724137931,0.1969914726453964,1.0,0.5827075734820855,0.7303859987925992,0.44234168474018554,0.75,0.32,0.26767315965282296
0.3999999999999998,1,2,5,0.14689265536723164,0.9968354430379747,0.691683569979716,0.1766541411211461,1.0,0.5718640492026031,0.7688267304083952,0.3826588626858378,0.9629629629629629,0.2549019607843137,0.3030379460524563
0.3999999999999998,1,3,5,0.192090395480226,0.9650793650793651,0.6869918699186992,0.1878577400475916,1.0,0.5785848802797955,0.6714407007797987,0.4305606541567641,0.7555555555555555,0.3063063063063063,0.26166816158098044
0.3999999999999998,1,4,5,0.15819209039548024,0.9873015873015873,0.6890243902439024,0.17731147540983586,1.0,0.5727468388485338,0.7181837720334817,0.3952003314092915,0.875,0.2679425837320574,0.2831601455629513
0.3999999999999998,1,5,5,0.12429378531073447,0.9936507936507937,0.6808943089430894,0.1454931634143104,1.0,0.558972289480764,0.7462004254200574,0.351432238731555,0.9166666666666666,0.21890547263681592,0.26277941838229857
0.4099999999999998,1,1,5,0.1864406779661017,0.9683544303797469,0.6876267748478702,0.1857182693751474,1.0,0.5773975541729243,0.7268781139732747,0.4249007607800653,0.7674418604651163,0.3,0.2631763881300253
0.4099999999999998,1,2,5,0.13559322033898305,0.9968354430379747,0.6876267748478702,0.16326485628636925,1.0,0.5662143316884789,0.7684696354154925,0.36764674331422537,0.96,0.2376237623762376,0.2895471131575551
0.4099999999999998,1,3,5,0.14689265536723164,0.9714285714285714,0.6747967479674797,0.14354722893139232,1.0,0.5591606133979016,0.6699567200855769,0.3777508734030132,0.7428571428571429,0.24528301886792453,0.2209085127415478
0.4099999999999998,1,4,5,0.15819209039548024,0.9873015873015873,0.6890243902439024,0.17731147540983586,1.0,0.5727468388485338,0.7137402460498292,0.3952003314092915,0.875,0.2679425837320574,0.2831601455629513
0.4099999999999998,1,5,5,0.10734463276836158,0.9968253968253968,0.676829268292683,0.12929077066916003,1.0,0.5520850147968792,0.744772859748759,0.3271144389298622,0.95,0.19289340101522842,0.25316210637848297
0.4199999999999998,1,1,5,0.15254237288135594,0.9841772151898734,0.6855983772819473,0.16676662050616634,1.0,0.5683597940356147,0.7244136646813966,0.3874644857800882,0.84375,0.2583732057416268,0.26621680309740514
0.4199999999999998,1,2,5,0.096045197740113,0.9968354430379747,0.6734279918864098,0.11574925080489754,1.0,0.5464403203890438,0.7686905948256559,0.30942084163956285,0.9444444444444444,0.17435897435897435,0.2375594548769273
0.4199999999999998,1,3,5,0.062146892655367235,0.9841269841269841,0.6524390243902439,0.05778793172960639,1.0,0.5231369383911757,0.6680781207272131,0.2473063566546359,0.6875,0.11398963730569948,0.12520288267510374
0.4199999999999998,1,4,5,0.11864406779661017,0.9904761904761905,0.676829268292683,0.1346077260055756,1.0,0.5545601291364003,0.7106614201872649,0.34280333180088157,0.875,0.208955223880597,0.2431189144522361
0.4199999999999998,1,5,5,0.0847457627118644,0.9968253968253968,0.6686991869918699,0.10186802849079434,1.0,0.5407855797686306,0.7421029519079689,0.2906488061983485,0.9375,0.15544041450777202,0.22070647690169448
0.4299999999999998,1,1,5,0.11299435028248588,0.990506329113924,0.6754563894523327,0.1279931017709876,1.0,0.551750339698205,0.7207941955975159,0.33454688626397044,0.8695652173913043,0.2,0.235429309086308
0.4299999999999998,1,2,5,0.05649717514124294,1.0,0.6612576064908722,0.07129079198204173,1.0,0.5282485875706214,0.7687221165400213,0.2376913442707642,1.0,0.10695187165775401,0.19225752303842666
0.4299999999999998,1,3,5,0.05084745762711865,0.9841269841269841,0.6483739837398373,0.04381234834187109,1.0,0.5174872208770515,0.666476289148898,0.2236970163527017,0.6428571428571429,0.09424083769633508,0.10095195532231235
0.4299999999999998,1,4,5,0.0903954802259887,0.9904761904761905,0.6666666666666666,0.10052839274964881,1.0,0.5404358353510896,0.7076446379540606,0.29922327932582904,0.8421052631578947,0.16326530612244897,0.20143315469727663
0.4299999999999998,1,5,5,0.06779661016949153,0.9968253968253968,0.6626016260162602,0.08107743198541832,1.0,0.5323110034974442,0.7401459860141314,0.2599641952954678,0.9230769230769231,0.12631578947368421,0.19336724924077434
0.43999999999999984,1,1,5,0.05084745762711865,0.9936708860759493,0.6551724137931034,0.05608739722941776,1.0,0.522259171851534,0.7195331495780722,0.22477908771735922,0.8181818181818182,0.09574468085106383,0.1445936799918819
0.43999999999999984,1,2,5,0.01694915254237288,1.0,0.6470588235294118,0.021624580852665436,1.0,0.5084745762711864,0.7692377001353013,0.13018891098082386,1.0,0.03333333333333333,0.104548906663193
0.43999999999999984,1,3,5,0.05084745762711865,0.9904761904761905,0.6524390243902439,0.05192697768762697,1.0,0.5206618240516546,0.6645711388128336,0.22441745949437178,0.75,0.09523809523809523,0.12856694459044926
0.43999999999999984,1,4,5,0.04519774011299435,0.9968253968253968,0.6544715447154471,0.053053461042048514,1.0,0.5210115684691956,0.7052950596276301,0.2122598766223771,0.8888888888888888,0.08602150537634409,0.15049967373243836
0.43999999999999984,1,5,5,0.03954802259887006,1.0,0.6544715447154471,0.050085178875638604,1.0,0.519774011299435,0.7366875652288892,0.19886684640449764,1.0,0.07608695652173914,0.1602679915348237
0.44999999999999984,1,1,5,0.022598870056497175,0.9968354430379747,0.6470588235294118,0.024716903906498826,1.0,0.5097171565472359,0.7163704929172942,0.15009115445263915,0.8,0.04395604395604396,0.09304744588616551
0.44999999999999984,1,2,5,0.005649717514124294,1.0,0.6430020283975659,0.007231121281464632,1.0,0.5028248587570622,0.7695783636021598,0.07516460280028288,1.0,0.011235955056179775,0.060238528821678204
0.44999999999999984,1,3,5,0.03389830508474576,0.9968253968253968,0.6504065040650406,0.03890971039182268,1.0,0.5153618509550713,0.6634690193422261,0.18382244535912926,0.8571428571428571,0.06521739130434782,0.12450751451208752
0.44999999999999984,1,4,5,0.0,1.0,0.6402439024390244,0.0,1.0,0.5,0.7023352690095132,0.0,,0.0,0.0
0.44999999999999984,1,5,5,0.01694915254237288,1.0,0.6463414634146342,0.021600493725570852,1.0,0.5084745762711864,0.7342228457547123,0.13018891098082386,1.0,0.03333333333333333,0.10449002702724461
0.45999999999999985,1,1,5,0.0,1.0,0.640973630831643,0.0,1.0,0.5,0.712814809156152,0.0,,0.0,0.0
0.45999999999999985,1,2,5,0.005649717514124294,1.0,0.6430020283975659,0.007231121281464632,1.0,0.5028248587570622,0.7698820900240174,0.07516460280028288,1.0,0.011235955056179775,0.060238528821678204
0.45999999999999985,1,3,5,0.005649717514124294,1.0,0.6422764227642277,0.007222948338721979,1.0,0.5028248587570622,0.6629202499947665,0.07516460280028288,1.0,0.011235955056179775,0.06020435357435382
0.45999999999999985,1,4,5,0.0,1.0,0.6402439024390244,0.0,1.0,0.5,0.7005000893323001,0.0,,0.0,0.0
0.45999999999999985,1,5,5,0.005649717514124294,1.0,0.6422764227642277,0.007222948338721979,1.0,0.5028248587570622,0.7326491361206886,0.07516460280028288,1.0,0.011235955056179775,0.06020435357435382
0.46999999999999986,1,1,5,0.0,1.0,0.640973630831643,0.0,1.0,0.5,0.708854435790207,0.0,,0.0,0.0
0.46999999999999986,1,2,5,0.0,1.0,0.640973630831643,0.0,1.0,0.5,0.7689041884622452,0.0,,0.0,0.0
0.46999999999999986,1,3,5,0.0,1.0,0.6402439024390244,0.0,1.0,0.5,0.6611871435562638,0.0,,0.0,0.0
0.46999999999999986,1,4,5,0.0,1.0,0.6402439024390244,0.0,1.0,0.5,0.6977583816405069,0.0,,0.0,0.0
0.46999999999999986,1,5,5,0.0,1.0,0.6402439024390244,0.0,1.0,0.5,0.7298781319157973,0.0,,0.0,0.0
0.47999999999999976,1,1,5,0.0,1.0,0.640973630831643,0.0,1.0,0.5,0.706561682096115,0.0,,0.0,0.0
0.47999999999999976,1,2,5,0.0,1.0,0.640973630831643,0.0,1.0,0.5,0.7690374408602016,0.0,,0.0,0.0
0.47999999999999976,1,3,5,0.0,1.0,0.6402439024390244,0.0,1.0,0.5,0.6583821387296794,0.0,,0.0,0.0
0.47999999999999976,1,4,5,0.0,1.0,0.6402439024390244,0.0,1.0,0.5,0.6963332455171068,0.0,,0.0,0.0
0.47999999999999976,1,5,5,0.0,1.0,0.6402439024390244,0.0,1.0,0.5,0.7264635176436045,0.0,,0.0,0.0
0.48999999999999977,1,1,5,0.0,1.0,0.640973630831643,0.0,1.0,0.5,0.7042844521854257,0.0,,0.0,0.0
0.48999999999999977,1,2,5,0.0,1.0,0.640973630831643,0.0,1.0,0.5,0.768772132755865,0.0,,0.0,0.0
0.48999999999999977,1,3,5,0.0,1.0,0.6402439024390244,0.0,1.0,0.5,0.6562479525267461,0.0,,0.0,0.0
0.48999999999999977,1,4,5,0.0,1.0,0.6402439024390244,0.0,1.0,0.5,0.6935115022618327,0.0,,0.0,0.0
0.48999999999999977,1,5,5,0.0,1.0,0.6402439024390244,0.0,1.0,0.5,0.724323051510237,0.0,,0.0,0.0
0.4999999999999998,1,1,5,0.0,1.0,0.640973630831643,0.0,1.0,0.5,0.7021360840339584,0.0,,0.0,0.0
0.4999999999999998,1,2,5,0.0,1.0,0.640973630831643,0.0,1.0,0.5,0.7684939278242982,0.0,,0.0,0.0
0.4999999999999998,1,3,5,0.0,1.0,0.6402439024390244,0.0,1.0,0.5,0.6547144823816513,0.0,,0.0,0.0
0.4999999999999998,1,4,5,0.0,1.0,0.6402439024390244,0.0,1.0,0.5,0.6919020659133742,0.0,,0.0,0.0
0.4999999999999998,1,5,5,0.0,1.0,0.6402439024390244,0.0,1.0,0.5,0.7209510343331953,0.0,,0.0,0.0
0.5099999999999998,1,1,5,0.0,1.0,0.640973630831643,0.0,1.0,0.5,0.6980946774517232,0.0,,0.0,0.0
0.5099999999999998,1,2,5,0.0,1.0,0.640973630831643,0.0,1.0,0.5,0.7679310137510875,0.0,,0.0,0.0
0.5099999999999998,1,3,5,0.0,1.0,0.6402439024390244,0.0,1.0,0.5,0.6525584187015329,0.0,,0.0,0.0
0.5099999999999998,1,4,5,0.0,1.0,0.6402439024390244,0.0,1.0,0.5,0.6895912886248241,0.0,,0.0,0.0
0.5099999999999998,1,5,5,0.0,1.0,0.6402439024390244,0.0,1.0,0.5,0.7182375432760726,0.0,,0.0,0.0
0.5199999999999998,1,1,5,0.0,1.0,0.640973630831643,0.0,1.0,0.5,0.6953712350355281,0.0,,0.0,0.0
0.5199999999999998,1,2,5,0.0,1.0,0.640973630831643,0.0,1.0,0.5,0.7676720772763768,0.0,,0.0,0.0
0.5199999999999998,1,3,5,0.0,1.0,0.6402439024390244,0.0,1.0,0.5,0.6500914194477991,0.0,,0.0,0.0
0.5199999999999998,1,4,5,0.0,1.0,0.6402439024390244,0.0,1.0,0.5,0.6877261970840641,0.0,,0.0,0.0
0.5199999999999998,1,5,5,0.0,1.0,0.6402439024390244,0.0,1.0,0.5,0.7153700422065195,0.0,,0.0,0.0
0.5299999999999998,1,1,5,0.0,1.0,0.640973630831643,0.0,1.0,0.5,0.6936203792710092,0.0,,0.0,0.0
0.5299999999999998,1,2,5,0.0,1.0,0.640973630831643,0.0,1.0,0.5,0.7656679771110991,0.0,,0.0,0.0
0.5299999999999998,1,3,5,0.0,1.0,0.6402439024390244,0.0,1.0,0.5,0.6485500919499748,0.0,,0.0,0.0
0.5299999999999998,1,4,5,0.0,1.0,0.6402439024390244,0.0,1.0,0.5,0.6865144831059456,0.0,,0.0,0.0
0.5299999999999998,1,5,5,0.0,1.0,0.6402439024390244,0.0,1.0,0.5,0.7125015797818435,0.0,,0.0,0.0
0.5399999999999998,1,1,5,0.0,1.0,0.640973630831643,0.0,1.0,0.5,0.6896466717004539,0.0,,0.0,0.0
0.5399999999999998,1,2,5,0.0,1.0,0.640973630831643,0.0,1.0,0.5,0.7639783655179929,0.0,,0.0,0.0
0.5399999999999998,1,3,5,0.0,1.0,0.6402439024390244,0.0,1.0,0.5,0.647339762830244,0.0,,0.0,0.0
0.5399999999999998,1,4,5,0.0,1.0,0.6402439024390244,0.0,1.0,0.5,0.6844279832738375,0.0,,0.0,0.0
0.5399999999999998,1,5,5,0.0,1.0,0.6402439024390244,0.0,1.0,0.5,0.7093766275688924,0.0,,0.0,0.0
0.5499999999999998,1,1,5,0.0,1.0,0.640973630831643,0.0,1.0,0.5,0.6862502434235013,0.0,,0.0,0.0
0.5499999999999998,1,2,5,0.0,1.0,0.640973630831643,0.0,1.0,0.5,0.7615424828072204,0.0,,0.0,0.0
0.5499999999999998,1,3,5,0.0,1.0,0.6402439024390244,0.0,1.0,0.5,0.6457345871851696,0.0,,0.0,0.0
0.5499999999999998,1,4,5,0.0,1.0,0.6402439024390244,0.0,1.0,0.5,0.6830094373690345,0.0,,0.0,0.0
0.5499999999999998,1,5,5,0.0,1.0,0.6402439024390244,0.0,1.0,0.5,0.7054751368455311,0.0,,0.0,0.0
0.5599999999999997,1,1,5,0.0,1.0,0.640973630831643,0.0,1.0,0.5,0.6846412965023096,0.0,,0.0,0.0
0.5599999999999997,1,2,5,0.0,1.0,0.640973630831643,0.0,1.0,0.5,0.7599829174042517,0.0,,0.0,0.0
0.5599999999999997,1,3,5,0.0,1.0,0.6402439024390244,0.0,1.0,0.5,0.644093626272254,0.0,,0.0,0.0
0.5599999999999997,1,4,5,0.0,1.0,0.6402439024390244,0.0,1.0,0.5,0.6813740326053432,0.0,,0.0,0.0
0.5599999999999997,1,5,5,0.0,1.0,0.6402439024390244,0.0,1.0,0.5,0.7020536117853017,0.0,,0.0,0.0
0.5699999999999997,1,1,5,0.0,1.0,0.640973630831643,0.0,1.0,0.5,0.6815485760645908,0.0,,0.0,0.0
0.5699999999999997,1,2,5,0.0,1.0,0.640973630831643,0.0,1.0,0.5,0.7582782042546055,0.0,,0.0,0.0
0.5699999999999997,1,3,5,0.0,1.0,0.6402439024390244,0.0,1.0,0.5,0.642113439496861,0.0,,0.0,0.0
0.5699999999999997,1,4,5,0.0,1.0,0.6402439024390244,0.0,1.0,0.5,0.6805109404526429,0.0,,0.0,0.0
0.5699999999999997,1,5,5,0.0,1.0,0.6402439024390244,0.0,1.0,0.5,0.6992570863089972,0.0,,0.0,0.0
0.5799999999999997,1,1,5,0.0,1.0,0.640973630831643,0.0,1.0,0.5,0.6792682615393192,0.0,,0.0,0.0
0.5799999999999997,1,2,5,0.0,1.0,0.640973630831643,0.0,1.0,0.5,0.7564086602720218,0.0,,0.0,0.0
0.5799999999999997,1,3,5,0.0,1.0,0.6402439024390244,0.0,1.0,0.5,0.6400409104730687,0.0,,0.0,0.0
0.5799999999999997,1,4,5,0.0,1.0,0.6402439024390244,0.0,1.0,0.5,0.6785307676995751,0.0,,0.0,0.0
0.5799999999999997,1,5,5,0.0,1.0,0.6402439024390244,0.0,1.0,0.5,0.6961187312078899,0.0,,0.0,0.0
0.5899999999999997,1,1,5,0.0,1.0,0.640973630831643,0.0,1.0,0.5,0.6766765660094873,0.0,,0.0,0.0
0.5899999999999997,1,2,5,0.0,1.0,0.640973630831643,0.0,1.0,0.5,0.7537556665271181,0.0,,0.0,0.0
0.5899999999999997,1,3,5,0.0,1.0,0.6402439024390244,0.0,1.0,0.5,0.641035284786187,0.0,,0.0,0.0
0.5899999999999997,1,4,5,0.0,1.0,0.6402439024390244,0.0,1.0,0.5,0.6767039854362931,0.0,,0.0,0.0
0.5899999999999997,1,5,5,0.0,1.0,0.6402439024390244,0.0,1.0,0.5,0.6932807625623117,0.0,,0.0,0.0
0.5999999999999998,1,1,5,0.0,1.0,0.640973630831643,0.0,1.0,0.5,0.6745071518242102,0.0,,0.0,0.0
0.5999999999999998,1,2,5,0.0,1.0,0.640973630831643,0.0,1.0,0.5,0.7526504468842603,0.0,,0.0,0.0
0.5999999999999998,1,3,5,0.0,1.0,0.6402439024390244,0.0,1.0,0.5,0.638738432639142,0.0,,0.0,0.0
0.5999999999999998,1,4,5,0.0,1.0,0.6402439024390244,0.0,1.0,0.5,0.6753145030109889,0.0,,0.0,0.0
0.5999999999999998,1,5,5,0.0,1.0,0.6402439024390244,0.0,1.0,0.5,0.6900421265371915,0.0,,0.0,0.0
0.6099999999999998,1,1,5,0.0,1.0,0.640973630831643,0.0,1.0,0.5,0.673141817498271,0.0,,0.0,0.0
0.6099999999999998,1,2,5,0.0,1.0,0.640973630831643,0.0,1.0,0.5,0.7504596557674227,0.0,,0.0,0.0
0.6099999999999998,1,3,5,0.0,1.0,0.6402439024390244,0.0,1.0,0.5,0.6375850093676785,0.0,,0.0,0.0
0.6099999999999998,1,4,5,0.0,1.0,0.6402439024390244,0.0,1.0,0.5,0.6738939217296988,0.0,,0.0,0.0
0.6099999999999998,1,5,5,0.0,1.0,0.6402439024390244,0.0,1.0,0.5,0.6878080132822861,0.0,,0.0,0.0
0.6199999999999998,1,1,5,0.0,1.0,0.640973630831643,0.0,1.0,0.5,0.6709450272293958,0.0,,0.0,0.0
0.6199999999999998,1,2,5,0.0,1.0,0.640973630831643,0.0,1.0,0.5,0.7480218940523802,0.0,,0.0,0.0
0.6199999999999998,1,3,5,0.0,1.0,0.6402439024390244,0.0,1.0,0.5,0.6363277747433036,0.0,,0.0,0.0
0.6199999999999998,1,4,5,0.0,1.0,0.6402439024390244,0.0,1.0,0.5,0.6735304489992362,0.0,,0.0,0.0
0.6199999999999998,1,5,5,0.0,1.0,0.6402439024390244,0.0,1.0,0.5,0.6847463792965014,0.0,,0.0,0.0
0.6299999999999997,1,1,5,0.0,1.0,0.640973630831643,0.0,1.0,0.5,0.6688768774525133,0.0,,0.0,0.0
0.6299999999999997,1,2,5,0.0,1.0,0.640973630831643,0.0,1.0,0.5,0.745985739737258,0.0,,0.0,0.0
0.6299999999999997,1,3,5,0.0,1.0,0.6402439024390244,0.0,1.0,0.5,0.6347929456322405,0.0,,0.0,0.0
0.6299999999999997,1,4,5,0.0,1.0,0.6402439024390244,0.0,1.0,0.5,0.6732310082033841,0.0,,0.0,0.0
0.6299999999999997,1,5,5,0.0,1.0,0.6402439024390244,0.0,1.0,0.5,0.6823456227779521,0.0,,0.0,0.0
0.6399999999999997,1,1,5,0.0,1.0,0.640973630831643,0.0,1.0,0.5,0.667643757587882,0.0,,0.0,0.0
0.6399999999999997,1,2,5,0.0,1.0,0.640973630831643,0.0,1.0,0.5,0.7434651256124462,0.0,,0.0,0.0
0.6399999999999997,1,3,5,0.0,1.0,0.6402439024390244,0.0,1.0,0.5,0.6335438511930955,0.0,,0.0,0.0
0.6399999999999997,1,4,5,0.0,1.0,0.6402439024390244,0.0,1.0,0.5,0.6722233674647756,0.0,,0.0,0.0
0.6399999999999997,1,5,5,0.0,1.0,0.6402439024390244,0.0,1.0,0.5,0.6796659106982882,0.0,,0.0,0.0
0.6499999999999997,1,1,5,0.0,1.0,0.640973630831643,0.0,1.0,0.5,0.6658178964619696,0.0,,0.0,0.0
0.6499999999999997,1,2,5,0.0,1.0,0.640973630831643,0.0,1.0,0.5,0.74134787753942,0.0,,0.0,0.0
0.6499999999999997,1,3,5,0.0,1.0,0.6402439024390244,0.0,1.0,0.5,0.6317866165618229,0.0,,0.0,0.0
0.6499999999999997,1,4,5,0.0,1.0,0.6402439024390244,0.0,1.0,0.5,0.6719192305104686,0.0,,0.0,0.0
0.6499999999999997,1,5,5,0.0,1.0,0.6402439024390244,0.0,1.0,0.5,0.6769516494311391,0.0,,0.0,0.0
0.6599999999999997,1,1,5,0.0,1.0,0.640973630831643,0.0,1.0,0.5,0.6638170759992393,0.0,,0.0,0.0
0.6599999999999997,1,2,5,0.0,1.0,0.640973630831643,0.0,1.0,0.5,0.7393905863190223,0.0,,0.0,0.0
0.6599999999999997,1,3,5,0.0,1.0,0.6402439024390244,0.0,1.0,0.5,0.6306694839166312,0.0,,0.0,0.0
0.6599999999999997,1,4,5,0.0,1.0,0.6402439024390244,0.0,1.0,0.5,0.6715448295530976,0.0,,0.0,0.0
0.6599999999999997,1,5,5,0.0,1.0,0.6402439024390244,0.0,1.0,0.5,0.6747487982406886,0.0,,0.0,0.0
0.6699999999999997,1,1,5,0.0,1.0,0.640973630831643,0.0,1.0,0.5,0.6616049203746035,0.0,,0.0,0.0
0.6699999999999997,1,2,5,0.0,1.0,0.640973630831643,0.0,1.0,0.5,0.7367472670216194,0.0,,0.0,0.0
0.6699999999999997,1,3,5,0.0,1.0,0.6402439024390244,0.0,1.0,0.5,0.6300089423426276,0.0,,0.0,0.0
0.6699999999999997,1,4,5,0.0,1.0,0.6402439024390244,0.0,1.0,0.5,0.6701707933867639,0.0,,0.0,0.0
0.6699999999999997,1,5,5,0.0,1.0,0.6402439024390244,0.0,1.0,0.5,0.6726750286574824,0.0,,0.0,0.0
0.6799999999999997,1,1,5,0.0,1.0,0.640973630831643,0.0,1.0,0.5,0.6595913412364922,0.0,,0.0,0.0
0.6799999999999997,1,2,5,0.0,1.0,0.640973630831643,0.0,1.0,0.5,0.7346956716905451,0.0,,0.0,0.0
0.6799999999999997,1,3,5,0.0,1.0,0.6402439024390244,0.0,1.0,0.5,0.6292029445479175,0.0,,0.0,0.0
0.6799999999999997,1,4,5,0.0,1.0,0.6402439024390244,0.0,1.0,0.5,0.6688525189942635,0.0,,0.0,0.0
0.6799999999999997,1,5,5,0.0,1.0,0.6402439024390244,0.0,1.0,0.5,0.6712333078796591,0.0,,0.0,0.0
0.6899999999999997,1,1,5,0.0,1.0,0.640973630831643,0.0,1.0,0.5,0.6574762717804815,0.0,,0.0,0.0
0.6899999999999997,1,2,5,0.0,1.0,0.640973630831643,0.0,1.0,0.5,0.732467474346151,0.0,,0.0,0.0
0.6899999999999997,1,3,5,0.0,1.0,0.6402439024390244,0.0,1.0,0.5,0.6284559388434156,0.0,,0.0,0.0
0.6899999999999997,1,4,5,0.0,1.0,0.6402439024390244,0.0,1.0,0.5,0.6681702077337279,0.0,,0.0,0.0
0.6899999999999997,1,5,5,0.0,1.0,0.6402439024390244,0.0,1.0,0.5,0.6696606854739413,0.0,,0.0,0.0
0.6999999999999996,1,1,5,0.0,1.0,0.640973630831643,0.0,1.0,0.5,0.6558975226003205,0.0,,0.0,0.0
0.6999999999999996,1,2,5,0.0,1.0,0.640973630831643,0.0,1.0,0.5,0.7306845596811695,0.0,,0.0,0.0
0.6999999999999996,1,3,5,0.0,1.0,0.6402439024390244,0.0,1.0,0.5,0.6271278282103965,0.0,,0.0,0.0
0.6999999999999996,1,4,5,0.0,1.0,0.6402439024390244,0.0,1.0,0.5,0.6676961590598511,0.0,,0.0,0.0
0.6999999999999996,1,5,5,0.0,1.0,0.6402439024390244,0.0,1.0,0.5,0.6676352260852687,0.0,,0.0,0.0
0.7099999999999996,1,1,5,0.0,1.0,0.640973630831643,0.0,1.0,0.5,0.6544527053451343,0.0,,0.0,0.0
0.7099999999999996,1,2,5,0.0,1.0,0.640973630831643,0.0,1.0,0.5,0.7285994119563529,0.0,,0.0,0.0
0.7099999999999996,1,3,5,0.0,1.0,0.6402439024390244,0.0,1.0,0.5,0.6252891247965802,0.0,,0.0,0.0
0.7099999999999996,1,4,5,0.0,1.0,0.6402439024390244,0.0,1.0,0.5,0.667188551530781,0.0,,0.0,0.0
0.7099999999999996,1,5,5,0.0,1.0,0.6402439024390244,0.0,1.0,0.5,0.6656372495446949,0.0,,0.0,0.0
0.7199999999999996,1,1,5,0.0,1.0,0.640973630831643,0.0,1.0,0.5,0.6526784057158331,0.0,,0.0,0.0
0.7199999999999996,1,2,5,0.0,1.0,0.640973630831643,0.0,1.0,0.5,0.7271378364049812,0.0,,0.0,0.0
0.7199999999999996,1,3,5,0.0,1.0,0.6402439024390244,0.0,1.0,0.5,0.6241678236612006,0.0,,0.0,0.0
0.7199999999999996,1,4,5,0.0,1.0,0.6402439024390244,0.0,1.0,0.5,0.6665798317751125,0.0,,0.0,0.0
0.7199999999999996,1,5,5,0.0,1.0,0.6402439024390244,0.0,1.0,0.5,0.6629333326037702,0.0,,0.0,0.0
0.7299999999999996,1,1,5,0.0,1.0,0.640973630831643,0.0,1.0,0.5,0.651087294660746,0.0,,0.0,0.0
0.7299999999999996,1,2,5,0.0,1.0,0.640973630831643,0.0,1.0,0.5,0.7250558399530685,0.0,,0.0,0.0
0.7299999999999996,1,3,5,0.0,1.0,0.6402439024390244,0.0,1.0,0.5,0.6229893923600331,0.0,,0.0,0.0
0.7299999999999996,1,4,5,0.0,1.0,0.6402439024390244,0.0,1.0,0.5,0.666519429565511,0.0,,0.0,0.0
0.7299999999999996,1,5,5,0.0,1.0,0.6402439024390244,0.0,1.0,0.5,0.6616415528016604,0.0,,0.0,0.0
0.7399999999999997,1,1,5,0.0,1.0,0.640973630831643,0.0,1.0,0.5,0.649409556535553,0.0,,0.0,0.0
0.7399999999999997,1,2,5,0.0,1.0,0.640973630831643,0.0,1.0,0.5,0.7230047661096842,0.0,,0.0,0.0
0.7399999999999997,1,3,5,0.0,1.0,0.6402439024390244,0.0,1.0,0.5,0.6213793404937551,0.0,,0.0,0.0
0.7399999999999997,1,4,5,0.0,1.0,0.6402439024390244,0.0,1.0,0.5,0.6661413685763475,0.0,,0.0,0.0
0.7399999999999997,1,5,5,0.0,1.0,0.6402439024390244,0.0,1.0,0.5,0.6605358490089508,0.0,,0.0,0.0
0.7499999999999997,1,1,5,0.0,1.0,0.640973630831643,0.0,1.0,0.5,0.6480102689687774,0.0,,0.0,0.0
0.7499999999999997,1,2,5,0.0,1.0,0.640973630831643,0.0,1.0,0.5,0.7210849296606577,0.0,,0.0,0.0
0.7499999999999997,1,3,5,0.0,1.0,0.6402439024390244,0.0,1.0,0.5,0.6200415680533775,0.0,,0.0,0.0
0.7499999999999997,1,4,5,0.0,1.0,0.6402439024390244,0.0,1.0,0.5,0.6653965247609668,0.0,,0.0,0.0
0.7499999999999997,1,5,5,0.0,1.0,0.6402439024390244,0.0,1.0,0.5,0.6589622575202961,0.0,,0.0,0.0
0.7599999999999997,1,1,5,0.0,1.0,0.640973630831643,0.0,1.0,0.5,0.646230517437242,0.0,,0.0,0.0
0.7599999999999997,1,2,5,0.0,1.0,0.640973630831643,0.0,1.0,0.5,0.7195479171152745,0.0,,0.0,0.0
0.7599999999999997,1,3,5,0.0,1.0,0.6402439024390244,0.0,1.0,0.5,0.6191415355580431,0.0,,0.0,0.0
0.7599999999999997,1,4,5,0.0,1.0,0.6402439024390244,0.0,1.0,0.5,0.6635378059035607,0.0,,0.0,0.0
0.7599999999999997,1,5,5,0.0,1.0,0.6402439024390244,0.0,1.0,0.5,0.6574472505047757,0.0,,0.0,0.0
0.7699999999999997,1,1,5,0.0,1.0,0.640973630831643,0.0,1.0,0.5,0.6451166065625574,0.0,,0.0,0.0
0.7699999999999997,1,2,5,0.0,1.0,0.640973630831643,0.0,1.0,0.5,0.7179633684121809,0.0,,0.0,0.0
0.7699999999999997,1,3,5,0.0,1.0,0.6402439024390244,0.0,1.0,0.5,0.6184557347214096,0.0,,0.0,0.0
0.7699999999999997,1,4,5,0.0,1.0,0.6402439024390244,0.0,1.0,0.5,0.6623686156112928,0.0,,0.0,0.0
0.7699999999999997,1,5,5,0.0,1.0,0.6402439024390244,0.0,1.0,0.5,0.6559857462769856,0.0,,0.0,0.0
0.7799999999999997,1,1,5,0.0,1.0,0.640973630831643,0.0,1.0,0.5,0.6440432308996473,0.0,,0.0,0.0
0.7799999999999997,1,2,5,0.0,1.0,0.640973630831643,0.0,1.0,0.5,0.7164406968769019,0.0,,0.0,0.0
0.7799999999999997,1,3,5,0.0,1.0,0.6402439024390244,0.0,1.0,0.5,0.6176331767164392,0.0,,0.0,0.0
0.7799999999999997,1,4,5,0.0,1.0,0.6402439024390244,0.0,1.0,0.5,0.6621557764048429,0.0,,0.0,0.0
0.7799999999999997,1,5,5,0.0,1.0,0.6402439024390244,0.0,1.0,0.5,0.6545489430634546,0.0,,0.0,0.0
0.7899999999999996,1,1,5,0.0,1.0,0.640973630831643,0.0,1.0,0.5,0.6423473848172411,0.0,,0.0,0.0
0.7899999999999996,1,2,5,0.0,1.0,0.640973630831643,0.0,1.0,0.5,0.7151038514146957,0.0,,0.0,0.0
0.7899999999999996,1,3,5,0.0,1.0,0.6402439024390244,0.0,1.0,0.5,0.6166208001525891,0.0,,0.0,0.0
0.7899999999999996,1,4,5,0.0,1.0,0.6402439024390244,0.0,1.0,0.5,0.6614725967579796,0.0,,0.0,0.0
0.7899999999999996,1,5,5,0.0,1.0,0.6402439024390244,0.0,1.0,0.5,0.6532519330193457,0.0,,0.0,0.0
0.7999999999999996,1,1,5,0.0,1.0,0.640973630831643,0.0,1.0,0.5,0.6414746633525823,0.0,,0.0,0.0
0.7999999999999996,1,2,5,0.0,1.0,0.640973630831643,0.0,1.0,0.5,0.7139025924098239,0.0,,0.0,0.0
0.7999999999999996,1,3,5,0.0,1.0,0.6402439024390244,0.0,1.0,0.5,0.6163458833348668,0.0,,0.0,0.0
0.7999999999999996,1,4,5,0.0,1.0,0.6402439024390244,0.0,1.0,0.5,0.661283757823518,0.0,,0.0,0.0
0.7999999999999996,1,5,5,0.0,1.0,0.6402439024390244,0.0,1.0,0.5,0.6519829288589686,0.0,,0.0,0.0
0.8099999999999996,1,1,5,0.0,1.0,0.640973630831643,0.0,1.0,0.5,0.6401494251435975,0.0,,0.0,0.0
0.8099999999999996,1,2,5,0.0,1.0,0.640973630831643,0.0,1.0,0.5,0.7120990780301311,0.0,,0.0,0.0
0.8099999999999996,1,3,5,0.0,1.0,0.6402439024390244,0.0,1.0,0.5,0.6147904611143779,0.0,,0.0,0.0
0.8099999999999996,1,4,5,0.0,1.0,0.6402439024390244,0.0,1.0,0.5,0.660727657155113,0.0,,0.0,0.0
0.8099999999999996,1,5,5,0.0,1.0,0.6402439024390244,0.0,1.0,0.5,0.6510034650047103,0.0,,0.0,0.0
0.8199999999999996,1,1,5,0.0,1.0,0.640973630831643,0.0,1.0,0.5,0.6390555970621343,0.0,,0.0,0.0
0.8199999999999996,1,2,5,0.0,1.0,0.640973630831643,0.0,1.0,0.5,0.7107694063563819,0.0,,0.0,0.0
0.8199999999999996,1,3,5,0.0,1.0,0.6402439024390244,0.0,1.0,0.5,0.6142189136482921,0.0,,0.0,0.0
0.8199999999999996,1,4,5,0.0,1.0,0.6402439024390244,0.0,1.0,0.5,0.6598046912870971,0.0,,0.0,0.0
0.8199999999999996,1,5,5,0.0,1.0,0.6402439024390244,0.0,1.0,0.5,0.6509545413620503,0.0,,0.0,0.0
0.8299999999999996,1,1,5,0.0,1.0,0.640973630831643,0.0,1.0,0.5,0.638133955793274,0.0,,0.0,0.0
0.8299999999999996,1,2,5,0.0,1.0,0.640973630831643,0.0,1.0,0.5,0.7095910315044615,0.0,,0.0,0.0
0.8299999999999996,1,3,5,0.0,1.0,0.6402439024390244,0.0,1.0,0.5,0.6135949280231421,0.0,,0.0,0.0
0.8299999999999996,1,4,5,0.0,1.0,0.6402439024390244,0.0,1.0,0.5,0.6593533788240761,0.0,,0.0,0.0
0.8299999999999996,1,5,5,0.0,1.0,0.6402439024390244,0.0,1.0,0.5,0.6496765267875126,0.0,,0.0,0.0
0.8399999999999996,1,1,5,0.0,1.0,0.640973630831643,0.0,1.0,0.5,0.6370968240345299,0.0,,0.0,0.0
0.8399999999999996,1,2,5,0.0,1.0,0.640973630831643,0.0,1.0,0.5,0.7084220685517972,0.0,,0.0,0.0
0.8399999999999996,1,3,5,0.0,1.0,0.6402439024390244,0.0,1.0,0.5,0.6131336574669186,0.0,,0.0,0.0
0.8399999999999996,1,4,5,0.0,1.0,0.6402439024390244,0.0,1.0,0.5,0.6589211921530178,0.0,,0.0,0.0
0.8399999999999996,1,5,5,0.0,1.0,0.6402439024390244,0.0,1.0,0.5,0.6485845783658524,0.0,,0.0,0.0
0.8499999999999996,1,1,5,0.0,1.0,0.640973630831643,0.0,1.0,0.5,0.6361800261952265,0.0,,0.0,0.0
0.8499999999999996,1,2,5,0.0,1.0,0.640973630831643,0.0,1.0,0.5,0.707578319508573,0.0,,0.0,0.0
0.8499999999999996,1,3,5,0.0,1.0,0.6402439024390244,0.0,1.0,0.5,0.6122091319071619,0.0,,0.0,0.0
0.8499999999999996,1,4,5,0.0,1.0,0.6402439024390244,0.0,1.0,0.5,0.6588004927520613,0.0,,0.0,0.0
0.8499999999999996,1,5,5,0.0,1.0,0.6402439024390244,0.0,1.0,0.5,0.6474634612139255,0.0,,0.0,0.0
0.8599999999999995,1,1,5,0.0,1.0,0.640973630831643,0.0,1.0,0.5,0.6355722454955923,0.0,,0.0,0.0
0.8599999999999995,1,2,5,0.0,1.0,0.640973630831643,0.0,1.0,0.5,0.7063671298592287,0.0,,0.0,0.0
0.8599999999999995,1,3,5,0.0,1.0,0.6402439024390244,0.0,1.0,0.5,0.6117645602747321,0.0,,0.0,0.0
0.8599999999999995,1,4,5,0.0,1.0,0.6402439024390244,0.0,1.0,0.5,0.6583258294827281,0.0,,0.0,0.0
0.8599999999999995,1,5,5,0.0,1.0,0.6402439024390244,0.0,1.0,0.5,0.6462767296088534,0.0,,0.0,0.0
0.8699999999999996,1,1,5,0.0,1.0,0.640973630831643,0.0,1.0,0.5,0.6349586447783713,0.0,,0.0,0.0
0.8699999999999996,1,2,5,0.0,1.0,0.640973630831643,0.0,1.0,0.5,0.7053289456742113,0.0,,0.0,0.0
0.8699999999999996,1,3,5,0.0,1.0,0.6402439024390244,0.0,1.0,0.5,0.6100191773964915,0.0,,0.0,0.0
0.8699999999999996,1,4,5,0.0,1.0,0.6402439024390244,0.0,1.0,0.5,0.658241139783724,0.0,,0.0,0.0
0.8699999999999996,1,5,5,0.0,1.0,0.6402439024390244,0.0,1.0,0.5,0.6455135655766902,0.0,,0.0,0.0
0.8799999999999996,1,1,5,0.0,1.0,0.640973630831643,0.0,1.0,0.5,0.6337297584387523,0.0,,0.0,0.0
0.8799999999999996,1,2,5,0.0,1.0,0.640973630831643,0.0,1.0,0.5,0.7041978933787503,0.0,,0.0,0.0
0.8799999999999996,1,3,5,0.0,1.0,0.6402439024390244,0.0,1.0,0.5,0.6096408090915504,0.0,,0.0,0.0
0.8799999999999996,1,4,5,0.0,1.0,0.6402439024390244,0.0,1.0,0.5,0.6572602034471141,0.0,,0.0,0.0
0.8799999999999996,1,5,5,0.0,1.0,0.6402439024390244,0.0,1.0,0.5,0.643707893189591,0.0,,0.0,0.0
0.8899999999999996,1,1,5,0.0,1.0,0.640973630831643,0.0,1.0,0.5,0.6322435090102478,0.0,,0.0,0.0
0.8899999999999996,1,2,5,0.0,1.0,0.640973630831643,0.0,1.0,0.5,0.7027980026768131,0.0,,0.0,0.0
0.8899999999999996,1,3,5,0.0,1.0,0.6402439024390244,0.0,1.0,0.5,0.6085256259854757,0.0,,0.0,0.0
0.8899999999999996,1,4,5,0.0,1.0,0.6402439024390244,0.0,1.0,0.5,0.6566973997947482,0.0,,0.0,0.0
0.8899999999999996,1,5,5,0.0,1.0,0.6402439024390244,0.0,1.0,0.5,0.6421541670391842,0.0,,0.0,0.0
0.8999999999999996,1,1,5,0.0,1.0,0.640973630831643,0.0,1.0,0.5,0.6314654466958995,0.0,,0.0,0.0
0.8999999999999996,1,2,5,0.0,1.0,0.640973630831643,0.0,1.0,0.5,0.7022183246993261,0.0,,0.0,0.0
0.8999999999999996,1,3,5,0.0,1.0,0.6402439024390244,0.0,1.0,0.5,0.6079376652032571,0.0,,0.0,0.0
0.8999999999999996,1,4,5,0.0,1.0,0.6402439024390244,0.0,1.0,0.5,0.6560443554364368,0.0,,0.0,0.0
0.8999999999999996,1,5,5,0.0,1.0,0.6402439024390244,0.0,1.0,0.5,0.6416825810828825,0.0,,0.0,0.0
0.9099999999999996,1,1,5,0.0,1.0,0.640973630831643,0.0,1.0,0.5,0.6306627413333281,0.0,,0.0,0.0
0.9099999999999996,1,2,5,0.0,1.0,0.640973630831643,0.0,1.0,0.5,0.7012834222890933,0.0,,0.0,0.0
0.9099999999999996,1,3,5,0.0,1.0,0.6402439024390244,0.0,1.0,0.5,0.6072172439054783,0.0,,0.0,0.0
0.9099999999999996,1,4,5,0.0,1.0,0.6402439024390244,0.0,1.0,0.5,0.6555490712038815,0.0,,0.0,0.0
0.9099999999999996,1,5,5,0.0,1.0,0.6402439024390244,0.0,1.0,0.5,0.6410414603974427,0.0,,0.0,0.0
0.9199999999999996,1,1,5,0.0,1.0,0.640973630831643,0.0,1.0,0.5,0.6299836236659295,0.0,,0.0,0.0
0.9199999999999996,1,2,5,0.0,1.0,0.640973630831643,0.0,1.0,0.5,0.7003921493835912,0.0,,0.0,0.0
0.9199999999999996,1,3,5,0.0,1.0,0.6402439024390244,0.0,1.0,0.5,0.6066510247158733,0.0,,0.0,0.0
0.9199999999999996,1,4,5,0.0,1.0,0.6402439024390244,0.0,1.0,0.5,0.6545299851501876,0.0,,0.0,0.0
0.9199999999999996,1,5,5,0.0,1.0,0.6402439024390244,0.0,1.0,0.5,0.6400926559575473,0.0,,0.0,0.0
0.9299999999999996,1,1,5,0.0,1.0,0.640973630831643,0.0,1.0,0.5,0.6289824338160097,0.0,,0.0,0.0
0.9299999999999996,1,2,5,0.0,1.0,0.640973630831643,0.0,1.0,0.5,0.6999125178495595,0.0,,0.0,0.0
0.9299999999999996,1,3,5,0.0,1.0,0.6402439024390244,0.0,1.0,0.5,0.6050425094799419,0.0,,0.0,0.0
0.9299999999999996,1,4,5,0.0,1.0,0.6402439024390244,0.0,1.0,0.5,0.6538673174832808,0.0,,0.0,0.0
0.9299999999999996,1,5,5,0.0,1.0,0.6402439024390244,0.0,1.0,0.5,0.6394423998926908,0.0,,0.0,0.0
0.9399999999999996,1,1,5,0.0,1.0,0.640973630831643,0.0,1.0,0.5,0.6280538208305615,0.0,,0.0,0.0
0.9399999999999996,1,2,5,0.0,1.0,0.640973630831643,0.0,1.0,0.5,0.698747316159192,0.0,,0.0,0.0
0.9399999999999996,1,3,5,0.0,1.0,0.6402439024390244,0.0,1.0,0.5,0.6037024823998292,0.0,,0.0,0.0
0.9399999999999996,1,4,5,0.0,1.0,0.6402439024390244,0.0,1.0,0.5,0.6535492784864047,0.0,,0.0,0.0
0.9399999999999996,1,5,5,0.0,1.0,0.6402439024390244,0.0,1.0,0.5,0.6380275565945448,0.0,,0.0,0.0
0.9499999999999995,1,1,5,0.0,1.0,0.640973630831643,0.0,1.0,0.5,0.6286164847213017,0.0,,0.0,0.0
0.9499999999999995,1,2,5,0.0,1.0,0.640973630831643,0.0,1.0,0.5,0.6978941341824471,0.0,,0.0,0.0
0.9499999999999995,1,3,5,0.0,1.0,0.6402439024390244,0.0,1.0,0.5,0.6034705867767233,0.0,,0.0,0.0
0.9499999999999995,1,4,5,0.0,1.0,0.6402439024390244,0.0,1.0,0.5,0.6530240628672694,0.0,,0.0,0.0
0.9499999999999995,1,5,5,0.0,1.0,0.6402439024390244,0.0,1.0,0.5,0.6372030386451856,0.0,,0.0,0.0
0.9599999999999995,1,1,5,0.0,1.0,0.640973630831643,0.0,1.0,0.5,0.6274221795084387,0.0,,0.0,0.0
0.9599999999999995,1,2,5,0.0,1.0,0.640973630831643,0.0,1.0,0.5,0.6972885756922845,0.0,,0.0,0.0
0.9599999999999995,1,3,5,0.0,1.0,0.6402439024390244,0.0,1.0,0.5,0.6026523917895218,0.0,,0.0,0.0
0.9599999999999995,1,4,5,0.0,1.0,0.6402439024390244,0.0,1.0,0.5,0.6527392026848946,0.0,,0.0,0.0
0.9599999999999995,1,5,5,0.0,1.0,0.6402439024390244,0.0,1.0,0.5,0.6368218710353324,0.0,,0.0,0.0
0.9699999999999995,1,1,5,0.0,1.0,0.640973630831643,0.0,1.0,0.5,0.6267662162463875,0.0,,0.0,0.0
0.9699999999999995,1,2,5,0.0,1.0,0.640973630831643,0.0,1.0,0.5,0.6963682606062386,0.0,,0.0,0.0
0.9699999999999995,1,3,5,0.0,1.0,0.6402439024390244,0.0,1.0,0.5,0.6024277502115553,0.0,,0.0,0.0
0.9699999999999995,1,4,5,0.0,1.0,0.6402439024390244,0.0,1.0,0.5,0.6519897240051418,0.0,,0.0,0.0
0.9699999999999995,1,5,5,0.0,1.0,0.6402439024390244,0.0,1.0,0.5,0.6360305454354576,0.0,,0.0,0.0
0.9799999999999995,1,1,5,0.0,1.0,0.640973630831643,0.0,1.0,0.5,0.6263153729482096,0.0,,0.0,0.0
0.9799999999999995,1,2,5,0.0,1.0,0.640973630831643,0.0,1.0,0.5,0.6958647816854542,0.0,,0.0,0.0
0.9799999999999995,1,3,5,0.0,1.0,0.6402439024390244,0.0,1.0,0.5,0.6018385274379935,0.0,,0.0,0.0
0.9799999999999995,1,4,5,0.0,1.0,0.6402439024390244,0.0,1.0,0.5,0.6516306077948242,0.0,,0.0,0.0
0.9799999999999995,1,5,5,0.0,1.0,0.6402439024390244,0.0,1.0,0.5,0.6351876054308145,0.0,,0.0,0.0
0.9899999999999995,1,1,5,0.0,1.0,0.640973630831643,0.0,1.0,0.5,0.6255256664285933,0.0,,0.0,0.0
0.9899999999999995,1,2,5,0.0,1.0,0.640973630831643,0.0,1.0,0.5,0.6951903358719934,0.0,,0.0,0.0
0.9899999999999995,1,3,5,0.0,1.0,0.6402439024390244,0.0,1.0,0.5,0.6012659088770607,0.0,,0.0,0.0
0.9899999999999995,1,4,5,0.0,1.0,0.6402439024390244,0.0,1.0,0.5,0.6510214692998859,0.0,,0.0,0.0
0.9899999999999995,1,5,5,0.0,1.0,0.6402439024390244,0.0,1.0,0.5,0.6343364409809462,0.0,,0.0,0.0
1.0,1,1,5,0.0,1.0,0.640973630831643,0.0,1.0,0.5,0.6243759856642326,0.0,,0.0,0.0
1.0,1,2,5,0.0,1.0,0.640973630831643,0.0,1.0,0.5,0.6946708416896785,0.0,,0.0,0.0
1.0,1,3,5,0.0,1.0,0.6402439024390244,0.0,1.0,0.5,0.6006699211727575,0.0,,0.0,0.0
1.0,1,4,5,0.0,1.0,0.6402439024390244,0.0,1.0,0.5,0.6511189717015164,0.0,,0.0,0.0
1.0,1,5,5,0.0,1.0,0.6402439024390244,0.0,1.0,0.5,0.6326725470363426,0.0,,0.0,0.0
