SmoothFactor,TanimotoDistance,Fold,Repeat,Sensitivity,Specificity,Accuracy,kappa,Coverage,AreaUnderTheCurve,PR_AUC,GMean,Precision,F1,MCC
0.1,0.5,1,1,0.7421602787456446,0.8968792401628223,0.853515625,0.6376828687213696,0.6785950960901259,0.8195197594542334,0.7507594107121516,0.8158603721718699,0.7370242214532872,0.7395833333333334,0.6376903098286716
0.1,0.5,2,1,0.698051948051948,0.8854447439353099,0.8304761904761905,0.587962962962963,0.6958250497017893,0.791748345993629,0.7284436271825868,0.7861847291803634,0.7166666666666667,0.7072368421052632,0.5880638055952049
0.1,0.5,3,1,0.7440273037542662,0.8996088657105606,0.8566037735849057,0.6422814768766236,0.7029177718832891,0.8218180847324135,0.7509889171824626,0.8181280821412147,0.7389830508474576,0.7414965986394558,0.6422885916044588
0.1,0.5,4,1,0.7087719298245614,0.8885976408912188,0.8396946564885496,0.5960593393382368,0.6949602122015914,0.7986847853578901,0.7349514199531201,0.7936076264578245,0.7038327526132404,0.7062937062937062,0.5960662313118258
0.1,0.5,5,1,0.7068965517241379,0.8871391076115486,0.8374524714828897,0.5934019239114711,0.6976127320954908,0.7970178296678432,0.7107718051555842,0.7919062924805135,0.7044673539518901,0.7056798623063684,0.5934036013986667
0.11,0.5,1,1,0.7456445993031359,0.8968792401628223,0.8544921875,0.640479938169788,0.6785950960901259,0.8212619197329791,0.7664754138562541,0.8177732947794937,0.7379310344827587,0.7417677642980935,0.6404967188219384
0.11,0.5,2,1,0.698051948051948,0.8867924528301887,0.8314285714285714,0.5898853841638604,0.6958250497017893,0.7924222004410684,0.7223181237566412,0.7867828157858294,0.7190635451505016,0.7084019769357496,0.5900136846468882
0.11,0.5,3,1,0.7440273037542662,0.8996088657105606,0.8566037735849057,0.6422814768766236,0.7029177718832891,0.8218180847324135,0.7519461284714621,0.8181280821412147,0.7389830508474576,0.7414965986394558,0.6422885916044588
0.11,0.5,4,1,0.7087719298245614,0.8872870249017037,0.8387404580152672,0.594100067836386,0.6949602122015914,0.7980294773631326,0.7375330838221643,0.7930221541343434,0.7013888888888888,0.7050610820244329,0.5941154902936236
0.11,0.5,5,1,0.7137931034482758,0.8871391076115486,0.8393536121673004,0.5990130273176717,0.6976127320954908,0.8004661055299123,0.7164639095002359,0.7957598738390754,0.7064846416382252,0.7101200686106347,0.5990282031459192
0.12,0.5,1,1,0.7491289198606271,0.8955223880597015,0.8544921875,0.6412407592031752,0.6785950960901259,0.8223256539601643,0.754200028752216,0.8190614868727338,0.7363013698630136,0.7426597582037997,0.6412872334114478
0.12,0.5,2,1,0.698051948051948,0.8867924528301887,0.8314285714285714,0.5898853841638604,0.6958250497017893,0.7924222004410684,0.7224209853159141,0.7867828157858294,0.7190635451505016,0.7084019769357496,0.5900136846468882
0.12,0.5,3,1,0.7474402730375427,0.9022164276401564,0.8594339622641509,0.6489722982824223,0.7029177718832891,0.8248283503388496,0.7548795458405183,0.821189925056509,0.7448979591836735,0.7461669505962522,0.6489740992596262
0.12,0.5,4,1,0.712280701754386,0.8872870249017037,0.8396946564885496,0.5969433773939956,0.6949602122015914,0.7997838633280449,0.7390555115403405,0.7949826568891594,0.7024221453287197,0.7073170731707317,0.5969708668840275
0.12,0.5,5,1,0.7137931034482758,0.8858267716535433,0.8384030418250951,0.5970692669562554,0.6976127320954908,0.7998099375509096,0.7189504501008863,0.7951710762195453,0.7040816326530612,0.708904109589041,0.5970961022854767
0.13,0.5,1,1,0.7456445993031359,0.8941655359565808,0.8525390625,0.6364251989240233,0.6785950960901259,0.8199050676298583,0.7484232048558935,0.8165351815868184,0.7328767123287672,0.7392055267702936,0.6364713241224299
0.13,0.5,2,1,0.6948051948051948,0.8881401617250674,0.8314285714285714,0.5890983378215248,0.6958250497017893,0.7914726782651311,0.736616235311347,0.7855471965971889,0.7205387205387206,0.7074380165289256,0.5892905075169057
0.13,0.5,3,1,0.7508532423208191,0.9035202086049544,0.8613207547169811,0.6536840795135307,0.7029177718832891,0.8271867254628867,0.7592894156418591,0.823657136272984,0.7482993197278912,0.7495741056218058,0.6536858935665016
0.13,0.5,4,1,0.7087719298245614,0.8872870249017037,0.8387404580152672,0.594100067836386,0.6949602122015914,0.7980294773631326,0.7241376769701787,0.7930221541343434,0.7013888888888888,0.7050610820244329,0.5941154902936236
0.13,0.5,5,1,0.7172413793103448,0.8832020997375328,0.8374524714828897,0.5959879981314455,0.6976127320954908,0.8002217395239388,0.7188100623160192,0.7959077158977295,0.7003367003367004,0.7086882453151618,0.5960695227948215
0.13999999999999999,0.5,1,1,0.7421602787456446,0.8955223880597015,0.8525390625,0.6356541655277718,0.6785950960901259,0.8188413334026731,0.7711519632497363,0.8152429976058386,0.7344827586206897,0.7383015597920277,0.635670819744093
0.13999999999999999,0.5,2,1,0.6883116883116883,0.8881401617250674,0.8295238095238096,0.5836563808342379,0.6958250497017893,0.7882259250183778,0.7117947256441911,0.781867798399702,0.7186440677966102,0.703150912106136,0.5839233798371579
0.13999999999999999,0.5,3,1,0.7508532423208191,0.9035202086049544,0.8613207547169811,0.6536840795135307,0.7029177718832891,0.8271867254628867,0.7406301117204903,0.823657136272984,0.7482993197278912,0.7495741056218058,0.6536858935665016
0.13999999999999999,0.5,4,1,0.712280701754386,0.8899082568807339,0.8416030534351145,0.6008681567270676,0.6949602122015914,0.80109447931756,0.7421153036038124,0.79615606366342,0.7073170731707317,0.7097902097902098,0.6008751043029097
0.13999999999999999,0.5,5,1,0.7206896551724138,0.8858267716535433,0.8403041825095057,0.6026547240058274,0.6976127320954908,0.8032582134129785,0.7169432770993294,0.7990032481820613,0.706081081081081,0.7133105802047781,0.6027154149949182
0.14999999999999997,0.5,1,1,0.7456445993031359,0.8955223880597015,0.853515625,0.6384504211016905,0.6785950960901259,0.8205834936814187,0.7525808290324585,0.8171544726743919,0.7353951890034365,0.740484429065744,0.638480096779373
0.14999999999999997,0.5,2,1,0.6883116883116883,0.8881401617250674,0.8295238095238096,0.5836563808342379,0.6958250497017893,0.7882259250183778,0.7293210180217099,0.781867798399702,0.7186440677966102,0.703150912106136,0.5839233798371579
0.14999999999999997,0.5,3,1,0.7508532423208191,0.9022164276401564,0.8603773584905661,0.6516951222219757,0.7029177718832891,0.8265348349804877,0.7586430184153763,0.8230626525172419,0.7457627118644068,0.7482993197278912,0.6517023412273386
0.14999999999999997,0.5,4,1,0.712280701754386,0.8899082568807339,0.8416030534351145,0.6008681567270676,0.6949602122015914,0.80109447931756,0.7430396238169638,0.79615606366342,0.7073170731707317,0.7097902097902098,0.6008751043029097
0.14999999999999997,0.5,5,1,0.7206896551724138,0.8884514435695539,0.8422053231939164,0.6065499900866965,0.6976127320954908,0.8045705493709838,0.708268175272047,0.8001860811733574,0.7108843537414966,0.7157534246575342,0.6065772515278289
0.15999999999999998,0.5,1,1,0.7456445993031359,0.8955223880597015,0.853515625,0.6384504211016905,0.6785950960901259,0.8205834936814187,0.7784223292629558,0.8171544726743919,0.7353951890034365,0.740484429065744,0.638480096779373
0.15999999999999998,0.5,2,1,0.685064935064935,0.8908355795148248,0.8304761904761905,0.5847847723314258,0.6958250497017893,0.78795025728988,0.7382090119342706,0.7812043384632841,0.7226027397260274,0.7033333333333334,0.5851924966161464
0.15999999999999998,0.5,3,1,0.7508532423208191,0.9022164276401564,0.8603773584905661,0.6516951222219757,0.7029177718832891,0.8265348349804877,0.7382615611984306,0.8230626525172419,0.7457627118644068,0.7482993197278912,0.6517023412273386
0.15999999999999998,0.5,4,1,0.7263157894736842,0.8925294888597641,0.8473282442748091,0.6161365498990435,0.6949602122015914,0.8094226391667242,0.7211505179950514,0.805144869156926,0.7162629757785467,0.7212543554006968,0.616164923242627
0.15999999999999998,0.5,5,1,0.7172413793103448,0.889763779527559,0.8422053231939164,0.6057113956974876,0.6976127320954908,0.8035025794189519,0.7301315709613121,0.7988588113607635,0.7123287671232876,0.7147766323024055,0.6057182303331009
0.16999999999999998,0.5,1,1,0.7456445993031359,0.8941655359565808,0.8525390625,0.6364251989240233,0.6785950960901259,0.8199050676298583,0.781346477406,0.8165351815868184,0.7328767123287672,0.7392055267702936,0.6364713241224299
0.16999999999999998,0.5,2,1,0.6915584415584416,0.8908355795148248,0.8323809523809523,0.5902402682063698,0.6958250497017893,0.7911970105366333,0.7376582880221789,0.784897996591967,0.7244897959183674,0.707641196013289,0.5905540547709593
0.16999999999999998,0.5,3,1,0.7542662116040956,0.9009126466753585,0.8603773584905661,0.6524266768285929,0.7029177718832891,0.827589429139727,0.7483474910531512,0.8243348645993579,0.7441077441077442,0.7491525423728813,0.6524554653847078
0.16999999999999998,0.5,4,1,0.7298245614035088,0.8938401048492791,0.8492366412213741,0.6209348430253057,0.6949602122015914,0.8118323331263939,0.7136449851940441,0.8076796781438118,0.7197231833910035,0.7247386759581882,0.6209634373322769
0.16999999999999998,0.5,5,1,0.7172413793103448,0.8937007874015748,0.8450570342205324,0.6115953321494583,0.6976127320954908,0.8054710833559597,0.7152376096693329,0.800624247351182,0.7197231833910035,0.7184801381692574,0.6115970684691406
0.17999999999999997,0.5,1,1,0.7456445993031359,0.9050203527815468,0.8603515625,0.652748003263076,0.6785950960901259,0.8253324760423413,0.7847066093664037,0.8214764380741416,0.7535211267605634,0.7495621716287215,0.6527653250535497
0.17999999999999997,0.5,2,1,0.6948051948051948,0.8935309973045822,0.8352380952380952,0.5968368393251094,0.6958250497017893,0.7941680960548885,0.7478799742826899,0.7879276481039933,0.7303754266211604,0.7121464226289518,0.5972018250315178
0.17999999999999997,0.5,3,1,0.7474402730375427,0.9022164276401564,0.8594339622641509,0.6489722982824223,0.7029177718832891,0.8248283503388496,0.7558055766246622,0.821189925056509,0.7448979591836735,0.7461669505962522,0.6489740992596262
0.17999999999999997,0.5,4,1,0.7263157894736842,0.8938401048492791,0.8482824427480916,0.6181178153016886,0.6949602122015914,0.8100779471614816,0.7521500981836426,0.805735801250537,0.71875,0.7225130890052356,0.6181338612442671
0.17999999999999997,0.5,5,1,0.7137931034482758,0.8963254593175853,0.8460076045627376,0.6127360977294624,0.6976127320954908,0.8050592813829306,0.7190649323337891,0.7998693213931889,0.7237762237762237,0.71875,0.6127641118660565
0.18999999999999995,0.5,1,1,0.7491289198606271,0.9077340569877883,0.86328125,0.6596698303571853,0.6785950960901259,0.8284314884242077,0.7844267061152657,0.8246270876171645,0.7597173144876325,0.7543859649122807,0.659701018695519
0.18999999999999995,0.5,2,1,0.698051948051948,0.8962264150943396,0.8380952380952381,0.603446130878328,0.6958250497017893,0.7971391815731439,0.7536340505026972,0.7909567592177321,0.7363013698630136,0.7166666666666667,0.6038668662560617
0.18999999999999995,0.5,3,1,0.7508532423208191,0.9009126466753585,0.8594339622641509,0.6497103467854259,0.7029177718832891,0.8258829444980889,0.7688276905822921,0.8224677390658088,0.7432432432432432,0.7470288624787776,0.6497265063844884
0.18999999999999995,0.5,4,1,0.743859649122807,0.8964613368283093,0.8549618320610687,0.6361260730324502,0.6949602122015914,0.8201604929755582,0.7367864563019962,0.8166035852635406,0.7285223367697594,0.7361111111111112,0.6361917023074278
0.18999999999999995,0.5,5,1,0.7241379310344828,0.8937007874015748,0.846958174904943,0.6171795891798061,0.6976127320954908,0.8089193592180288,0.7338679720620518,0.8044641938289513,0.7216494845360825,0.7228915662650602,0.6171813338840555
0.19999999999999996,0.5,1,1,0.7421602787456446,0.9104477611940298,0.86328125,0.6582093181829018,0.6785950960901259,0.8263040199698373,0.7634366225705291,0.8220086156672017,0.7634408602150538,0.7526501766784452,0.6583348930247823
0.19999999999999996,0.5,2,1,0.7077922077922078,0.8962264150943396,0.840952380952381,0.6115676849123896,0.6958250497017893,0.8020093114432737,0.7589738251074339,0.7964559454366062,0.7389830508474576,0.7230514096185738,0.6118474521991899
0.19999999999999996,0.5,3,1,0.7542662116040956,0.9022164276401564,0.8613207547169811,0.6544122213252188,0.7029177718832891,0.828241319622126,0.7254002951319061,0.824931128593849,0.7466216216216216,0.7504244482173175,0.6544284978693289
0.19999999999999996,0.5,4,1,0.7508771929824561,0.8990825688073395,0.8587786259541985,0.6457017026894911,0.6949602122015914,0.8249798808948978,0.7406132343889473,0.82164505446422,0.7353951890034365,0.7430555555555556,0.6457683198844085
0.19999999999999996,0.5,5,1,0.7241379310344828,0.89501312335958,0.8479087452471483,0.6191510543940628,0.6976127320954908,0.8095755271970314,0.7382474176739524,0.8050546263442727,0.7241379310344828,0.7241379310344828,0.6191510543940628
0.20999999999999996,0.5,1,1,0.7456445993031359,0.9118046132971506,0.865234375,0.6630920422088604,0.6785950960901259,0.8287246063001432,0.7937970399545162,0.8245496865105854,0.7670250896057348,0.7561837455830389,0.6632185485892053
0.20999999999999996,0.5,2,1,0.7077922077922078,0.8962264150943396,0.840952380952381,0.6115676849123896,0.6958250497017893,0.8020093114432737,0.7490921632026273,0.7964559454366062,0.7389830508474576,0.7230514096185738,0.6118474521991899
0.20999999999999996,0.5,3,1,0.7542662116040956,0.9009126466753585,0.8603773584905661,0.6524266768285929,0.7029177718832891,0.827589429139727,0.7592032549297467,0.8243348645993579,0.7441077441077442,0.7491525423728813,0.6524554653847078
0.20999999999999996,0.5,4,1,0.7578947368421053,0.9030144167758847,0.8635496183206107,0.6572970500800367,0.6949602122015914,0.830454576808995,0.7585451984886942,0.8272785950131831,0.7448275862068966,0.7513043478260869,0.6573442435681823
0.20999999999999996,0.5,5,1,0.7241379310344828,0.8937007874015748,0.846958174904943,0.6171795891798061,0.6976127320954908,0.8089193592180288,0.7414271129338144,0.8044641938289513,0.7216494845360825,0.7228915662650602,0.6171813338840555
0.21999999999999995,0.5,1,1,0.7491289198606271,0.9131614654002713,0.8671875,0.667974766234819,0.6785950960901259,0.8311451926304492,0.7955032837835061,0.8270886664884561,0.7706093189964157,0.7597173144876325,0.6681022041536282
0.21999999999999995,0.5,2,1,0.7207792207792207,0.8962264150943396,0.8447619047619047,0.6223238283542895,0.6958250497017893,0.8085028179367801,0.7585558150541174,0.8037296666874084,0.7424749163879598,0.7314662273476112,0.6224591842215835
0.21999999999999995,0.5,3,1,0.7542662116040956,0.9048239895697523,0.8632075471698113,0.6583958607446392,0.7029177718832891,0.8295451005869239,0.7490839161658486,0.8261223655011893,0.7517006802721088,0.7529812606473595,0.6583976878733772
0.21999999999999995,0.5,4,1,0.7578947368421053,0.9043250327653998,0.8645038167938931,0.6593211880354011,0.6949602122015914,0.8311098848037526,0.7482163496972304,0.8278787246496077,0.7474048442906575,0.7526132404181185,0.6593515500494759
0.21999999999999995,0.5,5,1,0.7275862068965517,0.8989501312335958,0.8517110266159695,0.6278774466232516,0.6976127320954908,0.8132681690650738,0.7398135030781399,0.8087420578734665,0.7326388888888888,0.7301038062283737,0.6278845921636784
0.22999999999999995,0.5,1,1,0.7491289198606271,0.9131614654002713,0.8671875,0.667974766234819,0.6785950960901259,0.8311451926304492,0.7971328701664634,0.8270886664884561,0.7706093189964157,0.7597173144876325,0.6681022041536282
0.22999999999999995,0.5,2,1,0.7175324675324676,0.898921832884097,0.8457142857142858,0.6235593010286282,0.6958250497017893,0.8082271502082823,0.7670625774189584,0.8031224071510734,0.7466216216216216,0.7317880794701986,0.6238018652399817
0.22999999999999995,0.5,3,1,0.7542662116040956,0.9061277705345502,0.8641509433962264,0.6603939821386459,0.7029177718832891,0.8301969910693229,0.7730075374176435,0.8267173402743893,0.7542662116040956,0.7542662116040956,0.6603939821386458
0.22999999999999995,0.5,4,1,0.7649122807017544,0.9043250327653998,0.8664122137404581,0.6648529620035727,0.6949602122015914,0.8346186567335772,0.7252829985128078,0.8317026652045013,0.7491408934707904,0.7569444444444444,0.6649215550383699
0.22999999999999995,0.5,5,1,0.7172413793103448,0.8976377952755905,0.8479087452471483,0.617517133559963,0.6976127320954908,0.8074395872929676,0.719079500447882,0.8023857989798682,0.7272727272727273,0.7222222222222222,0.6175453662842839
0.23999999999999994,0.5,1,1,0.7491289198606271,0.9158751696065129,0.869140625,0.6721540218570357,0.6785950960901259,0.83250204473357,0.7914384597726171,0.8283167126978036,0.776173285198556,0.7624113475177305,0.6723552848639687
0.23999999999999994,0.5,2,1,0.711038961038961,0.9002695417789758,0.8447619047619047,0.6201410682658545,0.6958250497017893,0.8056542514089684,0.7708633971858452,0.8000791958559755,0.7474402730375427,0.7287853577371048,0.620520305288371
0.23999999999999994,0.5,3,1,0.7610921501706485,0.9074315514993481,0.8669811320754717,0.667819423206856,0.7029177718832891,0.8342618508349983,0.7681430145894588,0.8310469485313849,0.7585034013605442,0.7597955706984668,0.6678212764871281
0.23999999999999994,0.5,4,1,0.7719298245614035,0.908256880733945,0.8711832061068703,0.6764692430825521,0.6949602122015914,0.8400933526476742,0.7483019354551912,0.8373234587670656,0.7586206896551724,0.7652173913043478,0.6765178131213199
0.23999999999999994,0.5,5,1,0.7137931034482758,0.9015748031496063,0.8498098859315589,0.6206707684443065,0.6976127320954908,0.807683953298941,0.7123975474381553,0.8022081255702449,0.7340425531914894,0.7237762237762237,0.6207852801529339
0.24999999999999992,0.5,1,1,0.7456445993031359,0.9145183175033921,0.8671875,0.667260798302663,0.6785950960901259,0.8300814584032641,0.8053648840965484,0.8257757833759687,0.7725631768953068,0.7588652482269503,0.6674605961321901
0.24999999999999992,0.5,2,1,0.7077922077922078,0.9029649595687331,0.8457142857142858,0.6213773761296355,0.6958250497017893,0.8053785836804704,0.7727406410004674,0.7994445335932664,0.7517241379310344,0.7290969899665551,0.6219279688665238
0.24999999999999992,0.5,3,1,0.7542662116040956,0.9061277705345502,0.8641509433962264,0.6603939821386459,0.7029177718832891,0.8301969910693229,0.7467916511934451,0.8267173402743893,0.7542662116040956,0.7542662116040956,0.6603939821386458
0.24999999999999992,0.5,4,1,0.7719298245614035,0.908256880733945,0.8711832061068703,0.6764692430825521,0.6949602122015914,0.8400933526476742,0.7667706106982328,0.8373234587670656,0.7586206896551724,0.7652173913043478,0.6765178131213199
0.24999999999999992,0.5,5,1,0.7137931034482758,0.9015748031496063,0.8498098859315589,0.6206707684443065,0.6976127320954908,0.807683953298941,0.7484148423588852,0.8022081255702449,0.7340425531914894,0.7237762237762237,0.6207852801529339
0.2599999999999999,0.5,1,1,0.7456445993031359,0.9158751696065129,0.8681640625,0.6693519067756071,0.6785950960901259,0.8307598844548243,0.8021406756300896,0.8263881496324472,0.7753623188405797,0.7602131438721137,0.6695949653198816
0.2599999999999999,0.5,2,1,0.7077922077922078,0.9029649595687331,0.8457142857142858,0.6213773761296355,0.6958250497017893,0.8053785836804704,0.7586484097822848,0.7994445335932664,0.7517241379310344,0.7290969899665551,0.6219279688665238
0.2599999999999999,0.5,3,1,0.7508532423208191,0.9087353324641461,0.8650943396226415,0.661681992679225,0.7029177718832891,0.8297942873924826,0.7801630304828326,0.8260307928837711,0.7586206896551724,0.7547169811320755,0.6616986596391692
0.2599999999999999,0.5,4,1,0.7719298245614035,0.908256880733945,0.8711832061068703,0.6764692430825521,0.6949602122015914,0.8400933526476742,0.752986832106387,0.8373234587670656,0.7586206896551724,0.7652173913043478,0.6765178131213199
0.2599999999999999,0.5,5,1,0.7206896551724138,0.9015748031496063,0.8517110266159695,0.6262775318358199,0.6976127320954908,0.81113222916101,0.731524718742485,0.8060742112200505,0.7359154929577465,0.7282229965156795,0.626342239520443
0.2699999999999999,0.5,1,1,0.7526132404181185,0.9158751696065129,0.8701171875,0.6749501179031381,0.6785950960901259,0.8342442050123157,0.7766376526199843,0.8302407959237197,0.7769784172661871,0.7646017699115044,0.675113453584669
0.2699999999999999,0.5,2,1,0.711038961038961,0.9043126684636119,0.8476190476190476,0.6260517295107509,0.6958250497017893,0.8076758147512864,0.7751202236234711,0.8018737682695057,0.7551724137931034,0.7324414715719063,0.6266064641187795
0.2699999999999999,0.5,3,1,0.7440273037542662,0.910039113428944,0.8641509433962264,0.6582314192441864,0.7029177718832891,0.827033208591605,0.7794048960970922,0.822857185589006,0.759581881533101,0.7517241379310344,0.6582981700415238
0.2699999999999999,0.5,4,1,0.7789473684210526,0.90956749672346,0.8740458015267175,0.684004221317654,0.6949602122015914,0.8442574325722563,0.7617356920689808,0.8417275140887718,0.7628865979381443,0.7708333333333334,0.6840747901923313
0.2699999999999999,0.5,5,1,0.7206896551724138,0.9015748031496063,0.8517110266159695,0.6262775318358199,0.6976127320954908,0.81113222916101,0.7381738128855733,0.8060742112200505,0.7359154929577465,0.7282229965156795,0.626342239520443
0.2799999999999999,0.5,1,1,0.7526132404181185,0.9172320217096337,0.87109375,0.6770472454114083,0.6785950960901259,0.8349226310638761,0.8060808101546134,0.8308555614991991,0.779783393501805,0.7659574468085106,0.6772499735957472
0.2799999999999999,0.5,2,1,0.7077922077922078,0.9070080862533693,0.8485714285714285,0.6273088102009562,0.6958250497017893,0.8074001470227885,0.7774433533964064,0.8012323357520323,0.759581881533101,0.7327731092436974,0.6280701596972428
0.2799999999999999,0.5,3,1,0.7440273037542662,0.910039113428944,0.8641509433962264,0.6582314192441864,0.7029177718832891,0.827033208591605,0.7819529608129898,0.822857185589006,0.759581881533101,0.7517241379310344,0.6582981700415238
0.2799999999999999,0.5,4,1,0.7684210526315789,0.9121887287024901,0.8730916030534351,0.67986255937233,0.6949602122015914,0.8403048906670345,0.7659255146325687,0.8372245953794174,0.7657342657342657,0.7670753064798599,0.6798645289026531
0.2799999999999999,0.5,5,1,0.7172413793103448,0.9015748031496063,0.8507604562737643,0.6234771666180333,0.6976127320954908,0.8094080912299755,0.7450943188148499,0.8041434917739969,0.734982332155477,0.7260034904013961,0.6235650408975106
0.2899999999999999,0.5,1,1,0.7456445993031359,0.9172320217096337,0.869140625,0.6714475215377911,0.6785950960901259,0.8314383105063847,0.8038292680455211,0.8270000624520442,0.7781818181818182,0.7615658362989324,0.6717383430680912
0.2899999999999999,0.5,2,1,0.711038961038961,0.9070080862533693,0.8495238095238096,0.6300112401648559,0.6958250497017893,0.8090235236461651,0.7628615957106935,0.8030679219739337,0.7604166666666666,0.7348993288590604,0.6307033202370569
0.2899999999999999,0.5,3,1,0.7406143344709898,0.910039113428944,0.8632075471698113,0.6554923970735905,0.7029177718832891,0.8253267239499669,0.7811134820232603,0.8209677291676859,0.7587412587412588,0.7495682210708118,0.6555830716357488
0.2899999999999999,0.5,4,1,0.7578947368421053,0.90956749672346,0.8683206106870229,0.6674622335655653,0.6949602122015914,0.8337311167827827,0.7468495125226267,0.8302749054194998,0.7578947368421053,0.7578947368421053,0.6674622335655653
0.2899999999999999,0.5,5,1,0.7103448275862069,0.9015748031496063,0.8488593155893536,0.617858317798004,0.6976127320954908,0.8059598153679066,0.7492981021072997,0.8002680788956757,0.7330960854092526,0.7215411558669002,0.6180029120160913
0.29999999999999993,0.5,1,1,0.7386759581881533,0.9172320217096337,0.8671875,0.6658236109977972,0.6785950960901259,0.8279539899488935,0.8063953442159465,0.8231265045648941,0.7765567765567766,0.7571428571428571,0.6662179272161909
0.29999999999999993,0.5,2,1,0.711038961038961,0.9083557951482479,0.8504761904761905,0.631996749695284,0.6958250497017893,0.8096973780936045,0.7748534377908259,0.803664333435253,0.7630662020905923,0.7361344537815127,0.6327637888300939
0.29999999999999993,0.5,3,1,0.7372013651877133,0.9126466753585397,0.8641509433962264,0.6567743444219085,0.7029177718832891,0.8249240202731265,0.7782156110572306,0.8202465330669452,0.7632508833922261,0.75,0.656960984875195
0.29999999999999993,0.5,4,1,0.7473684210526316,0.9134993446920052,0.8683206106870229,0.6652547668976628,0.6949602122015914,0.8304338828723183,0.7590780819068336,0.8262690620343216,0.7634408602150538,0.7553191489361702,0.6653252362259419
0.29999999999999993,0.5,5,1,0.7172413793103448,0.9041994750656168,0.8526615969581749,0.6274719450232116,0.6976127320954908,0.8107204271879809,0.7295904000640465,0.805313155652975,0.7402135231316725,0.7285464098073555,0.6276187890692473
0.30999999999999994,0.5,1,1,0.735191637630662,0.9172320217096337,0.8662109375,0.6630025367053578,0.6785950960901259,0.8262118296701478,0.8072829962592981,0.8211828737424987,0.7757352941176471,0.7549194991055456,0.6634543131300932
0.30999999999999994,0.5,2,1,0.711038961038961,0.9083557951482479,0.8504761904761905,0.631996749695284,0.6958250497017893,0.8096973780936045,0.7728376947734698,0.803664333435253,0.7630662020905923,0.7361344537815127,0.6327637888300939
0.30999999999999994,0.5,3,1,0.7303754266211604,0.9139504563233377,0.8632075471698113,0.6532822016692984,0.7029177718832891,0.8221629414722491,0.7485146715121131,0.8170232276060222,0.7642857142857142,0.7469458987783595,0.653598057341262
0.30999999999999994,0.5,4,1,0.743859649122807,0.9161205766710354,0.8692748091603053,0.6665737747556941,0.6949602122015914,0.8299901128969212,0.7347737125980157,0.8255090131044603,0.7681159420289855,0.7557932263814616,0.6667337371634999
0.30999999999999994,0.5,5,1,0.7206896551724138,0.905511811023622,0.8545627376425855,0.6322787586358152,0.6976127320954908,0.8131007330980179,0.7497556156706042,0.8078322813809572,0.7437722419928826,0.7320490367775832,0.6324267275958252
0.3199999999999999,0.5,1,1,0.735191637630662,0.9199457259158752,0.8681640625,0.6672027116816085,0.6785950960901259,0.8275686817732686,0.8074781514321038,0.8223967441371716,0.7814814814814814,0.7576301615798923,0.667789376687405
0.3199999999999999,0.5,2,1,0.7077922077922078,0.9097035040431267,0.8504761904761905,0.6312822921559418,0.6958250497017893,0.8087478559176673,0.7674138541810482,0.8024219909517636,0.7649122807017544,0.7352445193929174,0.632205266452242
0.3199999999999999,0.5,3,1,0.7235494880546075,0.9152542372881356,0.8622641509433963,0.6497675829074994,0.7029177718832891,0.8194018626713715,0.7550931456428612,0.813776219134991,0.7653429602888087,0.743859649122807,0.650246714867796
0.3199999999999999,0.5,4,1,0.7403508771929824,0.9187418086500655,0.8702290076335878,0.6679015970212548,0.6949602122015914,0.829546342921524,0.774226009130308,0.8247371120229423,0.7728937728937729,0.7562724014336918,0.6681885300400655
0.3199999999999999,0.5,5,1,0.7241379310344828,0.9094488188976378,0.8583650190114068,0.6411183969521577,0.6976127320954908,0.8167933749660603,0.7182875956499908,0.8115210324435772,0.7526881720430108,0.7381370826010545,0.6413435367062602
0.32999999999999985,0.5,1,1,0.735191637630662,0.9199457259158752,0.8681640625,0.6672027116816085,0.6785950960901259,0.8275686817732686,0.8050796852300326,0.8223967441371716,0.7814814814814814,0.7576301615798923,0.667789376687405
0.32999999999999985,0.5,2,1,0.7045454545454546,0.9110512129380054,0.8504761904761905,0.6305650550622784,0.6958250497017893,0.80779833374173,0.7761079029192468,0.8011722604618776,0.7667844522968198,0.7343485617597293,0.6316589750488609
0.32999999999999985,0.5,3,1,0.7235494880546075,0.9152542372881356,0.8622641509433963,0.6497675829074994,0.7029177718832891,0.8194018626713715,0.7806976936776859,0.813776219134991,0.7653429602888087,0.743859649122807,0.650246714867796
0.32999999999999985,0.5,4,1,0.7368421052631579,0.9187418086500655,0.8692748091603053,0.6650866814712523,0.6949602122015914,0.8277919569566117,0.7739314495557973,0.8227804375889084,0.7720588235294118,0.7540394973070018,0.6654227963864703
0.32999999999999985,0.5,5,1,0.7241379310344828,0.9094488188976378,0.8583650190114068,0.6411183969521577,0.6976127320954908,0.8167933749660603,0.7375686169768538,0.8115210324435772,0.7526881720430108,0.7381370826010545,0.6413435367062602
0.33999999999999986,0.5,1,1,0.735191637630662,0.921302578018996,0.869140625,0.6693096318004136,0.6785950960901259,0.828247107824829,0.8084341732877863,0.8230030079453758,0.7843866171003717,0.7589928057553957,0.6699709628134688
0.33999999999999986,0.5,2,1,0.7045454545454546,0.9123989218328841,0.8514285714285714,0.6325607687959298,0.6958250497017893,0.8084721881891693,0.7345723939757861,0.8017646245061776,0.7695035460992907,0.735593220338983,0.6337502688537769
0.33999999999999986,0.5,3,1,0.726962457337884,0.9126466753585397,0.8613207547169811,0.6484998872095645,0.7029177718832891,0.8198045663482119,0.7619963612929742,0.8145304597127686,0.7607142857142857,0.743455497382199,0.6488134306784047
0.33999999999999986,0.5,4,1,0.7298245614035088,0.9213630406290957,0.8692748091603053,0.6635862637774611,0.6949602122015914,0.8255938010163022,0.7522944737755173,0.8200203515892353,0.7761194029850746,0.7522603978300181,0.66416521183935
0.33999999999999986,0.5,5,1,0.7241379310344828,0.9094488188976378,0.8583650190114068,0.6411183969521577,0.6976127320954908,0.8167933749660603,0.7502293868736628,0.8115210324435772,0.7526881720430108,0.7381370826010545,0.6413435367062602
0.34999999999999987,0.5,1,1,0.735191637630662,0.9226594301221167,0.8701171875,0.6714211267877478,0.6785950960901259,0.8289255338763893,0.8042462656536267,0.8236088254789723,0.7873134328358209,0.7603603603603604,0.6721620387405519
0.34999999999999987,0.5,2,1,0.7045454545454546,0.9137466307277629,0.8523809523809524,0.6345603721982962,0.6958250497017893,0.8091460426366087,0.7792138278447329,0.8023565512198859,0.7722419928825622,0.7368421052631579,0.6358499891138202
0.34999999999999987,0.5,3,1,0.726962457337884,0.9139504563233377,0.8622641509433963,0.6505173589626626,0.7029177718832891,0.8204564568306109,0.7525447579263518,0.8151120595438973,0.7634408602150538,0.7447552447552448,0.6508829507773155
0.34999999999999987,0.5,4,1,0.7298245614035088,0.9226736566186108,0.8702290076335878,0.6656673844609271,0.6949602122015914,0.8262491090110597,0.775139810997477,0.8206033735978967,0.7790262172284644,0.7536231884057971,0.6663200494556296
0.34999999999999987,0.5,5,1,0.7172413793103448,0.9094488188976378,0.8564638783269962,0.6355134182605824,0.6976127320954908,0.8133450991039912,0.7508610383103843,0.8076474015796161,0.7509025270758123,0.7336860670194003,0.6358265387627684
0.3599999999999999,0.5,1,1,0.735191637630662,0.9226594301221167,0.8701171875,0.6714211267877478,0.6785950960901259,0.8289255338763893,0.8041363219954466,0.8236088254789723,0.7873134328358209,0.7603603603603604,0.6721620387405519
0.3599999999999999,0.5,2,1,0.7045454545454546,0.9137466307277629,0.8523809523809524,0.6345603721982962,0.6958250497017893,0.8091460426366087,0.7791236711192835,0.8023565512198859,0.7722419928825622,0.7368421052631579,0.6358499891138202
0.3599999999999999,0.5,3,1,0.726962457337884,0.9152542372881356,0.8632075471698113,0.6525391543386262,0.7029177718832891,0.8211083473130099,0.7646110837898394,0.8156932446869312,0.7661870503597122,0.7460595446584939,0.6529610994067517
0.3599999999999999,0.5,4,1,0.7192982456140351,0.9239842726081258,0.8683206106870229,0.6592223264230881,0.6949602122015914,0.8216412591110804,0.7756289776753159,0.8152424585741258,0.779467680608365,0.7481751824817519,0.6601973026059719
0.3599999999999999,0.5,5,1,0.7172413793103448,0.9094488188976378,0.8564638783269962,0.6355134182605824,0.6976127320954908,0.8133450991039912,0.7526854534786844,0.8076474015796161,0.7509025270758123,0.7336860670194003,0.6358265387627684
0.3699999999999999,0.5,1,1,0.7282229965156795,0.9226594301221167,0.8681640625,0.6657543255607029,0.6785950960901259,0.8254412133188981,0.8066280576135895,0.819696172351059,0.7857142857142857,0.755877034358047,0.6666560384467957
0.3699999999999999,0.5,2,1,0.7045454545454546,0.9137466307277629,0.8523809523809524,0.6345603721982962,0.6958250497017893,0.8091460426366087,0.7669350281751031,0.8023565512198859,0.7722419928825622,0.7368421052631579,0.6358499891138202
0.3699999999999999,0.5,3,1,0.7201365187713311,0.9139504563233377,0.8603773584905661,0.6449698785637665,0.7029177718832891,0.8170434875473345,0.7751239069813086,0.8112762168005161,0.7617328519855595,0.7403508771929824,0.6454454727460212
0.3699999999999999,0.5,4,1,0.7228070175438597,0.9252948885976409,0.8702290076335878,0.6641611332865215,0.6949602122015914,0.8240509530707503,0.7613893662120116,0.817807825088412,0.7832699619771863,0.7518248175182481,0.6651434138625831
0.3699999999999999,0.5,5,1,0.7172413793103448,0.9094488188976378,0.8564638783269962,0.6355134182605824,0.6976127320954908,0.8133450991039912,0.7520671083506212,0.8076474015796161,0.7509025270758123,0.7336860670194003,0.6358265387627684
0.3799999999999999,0.5,1,1,0.7247386759581882,0.921302578018996,0.8662109375,0.6608025377912319,0.6785950960901259,0.823020626988592,0.8083292325658332,0.8171313300506551,0.7819548872180451,0.7522603978300181,0.6616975438627092
0.3799999999999999,0.5,2,1,0.7012987012987013,0.9150943396226415,0.8523809523809524,0.6338467353302465,0.6958250497017893,0.8081965204606714,0.7773897621839279,0.8010957944859972,0.7741935483870968,0.7359454855195912,0.6353393393836061
0.3799999999999999,0.5,3,1,0.7167235494880546,0.9139504563233377,0.8594339622641509,0.6421872026533515,0.7029177718832891,0.8153370029056961,0.7305690921702579,0.8093514781059523,0.7608695652173914,0.7381370826010545,0.6427230140714759
0.3799999999999999,0.5,4,1,0.7192982456140351,0.9239842726081258,0.8683206106870229,0.6592223264230881,0.6949602122015914,0.8216412591110804,0.7739680684711022,0.8152424585741258,0.779467680608365,0.7481751824817519,0.6601973026059719
0.3799999999999999,0.5,5,1,0.7172413793103448,0.9094488188976378,0.8564638783269962,0.6355134182605824,0.6976127320954908,0.8133450991039912,0.7536642907887161,0.8076474015796161,0.7509025270758123,0.7336860670194003,0.6358265387627684
0.3899999999999999,0.5,1,1,0.7282229965156795,0.921302578018996,0.8671875,0.6636443997893913,0.6785950960901259,0.8247627872673378,0.8075853971976446,0.8190932328267727,0.7827715355805244,0.7545126353790613,0.6644577597186863
0.3899999999999999,0.5,2,1,0.698051948051948,0.9164420485175202,0.8523809523809524,0.6331303058036418,0.6958250497017893,0.8072469982847341,0.7776248006531801,0.7998275796972575,0.776173285198556,0.7350427350427351,0.6348415213220289
0.3899999999999999,0.5,3,1,0.7098976109215017,0.9126466753585397,0.8566037735849057,0.6345905245730615,0.7029177718832891,0.8112721431400207,0.7645327833401377,0.8049134701646374,0.7563636363636363,0.7323943661971831,0.6351854896325676
0.3899999999999999,0.5,4,1,0.7157894736842105,0.9239842726081258,0.8673664122137404,0.6563658838071693,0.6949602122015914,0.8198868731461681,0.7478055523588873,0.8132516315278183,0.7786259541984732,0.7458866544789763,0.6574295106142575
0.3899999999999999,0.5,5,1,0.7172413793103448,0.9094488188976378,0.8564638783269962,0.6355134182605824,0.6976127320954908,0.8133450991039912,0.7518577086260937,0.8076474015796161,0.7509025270758123,0.7336860670194003,0.6358265387627684
0.3999999999999998,0.5,1,1,0.7282229965156795,0.921302578018996,0.8671875,0.6636443997893913,0.6785950960901259,0.8247627872673378,0.8062026199215504,0.8190932328267727,0.7827715355805244,0.7545126353790613,0.6644577597186863
0.3999999999999998,0.5,2,1,0.698051948051948,0.9164420485175202,0.8523809523809524,0.6331303058036418,0.6958250497017893,0.8072469982847341,0.7628947260422875,0.7998275796972575,0.776173285198556,0.7350427350427351,0.6348415213220289
0.3999999999999998,0.5,3,1,0.7030716723549488,0.9139504563233377,0.8556603773584905,0.6309964778798111,0.7029177718832891,0.8085110643391433,0.7752709162279271,0.8016063097161958,0.7573529411764706,0.7292035398230089,0.6318073459599498
0.3999999999999998,0.5,4,1,0.7192982456140351,0.9239842726081258,0.8683206106870229,0.6592223264230881,0.6949602122015914,0.8216412591110804,0.7706168635125974,0.8152424585741258,0.779467680608365,0.7481751824817519,0.6601973026059719
0.3999999999999998,0.5,5,1,0.7137931034482758,0.9081364829396326,0.8545627376425855,0.6306857814163515,0.6976127320954908,0.8109647931939542,0.7498352676390173,0.8051220767759896,0.7472924187725631,0.7301587301587301,0.6309965233187637
0.4099999999999998,0.5,1,1,0.7282229965156795,0.9226594301221167,0.8681640625,0.6657543255607029,0.6785950960901259,0.8254412133188981,0.8047887913483796,0.819696172351059,0.7857142857142857,0.755877034358047,0.6666560384467957
0.4099999999999998,0.5,2,1,0.698051948051948,0.9164420485175202,0.8523809523809524,0.6331303058036418,0.6958250497017893,0.8072469982847341,0.7794427353544073,0.7998275796972575,0.776173285198556,0.7350427350427351,0.6348415213220289
0.4099999999999998,0.5,3,1,0.7064846416382252,0.9139504563233377,0.8566037735849057,0.6338032010400426,0.7029177718832891,0.8102175489807815,0.7541320910408461,0.8035496005914543,0.7582417582417582,0.7314487632508834,0.6345402279758218
0.4099999999999998,0.5,4,1,0.7157894736842105,0.9239842726081258,0.8673664122137404,0.6563658838071693,0.6949602122015914,0.8198868731461681,0.7723455047561063,0.8132516315278183,0.7786259541984732,0.7458866544789763,0.6574295106142575
0.4099999999999998,0.5,5,1,0.7103448275862069,0.905511811023622,0.8517110266159695,0.6238516970130369,0.6976127320954908,0.8079283193049145,0.7535723963247323,0.8020134857213117,0.7410071942446043,0.7253521126760564,0.6241130067987462
0.4199999999999998,0.5,1,1,0.7282229965156795,0.9226594301221167,0.8681640625,0.6657543255607029,0.6785950960901259,0.8254412133188981,0.7866600432704495,0.819696172351059,0.7857142857142857,0.755877034358047,0.6666560384467957
0.4199999999999998,0.5,2,1,0.698051948051948,0.9191374663072777,0.8542857142857143,0.6371541501976286,0.6958250497017893,0.8085947071796129,0.7564535494869196,0.8010029331302895,0.7818181818181819,0.7375643224699828,0.6391143685199474
0.4199999999999998,0.5,3,1,0.7030716723549488,0.9152542372881356,0.8566037735849057,0.6330124773935505,0.7029177718832891,0.8091629548215422,0.7307829189336059,0.8021778650898581,0.7601476014760148,0.7304964539007093,0.6339073541527183
0.4199999999999998,0.5,4,1,0.7157894736842105,0.9239842726081258,0.8673664122137404,0.6563658838071693,0.6949602122015914,0.8198868731461681,0.763534547451225,0.8132516315278183,0.7786259541984732,0.7458866544789763,0.6574295106142575
0.4199999999999998,0.5,5,1,0.7103448275862069,0.905511811023622,0.8517110266159695,0.6238516970130369,0.6976127320954908,0.8079283193049145,0.7489264999625458,0.8020134857213117,0.7410071942446043,0.7253521126760564,0.6241130067987462
0.4299999999999998,0.5,1,1,0.7282229965156795,0.9226594301221167,0.8681640625,0.6657543255607029,0.6785950960901259,0.8254412133188981,0.8072086460143246,0.819696172351059,0.7857142857142857,0.755877034358047,0.6666560384467957
0.4299999999999998,0.5,2,1,0.6948051948051948,0.9191374663072777,0.8533333333333334,0.6344242577704629,0.6958250497017893,0.8069713305562363,0.7809924529367102,0.7991379645157531,0.781021897810219,0.7353951890034365,0.636500840030011
0.4299999999999998,0.5,3,1,0.7030716723549488,0.9152542372881356,0.8566037735849057,0.6330124773935505,0.7029177718832891,0.8091629548215422,0.7758180851744757,0.8021778650898581,0.7601476014760148,0.7304964539007093,0.6339073541527183
0.4299999999999998,0.5,4,1,0.7157894736842105,0.9226736566186108,0.8664122137404581,0.6542835195596546,0.6949602122015914,0.8192315651514106,0.7640765004872541,0.8126746526460151,0.7756653992395437,0.7445255474452555,0.6552511913493607
0.4299999999999998,0.5,5,1,0.7068965517241379,0.9041994750656168,0.8498098859315589,0.6190292828721785,0.6976127320954908,0.8055480133948774,0.7260885794695708,0.7994845157941836,0.737410071942446,0.721830985915493,0.6192885727162705
0.43999999999999984,0.5,1,1,0.7282229965156795,0.9226594301221167,0.8681640625,0.6657543255607029,0.6785950960901259,0.8254412133188981,0.8042887474984846,0.819696172351059,0.7857142857142857,0.755877034358047,0.6666560384467957
0.43999999999999984,0.5,2,1,0.698051948051948,0.9191374663072777,0.8542857142857143,0.6371541501976286,0.6958250497017893,0.8085947071796129,0.7780824647329216,0.8010029331302895,0.7818181818181819,0.7375643224699828,0.6391143685199474
0.43999999999999984,0.5,3,1,0.6962457337883959,0.9165580182529335,0.8556603773584905,0.6293977313236383,0.7029177718832891,0.8064018760206647,0.7446794052262147,0.7988426691020902,0.7611940298507462,0.7272727272727273,0.6305549219778273
0.43999999999999984,0.5,4,1,0.7157894736842105,0.9226736566186108,0.8664122137404581,0.6542835195596546,0.6949602122015914,0.8192315651514106,0.7713004238098751,0.8126746526460151,0.7756653992395437,0.7445255474452555,0.6552511913493607
0.43999999999999984,0.5,5,1,0.7034482758620689,0.9028871391076115,0.8479087452471483,0.6142068687313201,0.6976127320954908,0.8031677074848402,0.7357793144294515,0.7969531989416225,0.7338129496402878,0.7183098591549296,0.6144641386337948
0.44999999999999984,0.5,1,1,0.7247386759581882,0.9226594301221167,0.8671875,0.6629116663197285,0.6785950960901259,0.8236990530401525,0.7849955201992881,0.8177328254063422,0.7849056603773585,0.7536231884057971,0.6638994241479947
0.44999999999999984,0.5,2,1,0.698051948051948,0.9191374663072777,0.8542857142857143,0.6371541501976286,0.6958250497017893,0.8085947071796129,0.776648758575148,0.8010029331302895,0.7818181818181819,0.7375643224699828,0.6391143685199474
0.44999999999999984,0.5,3,1,0.6996587030716723,0.9165580182529335,0.8566037735849057,0.6322183315604699,0.7029177718832891,0.808108360662303,0.778741458765075,0.8007982232377826,0.7620817843866171,0.7295373665480427,0.6332870238010223
0.44999999999999984,0.5,4,1,0.712280701754386,0.9226736566186108,0.8654580152671756,0.6514215080346106,0.6949602122015914,0.8174771791864983,0.7728671259892013,0.8106803560137555,0.7748091603053435,0.7422303473491774,0.6524771225870314
0.44999999999999984,0.5,5,1,0.7,0.9015748031496063,0.8460076045627376,0.6093844545904614,0.6976127320954908,0.8007874015748031,0.7124130313754103,0.7944195127290897,0.7302158273381295,0.7147887323943662,0.6096397045513191
0.45999999999999985,0.5,1,1,0.7247386759581882,0.9226594301221167,0.8671875,0.6629116663197285,0.6785950960901259,0.8236990530401525,0.8044835987935659,0.8177328254063422,0.7849056603773585,0.7536231884057971,0.6638994241479947
0.45999999999999985,0.5,2,1,0.698051948051948,0.9177897574123989,0.8533333333333334,0.6351402577710388,0.6958250497017893,0.8079208527321735,0.7353615031820107,0.8004154721542118,0.7789855072463768,0.7363013698630136,0.6369735311021298
0.45999999999999985,0.5,3,1,0.6996587030716723,0.9165580182529335,0.8566037735849057,0.6322183315604699,0.7029177718832891,0.808108360662303,0.7759292563180223,0.8007982232377826,0.7620817843866171,0.7295373665480427,0.6332870238010223
0.45999999999999985,0.5,4,1,0.712280701754386,0.9226736566186108,0.8654580152671756,0.6514215080346106,0.6949602122015914,0.8174771791864983,0.7729794335004387,0.8106803560137555,0.7748091603053435,0.7422303473491774,0.6524771225870314
0.45999999999999985,0.5,5,1,0.7,0.9028871391076115,0.846958174904943,0.6113752340394287,0.6976127320954908,0.8014435695538058,0.7493343800743393,0.7949974826220068,0.7328519855595668,0.7160493827160493,0.6116764615427449
0.46999999999999986,0.5,1,1,0.7247386759581882,0.9253731343283582,0.869140625,0.6671437373556053,0.6785950960901259,0.8250559051432732,0.7924647840044675,0.8189344907502754,0.7908745247148289,0.7563636363636363,0.6683324456564679
0.46999999999999986,0.5,2,1,0.698051948051948,0.9177897574123989,0.8533333333333334,0.6351402577710388,0.6958250497017893,0.8079208527321735,0.777752510265457,0.8004154721542118,0.7789855072463768,0.7363013698630136,0.6369735311021298
0.46999999999999986,0.5,3,1,0.6996587030716723,0.9165580182529335,0.8566037735849057,0.6322183315604699,0.7029177718832891,0.808108360662303,0.7746645473000017,0.8007982232377826,0.7620817843866171,0.7295373665480427,0.6332870238010223
0.46999999999999986,0.5,4,1,0.712280701754386,0.9226736566186108,0.8654580152671756,0.6514215080346106,0.6949602122015914,0.8174771791864983,0.7716786075382318,0.8106803560137555,0.7748091603053435,0.7422303473491774,0.6524771225870314
0.46999999999999986,0.5,5,1,0.696551724137931,0.9028871391076115,0.8460076045627376,0.608537459343244,0.6976127320954908,0.7997194316227713,0.7276837237634562,0.7930369433055252,0.7318840579710145,0.7137809187279152,0.6088859866093291
0.47999999999999976,0.5,1,1,0.7247386759581882,0.9253731343283582,0.869140625,0.6671437373556053,0.6785950960901259,0.8250559051432732,0.7847622880722438,0.8189344907502754,0.7908745247148289,0.7563636363636363,0.6683324456564679
0.47999999999999976,0.5,2,1,0.698051948051948,0.9164420485175202,0.8523809523809524,0.6331303058036418,0.6958250497017893,0.8072469982847341,0.7784934126234251,0.7998275796972575,0.776173285198556,0.7350427350427351,0.6348415213220289
0.47999999999999976,0.5,3,1,0.6996587030716723,0.9178617992177314,0.8575471698113207,0.6342422054239829,0.7029177718832891,0.8087602511447018,0.7680110818909747,0.8013675786052925,0.7649253731343284,0.7308377896613191,0.6354083029742003
0.47999999999999976,0.5,4,1,0.712280701754386,0.9239842726081258,0.8664122137404581,0.6535029921735886,0.6949602122015914,0.8181324871812559,0.7505494242160051,0.811255918994328,0.7777777777777778,0.7435897435897436,0.6546589289398357
0.47999999999999976,0.5,5,1,0.696551724137931,0.9028871391076115,0.8460076045627376,0.608537459343244,0.6976127320954908,0.7997194316227713,0.7313815154876782,0.7930369433055252,0.7318840579710145,0.7137809187279152,0.6088859866093291
0.48999999999999977,0.5,1,1,0.7247386759581882,0.9253731343283582,0.869140625,0.6671437373556053,0.6785950960901259,0.8250559051432732,0.7960100992455381,0.8189344907502754,0.7908745247148289,0.7563636363636363,0.6683324456564679
0.48999999999999977,0.5,2,1,0.698051948051948,0.9164420485175202,0.8523809523809524,0.6331303058036418,0.6958250497017893,0.8072469982847341,0.76613287557899,0.7998275796972575,0.776173285198556,0.7350427350427351,0.6348415213220289
0.48999999999999977,0.5,3,1,0.6962457337883959,0.9178617992177314,0.8566037735849057,0.6314207412762103,0.7029177718832891,0.8070537665030637,0.7613792145479175,0.7994106341003269,0.7640449438202247,0.7285714285714285,0.6326793977403148
0.48999999999999977,0.5,4,1,0.712280701754386,0.9239842726081258,0.8664122137404581,0.6535029921735886,0.6949602122015914,0.8181324871812559,0.751259731222454,0.811255918994328,0.7777777777777778,0.7435897435897436,0.6546589289398357
0.48999999999999977,0.5,5,1,0.696551724137931,0.9028871391076115,0.8460076045627376,0.608537459343244,0.6976127320954908,0.7997194316227713,0.7468144426051051,0.7930369433055252,0.7318840579710145,0.7137809187279152,0.6088859866093291
0.4999999999999998,0.5,1,1,0.7247386759581882,0.9253731343283582,0.869140625,0.6671437373556053,0.6785950960901259,0.8250559051432732,0.8048109295775348,0.8189344907502754,0.7908745247148289,0.7563636363636363,0.6683324456564679
0.4999999999999998,0.5,2,1,0.698051948051948,0.9164420485175202,0.8523809523809524,0.6331303058036418,0.6958250497017893,0.8072469982847341,0.7784242623220261,0.7998275796972575,0.776173285198556,0.7350427350427351,0.6348415213220289
0.4999999999999998,0.5,3,1,0.6928327645051194,0.9178617992177314,0.8556603773584905,0.6285931517139036,0.7029177718832891,0.8053472818614253,0.7596834440298408,0.7974488872558941,0.7631578947368421,0.7262969588550984,0.6299476739113392
0.4999999999999998,0.5,4,1,0.712280701754386,0.9239842726081258,0.8664122137404581,0.6535029921735886,0.6949602122015914,0.8181324871812559,0.7462743662452522,0.811255918994328,0.7777777777777778,0.7435897435897436,0.6546589289398357
0.4999999999999998,0.5,5,1,0.696551724137931,0.9028871391076115,0.8460076045627376,0.608537459343244,0.6976127320954908,0.7997194316227713,0.7437644952595768,0.7930369433055252,0.7318840579710145,0.7137809187279152,0.6088859866093291
0.5099999999999998,0.5,1,1,0.7247386759581882,0.9253731343283582,0.869140625,0.6671437373556053,0.6785950960901259,0.8250559051432732,0.8056617828115147,0.8189344907502754,0.7908745247148289,0.7563636363636363,0.6683324456564679
0.5099999999999998,0.5,2,1,0.6948051948051948,0.9164420485175202,0.8514285714285714,0.6304018195602729,0.6958250497017893,0.8056236216613575,0.7790906131430333,0.7979653476485601,0.7753623188405797,0.7328767123287672,0.6322214158298072
0.5099999999999998,0.5,3,1,0.6928327645051194,0.9178617992177314,0.8556603773584905,0.6285931517139036,0.7029177718832891,0.8053472818614253,0.7565572461824659,0.7974488872558941,0.7631578947368421,0.7262969588550984,0.6299476739113392
0.5099999999999998,0.5,4,1,0.712280701754386,0.9226736566186108,0.8654580152671756,0.6514215080346106,0.6949602122015914,0.8174771791864983,0.7601756729104866,0.8106803560137555,0.7748091603053435,0.7422303473491774,0.6524771225870314
0.5099999999999998,0.5,5,1,0.696551724137931,0.9028871391076115,0.8460076045627376,0.608537459343244,0.6976127320954908,0.7997194316227713,0.7537554902067133,0.7930369433055252,0.7318840579710145,0.7137809187279152,0.6088859866093291
0.5199999999999998,0.5,1,1,0.7247386759581882,0.9253731343283582,0.869140625,0.6671437373556053,0.6785950960901259,0.8250559051432732,0.8045277072558065,0.8189344907502754,0.7908745247148289,0.7563636363636363,0.6683324456564679
0.5199999999999998,0.5,2,1,0.6915584415584416,0.9164420485175202,0.8504761904761905,0.6276679841897234,0.6958250497017893,0.8040002450379808,0.7823844527805242,0.7960987594836473,0.7745454545454545,0.7307032590051458,0.6295990181201467
0.5199999999999998,0.5,3,1,0.6928327645051194,0.9191655801825294,0.8566037735849057,0.6306196840826246,0.7029177718832891,0.8059991723438245,0.7491247248773723,0.7980150562212557,0.7660377358490567,0.7275985663082437,0.6320846421436164
0.5199999999999998,0.5,4,1,0.7087719298245614,0.9226736566186108,0.8645038167938931,0.6485530349189255,0.6949602122015914,0.815722793221586,0.7721856353887492,0.8086811412416253,0.7739463601532567,0.73992673992674,0.6497002160441878
0.5199999999999998,0.5,5,1,0.696551724137931,0.9028871391076115,0.8460076045627376,0.608537459343244,0.6976127320954908,0.7997194316227713,0.7501472954384173,0.7930369433055252,0.7318840579710145,0.7137809187279152,0.6088859866093291
0.5299999999999998,0.5,1,1,0.7247386759581882,0.9253731343283582,0.869140625,0.6671437373556053,0.6785950960901259,0.8250559051432732,0.804882750411352,0.8189344907502754,0.7908745247148289,0.7563636363636363,0.6683324456564679
0.5299999999999998,0.5,2,1,0.6883116883116883,0.9164420485175202,0.8495238095238096,0.624928783946319,0.6958250497017893,0.8023768684146042,0.7789671759128443,0.7942277844893847,0.7737226277372263,0.7285223367697594,0.6269742858487596
0.5299999999999998,0.5,3,1,0.6928327645051194,0.9191655801825294,0.8566037735849057,0.6306196840826246,0.7029177718832891,0.8059991723438245,0.7608878586217395,0.7980150562212557,0.7660377358490567,0.7275985663082437,0.6320846421436164
0.5299999999999998,0.5,4,1,0.7087719298245614,0.9239842726081258,0.8654580152671756,0.6506336296576508,0.6949602122015914,0.8163781012163436,0.7719974172802662,0.8092552848292095,0.7769230769230769,0.7412844036697248,0.6518855091605688
0.5299999999999998,0.5,5,1,0.6931034482758621,0.9028871391076115,0.8450570342205324,0.6056935246504784,0.6976127320954908,0.7979952936917368,0.7395637113633341,0.7910715451331906,0.730909090909091,0.7115044247787611,0.6060926664277885
0.5399999999999998,0.5,1,1,0.7247386759581882,0.9253731343283582,0.869140625,0.6671437373556053,0.6785950960901259,0.8250559051432732,0.8047131340157856,0.8189344907502754,0.7908745247148289,0.7563636363636363,0.6683324456564679
0.5399999999999998,0.5,2,1,0.685064935064935,0.9164420485175202,0.8485714285714285,0.6221842030225263,0.6958250497017893,0.8007534917912276,0.7754138540292327,0.7923523915900241,0.7728937728937729,0.7263339070567987,0.6243471762953213
0.5399999999999998,0.5,3,1,0.689419795221843,0.9191655801825294,0.8556603773584905,0.6277850710095567,0.7029177718832891,0.8042926877021862,0.7758123684792326,0.7960470752816105,0.7651515151515151,0.725314183123878,0.6293532897695315
0.5399999999999998,0.5,4,1,0.7087719298245614,0.9239842726081258,0.8654580152671756,0.6506336296576508,0.6949602122015914,0.8163781012163436,0.7687199839552264,0.8092552848292095,0.7769230769230769,0.7412844036697248,0.6518855091605688
0.5399999999999998,0.5,5,1,0.6931034482758621,0.9028871391076115,0.8450570342205324,0.6056935246504784,0.6976127320954908,0.7979952936917368,0.7504563060552553,0.7910715451331906,0.730909090909091,0.7115044247787611,0.6060926664277885
0.5499999999999998,0.5,1,1,0.7247386759581882,0.9253731343283582,0.869140625,0.6671437373556053,0.6785950960901259,0.8250559051432732,0.8053127677837408,0.8189344907502754,0.7908745247148289,0.7563636363636363,0.6683324456564679
0.5499999999999998,0.5,2,1,0.685064935064935,0.9164420485175202,0.8485714285714285,0.6221842030225263,0.6958250497017893,0.8007534917912276,0.7780497142972174,0.7923523915900241,0.7728937728937729,0.7263339070567987,0.6243471762953213
0.5499999999999998,0.5,3,1,0.6860068259385665,0.9191655801825294,0.8547169811320755,0.6249442838696634,0.7029177718832891,0.802586203060548,0.7757717105966765,0.7940742170433428,0.7642585551330798,0.7230215827338129,0.626619022248246
0.5499999999999998,0.5,4,1,0.7087719298245614,0.9239842726081258,0.8654580152671756,0.6506336296576508,0.6949602122015914,0.8163781012163436,0.7695144335696762,0.8092552848292095,0.7769230769230769,0.7412844036697248,0.6518855091605688
0.5499999999999998,0.5,5,1,0.6896551724137931,0.9028871391076115,0.844106463878327,0.6028434098819543,0.6976127320954908,0.7962711557607023,0.7322227249248846,0.7891012517994482,0.7299270072992701,0.7092198581560284,0.6032964531576549
0.5599999999999997,0.5,1,1,0.7247386759581882,0.926729986431479,0.8701171875,0.6692667100546883,0.6785950960901259,0.8257343311948335,0.7764097246160491,0.8195346626818781,0.7938931297709924,0.7577413479052824,0.6705637784655677
0.5599999999999997,0.5,2,1,0.685064935064935,0.9164420485175202,0.8485714285714285,0.6221842030225263,0.6958250497017893,0.8007534917912276,0.7788986177438306,0.7923523915900241,0.7728937728937729,0.7263339070567987,0.6243471762953213
0.5599999999999997,0.5,3,1,0.6860068259385665,0.9191655801825294,0.8547169811320755,0.6249442838696634,0.7029177718832891,0.802586203060548,0.7769812711875325,0.7940742170433428,0.7642585551330798,0.7230215827338129,0.626619022248246
0.5599999999999997,0.5,4,1,0.7087719298245614,0.9239842726081258,0.8654580152671756,0.6506336296576508,0.6949602122015914,0.8163781012163436,0.7720461194549685,0.8092552848292095,0.7769230769230769,0.7412844036697248,0.6518855091605688
0.5599999999999997,0.5,5,1,0.6896551724137931,0.9028871391076115,0.844106463878327,0.6028434098819543,0.6976127320954908,0.7962711557607023,0.7532374550983334,0.7891012517994482,0.7299270072992701,0.7092198581560284,0.6032964531576549
0.5699999999999997,0.5,1,1,0.7247386759581882,0.926729986431479,0.8701171875,0.6692667100546883,0.6785950960901259,0.8257343311948335,0.8031654544800707,0.8195346626818781,0.7938931297709924,0.7577413479052824,0.6705637784655677
0.5699999999999997,0.5,2,1,0.685064935064935,0.9164420485175202,0.8485714285714285,0.6221842030225263,0.6958250497017893,0.8007534917912276,0.7806718315034672,0.7923523915900241,0.7728937728937729,0.7263339070567987,0.6243471762953213
0.5699999999999997,0.5,3,1,0.6825938566552902,0.9191655801825294,0.8537735849056604,0.6220973024693629,0.7029177718832891,0.8008797184189098,0.7521213643563974,0.7920964450630933,0.7633587786259542,0.7207207207207207,0.6238817913281429
0.5699999999999997,0.5,4,1,0.7087719298245614,0.9226736566186108,0.8645038167938931,0.6485530349189255,0.6949602122015914,0.815722793221586,0.7682225444099298,0.8086811412416253,0.7739463601532567,0.73992673992674,0.6497002160441878
0.5699999999999997,0.5,5,1,0.6896551724137931,0.9028871391076115,0.844106463878327,0.6028434098819543,0.6976127320954908,0.7962711557607023,0.7334033061036028,0.7891012517994482,0.7299270072992701,0.7092198581560284,0.6032964531576549
0.5799999999999997,0.5,1,1,0.7247386759581882,0.926729986431479,0.8701171875,0.6692667100546883,0.6785950960901259,0.8257343311948335,0.8054981959112687,0.8195346626818781,0.7938931297709924,0.7577413479052824,0.6705637784655677
0.5799999999999997,0.5,2,1,0.685064935064935,0.9164420485175202,0.8485714285714285,0.6221842030225263,0.6958250497017893,0.8007534917912276,0.7777516689341871,0.7923523915900241,0.7728937728937729,0.7263339070567987,0.6243471762953213
0.5799999999999997,0.5,3,1,0.6825938566552902,0.9191655801825294,0.8537735849056604,0.6220973024693629,0.7029177718832891,0.8008797184189098,0.7424206969797782,0.7920964450630933,0.7633587786259542,0.7207207207207207,0.6238817913281429
0.5799999999999997,0.5,4,1,0.7087719298245614,0.9226736566186108,0.8645038167938931,0.6485530349189255,0.6949602122015914,0.815722793221586,0.7614920668543395,0.8086811412416253,0.7739463601532567,0.73992673992674,0.6497002160441878
0.5799999999999997,0.5,5,1,0.6896551724137931,0.9028871391076115,0.844106463878327,0.6028434098819543,0.6976127320954908,0.7962711557607023,0.747666425422279,0.7891012517994482,0.7299270072992701,0.7092198581560284,0.6032964531576549
0.5899999999999997,0.5,1,1,0.7247386759581882,0.926729986431479,0.8701171875,0.6692667100546883,0.6785950960901259,0.8257343311948335,0.8039503162640775,0.8195346626818781,0.7938931297709924,0.7577413479052824,0.6705637784655677
0.5899999999999997,0.5,2,1,0.6818181818181818,0.9164420485175202,0.8476190476190476,0.6194342255486489,0.6958250497017893,0.7991301151678509,0.7648857762055187,0.7904725493411808,0.7720588235294118,0.7241379310344828,0.6217176463569571
0.5899999999999997,0.5,3,1,0.6757679180887372,0.9191655801825294,0.8518867924528302,0.6163846756719376,0.7029177718832891,0.7974667491356333,0.7273670867643831,0.7881260118145917,0.7615384615384615,0.7160940325497287,0.6183982439104128
0.5899999999999997,0.5,4,1,0.7087719298245614,0.9226736566186108,0.8645038167938931,0.6485530349189255,0.6949602122015914,0.815722793221586,0.7564820491469386,0.8086811412416253,0.7739463601532567,0.73992673992674,0.6497002160441878
0.5899999999999997,0.5,5,1,0.6896551724137931,0.9028871391076115,0.844106463878327,0.6028434098819543,0.6976127320954908,0.7962711557607023,0.7539152280078012,0.7891012517994482,0.7299270072992701,0.7092198581560284,0.6032964531576549
0.5999999999999998,0.5,1,1,0.7247386759581882,0.9253731343283582,0.869140625,0.6671437373556053,0.6785950960901259,0.8250559051432732,0.8026746628514778,0.8189344907502754,0.7908745247148289,0.7563636363636363,0.6683324456564679
0.5999999999999998,0.5,2,1,0.6753246753246753,0.9164420485175202,0.8457142857142858,0.6139180171591994,0.6958250497017893,0.7958833619210978,0.7749364938085453,0.7866993891372833,0.7703703703703704,0.7197231833910035,0.6164511509612546
0.5999999999999998,0.5,3,1,0.6757679180887372,0.9191655801825294,0.8518867924528302,0.6163846756719376,0.7029177718832891,0.7974667491356333,0.7713786101988845,0.7881260118145917,0.7615384615384615,0.7160940325497287,0.6183982439104128
0.5999999999999998,0.5,4,1,0.7087719298245614,0.9226736566186108,0.8645038167938931,0.6485530349189255,0.6949602122015914,0.815722793221586,0.7585745951599988,0.8086811412416253,0.7739463601532567,0.73992673992674,0.6497002160441878
0.5999999999999998,0.5,5,1,0.6896551724137931,0.9028871391076115,0.844106463878327,0.6028434098819543,0.6976127320954908,0.7962711557607023,0.7475150373494309,0.7891012517994482,0.7299270072992701,0.7092198581560284,0.6032964531576549
0.6099999999999998,0.5,1,1,0.7247386759581882,0.9253731343283582,0.869140625,0.6671437373556053,0.6785950960901259,0.8250559051432732,0.8034452098732319,0.8189344907502754,0.7908745247148289,0.7563636363636363,0.6683324456564679
0.6099999999999998,0.5,2,1,0.6753246753246753,0.9164420485175202,0.8457142857142858,0.6139180171591994,0.6958250497017893,0.7958833619210978,0.7787714993718222,0.7866993891372833,0.7703703703703704,0.7197231833910035,0.6164511509612546
0.6099999999999998,0.5,3,1,0.6757679180887372,0.9191655801825294,0.8518867924528302,0.6163846756719376,0.7029177718832891,0.7974667491356333,0.7622628630746845,0.7881260118145917,0.7615384615384615,0.7160940325497287,0.6183982439104128
0.6099999999999998,0.5,4,1,0.7052631578947368,0.9226736566186108,0.8635496183206107,0.6456780783052771,0.6949602122015914,0.8139684072566737,0.7725885614149439,0.8066769717632489,0.7730769230769231,0.7376146788990826,0.6469204228673605
0.6099999999999998,0.5,5,1,0.6896551724137931,0.9028871391076115,0.844106463878327,0.6028434098819543,0.6976127320954908,0.7962711557607023,0.7512177067493213,0.7891012517994482,0.7299270072992701,0.7092198581560284,0.6032964531576549
0.6199999999999998,0.5,1,1,0.7247386759581882,0.9253731343283582,0.869140625,0.6671437373556053,0.6785950960901259,0.8250559051432732,0.8028753944574949,0.8189344907502754,0.7908745247148289,0.7563636363636363,0.6683324456564679
0.6199999999999998,0.5,2,1,0.6753246753246753,0.9164420485175202,0.8457142857142858,0.6139180171591994,0.6958250497017893,0.7958833619210978,0.7655752807827552,0.7866993891372833,0.7703703703703704,0.7197231833910035,0.6164511509612546
0.6199999999999998,0.5,3,1,0.6757679180887372,0.9191655801825294,0.8518867924528302,0.6163846756719376,0.7029177718832891,0.7974667491356333,0.7732085814820595,0.7881260118145917,0.7615384615384615,0.7160940325497287,0.6183982439104128
0.6199999999999998,0.5,4,1,0.7087719298245614,0.9226736566186108,0.8645038167938931,0.6485530349189255,0.6949602122015914,0.815722793221586,0.76852379338457,0.8086811412416253,0.7739463601532567,0.73992673992674,0.6497002160441878
0.6199999999999998,0.5,5,1,0.6896551724137931,0.9028871391076115,0.844106463878327,0.6028434098819543,0.6976127320954908,0.7962711557607023,0.7256702303163212,0.7891012517994482,0.7299270072992701,0.7092198581560284,0.6032964531576549
0.6299999999999997,0.5,1,1,0.7247386759581882,0.9253731343283582,0.869140625,0.6671437373556053,0.6785950960901259,0.8250559051432732,0.8017294948539911,0.8189344907502754,0.7908745247148289,0.7563636363636363,0.6683324456564679
0.6299999999999997,0.5,2,1,0.6753246753246753,0.9164420485175202,0.8457142857142858,0.6139180171591994,0.6958250497017893,0.7958833619210978,0.779098359638595,0.7866993891372833,0.7703703703703704,0.7197231833910035,0.6164511509612546
0.6299999999999997,0.5,3,1,0.6757679180887372,0.9191655801825294,0.8518867924528302,0.6163846756719376,0.7029177718832891,0.7974667491356333,0.7710455829655423,0.7881260118145917,0.7615384615384615,0.7160940325497287,0.6183982439104128
0.6299999999999997,0.5,4,1,0.7087719298245614,0.9226736566186108,0.8645038167938931,0.6485530349189255,0.6949602122015914,0.815722793221586,0.7687833426290812,0.8086811412416253,0.7739463601532567,0.73992673992674,0.6497002160441878
0.6299999999999997,0.5,5,1,0.6896551724137931,0.9028871391076115,0.844106463878327,0.6028434098819543,0.6976127320954908,0.7962711557607023,0.7486937134477818,0.7891012517994482,0.7299270072992701,0.7092198581560284,0.6032964531576549
0.6399999999999997,0.5,1,1,0.7247386759581882,0.9253731343283582,0.869140625,0.6671437373556053,0.6785950960901259,0.8250559051432732,0.8041458792357601,0.8189344907502754,0.7908745247148289,0.7563636363636363,0.6683324456564679
0.6399999999999997,0.5,2,1,0.6688311688311688,0.9164420485175202,0.8438095238095238,0.608380030565461,0.6958250497017893,0.7926366086743445,0.7797036621910471,0.7829080447127899,0.7686567164179104,0.7152777777777778,0.611174446932315
0.6399999999999997,0.5,3,1,0.6757679180887372,0.9191655801825294,0.8518867924528302,0.6163846756719376,0.7029177718832891,0.7974667491356333,0.7734009250095824,0.7881260118145917,0.7615384615384615,0.7160940325497287,0.6183982439104128
0.6399999999999997,0.5,4,1,0.7052631578947368,0.9213630406290957,0.8625954198473282,0.6436030776642625,0.6949602122015914,0.8133130992619162,0.7706224514129143,0.8061038441798754,0.7701149425287356,0.7362637362637363,0.6447415031485398
0.6399999999999997,0.5,5,1,0.6896551724137931,0.9028871391076115,0.844106463878327,0.6028434098819543,0.6976127320954908,0.7962711557607023,0.7490986951492901,0.7891012517994482,0.7299270072992701,0.7092198581560284,0.6032964531576549
0.6499999999999997,0.5,1,1,0.7212543554006968,0.9253731343283582,0.8681640625,0.6642932771231799,0.6785950960901259,0.8233137448645276,0.8009618975848944,0.8169635264227666,0.7900763358778626,0.7540983606557377,0.6655807068016195
0.6499999999999997,0.5,2,1,0.6688311688311688,0.9164420485175202,0.8438095238095238,0.608380030565461,0.6958250497017893,0.7926366086743445,0.7752010375753288,0.7829080447127899,0.7686567164179104,0.7152777777777778,0.611174446932315
0.6499999999999997,0.5,3,1,0.6757679180887372,0.9191655801825294,0.8518867924528302,0.6163846756719376,0.7029177718832891,0.7974667491356333,0.7744287410805614,0.7881260118145917,0.7615384615384615,0.7160940325497287,0.6183982439104128
0.6499999999999997,0.5,4,1,0.7052631578947368,0.9213630406290957,0.8625954198473282,0.6436030776642625,0.6949602122015914,0.8133130992619162,0.7680637837977397,0.8061038441798754,0.7701149425287356,0.7362637362637363,0.6447415031485398
0.6499999999999997,0.5,5,1,0.6896551724137931,0.9041994750656168,0.8450570342205324,0.6048357361454225,0.6976127320954908,0.796927323739705,0.7493816875567023,0.7896745183129814,0.7326007326007326,0.7104795737122558,0.6053500628700096
0.6599999999999997,0.5,1,1,0.7212543554006968,0.9253731343283582,0.8681640625,0.6642932771231799,0.6785950960901259,0.8233137448645276,0.8028192730605384,0.8169635264227666,0.7900763358778626,0.7540983606557377,0.6655807068016195
0.6599999999999997,0.5,2,1,0.6688311688311688,0.9164420485175202,0.8438095238095238,0.608380030565461,0.6958250497017893,0.7926366086743445,0.7804668275332481,0.7829080447127899,0.7686567164179104,0.7152777777777778,0.611174446932315
0.6599999999999997,0.5,3,1,0.6757679180887372,0.9191655801825294,0.8518867924528302,0.6163846756719376,0.7029177718832891,0.7974667491356333,0.7714992497541109,0.7881260118145917,0.7615384615384615,0.7160940325497287,0.6183982439104128
0.6599999999999997,0.5,4,1,0.6982456140350877,0.9213630406290957,0.8606870229007634,0.6378354580786875,0.6949602122015914,0.8098043273320916,0.7624750952892123,0.8020833510635278,0.7683397683397684,0.7316176470588235,0.6391661850695896
0.6599999999999997,0.5,5,1,0.6896551724137931,0.9041994750656168,0.8450570342205324,0.6048357361454225,0.6976127320954908,0.796927323739705,0.7370657040470744,0.7896745183129814,0.7326007326007326,0.7104795737122558,0.6053500628700096
0.6699999999999997,0.5,1,1,0.7212543554006968,0.9253731343283582,0.8681640625,0.6642932771231799,0.6785950960901259,0.8233137448645276,0.7753128625579505,0.8169635264227666,0.7900763358778626,0.7540983606557377,0.6655807068016195
0.6699999999999997,0.5,2,1,0.6688311688311688,0.9164420485175202,0.8438095238095238,0.608380030565461,0.6958250497017893,0.7926366086743445,0.7779818538415879,0.7829080447127899,0.7686567164179104,0.7152777777777778,0.611174446932315
0.6699999999999997,0.5,3,1,0.6757679180887372,0.9191655801825294,0.8518867924528302,0.6163846756719376,0.7029177718832891,0.7974667491356333,0.7738213077945604,0.7881260118145917,0.7615384615384615,0.7160940325497287,0.6183982439104128
0.6699999999999997,0.5,4,1,0.6982456140350877,0.9213630406290957,0.8606870229007634,0.6378354580786875,0.6949602122015914,0.8098043273320916,0.7680133272976968,0.8020833510635278,0.7683397683397684,0.7316176470588235,0.6391661850695896
0.6699999999999997,0.5,5,1,0.6896551724137931,0.9028871391076115,0.844106463878327,0.6028434098819543,0.6976127320954908,0.7962711557607023,0.7362046210410578,0.7891012517994482,0.7299270072992701,0.7092198581560284,0.6032964531576549
0.6799999999999997,0.5,1,1,0.7212543554006968,0.9253731343283582,0.8681640625,0.6642932771231799,0.6785950960901259,0.8233137448645276,0.8019063477081281,0.8169635264227666,0.7900763358778626,0.7540983606557377,0.6655807068016195
0.6799999999999997,0.5,2,1,0.6688311688311688,0.9164420485175202,0.8438095238095238,0.608380030565461,0.6958250497017893,0.7926366086743445,0.7789008139944605,0.7829080447127899,0.7686567164179104,0.7152777777777778,0.611174446932315
0.6799999999999997,0.5,3,1,0.6757679180887372,0.9191655801825294,0.8518867924528302,0.6163846756719376,0.7029177718832891,0.7974667491356333,0.7639624920083872,0.7881260118145917,0.7615384615384615,0.7160940325497287,0.6183982439104128
0.6799999999999997,0.5,4,1,0.6982456140350877,0.9213630406290957,0.8606870229007634,0.6378354580786875,0.6949602122015914,0.8098043273320916,0.7518292986250608,0.8020833510635278,0.7683397683397684,0.7316176470588235,0.6391661850695896
0.6799999999999997,0.5,5,1,0.6896551724137931,0.9028871391076115,0.844106463878327,0.6028434098819543,0.6976127320954908,0.7962711557607023,0.730511025996165,0.7891012517994482,0.7299270072992701,0.7092198581560284,0.6032964531576549
0.6899999999999997,0.5,1,1,0.7177700348432056,0.9253731343283582,0.8671875,0.6614365801360438,0.6785950960901259,0.8215715845857818,0.7820767710542493,0.8149877955342841,0.789272030651341,0.7518248175182481,0.6628264506833018
0.6899999999999997,0.5,2,1,0.6688311688311688,0.9164420485175202,0.8438095238095238,0.608380030565461,0.6958250497017893,0.7926366086743445,0.7771286454827603,0.7829080447127899,0.7686567164179104,0.7152777777777778,0.611174446932315
0.6899999999999997,0.5,3,1,0.6791808873720137,0.9191655801825294,0.8528301886792453,0.6192441065269151,0.7029177718832891,0.7991732337772715,0.776488555885392,0.790113722441385,0.7624521072796935,0.7184115523465704,0.6211415482843518
0.6899999999999997,0.5,4,1,0.6982456140350877,0.9213630406290957,0.8606870229007634,0.6378354580786875,0.6949602122015914,0.8098043273320916,0.7631828778152944,0.8020833510635278,0.7683397683397684,0.7316176470588235,0.6391661850695896
0.6899999999999997,0.5,5,1,0.6896551724137931,0.9028871391076115,0.844106463878327,0.6028434098819543,0.6976127320954908,0.7962711557607023,0.7503439243163175,0.7891012517994482,0.7299270072992701,0.7092198581560284,0.6032964531576549
0.6999999999999996,0.5,1,1,0.7177700348432056,0.9253731343283582,0.8671875,0.6614365801360438,0.6785950960901259,0.8215715845857818,0.7812491260951338,0.8149877955342841,0.789272030651341,0.7518248175182481,0.6628264506833018
0.6999999999999996,0.5,2,1,0.6688311688311688,0.9164420485175202,0.8438095238095238,0.608380030565461,0.6958250497017893,0.7926366086743445,0.7786245766644991,0.7829080447127899,0.7686567164179104,0.7152777777777778,0.611174446932315
0.6999999999999996,0.5,3,1,0.6791808873720137,0.9191655801825294,0.8528301886792453,0.6192441065269151,0.7029177718832891,0.7991732337772715,0.7582512365261014,0.790113722441385,0.7624521072796935,0.7184115523465704,0.6211415482843518
0.6999999999999996,0.5,4,1,0.6982456140350877,0.9213630406290957,0.8606870229007634,0.6378354580786875,0.6949602122015914,0.8098043273320916,0.7558576422955511,0.8020833510635278,0.7683397683397684,0.7316176470588235,0.6391661850695896
0.6999999999999996,0.5,5,1,0.6896551724137931,0.9028871391076115,0.844106463878327,0.6028434098819543,0.6976127320954908,0.7962711557607023,0.747803567040317,0.7891012517994482,0.7299270072992701,0.7092198581560284,0.6032964531576549
0.7099999999999996,0.5,1,1,0.7177700348432056,0.9253731343283582,0.8671875,0.6614365801360438,0.6785950960901259,0.8215715845857818,0.7868659940443706,0.8149877955342841,0.789272030651341,0.7518248175182481,0.6628264506833018
0.7099999999999996,0.5,2,1,0.6688311688311688,0.9164420485175202,0.8438095238095238,0.608380030565461,0.6958250497017893,0.7926366086743445,0.7768982192844636,0.7829080447127899,0.7686567164179104,0.7152777777777778,0.611174446932315
0.7099999999999996,0.5,3,1,0.6791808873720137,0.9191655801825294,0.8528301886792453,0.6192441065269151,0.7029177718832891,0.7991732337772715,0.7745758611277865,0.790113722441385,0.7624521072796935,0.7184115523465704,0.6211415482843518
0.7099999999999996,0.5,4,1,0.6982456140350877,0.9213630406290957,0.8606870229007634,0.6378354580786875,0.6949602122015914,0.8098043273320916,0.7593204106820101,0.8020833510635278,0.7683397683397684,0.7316176470588235,0.6391661850695896
0.7099999999999996,0.5,5,1,0.6896551724137931,0.9028871391076115,0.844106463878327,0.6028434098819543,0.6976127320954908,0.7962711557607023,0.7512522460285826,0.7891012517994482,0.7299270072992701,0.7092198581560284,0.6032964531576549
0.7199999999999996,0.5,1,1,0.7177700348432056,0.9253731343283582,0.8671875,0.6614365801360438,0.6785950960901259,0.8215715845857818,0.7898765234040452,0.8149877955342841,0.789272030651341,0.7518248175182481,0.6628264506833018
0.7199999999999996,0.5,2,1,0.6688311688311688,0.9164420485175202,0.8438095238095238,0.608380030565461,0.6958250497017893,0.7926366086743445,0.7809813153206987,0.7829080447127899,0.7686567164179104,0.7152777777777778,0.611174446932315
0.7199999999999996,0.5,3,1,0.6791808873720137,0.9191655801825294,0.8528301886792453,0.6192441065269151,0.7029177718832891,0.7991732337772715,0.7254031715109028,0.790113722441385,0.7624521072796935,0.7184115523465704,0.6211415482843518
0.7199999999999996,0.5,4,1,0.6982456140350877,0.9213630406290957,0.8606870229007634,0.6378354580786875,0.6949602122015914,0.8098043273320916,0.7520994319005592,0.8020833510635278,0.7683397683397684,0.7316176470588235,0.6391661850695896
0.7199999999999996,0.5,5,1,0.6896551724137931,0.9028871391076115,0.844106463878327,0.6028434098819543,0.6976127320954908,0.7962711557607023,0.749438743057356,0.7891012517994482,0.7299270072992701,0.7092198581560284,0.6032964531576549
0.7299999999999996,0.5,1,1,0.7177700348432056,0.9253731343283582,0.8671875,0.6614365801360438,0.6785950960901259,0.8215715845857818,0.8009576475377245,0.8149877955342841,0.789272030651341,0.7518248175182481,0.6628264506833018
0.7299999999999996,0.5,2,1,0.6688311688311688,0.9164420485175202,0.8438095238095238,0.608380030565461,0.6958250497017893,0.7926366086743445,0.7666413512052329,0.7829080447127899,0.7686567164179104,0.7152777777777778,0.611174446932315
0.7299999999999996,0.5,3,1,0.6791808873720137,0.9191655801825294,0.8528301886792453,0.6192441065269151,0.7029177718832891,0.7991732337772715,0.7729470792469805,0.790113722441385,0.7624521072796935,0.7184115523465704,0.6211415482843518
0.7299999999999996,0.5,4,1,0.6982456140350877,0.9213630406290957,0.8606870229007634,0.6378354580786875,0.6949602122015914,0.8098043273320916,0.748625529673822,0.8020833510635278,0.7683397683397684,0.7316176470588235,0.6391661850695896
0.7299999999999996,0.5,5,1,0.6896551724137931,0.9028871391076115,0.844106463878327,0.6028434098819543,0.6976127320954908,0.7962711557607023,0.7500113946747682,0.7891012517994482,0.7299270072992701,0.7092198581560284,0.6032964531576549
0.7399999999999997,0.5,1,1,0.7177700348432056,0.926729986431479,0.8681640625,0.6635579525320768,0.6785950960901259,0.8222500106373423,0.8031089961215834,0.8155850750542006,0.7923076923076923,0.753199268738574,0.6650652786837115
0.7399999999999997,0.5,2,1,0.6688311688311688,0.9164420485175202,0.8438095238095238,0.608380030565461,0.6958250497017893,0.7926366086743445,0.777539750366546,0.7829080447127899,0.7686567164179104,0.7152777777777778,0.611174446932315
0.7399999999999997,0.5,3,1,0.6791808873720137,0.9191655801825294,0.8528301886792453,0.6192441065269151,0.7029177718832891,0.7991732337772715,0.7485590636370444,0.790113722441385,0.7624521072796935,0.7184115523465704,0.6211415482843518
0.7399999999999997,0.5,4,1,0.6982456140350877,0.9213630406290957,0.8606870229007634,0.6378354580786875,0.6949602122015914,0.8098043273320916,0.7554690081772407,0.8020833510635278,0.7683397683397684,0.7316176470588235,0.6391661850695896
0.7399999999999997,0.5,5,1,0.6896551724137931,0.9028871391076115,0.844106463878327,0.6028434098819543,0.6976127320954908,0.7962711557607023,0.7480835162375807,0.7891012517994482,0.7299270072992701,0.7092198581560284,0.6032964531576549
0.7499999999999997,0.5,1,1,0.7177700348432056,0.926729986431479,0.8681640625,0.6635579525320768,0.6785950960901259,0.8222500106373423,0.7997305777455835,0.8155850750542006,0.7923076923076923,0.753199268738574,0.6650652786837115
0.7499999999999997,0.5,2,1,0.6688311688311688,0.9164420485175202,0.8438095238095238,0.608380030565461,0.6958250497017893,0.7926366086743445,0.7803468874829209,0.7829080447127899,0.7686567164179104,0.7152777777777778,0.611174446932315
0.7499999999999997,0.5,3,1,0.6791808873720137,0.9191655801825294,0.8528301886792453,0.6192441065269151,0.7029177718832891,0.7991732337772715,0.7714856088966544,0.790113722441385,0.7624521072796935,0.7184115523465704,0.6211415482843518
0.7499999999999997,0.5,4,1,0.6982456140350877,0.9213630406290957,0.8606870229007634,0.6378354580786875,0.6949602122015914,0.8098043273320916,0.7725815236738868,0.8020833510635278,0.7683397683397684,0.7316176470588235,0.6391661850695896
0.7499999999999997,0.5,5,1,0.6862068965517242,0.9028871391076115,0.8431558935361216,0.599987094871133,0.6976127320954908,0.7945470178296679,0.7370588044335653,0.7871260265443514,0.7289377289377289,0.7069271758436945,0.6004972985162852
0.7599999999999997,0.5,1,1,0.7177700348432056,0.926729986431479,0.8681640625,0.6635579525320768,0.6785950960901259,0.8222500106373423,0.7817110681464419,0.8155850750542006,0.7923076923076923,0.753199268738574,0.6650652786837115
0.7599999999999997,0.5,2,1,0.6688311688311688,0.9164420485175202,0.8438095238095238,0.608380030565461,0.6958250497017893,0.7926366086743445,0.7551678577517449,0.7829080447127899,0.7686567164179104,0.7152777777777778,0.611174446932315
0.7599999999999997,0.5,3,1,0.6791808873720137,0.9191655801825294,0.8528301886792453,0.6192441065269151,0.7029177718832891,0.7991732337772715,0.7737101587114712,0.790113722441385,0.7624521072796935,0.7184115523465704,0.6211415482843518
0.7599999999999997,0.5,4,1,0.6982456140350877,0.9213630406290957,0.8606870229007634,0.6378354580786875,0.6949602122015914,0.8098043273320916,0.7648190994717942,0.8020833510635278,0.7683397683397684,0.7316176470588235,0.6391661850695896
0.7599999999999997,0.5,5,1,0.6862068965517242,0.9028871391076115,0.8431558935361216,0.599987094871133,0.6976127320954908,0.7945470178296679,0.7351060002886097,0.7871260265443514,0.7289377289377289,0.7069271758436945,0.6004972985162852
0.7699999999999997,0.5,1,1,0.7177700348432056,0.926729986431479,0.8681640625,0.6635579525320768,0.6785950960901259,0.8222500106373423,0.8026581210731425,0.8155850750542006,0.7923076923076923,0.753199268738574,0.6650652786837115
0.7699999999999997,0.5,2,1,0.6688311688311688,0.9164420485175202,0.8438095238095238,0.608380030565461,0.6958250497017893,0.7926366086743445,0.7770795348098869,0.7829080447127899,0.7686567164179104,0.7152777777777778,0.611174446932315
0.7699999999999997,0.5,3,1,0.6791808873720137,0.9191655801825294,0.8528301886792453,0.6192441065269151,0.7029177718832891,0.7991732337772715,0.7754113466685092,0.790113722441385,0.7624521072796935,0.7184115523465704,0.6211415482843518
0.7699999999999997,0.5,4,1,0.6982456140350877,0.9213630406290957,0.8606870229007634,0.6378354580786875,0.6949602122015914,0.8098043273320916,0.7710904741126774,0.8020833510635278,0.7683397683397684,0.7316176470588235,0.6391661850695896
0.7699999999999997,0.5,5,1,0.6862068965517242,0.9028871391076115,0.8431558935361216,0.599987094871133,0.6976127320954908,0.7945470178296679,0.7174405313658051,0.7871260265443514,0.7289377289377289,0.7069271758436945,0.6004972985162852
0.7799999999999997,0.5,1,1,0.7177700348432056,0.926729986431479,0.8681640625,0.6635579525320768,0.6785950960901259,0.8222500106373423,0.8004601431124054,0.8155850750542006,0.7923076923076923,0.753199268738574,0.6650652786837115
0.7799999999999997,0.5,2,1,0.6688311688311688,0.9177897574123989,0.8447619047619047,0.6103834018548617,0.6958250497017893,0.7933104631217838,0.7791231167259555,0.7834835009056729,0.7715355805243446,0.7165217391304348,0.6133358502341889
0.7799999999999997,0.5,3,1,0.6791808873720137,0.9191655801825294,0.8528301886792453,0.6192441065269151,0.7029177718832891,0.7991732337772715,0.7711651495060801,0.790113722441385,0.7624521072796935,0.7184115523465704,0.6211415482843518
0.7799999999999997,0.5,4,1,0.6982456140350877,0.9213630406290957,0.8606870229007634,0.6378354580786875,0.6949602122015914,0.8098043273320916,0.7612310653861867,0.8020833510635278,0.7683397683397684,0.7316176470588235,0.6391661850695896
0.7799999999999997,0.5,5,1,0.6862068965517242,0.9028871391076115,0.8431558935361216,0.599987094871133,0.6976127320954908,0.7945470178296679,0.7504990791505013,0.7871260265443514,0.7289377289377289,0.7069271758436945,0.6004972985162852
0.7899999999999996,0.5,1,1,0.7177700348432056,0.926729986431479,0.8681640625,0.6635579525320768,0.6785950960901259,0.8222500106373423,0.8032811549496726,0.8155850750542006,0.7923076923076923,0.753199268738574,0.6650652786837115
0.7899999999999996,0.5,2,1,0.6688311688311688,0.9177897574123989,0.8447619047619047,0.6103834018548617,0.6958250497017893,0.7933104631217838,0.774562956916135,0.7834835009056729,0.7715355805243446,0.7165217391304348,0.6133358502341889
0.7899999999999996,0.5,3,1,0.6791808873720137,0.9191655801825294,0.8528301886792453,0.6192441065269151,0.7029177718832891,0.7991732337772715,0.7590321524870022,0.790113722441385,0.7624521072796935,0.7184115523465704,0.6211415482843518
0.7899999999999996,0.5,4,1,0.6982456140350877,0.9213630406290957,0.8606870229007634,0.6378354580786875,0.6949602122015914,0.8098043273320916,0.7625561429345452,0.8020833510635278,0.7683397683397684,0.7316176470588235,0.6391661850695896
0.7899999999999996,0.5,5,1,0.6862068965517242,0.9028871391076115,0.8431558935361216,0.599987094871133,0.6976127320954908,0.7945470178296679,0.731581872316396,0.7871260265443514,0.7289377289377289,0.7069271758436945,0.6004972985162852
0.7999999999999996,0.5,1,1,0.7177700348432056,0.926729986431479,0.8681640625,0.6635579525320768,0.6785950960901259,0.8222500106373423,0.7999869153870033,0.8155850750542006,0.7923076923076923,0.753199268738574,0.6650652786837115
0.7999999999999996,0.5,2,1,0.6688311688311688,0.9177897574123989,0.8447619047619047,0.6103834018548617,0.6958250497017893,0.7933104631217838,0.7771548967568036,0.7834835009056729,0.7715355805243446,0.7165217391304348,0.6133358502341889
0.7999999999999996,0.5,3,1,0.6791808873720137,0.9191655801825294,0.8528301886792453,0.6192441065269151,0.7029177718832891,0.7991732337772715,0.7741265636457868,0.790113722441385,0.7624521072796935,0.7184115523465704,0.6211415482843518
0.7999999999999996,0.5,4,1,0.6982456140350877,0.9213630406290957,0.8606870229007634,0.6378354580786875,0.6949602122015914,0.8098043273320916,0.7493358246680326,0.8020833510635278,0.7683397683397684,0.7316176470588235,0.6391661850695896
0.7999999999999996,0.5,5,1,0.6862068965517242,0.9028871391076115,0.8431558935361216,0.599987094871133,0.6976127320954908,0.7945470178296679,0.7485196187661075,0.7871260265443514,0.7289377289377289,0.7069271758436945,0.6004972985162852
0.8099999999999996,0.5,1,1,0.7177700348432056,0.926729986431479,0.8681640625,0.6635579525320768,0.6785950960901259,0.8222500106373423,0.8035824857126769,0.8155850750542006,0.7923076923076923,0.753199268738574,0.6650652786837115
0.8099999999999996,0.5,2,1,0.6688311688311688,0.9177897574123989,0.8447619047619047,0.6103834018548617,0.6958250497017893,0.7933104631217838,0.7764095358552472,0.7834835009056729,0.7715355805243446,0.7165217391304348,0.6133358502341889
0.8099999999999996,0.5,3,1,0.6791808873720137,0.9191655801825294,0.8528301886792453,0.6192441065269151,0.7029177718832891,0.7991732337772715,0.7724462569664263,0.790113722441385,0.7624521072796935,0.7184115523465704,0.6211415482843518
0.8099999999999996,0.5,4,1,0.6982456140350877,0.9213630406290957,0.8606870229007634,0.6378354580786875,0.6949602122015914,0.8098043273320916,0.7626646507812628,0.8020833510635278,0.7683397683397684,0.7316176470588235,0.6391661850695896
0.8099999999999996,0.5,5,1,0.6862068965517242,0.9028871391076115,0.8431558935361216,0.599987094871133,0.6976127320954908,0.7945470178296679,0.7510317314229322,0.7871260265443514,0.7289377289377289,0.7069271758436945,0.6004972985162852
0.8199999999999996,0.5,1,1,0.7177700348432056,0.926729986431479,0.8681640625,0.6635579525320768,0.6785950960901259,0.8222500106373423,0.8024307618806146,0.8155850750542006,0.7923076923076923,0.753199268738574,0.6650652786837115
0.8199999999999996,0.5,2,1,0.6688311688311688,0.9177897574123989,0.8447619047619047,0.6103834018548617,0.6958250497017893,0.7933104631217838,0.7438052650276068,0.7834835009056729,0.7715355805243446,0.7165217391304348,0.6133358502341889
0.8199999999999996,0.5,3,1,0.6791808873720137,0.9191655801825294,0.8528301886792453,0.6192441065269151,0.7029177718832891,0.7991732337772715,0.771487905887988,0.790113722441385,0.7624521072796935,0.7184115523465704,0.6211415482843518
0.8199999999999996,0.5,4,1,0.6982456140350877,0.9213630406290957,0.8606870229007634,0.6378354580786875,0.6949602122015914,0.8098043273320916,0.7665038574351658,0.8020833510635278,0.7683397683397684,0.7316176470588235,0.6391661850695896
0.8199999999999996,0.5,5,1,0.6862068965517242,0.9028871391076115,0.8431558935361216,0.599987094871133,0.6976127320954908,0.7945470178296679,0.7493943107835465,0.7871260265443514,0.7289377289377289,0.7069271758436945,0.6004972985162852
0.8299999999999996,0.5,1,1,0.7177700348432056,0.926729986431479,0.8681640625,0.6635579525320768,0.6785950960901259,0.8222500106373423,0.7996476266635064,0.8155850750542006,0.7923076923076923,0.753199268738574,0.6650652786837115
0.8299999999999996,0.5,2,1,0.6688311688311688,0.9177897574123989,0.8447619047619047,0.6103834018548617,0.6958250497017893,0.7933104631217838,0.7766557566910719,0.7834835009056729,0.7715355805243446,0.7165217391304348,0.6133358502341889
0.8299999999999996,0.5,3,1,0.6791808873720137,0.9191655801825294,0.8528301886792453,0.6192441065269151,0.7029177718832891,0.7991732337772715,0.7709352485955671,0.790113722441385,0.7624521072796935,0.7184115523465704,0.6211415482843518
0.8299999999999996,0.5,4,1,0.6982456140350877,0.9213630406290957,0.8606870229007634,0.6378354580786875,0.6949602122015914,0.8098043273320916,0.7650986270766773,0.8020833510635278,0.7683397683397684,0.7316176470588235,0.6391661850695896
0.8299999999999996,0.5,5,1,0.6862068965517242,0.9028871391076115,0.8431558935361216,0.599987094871133,0.6976127320954908,0.7945470178296679,0.7387134084435912,0.7871260265443514,0.7289377289377289,0.7069271758436945,0.6004972985162852
0.8399999999999996,0.5,1,1,0.7177700348432056,0.926729986431479,0.8681640625,0.6635579525320768,0.6785950960901259,0.8222500106373423,0.7995022334527772,0.8155850750542006,0.7923076923076923,0.753199268738574,0.6650652786837115
0.8399999999999996,0.5,2,1,0.6688311688311688,0.9177897574123989,0.8447619047619047,0.6103834018548617,0.6958250497017893,0.7933104631217838,0.7763992185668858,0.7834835009056729,0.7715355805243446,0.7165217391304348,0.6133358502341889
0.8399999999999996,0.5,3,1,0.6791808873720137,0.9191655801825294,0.8528301886792453,0.6192441065269151,0.7029177718832891,0.7991732337772715,0.7564819962050212,0.790113722441385,0.7624521072796935,0.7184115523465704,0.6211415482843518
0.8399999999999996,0.5,4,1,0.6982456140350877,0.9213630406290957,0.8606870229007634,0.6378354580786875,0.6949602122015914,0.8098043273320916,0.7536138945429136,0.8020833510635278,0.7683397683397684,0.7316176470588235,0.6391661850695896
0.8399999999999996,0.5,5,1,0.6862068965517242,0.9028871391076115,0.8431558935361216,0.599987094871133,0.6976127320954908,0.7945470178296679,0.7433630519460939,0.7871260265443514,0.7289377289377289,0.7069271758436945,0.6004972985162852
0.8499999999999996,0.5,1,1,0.7177700348432056,0.926729986431479,0.8681640625,0.6635579525320768,0.6785950960901259,0.8222500106373423,0.8004310863748673,0.8155850750542006,0.7923076923076923,0.753199268738574,0.6650652786837115
0.8499999999999996,0.5,2,1,0.6688311688311688,0.9177897574123989,0.8447619047619047,0.6103834018548617,0.6958250497017893,0.7933104631217838,0.7769870480778611,0.7834835009056729,0.7715355805243446,0.7165217391304348,0.6133358502341889
0.8499999999999996,0.5,3,1,0.6791808873720137,0.9191655801825294,0.8528301886792453,0.6192441065269151,0.7029177718832891,0.7991732337772715,0.7571067922925088,0.790113722441385,0.7624521072796935,0.7184115523465704,0.6211415482843518
0.8499999999999996,0.5,4,1,0.6982456140350877,0.9213630406290957,0.8606870229007634,0.6378354580786875,0.6949602122015914,0.8098043273320916,0.7686884482903719,0.8020833510635278,0.7683397683397684,0.7316176470588235,0.6391661850695896
0.8499999999999996,0.5,5,1,0.6862068965517242,0.9028871391076115,0.8431558935361216,0.599987094871133,0.6976127320954908,0.7945470178296679,0.7498589415362491,0.7871260265443514,0.7289377289377289,0.7069271758436945,0.6004972985162852
0.8599999999999995,0.5,1,1,0.7177700348432056,0.926729986431479,0.8681640625,0.6635579525320768,0.6785950960901259,0.8222500106373423,0.7969936333763062,0.8155850750542006,0.7923076923076923,0.753199268738574,0.6650652786837115
0.8599999999999995,0.5,2,1,0.6688311688311688,0.9177897574123989,0.8447619047619047,0.6103834018548617,0.6958250497017893,0.7933104631217838,0.7762552151198057,0.7834835009056729,0.7715355805243446,0.7165217391304348,0.6133358502341889
0.8599999999999995,0.5,3,1,0.6791808873720137,0.9191655801825294,0.8528301886792453,0.6192441065269151,0.7029177718832891,0.7991732337772715,0.7400642231045451,0.790113722441385,0.7624521072796935,0.7184115523465704,0.6211415482843518
0.8599999999999995,0.5,4,1,0.6982456140350877,0.9213630406290957,0.8606870229007634,0.6378354580786875,0.6949602122015914,0.8098043273320916,0.7442883627776464,0.8020833510635278,0.7683397683397684,0.7316176470588235,0.6391661850695896
0.8599999999999995,0.5,5,1,0.6862068965517242,0.9028871391076115,0.8431558935361216,0.599987094871133,0.6976127320954908,0.7945470178296679,0.7480560438150959,0.7871260265443514,0.7289377289377289,0.7069271758436945,0.6004972985162852
0.8699999999999996,0.5,1,1,0.7177700348432056,0.926729986431479,0.8681640625,0.6635579525320768,0.6785950960901259,0.8222500106373423,0.8021434827150374,0.8155850750542006,0.7923076923076923,0.753199268738574,0.6650652786837115
0.8699999999999996,0.5,2,1,0.6688311688311688,0.9177897574123989,0.8447619047619047,0.6103834018548617,0.6958250497017893,0.7933104631217838,0.7742184572535195,0.7834835009056729,0.7715355805243446,0.7165217391304348,0.6133358502341889
0.8699999999999996,0.5,3,1,0.6791808873720137,0.9191655801825294,0.8528301886792453,0.6192441065269151,0.7029177718832891,0.7991732337772715,0.7486414621291275,0.790113722441385,0.7624521072796935,0.7184115523465704,0.6211415482843518
0.8699999999999996,0.5,4,1,0.6982456140350877,0.9213630406290957,0.8606870229007634,0.6378354580786875,0.6949602122015914,0.8098043273320916,0.7683535547089528,0.8020833510635278,0.7683397683397684,0.7316176470588235,0.6391661850695896
0.8699999999999996,0.5,5,1,0.6862068965517242,0.9028871391076115,0.8431558935361216,0.599987094871133,0.6976127320954908,0.7945470178296679,0.7489039701684888,0.7871260265443514,0.7289377289377289,0.7069271758436945,0.6004972985162852
0.8799999999999996,0.5,1,1,0.7177700348432056,0.926729986431479,0.8681640625,0.6635579525320768,0.6785950960901259,0.8222500106373423,0.7989260965348339,0.8155850750542006,0.7923076923076923,0.753199268738574,0.6650652786837115
0.8799999999999996,0.5,2,1,0.6688311688311688,0.9177897574123989,0.8447619047619047,0.6103834018548617,0.6958250497017893,0.7933104631217838,0.774772804685937,0.7834835009056729,0.7715355805243446,0.7165217391304348,0.6133358502341889
0.8799999999999996,0.5,3,1,0.6791808873720137,0.9191655801825294,0.8528301886792453,0.6192441065269151,0.7029177718832891,0.7991732337772715,0.772733245709788,0.790113722441385,0.7624521072796935,0.7184115523465704,0.6211415482843518
0.8799999999999996,0.5,4,1,0.6982456140350877,0.9213630406290957,0.8606870229007634,0.6378354580786875,0.6949602122015914,0.8098043273320916,0.7682176127977537,0.8020833510635278,0.7683397683397684,0.7316176470588235,0.6391661850695896
0.8799999999999996,0.5,5,1,0.6862068965517242,0.9028871391076115,0.8431558935361216,0.599987094871133,0.6976127320954908,0.7945470178296679,0.7502341927771286,0.7871260265443514,0.7289377289377289,0.7069271758436945,0.6004972985162852
0.8899999999999996,0.5,1,1,0.7177700348432056,0.926729986431479,0.8681640625,0.6635579525320768,0.6785950960901259,0.8222500106373423,0.7984801914083076,0.8155850750542006,0.7923076923076923,0.753199268738574,0.6650652786837115
0.8899999999999996,0.5,2,1,0.6688311688311688,0.9177897574123989,0.8447619047619047,0.6103834018548617,0.6958250497017893,0.7933104631217838,0.7779887856759885,0.7834835009056729,0.7715355805243446,0.7165217391304348,0.6133358502341889
0.8899999999999996,0.5,3,1,0.6791808873720137,0.9191655801825294,0.8528301886792453,0.6192441065269151,0.7029177718832891,0.7991732337772715,0.7712876779821216,0.790113722441385,0.7624521072796935,0.7184115523465704,0.6211415482843518
0.8899999999999996,0.5,4,1,0.6982456140350877,0.9213630406290957,0.8606870229007634,0.6378354580786875,0.6949602122015914,0.8098043273320916,0.7546799294948037,0.8020833510635278,0.7683397683397684,0.7316176470588235,0.6391661850695896
0.8899999999999996,0.5,5,1,0.6862068965517242,0.9028871391076115,0.8431558935361216,0.599987094871133,0.6976127320954908,0.7945470178296679,0.7485172661078467,0.7871260265443514,0.7289377289377289,0.7069271758436945,0.6004972985162852
0.8999999999999996,0.5,1,1,0.7177700348432056,0.926729986431479,0.8681640625,0.6635579525320768,0.6785950960901259,0.8222500106373423,0.8012737321867139,0.8155850750542006,0.7923076923076923,0.753199268738574,0.6650652786837115
0.8999999999999996,0.5,2,1,0.6688311688311688,0.9177897574123989,0.8447619047619047,0.6103834018548617,0.6958250497017893,0.7933104631217838,0.7781040058123564,0.7834835009056729,0.7715355805243446,0.7165217391304348,0.6133358502341889
0.8999999999999996,0.5,3,1,0.6791808873720137,0.9191655801825294,0.8528301886792453,0.6192441065269151,0.7029177718832891,0.7991732337772715,0.7528344424571913,0.790113722441385,0.7624521072796935,0.7184115523465704,0.6211415482843518
0.8999999999999996,0.5,4,1,0.6982456140350877,0.9213630406290957,0.8606870229007634,0.6378354580786875,0.6949602122015914,0.8098043273320916,0.7695935810519636,0.8020833510635278,0.7683397683397684,0.7316176470588235,0.6391661850695896
0.8999999999999996,0.5,5,1,0.6862068965517242,0.9028871391076115,0.8431558935361216,0.599987094871133,0.6976127320954908,0.7945470178296679,0.7490699100530289,0.7871260265443514,0.7289377289377289,0.7069271758436945,0.6004972985162852
0.9099999999999996,0.5,1,1,0.7177700348432056,0.926729986431479,0.8681640625,0.6635579525320768,0.6785950960901259,0.8222500106373423,0.7853027721308287,0.8155850750542006,0.7923076923076923,0.753199268738574,0.6650652786837115
0.9099999999999996,0.5,2,1,0.6688311688311688,0.9177897574123989,0.8447619047619047,0.6103834018548617,0.6958250497017893,0.7933104631217838,0.7753934671687924,0.7834835009056729,0.7715355805243446,0.7165217391304348,0.6133358502341889
0.9099999999999996,0.5,3,1,0.6791808873720137,0.9191655801825294,0.8528301886792453,0.6192441065269151,0.7029177718832891,0.7991732337772715,0.7718905912524223,0.790113722441385,0.7624521072796935,0.7184115523465704,0.6211415482843518
0.9099999999999996,0.5,4,1,0.6982456140350877,0.9213630406290957,0.8606870229007634,0.6378354580786875,0.6949602122015914,0.8098043273320916,0.7557210685353695,0.8020833510635278,0.7683397683397684,0.7316176470588235,0.6391661850695896
0.9099999999999996,0.5,5,1,0.6862068965517242,0.9028871391076115,0.8431558935361216,0.599987094871133,0.6976127320954908,0.7945470178296679,0.7488832607638074,0.7871260265443514,0.7289377289377289,0.7069271758436945,0.6004972985162852
0.9199999999999996,0.5,1,1,0.7177700348432056,0.926729986431479,0.8681640625,0.6635579525320768,0.6785950960901259,0.8222500106373423,0.8010480797873638,0.8155850750542006,0.7923076923076923,0.753199268738574,0.6650652786837115
0.9199999999999996,0.5,2,1,0.6688311688311688,0.9177897574123989,0.8447619047619047,0.6103834018548617,0.6958250497017893,0.7933104631217838,0.7661165314722573,0.7834835009056729,0.7715355805243446,0.7165217391304348,0.6133358502341889
0.9199999999999996,0.5,3,1,0.6791808873720137,0.9191655801825294,0.8528301886792453,0.6192441065269151,0.7029177718832891,0.7991732337772715,0.7629534302206364,0.790113722441385,0.7624521072796935,0.7184115523465704,0.6211415482843518
0.9199999999999996,0.5,4,1,0.6982456140350877,0.9213630406290957,0.8606870229007634,0.6378354580786875,0.6949602122015914,0.8098043273320916,0.7521355876122918,0.8020833510635278,0.7683397683397684,0.7316176470588235,0.6391661850695896
0.9199999999999996,0.5,5,1,0.6862068965517242,0.9028871391076115,0.8431558935361216,0.599987094871133,0.6976127320954908,0.7945470178296679,0.7095781351247697,0.7871260265443514,0.7289377289377289,0.7069271758436945,0.6004972985162852
0.9299999999999996,0.5,1,1,0.7177700348432056,0.926729986431479,0.8681640625,0.6635579525320768,0.6785950960901259,0.8222500106373423,0.7852469545284927,0.8155850750542006,0.7923076923076923,0.753199268738574,0.6650652786837115
0.9299999999999996,0.5,2,1,0.6688311688311688,0.9177897574123989,0.8447619047619047,0.6103834018548617,0.6958250497017893,0.7933104631217838,0.7748426084451362,0.7834835009056729,0.7715355805243446,0.7165217391304348,0.6133358502341889
0.9299999999999996,0.5,3,1,0.6791808873720137,0.9191655801825294,0.8528301886792453,0.6192441065269151,0.7029177718832891,0.7991732337772715,0.709570312625754,0.790113722441385,0.7624521072796935,0.7184115523465704,0.6211415482843518
0.9299999999999996,0.5,4,1,0.6982456140350877,0.9213630406290957,0.8606870229007634,0.6378354580786875,0.6949602122015914,0.8098043273320916,0.7564119179816514,0.8020833510635278,0.7683397683397684,0.7316176470588235,0.6391661850695896
0.9299999999999996,0.5,5,1,0.6862068965517242,0.9028871391076115,0.8431558935361216,0.599987094871133,0.6976127320954908,0.7945470178296679,0.7479294339953714,0.7871260265443514,0.7289377289377289,0.7069271758436945,0.6004972985162852
0.9399999999999996,0.5,1,1,0.7177700348432056,0.926729986431479,0.8681640625,0.6635579525320768,0.6785950960901259,0.8222500106373423,0.7881440171708283,0.8155850750542006,0.7923076923076923,0.753199268738574,0.6650652786837115
0.9399999999999996,0.5,2,1,0.6688311688311688,0.9177897574123989,0.8447619047619047,0.6103834018548617,0.6958250497017893,0.7933104631217838,0.7789556420804709,0.7834835009056729,0.7715355805243446,0.7165217391304348,0.6133358502341889
0.9399999999999996,0.5,3,1,0.6791808873720137,0.9191655801825294,0.8528301886792453,0.6192441065269151,0.7029177718832891,0.7991732337772715,0.7479739012491606,0.790113722441385,0.7624521072796935,0.7184115523465704,0.6211415482843518
0.9399999999999996,0.5,4,1,0.6982456140350877,0.9213630406290957,0.8606870229007634,0.6378354580786875,0.6949602122015914,0.8098043273320916,0.7520727783465418,0.8020833510635278,0.7683397683397684,0.7316176470588235,0.6391661850695896
0.9399999999999996,0.5,5,1,0.6827586206896552,0.9028871391076115,0.8422053231939164,0.5971245593636382,0.6976127320954908,0.7928228798986334,0.7524792545418629,0.7851458321455586,0.7279411764705882,0.7046263345195729,0.5976951537712544
0.9499999999999995,0.5,1,1,0.7177700348432056,0.926729986431479,0.8681640625,0.6635579525320768,0.6785950960901259,0.8222500106373423,0.8003443983671759,0.8155850750542006,0.7923076923076923,0.753199268738574,0.6650652786837115
0.9499999999999995,0.5,2,1,0.6688311688311688,0.9177897574123989,0.8447619047619047,0.6103834018548617,0.6958250497017893,0.7933104631217838,0.7770962675227511,0.7834835009056729,0.7715355805243446,0.7165217391304348,0.6133358502341889
0.9499999999999995,0.5,3,1,0.6791808873720137,0.9191655801825294,0.8528301886792453,0.6192441065269151,0.7029177718832891,0.7991732337772715,0.775449127802101,0.790113722441385,0.7624521072796935,0.7184115523465704,0.6211415482843518
0.9499999999999995,0.5,4,1,0.6982456140350877,0.9213630406290957,0.8606870229007634,0.6378354580786875,0.6949602122015914,0.8098043273320916,0.769126869951365,0.8020833510635278,0.7683397683397684,0.7316176470588235,0.6391661850695896
0.9499999999999995,0.5,5,1,0.6827586206896552,0.9028871391076115,0.8422053231939164,0.5971245593636382,0.6976127320954908,0.7928228798986334,0.7492669631399769,0.7851458321455586,0.7279411764705882,0.7046263345195729,0.5976951537712544
0.9599999999999995,0.5,1,1,0.7177700348432056,0.926729986431479,0.8681640625,0.6635579525320768,0.6785950960901259,0.8222500106373423,0.8001272164039305,0.8155850750542006,0.7923076923076923,0.753199268738574,0.6650652786837115
0.9599999999999995,0.5,2,1,0.6688311688311688,0.9177897574123989,0.8447619047619047,0.6103834018548617,0.6958250497017893,0.7933104631217838,0.7643316589155751,0.7834835009056729,0.7715355805243446,0.7165217391304348,0.6133358502341889
0.9599999999999995,0.5,3,1,0.6791808873720137,0.9191655801825294,0.8528301886792453,0.6192441065269151,0.7029177718832891,0.7991732337772715,0.7397682360737781,0.790113722441385,0.7624521072796935,0.7184115523465704,0.6211415482843518
0.9599999999999995,0.5,4,1,0.6982456140350877,0.9213630406290957,0.8606870229007634,0.6378354580786875,0.6949602122015914,0.8098043273320916,0.7379644310292259,0.8020833510635278,0.7683397683397684,0.7316176470588235,0.6391661850695896
0.9599999999999995,0.5,5,1,0.6827586206896552,0.9028871391076115,0.8422053231939164,0.5971245593636382,0.6976127320954908,0.7928228798986334,0.7487617019795095,0.7851458321455586,0.7279411764705882,0.7046263345195729,0.5976951537712544
0.9699999999999995,0.5,1,1,0.7177700348432056,0.926729986431479,0.8681640625,0.6635579525320768,0.6785950960901259,0.8222500106373423,0.799169482759713,0.8155850750542006,0.7923076923076923,0.753199268738574,0.6650652786837115
0.9699999999999995,0.5,2,1,0.6688311688311688,0.9177897574123989,0.8447619047619047,0.6103834018548617,0.6958250497017893,0.7933104631217838,0.7785556694623242,0.7834835009056729,0.7715355805243446,0.7165217391304348,0.6133358502341889
0.9699999999999995,0.5,3,1,0.6791808873720137,0.9191655801825294,0.8528301886792453,0.6192441065269151,0.7029177718832891,0.7991732337772715,0.7560615814502364,0.790113722441385,0.7624521072796935,0.7184115523465704,0.6211415482843518
0.9699999999999995,0.5,4,1,0.6982456140350877,0.9213630406290957,0.8606870229007634,0.6378354580786875,0.6949602122015914,0.8098043273320916,0.7472646516150827,0.8020833510635278,0.7683397683397684,0.7316176470588235,0.6391661850695896
0.9699999999999995,0.5,5,1,0.6827586206896552,0.9028871391076115,0.8422053231939164,0.5971245593636382,0.6976127320954908,0.7928228798986334,0.7173953751672834,0.7851458321455586,0.7279411764705882,0.7046263345195729,0.5976951537712544
0.9799999999999995,0.5,1,1,0.7177700348432056,0.926729986431479,0.8681640625,0.6635579525320768,0.6785950960901259,0.8222500106373423,0.7808905097397677,0.8155850750542006,0.7923076923076923,0.753199268738574,0.6650652786837115
0.9799999999999995,0.5,2,1,0.6688311688311688,0.9177897574123989,0.8447619047619047,0.6103834018548617,0.6958250497017893,0.7933104631217838,0.7767834467422332,0.7834835009056729,0.7715355805243446,0.7165217391304348,0.6133358502341889
0.9799999999999995,0.5,3,1,0.6791808873720137,0.9191655801825294,0.8528301886792453,0.6192441065269151,0.7029177718832891,0.7991732337772715,0.7536781716690016,0.790113722441385,0.7624521072796935,0.7184115523465704,0.6211415482843518
0.9799999999999995,0.5,4,1,0.6982456140350877,0.9213630406290957,0.8606870229007634,0.6378354580786875,0.6949602122015914,0.8098043273320916,0.7683397815056487,0.8020833510635278,0.7683397683397684,0.7316176470588235,0.6391661850695896
0.9799999999999995,0.5,5,1,0.6827586206896552,0.9028871391076115,0.8422053231939164,0.5971245593636382,0.6976127320954908,0.7928228798986334,0.7483941470398432,0.7851458321455586,0.7279411764705882,0.7046263345195729,0.5976951537712544
0.9899999999999995,0.5,1,1,0.7177700348432056,0.926729986431479,0.8681640625,0.6635579525320768,0.6785950960901259,0.8222500106373423,0.7737199506385443,0.8155850750542006,0.7923076923076923,0.753199268738574,0.6650652786837115
0.9899999999999995,0.5,2,1,0.6688311688311688,0.9177897574123989,0.8447619047619047,0.6103834018548617,0.6958250497017893,0.7933104631217838,0.7724203969170266,0.7834835009056729,0.7715355805243446,0.7165217391304348,0.6133358502341889
0.9899999999999995,0.5,3,1,0.6791808873720137,0.9191655801825294,0.8528301886792453,0.6192441065269151,0.7029177718832891,0.7991732337772715,0.7726374305701063,0.790113722441385,0.7624521072796935,0.7184115523465704,0.6211415482843518
0.9899999999999995,0.5,4,1,0.6982456140350877,0.9213630406290957,0.8606870229007634,0.6378354580786875,0.6949602122015914,0.8098043273320916,0.7644747731485516,0.8020833510635278,0.7683397683397684,0.7316176470588235,0.6391661850695896
0.9899999999999995,0.5,5,1,0.6827586206896552,0.9028871391076115,0.8422053231939164,0.5971245593636382,0.6976127320954908,0.7928228798986334,0.7472185265444683,0.7851458321455586,0.7279411764705882,0.7046263345195729,0.5976951537712544
1.0,0.5,1,1,0.7177700348432056,0.926729986431479,0.8681640625,0.6635579525320768,0.6785950960901259,0.8222500106373423,0.8009994045265278,0.8155850750542006,0.7923076923076923,0.753199268738574,0.6650652786837115
1.0,0.5,2,1,0.6688311688311688,0.9177897574123989,0.8447619047619047,0.6103834018548617,0.6958250497017893,0.7933104631217838,0.7769917399380676,0.7834835009056729,0.7715355805243446,0.7165217391304348,0.6133358502341889
1.0,0.5,3,1,0.6791808873720137,0.9191655801825294,0.8528301886792453,0.6192441065269151,0.7029177718832891,0.7991732337772715,0.7721426976655043,0.790113722441385,0.7624521072796935,0.7184115523465704,0.6211415482843518
1.0,0.5,4,1,0.6982456140350877,0.9213630406290957,0.8606870229007634,0.6378354580786875,0.6949602122015914,0.8098043273320916,0.7579086874280622,0.8020833510635278,0.7683397683397684,0.7316176470588235,0.6391661850695896
1.0,0.5,5,1,0.6827586206896552,0.9028871391076115,0.8422053231939164,0.5971245593636382,0.6976127320954908,0.7928228798986334,0.7523409363755703,0.7851458321455586,0.7279411764705882,0.7046263345195729,0.5976951537712544
0.1,0.5,1,2,0.6529209621993127,0.8911290322580645,0.8241545893719807,0.5556766395878742,0.6858846918489065,0.7720249972286886,0.6979745992773786,0.76278229212907,0.7011070110701108,0.6761565836298933,0.5563402069824855
0.1,0.5,2,2,0.7254901960784313,0.8833551769331586,0.8381665107577175,0.605880560309095,0.7084161696487741,0.804422686505795,0.7010316905742772,0.8005407675566153,0.7138263665594855,0.7196110210696921,0.6059198702872908
0.1,0.5,3,2,0.7312925170068028,0.9031007751937985,0.8558052434456929,0.6370809723031298,0.7082228116710876,0.8171966461003006,0.7586813440165687,0.8126689602798102,0.7413793103448276,0.7363013698630136,0.6371092791568783
0.1,0.5,4,2,0.7064846416382252,0.8727770177838577,0.8251953125,0.5751450981846502,0.6790450928381964,0.7896308297110415,0.7278198557244979,0.7852410831325037,0.69,0.6981450252951096,0.5752244960150266
0.1,0.5,5,2,0.7465753424657534,0.8890356671070013,0.8493803622497617,0.6289950709364325,0.6956233421750664,0.8178055047863774,0.7479321524542288,0.8146975559277683,0.7218543046357616,0.734006734006734,0.629168548003353
0.11,0.5,1,2,0.6563573883161512,0.8938172043010753,0.8270531400966183,0.5625332058229731,0.6858846918489065,0.7750872963086133,0.6959005270255554,0.7659396359029199,0.7074074074074074,0.6809269162210339,0.5632755407292546
0.11,0.5,2,2,0.7320261437908496,0.8833551769331586,0.8400374181478016,0.6111941806425539,0.7084161696487741,0.8076906603620041,0.7272014548644686,0.8041387217191222,0.7156549520766773,0.7237479806138933,0.6112716091893384
0.11,0.5,3,2,0.7380952380952381,0.9031007751937985,0.8576779026217228,0.6425513924853352,0.7082228116710876,0.8205980066445183,0.7504434413945104,0.8164400661963258,0.7431506849315068,0.7406143344709898,0.642558499465662
0.11,0.5,4,2,0.7064846416382252,0.8741450068399452,0.826171875,0.5770892402214416,0.6790450928381964,0.7903148242390852,0.7242478923935454,0.7858562348783412,0.6923076923076923,0.6993243243243243,0.5771478863225854
0.11,0.5,5,2,0.7465753424657534,0.8903566710700133,0.8503336510962822,0.6309590766190204,0.6956233421750664,0.8184660067678833,0.7487289979470748,0.8153026043260032,0.7242524916943521,0.7352445193929174,0.6311003146879798
0.12,0.5,1,2,0.6563573883161512,0.8924731182795699,0.8260869565217391,0.5605593138781172,0.6858846918489065,0.7744152532978605,0.7061883330758827,0.7653635247752207,0.7047970479704797,0.6797153024911032,0.561228711972144
0.12,0.5,2,2,0.7352941176470589,0.8833551769331586,0.8409728718428437,0.6138432509158287,0.7084161696487741,0.8093246472901088,0.729778090095023,0.8059316753869576,0.7165605095541401,0.7258064516129032,0.6139446290881638
0.12,0.5,3,2,0.7414965986394558,0.9018087855297158,0.8576779026217228,0.6433053841691716,0.7082228116710876,0.8216526920845858,0.7620292227118387,0.8177335428447722,0.7414965986394558,0.7414965986394558,0.6433053841691715
0.12,0.5,4,2,0.7167235494880546,0.8741450068399452,0.8291015625,0.5854807220777779,0.6790450928381964,0.7954342781639999,0.7247089283924639,0.7915303608008889,0.695364238410596,0.7058823529411765,0.5856138070598431
0.12,0.5,5,2,0.7465753424657534,0.8903566710700133,0.8503336510962822,0.6309590766190204,0.6956233421750664,0.8184660067678833,0.7520825788535018,0.8153026043260032,0.7242524916943521,0.7352445193929174,0.6311003146879798
0.13,0.5,1,2,0.6701030927835051,0.8924731182795699,0.8299516908212561,0.572153325817362,0.6858846918489065,0.7812881055315375,0.7044721355904884,0.7733362766515475,0.7090909090909091,0.6890459363957597,0.5725866036645363
0.13,0.5,2,2,0.7352941176470589,0.8859764089121888,0.842843779232928,0.6176436774267721,0.7084161696487741,0.8106352632796239,0.7330027699727775,0.8071265339754341,0.7211538461538461,0.7281553398058253,0.6177012730175966
0.13,0.5,3,2,0.7380952380952381,0.9018087855297158,0.8567415730337079,0.6405796336377555,0.7082228116710876,0.819952011812477,0.7606809169758857,0.8158558514050954,0.7406143344709898,0.7393526405451448,0.6405814011703531
0.13,0.5,4,2,0.7167235494880546,0.8741450068399452,0.8291015625,0.5854807220777779,0.6790450928381964,0.7954342781639999,0.7312521940737614,0.7915303608008889,0.695364238410596,0.7058823529411765,0.5856138070598431
0.13,0.5,5,2,0.7465753424657534,0.8903566710700133,0.8503336510962822,0.6309590766190204,0.6956233421750664,0.8184660067678833,0.7533386503429493,0.8153026043260032,0.7242524916943521,0.7352445193929174,0.6311003146879798
0.13999999999999999,0.5,1,2,0.6769759450171822,0.8938172043010753,0.8328502415458937,0.5798931520155415,0.6858846918489065,0.7853965746591287,0.7123284334448357,0.7778770767636338,0.7137681159420289,0.6948853615520282,0.5802782402517636
0.13999999999999999,0.5,2,2,0.7287581699346405,0.8872870249017037,0.8419083255378859,0.6142417584294734,0.7084161696487741,0.8080225974181721,0.7096519024382812,0.8041254059374803,0.7216828478964401,0.7252032520325203,0.6142561604738044
0.13999999999999999,0.5,3,2,0.7346938775510204,0.9018087855297158,0.8558052434456929,0.6378481213338265,0.7082228116710876,0.8182513315403681,0.7503639914219882,0.8139738284800092,0.7397260273972602,0.7372013651877133,0.6378551762933252
0.13999999999999999,0.5,4,2,0.7235494880546075,0.8755129958960328,0.83203125,0.5929991265083906,0.6790450928381964,0.7995312419753202,0.6957233942418712,0.7959126710674547,0.6996699669966997,0.7114093959731543,0.5931652152805391
0.13999999999999999,0.5,5,2,0.7602739726027398,0.8916776750330251,0.8551000953288846,0.6438253348463594,0.6956233421750664,0.8259758238178825,0.7577267425764346,0.8233585660443042,0.7302631578947368,0.7449664429530202,0.644080016151635
0.14999999999999997,0.5,1,2,0.6804123711340206,0.8938172043010753,0.8338164251207729,0.5827649730702703,0.6858846918489065,0.787114787717548,0.7128066738187065,0.7798488849378936,0.7148014440433214,0.6971830985915493,0.583101329715194
0.14999999999999997,0.5,2,2,0.7352941176470589,0.8872870249017037,0.8437792329279701,0.6195494426105136,0.7084161696487741,0.8112905712743813,0.7332039090907086,0.8077233004406783,0.7234726688102894,0.7293354943273906,0.6195896394358876
0.14999999999999997,0.5,3,2,0.7312925170068028,0.9031007751937985,0.8558052434456929,0.6370809723031298,0.7082228116710876,0.8171966461003006,0.7623829918735044,0.8126689602798102,0.7413793103448276,0.7363013698630136,0.6371092791568783
0.14999999999999997,0.5,4,2,0.726962457337884,0.8768809849521204,0.833984375,0.5977316948048047,0.6790450928381964,0.8019217211450023,0.7383060834595552,0.798410643474683,0.7029702970297029,0.714765100671141,0.5978991090872656
0.14999999999999997,0.5,5,2,0.7602739726027398,0.8903566710700133,0.8541468064823642,0.6418540924234547,0.6956233421750664,0.8253153218363765,0.7580327972848736,0.8227484447555947,0.7278688524590164,0.7437185929648241,0.6421514862180935
0.15999999999999998,0.5,1,2,0.6907216494845361,0.8951612903225806,0.8376811594202899,0.5933316494064158,0.6858846918489065,0.7929414699035584,0.7139575292099255,0.7863251763782707,0.7204301075268817,0.7052631578947368,0.5935821259933203
0.15999999999999998,0.5,2,2,0.7320261437908496,0.8899082568807339,0.8447146866230122,0.6207194306110673,0.7084161696487741,0.8109672003357917,0.7196747228690827,0.8071159208019877,0.7272727272727273,0.7296416938110749,0.6207259115383751
0.15999999999999998,0.5,3,2,0.7312925170068028,0.9031007751937985,0.8558052434456929,0.6370809723031298,0.7082228116710876,0.8171966461003006,0.7655786654801146,0.8126689602798102,0.7413793103448276,0.7363013698630136,0.6371092791568783
0.15999999999999998,0.5,4,2,0.7406143344709898,0.8837209302325582,0.8427734375,0.6186422643115557,0.6790450928381964,0.8121676323517739,0.7399485820242206,0.8090095108231238,0.7185430463576159,0.7294117647058823,0.6187828872074872
0.15999999999999998,0.5,5,2,0.7636986301369864,0.8890356671070013,0.8541468064823642,0.642595805042945,0.6956233421750664,0.8263671486219939,0.7614098330047182,0.823987452035854,0.7263843648208469,0.7445742904841403,0.6429906503453805
0.16999999999999998,0.5,1,2,0.6907216494845361,0.896505376344086,0.8386473429951691,0.5953235515160881,0.6858846918489065,0.793613512914311,0.7202473679993786,0.786915289164051,0.7230215827338129,0.7065026362038664,0.59561915943917
0.16999999999999998,0.5,2,2,0.7352941176470589,0.8899082568807339,0.8456501403180543,0.6233721310110244,0.7084161696487741,0.8126011872638964,0.7214641705149603,0.8089155126031096,0.7281553398058253,0.7317073170731707,0.6233867471339797
0.16999999999999998,0.5,3,2,0.7380952380952381,0.9043927648578811,0.8586142322097379,0.644527323705232,0.7082228116710876,0.8212440014765596,0.7692826237076689,0.8170238632435337,0.7457044673539519,0.7418803418803419,0.6445433978785499
0.16999999999999998,0.5,4,2,0.7440273037542662,0.8891928864569083,0.84765625,0.6293591094075556,0.6790450928381964,0.8166100951055872,0.7457100803101726,0.8133780091863849,0.7290969899665551,0.7364864864864865,0.6294230673804541
0.16999999999999998,0.5,5,2,0.773972602739726,0.8903566710700133,0.8579599618684461,0.6526590413628657,0.6956233421750664,0.8321646369048696,0.7612715172367661,0.8301275022999396,0.7313915857605178,0.7520798668885191,0.6531721455735118
0.17999999999999997,0.5,1,2,0.6941580756013745,0.896505376344086,0.8396135265700483,0.5981729392944346,0.6858846918489065,0.7953317259727303,0.7159107456082916,0.7888703612186838,0.7240143369175627,0.7087719298245614,0.5984254596451744
0.17999999999999997,0.5,2,2,0.7418300653594772,0.8938401048492791,0.8503274087932647,0.6344283668540406,0.7084161696487741,0.8178350851043781,0.7155676104624984,0.8142956854860909,0.737012987012987,0.739413680781759,0.6344349909162577
0.17999999999999997,0.5,3,2,0.7346938775510204,0.9095607235142119,0.8614232209737828,0.649736744136574,0.7082228116710876,0.8221273005326162,0.7728016987377944,0.8174647973012464,0.7552447552447552,0.7448275862068966,0.6498532291125516
0.17999999999999997,0.5,4,2,0.7440273037542662,0.8905608755129959,0.8486328125,0.6313603805312201,0.6790450928381964,0.817294089633631,0.748007213558586,0.8140034441186186,0.7315436241610739,0.7377326565143824,0.631405025654181
0.17999999999999997,0.5,5,2,0.7773972602739726,0.892998678996037,0.8608198284080076,0.6593004217757292,0.6956233421750664,0.8351979696350048,0.7678170137557726,0.8331954911542644,0.737012987012987,0.7566666666666667,0.659760450726847
0.18999999999999995,0.5,1,2,0.7044673539518901,0.8991935483870968,0.8444444444444444,0.6106886280007008,0.6858846918489065,0.8018304511694934,0.7279619998838232,0.7958972921947083,0.7321428571428571,0.7180385288966725,0.6109047744761358
0.18999999999999995,0.5,2,2,0.7450980392156863,0.8990825688073395,0.8550046772684752,0.6448116716220184,0.7084161696487741,0.8220903040115128,0.7097607679513773,0.8184770363983042,0.7475409836065574,0.7463175122749591,0.6448133646283446
0.18999999999999995,0.5,3,2,0.7346938775510204,0.9095607235142119,0.8614232209737828,0.649736744136574,0.7082228116710876,0.8221273005326162,0.7573908208166094,0.8174647973012464,0.7552447552447552,0.7448275862068966,0.6498532291125516
0.18999999999999995,0.5,4,2,0.7406143344709898,0.8919288645690835,0.8486328125,0.6306088251722212,0.6790450928381964,0.8162715995200367,0.7433736003118818,0.8127578375065339,0.7331081081081081,0.7368421052631579,0.6306249427153996
0.18999999999999995,0.5,5,2,0.7773972602739726,0.8943196829590488,0.8617731172545281,0.6612836060864511,0.6956233421750664,0.8358584716165107,0.766732411356328,0.833811532267006,0.739413680781759,0.7579298831385642,0.6616899341754174
0.19999999999999996,0.5,1,2,0.7079037800687286,0.9018817204301075,0.8473429951690822,0.6175380988465102,0.6858846918489065,0.8048927502494181,0.7194604549803444,0.7990278337250595,0.7383512544802867,0.7228070175438597,0.6177987942525909
0.19999999999999996,0.5,2,2,0.7516339869281046,0.9003931847968545,0.8578110383536015,0.652027171724959,0.7084161696487741,0.8260135858624795,0.7342087025999737,0.8226579600853281,0.7516339869281046,0.7516339869281046,0.652027171724959
0.19999999999999996,0.5,3,2,0.7380952380952381,0.9108527131782945,0.8632958801498127,0.6544700313779717,0.7082228116710876,0.8244739756367663,0.7606262985545791,0.8199366135275501,0.7587412587412588,0.7482758620689656,0.6545873649389424
0.19999999999999996,0.5,4,2,0.7372013651877133,0.893296853625171,0.8486328125,0.6298541991212768,0.6790450928381964,0.8152491094064421,0.7372025769857037,0.8115045656127665,0.7346938775510204,0.7359454855195912,0.6298559950708914
0.19999999999999996,0.5,5,2,0.7808219178082192,0.8943196829590488,0.8627264061010487,0.6639675392856509,0.6956233421750664,0.837570800383634,0.7686292177996414,0.8356461033127139,0.7402597402597403,0.76,0.6644308247327481
0.20999999999999996,0.5,1,2,0.7044673539518901,0.9059139784946236,0.8492753623188406,0.620772266065389,0.6858846918489065,0.8051906662232569,0.7346779540698952,0.7988659608082803,0.7454545454545455,0.7243816254416962,0.621242361857705
0.20999999999999996,0.5,2,2,0.7516339869281046,0.9017038007863696,0.8587464920486436,0.6539778220317729,0.7084161696487741,0.8266688938572371,0.7454307281888741,0.8232564745043214,0.7540983606557377,0.7528641571194763,0.6539795391045843
0.20999999999999996,0.5,3,2,0.7380952380952381,0.9108527131782945,0.8632958801498127,0.6544700313779717,0.7082228116710876,0.8244739756367663,0.7725054755762302,0.8199366135275501,0.7587412587412588,0.7482758620689656,0.6545873649389424
0.20999999999999996,0.5,4,2,0.7372013651877133,0.896032831737346,0.8505859375,0.633882335346133,0.6790450928381964,0.8166170984625296,0.7414985034071029,0.8127463483829283,0.7397260273972602,0.7384615384615385,0.6338841501889799
0.20999999999999996,0.5,5,2,0.7808219178082192,0.8969616908850726,0.8646329837940896,0.6679476948180776,0.6956233421750664,0.8388918043466459,0.7738185197223898,0.8368795299667602,0.7450980392156863,0.7625418060200669,0.6683059183433456
0.21999999999999995,0.5,1,2,0.7044673539518901,0.9086021505376344,0.851207729468599,0.6248358259543277,0.6858846918489065,0.8065347522447622,0.7341942741852323,0.8000503439060846,0.7509157509157509,0.7269503546099291,0.6254374276891854
0.21999999999999995,0.5,2,2,0.7516339869281046,0.9017038007863696,0.8587464920486436,0.6539778220317729,0.7084161696487741,0.8266688938572371,0.7312615146430282,0.8232564745043214,0.7540983606557377,0.7528641571194763,0.6539795391045843
0.21999999999999995,0.5,3,2,0.7346938775510204,0.9147286821705426,0.8651685393258427,0.6577471559045025,0.7082228116710876,0.8247112798607815,0.7786933966930891,0.8197838510308744,0.7659574468085106,0.75,0.6580148419177343
0.21999999999999995,0.5,4,2,0.7337883959044369,0.8987688098495212,0.8515625,0.6351549644409232,0.6790450928381964,0.8162786028769791,0.7563886654916346,0.8120998234628672,0.7439446366782007,0.738831615120275,0.6351842416327003
0.21999999999999995,0.5,5,2,0.7808219178082192,0.8996036988110965,0.8665395614871306,0.6719443873584889,0.6956233421750664,0.8402128083096578,0.7769690295686801,0.8381111414204252,0.75,0.7651006711409396,0.6722101918622616
0.22999999999999995,0.5,1,2,0.7147766323024055,0.9099462365591398,0.855072463768116,0.6353579481397972,0.6858846918489065,0.8123614344307726,0.7401982787528876,0.8064789560453453,0.7563636363636363,0.734982332155477,0.6358390893156556
0.22999999999999995,0.5,2,2,0.7516339869281046,0.9043250327653998,0.8606173994387278,0.6578906107370298,0.7084161696487741,0.8279795098467522,0.7318141831338858,0.8244521998614269,0.759075907590759,0.7553366174055829,0.6579062184441553
0.22999999999999995,0.5,3,2,0.7414965986394558,0.9147286821705426,0.8670411985018727,0.6632201673506369,0.7082228116710876,0.8281126404049992,0.7801684276193235,0.8235704016703181,0.7676056338028169,0.754325259515571,0.6634067737165708
0.22999999999999995,0.5,4,2,0.7303754266211604,0.8987688098495212,0.8505859375,0.6323772338188918,0.6790450928381964,0.8145721182353408,0.7595130715584613,0.8102090180488222,0.7430555555555556,0.7366609294320138,0.6324228748229636
0.22999999999999995,0.5,5,2,0.7808219178082192,0.8996036988110965,0.8665395614871306,0.6719443873584889,0.6956233421750664,0.8402128083096578,0.7784431475424124,0.8381111414204252,0.75,0.7651006711409396,0.6722101918622616
0.23999999999999994,0.5,1,2,0.7250859106529209,0.9126344086021505,0.8599033816425121,0.647887323943662,0.6858846918489065,0.8188601596275358,0.7439177147682892,0.8134730181477934,0.7644927536231884,0.7442680776014109,0.6483175649043992
0.23999999999999994,0.5,2,2,0.7516339869281046,0.9056356487549148,0.8615528531337698,0.6598527717101529,0.7084161696487741,0.8286348178415097,0.7261764847611587,0.8250494126886444,0.7615894039735099,0.756578947368421,0.6598806569897583
0.23999999999999994,0.5,3,2,0.7380952380952381,0.917312661498708,0.8679775280898876,0.6645190611131903,0.7082228116710876,0.8277039497969731,0.7806412906308318,0.8228390530940213,0.7722419928825622,0.7547826086956522,0.664837168230351
0.23999999999999994,0.5,4,2,0.7337883959044369,0.9001367989056087,0.8525390625,0.6371827601742003,0.6790450928381964,0.8169625974050228,0.7613431108554121,0.8127176248633355,0.7465277777777778,0.7401032702237521,0.6372287480108845
0.23999999999999994,0.5,5,2,0.7773972602739726,0.9009247027741083,0.8665395614871306,0.6712614552601301,0.6956233421750664,0.8391609815240404,0.776818259430524,0.8368849357287624,0.7516556291390728,0.7643097643097643,0.6714465894110574
0.24999999999999992,0.5,1,2,0.7250859106529209,0.9139784946236559,0.8608695652173913,0.6499436302142053,0.6858846918489065,0.8195322026382884,0.7437155910602111,0.814071820597777,0.7672727272727272,0.7455830388692579,0.6504358167736062
0.24999999999999992,0.5,2,2,0.7450980392156863,0.90956749672346,0.862488306828812,0.6604831443923749,0.7084161696487741,0.8273327679695732,0.7364702246549049,0.82323566391585,0.7676767676767676,0.7562189054726368,0.6606258843425875
0.24999999999999992,0.5,3,2,0.7380952380952381,0.917312661498708,0.8679775280898876,0.6645190611131903,0.7082228116710876,0.8277039497969731,0.7619815085742452,0.8228390530940213,0.7722419928825622,0.7547826086956522,0.664837168230351
0.24999999999999992,0.5,4,2,0.7372013651877133,0.9042407660738714,0.8564453125,0.6460663061368446,0.6790450928381964,0.8207210656307924,0.7649032596534747,0.8164603647502074,0.7552447552447552,0.7461139896373057,0.6461580854619186
0.24999999999999992,0.5,5,2,0.773972602739726,0.8996036988110965,0.8646329837940896,0.6665651903352747,0.6956233421750664,0.8367881507754112,0.7811337646341788,0.8344271185688471,0.7483443708609272,0.7609427609427609,0.6667490292546459
0.2599999999999999,0.5,1,2,0.7216494845360825,0.9126344086021505,0.8589371980676328,0.6450817361894023,0.6858846918489065,0.8171419465691165,0.7474264414413379,0.8115430675802945,0.7636363636363637,0.7420494699646644,0.6455702409542894
0.2599999999999999,0.5,2,2,0.7418300653594772,0.9069462647444299,0.8596819457436857,0.6538959637383985,0.7084161696487741,0.8243881650519536,0.7527743232201801,0.8202438703537468,0.761744966442953,0.7516556291390728,0.6540073933060032
0.2599999999999999,0.5,3,2,0.7312925170068028,0.917312661498708,0.8661048689138576,0.6590312382789475,0.7082228116710876,0.8243025892527553,0.782358216326233,0.8190383904980275,0.7706093189964157,0.7504363001745201,0.6594531606381134
0.2599999999999999,0.5,4,2,0.7337883959044369,0.9042407660738714,0.85546875,0.6432912333887238,0.6790450928381964,0.8190145809891541,0.7668106698064404,0.8145682176765463,0.7543859649122807,0.7439446366782007,0.6434108476225603
0.2599999999999999,0.5,5,2,0.7671232876712328,0.9009247027741083,0.8636796949475691,0.6631652456645777,0.6956233421750664,0.8340239952226706,0.7826766411464223,0.8313364661412984,0.7491638795986622,0.7580372250423012,0.6632554106926514
0.2699999999999999,0.5,1,2,0.718213058419244,0.9126344086021505,0.8579710144927536,0.6422701718993573,0.6858846918489065,0.8154237335106973,0.747665229292141,0.8096085163959112,0.7627737226277372,0.7398230088495575,0.642820496773631
0.2699999999999999,0.5,2,2,0.738562091503268,0.9069462647444299,0.8587464920486436,0.65124459049829,0.7084161696487741,0.822754178123849,0.7549060974688572,0.818435171635923,0.7609427609427609,0.7495854063018242,0.6513853338635266
0.2699999999999999,0.5,3,2,0.7278911564625851,0.9160206718346253,0.8642322097378277,0.6542624444087229,0.7082228116710876,0.8219559141486052,0.779732457414167,0.8165557826415409,0.7670250896057348,0.7469458987783595,0.6546813137096373
0.2699999999999999,0.5,4,2,0.7337883959044369,0.905608755129959,0.8564453125,0.6453357962791925,0.6790450928381964,0.8196985755171979,0.7658700189193097,0.8151841483639305,0.7570422535211268,0.7452339688041595,0.6454879891943966
0.2699999999999999,0.5,5,2,0.7671232876712328,0.9035667107001321,0.86558627264061,0.6671812030701171,0.6956233421750664,0.8353449991856825,0.7807296645547821,0.8325545422028319,0.7542087542087542,0.7606112054329371,0.6672276734962428
0.2799999999999999,0.5,1,2,0.7147766323024055,0.9126344086021505,0.8570048309178744,0.6394526119561073,0.6858846918489065,0.8137055204522781,0.7469128972455691,0.8076693315360827,0.7619047619047619,0.7375886524822695,0.640068286961817
0.2799999999999999,0.5,2,2,0.7418300653594772,0.908256880733945,0.8606173994387278,0.6558638674453325,0.7084161696487741,0.8250434730467111,0.7465116217615007,0.8208363181524422,0.7643097643097643,0.7529021558872305,0.656005609103057
0.2799999999999999,0.5,3,2,0.7244897959183674,0.917312661498708,0.8642322097378277,0.6535198410567576,0.7082228116710876,0.8209012287085378,0.7810343460618193,0.8152200089071253,0.7689530685920578,0.7460595446584939,0.6540597061518927
0.2799999999999999,0.5,4,2,0.7337883959044369,0.908344733242134,0.8583984375,0.6494376080160926,0.6790450928381964,0.8210665645732855,0.7660269039534008,0.8164146157033136,0.7624113475177305,0.7478260869565218,0.649667391016617
0.2799999999999999,0.5,5,2,0.7671232876712328,0.9035667107001321,0.86558627264061,0.6671812030701171,0.6956233421750664,0.8353449991856825,0.7833191887453406,0.8325545422028319,0.7542087542087542,0.7606112054329371,0.6672276734962428
0.2899999999999999,0.5,1,2,0.7079037800687286,0.9126344086021505,0.855072463768116,0.6337994282317644,0.6858846918489065,0.8102690943354396,0.7491694515519474,0.803776926560007,0.7601476014760148,0.7330960854092526,0.6345562868170198
0.2899999999999999,0.5,2,2,0.7287581699346405,0.9108781127129751,0.8587464920486436,0.6491661613428357,0.7084161696487741,0.8198181413238078,0.7547572577841243,0.8147452770370792,0.7663230240549829,0.7470686767169179,0.6495607578997751
0.2899999999999999,0.5,3,2,0.7278911564625851,0.9186046511627907,0.8661048689138576,0.6582988777318368,0.7082228116710876,0.8232479038126879,0.780426788499022,0.8177066722650569,0.7725631768953068,0.7495621716287215,0.658842690733259
0.2899999999999999,0.5,4,2,0.7337883959044369,0.9097127222982216,0.859375,0.6514948831273192,0.6790450928381964,0.8217505591013292,0.7667842827819813,0.8170291544547663,0.7651245551601423,0.7491289198606271,0.6517698065059789
0.2899999999999999,0.5,5,2,0.7671232876712328,0.9035667107001321,0.86558627264061,0.6671812030701171,0.6956233421750664,0.8353449991856825,0.7842166072905677,0.8325545422028319,0.7542087542087542,0.7606112054329371,0.6672276734962428
0.29999999999999993,0.5,1,2,0.7010309278350515,0.9126344086021505,0.8531400966183574,0.6281220304366941,0.6858846918489065,0.806832668218601,0.7482434572933154,0.7998655801049068,0.758364312267658,0.7285714285714285,0.6290338691142452
0.29999999999999993,0.5,2,2,0.7254901960784313,0.9134993446920052,0.8596819457436857,0.6504479759335557,0.7084161696487741,0.8194947703852182,0.7508204596694052,0.8140852650049143,0.7708333333333334,0.7474747474747475,0.6510209596366934
0.29999999999999993,0.5,3,2,0.7210884353741497,0.9186046511627907,0.8642322097378277,0.6527740407899691,0.7082228116710876,0.8198465432684702,0.770713908262801,0.8138766433768654,0.7709090909090909,0.7451669595782073,0.6534507520012557
0.29999999999999993,0.5,4,2,0.726962457337884,0.908344733242134,0.8564453125,0.6438656925464663,0.6790450928381964,0.817653595290009,0.7643858023806044,0.812608466229356,0.7607142857142857,0.743455497382199,0.6441852641543361
0.29999999999999993,0.5,5,2,0.7705479452054794,0.9009247027741083,0.8646329837940896,0.665869612030291,0.6956233421750664,0.8357363239897939,0.7833804433478756,0.8331900614550358,0.75,0.7601351351351351,0.6659876196020106
0.30999999999999994,0.5,1,2,0.7044673539518901,0.9112903225806451,0.8531400966183574,0.628916753941521,0.6858846918489065,0.8078788382662676,0.7439829491026853,0.801232976249949,0.7564575645756457,0.7295373665480427,0.6296677818273615
0.30999999999999994,0.5,2,2,0.7254901960784313,0.9161205766710354,0.8615528531337698,0.6544201163786323,0.7084161696487741,0.8208053863747333,0.7195864604077604,0.8152524129375852,0.7762237762237763,0.75,0.6551348943928946
0.30999999999999994,0.5,3,2,0.717687074829932,0.9186046511627907,0.8632958801498127,0.6500026935301406,0.7082228116710876,0.8181458629963614,0.7833251004381467,0.8119548540517467,0.7700729927007299,0.7429577464788732,0.650751066979921
0.30999999999999994,0.5,4,2,0.726962457337884,0.908344733242134,0.8564453125,0.6438656925464663,0.6790450928381964,0.817653595290009,0.7662729818996811,0.812608466229356,0.7607142857142857,0.743455497382199,0.6441852641543361
0.30999999999999994,0.5,5,2,0.773972602739726,0.904887714663144,0.8684461391801716,0.6746029248468118,0.6956233421750664,0.839430158701435,0.7841111318680797,0.8368741241698395,0.7583892617449665,0.7661016949152543,0.6746704483620605
0.3199999999999999,0.5,1,2,0.6941580756013745,0.9112903225806451,0.8502415458937198,0.6203758261573301,0.6858846918489065,0.8027241990910099,0.7513050879857137,0.7953486887125272,0.753731343283582,0.7227191413237924,0.6213624689686403
0.3199999999999999,0.5,2,2,0.7222222222222222,0.9187418086500655,0.862488306828812,0.655724128865471,0.7084161696487741,0.8204820154361439,0.7452590025395583,0.8145770379109112,0.7809187279151943,0.7504244482173175,0.6566775213123678
0.3199999999999999,0.5,3,2,0.717687074829932,0.9211886304909561,0.8651685393258427,0.6540517194838849,0.7082228116710876,0.819437852660444,0.7695994541315189,0.8130960420415569,0.7757352941176471,0.7455830388692579,0.6549671721251575
0.3199999999999999,0.5,4,2,0.7167235494880546,0.9110807113543091,0.85546875,0.6395755347434611,0.6790450928381964,0.8139021304211819,0.7699847534413311,0.8080798236015809,0.7636363636363637,0.7394366197183099,0.6401909076771184
0.3199999999999999,0.5,5,2,0.7671232876712328,0.9088507265521797,0.8693994280266921,0.6752637537198936,0.6956233421750664,0.8379870071117063,0.7818705609068483,0.8349853635574079,0.764505119453925,0.7658119658119659,0.6752656507126439
0.32999999999999985,0.5,1,2,0.7010309278350515,0.9126344086021505,0.8531400966183574,0.6281220304366941,0.6858846918489065,0.806832668218601,0.7312338646127314,0.7998655801049068,0.758364312267658,0.7285714285714285,0.6290338691142452
0.32999999999999985,0.5,2,2,0.7222222222222222,0.9187418086500655,0.862488306828812,0.655724128865471,0.7084161696487741,0.8204820154361439,0.754989928864501,0.8145770379109112,0.7809187279151943,0.7504244482173175,0.6566775213123678
0.32999999999999985,0.5,3,2,0.717687074829932,0.9211886304909561,0.8651685393258427,0.6540517194838849,0.7082228116710876,0.819437852660444,0.7827320537345539,0.8130960420415569,0.7757352941176471,0.7455830388692579,0.6549671721251575
0.32999999999999985,0.5,4,2,0.7235494880546075,0.9110807113543091,0.857421875,0.6451853293398963,0.6790450928381964,0.8173150997044583,0.7702373625460474,0.8119187042289628,0.7653429602888087,0.743859649122807,0.645673627056909
0.32999999999999985,0.5,5,2,0.7636986301369864,0.9088507265521797,0.8684461391801716,0.6725493566891658,0.6956233421750664,0.836274678344583,0.7840890384379987,0.8331194721448445,0.7636986301369864,0.7636986301369864,0.6725493566891659
0.33999999999999986,0.5,1,2,0.7010309278350515,0.9139784946236559,0.8541062801932368,0.6301725790306895,0.6858846918489065,0.8075047112293536,0.7537462291562795,0.8004543660367561,0.7611940298507462,0.7298747763864043,0.6311748025519324
0.33999999999999986,0.5,2,2,0.7254901960784313,0.9187418086500655,0.8634237605238541,0.6584081487933955,0.7084161696487741,0.8221160023642484,0.7526125130737183,0.8164178923216888,0.7816901408450704,0.752542372881356,0.6592820933550421
0.33999999999999986,0.5,3,2,0.717687074829932,0.9211886304909561,0.8651685393258427,0.6540517194838849,0.7082228116710876,0.819437852660444,0.7831416284850381,0.8130960420415569,0.7757352941176471,0.7455830388692579,0.6549671721251575
0.33999999999999986,0.5,4,2,0.7235494880546075,0.9124487004103967,0.8583984375,0.6472488833982705,0.6790450928381964,0.8179990942325022,0.7541520258918724,0.8125280241678033,0.7681159420289855,0.7451669595782073,0.647803122928881
0.33999999999999986,0.5,5,2,0.7602739726027398,0.9101717305151915,0.8684461391801716,0.6718590618327219,0.6956233421750664,0.8352228515589657,0.7854960767834699,0.8318532787153603,0.7655172413793103,0.7628865979381443,0.6718666594637669
0.34999999999999987,0.5,1,2,0.7044673539518901,0.9153225806451613,0.8560386473429952,0.635070955467369,0.6858846918489065,0.8098949672985256,0.7552254613343534,0.8030036590200024,0.7649253731343284,0.7334525939177102,0.6360809693435784
0.34999999999999987,0.5,2,2,0.7254901960784313,0.9200524246395806,0.8643592142188962,0.6604081543230838,0.7084161696487741,0.822771310359006,0.7431606559745555,0.8170000085399054,0.784452296819788,0.7538200339558574,0.6613683571255794
0.34999999999999987,0.5,3,2,0.717687074829932,0.9211886304909561,0.8651685393258427,0.6540517194838849,0.7082228116710876,0.819437852660444,0.782244879681806,0.8130960420415569,0.7757352941176471,0.7455830388692579,0.6549671721251575
0.34999999999999987,0.5,4,2,0.7201365187713311,0.9124487004103967,0.857421875,0.6444461356253062,0.6790450928381964,0.8162926095908639,0.7680546710863971,0.8106094193080712,0.7672727272727272,0.7429577464788732,0.6450661948482139
0.34999999999999987,0.5,5,2,0.7636986301369864,0.9114927344782034,0.8703527168732126,0.6766147276032622,0.6956233421750664,0.837595682307595,0.7876948011522772,0.8343295228510255,0.7689655172413793,0.7663230240549829,0.6766223790131366
0.3599999999999999,0.5,1,2,0.7010309278350515,0.918010752688172,0.8570048309178744,0.6363506872729862,0.6858846918489065,0.8095208402616118,0.7547888752148328,0.8022181310089813,0.769811320754717,0.7338129496402878,0.6376532155404084
0.3599999999999999,0.5,2,2,0.7222222222222222,0.9187418086500655,0.862488306828812,0.655724128865471,0.7084161696487741,0.8204820154361439,0.7474678574834495,0.8145770379109112,0.7809187279151943,0.7504244482173175,0.6566775213123678
0.3599999999999999,0.5,3,2,0.7108843537414966,0.9211886304909561,0.8632958801498127,0.6484877995996321,0.7082228116710876,0.8160364921162264,0.7833629517489407,0.8092333311601653,0.774074074074074,0.7411347517730497,0.6495731215713145
0.3599999999999999,0.5,4,2,0.7167235494880546,0.9110807113543091,0.85546875,0.6395755347434611,0.6790450928381964,0.8139021304211819,0.7431421783000606,0.8080798236015809,0.7636363636363637,0.7394366197183099,0.6401909076771184
0.3599999999999999,0.5,5,2,0.7602739726027398,0.9114927344782034,0.8693994280266921,0.673893163721684,0.6956233421750664,0.8358833535404716,0.7848659714726621,0.8324567269475801,0.7681660899653979,0.7641996557659209,0.6739103467160126
0.3699999999999999,0.5,1,2,0.7010309278350515,0.9153225806451613,0.855072463768116,0.6322275285689921,0.6858846918489065,0.8081767542401064,0.7389229300477129,0.801042719196705,0.7640449438202247,0.7311827956989247,0.6333249449355667
0.3699999999999999,0.5,2,2,0.7222222222222222,0.9200524246395806,0.8634237605238541,0.6577234488626893,0.7084161696487741,0.8211373234309014,0.7539116569059755,0.8151578415767964,0.7836879432624113,0.7517006802721088,0.6587670079228185
0.3699999999999999,0.5,3,2,0.7142857142857143,0.9211886304909561,0.8642322097378277,0.6512727665783925,0.7082228116710876,0.8177371723883352,0.7841106330403832,0.8111669858433044,0.7749077490774908,0.7433628318584071,0.6522714373886487
0.3699999999999999,0.5,4,2,0.7133105802047781,0.9124487004103967,0.85546875,0.6388230864191646,0.6790450928381964,0.8128796403075874,0.7678571374104387,0.8067585214280887,0.7655677655677655,0.7385159010600707,0.639585347787511
0.3699999999999999,0.5,5,2,0.7602739726027398,0.9114927344782034,0.8693994280266921,0.673893163721684,0.6956233421750664,0.8358833535404716,0.7780648607660133,0.8324567269475801,0.7681660899653979,0.7641996557659209,0.6739103467160126
0.3799999999999999,0.5,1,2,0.697594501718213,0.9153225806451613,0.8541062801932368,0.629377992473019,0.6858846918489065,0.8064585411816871,0.7477554616907589,0.7990769672294341,0.7631578947368421,0.7289048473967684,0.6305662172805927
0.3799999999999999,0.5,2,2,0.7189542483660131,0.9200524246395806,0.862488306828812,0.6550333566760549,0.7084161696487741,0.8195033365027968,0.7446388689745485,0.8133115020790481,0.7829181494661922,0.7495741056218058,0.6561635580963793
0.3799999999999999,0.5,3,2,0.7142857142857143,0.9211886304909561,0.8642322097378277,0.6512727665783925,0.7082228116710876,0.8177371723883352,0.7464851252650846,0.8111669858433044,0.7749077490774908,0.7433628318584071,0.6522714373886487
0.3799999999999999,0.5,4,2,0.7098976109215017,0.9110807113543091,0.853515625,0.6339423173167209,0.6790450928381964,0.8104891611379055,0.7669945059645059,0.8042226186492683,0.7619047619047619,0.734982332155477,0.6346987548164349
0.3799999999999999,0.5,5,2,0.7602739726027398,0.9114927344782034,0.8693994280266921,0.673893163721684,0.6956233421750664,0.8358833535404716,0.7832155267489771,0.8324567269475801,0.7681660899653979,0.7641996557659209,0.6739103467160126
0.3899999999999999,0.5,1,2,0.6907216494845361,0.9166666666666666,0.8531400966183574,0.6257173037942158,0.6858846918489065,0.8036941580756014,0.7522193270061299,0.7957144663932479,0.7642585551330798,0.7256317689530686,0.6272098517913618
0.3899999999999999,0.5,2,2,0.7124183006535948,0.9200524246395806,0.8606173994387278,0.6496369471445196,0.7084161696487741,0.8162353626465877,0.7455872337636226,0.8096061912275311,0.7813620071684588,0.7452991452991453,0.6509501979167343
0.3899999999999999,0.5,3,2,0.7142857142857143,0.9198966408268734,0.8632958801498127,0.6492468822544943,0.7082228116710876,0.8170911775562939,0.7811061296787764,0.8105979454464787,0.7720588235294118,0.7420494699646644,0.6501556097381052
0.3899999999999999,0.5,4,2,0.7064846416382252,0.9110807113543091,0.8525390625,0.6311168791510803,0.6790450928381964,0.8087826764962671,0.7685481346721927,0.8022870620075139,0.7610294117647058,0.7327433628318584,0.6319490267188298
0.3899999999999999,0.5,5,2,0.7602739726027398,0.9101717305151915,0.8684461391801716,0.6718590618327219,0.6956233421750664,0.8352228515589657,0.7863433577888951,0.8318532787153603,0.7655172413793103,0.7628865979381443,0.6718666594637669
0.3999999999999998,0.5,1,2,0.6907216494845361,0.9166666666666666,0.8531400966183574,0.6257173037942158,0.6858846918489065,0.8036941580756014,0.7509804968679777,0.7957144663932479,0.7642585551330798,0.7256317689530686,0.6272098517913618
0.3999999999999998,0.5,2,2,0.7091503267973857,0.9200524246395806,0.8596819457436857,0.6469305971463802,0.7084161696487741,0.8146013757184831,0.7394821260384696,0.80774716192871,0.7805755395683454,0.7431506849315068,0.6483402073839559
0.3999999999999998,0.5,3,2,0.7142857142857143,0.9211886304909561,0.8642322097378277,0.6512727665783925,0.7082228116710876,0.8177371723883352,0.7797107729620887,0.8111669858433044,0.7749077490774908,0.7433628318584071,0.6522714373886487
0.3999999999999998,0.5,4,2,0.7030716723549488,0.9110807113543091,0.8515625,0.6282855300551669,0.6790450928381964,0.807076191854629,0.7436849982268467,0.8003468244343889,0.7601476014760148,0.7304964539007093,0.6291968025090517
0.3999999999999998,0.5,5,2,0.7568493150684932,0.9114927344782034,0.8684461391801716,0.6711658504229625,0.6956233421750664,0.8341710247733483,0.7842333260659188,0.8305797082638945,0.7673611111111112,0.7620689655172413,0.6711963395565648
0.4099999999999998,0.5,1,2,0.6872852233676976,0.918010752688172,0.8531400966183574,0.6249088021973305,0.6858846918489065,0.8026479880279348,0.7389862077632949,0.7943143113498827,0.7662835249042146,0.7246376811594203,0.6266283148469287
0.4099999999999998,0.5,2,2,0.7026143790849673,0.9200524246395806,0.8578110383536015,0.6415015245584076,0.7084161696487741,0.811333401862274,0.7320296592513963,0.8040162082096091,0.7789855072463768,0.738831615120275,0.6431134023672072
0.4099999999999998,0.5,3,2,0.7108843537414966,0.9211886304909561,0.8632958801498127,0.6484877995996321,0.7082228116710876,0.8160364921162264,0.782328517067809,0.8092333311601653,0.774074074074074,0.7411347517730497,0.6495731215713145
0.4099999999999998,0.5,4,2,0.7064846416382252,0.9097127222982216,0.8515625,0.6290615482142772,0.6790450928381964,0.8080986819682234,0.755286412527688,0.8016845181282931,0.7582417582417582,0.7314487632508834,0.6298121618453589
0.4099999999999998,0.5,5,2,0.7602739726027398,0.9114927344782034,0.8693994280266921,0.673893163721684,0.6956233421750664,0.8358833535404716,0.7854137161599787,0.8324567269475801,0.7681660899653979,0.7641996557659209,0.6739103467160126
0.4199999999999998,0.5,1,2,0.6872852233676976,0.918010752688172,0.8531400966183574,0.6249088021973305,0.6858846918489065,0.8026479880279348,0.7535434707432621,0.7943143113498827,0.7662835249042146,0.7246376811594203,0.6266283148469287
0.4199999999999998,0.5,2,2,0.696078431372549,0.9200524246395806,0.8559401309635173,0.6360505115711469,0.7084161696487741,0.8080654280060648,0.7589576683212658,0.8002678604839942,0.7773722627737226,0.7344827586206897,0.6378772238134323
0.4199999999999998,0.5,3,2,0.7108843537414966,0.9224806201550387,0.8642322097378277,0.6505172507176514,0.7082228116710876,0.8166824869482676,0.780271850811133,0.8098006171261971,0.7769516728624535,0.7424511545293073,0.6517014066727282
0.4199999999999998,0.5,4,2,0.7030716723549488,0.9097127222982216,0.8505859375,0.6262310100007634,0.6790450928381964,0.8063921973265853,0.7678636120616705,0.7997457377371784,0.7573529411764706,0.7292035398230089,0.6270567153954955
0.4199999999999998,0.5,5,2,0.7568493150684932,0.9101717305151915,0.8674928503336511,0.6691324799803945,0.6956233421750664,0.8335105227918423,0.7846862259189279,0.8299776206833097,0.7647058823529411,0.7607573149741824,0.6691495415863399
0.4299999999999998,0.5,1,2,0.6872852233676976,0.918010752688172,0.8531400966183574,0.6249088021973305,0.6858846918489065,0.8026479880279348,0.7555660700473331,0.7943143113498827,0.7662835249042146,0.7246376811594203,0.6266283148469287
0.4299999999999998,0.5,2,2,0.696078431372549,0.9200524246395806,0.8559401309635173,0.6360505115711469,0.7084161696487741,0.8080654280060648,0.7362315934346175,0.8002678604839942,0.7773722627737226,0.7344827586206897,0.6378772238134323
0.4299999999999998,0.5,3,2,0.7142857142857143,0.9224806201550387,0.8651685393258427,0.653303035221555,0.7082228116710876,0.8183831672203765,0.7811967608546264,0.8117356273332904,0.7777777777777778,0.7446808510638298,0.6543964160665463
0.4299999999999998,0.5,4,2,0.7030716723549488,0.9097127222982216,0.8505859375,0.6262310100007634,0.6790450928381964,0.8063921973265853,0.7686961855340639,0.7997457377371784,0.7573529411764706,0.7292035398230089,0.6270567153954955
0.4299999999999998,0.5,5,2,0.7568493150684932,0.9101717305151915,0.8674928503336511,0.6691324799803945,0.6956233421750664,0.8335105227918423,0.781122756323588,0.8299776206833097,0.7647058823529411,0.7607573149741824,0.6691495415863399
0.43999999999999984,0.5,1,2,0.6804123711340206,0.918010752688172,0.851207729468599,0.6191507053561188,0.6858846918489065,0.7992115619110963,0.7483501237223614,0.7903327609071297,0.7644787644787645,0.72,0.6210986516929274
0.43999999999999984,0.5,2,2,0.6928104575163399,0.9213630406290957,0.8559401309635173,0.6353136117744529,0.7084161696487741,0.8070867490727178,0.7576369722196715,0.7989555367583917,0.7794117647058824,0.7335640138408305,0.6373829501561424
0.43999999999999984,0.5,3,2,0.7074829931972789,0.9224806201550387,0.8632958801498127,0.6477254242802147,0.7082228116710876,0.8149818066761588,0.7829340792601233,0.8078609721441982,0.7761194029850746,0.7402135231316725,0.6490037712232087
0.43999999999999984,0.5,4,2,0.7030716723549488,0.908344733242134,0.849609375,0.6241807791118335,0.6790450928381964,0.8057082027985414,0.744249931435341,0.7991441989249232,0.7545787545787546,0.7279151943462897,0.6249255688742829
0.43999999999999984,0.5,5,2,0.7568493150684932,0.9114927344782034,0.8684461391801716,0.6711658504229625,0.6956233421750664,0.8341710247733483,0.7820427162704947,0.8305797082638945,0.7673611111111112,0.7620689655172413,0.6711963395565648
0.44999999999999984,0.5,1,2,0.6838487972508591,0.918010752688172,0.8521739130434782,0.6220328667072427,0.6858846918489065,0.8009297749695156,0.7520623328757651,0.792326037114244,0.7653846153846153,0.7223230490018149,0.6238649590421171
0.44999999999999984,0.5,2,2,0.6895424836601307,0.9213630406290957,0.8550046772684752,0.6325735484886719,0.7084161696487741,0.8054527621446133,0.7339336450700595,0.7970689803197942,0.7785977859778598,0.7313691507798961,0.6347620345637927
0.44999999999999984,0.5,3,2,0.6972789115646258,0.9224806201550387,0.8604868913857678,0.6393134961649352,0.7082228116710876,0.8098797658598322,0.7809787103010719,0.8020138918754254,0.7735849056603774,0.7334525939177102,0.6408946566643584
0.44999999999999984,0.5,4,2,0.6996587030716723,0.908344733242134,0.8486328125,0.6213451408504466,0.6790450928381964,0.8040017181569032,0.7692071447519578,0.7972021688393577,0.7536764705882353,0.7256637168141593,0.6221644040721611
0.44999999999999984,0.5,5,2,0.7568493150684932,0.9114927344782034,0.8684461391801716,0.6711658504229625,0.6956233421750664,0.8341710247733483,0.7850316039831954,0.8305797082638945,0.7673611111111112,0.7620689655172413,0.6711963395565648
0.45999999999999985,0.5,1,2,0.6804123711340206,0.9166666666666666,0.8502415458937198,0.6170921198668146,0.6858846918489065,0.7985395189003437,0.7532649227024838,0.7897539744795119,0.7615384615384615,0.7186932849364791,0.6189096600696403
0.45999999999999985,0.5,2,2,0.6830065359477124,0.9213630406290957,0.8531337698783911,0.6270767275417902,0.7084161696487741,0.8021847882884041,0.755087502524835,0.7932824079294397,0.7769516728624535,0.7269565217391304,0.6295126228985292
0.45999999999999985,0.5,3,2,0.6972789115646258,0.9224806201550387,0.8604868913857678,0.6393134961649352,0.7082228116710876,0.8098797658598322,0.7821899907156991,0.8020138918754254,0.7735849056603774,0.7334525939177102,0.6408946566643584
0.45999999999999985,0.5,4,2,0.6996587030716723,0.908344733242134,0.8486328125,0.6213451408504466,0.6790450928381964,0.8040017181569032,0.7694051346707547,0.7972021688393577,0.7536764705882353,0.7256637168141593,0.6221644040721611
0.45999999999999985,0.5,5,2,0.7568493150684932,0.9101717305151915,0.8674928503336511,0.6691324799803945,0.6956233421750664,0.8335105227918423,0.7826318288370435,0.8299776206833097,0.7647058823529411,0.7607573149741824,0.6691495415863399
0.46999999999999986,0.5,1,2,0.6804123711340206,0.9166666666666666,0.8502415458937198,0.6170921198668146,0.6858846918489065,0.7985395189003437,0.7506772263455556,0.7897539744795119,0.7615384615384615,0.7186932849364791,0.6189096600696403
0.46999999999999986,0.5,2,2,0.6797385620915033,0.9213630406290957,0.852198316183349,0.6243199359416358,0.7084161696487741,0.8005508013602995,0.7380827703697199,0.7913823275771812,0.7761194029850746,0.7247386759581882,0.6268840398953869
0.46999999999999986,0.5,3,2,0.6938775510204082,0.9211886304909561,0.8586142322097379,0.6344720665832564,0.7082228116710876,0.8075330907556821,0.781836229077404,0.7994949098980607,0.769811320754717,0.7298747763864043,0.636041253180578
0.46999999999999986,0.5,4,2,0.6996587030716723,0.908344733242134,0.8486328125,0.6213451408504466,0.6790450928381964,0.8040017181569032,0.7699324569738794,0.7972021688393577,0.7536764705882353,0.7256637168141593,0.6221644040721611
0.46999999999999986,0.5,5,2,0.7534246575342466,0.9101717305151915,0.8665395614871306,0.666400138110252,0.6956233421750664,0.831798194024719,0.7812392672848355,0.8280977142588674,0.7638888888888888,0.7586206896551724,0.666430410751255
0.47999999999999976,0.5,1,2,0.6804123711340206,0.9166666666666666,0.8502415458937198,0.6170921198668146,0.6858846918489065,0.7985395189003437,0.7564481147112746,0.7897539744795119,0.7615384615384615,0.7186932849364791,0.6189096600696403
0.47999999999999976,0.5,2,2,0.6797385620915033,0.9213630406290957,0.852198316183349,0.6243199359416358,0.7084161696487741,0.8005508013602995,0.7468937916323622,0.7913823275771812,0.7761194029850746,0.7247386759581882,0.6268840398953869
0.47999999999999976,0.5,3,2,0.6938775510204082,0.9211886304909561,0.8586142322097379,0.6344720665832564,0.7082228116710876,0.8075330907556821,0.7825694263273703,0.7994949098980607,0.769811320754717,0.7298747763864043,0.636041253180578
0.47999999999999976,0.5,4,2,0.6996587030716723,0.908344733242134,0.8486328125,0.6213451408504466,0.6790450928381964,0.8040017181569032,0.7692148934197507,0.7972021688393577,0.7536764705882353,0.7256637168141593,0.6221644040721611
0.47999999999999976,0.5,5,2,0.7534246575342466,0.9101717305151915,0.8665395614871306,0.666400138110252,0.6956233421750664,0.831798194024719,0.7794031926484685,0.8280977142588674,0.7638888888888888,0.7586206896551724,0.666430410751255
0.48999999999999977,0.5,1,2,0.6804123711340206,0.9153225806451613,0.8492753623188406,0.6150379812025235,0.6858846918489065,0.797867475889591,0.7516268101152062,0.7891747635658942,0.7586206896551724,0.717391304347826,0.6167303330864181
0.48999999999999977,0.5,2,2,0.6797385620915033,0.9213630406290957,0.852198316183349,0.6243199359416358,0.7084161696487741,0.8005508013602995,0.7416395161268863,0.7913823275771812,0.7761194029850746,0.7247386759581882,0.6268840398953869
0.48999999999999977,0.5,3,2,0.6938775510204082,0.9211886304909561,0.8586142322097379,0.6344720665832564,0.7082228116710876,0.8075330907556821,0.7762285797290942,0.7994949098980607,0.769811320754717,0.7298747763864043,0.636041253180578
0.48999999999999977,0.5,4,2,0.6962457337883959,0.9069767441860465,0.8466796875,0.6164592717001298,0.6790450928381964,0.8016112389872212,0.7673117190505258,0.794656333759962,0.75,0.7221238938053097,0.6172720927488268
0.48999999999999977,0.5,5,2,0.75,0.9101717305151915,0.86558627264061,0.6636620179505778,0.6956233421750664,0.8300858652575958,0.7803512877620546,0.826213530442581,0.7630662020905923,0.7564766839378239,0.6637092260934797
0.4999999999999998,0.5,1,2,0.6804123711340206,0.9153225806451613,0.8492753623188406,0.6150379812025235,0.6858846918489065,0.797867475889591,0.7510941205531372,0.7891747635658942,0.7586206896551724,0.717391304347826,0.6167303330864181
0.4999999999999998,0.5,2,2,0.6797385620915033,0.9200524246395806,0.8512628624883068,0.6223261126060168,0.7084161696487741,0.799895493365542,0.6973106022865543,0.7908192664403857,0.7732342007434945,0.7234782608695652,0.6247435540792748
0.4999999999999998,0.5,3,2,0.6938775510204082,0.9211886304909561,0.8586142322097379,0.6344720665832564,0.7082228116710876,0.8075330907556821,0.7575566445149609,0.7994949098980607,0.769811320754717,0.7298747763864043,0.636041253180578
0.4999999999999998,0.5,4,2,0.6928327645051194,0.9069767441860465,0.845703125,0.6136125904520813,0.6790450928381964,0.7999047543455831,0.7699979530366311,0.792706253927816,0.7490774907749077,0.7198581560283688,0.6145025811080603
0.4999999999999998,0.5,5,2,0.75,0.9101717305151915,0.86558627264061,0.6636620179505778,0.6956233421750664,0.8300858652575958,0.7831944407728945,0.826213530442581,0.7630662020905923,0.7564766839378239,0.6637092260934797
0.5099999999999998,0.5,1,2,0.6804123711340206,0.9153225806451613,0.8492753623188406,0.6150379812025235,0.6858846918489065,0.797867475889591,0.7531848259004208,0.7891747635658942,0.7586206896551724,0.717391304347826,0.6167303330864181
0.5099999999999998,0.5,2,2,0.6797385620915033,0.9200524246395806,0.8512628624883068,0.6223261126060168,0.7084161696487741,0.799895493365542,0.7276665576797604,0.7908192664403857,0.7732342007434945,0.7234782608695652,0.6247435540792748
0.5099999999999998,0.5,3,2,0.6938775510204082,0.9211886304909561,0.8586142322097379,0.6344720665832564,0.7082228116710876,0.8075330907556821,0.7601631249738494,0.7994949098980607,0.769811320754717,0.7298747763864043,0.636041253180578
0.5099999999999998,0.5,4,2,0.6928327645051194,0.9069767441860465,0.845703125,0.6136125904520813,0.6790450928381964,0.7999047543455831,0.769909375306574,0.792706253927816,0.7490774907749077,0.7198581560283688,0.6145025811080603
0.5099999999999998,0.5,5,2,0.75,0.9088507265521797,0.8646329837940896,0.6616344257975413,0.6956233421750664,0.8294253632760898,0.7802592929197574,0.8256137383269097,0.7604166666666666,0.7551724137931034,0.6616644819459452
0.5199999999999998,0.5,1,2,0.6804123711340206,0.9153225806451613,0.8492753623188406,0.6150379812025235,0.6858846918489065,0.797867475889591,0.7335513083422988,0.7891747635658942,0.7586206896551724,0.717391304347826,0.6167303330864181
0.5199999999999998,0.5,2,2,0.6797385620915033,0.9200524246395806,0.8512628624883068,0.6223261126060168,0.7084161696487741,0.799895493365542,0.7539402646736346,0.7908192664403857,0.7732342007434945,0.7234782608695652,0.6247435540792748
0.5199999999999998,0.5,3,2,0.6904761904761905,0.9224806201550387,0.8586142322097379,0.6336749713787276,0.7082228116710876,0.8064784053156147,0.7820800027775733,0.7980920400509987,0.7718631178707225,0.7289048473967684,0.6354746140299165
0.5199999999999998,0.5,4,2,0.6962457337883959,0.9069767441860465,0.8466796875,0.6164592717001298,0.6790450928381964,0.8016112389872212,0.7678206786107376,0.794656333759962,0.75,0.7221238938053097,0.6172720927488268
0.5199999999999998,0.5,5,2,0.75,0.9088507265521797,0.8646329837940896,0.6616344257975413,0.6956233421750664,0.8294253632760898,0.782167144156199,0.8256137383269097,0.7604166666666666,0.7551724137931034,0.6616644819459452
0.5299999999999998,0.5,1,2,0.6838487972508591,0.9153225806451613,0.8502415458937198,0.6179183606393392,0.6858846918489065,0.7995856889480102,0.7402556145963,0.7911651192202207,0.7595419847328244,0.7197106690777577,0.6195033066673443
0.5299999999999998,0.5,2,2,0.6764705882352942,0.9187418086500655,0.8493919550982226,0.6175754976702433,0.7084161696487741,0.7976061984426799,0.724084642105062,0.7883538620022533,0.7695167286245354,0.72,0.6199744852600204
0.5299999999999998,0.5,3,2,0.6904761904761905,0.9224806201550387,0.8586142322097379,0.6336749713787276,0.7082228116710876,0.8064784053156147,0.780800733691634,0.7980920400509987,0.7718631178707225,0.7289048473967684,0.6354746140299165
0.5299999999999998,0.5,4,2,0.6928327645051194,0.9069767441860465,0.845703125,0.6136125904520813,0.6790450928381964,0.7999047543455831,0.7687789963310823,0.792706253927816,0.7490774907749077,0.7198581560283688,0.6145025811080603
0.5299999999999998,0.5,5,2,0.75,0.9088507265521797,0.8646329837940896,0.6616344257975413,0.6956233421750664,0.8294253632760898,0.7808899798545071,0.8256137383269097,0.7604166666666666,0.7551724137931034,0.6616644819459452
0.5399999999999998,0.5,1,2,0.6838487972508591,0.9153225806451613,0.8502415458937198,0.6179183606393392,0.6858846918489065,0.7995856889480102,0.7499317372912754,0.7911651192202207,0.7595419847328244,0.7197106690777577,0.6195033066673443
0.5399999999999998,0.5,2,2,0.6764705882352942,0.9187418086500655,0.8493919550982226,0.6175754976702433,0.7084161696487741,0.7976061984426799,0.7355535530095205,0.7883538620022533,0.7695167286245354,0.72,0.6199744852600204
0.5399999999999998,0.5,3,2,0.6904761904761905,0.9224806201550387,0.8586142322097379,0.6336749713787276,0.7082228116710876,0.8064784053156147,0.7785217052908592,0.7980920400509987,0.7718631178707225,0.7289048473967684,0.6354746140299165
0.5399999999999998,0.5,4,2,0.6928327645051194,0.9069767441860465,0.845703125,0.6136125904520813,0.6790450928381964,0.7999047543455831,0.7595877556180747,0.792706253927816,0.7490774907749077,0.7198581560283688,0.6145025811080603
0.5399999999999998,0.5,5,2,0.75,0.9088507265521797,0.8646329837940896,0.6616344257975413,0.6956233421750664,0.8294253632760898,0.779834695866015,0.8256137383269097,0.7604166666666666,0.7551724137931034,0.6616644819459452
0.5499999999999998,0.5,1,2,0.6838487972508591,0.9153225806451613,0.8502415458937198,0.6179183606393392,0.6858846918489065,0.7995856889480102,0.7549794832958591,0.7911651192202207,0.7595419847328244,0.7197106690777577,0.6195033066673443
0.5499999999999998,0.5,2,2,0.6764705882352942,0.9187418086500655,0.8493919550982226,0.6175754976702433,0.7084161696487741,0.7976061984426799,0.7144578355917097,0.7883538620022533,0.7695167286245354,0.72,0.6199744852600204
0.5499999999999998,0.5,3,2,0.6904761904761905,0.9237726098191215,0.8595505617977528,0.6357037603012607,0.7082228116710876,0.807124400147656,0.7483560268977254,0.7986507324820753,0.7748091603053435,0.7302158273381295,0.637632281314467
0.5499999999999998,0.5,4,2,0.6928327645051194,0.9069767441860465,0.845703125,0.6136125904520813,0.6790450928381964,0.7999047543455831,0.7556575426793378,0.792706253927816,0.7490774907749077,0.7198581560283688,0.6145025811080603
0.5499999999999998,0.5,5,2,0.75,0.9088507265521797,0.8646329837940896,0.6616344257975413,0.6956233421750664,0.8294253632760898,0.7812473614215719,0.8256137383269097,0.7604166666666666,0.7551724137931034,0.6616644819459452
0.5599999999999997,0.5,1,2,0.6838487972508591,0.9153225806451613,0.8502415458937198,0.6179183606393392,0.6858846918489065,0.7995856889480102,0.748792213114822,0.7911651192202207,0.7595419847328244,0.7197106690777577,0.6195033066673443
0.5599999999999997,0.5,2,2,0.6699346405228758,0.9187418086500655,0.8475210477081384,0.6120369690047268,0.7084161696487741,0.7943382245864706,0.733291344798769,0.7845361453185686,0.7677902621722846,0.7155322862129145,0.6146909639787934
0.5599999999999997,0.5,3,2,0.6904761904761905,0.9237726098191215,0.8595505617977528,0.6357037603012607,0.7082228116710876,0.807124400147656,0.7785089023237801,0.7986507324820753,0.7748091603053435,0.7302158273381295,0.637632281314467
0.5599999999999997,0.5,4,2,0.6928327645051194,0.9069767441860465,0.845703125,0.6136125904520813,0.6790450928381964,0.7999047543455831,0.7590962554963927,0.792706253927816,0.7490774907749077,0.7198581560283688,0.6145025811080603
0.5599999999999997,0.5,5,2,0.75,0.9101717305151915,0.86558627264061,0.6636620179505778,0.6956233421750664,0.8300858652575958,0.7800706136991131,0.826213530442581,0.7630662020905923,0.7564766839378239,0.6637092260934797
0.5699999999999997,0.5,1,2,0.6838487972508591,0.9153225806451613,0.8502415458937198,0.6179183606393392,0.6858846918489065,0.7995856889480102,0.7537523154131107,0.7911651192202207,0.7595419847328244,0.7197106690777577,0.6195033066673443
0.5699999999999997,0.5,2,2,0.6699346405228758,0.9187418086500655,0.8475210477081384,0.6120369690047268,0.7084161696487741,0.7943382245864706,0.7354055194047068,0.7845361453185686,0.7677902621722846,0.7155322862129145,0.6146909639787934
0.5699999999999997,0.5,3,2,0.6904761904761905,0.9237726098191215,0.8595505617977528,0.6357037603012607,0.7082228116710876,0.807124400147656,0.7801952873596133,0.7986507324820753,0.7748091603053435,0.7302158273381295,0.637632281314467
0.5699999999999997,0.5,4,2,0.6928327645051194,0.9069767441860465,0.845703125,0.6136125904520813,0.6790450928381964,0.7999047543455831,0.7679467060139196,0.792706253927816,0.7490774907749077,0.7198581560283688,0.6145025811080603
0.5699999999999997,0.5,5,2,0.75,0.9101717305151915,0.86558627264061,0.6636620179505778,0.6956233421750664,0.8300858652575958,0.780133589081192,0.826213530442581,0.7630662020905923,0.7564766839378239,0.6637092260934797
0.5799999999999997,0.5,1,2,0.6838487972508591,0.9139784946236559,0.8492753623188406,0.6158677591572217,0.6858846918489065,0.7989136459372574,0.752229325518416,0.7905840210006384,0.7566539923954373,0.7184115523465704,0.6173368126496901
0.5799999999999997,0.5,2,2,0.6699346405228758,0.9187418086500655,0.8475210477081384,0.6120369690047268,0.7084161696487741,0.7943382245864706,0.7577160533410767,0.7845361453185686,0.7677902621722846,0.7155322862129145,0.6146909639787934
0.5799999999999997,0.5,3,2,0.6904761904761905,0.9224806201550387,0.8586142322097379,0.6336749713787276,0.7082228116710876,0.8064784053156147,0.779047725314332,0.7980920400509987,0.7718631178707225,0.7289048473967684,0.6354746140299165
0.5799999999999997,0.5,4,2,0.6928327645051194,0.9069767441860465,0.845703125,0.6136125904520813,0.6790450928381964,0.7999047543455831,0.7692836883232629,0.792706253927816,0.7490774907749077,0.7198581560283688,0.6145025811080603
0.5799999999999997,0.5,5,2,0.75,0.9101717305151915,0.86558627264061,0.6636620179505778,0.6956233421750664,0.8300858652575958,0.7824836051489898,0.826213530442581,0.7630662020905923,0.7564766839378239,0.6637092260934797
0.5899999999999997,0.5,1,2,0.6804123711340206,0.9153225806451613,0.8492753623188406,0.6150379812025235,0.6858846918489065,0.797867475889591,0.7535703291502902,0.7891747635658942,0.7586206896551724,0.717391304347826,0.6167303330864181
0.5899999999999997,0.5,2,2,0.6699346405228758,0.9187418086500655,0.8475210477081384,0.6120369690047268,0.7084161696487741,0.7943382245864706,0.7361700350987956,0.7845361453185686,0.7677902621722846,0.7155322862129145,0.6146909639787934
0.5899999999999997,0.5,3,2,0.6904761904761905,0.9224806201550387,0.8586142322097379,0.6336749713787276,0.7082228116710876,0.8064784053156147,0.7782458517540246,0.7980920400509987,0.7718631178707225,0.7289048473967684,0.6354746140299165
0.5899999999999997,0.5,4,2,0.6928327645051194,0.9069767441860465,0.845703125,0.6136125904520813,0.6790450928381964,0.7999047543455831,0.7668041861365062,0.792706253927816,0.7490774907749077,0.7198581560283688,0.6145025811080603
0.5899999999999997,0.5,5,2,0.75,0.9101717305151915,0.86558627264061,0.6636620179505778,0.6956233421750664,0.8300858652575958,0.7821256383895567,0.826213530442581,0.7630662020905923,0.7564766839378239,0.6637092260934797
0.5999999999999998,0.5,1,2,0.6769759450171822,0.9166666666666666,0.8492753623188406,0.614204610620484,0.6858846918489065,0.7968213058419245,0.7371400706072282,0.7877571217909851,0.7606177606177607,0.7163636363636363,0.6161369957586402
0.5999999999999998,0.5,2,2,0.6666666666666666,0.9200524246395806,0.8475210477081384,0.6112458418764041,0.7084161696487741,0.7933595456531236,0.7312569387542129,0.7831783213885927,0.769811320754717,0.7145359019264448,0.614189292487944
0.5999999999999998,0.5,3,2,0.6870748299319728,0.9211886304909561,0.8567415730337079,0.6288229842446711,0.7082228116710876,0.8041317302114644,0.7770026421432973,0.7955661642062467,0.7680608365019012,0.725314183123878,0.6306088472085062
0.5999999999999998,0.5,4,2,0.6928327645051194,0.9069767441860465,0.845703125,0.6136125904520813,0.6790450928381964,0.7999047543455831,0.7674778662988332,0.792706253927816,0.7490774907749077,0.7198581560283688,0.6145025811080603
0.5999999999999998,0.5,5,2,0.75,0.9101717305151915,0.86558627264061,0.6636620179505778,0.6956233421750664,0.8300858652575958,0.7806784353599762,0.826213530442581,0.7630662020905923,0.7564766839378239,0.6637092260934797
0.6099999999999998,0.5,1,2,0.6769759450171822,0.9166666666666666,0.8492753623188406,0.614204610620484,0.6858846918489065,0.7968213058419245,0.7508960669076564,0.7877571217909851,0.7606177606177607,0.7163636363636363,0.6161369957586402
0.6099999999999998,0.5,2,2,0.6666666666666666,0.9200524246395806,0.8475210477081384,0.6112458418764041,0.7084161696487741,0.7933595456531236,0.7412850264103754,0.7831783213885927,0.769811320754717,0.7145359019264448,0.614189292487944
0.6099999999999998,0.5,3,2,0.6870748299319728,0.9211886304909561,0.8567415730337079,0.6288229842446711,0.7082228116710876,0.8041317302114644,0.7618197288727624,0.7955661642062467,0.7680608365019012,0.725314183123878,0.6306088472085062
0.6099999999999998,0.5,4,2,0.6928327645051194,0.9069767441860465,0.845703125,0.6136125904520813,0.6790450928381964,0.7999047543455831,0.7693892057932269,0.792706253927816,0.7490774907749077,0.7198581560283688,0.6145025811080603
0.6099999999999998,0.5,5,2,0.75,0.9101717305151915,0.86558627264061,0.6636620179505778,0.6956233421750664,0.8300858652575958,0.7795042060485222,0.826213530442581,0.7630662020905923,0.7564766839378239,0.6637092260934797
0.6199999999999998,0.5,1,2,0.6769759450171822,0.9166666666666666,0.8492753623188406,0.614204610620484,0.6858846918489065,0.7968213058419245,0.7502648169466507,0.7877571217909851,0.7606177606177607,0.7163636363636363,0.6161369957586402
0.6199999999999998,0.5,2,2,0.6601307189542484,0.9200524246395806,0.8456501403180543,0.605671745229765,0.7084161696487741,0.7900915717969145,0.6791076502890325,0.7793297559781263,0.7680608365019012,0.7100175746924429,0.6088954011027655
0.6199999999999998,0.5,3,2,0.6870748299319728,0.9211886304909561,0.8567415730337079,0.6288229842446711,0.7082228116710876,0.8041317302114644,0.780801989831745,0.7955661642062467,0.7680608365019012,0.725314183123878,0.6306088472085062
0.6199999999999998,0.5,4,2,0.6928327645051194,0.9069767441860465,0.845703125,0.6136125904520813,0.6790450928381964,0.7999047543455831,0.7528128955400327,0.792706253927816,0.7490774907749077,0.7198581560283688,0.6145025811080603
0.6199999999999998,0.5,5,2,0.75,0.9101717305151915,0.86558627264061,0.6636620179505778,0.6956233421750664,0.8300858652575958,0.7850342119292315,0.826213530442581,0.7630662020905923,0.7564766839378239,0.6637092260934797
0.6299999999999997,0.5,1,2,0.6769759450171822,0.9166666666666666,0.8492753623188406,0.614204610620484,0.6858846918489065,0.7968213058419245,0.7499933283890935,0.7877571217909851,0.7606177606177607,0.7163636363636363,0.6161369957586402
0.6299999999999997,0.5,2,2,0.6601307189542484,0.9200524246395806,0.8456501403180543,0.605671745229765,0.7084161696487741,0.7900915717969145,0.7540014543531925,0.7793297559781263,0.7680608365019012,0.7100175746924429,0.6088954011027655
0.6299999999999997,0.5,3,2,0.6870748299319728,0.9211886304909561,0.8567415730337079,0.6288229842446711,0.7082228116710876,0.8041317302114644,0.7696412511405234,0.7955661642062467,0.7680608365019012,0.725314183123878,0.6306088472085062
0.6299999999999997,0.5,4,2,0.6928327645051194,0.9069767441860465,0.845703125,0.6136125904520813,0.6790450928381964,0.7999047543455831,0.7704713565240257,0.792706253927816,0.7490774907749077,0.7198581560283688,0.6145025811080603
0.6299999999999997,0.5,5,2,0.75,0.9101717305151915,0.86558627264061,0.6636620179505778,0.6956233421750664,0.8300858652575958,0.7793212855862066,0.826213530442581,0.7630662020905923,0.7564766839378239,0.6637092260934797
0.6399999999999997,0.5,1,2,0.6769759450171822,0.9166666666666666,0.8492753623188406,0.614204610620484,0.6858846918489065,0.7968213058419245,0.749113743487089,0.7877571217909851,0.7606177606177607,0.7163636363636363,0.6161369957586402
0.6399999999999997,0.5,2,2,0.6601307189542484,0.9200524246395806,0.8456501403180543,0.605671745229765,0.7084161696487741,0.7900915717969145,0.7569721346228593,0.7793297559781263,0.7680608365019012,0.7100175746924429,0.6088954011027655
0.6399999999999997,0.5,3,2,0.6870748299319728,0.9211886304909561,0.8567415730337079,0.6288229842446711,0.7082228116710876,0.8041317302114644,0.7808232116380156,0.7955661642062467,0.7680608365019012,0.725314183123878,0.6306088472085062
0.6399999999999997,0.5,4,2,0.6928327645051194,0.9069767441860465,0.845703125,0.6136125904520813,0.6790450928381964,0.7999047543455831,0.7579565696191797,0.792706253927816,0.7490774907749077,0.7198581560283688,0.6145025811080603
0.6399999999999997,0.5,5,2,0.75,0.9101717305151915,0.86558627264061,0.6636620179505778,0.6956233421750664,0.8300858652575958,0.7786662641691733,0.826213530442581,0.7630662020905923,0.7564766839378239,0.6637092260934797
0.6499999999999997,0.5,1,2,0.6769759450171822,0.9166666666666666,0.8492753623188406,0.614204610620484,0.6858846918489065,0.7968213058419245,0.7486775058770199,0.7877571217909851,0.7606177606177607,0.7163636363636363,0.6161369957586402
0.6499999999999997,0.5,2,2,0.6568627450980392,0.9200524246395806,0.8447146866230122,0.6028761458034948,0.7084161696487741,0.7884575848688099,0.7304860212333608,0.7773983285824981,0.767175572519084,0.7077464788732394,0.6062441039637064
0.6499999999999997,0.5,3,2,0.6904761904761905,0.9211886304909561,0.8576779026217228,0.631650601753526,0.7082228116710876,0.8058324104835732,0.7819207952403044,0.7975329562415427,0.7689393939393939,0.7275985663082437,0.6333265010580585
0.6499999999999997,0.5,4,2,0.6928327645051194,0.9069767441860465,0.845703125,0.6136125904520813,0.6790450928381964,0.7999047543455831,0.7694416011497731,0.792706253927816,0.7490774907749077,0.7198581560283688,0.6145025811080603
0.6499999999999997,0.5,5,2,0.75,0.9101717305151915,0.86558627264061,0.6636620179505778,0.6956233421750664,0.8300858652575958,0.7789270205770653,0.826213530442581,0.7630662020905923,0.7564766839378239,0.6637092260934797
0.6599999999999997,0.5,1,2,0.6769759450171822,0.9166666666666666,0.8492753623188406,0.614204610620484,0.6858846918489065,0.7968213058419245,0.7526629191614304,0.7877571217909851,0.7606177606177607,0.7163636363636363,0.6161369957586402
0.6599999999999997,0.5,2,2,0.6568627450980392,0.9200524246395806,0.8447146866230122,0.6028761458034948,0.7084161696487741,0.7884575848688099,0.7520399451795436,0.7773983285824981,0.767175572519084,0.7077464788732394,0.6062441039637064
0.6599999999999997,0.5,3,2,0.6904761904761905,0.9211886304909561,0.8576779026217228,0.631650601753526,0.7082228116710876,0.8058324104835732,0.7766615123877868,0.7975329562415427,0.7689393939393939,0.7275985663082437,0.6333265010580585
0.6599999999999997,0.5,4,2,0.6928327645051194,0.9069767441860465,0.845703125,0.6136125904520813,0.6790450928381964,0.7999047543455831,0.7694049606798318,0.792706253927816,0.7490774907749077,0.7198581560283688,0.6145025811080603
0.6599999999999997,0.5,5,2,0.75,0.9101717305151915,0.86558627264061,0.6636620179505778,0.6956233421750664,0.8300858652575958,0.7768140290838265,0.826213530442581,0.7630662020905923,0.7564766839378239,0.6637092260934797
0.6699999999999997,0.5,1,2,0.6769759450171822,0.9166666666666666,0.8492753623188406,0.614204610620484,0.6858846918489065,0.7968213058419245,0.7503279926713057,0.7877571217909851,0.7606177606177607,0.7163636363636363,0.6161369957586402
0.6699999999999997,0.5,2,2,0.6568627450980392,0.9200524246395806,0.8447146866230122,0.6028761458034948,0.7084161696487741,0.7884575848688099,0.7376065160964049,0.7773983285824981,0.767175572519084,0.7077464788732394,0.6062441039637064
0.6699999999999997,0.5,3,2,0.6904761904761905,0.9211886304909561,0.8576779026217228,0.631650601753526,0.7082228116710876,0.8058324104835732,0.7769626635951081,0.7975329562415427,0.7689393939393939,0.7275985663082437,0.6333265010580585
0.6699999999999997,0.5,4,2,0.6928327645051194,0.9069767441860465,0.845703125,0.6136125904520813,0.6790450928381964,0.7999047543455831,0.7691193978227849,0.792706253927816,0.7490774907749077,0.7198581560283688,0.6145025811080603
0.6699999999999997,0.5,5,2,0.75,0.9101717305151915,0.86558627264061,0.6636620179505778,0.6956233421750664,0.8300858652575958,0.7804904391963614,0.826213530442581,0.7630662020905923,0.7564766839378239,0.6637092260934797
0.6799999999999997,0.5,1,2,0.6769759450171822,0.9166666666666666,0.8492753623188406,0.614204610620484,0.6858846918489065,0.7968213058419245,0.7487489315024746,0.7877571217909851,0.7606177606177607,0.7163636363636363,0.6161369957586402
0.6799999999999997,0.5,2,2,0.6601307189542484,0.9200524246395806,0.8456501403180543,0.605671745229765,0.7084161696487741,0.7900915717969145,0.7075157912834126,0.7793297559781263,0.7680608365019012,0.7100175746924429,0.6088954011027655
0.6799999999999997,0.5,3,2,0.6904761904761905,0.9211886304909561,0.8576779026217228,0.631650601753526,0.7082228116710876,0.8058324104835732,0.7784642205777057,0.7975329562415427,0.7689393939393939,0.7275985663082437,0.6333265010580585
0.6799999999999997,0.5,4,2,0.6928327645051194,0.9069767441860465,0.845703125,0.6136125904520813,0.6790450928381964,0.7999047543455831,0.7645269308655593,0.792706253927816,0.7490774907749077,0.7198581560283688,0.6145025811080603
0.6799999999999997,0.5,5,2,0.75,0.9101717305151915,0.86558627264061,0.6636620179505778,0.6956233421750664,0.8300858652575958,0.7799561904626107,0.826213530442581,0.7630662020905923,0.7564766839378239,0.6637092260934797
0.6899999999999997,0.5,1,2,0.6769759450171822,0.9166666666666666,0.8492753623188406,0.614204610620484,0.6858846918489065,0.7968213058419245,0.7501702739889656,0.7877571217909851,0.7606177606177607,0.7163636363636363,0.6161369957586402
0.6899999999999997,0.5,2,2,0.6601307189542484,0.9200524246395806,0.8456501403180543,0.605671745229765,0.7084161696487741,0.7900915717969145,0.6910238808238682,0.7793297559781263,0.7680608365019012,0.7100175746924429,0.6088954011027655
0.6899999999999997,0.5,3,2,0.6870748299319728,0.9211886304909561,0.8567415730337079,0.6288229842446711,0.7082228116710876,0.8041317302114644,0.7796836596657069,0.7955661642062467,0.7680608365019012,0.725314183123878,0.6306088472085062
0.6899999999999997,0.5,4,2,0.6928327645051194,0.9069767441860465,0.845703125,0.6136125904520813,0.6790450928381964,0.7999047543455831,0.766556813927489,0.792706253927816,0.7490774907749077,0.7198581560283688,0.6145025811080603
0.6899999999999997,0.5,5,2,0.75,0.9101717305151915,0.86558627264061,0.6636620179505778,0.6956233421750664,0.8300858652575958,0.7806549172308505,0.826213530442581,0.7630662020905923,0.7564766839378239,0.6637092260934797
0.6999999999999996,0.5,1,2,0.6769759450171822,0.9166666666666666,0.8492753623188406,0.614204610620484,0.6858846918489065,0.7968213058419245,0.7370129691336635,0.7877571217909851,0.7606177606177607,0.7163636363636363,0.6161369957586402
0.6999999999999996,0.5,2,2,0.6601307189542484,0.9200524246395806,0.8456501403180543,0.605671745229765,0.7084161696487741,0.7900915717969145,0.7532571319406759,0.7793297559781263,0.7680608365019012,0.7100175746924429,0.6088954011027655
0.6999999999999996,0.5,3,2,0.6870748299319728,0.9211886304909561,0.8567415730337079,0.6288229842446711,0.7082228116710876,0.8041317302114644,0.779650747809612,0.7955661642062467,0.7680608365019012,0.725314183123878,0.6306088472085062
0.6999999999999996,0.5,4,2,0.6928327645051194,0.9069767441860465,0.845703125,0.6136125904520813,0.6790450928381964,0.7999047543455831,0.7666395046531751,0.792706253927816,0.7490774907749077,0.7198581560283688,0.6145025811080603
0.6999999999999996,0.5,5,2,0.75,0.9101717305151915,0.86558627264061,0.6636620179505778,0.6956233421750664,0.8300858652575958,0.7792543849533347,0.826213530442581,0.7630662020905923,0.7564766839378239,0.6637092260934797
0.7099999999999996,0.5,1,2,0.6769759450171822,0.9166666666666666,0.8492753623188406,0.614204610620484,0.6858846918489065,0.7968213058419245,0.7530123070873916,0.7877571217909851,0.7606177606177607,0.7163636363636363,0.6161369957586402
0.7099999999999996,0.5,2,2,0.6601307189542484,0.9200524246395806,0.8456501403180543,0.605671745229765,0.7084161696487741,0.7900915717969145,0.7204772676778195,0.7793297559781263,0.7680608365019012,0.7100175746924429,0.6088954011027655
0.7099999999999996,0.5,3,2,0.6870748299319728,0.9211886304909561,0.8567415730337079,0.6288229842446711,0.7082228116710876,0.8041317302114644,0.7706939552091421,0.7955661642062467,0.7680608365019012,0.725314183123878,0.6306088472085062
0.7099999999999996,0.5,4,2,0.689419795221843,0.9069767441860465,0.8447265625,0.6107599475964159,0.6790450928381964,0.7981982697039448,0.7684734272484408,0.7907513649989597,0.7481481481481481,0.7175843694493783,0.6117303930922654
0.7099999999999996,0.5,5,2,0.75,0.9101717305151915,0.86558627264061,0.6636620179505778,0.6956233421750664,0.8300858652575958,0.7738042646321746,0.826213530442581,0.7630662020905923,0.7564766839378239,0.6637092260934797
0.7199999999999996,0.5,1,2,0.6735395189003437,0.9166666666666666,0.8483091787439614,0.6113108436847432,0.6858846918489065,0.7951030927835052,0.7487250604659916,0.785755194484038,0.7596899224806202,0.7140255009107468,0.6133612800959991
0.7199999999999996,0.5,2,2,0.6601307189542484,0.9200524246395806,0.8456501403180543,0.605671745229765,0.7084161696487741,0.7900915717969145,0.7342802507433933,0.7793297559781263,0.7680608365019012,0.7100175746924429,0.6088954011027655
0.7199999999999996,0.5,3,2,0.6870748299319728,0.9211886304909561,0.8567415730337079,0.6288229842446711,0.7082228116710876,0.8041317302114644,0.7743691458936882,0.7955661642062467,0.7680608365019012,0.725314183123878,0.6306088472085062
0.7199999999999996,0.5,4,2,0.689419795221843,0.9069767441860465,0.8447265625,0.6107599475964159,0.6790450928381964,0.7981982697039448,0.7621233935729141,0.7907513649989597,0.7481481481481481,0.7175843694493783,0.6117303930922654
0.7199999999999996,0.5,5,2,0.75,0.9101717305151915,0.86558627264061,0.6636620179505778,0.6956233421750664,0.8300858652575958,0.7824481112032324,0.826213530442581,0.7630662020905923,0.7564766839378239,0.6637092260934797
0.7299999999999996,0.5,1,2,0.6735395189003437,0.9166666666666666,0.8483091787439614,0.6113108436847432,0.6858846918489065,0.7951030927835052,0.7320708163413069,0.785755194484038,0.7596899224806202,0.7140255009107468,0.6133612800959991
0.7299999999999996,0.5,2,2,0.6568627450980392,0.9200524246395806,0.8447146866230122,0.6028761458034948,0.7084161696487741,0.7884575848688099,0.7325244463575699,0.7773983285824981,0.767175572519084,0.7077464788732394,0.6062441039637064
0.7299999999999996,0.5,3,2,0.6870748299319728,0.9211886304909561,0.8567415730337079,0.6288229842446711,0.7082228116710876,0.8041317302114644,0.7771615551233788,0.7955661642062467,0.7680608365019012,0.725314183123878,0.6306088472085062
0.7299999999999996,0.5,4,2,0.689419795221843,0.9069767441860465,0.8447265625,0.6107599475964159,0.6790450928381964,0.7981982697039448,0.7655267830156285,0.7907513649989597,0.7481481481481481,0.7175843694493783,0.6117303930922654
0.7299999999999996,0.5,5,2,0.75,0.9101717305151915,0.86558627264061,0.6636620179505778,0.6956233421750664,0.8300858652575958,0.7776014506994067,0.826213530442581,0.7630662020905923,0.7564766839378239,0.6637092260934797
0.7399999999999997,0.5,1,2,0.6735395189003437,0.9166666666666666,0.8483091787439614,0.6113108436847432,0.6858846918489065,0.7951030927835052,0.7523152061800015,0.785755194484038,0.7596899224806202,0.7140255009107468,0.6133612800959991
0.7399999999999997,0.5,2,2,0.6568627450980392,0.9200524246395806,0.8447146866230122,0.6028761458034948,0.7084161696487741,0.7884575848688099,0.7398640515133469,0.7773983285824981,0.767175572519084,0.7077464788732394,0.6062441039637064
0.7399999999999997,0.5,3,2,0.6836734693877551,0.9211886304909561,0.8558052434456929,0.6259891939092943,0.7082228116710876,0.8024310499393557,0.7760875434796382,0.7935944978188211,0.767175572519084,0.7230215827338129,0.6278882440485007
0.7399999999999997,0.5,4,2,0.689419795221843,0.9069767441860465,0.8447265625,0.6107599475964159,0.6790450928381964,0.7981982697039448,0.7681329358338301,0.7907513649989597,0.7481481481481481,0.7175843694493783,0.6117303930922654
0.7399999999999997,0.5,5,2,0.75,0.9101717305151915,0.86558627264061,0.6636620179505778,0.6956233421750664,0.8300858652575958,0.7790729851705464,0.826213530442581,0.7630662020905923,0.7564766839378239,0.6637092260934797
0.7499999999999997,0.5,1,2,0.6735395189003437,0.9166666666666666,0.8483091787439614,0.6113108436847432,0.6858846918489065,0.7951030927835052,0.7533996153113443,0.785755194484038,0.7596899224806202,0.7140255009107468,0.6133612800959991
0.7499999999999997,0.5,2,2,0.6568627450980392,0.9200524246395806,0.8447146866230122,0.6028761458034948,0.7084161696487741,0.7884575848688099,0.7370768214918518,0.7773983285824981,0.767175572519084,0.7077464788732394,0.6062441039637064
0.7499999999999997,0.5,3,2,0.6836734693877551,0.9211886304909561,0.8558052434456929,0.6259891939092943,0.7082228116710876,0.8024310499393557,0.7418220007800032,0.7935944978188211,0.767175572519084,0.7230215827338129,0.6278882440485007
0.7499999999999997,0.5,4,2,0.689419795221843,0.9069767441860465,0.8447265625,0.6107599475964159,0.6790450928381964,0.7981982697039448,0.7678335810860033,0.7907513649989597,0.7481481481481481,0.7175843694493783,0.6117303930922654
0.7499999999999997,0.5,5,2,0.75,0.9101717305151915,0.86558627264061,0.6636620179505778,0.6956233421750664,0.8300858652575958,0.7756925828718058,0.826213530442581,0.7630662020905923,0.7564766839378239,0.6637092260934797
0.7599999999999997,0.5,1,2,0.6735395189003437,0.9166666666666666,0.8483091787439614,0.6113108436847432,0.6858846918489065,0.7951030927835052,0.7480332525414436,0.785755194484038,0.7596899224806202,0.7140255009107468,0.6133612800959991
0.7599999999999997,0.5,2,2,0.6568627450980392,0.9200524246395806,0.8447146866230122,0.6028761458034948,0.7084161696487741,0.7884575848688099,0.7532557358605904,0.7773983285824981,0.767175572519084,0.7077464788732394,0.6062441039637064
0.7599999999999997,0.5,3,2,0.6870748299319728,0.9211886304909561,0.8567415730337079,0.6288229842446711,0.7082228116710876,0.8041317302114644,0.7659470591856976,0.7955661642062467,0.7680608365019012,0.725314183123878,0.6306088472085062
0.7599999999999997,0.5,4,2,0.689419795221843,0.9069767441860465,0.8447265625,0.6107599475964159,0.6790450928381964,0.7981982697039448,0.7675230895004094,0.7907513649989597,0.7481481481481481,0.7175843694493783,0.6117303930922654
0.7599999999999997,0.5,5,2,0.75,0.9101717305151915,0.86558627264061,0.6636620179505778,0.6956233421750664,0.8300858652575958,0.7751233230548427,0.826213530442581,0.7630662020905923,0.7564766839378239,0.6637092260934797
0.7699999999999997,0.5,1,2,0.6735395189003437,0.9166666666666666,0.8483091787439614,0.6113108436847432,0.6858846918489065,0.7951030927835052,0.7500424154303983,0.785755194484038,0.7596899224806202,0.7140255009107468,0.6133612800959991
0.7699999999999997,0.5,2,2,0.6568627450980392,0.9200524246395806,0.8447146866230122,0.6028761458034948,0.7084161696487741,0.7884575848688099,0.755429849647537,0.7773983285824981,0.767175572519084,0.7077464788732394,0.6062441039637064
0.7699999999999997,0.5,3,2,0.6870748299319728,0.9211886304909561,0.8567415730337079,0.6288229842446711,0.7082228116710876,0.8041317302114644,0.7777973368722062,0.7955661642062467,0.7680608365019012,0.725314183123878,0.6306088472085062
0.7699999999999997,0.5,4,2,0.689419795221843,0.9069767441860465,0.8447265625,0.6107599475964159,0.6790450928381964,0.7981982697039448,0.7524799408970171,0.7907513649989597,0.7481481481481481,0.7175843694493783,0.6117303930922654
0.7699999999999997,0.5,5,2,0.75,0.9101717305151915,0.86558627264061,0.6636620179505778,0.6956233421750664,0.8300858652575958,0.7776079805847624,0.826213530442581,0.7630662020905923,0.7564766839378239,0.6637092260934797
0.7799999999999997,0.5,1,2,0.6735395189003437,0.9166666666666666,0.8483091787439614,0.6113108436847432,0.6858846918489065,0.7951030927835052,0.7509176583070629,0.785755194484038,0.7596899224806202,0.7140255009107468,0.6133612800959991
0.7799999999999997,0.5,2,2,0.6568627450980392,0.9200524246395806,0.8447146866230122,0.6028761458034948,0.7084161696487741,0.7884575848688099,0.7173678740167839,0.7773983285824981,0.767175572519084,0.7077464788732394,0.6062441039637064
0.7799999999999997,0.5,3,2,0.6870748299319728,0.9211886304909561,0.8567415730337079,0.6288229842446711,0.7082228116710876,0.8041317302114644,0.7803100896681948,0.7955661642062467,0.7680608365019012,0.725314183123878,0.6306088472085062
0.7799999999999997,0.5,4,2,0.6860068259385665,0.908344733242134,0.8447265625,0.6099430783678632,0.6790450928381964,0.7971757795903502,0.7648654901285729,0.7893862725620774,0.75,0.7165775401069518,0.6110934239260408
0.7799999999999997,0.5,5,2,0.75,0.9101717305151915,0.86558627264061,0.6636620179505778,0.6956233421750664,0.8300858652575958,0.7802551004261742,0.826213530442581,0.7630662020905923,0.7564766839378239,0.6637092260934797
0.7899999999999996,0.5,1,2,0.6735395189003437,0.9166666666666666,0.8483091787439614,0.6113108436847432,0.6858846918489065,0.7951030927835052,0.7487686013107243,0.785755194484038,0.7596899224806202,0.7140255009107468,0.6133612800959991
0.7899999999999996,0.5,2,2,0.6568627450980392,0.9200524246395806,0.8447146866230122,0.6028761458034948,0.7084161696487741,0.7884575848688099,0.7132985605112183,0.7773983285824981,0.767175572519084,0.7077464788732394,0.6062441039637064
0.7899999999999996,0.5,3,2,0.6870748299319728,0.9211886304909561,0.8567415730337079,0.6288229842446711,0.7082228116710876,0.8041317302114644,0.7792335359057648,0.7955661642062467,0.7680608365019012,0.725314183123878,0.6306088472085062
0.7899999999999996,0.5,4,2,0.6860068259385665,0.908344733242134,0.8447265625,0.6099430783678632,0.6790450928381964,0.7971757795903502,0.7552708181641392,0.7893862725620774,0.75,0.7165775401069518,0.6110934239260408
0.7899999999999996,0.5,5,2,0.75,0.9101717305151915,0.86558627264061,0.6636620179505778,0.6956233421750664,0.8300858652575958,0.7820070251268191,0.826213530442581,0.7630662020905923,0.7564766839378239,0.6637092260934797
0.7999999999999996,0.5,1,2,0.6735395189003437,0.9166666666666666,0.8483091787439614,0.6113108436847432,0.6858846918489065,0.7951030927835052,0.7528734041353548,0.785755194484038,0.7596899224806202,0.7140255009107468,0.6133612800959991
0.7999999999999996,0.5,2,2,0.6535947712418301,0.9200524246395806,0.8437792329279701,0.6000748222970446,0.7084161696487741,0.7868235979407053,0.7262014003163262,0.7754620906355112,0.7662835249042146,0.7054673721340388,0.603589843206488
0.7999999999999996,0.5,3,2,0.6870748299319728,0.9198966408268734,0.8558052434456929,0.6268038991450198,0.7082228116710876,0.8034857353794231,0.7577528715748102,0.7950080679157395,0.7651515151515151,0.7240143369175627,0.628466939148052
0.7999999999999996,0.5,4,2,0.6860068259385665,0.908344733242134,0.8447265625,0.6099430783678632,0.6790450928381964,0.7971757795903502,0.7704753095196172,0.7893862725620774,0.75,0.7165775401069518,0.6110934239260408
0.7999999999999996,0.5,5,2,0.75,0.9101717305151915,0.86558627264061,0.6636620179505778,0.6956233421750664,0.8300858652575958,0.7797260425756031,0.826213530442581,0.7630662020905923,0.7564766839378239,0.6637092260934797
0.8099999999999996,0.5,1,2,0.6701030927835051,0.9166666666666666,0.8473429951690822,0.6084107986954211,0.6858846918489065,0.7933848797250859,0.735338665336395,0.7837481536723896,0.7587548638132295,0.7116788321167883,0.6105824616377535
0.8099999999999996,0.5,2,2,0.6535947712418301,0.9200524246395806,0.8437792329279701,0.6000748222970446,0.7084161696487741,0.7868235979407053,0.7514123300413411,0.7754620906355112,0.7662835249042146,0.7054673721340388,0.603589843206488
0.8099999999999996,0.5,3,2,0.6870748299319728,0.9198966408268734,0.8558052434456929,0.6268038991450198,0.7082228116710876,0.8034857353794231,0.7580073336782256,0.7950080679157395,0.7651515151515151,0.7240143369175627,0.628466939148052
0.8099999999999996,0.5,4,2,0.6860068259385665,0.908344733242134,0.8447265625,0.6099430783678632,0.6790450928381964,0.7971757795903502,0.7675466745861642,0.7893862725620774,0.75,0.7165775401069518,0.6110934239260408
0.8099999999999996,0.5,5,2,0.75,0.9101717305151915,0.86558627264061,0.6636620179505778,0.6956233421750664,0.8300858652575958,0.7804193177227975,0.826213530442581,0.7630662020905923,0.7564766839378239,0.6637092260934797
0.8199999999999996,0.5,1,2,0.6666666666666666,0.9166666666666666,0.8463768115942029,0.6055044551998905,0.6858846918489065,0.7916666666666666,0.751414784942635,0.7817359599705715,0.7578125,0.7093235831809872,0.6078004884245651
0.8199999999999996,0.5,2,2,0.6535947712418301,0.9200524246395806,0.8437792329279701,0.6000748222970446,0.7084161696487741,0.7868235979407053,0.7291555814259071,0.7754620906355112,0.7662835249042146,0.7054673721340388,0.603589843206488
0.8199999999999996,0.5,3,2,0.6870748299319728,0.9198966408268734,0.8558052434456929,0.6268038991450198,0.7082228116710876,0.8034857353794231,0.7711822651249925,0.7950080679157395,0.7651515151515151,0.7240143369175627,0.628466939148052
0.8199999999999996,0.5,4,2,0.6860068259385665,0.908344733242134,0.8447265625,0.6099430783678632,0.6790450928381964,0.7971757795903502,0.7690314568251829,0.7893862725620774,0.75,0.7165775401069518,0.6110934239260408
0.8199999999999996,0.5,5,2,0.75,0.9101717305151915,0.86558627264061,0.6636620179505778,0.6956233421750664,0.8300858652575958,0.7793136362533931,0.826213530442581,0.7630662020905923,0.7564766839378239,0.6637092260934797
0.8299999999999996,0.5,1,2,0.6666666666666666,0.9166666666666666,0.8463768115942029,0.6055044551998905,0.6858846918489065,0.7916666666666666,0.7464436803312532,0.7817359599705715,0.7578125,0.7093235831809872,0.6078004884245651
0.8299999999999996,0.5,2,2,0.6535947712418301,0.9200524246395806,0.8437792329279701,0.6000748222970446,0.7084161696487741,0.7868235979407053,0.7396671354286117,0.7754620906355112,0.7662835249042146,0.7054673721340388,0.603589843206488
0.8299999999999996,0.5,3,2,0.6870748299319728,0.9198966408268734,0.8558052434456929,0.6268038991450198,0.7082228116710876,0.8034857353794231,0.7742792843230872,0.7950080679157395,0.7651515151515151,0.7240143369175627,0.628466939148052
0.8299999999999996,0.5,4,2,0.6860068259385665,0.908344733242134,0.8447265625,0.6099430783678632,0.6790450928381964,0.7971757795903502,0.766903406867012,0.7893862725620774,0.75,0.7165775401069518,0.6110934239260408
0.8299999999999996,0.5,5,2,0.75,0.9101717305151915,0.86558627264061,0.6636620179505778,0.6956233421750664,0.8300858652575958,0.7815445391847193,0.826213530442581,0.7630662020905923,0.7564766839378239,0.6637092260934797
0.8399999999999996,0.5,1,2,0.6666666666666666,0.9166666666666666,0.8463768115942029,0.6055044551998905,0.6858846918489065,0.7916666666666666,0.7521441902879685,0.7817359599705715,0.7578125,0.7093235831809872,0.6078004884245651
0.8399999999999996,0.5,2,2,0.6535947712418301,0.9200524246395806,0.8437792329279701,0.6000748222970446,0.7084161696487741,0.7868235979407053,0.7296020514630474,0.7754620906355112,0.7662835249042146,0.7054673721340388,0.603589843206488
0.8399999999999996,0.5,3,2,0.6870748299319728,0.9198966408268734,0.8558052434456929,0.6268038991450198,0.7082228116710876,0.8034857353794231,0.7730846585554638,0.7950080679157395,0.7651515151515151,0.7240143369175627,0.628466939148052
0.8399999999999996,0.5,4,2,0.6860068259385665,0.908344733242134,0.8447265625,0.6099430783678632,0.6790450928381964,0.7971757795903502,0.767484966028596,0.7893862725620774,0.75,0.7165775401069518,0.6110934239260408
0.8399999999999996,0.5,5,2,0.7465753424657534,0.9101717305151915,0.8646329837940896,0.6609181011522929,0.6956233421750664,0.8283735364904725,0.779898534682666,0.8243250399035726,0.7622377622377622,0.754325259515571,0.6609859464174773
0.8499999999999996,0.5,1,2,0.6666666666666666,0.9166666666666666,0.8463768115942029,0.6055044551998905,0.6858846918489065,0.7916666666666666,0.750529223737266,0.7817359599705715,0.7578125,0.7093235831809872,0.6078004884245651
0.8499999999999996,0.5,2,2,0.6535947712418301,0.9200524246395806,0.8437792329279701,0.6000748222970446,0.7084161696487741,0.7868235979407053,0.7301825111195335,0.7754620906355112,0.7662835249042146,0.7054673721340388,0.603589843206488
0.8499999999999996,0.5,3,2,0.6870748299319728,0.9198966408268734,0.8558052434456929,0.6268038991450198,0.7082228116710876,0.8034857353794231,0.7768526132573303,0.7950080679157395,0.7651515151515151,0.7240143369175627,0.628466939148052
0.8499999999999996,0.5,4,2,0.6860068259385665,0.908344733242134,0.8447265625,0.6099430783678632,0.6790450928381964,0.7971757795903502,0.7686841201487953,0.7893862725620774,0.75,0.7165775401069518,0.6110934239260408
0.8499999999999996,0.5,5,2,0.7465753424657534,0.9101717305151915,0.8646329837940896,0.6609181011522929,0.6956233421750664,0.8283735364904725,0.7756655340923356,0.8243250399035726,0.7622377622377622,0.754325259515571,0.6609859464174773
0.8599999999999995,0.5,1,2,0.6666666666666666,0.9166666666666666,0.8463768115942029,0.6055044551998905,0.6858846918489065,0.7916666666666666,0.7490914421350453,0.7817359599705715,0.7578125,0.7093235831809872,0.6078004884245651
0.8599999999999995,0.5,2,2,0.6535947712418301,0.9200524246395806,0.8437792329279701,0.6000748222970446,0.7084161696487741,0.7868235979407053,0.7055450146898024,0.7754620906355112,0.7662835249042146,0.7054673721340388,0.603589843206488
0.8599999999999995,0.5,3,2,0.6870748299319728,0.9198966408268734,0.8558052434456929,0.6268038991450198,0.7082228116710876,0.8034857353794231,0.7754319674336281,0.7950080679157395,0.7651515151515151,0.7240143369175627,0.628466939148052
0.8599999999999995,0.5,4,2,0.6860068259385665,0.908344733242134,0.8447265625,0.6099430783678632,0.6790450928381964,0.7971757795903502,0.7686646046597582,0.7893862725620774,0.75,0.7165775401069518,0.6110934239260408
0.8599999999999995,0.5,5,2,0.7465753424657534,0.9101717305151915,0.8646329837940896,0.6609181011522929,0.6956233421750664,0.8283735364904725,0.7785122230884804,0.8243250399035726,0.7622377622377622,0.754325259515571,0.6609859464174773
0.8699999999999996,0.5,1,2,0.6666666666666666,0.9166666666666666,0.8463768115942029,0.6055044551998905,0.6858846918489065,0.7916666666666666,0.7506804278023691,0.7817359599705715,0.7578125,0.7093235831809872,0.6078004884245651
0.8699999999999996,0.5,2,2,0.6535947712418301,0.9200524246395806,0.8437792329279701,0.6000748222970446,0.7084161696487741,0.7868235979407053,0.7541406473433507,0.7754620906355112,0.7662835249042146,0.7054673721340388,0.603589843206488
0.8699999999999996,0.5,3,2,0.6870748299319728,0.9198966408268734,0.8558052434456929,0.6268038991450198,0.7082228116710876,0.8034857353794231,0.7747018313057473,0.7950080679157395,0.7651515151515151,0.7240143369175627,0.628466939148052
0.8699999999999996,0.5,4,2,0.6860068259385665,0.908344733242134,0.8447265625,0.6099430783678632,0.6790450928381964,0.7971757795903502,0.7674086024529283,0.7893862725620774,0.75,0.7165775401069518,0.6110934239260408
0.8699999999999996,0.5,5,2,0.7465753424657534,0.9101717305151915,0.8646329837940896,0.6609181011522929,0.6956233421750664,0.8283735364904725,0.7777235422963836,0.8243250399035726,0.7622377622377622,0.754325259515571,0.6609859464174773
0.8799999999999996,0.5,1,2,0.6666666666666666,0.9166666666666666,0.8463768115942029,0.6055044551998905,0.6858846918489065,0.7916666666666666,0.7478351958497184,0.7817359599705715,0.7578125,0.7093235831809872,0.6078004884245651
0.8799999999999996,0.5,2,2,0.6535947712418301,0.9200524246395806,0.8437792329279701,0.6000748222970446,0.7084161696487741,0.7868235979407053,0.735787559287733,0.7754620906355112,0.7662835249042146,0.7054673721340388,0.603589843206488
0.8799999999999996,0.5,3,2,0.6870748299319728,0.9198966408268734,0.8558052434456929,0.6268038991450198,0.7082228116710876,0.8034857353794231,0.7568566940669654,0.7950080679157395,0.7651515151515151,0.7240143369175627,0.628466939148052
0.8799999999999996,0.5,4,2,0.6860068259385665,0.908344733242134,0.8447265625,0.6099430783678632,0.6790450928381964,0.7971757795903502,0.7662841740595808,0.7893862725620774,0.75,0.7165775401069518,0.6110934239260408
0.8799999999999996,0.5,5,2,0.7465753424657534,0.9101717305151915,0.8646329837940896,0.6609181011522929,0.6956233421750664,0.8283735364904725,0.7824515991621489,0.8243250399035726,0.7622377622377622,0.754325259515571,0.6609859464174773
0.8899999999999996,0.5,1,2,0.6666666666666666,0.9166666666666666,0.8463768115942029,0.6055044551998905,0.6858846918489065,0.7916666666666666,0.7484611611748453,0.7817359599705715,0.7578125,0.7093235831809872,0.6078004884245651
0.8899999999999996,0.5,2,2,0.6535947712418301,0.9200524246395806,0.8437792329279701,0.6000748222970446,0.7084161696487741,0.7868235979407053,0.7189598954476099,0.7754620906355112,0.7662835249042146,0.7054673721340388,0.603589843206488
0.8899999999999996,0.5,3,2,0.6870748299319728,0.9198966408268734,0.8558052434456929,0.6268038991450198,0.7082228116710876,0.8034857353794231,0.7594819296053368,0.7950080679157395,0.7651515151515151,0.7240143369175627,0.628466939148052
0.8899999999999996,0.5,4,2,0.6860068259385665,0.908344733242134,0.8447265625,0.6099430783678632,0.6790450928381964,0.7971757795903502,0.7634388438059457,0.7893862725620774,0.75,0.7165775401069518,0.6110934239260408
0.8899999999999996,0.5,5,2,0.7465753424657534,0.9101717305151915,0.8646329837940896,0.6609181011522929,0.6956233421750664,0.8283735364904725,0.7780806483640423,0.8243250399035726,0.7622377622377622,0.754325259515571,0.6609859464174773
0.8999999999999996,0.5,1,2,0.6666666666666666,0.9166666666666666,0.8463768115942029,0.6055044551998905,0.6858846918489065,0.7916666666666666,0.7505412888532114,0.7817359599705715,0.7578125,0.7093235831809872,0.6078004884245651
0.8999999999999996,0.5,2,2,0.6535947712418301,0.9200524246395806,0.8437792329279701,0.6000748222970446,0.7084161696487741,0.7868235979407053,0.7353851367408565,0.7754620906355112,0.7662835249042146,0.7054673721340388,0.603589843206488
0.8999999999999996,0.5,3,2,0.6870748299319728,0.9198966408268734,0.8558052434456929,0.6268038991450198,0.7082228116710876,0.8034857353794231,0.7767780661121678,0.7950080679157395,0.7651515151515151,0.7240143369175627,0.628466939148052
0.8999999999999996,0.5,4,2,0.6860068259385665,0.908344733242134,0.8447265625,0.6099430783678632,0.6790450928381964,0.7971757795903502,0.767347723003489,0.7893862725620774,0.75,0.7165775401069518,0.6110934239260408
0.8999999999999996,0.5,5,2,0.7465753424657534,0.9101717305151915,0.8646329837940896,0.6609181011522929,0.6956233421750664,0.8283735364904725,0.7758758655131627,0.8243250399035726,0.7622377622377622,0.754325259515571,0.6609859464174773
0.9099999999999996,0.5,1,2,0.6666666666666666,0.9166666666666666,0.8463768115942029,0.6055044551998905,0.6858846918489065,0.7916666666666666,0.754482341662111,0.7817359599705715,0.7578125,0.7093235831809872,0.6078004884245651
0.9099999999999996,0.5,2,2,0.6535947712418301,0.9200524246395806,0.8437792329279701,0.6000748222970446,0.7084161696487741,0.7868235979407053,0.7268425282917161,0.7754620906355112,0.7662835249042146,0.7054673721340388,0.603589843206488
0.9099999999999996,0.5,3,2,0.6870748299319728,0.9198966408268734,0.8558052434456929,0.6268038991450198,0.7082228116710876,0.8034857353794231,0.7747614578068382,0.7950080679157395,0.7651515151515151,0.7240143369175627,0.628466939148052
0.9099999999999996,0.5,4,2,0.6825938566552902,0.908344733242134,0.84375,0.6070775916235389,0.6790450928381964,0.7954692949487121,0.767170746136946,0.7874201766758768,0.7490636704119851,0.7142857142857143,0.6083188578004055
0.9099999999999996,0.5,5,2,0.7465753424657534,0.9101717305151915,0.8646329837940896,0.6609181011522929,0.6956233421750664,0.8283735364904725,0.7786218998600579,0.8243250399035726,0.7622377622377622,0.754325259515571,0.6609859464174773
0.9199999999999996,0.5,1,2,0.6666666666666666,0.9166666666666666,0.8463768115942029,0.6055044551998905,0.6858846918489065,0.7916666666666666,0.751576238889909,0.7817359599705715,0.7578125,0.7093235831809872,0.6078004884245651
0.9199999999999996,0.5,2,2,0.6535947712418301,0.9200524246395806,0.8437792329279701,0.6000748222970446,0.7084161696487741,0.7868235979407053,0.7273346884025367,0.7754620906355112,0.7662835249042146,0.7054673721340388,0.603589843206488
0.9199999999999996,0.5,3,2,0.6870748299319728,0.9198966408268734,0.8558052434456929,0.6268038991450198,0.7082228116710876,0.8034857353794231,0.7745902065942417,0.7950080679157395,0.7651515151515151,0.7240143369175627,0.628466939148052
0.9199999999999996,0.5,4,2,0.6825938566552902,0.908344733242134,0.84375,0.6070775916235389,0.6790450928381964,0.7954692949487121,0.7280527155826344,0.7874201766758768,0.7490636704119851,0.7142857142857143,0.6083188578004055
0.9199999999999996,0.5,5,2,0.7465753424657534,0.9101717305151915,0.8646329837940896,0.6609181011522929,0.6956233421750664,0.8283735364904725,0.7794338233247298,0.8243250399035726,0.7622377622377622,0.754325259515571,0.6609859464174773
0.9299999999999996,0.5,1,2,0.6666666666666666,0.9166666666666666,0.8463768115942029,0.6055044551998905,0.6858846918489065,0.7916666666666666,0.7505929680038212,0.7817359599705715,0.7578125,0.7093235831809872,0.6078004884245651
0.9299999999999996,0.5,2,2,0.6535947712418301,0.9200524246395806,0.8437792329279701,0.6000748222970446,0.7084161696487741,0.7868235979407053,0.7424997514134059,0.7754620906355112,0.7662835249042146,0.7054673721340388,0.603589843206488
0.9299999999999996,0.5,3,2,0.6870748299319728,0.9198966408268734,0.8558052434456929,0.6268038991450198,0.7082228116710876,0.8034857353794231,0.7759084974010443,0.7950080679157395,0.7651515151515151,0.7240143369175627,0.628466939148052
0.9299999999999996,0.5,4,2,0.6825938566552902,0.908344733242134,0.84375,0.6070775916235389,0.6790450928381964,0.7954692949487121,0.7648454226728008,0.7874201766758768,0.7490636704119851,0.7142857142857143,0.6083188578004055
0.9299999999999996,0.5,5,2,0.7465753424657534,0.9101717305151915,0.8646329837940896,0.6609181011522929,0.6956233421750664,0.8283735364904725,0.7774308130848722,0.8243250399035726,0.7622377622377622,0.754325259515571,0.6609859464174773
0.9399999999999996,0.5,1,2,0.6666666666666666,0.9166666666666666,0.8463768115942029,0.6055044551998905,0.6858846918489065,0.7916666666666666,0.7385637614433755,0.7817359599705715,0.7578125,0.7093235831809872,0.6078004884245651
0.9399999999999996,0.5,2,2,0.6535947712418301,0.9200524246395806,0.8437792329279701,0.6000748222970446,0.7084161696487741,0.7868235979407053,0.74089775881851,0.7754620906355112,0.7662835249042146,0.7054673721340388,0.603589843206488
0.9399999999999996,0.5,3,2,0.6870748299319728,0.9198966408268734,0.8558052434456929,0.6268038991450198,0.7082228116710876,0.8034857353794231,0.7751173071018892,0.7950080679157395,0.7651515151515151,0.7240143369175627,0.628466939148052
0.9399999999999996,0.5,4,2,0.6825938566552902,0.908344733242134,0.84375,0.6070775916235389,0.6790450928381964,0.7954692949487121,0.766434628064534,0.7874201766758768,0.7490636704119851,0.7142857142857143,0.6083188578004055
0.9399999999999996,0.5,5,2,0.7465753424657534,0.9101717305151915,0.8646329837940896,0.6609181011522929,0.6956233421750664,0.8283735364904725,0.777294497012911,0.8243250399035726,0.7622377622377622,0.754325259515571,0.6609859464174773
0.9499999999999995,0.5,1,2,0.6666666666666666,0.9166666666666666,0.8463768115942029,0.6055044551998905,0.6858846918489065,0.7916666666666666,0.7514187725364925,0.7817359599705715,0.7578125,0.7093235831809872,0.6078004884245651
0.9499999999999995,0.5,2,2,0.6535947712418301,0.9200524246395806,0.8437792329279701,0.6000748222970446,0.7084161696487741,0.7868235979407053,0.7432938118224712,0.7754620906355112,0.7662835249042146,0.7054673721340388,0.603589843206488
0.9499999999999995,0.5,3,2,0.6870748299319728,0.9198966408268734,0.8558052434456929,0.6268038991450198,0.7082228116710876,0.8034857353794231,0.7798053886048191,0.7950080679157395,0.7651515151515151,0.7240143369175627,0.628466939148052
0.9499999999999995,0.5,4,2,0.6825938566552902,0.908344733242134,0.84375,0.6070775916235389,0.6790450928381964,0.7954692949487121,0.7283666750169031,0.7874201766758768,0.7490636704119851,0.7142857142857143,0.6083188578004055
0.9499999999999995,0.5,5,2,0.7465753424657534,0.9101717305151915,0.8646329837940896,0.6609181011522929,0.6956233421750664,0.8283735364904725,0.777748407812,0.8243250399035726,0.7622377622377622,0.754325259515571,0.6609859464174773
0.9599999999999995,0.5,1,2,0.6666666666666666,0.9166666666666666,0.8463768115942029,0.6055044551998905,0.6858846918489065,0.7916666666666666,0.7426463165230022,0.7817359599705715,0.7578125,0.7093235831809872,0.6078004884245651
0.9599999999999995,0.5,2,2,0.6535947712418301,0.9200524246395806,0.8437792329279701,0.6000748222970446,0.7084161696487741,0.7868235979407053,0.7316626300602591,0.7754620906355112,0.7662835249042146,0.7054673721340388,0.603589843206488
0.9599999999999995,0.5,3,2,0.6870748299319728,0.9198966408268734,0.8558052434456929,0.6268038991450198,0.7082228116710876,0.8034857353794231,0.7711357492020143,0.7950080679157395,0.7651515151515151,0.7240143369175627,0.628466939148052
0.9599999999999995,0.5,4,2,0.6825938566552902,0.908344733242134,0.84375,0.6070775916235389,0.6790450928381964,0.7954692949487121,0.7651885604713766,0.7874201766758768,0.7490636704119851,0.7142857142857143,0.6083188578004055
0.9599999999999995,0.5,5,2,0.7465753424657534,0.9101717305151915,0.8646329837940896,0.6609181011522929,0.6956233421750664,0.8283735364904725,0.7803990064063314,0.8243250399035726,0.7622377622377622,0.754325259515571,0.6609859464174773
0.9699999999999995,0.5,1,2,0.6666666666666666,0.9166666666666666,0.8463768115942029,0.6055044551998905,0.6858846918489065,0.7916666666666666,0.7491872077285084,0.7817359599705715,0.7578125,0.7093235831809872,0.6078004884245651
0.9699999999999995,0.5,2,2,0.6535947712418301,0.9200524246395806,0.8437792329279701,0.6000748222970446,0.7084161696487741,0.7868235979407053,0.7114442584098797,0.7754620906355112,0.7662835249042146,0.7054673721340388,0.603589843206488
0.9699999999999995,0.5,3,2,0.6870748299319728,0.9198966408268734,0.8558052434456929,0.6268038991450198,0.7082228116710876,0.8034857353794231,0.7729164735474136,0.7950080679157395,0.7651515151515151,0.7240143369175627,0.628466939148052
0.9699999999999995,0.5,4,2,0.6825938566552902,0.908344733242134,0.84375,0.6070775916235389,0.6790450928381964,0.7954692949487121,0.7667228396827483,0.7874201766758768,0.7490636704119851,0.7142857142857143,0.6083188578004055
0.9699999999999995,0.5,5,2,0.7465753424657534,0.9101717305151915,0.8646329837940896,0.6609181011522929,0.6956233421750664,0.8283735364904725,0.7831464379687707,0.8243250399035726,0.7622377622377622,0.754325259515571,0.6609859464174773
0.9799999999999995,0.5,1,2,0.6666666666666666,0.9166666666666666,0.8463768115942029,0.6055044551998905,0.6858846918489065,0.7916666666666666,0.7536405463794144,0.7817359599705715,0.7578125,0.7093235831809872,0.6078004884245651
0.9799999999999995,0.5,2,2,0.6535947712418301,0.9200524246395806,0.8437792329279701,0.6000748222970446,0.7084161696487741,0.7868235979407053,0.7219899043113294,0.7754620906355112,0.7662835249042146,0.7054673721340388,0.603589843206488
0.9799999999999995,0.5,3,2,0.6870748299319728,0.9198966408268734,0.8558052434456929,0.6268038991450198,0.7082228116710876,0.8034857353794231,0.7678670558053221,0.7950080679157395,0.7651515151515151,0.7240143369175627,0.628466939148052
0.9799999999999995,0.5,4,2,0.6825938566552902,0.908344733242134,0.84375,0.6070775916235389,0.6790450928381964,0.7954692949487121,0.7651358986354708,0.7874201766758768,0.7490636704119851,0.7142857142857143,0.6083188578004055
0.9799999999999995,0.5,5,2,0.7465753424657534,0.9101717305151915,0.8646329837940896,0.6609181011522929,0.6956233421750664,0.8283735364904725,0.7793445697010615,0.8243250399035726,0.7622377622377622,0.754325259515571,0.6609859464174773
0.9899999999999995,0.5,1,2,0.6666666666666666,0.9166666666666666,0.8463768115942029,0.6055044551998905,0.6858846918489065,0.7916666666666666,0.7505886928411852,0.7817359599705715,0.7578125,0.7093235831809872,0.6078004884245651
0.9899999999999995,0.5,2,2,0.6535947712418301,0.9200524246395806,0.8437792329279701,0.6000748222970446,0.7084161696487741,0.7868235979407053,0.7512841077251582,0.7754620906355112,0.7662835249042146,0.7054673721340388,0.603589843206488
0.9899999999999995,0.5,3,2,0.6870748299319728,0.9198966408268734,0.8558052434456929,0.6268038991450198,0.7082228116710876,0.8034857353794231,0.7729050526462974,0.7950080679157395,0.7651515151515151,0.7240143369175627,0.628466939148052
0.9899999999999995,0.5,4,2,0.6825938566552902,0.908344733242134,0.84375,0.6070775916235389,0.6790450928381964,0.7954692949487121,0.7155200071414483,0.7874201766758768,0.7490636704119851,0.7142857142857143,0.6083188578004055
0.9899999999999995,0.5,5,2,0.7465753424657534,0.9101717305151915,0.8646329837940896,0.6609181011522929,0.6956233421750664,0.8283735364904725,0.7776339786785478,0.8243250399035726,0.7622377622377622,0.754325259515571,0.6609859464174773
1.0,0.5,1,2,0.6666666666666666,0.9166666666666666,0.8463768115942029,0.6055044551998905,0.6858846918489065,0.7916666666666666,0.7475488745180255,0.7817359599705715,0.7578125,0.7093235831809872,0.6078004884245651
1.0,0.5,2,2,0.6535947712418301,0.9200524246395806,0.8437792329279701,0.6000748222970446,0.7084161696487741,0.7868235979407053,0.7329353165277313,0.7754620906355112,0.7662835249042146,0.7054673721340388,0.603589843206488
1.0,0.5,3,2,0.6870748299319728,0.9198966408268734,0.8558052434456929,0.6268038991450198,0.7082228116710876,0.8034857353794231,0.7501491458347797,0.7950080679157395,0.7651515151515151,0.7240143369175627,0.628466939148052
1.0,0.5,4,2,0.6791808873720137,0.908344733242134,0.8427734375,0.604206078647909,0.6790450928381964,0.7937628103070739,0.7640953161369087,0.7854491593751232,0.7481203007518797,0.7119856887298748,0.6055414653341502
1.0,0.5,5,2,0.7465753424657534,0.9101717305151915,0.8646329837940896,0.6609181011522929,0.6956233421750664,0.8283735364904725,0.7783668758318684,0.8243250399035726,0.7622377622377622,0.754325259515571,0.6609859464174773
0.1,0.5,1,3,0.6821192052980133,0.8944519621109608,0.8328530259365994,0.5869141827635749,0.6898608349900597,0.7882855837044871,0.7109079783666984,0.7811036176925423,0.7253521126760564,0.7030716723549488,0.5874508029325157
0.1,0.5,2,3,0.7173144876325088,0.8707940780619112,0.8284600389863548,0.5779928861551118,0.679920477137177,0.79405428284721,0.6899443833566036,0.7903374013283205,0.6789297658862876,0.697594501718213,0.5784187064896802
0.1,0.5,3,3,0.708185053380783,0.8950777202072538,0.8452041785375118,0.6039462541505816,0.6982758620689655,0.8016313867940184,0.7078228468330884,0.7961662282871107,0.7107142857142857,0.7094474153297683,0.6039480369531902
0.1,0.5,4,3,0.7016949152542373,0.8857868020304569,0.8356417359187442,0.5862384257768735,0.7181697612732095,0.7937408586423471,0.7285745305701817,0.7883857526516339,0.696969696969697,0.6993243243243243,0.5862447611416189
0.1,0.5,5,3,0.7601351351351351,0.8997289972899729,0.8597678916827853,0.6578674735636276,0.6856763925729443,0.829932066212554,0.7793996212901518,0.8269919122579211,0.7525083612040134,0.7563025210084033,0.6578839559455683
0.11,0.5,1,3,0.6788079470198676,0.8944519621109608,0.8318924111431316,0.5841256651592388,0.6898608349900597,0.7866299545654142,0.7089340897665684,0.7792054286954331,0.7243816254416962,0.7008547008547008,0.5847220084087192
0.11,0.5,2,3,0.7173144876325088,0.8721399730820996,0.8294346978557505,0.5799390788839552,0.679920477137177,0.7947272303573042,0.6966723341312835,0.7909479362987277,0.6812080536912751,0.6987951807228916,0.5803153543202996
0.11,0.5,3,3,0.708185053380783,0.8950777202072538,0.8452041785375118,0.6039462541505816,0.6982758620689655,0.8016313867940184,0.6871539764776722,0.7961662282871107,0.7107142857142857,0.7094474153297683,0.6039480369531902
0.11,0.5,4,3,0.7016949152542373,0.8870558375634517,0.8365650969529086,0.588127104313803,0.7181697612732095,0.7943753764088446,0.7269001517658783,0.7889502967645444,0.6993243243243243,0.700507614213198,0.5881286966063274
0.11,0.5,5,3,0.7601351351351351,0.8997289972899729,0.8597678916827853,0.6578674735636276,0.6856763925729443,0.829932066212554,0.7763876129744718,0.8269919122579211,0.7525083612040134,0.7563025210084033,0.6578839559455683
0.12,0.5,1,3,0.6821192052980133,0.8958051420838972,0.8338136407300673,0.5888785147002761,0.6898608349900597,0.7889621736909552,0.6958249740453062,0.7816942443309544,0.7279151943462897,0.7042735042735043,0.5894797102099955
0.12,0.5,2,3,0.7208480565371025,0.873485868102288,0.8313840155945419,0.5847397751252813,0.679920477137177,0.7971669623196953,0.6861777645358935,0.7935052554546556,0.6845637583892618,0.7022375215146299,0.5851191653440896
0.12,0.5,3,3,0.7117437722419929,0.8950777202072538,0.8461538461538461,0.6068214924492468,0.6982758620689655,0.8034107462246234,0.7031619871236003,0.7981641391531406,0.7117437722419929,0.7117437722419929,0.6068214924492468
0.12,0.5,4,3,0.7050847457627119,0.8908629441624365,0.840258541089566,0.5965803021788139,0.7181697612732095,0.7979738449625742,0.7388754333004969,0.7925489716693805,0.7074829931972789,0.7062818336162988,0.5965819242229922
0.12,0.5,5,3,0.7601351351351351,0.8983739837398373,0.8588007736943907,0.6558550507905822,0.6856763925729443,0.8292545594374863,0.7810308280464934,0.8263689427440815,0.75,0.7550335570469798,0.6558842051766481
0.13,0.5,1,3,0.6854304635761589,0.8944519621109608,0.8338136407300673,0.5896971478172908,0.6898608349900597,0.7899412128435599,0.7034394091229622,0.7829972049990477,0.7263157894736842,0.7052810902896082,0.5901770399474691
0.13,0.5,2,3,0.7243816254416962,0.8748317631224765,0.8333333333333334,0.5895404713666076,0.679920477137177,0.7996066942820863,0.6907907854362291,0.7960603334915541,0.6879194630872483,0.7056798623063684,0.5899229763678796
0.13,0.5,3,3,0.7117437722419929,0.8950777202072538,0.8461538461538461,0.6068214924492468,0.6982758620689655,0.8034107462246234,0.717527186782424,0.7981641391531406,0.7117437722419929,0.7117437722419929,0.6068214924492468
0.13,0.5,4,3,0.7050847457627119,0.8908629441624365,0.840258541089566,0.5965803021788139,0.7181697612732095,0.7979738449625742,0.7360062022746461,0.7925489716693805,0.7074829931972789,0.7062818336162988,0.5965819242229922
0.13,0.5,5,3,0.7567567567567568,0.8997289972899729,0.8588007736943907,0.6551601260907305,0.6856763925729443,0.8282428770233649,0.7859487211604859,0.8251521059472422,0.7516778523489933,0.7542087542087542,0.6551674360333106
0.13999999999999999,0.5,1,3,0.6821192052980133,0.8930987821380244,0.8318924111431316,0.5849537622429242,0.6898608349900597,0.7876089937180188,0.6971468065273296,0.7805125441173977,0.7228070175438597,0.7018739352640545,0.585429794233341
0.13999999999999999,0.5,2,3,0.7279151943462897,0.8748317631224765,0.834307992202729,0.5923794923089146,0.679920477137177,0.8013734787343831,0.6909728927098246,0.7979995820008959,0.6889632107023411,0.7079037800687286,0.592815911579201
0.13999999999999999,0.5,3,3,0.7117437722419929,0.8989637305699482,0.8490028490028491,0.6127879627466808,0.6982758620689655,0.8053537514059705,0.7007767181501294,0.7998948910354343,0.7194244604316546,0.7155635062611807,0.612804317484124
0.13999999999999999,0.5,4,3,0.7084745762711865,0.8921319796954315,0.8421052631578947,0.6012441137143189,0.7181697612732095,0.800303277983309,0.7396079285052494,0.7950175006203923,0.7108843537414966,0.7096774193548387,0.60124574843895
0.13999999999999999,0.5,5,3,0.7567567567567568,0.8983739837398373,0.8578336557059961,0.6531484042334706,0.6856763925729443,0.8275653702482971,0.785748846400995,0.824530522351724,0.7491638795986622,0.7529411764705882,0.6531647683826272
0.14999999999999997,0.5,1,3,0.6920529801324503,0.8930987821380244,0.834774255523535,0.5932836329439983,0.6898608349900597,0.7925758811352374,0.7230303489319098,0.7861753454104764,0.7256944444444444,0.7084745762711865,0.593608998814265
0.14999999999999997,0.5,2,3,0.7314487632508834,0.8775235531628532,0.8372319688109162,0.59914186384926,0.679920477137177,0.8044861582068683,0.6979991967929264,0.8011638519581933,0.6946308724832215,0.7125645438898451,0.5995305984154595
0.14999999999999997,0.5,3,3,0.7153024911032029,0.8989637305699482,0.8499525166191833,0.6156596947898041,0.6982758620689655,0.8071331108365756,0.7038263161567164,0.8018921348212067,0.7204301075268817,0.7178571428571429,0.6156669809063766
0.14999999999999997,0.5,4,3,0.711864406779661,0.8921319796954315,0.8430286241920592,0.6039963864750927,0.7181697612732095,0.8019981932375462,0.7312977832627203,0.7969171867233464,0.711864406779661,0.711864406779661,0.6039963864750925
0.14999999999999997,0.5,5,3,0.7601351351351351,0.8983739837398373,0.8588007736943907,0.6558550507905822,0.6856763925729443,0.8292545594374863,0.7912614115223224,0.8263689427440815,0.75,0.7550335570469798,0.6558842051766481
0.15999999999999998,0.5,1,3,0.7086092715231788,0.8930987821380244,0.8395773294908742,0.6070570472149955,0.6898608349900597,0.8008540268306016,0.6919534204053998,0.7955237755146377,0.7303754266211604,0.719327731092437,0.6071932094568568
0.15999999999999998,0.5,2,3,0.7314487632508834,0.8788694481830417,0.8382066276803118,0.6011129379031237,0.679920477137177,0.8051591057169625,0.6964904302552991,0.8017780060169225,0.696969696969697,0.7137931034482758,0.6014533732864222
0.15999999999999998,0.5,3,3,0.7117437722419929,0.8976683937823834,0.8480531813865148,0.6107946276352448,0.6982758620689655,0.8047060830121882,0.7127173227717224,0.7993183901381754,0.7168458781362007,0.7142857142857143,0.6108018561754536
0.15999999999999998,0.5,4,3,0.7186440677966102,0.8934010152284264,0.8457987072945522,0.6113967594373171,0.7181697612732095,0.8060225415125183,0.7485008620180614,0.8012723255906057,0.7162162162162162,0.7174280879864636,0.6113984147299949
0.15999999999999998,0.5,5,3,0.7567567567567568,0.9024390243902439,0.8607350096711799,0.6591957811470006,0.6856763925729443,0.8295978905735004,0.7884769305552146,0.8263938705413374,0.7567567567567568,0.7567567567567568,0.6591957811470006
0.16999999999999998,0.5,1,3,0.7185430463576159,0.8958051420838972,0.8443804034582133,0.6191979406584476,0.6898608349900597,0.8071740942207566,0.7230135349646374,0.8022933102898094,0.7380952380952381,0.7281879194630873,0.619307453042215
0.16999999999999998,0.5,2,3,0.734982332155477,0.882907133243607,0.8421052631578947,0.6098841002868154,0.679920477137177,0.808944732699542,0.7003176718122852,0.8055564187988902,0.7050847457627119,0.7197231833910035,0.6101389060124268
0.16999999999999998,0.5,3,3,0.7117437722419929,0.8989637305699482,0.8490028490028491,0.6127879627466808,0.6982758620689655,0.8053537514059705,0.6954884284997775,0.7998948910354343,0.7194244604316546,0.7155635062611807,0.612804317484124
0.16999999999999998,0.5,4,3,0.7322033898305085,0.8946700507614214,0.850415512465374,0.6242257310041722,0.7181697612732095,0.8134367202959649,0.7520459666024564,0.8093703997227387,0.7224080267558528,0.7272727272727273,0.6242526019988941
0.16999999999999998,0.5,5,3,0.7567567567567568,0.9010840108401084,0.8597678916827853,0.6571759142814025,0.6856763925729443,0.8289203837984326,0.7908881648876925,0.8257732216587861,0.7542087542087542,0.7554806070826307,0.6571777510739624
0.17999999999999997,0.5,1,3,0.7218543046357616,0.8971583220568335,0.8463016330451489,0.6238992006503186,0.6898608349900597,0.8095063133462976,0.7333242756159979,0.8047469146983556,0.7414965986394558,0.7315436241610739,0.6240095445067939
0.17999999999999997,0.5,2,3,0.734982332155477,0.8869448183041723,0.8450292397660819,0.6158642548001074,0.679920477137177,0.8109635752298247,0.7072103092700407,0.8073962912042737,0.7123287671232876,0.7234782608695652,0.6160098909684144
0.17999999999999997,0.5,3,3,0.7117437722419929,0.8989637305699482,0.8490028490028491,0.6127879627466808,0.6982758620689655,0.8053537514059705,0.7048102852927133,0.7998948910354343,0.7194244604316546,0.7155635062611807,0.612804317484124
0.17999999999999997,0.5,4,3,0.7322033898305085,0.899746192893401,0.8541089566020313,0.6319495827239093,0.7181697612732095,0.8159747913619547,0.7577504755056925,0.8116632383098564,0.7322033898305085,0.7322033898305085,0.6319495827239094
0.17999999999999997,0.5,5,3,0.75,0.9051490514905149,0.8607350096711799,0.6578110349138644,0.6856763925729443,0.8275745257452575,0.794984331725169,0.8239306940622411,0.7602739726027398,0.7551020408163265,0.6578407534619546
0.18999999999999995,0.5,1,3,0.7152317880794702,0.8998646820027063,0.8463016330451489,0.6224088213424257,0.6898608349900597,0.8075482350410883,0.7280832965056846,0.80225421503309,0.7448275862068966,0.7297297297297297,0.622658552809814
0.18999999999999995,0.5,2,3,0.7314487632508834,0.8869448183041723,0.8440545808966862,0.6130291501067847,0.679920477137177,0.8091967907775278,0.7037089098134696,0.80545309635035,0.711340206185567,0.7212543554006968,0.6131439310003811
0.18999999999999995,0.5,3,3,0.7188612099644128,0.8989637305699482,0.8509021842355176,0.6185249196419712,0.6982758620689655,0.8089124702671805,0.719232266090932,0.8038844164876163,0.7214285714285714,0.7201426024955436,0.6185267454796722
0.18999999999999995,0.5,4,3,0.735593220338983,0.9022842639593909,0.8568790397045245,0.6385546059983593,0.7181697612732095,0.8189387421491869,0.7411705293400556,0.8146865577552371,0.7380952380952381,0.7368421052631579,0.6385563421666125
0.18999999999999995,0.5,5,3,0.75,0.9024390243902439,0.8588007736943907,0.6537618230690898,0.6856763925729443,0.8262195121951219,0.7952568410680574,0.8226963402694113,0.7551020408163265,0.752542372881356,0.6537691766872019
0.19999999999999996,0.5,1,3,0.7119205298013245,0.9025710419485792,0.8472622478386167,0.6236502418139113,0.6898608349900597,0.8072457858749518,0.724693909403346,0.8015976885990664,0.7491289198606271,0.7300509337860781,0.624043695381192
0.19999999999999996,0.5,2,3,0.7279151943462897,0.892328398384926,0.8469785575048733,0.6182149137984158,0.679920477137177,0.8101217963656078,0.7141648417956545,0.8059400719228923,0.7202797202797203,0.7240773286467487,0.6182313653908172
0.19999999999999996,0.5,3,3,0.7188612099644128,0.8989637305699482,0.8509021842355176,0.6185249196419712,0.6982758620689655,0.8089124702671805,0.7312162867499707,0.8038844164876163,0.7214285714285714,0.7201426024955436,0.6185267454796722
0.19999999999999996,0.5,4,3,0.735593220338983,0.9035532994923858,0.8578024007386889,0.6405048994037946,0.7181697612732095,0.8195732599156844,0.7598428952957614,0.8152592724535659,0.7406143344709898,0.7380952380952381,0.6405118801855717
0.19999999999999996,0.5,5,3,0.7466216216216216,0.9065040650406504,0.8607350096711799,0.6571144333600465,0.6856763925729443,0.826562843331136,0.8016885882013691,0.8226879937420032,0.7620689655172413,0.7542662116040956,0.6571815072396597
0.20999999999999996,0.5,1,3,0.7251655629139073,0.9025710419485792,0.851104707012488,0.6345705686118641,0.6898608349900597,0.8138683024312432,0.734760911507271,0.8090200477765883,0.7525773195876289,0.7386172006745363,0.6347840687112954
0.20999999999999996,0.5,2,3,0.7279151943462897,0.892328398384926,0.8469785575048733,0.6182149137984158,0.679920477137177,0.8101217963656078,0.7171685105903488,0.8059400719228923,0.7202797202797203,0.7240773286467487,0.6182313653908172
0.20999999999999996,0.5,3,3,0.7188612099644128,0.8989637305699482,0.8509021842355176,0.6185249196419712,0.6982758620689655,0.8089124702671805,0.7363138587609204,0.8038844164876163,0.7214285714285714,0.7201426024955436,0.6185267454796722
0.20999999999999996,0.5,4,3,0.7389830508474576,0.9073604060913706,0.8614958448753463,0.6490966588040126,0.7181697612732095,0.8231717284694141,0.7638980053766722,0.818855274826748,0.7491408934707904,0.7440273037542662,0.6491250785617261
0.20999999999999996,0.5,5,3,0.7432432432432432,0.9065040650406504,0.8597678916827853,0.6543814920170954,0.6856763925729443,0.8248736541419468,0.8016481229332946,0.820824598385061,0.7612456747404844,0.7521367521367521,0.6544725977610134
0.21999999999999995,0.5,1,3,0.7251655629139073,0.9025710419485792,0.851104707012488,0.6345705686118641,0.6898608349900597,0.8138683024312432,0.7402616081213496,0.8090200477765883,0.7525773195876289,0.7386172006745363,0.6347840687112954
0.21999999999999995,0.5,2,3,0.7243816254416962,0.8936742934051144,0.8469785575048733,0.617380605133516,0.679920477137177,0.8090279594234053,0.7040315811000666,0.80458761938788,0.721830985915493,0.7231040564373897,0.6173824385434376
0.21999999999999995,0.5,3,3,0.7188612099644128,0.8989637305699482,0.8509021842355176,0.6185249196419712,0.6982758620689655,0.8089124702671805,0.7066982835291441,0.8038844164876163,0.7214285714285714,0.7201426024955436,0.6185267454796722
0.21999999999999995,0.5,4,3,0.7389830508474576,0.9073604060913706,0.8614958448753463,0.6490966588040126,0.7181697612732095,0.8231717284694141,0.7711859411314306,0.818855274826748,0.7491408934707904,0.7440273037542662,0.6491250785617261
0.21999999999999995,0.5,5,3,0.7364864864864865,0.907859078590786,0.8588007736943907,0.6509309187099399,0.6856763925729443,0.8221727825386362,0.8034991276095635,0.8176955075186526,0.7622377622377622,0.7491408934707904,0.651117045205717
0.22999999999999995,0.5,1,3,0.7152317880794702,0.9039242219215156,0.8491834774255523,0.6283842010363778,0.6898608349900597,0.8095780050004928,0.7240410987692087,0.8040617746997238,0.7526132404181185,0.733446519524618,0.6287806412025863
0.22999999999999995,0.5,2,3,0.7173144876325088,0.8963660834454913,0.8469785575048733,0.6157010005773479,0.679920477137177,0.806840285539,0.7161050473332529,0.8018580783891007,0.725,0.7211367673179396,0.6157176017643
0.22999999999999995,0.5,3,3,0.7153024911032029,0.8989637305699482,0.8499525166191833,0.6156596947898041,0.6982758620689655,0.8071331108365756,0.7355556344459228,0.8018921348212067,0.7204301075268817,0.7178571428571429,0.6156669809063766
0.22999999999999995,0.5,4,3,0.7389830508474576,0.9111675126903553,0.8642659279778393,0.6550125793931986,0.7181697612732095,0.8250752817689064,0.7489802043869926,0.820571354826019,0.7569444444444444,0.7478559176672385,0.6551009841208212
0.22999999999999995,0.5,5,3,0.7398648648648649,0.9105691056910569,0.8617021276595744,0.6577537878963229,0.6856763925729443,0.825216985277961,0.8044772426041216,0.8207911356321014,0.7684210526315789,0.7538726333907056,0.6579818482450015
0.23999999999999994,0.5,1,3,0.7185430463576159,0.9039242219215156,0.8501440922190202,0.6311177136003708,0.6898608349900597,0.8112336341395657,0.7315074439691982,0.8059208795507928,0.7534722222222222,0.735593220338983,0.6314638282624375
0.23999999999999994,0.5,2,3,0.7102473498233216,0.8950201884253028,0.8440545808966862,0.6079274321826232,0.679920477137177,0.8026337691243122,0.721107374774252,0.7972990134619766,0.7204301075268817,0.7153024911032029,0.6079566377718034
0.23999999999999994,0.5,3,3,0.7224199288256228,0.8989637305699482,0.8518518518518519,0.6213836593955709,0.6982758620689655,0.8106918296977854,0.730794139821224,0.8058717728368194,0.7224199288256228,0.7224199288256228,0.6213836593955709
0.23999999999999994,0.5,4,3,0.7491525423728813,0.9111675126903553,0.8670360110803325,0.6631327924518522,0.7181697612732095,0.8301600275316183,0.7381711911533508,0.8261981957493942,0.7594501718213058,0.7542662116040956,0.6631618267613616
0.23999999999999994,0.5,5,3,0.7432432432432432,0.9105691056910569,0.8626692456479691,0.6604944551836404,0.6856763925729443,0.82690617446715,0.8039250512323995,0.8226629536516887,0.7692307692307693,0.7560137457044673,0.6606833162668826
0.24999999999999992,0.5,1,3,0.7152317880794702,0.9052774018944519,0.8501440922190202,0.6303839185732105,0.6898608349900597,0.8102545949869611,0.7111396920151157,0.8046633922733816,0.7552447552447552,0.7346938775510204,0.6308373754822427
0.24999999999999992,0.5,2,3,0.7137809187279152,0.8977119784656796,0.8469785575048733,0.6148556563487774,0.679920477137177,0.8057464485967974,0.7180260395902617,0.8004809059198646,0.7266187050359713,0.7201426024955436,0.6149019136122225
0.24999999999999992,0.5,3,3,0.7224199288256228,0.8989637305699482,0.8518518518518519,0.6213836593955709,0.6982758620689655,0.8106918296977854,0.695690252034467,0.8058717728368194,0.7224199288256228,0.7224199288256228,0.6213836593955709
0.24999999999999992,0.5,4,3,0.752542372881356,0.9111675126903553,0.8679593721144968,0.6658280126272816,0.7181697612732095,0.8318549427858557,0.7665660199338131,0.8280653126972551,0.7602739726027398,0.7563884156729132,0.6658443754638871
0.24999999999999992,0.5,5,3,0.7466216216216216,0.9092140921409214,0.8626692456479691,0.6611870038766846,0.6856763925729443,0.8279178568812715,0.8053007651059971,0.8239168039768853,0.7673611111111112,0.7568493150684932,0.6613074898295866
0.2599999999999999,0.5,1,3,0.7152317880794702,0.9066305818673883,0.851104707012488,0.6323876179865899,0.6898608349900597,0.8109311849734293,0.7111619137726075,0.805264560375373,0.7578947368421053,0.7359454855195912,0.6329022513746219
0.2599999999999999,0.5,2,3,0.7137809187279152,0.9004037685060565,0.8489278752436648,0.6189236984745446,0.679920477137177,0.8070923436169859,0.7138696384947153,0.8016801289232072,0.7318840579710145,0.7227191413237924,0.6190153754271283
0.2599999999999999,0.5,3,3,0.7259786476868327,0.9028497409326425,0.855650522317189,0.6302548962534825,0.6982758620689655,0.8144141943097376,0.7334095202333968,0.8095984399606307,0.7311827956989247,0.7285714285714285,0.6302623550991456
0.2599999999999999,0.5,4,3,0.752542372881356,0.916243654822335,0.8716528162511542,0.6737874050044532,0.7181697612732095,0.8343930138518455,0.7785908600197633,0.8303686977105327,0.7708333333333334,0.7615780445969125,0.6738783437037833
0.2599999999999999,0.5,5,3,0.7466216216216216,0.9092140921409214,0.8626692456479691,0.6611870038766846,0.6856763925729443,0.8279178568812715,0.8070303009853902,0.8239168039768853,0.7673611111111112,0.7568493150684932,0.6613074898295866
0.2699999999999999,0.5,1,3,0.7218543046357616,0.9079837618403248,0.8539865513928915,0.6398612539944102,0.6898608349900597,0.8149190332380432,0.7381614295167706,0.809587541297302,0.7622377622377622,0.7414965986394558,0.6403215282779017
0.2699999999999999,0.5,2,3,0.7173144876325088,0.8990578734858681,0.8489278752436648,0.6197619537201307,0.679920477137177,0.8081861805591884,0.7190575483764512,0.8030611669552254,0.7302158273381295,0.7237076648841355,0.6198085800976721
0.2699999999999999,0.5,3,3,0.7259786476868327,0.9080310880829016,0.8594491927825261,0.6383441861328605,0.6982758620689655,0.8170048678848671,0.7380711536034804,0.8119182110188367,0.7418181818181818,0.7338129496402878,0.6384128083758945
0.2699999999999999,0.5,4,3,0.7559322033898305,0.9175126903553299,0.8734995383194829,0.6784811114072667,0.7181697612732095,0.8367224468725802,0.7736775523455875,0.8328129379749307,0.7743055555555556,0.7650085763293311,0.6785726835995238
0.2699999999999999,0.5,5,3,0.7432432432432432,0.9092140921409214,0.8617021276595744,0.6584526399918691,0.6856763925729443,0.8262286676920823,0.8089915417503615,0.8220506253542292,0.7665505226480837,0.7547169811320755,0.6586048208039575
0.2799999999999999,0.5,1,3,0.7185430463576159,0.9079837618403248,0.8530259365994236,0.6371310035609565,0.6898608349900597,0.8132634040989704,0.7351991629718482,0.807728554822717,0.7614035087719299,0.7393526405451448,0.63764949708875
0.2799999999999999,0.5,2,3,0.7173144876325088,0.8990578734858681,0.8489278752436648,0.6197619537201307,0.679920477137177,0.8081861805591884,0.725044540843409,0.8030611669552254,0.7302158273381295,0.7237076648841355,0.6198085800976721
0.2799999999999999,0.5,3,3,0.7224199288256228,0.9067357512953368,0.8575498575498576,0.6334569454049263,0.6982758620689655,0.8145778400604797,0.7185712212941552,0.8093478713843787,0.7381818181818182,0.7302158273381295,0.6335250422677213
0.2799999999999999,0.5,4,3,0.7559322033898305,0.9175126903553299,0.8734995383194829,0.6784811114072667,0.7181697612732095,0.8367224468725802,0.7790392905303822,0.8328129379749307,0.7743055555555556,0.7650085763293311,0.6785726835995238
0.2799999999999999,0.5,5,3,0.7398648648648649,0.9105691056910569,0.8617021276595744,0.6577537878963229,0.6856763925729443,0.825216985277961,0.8093206340468051,0.8207911356321014,0.7684210526315789,0.7538726333907056,0.6579818482450015
0.2899999999999999,0.5,1,3,0.7185430463576159,0.9093369418132612,0.8539865513928915,0.6391434240233529,0.6898608349900597,0.8139399940854386,0.7311621269939776,0.8083302149097353,0.7640845070422535,0.7406143344709898,0.6397277977908461
0.2899999999999999,0.5,2,3,0.7173144876325088,0.8977119784656796,0.847953216374269,0.6177292463780577,0.679920477137177,0.8075132330490943,0.7213734788477437,0.802459848138631,0.7275985663082437,0.7224199288256228,0.6177589228585704
0.2899999999999999,0.5,3,3,0.7188612099644128,0.9067357512953368,0.8566001899335233,0.6305924117213837,0.6982758620689655,0.8127984806298748,0.7379420720756252,0.8073519426459298,0.7372262773722628,0.7279279279279279,0.6306848960373546
0.2899999999999999,0.5,4,3,0.752542372881356,0.9187817258883249,0.8734995383194829,0.6777926655272833,0.7181697612732095,0.8356620493848403,0.7724417030088961,0.8315179974961622,0.7762237762237763,0.7641996557659209,0.6779445549611586
0.2899999999999999,0.5,5,3,0.7432432432432432,0.9119241192411924,0.8636363636363636,0.6625404482054653,0.6856763925729443,0.8275836812422178,0.8104679764833712,0.823274826516979,0.7719298245614035,0.7573149741824441,0.6627701682137903
0.29999999999999993,0.5,1,3,0.7086092715231788,0.9106901217861976,0.8520653218059558,0.6329320285202706,0.6898608349900597,0.8096496966546882,0.7481028306671551,0.8033202747237694,0.7642857142857142,0.7353951890034365,0.6338040371245819
0.29999999999999993,0.5,2,3,0.7137809187279152,0.8990578734858681,0.847953216374269,0.616887437825831,0.679920477137177,0.8064193961068916,0.7256286241932708,0.8010807418271323,0.7292418772563177,0.7214285714285714,0.6169544189988123
0.29999999999999993,0.5,3,3,0.7117437722419929,0.9067357512953368,0.8547008547008547,0.624843693604536,0.6982758620689655,0.8092397617686649,0.7240394198201502,0.8033452085209823,0.7352941176470589,0.7233273056057866,0.6249958978322727
0.29999999999999993,0.5,4,3,0.7457627118644068,0.9213197969543148,0.8734995383194829,0.6764068910015244,0.7181697612732095,0.8335412544093608,0.758969610669978,0.8289064786035963,0.7801418439716312,0.7625649913344887,0.6767259928845913
0.29999999999999993,0.5,5,3,0.7432432432432432,0.9132791327913279,0.8646034816247582,0.6645906318930841,0.6856763925729443,0.8282611880172855,0.8094944183499907,0.8238862449648029,0.7746478873239436,0.7586206896551724,0.6648654531591884
0.30999999999999994,0.5,1,3,0.6986754966887417,0.9106901217861976,0.8491834774255523,0.6246546525167017,0.6898608349900597,0.8046828092374696,0.7412534116519616,0.797669651653178,0.7617328519855595,0.7288428324697754,0.6257733643662607
0.30999999999999994,0.5,2,3,0.7102473498233216,0.8977119784656796,0.8460038986354775,0.6119757383107775,0.679920477137177,0.8039796641445007,0.7262488963824428,0.7984970592368513,0.7256317689530686,0.7178571428571429,0.612042186175128
0.30999999999999994,0.5,3,3,0.7117437722419929,0.9067357512953368,0.8547008547008547,0.624843693604536,0.6982758620689655,0.8092397617686649,0.7382242144240717,0.8033452085209823,0.7352941176470589,0.7233273056057866,0.6249958978322727
0.30999999999999994,0.5,4,3,0.7457627118644068,0.9200507614213198,0.8725761772853186,0.6743949943791339,0.7181697612732095,0.8329067366428633,0.7785120365317545,0.8283354096563034,0.7773851590106007,0.7612456747404844,0.6746654724239918
0.30999999999999994,0.5,5,3,0.7432432432432432,0.9132791327913279,0.8646034816247582,0.6645906318930841,0.6856763925729443,0.8282611880172855,0.8107196952185469,0.8238862449648029,0.7746478873239436,0.7586206896551724,0.6648654531591884
0.3199999999999999,0.5,1,3,0.6986754966887417,0.912043301759134,0.8501440922190202,0.6266707126994856,0.6898608349900597,0.8053593992239378,0.7252329394310438,0.7982620540011925,0.7644927536231884,0.7301038062283737,0.6278873308823008
0.3199999999999999,0.5,2,3,0.7137809187279152,0.901749663526245,0.8499025341130604,0.6209644531231258,0.679920477137177,0.8077652911270801,0.7131532009139635,0.8022790682140171,0.7345454545454545,0.7240143369175627,0.6210848628202106
0.3199999999999999,0.5,3,3,0.708185053380783,0.9041450777202072,0.8518518518518519,0.6179245283018867,0.6982758620689655,0.806165065550495,0.7237560742760752,0.8001887465649946,0.7289377289377289,0.7184115523465704,0.6180431760777979
0.3199999999999999,0.5,4,3,0.7457627118644068,0.9225888324873096,0.8744228993536473,0.6784231187420581,0.7181697612732095,0.8341757721758583,0.780538630159896,0.8294771543879632,0.7829181494661922,0.7638888888888888,0.6787951467646978
0.3199999999999999,0.5,5,3,0.7466216216216216,0.9146341463414634,0.8665377176015474,0.6693821942946115,0.6856763925729443,0.8306278839815425,0.8124952263361134,0.8263689427440815,0.778169014084507,0.7620689655172413,0.6696589969657832
0.32999999999999985,0.5,1,3,0.6986754966887417,0.912043301759134,0.8501440922190202,0.6266707126994856,0.6898608349900597,0.8053593992239378,0.7348688038185511,0.7982620540011925,0.7644927536231884,0.7301038062283737,0.6278873308823008
0.32999999999999985,0.5,2,3,0.7067137809187279,0.9030955585464334,0.8489278752436648,0.617236051006311,0.679920477137177,0.8049046697325807,0.719718578094433,0.7988930320833074,0.7352941176470589,0.7207207207207207,0.6174638992780641
0.32999999999999985,0.5,3,3,0.701067615658363,0.9028497409326425,0.8490028490028491,0.6101316815890279,0.6982758620689655,0.8019586782955027,0.7302242273216047,0.7955870255185277,0.7242647058823529,0.7124773960216998,0.6102803021518411
0.32999999999999985,0.5,4,3,0.7389830508474576,0.9225888324873096,0.8725761772853186,0.6729900750932101,0.7181697612732095,0.8307859416673836,0.7472874170981045,0.8256981955347039,0.7813620071684588,0.759581881533101,0.6734743041565487
0.32999999999999985,0.5,5,3,0.7432432432432432,0.9132791327913279,0.8646034816247582,0.6645906318930841,0.6856763925729443,0.8282611880172855,0.810262609167286,0.8238862449648029,0.7746478873239436,0.7586206896551724,0.6648654531591884
0.33999999999999986,0.5,1,3,0.7019867549668874,0.9133964817320703,0.8520653218059558,0.6314569856135948,0.6898608349900597,0.8076916183494789,0.7224903603109142,0.8007447984278561,0.7681159420289855,0.7335640138408305,0.6326828958640576
0.33999999999999986,0.5,2,3,0.7067137809187279,0.9044414535666218,0.8499025341130604,0.6192839828633938,0.679920477137177,0.8055776172426748,0.701255159136353,0.7994881107744488,0.7380073800738007,0.7220216606498195,0.6195566733432238
0.33999999999999986,0.5,3,3,0.697508896797153,0.9028497409326425,0.8480531813865148,0.6072306121402296,0.6982758620689655,0.8001793188648978,0.7179232694978074,0.7935652000759124,0.7232472324723247,0.7101449275362319,0.6074136560554492
0.33999999999999986,0.5,4,3,0.7423728813559322,0.9251269035532995,0.8753462603878116,0.6797535369376986,0.7181697612732095,0.8337498924546158,0.7605945586642888,0.8287274129716927,0.7877697841726619,0.7643979057591623,0.68030695150026
0.33999999999999986,0.5,5,3,0.7466216216216216,0.9132791327913279,0.8655705996131529,0.6673271085146077,0.6856763925729443,0.8299503772064747,0.8082557318969231,0.825756590720201,0.775438596491228,0.7607573149741824,0.6675584881825792
0.34999999999999987,0.5,1,3,0.7019867549668874,0.9133964817320703,0.8520653218059558,0.6314569856135948,0.6898608349900597,0.8076916183494789,0.7481381863139243,0.8007447984278561,0.7681159420289855,0.7335640138408305,0.6326828958640576
0.34999999999999987,0.5,2,3,0.7067137809187279,0.9044414535666218,0.8499025341130604,0.6192839828633938,0.679920477137177,0.8055776172426748,0.7241072845261356,0.7994881107744488,0.7380073800738007,0.7220216606498195,0.6195566733432238
0.34999999999999987,0.5,3,3,0.6868327402135231,0.9028497409326425,0.8452041785375118,0.598487418154257,0.6982758620689655,0.7948412405730828,0.7206581244602065,0.7874685781450815,0.7201492537313433,0.7030965391621129,0.5987945105105439
0.34999999999999987,0.5,4,3,0.7457627118644068,0.9251269035532995,0.876269621421976,0.6824686236412328,0.7181697612732095,0.8354448077088532,0.7653963438565362,0.8306173297088318,0.7885304659498208,0.7665505226480837,0.6829596726991823
0.34999999999999987,0.5,5,3,0.75,0.9146341463414634,0.867504835589942,0.67211376882375,0.6856763925729443,0.8323170731707317,0.8094338945254944,0.8282364455613491,0.7789473684210526,0.7641996557659209,0.672346808151368
0.3599999999999999,0.5,1,3,0.695364238410596,0.9133964817320703,0.8501440922190202,0.6259191007094814,0.6898608349900597,0.8043803600713332,0.7416024221752583,0.7969587498023589,0.7664233576642335,0.7291666666666666,0.627334756214161
0.3599999999999999,0.5,2,3,0.6996466431095406,0.9044414535666218,0.847953216374269,0.613482798757782,0.679920477137177,0.8020440483380812,0.7212024863299418,0.7954806263366823,0.7360594795539034,0.717391304347826,0.6138522091009977
0.3599999999999999,0.5,3,3,0.6868327402135231,0.9028497409326425,0.8452041785375118,0.598487418154257,0.6982758620689655,0.7948412405730828,0.7336283005627577,0.7874685781450815,0.7201492537313433,0.7030965391621129,0.5987945105105439
0.3599999999999999,0.5,4,3,0.7389830508474576,0.9238578680203046,0.8734995383194829,0.6750091448923311,0.7181697612732095,0.8314204594338811,0.7602919124798764,0.8262658808513592,0.7841726618705036,0.7609075043630017,0.6755586968554271
0.3599999999999999,0.5,5,3,0.75,0.9146341463414634,0.867504835589942,0.67211376882375,0.6856763925729443,0.8323170731707317,0.8108793910243505,0.8282364455613491,0.7789473684210526,0.7641996557659209,0.672346808151368
0.3699999999999999,0.5,1,3,0.6986754966887417,0.9133964817320703,0.851104707012488,0.6286908276704781,0.6898608349900597,0.8060359892104061,0.7199890395816501,0.7988540170443555,0.7672727272727272,0.7313691507798961,0.6300100192643147
0.3699999999999999,0.5,2,3,0.696113074204947,0.9030955585464334,0.8460038986354775,0.6085274500239073,0.679920477137177,0.7996043163756902,0.7249198581635722,0.7928786953630369,0.7323420074349443,0.7137681159420289,0.6088938764903457
0.3699999999999999,0.5,3,3,0.6868327402135231,0.9028497409326425,0.8452041785375118,0.598487418154257,0.6982758620689655,0.7948412405730828,0.7349678382244887,0.7874685781450815,0.7201492537313433,0.7030965391621129,0.5987945105105439
0.3699999999999999,0.5,4,3,0.7389830508474576,0.9251269035532995,0.8744228993536473,0.6770325800467496,0.7181697612732095,0.8320549772003786,0.7706756039968153,0.8268331764079614,0.7870036101083032,0.7622377622377622,0.6776519638556872
0.3699999999999999,0.5,5,3,0.75,0.9146341463414634,0.867504835589942,0.67211376882375,0.6856763925729443,0.8323170731707317,0.8123722229067735,0.8282364455613491,0.7789473684210526,0.7641996557659209,0.672346808151368
0.3799999999999999,0.5,1,3,0.6986754966887417,0.9133964817320703,0.851104707012488,0.6286908276704781,0.6898608349900597,0.8060359892104061,0.7426719526075212,0.7988540170443555,0.7672727272727272,0.7313691507798961,0.6300100192643147
0.3799999999999999,0.5,2,3,0.6925795053003534,0.9030955585464334,0.8450292397660819,0.6056116701076788,0.679920477137177,0.7978375319233935,0.7145331922467105,0.7908637526003043,0.7313432835820896,0.7114337568058077,0.6060312858843269
0.3799999999999999,0.5,3,3,0.6868327402135231,0.9028497409326425,0.8452041785375118,0.598487418154257,0.6982758620689655,0.7948412405730828,0.7245484046891053,0.7874685781450815,0.7201492537313433,0.7030965391621129,0.5987945105105439
0.3799999999999999,0.5,4,3,0.7389830508474576,0.9263959390862944,0.8753462603878116,0.6790603947290436,0.7181697612732095,0.8326894949668759,0.7732160746727923,0.8274000830062113,0.7898550724637681,0.7635726795096323,0.6797541876716038
0.3799999999999999,0.5,5,3,0.7466216216216216,0.9146341463414634,0.8665377176015474,0.6693821942946115,0.6856763925729443,0.8306278839815425,0.8075017601554608,0.8263689427440815,0.778169014084507,0.7620689655172413,0.6696589969657832
0.3899999999999999,0.5,1,3,0.6986754966887417,0.9133964817320703,0.851104707012488,0.6286908276704781,0.6898608349900597,0.8060359892104061,0.7264402440091943,0.7988540170443555,0.7672727272727272,0.7313691507798961,0.6300100192643147
0.3899999999999999,0.5,2,3,0.6890459363957597,0.9057873485868102,0.8460038986354775,0.6067802201533989,0.679920477137177,0.797416642491285,0.7068336626510936,0.7900184123059608,0.7358490566037735,0.7116788321167883,0.6073899777533569
0.3899999999999999,0.5,3,3,0.6832740213523132,0.9028497409326425,0.8442545109211775,0.5955596149792733,0.6982758620689655,0.7930618811424779,0.7347765383094854,0.7854258546571667,0.7191011235955056,0.7007299270072993,0.595914887095533
0.3899999999999999,0.5,4,3,0.7322033898305085,0.9251269035532995,0.8725761772853186,0.6715729793873335,0.7181697612732095,0.8286651466919039,0.7677588742024821,0.8230316244258952,0.7854545454545454,0.7578947368421053,0.6723350259568364
0.3899999999999999,0.5,5,3,0.7466216216216216,0.9159891598915989,0.867504835589942,0.6714414936796939,0.6856763925729443,0.8313053907566103,0.8099824719713618,0.8269808413416192,0.7809187279151943,0.7633851468048359,0.67176805589017
0.3999999999999998,0.5,1,3,0.6986754966887417,0.9133964817320703,0.851104707012488,0.6286908276704781,0.6898608349900597,0.8060359892104061,0.7435339231351579,0.7988540170443555,0.7672727272727272,0.7313691507798961,0.6300100192643147
0.3999999999999998,0.5,2,3,0.6890459363957597,0.9057873485868102,0.8460038986354775,0.6067802201533989,0.679920477137177,0.797416642491285,0.7253601854604058,0.7900184123059608,0.7358490566037735,0.7116788321167883,0.6073899777533569
0.3999999999999998,0.5,3,3,0.6832740213523132,0.9015544041450777,0.8433048433048433,0.5935608834076836,0.6982758620689655,0.7924142127486955,0.7138916161780633,0.7848622192385718,0.7164179104477612,0.6994535519125683,0.5938654478893355
0.3999999999999998,0.5,4,3,0.7288135593220338,0.9238578680203046,0.8707294552169899,0.6668131674943963,0.7181697612732095,0.8263357136711692,0.7844341572155423,0.8205608698320582,0.7818181818181819,0.7543859649122807,0.6675698130152629
0.3999999999999998,0.5,5,3,0.7466216216216216,0.9159891598915989,0.867504835589942,0.6714414936796939,0.6856763925729443,0.8313053907566103,0.810487366293558,0.8269808413416192,0.7809187279151943,0.7633851468048359,0.67176805589017
0.4099999999999998,0.5,1,3,0.6986754966887417,0.9133964817320703,0.851104707012488,0.6286908276704781,0.6898608349900597,0.8060359892104061,0.6993773915163053,0.7988540170443555,0.7672727272727272,0.7313691507798961,0.6300100192643147
0.4099999999999998,0.5,2,3,0.6890459363957597,0.9057873485868102,0.8460038986354775,0.6067802201533989,0.679920477137177,0.797416642491285,0.7232534715125899,0.7900184123059608,0.7358490566037735,0.7116788321167883,0.6073899777533569
0.4099999999999998,0.5,3,3,0.6832740213523132,0.9015544041450777,0.8433048433048433,0.5935608834076836,0.6982758620689655,0.7924142127486955,0.7381909375861897,0.7848622192385718,0.7164179104477612,0.6994535519125683,0.5938654478893355
0.4099999999999998,0.5,4,3,0.7288135593220338,0.9251269035532995,0.8716528162511542,0.6688342972543101,0.7181697612732095,0.8269702314376667,0.7607349290650223,0.8211242484565001,0.7846715328467153,0.7557117750439367,0.6696729931602033
0.4099999999999998,0.5,5,3,0.7466216216216216,0.9200542005420054,0.8704061895551257,0.6776448034544371,0.6856763925729443,0.8333379110818135,0.8101782403969622,0.8288138266151553,0.7892857142857143,0.7673611111111112,0.6781473250358551
0.4199999999999998,0.5,1,3,0.695364238410596,0.9133964817320703,0.8501440922190202,0.6259191007094814,0.6898608349900597,0.8043803600713332,0.7128464835735538,0.7969587498023589,0.7664233576642335,0.7291666666666666,0.627334756214161
0.4199999999999998,0.5,2,3,0.6890459363957597,0.9071332436069987,0.8469785575048733,0.6088324858304314,0.679920477137177,0.7980895900013791,0.7305061737123968,0.7906051323365585,0.7386363636363636,0.7129798903107861,0.6095158181407243
0.4199999999999998,0.5,3,3,0.6797153024911032,0.9002590673575129,0.8414055080721747,0.58863434866111,0.6982758620689655,0.7899871849243081,0.7333094920947671,0.7822530692105147,0.7126865671641791,0.6958105646630237,0.588936385268127
0.4199999999999998,0.5,4,3,0.7322033898305085,0.9263959390862944,0.8734995383194829,0.6735992713945359,0.7181697612732095,0.8292996644584014,0.7648198306613362,0.8235959245432204,0.7883211678832117,0.7592267135325131,0.6744439424191088
0.4199999999999998,0.5,5,3,0.7432432432432432,0.9227642276422764,0.8713733075435203,0.6790603456725585,0.6856763925729443,0.8330037354427597,0.8096816052386984,0.8281535348603494,0.7942238267148014,0.7678883071553229,0.6797751948300714
0.4299999999999998,0.5,1,3,0.695364238410596,0.9133964817320703,0.8501440922190202,0.6259191007094814,0.6898608349900597,0.8043803600713332,0.7123733445800874,0.7969587498023589,0.7664233576642335,0.7291666666666666,0.627334756214161
0.4299999999999998,0.5,2,3,0.6925795053003534,0.9057873485868102,0.8469785575048733,0.6097044471043181,0.679920477137177,0.7991834269435818,0.7260928522458489,0.7920415101442422,0.7368421052631579,0.7140255009107468,0.6102496489667033
0.4299999999999998,0.5,3,3,0.6797153024911032,0.9015544041450777,0.842355175688509,0.5906274151619476,0.6982758620689655,0.7906348533180905,0.7013979933603032,0.7828156389122907,0.7153558052434457,0.6970802919708029,0.5909797450487092
0.4299999999999998,0.5,4,3,0.7322033898305085,0.9263959390862944,0.8734995383194829,0.6735992713945359,0.7181697612732095,0.8292996644584014,0.7824150615245765,0.8235959245432204,0.7883211678832117,0.7592267135325131,0.6744439424191088
0.4299999999999998,0.5,5,3,0.7398648648648649,0.9227642276422764,0.8704061895551257,0.6763133795578149,0.6856763925729443,0.8313145462535707,0.810309527231211,0.8262692240345663,0.7934782608695652,0.7657342657342657,0.6771040198082107
0.43999999999999984,0.5,1,3,0.695364238410596,0.9133964817320703,0.8501440922190202,0.6259191007094814,0.6898608349900597,0.8043803600713332,0.7397926884110162,0.7969587498023589,0.7664233576642335,0.7291666666666666,0.627334756214161
0.43999999999999984,0.5,2,3,0.6925795053003534,0.9057873485868102,0.8469785575048733,0.6097044471043181,0.679920477137177,0.7991834269435818,0.7192672516889814,0.7920415101442422,0.7368421052631579,0.7140255009107468,0.6102496489667033
0.43999999999999984,0.5,3,3,0.6761565836298933,0.9015544041450777,0.8414055080721747,0.5876871927015069,0.6982758620689655,0.7888554938874854,0.7320641708215816,0.7807636939966022,0.7142857142857143,0.6946983546617916,0.5880906211050021
0.43999999999999984,0.5,4,3,0.7322033898305085,0.9263959390862944,0.8734995383194829,0.6735992713945359,0.7181697612732095,0.8292996644584014,0.7829658735638264,0.8235959245432204,0.7883211678832117,0.7592267135325131,0.6744439424191088
0.43999999999999984,0.5,5,3,0.7364864864864865,0.924119241192412,0.8704061895551257,0.6756435346886032,0.6856763925729443,0.8303028638394492,0.8101481126161971,0.8249856562634029,0.7956204379562044,0.7649122807017544,0.6766035837023786
0.44999999999999984,0.5,1,3,0.6920529801324503,0.9133964817320703,0.8491834774255523,0.6231417878957671,0.6898608349900597,0.8027247309322603,0.7225809566424652,0.7950589646216024,0.7655677655677655,0.7269565217391304,0.6246570626441122
0.44999999999999984,0.5,2,3,0.6925795053003534,0.9057873485868102,0.8469785575048733,0.6097044471043181,0.679920477137177,0.7991834269435818,0.726950584096521,0.7920415101442422,0.7368421052631579,0.7140255009107468,0.6102496489667033
0.44999999999999984,0.5,3,3,0.6761565836298933,0.9002590673575129,0.8404558404558404,0.5856952153446215,0.6982758620689655,0.788207825493703,0.7067351363455461,0.7802025989230553,0.7116104868913857,0.6934306569343066,0.5860446030018854
0.44999999999999984,0.5,4,3,0.7322033898305085,0.9263959390862944,0.8734995383194829,0.6735992713945359,0.7181697612732095,0.8292996644584014,0.7564390042095843,0.8235959245432204,0.7883211678832117,0.7592267135325131,0.6744439424191088
0.44999999999999984,0.5,5,3,0.7331081081081081,0.9227642276422764,0.8684719535783365,0.6708023934152987,0.6856763925729443,0.8279361678751922,0.8100117880166516,0.8224876516742782,0.791970802919708,0.7614035087719299,0.6717555634571513
0.45999999999999985,0.5,1,3,0.6920529801324503,0.9133964817320703,0.8491834774255523,0.6231417878957671,0.6898608349900597,0.8027247309322603,0.6978317086260881,0.7950589646216024,0.7655677655677655,0.7269565217391304,0.6246570626441122
0.45999999999999985,0.5,2,3,0.6925795053003534,0.9057873485868102,0.8469785575048733,0.6097044471043181,0.679920477137177,0.7991834269435818,0.7213141179593071,0.7920415101442422,0.7368421052631579,0.7140255009107468,0.6102496489667033
0.45999999999999985,0.5,3,3,0.6761565836298933,0.9002590673575129,0.8404558404558404,0.5856952153446215,0.6982758620689655,0.788207825493703,0.7137542356484257,0.7802025989230553,0.7116104868913857,0.6934306569343066,0.5860446030018854
0.45999999999999985,0.5,4,3,0.7322033898305085,0.9263959390862944,0.8734995383194829,0.6735992713945359,0.7181697612732095,0.8292996644584014,0.7702796450136755,0.8235959245432204,0.7883211678832117,0.7592267135325131,0.6744439424191088
0.45999999999999985,0.5,5,3,0.7331081081081081,0.9227642276422764,0.8684719535783365,0.6708023934152987,0.6856763925729443,0.8279361678751922,0.8106297041742314,0.8224876516742782,0.791970802919708,0.7614035087719299,0.6717555634571513
0.46999999999999986,0.5,1,3,0.6887417218543046,0.9133964817320703,0.8482228626320846,0.6203588723265767,0.6898608349900597,0.8010691017931875,0.7059611032953882,0.7931546290376233,0.7647058823529411,0.7247386759581882,0.621976894090795
0.46999999999999986,0.5,2,3,0.6925795053003534,0.9071332436069987,0.847953216374269,0.6117576857210776,0.679920477137177,0.799856374453676,0.7115760622431424,0.7926297326613733,0.7396226415094339,0.7153284671532847,0.6123724452102823
0.46999999999999986,0.5,3,3,0.6761565836298933,0.9015544041450777,0.8414055080721747,0.5876871927015069,0.6982758620689655,0.7888554938874854,0.7071223648302557,0.7807636939966022,0.7142857142857143,0.6946983546617916,0.5880906211050021
0.46999999999999986,0.5,4,3,0.7322033898305085,0.9263959390862944,0.8734995383194829,0.6735992713945359,0.7181697612732095,0.8292996644584014,0.757019504218065,0.8235959245432204,0.7883211678832117,0.7592267135325131,0.6744439424191088
0.46999999999999986,0.5,5,3,0.7331081081081081,0.9214092140921409,0.867504835589942,0.6687245974172968,0.6856763925729443,0.8272586611001245,0.8096084122382904,0.821883547551883,0.7890909090909091,0.7600700525394045,0.6695884388305144
0.47999999999999976,0.5,1,3,0.6887417218543046,0.9133964817320703,0.8482228626320846,0.6203588723265767,0.6898608349900597,0.8010691017931875,0.7306410295383102,0.7931546290376233,0.7647058823529411,0.7247386759581882,0.621976894090795
0.47999999999999976,0.5,2,3,0.6925795053003534,0.9071332436069987,0.847953216374269,0.6117576857210776,0.679920477137177,0.799856374453676,0.7233669690082358,0.7926297326613733,0.7396226415094339,0.7153284671532847,0.6123724452102823
0.47999999999999976,0.5,3,3,0.6690391459074733,0.9015544041450777,0.8395061728395061,0.5817863916130259,0.6982758620689655,0.7852967750262755,0.7153808458849111,0.776643540202546,0.7121212121212122,0.689908256880734,0.5823018946658179
0.47999999999999976,0.5,4,3,0.7322033898305085,0.9263959390862944,0.8734995383194829,0.6735992713945359,0.7181697612732095,0.8292996644584014,0.7699505268245652,0.8235959245432204,0.7883211678832117,0.7592267135325131,0.6744439424191088
0.47999999999999976,0.5,5,3,0.7331081081081081,0.9214092140921409,0.867504835589942,0.6687245974172968,0.6856763925729443,0.8272586611001245,0.8088965529328067,0.821883547551883,0.7890909090909091,0.7600700525394045,0.6695884388305144
0.48999999999999977,0.5,1,3,0.6887417218543046,0.9133964817320703,0.8482228626320846,0.6203588723265767,0.6898608349900597,0.8010691017931875,0.7392615228459679,0.7931546290376233,0.7647058823529411,0.7247386759581882,0.621976894090795
0.48999999999999977,0.5,2,3,0.6890459363957597,0.9071332436069987,0.8469785575048733,0.6088324858304314,0.679920477137177,0.7980895900013791,0.7243084937434303,0.7906051323365585,0.7386363636363636,0.7129798903107861,0.6095158181407243
0.48999999999999977,0.5,3,3,0.6654804270462633,0.9002590673575129,0.8376068376068376,0.5768371181409909,0.6982758620689655,0.7828697472018882,0.7341129671731488,0.774018597061691,0.7083333333333334,0.6862385321100918,0.5773482357945696
0.48999999999999977,0.5,4,3,0.7288135593220338,0.9263959390862944,0.8725761772853186,0.6708598158009488,0.7181697612732095,0.827604749204164,0.7689196415420163,0.8216872408081801,0.7875457875457875,0.7570422535211268,0.6717852567643573
0.48999999999999977,0.5,5,3,0.7331081081081081,0.9200542005420054,0.8665377176015474,0.6666510923804363,0.6856763925729443,0.8265811543250567,0.8098632694939245,0.821278999071733,0.7862318840579711,0.7587412587412588,0.6674304369898107
0.4999999999999998,0.5,1,3,0.6887417218543046,0.9133964817320703,0.8482228626320846,0.6203588723265767,0.6898608349900597,0.8010691017931875,0.7452884971076049,0.7931546290376233,0.7647058823529411,0.7247386759581882,0.621976894090795
0.4999999999999998,0.5,2,3,0.6890459363957597,0.9071332436069987,0.8469785575048733,0.6088324858304314,0.679920477137177,0.7980895900013791,0.7011231072110835,0.7906051323365585,0.7386363636363636,0.7129798903107861,0.6095158181407243
0.4999999999999998,0.5,3,3,0.6654804270462633,0.9002590673575129,0.8376068376068376,0.5768371181409909,0.6982758620689655,0.7828697472018882,0.704403193237753,0.774018597061691,0.7083333333333334,0.6862385321100918,0.5773482357945696
0.4999999999999998,0.5,4,3,0.7254237288135593,0.9251269035532995,0.8707294552169899,0.6660896682038611,0.7181697612732095,0.8252753161834294,0.7716360549479091,0.8192124315471394,0.7838827838827839,0.7535211267605634,0.6670085288208487
0.4999999999999998,0.5,5,3,0.7297297297297297,0.9200542005420054,0.8655705996131529,0.663888460153316,0.6856763925729443,0.8248919651358675,0.8100954064422161,0.819384465985425,0.7854545454545454,0.7565674255691769,0.6647460543675149
0.5099999999999998,0.5,1,3,0.6887417218543046,0.9133964817320703,0.8482228626320846,0.6203588723265767,0.6898608349900597,0.8010691017931875,0.7408466728402043,0.7931546290376233,0.7647058823529411,0.7247386759581882,0.621976894090795
0.5099999999999998,0.5,2,3,0.6855123674911661,0.9071332436069987,0.8460038986354775,0.6059007434275461,0.679920477137177,0.7963228055490823,0.7245917815346702,0.788575334039161,0.7376425855513308,0.7106227106227107,0.6066560792065082
0.5099999999999998,0.5,3,3,0.6654804270462633,0.9015544041450777,0.8385565052231719,0.5788257659531417,0.6982758620689655,0.7835174155956706,0.6933772791341206,0.774575244812217,0.7110266159695817,0.6875,0.5794021832053998
0.5099999999999998,0.5,4,3,0.7254237288135593,0.9251269035532995,0.8707294552169899,0.6660896682038611,0.7181697612732095,0.8252753161834294,0.769820711179843,0.8192124315471394,0.7838827838827839,0.7535211267605634,0.6670085288208487
0.5099999999999998,0.5,5,3,0.7297297297297297,0.9200542005420054,0.8655705996131529,0.663888460153316,0.6856763925729443,0.8248919651358675,0.8120815481260277,0.819384465985425,0.7854545454545454,0.7565674255691769,0.6647460543675149
0.5199999999999998,0.5,1,3,0.6887417218543046,0.9133964817320703,0.8482228626320846,0.6203588723265767,0.6898608349900597,0.8010691017931875,0.7340504013992631,0.7931546290376233,0.7647058823529411,0.7247386759581882,0.621976894090795
0.5199999999999998,0.5,2,3,0.6855123674911661,0.9071332436069987,0.8460038986354775,0.6059007434275461,0.679920477137177,0.7963228055490823,0.7187956043315911,0.788575334039161,0.7376425855513308,0.7106227106227107,0.6066560792065082
0.5199999999999998,0.5,3,3,0.6654804270462633,0.9015544041450777,0.8385565052231719,0.5788257659531417,0.6982758620689655,0.7835174155956706,0.7175465645147617,0.774575244812217,0.7110266159695817,0.6875,0.5794021832053998
0.5199999999999998,0.5,4,3,0.7254237288135593,0.9251269035532995,0.8707294552169899,0.6660896682038611,0.7181697612732095,0.8252753161834294,0.7484759571525459,0.8192124315471394,0.7838827838827839,0.7535211267605634,0.6670085288208487
0.5199999999999998,0.5,5,3,0.7297297297297297,0.9200542005420054,0.8655705996131529,0.663888460153316,0.6856763925729443,0.8248919651358675,0.809276484113821,0.819384465985425,0.7854545454545454,0.7565674255691769,0.6647460543675149
0.5299999999999998,0.5,1,3,0.6887417218543046,0.9133964817320703,0.8482228626320846,0.6203588723265767,0.6898608349900597,0.8010691017931875,0.722605474738225,0.7931546290376233,0.7647058823529411,0.7247386759581882,0.621976894090795
0.5299999999999998,0.5,2,3,0.6855123674911661,0.9071332436069987,0.8460038986354775,0.6059007434275461,0.679920477137177,0.7963228055490823,0.7253923695224501,0.788575334039161,0.7376425855513308,0.7106227106227107,0.6066560792065082
0.5299999999999998,0.5,3,3,0.6654804270462633,0.9015544041450777,0.8385565052231719,0.5788257659531417,0.6982758620689655,0.7835174155956706,0.722006778701087,0.774575244812217,0.7110266159695817,0.6875,0.5794021832053998
0.5299999999999998,0.5,4,3,0.7254237288135593,0.9238578680203046,0.8698060941828255,0.6640693231140844,0.7181697612732095,0.8246407984169319,0.7522593210900415,0.8186503646325668,0.781021897810219,0.7521968365553603,0.6649020439012979
0.5299999999999998,0.5,5,3,0.7297297297297297,0.9200542005420054,0.8655705996131529,0.663888460153316,0.6856763925729443,0.8248919651358675,0.8121349976532031,0.819384465985425,0.7854545454545454,0.7565674255691769,0.6647460543675149
0.5399999999999998,0.5,1,3,0.6887417218543046,0.9147496617050067,0.8491834774255523,0.6223807730430744,0.6898608349900597,0.8017456917796557,0.7293056401492365,0.793741933545374,0.7675276752767528,0.7260034904013961,0.6241180694195437
0.5399999999999998,0.5,2,3,0.6819787985865724,0.9071332436069987,0.8450292397660819,0.6029624365383399,0.679920477137177,0.7945560210967855,0.7067060094813091,0.7865402975264786,0.7366412213740458,0.708256880733945,0.603793175554328
0.5399999999999998,0.5,3,3,0.6583629893238434,0.9015544041450777,0.8366571699905033,0.5728839460056032,0.6982758620689655,0.7799586967344605,0.7203808761646326,0.7704219964091301,0.7088122605363985,0.6826568265682657,0.5735917872602643
0.5399999999999998,0.5,4,3,0.7288135593220338,0.9238578680203046,0.8707294552169899,0.6668131674943963,0.7181697612732095,0.8263357136711692,0.7611430046507249,0.8205608698320582,0.7818181818181819,0.7543859649122807,0.6675698130152629
0.5399999999999998,0.5,5,3,0.7297297297297297,0.9200542005420054,0.8655705996131529,0.663888460153316,0.6856763925729443,0.8248919651358675,0.8091350824682044,0.819384465985425,0.7854545454545454,0.7565674255691769,0.6647460543675149
0.5499999999999998,0.5,1,3,0.6887417218543046,0.9147496617050067,0.8491834774255523,0.6223807730430744,0.6898608349900597,0.8017456917796557,0.723688378262807,0.793741933545374,0.7675276752767528,0.7260034904013961,0.6241180694195437
0.5499999999999998,0.5,2,3,0.6819787985865724,0.9057873485868102,0.8440545808966862,0.6009121452430848,0.679920477137177,0.7938830735866913,0.7282417462948753,0.7859565940712946,0.7338403041825095,0.706959706959707,0.6016612620716058
0.5499999999999998,0.5,3,3,0.6583629893238434,0.9015544041450777,0.8366571699905033,0.5728839460056032,0.6982758620689655,0.7799586967344605,0.711458003776894,0.7704219964091301,0.7088122605363985,0.6826568265682657,0.5735917872602643
0.5499999999999998,0.5,4,3,0.7288135593220338,0.9238578680203046,0.8707294552169899,0.6668131674943963,0.7181697612732095,0.8263357136711692,0.7623505483417432,0.8205608698320582,0.7818181818181819,0.7543859649122807,0.6675698130152629
0.5499999999999998,0.5,5,3,0.7297297297297297,0.9200542005420054,0.8655705996131529,0.663888460153316,0.6856763925729443,0.8248919651358675,0.8093040111060799,0.819384465985425,0.7854545454545454,0.7565674255691769,0.6647460543675149
0.5599999999999997,0.5,1,3,0.6887417218543046,0.9147496617050067,0.8491834774255523,0.6223807730430744,0.6898608349900597,0.8017456917796557,0.6972060685757889,0.793741933545374,0.7675276752767528,0.7260034904013961,0.6241180694195437
0.5599999999999997,0.5,2,3,0.6819787985865724,0.9057873485868102,0.8440545808966862,0.6009121452430848,0.679920477137177,0.7938830735866913,0.7284993703602964,0.7859565940712946,0.7338403041825095,0.706959706959707,0.6016612620716058
0.5599999999999997,0.5,3,3,0.6583629893238434,0.9002590673575129,0.835707502374169,0.5708975702827799,0.6982758620689655,0.7793110283406781,0.7189115456833304,0.7698683333865521,0.7061068702290076,0.6813996316758748,0.5715325930352505
0.5599999999999997,0.5,4,3,0.7288135593220338,0.9238578680203046,0.8707294552169899,0.6668131674943963,0.7181697612732095,0.8263357136711692,0.7649948898981374,0.8205608698320582,0.7818181818181819,0.7543859649122807,0.6675698130152629
0.5599999999999997,0.5,5,3,0.7297297297297297,0.9200542005420054,0.8655705996131529,0.663888460153316,0.6856763925729443,0.8248919651358675,0.8092648770750859,0.819384465985425,0.7854545454545454,0.7565674255691769,0.6647460543675149
0.5699999999999997,0.5,1,3,0.6887417218543046,0.9133964817320703,0.8482228626320846,0.6203588723265767,0.6898608349900597,0.8010691017931875,0.7235462426005543,0.7931546290376233,0.7647058823529411,0.7247386759581882,0.621976894090795
0.5699999999999997,0.5,2,3,0.6784452296819788,0.9057873485868102,0.8430799220272904,0.5979682533501428,0.679920477137177,0.7921162891343945,0.7103616322820742,0.7839177927276617,0.732824427480916,0.7045871559633028,0.5987921115679652
0.5699999999999997,0.5,3,3,0.6583629893238434,0.9002590673575129,0.835707502374169,0.5708975702827799,0.6982758620689655,0.7793110283406781,0.7353732153108142,0.7698683333865521,0.7061068702290076,0.6813996316758748,0.5715325930352505
0.5699999999999997,0.5,4,3,0.7288135593220338,0.9238578680203046,0.8707294552169899,0.6668131674943963,0.7181697612732095,0.8263357136711692,0.7406175734897048,0.8205608698320582,0.7818181818181819,0.7543859649122807,0.6675698130152629
0.5699999999999997,0.5,5,3,0.7297297297297297,0.9200542005420054,0.8655705996131529,0.663888460153316,0.6856763925729443,0.8248919651358675,0.806934602041698,0.819384465985425,0.7854545454545454,0.7565674255691769,0.6647460543675149
0.5799999999999997,0.5,1,3,0.6887417218543046,0.9133964817320703,0.8482228626320846,0.6203588723265767,0.6898608349900597,0.8010691017931875,0.7403960529370683,0.7931546290376233,0.7647058823529411,0.7247386759581882,0.621976894090795
0.5799999999999997,0.5,2,3,0.6749116607773852,0.9057873485868102,0.8421052631578947,0.5950177623788429,0.679920477137177,0.7903495046820976,0.7071277620997644,0.7818736750561873,0.7318007662835249,0.7022058823529411,0.5959196944007005
0.5799999999999997,0.5,3,3,0.6583629893238434,0.8989637305699482,0.8347578347578347,0.5689157839755684,0.6982758620689655,0.7786633599468957,0.7169531300505431,0.7693142719017666,0.7034220532319392,0.6801470588235294,0.5694823324816212
0.5799999999999997,0.5,4,3,0.7288135593220338,0.9238578680203046,0.8707294552169899,0.6668131674943963,0.7181697612732095,0.8263357136711692,0.773111157762908,0.8205608698320582,0.7818181818181819,0.7543859649122807,0.6675698130152629
0.5799999999999997,0.5,5,3,0.7297297297297297,0.9214092140921409,0.8665377176015474,0.6659612521419944,0.6856763925729443,0.8255694719109353,0.8092814335811427,0.8199876198882156,0.7883211678832117,0.7578947368421053,0.666907543211924
0.5899999999999997,0.5,1,3,0.6854304635761589,0.9133964817320703,0.8472622478386167,0.6175703370308843,0.6898608349900597,0.7994134726541147,0.7403883388340573,0.7912457101952879,0.7638376383763837,0.7225130890052356,0.619294205690086
0.5899999999999997,0.5,2,3,0.6749116607773852,0.9057873485868102,0.8421052631578947,0.5950177623788429,0.679920477137177,0.7903495046820976,0.6871156821529114,0.7818736750561873,0.7318007662835249,0.7022058823529411,0.5959196944007005
0.5899999999999997,0.5,3,3,0.6583629893238434,0.8989637305699482,0.8347578347578347,0.5689157839755684,0.6982758620689655,0.7786633599468957,0.7214092718966194,0.7693142719017666,0.7034220532319392,0.6801470588235294,0.5694823324816212
0.5899999999999997,0.5,4,3,0.7288135593220338,0.9238578680203046,0.8707294552169899,0.6668131674943963,0.7181697612732095,0.8263357136711692,0.7809840597391741,0.8205608698320582,0.7818181818181819,0.7543859649122807,0.6675698130152629
0.5899999999999997,0.5,5,3,0.7297297297297297,0.9214092140921409,0.8665377176015474,0.6659612521419944,0.6856763925729443,0.8255694719109353,0.8077611090165475,0.8199876198882156,0.7883211678832117,0.7578947368421053,0.666907543211924
0.5999999999999998,0.5,1,3,0.6821192052980133,0.9133964817320703,0.8463016330451489,0.6147761649690545,0.6898608349900597,0.7977578435150419,0.7198206100843212,0.789332174842177,0.762962962962963,0.7202797202797203,0.6166089521701222
0.5999999999999998,0.5,2,3,0.6749116607773852,0.9057873485868102,0.8421052631578947,0.5950177623788429,0.679920477137177,0.7903495046820976,0.7224570662663361,0.7818736750561873,0.7318007662835249,0.7022058823529411,0.5959196944007005
0.5999999999999998,0.5,3,3,0.6583629893238434,0.8989637305699482,0.8347578347578347,0.5689157839755684,0.6982758620689655,0.7786633599468957,0.7169430099411627,0.7693142719017666,0.7034220532319392,0.6801470588235294,0.5694823324816212
0.5999999999999998,0.5,4,3,0.7288135593220338,0.9238578680203046,0.8707294552169899,0.6668131674943963,0.7181697612732095,0.8263357136711692,0.7797237284806289,0.8205608698320582,0.7818181818181819,0.7543859649122807,0.6675698130152629
0.5999999999999998,0.5,5,3,0.7297297297297297,0.9214092140921409,0.8665377176015474,0.6659612521419944,0.6856763925729443,0.8255694719109353,0.8103510382951229,0.8199876198882156,0.7883211678832117,0.7578947368421053,0.666907543211924
0.6099999999999998,0.5,1,3,0.6821192052980133,0.9133964817320703,0.8463016330451489,0.6147761649690545,0.6898608349900597,0.7977578435150419,0.7277683687981835,0.789332174842177,0.762962962962963,0.7202797202797203,0.6166089521701222
0.6099999999999998,0.5,2,3,0.6749116607773852,0.9057873485868102,0.8421052631578947,0.5950177623788429,0.679920477137177,0.7903495046820976,0.7237483497352322,0.7818736750561873,0.7318007662835249,0.7022058823529411,0.5959196944007005
0.6099999999999998,0.5,3,3,0.6583629893238434,0.8989637305699482,0.8347578347578347,0.5689157839755684,0.6982758620689655,0.7786633599468957,0.731639356763025,0.7693142719017666,0.7034220532319392,0.6801470588235294,0.5694823324816212
0.6099999999999998,0.5,4,3,0.7288135593220338,0.9225888324873096,0.8698060941828255,0.6647964122725567,0.7181697612732095,0.8257011959046717,0.7716840734721511,0.8199971041386889,0.7789855072463768,0.7530647985989493,0.6654756317685752
0.6099999999999998,0.5,5,3,0.722972972972973,0.9214092140921409,0.8646034816247582,0.6604173704162444,0.6856763925729443,0.8221910935325569,0.8109039436280527,0.8161825523967575,0.7867647058823529,0.7535211267605634,0.6615392632866589
0.6199999999999998,0.5,1,3,0.6821192052980133,0.9133964817320703,0.8463016330451489,0.6147761649690545,0.6898608349900597,0.7977578435150419,0.738261652453703,0.789332174842177,0.762962962962963,0.7202797202797203,0.6166089521701222
0.6199999999999998,0.5,2,3,0.6749116607773852,0.9057873485868102,0.8421052631578947,0.5950177623788429,0.679920477137177,0.7903495046820976,0.7154904542247154,0.7818736750561873,0.7318007662835249,0.7022058823529411,0.5959196944007005
0.6199999999999998,0.5,3,3,0.6548042704626335,0.8989637305699482,0.8338081671415005,0.5659368485519451,0.6982758620689655,0.7768840005162908,0.7334569642035911,0.7672322267529058,0.7022900763358778,0.6777163904235728,0.5665663533773272
0.6199999999999998,0.5,4,3,0.7288135593220338,0.9225888324873096,0.8698060941828255,0.6647964122725567,0.7181697612732095,0.8257011959046717,0.7165122521367591,0.8199971041386889,0.7789855072463768,0.7530647985989493,0.6654756317685752
0.6199999999999998,0.5,5,3,0.722972972972973,0.9214092140921409,0.8646034816247582,0.6604173704162444,0.6856763925729443,0.8221910935325569,0.807724154883293,0.8161825523967575,0.7867647058823529,0.7535211267605634,0.6615392632866589
0.6299999999999997,0.5,1,3,0.6821192052980133,0.9147496617050067,0.8472622478386167,0.616796508733953,0.6898608349900597,0.7984344335015101,0.724869653036281,0.7899166489502837,0.7657992565055762,0.7215411558669002,0.6187565751628433
0.6299999999999997,0.5,2,3,0.6749116607773852,0.9057873485868102,0.8421052631578947,0.5950177623788429,0.679920477137177,0.7903495046820976,0.7209787395082049,0.7818736750561873,0.7318007662835249,0.7022058823529411,0.5959196944007005
0.6299999999999997,0.5,3,3,0.6548042704626335,0.8989637305699482,0.8338081671415005,0.5659368485519451,0.6982758620689655,0.7768840005162908,0.7097733915062863,0.7672322267529058,0.7022900763358778,0.6777163904235728,0.5665663533773272
0.6299999999999997,0.5,4,3,0.7288135593220338,0.9225888324873096,0.8698060941828255,0.6647964122725567,0.7181697612732095,0.8257011959046717,0.7810322929377149,0.8199971041386889,0.7789855072463768,0.7530647985989493,0.6654756317685752
0.6299999999999997,0.5,5,3,0.722972972972973,0.9214092140921409,0.8646034816247582,0.6604173704162444,0.6856763925729443,0.8221910935325569,0.8066399022809931,0.8161825523967575,0.7867647058823529,0.7535211267605634,0.6615392632866589
0.6399999999999997,0.5,1,3,0.6821192052980133,0.9147496617050067,0.8472622478386167,0.616796508733953,0.6898608349900597,0.7984344335015101,0.7163156655520624,0.7899166489502837,0.7657992565055762,0.7215411558669002,0.6187565751628433
0.6399999999999997,0.5,2,3,0.6749116607773852,0.9057873485868102,0.8421052631578947,0.5950177623788429,0.679920477137177,0.7903495046820976,0.7238616031314015,0.7818736750561873,0.7318007662835249,0.7022058823529411,0.5959196944007005
0.6399999999999997,0.5,3,3,0.6548042704626335,0.8989637305699482,0.8338081671415005,0.5659368485519451,0.6982758620689655,0.7768840005162908,0.7108030586468583,0.7672322267529058,0.7022900763358778,0.6777163904235728,0.5665663533773272
0.6399999999999997,0.5,4,3,0.7288135593220338,0.9225888324873096,0.8698060941828255,0.6647964122725567,0.7181697612732095,0.8257011959046717,0.7663239840362055,0.8199971041386889,0.7789855072463768,0.7530647985989493,0.6654756317685752
0.6399999999999997,0.5,5,3,0.722972972972973,0.9214092140921409,0.8646034816247582,0.6604173704162444,0.6856763925729443,0.8221910935325569,0.8079902227534158,0.8161825523967575,0.7867647058823529,0.7535211267605634,0.6615392632866589
0.6499999999999997,0.5,1,3,0.6821192052980133,0.9147496617050067,0.8472622478386167,0.616796508733953,0.6898608349900597,0.7984344335015101,0.739790023008732,0.7899166489502837,0.7657992565055762,0.7215411558669002,0.6187565751628433
0.6499999999999997,0.5,2,3,0.6749116607773852,0.9057873485868102,0.8421052631578947,0.5950177623788429,0.679920477137177,0.7903495046820976,0.7233902607515759,0.7818736750561873,0.7318007662835249,0.7022058823529411,0.5959196944007005
0.6499999999999997,0.5,3,3,0.6548042704626335,0.8989637305699482,0.8338081671415005,0.5659368485519451,0.6982758620689655,0.7768840005162908,0.717722910738974,0.7672322267529058,0.7022900763358778,0.6777163904235728,0.5665663533773272
0.6499999999999997,0.5,4,3,0.7288135593220338,0.9225888324873096,0.8698060941828255,0.6647964122725567,0.7181697612732095,0.8257011959046717,0.7689918450239633,0.8199971041386889,0.7789855072463768,0.7530647985989493,0.6654756317685752
0.6499999999999997,0.5,5,3,0.722972972972973,0.9214092140921409,0.8646034816247582,0.6604173704162444,0.6856763925729443,0.8221910935325569,0.8057330313342199,0.8161825523967575,0.7867647058823529,0.7535211267605634,0.6615392632866589
0.6599999999999997,0.5,1,3,0.6821192052980133,0.9147496617050067,0.8472622478386167,0.616796508733953,0.6898608349900597,0.7984344335015101,0.7141335038612838,0.7899166489502837,0.7657992565055762,0.7215411558669002,0.6187565751628433
0.6599999999999997,0.5,2,3,0.6749116607773852,0.9057873485868102,0.8421052631578947,0.5950177623788429,0.679920477137177,0.7903495046820976,0.7239535070738399,0.7818736750561873,0.7318007662835249,0.7022058823529411,0.5959196944007005
0.6599999999999997,0.5,3,3,0.6548042704626335,0.8989637305699482,0.8338081671415005,0.5659368485519451,0.6982758620689655,0.7768840005162908,0.6887162249689934,0.7672322267529058,0.7022900763358778,0.6777163904235728,0.5665663533773272
0.6599999999999997,0.5,4,3,0.7288135593220338,0.9225888324873096,0.8698060941828255,0.6647964122725567,0.7181697612732095,0.8257011959046717,0.7389211469092605,0.8199971041386889,0.7789855072463768,0.7530647985989493,0.6654756317685752
0.6599999999999997,0.5,5,3,0.722972972972973,0.9214092140921409,0.8646034816247582,0.6604173704162444,0.6856763925729443,0.8221910935325569,0.8088924139537458,0.8161825523967575,0.7867647058823529,0.7535211267605634,0.6615392632866589
0.6699999999999997,0.5,1,3,0.6821192052980133,0.9147496617050067,0.8472622478386167,0.616796508733953,0.6898608349900597,0.7984344335015101,0.7123474352030639,0.7899166489502837,0.7657992565055762,0.7215411558669002,0.6187565751628433
0.6699999999999997,0.5,2,3,0.6749116607773852,0.9057873485868102,0.8421052631578947,0.5950177623788429,0.679920477137177,0.7903495046820976,0.7222913422325525,0.7818736750561873,0.7318007662835249,0.7022058823529411,0.5959196944007005
0.6699999999999997,0.5,3,3,0.6548042704626335,0.8989637305699482,0.8338081671415005,0.5659368485519451,0.6982758620689655,0.7768840005162908,0.7123407426029363,0.7672322267529058,0.7022900763358778,0.6777163904235728,0.5665663533773272
0.6699999999999997,0.5,4,3,0.7288135593220338,0.9225888324873096,0.8698060941828255,0.6647964122725567,0.7181697612732095,0.8257011959046717,0.7802895755937793,0.8199971041386889,0.7789855072463768,0.7530647985989493,0.6654756317685752
0.6699999999999997,0.5,5,3,0.722972972972973,0.9214092140921409,0.8646034816247582,0.6604173704162444,0.6856763925729443,0.8221910935325569,0.8080375646497012,0.8161825523967575,0.7867647058823529,0.7535211267605634,0.6615392632866589
0.6799999999999997,0.5,1,3,0.6821192052980133,0.9147496617050067,0.8472622478386167,0.616796508733953,0.6898608349900597,0.7984344335015101,0.7435424169920208,0.7899166489502837,0.7657992565055762,0.7215411558669002,0.6187565751628433
0.6799999999999997,0.5,2,3,0.6749116607773852,0.9057873485868102,0.8421052631578947,0.5950177623788429,0.679920477137177,0.7903495046820976,0.7205796968968371,0.7818736750561873,0.7318007662835249,0.7022058823529411,0.5959196944007005
0.6799999999999997,0.5,3,3,0.6548042704626335,0.8989637305699482,0.8338081671415005,0.5659368485519451,0.6982758620689655,0.7768840005162908,0.7116745183656122,0.7672322267529058,0.7022900763358778,0.6777163904235728,0.5665663533773272
0.6799999999999997,0.5,4,3,0.7322033898305085,0.9225888324873096,0.8707294552169899,0.6675335382834188,0.7181697612732095,0.827396111158909,0.7470905443787077,0.8219018618831443,0.779783393501805,0.7552447552447552,0.6681442318862391
0.6799999999999997,0.5,5,3,0.722972972972973,0.9214092140921409,0.8646034816247582,0.6604173704162444,0.6856763925729443,0.8221910935325569,0.8088314910945896,0.8161825523967575,0.7867647058823529,0.7535211267605634,0.6615392632866589
0.6899999999999997,0.5,1,3,0.6821192052980133,0.9147496617050067,0.8472622478386167,0.616796508733953,0.6898608349900597,0.7984344335015101,0.7331677032289754,0.7899166489502837,0.7657992565055762,0.7215411558669002,0.6187565751628433
0.6899999999999997,0.5,2,3,0.6713780918727915,0.9057873485868102,0.8411306042884991,0.5920606501153778,0.679920477137177,0.7885827202298008,0.7210196976909141,0.7798241992505284,0.7307692307692307,0.6998158379373849,0.5930439562408746
0.6899999999999997,0.5,3,3,0.6548042704626335,0.8989637305699482,0.8338081671415005,0.5659368485519451,0.6982758620689655,0.7768840005162908,0.7167743450440955,0.7672322267529058,0.7022900763358778,0.6777163904235728,0.5665663533773272
0.6899999999999997,0.5,4,3,0.7322033898305085,0.9213197969543148,0.8698060941828255,0.6655203608015964,0.7181697612732095,0.8267615933924116,0.7700254814621177,0.8213363978589437,0.7769784172661871,0.7539267015706806,0.6660621875657614
0.6899999999999997,0.5,5,3,0.722972972972973,0.9214092140921409,0.8646034816247582,0.6604173704162444,0.6856763925729443,0.8221910935325569,0.8091494070330868,0.8161825523967575,0.7867647058823529,0.7535211267605634,0.6615392632866589
0.6999999999999996,0.5,1,3,0.6821192052980133,0.9147496617050067,0.8472622478386167,0.616796508733953,0.6898608349900597,0.7984344335015101,0.7224018747538574,0.7899166489502837,0.7657992565055762,0.7215411558669002,0.6187565751628433
0.6999999999999996,0.5,2,3,0.6713780918727915,0.9057873485868102,0.8411306042884991,0.5920606501153778,0.679920477137177,0.7885827202298008,0.720688351108519,0.7798241992505284,0.7307692307692307,0.6998158379373849,0.5930439562408746
0.6999999999999996,0.5,3,3,0.6548042704626335,0.8989637305699482,0.8338081671415005,0.5659368485519451,0.6982758620689655,0.7768840005162908,0.7294448457466391,0.7672322267529058,0.7022900763358778,0.6777163904235728,0.5665663533773272
0.6999999999999996,0.5,4,3,0.7322033898305085,0.9213197969543148,0.8698060941828255,0.6655203608015964,0.7181697612732095,0.8267615933924116,0.7467176920266867,0.8213363978589437,0.7769784172661871,0.7539267015706806,0.6660621875657614
0.6999999999999996,0.5,5,3,0.722972972972973,0.9214092140921409,0.8646034816247582,0.6604173704162444,0.6856763925729443,0.8221910935325569,0.8072626457997285,0.8161825523967575,0.7867647058823529,0.7535211267605634,0.6615392632866589
0.7099999999999996,0.5,1,3,0.6821192052980133,0.9147496617050067,0.8472622478386167,0.616796508733953,0.6898608349900597,0.7984344335015101,0.7414823406621979,0.7899166489502837,0.7657992565055762,0.7215411558669002,0.6187565751628433
0.7099999999999996,0.5,2,3,0.6713780918727915,0.9057873485868102,0.8411306042884991,0.5920606501153778,0.679920477137177,0.7885827202298008,0.6983555712914045,0.7798241992505284,0.7307692307692307,0.6998158379373849,0.5930439562408746
0.7099999999999996,0.5,3,3,0.6548042704626335,0.8989637305699482,0.8338081671415005,0.5659368485519451,0.6982758620689655,0.7768840005162908,0.711921550206235,0.7672322267529058,0.7022900763358778,0.6777163904235728,0.5665663533773272
0.7099999999999996,0.5,4,3,0.7322033898305085,0.9213197969543148,0.8698060941828255,0.6655203608015964,0.7181697612732095,0.8267615933924116,0.7789335136615795,0.8213363978589437,0.7769784172661871,0.7539267015706806,0.6660621875657614
0.7099999999999996,0.5,5,3,0.722972972972973,0.9214092140921409,0.8646034816247582,0.6604173704162444,0.6856763925729443,0.8221910935325569,0.8080703761125755,0.8161825523967575,0.7867647058823529,0.7535211267605634,0.6615392632866589
0.7199999999999996,0.5,1,3,0.6821192052980133,0.9147496617050067,0.8472622478386167,0.616796508733953,0.6898608349900597,0.7984344335015101,0.7292655499391492,0.7899166489502837,0.7657992565055762,0.7215411558669002,0.6187565751628433
0.7199999999999996,0.5,2,3,0.6713780918727915,0.9057873485868102,0.8411306042884991,0.5920606501153778,0.679920477137177,0.7885827202298008,0.7052090107198214,0.7798241992505284,0.7307692307692307,0.6998158379373849,0.5930439562408746
0.7199999999999996,0.5,3,3,0.6548042704626335,0.8989637305699482,0.8338081671415005,0.5659368485519451,0.6982758620689655,0.7768840005162908,0.7288285269142134,0.7672322267529058,0.7022900763358778,0.6777163904235728,0.5665663533773272
0.7199999999999996,0.5,4,3,0.7322033898305085,0.9213197969543148,0.8698060941828255,0.6655203608015964,0.7181697612732095,0.8267615933924116,0.7669891792579282,0.8213363978589437,0.7769784172661871,0.7539267015706806,0.6660621875657614
0.7199999999999996,0.5,5,3,0.722972972972973,0.9214092140921409,0.8646034816247582,0.6604173704162444,0.6856763925729443,0.8221910935325569,0.8071955863117145,0.8161825523967575,0.7867647058823529,0.7535211267605634,0.6615392632866589
0.7299999999999996,0.5,1,3,0.6821192052980133,0.9147496617050067,0.8472622478386167,0.616796508733953,0.6898608349900597,0.7984344335015101,0.7394962850227362,0.7899166489502837,0.7657992565055762,0.7215411558669002,0.6187565751628433
0.7299999999999996,0.5,2,3,0.6713780918727915,0.9057873485868102,0.8411306042884991,0.5920606501153778,0.679920477137177,0.7885827202298008,0.7254502664846574,0.7798241992505284,0.7307692307692307,0.6998158379373849,0.5930439562408746
0.7299999999999996,0.5,3,3,0.6548042704626335,0.8989637305699482,0.8338081671415005,0.5659368485519451,0.6982758620689655,0.7768840005162908,0.697651768296502,0.7672322267529058,0.7022900763358778,0.6777163904235728,0.5665663533773272
0.7299999999999996,0.5,4,3,0.7322033898305085,0.9213197969543148,0.8698060941828255,0.6655203608015964,0.7181697612732095,0.8267615933924116,0.7688533990999882,0.8213363978589437,0.7769784172661871,0.7539267015706806,0.6660621875657614
0.7299999999999996,0.5,5,3,0.722972972972973,0.9214092140921409,0.8646034816247582,0.6604173704162444,0.6856763925729443,0.8221910935325569,0.8070957491019612,0.8161825523967575,0.7867647058823529,0.7535211267605634,0.6615392632866589
0.7399999999999997,0.5,1,3,0.6788079470198676,0.9147496617050067,0.8463016330451489,0.6139958933760992,0.6898608349900597,0.7967788043624372,0.7306844078347275,0.7879970430776336,0.7649253731343284,0.7192982456140351,0.6160719323689633
0.7399999999999997,0.5,2,3,0.6713780918727915,0.9057873485868102,0.8411306042884991,0.5920606501153778,0.679920477137177,0.7885827202298008,0.7174145445796188,0.7798241992505284,0.7307692307692307,0.6998158379373849,0.5930439562408746
0.7399999999999997,0.5,3,3,0.6548042704626335,0.8989637305699482,0.8338081671415005,0.5659368485519451,0.6982758620689655,0.7768840005162908,0.7141473579449944,0.7672322267529058,0.7022900763358778,0.6777163904235728,0.5665663533773272
0.7399999999999997,0.5,4,3,0.7322033898305085,0.9213197969543148,0.8698060941828255,0.6655203608015964,0.7181697612732095,0.8267615933924116,0.7617201435048921,0.8213363978589437,0.7769784172661871,0.7539267015706806,0.6660621875657614
0.7399999999999997,0.5,5,3,0.7195945945945946,0.9214092140921409,0.8636363636363636,0.6576367982791902,0.6856763925729443,0.8205019043433678,0.8081820251831097,0.8142733508290433,0.7859778597785978,0.7513227513227513,0.6588517927866052
0.7499999999999997,0.5,1,3,0.6788079470198676,0.9147496617050067,0.8463016330451489,0.6139958933760992,0.6898608349900597,0.7967788043624372,0.7373903305386358,0.7879970430776336,0.7649253731343284,0.7192982456140351,0.6160719323689633
0.7499999999999997,0.5,2,3,0.6713780918727915,0.9057873485868102,0.8411306042884991,0.5920606501153778,0.679920477137177,0.7885827202298008,0.7232670972097108,0.7798241992505284,0.7307692307692307,0.6998158379373849,0.5930439562408746
0.7499999999999997,0.5,3,3,0.6548042704626335,0.8989637305699482,0.8338081671415005,0.5659368485519451,0.6982758620689655,0.7768840005162908,0.6874760359029478,0.7672322267529058,0.7022900763358778,0.6777163904235728,0.5665663533773272
0.7499999999999997,0.5,4,3,0.7322033898305085,0.9213197969543148,0.8698060941828255,0.6655203608015964,0.7181697612732095,0.8267615933924116,0.7545265280059986,0.8213363978589437,0.7769784172661871,0.7539267015706806,0.6660621875657614
0.7499999999999997,0.5,5,3,0.7195945945945946,0.9214092140921409,0.8636363636363636,0.6576367982791902,0.6856763925729443,0.8205019043433678,0.8067607415068898,0.8142733508290433,0.7859778597785978,0.7513227513227513,0.6588517927866052
0.7599999999999997,0.5,1,3,0.6788079470198676,0.9147496617050067,0.8463016330451489,0.6139958933760992,0.6898608349900597,0.7967788043624372,0.7156779724528347,0.7879970430776336,0.7649253731343284,0.7192982456140351,0.6160719323689633
0.7599999999999997,0.5,2,3,0.6713780918727915,0.9057873485868102,0.8411306042884991,0.5920606501153778,0.679920477137177,0.7885827202298008,0.7251075096577677,0.7798241992505284,0.7307692307692307,0.6998158379373849,0.5930439562408746
0.7599999999999997,0.5,3,3,0.6548042704626335,0.8989637305699482,0.8338081671415005,0.5659368485519451,0.6982758620689655,0.7768840005162908,0.7269686289962554,0.7672322267529058,0.7022900763358778,0.6777163904235728,0.5665663533773272
0.7599999999999997,0.5,4,3,0.7322033898305085,0.9213197969543148,0.8698060941828255,0.6655203608015964,0.7181697612732095,0.8267615933924116,0.7697155851029313,0.8213363978589437,0.7769784172661871,0.7539267015706806,0.6660621875657614
0.7599999999999997,0.5,5,3,0.7195945945945946,0.9214092140921409,0.8636363636363636,0.6576367982791902,0.6856763925729443,0.8205019043433678,0.808593869661623,0.8142733508290433,0.7859778597785978,0.7513227513227513,0.6588517927866052
0.7699999999999997,0.5,1,3,0.6788079470198676,0.9147496617050067,0.8463016330451489,0.6139958933760992,0.6898608349900597,0.7967788043624372,0.7407168733115884,0.7879970430776336,0.7649253731343284,0.7192982456140351,0.6160719323689633
0.7699999999999997,0.5,2,3,0.6713780918727915,0.9057873485868102,0.8411306042884991,0.5920606501153778,0.679920477137177,0.7885827202298008,0.7192219492967564,0.7798241992505284,0.7307692307692307,0.6998158379373849,0.5930439562408746
0.7699999999999997,0.5,3,3,0.6548042704626335,0.8989637305699482,0.8338081671415005,0.5659368485519451,0.6982758620689655,0.7768840005162908,0.6936882194510231,0.7672322267529058,0.7022900763358778,0.6777163904235728,0.5665663533773272
0.7699999999999997,0.5,4,3,0.7322033898305085,0.9213197969543148,0.8698060941828255,0.6655203608015964,0.7181697612732095,0.8267615933924116,0.7832893021829612,0.8213363978589437,0.7769784172661871,0.7539267015706806,0.6660621875657614
0.7699999999999997,0.5,5,3,0.7195945945945946,0.9214092140921409,0.8636363636363636,0.6576367982791902,0.6856763925729443,0.8205019043433678,0.8081314490053761,0.8142733508290433,0.7859778597785978,0.7513227513227513,0.6588517927866052
0.7799999999999997,0.5,1,3,0.6788079470198676,0.9147496617050067,0.8463016330451489,0.6139958933760992,0.6898608349900597,0.7967788043624372,0.7428383724819356,0.7879970430776336,0.7649253731343284,0.7192982456140351,0.6160719323689633
0.7799999999999997,0.5,2,3,0.6713780918727915,0.9057873485868102,0.8411306042884991,0.5920606501153778,0.679920477137177,0.7885827202298008,0.7163972166577488,0.7798241992505284,0.7307692307692307,0.6998158379373849,0.5930439562408746
0.7799999999999997,0.5,3,3,0.6548042704626335,0.8989637305699482,0.8338081671415005,0.5659368485519451,0.6982758620689655,0.7768840005162908,0.712325707604329,0.7672322267529058,0.7022900763358778,0.6777163904235728,0.5665663533773272
0.7799999999999997,0.5,4,3,0.7322033898305085,0.9213197969543148,0.8698060941828255,0.6655203608015964,0.7181697612732095,0.8267615933924116,0.7816802552301857,0.8213363978589437,0.7769784172661871,0.7539267015706806,0.6660621875657614
0.7799999999999997,0.5,5,3,0.7195945945945946,0.9214092140921409,0.8636363636363636,0.6576367982791902,0.6856763925729443,0.8205019043433678,0.8051996350466178,0.8142733508290433,0.7859778597785978,0.7513227513227513,0.6588517927866052
0.7899999999999996,0.5,1,3,0.6788079470198676,0.9147496617050067,0.8463016330451489,0.6139958933760992,0.6898608349900597,0.7967788043624372,0.7429922013147731,0.7879970430776336,0.7649253731343284,0.7192982456140351,0.6160719323689633
0.7899999999999996,0.5,2,3,0.6713780918727915,0.9057873485868102,0.8411306042884991,0.5920606501153778,0.679920477137177,0.7885827202298008,0.7217480021989842,0.7798241992505284,0.7307692307692307,0.6998158379373849,0.5930439562408746
0.7899999999999996,0.5,3,3,0.6548042704626335,0.8989637305699482,0.8338081671415005,0.5659368485519451,0.6982758620689655,0.7768840005162908,0.7094634738366514,0.7672322267529058,0.7022900763358778,0.6777163904235728,0.5665663533773272
0.7899999999999996,0.5,4,3,0.7322033898305085,0.9213197969543148,0.8698060941828255,0.6655203608015964,0.7181697612732095,0.8267615933924116,0.7545036948277186,0.8213363978589437,0.7769784172661871,0.7539267015706806,0.6660621875657614
0.7899999999999996,0.5,5,3,0.7195945945945946,0.9214092140921409,0.8636363636363636,0.6576367982791902,0.6856763925729443,0.8205019043433678,0.8057437397219278,0.8142733508290433,0.7859778597785978,0.7513227513227513,0.6588517927866052
0.7999999999999996,0.5,1,3,0.6788079470198676,0.9147496617050067,0.8463016330451489,0.6139958933760992,0.6898608349900597,0.7967788043624372,0.7282640620480385,0.7879970430776336,0.7649253731343284,0.7192982456140351,0.6160719323689633
0.7999999999999996,0.5,2,3,0.6713780918727915,0.9057873485868102,0.8411306042884991,0.5920606501153778,0.679920477137177,0.7885827202298008,0.7240179390684801,0.7798241992505284,0.7307692307692307,0.6998158379373849,0.5930439562408746
0.7999999999999996,0.5,3,3,0.6548042704626335,0.8989637305699482,0.8338081671415005,0.5659368485519451,0.6982758620689655,0.7768840005162908,0.7140780600858061,0.7672322267529058,0.7022900763358778,0.6777163904235728,0.5665663533773272
0.7999999999999996,0.5,4,3,0.7322033898305085,0.9213197969543148,0.8698060941828255,0.6655203608015964,0.7181697612732095,0.8267615933924116,0.7694596417420578,0.8213363978589437,0.7769784172661871,0.7539267015706806,0.6660621875657614
0.7999999999999996,0.5,5,3,0.7195945945945946,0.9214092140921409,0.8636363636363636,0.6576367982791902,0.6856763925729443,0.8205019043433678,0.8073837614020842,0.8142733508290433,0.7859778597785978,0.7513227513227513,0.6588517927866052
0.8099999999999996,0.5,1,3,0.6788079470198676,0.9147496617050067,0.8463016330451489,0.6139958933760992,0.6898608349900597,0.7967788043624372,0.7305169123802163,0.7879970430776336,0.7649253731343284,0.7192982456140351,0.6160719323689633
0.8099999999999996,0.5,2,3,0.6713780918727915,0.9057873485868102,0.8411306042884991,0.5920606501153778,0.679920477137177,0.7885827202298008,0.7214672510037364,0.7798241992505284,0.7307692307692307,0.6998158379373849,0.5930439562408746
0.8099999999999996,0.5,3,3,0.6548042704626335,0.8989637305699482,0.8338081671415005,0.5659368485519451,0.6982758620689655,0.7768840005162908,0.7313507715558871,0.7672322267529058,0.7022900763358778,0.6777163904235728,0.5665663533773272
0.8099999999999996,0.5,4,3,0.7322033898305085,0.9213197969543148,0.8698060941828255,0.6655203608015964,0.7181697612732095,0.8267615933924116,0.7799163760340069,0.8213363978589437,0.7769784172661871,0.7539267015706806,0.6660621875657614
0.8099999999999996,0.5,5,3,0.7195945945945946,0.9214092140921409,0.8636363636363636,0.6576367982791902,0.6856763925729443,0.8205019043433678,0.8069494847052173,0.8142733508290433,0.7859778597785978,0.7513227513227513,0.6588517927866052
0.8199999999999996,0.5,1,3,0.6788079470198676,0.9147496617050067,0.8463016330451489,0.6139958933760992,0.6898608349900597,0.7967788043624372,0.716031625624946,0.7879970430776336,0.7649253731343284,0.7192982456140351,0.6160719323689633
0.8199999999999996,0.5,2,3,0.6713780918727915,0.9057873485868102,0.8411306042884991,0.5920606501153778,0.679920477137177,0.7885827202298008,0.7256707997658213,0.7798241992505284,0.7307692307692307,0.6998158379373849,0.5930439562408746
0.8199999999999996,0.5,3,3,0.6548042704626335,0.8989637305699482,0.8338081671415005,0.5659368485519451,0.6982758620689655,0.7768840005162908,0.7060168850131906,0.7672322267529058,0.7022900763358778,0.6777163904235728,0.5665663533773272
0.8199999999999996,0.5,4,3,0.7322033898305085,0.9213197969543148,0.8698060941828255,0.6655203608015964,0.7181697612732095,0.8267615933924116,0.7788713986379097,0.8213363978589437,0.7769784172661871,0.7539267015706806,0.6660621875657614
0.8199999999999996,0.5,5,3,0.7195945945945946,0.9227642276422764,0.8646034816247582,0.6597117093398275,0.6856763925729443,0.8211794111184355,0.8059404289764761,0.8148718612742976,0.7888888888888889,0.7526501766784452,0.661033041721103
0.8299999999999996,0.5,1,3,0.6788079470198676,0.9147496617050067,0.8463016330451489,0.6139958933760992,0.6898608349900597,0.7967788043624372,0.7197854471454812,0.7879970430776336,0.7649253731343284,0.7192982456140351,0.6160719323689633
0.8299999999999996,0.5,2,3,0.6713780918727915,0.9057873485868102,0.8411306042884991,0.5920606501153778,0.679920477137177,0.7885827202298008,0.7197646147869172,0.7798241992505284,0.7307692307692307,0.6998158379373849,0.5930439562408746
0.8299999999999996,0.5,3,3,0.6548042704626335,0.8989637305699482,0.8338081671415005,0.5659368485519451,0.6982758620689655,0.7768840005162908,0.7059735609872227,0.7672322267529058,0.7022900763358778,0.6777163904235728,0.5665663533773272
0.8299999999999996,0.5,4,3,0.7322033898305085,0.9213197969543148,0.8698060941828255,0.6655203608015964,0.7181697612732095,0.8267615933924116,0.7609656786066679,0.8213363978589437,0.7769784172661871,0.7539267015706806,0.6660621875657614
0.8299999999999996,0.5,5,3,0.7162162162162162,0.9227642276422764,0.8636363636363636,0.6569246191424174,0.6856763925729443,0.8194902219292464,0.8064570810671009,0.8129567661208253,0.7881040892193308,0.7504424778761062,0.6583468251573303
0.8399999999999996,0.5,1,3,0.6788079470198676,0.9147496617050067,0.8463016330451489,0.6139958933760992,0.6898608349900597,0.7967788043624372,0.7205664977148228,0.7879970430776336,0.7649253731343284,0.7192982456140351,0.6160719323689633
0.8399999999999996,0.5,2,3,0.6713780918727915,0.9057873485868102,0.8411306042884991,0.5920606501153778,0.679920477137177,0.7885827202298008,0.7130421248306418,0.7798241992505284,0.7307692307692307,0.6998158379373849,0.5930439562408746
0.8399999999999996,0.5,3,3,0.6548042704626335,0.8989637305699482,0.8338081671415005,0.5659368485519451,0.6982758620689655,0.7768840005162908,0.7068584107335872,0.7672322267529058,0.7022900763358778,0.6777163904235728,0.5665663533773272
0.8399999999999996,0.5,4,3,0.7322033898305085,0.9213197969543148,0.8698060941828255,0.6655203608015964,0.7181697612732095,0.8267615933924116,0.780315162667734,0.8213363978589437,0.7769784172661871,0.7539267015706806,0.6660621875657614
0.8399999999999996,0.5,5,3,0.7162162162162162,0.9227642276422764,0.8636363636363636,0.6569246191424174,0.6856763925729443,0.8194902219292464,0.8065283729910646,0.8129567661208253,0.7881040892193308,0.7504424778761062,0.6583468251573303
0.8499999999999996,0.5,1,3,0.6788079470198676,0.9147496617050067,0.8463016330451489,0.6139958933760992,0.6898608349900597,0.7967788043624372,0.7371758988208791,0.7879970430776336,0.7649253731343284,0.7192982456140351,0.6160719323689633
0.8499999999999996,0.5,2,3,0.6713780918727915,0.9057873485868102,0.8411306042884991,0.5920606501153778,0.679920477137177,0.7885827202298008,0.7176669942994893,0.7798241992505284,0.7307692307692307,0.6998158379373849,0.5930439562408746
0.8499999999999996,0.5,3,3,0.6548042704626335,0.8989637305699482,0.8338081671415005,0.5659368485519451,0.6982758620689655,0.7768840005162908,0.7272172494829244,0.7672322267529058,0.7022900763358778,0.6777163904235728,0.5665663533773272
0.8499999999999996,0.5,4,3,0.7322033898305085,0.9213197969543148,0.8698060941828255,0.6655203608015964,0.7181697612732095,0.8267615933924116,0.7519390197802581,0.8213363978589437,0.7769784172661871,0.7539267015706806,0.6660621875657614
0.8499999999999996,0.5,5,3,0.7162162162162162,0.9227642276422764,0.8636363636363636,0.6569246191424174,0.6856763925729443,0.8194902219292464,0.8083859877930937,0.8129567661208253,0.7881040892193308,0.7504424778761062,0.6583468251573303
0.8599999999999995,0.5,1,3,0.6788079470198676,0.9147496617050067,0.8463016330451489,0.6139958933760992,0.6898608349900597,0.7967788043624372,0.7251337124773224,0.7879970430776336,0.7649253731343284,0.7192982456140351,0.6160719323689633
0.8599999999999995,0.5,2,3,0.6713780918727915,0.9057873485868102,0.8411306042884991,0.5920606501153778,0.679920477137177,0.7885827202298008,0.724060047245151,0.7798241992505284,0.7307692307692307,0.6998158379373849,0.5930439562408746
0.8599999999999995,0.5,3,3,0.6512455516014235,0.8989637305699482,0.8328584995251662,0.5629510145173615,0.6982758620689655,0.7751046410856859,0.716920352173804,0.7651445161436493,0.7011494252873564,0.6752767527675276,0.563646582887198
0.8599999999999995,0.5,4,3,0.7322033898305085,0.9213197969543148,0.8698060941828255,0.6655203608015964,0.7181697612732095,0.8267615933924116,0.7800449864748636,0.8213363978589437,0.7769784172661871,0.7539267015706806,0.6660621875657614
0.8599999999999995,0.5,5,3,0.7162162162162162,0.9227642276422764,0.8636363636363636,0.6569246191424174,0.6856763925729443,0.8194902219292464,0.8075126538957661,0.8129567661208253,0.7881040892193308,0.7504424778761062,0.6583468251573303
0.8699999999999996,0.5,1,3,0.6788079470198676,0.9147496617050067,0.8463016330451489,0.6139958933760992,0.6898608349900597,0.7967788043624372,0.7369565598353985,0.7879970430776336,0.7649253731343284,0.7192982456140351,0.6160719323689633
0.8699999999999996,0.5,2,3,0.6713780918727915,0.9057873485868102,0.8411306042884991,0.5920606501153778,0.679920477137177,0.7885827202298008,0.7037027632837226,0.7798241992505284,0.7307692307692307,0.6998158379373849,0.5930439562408746
0.8699999999999996,0.5,3,3,0.6512455516014235,0.8989637305699482,0.8328584995251662,0.5629510145173615,0.6982758620689655,0.7751046410856859,0.7279722642189795,0.7651445161436493,0.7011494252873564,0.6752767527675276,0.563646582887198
0.8699999999999996,0.5,4,3,0.7322033898305085,0.9213197969543148,0.8698060941828255,0.6655203608015964,0.7181697612732095,0.8267615933924116,0.7810919055139395,0.8213363978589437,0.7769784172661871,0.7539267015706806,0.6660621875657614
0.8699999999999996,0.5,5,3,0.7162162162162162,0.9227642276422764,0.8636363636363636,0.6569246191424174,0.6856763925729443,0.8194902219292464,0.8066324636090572,0.8129567661208253,0.7881040892193308,0.7504424778761062,0.6583468251573303
0.8799999999999996,0.5,1,3,0.6788079470198676,0.9147496617050067,0.8463016330451489,0.6139958933760992,0.6898608349900597,0.7967788043624372,0.7096569569469968,0.7879970430776336,0.7649253731343284,0.7192982456140351,0.6160719323689633
0.8799999999999996,0.5,2,3,0.6713780918727915,0.9057873485868102,0.8411306042884991,0.5920606501153778,0.679920477137177,0.7885827202298008,0.7085391646527857,0.7798241992505284,0.7307692307692307,0.6998158379373849,0.5930439562408746
0.8799999999999996,0.5,3,3,0.6512455516014235,0.8989637305699482,0.8328584995251662,0.5629510145173615,0.6982758620689655,0.7751046410856859,0.7092097649845821,0.7651445161436493,0.7011494252873564,0.6752767527675276,0.563646582887198
0.8799999999999996,0.5,4,3,0.7322033898305085,0.9213197969543148,0.8698060941828255,0.6655203608015964,0.7181697612732095,0.8267615933924116,0.7779948165527819,0.8213363978589437,0.7769784172661871,0.7539267015706806,0.6660621875657614
0.8799999999999996,0.5,5,3,0.7162162162162162,0.9227642276422764,0.8636363636363636,0.6569246191424174,0.6856763925729443,0.8194902219292464,0.8068262752549503,0.8129567661208253,0.7881040892193308,0.7504424778761062,0.6583468251573303
0.8899999999999996,0.5,1,3,0.6788079470198676,0.9147496617050067,0.8463016330451489,0.6139958933760992,0.6898608349900597,0.7967788043624372,0.7236795798104437,0.7879970430776336,0.7649253731343284,0.7192982456140351,0.6160719323689633
0.8899999999999996,0.5,2,3,0.6713780918727915,0.9057873485868102,0.8411306042884991,0.5920606501153778,0.679920477137177,0.7885827202298008,0.7220626373080037,0.7798241992505284,0.7307692307692307,0.6998158379373849,0.5930439562408746
0.8899999999999996,0.5,3,3,0.6512455516014235,0.8989637305699482,0.8328584995251662,0.5629510145173615,0.6982758620689655,0.7751046410856859,0.7184059162053171,0.7651445161436493,0.7011494252873564,0.6752767527675276,0.563646582887198
0.8899999999999996,0.5,4,3,0.7322033898305085,0.9213197969543148,0.8698060941828255,0.6655203608015964,0.7181697612732095,0.8267615933924116,0.7632027477732272,0.8213363978589437,0.7769784172661871,0.7539267015706806,0.6660621875657614
0.8899999999999996,0.5,5,3,0.7162162162162162,0.9227642276422764,0.8636363636363636,0.6569246191424174,0.6856763925729443,0.8194902219292464,0.8085095147028492,0.8129567661208253,0.7881040892193308,0.7504424778761062,0.6583468251573303
0.8999999999999996,0.5,1,3,0.6788079470198676,0.9147496617050067,0.8463016330451489,0.6139958933760992,0.6898608349900597,0.7967788043624372,0.7208769637159778,0.7879970430776336,0.7649253731343284,0.7192982456140351,0.6160719323689633
0.8999999999999996,0.5,2,3,0.6713780918727915,0.9057873485868102,0.8411306042884991,0.5920606501153778,0.679920477137177,0.7885827202298008,0.7211122520857308,0.7798241992505284,0.7307692307692307,0.6998158379373849,0.5930439562408746
0.8999999999999996,0.5,3,3,0.6512455516014235,0.8989637305699482,0.8328584995251662,0.5629510145173615,0.6982758620689655,0.7751046410856859,0.7256486529185969,0.7651445161436493,0.7011494252873564,0.6752767527675276,0.563646582887198
0.8999999999999996,0.5,4,3,0.7322033898305085,0.9213197969543148,0.8698060941828255,0.6655203608015964,0.7181697612732095,0.8267615933924116,0.7809436400931061,0.8213363978589437,0.7769784172661871,0.7539267015706806,0.6660621875657614
0.8999999999999996,0.5,5,3,0.7128378378378378,0.9227642276422764,0.8626692456479691,0.6541317252426271,0.6856763925729443,0.8178010327400571,0.8064342495643851,0.8110371488819872,0.7873134328358209,0.74822695035461,0.6556582865966398
0.9099999999999996,0.5,1,3,0.6788079470198676,0.9147496617050067,0.8463016330451489,0.6139958933760992,0.6898608349900597,0.7967788043624372,0.7284980713699367,0.7879970430776336,0.7649253731343284,0.7192982456140351,0.6160719323689633
0.9099999999999996,0.5,2,3,0.6713780918727915,0.9057873485868102,0.8411306042884991,0.5920606501153778,0.679920477137177,0.7885827202298008,0.6977189626016447,0.7798241992505284,0.7307692307692307,0.6998158379373849,0.5930439562408746
0.9099999999999996,0.5,3,3,0.6512455516014235,0.8989637305699482,0.8328584995251662,0.5629510145173615,0.6982758620689655,0.7751046410856859,0.7306136012070132,0.7651445161436493,0.7011494252873564,0.6752767527675276,0.563646582887198
0.9099999999999996,0.5,4,3,0.7322033898305085,0.9213197969543148,0.8698060941828255,0.6655203608015964,0.7181697612732095,0.8267615933924116,0.7799474132118683,0.8213363978589437,0.7769784172661871,0.7539267015706806,0.6660621875657614
0.9099999999999996,0.5,5,3,0.7128378378378378,0.9227642276422764,0.8626692456479691,0.6541317252426271,0.6856763925729443,0.8178010327400571,0.8057700936707197,0.8110371488819872,0.7873134328358209,0.74822695035461,0.6556582865966398
0.9199999999999996,0.5,1,3,0.6788079470198676,0.9147496617050067,0.8463016330451489,0.6139958933760992,0.6898608349900597,0.7967788043624372,0.7297964358944911,0.7879970430776336,0.7649253731343284,0.7192982456140351,0.6160719323689633
0.9199999999999996,0.5,2,3,0.6713780918727915,0.9057873485868102,0.8411306042884991,0.5920606501153778,0.679920477137177,0.7885827202298008,0.6959750753323091,0.7798241992505284,0.7307692307692307,0.6998158379373849,0.5930439562408746
0.9199999999999996,0.5,3,3,0.6512455516014235,0.8989637305699482,0.8328584995251662,0.5629510145173615,0.6982758620689655,0.7751046410856859,0.7267431941502457,0.7651445161436493,0.7011494252873564,0.6752767527675276,0.563646582887198
0.9199999999999996,0.5,4,3,0.7288135593220338,0.9213197969543148,0.8688827331486612,0.6627840174017534,0.7181697612732095,0.8250666781381744,0.7710484826003169,0.8194329505774878,0.776173285198556,0.7517482517482518,0.6633903659015151
0.9199999999999996,0.5,5,3,0.7128378378378378,0.9227642276422764,0.8626692456479691,0.6541317252426271,0.6856763925729443,0.8178010327400571,0.8058449672727773,0.8110371488819872,0.7873134328358209,0.74822695035461,0.6556582865966398
0.9299999999999996,0.5,1,3,0.6788079470198676,0.9147496617050067,0.8463016330451489,0.6139958933760992,0.6898608349900597,0.7967788043624372,0.7392893644798704,0.7879970430776336,0.7649253731343284,0.7192982456140351,0.6160719323689633
0.9299999999999996,0.5,2,3,0.6713780918727915,0.9057873485868102,0.8411306042884991,0.5920606501153778,0.679920477137177,0.7885827202298008,0.7198815925218968,0.7798241992505284,0.7307692307692307,0.6998158379373849,0.5930439562408746
0.9299999999999996,0.5,3,3,0.6512455516014235,0.8989637305699482,0.8328584995251662,0.5629510145173615,0.6982758620689655,0.7751046410856859,0.699770302777525,0.7651445161436493,0.7011494252873564,0.6752767527675276,0.563646582887198
0.9299999999999996,0.5,4,3,0.7288135593220338,0.9213197969543148,0.8688827331486612,0.6627840174017534,0.7181697612732095,0.8250666781381744,0.780102817909727,0.8194329505774878,0.776173285198556,0.7517482517482518,0.6633903659015151
0.9299999999999996,0.5,5,3,0.7128378378378378,0.9227642276422764,0.8626692456479691,0.6541317252426271,0.6856763925729443,0.8178010327400571,0.8048100335469537,0.8110371488819872,0.7873134328358209,0.74822695035461,0.6556582865966398
0.9399999999999996,0.5,1,3,0.6788079470198676,0.9147496617050067,0.8463016330451489,0.6139958933760992,0.6898608349900597,0.7967788043624372,0.732493991278414,0.7879970430776336,0.7649253731343284,0.7192982456140351,0.6160719323689633
0.9399999999999996,0.5,2,3,0.6713780918727915,0.9057873485868102,0.8411306042884991,0.5920606501153778,0.679920477137177,0.7885827202298008,0.7228565648322804,0.7798241992505284,0.7307692307692307,0.6998158379373849,0.5930439562408746
0.9399999999999996,0.5,3,3,0.6512455516014235,0.8989637305699482,0.8328584995251662,0.5629510145173615,0.6982758620689655,0.7751046410856859,0.713922097945537,0.7651445161436493,0.7011494252873564,0.6752767527675276,0.563646582887198
0.9399999999999996,0.5,4,3,0.7288135593220338,0.9213197969543148,0.8688827331486612,0.6627840174017534,0.7181697612732095,0.8250666781381744,0.7824253828914508,0.8194329505774878,0.776173285198556,0.7517482517482518,0.6633903659015151
0.9399999999999996,0.5,5,3,0.7128378378378378,0.9227642276422764,0.8626692456479691,0.6541317252426271,0.6856763925729443,0.8178010327400571,0.8083547294471796,0.8110371488819872,0.7873134328358209,0.74822695035461,0.6556582865966398
0.9499999999999995,0.5,1,3,0.6788079470198676,0.9147496617050067,0.8463016330451489,0.6139958933760992,0.6898608349900597,0.7967788043624372,0.7367326501637124,0.7879970430776336,0.7649253731343284,0.7192982456140351,0.6160719323689633
0.9499999999999995,0.5,2,3,0.6713780918727915,0.9057873485868102,0.8411306042884991,0.5920606501153778,0.679920477137177,0.7885827202298008,0.7201724321110142,0.7798241992505284,0.7307692307692307,0.6998158379373849,0.5930439562408746
0.9499999999999995,0.5,3,3,0.6512455516014235,0.8989637305699482,0.8328584995251662,0.5629510145173615,0.6982758620689655,0.7751046410856859,0.7169952212625653,0.7651445161436493,0.7011494252873564,0.6752767527675276,0.563646582887198
0.9499999999999995,0.5,4,3,0.7288135593220338,0.9213197969543148,0.8688827331486612,0.6627840174017534,0.7181697612732095,0.8250666781381744,0.7760427915210482,0.8194329505774878,0.776173285198556,0.7517482517482518,0.6633903659015151
0.9499999999999995,0.5,5,3,0.7128378378378378,0.9227642276422764,0.8626692456479691,0.6541317252426271,0.6856763925729443,0.8178010327400571,0.8078732378953657,0.8110371488819872,0.7873134328358209,0.74822695035461,0.6556582865966398
0.9599999999999995,0.5,1,3,0.6788079470198676,0.9147496617050067,0.8463016330451489,0.6139958933760992,0.6898608349900597,0.7967788043624372,0.7258808963385716,0.7879970430776336,0.7649253731343284,0.7192982456140351,0.6160719323689633
0.9599999999999995,0.5,2,3,0.6713780918727915,0.9057873485868102,0.8411306042884991,0.5920606501153778,0.679920477137177,0.7885827202298008,0.7195654275780389,0.7798241992505284,0.7307692307692307,0.6998158379373849,0.5930439562408746
0.9599999999999995,0.5,3,3,0.6512455516014235,0.8989637305699482,0.8328584995251662,0.5629510145173615,0.6982758620689655,0.7751046410856859,0.727270230718438,0.7651445161436493,0.7011494252873564,0.6752767527675276,0.563646582887198
0.9599999999999995,0.5,4,3,0.7288135593220338,0.9213197969543148,0.8688827331486612,0.6627840174017534,0.7181697612732095,0.8250666781381744,0.7702077412589203,0.8194329505774878,0.776173285198556,0.7517482517482518,0.6633903659015151
0.9599999999999995,0.5,5,3,0.7128378378378378,0.9227642276422764,0.8626692456479691,0.6541317252426271,0.6856763925729443,0.8178010327400571,0.8086152797842064,0.8110371488819872,0.7873134328358209,0.74822695035461,0.6556582865966398
0.9699999999999995,0.5,1,3,0.6788079470198676,0.9147496617050067,0.8463016330451489,0.6139958933760992,0.6898608349900597,0.7967788043624372,0.7393768353305784,0.7879970430776336,0.7649253731343284,0.7192982456140351,0.6160719323689633
0.9699999999999995,0.5,2,3,0.6713780918727915,0.9057873485868102,0.8411306042884991,0.5920606501153778,0.679920477137177,0.7885827202298008,0.7085198167882477,0.7798241992505284,0.7307692307692307,0.6998158379373849,0.5930439562408746
0.9699999999999995,0.5,3,3,0.6512455516014235,0.8989637305699482,0.8328584995251662,0.5629510145173615,0.6982758620689655,0.7751046410856859,0.7188861657691581,0.7651445161436493,0.7011494252873564,0.6752767527675276,0.563646582887198
0.9699999999999995,0.5,4,3,0.7288135593220338,0.9213197969543148,0.8688827331486612,0.6627840174017534,0.7181697612732095,0.8250666781381744,0.7784495201616503,0.8194329505774878,0.776173285198556,0.7517482517482518,0.6633903659015151
0.9699999999999995,0.5,5,3,0.7128378378378378,0.9227642276422764,0.8626692456479691,0.6541317252426271,0.6856763925729443,0.8178010327400571,0.8071589178027622,0.8110371488819872,0.7873134328358209,0.74822695035461,0.6556582865966398
0.9799999999999995,0.5,1,3,0.6788079470198676,0.9147496617050067,0.8463016330451489,0.6139958933760992,0.6898608349900597,0.7967788043624372,0.7395242545868312,0.7879970430776336,0.7649253731343284,0.7192982456140351,0.6160719323689633
0.9799999999999995,0.5,2,3,0.6713780918727915,0.9057873485868102,0.8411306042884991,0.5920606501153778,0.679920477137177,0.7885827202298008,0.7232362487613573,0.7798241992505284,0.7307692307692307,0.6998158379373849,0.5930439562408746
0.9799999999999995,0.5,3,3,0.6512455516014235,0.8989637305699482,0.8328584995251662,0.5629510145173615,0.6982758620689655,0.7751046410856859,0.7172375352344332,0.7651445161436493,0.7011494252873564,0.6752767527675276,0.563646582887198
0.9799999999999995,0.5,4,3,0.7288135593220338,0.9213197969543148,0.8688827331486612,0.6627840174017534,0.7181697612732095,0.8250666781381744,0.7668717699403618,0.8194329505774878,0.776173285198556,0.7517482517482518,0.6633903659015151
0.9799999999999995,0.5,5,3,0.7128378378378378,0.9227642276422764,0.8626692456479691,0.6541317252426271,0.6856763925729443,0.8178010327400571,0.8055503118604412,0.8110371488819872,0.7873134328358209,0.74822695035461,0.6556582865966398
0.9899999999999995,0.5,1,3,0.6788079470198676,0.9147496617050067,0.8463016330451489,0.6139958933760992,0.6898608349900597,0.7967788043624372,0.7314578823576668,0.7879970430776336,0.7649253731343284,0.7192982456140351,0.6160719323689633
0.9899999999999995,0.5,2,3,0.6713780918727915,0.9057873485868102,0.8411306042884991,0.5920606501153778,0.679920477137177,0.7885827202298008,0.7125553922285728,0.7798241992505284,0.7307692307692307,0.6998158379373849,0.5930439562408746
0.9899999999999995,0.5,3,3,0.6512455516014235,0.8989637305699482,0.8328584995251662,0.5629510145173615,0.6982758620689655,0.7751046410856859,0.7296400106182805,0.7651445161436493,0.7011494252873564,0.6752767527675276,0.563646582887198
0.9899999999999995,0.5,4,3,0.7288135593220338,0.9213197969543148,0.8688827331486612,0.6627840174017534,0.7181697612732095,0.8250666781381744,0.7799026952396064,0.8194329505774878,0.776173285198556,0.7517482517482518,0.6633903659015151
0.9899999999999995,0.5,5,3,0.7128378378378378,0.9227642276422764,0.8626692456479691,0.6541317252426271,0.6856763925729443,0.8178010327400571,0.8045978886269156,0.8110371488819872,0.7873134328358209,0.74822695035461,0.6556582865966398
1.0,0.5,1,3,0.6788079470198676,0.9147496617050067,0.8463016330451489,0.6139958933760992,0.6898608349900597,0.7967788043624372,0.7206392009182273,0.7879970430776336,0.7649253731343284,0.7192982456140351,0.6160719323689633
1.0,0.5,2,3,0.6713780918727915,0.9057873485868102,0.8411306042884991,0.5920606501153778,0.679920477137177,0.7885827202298008,0.7227077962759971,0.7798241992505284,0.7307692307692307,0.6998158379373849,0.5930439562408746
1.0,0.5,3,3,0.6512455516014235,0.8989637305699482,0.8328584995251662,0.5629510145173615,0.6982758620689655,0.7751046410856859,0.7052933673504866,0.7651445161436493,0.7011494252873564,0.6752767527675276,0.563646582887198
1.0,0.5,4,3,0.7288135593220338,0.9213197969543148,0.8688827331486612,0.6627840174017534,0.7181697612732095,0.8250666781381744,0.7595023785790301,0.8194329505774878,0.776173285198556,0.7517482517482518,0.6633903659015151
1.0,0.5,5,3,0.7128378378378378,0.9227642276422764,0.8626692456479691,0.6541317252426271,0.6856763925729443,0.8178010327400571,0.8058415684983662,0.8110371488819872,0.7873134328358209,0.74822695035461,0.6556582865966398
0.1,0.5,1,4,0.6883561643835616,0.8994638069705094,0.8400770712909441,0.5977871148459384,0.6878727634194831,0.7939099856770355,0.7567018035452694,0.7868617770409592,0.7282608695652174,0.7077464788732394,0.5982368348147201
0.1,0.5,2,4,0.777027027027027,0.8730366492146597,0.8462264150943396,0.6298597245906133,0.7024519549370444,0.8250318381208434,0.7029012254962139,0.8236340643907976,0.7033639143730887,0.7383627608346709,0.6314261599299439
0.1,0.5,3,4,0.7123287671232876,0.8981723237597912,0.8468809073724007,0.6144071991001124,0.7015915119363395,0.8052505454415394,0.7349092228902965,0.7998712296664198,0.7272727272727273,0.7197231833910035,0.6144698638114753
0.1,0.5,4,4,0.6904761904761905,0.8894601542416453,0.8348880597014925,0.5830205430683625,0.7108753315649867,0.7899681723589178,0.7169647609724632,0.7836779050612158,0.7024221453287197,0.6963979416809606,0.5830609933781772
0.1,0.5,5,4,0.7183098591549296,0.8943850267379679,0.8459302325581395,0.6133647502356266,0.6843501326259946,0.8063474429464488,0.7410913198376222,0.8015270317253359,0.7208480565371025,0.7195767195767195,0.6133665636597477
0.11,0.5,1,4,0.6917808219178082,0.8994638069705094,0.8410404624277457,0.6006333157671375,0.6878727634194831,0.7956223144441588,0.7496941777548091,0.7888167161460131,0.7292418772563177,0.7100175746924429,0.6010295639823461
0.11,0.5,2,4,0.7837837837837838,0.8730366492146597,0.8481132075471698,0.6351329393755398,0.7024519549370444,0.8284102164992218,0.6945492040736678,0.8272073309052466,0.7051671732522796,0.7424,0.636916576614105
0.11,0.5,3,4,0.7157534246575342,0.9007832898172323,0.8497164461247637,0.6211438068941909,0.7015915119363395,0.8082683572373832,0.7305586798888486,0.8029562407509915,0.7333333333333333,0.7244367417677643,0.6212302247333766
0.11,0.5,4,4,0.6938775510204082,0.8881748071979434,0.8348880597014925,0.5839056866924554,0.7108753315649867,0.7910261791091757,0.7025406299005605,0.7850379354505947,0.7010309278350515,0.6974358974358974,0.5839202080910854
0.11,0.5,5,4,0.7183098591549296,0.8943850267379679,0.8459302325581395,0.6133647502356266,0.6843501326259946,0.8063474429464488,0.6845812622678871,0.8015270317253359,0.7208480565371025,0.7195767195767195,0.6133665636597477
0.12,0.5,1,4,0.6986301369863014,0.9021447721179625,0.8448940269749519,0.6103149323546009,0.6878727634194831,0.8003874545521319,0.7582669387104298,0.7938926411840884,0.7364620938628159,0.7170474516695958,0.6107175677001806
0.12,0.5,2,4,0.7837837837837838,0.8743455497382199,0.8490566037735849,0.6370360224626764,0.7024519549370444,0.8290646667610018,0.7155767215894802,0.8278271941101806,0.7073170731707317,0.7435897435897436,0.6387211844465948
0.12,0.5,3,4,0.7191780821917808,0.9007832898172323,0.8506616257088847,0.6239280089988752,0.7015915119363395,0.8099806860045066,0.7222572347733843,0.804874896391458,0.7342657342657343,0.726643598615917,0.6239916447581115
0.12,0.5,4,4,0.6938775510204082,0.8881748071979434,0.8348880597014925,0.5839056866924554,0.7108753315649867,0.7910261791091757,0.7132143224564844,0.7850379354505947,0.7010309278350515,0.6974358974358974,0.5839202080910854
0.12,0.5,5,4,0.721830985915493,0.893048128342246,0.8459302325581395,0.6142083286310799,0.6843501326259946,0.8074395571288695,0.742481544627954,0.8028884174972691,0.7192982456140351,0.7205623901581723,0.6142101366337597
0.13,0.5,1,4,0.6986301369863014,0.903485254691689,0.8458574181117534,0.6123249299719888,0.6878727634194831,0.8010576958389952,0.756750211379762,0.7944822384738114,0.7391304347826086,0.7183098591549296,0.6127855868539329
0.13,0.5,2,4,0.7837837837837838,0.8769633507853403,0.8509433962264151,0.6408536480760324,0.7024519549370444,0.830373567284562,0.7080880329859908,0.8290655301713126,0.7116564417177914,0.7459807073954984,0.6423489125782419
0.13,0.5,3,4,0.7191780821917808,0.9007832898172323,0.8506616257088847,0.6239280089988752,0.7015915119363395,0.8099806860045066,0.7317581669158176,0.804874896391458,0.7342657342657343,0.726643598615917,0.6239916447581115
0.13,0.5,4,4,0.6938775510204082,0.8894601542416453,0.835820895522388,0.5858168981928663,0.7108753315649867,0.7916688526310267,0.7209040654771124,0.7856057748994895,0.7034482758620689,0.6986301369863014,0.5858428543360861
0.13,0.5,5,4,0.7253521126760564,0.893048128342246,0.8468992248062015,0.6170524575379527,0.6843501326259946,0.8092001205091512,0.7472907526616697,0.8048442996098352,0.7202797202797203,0.7228070175438597,0.6170597073063958
0.13999999999999999,0.5,1,4,0.7054794520547946,0.9021447721179625,0.846820809248555,0.6159688385664625,0.6878727634194831,0.8038121120863786,0.7420631675906224,0.7977747799397257,0.7383512544802867,0.7215411558669002,0.6162726998735946
0.13999999999999999,0.5,2,4,0.7871621621621622,0.8769633507853403,0.8518867924528302,0.6434845200044558,0.7024519549370444,0.8320627564737513,0.6992028186124145,0.8308503880610294,0.7125382262996942,0.7479935794542536,0.6450848396519809
0.13999999999999999,0.5,3,4,0.7191780821917808,0.9007832898172323,0.8506616257088847,0.6239280089988752,0.7015915119363395,0.8099806860045066,0.7438656289137916,0.804874896391458,0.7342657342657343,0.726643598615917,0.6239916447581115
0.13999999999999999,0.5,4,4,0.6972789115646258,0.8920308483290489,0.8386194029850746,0.5924438076317895,0.7108753315649867,0.7946548799468374,0.7239766851850234,0.7886661518062944,0.7093425605536332,0.7032590051457976,0.5924849117332681
0.13999999999999999,0.5,5,4,0.7323943661971831,0.8943850267379679,0.8498062015503876,0.6247325550842685,0.6843501326259946,0.8133896964675755,0.7474393976912035,0.8093469928244651,0.7247386759581882,0.7285464098073555,0.6247490345155396
0.14999999999999997,0.5,1,4,0.708904109589041,0.9048257372654156,0.8497109826589595,0.6228162531329487,0.6878727634194831,0.8068649234272283,0.7171352497981573,0.8008961752995123,0.7446043165467626,0.7263157894736842,0.6231733747733242
0.14999999999999997,0.5,2,4,0.7871621621621622,0.8756544502617801,0.8509433962264151,0.641573072181893,0.7024519549370444,0.8314083062119711,0.7006658537179595,0.8302301189278684,0.7103658536585366,0.7467948717948718,0.6432702360988831
0.14999999999999997,0.5,3,4,0.7294520547945206,0.902088772845953,0.8544423440453687,0.6342289111186941,0.7015915119363395,0.8157704138202369,0.7362072796076333,0.8111907968903173,0.7395833333333334,0.7344827586206897,0.6342575359365524
0.14999999999999997,0.5,4,4,0.7006802721088435,0.8920308483290489,0.8395522388059702,0.595230150506665,0.7108753315649867,0.7963555602189463,0.7211235270717987,0.7905873876660824,0.7103448275862069,0.7054794520547946,0.5952565237285417
0.14999999999999997,0.5,5,4,0.7359154929577465,0.8957219251336899,0.8517441860465116,0.6295747156638263,0.6843501326259946,0.8158187090457182,0.7519133636996209,0.811896324716291,0.7282229965156795,0.7320490367775832,0.629591322823438
0.15999999999999998,0.5,1,4,0.708904109589041,0.9061662198391421,0.850674373795761,0.6248373572357958,0.6878727634194831,0.8075351647140916,0.7607803491194796,0.8014892121636662,0.7472924187725631,0.7275922671353251,0.6252495732769324
0.15999999999999998,0.5,2,4,0.7871621621621622,0.8769633507853403,0.8518867924528302,0.6434845200044558,0.7024519549370444,0.8320627564737513,0.7280690938183889,0.8308503880610294,0.7125382262996942,0.7479935794542536,0.6450848396519809
0.15999999999999998,0.5,3,4,0.726027397260274,0.902088772845953,0.8534971644612477,0.6314616134875297,0.7015915119363395,0.8140580850531135,0.7571758100144695,0.8092843528989435,0.7386759581881533,0.7322970639032815,0.6315062412455749
0.15999999999999998,0.5,4,4,0.7074829931972789,0.8920308483290489,0.8414179104477612,0.6007851109319686,0.7108753315649867,0.7997569207631638,0.7282443454382317,0.7944159204095443,0.7123287671232876,0.7098976109215017,0.600791737245172
0.15999999999999998,0.5,5,4,0.7359154929577465,0.8957219251336899,0.8517441860465116,0.6295747156638263,0.6843501326259946,0.8158187090457182,0.7105573857648844,0.811896324716291,0.7282229965156795,0.7320490367775832,0.629591322823438
0.16999999999999998,0.5,1,4,0.7123287671232876,0.9048257372654156,0.850674373795761,0.6256299998603878,0.6878727634194831,0.8085772521943516,0.7648525778637723,0.8028283763592897,0.7455197132616488,0.7285464098073555,0.6259386270792275
0.16999999999999998,0.5,2,4,0.7905405405405406,0.8795811518324608,0.8547169811320755,0.6499459607829683,0.7024519549370444,0.8350608461865007,0.7052963863134658,0.8338732273067081,0.7177914110429447,0.752411575562701,0.6514624398206251
0.16999999999999998,0.5,3,4,0.7226027397260274,0.9033942558746736,0.8534971644612477,0.6306747803056579,0.7015915119363395,0.8129984978003505,0.737972470316388,0.807957402557706,0.7403508771929824,0.7313691507798961,0.6307625241600407
0.16999999999999998,0.5,4,4,0.7108843537414966,0.8920308483290489,0.8423507462686567,0.6035537660291479,0.7108753315649867,0.8014576010352727,0.7285960159819856,0.7963232843084993,0.7133105802047781,0.7120954003407155,0.6035554266976365
0.16999999999999998,0.5,5,4,0.7394366197183099,0.8970588235294118,0.8536821705426356,0.6344168762433842,0.6843501326259946,0.8182477216238608,0.7572627799551304,0.8144434566985433,0.7317073170731707,0.7355516637478109,0.6344336111313362
0.17999999999999997,0.5,1,4,0.702054794520548,0.9088471849865952,0.850674373795761,0.6232419597319208,0.6878727634194831,0.8054509897535715,0.7717321832240011,0.7987869075706878,0.7509157509157509,0.7256637168141593,0.6239076787444763
0.17999999999999997,0.5,2,4,0.7972972972972973,0.8835078534031413,0.8594339622641509,0.6609711071995878,0.7024519549370444,0.8404025753502193,0.6905414784817206,0.8392963860635058,0.7261538461538461,0.7600644122383253,0.662414785457759
0.17999999999999997,0.5,3,4,0.7226027397260274,0.9086161879895561,0.8572778827977315,0.6386628367222309,0.7015915119363395,0.8156094638577918,0.7651952303587569,0.810289174801609,0.7508896797153025,0.7364746945898778,0.6388842094638741
0.17999999999999997,0.5,4,4,0.7210884353741497,0.8920308483290489,0.8451492537313433,0.6118246544743823,0.7108753315649867,0.8065596418515992,0.7220238470884813,0.8020181598486841,0.7162162162162162,0.7186440677966102,0.6118313456713468
0.17999999999999997,0.5,5,4,0.7288732394366197,0.8997326203208557,0.8527131782945736,0.629981884057971,0.6843501326259946,0.8143029298787376,0.7593038151252038,0.8098092550718721,0.7340425531914894,0.7314487632508834,0.6299893506870369
0.18999999999999995,0.5,1,4,0.7123287671232876,0.9088471849865952,0.8535645472061657,0.6317086834733894,0.6878727634194831,0.8105879760549414,0.7588911811681317,0.8046104615184742,0.7536231884057971,0.7323943661971831,0.6321839229062166
0.18999999999999995,0.5,2,4,0.8040540540540541,0.8808900523560209,0.8594339622641509,0.6623279997947542,0.7024519549370444,0.8424720532050375,0.721701175841993,0.8415956379240249,0.723404255319149,0.7616,0.664188008639107
0.18999999999999995,0.5,3,4,0.726027397260274,0.9086161879895561,0.8582230623818525,0.6414402038842848,0.7015915119363395,0.817321792624915,0.7534152022253946,0.8122070216851177,0.75177304964539,0.7386759581881533,0.6416235421055348
0.18999999999999995,0.5,4,4,0.7210884353741497,0.8920308483290489,0.8451492537313433,0.6118246544743823,0.7108753315649867,0.8065596418515992,0.7358424076966296,0.8020181598486841,0.7162162162162162,0.7186440677966102,0.6118313456713468
0.18999999999999995,0.5,5,4,0.7323943661971831,0.9037433155080213,0.8565891472868217,0.6389288145850669,0.6843501326259946,0.8180688408526022,0.7625237490052796,0.8135702260815831,0.7428571428571429,0.7375886524822695,0.6389592399442975
0.19999999999999996,0.5,1,4,0.7157534246575342,0.9142091152815014,0.8583815028901735,0.6426875360038218,0.6878727634194831,0.8149812699695178,0.7522132227581687,0.8089179841713677,0.7655677655677655,0.7398230088495575,0.6433740259058081
0.19999999999999996,0.5,2,4,0.8074324324324325,0.8769633507853403,0.8575471698113207,0.6591596323711042,0.7024519549370444,0.8421978916088864,0.7153383268588278,0.8414800362924267,0.7177177177177178,0.7599364069952306,0.6614705871550856
0.19999999999999996,0.5,3,4,0.7294520547945206,0.9112271540469974,0.8610586011342155,0.6482346821070726,0.7015915119363395,0.8203396044207589,0.7655969968340368,0.8152892246952276,0.7580071174377224,0.743455497382199,0.6484593726332079
0.19999999999999996,0.5,4,4,0.7278911564625851,0.8933161953727506,0.8479477611940298,0.6192418656137506,0.7108753315649867,0.8106036759176678,0.7385708743036925,0.8063727168850816,0.7205387205387206,0.7241962774957699,0.6192570715089221
0.19999999999999996,0.5,5,4,0.7323943661971831,0.9064171122994652,0.8585271317829457,0.6430250189537529,0.6843501326259946,0.8194057392483242,0.7656000745000496,0.8147728434802229,0.7482014388489209,0.7402135231316725,0.643094224408978
0.20999999999999996,0.5,1,4,0.7123287671232876,0.9168900804289544,0.859344894026975,0.6439827474417164,0.6878727634194831,0.814609423776121,0.759361689176595,0.8081628428599827,0.7703703703703704,0.7402135231316725,0.6449114242915936
0.20999999999999996,0.5,2,4,0.8108108108108109,0.8769633507853403,0.8584905660377359,0.6617539440766522,0.7024519549370444,0.8438870807980756,0.7365822628665734,0.8432386171788074,0.718562874251497,0.7619047619047619,0.664196904472761
0.20999999999999996,0.5,3,4,0.7397260273972602,0.9164490861618799,0.8676748582230623,0.6646258626623434,0.7015915119363395,0.82808755677957,0.7728504688612425,0.8233597280766025,0.7714285714285715,0.7552447552447552,0.6649006407278076
0.20999999999999996,0.5,4,4,0.7278911564625851,0.8933161953727506,0.8479477611940298,0.6192418656137506,0.7108753315649867,0.8106036759176678,0.7308561423796932,0.8063727168850816,0.7205387205387206,0.7241962774957699,0.6192570715089221
0.20999999999999996,0.5,5,4,0.7394366197183099,0.9077540106951871,0.8614341085271318,0.6507440645234579,0.6843501326259946,0.8235953152067486,0.769130142943904,0.819284173656606,0.7526881720430108,0.7460035523978685,0.6507925916215853
0.21999999999999995,0.5,1,4,0.7123287671232876,0.9168900804289544,0.859344894026975,0.6439827474417164,0.6878727634194831,0.814609423776121,0.7619584583549841,0.8081628428599827,0.7703703703703704,0.7402135231316725,0.6449114242915936
0.21999999999999995,0.5,2,4,0.8108108108108109,0.8782722513089005,0.8594339622641509,0.6636740743264538,0.7024519549370444,0.8445415310598556,0.7384287868912432,0.8438676650970849,0.7207207207207207,0.7631160572337043,0.6660008563406254
0.21999999999999995,0.5,3,4,0.7397260273972602,0.9151436031331592,0.8667296786389413,0.6625924501843348,0.7015915119363395,0.8274348152652098,0.7669806143617565,0.82277308052932,0.7686832740213523,0.7539267015706806,0.6628221173872085
0.21999999999999995,0.5,4,4,0.7244897959183674,0.8933161953727506,0.8470149253731343,0.616501465866257,0.7108753315649867,0.808902995645559,0.7303810278880344,0.8044864623324476,0.7195945945945946,0.7220338983050848,0.6165082082109908
0.21999999999999995,0.5,5,4,0.7429577464788732,0.9077540106951871,0.8624031007751938,0.653566835615402,0.6843501326259946,0.8253558785870302,0.7721976591777899,0.8212325335392255,0.7535714285714286,0.74822695035461,0.6535979580273216
0.22999999999999995,0.5,1,4,0.708904109589041,0.9155495978552279,0.8574181117533719,0.6391057987765343,0.6878727634194831,0.8122268537221344,0.7796252980433103,0.8056282470545363,0.7666666666666667,0.7366548042704626,0.6400274426595483
0.22999999999999995,0.5,2,4,0.8141891891891891,0.8795811518324608,0.8613207547169811,0.6681885162818034,0.7024519549370444,0.8468851705108249,0.7403532864853725,0.8462537827605643,0.7237237237237237,0.766295707472178,0.6705311255261655
0.22999999999999995,0.5,3,4,0.7363013698630136,0.9151436031331592,0.8657844990548205,0.65983480355752,0.7015915119363395,0.8257224864980864,0.7684898673060949,0.8208663037354617,0.7678571428571429,0.7517482517482518,0.6601076008424783
0.22999999999999995,0.5,4,4,0.7312925170068028,0.897172236503856,0.851679104477612,0.6278005363054321,0.7108753315649867,0.8142323767553294,0.748373419306704,0.8099971253168293,0.7288135593220338,0.7300509337860781,0.627802256393602
0.22999999999999995,0.5,5,4,0.7429577464788732,0.9077540106951871,0.8624031007751938,0.653566835615402,0.6843501326259946,0.8253558785870302,0.7746186157697806,0.8212325335392255,0.7535714285714286,0.74822695035461,0.6535979580273216
0.23999999999999994,0.5,1,4,0.7157534246575342,0.9142091152815014,0.8583815028901735,0.6426875360038218,0.6878727634194831,0.8149812699695178,0.7795168232253937,0.8089179841713677,0.7655677655677655,0.7398230088495575,0.6433740259058081
0.23999999999999994,0.5,2,4,0.8209459459459459,0.8821989528795812,0.8650943396226415,0.6772174001925025,0.7024519549370444,0.8515724494127636,0.7471424635697252,0.8510215354996904,0.7297297297297297,0.7726550079491256,0.6795916638972453
0.23999999999999994,0.5,3,4,0.7397260273972602,0.9164490861618799,0.8676748582230623,0.6646258626623434,0.7015915119363395,0.82808755677957,0.7467563661713609,0.8233597280766025,0.7714285714285715,0.7552447552447552,0.6649006407278076
0.23999999999999994,0.5,4,4,0.7346938775510204,0.8997429305912596,0.8544776119402985,0.63443680814228,0.7108753315649867,0.8172184040711401,0.7508303728666808,0.8130409721995634,0.7346938775510204,0.7346938775510204,0.6344368081422801
0.23999999999999994,0.5,5,4,0.7429577464788732,0.910427807486631,0.8643410852713178,0.6576952236542836,0.6843501326259946,0.8266927769827521,0.7757551231983643,0.8224411177597876,0.7589928057553957,0.7508896797153025,0.6577660079877243
0.24999999999999992,0.5,1,4,0.7157534246575342,0.9195710455764075,0.8622350674373795,0.6509258693106188,0.6878727634194831,0.8176622351169709,0.7828631730864591,0.8112867095467687,0.7769516728624535,0.7450980392156863,0.6519542376546701
0.24999999999999992,0.5,2,4,0.8209459459459459,0.8821989528795812,0.8650943396226415,0.6772174001925025,0.7024519549370444,0.8515724494127636,0.714933361710409,0.8510215354996904,0.7297297297297297,0.7726550079491256,0.6795916638972453
0.24999999999999992,0.5,3,4,0.7363013698630136,0.9177545691906005,0.8676748582230623,0.6639044446663096,0.7015915119363395,0.827027969526807,0.7749141636444152,0.8220364629948474,0.7733812949640287,0.7543859649122807,0.664279736612546
0.24999999999999992,0.5,4,4,0.7312925170068028,0.8997429305912596,0.8535447761194029,0.6317037944767823,0.7108753315649867,0.8155177237990312,0.7490125239162381,0.8111567495688853,0.7337883959044369,0.7325383304940375,0.6317055325996219
0.24999999999999992,0.5,5,4,0.7429577464788732,0.9131016042780749,0.8662790697674418,0.6618418053339411,0.6843501326259946,0.828029675378474,0.7781360501518939,0.8236479285596986,0.7644927536231884,0.7535714285714286,0.6619690123390748
0.2599999999999999,0.5,1,4,0.7157534246575342,0.9182305630026809,0.861271676300578,0.6488596961068981,0.6878727634194831,0.8169919938301076,0.759312331479471,0.81069517705139,0.774074074074074,0.7437722419928826,0.649795405923639
0.2599999999999999,0.5,2,4,0.8209459459459459,0.8821989528795812,0.8650943396226415,0.6772174001925025,0.7024519549370444,0.8515724494127636,0.7282656438506021,0.8510215354996904,0.7297297297297297,0.7726550079491256,0.6795916638972453
0.2599999999999999,0.5,3,4,0.7328767123287672,0.9177545691906005,0.8667296786389413,0.6611393031887586,0.7015915119363395,0.8253156407596838,0.7729435165052079,0.8201225221837962,0.7725631768953068,0.7521968365553603,0.6615693078949121
0.2599999999999999,0.5,4,4,0.7278911564625851,0.9048843187660668,0.8563432835820896,0.6368180218233016,0.7108753315649867,0.816387737614326,0.7523862874914269,0.8115770408602567,0.7430555555555556,0.7353951890034365,0.6368817835707162
0.2599999999999999,0.5,5,4,0.7394366197183099,0.9131016042780749,0.8653100775193798,0.659015707602784,0.6843501326259946,0.8262691119981924,0.7603591901919231,0.8216938381944613,0.7636363636363637,0.7513416815742398,0.659176382763027
0.2699999999999999,0.5,1,4,0.7123287671232876,0.9168900804289544,0.859344894026975,0.6439827474417164,0.6878727634194831,0.814609423776121,0.7814776592094023,0.8081628428599827,0.7703703703703704,0.7402135231316725,0.6449114242915936
0.2699999999999999,0.5,2,4,0.8108108108108109,0.8821989528795812,0.8622641509433963,0.669457496796241,0.7024519549370444,0.846504881845196,0.6956588896989319,0.8457520016415815,0.7272727272727273,0.7667731629392971,0.671449706258552
0.2699999999999999,0.5,3,4,0.7363013698630136,0.9177545691906005,0.8676748582230623,0.6639044446663096,0.7015915119363395,0.827027969526807,0.7792277698478932,0.8220364629948474,0.7733812949640287,0.7543859649122807,0.664279736612546
0.2699999999999999,0.5,4,4,0.7346938775510204,0.9061696658097687,0.8591417910447762,0.6442717627306371,0.7108753315649867,0.8204317716803946,0.751856596571795,0.8159395231834841,0.7474048442906575,0.7409948542024014,0.6443164626862682
0.2699999999999999,0.5,5,4,0.7359154929577465,0.9157754010695187,0.8662790697674418,0.6603449591696557,0.6843501326259946,0.8258454470136326,0.7791884417238275,0.8209344101185264,0.7683823529411765,0.7517985611510791,0.6606331668624724
0.2799999999999999,0.5,1,4,0.6986301369863014,0.9168900804289544,0.8554913294797688,0.6326617279290332,0.6878727634194831,0.8077601087076278,0.7832434855307859,0.80035432309163,0.7669172932330827,0.7311827956989247,0.6339480836258252
0.2799999999999999,0.5,2,4,0.8108108108108109,0.8848167539267016,0.8641509433962264,0.6733324202164088,0.7024519549370444,0.8478137823687562,0.7265694906462535,0.8470058970693761,0.7317073170731707,0.7692307692307693,0.6751135976649021
0.2799999999999999,0.5,3,4,0.7363013698630136,0.9164490861618799,0.8667296786389413,0.6618674379281112,0.7015915119363395,0.8263752280124468,0.7760678913820102,0.8214515917269253,0.7706093189964157,0.7530647985989493,0.6621893077053493
0.2799999999999999,0.5,4,4,0.7380952380952381,0.910025706940874,0.8628731343283582,0.6529567737559352,0.7108753315649867,0.824060472518056,0.7559167143233558,0.8195642993916413,0.7560975609756098,0.7469879518072289,0.653045954677827
0.2799999999999999,0.5,5,4,0.7288732394366197,0.9157754010695187,0.8643410852713178,0.6546581000458925,0.6843501326259946,0.8223243202530692,0.7789735055484938,0.8169970521206975,0.7666666666666667,0.7472924187725631,0.6550488255576474
0.2899999999999999,0.5,1,4,0.702054794520548,0.9182305630026809,0.8574181117533719,0.6375595715566461,0.6878727634194831,0.8101426787616145,0.7849122309954164,0.8028998500630912,0.7706766917293233,0.7347670250896058,0.6388558857648736
0.2899999999999999,0.5,2,4,0.8175675675675675,0.8848167539267016,0.8660377358490566,0.6785134557881248,0.7024519549370444,0.8511921607471346,0.7099255709857094,0.8505277663021262,0.7333333333333333,0.7731629392971247,0.6805326144851226
0.2899999999999999,0.5,3,4,0.7328767123287672,0.9190600522193212,0.8676748582230623,0.6631799163179914,0.7015915119363395,0.8259683822740442,0.7631190916554389,0.8207056168341978,0.7753623188405797,0.7535211267605634,0.6636718020136388
0.2899999999999999,0.5,4,4,0.7346938775510204,0.910025706940874,0.8619402985074627,0.6502231079913225,0.7108753315649867,0.8223597922459472,0.754624130972938,0.8176737217885257,0.7552447552447552,0.7448275862068966,0.6503393565642984
0.2899999999999999,0.5,5,4,0.7288732394366197,0.9184491978609626,0.8662790697674418,0.6588348026063626,0.6843501326259946,0.8236612186487912,0.7360292859610551,0.8181888792344251,0.7723880597014925,0.75,0.659350824075854
0.29999999999999993,0.5,1,4,0.6917808219178082,0.9182305630026809,0.8545279383429673,0.6290207290922087,0.6878727634194831,0.8050056924602447,0.7702124973021022,0.7970033209366485,0.7680608365019012,0.7279279279279279,0.6306233604779449
0.29999999999999993,0.5,2,4,0.8108108108108109,0.8848167539267016,0.8641509433962264,0.6733324202164088,0.7024519549370444,0.8478137823687562,0.7154237606525086,0.8470058970693761,0.7317073170731707,0.7692307692307693,0.6751135976649021
0.29999999999999993,0.5,3,4,0.7328767123287672,0.9177545691906005,0.8667296786389413,0.6611393031887586,0.7015915119363395,0.8253156407596838,0.7808439536638563,0.8201225221837962,0.7725631768953068,0.7521968365553603,0.6615693078949121
0.29999999999999993,0.5,4,4,0.7278911564625851,0.910025706940874,0.8600746268656716,0.6447382374774646,0.7108753315649867,0.8189584317017296,0.7558845524304781,0.8138793917011748,0.7535211267605634,0.740484429065744,0.6449191424906584
0.29999999999999993,0.5,5,4,0.7288732394366197,0.9171122994652406,0.8653100775193798,0.6567441326237604,0.6843501326259946,0.8229927694509303,0.7820862970091487,0.8175931828473114,0.7695167286245354,0.7486437613019892,0.6571951593407661
0.30999999999999994,0.5,1,4,0.6917808219178082,0.9182305630026809,0.8545279383429673,0.6290207290922087,0.6878727634194831,0.8050056924602447,0.7825558764785351,0.7970033209366485,0.7680608365019012,0.7279279279279279,0.6306233604779449
0.30999999999999994,0.5,2,4,0.793918918918919,0.8848167539267016,0.8594339622641509,0.6602885632920649,0.7024519549370444,0.8393678364228103,0.7486638141934128,0.8381364809616833,0.7275541795665634,0.7592891760904685,0.6615431929698705
0.30999999999999994,0.5,3,4,0.7328767123287672,0.9203655352480418,0.8686200378071833,0.6652249331870352,0.7015915119363395,0.8266211237884045,0.7797446080062204,0.8212882975017305,0.7781818181818182,0.7548500881834215,0.6657832226489809
0.30999999999999994,0.5,4,4,0.717687074829932,0.9113110539845758,0.8582089552238806,0.6384549843794378,0.7108753315649867,0.8144990644072538,0.7576643188120309,0.8087250240930921,0.7535714285714286,0.735191637630662,0.6388092714598264
0.30999999999999994,0.5,5,4,0.721830985915493,0.9211229946524064,0.8662790697674418,0.6573111573111573,0.6843501326259946,0.8214769902839497,0.7816201495163061,0.8154110125448257,0.7765151515151515,0.7481751824817519,0.6581233275947048
0.3199999999999999,0.5,1,4,0.6883561643835616,0.9182305630026809,0.8535645472061657,0.6261622010975159,0.6878727634194831,0.8032933636931213,0.7820130197171146,0.7950280928170298,0.767175572519084,0.7256317689530686,0.6278736198503666
0.3199999999999999,0.5,2,4,0.7905405405405406,0.887434554973822,0.8603773584905661,0.6615464273386262,0.7024519549370444,0.8389875477571813,0.7294171336752272,0.837587603050188,0.73125,0.7597402597402597,0.6625450700001563
0.3199999999999999,0.5,3,4,0.7328767123287672,0.9216710182767625,0.8695652173913043,0.6672743680665068,0.7015915119363395,0.8272738653027648,0.7594982380100428,0.821870565066897,0.781021897810219,0.7561837455830389,0.6679036537017357
0.3199999999999999,0.5,4,4,0.7210884353741497,0.9125964010282777,0.8600746268656716,0.6432121556376029,0.7108753315649867,0.8168424182012137,0.7548610449019616,0.8112106452368342,0.7571428571428571,0.7386759581881533,0.643569082534983
0.3199999999999999,0.5,5,4,0.7147887323943662,0.9211229946524064,0.8643410852713178,0.6515665997839172,0.6843501326259946,0.8179558635233863,0.7807136630096856,0.811423648735293,0.7748091603053435,0.7435897435897436,0.6525454934436781
0.32999999999999985,0.5,1,4,0.684931506849315,0.9182305630026809,0.8526011560693642,0.62329751654451,0.6878727634194831,0.801581034925998,0.7520942356049455,0.7930479450528329,0.7662835249042146,0.7233273056057866,0.6251210153554916
0.32999999999999985,0.5,2,4,0.793918918918919,0.8900523560209425,0.8632075471698113,0.6680718364244188,0.7024519549370444,0.8419856374699306,0.7278782007183139,0.8406125173189984,0.7366771159874608,0.7642276422764228,0.6689997448537147
0.32999999999999985,0.5,3,4,0.7294520547945206,0.9216710182767625,0.8686200378071833,0.6645009102564686,0.7015915119363395,0.8255615365356415,0.7790218830477665,0.8199480581881651,0.7802197802197802,0.7539823008849558,0.6652007708869226
0.32999999999999985,0.5,4,4,0.717687074829932,0.9113110539845758,0.8582089552238806,0.6384549843794378,0.7108753315649867,0.8144990644072538,0.7568899289869387,0.8087250240930921,0.7535714285714286,0.735191637630662,0.6388092714598264
0.32999999999999985,0.5,5,4,0.7112676056338029,0.9211229946524064,0.8633720930232558,0.6486846679800672,0.6843501326259946,0.8161953001431046,0.7845596444365789,0.809422600932699,0.7739463601532567,0.7412844036697248,0.6497524598090644
0.33999999999999986,0.5,1,4,0.6917808219178082,0.9182305630026809,0.8545279383429673,0.6290207290922087,0.6878727634194831,0.8050056924602447,0.7824355792459031,0.7970033209366485,0.7680608365019012,0.7279279279279279,0.6306233604779449
0.33999999999999986,0.5,2,4,0.793918918918919,0.8913612565445026,0.8641509433962264,0.6700274977085243,0.7024519549370444,0.8426400877317108,0.7533162599138031,0.841230387683434,0.7389937106918238,0.7654723127035831,0.6708805335258554
0.33999999999999986,0.5,3,4,0.726027397260274,0.9203655352480418,0.8667296786389413,0.6596735852241876,0.7015915119363395,0.8231964662541579,0.7418785103506153,0.8174414927590811,0.7765567765567766,0.7504424778761062,0.6603683616558266
0.33999999999999986,0.5,4,4,0.717687074829932,0.9125964010282777,0.8591417910447762,0.6404474416042506,0.7108753315649867,0.8151417379291048,0.757077997967084,0.8092951510754949,0.7562724014336918,0.7364746945898778,0.6408563468287714
0.33999999999999986,0.5,5,4,0.7077464788732394,0.9224598930481284,0.8633720930232558,0.6478957760656626,0.6843501326259946,0.8151031859606839,0.7804332358241781,0.808002315099776,0.7760617760617761,0.7403314917127072,0.6491620602422412
0.34999999999999987,0.5,1,4,0.6917808219178082,0.9182305630026809,0.8545279383429673,0.6290207290922087,0.6878727634194831,0.8050056924602447,0.764134691817014,0.7970033209366485,0.7680608365019012,0.7279279279279279,0.6306233604779449
0.34999999999999987,0.5,2,4,0.793918918918919,0.8965968586387435,0.8679245283018868,0.6778898748024798,0.7024519549370444,0.8452578887788312,0.7440324965711254,0.8436973442630776,0.7484076433121019,0.7704918032786885,0.678471959172299
0.34999999999999987,0.5,3,4,0.7294520547945206,0.9190600522193212,0.8667296786389413,0.6604080257508774,0.7015915119363395,0.8242560535069209,0.7733407918617142,0.8187858349843036,0.7745454545454545,0.7513227513227513,0.6609622726273358
0.34999999999999987,0.5,4,4,0.717687074829932,0.9125964010282777,0.8591417910447762,0.6404474416042506,0.7108753315649867,0.8151417379291048,0.7534418697642942,0.8092951510754949,0.7562724014336918,0.7364746945898778,0.6408563468287714
0.34999999999999987,0.5,5,4,0.7077464788732394,0.9237967914438503,0.8643410852713178,0.65,0.6843501326259946,0.8157716351585449,0.7523957436400693,0.8085876120364331,0.7790697674418605,0.7416974169741697,0.6513774914661563
0.3599999999999999,0.5,1,4,0.6917808219178082,0.9155495978552279,0.8526011560693642,0.6249132038752403,0.6878727634194831,0.803665209886518,0.7793915594371663,0.7958389619205687,0.7622641509433963,0.725314183123878,0.6262867014485491
0.3599999999999999,0.5,2,4,0.7905405405405406,0.900523560209424,0.869811320754717,0.6811960596286288,0.7024519549370444,0.8455320503749824,0.7477876626304563,0.8437418930321346,0.7548387096774194,0.7722772277227723,0.6815526160557909
0.3599999999999999,0.5,3,4,0.7328767123287672,0.9190600522193212,0.8676748582230623,0.6631799163179914,0.7015915119363395,0.8259683822740442,0.7772331251129183,0.8207056168341978,0.7753623188405797,0.7535211267605634,0.6636718020136388
0.3599999999999999,0.5,4,4,0.717687074829932,0.9125964010282777,0.8591417910447762,0.6404474416042506,0.7108753315649867,0.8151417379291048,0.7618059176435046,0.8092951510754949,0.7562724014336918,0.7364746945898778,0.6408563468287714
0.3599999999999999,0.5,5,4,0.7077464788732394,0.9237967914438503,0.8643410852713178,0.65,0.6843501326259946,0.8157716351585449,0.7813608347009124,0.8085876120364331,0.7790697674418605,0.7416974169741697,0.6513774914661563
0.3699999999999999,0.5,1,4,0.6917808219178082,0.9128686327077749,0.850674373795761,0.6208232582474299,0.6878727634194831,0.8023247273127916,0.7809790787082054,0.7946728968812075,0.7565543071161048,0.7227191413237924,0.6219875407052099
0.3699999999999999,0.5,2,4,0.7905405405405406,0.8992146596858639,0.8688679245283019,0.6792130770637568,0.7024519549370444,0.8448776001132022,0.732955913355118,0.8431284855406328,0.752411575562701,0.771004942339374,0.679620413084712
0.3699999999999999,0.5,3,4,0.726027397260274,0.9190600522193212,0.8657844990548205,0.6576301468510434,0.7015915119363395,0.8225437247397975,0.7803738377409464,0.8168615412900067,0.7737226277372263,0.7491166077738516,0.6582503373221772
0.3699999999999999,0.5,4,4,0.7108843537414966,0.9138817480719794,0.8582089552238806,0.6368952116090848,0.7108753315649867,0.812383050906738,0.7574437597419533,0.8060175158607277,0.7572463768115942,0.7333333333333333,0.6374848184618662
0.3699999999999999,0.5,5,4,0.704225352112676,0.9237967914438503,0.8633720930232558,0.6471033332039889,0.6843501326259946,0.8140110717782632,0.7814151418304996,0.8065736920673187,0.7782101167315175,0.7393715341959335,0.6485859147384443
0.3799999999999999,0.5,1,4,0.6917808219178082,0.9128686327077749,0.850674373795761,0.6208232582474299,0.6878727634194831,0.8023247273127916,0.7837816064803798,0.7946728968812075,0.7565543071161048,0.7227191413237924,0.6219875407052099
0.3799999999999999,0.5,2,4,0.7871621621621622,0.8979057591623036,0.8669811320754717,0.674597437884818,0.7024519549370444,0.8425339606622329,0.7396927186526421,0.8407124590489049,0.7491961414790996,0.7677100494233937,0.6750020058258277
0.3799999999999999,0.5,3,4,0.726027397260274,0.9190600522193212,0.8657844990548205,0.6576301468510434,0.7015915119363395,0.8225437247397975,0.7765760926069187,0.8168615412900067,0.7737226277372263,0.7491166077738516,0.6582503373221772
0.3799999999999999,0.5,4,4,0.7108843537414966,0.9125964010282777,0.8572761194029851,0.6349001415736941,0.7108753315649867,0.8117403773848871,0.7562364373999985,0.8054504967853722,0.7545126353790613,0.7320490367775832,0.6354231999565445
0.3799999999999999,0.5,5,4,0.7007042253521126,0.9237967914438503,0.8624031007751938,0.6442001398492735,0.6843501326259946,0.8122505083979814,0.7790692654412981,0.8045547309732448,0.77734375,0.737037037037037,0.6457914271604925
0.3899999999999999,0.5,1,4,0.6883561643835616,0.9128686327077749,0.8497109826589595,0.6179681970461943,0.6878727634194831,0.8006123985456682,0.7810012520198368,0.7927034442947691,0.7556390977443609,0.7204301075268817,0.6192246772086801
0.3899999999999999,0.5,2,4,0.7837837837837838,0.8979057591623036,0.8660377358490566,0.671955365704821,0.7024519549370444,0.8408447714730437,0.7401770188775071,0.8389064151605239,0.7483870967741936,0.7656765676567657,0.6723070853030505
0.3899999999999999,0.5,3,4,0.7226027397260274,0.9190600522193212,0.8648393194706995,0.6548462601919068,0.7015915119363395,0.8208313959726743,0.7551416045507584,0.8149327037899677,0.7728937728937729,0.7469026548672566,0.6555359524247305
0.3899999999999999,0.5,4,4,0.7108843537414966,0.9125964010282777,0.8572761194029851,0.6349001415736941,0.7108753315649867,0.8117403773848871,0.7591524259143594,0.8054504967853722,0.7545126353790613,0.7320490367775832,0.6354231999565445
0.3899999999999999,0.5,5,4,0.7007042253521126,0.9237967914438503,0.8624031007751938,0.6442001398492735,0.6843501326259946,0.8122505083979814,0.751569538293059,0.8045547309732448,0.77734375,0.737037037037037,0.6457914271604925
0.3999999999999998,0.5,1,4,0.6883561643835616,0.9128686327077749,0.8497109826589595,0.6179681970461943,0.6878727634194831,0.8006123985456682,0.7852001311655342,0.7927034442947691,0.7556390977443609,0.7204301075268817,0.6192246772086801
0.3999999999999998,0.5,2,4,0.7804054054054054,0.8979057591623036,0.8650943396226415,0.6693078983882087,0.7024519549370444,0.8391555822838546,0.7191667341875114,0.8370964747237357,0.7475728155339806,0.7636363636363637,0.6696105567870069
0.3999999999999998,0.5,3,4,0.7191780821917808,0.9190600522193212,0.8638941398865785,0.6520563462627667,0.7015915119363395,0.819119067205551,0.7741064220043228,0.8129992901437056,0.7720588235294118,0.7446808510638298,0.6528190738698673
0.3999999999999998,0.5,4,4,0.7108843537414966,0.9138817480719794,0.8582089552238806,0.6368952116090848,0.7108753315649867,0.812383050906738,0.759460968856994,0.8060175158607277,0.7572463768115942,0.7333333333333333,0.6374848184618662
0.3999999999999998,0.5,5,4,0.7007042253521126,0.9251336898395722,0.8633720930232558,0.6463073153657682,0.6843501326259946,0.8129189575958424,0.7817111458191766,0.8051366874551048,0.7803921568627451,0.738404452690167,0.6480242227624837
0.4099999999999998,0.5,1,4,0.684931506849315,0.9128686327077749,0.848747591522158,0.6151070131268804,0.6878727634194831,0.7989000697785449,0.7597575621757104,0.7907290864487091,0.7547169811320755,0.718132854578097,0.6164589576603228
0.4099999999999998,0.5,2,4,0.7804054054054054,0.8979057591623036,0.8650943396226415,0.6693078983882087,0.7024519549370444,0.8391555822838546,0.7230754577203906,0.8370964747237357,0.7475728155339806,0.7636363636363637,0.6696105567870069
0.4099999999999998,0.5,3,4,0.7157534246575342,0.9190600522193212,0.8629489603024575,0.6492603854683464,0.7015915119363395,0.8174067384384277,0.7690743401497748,0.8110612676252709,0.7712177121771218,0.7424511545293073,0.6500996571939929
0.4099999999999998,0.5,4,4,0.7074829931972789,0.9138817480719794,0.8572761194029851,0.6341117367289211,0.7108753315649867,0.8106823706346291,0.7600461350172829,0.8040869322121369,0.7563636363636363,0.7311072056239016,0.6347673235149437
0.4099999999999998,0.5,5,4,0.7007042253521126,0.9224598930481284,0.8614341085271318,0.642097706724613,0.6843501326259946,0.8115820592001205,0.7791575685002293,0.8039723532415038,0.77431906614786,0.7356746765249538,0.6435688198443562
0.4199999999999998,0.5,1,4,0.6883561643835616,0.9128686327077749,0.8497109826589595,0.6179681970461943,0.6878727634194831,0.8006123985456682,0.78092425377701,0.7927034442947691,0.7556390977443609,0.7204301075268817,0.6192246772086801
0.4199999999999998,0.5,2,4,0.7804054054054054,0.900523560209424,0.8669811320754717,0.6732657683260609,0.7024519549370444,0.8404644828074148,0.7491588564600705,0.8383158438693346,0.752442996742671,0.7661691542288557,0.6734845972140544
0.4199999999999998,0.5,3,4,0.7123287671232876,0.9177545691906005,0.8610586011342155,0.6444225976817028,0.7015915119363395,0.8150416681569441,0.7691158820010982,0.8085437408039867,0.7675276752767528,0.738898756660746,0.6452556158015621
0.4199999999999998,0.5,4,4,0.7006802721088435,0.9138817480719794,0.855410447761194,0.6285267158506596,0.7108753315649867,0.8072810100904115,0.7434168955868898,0.800211791911604,0.7545787545787546,0.7266313932980599,0.6293242515124744
0.4199999999999998,0.5,5,4,0.6971830985915493,0.9224598930481284,0.8604651162790697,0.6391888742133477,0.6843501326259946,0.8098214958198389,0.7516721430888229,0.8019497780794775,0.7734375,0.7333333333333333,0.6407677828196795
0.4299999999999998,0.5,1,4,0.684931506849315,0.9128686327077749,0.848747591522158,0.6151070131268804,0.6878727634194831,0.7989000697785449,0.7618525244977947,0.7907290864487091,0.7547169811320755,0.718132854578097,0.6164589576603228
0.4299999999999998,0.5,2,4,0.7804054054054054,0.9018324607329843,0.8679245283018868,0.67525078342466,0.7024519549370444,0.8411189330691948,0.7176912135927449,0.8389248638144413,0.7549019607843137,0.7674418604651163,0.6754325234391036
0.4299999999999998,0.5,3,4,0.708904109589041,0.9177545691906005,0.8601134215500945,0.641615321938313,0.7015915119363395,0.8133293393898208,0.7774905540562103,0.8065977843345075,0.7666666666666667,0.7366548042704626,0.6425277342738512
0.4299999999999998,0.5,4,4,0.7006802721088435,0.9151670951156813,0.8563432835820896,0.6305235264627945,0.7108753315649867,0.8079236836122623,0.7567598549780545,0.8007743310263606,0.7573529411764706,0.7279151943462897,0.631403677918162
0.4299999999999998,0.5,5,4,0.6936619718309859,0.9211229946524064,0.8585271317829457,0.634177608577422,0.6843501326259946,0.8073924832416961,0.7824539579354631,0.7993422250634898,0.76953125,0.7296296296296296,0.6357441384788663
0.43999999999999984,0.5,1,4,0.684931506849315,0.9128686327077749,0.848747591522158,0.6151070131268804,0.6878727634194831,0.7989000697785449,0.7778047948660182,0.7907290864487091,0.7547169811320755,0.718132854578097,0.6164589576603228
0.43999999999999984,0.5,2,4,0.7736486486486487,0.9018324607329843,0.8660377358490566,0.6699354431267982,0.7024519549370444,0.8377405546908165,0.7393263040878973,0.8352852593896045,0.7532894736842105,0.7633333333333333,0.6700512986313325
0.43999999999999984,0.5,3,4,0.7123287671232876,0.9177545691906005,0.8610586011342155,0.6444225976817028,0.7015915119363395,0.8150416681569441,0.7763700076761927,0.8085437408039867,0.7675276752767528,0.738898756660746,0.6452556158015621
0.43999999999999984,0.5,4,4,0.7006802721088435,0.916452442159383,0.8572761194029851,0.6325246677361247,0.7108753315649867,0.8085663571341133,0.7472751182823043,0.8013364752381178,0.7601476014760148,0.7292035398230089,0.6334919918868892
0.43999999999999984,0.5,5,4,0.6901408450704225,0.9224598930481284,0.8585271317829457,0.6333515028811711,0.6843501326259946,0.8063003690592754,0.7816864559791099,0.7978892467829146,0.7716535433070866,0.7286245353159851,0.6351566184833605
0.44999999999999984,0.5,1,4,0.684931506849315,0.9115281501340483,0.8477842003853564,0.6130703534185814,0.6878727634194831,0.7982298284916816,0.7714131544905226,0.7901483084882751,0.7518796992481203,0.7168458781362007,0.6143168750696317
0.44999999999999984,0.5,2,4,0.7736486486486487,0.9031413612565445,0.8669811320754717,0.671923154595183,0.7024519549370444,0.8383950049525966,0.7239290500131722,0.8358911972708091,0.7557755775577558,0.7646076794657763,0.6720122971436151
0.44999999999999984,0.5,3,4,0.708904109589041,0.9177545691906005,0.8601134215500945,0.641615321938313,0.7015915119363395,0.8133293393898208,0.7593915120731504,0.8065977843345075,0.7666666666666667,0.7366548042704626,0.6425277342738512
0.44999999999999984,0.5,4,4,0.7006802721088435,0.9177377892030848,0.8582089552238806,0.6345301537743806,0.7108753315649867,0.8092090306559642,0.7595587423953367,0.8018982253773766,0.762962962962963,0.7304964539007093,0.6355892781732139
0.44999999999999984,0.5,5,4,0.6901408450704225,0.9224598930481284,0.8585271317829457,0.6333515028811711,0.6843501326259946,0.8063003690592754,0.7786839517010675,0.7978892467829146,0.7716535433070866,0.7286245353159851,0.6351566184833605
0.45999999999999985,0.5,1,4,0.684931506849315,0.9115281501340483,0.8477842003853564,0.6130703534185814,0.6878727634194831,0.7982298284916816,0.7778340123003191,0.7901483084882751,0.7518796992481203,0.7168458781362007,0.6143168750696317
0.45999999999999985,0.5,2,4,0.7736486486486487,0.9031413612565445,0.8669811320754717,0.671923154595183,0.7024519549370444,0.8383950049525966,0.6716614488406796,0.8358911972708091,0.7557755775577558,0.7646076794657763,0.6720122971436151
0.45999999999999985,0.5,3,4,0.7123287671232876,0.9138381201044387,0.8582230623818525,0.6383417044201161,0.7015915119363395,0.8130834436138632,0.7602781276379859,0.8068166963097985,0.7591240875912408,0.734982332155477,0.6389437045630604
0.45999999999999985,0.5,4,4,0.6938775510204082,0.9177377892030848,0.8563432835820896,0.6289156626506024,0.7108753315649867,0.8058076701117465,0.757422903335286,0.797996021074742,0.7611940298507462,0.7259786476868327,0.6301535858716466
0.45999999999999985,0.5,5,4,0.6866197183098591,0.9211229946524064,0.8565891472868217,0.6283289207288584,0.6843501326259946,0.8038713564811328,0.7756964188445281,0.7952742992936268,0.7677165354330708,0.724907063197026,0.6301197214658186
0.46999999999999986,0.5,1,4,0.684931506849315,0.9101876675603218,0.846820809248555,0.611038052008654,0.6878727634194831,0.7975595872048185,0.7811237108642521,0.7895671033279912,0.7490636704119851,0.7155635062611807,0.6121839834400858
0.46999999999999986,0.5,2,4,0.7736486486486487,0.9031413612565445,0.8669811320754717,0.671923154595183,0.7024519549370444,0.8383950049525966,0.6898416735279163,0.8358911972708091,0.7557755775577558,0.7646076794657763,0.6720122971436151
0.46999999999999986,0.5,3,4,0.708904109589041,0.9138381201044387,0.8572778827977315,0.6355369600627825,0.7015915119363395,0.8113711148467398,0.7767854639815656,0.804874896391458,0.7582417582417582,0.7327433628318584,0.6362063155003463
0.46999999999999986,0.5,4,4,0.6972789115646258,0.9177377892030848,0.8572761194029851,0.6317259589908479,0.7108753315649867,0.8075083503838554,0.7558072086743215,0.7999495026295429,0.7620817843866171,0.7282415630550622,0.6328728430718997
0.46999999999999986,0.5,5,4,0.6830985915492958,0.9211229946524064,0.8556201550387597,0.6253946599103487,0.6843501326259946,0.8021107931008511,0.780705887644773,0.7932325133847757,0.766798418972332,0.7225325884543762,0.6273027857795103
0.47999999999999976,0.5,1,4,0.684931506849315,0.9101876675603218,0.846820809248555,0.611038052008654,0.6878727634194831,0.7975595872048185,0.7659813424734829,0.7895671033279912,0.7490636704119851,0.7155635062611807,0.6121839834400858
0.47999999999999976,0.5,2,4,0.7702702702702703,0.9031413612565445,0.8660377358490566,0.6692565964104278,0.7024519549370444,0.8367058157634074,0.7178334334691882,0.8340641105019077,0.7549668874172185,0.7625418060200669,0.6693219597870161
0.47999999999999976,0.5,3,4,0.7054794520547946,0.9138381201044387,0.8563327032136105,0.6327261432773646,0.7015915119363395,0.8096587860796166,0.7604516127117511,0.8029284004430675,0.7573529411764706,0.7304964539007093,0.6334662598332084
0.47999999999999976,0.5,4,4,0.6938775510204082,0.9177377892030848,0.8563432835820896,0.6289156626506024,0.7108753315649867,0.8058076701117465,0.7556369984571828,0.797996021074742,0.7611940298507462,0.7259786476868327,0.6301535858716466
0.47999999999999976,0.5,5,4,0.6830985915492958,0.9224598930481284,0.8565891472868217,0.6274877077967688,0.6843501326259946,0.8027792422987121,0.778187072587997,0.793807945098744,0.7698412698412699,0.7238805970149254,0.6295329855595112
0.48999999999999977,0.5,1,4,0.684931506849315,0.9088471849865952,0.8458574181117534,0.6090100949224048,0.6878727634194831,0.7968893459179551,0.7483858289547337,0.7889854700237684,0.746268656716418,0.7142857142857143,0.6100601939040103
0.48999999999999977,0.5,2,4,0.7668918918918919,0.9031413612565445,0.8650943396226415,0.6665845482460385,0.7024519549370444,0.8350166265742183,0.7186732082849605,0.8322330125510824,0.7541528239202658,0.7604690117252931,0.6666298493615408
0.48999999999999977,0.5,3,4,0.6986301369863014,0.9138381201044387,0.8544423440453687,0.6270862133682448,0.7015915119363395,0.80623412854537,0.7680321363342013,0.7990211830933321,0.7555555555555555,0.7259786476868327,0.6279779645109616
0.48999999999999977,0.5,4,4,0.6938775510204082,0.9177377892030848,0.8563432835820896,0.6289156626506024,0.7108753315649867,0.8058076701117465,0.7550888307156209,0.797996021074742,0.7611940298507462,0.7259786476868327,0.6301535858716466
0.48999999999999977,0.5,5,4,0.6830985915492958,0.9224598930481284,0.8565891472868217,0.6274877077967688,0.6843501326259946,0.8027792422987121,0.7772019045552238,0.793807945098744,0.7698412698412699,0.7238805970149254,0.6295329855595112
0.4999999999999998,0.5,1,4,0.684931506849315,0.9088471849865952,0.8458574181117534,0.6090100949224048,0.6878727634194831,0.7968893459179551,0.7793712285126102,0.7889854700237684,0.746268656716418,0.7142857142857143,0.6100601939040103
0.4999999999999998,0.5,2,4,0.7668918918918919,0.9031413612565445,0.8650943396226415,0.6665845482460385,0.7024519549370444,0.8350166265742183,0.719161232677483,0.8322330125510824,0.7541528239202658,0.7604690117252931,0.6666298493615408
0.4999999999999998,0.5,3,4,0.6986301369863014,0.9138381201044387,0.8544423440453687,0.6270862133682448,0.7015915119363395,0.80623412854537,0.7792613398469371,0.7990211830933321,0.7555555555555555,0.7259786476868327,0.6279779645109616
0.4999999999999998,0.5,4,4,0.6972789115646258,0.9177377892030848,0.8572761194029851,0.6317259589908479,0.7108753315649867,0.8075083503838554,0.7579825536143436,0.7999495026295429,0.7620817843866171,0.7282415630550622,0.6328728430718997
0.4999999999999998,0.5,5,4,0.6830985915492958,0.9224598930481284,0.8565891472868217,0.6274877077967688,0.6843501326259946,0.8027792422987121,0.7771798887453739,0.793807945098744,0.7698412698412699,0.7238805970149254,0.6295329855595112
0.5099999999999998,0.5,1,4,0.684931506849315,0.9088471849865952,0.8458574181117534,0.6090100949224048,0.6878727634194831,0.7968893459179551,0.755268619405272,0.7889854700237684,0.746268656716418,0.7142857142857143,0.6100601939040103
0.5099999999999998,0.5,2,4,0.7635135135135135,0.9044502617801047,0.8650943396226415,0.6658966876206764,0.7024519549370444,0.833981887646809,0.7050950820229542,0.8309993966122627,0.7558528428093646,0.7596638655462185,0.665913045419346
0.5099999999999998,0.5,3,4,0.702054794520548,0.9138381201044387,0.8553875236294896,0.6299092343217723,0.7015915119363395,0.8079464573124933,0.7632365472230418,0.800977174228433,0.7564575645756457,0.7282415630550622,0.6307234916242698
0.5099999999999998,0.5,4,4,0.6972789115646258,0.916452442159383,0.8563432835820896,0.629721340008254,0.7108753315649867,0.8068656768620044,0.7467203836569685,0.7993891176202225,0.7592592592592593,0.7269503546099291,0.6307724377877709
0.5099999999999998,0.5,5,4,0.6830985915492958,0.9224598930481284,0.8565891472868217,0.6274877077967688,0.6843501326259946,0.8027792422987121,0.7768609881132794,0.793807945098744,0.7698412698412699,0.7238805970149254,0.6295329855595112
0.5199999999999998,0.5,1,4,0.6815068493150684,0.9088471849865952,0.8448940269749519,0.606145448889266,0.6878727634194831,0.7951770171508318,0.7797772404014816,0.7870105345858361,0.7453183520599251,0.7119856887298748,0.6072822048075238
0.5199999999999998,0.5,2,4,0.7635135135135135,0.9044502617801047,0.8650943396226415,0.6658966876206764,0.7024519549370444,0.833981887646809,0.7271360617378737,0.8309993966122627,0.7558528428093646,0.7596638655462185,0.665913045419346
0.5199999999999998,0.5,3,4,0.702054794520548,0.9138381201044387,0.8553875236294896,0.6299092343217723,0.7015915119363395,0.8079464573124933,0.7669954068428826,0.800977174228433,0.7564575645756457,0.7282415630550622,0.6307234916242698
0.5199999999999998,0.5,4,4,0.6938775510204082,0.916452442159383,0.855410447761194,0.6269119192390943,0.7108753315649867,0.8051649965898956,0.7592419232870619,0.7974370045290254,0.758364312267658,0.7246891651865008,0.6280500635406923
0.5199999999999998,0.5,5,4,0.6830985915492958,0.9224598930481284,0.8565891472868217,0.6274877077967688,0.6843501326259946,0.8027792422987121,0.7617360425700914,0.793807945098744,0.7698412698412699,0.7238805970149254,0.6295329855595112
0.5299999999999998,0.5,1,4,0.6815068493150684,0.9088471849865952,0.8448940269749519,0.606145448889266,0.6878727634194831,0.7951770171508318,0.7769380488318121,0.7870105345858361,0.7453183520599251,0.7119856887298748,0.6072822048075238
0.5299999999999998,0.5,2,4,0.7635135135135135,0.9044502617801047,0.8650943396226415,0.6658966876206764,0.7024519549370444,0.833981887646809,0.7361558553126237,0.8309993966122627,0.7558528428093646,0.7596638655462185,0.665913045419346
0.5299999999999998,0.5,3,4,0.702054794520548,0.9151436031331592,0.8563327032136105,0.6319292495582673,0.7015915119363395,0.8085991988268536,0.7775576951367315,0.801549096596362,0.7592592592592593,0.7295373665480427,0.6328278877652581
0.5299999999999998,0.5,4,4,0.6938775510204082,0.916452442159383,0.855410447761194,0.6269119192390943,0.7108753315649867,0.8051649965898956,0.7581684760239483,0.7974370045290254,0.758364312267658,0.7246891651865008,0.6280500635406923
0.5299999999999998,0.5,5,4,0.6830985915492958,0.9224598930481284,0.8565891472868217,0.6274877077967688,0.6843501326259946,0.8027792422987121,0.7632530689211148,0.793807945098744,0.7698412698412699,0.7238805970149254,0.6295329855595112
0.5399999999999998,0.5,1,4,0.6815068493150684,0.9075067024128687,0.8439306358381503,0.6041227211089348,0.6878727634194831,0.7945067758639686,0.7773738345087589,0.7864299291695996,0.7425373134328358,0.7107142857142857,0.6051643929293045
0.5399999999999998,0.5,2,4,0.7635135135135135,0.9044502617801047,0.8650943396226415,0.6658966876206764,0.7024519549370444,0.833981887646809,0.7479525361609505,0.8309993966122627,0.7558528428093646,0.7596638655462185,0.665913045419346
0.5399999999999998,0.5,3,4,0.702054794520548,0.9151436031331592,0.8563327032136105,0.6319292495582673,0.7015915119363395,0.8085991988268536,0.7799013955438326,0.801549096596362,0.7592592592592593,0.7295373665480427,0.6328278877652581
0.5399999999999998,0.5,4,4,0.6904761904761905,0.916452442159383,0.8544776119402985,0.6240963855421686,0.7108753315649867,0.8034643163177868,0.7559473582951117,0.7954801009546449,0.7574626865671642,0.7224199288256228,0.6253248227615191
0.5399999999999998,0.5,5,4,0.6795774647887324,0.9224598930481284,0.8556201550387597,0.6245458452162362,0.6843501326259946,0.8010186789184304,0.7538772780153158,0.7917594050511382,0.7689243027888446,0.7214953271028037,0.6267163608075963
0.5499999999999998,0.5,1,4,0.6815068493150684,0.9075067024128687,0.8439306358381503,0.6041227211089348,0.6878727634194831,0.7945067758639686,0.7776997706432673,0.7864299291695996,0.7425373134328358,0.7107142857142857,0.6051643929293045
0.5499999999999998,0.5,2,4,0.7635135135135135,0.9057591623036649,0.8660377358490566,0.6678904912361217,0.7024519549370444,0.8346363379085893,0.7101683588964487,0.8316004812453682,0.7583892617449665,0.7609427609427609,0.667897798054537
0.5499999999999998,0.5,3,4,0.702054794520548,0.9151436031331592,0.8563327032136105,0.6319292495582673,0.7015915119363395,0.8085991988268536,0.7817473676688393,0.801549096596362,0.7592592592592593,0.7295373665480427,0.6328278877652581
0.5499999999999998,0.5,4,4,0.6904761904761905,0.916452442159383,0.8544776119402985,0.6240963855421686,0.7108753315649867,0.8034643163177868,0.7522166387399393,0.7954801009546449,0.7574626865671642,0.7224199288256228,0.6253248227615191
0.5499999999999998,0.5,5,4,0.6795774647887324,0.9224598930481284,0.8556201550387597,0.6245458452162362,0.6843501326259946,0.8010186789184304,0.774756620094989,0.7917594050511382,0.7689243027888446,0.7214953271028037,0.6267163608075963
0.5599999999999997,0.5,1,4,0.6815068493150684,0.9075067024128687,0.8439306358381503,0.6041227211089348,0.6878727634194831,0.7945067758639686,0.7757367506922456,0.7864299291695996,0.7425373134328358,0.7107142857142857,0.6051643929293045
0.5599999999999997,0.5,2,4,0.7635135135135135,0.9057591623036649,0.8660377358490566,0.6678904912361217,0.7024519549370444,0.8346363379085893,0.7326870180757542,0.8316004812453682,0.7583892617449665,0.7609427609427609,0.667897798054537
0.5599999999999997,0.5,3,4,0.6986301369863014,0.9151436031331592,0.8553875236294896,0.6291053564963957,0.7015915119363395,0.8068868700597303,0.7764503014433073,0.7995917088233572,0.758364312267658,0.7272727272727273,0.6300854811713689
0.5599999999999997,0.5,4,4,0.6870748299319728,0.916452442159383,0.8535447761194029,0.6212747189443648,0.7108753315649867,0.8017636360456779,0.7515851392309202,0.7935183714555065,0.7565543071161048,0.7201426024955436,0.6225966686233386
0.5599999999999997,0.5,5,4,0.6795774647887324,0.9224598930481284,0.8556201550387597,0.6245458452162362,0.6843501326259946,0.8010186789184304,0.7792593954168394,0.7917594050511382,0.7689243027888446,0.7214953271028037,0.6267163608075963
0.5699999999999997,0.5,1,4,0.6815068493150684,0.9088471849865952,0.8448940269749519,0.606145448889266,0.6878727634194831,0.7951770171508318,0.7644225856085773,0.7870105345858361,0.7453183520599251,0.7119856887298748,0.6072822048075238
0.5699999999999997,0.5,2,4,0.7601351351351351,0.9057591623036649,0.8650943396226415,0.6652059829135339,0.7024519549370444,0.8329471487194,0.7231509193346153,0.8297586174530417,0.7575757575757576,0.7588532883642496,0.6652078060166702
0.5699999999999997,0.5,3,4,0.6986301369863014,0.9151436031331592,0.8553875236294896,0.6291053564963957,0.7015915119363395,0.8068868700597303,0.7763668654083338,0.7995917088233572,0.758364312267658,0.7272727272727273,0.6300854811713689
0.5699999999999997,0.5,4,4,0.6870748299319728,0.916452442159383,0.8535447761194029,0.6212747189443648,0.7108753315649867,0.8017636360456779,0.7460984766629093,0.7935183714555065,0.7565543071161048,0.7201426024955436,0.6225966686233386
0.5699999999999997,0.5,5,4,0.676056338028169,0.9224598930481284,0.8546511627906976,0.6215973091364204,0.6843501326259946,0.7992581155381486,0.7788546995743709,0.7897055509947832,0.768,0.7191011235955056,0.6238964587352024
0.5799999999999997,0.5,1,4,0.6815068493150684,0.9088471849865952,0.8448940269749519,0.606145448889266,0.6878727634194831,0.7951770171508318,0.7773938032219779,0.7870105345858361,0.7453183520599251,0.7119856887298748,0.6072822048075238
0.5799999999999997,0.5,2,4,0.7601351351351351,0.9057591623036649,0.8650943396226415,0.6652059829135339,0.7024519549370444,0.8329471487194,0.7218559900983651,0.8297586174530417,0.7575757575757576,0.7588532883642496,0.6652078060166702
0.5799999999999997,0.5,3,4,0.6986301369863014,0.9151436031331592,0.8553875236294896,0.6291053564963957,0.7015915119363395,0.8068868700597303,0.7730132250240785,0.7995917088233572,0.758364312267658,0.7272727272727273,0.6300854811713689
0.5799999999999997,0.5,4,4,0.6904761904761905,0.916452442159383,0.8544776119402985,0.6240963855421686,0.7108753315649867,0.8034643163177868,0.7541848411979437,0.7954801009546449,0.7574626865671642,0.7224199288256228,0.6253248227615191
0.5799999999999997,0.5,5,4,0.676056338028169,0.9224598930481284,0.8546511627906976,0.6215973091364204,0.6843501326259946,0.7992581155381486,0.7679359917493607,0.7897055509947832,0.768,0.7191011235955056,0.6238964587352024
0.5899999999999997,0.5,1,4,0.6815068493150684,0.9088471849865952,0.8448940269749519,0.606145448889266,0.6878727634194831,0.7951770171508318,0.7696564324622723,0.7870105345858361,0.7453183520599251,0.7119856887298748,0.6072822048075238
0.5899999999999997,0.5,2,4,0.7601351351351351,0.9057591623036649,0.8650943396226415,0.6652059829135339,0.7024519549370444,0.8329471487194,0.7287220829919483,0.8297586174530417,0.7575757575757576,0.7588532883642496,0.6652078060166702
0.5899999999999997,0.5,3,4,0.6986301369863014,0.9151436031331592,0.8553875236294896,0.6291053564963957,0.7015915119363395,0.8068868700597303,0.774670058972172,0.7995917088233572,0.758364312267658,0.7272727272727273,0.6300854811713689
0.5899999999999997,0.5,4,4,0.6904761904761905,0.916452442159383,0.8544776119402985,0.6240963855421686,0.7108753315649867,0.8034643163177868,0.7450243031525846,0.7954801009546449,0.7574626865671642,0.7224199288256228,0.6253248227615191
0.5899999999999997,0.5,5,4,0.6725352112676056,0.9224598930481284,0.8536821705426356,0.6186420768236813,0.6843501326259946,0.797497552157867,0.7557463479374668,0.7876463413595063,0.7670682730923695,0.7166979362101313,0.621073224798279
0.5999999999999998,0.5,1,4,0.6815068493150684,0.9088471849865952,0.8448940269749519,0.606145448889266,0.6878727634194831,0.7951770171508318,0.7669539817739875,0.7870105345858361,0.7453183520599251,0.7119856887298748,0.6072822048075238
0.5999999999999998,0.5,2,4,0.7601351351351351,0.9057591623036649,0.8650943396226415,0.6652059829135339,0.7024519549370444,0.8329471487194,0.7437711042223157,0.8297586174530417,0.7575757575757576,0.7588532883642496,0.6652078060166702
0.5999999999999998,0.5,3,4,0.6986301369863014,0.9151436031331592,0.8553875236294896,0.6291053564963957,0.7015915119363395,0.8068868700597303,0.7775683626997171,0.7995917088233572,0.758364312267658,0.7272727272727273,0.6300854811713689
0.5999999999999998,0.5,4,4,0.6904761904761905,0.916452442159383,0.8544776119402985,0.6240963855421686,0.7108753315649867,0.8034643163177868,0.7555594775176011,0.7954801009546449,0.7574626865671642,0.7224199288256228,0.6253248227615191
0.5999999999999998,0.5,5,4,0.6725352112676056,0.9224598930481284,0.8536821705426356,0.6186420768236813,0.6843501326259946,0.797497552157867,0.7761464187633127,0.7876463413595063,0.7670682730923695,0.7166979362101313,0.621073224798279
0.6099999999999998,0.5,1,4,0.6815068493150684,0.9088471849865952,0.8448940269749519,0.606145448889266,0.6878727634194831,0.7951770171508318,0.7765456787953771,0.7870105345858361,0.7453183520599251,0.7119856887298748,0.6072822048075238
0.6099999999999998,0.5,2,4,0.7635135135135135,0.9057591623036649,0.8660377358490566,0.6678904912361217,0.7024519549370444,0.8346363379085893,0.7347571406930072,0.8316004812453682,0.7583892617449665,0.7609427609427609,0.667897798054537
0.6099999999999998,0.5,3,4,0.6986301369863014,0.9151436031331592,0.8553875236294896,0.6291053564963957,0.7015915119363395,0.8068868700597303,0.7705138096181002,0.7995917088233572,0.758364312267658,0.7272727272727273,0.6300854811713689
0.6099999999999998,0.5,4,4,0.6904761904761905,0.916452442159383,0.8544776119402985,0.6240963855421686,0.7108753315649867,0.8034643163177868,0.7558335440139132,0.7954801009546449,0.7574626865671642,0.7224199288256228,0.6253248227615191
0.6099999999999998,0.5,5,4,0.6725352112676056,0.9224598930481284,0.8536821705426356,0.6186420768236813,0.6843501326259946,0.797497552157867,0.7796235806780832,0.7876463413595063,0.7670682730923695,0.7166979362101313,0.621073224798279
0.6199999999999998,0.5,1,4,0.6815068493150684,0.9088471849865952,0.8448940269749519,0.606145448889266,0.6878727634194831,0.7951770171508318,0.7698498524287161,0.7870105345858361,0.7453183520599251,0.7119856887298748,0.6072822048075238
0.6199999999999998,0.5,2,4,0.7635135135135135,0.9057591623036649,0.8660377358490566,0.6678904912361217,0.7024519549370444,0.8346363379085893,0.7265450417051207,0.8316004812453682,0.7583892617449665,0.7609427609427609,0.667897798054537
0.6199999999999998,0.5,3,4,0.6986301369863014,0.9151436031331592,0.8553875236294896,0.6291053564963957,0.7015915119363395,0.8068868700597303,0.7743589806180885,0.7995917088233572,0.758364312267658,0.7272727272727273,0.6300854811713689
0.6199999999999998,0.5,4,4,0.6904761904761905,0.916452442159383,0.8544776119402985,0.6240963855421686,0.7108753315649867,0.8034643163177868,0.7521502735932984,0.7954801009546449,0.7574626865671642,0.7224199288256228,0.6253248227615191
0.6199999999999998,0.5,5,4,0.6725352112676056,0.9224598930481284,0.8536821705426356,0.6186420768236813,0.6843501326259946,0.797497552157867,0.7572456984831432,0.7876463413595063,0.7670682730923695,0.7166979362101313,0.621073224798279
0.6299999999999997,0.5,1,4,0.6815068493150684,0.9088471849865952,0.8448940269749519,0.606145448889266,0.6878727634194831,0.7951770171508318,0.7755492653640672,0.7870105345858361,0.7453183520599251,0.7119856887298748,0.6072822048075238
0.6299999999999997,0.5,2,4,0.7635135135135135,0.9057591623036649,0.8660377358490566,0.6678904912361217,0.7024519549370444,0.8346363379085893,0.7373167733314822,0.8316004812453682,0.7583892617449665,0.7609427609427609,0.667897798054537
0.6299999999999997,0.5,3,4,0.6986301369863014,0.9151436031331592,0.8553875236294896,0.6291053564963957,0.7015915119363395,0.8068868700597303,0.7732018454008905,0.7995917088233572,0.758364312267658,0.7272727272727273,0.6300854811713689
0.6299999999999997,0.5,4,4,0.6904761904761905,0.916452442159383,0.8544776119402985,0.6240963855421686,0.7108753315649867,0.8034643163177868,0.7575898142546464,0.7954801009546449,0.7574626865671642,0.7224199288256228,0.6253248227615191
0.6299999999999997,0.5,5,4,0.6725352112676056,0.9224598930481284,0.8536821705426356,0.6186420768236813,0.6843501326259946,0.797497552157867,0.7651046128832674,0.7876463413595063,0.7670682730923695,0.7166979362101313,0.621073224798279
0.6399999999999997,0.5,1,4,0.6815068493150684,0.9088471849865952,0.8448940269749519,0.606145448889266,0.6878727634194831,0.7951770171508318,0.745356308027293,0.7870105345858361,0.7453183520599251,0.7119856887298748,0.6072822048075238
0.6399999999999997,0.5,2,4,0.7635135135135135,0.9057591623036649,0.8660377358490566,0.6678904912361217,0.7024519549370444,0.8346363379085893,0.7165941170854307,0.8316004812453682,0.7583892617449665,0.7609427609427609,0.667897798054537
0.6399999999999997,0.5,3,4,0.6986301369863014,0.9151436031331592,0.8553875236294896,0.6291053564963957,0.7015915119363395,0.8068868700597303,0.7480041986834036,0.7995917088233572,0.758364312267658,0.7272727272727273,0.6300854811713689
0.6399999999999997,0.5,4,4,0.6904761904761905,0.916452442159383,0.8544776119402985,0.6240963855421686,0.7108753315649867,0.8034643163177868,0.754708043164934,0.7954801009546449,0.7574626865671642,0.7224199288256228,0.6253248227615191
0.6399999999999997,0.5,5,4,0.6725352112676056,0.9211229946524064,0.8527131782945736,0.616551939924906,0.6843501326259946,0.7968291029600061,0.7474897425886164,0.7870753761946855,0.764,0.7153558052434457,0.618832427829971
0.6499999999999997,0.5,1,4,0.6815068493150684,0.9088471849865952,0.8448940269749519,0.606145448889266,0.6878727634194831,0.7951770171508318,0.7767169123943338,0.7870105345858361,0.7453183520599251,0.7119856887298748,0.6072822048075238
0.6499999999999997,0.5,2,4,0.7635135135135135,0.9057591623036649,0.8660377358490566,0.6678904912361217,0.7024519549370444,0.8346363379085893,0.7497077580220143,0.8316004812453682,0.7583892617449665,0.7609427609427609,0.667897798054537
0.6499999999999997,0.5,3,4,0.6986301369863014,0.9151436031331592,0.8553875236294896,0.6291053564963957,0.7015915119363395,0.8068868700597303,0.7759475946951522,0.7995917088233572,0.758364312267658,0.7272727272727273,0.6300854811713689
0.6499999999999997,0.5,4,4,0.6904761904761905,0.916452442159383,0.8544776119402985,0.6240963855421686,0.7108753315649867,0.8034643163177868,0.7542516465069194,0.7954801009546449,0.7574626865671642,0.7224199288256228,0.6253248227615191
0.6499999999999997,0.5,5,4,0.6725352112676056,0.9211229946524064,0.8527131782945736,0.616551939924906,0.6843501326259946,0.7968291029600061,0.7816840378763998,0.7870753761946855,0.764,0.7153558052434457,0.618832427829971
0.6599999999999997,0.5,1,4,0.6815068493150684,0.9088471849865952,0.8448940269749519,0.606145448889266,0.6878727634194831,0.7951770171508318,0.7760877493165046,0.7870105345858361,0.7453183520599251,0.7119856887298748,0.6072822048075238
0.6599999999999997,0.5,2,4,0.7635135135135135,0.9057591623036649,0.8660377358490566,0.6678904912361217,0.7024519549370444,0.8346363379085893,0.7086506274674643,0.8316004812453682,0.7583892617449665,0.7609427609427609,0.667897798054537
0.6599999999999997,0.5,3,4,0.6986301369863014,0.9151436031331592,0.8553875236294896,0.6291053564963957,0.7015915119363395,0.8068868700597303,0.7580535988855954,0.7995917088233572,0.758364312267658,0.7272727272727273,0.6300854811713689
0.6599999999999997,0.5,4,4,0.6904761904761905,0.916452442159383,0.8544776119402985,0.6240963855421686,0.7108753315649867,0.8034643163177868,0.754957604739831,0.7954801009546449,0.7574626865671642,0.7224199288256228,0.6253248227615191
0.6599999999999997,0.5,5,4,0.6725352112676056,0.9211229946524064,0.8527131782945736,0.616551939924906,0.6843501326259946,0.7968291029600061,0.7773983421573933,0.7870753761946855,0.764,0.7153558052434457,0.618832427829971
0.6699999999999997,0.5,1,4,0.6815068493150684,0.9088471849865952,0.8448940269749519,0.606145448889266,0.6878727634194831,0.7951770171508318,0.7756078685788548,0.7870105345858361,0.7453183520599251,0.7119856887298748,0.6072822048075238
0.6699999999999997,0.5,2,4,0.7635135135135135,0.9057591623036649,0.8660377358490566,0.6678904912361217,0.7024519549370444,0.8346363379085893,0.7318762853583414,0.8316004812453682,0.7583892617449665,0.7609427609427609,0.667897798054537
0.6699999999999997,0.5,3,4,0.6986301369863014,0.9151436031331592,0.8553875236294896,0.6291053564963957,0.7015915119363395,0.8068868700597303,0.7747559361323677,0.7995917088233572,0.758364312267658,0.7272727272727273,0.6300854811713689
0.6699999999999997,0.5,4,4,0.6904761904761905,0.916452442159383,0.8544776119402985,0.6240963855421686,0.7108753315649867,0.8034643163177868,0.7551231713389002,0.7954801009546449,0.7574626865671642,0.7224199288256228,0.6253248227615191
0.6699999999999997,0.5,5,4,0.6725352112676056,0.9211229946524064,0.8527131782945736,0.616551939924906,0.6843501326259946,0.7968291029600061,0.7759831629957218,0.7870753761946855,0.764,0.7153558052434457,0.618832427829971
0.6799999999999997,0.5,1,4,0.6815068493150684,0.9088471849865952,0.8448940269749519,0.606145448889266,0.6878727634194831,0.7951770171508318,0.752408619850481,0.7870105345858361,0.7453183520599251,0.7119856887298748,0.6072822048075238
0.6799999999999997,0.5,2,4,0.7635135135135135,0.9057591623036649,0.8660377358490566,0.6678904912361217,0.7024519549370444,0.8346363379085893,0.7336728533022249,0.8316004812453682,0.7583892617449665,0.7609427609427609,0.667897798054537
0.6799999999999997,0.5,3,4,0.6986301369863014,0.9151436031331592,0.8553875236294896,0.6291053564963957,0.7015915119363395,0.8068868700597303,0.7742289872205509,0.7995917088233572,0.758364312267658,0.7272727272727273,0.6300854811713689
0.6799999999999997,0.5,4,4,0.6904761904761905,0.916452442159383,0.8544776119402985,0.6240963855421686,0.7108753315649867,0.8034643163177868,0.7074512597951854,0.7954801009546449,0.7574626865671642,0.7224199288256228,0.6253248227615191
0.6799999999999997,0.5,5,4,0.6725352112676056,0.9211229946524064,0.8527131782945736,0.616551939924906,0.6843501326259946,0.7968291029600061,0.7790566658340071,0.7870753761946855,0.764,0.7153558052434457,0.618832427829971
0.6899999999999997,0.5,1,4,0.6815068493150684,0.9088471849865952,0.8448940269749519,0.606145448889266,0.6878727634194831,0.7951770171508318,0.7759245224320954,0.7870105345858361,0.7453183520599251,0.7119856887298748,0.6072822048075238
0.6899999999999997,0.5,2,4,0.7635135135135135,0.9057591623036649,0.8660377358490566,0.6678904912361217,0.7024519549370444,0.8346363379085893,0.7396855573836445,0.8316004812453682,0.7583892617449665,0.7609427609427609,0.667897798054537
0.6899999999999997,0.5,3,4,0.6986301369863014,0.9151436031331592,0.8553875236294896,0.6291053564963957,0.7015915119363395,0.8068868700597303,0.7640888653912463,0.7995917088233572,0.758364312267658,0.7272727272727273,0.6300854811713689
0.6899999999999997,0.5,4,4,0.6904761904761905,0.916452442159383,0.8544776119402985,0.6240963855421686,0.7108753315649867,0.8034643163177868,0.7535463827859288,0.7954801009546449,0.7574626865671642,0.7224199288256228,0.6253248227615191
0.6899999999999997,0.5,5,4,0.6725352112676056,0.9211229946524064,0.8527131782945736,0.616551939924906,0.6843501326259946,0.7968291029600061,0.7487122902882237,0.7870753761946855,0.764,0.7153558052434457,0.618832427829971
0.6999999999999996,0.5,1,4,0.6815068493150684,0.9088471849865952,0.8448940269749519,0.606145448889266,0.6878727634194831,0.7951770171508318,0.773012094506629,0.7870105345858361,0.7453183520599251,0.7119856887298748,0.6072822048075238
0.6999999999999996,0.5,2,4,0.7635135135135135,0.9057591623036649,0.8660377358490566,0.6678904912361217,0.7024519549370444,0.8346363379085893,0.7514580486835676,0.8316004812453682,0.7583892617449665,0.7609427609427609,0.667897798054537
0.6999999999999996,0.5,3,4,0.6986301369863014,0.9151436031331592,0.8553875236294896,0.6291053564963957,0.7015915119363395,0.8068868700597303,0.777185906224561,0.7995917088233572,0.758364312267658,0.7272727272727273,0.6300854811713689
0.6999999999999996,0.5,4,4,0.6938775510204082,0.916452442159383,0.855410447761194,0.6269119192390943,0.7108753315649867,0.8051649965898956,0.756770917053179,0.7974370045290254,0.758364312267658,0.7246891651865008,0.6280500635406923
0.6999999999999996,0.5,5,4,0.6725352112676056,0.9197860962566845,0.8517441860465116,0.6144665390475446,0.6843501326259946,0.7961606537621451,0.7754418416958265,0.7865039965359334,0.7609561752988048,0.7140186915887851,0.6166020255191742
0.7099999999999996,0.5,1,4,0.6815068493150684,0.9088471849865952,0.8448940269749519,0.606145448889266,0.6878727634194831,0.7951770171508318,0.7737314738304069,0.7870105345858361,0.7453183520599251,0.7119856887298748,0.6072822048075238
0.7099999999999996,0.5,2,4,0.7601351351351351,0.9057591623036649,0.8650943396226415,0.6652059829135339,0.7024519549370444,0.8329471487194,0.744362046036481,0.8297586174530417,0.7575757575757576,0.7588532883642496,0.6652078060166702
0.7099999999999996,0.5,3,4,0.6986301369863014,0.9151436031331592,0.8553875236294896,0.6291053564963957,0.7015915119363395,0.8068868700597303,0.7783163550932745,0.7995917088233572,0.758364312267658,0.7272727272727273,0.6300854811713689
0.7099999999999996,0.5,4,4,0.6938775510204082,0.916452442159383,0.855410447761194,0.6269119192390943,0.7108753315649867,0.8051649965898956,0.7528144663298671,0.7974370045290254,0.758364312267658,0.7246891651865008,0.6280500635406923
0.7099999999999996,0.5,5,4,0.6725352112676056,0.9197860962566845,0.8517441860465116,0.6144665390475446,0.6843501326259946,0.7961606537621451,0.7748734462906544,0.7865039965359334,0.7609561752988048,0.7140186915887851,0.6166020255191742
0.7199999999999996,0.5,1,4,0.678082191780822,0.9088471849865952,0.8439306358381503,0.6032746661633559,0.6878727634194831,0.7934646883837085,0.7754113519614927,0.7850306307333114,0.7443609022556391,0.7096774193548387,0.6045012707915349
0.7199999999999996,0.5,2,4,0.7601351351351351,0.9057591623036649,0.8650943396226415,0.6652059829135339,0.7024519549370444,0.8329471487194,0.7466789294018776,0.8297586174530417,0.7575757575757576,0.7588532883642496,0.6652078060166702
0.7199999999999996,0.5,3,4,0.6986301369863014,0.9151436031331592,0.8553875236294896,0.6291053564963957,0.7015915119363395,0.8068868700597303,0.7564087686590699,0.7995917088233572,0.758364312267658,0.7272727272727273,0.6300854811713689
0.7199999999999996,0.5,4,4,0.6972789115646258,0.916452442159383,0.8563432835820896,0.629721340008254,0.7108753315649867,0.8068656768620044,0.7574373862805094,0.7993891176202225,0.7592592592592593,0.7269503546099291,0.6307724377877709
0.7199999999999996,0.5,5,4,0.6690140845070423,0.9197860962566845,0.8507751937984496,0.6115065707133915,0.6843501326259946,0.7944000903818633,0.7733008654358071,0.7844423835626629,0.76,0.7116104868913857,0.6137683969247398
0.7299999999999996,0.5,1,4,0.678082191780822,0.9088471849865952,0.8439306358381503,0.6032746661633559,0.6878727634194831,0.7934646883837085,0.77753015058175,0.7850306307333114,0.7443609022556391,0.7096774193548387,0.6045012707915349
0.7299999999999996,0.5,2,4,0.7601351351351351,0.9057591623036649,0.8650943396226415,0.6652059829135339,0.7024519549370444,0.8329471487194,0.7329690124101117,0.8297586174530417,0.7575757575757576,0.7588532883642496,0.6652078060166702
0.7299999999999996,0.5,3,4,0.6986301369863014,0.9151436031331592,0.8553875236294896,0.6291053564963957,0.7015915119363395,0.8068868700597303,0.7646478541529182,0.7995917088233572,0.758364312267658,0.7272727272727273,0.6300854811713689
0.7299999999999996,0.5,4,4,0.6972789115646258,0.916452442159383,0.8563432835820896,0.629721340008254,0.7108753315649867,0.8068656768620044,0.7562878246234301,0.7993891176202225,0.7592592592592593,0.7269503546099291,0.6307724377877709
0.7299999999999996,0.5,5,4,0.6690140845070423,0.9197860962566845,0.8507751937984496,0.6115065707133915,0.6843501326259946,0.7944000903818633,0.7778308910067673,0.7844423835626629,0.76,0.7116104868913857,0.6137683969247398
0.7399999999999997,0.5,1,4,0.678082191780822,0.9088471849865952,0.8439306358381503,0.6032746661633559,0.6878727634194831,0.7934646883837085,0.7607513248181866,0.7850306307333114,0.7443609022556391,0.7096774193548387,0.6045012707915349
0.7399999999999997,0.5,2,4,0.7601351351351351,0.9057591623036649,0.8650943396226415,0.6652059829135339,0.7024519549370444,0.8329471487194,0.7294083522807695,0.8297586174530417,0.7575757575757576,0.7588532883642496,0.6652078060166702
0.7399999999999997,0.5,3,4,0.6986301369863014,0.9151436031331592,0.8553875236294896,0.6291053564963957,0.7015915119363395,0.8068868700597303,0.7757517385820308,0.7995917088233572,0.758364312267658,0.7272727272727273,0.6300854811713689
0.7399999999999997,0.5,4,4,0.6972789115646258,0.916452442159383,0.8563432835820896,0.629721340008254,0.7108753315649867,0.8068656768620044,0.7539730042247926,0.7993891176202225,0.7592592592592593,0.7269503546099291,0.6307724377877709
0.7399999999999997,0.5,5,4,0.6690140845070423,0.9197860962566845,0.8507751937984496,0.6115065707133915,0.6843501326259946,0.7944000903818633,0.7777332463176534,0.7844423835626629,0.76,0.7116104868913857,0.6137683969247398
0.7499999999999997,0.5,1,4,0.678082191780822,0.9088471849865952,0.8439306358381503,0.6032746661633559,0.6878727634194831,0.7934646883837085,0.7768992889824602,0.7850306307333114,0.7443609022556391,0.7096774193548387,0.6045012707915349
0.7499999999999997,0.5,2,4,0.7601351351351351,0.9057591623036649,0.8650943396226415,0.6652059829135339,0.7024519549370444,0.8329471487194,0.747401817459505,0.8297586174530417,0.7575757575757576,0.7588532883642496,0.6652078060166702
0.7499999999999997,0.5,3,4,0.6986301369863014,0.9151436031331592,0.8553875236294896,0.6291053564963957,0.7015915119363395,0.8068868700597303,0.754641356378605,0.7995917088233572,0.758364312267658,0.7272727272727273,0.6300854811713689
0.7499999999999997,0.5,4,4,0.6972789115646258,0.916452442159383,0.8563432835820896,0.629721340008254,0.7108753315649867,0.8068656768620044,0.7537083037558768,0.7993891176202225,0.7592592592592593,0.7269503546099291,0.6307724377877709
0.7499999999999997,0.5,5,4,0.6654929577464789,0.9197860962566845,0.8498062015503876,0.608539880183249,0.6843501326259946,0.7926395270015817,0.7325044460299914,0.782375338115887,0.7590361445783133,0.7091932457786116,0.6109313284092821
0.7599999999999997,0.5,1,4,0.678082191780822,0.9088471849865952,0.8439306358381503,0.6032746661633559,0.6878727634194831,0.7934646883837085,0.7504630278253831,0.7850306307333114,0.7443609022556391,0.7096774193548387,0.6045012707915349
0.7599999999999997,0.5,2,4,0.7601351351351351,0.9057591623036649,0.8650943396226415,0.6652059829135339,0.7024519549370444,0.8329471487194,0.7484017760570691,0.8297586174530417,0.7575757575757576,0.7588532883642496,0.6652078060166702
0.7599999999999997,0.5,3,4,0.6986301369863014,0.9151436031331592,0.8553875236294896,0.6291053564963957,0.7015915119363395,0.8068868700597303,0.7752417002638522,0.7995917088233572,0.758364312267658,0.7272727272727273,0.6300854811713689
0.7599999999999997,0.5,4,4,0.6972789115646258,0.916452442159383,0.8563432835820896,0.629721340008254,0.7108753315649867,0.8068656768620044,0.7524336736683164,0.7993891176202225,0.7592592592592593,0.7269503546099291,0.6307724377877709
0.7599999999999997,0.5,5,4,0.6654929577464789,0.9197860962566845,0.8498062015503876,0.608539880183249,0.6843501326259946,0.7926395270015817,0.773585089318415,0.782375338115887,0.7590361445783133,0.7091932457786116,0.6109313284092821
0.7699999999999997,0.5,1,4,0.678082191780822,0.9088471849865952,0.8439306358381503,0.6032746661633559,0.6878727634194831,0.7934646883837085,0.7647650447172311,0.7850306307333114,0.7443609022556391,0.7096774193548387,0.6045012707915349
0.7699999999999997,0.5,2,4,0.7601351351351351,0.9057591623036649,0.8650943396226415,0.6652059829135339,0.7024519549370444,0.8329471487194,0.7443030360427181,0.8297586174530417,0.7575757575757576,0.7588532883642496,0.6652078060166702
0.7699999999999997,0.5,3,4,0.6986301369863014,0.9151436031331592,0.8553875236294896,0.6291053564963957,0.7015915119363395,0.8068868700597303,0.7617839747101496,0.7995917088233572,0.758364312267658,0.7272727272727273,0.6300854811713689
0.7699999999999997,0.5,4,4,0.6972789115646258,0.916452442159383,0.8563432835820896,0.629721340008254,0.7108753315649867,0.8068656768620044,0.7563911353344072,0.7993891176202225,0.7592592592592593,0.7269503546099291,0.6307724377877709
0.7699999999999997,0.5,5,4,0.6654929577464789,0.9197860962566845,0.8498062015503876,0.608539880183249,0.6843501326259946,0.7926395270015817,0.759466946182663,0.782375338115887,0.7590361445783133,0.7091932457786116,0.6109313284092821
0.7799999999999997,0.5,1,4,0.678082191780822,0.9088471849865952,0.8439306358381503,0.6032746661633559,0.6878727634194831,0.7934646883837085,0.7754816584148113,0.7850306307333114,0.7443609022556391,0.7096774193548387,0.6045012707915349
0.7799999999999997,0.5,2,4,0.7567567567567568,0.9057591623036649,0.8641509433962264,0.6625159190604217,0.7024519549370444,0.8312579595302109,0.7195105730224773,0.8279126560620017,0.7567567567567568,0.7567567567567568,0.6625159190604217
0.7799999999999997,0.5,3,4,0.6986301369863014,0.9151436031331592,0.8553875236294896,0.6291053564963957,0.7015915119363395,0.8068868700597303,0.7679674641257339,0.7995917088233572,0.758364312267658,0.7272727272727273,0.6300854811713689
0.7799999999999997,0.5,4,4,0.6972789115646258,0.916452442159383,0.8563432835820896,0.629721340008254,0.7108753315649867,0.8068656768620044,0.7539680909462944,0.7993891176202225,0.7592592592592593,0.7269503546099291,0.6307724377877709
0.7799999999999997,0.5,5,4,0.6654929577464789,0.9197860962566845,0.8498062015503876,0.608539880183249,0.6843501326259946,0.7926395270015817,0.7768368001819397,0.782375338115887,0.7590361445783133,0.7091932457786116,0.6109313284092821
0.7899999999999996,0.5,1,4,0.678082191780822,0.9088471849865952,0.8439306358381503,0.6032746661633559,0.6878727634194831,0.7934646883837085,0.7567848611816059,0.7850306307333114,0.7443609022556391,0.7096774193548387,0.6045012707915349
0.7899999999999996,0.5,2,4,0.7567567567567568,0.9057591623036649,0.8641509433962264,0.6625159190604217,0.7024519549370444,0.8312579595302109,0.7168543778351492,0.8279126560620017,0.7567567567567568,0.7567567567567568,0.6625159190604217
0.7899999999999996,0.5,3,4,0.6986301369863014,0.9151436031331592,0.8553875236294896,0.6291053564963957,0.7015915119363395,0.8068868700597303,0.7704204279589109,0.7995917088233572,0.758364312267658,0.7272727272727273,0.6300854811713689
0.7899999999999996,0.5,4,4,0.6972789115646258,0.916452442159383,0.8563432835820896,0.629721340008254,0.7108753315649867,0.8068656768620044,0.7547825753157744,0.7993891176202225,0.7592592592592593,0.7269503546099291,0.6307724377877709
0.7899999999999996,0.5,5,4,0.6654929577464789,0.9197860962566845,0.8498062015503876,0.608539880183249,0.6843501326259946,0.7926395270015817,0.7587720317299005,0.782375338115887,0.7590361445783133,0.7091932457786116,0.6109313284092821
0.7999999999999996,0.5,1,4,0.678082191780822,0.9088471849865952,0.8439306358381503,0.6032746661633559,0.6878727634194831,0.7934646883837085,0.7752891778411926,0.7850306307333114,0.7443609022556391,0.7096774193548387,0.6045012707915349
0.7999999999999996,0.5,2,4,0.7567567567567568,0.9057591623036649,0.8641509433962264,0.6625159190604217,0.7024519549370444,0.8312579595302109,0.7309680772756373,0.8279126560620017,0.7567567567567568,0.7567567567567568,0.6625159190604217
0.7999999999999996,0.5,3,4,0.6986301369863014,0.9151436031331592,0.8553875236294896,0.6291053564963957,0.7015915119363395,0.8068868700597303,0.7766597487227457,0.7995917088233572,0.758364312267658,0.7272727272727273,0.6300854811713689
0.7999999999999996,0.5,4,4,0.6972789115646258,0.916452442159383,0.8563432835820896,0.629721340008254,0.7108753315649867,0.8068656768620044,0.7565644157019656,0.7993891176202225,0.7592592592592593,0.7269503546099291,0.6307724377877709
0.7999999999999996,0.5,5,4,0.6654929577464789,0.9197860962566845,0.8498062015503876,0.608539880183249,0.6843501326259946,0.7926395270015817,0.7754468921690473,0.782375338115887,0.7590361445783133,0.7091932457786116,0.6109313284092821
0.8099999999999996,0.5,1,4,0.678082191780822,0.9088471849865952,0.8439306358381503,0.6032746661633559,0.6878727634194831,0.7934646883837085,0.7510542969142839,0.7850306307333114,0.7443609022556391,0.7096774193548387,0.6045012707915349
0.8099999999999996,0.5,2,4,0.7567567567567568,0.9057591623036649,0.8641509433962264,0.6625159190604217,0.7024519549370444,0.8312579595302109,0.724678535001271,0.8279126560620017,0.7567567567567568,0.7567567567567568,0.6625159190604217
0.8099999999999996,0.5,3,4,0.6986301369863014,0.9151436031331592,0.8553875236294896,0.6291053564963957,0.7015915119363395,0.8068868700597303,0.7780431439817859,0.7995917088233572,0.758364312267658,0.7272727272727273,0.6300854811713689
0.8099999999999996,0.5,4,4,0.6972789115646258,0.916452442159383,0.8563432835820896,0.629721340008254,0.7108753315649867,0.8068656768620044,0.7464045651260004,0.7993891176202225,0.7592592592592593,0.7269503546099291,0.6307724377877709
0.8099999999999996,0.5,5,4,0.6654929577464789,0.9184491978609626,0.8488372093023255,0.6064612015018772,0.6843501326259946,0.7919710778037208,0.7322442632999653,0.7818065446287675,0.756,0.7078651685393258,0.6087043660195085
0.8199999999999996,0.5,1,4,0.6746575342465754,0.9088471849865952,0.8429672447013488,0.600397727004341,0.6878727634194831,0.7917523596165852,0.7724743311927741,0.7830457207788045,0.7433962264150943,0.7073608617594255,0.6017173419779833
0.8199999999999996,0.5,2,4,0.7567567567567568,0.9057591623036649,0.8641509433962264,0.6625159190604217,0.7024519549370444,0.8312579595302109,0.7449372089431732,0.8279126560620017,0.7567567567567568,0.7567567567567568,0.6625159190604217
0.8199999999999996,0.5,3,4,0.6986301369863014,0.9151436031331592,0.8553875236294896,0.6291053564963957,0.7015915119363395,0.8068868700597303,0.7797769093967881,0.7995917088233572,0.758364312267658,0.7272727272727273,0.6300854811713689
0.8199999999999996,0.5,4,4,0.6972789115646258,0.916452442159383,0.8563432835820896,0.629721340008254,0.7108753315649867,0.8068656768620044,0.7570259584652019,0.7993891176202225,0.7592592592592593,0.7269503546099291,0.6307724377877709
0.8199999999999996,0.5,5,4,0.6654929577464789,0.9184491978609626,0.8488372093023255,0.6064612015018772,0.6843501326259946,0.7919710778037208,0.7763597693598098,0.7818065446287675,0.756,0.7078651685393258,0.6087043660195085
0.8299999999999996,0.5,1,4,0.6746575342465754,0.9088471849865952,0.8429672447013488,0.600397727004341,0.6878727634194831,0.7917523596165852,0.7748715357557805,0.7830457207788045,0.7433962264150943,0.7073608617594255,0.6017173419779833
0.8299999999999996,0.5,2,4,0.7567567567567568,0.9057591623036649,0.8641509433962264,0.6625159190604217,0.7024519549370444,0.8312579595302109,0.7470684815591757,0.8279126560620017,0.7567567567567568,0.7567567567567568,0.6625159190604217
0.8299999999999996,0.5,3,4,0.6986301369863014,0.9151436031331592,0.8553875236294896,0.6291053564963957,0.7015915119363395,0.8068868700597303,0.7655349816838618,0.7995917088233572,0.758364312267658,0.7272727272727273,0.6300854811713689
0.8299999999999996,0.5,4,4,0.6972789115646258,0.916452442159383,0.8563432835820896,0.629721340008254,0.7108753315649867,0.8068656768620044,0.7464100253634827,0.7993891176202225,0.7592592592592593,0.7269503546099291,0.6307724377877709
0.8299999999999996,0.5,5,4,0.6654929577464789,0.9184491978609626,0.8488372093023255,0.6064612015018772,0.6843501326259946,0.7919710778037208,0.7762314528998622,0.7818065446287675,0.756,0.7078651685393258,0.6087043660195085
0.8399999999999996,0.5,1,4,0.6746575342465754,0.9088471849865952,0.8429672447013488,0.600397727004341,0.6878727634194831,0.7917523596165852,0.7628964399846772,0.7830457207788045,0.7433962264150943,0.7073608617594255,0.6017173419779833
0.8399999999999996,0.5,2,4,0.7567567567567568,0.9057591623036649,0.8641509433962264,0.6625159190604217,0.7024519549370444,0.8312579595302109,0.7388927095963485,0.8279126560620017,0.7567567567567568,0.7567567567567568,0.6625159190604217
0.8399999999999996,0.5,3,4,0.6986301369863014,0.9151436031331592,0.8553875236294896,0.6291053564963957,0.7015915119363395,0.8068868700597303,0.7668738215978679,0.7995917088233572,0.758364312267658,0.7272727272727273,0.6300854811713689
0.8399999999999996,0.5,4,4,0.6972789115646258,0.916452442159383,0.8563432835820896,0.629721340008254,0.7108753315649867,0.8068656768620044,0.756335180768428,0.7993891176202225,0.7592592592592593,0.7269503546099291,0.6307724377877709
0.8399999999999996,0.5,5,4,0.6654929577464789,0.9184491978609626,0.8488372093023255,0.6064612015018772,0.6843501326259946,0.7919710778037208,0.7757712140641992,0.7818065446287675,0.756,0.7078651685393258,0.6087043660195085
0.8499999999999996,0.5,1,4,0.6746575342465754,0.9088471849865952,0.8429672447013488,0.600397727004341,0.6878727634194831,0.7917523596165852,0.7442566351188792,0.7830457207788045,0.7433962264150943,0.7073608617594255,0.6017173419779833
0.8499999999999996,0.5,2,4,0.7533783783783784,0.9057591623036649,0.8632075471698113,0.6598202824133504,0.7024519549370444,0.8295687703410217,0.7452801543200696,0.826062569602142,0.7559322033898305,0.754653130287648,0.65982209825631
0.8499999999999996,0.5,3,4,0.6986301369863014,0.9151436031331592,0.8553875236294896,0.6291053564963957,0.7015915119363395,0.8068868700597303,0.7697231787688917,0.7995917088233572,0.758364312267658,0.7272727272727273,0.6300854811713689
0.8499999999999996,0.5,4,4,0.6972789115646258,0.916452442159383,0.8563432835820896,0.629721340008254,0.7108753315649867,0.8068656768620044,0.7535087495693795,0.7993891176202225,0.7592592592592593,0.7269503546099291,0.6307724377877709
0.8499999999999996,0.5,5,4,0.6654929577464789,0.9184491978609626,0.8488372093023255,0.6064612015018772,0.6843501326259946,0.7919710778037208,0.7770278883350742,0.7818065446287675,0.756,0.7078651685393258,0.6087043660195085
0.8599999999999995,0.5,1,4,0.6746575342465754,0.9088471849865952,0.8429672447013488,0.600397727004341,0.6878727634194831,0.7917523596165852,0.7562833803096607,0.7830457207788045,0.7433962264150943,0.7073608617594255,0.6017173419779833
0.8599999999999995,0.5,2,4,0.7533783783783784,0.9057591623036649,0.8632075471698113,0.6598202824133504,0.7024519549370444,0.8295687703410217,0.7382223233470768,0.826062569602142,0.7559322033898305,0.754653130287648,0.65982209825631
0.8599999999999995,0.5,3,4,0.6986301369863014,0.9151436031331592,0.8553875236294896,0.6291053564963957,0.7015915119363395,0.8068868700597303,0.772249314448906,0.7995917088233572,0.758364312267658,0.7272727272727273,0.6300854811713689
0.8599999999999995,0.5,4,4,0.6972789115646258,0.916452442159383,0.8563432835820896,0.629721340008254,0.7108753315649867,0.8068656768620044,0.7564898104048203,0.7993891176202225,0.7592592592592593,0.7269503546099291,0.6307724377877709
0.8599999999999995,0.5,5,4,0.6654929577464789,0.9184491978609626,0.8488372093023255,0.6064612015018772,0.6843501326259946,0.7919710778037208,0.7760781240458667,0.7818065446287675,0.756,0.7078651685393258,0.6087043660195085
0.8699999999999996,0.5,1,4,0.6746575342465754,0.9088471849865952,0.8429672447013488,0.600397727004341,0.6878727634194831,0.7917523596165852,0.763157449931379,0.7830457207788045,0.7433962264150943,0.7073608617594255,0.6017173419779833
0.8699999999999996,0.5,2,4,0.7533783783783784,0.9057591623036649,0.8632075471698113,0.6598202824133504,0.7024519549370444,0.8295687703410217,0.7401774352693836,0.826062569602142,0.7559322033898305,0.754653130287648,0.65982209825631
0.8699999999999996,0.5,3,4,0.6986301369863014,0.9151436031331592,0.8553875236294896,0.6291053564963957,0.7015915119363395,0.8068868700597303,0.7671806147290781,0.7995917088233572,0.758364312267658,0.7272727272727273,0.6300854811713689
0.8699999999999996,0.5,4,4,0.6972789115646258,0.916452442159383,0.8563432835820896,0.629721340008254,0.7108753315649867,0.8068656768620044,0.7532076089818087,0.7993891176202225,0.7592592592592593,0.7269503546099291,0.6307724377877709
0.8699999999999996,0.5,5,4,0.6654929577464789,0.9184491978609626,0.8488372093023255,0.6064612015018772,0.6843501326259946,0.7919710778037208,0.7535816924188963,0.7818065446287675,0.756,0.7078651685393258,0.6087043660195085
0.8799999999999996,0.5,1,4,0.6746575342465754,0.9088471849865952,0.8429672447013488,0.600397727004341,0.6878727634194831,0.7917523596165852,0.7721694236360654,0.7830457207788045,0.7433962264150943,0.7073608617594255,0.6017173419779833
0.8799999999999996,0.5,2,4,0.7533783783783784,0.9057591623036649,0.8632075471698113,0.6598202824133504,0.7024519549370444,0.8295687703410217,0.7330900318697029,0.826062569602142,0.7559322033898305,0.754653130287648,0.65982209825631
0.8799999999999996,0.5,3,4,0.6986301369863014,0.9151436031331592,0.8553875236294896,0.6291053564963957,0.7015915119363395,0.8068868700597303,0.7595377498497642,0.7995917088233572,0.758364312267658,0.7272727272727273,0.6300854811713689
0.8799999999999996,0.5,4,4,0.6972789115646258,0.916452442159383,0.8563432835820896,0.629721340008254,0.7108753315649867,0.8068656768620044,0.7580558533630117,0.7993891176202225,0.7592592592592593,0.7269503546099291,0.6307724377877709
0.8799999999999996,0.5,5,4,0.6654929577464789,0.9184491978609626,0.8488372093023255,0.6064612015018772,0.6843501326259946,0.7919710778037208,0.7766477741647546,0.7818065446287675,0.756,0.7078651685393258,0.6087043660195085
0.8899999999999996,0.5,1,4,0.6746575342465754,0.9088471849865952,0.8429672447013488,0.600397727004341,0.6878727634194831,0.7917523596165852,0.7758619463131784,0.7830457207788045,0.7433962264150943,0.7073608617594255,0.6017173419779833
0.8899999999999996,0.5,2,4,0.7533783783783784,0.9057591623036649,0.8632075471698113,0.6598202824133504,0.7024519549370444,0.8295687703410217,0.7194538705045805,0.826062569602142,0.7559322033898305,0.754653130287648,0.65982209825631
0.8899999999999996,0.5,3,4,0.6986301369863014,0.9151436031331592,0.8553875236294896,0.6291053564963957,0.7015915119363395,0.8068868700597303,0.7767591853073901,0.7995917088233572,0.758364312267658,0.7272727272727273,0.6300854811713689
0.8899999999999996,0.5,4,4,0.6972789115646258,0.916452442159383,0.8563432835820896,0.629721340008254,0.7108753315649867,0.8068656768620044,0.7425392885349138,0.7993891176202225,0.7592592592592593,0.7269503546099291,0.6307724377877709
0.8899999999999996,0.5,5,4,0.6654929577464789,0.9184491978609626,0.8488372093023255,0.6064612015018772,0.6843501326259946,0.7919710778037208,0.7737259862960091,0.7818065446287675,0.756,0.7078651685393258,0.6087043660195085
0.8999999999999996,0.5,1,4,0.6746575342465754,0.9088471849865952,0.8429672447013488,0.600397727004341,0.6878727634194831,0.7917523596165852,0.7616196951649788,0.7830457207788045,0.7433962264150943,0.7073608617594255,0.6017173419779833
0.8999999999999996,0.5,2,4,0.7533783783783784,0.9057591623036649,0.8632075471698113,0.6598202824133504,0.7024519549370444,0.8295687703410217,0.7324088780960551,0.826062569602142,0.7559322033898305,0.754653130287648,0.65982209825631
0.8999999999999996,0.5,3,4,0.6986301369863014,0.9151436031331592,0.8553875236294896,0.6291053564963957,0.7015915119363395,0.8068868700597303,0.7594334981503885,0.7995917088233572,0.758364312267658,0.7272727272727273,0.6300854811713689
0.8999999999999996,0.5,4,4,0.6972789115646258,0.916452442159383,0.8563432835820896,0.629721340008254,0.7108753315649867,0.8068656768620044,0.7535389644073865,0.7993891176202225,0.7592592592592593,0.7269503546099291,0.6307724377877709
0.8999999999999996,0.5,5,4,0.6654929577464789,0.9184491978609626,0.8488372093023255,0.6064612015018772,0.6843501326259946,0.7919710778037208,0.750742836996801,0.7818065446287675,0.756,0.7078651685393258,0.6087043660195085
0.9099999999999996,0.5,1,4,0.6746575342465754,0.9088471849865952,0.8429672447013488,0.600397727004341,0.6878727634194831,0.7917523596165852,0.7719289448331889,0.7830457207788045,0.7433962264150943,0.7073608617594255,0.6017173419779833
0.9099999999999996,0.5,2,4,0.7533783783783784,0.9057591623036649,0.8632075471698113,0.6598202824133504,0.7024519549370444,0.8295687703410217,0.7506643512874721,0.826062569602142,0.7559322033898305,0.754653130287648,0.65982209825631
0.9099999999999996,0.5,3,4,0.6986301369863014,0.9151436031331592,0.8553875236294896,0.6291053564963957,0.7015915119363395,0.8068868700597303,0.7801570033642046,0.7995917088233572,0.758364312267658,0.7272727272727273,0.6300854811713689
0.9099999999999996,0.5,4,4,0.6972789115646258,0.916452442159383,0.8563432835820896,0.629721340008254,0.7108753315649867,0.8068656768620044,0.7563663105584009,0.7993891176202225,0.7592592592592593,0.7269503546099291,0.6307724377877709
0.9099999999999996,0.5,5,4,0.6654929577464789,0.9184491978609626,0.8488372093023255,0.6064612015018772,0.6843501326259946,0.7919710778037208,0.7611062884832713,0.7818065446287675,0.756,0.7078651685393258,0.6087043660195085
0.9199999999999996,0.5,1,4,0.6712328767123288,0.9088471849865952,0.8420038535645472,0.5975146115871304,0.6878727634194831,0.790040030849462,0.7557338562250324,0.7810557665560471,0.7424242424242424,0.7050359712230215,0.5989303680085921
0.9199999999999996,0.5,2,4,0.7533783783783784,0.9057591623036649,0.8632075471698113,0.6598202824133504,0.7024519549370444,0.8295687703410217,0.7470272390473071,0.826062569602142,0.7559322033898305,0.754653130287648,0.65982209825631
0.9199999999999996,0.5,3,4,0.6986301369863014,0.9151436031331592,0.8553875236294896,0.6291053564963957,0.7015915119363395,0.8068868700597303,0.7710701618496234,0.7995917088233572,0.758364312267658,0.7272727272727273,0.6300854811713689
0.9199999999999996,0.5,4,4,0.6972789115646258,0.916452442159383,0.8563432835820896,0.629721340008254,0.7108753315649867,0.8068656768620044,0.756171577350236,0.7993891176202225,0.7592592592592593,0.7269503546099291,0.6307724377877709
0.9199999999999996,0.5,5,4,0.6654929577464789,0.9184491978609626,0.8488372093023255,0.6064612015018772,0.6843501326259946,0.7919710778037208,0.7748413487695887,0.7818065446287675,0.756,0.7078651685393258,0.6087043660195085
0.9299999999999996,0.5,1,4,0.6712328767123288,0.9088471849865952,0.8420038535645472,0.5975146115871304,0.6878727634194831,0.790040030849462,0.7716944452981698,0.7810557665560471,0.7424242424242424,0.7050359712230215,0.5989303680085921
0.9299999999999996,0.5,2,4,0.7533783783783784,0.9057591623036649,0.8632075471698113,0.6598202824133504,0.7024519549370444,0.8295687703410217,0.7074683236292777,0.826062569602142,0.7559322033898305,0.754653130287648,0.65982209825631
0.9299999999999996,0.5,3,4,0.6986301369863014,0.9151436031331592,0.8553875236294896,0.6291053564963957,0.7015915119363395,0.8068868700597303,0.7693891382857593,0.7995917088233572,0.758364312267658,0.7272727272727273,0.6300854811713689
0.9299999999999996,0.5,4,4,0.6972789115646258,0.916452442159383,0.8563432835820896,0.629721340008254,0.7108753315649867,0.8068656768620044,0.7395592356663465,0.7993891176202225,0.7592592592592593,0.7269503546099291,0.6307724377877709
0.9299999999999996,0.5,5,4,0.6654929577464789,0.9184491978609626,0.8488372093023255,0.6064612015018772,0.6843501326259946,0.7919710778037208,0.7755965588240834,0.7818065446287675,0.756,0.7078651685393258,0.6087043660195085
0.9399999999999996,0.5,1,4,0.6712328767123288,0.9088471849865952,0.8420038535645472,0.5975146115871304,0.6878727634194831,0.790040030849462,0.7308285986406858,0.7810557665560471,0.7424242424242424,0.7050359712230215,0.5989303680085921
0.9399999999999996,0.5,2,4,0.7533783783783784,0.9057591623036649,0.8632075471698113,0.6598202824133504,0.7024519549370444,0.8295687703410217,0.7440928023803158,0.826062569602142,0.7559322033898305,0.754653130287648,0.65982209825631
0.9399999999999996,0.5,3,4,0.6986301369863014,0.9151436031331592,0.8553875236294896,0.6291053564963957,0.7015915119363395,0.8068868700597303,0.7803155075416235,0.7995917088233572,0.758364312267658,0.7272727272727273,0.6300854811713689
0.9399999999999996,0.5,4,4,0.6972789115646258,0.916452442159383,0.8563432835820896,0.629721340008254,0.7108753315649867,0.8068656768620044,0.7533504788714986,0.7993891176202225,0.7592592592592593,0.7269503546099291,0.6307724377877709
0.9399999999999996,0.5,5,4,0.6654929577464789,0.9184491978609626,0.8488372093023255,0.6064612015018772,0.6843501326259946,0.7919710778037208,0.775260345811386,0.7818065446287675,0.756,0.7078651685393258,0.6087043660195085
0.9499999999999995,0.5,1,4,0.6712328767123288,0.9088471849865952,0.8420038535645472,0.5975146115871304,0.6878727634194831,0.790040030849462,0.7732527724644219,0.7810557665560471,0.7424242424242424,0.7050359712230215,0.5989303680085921
0.9499999999999995,0.5,2,4,0.7533783783783784,0.9057591623036649,0.8632075471698113,0.6598202824133504,0.7024519549370444,0.8295687703410217,0.727456970727953,0.826062569602142,0.7559322033898305,0.754653130287648,0.65982209825631
0.9499999999999995,0.5,3,4,0.6986301369863014,0.9151436031331592,0.8553875236294896,0.6291053564963957,0.7015915119363395,0.8068868700597303,0.7805469404348129,0.7995917088233572,0.758364312267658,0.7272727272727273,0.6300854811713689
0.9499999999999995,0.5,4,4,0.6972789115646258,0.916452442159383,0.8563432835820896,0.629721340008254,0.7108753315649867,0.8068656768620044,0.7309407299791579,0.7993891176202225,0.7592592592592593,0.7269503546099291,0.6307724377877709
0.9499999999999995,0.5,5,4,0.6654929577464789,0.9184491978609626,0.8488372093023255,0.6064612015018772,0.6843501326259946,0.7919710778037208,0.7446932738627514,0.7818065446287675,0.756,0.7078651685393258,0.6087043660195085
0.9599999999999995,0.5,1,4,0.6712328767123288,0.9088471849865952,0.8420038535645472,0.5975146115871304,0.6878727634194831,0.790040030849462,0.7740150275605345,0.7810557665560471,0.7424242424242424,0.7050359712230215,0.5989303680085921
0.9599999999999995,0.5,2,4,0.7533783783783784,0.9057591623036649,0.8632075471698113,0.6598202824133504,0.7024519549370444,0.8295687703410217,0.7204146701815947,0.826062569602142,0.7559322033898305,0.754653130287648,0.65982209825631
0.9599999999999995,0.5,3,4,0.6986301369863014,0.9151436031331592,0.8553875236294896,0.6291053564963957,0.7015915119363395,0.8068868700597303,0.7774439439815506,0.7995917088233572,0.758364312267658,0.7272727272727273,0.6300854811713689
0.9599999999999995,0.5,4,4,0.6972789115646258,0.916452442159383,0.8563432835820896,0.629721340008254,0.7108753315649867,0.8068656768620044,0.7532572348817438,0.7993891176202225,0.7592592592592593,0.7269503546099291,0.6307724377877709
0.9599999999999995,0.5,5,4,0.6654929577464789,0.9184491978609626,0.8488372093023255,0.6064612015018772,0.6843501326259946,0.7919710778037208,0.7774322120938479,0.7818065446287675,0.756,0.7078651685393258,0.6087043660195085
0.9699999999999995,0.5,1,4,0.6712328767123288,0.9088471849865952,0.8420038535645472,0.5975146115871304,0.6878727634194831,0.790040030849462,0.7511159580396797,0.7810557665560471,0.7424242424242424,0.7050359712230215,0.5989303680085921
0.9699999999999995,0.5,2,4,0.7533783783783784,0.9057591623036649,0.8632075471698113,0.6598202824133504,0.7024519549370444,0.8295687703410217,0.7424854832645735,0.826062569602142,0.7559322033898305,0.754653130287648,0.65982209825631
0.9699999999999995,0.5,3,4,0.6986301369863014,0.9151436031331592,0.8553875236294896,0.6291053564963957,0.7015915119363395,0.8068868700597303,0.7648263687779449,0.7995917088233572,0.758364312267658,0.7272727272727273,0.6300854811713689
0.9699999999999995,0.5,4,4,0.6972789115646258,0.916452442159383,0.8563432835820896,0.629721340008254,0.7108753315649867,0.8068656768620044,0.75526650708799,0.7993891176202225,0.7592592592592593,0.7269503546099291,0.6307724377877709
0.9699999999999995,0.5,5,4,0.6654929577464789,0.9184491978609626,0.8488372093023255,0.6064612015018772,0.6843501326259946,0.7919710778037208,0.7760964807308761,0.7818065446287675,0.756,0.7078651685393258,0.6087043660195085
0.9799999999999995,0.5,1,4,0.6712328767123288,0.9088471849865952,0.8420038535645472,0.5975146115871304,0.6878727634194831,0.790040030849462,0.7429166030717129,0.7810557665560471,0.7424242424242424,0.7050359712230215,0.5989303680085921
0.9799999999999995,0.5,2,4,0.7533783783783784,0.9057591623036649,0.8632075471698113,0.6598202824133504,0.7024519549370444,0.8295687703410217,0.7382881542703589,0.826062569602142,0.7559322033898305,0.754653130287648,0.65982209825631
0.9799999999999995,0.5,3,4,0.6986301369863014,0.9151436031331592,0.8553875236294896,0.6291053564963957,0.7015915119363395,0.8068868700597303,0.7790206714657014,0.7995917088233572,0.758364312267658,0.7272727272727273,0.6300854811713689
0.9799999999999995,0.5,4,4,0.6972789115646258,0.916452442159383,0.8563432835820896,0.629721340008254,0.7108753315649867,0.8068656768620044,0.7550063073666013,0.7993891176202225,0.7592592592592593,0.7269503546099291,0.6307724377877709
0.9799999999999995,0.5,5,4,0.6654929577464789,0.9184491978609626,0.8488372093023255,0.6064612015018772,0.6843501326259946,0.7919710778037208,0.7762033163086614,0.7818065446287675,0.756,0.7078651685393258,0.6087043660195085
0.9899999999999995,0.5,1,4,0.6712328767123288,0.9088471849865952,0.8420038535645472,0.5975146115871304,0.6878727634194831,0.790040030849462,0.7620179139193696,0.7810557665560471,0.7424242424242424,0.7050359712230215,0.5989303680085921
0.9899999999999995,0.5,2,4,0.7533783783783784,0.9057591623036649,0.8632075471698113,0.6598202824133504,0.7024519549370444,0.8295687703410217,0.7317188917385398,0.826062569602142,0.7559322033898305,0.754653130287648,0.65982209825631
0.9899999999999995,0.5,3,4,0.6986301369863014,0.9151436031331592,0.8553875236294896,0.6291053564963957,0.7015915119363395,0.8068868700597303,0.7517643261101618,0.7995917088233572,0.758364312267658,0.7272727272727273,0.6300854811713689
0.9899999999999995,0.5,4,4,0.6972789115646258,0.916452442159383,0.8563432835820896,0.629721340008254,0.7108753315649867,0.8068656768620044,0.7540106684299621,0.7993891176202225,0.7592592592592593,0.7269503546099291,0.6307724377877709
0.9899999999999995,0.5,5,4,0.6654929577464789,0.9184491978609626,0.8488372093023255,0.6064612015018772,0.6843501326259946,0.7919710778037208,0.7722208799592679,0.7818065446287675,0.756,0.7078651685393258,0.6087043660195085
1.0,0.5,1,4,0.6712328767123288,0.9088471849865952,0.8420038535645472,0.5975146115871304,0.6878727634194831,0.790040030849462,0.7713275351085601,0.7810557665560471,0.7424242424242424,0.7050359712230215,0.5989303680085921
1.0,0.5,2,4,0.7533783783783784,0.9057591623036649,0.8632075471698113,0.6598202824133504,0.7024519549370444,0.8295687703410217,0.7278291587851845,0.826062569602142,0.7559322033898305,0.754653130287648,0.65982209825631
1.0,0.5,3,4,0.6986301369863014,0.9151436031331592,0.8553875236294896,0.6291053564963957,0.7015915119363395,0.8068868700597303,0.7743366214727808,0.7995917088233572,0.758364312267658,0.7272727272727273,0.6300854811713689
1.0,0.5,4,4,0.6972789115646258,0.916452442159383,0.8563432835820896,0.629721340008254,0.7108753315649867,0.8068656768620044,0.7423542957905664,0.7993891176202225,0.7592592592592593,0.7269503546099291,0.6307724377877709
1.0,0.5,5,4,0.6654929577464789,0.9184491978609626,0.8488372093023255,0.6064612015018772,0.6843501326259946,0.7919710778037208,0.7560892122926985,0.7818065446287675,0.756,0.7078651685393258,0.6087043660195085
0.1,0.5,1,5,0.6734006734006734,0.8974025974025974,0.8350515463917526,0.5816301524285645,0.707090788601723,0.7854016354016354,0.7508226504782486,0.7773747573740882,0.7168458781362007,0.6944444444444444,0.5821633082744704
0.1,0.5,2,5,0.7543859649122807,0.8916876574307305,0.8554216867469879,0.6346532848299632,0.7150430748840292,0.8230368111715056,0.7029273685418198,0.8201686740245892,0.7142857142857143,0.7337883959044369,0.6350993161561233
0.1,0.5,3,5,0.6790540540540541,0.8971354166666666,0.8364661654135338,0.5859218436873747,0.7055702917771883,0.7880947353603603,0.7305499120461444,0.7805148568239896,0.7178571428571429,0.6979166666666666,0.5863470388805778
0.1,0.5,4,5,0.696551724137931,0.8786279683377308,0.8282442748091603,0.5727409447534835,0.6949602122015914,0.7875898462378309,0.7057306806076645,0.7823105689056321,0.6870748299319728,0.6917808219178082,0.5727667623092885
0.1,0.5,5,5,0.7424749163879598,0.8969359331476323,0.8515240904621436,0.6412882760618258,0.6744031830238727,0.8197054247677961,0.7629986202600344,0.8160590860771939,0.75,0.746218487394958,0.6413045622558935
0.11,0.5,1,5,0.6734006734006734,0.9,0.8369259606373008,0.5855108055009822,0.707090788601723,0.7867003367003367,0.753883224886753,0.778498944161523,0.7220216606498195,0.6968641114982579,0.5861764355691236
0.11,0.5,2,5,0.7543859649122807,0.8929471032745592,0.8563484708063022,0.6365937659572157,0.7150430748840292,0.8236665340934199,0.6700923734466236,0.820747684809043,0.7166666666666667,0.7350427350427351,0.6369878050748496
0.11,0.5,3,5,0.6824324324324325,0.8984375,0.8383458646616542,0.590681362725451,0.7055702917771883,0.7904349662162162,0.7187675612547382,0.7830216398756253,0.7214285714285714,0.7013888888888888,0.5911100118342892
0.11,0.5,4,5,0.696551724137931,0.8786279683377308,0.8282442748091603,0.5727409447534835,0.6949602122015914,0.7875898462378309,0.7084440974368343,0.7823105689056321,0.6870748299319728,0.6917808219178082,0.5727667623092885
0.11,0.5,5,5,0.745819397993311,0.8969359331476323,0.8525073746312685,0.6440122653001219,0.6744031830238727,0.8213776655704716,0.7494903300029345,0.8178949918533159,0.7508417508417509,0.7483221476510067,0.6440195199928788
0.12,0.5,1,5,0.6767676767676768,0.9,0.837863167760075,0.5883276500748227,0.707090788601723,0.7883838383838384,0.7331829438698801,0.7804427647758092,0.7230215827338129,0.6991304347826087,0.5889298963356193
0.12,0.5,2,5,0.7578947368421053,0.8929471032745592,0.8572752548656163,0.639337217075733,0.7150430748840292,0.8254209200583322,0.6942329518303331,0.8226541860649541,0.717607973421927,0.7372013651877133,0.6397865402473165
0.12,0.5,3,5,0.6824324324324325,0.8984375,0.8383458646616542,0.590681362725451,0.7055702917771883,0.7904349662162162,0.7231742133350405,0.7830216398756253,0.7214285714285714,0.7013888888888888,0.5911100118342892
0.12,0.5,4,5,0.696551724137931,0.8773087071240105,0.8272900763358778,0.5708222091497351,0.6949602122015914,0.7869302156309708,0.6969356004847638,0.7817230280274777,0.6847457627118644,0.6905982905982906,0.5708623303568441
0.12,0.5,5,5,0.745819397993311,0.8927576601671309,0.8495575221238938,0.6379545026210902,0.6744031830238727,0.819288529080221,0.7533401889581525,0.8159877331552028,0.7433333333333333,0.7445742904841403,0.6379562887178185
0.13,0.5,1,5,0.6767676767676768,0.9012987012987013,0.8388003748828491,0.5902750491159134,0.707090788601723,0.789033189033189,0.739306329227069,0.7810056518051879,0.7256317689530686,0.7003484320557491,0.5909460953501994
0.13,0.5,2,5,0.7614035087719299,0.8916876574307305,0.8572752548656163,0.6401323682922497,0.7150430748840292,0.8265455831013302,0.7142805521022999,0.8239745815839108,0.7161716171617162,0.7380952380952381,0.6406993978285757
0.13,0.5,3,5,0.6891891891891891,0.8997395833333334,0.8411654135338346,0.5982447673691171,0.7055702917771883,0.7944643862612613,0.7210270724841334,0.7874584394867572,0.7259786476868327,0.707105719237435,0.5986254784491187
0.13,0.5,4,5,0.7,0.8786279683377308,0.8291984732824428,0.57556450518123,0.6949602122015914,0.7893139841688654,0.7039668537207527,0.7842445905687916,0.688135593220339,0.694017094017094,0.5756049597086583
0.13,0.5,5,5,0.7424749163879598,0.8941504178272981,0.8495575221238938,0.6372471995244146,0.6744031830238727,0.818312667107629,0.7603089555438378,0.8147909282230519,0.7449664429530202,0.7437185929648241,0.6372489906187364
0.13999999999999999,0.5,1,5,0.6767676767676768,0.9025974025974026,0.8397375820056232,0.5922265653809278,0.707090788601723,0.7896825396825398,0.756174483605426,0.7815681334422377,0.7282608695652174,0.7015706806282722,0.5929705430202881
0.13999999999999999,0.5,2,5,0.7614035087719299,0.8929471032745592,0.8582020389249305,0.6420746130480691,0.7150430748840292,0.8271753060232445,0.6991849575761111,0.8245562792077811,0.7185430463576159,0.7393526405451448,0.6425829726469483
0.13999999999999999,0.5,3,5,0.6891891891891891,0.8997395833333334,0.8411654135338346,0.5982447673691171,0.7055702917771883,0.7944643862612613,0.7271214924220808,0.7874584394867572,0.7259786476868327,0.707105719237435,0.5986254784491187
0.13999999999999999,0.5,4,5,0.696551724137931,0.8812664907651715,0.8301526717557252,0.5765906449738523,0.6949602122015914,0.7889091074515513,0.7041771391802227,0.7834843288588893,0.6917808219178082,0.6941580756013745,0.5765971700540464
0.13999999999999999,0.5,5,5,0.745819397993311,0.8955431754874652,0.8515240904621436,0.6419890661972982,0.6744031830238727,0.8206812867403881,0.7687893936217827,0.8172597335113724,0.7483221476510067,0.7470686767169179,0.6419908706194626
0.14999999999999997,0.5,1,5,0.6801346801346801,0.9025974025974026,0.8406747891283973,0.5950392927308447,0.707090788601723,0.7913660413660414,0.7408245726240078,0.7835099206174594,0.7292418772563177,0.7038327526132404,0.5957157551312753
0.14999999999999997,0.5,2,5,0.7614035087719299,0.8942065491183879,0.8591288229842446,0.6440211493215027,0.7150430748840292,0.8278050289451588,0.7103823160856817,0.825137566752102,0.7209302325581395,0.7406143344709898,0.6444737643385098
0.14999999999999997,0.5,3,5,0.6891891891891891,0.9010416666666666,0.8421052631578947,0.6002004008016031,0.7055702917771883,0.7951154279279279,0.7429802837127595,0.7880280297525436,0.7285714285714285,0.7083333333333334,0.6006359577417121
0.14999999999999997,0.5,4,5,0.7034482758620689,0.8839050131926122,0.833969465648855,0.5861054619407321,0.6949602122015914,0.7936766445273405,0.719180996319161,0.7885312026522364,0.6986301369863014,0.7010309278350515,0.5861120946968732
0.14999999999999997,0.5,5,5,0.7424749163879598,0.8983286908077994,0.8525073746312685,0.64331475281046,0.6744031830238727,0.8204018035978796,0.7709281670040882,0.8166924265575298,0.752542372881356,0.7474747474747475,0.6433438553402917
0.15999999999999998,0.5,1,5,0.6835016835016835,0.9025974025974026,0.8416119962511716,0.5978460859112431,0.707090788601723,0.793049543049543,0.7641859732613913,0.7854469073079169,0.7302158273381295,0.7060869565217391,0.5984580757943059
0.15999999999999998,0.5,2,5,0.7649122807017544,0.8967254408060453,0.8619091751621872,0.6506611040491944,0.7150430748840292,0.8308188607538999,0.7134563097705056,0.8282006412037111,0.7266666666666667,0.7452991452991453,0.6510638505745752
0.15999999999999998,0.5,3,5,0.6959459459459459,0.9010416666666666,0.8439849624060151,0.6057922365460844,0.7055702917771883,0.7984938063063063,0.7459483026292831,0.7918814905306507,0.7304964539007093,0.71280276816609,0.6061273131915939
0.15999999999999998,0.5,4,5,0.7034482758620689,0.8852242744063324,0.8349236641221374,0.5880465703872685,0.6949602122015914,0.7943362751342007,0.7214907024283742,0.789119439364147,0.7010309278350515,0.7022375215146299,0.5880482375869248
0.15999999999999998,0.5,5,5,0.7424749163879598,0.8983286908077994,0.8525073746312685,0.64331475281046,0.6744031830238727,0.8204018035978796,0.758394561397338,0.8166924265575298,0.752542372881356,0.7474747474747475,0.6433438553402917
0.16999999999999998,0.5,1,5,0.6902356902356902,0.9025974025974026,0.8434864104967198,0.6034419447232491,0.707090788601723,0.7964165464165465,0.7683892434159397,0.7893066205137008,0.7321428571428571,0.7105719237435009,0.60393422806472
0.16999999999999998,0.5,2,5,0.7649122807017544,0.8967254408060453,0.8619091751621872,0.6506611040491944,0.7150430748840292,0.8308188607538999,0.7222206021081647,0.8282006412037111,0.7266666666666667,0.7452991452991453,0.6510638505745752
0.16999999999999998,0.5,3,5,0.706081081081081,0.90234375,0.8477443609022557,0.616100064143682,0.7055702917771883,0.8042124155405406,0.7482289885173851,0.7982028880596441,0.7359154929577465,0.7206896551724138,0.6163493245491434
0.16999999999999998,0.5,4,5,0.7172413793103448,0.8865435356200527,0.8396946564885496,0.6012248817699178,0.6949602122015914,0.8018924574651988,0.7273138765685647,0.7974118812174775,0.7074829931972789,0.7123287671232876,0.6012519833017337
0.16999999999999998,0.5,5,5,0.745819397993311,0.8997214484679665,0.8544739429695182,0.6480705561063205,0.6744031830238727,0.8227704232306388,0.7736884058098309,0.8191640306178297,0.7559322033898305,0.7508417508417509,0.6480998737810819
0.17999999999999997,0.5,1,5,0.6936026936026936,0.9051948051948052,0.8462980318650422,0.610155369308435,0.707090788601723,0.7993987493987493,0.7733558507706692,0.7923670583247907,0.7383512544802867,0.7152777777777778,0.6107146730183604
0.17999999999999997,0.5,2,5,0.7649122807017544,0.9005037783375315,0.8646895273401297,0.6565552183619366,0.7150430748840292,0.832708029519643,0.7156622654845235,0.8299436118608953,0.734006734006734,0.7491408934707904,0.6568169592239249
0.17999999999999997,0.5,3,5,0.7027027027027027,0.90234375,0.8468045112781954,0.613323820565415,0.7055702917771883,0.8025232263513513,0.7504356816080873,0.7962910221093115,0.734982332155477,0.7184801381692574,0.6136156815776281
0.17999999999999997,0.5,4,5,0.7206896551724138,0.8891820580474934,0.8425572519083969,0.6079302745304322,0.6949602122015914,0.8049358566099536,0.729108475866985,0.8005150284658903,0.7133105802047781,0.7169811320754716,0.6079457214386573
0.17999999999999997,0.5,5,5,0.7424749163879598,0.9011142061281338,0.8544739429695182,0.6473796415602671,0.6744031830238727,0.8217945612580467,0.7801406397031009,0.8179576363424874,0.757679180887372,0.75,0.6474458006387672
0.18999999999999995,0.5,1,5,0.7037037037037037,0.9038961038961039,0.8481724461105904,0.6165259407486944,0.707090788601723,0.8037999037999037,0.7757012232303363,0.7975431248998615,0.7385159010600707,0.7206896551724138,0.6168647671811363
0.18999999999999995,0.5,2,5,0.7684210526315789,0.9042821158690176,0.8683966635773864,0.6652216662660868,0.7150430748840292,0.8363515842502982,0.702003290945831,0.8335882768801286,0.7423728813559322,0.7551724137931034,0.6654066167526261
0.18999999999999995,0.5,3,5,0.7128378378378378,0.90234375,0.849624060150376,0.6216350769887273,0.7055702917771883,0.8075907939189189,0.7497733761326069,0.8020129473621274,0.7377622377622378,0.7250859106529209,0.62180896493671
0.18999999999999995,0.5,4,5,0.7241379310344828,0.8931398416886543,0.8463740458015268,0.6166213747534697,0.6949602122015914,0.8086388863615686,0.7254216014163228,0.8042116867373215,0.7216494845360825,0.7228915662650602,0.6166231229669543
0.18999999999999995,0.5,5,5,0.7391304347826086,0.9011142061281338,0.8534906588003933,0.6446482549345615,0.6744031830238727,0.8201223204553711,0.7776523522551205,0.8161133101256668,0.7568493150684932,0.7478849407783418,0.6447381061703559
0.19999999999999996,0.5,1,5,0.7037037037037037,0.9064935064935065,0.8500468603561387,0.6204636603736673,0.707090788601723,0.8050986050986051,0.7793941876404422,0.7986881981742548,0.7437722419928826,0.7231833910034602,0.6209110259760295
0.19999999999999996,0.5,2,5,0.7684210526315789,0.9042821158690176,0.8683966635773864,0.6652216662660868,0.7150430748840292,0.8363515842502982,0.717681757413641,0.8335882768801286,0.7423728813559322,0.7551724137931034,0.6654066167526261
0.19999999999999996,0.5,3,5,0.7263513513513513,0.9049479166666666,0.8552631578947368,0.6365862313697658,0.7055702917771883,0.8156496340090089,0.7583942555094058,0.8107466572076775,0.7465277777777778,0.7363013698630136,0.6366997023062956
0.19999999999999996,0.5,4,5,0.7172413793103448,0.8944591029023746,0.8454198473282443,0.6130055800722127,0.6949602122015914,0.8058502411063597,0.7360128484348711,0.8009638448159773,0.7222222222222222,0.7197231833910035,0.613012576578609
0.19999999999999996,0.5,5,5,0.745819397993311,0.903899721448468,0.8574237954768928,0.6541878990973922,0.6744031830238727,0.8248595597208894,0.77265600978023,0.8210639110915896,0.7636986301369864,0.754653130287648,0.6542790799711875
0.20999999999999996,0.5,1,5,0.7104377104377104,0.9064935064935065,0.851921274601687,0.6259944360388502,0.707090788601723,0.8084656084656084,0.7791141771134279,0.802500574005962,0.7455830388692579,0.7275862068965517,0.6263384661071291
0.20999999999999996,0.5,2,5,0.7649122807017544,0.9030226700251889,0.8665430954587581,0.6605064784670176,0.7150430748840292,0.8339674753634716,0.7331479518094719,0.8311035615700098,0.7389830508474576,0.7517241379310344,0.6606901179976429
0.20999999999999996,0.5,3,5,0.7195945945945946,0.9075520833333334,0.8552631578947368,0.6350580856674507,0.7055702917771883,0.813573338963964,0.728557968723901,0.8081272012992322,0.75,0.7344827586206897,0.6353150160674582
0.20999999999999996,0.5,4,5,0.7275862068965517,0.895778364116095,0.8492366412213741,0.6233645710126469,0.6949602122015914,0.8116822855063234,0.7361693998720716,0.8073140542361614,0.7275862068965517,0.7275862068965517,0.6233645710126468
0.20999999999999996,0.5,5,5,0.7558528428093646,0.9080779944289693,0.8633235004916421,0.6684973653416378,0.6744031830238727,0.831965418619167,0.7687071925236143,0.8284765135969533,0.773972602739726,0.7648054145516074,0.668590540672435
0.21999999999999995,0.5,1,5,0.7104377104377104,0.9116883116883117,0.8556701030927835,0.6339263833749937,0.707090788601723,0.811063011063011,0.7876194344656777,0.804796717680102,0.7562724014336918,0.7326388888888888,0.6345074769716019
0.21999999999999995,0.5,2,5,0.775438596491228,0.9030226700251889,0.8693234476367007,0.6686846821734462,0.7150430748840292,0.8392306332582085,0.733018103735782,0.8368026241857119,0.7416107382550335,0.758147512864494,0.6689968778981467
0.21999999999999995,0.5,3,5,0.7162162162162162,0.9088541666666666,0.8552631578947368,0.6342891833017891,0.7055702917771883,0.8125351914414414,0.7508178897518956,0.8068061057914363,0.75177304964539,0.7335640138408305,0.6346400222181733
0.21999999999999995,0.5,4,5,0.7275862068965517,0.8970976253298153,0.8501908396946565,0.6253495213720364,0.6949602122015914,0.8123419161131835,0.7407523894876118,0.8079083230352465,0.7301038062283737,0.7288428324697754,0.6253513018965599
0.21999999999999995,0.5,5,5,0.7591973244147158,0.9094707520891365,0.8652900688298918,0.673267187423053,0.6744031830238727,0.8343340382519262,0.7815189270054486,0.8309438979976397,0.7773972602739726,0.7681895093062606,0.6733610275728508
0.22999999999999995,0.5,1,5,0.7104377104377104,0.9155844155844156,0.8584817244611059,0.6399193647515796,0.707090788601723,0.813011063011063,0.7868159273552302,0.8065145354674281,0.7644927536231884,0.7364746945898778,0.6407232559077667
0.22999999999999995,0.5,2,5,0.775438596491228,0.9042821158690176,0.8702502316960148,0.6706693874703501,0.7150430748840292,0.8398603561801228,0.730324300946346,0.8373859652284537,0.7441077441077442,0.7594501718213058,0.6709367550560098
0.22999999999999995,0.5,3,5,0.7162162162162162,0.9075520833333334,0.8543233082706767,0.6323017925622046,0.7055702917771883,0.8118841497747749,0.7556205700211185,0.8062279573074504,0.7491166077738516,0.7322970639032815,0.6326026845788087
0.22999999999999995,0.5,4,5,0.7379310344827587,0.8984168865435356,0.8540076335877863,0.6356712443309371,0.6949602122015914,0.8181739605131471,0.7405543423415359,0.8142295146233957,0.7353951890034365,0.7366609294320138,0.6356730465536407
0.22999999999999995,0.5,5,5,0.7591973244147158,0.9164345403899722,0.8702064896755162,0.6836374948154291,0.6744031830238727,0.837815932402344,0.7860185414075516,0.8341190868606813,0.7909407665505227,0.7747440273037542,0.6839204059512936
0.23999999999999994,0.5,1,5,0.7138047138047138,0.9155844155844156,0.85941893158388,0.6426817288801572,0.707090788601723,0.8146945646945647,0.762313304344621,0.8084234482808437,0.7653429602888087,0.7386759581881533,0.6434123529420336
0.23999999999999994,0.5,2,5,0.775438596491228,0.9030226700251889,0.8693234476367007,0.6686846821734462,0.7150430748840292,0.8392306332582085,0.6949302925661405,0.8368026241857119,0.7416107382550335,0.758147512864494,0.6689968778981467
0.23999999999999994,0.5,3,5,0.7094594594594594,0.9088541666666666,0.8533834586466166,0.6287575150300602,0.7055702917771883,0.8091568130630631,0.7644125615855182,0.8029913983417324,0.75,0.7291666666666666,0.6292137954639805
0.23999999999999994,0.5,4,5,0.7344827586206897,0.9023746701846965,0.8559160305343512,0.6388977628492412,0.6949602122015914,0.8184287144026932,0.7450439853524679,0.8141121772008394,0.7421602787456446,0.7383015597920277,0.6389142053211941
0.23999999999999994,0.5,5,5,0.7591973244147158,0.9136490250696379,0.8682399213372665,0.6794771081957034,0.6744031830238727,0.8364231747421769,0.7880465353646084,0.8328504639411464,0.7854671280276817,0.7721088435374149,0.6796715724361212
0.24999999999999992,0.5,1,5,0.7171717171717171,0.9155844155844156,0.8603561387066542,0.6454382650933445,0.707090788601723,0.8163780663780664,0.7929349017078828,0.8103278642255481,0.7661870503597122,0.7408695652173913,0.6460989730877384
0.24999999999999992,0.5,2,5,0.7824561403508772,0.9005037783375315,0.8693234476367007,0.670147192416848,0.7150430748840292,0.8414799593442044,0.7337054311375683,0.8394073568711241,0.7384105960264901,0.7597955706984668,0.6706777783503267
0.24999999999999992,0.5,3,5,0.706081081081081,0.9127604166666666,0.8552631578947368,0.6319629123841012,0.7055702917771883,0.8094207488738738,0.7642468347968628,0.8027968994509246,0.7572463768115942,0.7307692307692307,0.6326860288056876
0.24999999999999992,0.5,4,5,0.7448275862068966,0.9050131926121372,0.8606870229007634,0.6512272511761917,0.6949602122015914,0.824920389409517,0.7494524407028659,0.821023015352612,0.75,0.7474048442906575,0.6512346839235864
0.24999999999999992,0.5,5,5,0.7558528428093646,0.9136490250696379,0.8672566371681416,0.6767666066320586,0.6744031830238727,0.8347509339395012,0.7876818198108604,0.8310139667471842,0.7847222222222222,0.7700170357751278,0.6770014537394906
0.2599999999999999,0.5,1,5,0.7171717171717171,0.9155844155844156,0.8603561387066542,0.6454382650933445,0.707090788601723,0.8163780663780664,0.7935933368616095,0.8103278642255481,0.7661870503597122,0.7408695652173913,0.6460989730877384
0.2599999999999999,0.5,2,5,0.7789473684210526,0.9017632241813602,0.8693234476367007,0.6694175548384994,0.7150430748840292,0.8403552963012064,0.7112610368397185,0.8381086387903147,0.74,0.7589743589743589,0.6698319112408758
0.2599999999999999,0.5,3,5,0.7027027027027027,0.9127604166666666,0.8543233082706767,0.6291799327253432,0.7055702917771883,0.8077315596846847,0.7664189469915379,0.8008740298646921,0.7563636363636363,0.7285464098073555,0.6299754866310243
0.2599999999999999,0.5,4,5,0.7482758620689656,0.9089709762532981,0.8645038167938931,0.660057381992288,0.6949602122015914,0.8286234191611319,0.7504123008989494,0.8247187647020079,0.7587412587412588,0.7534722222222222,0.6600876466724782
0.2599999999999999,0.5,5,5,0.745819397993311,0.915041782729805,0.8652900688298918,0.6706785257599643,0.6744031830238727,0.830430590361558,0.7742391713766643,0.8261088981086387,0.7852112676056338,0.7650085763293311,0.6711149306595416
0.2699999999999999,0.5,1,5,0.7205387205387206,0.9168831168831169,0.8622305529522024,0.6501974830115544,0.707090788601723,0.8187109187109187,0.7961968248320787,0.8128036589007922,0.7697841726618705,0.7443478260869565,0.6508630628170817
0.2699999999999999,0.5,2,5,0.775438596491228,0.9030226700251889,0.8693234476367007,0.6686846821734462,0.7150430748840292,0.8392306332582085,0.7406629625559515,0.8368026241857119,0.7416107382550335,0.758147512864494,0.6689968778981467
0.2699999999999999,0.5,3,5,0.7027027027027027,0.9140625,0.8552631578947368,0.6311808981884971,0.7055702917771883,0.8083826013513513,0.7660315367379931,0.8014450631136169,0.7591240875912408,0.7298245614035088,0.6320588283311243
0.2699999999999999,0.5,4,5,0.7482758620689656,0.9076517150395779,0.8635496183206107,0.6580290072015993,0.6949602122015914,0.8279637885542717,0.7470494557573764,0.8241200577158738,0.7560975609756098,0.7521663778162911,0.6580459420292419
0.2699999999999999,0.5,5,5,0.7357859531772575,0.915041782729805,0.8623402163225172,0.6624642621769372,0.6744031830238727,0.8254138679535312,0.7904238291136039,0.8205332962792348,0.7829181494661922,0.7586206896551724,0.6630889670515042
0.2799999999999999,0.5,1,5,0.7205387205387206,0.9181818181818182,0.8631677600749765,0.6522102161100195,0.707090788601723,0.8193602693602694,0.7976657855576739,0.8133790951915616,0.7725631768953068,0.7456445993031359,0.6529516725041852
0.2799999999999999,0.5,2,5,0.775438596491228,0.9030226700251889,0.8693234476367007,0.6686846821734462,0.7150430748840292,0.8392306332582085,0.7216993626441456,0.8368026241857119,0.7416107382550335,0.758147512864494,0.6689968778981467
0.2799999999999999,0.5,3,5,0.6959459459459459,0.9166666666666666,0.8552631578947368,0.629606857390864,0.7055702917771883,0.8063063063063063,0.7708729206932534,0.79871800433598,0.762962962962963,0.7279151943462897,0.6308415151783531
0.2799999999999999,0.5,4,5,0.7482758620689656,0.9076517150395779,0.8635496183206107,0.6580290072015993,0.6949602122015914,0.8279637885542717,0.7531783099959615,0.8241200577158738,0.7560975609756098,0.7521663778162911,0.6580459420292419
0.2799999999999999,0.5,5,5,0.7357859531772575,0.9164345403899722,0.8633235004916421,0.6645420179732939,0.6744031830238727,0.8261102467836148,0.7511507914680103,0.8211575134073837,0.7857142857142857,0.7599309153713298,0.6652417501241015
0.2899999999999999,0.5,1,5,0.7239057239057239,0.9194805194805195,0.8650421743205249,0.6569744597249509,0.707090788601723,0.8216931216931217,0.7969883559923149,0.8158536701343915,0.776173285198556,0.7491289198606271,0.6577213322852611
0.2899999999999999,0.5,2,5,0.7684210526315789,0.9017632241813602,0.8665430954587581,0.6612599413980744,0.7150430748840292,0.8350921384064696,0.725893297536214,0.8324264808076971,0.7373737373737373,0.7525773195876289,0.6615235578346199
0.2899999999999999,0.5,3,5,0.7027027027027027,0.91796875,0.8580827067669173,0.6372093863468036,0.7055702917771883,0.8103357263513513,0.7702991381536469,0.8031557268809217,0.7675276752767528,0.7336860670194003,0.6383619567093126
0.2899999999999999,0.5,4,5,0.7413793103448276,0.9089709762532981,0.8625954198473282,0.6545308036041316,0.6949602122015914,0.8251751432990628,0.7548991771053083,0.8209094197888918,0.7570422535211268,0.7491289198606271,0.6545986245382885
0.2899999999999999,0.5,5,5,0.7357859531772575,0.9192200557103064,0.8652900688298918,0.6687099497105083,0.6744031830238727,0.8275030044437819,0.7728568370557938,0.8224045262949734,0.7913669064748201,0.7625649913344887,0.6695738487417033
0.29999999999999993,0.5,1,5,0.7239057239057239,0.9168831168831169,0.8631677600749765,0.6529431946282408,0.707090788601723,0.8203944203944205,0.7961592695649227,0.8147005194942551,0.7706093189964157,0.7465277777777778,0.6535417201341952
0.29999999999999993,0.5,2,5,0.7684210526315789,0.9042821158690176,0.8683966635773864,0.6652216662660868,0.7150430748840292,0.8363515842502982,0.7126475578379741,0.8335882768801286,0.7423728813559322,0.7551724137931034,0.6654066167526261
0.29999999999999993,0.5,3,5,0.7027027027027027,0.9192708333333334,0.8590225563909775,0.6392274584975949,0.7055702917771883,0.8109867680180181,0.7699261341462488,0.8037251390239696,0.7703703703703704,0.734982332155477,0.6404809822646031
0.29999999999999993,0.5,4,5,0.7310344827586207,0.9076517150395779,0.8587786259541985,0.6441720043313085,0.6949602122015914,0.8193430988990993,0.6648131438769442,0.8145702560423703,0.75177304964539,0.7412587412587412,0.644291191400818
0.29999999999999993,0.5,5,5,0.7290969899665551,0.9192200557103064,0.8633235004916421,0.6632025102030605,0.6744031830238727,0.8241585228384307,0.7883143517838056,0.8186577891495771,0.7898550724637681,0.7582608695652174,0.6642347794120299
0.30999999999999994,0.5,1,5,0.7272727272727273,0.9181818181818182,0.8650421743205249,0.6576973974415528,0.707090788601723,0.8227272727272728,0.7992841968605598,0.8171710928816085,0.7741935483870968,0.75,0.6583002809248435
0.30999999999999994,0.5,2,5,0.7649122807017544,0.9042821158690176,0.8674698795180723,0.6624887074794219,0.7150430748840292,0.834597198285386,0.6820452909869886,0.8316829297557925,0.7414965986394558,0.7530224525043178,0.6626382225764377
0.30999999999999994,0.5,3,5,0.6891891891891891,0.9205729166666666,0.856203007518797,0.6300383615439158,0.7055702917771883,0.8048810529279279,0.775039193603747,0.7965230078453648,0.769811320754717,0.7272727272727273,0.6318159280005338
0.30999999999999994,0.5,4,5,0.7275862068965517,0.9102902374670184,0.8597328244274809,0.6454342082247774,0.6949602122015914,0.8189382221817851,0.7544255019660164,0.8138271444561119,0.7562724014336918,0.7416520210896309,0.645661506278461
0.30999999999999994,0.5,5,5,0.725752508361204,0.9192200557103064,0.8623402163225172,0.6604405353582571,0.6744031830238727,0.8224862820357552,0.7946810464978163,0.8167779754423355,0.7890909090909091,0.7560975609756098,0.6615623141281756
0.3199999999999999,0.5,1,5,0.7239057239057239,0.9194805194805195,0.8650421743205249,0.6569744597249509,0.707090788601723,0.8216931216931217,0.7715075669296902,0.8158536701343915,0.776173285198556,0.7491289198606271,0.6577213322852611
0.3199999999999999,0.5,2,5,0.7649122807017544,0.9080604534005038,0.8702502316960148,0.6684619672807559,0.7150430748840292,0.8364863670511291,0.6999668779161227,0.833418617757996,0.7491408934707904,0.7569444444444444,0.6685294551341086
0.3199999999999999,0.5,3,5,0.6891891891891891,0.9205729166666666,0.856203007518797,0.6300383615439158,0.7055702917771883,0.8048810529279279,0.7637957071699185,0.7965230078453648,0.769811320754717,0.7272727272727273,0.6318159280005338
0.3199999999999999,0.5,4,5,0.7344827586206897,0.9102902374670184,0.8616412213740458,0.6510100406955913,0.6949602122015914,0.822386498043854,0.7529177853200002,0.8176750483904094,0.7580071174377224,0.7460595446584939,0.6511628273555564
0.3199999999999999,0.5,5,5,0.7290969899665551,0.9178272980501393,0.8623402163225172,0.6611178019069562,0.6744031830238727,0.8234621440083472,0.7901072635978204,0.8180373587541664,0.7870036101083032,0.7569444444444444,0.6620572235527524
0.32999999999999985,0.5,1,5,0.7239057239057239,0.9194805194805195,0.8650421743205249,0.6569744597249509,0.707090788601723,0.8216931216931217,0.8007588477764256,0.8158536701343915,0.776173285198556,0.7491289198606271,0.6577213322852611
0.32999999999999985,0.5,2,5,0.7649122807017544,0.9080604534005038,0.8702502316960148,0.6684619672807559,0.7150430748840292,0.8364863670511291,0.7280705094344306,0.833418617757996,0.7491408934707904,0.7569444444444444,0.6685294551341086
0.32999999999999985,0.5,3,5,0.6925675675675675,0.921875,0.8580827067669173,0.6348744613930151,0.7055702917771883,0.8072212837837838,0.7719574867961491,0.7990373748150654,0.7735849056603774,0.7308377896613191,0.6366656722392404
0.32999999999999985,0.5,4,5,0.7344827586206897,0.9089709762532981,0.8606870229007634,0.6489804907592637,0.6949602122015914,0.821726867436994,0.7325537280495658,0.8170823154032058,0.7553191489361702,0.7447552447552448,0.649100567512588
0.32999999999999985,0.5,5,5,0.7290969899665551,0.9192200557103064,0.8633235004916421,0.6632025102030605,0.6744031830238727,0.8241585228384307,0.7687301264700735,0.8186577891495771,0.7898550724637681,0.7582608695652174,0.6642347794120299
0.33999999999999986,0.5,1,5,0.7239057239057239,0.922077922077922,0.8669165885660731,0.6610227887975587,0.707090788601723,0.8229918229918229,0.7841538738156575,0.8170051931776835,0.7818181818181819,0.7517482517482518,0.6619362616009495
0.33999999999999986,0.5,2,5,0.7614035087719299,0.906801007556675,0.8683966635773864,0.6637257096704811,0.7150430748840292,0.8341022581643025,0.6991880553168818,0.8309280768583847,0.7457044673539519,0.7534722222222222,0.6637927193517391
0.33999999999999986,0.5,3,5,0.6925675675675675,0.921875,0.8580827067669173,0.6348744613930151,0.7055702917771883,0.8072212837837838,0.7744462928893634,0.7990373748150654,0.7735849056603774,0.7308377896613191,0.6366656722392404
0.33999999999999986,0.5,4,5,0.7310344827586207,0.9102902374670184,0.8606870229007634,0.6482251241493472,0.6949602122015914,0.8206623601128196,0.7558051951395862,0.815753365244008,0.7571428571428571,0.743859649122807,0.6484133628558773
0.33999999999999986,0.5,5,5,0.7324414715719063,0.9206128133704735,0.8652900688298918,0.6680485172504984,0.6744031830238727,0.82652714247119,0.7737123156730085,0.8211546771303335,0.7934782608695652,0.7617391304347826,0.6690883292292623
0.34999999999999987,0.5,1,5,0.7239057239057239,0.922077922077922,0.8669165885660731,0.6610227887975587,0.707090788601723,0.8229918229918229,0.7993757023511782,0.8170051931776835,0.7818181818181819,0.7517482517482518,0.6619362616009495
0.34999999999999987,0.5,2,5,0.7578947368421053,0.906801007556675,0.8674698795180723,0.6609788519637463,0.7150430748840292,0.8323478721993902,0.6806785157253568,0.8290112852008241,0.7448275862068966,0.7513043478260869,0.6610252954544987
0.34999999999999987,0.5,3,5,0.6891891891891891,0.9205729166666666,0.856203007518797,0.6300383615439158,0.7055702917771883,0.8048810529279279,0.7660377363238219,0.7965230078453648,0.769811320754717,0.7272727272727273,0.6318159280005338
0.34999999999999987,0.5,4,5,0.7206896551724138,0.9102902374670184,0.857824427480916,0.6398343005286515,0.6949602122015914,0.815489946319716,0.7547964230894556,0.8099609603844621,0.7545126353790613,0.7372134038800705,0.6401504395993507
0.34999999999999987,0.5,5,5,0.7357859531772575,0.9206128133704735,0.8662733529990168,0.6708001504239004,0.6744031830238727,0.8281993832738654,0.7898025754637805,0.8230273242080062,0.7942238267148014,0.7638888888888888,0.6717533302951636
0.3599999999999999,0.5,1,5,0.7205387205387206,0.922077922077922,0.865979381443299,0.6582740016259763,0.707090788601723,0.8213083213083213,0.8025589171271728,0.8151029666312275,0.781021897810219,0.7495621716287215,0.6592705575821283
0.3599999999999999,0.5,2,5,0.7543859649122807,0.906801007556675,0.8665430954587581,0.6582258433491122,0.7150430748840292,0.8305934862344779,0.7402829694416546,0.8270900513662769,0.7439446366782007,0.7491289198606271,0.6582555085799273
0.3599999999999999,0.5,3,5,0.6858108108108109,0.9231770833333334,0.8571428571428571,0.631269835479517,0.7055702917771883,0.8044939470720721,0.7619772896059467,0.7956914125732368,0.7748091603053435,0.7275985663082437,0.633428055856438
0.3599999999999999,0.5,4,5,0.7206896551724138,0.9129287598944591,0.8597328244274809,0.6438999583930469,0.6949602122015914,0.8168092075334364,0.7244765595172801,0.8111339674587158,0.76,0.7398230088495575,0.6443254692323697
0.3599999999999999,0.5,5,5,0.7357859531772575,0.9206128133704735,0.8662733529990168,0.6708001504239004,0.6744031830238727,0.8281993832738654,0.7792385951562808,0.8230273242080062,0.7942238267148014,0.7638888888888888,0.6717533302951636
0.3699999999999999,0.5,1,5,0.7205387205387206,0.922077922077922,0.865979381443299,0.6582740016259763,0.707090788601723,0.8213083213083213,0.801206879582676,0.8151029666312275,0.781021897810219,0.7495621716287215,0.6592705575821283
0.3699999999999999,0.5,2,5,0.7508771929824561,0.9042821158690176,0.8637627432808156,0.6514957429277671,0.7150430748840292,0.8275796544257369,0.7412297900203134,0.8240174857537698,0.7379310344827587,0.7443478260869565,0.6515415200905644
0.3699999999999999,0.5,3,5,0.6858108108108109,0.9231770833333334,0.8571428571428571,0.631269835479517,0.7055702917771883,0.8044939470720721,0.74723440705578,0.7956914125732368,0.7748091603053435,0.7275985663082437,0.633428055856438
0.3699999999999999,0.5,4,5,0.7241379310344828,0.9116094986807388,0.8597328244274809,0.64466873944773,0.6949602122015914,0.8178737148576107,0.7543916752566163,0.8124844714122554,0.7581227436823105,0.7407407407407407,0.6449872671915997
0.3699999999999999,0.5,5,5,0.7224080267558528,0.9192200557103064,0.8613569321533924,0.6576730350999908,0.6744031830238727,0.8208140412330795,0.7898468950755158,0.8148938253540073,0.7883211678832117,0.7539267015706806,0.6588878386440559
0.3799999999999999,0.5,1,5,0.7171717171717171,0.9233766233766234,0.865979381443299,0.6575484508085422,0.707090788601723,0.8202741702741703,0.7996294654715888,0.8137687623540455,0.7830882352941176,0.7486818980667839,0.6587300587052961
0.3799999999999999,0.5,2,5,0.7473684210526316,0.9042821158690176,0.8628359592215014,0.6487321167754764,0.7150430748840292,0.8258252684608246,0.742746596540117,0.8220899568314654,0.7370242214532872,0.7421602787456446,0.6487613541385726
0.3799999999999999,0.5,3,5,0.6858108108108109,0.9231770833333334,0.8571428571428571,0.631269835479517,0.7055702917771883,0.8044939470720721,0.7691533172110117,0.7956914125732368,0.7748091603053435,0.7275985663082437,0.633428055856438
0.3799999999999999,0.5,4,5,0.7172413793103448,0.9116094986807388,0.857824427480916,0.6390550598677823,0.6949602122015914,0.8144254389955419,0.7526307094976805,0.8086062417680098,0.7563636363636363,0.736283185840708,0.6394773690345299
0.3799999999999999,0.5,5,5,0.7224080267558528,0.9192200557103064,0.8613569321533924,0.6576730350999908,0.6744031830238727,0.8208140412330795,0.7918919200577652,0.8148938253540073,0.7883211678832117,0.7539267015706806,0.6588878386440559
0.3899999999999999,0.5,1,5,0.7138047138047138,0.9233766233766234,0.8650421743205249,0.654787207750482,0.707090788601723,0.8185906685906685,0.8000135817072058,0.8118562596810557,0.7822878228782287,0.7464788732394366,0.6560628631185546
0.3899999999999999,0.5,2,5,0.7473684210526316,0.906801007556675,0.8646895273401297,0.6527012905700641,0.7150430748840292,0.8270847143046534,0.7127904909708864,0.8232341326904319,0.7421602787456446,0.7447552447552448,0.6527086773041788
0.3899999999999999,0.5,3,5,0.6824324324324325,0.9231770833333334,0.856203007518797,0.6284441360673397,0.7055702917771883,0.802804757882883,0.7626193291407759,0.7937291619595724,0.7739463601532567,0.725314183123878,0.6307265747175328
0.3899999999999999,0.5,4,5,0.7172413793103448,0.9142480211081794,0.8597328244274809,0.6431278435151638,0.6949602122015914,0.8157447002092622,0.7588588026061639,0.8097755934154744,0.7619047619047619,0.738898756660746,0.6436762606946234
0.3899999999999999,0.5,5,5,0.7224080267558528,0.9178272980501393,0.8603736479842674,0.6555896858633748,0.6744031830238727,0.820117662402996,0.7750643927880301,0.8142762475272486,0.7854545454545454,0.7526132404181185,0.6567032253147053
0.3999999999999998,0.5,1,5,0.7104377104377104,0.9233766233766234,0.8641049671977507,0.6520200895618395,0.707090788601723,0.8169071669071669,0.8033008732055404,0.8099392410442849,0.7814814814814814,0.7442680776014109,0.653393186013956
0.3999999999999998,0.5,2,5,0.7473684210526316,0.906801007556675,0.8646895273401297,0.6527012905700641,0.7150430748840292,0.8270847143046534,0.721363414671357,0.8232341326904319,0.7421602787456446,0.7447552447552448,0.6527086773041788
0.3999999999999998,0.5,3,5,0.6824324324324325,0.9231770833333334,0.856203007518797,0.6284441360673397,0.7055702917771883,0.802804757882883,0.7734043299711425,0.7937291619595724,0.7739463601532567,0.725314183123878,0.6307265747175328
0.3999999999999998,0.5,4,5,0.7137931034482758,0.9142480211081794,0.8587786259541985,0.6403101925717043,0.6949602122015914,0.8140205622782276,0.7508396314378717,0.8078266721941361,0.7610294117647058,0.7366548042704626,0.6409237597879932
0.3999999999999998,0.5,5,5,0.7190635451505016,0.9178272980501393,0.8593903638151426,0.6528173334702033,0.6744031830238727,0.8184454216003205,0.770041823080923,0.8123891621457288,0.7846715328467153,0.7504363001745201,0.6540231679320133
0.4099999999999998,0.5,1,5,0.7070707070707071,0.922077922077922,0.8622305529522024,0.6472203666592443,0.707090788601723,0.8145743145743145,0.8009849553547669,0.8074492481499532,0.7777777777777778,0.7407407407407407,0.6485833553208276
0.4099999999999998,0.5,2,5,0.7473684210526316,0.9080604534005038,0.865616311399444,0.65469256591972,0.7150430748840292,0.8277144372265677,0.7375461846566977,0.8238056246944854,0.7447552447552448,0.7460595446584939,0.6546944223776555
0.4099999999999998,0.5,3,5,0.6858108108108109,0.9244791666666666,0.8580827067669173,0.6333010754651525,0.7055702917771883,0.8051449887387387,0.774592483037532,0.7962523512488797,0.7777777777777778,0.7289048473967684,0.6356011539747489
0.4099999999999998,0.5,4,5,0.7068965517241379,0.9142480211081794,0.8568702290076335,0.6346565027424002,0.6949602122015914,0.8105722864161586,0.7550496466507036,0.8039146556332885,0.7592592592592593,0.7321428571428571,0.6354108350724373
0.4099999999999998,0.5,5,5,0.7190635451505016,0.9178272980501393,0.8593903638151426,0.6528173334702033,0.6744031830238727,0.8184454216003205,0.7900495703581704,0.8123891621457288,0.7846715328467153,0.7504363001745201,0.6540231679320133
0.4199999999999998,0.5,1,5,0.7070707070707071,0.922077922077922,0.8622305529522024,0.6472203666592443,0.707090788601723,0.8145743145743145,0.7997762895692918,0.8074492481499532,0.7777777777777778,0.7407407407407407,0.6485833553208276
0.4199999999999998,0.5,2,5,0.7368421052631579,0.906801007556675,0.8619091751621872,0.6443678094812542,0.7150430748840292,0.8218215564099165,0.7289722085526693,0.8174161507230042,0.7394366197183099,0.7381370826010545,0.6443696449005326
0.4199999999999998,0.5,3,5,0.6824324324324325,0.9244791666666666,0.8571428571428571,0.6304745192659208,0.7055702917771883,0.8034557995495495,0.771976643325487,0.7942887173071524,0.7769230769230769,0.7266187050359713,0.6329030737242054
0.4199999999999998,0.5,4,5,0.696551724137931,0.91688654353562,0.8559160305343512,0.6302098425012853,0.6949602122015914,0.8067191338367755,0.7395909260097032,0.7991613746538332,0.7622641509433963,0.7279279279279279,0.6313942878120167
0.4199999999999998,0.5,5,5,0.7190635451505016,0.9178272980501393,0.8593903638151426,0.6528173334702033,0.6744031830238727,0.8184454216003205,0.7884601644918993,0.8123891621457288,0.7846715328467153,0.7504363001745201,0.6540231679320133
0.4299999999999998,0.5,1,5,0.7037037037037037,0.922077922077922,0.8612933458294283,0.6444422429165841,0.707090788601723,0.8128908128908129,0.800788097619867,0.805524455786197,0.7769516728624535,0.7385159010600707,0.6459052414336222
0.4299999999999998,0.5,2,5,0.7333333333333333,0.9080604534005038,0.8619091751621872,0.6435651686165484,0.7150430748840292,0.8206968933669185,0.6982850801055138,0.8160336997700337,0.7411347517730497,0.7372134038800705,0.643581741938179
0.4299999999999998,0.5,3,5,0.6824324324324325,0.9244791666666666,0.8571428571428571,0.6304745192659208,0.7055702917771883,0.8034557995495495,0.7698230341576717,0.7942887173071524,0.7769230769230769,0.7266187050359713,0.6329030737242054
0.4299999999999998,0.5,4,5,0.7,0.91688654353562,0.8568702290076335,0.633060073574723,0.6949602122015914,0.8084432717678101,0.7552577672287459,0.8011370547384099,0.7631578947368421,0.7302158273381295,0.6341539527150422
0.4299999999999998,0.5,5,5,0.7190635451505016,0.9178272980501393,0.8593903638151426,0.6528173334702033,0.6744031830238727,0.8184454216003205,0.7652092855939128,0.8123891621457288,0.7846715328467153,0.7504363001745201,0.6540231679320133
0.43999999999999984,0.5,1,5,0.7037037037037037,0.922077922077922,0.8612933458294283,0.6444422429165841,0.707090788601723,0.8128908128908129,0.7999950150587848,0.805524455786197,0.7769516728624535,0.7385159010600707,0.6459052414336222
0.43999999999999984,0.5,2,5,0.7263157894736842,0.9080604534005038,0.8600556070435589,0.6379637139333608,0.7150430748840292,0.817188121437094,0.7378748744809611,0.8121198465136895,0.7392857142857143,0.7327433628318584,0.6380095601086924
0.43999999999999984,0.5,3,5,0.6824324324324325,0.9231770833333334,0.856203007518797,0.6284441360673397,0.7055702917771883,0.802804757882883,0.7697553774660684,0.7937291619595724,0.7739463601532567,0.725314183123878,0.6307265747175328
0.43999999999999984,0.5,4,5,0.7,0.9182058047493403,0.857824427480916,0.635107725382063,0.6949602122015914,0.8091029023746701,0.7548097711386779,0.8017132051578907,0.7660377358490567,0.7315315315315315,0.6363013759987407
0.43999999999999984,0.5,5,5,0.7123745819397993,0.9192200557103064,0.8584070796460177,0.6493372155390391,0.6744031830238727,0.8157973188250529,0.7891929442824579,0.8092150535533237,0.7859778597785978,0.7473684210526316,0.650851921316183
0.44999999999999984,0.5,1,5,0.7037037037037037,0.9194805194805195,0.85941893158388,0.640403341406752,0.707090788601723,0.8115921115921116,0.8007369651054279,0.8043891141989971,0.7712177121771218,0.7359154929577465,0.6416509741499202
0.44999999999999984,0.5,2,5,0.7263157894736842,0.906801007556675,0.8591288229842446,0.6359778401221633,0.7150430748840292,0.8165583985151796,0.7405765961538352,0.8115564611898908,0.7366548042704626,0.7314487632508834,0.6360070231487431
0.44999999999999984,0.5,3,5,0.6824324324324325,0.9231770833333334,0.856203007518797,0.6284441360673397,0.7055702917771883,0.802804757882883,0.7715196511495501,0.7937291619595724,0.7739463601532567,0.725314183123878,0.6307265747175328
0.44999999999999984,0.5,4,5,0.7,0.9182058047493403,0.857824427480916,0.635107725382063,0.6949602122015914,0.8091029023746701,0.7559976571277638,0.8017132051578907,0.7660377358490567,0.7315315315315315,0.6363013759987407
0.44999999999999984,0.5,5,5,0.7123745819397993,0.9178272980501393,0.8574237954768928,0.6472559568090975,0.6744031830238727,0.8151009399949694,0.7849311251395964,0.8086017794572329,0.7830882352941176,0.7460595446584939,0.6486567209227823
0.45999999999999985,0.5,1,5,0.7037037037037037,0.9194805194805195,0.85941893158388,0.640403341406752,0.707090788601723,0.8115921115921116,0.8007108926753115,0.8043891141989971,0.7712177121771218,0.7359154929577465,0.6416509741499202
0.45999999999999985,0.5,2,5,0.7263157894736842,0.906801007556675,0.8591288229842446,0.6359778401221633,0.7150430748840292,0.8165583985151796,0.7340145814388531,0.8115564611898908,0.7366548042704626,0.7314487632508834,0.6360070231487431
0.45999999999999985,0.5,3,5,0.6824324324324325,0.9231770833333334,0.856203007518797,0.6284441360673397,0.7055702917771883,0.802804757882883,0.7693258167021361,0.7937291619595724,0.7739463601532567,0.725314183123878,0.6307265747175328
0.45999999999999985,0.5,4,5,0.7,0.9182058047493403,0.857824427480916,0.635107725382063,0.6949602122015914,0.8091029023746701,0.7250562794491398,0.8017132051578907,0.7660377358490567,0.7315315315315315,0.6363013759987407
0.45999999999999985,0.5,5,5,0.7090301003344481,0.9178272980501393,0.856440511307768,0.6444668990881925,0.6744031830238727,0.8134286991922937,0.7880386585094458,0.8067014201215873,0.7822878228782287,0.743859649122807,0.6459702439017444
0.46999999999999986,0.5,1,5,0.7037037037037037,0.9207792207792208,0.8603561387066542,0.6424206437566491,0.707090788601723,0.8122414622414622,0.7975438005942307,0.8049569851586779,0.774074074074074,0.7372134038800705,0.6437735246276991
0.46999999999999986,0.5,2,5,0.7263157894736842,0.9080604534005038,0.8600556070435589,0.6379637139333608,0.7150430748840292,0.817188121437094,0.7412100692601657,0.8121198465136895,0.7392857142857143,0.7327433628318584,0.6380095601086924
0.46999999999999986,0.5,3,5,0.6824324324324325,0.9231770833333334,0.856203007518797,0.6284441360673397,0.7055702917771883,0.802804757882883,0.773856722509673,0.7937291619595724,0.7739463601532567,0.725314183123878,0.6307265747175328
0.46999999999999986,0.5,4,5,0.696551724137931,0.9195250659630607,0.857824427480916,0.6343078753360624,0.6949602122015914,0.8080383950504959,0.725531117703311,0.800310421077106,0.7680608365019012,0.7305605786618445,0.6357051748784623
0.46999999999999986,0.5,5,5,0.7090301003344481,0.9206128133704735,0.8584070796460177,0.6486321780064013,0.6744031830238727,0.8148214568524608,0.7639702893846593,0.807924622370952,0.7881040892193308,0.7464788732394366,0.650377034291319
0.47999999999999976,0.5,1,5,0.7037037037037037,0.9207792207792208,0.8603561387066542,0.6424206437566491,0.707090788601723,0.8122414622414622,0.801166646116169,0.8049569851586779,0.774074074074074,0.7372134038800705,0.6437735246276991
0.47999999999999976,0.5,2,5,0.7228070175438597,0.906801007556675,0.8582020389249305,0.6331685313364517,0.7150430748840292,0.8148040125502674,0.7363884994633205,0.8095938066572689,0.7357142857142858,0.7292035398230089,0.633214032914156
0.47999999999999976,0.5,3,5,0.6824324324324325,0.9231770833333334,0.856203007518797,0.6284441360673397,0.7055702917771883,0.802804757882883,0.7613474781065945,0.7937291619595724,0.7739463601532567,0.725314183123878,0.6307265747175328
0.47999999999999976,0.5,4,5,0.696551724137931,0.91688654353562,0.8559160305343512,0.6302098425012853,0.6949602122015914,0.8067191338367755,0.7411176703861628,0.7991613746538332,0.7622641509433963,0.7279279279279279,0.6313942878120167
0.47999999999999976,0.5,5,5,0.7090301003344481,0.9206128133704735,0.8584070796460177,0.6486321780064013,0.6744031830238727,0.8148214568524608,0.7890863145053437,0.807924622370952,0.7881040892193308,0.7464788732394366,0.650377034291319
0.48999999999999977,0.5,1,5,0.7037037037037037,0.9207792207792208,0.8603561387066542,0.6424206437566491,0.707090788601723,0.8122414622414622,0.7867846739717362,0.8049569851586779,0.774074074074074,0.7372134038800705,0.6437735246276991
0.48999999999999977,0.5,2,5,0.7228070175438597,0.906801007556675,0.8582020389249305,0.6331685313364517,0.7150430748840292,0.8148040125502674,0.7388226247136602,0.8095938066572689,0.7357142857142858,0.7292035398230089,0.633214032914156
0.48999999999999977,0.5,3,5,0.6790540540540541,0.9231770833333334,0.8552631578947368,0.6256123418878409,0.7055702917771883,0.8011155686936937,0.7686006580372362,0.7917620482489025,0.7730769230769231,0.7230215827338129,0.628022167496366
0.48999999999999977,0.5,4,5,0.696551724137931,0.91688654353562,0.8559160305343512,0.6302098425012853,0.6949602122015914,0.8067191338367755,0.7516325468644347,0.7991613746538332,0.7622641509433963,0.7279279279279279,0.6313942878120167
0.48999999999999977,0.5,5,5,0.7090301003344481,0.9192200557103064,0.8574237954768928,0.6465474469875101,0.6744031830238727,0.8141250780223772,0.7491280995177065,0.807313252913462,0.7851851851851852,0.7451669595782073,0.6481689735152985
0.4999999999999998,0.5,1,5,0.7037037037037037,0.9207792207792208,0.8603561387066542,0.6424206437566491,0.707090788601723,0.8122414622414622,0.7985504969121067,0.8049569851586779,0.774074074074074,0.7372134038800705,0.6437735246276991
0.4999999999999998,0.5,2,5,0.7228070175438597,0.906801007556675,0.8582020389249305,0.6331685313364517,0.7150430748840292,0.8148040125502674,0.718699207699726,0.8095938066572689,0.7357142857142858,0.7292035398230089,0.633214032914156
0.4999999999999998,0.5,3,5,0.6756756756756757,0.9231770833333334,0.8543233082706767,0.6227744332009736,0.7055702917771883,0.7994263795045045,0.7556224263171335,0.7897900351039823,0.7722007722007722,0.7207207207207207,0.6253147861219418
0.4999999999999998,0.5,4,5,0.696551724137931,0.91688654353562,0.8559160305343512,0.6302098425012853,0.6949602122015914,0.8067191338367755,0.7337867762561538,0.7991613746538332,0.7622641509433963,0.7279279279279279,0.6313942878120167
0.4999999999999998,0.5,5,5,0.705685618729097,0.9192200557103064,0.856440511307768,0.6437520693676013,0.6744031830238727,0.8124528372197017,0.7684674931814615,0.8054069615803693,0.7843866171003717,0.7429577464788732,0.6454837978914886
0.5099999999999998,0.5,1,5,0.7037037037037037,0.9207792207792208,0.8603561387066542,0.6424206437566491,0.707090788601723,0.8122414622414622,0.8027636748909038,0.8049569851586779,0.774074074074074,0.7372134038800705,0.6437735246276991
0.5099999999999998,0.5,2,5,0.7228070175438597,0.906801007556675,0.8582020389249305,0.6331685313364517,0.7150430748840292,0.8148040125502674,0.7391872103206585,0.8095938066572689,0.7357142857142858,0.7292035398230089,0.633214032914156
0.5099999999999998,0.5,3,5,0.668918918918919,0.9231770833333334,0.8524436090225563,0.6170801929177897,0.7055702917771883,0.7960480011261262,0.7762312929242186,0.7858311628804588,0.7704280155642024,0.7160940325497287,0.6198909062258053
0.5099999999999998,0.5,4,5,0.6931034482758621,0.91688654353562,0.8549618320610687,0.6273533705131563,0.6949602122015914,0.8049949959057411,0.7513782540431293,0.7971807981896419,0.7613636363636364,0.7256317689530686,0.6286317566469805
0.5099999999999998,0.5,5,5,0.705685618729097,0.9192200557103064,0.856440511307768,0.6437520693676013,0.6744031830238727,0.8124528372197017,0.7635305086173491,0.8054069615803693,0.7843866171003717,0.7429577464788732,0.6454837978914886
0.5199999999999998,0.5,1,5,0.7037037037037037,0.9207792207792208,0.8603561387066542,0.6424206437566491,0.707090788601723,0.8122414622414622,0.7834173354452397,0.8049569851586779,0.774074074074074,0.7372134038800705,0.6437735246276991
0.5199999999999998,0.5,2,5,0.7228070175438597,0.906801007556675,0.8582020389249305,0.6331685313364517,0.7150430748840292,0.8148040125502674,0.7365682131423926,0.8095938066572689,0.7357142857142858,0.7292035398230089,0.633214032914156
0.5199999999999998,0.5,3,5,0.6655405405405406,0.9231770833333334,0.8515037593984962,0.6142238214128359,0.7055702917771883,0.7943588119369369,0.7750875239743082,0.783844228821203,0.76953125,0.7137681159420289,0.6171743091329465
0.5199999999999998,0.5,4,5,0.6931034482758621,0.91688654353562,0.8549618320610687,0.6273533705131563,0.6949602122015914,0.8049949959057411,0.7380724677506998,0.7971807981896419,0.7613636363636364,0.7256317689530686,0.6286317566469805
0.5199999999999998,0.5,5,5,0.705685618729097,0.9192200557103064,0.856440511307768,0.6437520693676013,0.6744031830238727,0.8124528372197017,0.7887878903814005,0.8054069615803693,0.7843866171003717,0.7429577464788732,0.6454837978914886
0.5299999999999998,0.5,1,5,0.696969696969697,0.9207792207792208,0.8584817244611059,0.6368482384151936,0.707090788601723,0.808874458874459,0.7982978990582272,0.8010962579381378,0.7723880597014925,0.7327433628318584,0.6384028156656965
0.5299999999999998,0.5,2,5,0.7228070175438597,0.906801007556675,0.8582020389249305,0.6331685313364517,0.7150430748840292,0.8148040125502674,0.7098217989583508,0.8095938066572689,0.7357142857142858,0.7292035398230089,0.633214032914156
0.5299999999999998,0.5,3,5,0.6655405405405406,0.9231770833333334,0.8515037593984962,0.6142238214128359,0.7055702917771883,0.7943588119369369,0.7652154131378662,0.783844228821203,0.76953125,0.7137681159420289,0.6171743091329465
0.5299999999999998,0.5,4,5,0.6931034482758621,0.91688654353562,0.8549618320610687,0.6273533705131563,0.6949602122015914,0.8049949959057411,0.7524971968428744,0.7971807981896419,0.7613636363636364,0.7256317689530686,0.6286317566469805
0.5299999999999998,0.5,5,5,0.7023411371237458,0.9192200557103064,0.855457227138643,0.6409510657460221,0.6744031830238727,0.810780596417026,0.781459115456663,0.803496147591592,0.7835820895522388,0.7407407407407407,0.6427963497779664
0.5399999999999998,0.5,1,5,0.6936026936026936,0.9207792207792208,0.8575445173383318,0.6340531149168529,0.707090788601723,0.8071909571909572,0.8004540210553521,0.7991589001855994,0.7715355805243446,0.7304964539007093,0.6357134293180896
0.5399999999999998,0.5,2,5,0.7228070175438597,0.9055415617128464,0.8572752548656163,0.6311880748606128,0.7150430748840292,0.814174289628353,0.7186171030277063,0.8090313933857397,0.7330960854092526,0.7279151943462897,0.6312170380999012
0.5399999999999998,0.5,3,5,0.6655405405405406,0.9231770833333334,0.8515037593984962,0.6142238214128359,0.7055702917771883,0.7943588119369369,0.7705007976229643,0.783844228821203,0.76953125,0.7137681159420289,0.6171743091329465
0.5399999999999998,0.5,4,5,0.6931034482758621,0.9155672823218998,0.8540076335877863,0.6253119596205077,0.6949602122015914,0.8043353652988809,0.7575675674964616,0.7966070803764354,0.7584905660377359,0.7243243243243244,0.6264871996252925
0.5399999999999998,0.5,5,5,0.7023411371237458,0.9192200557103064,0.855457227138643,0.6409510657460221,0.6744031830238727,0.810780596417026,0.7598513015292512,0.803496147591592,0.7835820895522388,0.7407407407407407,0.6427963497779664
0.5499999999999998,0.5,1,5,0.6902356902356902,0.9207792207792208,0.8566073102155577,0.6312520187840088,0.707090788601723,0.8055074555074555,0.8008580325892476,0.7972168343739527,0.7706766917293233,0.7282415630550622,0.6330212944209133
0.5499999999999998,0.5,2,5,0.7228070175438597,0.9055415617128464,0.8572752548656163,0.6311880748606128,0.7150430748840292,0.814174289628353,0.7104337859007177,0.8090313933857397,0.7330960854092526,0.7279151943462897,0.6312170380999012
0.5499999999999998,0.5,3,5,0.6655405405405406,0.9231770833333334,0.8515037593984962,0.6142238214128359,0.7055702917771883,0.7943588119369369,0.7677931132426518,0.783844228821203,0.76953125,0.7137681159420289,0.6171743091329465
0.5499999999999998,0.5,4,5,0.6931034482758621,0.9155672823218998,0.8540076335877863,0.6253119596205077,0.6949602122015914,0.8043353652988809,0.7543081255619394,0.7966070803764354,0.7584905660377359,0.7243243243243244,0.6264871996252925
0.5499999999999998,0.5,5,5,0.7023411371237458,0.9192200557103064,0.855457227138643,0.6409510657460221,0.6744031830238727,0.810780596417026,0.787426411055947,0.803496147591592,0.7835820895522388,0.7407407407407407,0.6427963497779664
0.5599999999999997,0.5,1,5,0.6902356902356902,0.9207792207792208,0.8566073102155577,0.6312520187840088,0.707090788601723,0.8055074555074555,0.7996760014364095,0.7972168343739527,0.7706766917293233,0.7282415630550622,0.6330212944209133
0.5599999999999997,0.5,2,5,0.7228070175438597,0.9055415617128464,0.8572752548656163,0.6311880748606128,0.7150430748840292,0.814174289628353,0.7338628483627183,0.8090313933857397,0.7330960854092526,0.7279151943462897,0.6312170380999012
0.5599999999999997,0.5,3,5,0.6655405405405406,0.9231770833333334,0.8515037593984962,0.6142238214128359,0.7055702917771883,0.7943588119369369,0.7682825414642146,0.783844228821203,0.76953125,0.7137681159420289,0.6171743091329465
0.5599999999999997,0.5,4,5,0.696551724137931,0.9155672823218998,0.8549618320610687,0.628167541222386,0.6949602122015914,0.8060595032299154,0.757537770958299,0.7985862314525584,0.7593984962406015,0.7266187050359713,0.6292529664429163
0.5599999999999997,0.5,5,5,0.7023411371237458,0.9192200557103064,0.855457227138643,0.6409510657460221,0.6744031830238727,0.810780596417026,0.7702912404316158,0.803496147591592,0.7835820895522388,0.7407407407407407,0.6427963497779664
0.5699999999999997,0.5,1,5,0.6902356902356902,0.9207792207792208,0.8566073102155577,0.6312520187840088,0.707090788601723,0.8055074555074555,0.7969393550973045,0.7972168343739527,0.7706766917293233,0.7282415630550622,0.6330212944209133
0.5699999999999997,0.5,2,5,0.7192982456140351,0.9055415617128464,0.8563484708063022,0.6283733487395426,0.7150430748840292,0.8124199036634407,0.7100048810213735,0.8070653360606215,0.7321428571428571,0.7256637168141593,0.6284185057196197
0.5699999999999997,0.5,3,5,0.6621621621621622,0.9231770833333334,0.8505639097744361,0.6113612555823056,0.7055702917771883,0.7926696227477478,0.7743129153168964,0.7818522453498222,0.7686274509803922,0.7114337568058077,0.6144545407270545
0.5699999999999997,0.5,4,5,0.696551724137931,0.9155672823218998,0.8549618320610687,0.628167541222386,0.6949602122015914,0.8060595032299154,0.7546424348621856,0.7985862314525584,0.7593984962406015,0.7266187050359713,0.6292529664429163
0.5699999999999997,0.5,5,5,0.705685618729097,0.9192200557103064,0.856440511307768,0.6437520693676013,0.6744031830238727,0.8124528372197017,0.7835118211967002,0.8054069615803693,0.7843866171003717,0.7429577464788732,0.6454837978914886
0.5799999999999997,0.5,1,5,0.6902356902356902,0.9194805194805195,0.8556701030927835,0.6292380243236534,0.707090788601723,0.8048581048581048,0.7987867718894602,0.7966544238387855,0.7677902621722846,0.7269503546099291,0.6308857300584126
0.5799999999999997,0.5,2,5,0.7192982456140351,0.9042821158690176,0.8554216867469879,0.6263983095990624,0.7150430748840292,0.8117901807415264,0.6828109427945872,0.8065038992371532,0.7295373665480427,0.7243816254416962,0.6264270530510592
0.5799999999999997,0.5,3,5,0.6621621621621622,0.9231770833333334,0.8505639097744361,0.6113612555823056,0.7055702917771883,0.7926696227477478,0.7707950639008969,0.7818522453498222,0.7686274509803922,0.7114337568058077,0.6144545407270545
0.5799999999999997,0.5,4,5,0.696551724137931,0.9155672823218998,0.8549618320610687,0.628167541222386,0.6949602122015914,0.8060595032299154,0.7556426452537018,0.7985862314525584,0.7593984962406015,0.7266187050359713,0.6292529664429163
0.5799999999999997,0.5,5,5,0.7090301003344481,0.9192200557103064,0.8574237954768928,0.6465474469875101,0.6744031830238727,0.8141250780223772,0.7870201544324629,0.807313252913462,0.7851851851851852,0.7451669595782073,0.6481689735152985
0.5899999999999997,0.5,1,5,0.6902356902356902,0.9181818181818182,0.8547328959700093,0.6272283242010264,0.707090788601723,0.8042087542087542,0.7997071000753699,0.7960916159805907,0.7649253731343284,0.7256637168141593,0.6287594187771856
0.5899999999999997,0.5,2,5,0.7192982456140351,0.9055415617128464,0.8563484708063022,0.6283733487395426,0.7150430748840292,0.8124199036634407,0.737611615459854,0.8070653360606215,0.7321428571428571,0.7256637168141593,0.6284185057196197
0.5899999999999997,0.5,3,5,0.6587837837837838,0.9231770833333334,0.849624060150376,0.6084924752548111,0.7055702917771883,0.7909804335585586,0.7642974465466826,0.779855173773189,0.7677165354330708,0.7090909090909091,0.6117315504555234
0.5899999999999997,0.5,4,5,0.696551724137931,0.9155672823218998,0.8549618320610687,0.628167541222386,0.6949602122015914,0.8060595032299154,0.7534282011488704,0.7985862314525584,0.7593984962406015,0.7266187050359713,0.6292529664429163
0.5899999999999997,0.5,5,5,0.705685618729097,0.9178272980501393,0.855457227138643,0.6416722393597514,0.6744031830238727,0.8117564583896182,0.7733223735273346,0.8047965734960406,0.7814814814814814,0.7416520210896309,0.6432815389759131
0.5999999999999998,0.5,1,5,0.6902356902356902,0.9181818181818182,0.8547328959700093,0.6272283242010264,0.707090788601723,0.8042087542087542,0.8002595683635692,0.7960916159805907,0.7649253731343284,0.7256637168141593,0.6287594187771856
0.5999999999999998,0.5,2,5,0.7192982456140351,0.9042821158690176,0.8554216867469879,0.6263983095990624,0.7150430748840292,0.8117901807415264,0.7151802249850533,0.8065038992371532,0.7295373665480427,0.7243816254416962,0.6264270530510592
0.5999999999999998,0.5,3,5,0.6554054054054054,0.921875,0.8477443609022557,0.6035986311954963,0.7055702917771883,0.7886402027027026,0.7704296522939803,0.777304224939057,0.7637795275590551,0.7054545454545454,0.6068116559032719
0.5999999999999998,0.5,4,5,0.696551724137931,0.9155672823218998,0.8549618320610687,0.628167541222386,0.6949602122015914,0.8060595032299154,0.7521253764295601,0.7985862314525584,0.7593984962406015,0.7266187050359713,0.6292529664429163
0.5999999999999998,0.5,5,5,0.7023411371237458,0.9178272980501393,0.8544739429695182,0.6388719607288013,0.6744031830238727,0.8100842175869425,0.789060271325336,0.8028872076423624,0.7806691449814126,0.7394366197183099,0.6405905614916582
0.6099999999999998,0.5,1,5,0.6902356902356902,0.9181818181818182,0.8547328959700093,0.6272283242010264,0.707090788601723,0.8042087542087542,0.7985694400157713,0.7960916159805907,0.7649253731343284,0.7256637168141593,0.6287594187771856
0.6099999999999998,0.5,2,5,0.7192982456140351,0.9042821158690176,0.8554216867469879,0.6263983095990624,0.7150430748840292,0.8117901807415264,0.7107771963444551,0.8065038992371532,0.7295373665480427,0.7243816254416962,0.6264270530510592
0.6099999999999998,0.5,3,5,0.652027027027027,0.9205729166666666,0.8458646616541353,0.5987047871361812,0.7055702917771883,0.7862999718468469,0.7514673611817682,0.7747505547050391,0.7598425196850394,0.7018181818181818,0.6018917613510203
0.6099999999999998,0.5,4,5,0.696551724137931,0.9155672823218998,0.8549618320610687,0.628167541222386,0.6949602122015914,0.8060595032299154,0.7530664155147937,0.7985862314525584,0.7593984962406015,0.7266187050359713,0.6292529664429163
0.6099999999999998,0.5,5,5,0.7023411371237458,0.915041782729805,0.8525073746312685,0.6347262661864992,0.6744031830238727,0.8086914599267754,0.7771312739557863,0.8016679401087403,0.7749077490774908,0.7368421052631579,0.6362068890728672
0.6199999999999998,0.5,1,5,0.6902356902356902,0.9181818181818182,0.8547328959700093,0.6272283242010264,0.707090788601723,0.8042087542087542,0.7987649154285766,0.7960916159805907,0.7649253731343284,0.7256637168141593,0.6287594187771856
0.6199999999999998,0.5,2,5,0.7157894736842105,0.9042821158690176,0.8544949026876738,0.6235781661426335,0.7150430748840292,0.8100357947766141,0.7165982582340757,0.8045344118059391,0.7285714285714285,0.7221238938053097,0.6236229785250833
0.6199999999999998,0.5,3,5,0.652027027027027,0.9205729166666666,0.8458646616541353,0.5987047871361812,0.7055702917771883,0.7862999718468469,0.768326200971648,0.7747505547050391,0.7598425196850394,0.7018181818181818,0.6018917613510203
0.6199999999999998,0.5,4,5,0.696551724137931,0.9155672823218998,0.8549618320610687,0.628167541222386,0.6949602122015914,0.8060595032299154,0.75223328863453,0.7985862314525584,0.7593984962406015,0.7266187050359713,0.6292529664429163
0.6199999999999998,0.5,5,5,0.7023411371237458,0.915041782729805,0.8525073746312685,0.6347262661864992,0.6744031830238727,0.8086914599267754,0.7593730949850512,0.8016679401087403,0.7749077490774908,0.7368421052631579,0.6362068890728672
0.6299999999999997,0.5,1,5,0.6902356902356902,0.9181818181818182,0.8547328959700093,0.6272283242010264,0.707090788601723,0.8042087542087542,0.7985632070288625,0.7960916159805907,0.7649253731343284,0.7256637168141593,0.6287594187771856
0.6299999999999997,0.5,2,5,0.7192982456140351,0.9042821158690176,0.8554216867469879,0.6263983095990624,0.7150430748840292,0.8117901807415264,0.7366631375993008,0.8065038992371532,0.7295373665480427,0.7243816254416962,0.6264270530510592
0.6299999999999997,0.5,3,5,0.652027027027027,0.9205729166666666,0.8458646616541353,0.5987047871361812,0.7055702917771883,0.7862999718468469,0.7595648528139074,0.7747505547050391,0.7598425196850394,0.7018181818181818,0.6018917613510203
0.6299999999999997,0.5,4,5,0.696551724137931,0.9155672823218998,0.8549618320610687,0.628167541222386,0.6949602122015914,0.8060595032299154,0.7576184634063454,0.7985862314525584,0.7593984962406015,0.7266187050359713,0.6292529664429163
0.6299999999999997,0.5,5,5,0.7023411371237458,0.915041782729805,0.8525073746312685,0.6347262661864992,0.6744031830238727,0.8086914599267754,0.7836512616821417,0.8016679401087403,0.7749077490774908,0.7368421052631579,0.6362068890728672
0.6399999999999997,0.5,1,5,0.6902356902356902,0.9181818181818182,0.8547328959700093,0.6272283242010264,0.707090788601723,0.8042087542087542,0.7999105623188197,0.7960916159805907,0.7649253731343284,0.7256637168141593,0.6287594187771856
0.6399999999999997,0.5,2,5,0.7192982456140351,0.9042821158690176,0.8554216867469879,0.6263983095990624,0.7150430748840292,0.8117901807415264,0.7151836334524301,0.8065038992371532,0.7295373665480427,0.7243816254416962,0.6264270530510592
0.6399999999999997,0.5,3,5,0.652027027027027,0.9205729166666666,0.8458646616541353,0.5987047871361812,0.7055702917771883,0.7862999718468469,0.7604252716755879,0.7747505547050391,0.7598425196850394,0.7018181818181818,0.6018917613510203
0.6399999999999997,0.5,4,5,0.6931034482758621,0.9155672823218998,0.8540076335877863,0.6253119596205077,0.6949602122015914,0.8043353652988809,0.7534382699274434,0.7966070803764354,0.7584905660377359,0.7243243243243244,0.6264871996252925
0.6399999999999997,0.5,5,5,0.7023411371237458,0.915041782729805,0.8525073746312685,0.6347262661864992,0.6744031830238727,0.8086914599267754,0.783063105182841,0.8016679401087403,0.7749077490774908,0.7368421052631579,0.6362068890728672
0.6499999999999997,0.5,1,5,0.6902356902356902,0.9181818181818182,0.8547328959700093,0.6272283242010264,0.707090788601723,0.8042087542087542,0.8003325086776867,0.7960916159805907,0.7649253731343284,0.7256637168141593,0.6287594187771856
0.6499999999999997,0.5,2,5,0.7157894736842105,0.9042821158690176,0.8544949026876738,0.6235781661426335,0.7150430748840292,0.8100357947766141,0.7361884236550463,0.8045344118059391,0.7285714285714285,0.7221238938053097,0.6236229785250833
0.6499999999999997,0.5,3,5,0.652027027027027,0.9205729166666666,0.8458646616541353,0.5987047871361812,0.7055702917771883,0.7862999718468469,0.7655206774598056,0.7747505547050391,0.7598425196850394,0.7018181818181818,0.6018917613510203
0.6499999999999997,0.5,4,5,0.6931034482758621,0.9155672823218998,0.8540076335877863,0.6253119596205077,0.6949602122015914,0.8043353652988809,0.7536203724357513,0.7966070803764354,0.7584905660377359,0.7243243243243244,0.6264871996252925
0.6499999999999997,0.5,5,5,0.7023411371237458,0.915041782729805,0.8525073746312685,0.6347262661864992,0.6744031830238727,0.8086914599267754,0.7887886768718073,0.8016679401087403,0.7749077490774908,0.7368421052631579,0.6362068890728672
0.6599999999999997,0.5,1,5,0.6902356902356902,0.9181818181818182,0.8547328959700093,0.6272283242010264,0.707090788601723,0.8042087542087542,0.800814971606409,0.7960916159805907,0.7649253731343284,0.7256637168141593,0.6287594187771856
0.6599999999999997,0.5,2,5,0.7157894736842105,0.9042821158690176,0.8544949026876738,0.6235781661426335,0.7150430748840292,0.8100357947766141,0.7368852638445532,0.8045344118059391,0.7285714285714285,0.7221238938053097,0.6236229785250833
0.6599999999999997,0.5,3,5,0.652027027027027,0.9205729166666666,0.8458646616541353,0.5987047871361812,0.7055702917771883,0.7862999718468469,0.7598566340229702,0.7747505547050391,0.7598425196850394,0.7018181818181818,0.6018917613510203
0.6599999999999997,0.5,4,5,0.6896551724137931,0.9155672823218998,0.8530534351145038,0.6224501253883296,0.6949602122015914,0.8026112273678465,0.7521481600198789,0.7946229998849378,0.7575757575757576,0.7220216606498195,0.623718519959387
0.6599999999999997,0.5,5,5,0.7023411371237458,0.915041782729805,0.8525073746312685,0.6347262661864992,0.6744031830238727,0.8086914599267754,0.7849537912937755,0.8016679401087403,0.7749077490774908,0.7368421052631579,0.6362068890728672
0.6699999999999997,0.5,1,5,0.6902356902356902,0.9181818181818182,0.8547328959700093,0.6272283242010264,0.707090788601723,0.8042087542087542,0.7992114575272722,0.7960916159805907,0.7649253731343284,0.7256637168141593,0.6287594187771856
0.6699999999999997,0.5,2,5,0.7157894736842105,0.9030226700251889,0.8535681186283596,0.6216085443375119,0.7150430748840292,0.8094060718546997,0.7275231324518411,0.8039739558606612,0.7259786476868327,0.7208480565371025,0.6216370680022172
0.6699999999999997,0.5,3,5,0.652027027027027,0.921875,0.8468045112781954,0.6007182981858366,0.7055702917771883,0.7869510135135135,0.7699556498624158,0.7752982752080263,0.7628458498023716,0.7030965391621129,0.6040787193207163
0.6699999999999997,0.5,4,5,0.6896551724137931,0.9155672823218998,0.8530534351145038,0.6224501253883296,0.6949602122015914,0.8026112273678465,0.7562366305241124,0.7946229998849378,0.7575757575757576,0.7220216606498195,0.623718519959387
0.6699999999999997,0.5,5,5,0.7023411371237458,0.915041782729805,0.8525073746312685,0.6347262661864992,0.6744031830238727,0.8086914599267754,0.7648236952744567,0.8016679401087403,0.7749077490774908,0.7368421052631579,0.6362068890728672
0.6799999999999997,0.5,1,5,0.6902356902356902,0.9181818181818182,0.8547328959700093,0.6272283242010264,0.707090788601723,0.8042087542087542,0.7706658577284037,0.7960916159805907,0.7649253731343284,0.7256637168141593,0.6287594187771856
0.6799999999999997,0.5,2,5,0.7157894736842105,0.9030226700251889,0.8535681186283596,0.6216085443375119,0.7150430748840292,0.8094060718546997,0.6952037782898894,0.8039739558606612,0.7259786476868327,0.7208480565371025,0.6216370680022172
0.6799999999999997,0.5,3,5,0.652027027027027,0.921875,0.8468045112781954,0.6007182981858366,0.7055702917771883,0.7869510135135135,0.7588318525944094,0.7752982752080263,0.7628458498023716,0.7030965391621129,0.6040787193207163
0.6799999999999997,0.5,4,5,0.6896551724137931,0.9155672823218998,0.8530534351145038,0.6224501253883296,0.6949602122015914,0.8026112273678465,0.7440719558897914,0.7946229998849378,0.7575757575757576,0.7220216606498195,0.623718519959387
0.6799999999999997,0.5,5,5,0.7023411371237458,0.915041782729805,0.8525073746312685,0.6347262661864992,0.6744031830238727,0.8086914599267754,0.7878777437029135,0.8016679401087403,0.7749077490774908,0.7368421052631579,0.6362068890728672
0.6899999999999997,0.5,1,5,0.6902356902356902,0.9181818181818182,0.8547328959700093,0.6272283242010264,0.707090788601723,0.8042087542087542,0.7981289438862544,0.7960916159805907,0.7649253731343284,0.7256637168141593,0.6287594187771856
0.6899999999999997,0.5,2,5,0.7157894736842105,0.9030226700251889,0.8535681186283596,0.6216085443375119,0.7150430748840292,0.8094060718546997,0.7030172874730419,0.8039739558606612,0.7259786476868327,0.7208480565371025,0.6216370680022172
0.6899999999999997,0.5,3,5,0.652027027027027,0.921875,0.8468045112781954,0.6007182981858366,0.7055702917771883,0.7869510135135135,0.7652447927662236,0.7752982752080263,0.7628458498023716,0.7030965391621129,0.6040787193207163
0.6899999999999997,0.5,4,5,0.6896551724137931,0.9155672823218998,0.8530534351145038,0.6224501253883296,0.6949602122015914,0.8026112273678465,0.7555467556089274,0.7946229998849378,0.7575757575757576,0.7220216606498195,0.623718519959387
0.6899999999999997,0.5,5,5,0.7023411371237458,0.915041782729805,0.8525073746312685,0.6347262661864992,0.6744031830238727,0.8086914599267754,0.7691087210564576,0.8016679401087403,0.7749077490774908,0.7368421052631579,0.6362068890728672
0.6999999999999996,0.5,1,5,0.6902356902356902,0.9181818181818182,0.8547328959700093,0.6272283242010264,0.707090788601723,0.8042087542087542,0.7994087804067415,0.7960916159805907,0.7649253731343284,0.7256637168141593,0.6287594187771856
0.6999999999999996,0.5,2,5,0.7157894736842105,0.9030226700251889,0.8535681186283596,0.6216085443375119,0.7150430748840292,0.8094060718546997,0.7301576916719335,0.8039739558606612,0.7259786476868327,0.7208480565371025,0.6216370680022172
0.6999999999999996,0.5,3,5,0.652027027027027,0.921875,0.8468045112781954,0.6007182981858366,0.7055702917771883,0.7869510135135135,0.7692000005556188,0.7752982752080263,0.7628458498023716,0.7030965391621129,0.6040787193207163
0.6999999999999996,0.5,4,5,0.6896551724137931,0.9155672823218998,0.8530534351145038,0.6224501253883296,0.6949602122015914,0.8026112273678465,0.7532662626859672,0.7946229998849378,0.7575757575757576,0.7220216606498195,0.623718519959387
0.6999999999999996,0.5,5,5,0.7023411371237458,0.915041782729805,0.8525073746312685,0.6347262661864992,0.6744031830238727,0.8086914599267754,0.7846021075860365,0.8016679401087403,0.7749077490774908,0.7368421052631579,0.6362068890728672
0.7099999999999996,0.5,1,5,0.6902356902356902,0.9181818181818182,0.8547328959700093,0.6272283242010264,0.707090788601723,0.8042087542087542,0.7975527472248256,0.7960916159805907,0.7649253731343284,0.7256637168141593,0.6287594187771856
0.7099999999999996,0.5,2,5,0.7157894736842105,0.9017632241813602,0.8526413345690455,0.6196433678525585,0.7150430748840292,0.8087763489327854,0.7266170732779093,0.8034131089449267,0.723404255319149,0.7195767195767195,0.619659325131374
0.7099999999999996,0.5,3,5,0.652027027027027,0.921875,0.8468045112781954,0.6007182981858366,0.7055702917771883,0.7869510135135135,0.7697195217740621,0.7752982752080263,0.7628458498023716,0.7030965391621129,0.6040787193207163
0.7099999999999996,0.5,4,5,0.6896551724137931,0.9155672823218998,0.8530534351145038,0.6224501253883296,0.6949602122015914,0.8026112273678465,0.7534849491398229,0.7946229998849378,0.7575757575757576,0.7220216606498195,0.623718519959387
0.7099999999999996,0.5,5,5,0.7023411371237458,0.915041782729805,0.8525073746312685,0.6347262661864992,0.6744031830238727,0.8086914599267754,0.7485366348256619,0.8016679401087403,0.7749077490774908,0.7368421052631579,0.6362068890728672
0.7199999999999996,0.5,1,5,0.6902356902356902,0.9181818181818182,0.8547328959700093,0.6272283242010264,0.707090788601723,0.8042087542087542,0.799460444333025,0.7960916159805907,0.7649253731343284,0.7256637168141593,0.6287594187771856
0.7199999999999996,0.5,2,5,0.7157894736842105,0.9017632241813602,0.8526413345690455,0.6196433678525585,0.7150430748840292,0.8087763489327854,0.7200275023921554,0.8034131089449267,0.723404255319149,0.7195767195767195,0.619659325131374
0.7199999999999996,0.5,3,5,0.652027027027027,0.921875,0.8468045112781954,0.6007182981858366,0.7055702917771883,0.7869510135135135,0.7707095637777431,0.7752982752080263,0.7628458498023716,0.7030965391621129,0.6040787193207163
0.7199999999999996,0.5,4,5,0.6896551724137931,0.9155672823218998,0.8530534351145038,0.6224501253883296,0.6949602122015914,0.8026112273678465,0.7537981143757401,0.7946229998849378,0.7575757575757576,0.7220216606498195,0.623718519959387
0.7199999999999996,0.5,5,5,0.7023411371237458,0.915041782729805,0.8525073746312685,0.6347262661864992,0.6744031830238727,0.8086914599267754,0.7668003053212035,0.8016679401087403,0.7749077490774908,0.7368421052631579,0.6362068890728672
0.7299999999999996,0.5,1,5,0.6902356902356902,0.9181818181818182,0.8547328959700093,0.6272283242010264,0.707090788601723,0.8042087542087542,0.7985826169048683,0.7960916159805907,0.7649253731343284,0.7256637168141593,0.6287594187771856
0.7299999999999996,0.5,2,5,0.7157894736842105,0.9017632241813602,0.8526413345690455,0.6196433678525585,0.7150430748840292,0.8087763489327854,0.7356960903086199,0.8034131089449267,0.723404255319149,0.7195767195767195,0.619659325131374
0.7299999999999996,0.5,3,5,0.652027027027027,0.921875,0.8468045112781954,0.6007182981858366,0.7055702917771883,0.7869510135135135,0.7496624391528978,0.7752982752080263,0.7628458498023716,0.7030965391621129,0.6040787193207163
0.7299999999999996,0.5,4,5,0.6896551724137931,0.9155672823218998,0.8530534351145038,0.6224501253883296,0.6949602122015914,0.8026112273678465,0.7421319160380163,0.7946229998849378,0.7575757575757576,0.7220216606498195,0.623718519959387
0.7299999999999996,0.5,5,5,0.7023411371237458,0.915041782729805,0.8525073746312685,0.6347262661864992,0.6744031830238727,0.8086914599267754,0.7889711424546404,0.8016679401087403,0.7749077490774908,0.7368421052631579,0.6362068890728672
0.7399999999999997,0.5,1,5,0.6902356902356902,0.9181818181818182,0.8547328959700093,0.6272283242010264,0.707090788601723,0.8042087542087542,0.776787904247186,0.7960916159805907,0.7649253731343284,0.7256637168141593,0.6287594187771856
0.7399999999999997,0.5,2,5,0.7157894736842105,0.9017632241813602,0.8526413345690455,0.6196433678525585,0.7150430748840292,0.8087763489327854,0.7375740389765505,0.8034131089449267,0.723404255319149,0.7195767195767195,0.619659325131374
0.7399999999999997,0.5,3,5,0.652027027027027,0.9205729166666666,0.8458646616541353,0.5987047871361812,0.7055702917771883,0.7862999718468469,0.7505984600758079,0.7747505547050391,0.7598425196850394,0.7018181818181818,0.6018917613510203
0.7399999999999997,0.5,4,5,0.6896551724137931,0.9155672823218998,0.8530534351145038,0.6224501253883296,0.6949602122015914,0.8026112273678465,0.7501432171043927,0.7946229998849378,0.7575757575757576,0.7220216606498195,0.623718519959387
0.7399999999999997,0.5,5,5,0.6989966555183946,0.915041782729805,0.8515240904621436,0.6319218241042347,0.6744031830238727,0.8070192191240998,0.7859155371960915,0.7997569291901904,0.774074074074074,0.7346221441124781,0.6335066698971424
0.7499999999999997,0.5,1,5,0.6902356902356902,0.9181818181818182,0.8547328959700093,0.6272283242010264,0.707090788601723,0.8042087542087542,0.7981412551551058,0.7960916159805907,0.7649253731343284,0.7256637168141593,0.6287594187771856
0.7499999999999997,0.5,2,5,0.7157894736842105,0.9017632241813602,0.8526413345690455,0.6196433678525585,0.7150430748840292,0.8087763489327854,0.7145869731714305,0.8034131089449267,0.723404255319149,0.7195767195767195,0.619659325131374
0.7499999999999997,0.5,3,5,0.6486486486486487,0.9205729166666666,0.8449248120300752,0.5958191362003868,0.7055702917771883,0.7846107826576576,0.7700723183278491,0.772740822254382,0.758893280632411,0.6994535519125683,0.5991521513988586
0.7499999999999997,0.5,4,5,0.6896551724137931,0.9155672823218998,0.8530534351145038,0.6224501253883296,0.6949602122015914,0.8026112273678465,0.7507657184078022,0.7946229998849378,0.7575757575757576,0.7220216606498195,0.623718519959387
0.7499999999999997,0.5,5,5,0.6989966555183946,0.915041782729805,0.8515240904621436,0.6319218241042347,0.6744031830238727,0.8070192191240998,0.7755310018393522,0.7997569291901904,0.774074074074074,0.7346221441124781,0.6335066698971424
0.7599999999999997,0.5,1,5,0.6902356902356902,0.9181818181818182,0.8547328959700093,0.6272283242010264,0.707090788601723,0.8042087542087542,0.7993147523445427,0.7960916159805907,0.7649253731343284,0.7256637168141593,0.6287594187771856
0.7599999999999997,0.5,2,5,0.7157894736842105,0.9017632241813602,0.8526413345690455,0.6196433678525585,0.7150430748840292,0.8087763489327854,0.7340292767858533,0.8034131089449267,0.723404255319149,0.7195767195767195,0.619659325131374
0.7599999999999997,0.5,3,5,0.6486486486486487,0.9205729166666666,0.8449248120300752,0.5958191362003868,0.7055702917771883,0.7846107826576576,0.7551517774345949,0.772740822254382,0.758893280632411,0.6994535519125683,0.5991521513988586
0.7599999999999997,0.5,4,5,0.6896551724137931,0.9155672823218998,0.8530534351145038,0.6224501253883296,0.6949602122015914,0.8026112273678465,0.7286146268831043,0.7946229998849378,0.7575757575757576,0.7220216606498195,0.623718519959387
0.7599999999999997,0.5,5,5,0.6989966555183946,0.915041782729805,0.8515240904621436,0.6319218241042347,0.6744031830238727,0.8070192191240998,0.7836353675523242,0.7997569291901904,0.774074074074074,0.7346221441124781,0.6335066698971424
0.7699999999999997,0.5,1,5,0.6902356902356902,0.9181818181818182,0.8547328959700093,0.6272283242010264,0.707090788601723,0.8042087542087542,0.7978455525482628,0.7960916159805907,0.7649253731343284,0.7256637168141593,0.6287594187771856
0.7699999999999997,0.5,2,5,0.7157894736842105,0.9017632241813602,0.8526413345690455,0.6196433678525585,0.7150430748840292,0.8087763489327854,0.7351601761815703,0.8034131089449267,0.723404255319149,0.7195767195767195,0.619659325131374
0.7699999999999997,0.5,3,5,0.6486486486486487,0.9205729166666666,0.8449248120300752,0.5958191362003868,0.7055702917771883,0.7846107826576576,0.7709866793494894,0.772740822254382,0.758893280632411,0.6994535519125683,0.5991521513988586
0.7699999999999997,0.5,4,5,0.6896551724137931,0.9155672823218998,0.8530534351145038,0.6224501253883296,0.6949602122015914,0.8026112273678465,0.748732186610527,0.7946229998849378,0.7575757575757576,0.7220216606498195,0.623718519959387
0.7699999999999997,0.5,5,5,0.6989966555183946,0.915041782729805,0.8515240904621436,0.6319218241042347,0.6744031830238727,0.8070192191240998,0.7869174383002671,0.7997569291901904,0.774074074074074,0.7346221441124781,0.6335066698971424
0.7799999999999997,0.5,1,5,0.6902356902356902,0.9181818181818182,0.8547328959700093,0.6272283242010264,0.707090788601723,0.8042087542087542,0.7963140303697116,0.7960916159805907,0.7649253731343284,0.7256637168141593,0.6287594187771856
0.7799999999999997,0.5,2,5,0.7157894736842105,0.9017632241813602,0.8526413345690455,0.6196433678525585,0.7150430748840292,0.8087763489327854,0.7337978242321923,0.8034131089449267,0.723404255319149,0.7195767195767195,0.619659325131374
0.7799999999999997,0.5,3,5,0.6486486486486487,0.9205729166666666,0.8449248120300752,0.5958191362003868,0.7055702917771883,0.7846107826576576,0.7693371120598625,0.772740822254382,0.758893280632411,0.6994535519125683,0.5991521513988586
0.7799999999999997,0.5,4,5,0.6896551724137931,0.9155672823218998,0.8530534351145038,0.6224501253883296,0.6949602122015914,0.8026112273678465,0.7529009037178099,0.7946229998849378,0.7575757575757576,0.7220216606498195,0.623718519959387
0.7799999999999997,0.5,5,5,0.6989966555183946,0.915041782729805,0.8515240904621436,0.6319218241042347,0.6744031830238727,0.8070192191240998,0.7832101203148578,0.7997569291901904,0.774074074074074,0.7346221441124781,0.6335066698971424
0.7899999999999996,0.5,1,5,0.6902356902356902,0.9181818181818182,0.8547328959700093,0.6272283242010264,0.707090788601723,0.8042087542087542,0.7984019946246884,0.7960916159805907,0.7649253731343284,0.7256637168141593,0.6287594187771856
0.7899999999999996,0.5,2,5,0.7157894736842105,0.9017632241813602,0.8526413345690455,0.6196433678525585,0.7150430748840292,0.8087763489327854,0.7350587197793712,0.8034131089449267,0.723404255319149,0.7195767195767195,0.619659325131374
0.7899999999999996,0.5,3,5,0.6486486486486487,0.9205729166666666,0.8449248120300752,0.5958191362003868,0.7055702917771883,0.7846107826576576,0.7604537169365886,0.772740822254382,0.758893280632411,0.6994535519125683,0.5991521513988586
0.7899999999999996,0.5,4,5,0.6896551724137931,0.9155672823218998,0.8530534351145038,0.6224501253883296,0.6949602122015914,0.8026112273678465,0.7550448534092076,0.7946229998849378,0.7575757575757576,0.7220216606498195,0.623718519959387
0.7899999999999996,0.5,5,5,0.6989966555183946,0.915041782729805,0.8515240904621436,0.6319218241042347,0.6744031830238727,0.8070192191240998,0.7857746856786612,0.7997569291901904,0.774074074074074,0.7346221441124781,0.6335066698971424
0.7999999999999996,0.5,1,5,0.6902356902356902,0.9181818181818182,0.8547328959700093,0.6272283242010264,0.707090788601723,0.8042087542087542,0.7975033882430068,0.7960916159805907,0.7649253731343284,0.7256637168141593,0.6287594187771856
0.7999999999999996,0.5,2,5,0.712280701754386,0.9017632241813602,0.8517145505097312,0.6168187790759614,0.7150430748840292,0.8070219629678731,0.7324481531719194,0.80144154006153,0.7224199288256228,0.7173144876325088,0.6168470829533752
0.7999999999999996,0.5,3,5,0.6452702702702703,0.9205729166666666,0.8439849624060151,0.5929272070211667,0.7055702917771883,0.7829215934684685,0.7645872627920582,0.7707258492752083,0.7579365079365079,0.6970802919708029,0.5964091142206757
0.7999999999999996,0.5,4,5,0.6896551724137931,0.9155672823218998,0.8530534351145038,0.6224501253883296,0.6949602122015914,0.8026112273678465,0.7378816424415273,0.7946229998849378,0.7575757575757576,0.7220216606498195,0.623718519959387
0.7999999999999996,0.5,5,5,0.6989966555183946,0.915041782729805,0.8515240904621436,0.6319218241042347,0.6744031830238727,0.8070192191240998,0.7683097108519937,0.7997569291901904,0.774074074074074,0.7346221441124781,0.6335066698971424
0.8099999999999996,0.5,1,5,0.6902356902356902,0.9181818181818182,0.8547328959700093,0.6272283242010264,0.707090788601723,0.8042087542087542,0.79894779469711,0.7960916159805907,0.7649253731343284,0.7256637168141593,0.6287594187771856
0.8099999999999996,0.5,2,5,0.712280701754386,0.9017632241813602,0.8517145505097312,0.6168187790759614,0.7150430748840292,0.8070219629678731,0.702038999932003,0.80144154006153,0.7224199288256228,0.7173144876325088,0.6168470829533752
0.8099999999999996,0.5,3,5,0.6418918918918919,0.9205729166666666,0.8430451127819549,0.5900289790870665,0.7055702917771883,0.7812324042792793,0.7704076829332464,0.7687055945572424,0.7569721115537849,0.6946983546617916,0.5936625966998862
0.8099999999999996,0.5,4,5,0.6896551724137931,0.9155672823218998,0.8530534351145038,0.6224501253883296,0.6949602122015914,0.8026112273678465,0.7480840342655676,0.7946229998849378,0.7575757575757576,0.7220216606498195,0.623718519959387
0.8099999999999996,0.5,5,5,0.6989966555183946,0.915041782729805,0.8515240904621436,0.6319218241042347,0.6744031830238727,0.8070192191240998,0.7844019607447812,0.7997569291901904,0.774074074074074,0.7346221441124781,0.6335066698971424
0.8199999999999996,0.5,1,5,0.6902356902356902,0.9181818181818182,0.8547328959700093,0.6272283242010264,0.707090788601723,0.8042087542087542,0.7973668225999228,0.7960916159805907,0.7649253731343284,0.7256637168141593,0.6287594187771856
0.8199999999999996,0.5,2,5,0.712280701754386,0.9017632241813602,0.8517145505097312,0.6168187790759614,0.7150430748840292,0.8070219629678731,0.7258212003778994,0.80144154006153,0.7224199288256228,0.7173144876325088,0.6168470829533752
0.8199999999999996,0.5,3,5,0.6418918918918919,0.9205729166666666,0.8430451127819549,0.5900289790870665,0.7055702917771883,0.7812324042792793,0.7626365682934414,0.7687055945572424,0.7569721115537849,0.6946983546617916,0.5936625966998862
0.8199999999999996,0.5,4,5,0.6896551724137931,0.9155672823218998,0.8530534351145038,0.6224501253883296,0.6949602122015914,0.8026112273678465,0.7483794151940197,0.7946229998849378,0.7575757575757576,0.7220216606498195,0.623718519959387
0.8199999999999996,0.5,5,5,0.6956521739130435,0.915041782729805,0.8505408062930186,0.6291117434512012,0.6744031830238727,0.8053469783214242,0.782909724031919,0.7978413409803077,0.7732342007434945,0.7323943661971831,0.6308040886919974
0.8299999999999996,0.5,1,5,0.6902356902356902,0.9181818181818182,0.8547328959700093,0.6272283242010264,0.707090788601723,0.8042087542087542,0.7965069990725167,0.7960916159805907,0.7649253731343284,0.7256637168141593,0.6287594187771856
0.8299999999999996,0.5,2,5,0.712280701754386,0.9017632241813602,0.8517145505097312,0.6168187790759614,0.7150430748840292,0.8070219629678731,0.7325086136869232,0.80144154006153,0.7224199288256228,0.7173144876325088,0.6168470829533752
0.8299999999999996,0.5,3,5,0.6418918918918919,0.9205729166666666,0.8430451127819549,0.5900289790870665,0.7055702917771883,0.7812324042792793,0.7694350092864997,0.7687055945572424,0.7569721115537849,0.6946983546617916,0.5936625966998862
0.8299999999999996,0.5,4,5,0.6896551724137931,0.9155672823218998,0.8530534351145038,0.6224501253883296,0.6949602122015914,0.8026112273678465,0.752693120196887,0.7946229998849378,0.7575757575757576,0.7220216606498195,0.623718519959387
0.8299999999999996,0.5,5,5,0.6956521739130435,0.915041782729805,0.8505408062930186,0.6291117434512012,0.6744031830238727,0.8053469783214242,0.7742727919360785,0.7978413409803077,0.7732342007434945,0.7323943661971831,0.6308040886919974
0.8399999999999996,0.5,1,5,0.6902356902356902,0.9181818181818182,0.8547328959700093,0.6272283242010264,0.707090788601723,0.8042087542087542,0.7992976112822617,0.7960916159805907,0.7649253731343284,0.7256637168141593,0.6287594187771856
0.8399999999999996,0.5,2,5,0.712280701754386,0.9017632241813602,0.8517145505097312,0.6168187790759614,0.7150430748840292,0.8070219629678731,0.7024350596889783,0.80144154006153,0.7224199288256228,0.7173144876325088,0.6168470829533752
0.8399999999999996,0.5,3,5,0.6418918918918919,0.9205729166666666,0.8430451127819549,0.5900289790870665,0.7055702917771883,0.7812324042792793,0.7571001813446,0.7687055945572424,0.7569721115537849,0.6946983546617916,0.5936625966998862
0.8399999999999996,0.5,4,5,0.6896551724137931,0.9155672823218998,0.8530534351145038,0.6224501253883296,0.6949602122015914,0.8026112273678465,0.7539991829957886,0.7946229998849378,0.7575757575757576,0.7220216606498195,0.623718519959387
0.8399999999999996,0.5,5,5,0.6956521739130435,0.915041782729805,0.8505408062930186,0.6291117434512012,0.6744031830238727,0.8053469783214242,0.7513109247338099,0.7978413409803077,0.7732342007434945,0.7323943661971831,0.6308040886919974
0.8499999999999996,0.5,1,5,0.6902356902356902,0.9181818181818182,0.8547328959700093,0.6272283242010264,0.707090788601723,0.8042087542087542,0.7986087136329492,0.7960916159805907,0.7649253731343284,0.7256637168141593,0.6287594187771856
0.8499999999999996,0.5,2,5,0.712280701754386,0.9017632241813602,0.8517145505097312,0.6168187790759614,0.7150430748840292,0.8070219629678731,0.7347123605579471,0.80144154006153,0.7224199288256228,0.7173144876325088,0.6168470829533752
0.8499999999999996,0.5,3,5,0.6418918918918919,0.9205729166666666,0.8430451127819549,0.5900289790870665,0.7055702917771883,0.7812324042792793,0.7671524417766926,0.7687055945572424,0.7569721115537849,0.6946983546617916,0.5936625966998862
0.8499999999999996,0.5,4,5,0.6896551724137931,0.9155672823218998,0.8530534351145038,0.6224501253883296,0.6949602122015914,0.8026112273678465,0.7492753299240792,0.7946229998849378,0.7575757575757576,0.7220216606498195,0.623718519959387
0.8499999999999996,0.5,5,5,0.6923076923076923,0.915041782729805,0.8495575221238938,0.6262960072050435,0.6744031830238727,0.8036747375187486,0.7592145985468508,0.7959211424298189,0.7723880597014925,0.7301587301587301,0.628099099645526
0.8599999999999995,0.5,1,5,0.6902356902356902,0.9181818181818182,0.8547328959700093,0.6272283242010264,0.707090788601723,0.8042087542087542,0.7991451529988196,0.7960916159805907,0.7649253731343284,0.7256637168141593,0.6287594187771856
0.8599999999999995,0.5,2,5,0.712280701754386,0.9017632241813602,0.8517145505097312,0.6168187790759614,0.7150430748840292,0.8070219629678731,0.7346294133094293,0.80144154006153,0.7224199288256228,0.7173144876325088,0.6168470829533752
0.8599999999999995,0.5,3,5,0.6418918918918919,0.9205729166666666,0.8430451127819549,0.5900289790870665,0.7055702917771883,0.7812324042792793,0.7434573252887955,0.7687055945572424,0.7569721115537849,0.6946983546617916,0.5936625966998862
0.8599999999999995,0.5,4,5,0.6896551724137931,0.9155672823218998,0.8530534351145038,0.6224501253883296,0.6949602122015914,0.8026112273678465,0.7462076599936641,0.7946229998849378,0.7575757575757576,0.7220216606498195,0.623718519959387
0.8599999999999995,0.5,5,5,0.6923076923076923,0.915041782729805,0.8495575221238938,0.6262960072050435,0.6744031830238727,0.8036747375187486,0.7673874163999935,0.7959211424298189,0.7723880597014925,0.7301587301587301,0.628099099645526
0.8699999999999996,0.5,1,5,0.6902356902356902,0.9181818181818182,0.8547328959700093,0.6272283242010264,0.707090788601723,0.8042087542087542,0.7969760267940477,0.7960916159805907,0.7649253731343284,0.7256637168141593,0.6287594187771856
0.8699999999999996,0.5,2,5,0.712280701754386,0.9005037783375315,0.8507877664504171,0.6148590076997604,0.7150430748840292,0.8063922400459587,0.7127216393675877,0.8008816786309529,0.7198581560283688,0.7160493827160493,0.6148748417700131
0.8699999999999996,0.5,3,5,0.6418918918918919,0.9205729166666666,0.8430451127819549,0.5900289790870665,0.7055702917771883,0.7812324042792793,0.7700864572956958,0.7687055945572424,0.7569721115537849,0.6946983546617916,0.5936625966998862
0.8699999999999996,0.5,4,5,0.6896551724137931,0.9155672823218998,0.8530534351145038,0.6224501253883296,0.6949602122015914,0.8026112273678465,0.7511175409807207,0.7946229998849378,0.7575757575757576,0.7220216606498195,0.623718519959387
0.8699999999999996,0.5,5,5,0.6923076923076923,0.915041782729805,0.8495575221238938,0.6262960072050435,0.6744031830238727,0.8036747375187486,0.7649937981875682,0.7959211424298189,0.7723880597014925,0.7301587301587301,0.628099099645526
0.8799999999999996,0.5,1,5,0.6902356902356902,0.9181818181818182,0.8547328959700093,0.6272283242010264,0.707090788601723,0.8042087542087542,0.795897290896463,0.7960916159805907,0.7649253731343284,0.7256637168141593,0.6287594187771856
0.8799999999999996,0.5,2,5,0.712280701754386,0.9005037783375315,0.8507877664504171,0.6148590076997604,0.7150430748840292,0.8063922400459587,0.7325592768807321,0.8008816786309529,0.7198581560283688,0.7160493827160493,0.6148748417700131
0.8799999999999996,0.5,3,5,0.6418918918918919,0.9205729166666666,0.8430451127819549,0.5900289790870665,0.7055702917771883,0.7812324042792793,0.7683725584791281,0.7687055945572424,0.7569721115537849,0.6946983546617916,0.5936625966998862
0.8799999999999996,0.5,4,5,0.6896551724137931,0.9155672823218998,0.8530534351145038,0.6224501253883296,0.6949602122015914,0.8026112273678465,0.7318826812159096,0.7946229998849378,0.7575757575757576,0.7220216606498195,0.623718519959387
0.8799999999999996,0.5,5,5,0.6923076923076923,0.915041782729805,0.8495575221238938,0.6262960072050435,0.6744031830238727,0.8036747375187486,0.746743820470708,0.7959211424298189,0.7723880597014925,0.7301587301587301,0.628099099645526
0.8899999999999996,0.5,1,5,0.6902356902356902,0.9181818181818182,0.8547328959700093,0.6272283242010264,0.707090788601723,0.8042087542087542,0.7973506374328526,0.7960916159805907,0.7649253731343284,0.7256637168141593,0.6287594187771856
0.8899999999999996,0.5,2,5,0.712280701754386,0.9005037783375315,0.8507877664504171,0.6148590076997604,0.7150430748840292,0.8063922400459587,0.7176663874403526,0.8008816786309529,0.7198581560283688,0.7160493827160493,0.6148748417700131
0.8899999999999996,0.5,3,5,0.6418918918918919,0.9205729166666666,0.8430451127819549,0.5900289790870665,0.7055702917771883,0.7812324042792793,0.7719032749789116,0.7687055945572424,0.7569721115537849,0.6946983546617916,0.5936625966998862
0.8899999999999996,0.5,4,5,0.6896551724137931,0.9155672823218998,0.8530534351145038,0.6224501253883296,0.6949602122015914,0.8026112273678465,0.7496172797709824,0.7946229998849378,0.7575757575757576,0.7220216606498195,0.623718519959387
0.8899999999999996,0.5,5,5,0.6889632107023411,0.915041782729805,0.8485742379547689,0.6234745982748175,0.6744031830238727,0.802002496716073,0.7815632620362563,0.793996300089818,0.7715355805243446,0.7279151943462897,0.625391656533478
0.8999999999999996,0.5,1,5,0.6902356902356902,0.9181818181818182,0.8547328959700093,0.6272283242010264,0.707090788601723,0.8042087542087542,0.797118279723085,0.7960916159805907,0.7649253731343284,0.7256637168141593,0.6287594187771856
0.8999999999999996,0.5,2,5,0.7087719298245614,0.9005037783375315,0.8498609823911029,0.6120290138144109,0.7150430748840292,0.8046378540810464,0.7012681915671168,0.7989066283281178,0.7188612099644128,0.7137809187279152,0.6120570979045332
0.8999999999999996,0.5,3,5,0.6418918918918919,0.9205729166666666,0.8430451127819549,0.5900289790870665,0.7055702917771883,0.7812324042792793,0.7722798609749916,0.7687055945572424,0.7569721115537849,0.6946983546617916,0.5936625966998862
0.8999999999999996,0.5,4,5,0.6896551724137931,0.9155672823218998,0.8530534351145038,0.6224501253883296,0.6949602122015914,0.8026112273678465,0.7538222375722654,0.7946229998849378,0.7575757575757576,0.7220216606498195,0.623718519959387
0.8999999999999996,0.5,5,5,0.6889632107023411,0.915041782729805,0.8485742379547689,0.6234745982748175,0.6744031830238727,0.802002496716073,0.7863198059094141,0.793996300089818,0.7715355805243446,0.7279151943462897,0.625391656533478
0.9099999999999996,0.5,1,5,0.6902356902356902,0.9181818181818182,0.8547328959700093,0.6272283242010264,0.707090788601723,0.8042087542087542,0.7952543048904509,0.7960916159805907,0.7649253731343284,0.7256637168141593,0.6287594187771856
0.9099999999999996,0.5,2,5,0.7087719298245614,0.9005037783375315,0.8498609823911029,0.6120290138144109,0.7150430748840292,0.8046378540810464,0.7222391778218206,0.7989066283281178,0.7188612099644128,0.7137809187279152,0.6120570979045332
0.9099999999999996,0.5,3,5,0.6418918918918919,0.9205729166666666,0.8430451127819549,0.5900289790870665,0.7055702917771883,0.7812324042792793,0.7679220226249769,0.7687055945572424,0.7569721115537849,0.6946983546617916,0.5936625966998862
0.9099999999999996,0.5,4,5,0.6896551724137931,0.9155672823218998,0.8530534351145038,0.6224501253883296,0.6949602122015914,0.8026112273678465,0.7540163483015954,0.7946229998849378,0.7575757575757576,0.7220216606498195,0.623718519959387
0.9099999999999996,0.5,5,5,0.6889632107023411,0.915041782729805,0.8485742379547689,0.6234745982748175,0.6744031830238727,0.802002496716073,0.7680121700362967,0.793996300089818,0.7715355805243446,0.7279151943462897,0.625391656533478
0.9199999999999996,0.5,1,5,0.6902356902356902,0.9181818181818182,0.8547328959700093,0.6272283242010264,0.707090788601723,0.8042087542087542,0.7993664821813674,0.7960916159805907,0.7649253731343284,0.7256637168141593,0.6287594187771856
0.9199999999999996,0.5,2,5,0.7087719298245614,0.9017632241813602,0.8507877664504171,0.6139878009488152,0.7150430748840292,0.8052675770029608,0.7342849650388128,0.7994651090872205,0.7214285714285714,0.7150442477876107,0.6140319241360106
0.9199999999999996,0.5,3,5,0.6385135135135135,0.9205729166666666,0.8421052631578947,0.5871244317971839,0.7055702917771883,0.7795432150900901,0.763481929920868,0.7666800163472478,0.756,0.6923076923076923,0.5909125451541383
0.9199999999999996,0.5,4,5,0.6896551724137931,0.9155672823218998,0.8530534351145038,0.6224501253883296,0.6949602122015914,0.8026112273678465,0.7521419470870929,0.7946229998849378,0.7575757575757576,0.7220216606498195,0.623718519959387
0.9199999999999996,0.5,5,5,0.6889632107023411,0.915041782729805,0.8485742379547689,0.6234745982748175,0.6744031830238727,0.802002496716073,0.7812401714442776,0.793996300089818,0.7715355805243446,0.7279151943462897,0.625391656533478
0.9299999999999996,0.5,1,5,0.6902356902356902,0.9181818181818182,0.8547328959700093,0.6272283242010264,0.707090788601723,0.8042087542087542,0.7975764118510409,0.7960916159805907,0.7649253731343284,0.7256637168141593,0.6287594187771856
0.9299999999999996,0.5,2,5,0.7087719298245614,0.9017632241813602,0.8507877664504171,0.6139878009488152,0.7150430748840292,0.8052675770029608,0.7307720544346755,0.7994651090872205,0.7214285714285714,0.7150442477876107,0.6140319241360106
0.9299999999999996,0.5,3,5,0.6385135135135135,0.9205729166666666,0.8421052631578947,0.5871244317971839,0.7055702917771883,0.7795432150900901,0.767785317998072,0.7666800163472478,0.756,0.6923076923076923,0.5909125451541383
0.9299999999999996,0.5,4,5,0.6896551724137931,0.9155672823218998,0.8530534351145038,0.6224501253883296,0.6949602122015914,0.8026112273678465,0.7335702849369052,0.7946229998849378,0.7575757575757576,0.7220216606498195,0.623718519959387
0.9299999999999996,0.5,5,5,0.6889632107023411,0.915041782729805,0.8485742379547689,0.6234745982748175,0.6744031830238727,0.802002496716073,0.7815589581278618,0.793996300089818,0.7715355805243446,0.7279151943462897,0.625391656533478
0.9399999999999996,0.5,1,5,0.6902356902356902,0.9181818181818182,0.8547328959700093,0.6272283242010264,0.707090788601723,0.8042087542087542,0.7975469337028243,0.7960916159805907,0.7649253731343284,0.7256637168141593,0.6287594187771856
0.9399999999999996,0.5,2,5,0.7087719298245614,0.9017632241813602,0.8507877664504171,0.6139878009488152,0.7150430748840292,0.8052675770029608,0.7169011017540233,0.7994651090872205,0.7214285714285714,0.7150442477876107,0.6140319241360106
0.9399999999999996,0.5,3,5,0.6385135135135135,0.9205729166666666,0.8421052631578947,0.5871244317971839,0.7055702917771883,0.7795432150900901,0.7673030068086737,0.7666800163472478,0.756,0.6923076923076923,0.5909125451541383
0.9399999999999996,0.5,4,5,0.6896551724137931,0.9155672823218998,0.8530534351145038,0.6224501253883296,0.6949602122015914,0.8026112273678465,0.7499281401627613,0.7946229998849378,0.7575757575757576,0.7220216606498195,0.623718519959387
0.9399999999999996,0.5,5,5,0.6889632107023411,0.915041782729805,0.8485742379547689,0.6234745982748175,0.6744031830238727,0.802002496716073,0.7866292275547714,0.793996300089818,0.7715355805243446,0.7279151943462897,0.625391656533478
0.9499999999999995,0.5,1,5,0.6902356902356902,0.9181818181818182,0.8547328959700093,0.6272283242010264,0.707090788601723,0.8042087542087542,0.7975274502992542,0.7960916159805907,0.7649253731343284,0.7256637168141593,0.6287594187771856
0.9499999999999995,0.5,2,5,0.7087719298245614,0.9017632241813602,0.8507877664504171,0.6139878009488152,0.7150430748840292,0.8052675770029608,0.734919332917229,0.7994651090872205,0.7214285714285714,0.7150442477876107,0.6140319241360106
0.9499999999999995,0.5,3,5,0.6385135135135135,0.9205729166666666,0.8421052631578947,0.5871244317971839,0.7055702917771883,0.7795432150900901,0.7664239830369872,0.7666800163472478,0.756,0.6923076923076923,0.5909125451541383
0.9499999999999995,0.5,4,5,0.6896551724137931,0.9155672823218998,0.8530534351145038,0.6224501253883296,0.6949602122015914,0.8026112273678465,0.7540486598968005,0.7946229998849378,0.7575757575757576,0.7220216606498195,0.623718519959387
0.9499999999999995,0.5,5,5,0.6889632107023411,0.915041782729805,0.8485742379547689,0.6234745982748175,0.6744031830238727,0.802002496716073,0.761413426284085,0.793996300089818,0.7715355805243446,0.7279151943462897,0.625391656533478
0.9599999999999995,0.5,1,5,0.6902356902356902,0.9181818181818182,0.8547328959700093,0.6272283242010264,0.707090788601723,0.8042087542087542,0.7986529239221783,0.7960916159805907,0.7649253731343284,0.7256637168141593,0.6287594187771856
0.9599999999999995,0.5,2,5,0.7087719298245614,0.9017632241813602,0.8507877664504171,0.6139878009488152,0.7150430748840292,0.8052675770029608,0.7168446120807384,0.7994651090872205,0.7214285714285714,0.7150442477876107,0.6140319241360106
0.9599999999999995,0.5,3,5,0.6385135135135135,0.9205729166666666,0.8421052631578947,0.5871244317971839,0.7055702917771883,0.7795432150900901,0.7670726756379694,0.7666800163472478,0.756,0.6923076923076923,0.5909125451541383
0.9599999999999995,0.5,4,5,0.6896551724137931,0.9155672823218998,0.8530534351145038,0.6224501253883296,0.6949602122015914,0.8026112273678465,0.75123619914518,0.7946229998849378,0.7575757575757576,0.7220216606498195,0.623718519959387
0.9599999999999995,0.5,5,5,0.6889632107023411,0.915041782729805,0.8485742379547689,0.6234745982748175,0.6744031830238727,0.802002496716073,0.7834204692381037,0.793996300089818,0.7715355805243446,0.7279151943462897,0.625391656533478
0.9699999999999995,0.5,1,5,0.6902356902356902,0.9181818181818182,0.8547328959700093,0.6272283242010264,0.707090788601723,0.8042087542087542,0.7764987101356057,0.7960916159805907,0.7649253731343284,0.7256637168141593,0.6287594187771856
0.9699999999999995,0.5,2,5,0.7087719298245614,0.9017632241813602,0.8507877664504171,0.6139878009488152,0.7150430748840292,0.8052675770029608,0.7332420602689853,0.7994651090872205,0.7214285714285714,0.7150442477876107,0.6140319241360106
0.9699999999999995,0.5,3,5,0.6385135135135135,0.9205729166666666,0.8421052631578947,0.5871244317971839,0.7055702917771883,0.7795432150900901,0.7675316546811463,0.7666800163472478,0.756,0.6923076923076923,0.5909125451541383
0.9699999999999995,0.5,4,5,0.6896551724137931,0.9155672823218998,0.8530534351145038,0.6224501253883296,0.6949602122015914,0.8026112273678465,0.7536150106771564,0.7946229998849378,0.7575757575757576,0.7220216606498195,0.623718519959387
0.9699999999999995,0.5,5,5,0.6889632107023411,0.915041782729805,0.8485742379547689,0.6234745982748175,0.6744031830238727,0.802002496716073,0.7524925973434381,0.793996300089818,0.7715355805243446,0.7279151943462897,0.625391656533478
0.9799999999999995,0.5,1,5,0.6902356902356902,0.9181818181818182,0.8547328959700093,0.6272283242010264,0.707090788601723,0.8042087542087542,0.7971622641330885,0.7960916159805907,0.7649253731343284,0.7256637168141593,0.6287594187771856
0.9799999999999995,0.5,2,5,0.7087719298245614,0.9017632241813602,0.8507877664504171,0.6139878009488152,0.7150430748840292,0.8052675770029608,0.7118803342446243,0.7994651090872205,0.7214285714285714,0.7150442477876107,0.6140319241360106
0.9799999999999995,0.5,3,5,0.6385135135135135,0.9205729166666666,0.8421052631578947,0.5871244317971839,0.7055702917771883,0.7795432150900901,0.770205011182805,0.7666800163472478,0.756,0.6923076923076923,0.5909125451541383
0.9799999999999995,0.5,4,5,0.6896551724137931,0.9155672823218998,0.8530534351145038,0.6224501253883296,0.6949602122015914,0.8026112273678465,0.7499360088079915,0.7946229998849378,0.7575757575757576,0.7220216606498195,0.623718519959387
0.9799999999999995,0.5,5,5,0.6889632107023411,0.915041782729805,0.8485742379547689,0.6234745982748175,0.6744031830238727,0.802002496716073,0.7848012175691554,0.793996300089818,0.7715355805243446,0.7279151943462897,0.625391656533478
0.9899999999999995,0.5,1,5,0.6902356902356902,0.9181818181818182,0.8547328959700093,0.6272283242010264,0.707090788601723,0.8042087542087542,0.795927809070025,0.7960916159805907,0.7649253731343284,0.7256637168141593,0.6287594187771856
0.9899999999999995,0.5,2,5,0.7087719298245614,0.9017632241813602,0.8507877664504171,0.6139878009488152,0.7150430748840292,0.8052675770029608,0.721240846256894,0.7994651090872205,0.7214285714285714,0.7150442477876107,0.6140319241360106
0.9899999999999995,0.5,3,5,0.6385135135135135,0.9205729166666666,0.8421052631578947,0.5871244317971839,0.7055702917771883,0.7795432150900901,0.7596571932216171,0.7666800163472478,0.756,0.6923076923076923,0.5909125451541383
0.9899999999999995,0.5,4,5,0.6896551724137931,0.9155672823218998,0.8530534351145038,0.6224501253883296,0.6949602122015914,0.8026112273678465,0.7513937802352496,0.7946229998849378,0.7575757575757576,0.7220216606498195,0.623718519959387
0.9899999999999995,0.5,5,5,0.6889632107023411,0.915041782729805,0.8485742379547689,0.6234745982748175,0.6744031830238727,0.802002496716073,0.7681384013160822,0.793996300089818,0.7715355805243446,0.7279151943462897,0.625391656533478
1.0,0.5,1,5,0.6902356902356902,0.9181818181818182,0.8547328959700093,0.6272283242010264,0.707090788601723,0.8042087542087542,0.7762798629839082,0.7960916159805907,0.7649253731343284,0.7256637168141593,0.6287594187771856
1.0,0.5,2,5,0.7087719298245614,0.9017632241813602,0.8507877664504171,0.6139878009488152,0.7150430748840292,0.8052675770029608,0.7062199086853665,0.7994651090872205,0.7214285714285714,0.7150442477876107,0.6140319241360106
1.0,0.5,3,5,0.6385135135135135,0.9205729166666666,0.8421052631578947,0.5871244317971839,0.7055702917771883,0.7795432150900901,0.7692060874395313,0.7666800163472478,0.756,0.6923076923076923,0.5909125451541383
1.0,0.5,4,5,0.6896551724137931,0.9155672823218998,0.8530534351145038,0.6224501253883296,0.6949602122015914,0.8026112273678465,0.7334775924880592,0.7946229998849378,0.7575757575757576,0.7220216606498195,0.623718519959387
1.0,0.5,5,5,0.6889632107023411,0.915041782729805,0.8485742379547689,0.6234745982748175,0.6744031830238727,0.802002496716073,0.7573485667726381,0.793996300089818,0.7715355805243446,0.7279151943462897,0.625391656533478
