Name,CANONICAL_SMILES,CLASS,SMILES_LEN
pgpi0505,COc1cc2c(cc1OC)CN(CCNC(=O)c1ccccc1NC(=O)c1ccc(OC3CCCCC3)cc1)CC2,1,63
hep1348,COc1cc(Cl)ccc1C(=S)Nc1ccc(Cl)cc1O,1,33
CYP2C9_5355,COc1ccc(-c2nc3cnc(Nc4cccc(OC)c4)nc3n(C3CC3)c2=O)cc1,0,51
CYP3A4_05637,COc1ncc2nc(-c3ccc(Cl)cc3)c(=O)n(-c3ccccc3)c2n1,0,46
pgps416,COc1cc2c(Nc3ccc(Br)cc3F)ncnc2cc1OCC1CCN(C)CC1,0,45
DILI0291,CCc1c2c(nc3ccc(OC(=O)N4CCC(N5CCCCC5)CC4)cc13)-c1cc3c(c(=O)n1C2)COC(=O)C3(O)CC,1,77
hERG276,NC(=O)OCC1N=C(N)N2CCC(O)(O)C23N=C(N)NC13,1,40
CYP1A2_3763,COc1ccc(-n2c(=O)c(-c3ccc(Cl)cc3)nc3cnc(N4CCNCC4)nc32)cc1,0,56
hERG184,Cc1ccc(OCC(O)C(C)NC(C)C)c2c1CCC2,1,32
CYP3A4_09525,NC(Cc1ccccc1)C(=O)O,0,19
hlm3141,CNc1nc(NCCCN(C)C)c2sc(-c3cncnc3)cc2n1,0,37
hep3396,C=C(C)C1CCC2(C(=O)OCC=CCO)CCC3(C)C(CCC4C5(C)CCC(O)C(C)(CO)C5CCC43C)C12,0,70
ames4269,CC(CO[N+](=O)[O-])(CO[N+](=O)[O-])CO[N+](=O)[O-],0,48
ames0219,CC(=O)c1ccc2[nH]c3c(C)cc([N+](=O)[O-])c(C)c3c2c1,1,48
BBB143,Cc1nc(Nc2ccc(F)cc2)nc(N2CCc3ccccc3C2C)c1C,1,41
hlm3205,CC=C1C2C=C(C)CC1(N)c1ccc(=O)[nH]c1C2,0,36
ames4798,CCCCCCCCBr,0,10
pgps251,CC(C)(C)NCC(O)COc1nsnc1N1CCOCC1,1,31
CYP2D6_0824,CN(C)Cc1ccccc1-c1nc(N(C)C)c2ccccc2n1,1,36
hERG622,c1ccc2c(c1)-c1cccc3cccc-2c13,0,28
CYP1A2_2665,CCCc1cc2c(n1CCO)C(C)C1CN(C(=O)c3ccccc3)C(C)(C(=O)OC)C21,0,55
DILI0956,CCCCCC(O)C=CC1C(O)CC2OC(=CCCCC(=O)O)CC21,0,40
CYP3A4_03722,CNc1ncnc2c1ncn2C1CC(OP(=O)(O)O)C(COP(=O)(O)O)O1,0,47
CYP1A2_1438,Cc1ccc(C(=O)C2C3C4COC(O4)C(=O)C3C3C=Cc4ccccc4N32)cc1,0,52
BBB270,NC(=O)C1c2ccccc2C2OC2c2ccccc21,0,30
hlm3125,N#CCCOC1CCC(n2[nH]nc3cnc4nccc4c32)CC1,0,37
mmp2523,C1=Cc2cccc3cccc1c23,0,19
mmp3588,O=c1[nH]cnc2c1ncn2C1CCC(CO)O1,0,29
CYP2C19_3953,O=C(O)C(Br)C(Br)c1ccccc1[N+](=O)[O-],0,36
CYP2D6_0295,COc1ccc(C=CC(=O)c2ccccc2O)cc1,1,29
mmp3724,CCCCC(CC)COC(=O)OOC(C)(C)C,0,26
ames5033,Nc1ccc(S(N)(=O)=O)cc1,0,21
pgpi1978,C=CC1CN2CCC1CC2C(O)c1ccnc2ccc(OC)cc12,0,37
ames5514,CCC=CC=CC=CC=CC=CSCC(O)CO,0,25
CYP2D6_1359,Cc1ccccc1OC1C=CC(C#Cc2ccc(Br)cc2)OC1CO,0,38
hERG499,Nc1nc(=O)c2ncc(=O)[nH]c2[nH]1,0,29
pgps808,N=C(N)NCCCS(=O)(=O)Nc1ccc(Nc2c3ccccc3nc3cc([N+](=O)[O-])ccc23)cc1,1,65
hERG280,CC(C)COCC(CN(Cc1ccccc1)c1ccccc1)N1CCCC1,1,39
pgps764,CC(C)(C)NCC(O)COc1ccc(NC(=O)NC2CCCCC2)cc1,1,41
pgpi1237,CC(=O)c1ccc2c(c1)N(CCCN(C)C)c1ccccc1S2,1,38
pgps687,CC(C)CC(NC(=O)C(Cc1ccccc1)NC(=O)CNC(=O)C(C)NC(=O)C(N)Cc1ccc(O)cc1)C(=O)O,0,72
CYP2C9_6523,c1ccc(-c2nnn(CCN3CCCCC3)n2)cc1,0,30
DILI1266,COc1ccc2c(c1)C13CCCCC1C(C2)N(C)CC3,0,34
ames2490,CCC1=C(C(=O)OC)C(=O)OC1C,1,24
hERG492,CC(C)(C)c1cc(C=C(C#N)C#N)cc(C(C)(C)C)c1O,0,40
BBB331,CCn1cc(C(=O)O)c(=O)c2ccc(C)nc21,0,31
hERG606,O=C1CCC2(O)C3Cc4ccc(O)c5c4C2(CCN3CC2CC2)C1O5,0,44
mmp5503,CCC(C)C(N)C1=NC(C(=O)NC(CC(C)C)C(O)=NC(CCC(=O)O)C(O)=NC(C(O)=NC2CCCCN=C(O)C(CC(=N)O)N=C(O)C(CC(=O)O)NC(=O)C(Cc3cnc[nH]3)NC(=O)C(Cc3ccccc3)NC(=O)C(C(C)CC)NC(=O)C(CCCN)NC2=O)C(C)CC)CS1,0,182
hep3980,CCOP(=O)(OCC)C(NC(=O)c1cc(O)c2c(c1)C(=O)c1cccc(O)c1C2=O)c1ccc(C)cc1,0,67
ames3937,Cc1ccc(N=Nc2c(O)ccc3ccccc23)c(S(=O)(=O)O)c1,0,43
ames6061,CCCCC(CC)COC(=O)c1cccc(C(=O)OCC(CC)CCCC)c1,0,42
hERG077,NCCC(Oc1ccc(C(F)(F)F)cc1)c1ccccc1,1,33
CYP1A2_6333,N=C(N)N=C(N)Nc1ccc(S(N)(=O)=O)cc1,0,33
hERG663,CC(COc1ccccc1)N(CCCl)Cc1ccccc1,0,30
CYP2D6_6080,CC1(C)C=C2Oc3ccccc3C(C3C(=O)CC(C)(C)CC3=O)C2C(=O)C1,0,51
CYP2C19_5814,CCNc1ncc2nc(-c3ccccc3)c(=O)n(C)c2n1,0,35
pgpi1030,CCC(C(=O)OCCN1CCN(CCC(=O)Nc2c(C)cccc2C)CC1)c1ccccc1,1,51
CYP2C9_5347,O=C(c1csnn1)N1CCC2(CCCN(c3ncccn3)C2)CC1,0,39
ames0033,c1ccc2nccnc2c1,1,14
CYP2C19_2489,CC(C)C(CC(=O)NC1CCNCC1C(=O)NC(CC(=O)NC(CCC(=O)O)CC(=O)O)Cc1ccccc1)NC(=O)CC(Cc1c[nH]c2ccccc12)NC(=O)C1CNCCC1N,0,108
DILI1280,CCOC(=O)c1ncn2c1CN(C)C(=O)c1cc(F)ccc1-2,0,39
CYP2D6_3072,CC(C)=NOC(C)c1cc(-c2c(C)cc(C)cc2C)no1,0,37
mmp4784,CC(C)(C)OC(=O)N1CC(F)CC1C(=O)O,0,30
ames5173,N=C(NOS(=O)(=O)O)c1ccccc1,0,25
hep4866,O=c1[nH]cnc2c1c(-c1ccccc1)cn2C1OC(CO)C(O)C1O,0,44
BBB343,Cc1ccc(-c2nc3ccc(C)cn3c2CC(=O)N(C)C)cc1,0,39
CYP2C9_6260,O=C1CCC2Cc3ccccc3NC12,0,21
ames0508,Cc1cccc([N+](=O)[O-])c1C(O)O,1,28
ames5716,ClC(Br)Br,0,9
BBB310,N=C(N)N=c1[nH]c(-c2cccc(N)c2)cs1,0,32
CYP2C19_5604,COc1ccc(NC(=O)N2CCC3(CCCNC3)C2)cc1,0,34
hep3769,CC(C)(C)OC(=O)Cn1cc(C=NNC(=O)Cn2c(CSc3ccccc3)nc3ccccc32)c2ccccc21,0,65
BBB240,COc1cc2c(c(OC)c1OC)-c1ccc(OC)c(=O)cc1C(NC(C)=O)CC2,0,50
CYP2D6_3336,CCC#CCOCC(=S)Nc1ccccc1,0,22
BBB038,COc1ccc(OC(F)(F)F)cc1CNC1CCCNC1c1ccccc1,1,39
hep0428,CCOC(=O)C1(N)CSC2=C1C(=O)c1ncccc1C2=O,1,37
CYP1A2_6161,O=[N+]([O-])c1ccc2ncccc2c1CCc1c([N+](=O)[O-])ccc2ncccc12,0,56
hlm2069,CN(C)CCN(C)C(=O)c1ccc(NC(=O)Nc2ccc(-c3nc(OC4CCOC4)nc(N4CCOCC4)n3)cc2)cc1,0,72
BBB112,O=C1CC2(CCCC2)CC(=O)N1CCCCN1CCN(c2ncccn2)CC1,1,44
DILI0539,N#Cc1ccc(C(c2ccc(C#N)cc2)n2cncn2)cc1,1,36
CYP2C9_3581,c1ccc(COC2NCCN2Cc2ccccc2)cc1,0,28
hep5144,CCCCCCc1ccc(NC(=O)c2c(Cl)cccc2[N+](=O)[O-])cc1,0,46
CYP2C9_1092,COC(=O)NC(c1ccco1)C1(C(=O)OC)CCCC1=O,0,36
hep0644,CN1C(=O)C23CC4(c5c[nH]c6ccccc56)c5ccccc5NC4N2C(=O)C1(CO)SSS3,1,60
DILI1073,CC(=O)OC1CC2CCC3C(CCC4(C)C3CC(N3CC[N+](C)(C)CC3)C4OC(C)=O)C2(C)CC1N1CC[N+](C)(C)CC1,0,83
CYP2D6_3104,CC1COC(=O)C(C)NC(=O)C(C)COC(=O)C(C)NC1=O,0,40
BBB209,CN=C(NC#N)NCCSCc1[nH]cnc1C,0,26
mmp3949,CC(=O)NC(CCC(=O)O)C(=O)O,0,24
CYP2D6_3177,CCCCC1CC1C(NC(=O)Cc1ccccc1)c1ccc(-c2ccccc2)cc1,0,46
pgpi1372,CC(=O)c1ccc(OCC(O)CN2CCOCC2)cc1,0,31
hERG029,Cc1cccc(NC(=O)NC2N=C(c3ccccc3)c3ccccc3N(C)C2=O)c1,1,49
pgps456,COc1ccc2c3c1OC1C(=O)CCC4(O)C(C2)N(C)CCC314,0,42
CYP3A4_06723,CC(=O)N1CCC2(CCCN(C(=O)Nc3cccc(C#N)c3)C2)CC1,0,44
hep0291,COc1ccc(OC)c(C=CC(=O)C(=Cc2ccc(OC)c(OC)c2)C(=O)C=Cc2cc(OC)ccc2OC)c1,1,67
CYP3A4_00465,Cc1nc(NC2CCCCC2)c2nc(-c3ccccc3)n(CCCN3CCCCC3C)c2n1,1,50
CYP2D6_4719,COc1cccc(-c2ccc3ncnc(Nc4ccccc4)c3c2)c1,0,38
hERG532,NC(Cc1ccc(F)cc1)C(=O)O,0,22
BBB063,COc1cc2sc(-c3ccccc3)nc2cc1CNC1CCCNC1c1ccccc1,1,44
CYP2D6_4622,CC(=O)NCCNc1cc(-c2ccccc2C)ncn1,0,30
pgps820,CC(=Cc1csc(C)n1)C1CC2OC2(C)CCCC(C)C(O)C(C)C(=O)C(C)(C)C(O)CC(=O)N1,1,66
BBB318,Cc1c(O)cccc1C(=O)NC(CSc1ccccc1)C(O)CN1CC2CCCCC2CC1C(=O)NC(C)(C)C,0,64
CYP2C9_5515,CN(C)c1ccc(-c2cc(N(C)Cc3ccco3)ncn2)cc1,0,38
pgps266,C[S+]([O-])c1c(C(=O)NN2CCCCC2)nn(-c2ccc(Cl)cc2Cl)c1-c1ccc(Cl)cc1,1,64
CYP2D6_0376,O=S1(=O)C(c2ccccc2)C(N2CCCCC2)C1C1CC2c3ccccc3C1c1ccccc12,1,56
CYP2C9_2583,COc1ccccc1N1CCN(CCCCNS(=O)(=O)c2cccc3c(N(C)C)cccc23)CC1,0,55
hep0033,C=C(C)C1CCC2(C(=O)O)CCC3(C)C(CC(O)C4C5(C)C(CC(=O)OC)OC(C)(C)C5CCC43C)C12,1,72
mmp0737,CC(C)CC=C(C=O)c1ccccc1,1,22
hep4828,CNc1ncnc2c1c(-c1ccsc1)cn2C1OC(CO)C(O)C1O,0,40
CYP2C19_6280,S=C(S)NCCN1CCNCC1,0,17
ames5946,CC(C)CCCCCCCOP(=O)(Oc1ccccc1)Oc1ccccc1,0,38
DILI0398,O=C(O)Cc1nn(-c2ccc(F)cc2)cc1-c1ccc(Cl)cc1,1,41
CYP2D6_1245,O=C(CCCN1CCC(O)(c2ccc(Br)cc2)CC1)c1ccc(F)cc1,1,44
CYP3A4_07724,Cn1c(=O)c2[nH]c(CS(=O)(=O)Cc3nc4c(=O)n(C)c(=O)n(C)c4[nH]3)nc2n(C)c1=O,0,69
hep2746,COc1cc2oc(-c3ccccc3)cc(=O)c2c(O)c1OCCCCN1CCOCC1,0,47
hlm3215,CCOc1ccc(CN2C(=O)c3cc(C(C)(C)C)nn3CC2(C)C(=O)NCc2ccccc2)cc1,0,59
ames0865,O=[N+]([O-])c1ccc2c(c1)Cc1cccc([N+](=O)[O-])c1-2,1,48
hERG139,CCCCNCC(O)c1cc(Cl)cc2c1-c1ccc(Cl)cc1C2=Cc1ccc(Cl)cc1,1,52
ames2080,O=[N+]([O-])c1cccc2c1oc1ccccc12,1,31
hep1474,Cc1cc(NC(=O)C(=O)c2cn(Cc3ccoc3)c3ccccc23)sn1,1,44
mmp5191,COc1ccccc1N1CCNCC1,0,18
ames5428,CC(C)(C)c1cc(-c2ccccc2)ccc1[N+](=O)[O-],0,39
mmp5874,CCCC(C)C=O,0,10
hlm2683,O=C(NCCN1CCOCC1)c1ccc(-c2nccc3ccccc23)cc1,0,41
CYP2D6_7340,Oc1ccc2ccccc2c1Cc1c(O)ccc2ccccc12,0,33
ames3896,CCc1ccco1,0,9
pgps797,CCC1NC(=O)c2cccc(c2)CNC(=O)C(C(=O)O)NC(=O)CNC(=O)C(CCCN=C(N)N)N(C)C1=O,1,70
BBB022,Nc1nnc(-c2cccc(Cl)c2Cl)c(N)n1,1,29
DILI0102,CCC1(O)CC(OC2CC(N(C)C)C(OC3CC(O)C(OC4CCC(=O)C(C)O4)C(C)O3)C(C)O2)c2c(cc3c(c2O)C(=O)c2c(O)cccc2C3=O)C1C(=O)OC,1,108
hlm2077,O=C(Nc1ccc(C(=O)NCCN2CCCCC2)cc1)Nc1ccc(-c2nc(OC3CCOC3)nc(N3CCOCC3)n2)cc1,0,72
hERG474,CCCN(CCC)CCc1ccc(O)c(O)c1,0,25
CYP3A4_07457,Cc1cc(N2CCCCC2)nc2ccc(Cc3ccc4nc(N5CCCCC5)cc(C)c4c3)cc12,0,55
CYP2D6_3626,COC(=O)C1(Cc2ccc(F)cc2)C2c3cc(C(=O)N(C)C)n(Cc4c(CO)[nH]cc(C)c4=O)c3CC2CN1C(=O)c1ccccc1,0,86
CYP2C9_0640,COc1ccc2[nH]cc(CCNc3ncnc4ccc(-c5cccnc5)cc34)c2c1,1,48
hep0875,CN1CCN(CCCCOc2c(OCc3ccccc3)cc3oc(-c4ccccc4)cc(=O)c3c2O)CC1,1,58
mmp3481,CC(C)CCCCCCCOC(=O)CCCCC(=O)OCCCCCCCC(C)C,0,40
CYP2D6_1956,CC(CCC(=O)OCC1OC(C#Cc2ccccc2)C=CC1Oc1ccc(C)cc1)=NOC(C)c1cn(C2COCC2O)nn1,0,71
hep4180,O=C(O)c1cc2c3ccccc3n(Cc3ccccc3)c2c(CCN2CCCC2C(=O)O)n1,0,53
CYP2C9_4468,COCCNc1ccnc(-c2ccccc2C(F)(F)F)n1,0,32
CYP3A4_04969,CC(=O)N1CC[N+](C)(C)CC1,0,23
ames2927,CCCCCN(CCCC)N=O,1,15
pgpi1020,Cc1cc2cc(N3CCN(CCCC(=O)c4ccc(F)cc4)CC3)ccc2c(C)n1,1,49
hERG398,O=S(=O)(c1cccc2c(I)cccc12)N1CCCNCC1,0,35
CYP2C19_1622,CCOC(=O)OCC1OC(C#Cc2ccc(F)cc2F)C=CC1OC(=O)OCC,0,45
CYP2C9_3936,c1ccc2c(-n3ccnc3)nc(-c3ccoc3)nc2c1,0,34
ames6273,CCCCC(CC)COCCCN,0,15
BBB323,NC(Cc1ccc(O)c(O)c1)C(=O)O,0,25
CYP2D6_3999,NC(Cc1cccnn1)C(=O)O,0,19
mmp1464,NC(=O)CN1CC(O)CC1=O,0,19
ames2430,CC(C)COC(=O)C=Cc1ccc([N+](=O)[O-])o1,1,36
hep5398,CC(=O)OC1CC2C(C)(C)C(=O)C=CC2(C)C2CCC3(C)C(c4ccoc4)OC(=O)C4OC43C12C,0,67
DILI0982,CNC1C(O)C(OC2C(N)CC(N)C(OC3OC(CN)CCC3N)C2O)OCC1(C)O,0,51
hep2401,COc1ccc(C=CC(=O)C=Cc2nc3c(C)cccc3n2C)cc1O,0,41
hep3864,N#Cc1c(F)c(Cl)c(C(C(=O)c2ccc(F)cc2)C2=NCCCCN2)c(C#N)c1F,0,55
CYP3A4_05672,c1ccc(-c2cccc(N3CC4(CCNCC4)C3)c2)cc1,0,36
ames6362,CC(C)CC(C)Nc1ccc(Nc2ccccc2)cc1,0,30
mmp0740,Cc1c(Cl)cccc1Nc1ccccc1C(=O)O,1,28
ames0801,Cc1ccc2c(c1)-c1cc3ccccc3c3cc4ccccc4c-2c13,1,41
CYP2C19_7712,Nc1ccc(S(=O)(=O)Nc2nccs2)cc1,0,28
mmp4737,O=C(C=Cc1ccccc1)NCCO,0,20
pgps292,O=c1c(O)c(-c2ccc(O)cc2)oc2cc(O)cc(O)c12,1,39
CYP3A4_09962,CCOC(=O)c1ncn2c1CN(C)C(=O)c1cc(F)ccc1-2,0,39
CYP2C9_0908,O=C(Nc1cc(C(=O)Nc2ccc(S(=O)(=O)O)cc2S(=O)(=O)O)cc(C(=O)Nc2ccc(S(=O)(=O)O)cc2S(=O)(=O)O)c1)Nc1cc(C(=O)Nc2ccc(S(=O)(=O)O)cc2S(=O)(=O)O)cc(C(=O)Nc2ccc(S(=O)(=O)O)cc2S(=O)(=O)O)c1,1,175
DILI1181,O=C1CCCC(=O)C1C(=O)c1ccc(C(F)(F)F)cc1[N+](=O)[O-],0,49
hlm3147,O=C(Nc1ccc(F)c(-c2nc3cc(-c4ccccc4)cnc3[nH]2)c1)N1CCCC1,0,54
DILI1396,CC1CC2C3CC=C4CC(=O)C=CC4(C)C3(Cl)C(O)CC2(C)C1(O)C(=O)CCl,0,56
BBB031,CCC12CCN(CC3(O)CC3)C(Cc3ccc(O)cc31)C2(C)C,1,41
pgps475,CCOP(=S)(OCC)Oc1ccc2c(C)c(Cl)c(=O)oc2c1,0,39
hep2887,CC(C)c1ccc2c(c1)CCC1C(C)(C(=O)NC(Cc3ccccc3)C(=O)Nc3cccc(Br)c3)CCCC21C,0,69
CYP2C9_6438,CC(=O)C=NCC(=O)O,0,16
ames2599,O=[N+]([O-])c1ccc2ccc3cc4c(c5ccc1c2c35)CCCC4O,1,45
pgps698,CN(C)CCCN1c2ccccc2Sc2ccccc21,0,28
hlm1155,COc1ccc(CN(CC(=O)NCc2ccccc2)C(=O)CCCCCn2ccnc2C=NO)cc1,1,53
CYP3A4_01463,COc1ccc(-n2c(=O)c(-c3cccs3)nc3cnc(OC)nc32)cc1,1,45
DILI0891,Brc1c(NC2=NCCN2)ccc2nccnc12,0,27
hlm0341,CS(=O)(=O)Nc1ccc2c(c1)S(=O)(=O)N=C(C1C(=O)C3C4CCC(C4)C3N(CC3CCCC3)C1=O)N2,1,73
pgps550,CNC1(c2ccccc2Cl)CCCCC1=O,0,24
mmp5698,COc1ccc2[nH]cc(CCN)c2c1,0,23
pgpi1861,NCC1OC(OC2C(N)CC(N)C(OC3OC(CO)C(O)C(N)C3O)C2O)C(N)CC1O,0,54
hlm2249,CC(N)C1(c2ccc(Cl)c(Cl)c2)CCCCC1,0,31
hERG587,N=C(N)c1ccccc1,0,14
BBB251,O=C(O)c1cc[nH]c1NCCSCc1ncccc1Br,0,31
CYP2D6_0627,Cc1ccccc1-c1ccc2ncnc(NCc3cccnc3)c2c1,1,36
CYP3A4_02629,COC(=O)NC(c1ccccc1)C(C#N)C(=O)OC,0,32
hlm2709,CC(C)C(NC(=O)c1ccsc1)c1cn(C2(C#N)CC2)nn1,0,40
hep0502,CCOC(=O)c1c(C(=O)OCC)c2cc(C)ccn2c1C(=O)C1CC1,1,44
pgpi2126,O=C(O)c1cn(C2CC2)c2cc(N3CCNCC3)c(F)cc2c1=O,0,42
hlm1708,Cc1ccc(C(Oc2cccc(Cl)c2Cl)C2CCNCC2)cn1,0,37
mmp3577,CCCN1CC(CSC)CC2c3cccc4[nH]cc(c34)CC21,0,37
ames2266,Cc1cc(=O)oc2ccc3c(c12)C1(C)OOC1(C)O3,1,36
CYP2D6_3081,COC(=O)C1CCC(C)C(c2ccc(C)cc2)N1C(=O)c1ccc(C=NOC(C)c2cc(-c3c(C)cc(C)cc3C)no2)cc1,0,79
CYP2C9_4216,O=c1c(-c2ccccc2)nc2cncnc2n1-c1ccccc1,0,36
CYP2C9_0756,CC=C1Cc2cc(O)ccc2C2C(CC)Cc3cc(O)ccc3C12,1,39
mmp3566,NCc1ccccc1Sc1ccccc1CO,0,21
BBB063,COc1cc2sc(-c3ccccc3)nc2cc1CNC1CCCNC1c1ccccc1,1,44
CYP2C9_6978,Cc1ccc2nc(-c3ccc(NC(=O)c4ccc(N)cc4)c(S(=O)(=O)O)c3)sc2c1,0,56
pgpi0226,COc1ccc(C(=O)OC2CCC3(C)C4CCC5C6(O)C(O)C(O)C7C(CN8CC(C)CCC8C7(C)O)C6CC53OC24O)cc1OC,1,82
mmp6045,CCS(=O)(=O)c1cccnc1S(=O)(=O)NC(=O)Nc1nc(OC)cc(OC)n1,0,51
CYP2D6_4054,c1ccc2c(c1)-c1nc3ccccc3cc1C2N1CCOCC1,0,36
hep4722,COc1ccccc1C=CC(=O)Nc1ccc(I)cc1C(N)=O,0,36
CYP2D6_6647,O=S(=O)(O)n1ccnc1,0,17
pgpi0297,COc1cc2c(cc1OC)CN(CCc1ccc(NC(=O)c3ccccc3NC(=O)c3cccs3)cc1)CC2,1,61
hERG511,Nc1nc(SCc2ccc([N+](=O)[O-])cc2)c2ncn(C3OC(CO)C(O)C3O)c2n1,0,57
CYP2C9_6987,CCn1c(CCCc2nc3c(=O)n(C)c(=O)n(C)c3[nH]2)nc2c1c(=O)n(C)c(=O)n2C,0,62
hERG099,Cc1[nH]cnc1CN1CCc2c(c3ccccc3n2C)C1=O,1,36
pgpi0564,OC(COc1cccc2ncccc12)CN1CCN(C2c3ccccc3CCc3ccccc32)CC1,1,52
DILI0152,CON=C(C(=O)NC1C(=O)N2C(C(=O)O)=C(CSc3nnnn3C)CSC12)c1csc(N)n1,1,60
ames0111,Cc1cc2ccccc2c2cc([N+](=O)[O-])c3ccccc3c12,1,41
pgps053,COc1cccc2c(O)c3c(c(O)c12)C(=O)C1=C(CC(O)(C(C)=O)CC1OC1CC(N)C(O)C(C)O1)C3=O,1,74
ames4359,NCCCCC(N)C(=O)NC(Cc1c[nH]c2ccccc12)C(=O)NC(CCCCN)C(=O)O,0,55
ames3786,O=[N+]([O-])OC1COC2C(O)COC12,0,28
CYP2C9_4466,COCCn1c(=O)c(-c2ccc(OC)cc2)nc2cnc(Nc3ccccc3)nc21,0,48
CYP1A2_1505,CC(C)CC(CC(=O)NC(CCC(=O)O)CC(=O)O)NC(=O)C1CCCCC1NC(=O)CC(NC(=O)CC(CO)NC(=O)C1CCCCC1N)C(C)C,0,90
CYP2D6_4856,O=c1cnc2cnc(Oc3ccccc3)nc2n1Cc1ccc(F)cc1,0,39
DILI0186,CN(C)CCC=C1c2ccccc2C=Cc2ccccc21,1,31
CYP2C9_2239,CN1CCCN=C1C=Cc1cccs1,0,20
pgpi1272,C=CCNc1nc(N2CCC(NCC(c3ccccc3)c3ccccc3)CC2)nc2c1ncn2CC=C,1,55
BBB228,O=C(O)CCCCON=C(c1cccnc1)c1cccc(C(F)(F)F)c1,0,42
hep2165,COc1ccc(N2C(=N)C(=S)N(c3ccc(OC)cc3OC)C2=O)cc1,0,45
hep3588,CC(C)(C=C1CC(=O)c2ccccc2C1=O)COC(=O)c1ccc2ccccc2c1,0,50
pgps444,NCCCCCCNS(=O)(=O)c1cccc2c(Cl)cccc12,0,35
pgpi0033,COc1c2c(cc3oc(-c4ccccc4)cc(=O)c13)OC(c1ccccc1)(c1ccccc1)O2,1,58
pgpi2211,N=C(N)NN=Cc1c(Cl)cccc1Cl,0,24
pgps237,CCC(=O)OC(Cc1ccccc1)(c1ccccc1)C(C)CN(C)C,1,40
hERG062,CCC(=O)N(c1ccccc1)C1CCN(CCc2ccccc2)CC1,1,38
mmp0286,Oc1cc2ccccc2c2ccccc12,1,21
CYP3A4_05648,CC(=O)NCCNc1cc(-c2ccccc2C(F)(F)F)ncn1,0,37
CYP1A2_1750,CC(C)(C)C1(O)CC2OC(=O)CC23C(=O)OC2OC(=O)C(O)C231,0,48
pgpi2287,CCN1CCN(C(=O)NC(C(=O)NC2C(=O)N3C2SC(C)(C)C3C(=O)O)c2ccccc2)C(=O)C1=O,0,68
CYP2C19_6352,COc1cc2c(cc1OC)-c1cc3nc4ccccc4nc3n1C(C)(C)C2,0,44
hep5812,CCNC(=O)Nc1nc2cc(-c3cccnc3)cc(C(=O)NCC)n2n1,0,43
CYP1A2_5560,COc1ccc(-c2nc3cnc(N4CCOCC4)nc3n(CC3CCCO3)c2=O)cc1,0,49
ames4081,CCOC(=O)CC(C)C,0,14
ames5140,Cc1ccc(NC(=O)CBr)cc1,0,20
mmp3806,Oc1[nH]c(O)c2c1C1C=CC2C1,0,24
mmp5140,COC(c1ccccc1)(c1ccccc1)C(Oc1nc(C)cc(C)n1)C(=O)O,0,47
pgpi1325,COC(=O)CC(O)CC(O)CCn1c(-c2ccc(F)cc2)c(-c2ccccc2)c(C(=O)Nc2ccccc2)c1C(C)C,1,72
CYP2C19_3824,COC(=O)C1(Cc2ccc(F)cc2)C2c3cc(C(=O)N4CCCC4)n(CCc4ccc(O)c(O)c4)c3CC2CN1C(=O)c1ccccc1,0,83
pgpi0873,O=C(Cc1ccccc1)Nc1c2c(nc3ccccc13)N(Cc1ccccc1)CC2,1,47
CYP1A2_3814,COC(=O)N1CCCC2(CCN(C(=O)Nc3cccc(C#N)c3)C2)C1,0,44
mmp2047,Nc1ccc([N+](=O)[O-])cc1,0,23
hlm3025,C=CC1CC1(NC(=O)C1CC(OC)(c2ccc(-c3cnn(C)c3)cc2)CN1C(=O)C(NC(=O)OC1CCCC1)C(C)(C)C)C(=O)NS(=O)(=O)C1CC1,0,100
CYP2C19_7734,CN(C)CCCCSC(=N)N,0,16
pgps027,CC(C)(C)CC(C)(C)c1ccc(OCCOCCOCCOCCOCCOCCOCCOCCOCCOCCO)cc1,1,57
pgps604,N=C(N)NC(=O)c1nc(Cl)c(N)nc1N,0,28
hep3189,Clc1ccc2cc(NCCNc3nc(Cl)nc(Nc4ccccc4)n3)cnc2c1,0,45
pgps575,CN(C)C(=O)Oc1ccc[n+](C)c1,0,25
BBB155,CCCCCC(C)C,1,10
hlm2000,CCN(CC)CCOc1ccc(CCC(Cc2cc3ccc(C)cc3oc2=O)C(O)=NO)cc1,0,52
mmp0508,O=C(Nc1ccccc1)Nc1cnns1,1,22
ames4766,CSCCC(NC(=O)COc1ccc(Cl)cc1Cl)C(=O)O,0,35
pgpi0598,C=CC1(C)CC(=O)C2(O)C(C)(O1)C(OC(C)=O)C(O)C1C(C)(C)CCC(O)C12C,1,60
BBB058,COc1ccc(C(C)(C)C)cc1CNC1CCCNC1c1ccccc1,1,38
DILI0318,C1N2CN3CN1CN(C2)C3,1,18
pgps112,CS(=O)(=O)N1CCN(Cc2cc3nc(-c4cccc5[nH]ncc45)nc(N4CCOCC4)c3s2)CC1,1,63
pgpi2286,CC[N+]1(C)CCCC(OC(=O)C(O)(c2ccccc2)c2ccccc2)C1,0,46
pgps189,COc1ccc(CC(N)C(=O)NC2C(CO)OC(n3cnc4c(N(C)C)ncnc43)C2O)cc1,1,57
pgps722,Cc1cc(Cl)ccc1-c1nc(C(=O)NN2CCCCC2)c(S(C)(=O)=O)n1-c1ccc(Cl)cc1,1,62
hERG378,CCCN1CCCC2Cc3nc(N)ncc3CC21,0,26
hERG339,CC(=O)CC(C)C,0,12
hlm1015,c1ccc(CN2CCCC(n3[nH]nc4cnc5nccc5c43)C2)cc1,1,42
hERG442,Cc1cc2c(F)c(Oc3ncnn4cc(OCC(C)O)c(C)c34)ccc2[nH]1,0,48
hep4644,CCOC(=O)CCCn1c(=O)c2cc3c(cc2c2ccccc21)OCO3,0,42
hlm2969,Cc1cccc(NC(=O)c2nc(C)n(-c3ccc(Cl)cc3)c2C)n1,0,43
CYP1A2_5584,Cn1c(=O)c(CCc2ccccc2)nc2cnc(OCc3ccccc3)nc21,0,43
CYP2C9_4112,COc1cccc(Cn2c(=O)cnc3cncnc32)c1,0,31
pgpi0276,O=C(CCCN1CCC2(CC1)C(=O)NCN2c1ccccc1)c1ccc(F)cc1,1,47
pgps158,CC(C)(C)NCc1cc(Nc2ccnc3cc(Cl)ccc23)c2c(c1O)CCCC2,1,48
hlm0444,Fc1ccc(C(c2nnnn2Cc2ccccc2)N2CC3CCC(C2)N3C2CCC2)cc1,1,50
pgpi1633,CCC(C(=O)SCCN(CC)CC)c1ccc(-c2ccccc2)cc1,0,39
CYP2C19_4038,O=C1C2C(c3ccccc3)NC(c3ccccc3)C1C(c1ccccc1)NC2c1ccccc1,0,53
BBB101,CC(NC(C)(C)C)C(=O)c1cccc(Cl)c1,1,30
hlm0474,CC(C)OC(=O)C1=CN(C(=O)c2ccc(OCCCN3CCCCC3)cc2)CC(C)(C)c2c1[nH]c1ccccc21,1,70
hlm0702,COc1ccc(C(=O)C=Cc2ccc(OCCNc3ccnc4cc(Cl)ccc34)c(OC)c2)c(OC)c1,1,60
hep3025,NC1C2CN(c3nc4c(cc3F)c(=O)c(C(=O)O)cn4-c3ccc(F)cc3F)CC12,0,55
CYP2D6_2277,CC(C)CC(CC(=O)NC(CC(=O)NC1CCNCC1C(=O)NC(CC(=O)NC(CCC(=O)O)CC(=O)O)CC(C)C)C(C)C)NC(=O)C1CNCCC1N,0,94
ames1528,O=[N+]([O-])c1cc2ccc(N(CCCl)CCCl)cc2o1,1,38
CYP2D6_4115,O=C(O)CC(S)C(=O)O,0,17
pgpi0085,CC(=O)c1cc(Cl)c(Cl)cc1OCC(O)CN1CCN(c2ccccc2C)CC1,1,48
ames0460,Cc1c(N)cc([N+](=O)[O-])cc1N,1,27
ames2407,CN(N=O)C(=O)c1c(N(C)C(=O)OC(C)(C)C)ncn1C,1,40
CYP3A4_05393,CC1(C)C(CC(=O)O)CCCC1CC(=O)O,0,28
hep1639,Ic1ccccc1CSc1nnc(-c2ccc3c(c2)OCCO3)o1,1,37
hERG373,CCC(CO)Nc1nc(NCc2ccccc2)c2ncn(C(C)C)c2n1,0,40
pgps595,N=C(N)NN=Cc1c(Cl)cccc1Cl,0,24
CYP3A4_06527,COc1ncc2nc(-c3ccc(Cl)cc3)c(=O)n(C)c2n1,0,38
BBB050,CCCN1CC(C)N(C(c2ccc(C(=O)N(CC)CC)cc2)c2cccc(OC)c2)CC1C,1,54
DILI0030,CC(N)C(=O)OC(C)(C)Cc1ccc(Cl)cc1,1,31
CYP2C19_0058,COC(=O)N(C=Cc1ccc(OC)cc1)CCc1ccc(OC)c(OC)c1,1,43
CYP2C9_1625,CC(CCC(=O)OCC1OC(C#Cc2ccccc2)C=CC1Oc1ccc(C)cc1)=NOC(C)c1cc(-c2c(C)cc(C)cc2C)no1,0,79
ames0120,Cc1cccn2c1nc1ccc(=NO)[nH]c12,1,28
BBB298,OCC(O)C(O)C(O)C(O)CO,0,20
pgpi0419,COc1cc2c(cc1OC)CN(CCc1ccc(NC(=O)c3ccnc4ccccc34)cc1)CC2,1,54
DILI0685,NS(=O)(=O)c1cc(C(=O)O)c(NCc2ccco2)cc1Cl,1,39
BBB155,CCCCCC(C)C,1,10
ames5425,CCCCCC(C=O)=Cc1ccccc1,0,21
CYP2C19_1636,COC(=O)NC(CC(C)=O)c1ccccc1,0,26
hep5034,CC(C)=CCCC(C)=CCCC(C)=CCSc1ccccc1C(=O)OCC#CCOc1no[n+]([O-])c1S(=O)(=O)c1ccccc1,0,78
pgps570,CC(C)CC1N=C(O)C(CCCN)N=C(O)C(C(C)C)NC(=O)C2CCCN2C(=O)C(Cc2ccccc2)NC(=O)C(CC(C)C)NC(=O)C(CCCN)NC(=O)C(C(C)C)NC(=O)C2CCCN2C(=O)C(Cc2ccccc2)NC1=O,0,142
ames0421,COC(=O)C12OC1(C)C(C)(O)OC2=O,1,28
CYP2C9_3695,[N-]=[N+]=NCC(N)=O,0,18
pgps711,Cc1nnc(SCC2=C(C(=O)O)N3C(=O)C(NC(=O)Cn4cnnn4)C3SC2)s1,0,53
CYP2D6_6027,CC(=O)N1CCC2(CC1)CN(c1ccncc1)C2,0,31
CYP2C9_2089,OC(c1ccccc1)C1CCN(CCc2ccccc2)CC1,0,32
hERG098,N#Cc1ccc(Cn2cncc2CNC2CCN(c3ccncc3)C2=O)cc1,1,42
CYP1A2_6356,NNc1cc(=O)[nH]c(=O)[nH]1,0,24
CYP1A2_5606,CS(=O)(=O)N1CCC2(CCCN(Cc3cc(C(F)(F)F)cc(C(F)(F)F)c3)C2)CC1,0,58
CYP1A2_4220,CC(C)NC(=O)N1CCC2(CC1)CCN(C(=O)c1cnccn1)CC2,0,43
pgpi0178,COc1cccc(CCc2ccccc2OCCCN2CCN(c3ccc(F)cc3)CC2)c1,1,47
pgpi2143,COc1ccnc(C[S+]([O-])c2nc3cc(OC(F)F)ccc3[nH]2)c1OC,0,49
DILI1431,CN1CCN(C(=O)OC2c3nccnc3C(=O)N2c2ccc(Cl)cn2)CC1,0,46
ames3470,COC(=O)C1=CCCN(N=O)C1,1,21
pgpi2277,CC1Nc2ccccc2C1NC(=O)c1ccc(Cl)c(S(N)(=O)=O)c1,0,44
CYP3A4_07816,CC(=O)OCC1OC(n2cnc3c(=O)[nH]cnc32)C(OC(C)=O)C1OC(C)=O,0,53
CYP1A2_5504,Cc1nc2cnc(N3CCN(C)CC3)nc2n(C2CC2)c1=O,0,37
BBB152,Cc1cccc2c1Oc1ccccc1C1(O)CCN(C)CC21,1,34
DILI0611,Cc1ccc(C(=O)c2ccc(CC(=O)O)n2C)cc1,1,33
ames5016,CN1CCC(=C2c3ccccc3C=Cc3ccccc32)CC1,0,34
hlm2450,Cc1[nH]c2ccccc2c1CC(=O)N1Cc2ccc(C=CC(O)=NO)cc2C1,0,48
CYP2D6_7406,COc1cc(-c2ccc(=O)[nH]n2)ccc1OC(F)F,0,34
hlm2314,CC1c2c(cc(F)c(-c3cccc4cc[nH]c34)c2F)NC(C)(C)C1O,0,47
CYP1A2_1345,COC1C=COC2(C)Oc3c(C)c(O)c4c(O)c(c(C=NN5CCN(C)CC5)c(O)c4c3C2=O)NC(=O)C(C)=CC=CC(C)C(O)C(C)C(O)C(C)C(OC(C)=O)C1C,0,110
CYP1A2_0837,COCCn1c(=O)c(CCc2ccccc2)nc2cnc(N(C)C)nc21,1,41
CYP2D6_4091,O=C(O)C(CCc1ccccc1)N1C(=O)c2ccccc2C1=O,0,38
CYP2D6_1073,N=C(NCc1ccccc1)NC(=O)c1nc(Cl)c(N)nc1N,1,37
CYP2C9_5521,Clc1ccccc1-c1ccc2ncnc(NC3CCNCC3)c2c1,0,36
CYP1A2_4392,Cc1noc(C)c1-c1cncnc1N(C)Cc1ccco1,0,32
DILI0294,COC(=O)C1=C(C)N=C(C)C(C(=O)OC(C)C)C1c1cccc2nonc12,1,49
mmp4164,O=C(O)C=Cc1ccc(C=CC(=O)O)cc1,0,28
pgpi0300,COc1cccc(CCc2ccccc2OCc2cccc(OC)c2OC)c1,1,38
pgps244,Oc1ccc2c3c1OC1c4[nH]c5ccccc5c4CC4(O)C(C2)N(CC2CC2)CCC314,1,56
CYP2C9_4974,O=C(c1ccco1)N1CCC2(CCCN(c3ccncc3)C2)CC1,0,39
CYP3A4_09069,Nc1ccc(Sc2ccc(N)cc2)cc1,0,23
pgps207,CN(C)C(=O)C(CCN1CCC(O)(c2ccc(Cl)cc2)CC1)(c1ccccc1)c1ccccc1,1,58
CYP1A2_1362,CN(C)C1C(=O)C(C(N)=O)C(=O)C2(O)C(=O)C3C(=O)c4c(O)ccc(Cl)c4C(O)C3CC12,0,68
CYP2D6_3676,COC(=O)C1(Cc2ccc(F)cc2)C2c3cc(C(=O)N(C)C)n(CCN4CCOCC4)c3CC2CN1C(=O)c1ccccc1,0,75
DILI0302,CCC(C(N)=O)N1CCCC1=O,1,20
hERG118,O=C(NC1CCN(Cc2ccc3c(c2)OCO3)CC1)c1cc(=O)c2cc(F)ccc2o1,1,53
pgps508,CNC1C(O)C(OC2C(N)CC(N)C(OC3OC(CN)CCC3N)C2O)OCC1(C)O,0,51
CYP2D6_4576,COc1ccc(-n2c(=O)c(-c3cccs3)nc3cnc(Nc4cccc(OC)c4)nc32)cc1,0,56
hERG096,Clc1ccccc1C(c1ccccc1)(c1ccccc1)n1ccnc1,1,38
hep2190,CCn1sc(Cl)c(Cl)c1=O,0,19
BBB212,Cc1ccc(NC2=NCCN2)c(C)c1,0,23
BBB040,CNCCC(Oc1ccccc1C)c1ccccc1,1,25
CYP2D6_1398,O=C(C=NO)NCCCCNC(=O)C=NO,0,24
pgps408,OC(COc1cccc2ncccc12)CN1CCN(C2c3ccccc3CCc3ccccc32)CC1,0,52
mmp4129,CCCOCCOCCO,0,10
CYP3A4_08311,CN(C)CCNCCN,0,11
CYP3A4_00647,CCCCC1CC1C(NC(=O)c1ccc(C(F)(F)F)cc1)c1ccc(C(=O)OC)cc1,1,53
CYP3A4_07864,CN(Cc1cc(C(C)(C)C)cc(Br)c1O)Cc1cc(C(C)(C)C)cc(Br)c1O,0,52
mmp6052,C=Cc1ccc(O)c(OC)c1,0,18
DILI0565,COC(c1ccccc1)(c1ccccc1)C(Oc1nc(C)cc(C)n1)C(=O)O,1,47
hep3263,C=CCc1cc(C=O)c(O)c(-c2ccc(O)c(CC=C)c2)c1,0,40
CYP1A2_3237,O=C1c2cccc(O)c2C(=O)c2c(OC3OC(CO)C(O)C(O)C3O)cccc21,0,51
hep1760,CCOP(=O)(OCC)Oc1cc(Cl)ccc1C(=O)Nc1cccc(Br)c1,1,44
CYP3A4_10114,Cn1cnc([N+](=O)[O-])c1Sc1ncnc2[nH]cnc12,0,39
ames4131,Cn1c(NS(=O)(=O)O)nc2c3nc(CO)cnc3ccc21,0,37
pgpi0111,c1ccc(CCc2c(CCN3CCCCC3)oc3ccccc23)cc1,1,37
CYP2C9_5631,COc1cccc(Cn2c(=O)c(-c3cn(C)c4ccccc34)nc3cnc(N4CCNCC4)nc32)c1,0,60
mmp4669,Cc1cc(=O)c(C(=O)NC(C(=O)NC2C(=O)N3C(C(=O)O)=C(CSc4nnnn4C)CSC23)c2ccc(O)cc2)c[nH]1,0,81
ames4506,CC1(C)C(C(=O)OC(C#N)c2cccc(Oc3ccccc3)c2)C1(C)C,0,46
ames4848,CCCC(=O)OCC,0,11
CYP3A4_07323,COC1=CC(=O)CC(C)C12Oc1c(Cl)c(OC)cc(OC)c1C2=O,0,44
CYP2D6_4457,COCCn1c(=O)cnc2cnc(N3CCNCC3)nc21,0,32
DILI0184,COc1c(O)c(C)c(C=CC(C)=CCC=C(C)CCC=C(C)CCC=C(C)CCC=C(C)CCC=C(C)CCC=C(C)CCC=C(C)CCC=C(C)CCC=C(C)C)c(O)c1OC,1,104
mmp3732,COC(C)(C)CCO,0,12
ames5240,C=C(C)C(=O)OCCCCOC(=O)C(=C)C,0,28
pgpi0144,C=CCn1c(SCCCC)nc2c(c1=O)C1(CCCC1)Cc1ccccc1-2,1,44
hlm0340,CCOc1ccc(CCN2C(=O)N(NS(C)(=O)=O)CC2c2ccc(OC)cc2)cc1,1,51
hep0370,CCOC(=O)Nc1cc(CO)cc(Nc2c3ccccc3nc3ccccc23)c1,1,44
DILI0713,CCCCc1c(O)n(-c2ccccc2)n(-c2ccccc2)c1=O,1,38
pgps649,COc1cc2c(cc1OC)CN(Cc1ccc(-c3ccc(O)cc3)cc1)CC2,0,45
CYP2C19_5140,Cn1cccc1C(=O)N1CCC2(CCCN(C(=O)Nc3ccccc3)C2)CC1,0,46
hep5337,O=c1cc(OCc2cn(-c3ccc(S(=O)(=O)NCCc4ccccc4)cc3)nn2)c2ccccc2o1,0,60
mmp2096,CCNc1cccc(C)c1,0,14
pgpi1202,C=CCNc1nc(NCC=C)nc(N2CCN(C(c3ccc(F)cc3)c3ccc(F)cc3)CC2)n1,1,57
BBB129,CCC(=O)N(c1ccccc1)C1CCN(CCc2ccccc2)CC1,1,38
mmp2246,NNCCO,0,5
DILI0016,Nc1c(CC(=O)O)cccc1C(=O)c1ccc(Br)cc1,1,35
ames4417,CC(=O)CC(=O)CCC(=O)O,0,20
pgpi1950,COC1C=C2CCN(C)C2C2c3cc4c(cc3C(=O)OC12)OCO4,0,42
CYP2C19_2165,C=CCC1C=CC(ON=C(C)CCC(=O)OCC2OC(C#Cc3ccccc3)C=CC2Oc2ccc(C)cc2)C(CO)O1,0,69
CYP2C19_0918,CN(C)c1ccc(-c2nc(-n3ccnc3)c3ccccc3n2)cc1,1,40
ames3379,O=NN(CCO)CCCCO,1,14
CYP2C19_0033,C=CCOC(=O)C(C(C)=O)C(NC(=O)OC)c1ccc(F)cc1,1,41
CYP3A4_09499,Cc1ccc2c(Cl)cc(Cl)c(O)c2n1,0,26
CYP1A2_5026,Cn1cccc1C(=O)N1CCC2(CC1)CCN(c1cccc(-c3ccccc3)c1)CC2,0,51
ames2821,O=[N+]([O-])c1ccccc1[N+](=O)[O-],1,32
CYP3A4_05191,COc1ccc2cc1Oc1ccc(cc1)CC1c3c(cc(OC)c4c3Oc3cc5c(cc3O4)CCNC5C2)CCN1C,0,66
ames5711,Brc1ccc(-c2ccccc2)cc1,0,21
hlm2414,CCS(=O)(=O)c1ccc2oc(-c3ccc(Cl)c(Cl)c3)nc2c1,0,43
mmp5102,CC(C)(ON=C(C(=O)NC1C(=O)N2C(C(=O)O)=C(C[n+]3ccccc3)CSC12)c1csc(N)n1)C(=O)O,0,74
pgpi2087,O=C(CCCN1CCN(c2ccccn2)CC1)c1ccc(F)cc1,0,37
pgpi1762,CC1(C)OC(=O)NC1=O,0,17
CYP3A4_08778,C=C(C)C1C=CC(C)C(=O)C1,0,22
mmp2412,CCCCCCCC[S+]([O-])C(C)Cc1ccc2c(c1)OCO2,0,38
mmp6079,N=C(N)SCCN,0,10
hERG128,Cn1c(=O)c2c(ncn2C)n(C)c1=O,1,26
ames6483,CC(C)N=C=NC(C)C,0,15
hep5125,Cc1ccc(S(=O)(=O)Cc2nc(Nc3ccccc3Cl)c3ccccc3n2)cc1,0,48
ames4793,Cc1cc(=O)c2c(O)c3c(O)cc(O)c4c5c(O)cc(O)c6c(=O)c7c(O)cc(C)c8c1c2c(c34)c(c65)c78,0,78
mmp2165,O=C(Cl)OCCOCCOC(=O)Cl,0,21
ames0579,Nc1ccc(C=Cc2cccc(N)c2)cc1,1,25
hERG616,Oc1ccc(C2CNCCc3c2cc(O)c(O)c3Cl)cc1,0,34
CYP2D6_1834,CCC=CCCC(O)C1=CCCCC1=O,0,22
CYP2C9_0966,O=c1[nH]c2cc(Cl)ccc2c(O)c1-c1cccc(Oc2ccccc2)c1,0,46
pgpi2237,CCC(C)C(=O)OC1CC(C)C=C2C=CC(C)C(CCC(O)CC(O)CC(=O)O)C21,0,54
pgps233,C=CC1CN2CCC1CC2C(O)c1ccnc2ccc(OC)cc12,1,37
hep5288,O=c1c(O)c(-c2ccc(O)cc2)oc2cc(O)cc(O)c12,0,39
CYP2C9_0831,Oc1c(C(O)(c2ccccc2)c2ccc3ccccc3c2O)ccc2ccccc12,1,46
hep2319,NCCNc1nccc2c3ccccc3n(CCCc3ccccc3)c12,0,36
BBB124,COc1ccc2c3c1OC1C(O)C=CC4C(C2)N(C)CCC341,1,39
hlm0072,CC(C)(C)c1ccc(-n2nnnc2SCC(=O)Nc2ccc(-c3ccc(OCC(=O)O)cc3)cc2Cl)c(Cl)c1,1,69
hlm1392,CC(C)CCn1nc(-c2cccs2)c(=O)c(C2=NS(=O)(=O)c3cc(NS(=O)(=O)CCN)ccc3N2)c1O,0,70
CYP2C9_5346,COc1cccc(Nc2ncc3nc(CCc4ccccc4)c(=O)n(C4CC4)c3n2)c1,0,50
hlm2261,COCC1CC(C(=O)NCC2CCOCC2)CN(Cc2nc(N3CCOCC3)oc2C)C1,0,49
pgpi0242,COc1ccc2c(c1OC)C(=O)OC2C1c2c(cc3c(c2OC)OCO3)CCN1C,1,49
pgps124,COC(=O)CC(O)(CCCC(C)(C)O)C(=O)OC1C(OC)=CC23CCCN2CCc2cc4c(cc2C13)OCO4,1,68
CYP3A4_01654,c1cn(-c2cc(-c3ccc4c(c3)OCO4)ncn2)cn1,1,36
pgpi2061,CN(C)CCCN1c2cc(O)ccc2Sc2cc(O)c(Cl)cc21,0,38
hlm0031,O=C(CN1CCC(N2C(=O)OCc3ccc(F)cc32)CC1)Nc1ccc2c(c1)-c1ccccc1C2O,1,61
CYP2C19_6384,Cc1ccc(S(=O)(=O)NC(CO)C(=O)O)cc1,0,32
CYP1A2_1442,CCN1CC2(C)CCC(OC)C34C2C(OC(C)=O)C2(OCOC25CC(OC)C2CC3(O)C5C2OC)C14,0,65
hERG255,Fc1ccc(-n2cc(C3CCNCC3)c3cc(Cl)ccc32)cc1,1,39
CYP2D6_3787,CC(C)(C)NCC(O)c1ccc(O)c(CO)n1,0,29
pgps232,COc1ccc2[nH]c([S+]([O-])Cc3ncc(C)c(OC)c3C)nc2c1,1,47
mmp2788,CC(=O)OCc1ccco1,0,15
hlm2430,CCNCC1(c2ccc(Cl)c(Cl)c2)CCCCC1,0,30
CYP2C9_3860,CC(C)NC(=O)N1CCC2(CC1)CCN(C(=O)c1cccn1C)CC2,0,43
BBB102,CC(=O)OC(C)C,1,12
pgps578,O=C1C2(Cl)C3(Cl)C4(Cl)C(Cl)(Cl)C5(Cl)C3(Cl)C1(Cl)C5(Cl)C24Cl,0,60
pgps128,CCC1(C2OC(C3OC(O)(CO)C(C)CC3C)CC2C)CCC(C2(C)CCC3(CC(O)C(C)C(C(C)C(OC)C(C)C(=O)O)O3)O2)O1,1,88
DILI0211,O=S(=O)(O)OCCOc1ccc(Cl)cc1Cl,1,28
hlm2736,COc1cc(-c2cc(-c3ccc(S(C)(=O)=O)cc3)cnc2N)ccc1O,0,46
hep3627,Clc1ccc(Nc2nccc(-c3ccc(Br)cc3)n2)cc1,0,36
pgps034,CC(=O)OC1C(O)C(C)OC(OC2C(OC(=O)C3CCC4C(C3)OC3(CC(OC(=O)C=Cc5ccccc5)C(C)CO3)C43CO3)OC(C)C(O)C2OC(C)=O)C1O,1,104
CYP2D6_1863,COC(=O)C1C(c2ccccc2)C(=O)C2(O)c3ccccc3OC12c1ccccc1,0,50
pgps310,Cc1cnc(C=NNC(N)=S)c2cccc(N)c12,1,30
CYP2C19_5597,COc1ccc2[nH]cc(CCNc3ncnc4ccc(-c5ccccc5CN(C)C)cc34)c2c1,0,54
BBB344,CC(=O)NCCCOc1cccc(CN2CCCCC2)c1,0,30
pgpi0484,CC(=O)Nc1ccc(-c2nc(N3CCN(CCc4ccccc4)CC3)c3c(n2)c(C#N)c2n3CCCC2)cc1,1,66
pgpi1377,COc1cc(C=CC2=C(NC(C)C)CN3CCN2CC3)cc(OC)c1OC,0,43
hERG096,Clc1ccccc1C(c1ccccc1)(c1ccccc1)n1ccnc1,1,38
mmp4954,Oc1ccc2c3c1OC1C(O)CCC4(O)C(C2)N(CC2CCC2)CCC314,0,46
CYP2D6_5955,COCCn1c(=O)cnc2cnc(OCc3ccccc3)nc21,0,34
CYP2C9_4196,CCNc1ncc2nc(-c3ccc(OC)cc3)c(=O)n(CCc3ccccc3)c2n1,0,48
pgps160,COc1ccc(C2=NC(c3ccc(Cl)cc3)C(c3ccc(Cl)cc3)N2C(=O)N2CCNC(=O)C2)c(OC(C)C)c1,1,73
ames0700,Cc1ccccc1-c1ccc(N)cc1,1,21
BBB263,CN1CCC23c4c5ccc(O)c4OC2C(O)C=CC3C1C5,0,36
ames4183,C=C1C(=O)OC2C1CCC(C)C1=CCC(=O)C12C,0,34
ames0601,Cc1ccc2c(c1)C(C)c1c([nH]c3ccccc13)N2C,1,37
CYP2D6_2232,COC(=O)C1CCCN1C(=O)C(C)CO,0,25
CYP3A4_00344,c1ccc(C2C3CN(Cc4cccnc4)C(c4ccccc4)C34CC2(c2cccnc2)C4)cc1,1,56
CYP3A4_02679,COc1ccc(OC)c(C2OCCC=CC2C)c1,0,27
pgpi0984,Clc1nc2c(nc1NCc1ccccc1)OC(N1CCNCC1)NC2N1CCSCC1,1,46
pgpi0902,CCC1CCC2C3CCC4CC(=O)C(=O)CC4(C)C3CCC12C,1,39
CYP1A2_3592,OCC(S)CS,0,8
CYP2C9_4352,Cc1cccc(CNc2cc(-c3cccc(NS(C)(=O)=O)c3)ncn2)c1,0,45
hep3667,COc1ccc(C=CC(=O)c2cc(OC)c(OC)c(OC)c2)cc1,0,40
pgpi2183,C=CCOC(Cn1ccnc1)c1ccc(Cl)cc1Cl,0,30
CYP2C19_1779,CC(C)CN1CCc2nc(-c3ccccc3)c3c(c2CC1)COC(C)C3,0,43
hep5994,O=C(NN=CN1CCN(c2cc3c(cc2F)c(=O)c(C(=O)O)cn3C2CC2)CC1)c1cccc(F)c1,0,64
CYP2D6_0739,O=C(c1csnn1)N1CCC2(CCCN(Cc3ccccc3)C2)CC1,1,40
CYP2C19_6459,CN1C2CCC1CC(OC(=O)c1cc(Cl)cc(Cl)c1)C2,0,37
CYP1A2_5295,Cc1cnc(CNc2ccnc(-c3ccccc3Cl)n2)cn1,0,34
mmp1965,Cc1ccc(C)c(O)c1,0,15
CYP2D6_1641,O=C1CC(O)C(O)C2c3c(c(O)n(-c4ccc(F)cc4F)c3O)CCC12,0,48
CYP2D6_2959,O=c1c2ccccc2[nH]c(=S)n1CCN1CCC(=C(c2ccc(F)cc2)c2ccc(F)cc2)CC1,0,61
CYP3A4_06587,COc1ccc(-n2c(=O)c(-c3ccccc3)nc3cnc(N4CCOCC4)nc32)cc1,0,52
pgps732,Cc1nc2n(c(=O)c1CCN1CCC(c3noc4cc(F)ccc34)CC1)CCCC2O,1,50
hERG256,CN(CCN(C)S(=O)(=O)c1ccc(NS(C)(=O)=O)cc1)c1nc2ccccc2n1C,1,54
CYP2C9_5474,O=c1c(-c2ccc(F)cc2)nc2cnc(N3CCNCC3)nc2n1Cc1cccs1,0,48
CYP2C19_1076,Cc1cccc(CNc2ncnc3ccc(-c4cccc(NS(C)(=O)=O)c4)cc23)c1,1,51
DILI0197,CCNC(C)Cc1cccc(C(F)(F)F)c1,1,26
CYP2C19_3796,COC(=O)C1CC1C(N)c1ccccc1,0,24
DILI0557,C=C1CC2C(CCC3(C)C(=O)CCC23)C2(C)C=CC(=O)C=C12,1,45
pgps555,NC12CC3CC(CC(C3)C1)C2,0,21
CYP1A2_4331,O=C(Nc1cccc(F)c1)N1CCC2(CCCN(C(=O)c3cc(C(F)(F)F)cc(C(F)(F)F)c3)C2)C1,0,68
CYP2D6_5327,COc1ncc2ncc(=O)n(C3CC3)c2n1,0,27
pgps312,C[P+](C)(c1ccccc1)c1ccccc1,1,26
CYP2C9_3840,O=C(O)C1C2OC(C(Br)C2Br)C1C(=O)O,0,31
mmp6192,Cn1cnc(CCN)c1,0,13
hep4771,O=S(=O)(c1ccc(-c2ccc3ncnc(Nc4ccc(OCc5cccc(F)c5)c(Cl)c4)c3c2)cc1)N1CCCC1,0,71
CYP1A2_6509,O=C(O)CNCCc1ccccc1,0,18
pgps700,N#Cc1cc2c(n(C3OC(CO)C(O)C(O)C3O)c1=S)CCCCCC2,0,44
mmp2405,CCCCCCCCCCCC(=O)N(CCO)CCO,0,25
CYP2C19_4081,NCC1OC(n2cnc3c(N)ncnc32)CC1O,0,28
DILI0623,O=C(O)COc1ccc(C(=O)c2cccs2)c(Cl)c1Cl,1,36
hERG107,O=C(NC1CCN(Cc2ccc3c(c2)OCO3)CC1)c1cc(=O)c2ccc(OC(F)F)cc2o1,1,58
CYP3A4_02321,c1cnc(N2CCN(Cc3ccc4c(c3)OCO4)CC2)nc1,1,36
CYP3A4_03414,COC(=O)c1cccc(C23CC4(C2)C(CN(Cc2ccc(C(F)(F)F)cc2)C4c2ccccc2)C3c2ccccc2)c1,0,73
hep1872,CCCC1OC(=O)C(O)CCC=CCC1O,1,24
BBB294,COc1cc(C2c3cc4c(cc3C(OC3OC5COC(C)OC5C(O)C3O)C3COC(=O)C23)OCO4)cc(OC)c1O,0,71
pgps693,CSc1nc(-c2ccc(C)cc2)c(C#N)c(=O)[nH]1,0,36
hlm0761,COc1cccc(CNC(=O)c2c[nH]c3cc(-c4cn[nH]c4)ccc23)c1,1,48
mmp5171,CNC(=O)C1OC(n2cnc3c(NCc4cc(Cl)ccc4OCc4cc(C)no4)ncnc32)C(O)C1N,0,61
pgps477,O=C(O)c1cc(O)c2c(c1)C(=O)c1cccc(O)c1C2=O,0,40
BBB347,CCCN(CCC)CCc1ccc(O)c2[nH]c(O)cc12,0,33
ames5540,FC(Cl)C(F)(F)C(F)(F)Cl,0,22
pgpi1731,OCCN1CCCN(CCCN2c3ccccc3Sc3ccc(C(F)(F)F)cc32)CC1,0,47
pgpi2065,CN(c1nc(N)c(C(=O)N=C(N)N)nc1Cl)C(C)(C)C,0,39
hlm0283,COc1ccc(CCN2C(=O)N(NS(=O)(=O)Cc3cccnc3)CC2c2ccc(OC)cc2)cc1,1,58
hERG556,O=C(c1ccc(OCCN2CCCCC2)cc1)c1c(-c2ccc(O)cc2)sc2cc(O)ccc12,0,56
CYP2C19_7019,COc1ccc(Cc2ccccc2C(=O)O)c2ccccc12,0,33
CYP2C9_4102,COc1cccc(Cn2c(=O)c(C)nc3cnc(N4CCN(C)CC4)nc32)c1,0,47
hERG003,O=C(O)Cc1ccc(-n2cc(C3CCN(CCN4CCNC4=O)CC3)c3cc(Cl)ccc32)cc1,1,58
BBB297,O=C(O)CCCc1ccc(N(CCCl)CCCl)cc1,0,30
mmp4990,CC=CC=NNC(=O)c1ccncc1,0,21
CYP2C9_5183,O=C(c1cc(C(F)(F)F)cc(C(F)(F)F)c1)N1CCCC2(CCN(c3ccccc3)C2)C1,0,59
hlm0920,O=C(C(=O)N1CCN(C(=O)c2ccccc2)CC1)c1c[nH]c2c(-c3cnco3)ccc(F)c12,1,62
hep3841,CCOP(=O)(OCC)C(NC(=O)c1cc(O)c2c(c1)C(=O)c1cccc(O)c1C2=O)c1cccc(C)c1,0,67
hERG206,CN1CCN=C1c1ccc(C(=O)N2CCN(S(=O)(=O)c3cc4ccc(Cl)cc4s3)CC2CC(=O)N2CCOCC2)cc1,1,74
pgps392,CCOCC=Cc1ccc(-c2nc(-c3ccc(NC(C)C)cc3)c(-c3ccc(NC(C)C)cc3)[nH]2)cc1,0,66
mmp0811,COC(C(=O)C(O)C(C)O)C1Cc2cc3cc(OC4CC(OC5CC(O)C(O)C(C)O5)C(O)C(C)O4)c(C)c(O)c3c(O)c2C(=O)C1OC1CC(OC2CC(OC3CC(C)(O)C(O)C(C)O3)C(O)C(C)O2)C(O)C(C)O1,1,144
CYP2C19_4914,COCC(=O)N1CCC2(CC1)CN(Cc1ccc(C#N)cc1)C2,0,39
mmp0135,CC(C)(c1ccc(O)cc1)c1ccc(O)cc1,1,29
mmp6025,COCCC(=O)OC,0,11
hep0467,COc1cc(OCC(O)CNCc2ccccc2)c2c(c1)OC1COc3cc(OC)c(OC)cc3C1(O)C2=O,1,62
hERG058,Cc1ccc(-c2nc(NC(=O)CN3CCC(CN(C)C)CC3)cc(-n3nccc3C)n2)o1,1,55
pgpi1931,COC(=O)C1=COC(C)C2CN3CCc4c([nH]c5ccccc45)C3CC12,0,47
CYP2D6_4096,O=C(O)C(O)C(O)C(O)C(O)c1nc2ccccc2s1,0,35
CYP2C19_7688,C(#CCN1CCCC1)CN1CCCC1,0,21
pgpi1551,CN1CCN(CC(=O)N2c3ccccc3C(=O)Nc3cccnc32)CC1,0,42
pgpi1698,CN1CCC(N(Cc2cccs2)c2ccccc2)CC1,0,30
DILI0303,Clc1cccc(C(c2ccc3[nH]cnc3c2)n2ccnc2)c1,1,38
CYP1A2_7261,CCCCCCCCCCCCCCCC(=O)C(F)(F)F,0,28
ames5565,NC1CCC(CC2CCC(N)CC2)CC1,0,23
CYP2C19_2383,Cc1c(O)c(=O)c2ccccc2n1C,0,23
mmp5225,CC1=CC(=O)NS(=O)(=O)O1,0,22
ames2217,Cc1cc2c3c(cccc3c1)-c1cc3ccccc3cc1-2,1,35
CYP2C9_0488,COc1cccc(Cn2c(=O)c(-c3cccc(Cl)c3)nc3cncnc32)c1,1,46
pgpi2149,ClC(Cl)=C(c1ccc(Cl)cc1)c1ccc(Cl)cc1,0,35
pgpi0983,CCN(CC)c1nc(N(CCO)CCOC)nc2c(N(CC)CC)nc(N(CCO)CCOC)nc12,1,54
CYP2D6_5949,COCCn1c(=O)c(-c2ccc(OC)cc2)nc2cnc(Nc3cccc(OC)c3)nc21,0,52
CYP1A2_6312,COc1ccc(OC)c(-c2cc(C(=O)O)c3cc4ccccc4cc3n2)c1,0,45
CYP2C19_3758,CC(C)c1ccc2c(c1)c(SC(C)(C)C)c(CC(C)(C)C(=O)O)n2Cc1ccc(Cl)cc1,0,60
CYP2C19_4825,COc1ccc(Oc2ncc3nc(-c4cccs4)c(=O)n(-c4ccccc4)c3n2)cc1,0,52
CYP1A2_0124,S=C(Nc1ccccc1)Nc1ccccc1C#Cc1ccccc1,1,34
CYP2D6_4970,O=C(Nc1ccccc1)N1CCCC2(CCN(C(=O)c3ccco3)CC2)C1,0,45
hlm1490,O=C1CN(S(=O)(=O)c2ccc(Cl)c(Cl)c2)CCN1c1ncccc1C(F)(F)F,0,53
ames6024,CC(=O)Cl,0,8
hERG399,c1ccc(P(c2ccccc2)c2ccccc2)cc1,0,29
hERG668,CN(C(=O)Cc1ccc(Cl)c(Cl)c1)C1CCCCC1N1CCCC1,0,41
pgps594,Nc1nnc(-c2cccc(Cl)c2Cl)c(N)n1,0,29
mmp4146,CN(C)CCCNCCCN,0,13
pgpi0409,Nc1ccccc1C(=O)Nc1ccc(CCN2CCc3ccccc3C2)cc1,1,41
DILI0360,CN=C(C[N+](=O)[O-])NCCSCc1csc(CN(C)C)n1,1,39
CYP3A4_10010,O=C(O)CN(CCN(CC(=O)O)CC(=O)O)CCN(CC(=O)O)CC(=O)O,0,48
pgps207,CN(C)C(=O)C(CCN1CCC(O)(c2ccc(Cl)cc2)CC1)(c1ccccc1)c1ccccc1,1,58
BBB052,COc1ccccc1CNC1CCCNC1c1ccccc1,1,28
hlm2438,CNCC1(c2ccc3ccccc3c2)CCCCC1,0,27
mmp6113,CCC(CO)Nc1nc(NCc2ccccc2)c2ncn(C(C)C)c2n1,0,40
CYP3A4_04421,O=c1cc(-c2ccccc2)[nH]c2nc(Cl)ccc12,0,34
ames0421,COC(=O)C12OC1(C)C(C)(O)OC2=O,1,28
CYP1A2_3425,CC(C)CC(=O)CC(O)C(Cl)(Cl)Cl,0,27
hep3162,CC(=O)N=C1NN(C(C)=O)C2(CC(C)(C)Oc3ccc(OC(C)=O)cc32)S1,0,53
mmp2094,O=C(Oc1ccccc1)Oc1ccccc1,0,23
ames4016,Nc1nc(=O)n(C2CC(O)C(CO)O2)cc1CCCl,0,33
CYP2C9_1868,COC(=O)C1=C(C)N(Cc2ccccc2)C23OC(C(=O)OC)(C(=O)N2C1c1ccccc1)C(C(=O)OC)=C3C(=O)OC,0,79
CYP2C19_7027,CC(C)(C)c1c2c(c(C(C)(C)C)c3c1OCN(Cc1ccccc1)C3)OCN(Cc1ccccc1)C2,0,62
CYP2C19_4374,Cn1c(=O)c(-c2cccs2)nc2cnc(Oc3ccccc3)nc21,0,40
pgps340,CC(=O)C1CCC2C3CC=C4CC(=O)CCC4(C)C3CCC12C,0,40
hep1611,O=C(C=Cc1cccc(Br)c1)c1cccc(-c2cccc(F)c2)c1,1,42
BBB255,CN1CN(c2ccc(Br)cc2)C2(CCN(CCCC(=O)c3ccc(F)cc3)CC2)C1=O,0,54
CYP2D6_3381,COc1ccc(C=CC(=O)c2ccc(OC)cc2O)cc1,0,33
hlm2571,C#Cc1ccc(Nc2c(C(=O)NOCC(O)CO)c3c(n2C)C(=O)CCC3)c(F)c1,0,53
CYP1A2_5555,COc1ccc(NC(=O)N2CCC3(CC2)CCN(S(=O)(=O)c2ccccc2)CC3)cc1,0,54
CYP1A2_7522,NC(=O)c1cnccn1,0,14
pgpi2137,COc1cc2c(c(OC)c1OC)-c1ccc(OC)c(=O)cc1C(NC(C)=O)CC2,0,50
hlm2685,CN(Cc1cccn1C)C(=O)C12CC3CC(CC(C3)C1)C2,0,38
pgps303,COC(=O)C1C(=O)CC(=Nc2ccc(Cl)cc2)CC1C,1,36
hERG108,O=C(NC1CCN(Cc2ccc3c(c2)OCO3)CC1)c1cc(=O)c2ccc(Cl)cc2o1,1,54
BBB216,COc1ccc2c(c1)C(CC(=O)O)C(C)N2C(=O)c1ccc(Cl)cc1,0,46
CYP2C9_6244,O=C(O)C(c1ccccc1)C(C(=O)O)c1ccccc1,0,34
mmp4544,CS(=O)(=O)OCCCNCCCOS(C)(=O)=O,0,29
ames2939,c1ccc(-c2ccc(C3CO3)cc2)cc1,1,26
mmp2949,CC(=O)c1ccccn1,0,14
pgps130,Cc1ccc(C(=CCN2CCCC2)c2cccc(C=CC(=O)N3CCCCC3)n2)cc1,1,50
pgpi0275,CC#CC1(O)CCC2C3=C(C4=C(CC3)CC(=O)CC4)C(c3ccc(N(C)C)cc3)CC21C,1,60
CYP1A2_2139,CCCCCC=CCC(O)C=Cc1cccc(CC(O)CCCCO)n1,0,36
CYP1A2_3702,CC(=O)N1CCCC2(CCN(c3ccccc3)C2)C1,0,32
CYP2C19_3100,COc1ccccc1OCC(O)CN1CCN(CC(=O)Nc2c(C)cccc2C)CC1,0,46
DILI0089,CNC(CC(C)C)C(=O)NC1C(=O)NC(CC(N)=O)C(=O)NC2C(=O)NC3C(O)=NC(C(O)=NC(C(=O)O)c4cc(O)cc(O)c4-c4cc3ccc4O)C(O)c3ccc(c(Cl)c3)Oc3cc2cc(c3OC2OC(CO)C(O)C(O)C2OC2CC(C)(N)C(O)C(C)O2)Oc2ccc(cc2Cl)C1O,1,186
CYP2C19_1763,CC1CCC(C(=O)O)NC1c1cccc(N2CCCC2=O)c1,0,36
hep4417,CC1=CC(O)CC(C)=CCC2(C)CCC(C(C)C)=C2CC1,0,38
CYP2C9_0155,CON=Cc1ccc(C(=O)N2C(C(=O)OC)CCC(C)C2c2ccc(C)cc2)cc1,1,51
hlm0423,CCN(CC)C(=O)COCC(C)C1CCC(C)C(N(C)c2ncnc3[nH]ccc23)C1,1,52
hep4909,Nc1ncnc2c1ncn2CCOCP(=O)(OCOC(=O)OCc1ccccc1)OCOC(=O)OCc1ccccc1,0,61
mmp5427,CCOC(=O)CC(O)C(=O)OCC,0,21
pgpi0026,COc1cc(O)c2c(=O)c(OC)c(-c3ccc4c(c3)OC(c3ccc(O)c(OC)c3)C(CO)O4)oc2c1,1,67
CYP3A4_04794,Cc1cc2nc3[nH]c4c(Cl)cc(Cl)cc4c3nc2cc1C,0,38
DILI0188,CC(=O)C1(O)CCC2C3=CC(Cl)=C4CC(=O)C5CC5C4(C)C3CCC21C,1,51
BBB277,Cc1nnc2n1-c1ccc(Cl)cc1C(c1ccccc1)=NC2O,0,38
BBB158,COc1cc2c(cc1OC)C(=O)C(CC1CCN(Cc3ccccc3)CC1)C2,1,45
mmp4415,CCOC(=O)c1ccc(I)cc1,0,19
pgpi1520,O=CNC(N1CCN(C(NC=O)C(Cl)(Cl)Cl)CC1)C(Cl)(Cl)Cl,0,46
CYP1A2_5760,N=C(N)N=C(N)Nc1ccccc1,0,21
pgpi0502,COC(CCc1ccccc1)c1ccccc1OCC(O)CN(C(C)C)C(C)C,1,43
CYP2C19_0398,N=C(Nc1ccc(I)cc1)NC1C2CC3CC(C2)CC1C3,1,36
CYP2C19_7940,CC1(C)OC(=O)NC1=O,0,17
ames6344,CN(C)CCN(Cc1ccsc1)c1ccccn1,0,26
CYP3A4_00495,CC1CC2C3CC(F)C4=CC(=O)C=CC4(C)C3(F)C(O)CC2(C)C1(CC(=O)CO)C(=O)SCF,1,65
ames4639,CCN(CCCl)c1ccc(-c2nc3cc(-c4nc5cc(N6CCN(C)CC6)ccc5[nH]4)ccc3[nH]2)cc1,0,68
CYP1A2_1608,CCN(CC)CCOC1CCC2(C)C(=CCC3C4CCC(=O)C4(C)CCC32)C1,0,48
BBB001,COc1ccc(C2Sc3ccccc3N(CCN(C)C)C(=O)C2OC(C)=O)cc1,1,47
hep0438,CCCCOC(=O)C=Cc1ccc2c(c1)C(=O)C(=O)N2Cc1ccc(OC)cc1,1,49
DILI0719,NCC1OC(OC2C(N)CC(N)C(OC3OC(CO)C(O)C(N)C3O)C2O)C(N)CC1O,1,54
CYP3A4_07257,COc1cc(O)ccc1C(C)=O,0,19
ames0350,FC(Cl)(Cl)C(F)(Cl)Cl,1,20
BBB161,CNC(C)Cc1ccccc1,1,15
CYP1A2_1708,CC(=CC=CC(C)C(=O)O)C1CNC(C(=O)O)C1CC(=O)O,0,41
mmp0102,CCCN(CCC)c1c([N+](=O)[O-])cc(C(F)(F)F)cc1[N+](=O)[O-],1,53
CYP2D6_6491,c1cncc(-c2cc(-c3cc(-c4cccnc4)[nH]n3)[nH]n2)c1,0,45
pgpi0896,NC(=O)C1(N2CCCCC2)CCN(CCCC(=O)c2ccc(F)cc2)CC1,1,45
pgpi0489,COC(=O)c1c2n(c3c(N4CCN(CCc5ccccc5)CC4)ncnc13)CCCC2,1,50
hERG090,CC1=CN2C(=N)C(Cl)=CC(C(=O)NCC3CCCN(CC(C)C)C3)C2N1,1,49
CYP2C9_3417,SC1CCCN(Cc2ccccc2)C1,0,20
hERG293,CCCN(CCC)C1CCc2cccc(O)c2C1,0,26
CYP2C9_4276,Cc1cnc(CNc2cc(-c3ccc(C(=O)N(C)C)cc3)ncn2)cn1,0,44
mmp1050,O=C1NC(=O)C(=Cc2ccc3nccnc3c2)S1,1,31
DILI0310,CNC(=O)C(NC(=O)C(CC(C)C)C(O)C(O)=NO)C(C)(C)C,1,44
BBB172,CCCCCCN1CCN(c2ccc(I)cc2)CC1,1,27
hlm1150,CCOC(=O)Cc1ccc(NC(=O)N2Cc3ccccc3-n3cccc3C2CC)cc1,1,48
mmp5081,CC(N)C(O)c1ccccc1,0,17
mmp5976,COc1cccc(OC)c1O,0,15
pgps168,CN(C)c1ccc2c(-c3ccccc3C(=O)O)c3ccc(N(C)C)cc3[o+]c2c1,1,52
pgps650,COc1cc2c(cc1OC)CN(Cc1ccc(-c3ccccc3)cc1)CC2,0,42
pgpi1395,COCCCNCc1cc(OC)c(OC)c(OC)c1,0,27
CYP2C9_4086,COCCNc1ncnc2ccc(-c3ccccc3OC)cc12,0,32
CYP2D6_3268,C=c1[nH]cc(CO)c(=CNc2cc(C)c(C)cc2N=Cc2c(CO)cnc(C)c2O)c1=O,0,57
pgps575,CN(C)C(=O)Oc1ccc[n+](C)c1,0,25
BBB252,Cc1ccc(NC2=NCCN2)c(Cl)c1,0,24
hep1224,CCCCCc1ccc(C#Cc2cn(CC=CCN3C(=O)c4ccccc4C3=O)c(=O)[nH]c2=O)cc1,1,61
pgpi0909,CC(=O)C1CCC2C3CC=C4CC(=O)CCC4(C)C3CCC12C,1,40
hERG632,C=CCN1CCc2cccc3c2C1Cc1ccc(O)c(O)c1-3,0,36
mmp2188,CCCCOP(=O)(O)OCCCC,0,18
DILI0466,ClC=C(Cl)Cl,1,11
DILI0731,CC(=O)Nc1ccc2c(c1)Cc1ccccc1-2,1,29
DILI0587,CN1C(=O)CCS(=O)(=O)C1c1ccc(Cl)cc1,1,33
pgpi2131,COc1cc(N)c(Cl)cc1C(=O)NC1CCN(Cc2ccccc2)CC1,0,42
CYP3A4_07344,CN1CCN(CCCNN)CC1,0,16
hERG330,CN(C)c1nc(N)c(C(=O)N=C(N)N)nc1Cl,0,32
CYP2D6_6597,NCOC(=O)Cc1ccc(Br)cc1,0,21
CYP2C9_6484,NCCCc1c(-c2ccccc2)[nH]c(N)nc1=O,0,31
CYP2C19_5574,Cc1ccccc1-c1cncnc1NC1CCNCC1,0,27
BBB035,CN(C(=O)Cc1ccccc1)C1CCC2(CCCO2)CC1N1CCCC1,1,41
CYP2C19_6319,NC(CCCP(=O)(O)O)C(=O)O,0,22
hep5578,COc1cc(C=CC(=O)CC(=O)C=Cc2ccc(Br)c(OC)c2)ccc1Br,0,47
hlm1542,CC(C)CCn1nc(-c2cccs2)c(=O)c(C2=NS(=O)(=O)c3cc(C4CCCC4=O)ccc3N2)c1O,0,66
hlm0430,CC(C)OC(=O)C1=CN(C(=O)c2cccc(OCCN3CCCCC3)c2)CC(C)(C)c2c1[nH]c1ccccc21,1,69
CYP3A4_04422,CC(C)NCC(O)c1ccc(NS(C)(=O)=O)cc1,0,32
DILI1082,CN1C=CC=CC1=C=NO,0,16
pgps518,CN(C)C(=O)OC1=C(c2cccc3ccccc23)Oc2ccccc2-n2cccc21,0,49
CYP1A2_5797,CCNCC(O)c1cccc(O)c1,0,19
ames0957,CCn1cc(C(=O)O)c(=O)c2cc3c(cc21)OCO3,1,35
ames0066,CCN(CC)c1ccc2nc3ccc(N(CC)CC)cc3[o+]c2c1,1,39
mmp3741,CC1=CC(=O)CC(C)(C)C1=O,0,22
hERG412,Oc1ccc2cc(SSc3ccc4cc(O)ccc4c3)ccc2c1,0,36
CYP2C9_3444,N=C(N)NCC1CCCCCCN1,0,18
CYP1A2_5490,CC(C)NC(=O)N1CCC2(CCCN(C(=O)c3ccncc3)C2)C1,0,42
CYP2D6_2879,CC(=O)C1CCC2C3CC=C4CC(=O)CCC4(C)C3CCC12C,0,40
CYP2D6_0155,Clc1ccc(C(Cn2ccnc2)OCc2c(Cl)cccc2Cl)c(Cl)c1,1,43
CYP1A2_0398,N#Cc1cccc(-c2nccc(NCc3cccs3)n2)c1,1,33
hERG260,O=C(OC1CN2CCC1CC2)N1CCc2ccccc2C1c1ccccc1,1,40
CYP1A2_6093,N#[N+]c1ccc(Nc2ccccc2)cc1,0,25
mmp2193,O=C(O)CCCl,0,10
CYP2D6_6322,O=C(C1CCCCC1)N1CC(=O)N2CCc3ccccc3C2C1,0,37
ames4048,Nc1nc2cc(Cl)ccc2[nH]1,0,21
hep4722,COc1ccccc1C=CC(=O)Nc1ccc(I)cc1C(N)=O,0,36
hep4413,CC(=N)c1nnc2c(N=Nc3c(C)n(C)n(-c4ccccc4)c3=O)c(C)nn2c1N,0,54
DILI1259,CC(N)(Cc1ccc(O)cc1)C(=O)O,0,25
CYP3A4_06482,O=S(=O)(c1ccccc1)N1CCC2(CCN(C(c3ccccc3)c3ccccc3)CC2)CC1,0,55
CYP2D6_7798,O=C(O)CCC(=O)C(=O)O,0,19
CYP2C9_2583,COc1ccccc1N1CCN(CCCCNS(=O)(=O)c2cccc3c(N(C)C)cccc23)CC1,0,55
CYP2C9_1102,COc1ccc(CC=NC(=O)c2ccc(OC)cc2)cc1,0,33
hlm0029,Nc1sc2c(c1C(=O)c1ccc3ccccc3c1)CCCC2,1,35
pgps631,NS(=O)(=O)c1cc2c(cc1Cl)N=CNS2(=O)=O,0,35
CYP1A2_4779,CCNc1ncc2nc(C)c(=O)n(CCOC)c2n1,0,30
CYP3A4_09632,C(#CCN1CCCC1)CN1CCCC1,0,21
ames0128,CC(Cl)=CC=O,1,11
DILI0824,Cc1c(C)c2c(c(C)c1O)CCC(C)(CCCC(C)CCCC(C)CCCC(C)C)O2,0,51
pgps362,CC1(C)C(C=C(Cl)Cl)C1C(=O)OCc1cccc(Oc2ccccc2)c1,0,46
CYP2C19_7702,Cn1cnc2c1c(=O)[nH]c(=O)n2C,0,26
ames2990,Nc1ccc(N=Nc2ccccc2)cc1,1,22
hep2572,O=C(Cc1cccc2ccccc12)NCCNC(=O)C1(NC(=O)c2cc(C(F)(F)F)cc(C(F)(F)F)c2)CCN(Cc2ccccc2)CC1,0,84
ames3639,O=C(NC(Cc1cc(=O)[nH]c2ccccc12)C(=O)O)c1ccc(Cl)cc1,0,49
pgps529,Cc1ccc(N(CC(=O)O)CC(=O)O)c(OCCOc2cc(-c3c4cc(Cl)c(=O)cc-4oc4cc(O)c(Cl)cc34)ccc2N(CC(=O)O)CC(=O)O)c1,0,98
ames2360,Cc1ccc([N+](=O)[O-])cc1[N+](=O)[O-],1,35
CYP2C19_1758,COc1ccc(-c2ccccc2C2NC(C(=O)O)CCC2C)cc1,0,38
ames5742,CCC(CCC(C)C1CCC2C3CC=C4CC(O)CCC4(C)C3CCC12C)C(C)C,0,49
pgps470,CCc1cc(-c2[nH]nc(C)c2-c2ccc3c(c2)OCCO3)c(O)cc1O,0,47
DILI0852,Cc1cc(NC(=O)C2C(=O)c3ccccc3S(=O)(=O)N2C)no1,0,43
CYP2C9_3058,Nc1ccccc1C#CCCCCO,0,17
hERG222,COC(=O)c1ccc(-n2cc(C3CCN(CCN4CCNC4=O)CC3)c3cc(Cl)ccc32)cc1,1,58
CYP2C19_6757,Cc1ccc(S(=O)(=O)NC(=O)Nc2nc[nH]n2)cc1,0,37
CYP3A4_01773,FC(F)(F)c1ccccc1-c1nc(Nc2ccncc2)c2ccccc2n1,1,42
pgpi1837,CN(C)CCN(Cc1cccs1)c1ccccn1,0,26
BBB253,CC(=O)N1CCN(c2ccc(OCC3COC(Cn4ccnc4)(c4ccc(Cl)cc4Cl)O3)cc2)CC1,0,61
CYP2C19_4298,CC1(C)CCC(=O)NC1CC(=O)CC1NC(=O)CCC1(C)C,0,39
CYP2C9_1201,COc1ccc(OCC2CN3C(CCC(C)C3c3ccc(Br)cc3)C(=O)O2)cc1,0,49
CYP1A2_2044,O=C(O)C(O)C(O)C(OC1OC(CO)C(O)C(O)C1O)C(O)CO,0,43
CYP3A4_04718,O=C(O)c1ccccc1C=NN=C1c2ccccc2-c2ccccc21,0,39
CYP2D6_3690,COC(=O)C1(Cc2ccc(F)cc2)C2=C(CC(=O)C(=O)N3CCCC3)C(=O)CC2CN1C(=O)c1ccccc1,0,71
ames4810,O=C(O)C=Cc1ccccc1[N+](=O)[O-],0,29
CYP1A2_0604,COc1ncc2nc(-c3ccc(Cl)cc3)c(=O)n(CCc3ccccc3)c2n1,1,47
CYP2C19_6850,O=C(O)c1c[nH]c2c(ccc3[nH]cc(C(=O)O)c(=O)c32)c1=O,0,48
ames5433,NS(=O)(=O)c1cccc2cccnc12,0,24
CYP2C19_6623,CSc1nc(C)cc(Nc2ccc(O)c(CN3CCCCC3)c2)n1,0,38
CYP2C9_1119,COC(=O)NC(C=Cc1ccco1)C1(C(=O)OC)CCCC1=O,0,39
hlm2286,COc1ccc(C(=O)C=Cc2cc(CN3CCN(c4ccnc5cc(Cl)ccc45)CC3)c(O)c(OC)c2)c(OC)c1,0,70
hERG036,CCOC(=O)C1C(OC(=O)c2ccccc2)CC2CCC1N2C,1,37
ames2262,Cn1c2cccc(=N)c-2cc2ccccc21,1,26
CYP1A2_3494,CC1=C=[N+](O)c2ccccc2[N+]1=O,0,28
CYP3A4_09672,COc1ccc(NS(=O)(=O)c2ccc(N)cc2)nn1,0,33
hep1858,Cc1ccc2nc(C)n(NC(=O)C(C#N)=NNc3ccc(S(N)(=O)=O)cc3)c(=O)c2c1,1,59
pgps612,Nc1ccc(S(=O)(=O)Nc2ccccn2)cc1,0,29
pgpi0950,O=C(CCc1cccc2ccccc12)c1ccccc1OCC(O)CN1CCC(O)(c2ccccc2)CC1,1,57
pgpi0726,O=S(=O)(NCCNCC=Cc1ccc(Br)cc1)c1cccc2cnccc12,1,43
BBB353,Cc1ccc(Cc2c[nH]c(NCCSCc3ccc(C(C)(C)N)o3)nc2=O)cn1,0,49
CYP2D6_3785,O=C(O)C1=C(C(=O)O)C2C(=O)CCC1N2Cc1ccccc1,0,40
mmp1124,Oc1ccc(O)cc1,0,12
ames6052,CC(C)CCCCCCCOC(=O)c1ccccc1C(=O)OCCCCCCCC(C)C,0,44
mmp0123,O=[N+]([O-])c1ccc(F)c([N+](=O)[O-])c1,1,37
hlm2642,Cc1noc(-c2ccc3c(c2)c2c(n3CCCSc3cc(F)cc(F)c3)CCCC2)n1,0,52
CYP2C9_6823,CC(C)C(O)(C(C)C)C(C)C,0,21
pgpi0393,CCOCC=Cc1ccc(-c2nc(-c3ccc(NCC(C)C)cc3)c[nH]2)cc1,1,48
BBB344,CC(=O)NCCCOc1cccc(CN2CCCCC2)c1,0,30
hlm0633,CCC1CC(C(=O)NCC2CCCO2)CN(Cc2nc(-c3ccccc3)oc2C)C1,1,48
CYP3A4_00395,CCC1=C2CCc3c(c(O)n(C)c3O)C2C2(Cc3ccccc3)C(=NCCc3c[nH]c4ccccc34)OC(=O)N2C1=O,1,75
CYP2C9_4215,COc1ccc(C(=O)N2CCCC3(CCN(Cc4nccs4)C3)C2)cc1,0,43
CYP1A2_7205,NCCCNCCCCN(CCCN)N(O)N=O,0,23
CYP2D6_3698,COC(=O)C1(Cc2ccccc2)C2c3cc(C(=O)N4CCCC4)n(CCc4ccccn4)c3CC2CN1C(=O)c1ccccc1,0,74
BBB020,CN1C(=O)C(O)N=C(c2ccccc2Cl)c2cc(Cl)ccc21,1,40
pgpi1514,O=C(Cn1c(=O)sc2ccc(Cl)cc21)N1CCN(CCO)CC1,0,40
hep1724,c1ccc(CCCn2c3ccccc3c3cc[n+](Cc4ccccc4)cc32)cc1,1,46
CYP3A4_05450,C[N+](C)(C)c1ccc(C(N)C(=O)O)cc1,0,31
hlm2835,CN(Cc1ccccc1)c1ccc2cc(C(=O)O)c(=O)oc2c1,0,39
CYP2C9_1012,COc1ccc2cc(C(C)C(=O)O)ccc2c1,0,28
hep4539,COc1ccc2[nH]c([S+]([O-])Cc3ncc(C)c(OC)c3C)nc2c1,0,47
BBB317,CC(C)(C)NC(=O)C1CC2CCCCC2CN1CC(O)C(Cc1ccccc1)NC(=O)C(CC(N)=O)NC(=O)c1ccc2ccccc2n1,0,81
pgps195,CCOc1ccc(-c2nc3cc(-c4nc5cc(N6CCN(C)CC6)ccc5[nH]4)ccc3[nH]2)cc1,1,62
pgpi2243,CC1(C)SC2C(NC(=O)C(N)c3ccc(O)cc3)C(=O)N2C1C(=O)O,0,48
hlm1734,CCc1nn(CCO)c(C(F)(F)F)c1Cc1cc(Cl)cc(Cl)c1,0,41
hERG302,Oc1ccc(Cl)cc1Cc1cc(Cl)ccc1O,0,27
CYP3A4_03342,Cc1cc(S(=O)(=O)O)ccc1-n1[nH]c(C)c(N=Nc2cc(S(=O)(=O)O)ccc2C(=O)O)c1=O,0,68
CYP3A4_01553,COc1cccc(-c2cc(NCCc3c[nH]c4ccc(OC)cc34)ncn2)c1,1,46
CYP2D6_0414,COc1ccc2[nH]cc(CCNc3ncncc3-c3cccc(C#N)c3)c2c1,1,45
pgpi1933,c1ccc(C2CN3CCSC3=N2)cc1,0,23
pgpi0607,CCC(C)C1C(=O)N(C)C(C(C)CC)C(=O)NCC(=O)N(C)C(C(C)C)C(=O)NC(Cc2ccc(OC)cc2)C(=O)OC(C)C(=O)N2CCCCC2C(=O)N(C)C(C(C)C)C(=O)NC(C(C)C)C(=O)N(C)C(CC(O)=NC(C)(C)C)C(=O)N1C,1,161
DILI0586,CCc1oc2ccccc2c1C(=O)c1cc(Br)c(O)c(Br)c1,1,39
DILI0347,CC(C)C1CCC(C(=O)NC(Cc2ccccc2)C(=O)O)CC1,1,39
pgpi0254,OC(COc1cccc2ncccc12)CN1CCN(C2c3ccccc3C3CC3c3ccccc32)CC1,1,55
BBB110,C=Cc1ccccc1,1,11
pgps676,CCC(=O)N(c1ccccc1)C1CCN(CCc2ccccc2)CC1,0,38
CYP1A2_6601,Cc1c(Cl)c(S(N)(=O)=O)cc(S(N)(=O)=O)c1NC(=O)c1ccc(Cl)cc1,0,55
mmp2324,CCCCCCCOC(C)=O,0,14
pgpi1070,O=C1NCN(c2ccccc2)C12CCN(CCCOc1ccc(F)cc1)CC2,1,43
pgpi1247,CN(C)CCC=C1c2ccccc2CCc2ccccc21,1,30
BBB193,CN(C)CCCN1c2ccccc2Sc2ccc(C(F)(F)F)cc21,1,38
BBB165,CCCC(C)C,1,8
DILI0957,CCCC=c1ncc(=CC(Cc2cccs2)C(=O)O)n1Cc1ccc(C(=O)O)cc1,0,50
BBB094,c1ccccc1,1,8
CYP3A4_05565,O=c1c(-c2ccc(F)cc2)nc2cnc(Oc3cccc(Cl)c3)nc2n1C1CC1,0,50
pgpi0869,COc1ccc(CN(C)CCCCc2ccc(NC(=O)c3cccc4c(=O)c5ccccc5[nH]c34)cc2)cc1OC,1,66
CYP2C19_2802,CCC(=O)OC1(C(=O)SCF)C(C)CC2C3CC(F)C4=CC(=O)C=CC4(C)C3(F)C(O)CC21C,0,65
BBB170,CN1CCC2(C)c3cc(OC(=O)Nc4ccccc4)ccc3N(C)C12,1,42
BBB351,CC(=O)Nc1ccc(O)cc1,0,18
CYP2C19_4515,CN(C)c1ncc2ncc(=O)n(CC3CCCO3)c2n1,0,33
CYP2C9_7043,O=C(O)c1nc(-c2ccccc2)[nH]c1C(=O)O,0,33
CYP3A4_02417,CC(C)C(=O)C1C(=O)OC(c2ccoc2)C2(C)C(O)C(O)C34OC5(C)OC3(C12)C(O)C1(O)C(O)C2(C)CC1(O5)C4(C)C2CC(=O)O,0,97
mmp4157,CC(C)(C)CC(C)(C)c1ccc(Nc2ccc(C(C)(C)CC(C)(C)C)cc2)cc1,0,53
hlm0608,Cc1c2c(n3c1CCCCN1CCCC1CNc1cc-3ccc1C(N)=O)CC(C)(C)CC2=O,1,54
hERG381,CCCN(CC1CC1)c1nc(C)nc(Nc2c(Cl)cc(Cl)cc2Cl)c1Cl,0,46
pgpi0087,CC(=O)c1ccc(OCC(O)CNCCC(c2ccccc2)c2ccccc2)cc1,1,45
ames1835,CN(Cc1ccc(Cl)cc1)N=O,1,20
CYP3A4_09129,O=C1OC(=O)c2c(Cl)c(Cl)c(Cl)c(Cl)c21,0,35
CYP3A4_03232,CC1OC(OCC2OC(Oc3c(-c4ccc(OCCO)c(OCCO)c4)oc4cc(OCCO)cc(O)c4c3=O)C(O)C(O)C2O)C(O)C(O)C1O,0,86
hep0171,CCOC(=O)c1cc2c(O)c3ncccc3c(O)c2c(-c2ccc([N+](=O)[O-])cc2)n1,1,59
CYP2C9_4084,O=c1c(-c2ccc(F)cc2)nc2cnc(N3CCOCC3)nc2n1-c1ccccc1,0,49
CYP2C9_6982,Cc1c(Cl)c(S(N)(=O)=O)cc(S(N)(=O)=O)c1NC(=O)c1ccc(Cl)cc1,0,55
mmp4052,CC(C)(C)c1ccc(S)cc1,0,19
pgpi1431,CN(C)C(=O)Oc1cccc([N+](C)(C)C)c1,0,32
pgps394,CCC1(O)C(=O)OCc2c1cc1n(c2=O)Cc2cc3ccccc3nc2-1,0,45
DILI0071,CC1CN(c2cc3c(cc2F)c(=O)c(C(=O)O)cn3-c2ccc(F)cc2F)CCN1,1,53
ames5848,CC(CCl)OP(=O)(OC(C)CCl)OC(C)CCl,0,31
CYP2C9_0454,CC1CCC(O)(C(C)(C(=O)O)c2ccccc2)CC1,1,34
ames2899,COc1cc2c(c3oc(=O)c4c(c13)CCOC4=O)C1C=COC1O2,1,43
BBB092,Cc1ncc2n1-c1ccc(Cl)cc1C(c1ccccc1F)=NC2,1,38
hlm1035,COc1ccccc1CNc1ncc(C(=O)NCCCN2CCCC2=O)c(NC2CCCC2)n1,1,50
CYP2C19_3506,Cc1ccc(OCC(O)C(C)NC(C)C)c2c1CCC2,0,32
CYP2D6_0699,COc1ccccc1CN1CCC2(CCCN(C(=O)c3ccco3)C2)C1,1,41
mmp1683,NC(Cc1ccc(O)c(O)c1)C(=O)O,0,25
hERG084,O=C(NC1CCN(Cc2ccc3c(c2)OCO3)CC1)c1cc(=O)c2ccc(Br)cc2o1,1,54
CYP2C9_6096,COc1cccc(-c2ccc3ncnc(NCCN4CCOCC4)c3c2)c1,0,40
hERG524,CCCCOC(=O)c1ccccc1C(=O)OCCCC,0,28
pgps139,COc1cc2c(c(OC)c1OC)-c1ccc(=O)c(O)cc1C(NC(C)=O)CC2,1,49
ames5388,CN[PH]1(NC)N[PH](NC)(NC)N[PH](NC)(NC)N1,0,39
pgpi1004,COc1cc2c(cc1OC)C(CCc1ccc3c(c1)OCO3)N(C)CC2,1,42
hERG179,COC(=O)c1[nH]c2cc(F)ccc2c1C1CNCCC1F,1,35
CYP1A2_7202,C[N+](C)(C)CCOC(=O)CCC(=O)OCC[N+](C)(C)C,0,40
CYP3A4_06762,O=c1c(-c2cccc(Cl)c2)nc2cncnc2n1Cc1ccccc1,0,40
hlm2842,CCN1CCN(c2ccc(NC(=O)c3ccc(-c4ccccc4)cc3)cc2)CC1,0,47
BBB290,CCCC(CCC)C(=O)O,0,15
CYP1A2_2262,CNC(=O)C1OC(n2cnc3c(NCc4cccc(I)c4)ncnc32)C(O)C1O,0,48
ames4590,O=C1C=Cc2c(ccc3c2ccc2ccccc23)C1=O,0,33
mmp3083,C=CCCCCCCCCCCC,0,14
pgps605,CNC(=O)Oc1cccc2ccccc12,0,22
CYP2C19_6832,Cc1ccc(S(=O)(=O)OC2CCN(C)CC2)cc1,0,32
CYP3A4_05082,O=C(NC(c1ccccc1)C1CC1C(=O)O)OCc1ccccc1,0,38
CYP1A2_4901,COc1cccc(Cn2c(=O)c(CCc3ccccc3)nc3cnc(N4CCN(C)CC4)nc32)c1,0,56
CYP2D6_6785,Cc1cc(-c2cc(C)c(O)c(C(C)(C)C)c2)cc(C(C)(C)C)c1O,0,47
CYP3A4_04010,CN1C(CC(O)c2ccccc2)CCCC1CC(O)c1ccccc1,0,37
mmp2436,O=c1c2ccccc2c(=O)c2c1cc(Cl)c1[nH]c3c([nH]c12)c(Cl)cc1c(=O)c2ccccc2c(=O)c13,0,74
CYP3A4_06480,CN(C)C(=O)c1ccc(-c2nc(NCc3cccnc3)c3ccccc3n2)cc1,0,47
CYP3A4_09847,COc1ccc(C(c2ccc(OC)cc2)C(Cl)(Cl)Cl)cc1,0,38
pgpi1292,C=CCNc1nc(NCC=C)nc(N2CCN(CC3c4ccccc4CCc4ccccc43)CC2)n1,1,54
pgps468,COc1cc(C=CC(=O)CC(=O)C=Cc2ccc(O)c(OC)c2)ccc1O,0,45
CYP1A2_5196,CN1CCN(c2ncc3nc(-c4cc(F)cc(F)c4)c(=O)n(CCC#N)c3n2)CC1,0,53
DILI1319,COc1ccc(CC2c3cc(OC)c(OC)cc3CC[N+]2(C)CCC(=O)OCCCCCOC(=O)CC[N+]2(C)CCc3cc(OC)c(OC)cc3C2Cc2ccc(OC)c(OC)c2)cc1OC,0,109
hep0705,O=C1C=CCC(C=Cc2ccccc2)O1,1,24
BBB232,CC12CCC(=O)C=C1CCC1C2C(O)CC2(C)C1CCC2(O)C(=O)CO,0,47
hep2366,CCCCCCCCCCCC[N+](C)(C)Cc1cc(O)c2c(c1)C(=O)c1cc(OC)cc(O)c1C2=O,0,61
pgps520,CCCC(C)(COC(N)=O)COC(=O)NC(C)C,0,30
ames0761,O=NN1CCSC1C(O)C(O)C(O)C(O)CO,1,28
CYP2C19_2088,CC(C)C(OCc1ccccc1)C(C)C=NOCC(O)C1OC2OC(C)(C)OC2C1O,0,50
ames2406,O=C1OCC(C(Cl)Cl)=C1Cl,1,21
BBB347,CCCN(CCC)CCc1ccc(O)c2[nH]c(O)cc12,0,33
CYP3A4_06955,c1ccc2oc(C3=NCCN3)cc2c1,0,23
CYP2C19_6269,CN(CCc1ccc(Cl)c(Cl)c1)C1CCCCC1N1CCCC1,0,37
CYP1A2_4514,N#Cc1cccc(NC(=O)N2CCC3(CCCN(C(=O)c4cc(C(F)(F)F)cc(C(F)(F)F)c4)C3)C2)c1,0,70
pgpi0154,Cc1ccccc1N1CCN(CC(O)COc2ccc(Cl)cc2C(=O)CCc2ccccc2)CC1,1,53
CYP2C9_2982,CC(N=C(N)N)C(=O)O,0,17
pgps554,COc1ccc(-c2c(C(C)=O)c(-c3ccccc3)n(C3OC(COC(C)=O)C(OC(C)=O)C(OC(C)=O)C3OC(C)=O)c(=S)c2C#N)cc1,0,92
CYP1A2_0360,c1cncc(CNc2ncncc2-c2ccc3c(c2)OCO3)c1,1,36
hERG077,NCCC(Oc1ccc(C(F)(F)F)cc1)c1ccccc1,1,33
CYP3A4_07574,CC(Cc1ccccc1)C(=O)Nc1ccccc1,0,27
CYP1A2_3390,CN1CC(C(=O)NC2(C)OC3(O)C4CCCN4C(=O)C(Cc4ccccc4)N3C2=O)C=C2c3cccc4[nH]cc(c34)CC21,0,80
CYP3A4_07346,CC(C)(C)c1cc2c(O)c(c1)Cc1cc(C(C)(C)C)cc(c1O)Cc1cc(C(C)(C)C)cc(c1O)Cc1cc(C(C)(C)C)cc(c1O)Cc1cc(C(C)(C)C)cc(c1O)Cc1cc(C(C)(C)C)cc(c1O)Cc1cc(C(C)(C)C)cc(c1O)Cc1cc(C(C)(C)C)cc(c1O)C2,0,178
hERG564,CCCN1CCCC2Cc3[nH]ncc3CC21,0,25
CYP2C19_6389,COc1cc(C(O)C(=O)O)ccc1O,0,23
pgpi0424,COc1cc2c(cc1OC)CN(CCc1ccc(NC(=O)c3cnc4ccccc4n3)cc1)CC2,1,54
CYP2C9_4702,CS(=O)(=O)N1CCC2(CC1)CN(c1cccc(-c3ccccc3)c1)C2,0,46
mmp1571,CCCCC1(COC(=O)CCC(=O)O)C(=O)N(c2ccccc2)N(c2ccccc2)C1=O,0,54
CYP1A2_5428,O=C(c1cccc(F)c1)N1CCC2(CCCN(c3ncccn3)C2)CC1,0,43
CYP2C19_2847,CCC(=O)OC1(C(=O)CCl)C(C)CC2C3CC=C4CC(=O)C=CC4(C)C3(F)C(O)CC21C,0,62
hERG555,CCOP(=S)(OCC)SCSC(C)(C)C,0,24
hlm0368,CC1=C2CC3C(CCC4c5c[nH]nc5CCC43C)C2CCC2(C1)OC1CC(C)CNC1C2C,1,57
hlm1045,O=C(NC(Cc1c[nH]c2ccccc12)C(=O)Nc1ccncc1)c1ccc(-c2ccccc2)c(F)c1,1,62
CYP3A4_00427,CCc1cc2c(nc1CC)CCN(CCC(C)=NOC(C)c1cn(C(CO)Cc3ccccc3)nn1)C2,1,58
hlm0626,CC(=O)C=Cc1ccc(O)c(CN2CCN(c3ccnc4cc(Cl)ccc34)CC2)c1,1,51
BBB337,O=NN(CCCl)C(=O)NCCCl,0,20
mmp3550,CON=C(C(=O)NC1C(=O)N2C(C(=O)O)=C(COC(N)=O)CSC12)c1ccco1,0,55
hlm1330,COC(=O)C1CCCCN1C(=O)C(=O)c1cc(OC)c(OC)c(OC)c1,0,45
hERG475,CCN(CC)CCNC(=O)c1ccc(NC(C)=O)cc1,0,32
ames0282,Nc1ccc(F)cc1,1,12
pgps613,O=C(O)Cc1cc(N=Nc2ccc(S(=O)(=O)Nc3ccccn3)cc2)ccc1O,0,49
CYP2D6_4580,O=C(Oc1ccccc1)N1CCC2(CC1)CCN(c1ccccn1)CC2,0,41
CYP2C9_2912,CCCC=C(CCC)C(NS(=O)(=O)CC12CCC(CC1=O)C2(C)C)c1ccc(C(=O)OC)cc1,0,61
CYP2C9_6468,CN(C)CC(CN(C)C)c1ccccn1,0,23
hep0938,COc1cc(C=NNC(=O)CSc2nnc(-c3ccncc3)o2)ccc1O,1,42
hERG169,CCOc1cc(N)c(Cl)cc1C(=O)NCC1CN(Cc2ccc(F)cc2)CCO1,1,47
hep1512,CC(=O)OCC1OC(OC2C(OC3CCC4(C)C(CCC5(C)C4CCC46OCC7(CCC(C)(C)CC74)C(O)CC56C)C3(C)C)OCC(OC3OC(CO)C(O)C(O)C3OC3OC(C)C(O)C(O)C3O)C2O)C(O)C(O)C1O,1,138
mmp3649,Nc1ccn(C2OC(CO)C(O)C2(F)F)c(=O)n1,0,33
CYP2C19_4793,CC(C)CN1CCC2(CC1)CCN(C(=O)c1cnccn1)CC2,0,38
hERG446,O=c1cc(-c2ccccc2)[nH]c2nc(Cl)ccc12,0,34
pgps713,CNC1CN(c2ccc3c(=O)c(C(=O)O)cn(-c4nccs4)c3n2)CC1OC,0,49
hERG377,COc1[nH]c2ccc(F)cc2c1C(=O)OCC1CCN(CCNS(C)(=O)=O)CC1,0,51
hlm0889,CC(C)C1CCC2(C(=O)NCCCCCCCCC(=O)NC(CCC(N)=O)C(=O)O)CCC3(C)C(CCC4C5(C)CCC(O)C(C)(C)C5CCC43C)C12,1,93
BBB010,COc1ccccc1CNC1C2CCN(CC2)C1C(c1ccccc1)c1ccccc1,1,45
pgps298,CN(C)CCc1c[nH]c2ccc(Cn3cncn3)cc12,1,33
hlm2214,Cc1nc(N2CCCC(N)C2)n(Cc2ccccc2C#N)c(=O)c1C,0,41
hERG040,CN(CCCN)C(=O)N1CC(c2cc(F)ccc2F)=CC1c1ccccc1,1,43
CYP2C9_2406,CC(=O)NC1CCSC1=O,0,16
BBB158,COc1cc2c(cc1OC)C(=O)C(CC1CCN(Cc3ccccc3)CC1)C2,1,45
BBB140,CC(C)(C)c1ccc(C(O)CCCN2CCC(C(O)(c3ccccc3)c3ccccc3)CC2)cc1,1,57
ames1872,CCCN(N=O)C(=N)N[N+](=O)[O-],1,27
ames4467,CC12C=CC3=C(CC=C4CC(=O)CCC43)C1CCC2O,0,36
ames5765,Oc1cccc(Nc2ccccc2)c1,0,20
CYP2C9_0427,COC(=O)C1(Cc2ccccc2)C2c3cc(C(=O)N4CCCC4)n(Cc4ccsc4Br)c3CC2CN1C(=O)c1ccccc1,1,74
CYP1A2_6987,O=C(O)CSc1ccc([N+](=O)[O-])cc1[N+](=O)[O-],0,42
hep2284,O=C(CCCN1CCCC1)Nc1ccc2c(c1)C(=O)c1cccc3ccnc-2c13,0,48
DILI1042,CCC(=O)OC1CC(=O)OC(C)CC=CC=CC(OC(C)=O)C(C)CC(CC=O)C(OC2OC(C)C(OC3CC(C)(OC(C)=O)C(OC(=O)CC)C(C)O3)C(N(C)C)C2O)C1OC,0,113
pgps510,O=C(O)CCCc1ccc(N(CCCl)CCCl)cc1,0,30
hERG345,N=C1C=CC(=C(c2ccc(N)cc2)c2ccc(N)cc2)C=C1,0,40
ames1280,Cc1cccc2[nH]c(=O)c(=O)[nH]c12,1,29
CYP2C9_4493,CC(C)NC(=O)N1CCC2(CC1)CCN(C(=O)c1cnccn1)CC2,0,43
hERG106,CN1CCN(CCCN2c3ccccc3Sc3ccc(C(F)(F)F)cc32)CC1,1,44
CYP3A4_08135,COc1cccc2c1C(=O)CC(c1ccccc1)O2,0,30
hlm0593,N#Cc1ncccc1CSc1[nH]c(=O)c(C#N)c2c1COCC2,1,39
pgps790,COc1c2c(cc3c1-c1ccc(OC)c(=O)cc1C(NC(C)=O)CC3)OCO2,1,49
hlm2938,c1cncc(CN2CCC(n3[nH]nc4cnc5nccc5c43)CC2)c1,0,42
mmp3722,C1CC(COCC2CO2)CCC1COCC1CO1,0,26
hep3465,Clc1cc(Cl)c(Oc2ccc(-c3nnc(CCc4c[nH]c5ccccc45)o3)cc2)nc1Cl,0,57
hep2521,CSCCC(N)C(=O)NCCNC(=O)C12CCC(C)C(C)C1C1=CCC3C4(C)CCC(O)C(C)(C)C4CCC3(C)C1(C)CC2,0,79
CYP2C9_3851,O=C1OC(C(O)C(O)C(O)CO)C(O)C1O,0,29
DILI0476,C=CC(N)CCC(=O)O,1,15
CYP1A2_4306,CNc1ccnc(-c2cccc(NS(C)(=O)=O)c2)n1,0,34
pgps245,CCC12CCN(CC3(O)CC3)C(Cc3ccc(O)cc31)C2(C)C,1,41
CYP2C9_6905,CCCn1cnc2c(SCC(=O)O)nc(N)nc21,0,29
pgps027,CC(C)(C)CC(C)(C)c1ccc(OCCOCCOCCOCCOCCOCCOCCOCCOCCOCCO)cc1,1,57
pgpi1276,CCCNc1nc(N2CCC(NCC3c4ccccc4CCc4ccccc43)CC2)nc2c1ncn2CCC,1,55
mmp0523,CC(C)C(Nc1ccc(C(F)(F)F)cc1Cl)C(=O)OC(C#N)c1cccc(Oc2ccccc2)c1,1,60
pgps566,CC(=O)OCC1OC(n2c(C)c(C(C)=O)c(-c3ccco3)c(C#N)c2=S)C(OC(C)=O)C(OC(C)=O)C1OC(C)=O,0,79
mmp2177,CCC#N,0,5
hlm0512,CC(C)S(=O)(=O)c1cccc(Oc2cccc(-c3ccnc4c(C(F)(F)F)cccc34)c2)c1,1,60
pgpi0528,O=C(CCc1ccccc1)c1ccccc1OCCCCCCCN1CCCCC1,1,39
hERG627,ClC1=C(Cl)C2(Cl)C3C4CC(C5OC45)C3C1(Cl)C2(Cl)Cl,0,46
hERG016,CNCCC(Oc1ccc(C(F)(F)F)cc1)c1ccccc1,1,34
mmp1514,CC(C)NCC(O)c1ccc2ccccc2c1,0,25
CYP2C19_0677,COc1ccccc1CNc1ncncc1-c1ccccc1Cl,1,31
CYP2C9_1389,CC(c1ccccc1)n1c(O)c2c(c1O)C1C(CC2)C(=NOCC(O)COCc2ccco2)CC(O)C1O,0,63
hep5476,CCCCCN(CCCCC)c1nc2c(ncn2-c2ccccc2)c(=O)n1-c1ccc(Cl)cc1,0,54
ames0883,CC(C=O)=C(Cl)C(=O)O,1,19
CYP2D6_7035,CCSCCCC(=O)O,0,12
ames3781,O=C(COc1ccc(Cl)cc1Cl)NC(Cc1c[nH]c2ccccc12)C(=O)O,0,48
pgps524,CCn1cc(C(=O)O)c(=O)c2cc(F)c(N3CCNCC3)cc21,0,41
ames5580,CCCCC=O,0,7
hERG457,COc1ccc(Cl)cc1C(=O)NCCc1ccc(S(=O)(=O)NC(=O)NC2CCCCC2)cc1,0,56
hERG071,FC1CCNCC1c1c(-c2ccccc2)[nH]c2c(Cl)cccc12,1,40
CYP2C9_3307,CNC(=O)C1CC1C(NP(=O)(c1ccccc1)c1ccccc1)c1ccccc1,0,47
BBB027,OC(CNCC(O)C1CCc2cc(F)ccc2O1)C1CCc2cc(F)ccc2O1,1,45
ames0490,Cc1ccc2nc3c(ccc4ccccc43)c(CO)c2c1,1,33
hERG088,OC(c1cc(C(F)(F)F)nc2c(C(F)(F)F)cccc12)C1CCCCN1,1,46
hERG632,C=CCN1CCc2cccc3c2C1Cc1ccc(O)c(O)c1-3,0,36
hERG068,COc1cc(N)c(Cl)cc1C(=O)NC1CCN2CCCC1C2,1,36
CYP2C9_4010,O=C(c1ccncc1)N1CCCC2(CCN(Cc3ccccc3)C2)C1,0,40
ames1887,Oc1ccc2c(ccc3[nH]c4ccc5ccccc5c4c32)c1,1,37
hERG131,Clc1ccc2c(c1)C(N1CCNCC1)=Nc1ccccc1O2,1,36
hep3395,CC=Cc1ccc(O)c(-c2cc(C=CC)ccc2O)c1,0,33
ames4304,O=c1oc2cccc3ccc4cccc1c4c32,0,26
ames6479,CCOC(=O)C(CCc1ccccc1)NC(C)C(=O)N1C(C(=O)O)CC2CCCCC21,0,52
CYP1A2_6267,S=C1SCN(C2CCCCCCCCCCC2)CN1C1CCCCCCCCCCC1,0,40
pgpi1514,O=C(Cn1c(=O)sc2ccc(Cl)cc21)N1CCN(CCO)CC1,0,40
pgpi0735,CN(C)CCCN1c2ccccc2CCc2ccccc21,1,29
CYP2C9_4902,N#Cc1cccc(-c2ccc3ncnc(N4CCNCC4)c3c2)c1,0,38
DILI1227,NCC1CCC(C(=O)O)CC1,0,18
CYP3A4_08979,Nc1ccc(N=Nc2ccccc2)c(N)c1,0,25
pgps534,OCC(O)C(O)C(O)C(O)CO,0,20
CYP2C19_2861,CCCC1CC(C(=O)NC(C(C)Cl)C2OC(SC)C(O)C(O)C2O)N(C)C1,0,49
hERG157,CN1CCCCC1c1c(-c2ccccc2)[nH]c2ccccc12,1,36
CYP2C19_8033,CC[N+](CC)(CCNC(=O)C(=O)NCC[N+](CC)(CC)Cc1ccccc1Cl)Cc1ccccc1Cl,0,62
CYP3A4_06070,COCCn1c(=O)c(CCc2ccccc2)nc2cnc(OC)nc21,0,38
CYP1A2_5833,COc1cc2c(cc1OC)-c1cc3nc4ccccc4nc3n1C(C)(C)C2,0,44
hERG348,COC(=O)N1CCN(C(=O)Cc2ccc(Cl)c(Cl)c2)C(CN2CCCC2)C1,0,49
CYP2C9_3813,C[N+]1(C(CO)Cc2c[nH]c3ccccc23)Cc2ccccc2C1,0,41
BBB193,CN(C)CCCN1c2ccccc2Sc2ccc(C(F)(F)F)cc21,1,38
pgpi2110,CCN(CC)C(=O)Nc1ccc(OCC(O)CNC(C)(C)C)c(C(C)=O)c1,0,47
hep3644,CC(C)(C=C1CC(=O)c2ccccc2C1=O)COC(=O)c1ccc2ccccc2c1O,0,51
CYP2D6_7453,COc1cc(NS(=O)(=O)c2ccc(N)cc2)nc(OC)n1,0,37
DILI1205,CN(C)CCOC(C)(c1ccccc1)c1ccccn1,0,30
BBB307,O=C(O)c1ccc(-c2ccccc2)cc1,0,25
ames2503,Cn1sc(Cl)cc1=O,1,14
BBB118,CCCCCCCCC,1,9
pgps185,CN1CCCC1Cc1c[nH]c2ccc(CCS(=O)(=O)c3ccccc3)cc12,1,46
hlm2157,CC(C)C(=O)N1CC2CC1CN2C(=O)C1(C(C)C)CCC(NC2CCOCC2)C1,0,51
CYP2C19_4057,O=C(O)Cn1c(O)c(-c2ccccc2)oc1=O,0,30
CYP2C19_7841,CN(C)CCN(Cc1cccs1)c1ccccn1,0,26
CYP2D6_3791,NCCC(N)CSP(=O)(O)O,0,18
BBB197,CCCC(=O)c1ccc2c(c1)N(CCCN1CCN(C)CC1)c1ccccc1S2,1,46
pgpi0544,CN(C)CCCOc1nn(Cc2ccccc2)c2ccccc12,1,33
mmp4668,CC1(C(=O)O)CCC2(C)CCC3(C)C(=C2C1)CC(=O)C1C2(C)CCC(OC(=O)CCC(=O)O)C(C)(C)C2CCC13C,0,80
pgpi1317,CCCCCCS(=O)(=O)Oc1ccc(-c2sc3cc(OS(=O)(=O)CCCCCC)ccc3c2C(=O)c2ccc(OCCN3CCCCC3)cc2)cc1,1,84
CYP2D6_7128,Oc1c(CN2CCOCC2)ccc(CN2CCOCC2)c1O,0,32
hERG280,CC(C)COCC(CN(Cc1ccccc1)c1ccccc1)N1CCCC1,1,39
CYP2D6_4944,O=c1c(-c2ccc(Cl)cc2)nc2cnc(N3CCNCC3)nc2n1Cc1ccc(F)cc1,0,53
ames2910,C1=CC2c3ccccc3OC2O1,1,19
pgps121,CC(C)CC(NC(=O)c1cc2ccccc2o1)C(=O)NC(C)C(=O)CNS(=O)(=O)c1ccccn1,1,62
pgpi2134,COc1ccc2c(c1)CCC1C2CCC2(C)C(=O)C(Cl)CC12,0,40
CYP2D6_3058,COc1ccc(-c2coc3cc(OC4OC(CO)C(O)C(O)C4O)cc(O)c3c2=O)cc1,0,54
DILI1306,CN1CC(C(=O)NC2(C)OC3(O)C4CCCN4C(=O)C(Cc4ccccc4)N3C2=O)C=C2c3cccc4[nH]cc(c34)CC21,0,80
hERG023,CC1CN(c2ncccc2F)CCN1C(=NC#N)Nc1ccc(C(C)(C)C)cc1,1,47
pgps623,CC(=O)C1CCC(CC(=O)N2CCC(C3c4ccc(Br)cc4Cc4cc(Cl)cc(Br)c43)CC2)CC1,0,64
CYP2D6_7756,O=c1[nH]ccc2c(O)cccc12,0,22
hERG442,Cc1cc2c(F)c(Oc3ncnn4cc(OCC(C)O)c(C)c34)ccc2[nH]1,0,48
CYP3A4_08115,CCC(=O)OC(CC(=O)O)C[N+](C)(C)C,0,30
CYP3A4_05445,CN(C)CCC(C(=O)C(C)(C)C)c1ccccn1,0,31
CYP1A2_0733,Cc1noc(C)c1-c1ccc2ncnc(N(C)Cc3ccco3)c2c1,1,40
mmp3139,COc1ccc(OC)c(C(O)CNC(=O)CN)c1,0,29
CYP2D6_4186,Nc1[nH]c(=O)nc2c1ncn2C1OC(CO)C(O)C1O,0,36
CYP2C19_1463,CC(C)=CCc1c2c(c3occ(-c4ccc(O)c(O)c4)c(=O)c3c1O)C=CC(C)(C)O2,1,59
CYP2D6_7805,CC(=O)C=NO,0,10
hlm0294,CCC(=O)NS(=O)(=O)c1ccc(C(CC2CCCC2)C(=O)Nc2nc3ccc(OC)nc3s2)cc1,1,61
CYP1A2_1916,CCCNC(C)C(=O)Nc1c(C)csc1C(=O)OC,0,31
BBB126,CCCCCOC(C)=O,1,12
CYP2D6_0727,COc1cccc(-c2nc(NC3CC3)c3ccccc3n2)c1,1,35
BBB129,CCC(=O)N(c1ccccc1)C1CCN(CCc2ccccc2)CC1,1,38
hep5263,CC(=O)N(c1nc(-c2ccccc2)cs1)N(C(C)=O)S(=O)(=O)c1ccc(C)cc1,0,56
pgpi1121,NC(=O)COCCOCCN1CCC(=C(c2ccccc2)c2ccccc2)CC1,1,43
hERG294,c1ccc(NNc2ccccc2)cc1,0,20
CYP3A4_01244,O=C(Nc1ccccc1)N1CCC2(CCCN(C(=O)c3csnn3)C2)C1,1,44
CYP2C9_6758,CC(NC(=O)c1ccccc1)(C(=O)O)C(=O)O,0,32
ames2475,CC1(C)CC2C=C(C=O)C34CC3(C(=O)OC4O)C2C1,1,38
CYP2D6_5552,COc1ccc(-n2c(=O)cnc3cnc(Oc4ccccc4)nc32)cc1,0,42
CYP3A4_10304,Nc1nc(=O)c2c([nH]1)N=CC(CNc1ccc(C(=O)NC(CCC(=O)O)C(=O)O)cc1)N2,0,62
hep0508,COc1ccc(CN2C(=O)C(=O)c3cc(C=CC(=O)OCCO)ccc32)cc1,1,48
ames2749,O=[N+]([O-])c1cc(-c2ccccc2)cc([N+](=O)[O-])c1O,1,46
hlm1130,COc1ccc(C(Nc2ccccn2)c2ccc3ccc(C)nc3c2O)cc1,1,42
pgpi1908,C[N+]1(C)CCCC1C(=O)O,0,20
pgpi0011,COc1cc2c(cc1OC)CN(c1nc(NCCc3cccc(OC)c3OC)nc3cc(OC)c(OC)cc13)CC2,1,63
CYP3A4_00627,CCCC=C(CCC)C(NP(=O)(c1ccccc1)c1ccccc1)c1ccccc1,1,46
hep0314,CC1Cc2c(Cl)cc(C(=O)NC(Cc3ccccc3)C(=O)O)c(O)c2C(=O)O1,1,52
DILI1265,CN1CCC23c4c5ccc(O)c4OC2C(O)C=CC3C1C5,0,36
CYP2C9_1738,COC1C=CCC(=O)NC(C)C(=O)OCC(NS(=O)(=O)c2ccc(C)cc2)C(C)C=CCC(=O)OCC1C,0,67
CYP2D6_0936,CN(C)CCCN1c2ccccc2Sc2cnccc21,1,28
CYP1A2_6146,Cc1ccc(C2(c3ccc(C)c(O)c3C)CCN(C)CC2)c(C)c1O,0,43
pgps703,CC(=O)OCC1OC(N2C(=S)C(C#N)C(c3ccco3)C=C2c2ccccc2)C(OC(C)=O)C(OC(C)=O)C1OC(C)=O,0,78
pgpi0904,CC(Cc1ccccc1)NCCC(c1ccccc1)c1ccccc1,1,35
CYP2C19_0102,COC(=O)CC=CC(C)C(C=NOCC1OC(c2ccccc2)C=CC1Oc1ccc(OC)cc1)OC,1,57
CYP2C19_0568,CC(C)=CC1C(C(=O)Oc2ccccc2C(C)C)C1(C)C,1,37
CYP1A2_1849,CN(C)CCn1nnnc1SCC1=C(C(=O)O)N2C(=O)C(NC(=O)Cc3csc(N)n3)C2SC1,0,60
CYP2D6_3010,O=c1[nH]c(=O)n(C2CC(O)C(CO)O2)cc1C=CBr,0,38
CYP3A4_06735,COC(=O)N1CCC2(CCN(C(=O)Nc3ccccc3)CC2)CC1,0,40
CYP2C9_5314,CC(C)NC(=O)N1CCC2(CC1)CCN(C(=O)Oc1ccccc1)CC2,0,44
pgpi1236,CCCCc1oc2ccccc2c1C(=O)c1cc(I)c(OCCN(CC)CC)c(I)c1,1,48
hERG115,O=C1CC2(CCCC2)CC(=O)N1CCCCN1CCN(c2ncccn2)CC1,1,44
DILI1214,OC(c1cc(C(F)(F)F)nc2c(C(F)(F)F)cccc12)C1CCCCN1,0,46
CYP2C19_6993,Cc1nc2ccccc2nc1-c1ccc(N=[N+]([O-])c2ccc(-c3nc4ccccc4nc3C)cc2)cc1,0,64
CYP2C9_4503,Cc1ccccc1-c1cc(Nc2ccc(F)cc2)ncn1,0,32
pgpi0607,CCC(C)C1C(=O)N(C)C(C(C)CC)C(=O)NCC(=O)N(C)C(C(C)C)C(=O)NC(Cc2ccc(OC)cc2)C(=O)OC(C)C(=O)N2CCCCC2C(=O)N(C)C(C(C)C)C(=O)NC(C(C)C)C(=O)N(C)C(CC(O)=NC(C)(C)C)C(=O)N1C,1,161
mmp2259,CCCCCCOC(=O)CCCCC(=O)OCCCCCC,0,28
CYP1A2_0362,CN(C)c1ncc2nc(CCc3ccccc3)c(=O)n(CCC#N)c2n1,1,42
BBB235,Cc1cc(Cl)ccc1NC1=NCCN1,0,22
hep0683,CC1OC(OC2C(OC3COC(OC4CCC5(C)C(CCC6(C)C5CCC57OCC8(CCC(C)(C)CC85)C(=O)CC67C)C4(C)C)C(OC4OC(CO)C(O)C(O)C4O)C3O)OC(CO)C(O)C2O)C(O)C(O)C1O,1,133
CYP2C19_6438,CNCC(O)c1ccc(O)c(OC)c1,0,22
hep5889,COc1cc(-c2nnc(SCc3ccccc3)n2N2C(=O)c3ccccc3C2=O)cc(OC)c1OC,0,57
hERG373,CCC(CO)Nc1nc(NCc2ccccc2)c2ncn(C(C)C)c2n1,0,40
mmp2852,O=C(O)CCCCCCCCCCC(=O)O,0,22
pgpi1583,OCCN(CCO)c1nc(N2CC=CCC2)c2nc(N(CCO)CCO)nc(N3CC=CCC3)c2n1,0,56
hep1761,Clc1ccc(Nc2nccc(-c3ccc(Cl)cc3Cl)n2)c(Cl)c1,1,42
CYP3A4_01384,COc1ccccc1CCn1c(=O)c(-c2cn(C)c3ccccc23)nc2cncnc21,1,49
CYP2D6_4180,CC1(C)CCC(=O)NC1CC(=O)CC1NC(=O)CCC1(C)C,0,39
CYP1A2_4087,COc1cccc(Nc2ncc3nc(C)c(=O)n(CCc4ccccc4)c3n2)c1,0,46
BBB295,COC1(NC(O)=c2sc(=C(C(N)=O)C(=O)O)s2)C(=O)N2C(C(=O)O)=C(CSc3nnnn3C)CSC21,0,71
mmp2876,C=CC(=O)OCCO,0,12
CYP2D6_4931,CN(C)C(=O)c1ccc(-c2cc(NCc3cccs3)ncn2)cc1,0,40
CYP2C9_6828,O=C1CNCCCN2CCN(CCCNCC(=O)Nc3ccc(cc3)S(=O)(=O)c3ccc(cc3)NC(=O)CNCCCN3CCN(CCCNCC(=O)Nc4ccc(cc4)S(=O)(=O)c4ccc(cc4)N1)CC3)CC2,0,122
hERG615,Oc1cc2c(cc1O)CN(C(=S)NCCc1ccc(Cl)cc1)CCC2,0,41
pgpi2192,NC(=O)C(CCN1CCCCC1)(c1ccccc1)c1ccccc1,0,37
hlm2214,Cc1nc(N2CCCC(N)C2)n(Cc2ccccc2C#N)c(=O)c1C,0,41
hlm1234,CCN1c2ncc(CCOc3ccc(C(=O)O)cc3C)cc2C(=O)N(C)c2cccnc21,0,52
pgps081,COC(=O)C12OCC34C(CC5C(C)C(=O)C(=O)CC5(C)C3C(O)C1O)OC(=O)C(OC(=O)C=C(C)C(C)C)C24,1,79
ames3126,C=CC(OC(C)=O)c1ccc(OC)c2ccccc12,1,31
pgpi0016,COc1ccc(C2Oc3cc(-c4oc5cc(O)cc(O)c5c(=O)c4OC)ccc3OC2CO)cc1OC,1,59
hlm2932,COc1ccc(C2=Nc3c(C(C)(C)C)nn(CCO)c3C(=O)NC2)cc1-c1cnc(N2CCOCC2)nc1,0,65
mmp2774,O=[N+]([O-])c1cccc(CCl)c1,0,25
mmp0878,CCC1CC(N(Cc2cc(C(F)(F)F)cc(C(F)(F)F)c2)C(C)=O)c2cc(C(F)(F)F)ccc2N1C(=O)OC(C)C,1,77
ames2704,ClCC(Cl)CBr,1,11
CYP2C9_0896,CC(C)(C)c1cc(C=C(C#N)C#N)cc(C(C)(C)C)c1O,1,40
ames6448,Oc1cc(Cl)c(Cl)c(Cl)c1,0,21
pgps206,COc1ccnc(C[S+]([O-])c2nc3cc(OC(F)F)ccc3[nH]2)c1OC,1,49
pgps012,CSC1SCC2C(=O)N(C)C(C(C)C)C(=O)OCC(NC(=O)c3cnc4ccccc4n3)C(=O)NC(C)C(=O)N(C)C1C(=O)N(C)C(C(C)C)C(=O)OCC(NC(=O)c1cnc3ccccc3n1)C(=O)NC(C)C(=O)N2C,1,141
pgpi2286,CC[N+]1(C)CCCC(OC(=O)C(O)(c2ccccc2)c2ccccc2)C1,0,46
pgps410,CN(C)CCOC(c1ccccc1)c1ccccc1,0,27
CYP2C9_3752,NC(CSCc1ccc(I)cc1)C(=O)O,0,24
CYP2D6_1075,COc1ccc(-c2ccc(=N)n(CCCC(=O)O)n2)cc1,1,36
pgpi1394,COc1ccc(CCN=C2CCCN2C)cc1OC,0,26
mmp5007,CCC=CCCOC(=O)CC,0,15
pgpi1283,C=CCNc1nc(NCC=C)nc(N2CCC(NC3c4ccccc4CCc4ccccc43)CC2)n1,1,54
hep3445,CC(C1C(OC(=O)c2ccccc2)CC2(C)C3CCC4C(C)(CO)C(NC(=O)c5ccccc5)CCC45CC35CCC12C)N(C)C,0,80
hERG092,CC(CN(C)C)C(C)(O)Cc1ccc(Cl)cc1,1,30
mmp1507,COc1cc2nc(N3CCN(C(=O)c4ccco4)CC3)nc(N)c2cc1OC,0,45
BBB308,CC1OC(OC2C(O)CC(OC3C(O)CC(OC4CCC5(C)C(CCC6C5CC(O)C5(C)C(C7=CC(=O)OC7)CCC65O)C4)OC3C)OC2C)CC(O)C1O,0,97
CYP2C9_4554,N#Cc1cccc(NC(=O)N2CCC3(CCCN(C(=O)c4csnn4)C3)C2)c1,0,49
mmp4538,O=C(OCCCCCCOC(=O)c1ccccc1)c1ccccc1,0,34
CYP2C9_1735,Cc1ccc(S(=O)(=O)NC2COC(=O)CC=CC(C)COC(=O)CC=CC2C)cc1,0,52
mmp1741,CC1CN1,0,6
mmp1472,CCCCCCCCCCCCCCCC(=O)NCCO,0,24
CYP2C19_1582,COc1cc(C(O)CO)ccc1OS(=O)(=O)O,0,29
DILI1094,C=CC[N+]1(C2CC3C4CCC5CC(OC(C)=O)C(N6CCCCC6)CC5(C)C4CCC3(C)C2OC(=O)CC)CCCCC1,0,75
hlm1517,CCC(CC)Nc1cc(C)nc(Oc2c(C)cc(C)cc2C)c1C,0,38
pgpi0144,C=CCn1c(SCCCC)nc2c(c1=O)C1(CCCC1)Cc1ccccc1-2,1,44
pgpi1809,COc1ccc(C2CC(=O)c3c(O)cc(OC4OC(COC5OC(C)C(O)C(O)C5O)C(O)C(O)C4O)cc3O2)cc1O,0,74
pgps058,CC(C)(C)NC(=O)C1CN(Cc2cc3ccccc3o2)CCN1CC(O)CC(Cc1ccccc1)C(=O)NC1c2ccccc2CC1O,1,76
ames0672,C=C(Br)C(C)=O,1,13
hERG058,Cc1ccc(-c2nc(NC(=O)CN3CCC(CN(C)C)CC3)cc(-n3nccc3C)n2)o1,1,55
CYP2C9_0433,COC(=O)C1(Cc2ccccc2)C2c3cc(C(=O)N4CCCC4)n(Cc4cccc5ccccc45)c3CC2CN1C(=O)c1ccccc1,1,79
hlm1220,CN1CCN(C(=O)c2cc3cc(Cl)sc3[nH]2)CC1,0,35
hERG635,COc1ccc2c(c1)c(CC(=O)N1CCOCC1)c(C)n2C(=O)c1ccc(Cl)cc1,0,53
CYP3A4_06562,COc1cccc(Cn2c(=O)c(-c3ccc(Cl)cc3)nc3cnc(N(C)C)nc32)c1,0,53
pgps421,CCC(C(=O)O)C1CCC(C)C(C(C)C(O)C(C)C(=O)C(CC)C2OC3(C=CC(O)C4(CCC(C)(C5CCC(O)(CC)C(C)O5)O4)O3)C(C)CC2C)O1,0,102
CYP2D6_6697,O=C(O)CSc1n[nH]c(=O)[nH]c1=O,0,28
DILI0773,COC1C=COC2(C)Oc3c(C)c(O)c4c(O)c(c5c(c4c3C2=O)=NC2(CCN(CC(C)C)CC2)N=5)NC(=O)C(C)=CC=CC(C)C(O)C(C)C(O)C(C)C(OC(C)=O)C1C,1,117
hERG593,Nc1ccccc1C(=O)OCCc1ccccc1,0,25
CYP2C19_1184,CCOC(=O)C1=C(C)N=C(C)C(C(=O)OC)C1c1cccc(Cl)c1Cl,1,47
pgps403,O=C1CCC2(O)C3Cc4ccc(O)c5c4C2(CCN3CC2CC2)C1O5,0,44
hep0043,CC(CCC(=O)O)C1CC(=O)C2(C)C3=C(C(=O)CC12C)C1(C)CCC(O)C(C)(C)C1CC3O,1,65
BBB029,CN(c1nc2ccccc2s1)C1CCN(CC(O)COc2ccc(F)c(F)c2)CC1,1,48
DILI0303,Clc1cccc(C(c2ccc3[nH]cnc3c2)n2ccnc2)c1,1,38
CYP3A4_04744,O=C(NN=Cc1cccc(O)c1)c1ccncc1,0,28
DILI1040,OCCN1CC(O)C(O)C(O)C1CO,0,22
mmp5292,C=CC1(C)CC(OC(=O)CSCCN(CC)CC)C2(C)C(C)CCC3(CCC(=O)C32)C(C)C1O,0,61
CYP1A2_0123,c1ccc(-c2c3ccccc3nc3[nH]c4ccccc4c23)cc1,1,39
pgpi2237,CCC(C)C(=O)OC1CC(C)C=C2C=CC(C)C(CCC(O)CC(O)CC(=O)O)C21,0,54
CYP3A4_09079,Nc1nc2ccccc2s1,0,14
pgps215,COC(=O)c1ccccc1-c1c2ccc(=N)cc-2oc2cc(N)ccc12,1,44
pgps488,Cc1cn(C2CC(N=[N+]=[N-])C(CO)O2)c(=O)[nH]c1=O,0,44
hlm0834,CCc1cc(-c2ccc(C(F)(F)F)o2)n(-c2ccc3c(c2)nc(-c2cc(C(=O)N4CCCC4)ccc2O)n3Cc2c[nH]c(=O)c(C)c2)n1,1,92
ames4018,OC1c2ccccc2-c2cc3c(ccc4ccccc43)nc2C1O,0,37
ames4094,CCOC(=O)CC(SP(=O)(OC)SC)C(=O)OCC,0,32
mmp0340,CCC1(c2ccccc2)C(=O)NC(=O)N(C(=O)c2ccccc2)C1=O,1,45
mmp4959,CC=C(C)C=O,0,10
mmp3012,O=C(O)c1nc(Cl)ccc1Cl,0,20
hep2200,O=[N+]([O-])c1ccccc1CSc1nnc(-c2ccc3c(c2)OCCO3)n1-c1ccccc1,0,57
CYP2C19_7185,CCCNCC(O)COc1ccccc1C(=O)CCc1ccccc1,0,34
CYP2D6_2034,COC1COC(=O)CC=CC(C)COC(=O)C(OCc2ccccc2)C=CC1C,0,45
CYP2D6_6040,CN(C)C(=O)c1ccc(-c2nc(-n3ccnc3)c3ccccc3n2)cc1,0,45
ames0240,Cc1ccc([N+](=O)[O-])c([N+](=O)[O-])c1,1,37
ames1129,Nc1ccn(C2CCC(CO)O2)c(=O)n1,1,26
pgps692,COC(=O)Nc1nc2cc([S+]([O-])c3ccccc3)ccc2[nH]1,0,44
mmp5829,C=CCC=CCC=CCC=CC,0,16
hERG269,O=c1[nH]c2ccccc2n1CCCN1CCN(C(c2ccccc2)c2ccccc2)CC1,1,50
CYP2D6_4804,COc1ccc(-n2c(=O)c(CCc3ccccc3)nc3cnc(N4CCOCC4)nc32)cc1,0,53
CYP1A2_1412,CC(=O)OCC1=C(C(=O)O)N2C(=O)C(NC(=O)Cc3cccs3)C2SC1,0,49
BBB072,COC(C)(C)C,1,10
CYP3A4_05851,COc1ccc(NC(=O)N2CC3(CCN(C(=O)c4cnccn4)CC3)C2)cc1,0,48
hERG144,O=C(CCCN1CCC(O)(c2ccc(Cl)cc2)CC1)c1ccc(F)cc1,1,44
CYP3A4_02518,CC1(C)SC2C(NC(=O)C(NC(=O)N3CCNC3=O)c3ccccc3)C(=O)N2C1C(=O)O,0,59
mmp5531,CCC(=O)N(c1ccccc1)C1CCN(CC(O)c2ccccc2)CC1,0,41
hep0283,COc1cccc(C=CC(=O)C(=Cc2ccc(OC)c(OC)c2OC)C(=O)C=Cc2cccc(OC)c2OC)c1OC,1,67
DILI0014,Nc1ncnc2c1ncn2CCOCP(=O)(O)O,1,27
pgpi1315,O=C1Cc2ccccc2C(=C2CCN(CCOCCOCCO)CC2)c2ccsc21,1,44
ames5022,c1ccc2c(c1)Cc1ccccc1-2,0,22
mmp2649,ClC=CCl,0,7
mmp0399,NC(=O)Nc1ccc(Cl)c(Cl)c1,1,23
DILI0368,OCCN1CCN(CCCN2c3ccccc3C=Cc3ccccc32)CC1,1,38
hERG130,N#Cc1ccc2c(=O)cc(C(=O)NC3CCN(Cc4ccc5c(c4)OCO5)CC3)oc2c1,1,55
BBB157,CN(C)CCC=C1c2ccccc2CCc2ccccc21,1,30
pgps681,COCN1C(=O)NC(=O)C(c2ccccc2)(c2ccccc2)C1=O,0,41
hep3815,N#Cc1c(F)c(F)c(C(C(=O)c2ccc(F)cc2)C2=NCCCCN2)c(C#N)c1F,0,54
hERG069,Clc1ccc(COC(Cn2ccnc2)c2ccc(Cl)cc2Cl)c(Cl)c1,1,43
CYP2C19_0043,CCCCCCC1=Cc2cc(OC)c(OC)cc2C(C(C(C)=O)C(=O)OCC)O1,1,48
CYP2C9_3739,OCC1CCCC(n2cnc3c(=S)[nH]cnc32)O1,0,32
CYP2C9_4728,O=c1c(-c2ccc(F)c(F)c2)nc2cncnc2n1C1CC1,0,38
CYP2C9_7178,Cn1ccc2cc(NC(=O)Nc3cccnc3)ccc21,0,31
pgpi1791,NS(=O)(=O)c1cc(C(=O)O)c(NCc2ccco2)cc1Cl,0,39
hep5068,CCC1OC(=O)C(C)C(O)C(C)C(OC2OC(C)CC(N(C)C)C2O)C(C)(O)CC(C)CN(CCCNC(=S)NCc2ccccc2)C(C)C(O)C1(C)O,0,94
pgpi1525,CC[N+](CC)(CC)CCOC(=O)c1ccc(OC)c(OC)c1OC,0,40
BBB025,COc1cc2oc(C)nc2cc1CNC1CCCNC1c1ccccc1,1,36
CYP2C9_3777,CC(C)=CC1C(COC(=O)c2cc3c(cc2Cl)OCO3)C1(C)C,0,42
DILI0056,COC(=O)C(c1ccccc1)C1CCCCN1,1,26
hep5539,CC(=O)OCC(=Cc1c(C)c(=O)[nH]c(=O)n1C)COC(C)=O,0,44
BBB328,Cc1nc2n(c(=O)c1CCN1CCC(c3noc4cc(F)ccc34)CC1)CCCC2O,0,50
pgps369,COc1cc2c(c(OC)c1OC)-c1ccc(OC)c(=O)cc1CC=C2,0,42
CYP2C19_2138,CC(CCN1CCCc2nc(C)c(C)cc21)=NOC(C)CN1CCCc2nc(C)c(C)cc21,0,54
ames5952,CCO,0,3
ames1046,ClC(CBr)CBr,1,11
CYP3A4_04710,O=C1COC(c2ccccc2O)=NN1CCCN1CCCC1,0,32
CYP3A4_06506,COc1ccc(NC(=O)N2CCCC3(CCN(C(=O)c4cccn4C)CC3)C2)cc1,0,50
ames4082,O=C(c1ccccc1)C1OC1c1ccc([N+](=O)[O-])cc1,0,40
hep6048,CC12C=CC(O)C3(C)C(=O)OC(C=C4COC(=O)C=C41)C23,0,44
pgps755,COc1cc2c(cc1OC)CN(CCCC1=CCCc3c(OC)cccc31)CC2,1,44
ames0098,BrCCCCBr,1,8
pgpi0611,CCC(C)C1C(=O)N(C)C(C(C)CC)C(=O)NCC(=O)N(C)C(C(C)C)C(=O)NC(Cc2ccc(OC)cc2)C(=O)OC(C)C(=O)N2CCCCC2C(=O)N(C)C(C(C)C)C(=O)NC(C(C)C)C(=O)N(C)C(CC(=O)OC)C(=O)N1C,1,154
mmp1088,Oc1ccccc1O,0,10
ames3687,CCCc1cc2ccccc2c2ccc3c(c12)C1OC1C(O)C3O,0,38
BBB028,Brc1cc(Br)c(NC2=NCCN2)c(Br)c1,1,29
hlm1045,O=C(NC(Cc1c[nH]c2ccccc12)C(=O)Nc1ccncc1)c1ccc(-c2ccccc2)c(F)c1,1,62
ames5548,OCC1=CCN2CCC(O)C12,0,18
CYP2C19_2390,COC(=O)C1=C(C)N(Cc2ccccc2)c2c(C(=O)OC)c(C(=O)OC)c(C(=O)OC)c(=O)n2C1c1ccccc1,0,75
ames1619,CC(C)[N+](=O)[O-],1,17
hERG138,CN(C)CCC=C1c2ccccc2CCc2ccccc21,1,30
CYP3A4_02277,C=CCn1c(=O)n(CC=C)c(=O)n(CC=C)c1=O,1,34
hep0934,COc1ccc(C=CC(=O)C=Cc2nc3ccccc3n2C)cc1O,1,38
CYP2D6_5939,CC(C)NC(=O)N1CCC2(CC1)CCN(C(=O)c1ccncc1)CC2,0,43
pgps295,CNCCCC1c2ccccc2C=Cc2ccccc21,1,27
hep4181,O=C(O)c1cc2c3ccccc3n(Cc3ccccc3)c2c(CCNC(Cc2c[nH]c3ccccc23)C(=O)O)n1,0,67
DILI0603,CC(CCc1ccccc1)NCC(O)c1ccc(O)c(C(N)=O)c1,1,39
hep0086,CC1OC(=O)C(C(C)C)NC(=O)C(C(C)C)OC(=O)C(C(C)C)NC(=O)C(C)OC(=O)C(C(C)C)NC(=O)C(C(C)C)OC(=O)C(C(C)(C)O)NC(=O)C(C)OC(=O)C(C(C)C)NC(=O)C(C(C)C)OC(=O)C(C(C)C)NC1=O,1,157
pgps429,CC1CCC2C(C)C(=O)OC3OC4(C)CCC1C32OO4,0,35
hep4421,c1ccc2c(c1)ccc1cc3c(nc12)[nH]c1ccccc13,0,38
CYP2C9_5207,CCNc1ncc2ncc(=O)n(C)c2n1,0,24
mmp1163,O=C(O)CCC(=O)O,0,14
CYP2C19_1180,COc1ccccc1CC(Cc1nc2ccccc2[nH]1)c1nc2ccccc2[nH]1,1,47
hlm1689,NC(CC(=O)N1CCCC1c1nc(C2CC2)no1)Cc1cc(F)c(F)cc1F,0,47
pgps498,N#CC1C(=S)N(C2OC(CO)C(O)C(O)C2O)C(c2ccccc2)=CC1c1ccco1,0,54
hlm0481,COc1ccc(CCN(C)CCCC(C#N)(c2ccc(OC)c(OC)c2)C(C)C)cc1OC,1,52
BBB332,COc1ccc(CCNCCCC(C#N)(c2ccc(OC)c(OC)c2)C(C)C)cc1OC,0,49
CYP3A4_07833,O=C(O)c1ccc(NCc2nc3cc4ccccc4cc3[nH]2)cc1,0,40
mmp4292,C=CC(=O)N1CCOCC1,0,16
hep1306,COc1ccc(-n2c(-c3cc(OC)c(OC)c(OC)c3)cccc2=O)cc1OC,1,48
hlm2954,Cc1ccc(S(=O)(=O)N2CCC(C(=O)Nc3ccc4c(c3)OCO4)CC2)c(C)c1,0,54
CYP1A2_7402,Nc1cc(=O)[nH]c(N)n1,0,19
CYP1A2_2841,CCCc1c(OCCCOc2ccc(OCC(=O)O)cc2)ccc(CC=O)c1O,0,43
hlm1419,CC(C)(C)c1c(O)c(C2=NS(=O)(=O)c3cc(NS(C)(=O)=O)ccc32)c(O)n1Cc1ccc(F)c(Cl)c1,0,74
CYP1A2_0118,Cc1c2c(nc3ccccc13)OCC2,1,22
CYP2C19_1729,COC(=O)CC=CC(C)C(OCc1cccc(-c2ccccc2)c1)C1CCCCC1,0,47
pgpi0179,COc1cccc(CCc2ccccc2OCCCCN2CCN(c3ccc(F)cc3)CC2)c1,1,48
ames1576,CCN1CCN=N1,1,10
hlm1709,Clc1cccc(OC(c2ccccn2)C2CCNC2)c1Cl,0,33
CYP3A4_06514,CN1CCN(c2ccnc(-c3ccoc3)n2)CC1,0,29
mmp4837,Cc1ccc(S(=O)(=O)NC(=O)NC2CCCC2)cc1,0,34
hlm2414,CCS(=O)(=O)c1ccc2oc(-c3ccc(Cl)c(Cl)c3)nc2c1,0,43
pgps016,COc1c2c(c(O)c3c4c(ccc13)C1OC3(C(OC)OC5CC(C)(O)C(OC6CC(C)(O)C(O)C(C)O6)C(C)O5)OC1C(OC)(O4)C31CO1)C(=O)C(O)CC2OC1CC(C)(O)C(OC(C)=O)C(C)O1,1,135
pgpi1861,NCC1OC(OC2C(N)CC(N)C(OC3OC(CO)C(O)C(N)C3O)C2O)C(N)CC1O,0,54
BBB110,C=Cc1ccccc1,1,11
CYP1A2_5113,COc1cccc(Nc2ncc3nc(-c4ccccc4)c(=O)n(C)c3n2)c1,0,45
CYP2D6_2349,CCCCCCc1c(CC(N)C(=O)O)o[nH]c1=O,0,31
hep4433,O=S(=O)(NC(=S)Nc1ccc(Cl)cc1)c1cc(S(=O)(=O)c2ccccc2)cs1,0,54
pgpi0700,CCC(C(=O)OCCN1CCOC(c2ccccc2)C1C)c1ccccc1,1,40
CYP1A2_1044,Cc1ccc(CC(Cc2nc3ccccc3[nH]2)c2nc3ccccc3[nH]2)cc1,1,48
CYP2C9_5232,O=C(c1cnccn1)N1CCC2(CCCN(c3ccncc3)C2)CC1,0,40
hlm2282,Cn1c(C(=O)O)cc2cc(NC(=O)C(C)(C)NC(=O)c3ccc4c(C5CCCCC5)c(-c5ccccn5)n(C)c4c3)ccc21,0,80
CYP2C19_2718,COc1cc2c(cc1OC)C13CCN4CC5=CCOC6CC(=O)N2C1C6C5CC43,0,49
pgpi1584,C[N+]1(C)CCN(c2nc(N3CCCCC3)c3nc(N(CCO)CCO)nc(N4CCCCC4)c3n2)CC1,0,62
CYP2D6_4735,O=C(c1cc(C(F)(F)F)cc(C(F)(F)F)c1)N1CCC2(CC1)CN(c1ccccc1)C2,0,58
pgps080,Cc1c(O)cccc1C(=O)NC(CSc1ccccc1)C(O)CN1CC2CCCCC2CC1C(=O)NC(C)(C)C,1,64
pgpi0381,CCOCC=Cc1ccc(-c2nc(-c3ccc(N(CC)CC)cc3)c(-c3ccc(NC)cc3)[nH]2)cc1,1,63
hERG380,COc1ccccc1N1CCN(CCN(C(=O)C2CCCCC2)c2ccccn2)CC1,0,46
hep5786,CCCC(=O)Nc1ccc2nc3ccccc3nc2c1,0,29
pgpi0307,COc1cccc(CCc2ccccc2NCc2cccc(OC)c2OC)c1,1,38
hep5163,CCOC1(C)C2C(OC(C)=O)C(OC(C)=O)C3(O)C(C)(C)CCC(OC(C)=O)C3(C)C2CC12C(=O)OC1OC12,0,77
ames2850,Cn1nc(C2CC2)cc1N,1,16
CYP1A2_6272,NS(=O)(=O)c1ccc(NC(=O)Nc2ccccc2F)cc1,0,36
CYP2C9_0104,C(=Cc1ccccc1)CN1CCN(CCOC(c2ccccc2)c2ccccc2)CC1,1,46
DILI0783,CC(C)(CO)C(O)C(=O)NCCC(=O)O,0,27
DILI1218,NCC1OC(OC2C(CO)OC(OC3C(O)C(N)CC(N)C3OC3OC(CN)C(O)C(O)C3N)C2O)C(N)C(O)C1O,0,72
CYP2C9_2953,CC(=O)C(C(=N)C#N)C(=O)Nc1ccccc1,0,31
pgps407,COc1ccc2c3c1OC1C(OC)C=CC4C(C2)N(C)CCC341,0,40
mmp0571,Oc1cc(O)c(Cl)cc1Cl,1,18
ames2769,COc1cc(N)c(OC)cc1N,1,18
CYP1A2_0921,COc1ccc(CNc2ncncc2-c2ccc(N(C)C)cc2)c(OC)c1,1,42
BBB087,CN1CCCC1c1cccnc1,1,16
pgpi0540,CC1CCC2(C(=O)O)CCC3(C)C(=CCC4C5(C)CCC(O)C(C)(C)C5CCC43C)C2C1C,1,61
pgpi1833,O=S(=O)(O)CCS,0,13
ames1931,O=c1c(O)c(-c2ccc(O)cc2)oc2cc(O)cc(O)c12,1,39
CYP3A4_10114,Cn1cnc([N+](=O)[O-])c1Sc1ncnc2[nH]cnc12,0,39
hERG033,CNCCCC1c2ccccc2C=Cc2ccccc21,1,27
pgps380,CNCCCOc1cc(F)c(-c2c(Cl)nc3ncnn3c2NC(C)C(F)(F)F)c(F)c1,0,53
BBB137,OC(c1cc(C(F)(F)F)nc2c(C(F)(F)F)cccc12)C1CCCCN1,1,46
CYP2C19_1184,CCOC(=O)C1=C(C)N=C(C)C(C(=O)OC)C1c1cccc(Cl)c1Cl,1,47
hlm2366,NCC1(c2ccc(Cl)c(Cl)c2)CCCCCC1,0,29
hlm0391,COc1cc(N2CCN(C3CCN(c4cccc5cc(F)cnc45)CC3)CC2)c2ncccc2c1,1,55
mmp0408,CCCCCCCCCCCCCC[n+]1ccc(C)cc1,1,28
CYP1A2_5491,O=C(Nc1cccc(F)c1)N1CCC2(CCCN(C(=O)c3ccco3)C2)C1,0,47
CYP2D6_1472,C=CCC1(C)OC=Cc2nc3cc(Cl)c(Cl)cc3nc21,0,36
DILI0888,CN=C(NC)NCc1ccccc1,0,18
pgpi0568,COc1c(CC(C)OC(=O)Oc2ccc(O)cc2)c2c3c(CC(C)OC(=O)c4ccccc4)c(OC)c(=O)c4c(O)cc(OC)c(c5c(OC)cc(O)c(c1=O)c52)c43,1,106
CYP2D6_6272,COc1cc(C=CC(=O)N2CCC=CC2=O)cc(OC)c1OC,0,37
CYP1A2_1732,CC(C)CC1C(=O)N2CCCC2C2(O)OC(NC(=O)C3C=C4c5cccc6[nH]cc(c56)CC4N(C)C3)(C(C)C)C(=O)N12,0,83
ames0704,COc1cccc(NC(=O)c2csc([N+](=O)[O-])c2)c1,1,39
pgpi0213,O=C1C=CC(=O)c2c1ccc1c2ccc2ccccc21,1,33
CYP2C19_2992,COC(=O)C1C2CC3c4[nH]c5cc(OC)ccc5c4CCN3CC2CC(OC(=O)c2cc(OC)c(OC)c(OC)c2)C1OC,0,75
CYP1A2_2536,CC(CO)NC(=O)C1CC1C(NP(=O)(c1ccccc1)c1ccccc1)c1ccccc1,0,52
DILI1386,CC1(C)C(C=C(Cl)Cl)C1C(=O)OCc1cccc(Oc2ccccc2)c1,0,46
DILI0875,CN1CCc2cccc3c2C1Cc1ccc(O)c(O)c1-3,0,33
BBB237,COc1ccc2[nH]c([S+]([O-])Cc3ncc(C)c(OC)c3C)nc2c1,0,47
ames1369,Cc1ccc2cc3ccccc3cc2c1,1,21
ames1723,O=NN1CCCCCC1,1,12
hep4094,c1ccc(C(Nc2ccccn2)c2c[nH]c3ccccc23)cc1,0,38
CYP2C9_0670,O=c1c(-c2cc(F)cc(F)c2)nc2cncnc2n1Cc1ccccc1Cl,1,44
pgpi1973,CN(C)c1ccc(-c2nc(C(F)(F)F)nc(C(F)(F)F)n2)cc1,0,44
hep5306,CC1OC(OC2C(CO)OC(OCC3OC(OC(=O)C45CCC(C)(C)C(O)C4C4=CCC6C7(C)CCC(OC8OCC(O)C(O)C8OC8OC(C)C(O)C(OC9OCC(O)C(O)C9O)C8O)C(C)(C)C7CCC6(C)C4(C)CC5)C(O)C(O)C3O)C(O)C2O)C(O)C(O)C1O,0,170
hlm1909,O=C(O)c1ccc2c(C3CCCCC3)c(-c3ccoc3)n(CC(=O)N3CCC(N4CCCC4)CC3)c2c1,0,64
mmp3111,NC(=O)c1ncn(C2OC(CO)C(O)C2O)c1N,0,31
hERG477,COc1cc(CNC(=O)CCCCCCC(C)C)ccc1O,0,31
pgps132,C(=NNC1=NCCN1)c1c2ccccc2c(C=NNC2=NCCN2)c2ccccc12,1,48
DILI0982,CNC1C(O)C(OC2C(N)CC(N)C(OC3OC(CN)CCC3N)C2O)OCC1(C)O,0,51
hERG450,C=CCc1ccccc1OCC(O)CNC(C)C,0,25
CYP3A4_06517,COC(=O)N1CCC2(CCN(Cc3ccccc3OC)CC2)CC1,0,37
CYP3A4_04297,O=C(O)C1CN(CCCP(=O)(O)O)CCN1,0,28
hlm0389,COc1cc(N2CCN(C3CCN(c4cccc5c(C)ccnc45)CC3)CC2)c2ncccc2c1,1,55
CYP2D6_3784,CN(C)CN1C(=O)SC(=C2C(=O)N(CN(C)C)c3ccccc32)C1=O,0,47
BBB289,COc1ccc(CCN(C)CCCC(C#N)(c2ccc(OC)c(OC)c2)C(C)C)cc1OC,0,52
hep0268,COc1ccc(OC)c(C=CC(=O)C(=Cc2cc(OC)c(O)c(OC)c2)C(=O)C=Cc2cc(OC)ccc2OC)c1,1,70
CYP2C9_6051,O=C(c1cccc(F)c1)N1CCC2(CCCN(Cc3cc(C(F)(F)F)cc(C(F)(F)F)c3)C2)CC1,0,64
BBB170,CN1CCC2(C)c3cc(OC(=O)Nc4ccccc4)ccc3N(C)C12,1,42
BBB246,CC1CN(C2CCC(C#N)(c3ccc(F)cc3)CC2)CCC1(C(=O)O)c1ccccc1,0,53
mmp4647,CC=CC(=O)CCCC,0,13
CYP2D6_5369,O=C(c1cccc(F)c1)N1CCCC2(CCN(c3ccccc3)C2)C1,0,42
pgps002,Cc1c2oc3c(C)ccc(C(=O)NC4C(=O)NC(C(C)C)C(=O)N5CCCC5C(=O)N(C)CC(=O)N(C)C(C(C)C)C(=O)OC4C)c3nc-2c(C(=O)NC2C(O)=NC(C(C)C)C(=O)N3CCCC3C(=O)N(C)CC(=O)N(C)C(C(C)C)C(=O)OC2C)c(N)c1=O,1,174
CYP1A2_2569,O=C(O)C=C(C(=O)O)C12CCN3CC4=CCOC5CC(=O)NC1C5C4CC32,0,50
CYP2D6_2305,CC(C)C(CC(=O)NC1CCNCC1C(=O)NC(CC(=O)NC(CCC(=O)O)CC(=O)O)Cc1ccccc1)NC(=O)CC(Cc1c[nH]c2ccccc12)NC(=O)C1CNCCC1N,0,108
CYP3A4_09314,C=C(C)C(=O)OCC(C)C,0,18
DILI0118,CC1(C)SC2C(NC(=O)C(N)c3ccccc3)C(=O)N2C1C(=O)O,1,45
ames3467,O=NN1CCCNC1=O,1,13
hlm2933,COc1ccccc1CNc1ncc(C(=O)NCCCCN(C)C)c(NC2CCCC2)n1,0,47
CYP2C9_3409,CN(C)CN1C(=O)SC(=C2C(=O)N(CN(C)C)c3ccccc32)C1=O,0,47
pgps367,CN1C(=O)C(NC(=O)c2cc3ccccc3[nH]2)N=C(c2ccccc2)c2ccccc21,0,55
CYP2C19_6035,CCNc1ncc2nc(-c3cccs3)c(=O)n(-c3ccccc3)c2n1,0,42
ames4925,Cc1ccccc1[N+](=O)[O-],0,21
mmp3912,CC(C)(C)C(=O)NCCCC(=O)O,0,23
BBB210,NCCc1cn2ccccc2n1,0,16
mmp4198,CCC(CO)(CO)COCC(CC)(CO)CO,0,25
CYP2D6_2603,COCC(=O)Nc1c(I)c(C(=O)NCC(O)CO)c(I)c(C(=O)N(C)CC(O)CO)c1I,0,57
CYP2C9_3228,CCCCN1CCC(n2c(=O)[nH]c3ccccc32)CC1,0,34
pgpi0441,CCN(CC)CCOC(=O)C(c1ccccc1)C1CCCCC1,1,34
ames2743,O=[N+]([O-])c1ccc2c(c1)Cc1cc([N+](=O)[O-])ccc1-2,1,48
hep5855,CCc1nnc(SC)n1N1C(=O)c2ccccc2C1=O,0,32
hERG647,CC(=O)C1(C)CC2=C(CCCC2(C)C)CC1C,0,31
CYP2C19_5440,O=C(Nc1ccccc1)N1CCC2(CC1)CCN(S(=O)(=O)c1ccccc1)CC2,0,50
hlm1067,COc1ccc(CC(N)c2nc(=O)c3cc(-c4cn[nH]c4)ccc3[nH]2)cc1,1,51
mmp4428,O=C(NCCNCC(O)COc1ccc(O)cc1)N1CCOCC1,0,35
pgpi0823,COc1cc(C=CC(=O)OCCCN(C)CCCOC(=O)c2cc(OC)c(OC)c(OC)c2)cc(OC)c1OC,1,63
pgps329,CC12CCC(=O)C=C1CCC1C2C(O)CC2(C)C(C(=O)CO)CCC12,0,46
pgpi2138,COc1cc2cc3c4cc(OC)c(OC)cc4cc[n+]3c(C)c2cc1OC,0,44
pgpi1268,CN(Cc1ccccc1)Cc1cn2c3c(cccc13)CCc1ccccc1-2,1,42
DILI0386,N=C(N)c1ccc(OCCCCCOc2ccc(C(=N)N)cc2)cc1,1,39
CYP2C9_4022,Cc1nc2cnc(OCc3ccccc3)nc2n(C)c1=O,0,32
BBB195,CNC1CCC(c2ccc(Cl)c(Cl)c2)c2ccccc21,1,34
CYP2C19_1093,O=C(c1cccc(F)c1)N1CCC2(CCCN(c3ccccn3)C2)CC1,1,43
hep1163,COc1cccc2c1cnn2-c1ccc(NC(=O)Nc2ccc(Cl)c(C(F)(F)F)c2)cc1,1,55
CYP2C9_4005,CC(=O)N1CCC2(CC1)CCN(c1ncccn1)CC2,0,33
hep0059,Nc1ccccc1NC(=O)c1ccc(CN(CCO)Cc2ccccc2)cc1,1,41
mmp1984,O=C(O)C(O)C(O)C(OC1OC(CO)C(O)C(O)C1O)C(O)CO,0,43
CYP2D6_6063,O=C(c1cccc(F)c1)N1CCC2(CC1)CCN(c1ccccc1)CC2,0,43
CYP2D6_7103,CCc1c(C(=O)OC)ncc2[nH]c3cc(OC)c(OC)cc3c12,0,41
pgpi0529,O=C(CCc1ccccc1)c1cc(Oc2ccccc2)ccc1OCC(O)CN1CCCCC1,1,49
CYP2D6_0742,Clc1ccccc1-c1cncnc1NCc1cccs1,1,28
CYP2C9_5214,CC(=O)NCCNc1ncnc2ccc(-c3cccc(NS(C)(=O)=O)c3)cc12,0,48
BBB100,OCCOCCN1CCN(C(c2ccccc2)c2ccc(Cl)cc2)CC1,1,39
CYP1A2_0866,Cn1c(=O)c(-c2cccc(Cl)c2)nc2cncnc21,1,34
BBB198,CCC1(C)CC(=O)NC1=O,0,18
DILI1084,CCCNC(C)C(=O)Nc1ccccc1C,0,23
hlm0730,CC(C)C1(C(=O)N2CC3CC2CN3C(=O)C2CCC2)CCC(NC2CCOCC2F)C1,1,53
ames2035,O=[N+]([O-])c1ccc(Br)cc1,1,24
hERG435,Cn1c(=O)c2c(nc(C=Cc3cccc(Cl)c3)n2C)n(C)c1=O,0,43
CYP3A4_05083,O=C(NC(c1ccccc1)C1CC1C(=O)NCc1ccccc1)OCc1ccccc1,0,47
CYP2C9_7731,COc1ccccc1N1CCN(CCCCN2C(=O)c3ccccc3C2=O)CC1,0,43
hep0785,Cc1cc2c(cc(=O)c1O)C13CCCC(C)(C)C1CC2OC3,1,39
hep5272,CCCCCCCCCCCCCCCCOP(=O)(O)OCC[N+](C)(C)C,0,39
pgps558,CNCCCN1c2ccccc2CCc2ccccc21,0,26
BBB322,O=c1[nH]c2ccccc2n1CCCN1CCC(n2c(=O)[nH]c3cc(Cl)ccc32)CC1,0,55
CYP1A2_3841,CN1CCN(c2ncncc2-c2ccc(C(=O)N(C)C)cc2)CC1,0,40
BBB155,CCCCCC(C)C,1,10
pgps675,COc1cc2c(c3oc(=O)c4c(c13)CCC4=O)C1C=COC1O2,0,42
hep0107,COc1cc(OC)cc(N2CCN(C(=O)Nc3nc4cccc(OC)c4nc3OC)CC2)c1,1,52
CYP2C9_7719,Cn1cnc2c(NCc3ccccc3)nc(NCCO)nc21,0,32
hERG562,O=C(Oc1ccccc1)c1ccccc1O,0,23
BBB118,CCCCCCCCC,1,9
CYP1A2_5305,Cc1nc2cnc(OCc3ccccc3)nc2n(Cc2ccc(F)cc2)c1=O,0,43
pgps028,CCC1=CC2CN(C1)Cc1c([nH]c3ccccc13)C(C(=O)OC)(c1cc3c(cc1OC)N(C)C1C(O)(C(=O)OC)C(OC(C)=O)C4(CC)C=CCN5CCC31C54)C2,1,109
CYP2C19_0418,Cc1cc(C(=O)NC(c2ccccc2)C2(C)CC2C(C)C(=O)Nc2ccc3ccccc3c2)no1,1,59
CYP3A4_09012,CC1=CC(=O)c2c(O)cccc2C1=O,0,25
ames2602,Cc1c(N)cc([N+](=O)[O-])c(N)c1C,1,30
pgps014,CC(=O)OC1=C2C(C)C(OC(=O)C(O)C(CC(C)C)NC(=O)OC(C)(C)C)C3OC(=O)OC3(C(OC(=O)c3ccccc3)C3C4(OC(C)=O)COC4CC(O)C3(C)C1=O)C2(C)C,1,120
CYP2C19_7387,CN(C)c1ccc(C(=C2C=CC(=[N+](C)C)C=C2)C2=C3C=CC(=S(=O)(O)O)C=C3C=C(S(=O)(=O)O)C2=O)cc1,0,84
CYP2C9_3819,O=C(O)CC(C(=O)O)C1c2ccccc2-c2ccccc21,0,36
hERG014,NCCC(O)c1cc2c(Cl)cc(Cl)cc2c2cc(C(F)(F)F)ccc12,1,45
pgpi0232,CC(C)COCC(CN(Cc1ccccc1)c1ccccc1)N1CCCC1,1,39
CYP2C9_6068,CNc1ncnc2ccc(-c3ccccc3C#N)cc12,0,30
pgpi2037,CNC1(c2ccccc2Cl)CCCCC1=O,0,24
CYP3A4_06729,N#CCCn1c(=O)c(-c2ccc(Cl)cc2)nc2cnc(Nc3ccccc3)nc21,0,49
CYP2C19_3193,N=C(N)NC(CCC(=O)O)C(=O)O,0,24
ames5983,CC(=O)OC(C(=O)c1ccccc1)c1ccccc1,0,31
pgps630,OCCN1CCN(CCCN2c3ccccc3Sc3ccc(Cl)cc32)CC1,0,40
pgpi0412,COc1cc2c(cc1OC)CN(CCc1ccc(NC(=O)c3ccc(N)cc3)cc1)CC2,1,51
CYP2D6_5865,COc1ccc(CNc2cc(-c3ccccc3CN(C)C)ncn2)c(OC)c1,0,43
CYP2C9_6854,O=C(O)c1ccc(C(=O)c2ccccc2)c(C(=O)O)c1,0,37
CYP2D6_2641,CC(C)(C)CC(C)(C)c1ccc(OCOCCOCCO)c(Cc2cc(C(C)(C)CC(C)(C)C)cc(Cc3cc(C(C)(C)CC(C)(C)C)ccc3OCOCCOCCO)c2OCOCCOCCO)c1,0,111
ames2966,C1CC2OC2CC1C1CO1,1,16
CYP2C9_5326,Fc1ccc(Nc2ncncc2-c2ccoc2)cc1,0,28
pgps811,COc1cc2c(c(OC)c1OC)-c1ccc(SC)c(=S)cc1C(NC(C)=O)CC2,1,50
CYP3A4_03940,CN(C)C(=O)Oc1cc(OC(=O)N(C)C)cc(C(O)CNC(C)(C)C)c1,0,48
CYP1A2_0456,N#CCCn1c(=O)c(-c2ccccc2)nc2cnc(Oc3cccc(Cl)c3)nc21,1,49
ames5566,CCOP(=S)(CC)Sc1ccccc1,0,21
CYP3A4_04096,C#CC1(O)CCC2C3CC=C4CC(=O)CCC4C3CCC21C,0,37
ames3214,CC(=O)OC1CC(C)OC(C)O1,1,21
BBB197,CCCC(=O)c1ccc2c(c1)N(CCCN1CCN(C)CC1)c1ccccc1S2,1,46
BBB160,CC(N)Cc1ccccc1,1,14
hep5290,CCCCCCCCCCCCCCCC[N+](C)(CCCCCCCCCCCCCCCC)Cc1cc(O)c2c(c1)C(=O)c1cc(OC)cc(O)c1C2=O,0,80
BBB088,CN1C(=O)CC(=O)N(c2ccccc2)c2cc(Cl)ccc21,1,38
CYP1A2_4361,COc1ccc(-n2c(=O)c(-c3ccc(F)cc3)nc3cnc(N4CCNCC4)nc32)cc1,0,55
mmp2794,COCC(=O)O,0,9
hep1150,O=C(CSc1nnc(-c2ccncc2)o1)NN=Cc1cc(Cl)ccc1O,1,42
pgps261,CC(=O)OCC(CCn1cnc2cnc(N)nc21)COC(C)=O,1,37
CYP2C9_4381,CN(C)C(=O)c1ccc(-c2cc(NCc3ccccc3)ncn2)cc1,0,41
CYP3A4_03892,CCOC(=O)c1ccc(OC(=O)CCCCCN=C(N)N)cc1,0,36
pgps551,COc1ccccc1NS(=O)(=O)c1cc(C(C)(C)C)ccc1OCCOc1ccc(C(C)(C)C)cc1S(=O)(=O)Nc1ccccc1OC,0,80
CYP2C19_5940,O=C(Nc1ccccc1)N1CCC2(CCCN(C(=O)Oc3ccccc3)C2)C1,0,46
hERG263,c1ccc(CN2CCCC(c3c(-c4ccccc4)[nH]c4ccccc34)C2)cc1,1,48
DILI1178,CNS(=O)(=O)CCc1ccc2[nH]cc(C3CCN(C)CC3)c2c1,0,42
mmp2548,C[N+](C)(CCCCCC[N+](C)(C)C1c2ccccc2-c2ccccc21)C1c2ccccc2-c2ccccc21,0,66
pgpi1351,CCCCNCC(O)Cn1c(C)c(C(=O)CCc2ccccc2)c(=O)n1-c1ccccc1,0,51
DILI0938,CC=C(C(=CC)c1ccc(O)cc1)c1ccc(O)cc1,0,34
pgpi1589,OCCNc1nc(N2CCCCC2)c2nc(NCCO)nc(N3CCCCC3)c2n1,0,44
BBB220,CN(C)Cc1ccc(CSCCNc2[nH]ccc2[N+](=O)[O-])o1,0,42
mmp3635,CC(O)CCCCn1c(=O)c2c(ncn2C)n(C)c1=O,0,34
hERG161,N#Cc1ccc(Cn2cncc2CNC2CCN(Cc3ccccc3)C2=O)cc1,1,43
DILI0740,C#CC1(OC(C)=O)CCC2C3CCC4=CC(OC(C)=O)CCC4C3CCC21C,1,48
mmp1100,O=C(O)CCCCCC(=O)O,0,17
CYP3A4_01246,CN(C)C(=O)c1ccc(-c2cncnc2NCCc2c[nH]cn2)cc1,1,42
pgps294,CC(c1ccccc1)(c1ccccc1)c1ccccc1,1,30
CYP2C19_2495,CC(C)C(CC(=O)NC1CCCCC1C(=O)NC(CC(=O)NC(CCC(=O)O)CC(=O)O)Cc1c[nH]c2ccccc12)NC(=O)CC(Cc1ccccc1)NC(=O)C1CCCCC1N,0,108
pgps035,CC(=O)OCOC(=O)CN(CC(=O)OCOC(C)=O)c1ccc(C)cc1OCCOc1cc(-c2c3cc(Cl)c(=O)cc-3oc3cc(OCOC(C)=O)c(Cl)cc23)ccc1N(CC(=O)OCOC(C)=O)CC(=O)OCOC(C)=O,1,136
hERG415,Cc1ccc2ccccc2c1C,0,16
ames0069,ClC(COCC(Cl)C(Cl)(Cl)Cl)C(Cl)(Cl)Cl,1,35
CYP1A2_4821,COc1cccc(-c2ccc3ncnc(NCCNC(C)=O)c3c2)c1,0,39
pgpi1555,Cc1ccc(C(=CCN2CCCC2)c2cccc(C=CC(=O)O)n2)cc1,0,43
mmp2309,COCCOCCO,0,8
CYP2D6_6730,Nc1ccc(N(S(=O)(=O)c2ccccc2)S(=O)(=O)c2ccccc2)c(Cl)c1,0,52
hep3268,Cc1c2nc3ccccc3c-2ccn1CCCc1ccccc1,0,32
CYP2D6_0142,COC12CC(COC(=O)c3cncc(Br)c3)CN(C)C1Cc1cn(C)c3cccc2c13,1,53
CYP3A4_04695,CCc1cccc2c(-c3ccccc3)c3c(nc12)OCC3,0,34
CYP3A4_08245,COc1ccc2[nH]c3cc4c(=O)c5cc(OC)ccc5[nH]c4cc3c(=O)c2c1,0,52
CYP1A2_4697,O=C(c1cccc(F)c1)N1CCC2(CC1)CN(Cc1ccccc1)C2,0,42
BBB229,COC(=O)C1C(=O)CC(=Nc2ccc(Cl)cc2)CC1C,0,36
CYP3A4_06079,O=C(Nc1cccc(F)c1)N1CCCC2(CCN(C(=O)c3csnn3)CC2)C1,0,48
ames2661,O=[N+]([O-])c1ccccc1C=Cc1ccccn1,1,31
BBB264,CC(C)(C)NCC(O)COc1cccc2c1CCC(=O)N2,0,34
hERG305,ClC1=C(Cl)C2(Cl)C3C(Cl)C=CC3C1(Cl)C2(Cl)Cl,0,42
CYP2C19_8100,N=C(N)N=C(N)Nc1cccc(Cl)c1,0,25
BBB087,CN1CCCC1c1cccnc1,1,16
ames3103,ONc1ccc(-c2ccccc2)cc1,1,21
mmp4440,CN1CCN(c2cc3c(nn2)Oc2ccccc2N3C)CC1,0,34
ames0495,Cc1ccc(N=NN(C)C)cc1,1,19
mmp3765,COc1ccc(OC)c(CC(C)N)c1,0,22
DILI0832,COc1ccc2c3c1OC1C(O)C=CC4C(C2)N(C)CCC341,0,39
CYP3A4_07245,COc1ccc(C2OC3C(CO)OC(n4cnc5c(=O)[nH]c(N)nc54)C3O2)cc1,0,53
pgps632,CN1C(=O)CN=C(c2ccccc2)c2cc(Cl)ccc21,0,35
CYP2D6_5183,CNc1ncncc1-c1ccccc1CN(C)C,0,25
CYP2C9_6485,Cc1ccc(C(=N)c2ccccc2Cc2cccc3ccccc23)c2ccccc12,0,45
CYP1A2_0994,CN(Cc1ccco1)c1ccnc(-c2cccnc2)n1,1,31
CYP2D6_1652,O=C1C2=CCc3c(c(O)n(-c4ccc(F)cc4F)c3O)C2C(O)C2OC12,0,49
CYP2D6_0423,CS(=O)(=O)N1CCC2(CC1)CN(C(c1ccccc1)c1ccccc1)C2,1,46
hlm2847,CC1CN(C(=O)c2ccccc2)CCN1C(=O)C(=O)c1c[nH]c2c(-c3nn[nH]n3)ccc(F)c12,0,66
CYP2C9_7433,CN(C)c1ccc(N=Nc2cccc3ccoc23)cc1,0,31
DILI1069,CCCN1CC(CSC)CC2c3cccc4[nH]cc(c34)CC21,0,37
pgps190,COc1cccc(CCc2ccccc2OCc2cccc(OC)c2OC)c1,1,38
hERG067,CCOC(=O)C1=C(COCCN)N=C(C)C(C(=O)OC)C1c1ccccc1Cl,1,47
CYP1A2_5138,Cc1noc(C)c1C(=O)N1CCCC2(CCN(C(c3ccccc3)c3ccccc3)C2)C1,0,53
CYP2C9_3576,CC12CCC(=O)C=C1CCC1C2CCC2(C)C(C(=O)Cn3cnc4c(=S)[nH]cnc43)CCC12,0,62
hERG114,O=C(NCC1CCCCN1)c1cc(OCC(F)(F)F)ccc1OCC(F)(F)F,1,45
hep1553,COc1cc(Cl)ccc1C(=S)Nc1cc(Br)ccc1O,1,33
CYP1A2_7449,CC(=O)Oc1ccccc1C(=O)O,0,21
pgpi0744,C=C1C(OC(C)=O)C(OC(C)=O)C(OC(C)=O)C(C)(C)C=CC(C)C(OC(C)=O)C2(O)CC(C)(OC(C)=O)C(OC(=O)c3ccccc3)C2C1OC(C)=O,1,105
pgpi1627,NCCCCNS(=O)(=O)c1ccc2ccccc2c1,0,29
ames2125,O=C(Cl)c1cccc([N+](=O)[O-])c1,1,29
hep0247,Cc1ncc([N+](=O)[O-])n1CC(=NNC(=O)c1ccccc1O)c1ccc(Br)cc1,1,55
CYP2C19_7784,O=C1c2ccccc2C(=O)C1c1ccccc1,0,27
pgps158,CC(C)(C)NCc1cc(Nc2ccnc3cc(Cl)ccc23)c2c(c1O)CCCC2,1,48
ames4930,CC=C1c2ccc(O)cc2C(C)C1c1ccc(O)cc1,0,33
hERG235,O=C(c1ccc(F)cc1)C1CCN(CCn2c(=O)[nH]c3ccccc3c2=O)CC1,1,51
CYP2C19_3951,COc1ccc(CC2C(=O)NC(C)C(=O)N(C)C3C(=O)N(C)C(Cc4ccc(O)c(c4)Oc4ccc(cc4)C3O)C(=O)NC(C)C(=O)NC(C)C(=O)N2C)cc1,0,104
pgps276,COC(=O)C(c1ccccc1Cl)N1CCc2sccc2C1,1,33
pgpi1421,O=C(NCCNCCCNC(=O)c1cc(-c2ccccc2)nc2ccccc12)c1cccc(OCc2ccccc2)c1OCc1ccccc1,0,73
ames5895,CC(C)c1ccccc1,0,13
CYP2D6_2072,COC1COC(=O)CC=CC(C)C(OC)COC(=O)C(COCc2ccccc2)NC(=O)CC=CC1C,0,58
CYP2D6_3517,COc1ccc2c(c1)c(CC(=O)O)c(C)n2C(=O)c1ccccc1,0,42
mmp1279,CCC(C)(Oc1ccc(C2(c3ccc(OC(C)(CC)C(=O)O)cc3)CCCCC2)cc1)C(=O)O,0,60
ames0100,Cc1c([N+](=O)[O-])c2ccccc2c2ccc3ccccc3c12,1,41
hlm3102,CN1CCN(c2cc(Cl)c(C(=O)Nc3cccc(-c4nc5ccccc5s4)c3)cc2[N+](=O)[O-])CC1,0,67
pgps155,CNC(C(=O)NC(C(=O)N(C)C(C=C(C)C(=O)O)C(C)C)C(C)(C)C)C(C)(C)c1ccccc1,1,66
hlm0833,COc1ccc2[nH]c(SCC(C)C)nc2c1,1,27
BBB339,CC(=O)Oc1ccccc1C(=O)O,0,21
CYP2C19_6104,Cn1cc(-c2nc3cnc(OCc4ccccc4)nc3n(CCC#N)c2=O)c2ccccc21,0,52
CYP2C19_7641,CN1CCN(C(c2ccccc2)c2ccccc2)CC1,0,30
CYP2C19_1401,Nc1ccc(CCN2CCN(c3cccc(C(F)(F)F)c3)CC2)cc1,1,41
BBB159,CCCC(C)CC,1,9
mmp3248,O=C1CCCCCCCCCCOCCCCO1,0,21
hERG564,CCCN1CCCC2Cc3[nH]ncc3CC21,0,25
pgpi1286,C=CCNc1nc(NCC=C)nc(N2CCC(NCC34CCC(c5ccccc53)c3ccccc34)CC2)n1,1,60
BBB238,CN=C(NC#N)NCCSCc1csc(=NC(=N)N)[nH]1,0,35
DILI0416,CCOC(=O)C(CCc1ccccc1)NC(C)C(=O)N1C(C(=O)O)CC2CCCC21,1,51
CYP1A2_2270,CC12CCC(=O)C=C1CCC1C2C(O)CC2(C)C1CCC2(O)C(=O)CO,0,47
CYP3A4_09472,ClC1=C(Cl)C(Cl)(Cl)C(Cl)=C1Cl,0,29
BBB312,O=C(O)c1ccccc1O,0,15
CYP3A4_07527,CN(C)Cc1ccc(-c2cc3onc(-c4ccccc4)c3c(=O)n2C)cc1,0,46
hERG667,ClC(Cl)=C(c1ccc(Cl)cc1)c1ccc(Cl)cc1,0,35
hep1521,Cc1nc(N)c2c(I)cn(C3OC(CO)C(O)C3O)c2n1,1,37
CYP2D6_5100,O=C(Nc1cccc(F)c1)N1CC2(CCN(C(=O)c3cc(C(F)(F)F)cc(C(F)(F)F)c3)CC2)C1,0,67
hlm1500,CC(C)CCn1nc(-c2cccs2)c(=O)c(C2=NS(=O)(=O)c3cc(=CCC(N)=O)ccc3=N2)c1O,0,67
CYP3A4_01701,Cc1ccccc1-c1nc(-n2ccnc2)c2ccccc2n1,1,34
hlm2629,COc1ccc2[nH]c(SCCCO)nc2c1,0,25
ames6000,O=c1c(-c2ccc(O)cc2)coc2cc(O)ccc12,0,33
hep3030,COc1ccc(C=Cc2cc(OC)cc(OC)c2C=CC(=O)c2cccc(OC)c2)cc1,0,51
CYP1A2_1578,C1=CN2Cc3cccc(c3)CN3C=CC(=NCc4ccc(cc4)CN=C1c1ccccc12)c1ccccc13,0,62
CYP1A2_2798,CCc1ccccc1OCC(O)CNC1CCCc2ccccc21,0,32
DILI0643,COc1ccccc1Oc1c(NS(=O)(=O)c2ccc(C(C)(C)C)cc2)nc(-c2ncccn2)nc1OCCO,1,64
CYP2C9_6441,Cn1c(=O)c2c(ncn2CCSS(=O)(=O)O)n(C)c1=O,0,38
hlm1275,CCc1nc(N)nc(N)c1-c1ccc2c(c1)N(CCCC#N)C(=O)C(C)(c1cc(F)cc(F)c1)O2,0,64
pgps209,CCC(=C(c1ccc(O)cc1)c1ccc(OCCNC)cc1)c1ccccc1,1,43
mmp4884,COc1ccc(C=Cc2cc(OC)cc(=O)o2)cc1,0,31
ames3465,Cc1ccc(N)cc1C,1,13
mmp4325,CCN(CC)CC1CCCCN1CC(=O)N1c2ccccc2C(=O)Nc2cccnc21,0,47
hep5011,CC1CCC2(OC1)OC1CC3C4CC=C5CC(OC6OC(CO)C(O)C(O)C6NC(=O)NC6CC6)CCC5(C)C4CCC3(C)C1C2C,0,81
hlm1414,CS(=O)(=O)Nc1ccc2c(c1)S(=O)(=O)N=C(c1c(O)c(-c3cccs3)nn(CCC3CCCCC3)c1=O)N2,0,73
CYP2C9_4801,N#CCCn1c(=O)cnc2cnc(N3CCOCC3)nc21,0,33
CYP2D6_4829,Cn1cc(-c2nc3cnc(Oc4ccccc4)nc3n(CCC#N)c2=O)c2ccccc21,0,51
hlm0393,CC1CN(C(c2ccc(F)cc2)c2nnnn2Cc2ccccc2)CC(C)N1C1CCC1,1,50
CYP2D6_6429,O=C(C[N+]1(c2ccccc2)CCOCC1)c1ccccc1,0,35
mmp2174,C=CC=O,0,6
ames4973,O=[N+]([O-])c1ccccc1Nc1ccccc1,0,29
hlm2464,CC(=O)OC12COC1CC(O)C1(C)C(=O)C(=O)C3C(C)C(OC(=O)C(O)C(NC(=O)OC(C)(C)C(F)(F)F)c4ccccc4)CC(O)(C(OC(=O)c4ccccc4)C21)C3(C)C,0,119
hep3626,O=C(Cn1c(CSc2ccccc2)nc2ccccc21)NN=Cc1c[nH]c2ccccc12,0,51
ames3548,COc1nncc2ccncc12,0,16
pgps714,BrCC=CC[P+](c1ccccc1)(c1ccccc1)c1ccccc1,1,39
CYP2C19_5627,O=C(c1ccncc1)N1CCC2(CC1)CN(Cc1ccccc1)C2,0,39
DILI0965,CC(C)C(=O)Oc1ccc(CO)cc1C(CCN(C(C)C)C(C)C)c1ccccc1,0,49
CYP1A2_6510,Cc1cc(C)c2c(SCc3ccc(Cl)cc3Cl)nc(N)nc2n1,0,39
hlm1731,COCCOc1ccc(C2CN(NS(C)(=O)=O)C(=O)N2CCc2ccc(OC)cc2)cc1,0,53
ames0885,Nc1ccc([N+](=O)[O-])cc1[N+](=O)[O-],1,35
DILI1244,CC12CCC(=O)C=C1CCC1C3CCC(O)(C(=O)CO)C3(C)CC(O)C12F,0,50
hlm2479,O=S(=O)(Nc1ccccc1)c1cccc(C=CC(O)=NO)c1,0,38
pgps709,C#CCN(C)C(C)Cc1ccccc1,0,21
CYP1A2_5924,COc1cc(C(O)CN)ccc1O,0,19
hep3000,COc1ccc(-c2c(C#N)c(-c3ccc([N+](=O)[O-])cc3)nc3c2c(-c2cccnc2)nn3-c2ccccc2)cc1,0,76
ames4497,O=C(O)CCC(=O)Nc1cc(Cl)c(Cl)c(Cl)c1,0,34
CYP2D6_2092,O=C1c2ccccc2C(=O)c2c(Nc3cc4c5c(ccc6c7ccc8c9c(cc(Nc%10cccc%11c%10C(=O)c%10ccccc%10C%11=O)c(c3c56)c97)-c3ccccc3C8=O)C(=O)c3ccccc3-4)cccc21,0,136
mmp1963,Nc1ccc(Cl)c(Cl)c1,0,17
mmp0889,CON=C(C1=NOCCO1)c1ccccc1Oc1ncnc(Oc2ccccc2Cl)c1F,1,47
hep0288,COc1ccc(C=CC(=O)c2ccc(OC)c3c2OC(C)(C)C=C3)cc1OC(=O)C(C)C,1,56
CYP3A4_01791,O=c1c(CCc2ccccc2)nc2cnc(Oc3cccc(Cl)c3)nc2n1CC1CCCO1,1,51
BBB214,N#CC(c1ccc(Cl)cc1)c1c(Cl)cc(-n2ncc(=O)[nH]c2=O)cc1Cl,0,52
CYP2D6_3949,CSc1ncnc2c1ncn2CC(=O)C1CCC2C3CC=C4CC(=O)CCC4(C)C3CCC12C,0,55
hep1104,N#Cc1c(-c2ccccc2)cn(-c2ccc(S(=O)(=O)Nc3nccs3)cc2)c1NC(=O)CCC(=O)O,1,65
CYP2C9_4946,COCCn1c(=O)c(-c2ccc(Cl)cc2)nc2cnc(N(C)C)nc21,0,44
hep5211,COc1ccc2nc3cc(Cl)ccc3c(Nc3ccc(C(=O)O)c(O)c3)c2c1,0,48
hep5070,CCC1OC(=O)C(C)C(O)C(C)C(OC2OC(C)CC(N(C)C)C2O)C(C)(O)CC(C)CN(CCCNCc2cccnc2)C(C)C(O)C1(C)O,0,88
CYP3A4_06847,Cn1cccc1C(=O)N1CCC2(CC1)CN(c1cccc(-c3ccccc3)c1)C2,0,49
CYP3A4_03818,COC(=O)C=CC(=O)NC1CCC2(O)C3Cc4ccc(O)c5c4C2(CCN3CC2CC2)C1O5,0,58
pgps398,CN1CCN(C2=Nc3cc(Cl)ccc3Nc3ccccc32)CC1,0,37
pgpi1540,CC(=O)CC(c1ccccc1)c1c(O)c2ccccc2oc1=O,0,37
CYP2D6_0625,O=C(c1ccco1)N1CCCC2(CCN(Cc3ccccc3)C2)C1,1,39
BBB294,COc1cc(C2c3cc4c(cc3C(OC3OC5COC(C)OC5C(O)C3O)C3COC(=O)C23)OCO4)cc(OC)c1O,0,71
DILI0154,CON=C(C(=O)NC1C(=O)N2C(C(=O)O)=C(CSc3nc(C)c(CC(=O)O)s3)CSC12)c1csc(N)n1,1,71
pgps625,CN(CCCl)CCCl,0,12
pgps002,Cc1c2oc3c(C)ccc(C(=O)NC4C(=O)NC(C(C)C)C(=O)N5CCCC5C(=O)N(C)CC(=O)N(C)C(C(C)C)C(=O)OC4C)c3nc-2c(C(=O)NC2C(O)=NC(C(C)C)C(=O)N3CCCC3C(=O)N(C)CC(=O)N(C)C(C(C)C)C(=O)OC2C)c(N)c1=O,1,174
CYP2D6_0095,COC(=O)C=CC(=O)NC1CCC2(O)C3Cc4ccc(O)c5c4C2(CCN3CC2CC2)C1O5,1,58
pgps178,Cc1c2ccnc(C(=O)NCCN(C)C)c2cc2c3cc(O)ccc3n(C)c12,1,47
ames2106,CS(=O)(=O)Nc1ccc(Nc2c3ccccc3nc3cc(N=[N+]=[N-])ccc23)cc1,1,55
CYP1A2_1144,Clc1ccc(C=Nc2ccc3c(c2)Cc2ccccc2-3)c(Cl)c1,1,41
hERG657,CC(C)CC(NC(=O)C(O)C(N)Cc1ccccc1)C(=O)O,0,38
ames6167,C=C(C)C1C=CC(C)C(=O)C1,0,22
DILI1222,COc1cc(NC(C)CCCN)c2ncccc2c1,0,27
ames1931,O=c1c(O)c(-c2ccc(O)cc2)oc2cc(O)cc(O)c12,1,39
ames4719,CCCCC(CC)COC(=O)c1ccc(C(=O)O)cc1,0,32
DILI0989,O=C1CN=C(c2ccccc2)c2cc(Cl)ccc2N1CC(F)(F)F,0,41
CYP1A2_7471,Nc1nc(=O)c2ncn(COCCO)c2[nH]1,0,28
hlm2059,Cc1nc2ccccc2n1Cc1ccc(C(=O)N(C)C2CCN(C(C)C)C2)cc1,0,48
mmp5269,COCCCOc1ccnc(C[S+]([O-])c2nc3ccccc3[nH]2)c1C,0,44
hlm0209,CC(C)c1ccccc1N1CCC(C(=O)Nc2ccc3c(c2)NC(=O)CO3)CC1,1,49
pgpi1675,Nc1nc(N)c2nc(-c3ccccc3)c(N)nc2n1,0,32
mmp3972,C[N+]1(CCC(C(N)=O)(c2ccccc2)c2ccccc2)CCCCC1,0,43
hlm0704,CN(C)C1CCN(C(=O)c2ccc(NC(=O)Nc3ccc(-c4nc(OC5CCOC5)nc(N5CCOCC5)n4)cc3)cc2)CC1,1,76
hep2895,C=C(C)C1CCC2(C(=O)NC(CCSC)C(=O)NC(CCSC)C(=O)OC)CCC3(C)C(CCC4C5(C)CCC(O)C(C)(CO)C5CCC43C)C12,0,91
BBB026,CN(C)c1ccccc1Sc1ccc(CCF)cc1N,1,28
CYP2C9_4448,COc1ccc2[nH]cc(CCNc3ncncc3-c3ccccc3CN(C)C)c2c1,0,46
CYP3A4_08386,CCNC(=O)N1CCN(CCCC(c2ccc(F)cc2)c2ccc(F)cc2)CC1,0,46
hep1847,CC1(C)CCCC(C)(C2CCC3(C)C2C(O)CC2C4(C)CCC(OC(=O)C5CCCN5)C(C)(C)C4CCC23C)O1,1,73
mmp1786,CCC(C)(O)CCCC(C)C,0,17
hep4864,Nc1nc(N)c2c(-c3cc4ccccc4o3)cn(C3OC(CO)C(O)C3O)c2n1,0,50
pgpi2269,O=c1cc(-c2ccc(O)cc2)oc2cc(O)cc(O)c12,0,36
CYP3A4_04116,CC(C)CC(NP(=O)(O)OC1OC(C)C(O)C(O)C1O)C(=O)NC(Cc1c[nH]c2ccccc12)C(=O)O,0,69
CYP2D6_6102,COc1ccc(OC)c2c(=S)c3ccccc3[nH]c12,0,33
DILI0412,OCCOCCN1CCN(C2=Nc3ccccc3Sc3ccccc32)CC1,1,38
CYP2C19_6061,O=C(c1cc(C(F)(F)F)cc(C(F)(F)F)c1)N1CCCC2(CCN(c3ccccn3)C2)C1,0,59
CYP2D6_0300,CC(NCC(O)CP(=O)(O)Cc1ccccc1)c1ccc(Cl)c(Cl)c1,1,44
CYP3A4_02405,O=C1C2(Cl)C3(Cl)C4(Cl)C(Cl)(Cl)C5(Cl)C3(Cl)C1(Cl)C5(Cl)C24Cl,1,60
BBB073,O=C1N=C(c2ccccc2Cl)c2cc(Cl)ccc2NC1O,1,35
BBB045,COc1cccc(CC2CCN(C3CCC(OC)(c4ccc5c(c4)OCO5)CC3)CC2)c1,1,52
mmp2314,CCCCCCCCC,0,9
DILI1208,COCCCCC(=NOCCN)c1ccc(C(F)(F)F)cc1,0,33
pgpi0235,COC(=O)C1C2CC3c4[nH]c5cc(OC)ccc5c4CCN3CC2CC(OC(=O)C=Cc2cc(OC)c(OC)c(OC)c2)C1OC,1,78
ames5138,FC(F)=C(F)Cl,0,12
BBB268,COc1ccc(N(c2nc(C)c(C)s2)S(C)(=O)=O)cc1CNC1CCCNC1c1ccccc1,0,56
pgps706,CCCC(NC(=O)c1ccc(NCC(N)CS)cc1-c1ccccc1)C(=O)OC,0,46
pgps563,Cc1cc(-c2ccco2)c(C#N)c(=S)n1C1OC(CO)C(O)C(O)C1O,0,47
BBB095,ClC(Cl)=C(Cl)Cl,1,15
ames0406,CN(C(=O)c1csc([N+](=O)[O-])c1)c1ccccc1,1,38
CYP2C9_3819,O=C(O)CC(C(=O)O)C1c2ccccc2-c2ccccc21,0,36
CYP2C19_5449,O=C(c1ccncc1)N1CCCC2(CCN(c3cccc(-c4ccccc4)c3)C2)C1,0,50
hERG155,CCN=C(c1ccc(OC)c(OC)c1)N1CCCc2cc(C3=NNC(=O)SC3C)ccc21,1,53
BBB126,CCCCCOC(C)=O,1,12
CYP2C9_5027,O=C(c1cnccn1)N1CCC2(CC1)CCN(c1ccccc1)CC2,0,40
CYP3A4_09293,Cc1cc(C)cc([N+](=O)[O-])c1,0,26
DILI0325,CCl,1,3
CYP2D6_4735,O=C(c1cc(C(F)(F)F)cc(C(F)(F)F)c1)N1CCC2(CC1)CN(c1ccccc1)C2,0,58
hlm0426,O=C(c1ccc(N2CCOCC2)nc1)N1CCC(NS(=O)(=O)c2cc(S(=O)(=O)c3ccccc3)ccc2C(F)(F)F)CC1,1,78
CYP1A2_3134,COC(=O)C1(Cc2ccc(OC)cc2)C2c3cc(C(=O)N(C)C)n(Cc4ccsc4Br)c3CC2CN1C(=O)c1ccccc1,0,76
hERG405,CC(C)(CO)Cc1cc(C(C)(C)C)c(O)c(C(C)(C)C)c1,0,41
pgpi1257,CN1CCC(=C2c3ccccc3Sc3ccccc32)CC1,1,32
CYP3A4_06580,COCCNc1nc(-c2ccc(N(C)C)cc2)nc2ccccc12,0,37
ames3329,Nc1ccc(Cc2ccc(N)c(Cl)c2)cc1Cl,1,29
CYP3A4_02693,OCC1OC(c2ccccc2)C=CC1Oc1cc(Cl)cc(Cl)c1,0,38
ames3508,Cc1ccc(N=Nc2c(O)c(C(=O)O)cc3ccccc23)c(S(=O)(=O)O)c1,0,51
pgps283,CC(C)NCC(O)COc1ccc(CCNC(=O)NC(C)C)cc1,1,37
CYP2D6_0624,COc1ccc2[nH]cc(CCNc3ccnc(-c4ccc5c(c4)OCO5)n3)c2c1,1,49
CYP1A2_4879,COc1ccc(NC(=O)N2CCC3(CC2)CCN(C(=O)c2cnccn2)CC3)cc1,0,50
CYP2C19_1686,CCCCCCC1=Cc2cc(OC)c(OC)cc2C(C2(C(=O)OCC)CCCC2=O)O1,0,50
pgps553,Nc1c2c(nc3ccccc13)CCCC2,0,23
BBB157,CN(C)CCC=C1c2ccccc2CCc2ccccc21,1,30
hep5743,C=CCc1ccc(OCCC)c(-c2ccc(OCCC)c(CC=C)c2)c1,0,41
CYP2D6_2734,CC(=O)C1(O)CCC2C3CC(C)=C4CC(=O)C=CC4(C)C3(F)C(O)CC21C,0,53
DILI0841,Clc1ccc(CSC(Cn2ccnc2)c2ccc(Cl)cc2Cl)cc1,0,39
BBB179,CN(C)CCCN1c2ccccc2Sc2ccc(Cl)cc21,1,32
BBB052,COc1ccccc1CNC1CCCNC1c1ccccc1,1,28
pgps689,Nc1ncnc2c1ncn2CCOCP(=O)(O)O,0,27
CYP2D6_5622,CC(C)NC(=O)N1CCC2(CC1)CCN(C(=O)c1cc(C(F)(F)F)cc(C(F)(F)F)c1)CC2,0,63
hep1054,Clc1cccc(Nc2ncnc3ccc(NCc4cccs4)cc23)c1,1,38
CYP2D6_5642,COc1ccc(-c2nc3cnc(OC)nc3n(CC3CCCO3)c2=O)cc1,0,43
CYP3A4_02112,CC(C)(CN)SCc1ccccc1,1,19
hep3366,COc1cc(-c2nc3sc4c(c3c(=O)n2-c2nc3cc([N+](=O)[O-])ccc3s2)CCCC4)cc(OC)c1OC,0,72
pgps366,CC(C)CN1CN(c2ccccc2)C2(CCN(CC(C)(c3ccc(F)cc3)C3OCCO3)CC2)C1=O,0,61
hERG447,CCCCOC(=O)NS(=O)(=O)c1sc(CC(C)C)cc1-c1ccc(Cn2c(CC)nc3c(C)cc(C)nc32)cc1,0,70
CYP2D6_3460,CC(Cc1ccc2c(c1)OC(C(=O)O)(C(=O)O)O2)NCC(O)c1cccc(Cl)c1,0,54
CYP2C19_6212,O=C(c1cccc(F)c1)N1CCC2(CCCN(Cc3cc(C(F)(F)F)cc(C(F)(F)F)c3)C2)CC1,0,64
pgps786,COC(=O)OC1=C2C(C)C(OC(=O)C(=O)C(CC(C)C)NC(=O)OC(C)(C)C)C3OC(=O)OC3(C(OC(=O)c3ccccc3)C3C4(OC(C)=O)COC4CC(O)C3(C)C1=O)C2(C)C,1,122
hlm1932,CCS(=O)(=O)c1cccc(Oc2ccc(Cl)c(-n3cnc4c(C(F)(F)F)cccc43)c2)c1,0,60
hep5491,CCN(CC)CCCCNCc1cc2c3ccccc3n(C)c2cn1,0,35
hep0898,COc1ccc(-c2cc(C(=O)C=Cc3cc(OC)c(OC)c(OC)c3)ccc2N)cc1OC,1,54
mmp5977,COc1ccccc1C=O,0,13
hERG286,O=C1OC(c2ccc(O)cc2)(c2ccc(O)cc2)c2ccccc21,0,41
CYP2C19_0532,COc1ccc(C(Nc2ccccn2)c2cc(C(C)(C)C)cc(C(C)(C)C)c2O)cc1,1,53
pgps507,c1ccc2c(c1)cc1ccc3cccc4ccc2c1c34,0,32
CYP2C9_1365,CCOC(=O)CCn1c(O)c2c(c1O)C1C(CC2)C(=NOCC=C(C)CCC=C(C)C)CC(O)C1O,0,62
hlm2820,O=C1COCCN1c1ccc(C2CC(c3ccc([N+](=O)[O-])o3)=NO2)cc1,0,51
hlm1509,COc1cc(-c2cn[nH]c2)ccc1NC(=O)C1COc2ccc(Cl)cc2C1,0,47
CYP2C9_3528,NCC(Cc1ccccc1)P(=O)(O)O,0,23
CYP2C19_2135,CC(CCN1CCCc2nc(C)c(C)cc21)=NOC(C)c1cn(C2COCC2O)nn1,0,50
CYP2C9_8043,Oc1ccc(O)cc1,0,12
CYP1A2_6950,O=C(Nc1ccc2ncccc2c1)Nc1ccc2ncccc2c1,0,35
pgps382,CN(C)CCOC(C)(c1ccccc1)c1ccccn1,0,30
pgps384,COC(=O)C1C(O)CCC2CN3CCc4c([nH]c5ccccc45)C3CC21,0,46
DILI1358,CC(C)NCC(O)COc1cccc2[nH]ccc12,0,29
DILI0880,CCOC(=O)OC(C)OC(=O)C1N2C(=O)C(NC(=O)C(N)c3ccccc3)C2SC1(C)C,0,58
CYP2D6_1446,COc1ccc(C=CN(CCc2ccc(OC)c(OC)c2)C(=O)c2ccccn2)cc1,0,49
hep0606,C=C1C(=O)C23CC1CC(OC(C)=O)C2C1(C)C(O)CC(O)C(C)(C)C1C(OC(C)=O)C3OC(C)=O,1,70
ames0003,OC1C=Cc2c(ccc3c(Br)c4ccccc4cc23)C1O,1,35
ames2674,c1ccc2c(OCC3CO3)nsc2c1,1,22
pgps160,COc1ccc(C2=NC(c3ccc(Cl)cc3)C(c3ccc(Cl)cc3)N2C(=O)N2CCNC(=O)C2)c(OC(C)C)c1,1,73
hep2860,CC=C(C)C(=O)OC1C(O)C(OC2C(OC(C)=O)C3(CO)C(O)CC4(C)C(=CCC5C6(C)CCC(OC7OC(C(=O)O)C(O)C(O)C7OC7OC(CO)C(O)C(O)C7O)C(C)(CO)C6CCC54C)C3CC2(C)C)OC(C)C1OC(C)=O,0,151
hERG586,COCC(O)COc1cn2ncnc(Oc3ccc4[nH]c(C)cc4c3F)c2c1C,0,46
DILI1180,COC(=O)C1=C(C)N=C(C)C(C(=O)OCC(C)C)C1c1ccccc1[N+](=O)[O-],0,57
CYP3A4_05410,CC(O)(CNS(=O)(=O)c1ccccc1)c1ccccc1,0,34
CYP1A2_4433,COc1ccc(C(=O)N2CCCC3(CCN(C(=O)NC(C)C)C3)C2)cc1,0,46
hERG185,CN1CCCC(c2c(-c3ccccc3)[nH]c3ccccc23)C1,1,38
DILI0529,CC(=O)Nc1nnc(S(N)(=O)=O)s1,1,26
DILI0289,O=C(CCCCC(=O)Nc1c(I)cc(I)c(C(=O)O)c1I)Nc1c(I)cc(I)c(C(=O)O)c1I,1,62
CYP2D6_6648,COc1ccc(N(CC(=O)O)N=O)cc1,0,25
hlm0575,Fc1ccc(C(c2nnnn2Cc2ccccc2)N2CCCN(C3CCC3)CC2)cc1,1,47
CYP2D6_5919,COCCn1c(=O)c(-c2cccc(C#N)c2)nc2cnc(Oc3cccc(Cl)c3)nc21,0,53
CYP2C19_5067,CN1CCCC2(CCN(C(=O)c3ccco3)CC2)C1,0,32
CYP2C19_3521,COc1ccc2c(c1)C13CCCCC1C(C2)N(C)CC3,0,34
hERG580,CCN(CC)CCOCCOC(=O)C1(c2ccccc2)CCCC1,0,35
hlm0151,O=S(=O)(c1ccc(Cl)c(Cl)c1)N1CCN(c2ccccc2C(F)(F)F)CC1,1,51
CYP3A4_00853,CC(C)=CCCC(C)=CCOc1c2occc2cc2ccc(=O)oc12,1,40
CYP1A2_7209,CN(C)CCCCSC(=N)N,0,16
CYP2D6_4687,CN1CCN(c2ncc3nc(CCc4ccccc4)c(=O)n(CCc4ccccc4)c3n2)CC1,0,53
CYP3A4_07850,CC1(CCC(=O)OC2CCCCC2)OCCO1,0,26
ames6455,CCCCC(CC)COP(=O)(OCC(CC)CCCC)OCC(CC)CCCC,0,40
pgpi0422,COc1cc2c(cc1OC)CN(CCc1ccc(NC(=O)c3cccc4ccccc34)cc1)CC2,1,54
hep2342,CC(O)C(NC(=O)C(Cc1c[nH]c2ccccc12)NC(=O)C(N)Cc1c[nH]c2ccccc12)C(=O)OCc1ccccc1,0,76
pgpi0973,Clc1ccc(C2(Cn3ccnc3)OCC(COc3ccc(-n4ccnc4)cc3)O2)c(Cl)c1,1,55
DILI0258,CC(OC1OCCN(Cc2nc(=O)n(P(=O)(O)O)[nH]2)C1c1ccc(F)cc1)c1cc(C(F)(F)F)cc(C(F)(F)F)c1,1,80
pgps403,O=C1CCC2(O)C3Cc4ccc(O)c5c4C2(CCN3CC2CC2)C1O5,0,44
CYP2D6_2305,CC(C)C(CC(=O)NC1CCNCC1C(=O)NC(CC(=O)NC(CCC(=O)O)CC(=O)O)Cc1ccccc1)NC(=O)CC(Cc1c[nH]c2ccccc12)NC(=O)C1CNCCC1N,0,108
CYP1A2_6859,C=CCOc1ccccc1OCC(O)CNC(C)C,0,26
hlm0427,COc1cc(N2CCN(C3CCN(c4ccc(F)c5cc(F)cnc45)CC3)CC2)c2ncccc2c1,1,58
pgps291,COc1ccc(C(CN(C)C)C2(O)CCCCC2)cc1,1,32
hlm2214,Cc1nc(N2CCCC(N)C2)n(Cc2ccccc2C#N)c(=O)c1C,0,41
CYP2C9_7157,CC(=O)OCCNC(=O)c1cccnc1,0,23
CYP2C9_6919,Cc1cc(C)c(O)c(Cc2cccc(Cc3cc(C)cc(C)c3O)c2O)c1,0,45
CYP1A2_6817,CCN(CC)CCOc1ccc(Cc2ccccc2)cc1,0,29
hlm0066,CCN(C(=O)CCC(=O)Nc1ccc(-c2ccc(OCC(=O)O)cc2)cc1Cl)c1ccc(C(C)(C)C)cc1Cl,1,69
CYP2C9_0059,CC(CCC(=O)OCC1OC(C#Cc2ccccc2)C=CC1Oc1ccc(C)cc1)=NOC(C)c1cn(C2COCC2O)nn1,1,71
hep0417,O=C(NP1(=O)NCCCO1)c1ccc([N+](=O)[O-])cc1,1,40
CYP3A4_04802,NS(=O)(=O)c1nc(S(=O)(=O)O)c2[nH]cnc2n1,0,38
pgpi0225,CC(C)(C)NC(=O)C1CC2CCCCC2CN1CC(O)C(Cc1ccccc1)NC(=O)C(CC(N)=O)NC(=O)c1ccc2ccccc2n1,1,81
pgps117,Cc1ccc(C(=CCN2CCCC2)c2cccc(C=CC(=O)N3CCOCC3)n2)cc1,1,50
hlm0081,COc1cc2nc(N3CCCN(C(=O)N4CCOCC4)CC3)cc(N)c2c(-c2ccccc2)c1OC,1,58
BBB233,COc1cc2nc(N3CCN(C(=O)c4ccco4)CC3)nc(N)c2cc1OC,0,45
CYP2C19_3685,COc1ccc(CCNCC(O)c2ccc(O)cc2)cc1OC,0,33
DILI0905,CCN(CC)CCOC(=O)c1ccc(N)cc1Cl,0,28
mmp4869,CC1OC(OCC2OC(Oc3c(-c4ccc(O)c(O)c4)oc4cc(O)cc(O)c4c3=O)C(O)C(O)C2O)C(O)C(O)C1O,0,77
CYP2C9_5543,N#Cc1ccc(CN2CC3(CCN(C(=O)c4cccc(F)c4)CC3)C2)cc1,0,47
pgps278,O=C(O)COCCN1CCN(C(c2ccccc2)c2ccc(Cl)cc2)CC1,1,43
ames4475,CC(=O)OC1C(=O)OC2C(OC(C)=O)C(=O)OC12,0,36
CYP2C19_2307,CCC(C)C(=O)OC1C(O)C2C(CN3CC(C)CCC3C2(C)O)C2CC34OC5(O)C(OC(=O)C(C)(O)CC)CCC3(C)C5C(OC(C)=O)C(OC(C)=O)C4C21O,0,106
mmp4456,CCNCC(O)c1cccc(O)c1,0,19
DILI0910,NS(=O)(=O)c1cc(C2(O)NC(=O)c3ccccc32)ccc1Cl,0,42
mmp0512,O=C(NCc1cccnc1)Nc1ccc([N+](=O)[O-])cc1,1,38
CYP1A2_6871,CC1NCCc2cc(O)c(O)cc21,0,21
mmp2382,CCCCOCCOC(=O)c1ccccc1C(=O)OCCOCCCC,0,34
CYP1A2_0917,COc1ccc2[nH]cc(CCNc3cc(-c4ccccc4OC)ncn3)c2c1,1,44
CYP2C19_3816,CC(Cc1ccccc1)C(=O)NCc1ccccn1,0,28
CYP3A4_06040,O=C(c1cccc(F)c1)N1CCCC2(CCN(Cc3ccccc3)C2)C1,0,43
mmp2834,Cc1cc(OC(=O)N(C)C)nn1C(=O)N(C)C,0,31
CYP3A4_05178,CN1CCN(c2ccc([N+](=O)[O-])c3[nH]o[n+](=O)c23)CC1,0,48
hERG623,COC(=O)c1c(C)[nH]c(C)c1C(=O)c1ccccc1Cc1ccccc1,0,45
CYP2C9_2386,O=c1cc(-c2ccc(O)cc2)oc2c(C3OC(CO)C(O)C(O)C3O)c(O)cc(O)c12,0,57
hERG671,CN(C)CCOC(c1ccccc1)c1ccccc1,0,27
DILI0012,Cc1cn(C2CC(N=[N+]=[N-])C(CO)O2)c(=O)[nH]c1=O,1,44
mmp6018,NC(=O)c1ccc(N)nc1,0,17
hlm0153,Cc1noc(C(NC(=O)n2c(=O)n(CCN3CCOCC3)c3ccccc32)C(C)(C)C)n1,1,56
BBB058,COc1ccc(C(C)(C)C)cc1CNC1CCCNC1c1ccccc1,1,38
hep1419,COc1ccc(C=CC(=O)c2ccc(OC)c3c2OC(C)(C)C=C3)cc1OCCCN(C)C,1,54
hERG521,COc1ccc2c(c1OC)C(=O)OC2C1c2cc3c(cc2CCN1C)OCO3,0,45
CYP1A2_5416,COCC(=O)N1CCC2(CCCN(c3ccccn3)C2)CC1,0,35
pgpi1001,COc1cc2c(cc1OC)C(CCc1ccc(O)cc1)N(C)CC2,1,38
DILI1111,C=CCC1(C(C)CCC)C(=O)NC(=O)NC1=O,0,31
ames5490,O=c1[nH]c2ccccc2n1C1CCN(CCCC(c2ccc(F)cc2)c2ccc(F)cc2)CC1,0,56
pgps502,COC1C2=C(CC2)C2C3Cc4cccc5c4C2(CCN3C)C1O5,0,40
DILI0422,CC(=O)OCC(=O)NCCCOc1cccc(CN2CCCCC2)c1,1,37
hlm2047,O=C(Nc1cc2cc[nH]c(=O)c2cc1Cl)C1CCNCC1,0,37
hERG001,Oc1ccc(CCN2CCC(Nc3nc4ccccc4n3Cc3ccc(F)cc3)CC2)cc1,1,49
pgps382,CN(C)CCOC(C)(c1ccccc1)c1ccccn1,0,30
CYP2C9_0881,CCCn1c(=O)c(C)cn2nc(N)nc12,1,26
hERG666,CCOP(=S)(OCC)Oc1ccc([N+](=O)[O-])cc1,0,36
mmp4847,C=COCC1CCC(COC=C)CC1,0,20
CYP3A4_03613,O=C(O)C(O)C(O)C(=O)O,0,20
hep4064,O=C(NCc1nnc(SCCCN2CCN(c3nc4ccccc4o3)CC2)o1)c1ccccc1,0,51
hlm2465,CC(N)C1(c2ccc(-c3ccccc3)cc2)CCCCC1,0,34
CYP1A2_3244,Cn1c(CC(O)c2nc3ccccc3n2C)nc2ccccc21,0,35
pgps369,COc1cc2c(c(OC)c1OC)-c1ccc(OC)c(=O)cc1CC=C2,0,42
BBB349,C=CC#N,0,6
ames5065,CS(=O)(=O)c1ccc(Cl)cc1,0,22
hlm2535,Cc1cc(Cl)cc2cc(C(=O)N3CCNCC3)[nH]c12,0,36
ames0016,O=[N+]([O-])c1cccc2c1ccc1cccc([N+](=O)[O-])c12,1,46
pgpi2156,CNCCCC1(c2ccc(F)cc2)OCc2cc(C#N)ccc21,0,36
CYP1A2_2227,CC(C)NCC(O)c1cc(O)cc(O)c1,0,25
mmp5220,CC(=O)OC1(C(C)=O)CCC2C3CC=C4CC(=O)CCC4(C)C3(F)C(O)CC21C,0,55
pgpi0435,c1ccc(CCc2ccccc2OCc2cccnc2)cc1,1,30
CYP2C19_6677,N=c1nc(N)n(-c2ccc(S(N)(=O)=O)cc2)c(N)n1,0,39
BBB190,CNCCCN1c2ccccc2Sc2ccc(Cl)cc21,1,29
CYP2D6_1551,CCC(=O)C12OC3(C4C(=O)OCCC41)N(CC)C(C)=C(C(=O)OC)C(c1ccccc1)N3C2=O,0,65
mmp1733,S=C=S,0,5
hep0526,C=C1C(=O)OC2C=C(C)CC3C=C(CC=CC(C)(OO)CCC12)C(=O)O3,1,50
hep5191,C=c1c(C(=O)N2CCN(C)CC2)c(C)[nH]c1=Cc1c(O)[nH]c2ccncc12,0,54
pgps474,COC1CC2C=CCC(CC(OC)C3(CO3)C(OC)CC(OC)C(C)C(C(C)C(O)C(C)CCC(=O)C(C)C(OC)C(C)C=CN(C)C=O)OC(=O)C=CC(C)=CC1O)O2,0,107
CYP2D6_4426,COCCn1c(=O)c(-c2ccccc2)nc2cnc(Oc3ccc(OC)cc3)nc21,0,48
CYP2C9_3038,COC(=O)C1(CC(C)C)C=C2C(=C(C(C)C)C(=O)C2C)CN1,0,44
pgpi1520,O=CNC(N1CCN(C(NC=O)C(Cl)(Cl)Cl)CC1)C(Cl)(Cl)Cl,0,46
CYP3A4_04893,O=c1c(O)c(-c2ccccc2)oc2cc(O)cc(O)c12,0,36
CYP1A2_4201,c1ccc(C(c2ccccc2)N2CCC3(CCCNC3)C2)cc1,0,37
pgps591,O=NN(CCCl)C(=O)NC1CCCCC1,0,24
pgps404,COc1ccc2c3c([nH]c2c1)C1CC2C(CC(O)C(OC)C2C(=O)O)CN1CC3,0,53
CYP3A4_01195,COc1ccc2[nH]cc(CCNc3ncncc3-c3ccc(C(=O)N(C)C)cc3)c2c1,1,52
hlm1540,Nc1nccc(-c2ccc3[nH]c(C4COc5ccccc5C4)nc3c2)n1,0,44
pgps286,CC12CCC3C(CCC4CC(=O)CCC43C)C1CCC2O,1,34
pgpi1111,CCC(COC(=O)c1cc(OC)c(OC)c(OC)c1)(c1ccccc1)N(C)C,1,47
BBB007,Cc1nc2cc(CNC3CCCNC3c3ccccc3)c(OC(C)C)cc2s1,1,42
CYP2C9_4781,CN1CCN(c2nc(-c3ccccc3C(F)(F)F)nc3ccccc23)CC1,0,44
pgpi1252,COc1ccc(CCN(C)CCOc2ccc(NC(=O)c3cccc4c3Nc3ccccc3S4)cc2)cc1OC,1,59
hep0982,CCN(CC)CCNC(=O)c1c(C)[nH]c2c1=CCCC=2c1c(O)[nH]c2ccc(Cl)cc12,1,59
CYP1A2_5800,NC(CCCCCP(=O)(O)O)C(=O)O,0,24
CYP2C19_7685,CN(C)CCCN1c2ccccc2Sc2ccc(C(F)(F)F)cc21,0,38
DILI0760,COC1(NC(=O)Cc2cccs2)C(=O)N2C(C(=O)O)=C(COC(N)=O)CSC21,1,53
pgps814,CN(C)c1ccc2c(-c3ccccc3)c3ccc(N(C)C)cc3[s+]c2c1,1,46
CYP2D6_0442,CS(=O)(=O)Nc1cccc(-c2nc(Nc3ccccc3)c3ccccc3n2)c1,1,47
pgpi0376,CNc1ccc(-c2[nH]c(-c3ccc(C=CC(=O)OC)cc3)nc2-c2ccc(NC(C)C)cc2)cc1,1,63
CYP2D6_6042,O=c1c(-c2ccccc2)nc2cncnc2n1Cc1ccccc1Cl,0,38
mmp3127,CCCCOC(=O)CCCCCCCC(=O)OCCCC,0,27
BBB227,COc1cc2c(cc1CNC1C3CCN(C3)C1C(c1ccccc1)c1ccccc1)N(S(C)(=O)=O)CC2,0,63
pgps196,O=C(c1ccc(F)cc1)C1CCN(CCn2c(=S)[nH]c3ccccc3c2=O)CC1,1,51
mmp4165,CC=CC=CCOC(=O)C(C)C,0,19
hlm2805,COc1ccc(-c2cc(-c3ccc(C(F)(F)F)cc3)cnc2N)cn1,0,43
CYP3A4_00864,COc1ccc(C=CC(=O)c2cccs2)cc1OC,1,29
mmp3432,CC(=O)N(C)C,0,11
BBB002,CC(C(=O)O)c1ccc(-c2ccccc2)c(F)c1,1,32
mmp1728,CCBr,0,4
hep3319,C=C1C(=O)C23CC1(OC)CCC2C12C=CC(=O)C(C)(C(=O)O1)C2C3C(=O)OCc1ccccc1,0,66
CYP2C9_3317,CC(C(=O)O)C1CC1(C)C(NC(=O)OCc1ccccc1)c1ccccc1,0,45
hERG381,CCCN(CC1CC1)c1nc(C)nc(Nc2c(Cl)cc(Cl)cc2Cl)c1Cl,0,46
ames0417,O=[N+]([O-])c1ccc2c3cccc4ccc([N+](=O)[O-])c(c5cccc1c25)c43,1,58
CYP1A2_2313,CC1OC(OC2CC(O)C3(CO)C4C(O)CC5(C)C(C6COC(=O)C6)CCC5(O)C4CCC3(O)C2)C(O)C(O)C1O,0,76
CYP2D6_1945,CC(=O)OCC1OC(CC=NOC(C)c2cn(C3COCC3O)nn2)C=CC1OC(C)=O,0,52
pgps317,COc1cc2c(cc1OC)CN(CCCC1=CCCc3cc(OC)c(OC)cc31)CC2,0,48
CYP2D6_3518,NS(=O)(=O)Cc1noc2ccccc12,0,24
BBB297,O=C(O)CCCc1ccc(N(CCCl)CCCl)cc1,0,30
BBB326,Cc1cn(C2CC(N=[N+]=[N-])C(CO)O2)c(=O)[nH]c1=O,0,44
BBB072,COC(C)(C)C,1,10
DILI0178,Nc1nc(Cl)nc2c1ncn2C1OC(CO)C(O)C1F,1,33
CYP2C19_6047,CC(=O)N1CCC2(CC1)CN(c1cccc(-c3ccccc3)c1)C2,0,42
pgpi1275,C=CCNc1nc(N2CCC(NCc3cccc4ccccc34)CC2)nc2c1ncn2CC=C,1,50
CYP2D6_5111,COCCn1c(=O)c(-c2ccc(OC)cc2)nc2cnc(Oc3ccccc3)nc21,0,48
CYP1A2_5125,CC(=O)NCCNc1ncnc2ccc(-c3ccc(C(=O)N(C)C)cc3)cc12,0,47
DILI0641,N=C(N)N=c1[nH]c(CSCCN=CNS(=O)(=O)c2ccc(Br)cc2)cs1,1,49
hERG530,CCC(NC(=O)c1c(C)c(-c2ccccc2)nc2ccccc12)c1ccccc1,0,47
BBB140,CC(C)(C)c1ccc(C(O)CCCN2CCC(C(O)(c3ccccc3)c3ccccc3)CC2)cc1,1,57
hlm1879,CNCCC(c1ccc(Cl)c(Cl)c1)n1ncnn1,0,30
hERG241,O=C1NCCN1CCN1CCC(c2cn(C3CCCCC3)c3ccc(Cl)cc23)CC1,1,48
CYP2D6_3069,CON=CC(C)C(OCc1ccccc1)C(C)C,0,27
hlm1186,COCCOc1cc2ncnc(N3CCN(C(=O)Nc4ccc(C#N)cc4)CC3)c2cc1OCCOC,0,55
CYP2D6_3434,NC(=S)NN=Cc1c[nH]c2ccccc12,0,26
hep3166,Cc1cc(C)nc(NC(=S)N2CCN(c3ncc(C(F)(F)F)cc3Cl)CC2)c1,0,50
mmp3885,CC(=O)NC(Cc1ccc(O)cc1)C(=O)O,0,28
hlm0066,CCN(C(=O)CCC(=O)Nc1ccc(-c2ccc(OCC(=O)O)cc2)cc1Cl)c1ccc(C(C)(C)C)cc1Cl,1,69
BBB235,Cc1cc(Cl)ccc1NC1=NCCN1,0,22
CYP1A2_3194,SC1CCCN(Cc2ccccc2)C1,0,20
pgps597,O=NN(CCCl)C(=O)NCCCl,0,20
ames2625,O=CC(CCl)=C(Cl)C(=O)O,1,21
pgps299,CC12CCC3C(CC=C4CC(O)CCC43C)C1CCC2=O,1,35
ames3167,COC(=O)c1ccc(N=Nc2ccc(N(C)OC(C)=O)cc2)cc1,1,41
CYP3A4_06835,N#Cc1ccccc1-c1nc(NCCN2CCOCC2)c2ccccc2n1,0,39
hep1624,CC(C)c1ccccc1Nc1nccc(-c2ccc(Br)cc2)n1,1,37
hERG276,NC(=O)OCC1N=C(N)N2CCC(O)(O)C23N=C(N)NC13,1,40
CYP2D6_7358,CC[N+](CC)(CCCNC1=CC(=O)C(NCCC[N+](CC)(CC)Cc2ccccc2)=CC1=O)Cc1ccccc1,0,68
CYP3A4_04696,CCc1c2c(nc3ccccc13)OC(C)C2,0,26
hlm2958,NC(=O)C(Cc1ccccc1)NC(=O)C1NCCC1c1ccccc1,0,39
ames0058,Cc1c(C=NOCc2cccc([N+](=O)[O-])c2)c2cc([N+](=O)[O-])ccc2n1Cc1ccccc1,1,66
CYP2C9_6471,NCCSCCC(=O)O,0,12
CYP3A4_06203,COc1cccc(Cn2c(=O)c(-c3cccc(C#N)c3)nc3cnc(N4CCOCC4)nc32)c1,0,57
hlm0260,CC(C)CCn1nc(-c2cccs2)c(=O)c(C2=NS(=O)(=O)c3cc(OCC(N)=O)ccc3N2)c1O,1,65
CYP3A4_10116,CCNc1nc(Cl)nc(NC(C)C)n1,0,23
hlm2100,CCCCc1nc2cc(C=CC(O)=NO)ccc2n1CCNC(C)C,0,37
hep4325,CC(C)CC(NCCc1nc(C(=O)O)cc2c3ccccc3n(Cc3ccccc3)c12)C(=O)O,0,56
ames2676,O=NN(CCO)CC(=O)O,1,16
CYP2C19_7108,c1ccc(CCN2CCCCCC2)nc1,0,21
CYP2D6_7237,CCOc1cc(CC(=O)NC(CC(C)C)c2ccccc2N2CCCCC2)ccc1C(=O)O,0,51
mmp2617,CC(C)C1=CC2=CCC3C(C)(C(=O)O)CCCC3(C)C2CC1,0,41
hlm2659,CC12CCC(NS(N)(=O)=O)CC1CCC1C2CCC2(C)C(C(=O)CO)CCC12,0,51
pgps482,CN1C(=O)CN=C(c2ccccc2F)c2cc([N+](=O)[O-])ccc21,0,46
mmp4509,CN=C(NCc1cnc(Cl)s1)N[N+](=O)[O-],0,32
mmp0929,O=C(O)c1cc(=O)c2c3nc4ccccc4oc-3cc(=O)c2[nH]1,1,44
CYP1A2_1887,CCCCCCCCNC(C)C(O)c1ccc(SC(C)C)cc1,0,33
DILI0889,Cc1ccc(C(=O)Oc2ccc(C(O)CNC(C)(C)C)cc2OC(=O)c2ccc(C)cc2)cc1,0,58
pgps539,CNC(=O)ON=CC(C)(C)S(C)(=O)=O,0,28
CYP2D6_3204,CC1OC(CC(=O)O)C=C2C(=O)C3=C(C(=O)C=C(c4cc(O)c5c(O)c6c(c(O)c5c4O)CC(CC(=O)O)OC6C)C3=O)C(O)=C21,0,93
CYP2D6_3312,COCC1C(C)C2=C3C(CCC4C(OCc5ccc(OC)cc5)OCC(C)(C34)N(C(=O)OC(C)(C)C)C2)C1COC,0,73
CYP2C19_3537,COC(=O)C1(Cc2ccccc2)C=C2C(=C(c3ccccc3)C(=O)C2C)CN1,0,50
DILI0160,NC(=O)c1cc[n+](CC2=C(C(=O)O)N3C(=O)C(NC(=O)C(c4ccccc4)S(=O)(=O)O)C3SC2)cc1,1,74
hep3364,COc1ccc2nc3cc(Cl)ccc3c(Nc3cccc(NC(C)=O)c3)c2c1,0,46
CYP3A4_07640,O=C(O)c1cc(-c2ccc3cc4c(cc3c2)OCO4)nc2ccccc12,0,44
mmp2669,CCCCCCCCCCCCCCCC,0,16
hERG651,C=CCOC(=O)CCCCCCCC,0,18
CYP2C19_1682,COC(=O)NC(c1ccc(F)cc1)C(C(C)=O)C(=O)OC,0,38
pgpi1715,c1ccc(C(CCN2CCCCCC2)c2ccccc2)cc1,0,32
hERG632,C=CCN1CCc2cccc3c2C1Cc1ccc(O)c(O)c1-3,0,36
hERG453,O=[N+]([O-])c1cc([N+](=O)[O-])c2ccccc2c1,0,40
CYP2C19_7496,c1ccc(CNc2ncnc3[nH]cnc23)cc1,0,28
CYP1A2_0406,O=c1c(-c2cccs2)nc2cncnc2n1Cc1ccccc1,1,35
CYP2C19_2242,COC1C=CCC(=O)N2CCCC2C(=O)OCC(C)C(=O)OCC1C,0,41
hlm1237,CC1OC(n2cc(-c3ccccc3)c3c(NCC(=O)NC4CC4)ncnc32)C(O)C1O,0,53
pgpi0093,Cc1ccccc1N1CCN(CC(O)COc2ccccc2C(=O)CCc2ccc(N(C)C)cc2)CC1,1,56
CYP3A4_01939,COc1ccc2[nH]cc(CCNc3cc(-c4ccc5c(c4)OCO5)ncn3)c2c1,1,49
DILI0118,CC1(C)SC2C(NC(=O)C(N)c3ccccc3)C(=O)N2C1C(=O)O,1,45
ames5679,CS(=O)(=O)c1ccc(O)c(N)c1,0,24
CYP2D6_3472,O=c1c(O)cc2c(O)oc3c(=O)c(O)cc4c(O)oc1c2c43,0,42
pgpi1081,CC(C)N1CCN(c2ccc(OCC3COC(Cn4cncn4)(c4ccc(Cl)cc4Cl)O3)cc2)CC1,1,60
CYP2C19_0057,C=CCOC(=O)C(C(C)=O)C(NC(=O)OC)c1cccs1,1,37
CYP3A4_01534,COc1ccc(Oc2ncc3nc(C)c(=O)n(Cc4cccc(OC)c4)c3n2)cc1,1,49
ames1671,CCCCCCCCCCSCn1cc[n+](C)c1,1,25
DILI0281,NNc1nncc2ccccc12,1,16
CYP3A4_00566,CC12C=CC(=O)C=C1CCC1C2=CCC2(C)C(C(=O)CN3CCN(c4cc(N5CCCC5)nc(N5CCCC5)n4)CC3)CCC12,1,80
pgps719,COC(=O)c1c(F)cccc1-c1ccc(C(C)NC(=O)C2(NC(=O)C(F)(F)Cl)CC2)c(F)c1,1,64
CYP2C9_4010,O=C(c1ccncc1)N1CCCC2(CCN(Cc3ccccc3)C2)C1,0,40
CYP2C19_3225,O=C(CCCN1C=CC(n2c(=O)[nH]c3ccccc32)CC1)c1ccc(F)cc1,0,50
CYP3A4_09331,Nc1cc(Cl)ccc1O,0,14
hep1370,CC1OC(OC2C(OC3CCC4(C)C(CCC5(C)C4CC=C4C6CC(C)(C)CCC6(C(=O)O)CCC45C)C3(C)C)OCC(OC3OC(CO)C(O)C(O)C3O)C2O)C(O)C(OC2OCC(O)C(O)C2O)C1O,1,128
CYP2C9_2464,COc1ccccc1OCC(O)CO,0,18
ames0298,COc1ccc2cc1Oc1ccc(cc1)CC1c3c(cc4c(c3Oc3cc5c(cc3OC)CCN(C)C5C2)OCO4)CCN1C,1,71
hep2218,O=C(Nc1cccc(Cl)c1)Nc1ccc(-c2cc(=O)c3ccc(O)cc3o2)c(Cl)c1,0,55
ames6294,Oc1cccc(O)c1,0,12
mmp2681,Nc1ccc(Cl)cc1Cl,0,15
CYP2D6_2153,CCOC(=O)C12CC1C(=NO)c1ccccc1O2,0,30
CYP3A4_00617,COc1cc(C=C(C#N)C(N)=O)cc(CSc2nc3ccccc3s2)c1O,1,44
hERG001,Oc1ccc(CCN2CCC(Nc3nc4ccccc4n3Cc3ccc(F)cc3)CC2)cc1,1,49
hlm3008,CC1CCC(C(=O)N(c2ccc(Oc3ncccc3C(F)(F)F)cc2C(=O)O)C(C)C)CC1,0,57
CYP1A2_4907,O=C(c1cnccn1)N1CCC2(CCCN(c3ccncc3)C2)CC1,0,40
CYP1A2_0703,COc1ccccc1-c1nccc(NCc2ccccc2)n1,1,31
CYP2C19_2850,CC(=O)OCC(=O)C1CCC2C3CCC4CC(O)CCC4(C)C3C(=O)CC12C,0,49
CYP3A4_01203,c1ccc2c(-n3ccnc3)nc(-c3ccoc3)nc2c1,1,34
ames3176,Nc1ccc2nc3ccccn3c2n1,1,20
BBB023,COc1ccc(C(C)C)cc1CNC1C2CCN(CC2)C1C(c1ccccc1)c1ccccc1,1,52
CYP3A4_01762,Cc1noc(C)c1-c1nc(NCc2cccs2)c2ccccc2n1,1,37
hERG522,Brc1ccc(Oc2ccc(Br)cc2Br)c(Br)c1,0,31
CYP2C9_7833,O=c1[nH]cc(F)c(=O)[nH]1,0,23
hep5789,CN(C)C(=O)Nc1ccc2nc3ccccc3nc2c1,0,31
hep1633,CC(C)[S+]([O-])CCCN=C=S,1,23
CYP3A4_07115,Cc1ccccc1C(OCCN(C)C)c1ccccc1,0,28
CYP2C9_5948,COC(=O)N1CCC2(CCCN(Cc3ccccc3)C2)CC1,0,35
CYP1A2_0125,CCCCC#Cc1ccccc1CC(=O)Nc1ccccc1,1,30
CYP2D6_3790,[N-]=[N+]=NC1C(O)C(CO)OC1n1cnc2c(N)ncnc21,0,41
hERG332,CCS(=O)(=O)Nc1cccc(C(=C2CCCCC2)c2c[nH]cn2)c1,0,44
hlm2953,NC(c1cccc(Cl)c1)c1nc(=O)c2cc(-c3cn[nH]c3)ccc2[nH]1,0,50
hlm1290,CCc1nc(N)nc(N)c1-c1ccc2c(c1)N(CCNC(C)=O)C(=O)C(C)(C(F)(F)F)O2,0,61
DILI0503,CN1C2CCCC1CC(NC(=O)c1nn(C)c3ccccc13)C2,1,38
CYP2D6_1573,COc1cccc(C2NC(C(=O)O)CCC2C)c1,0,29
CYP3A4_02153,Nc1nc(=O)c2ncn(C3OC(COC(=O)c4ccccc4)C(OC(=O)c4ccccc4)C3OC(=O)c3ccccc3)c2[nH]1,1,77
BBB039,CCC(C)Nc1ccc(I)c(NC(C)CC)c1,1,27
hERG577,c1ccc2c(c1)CC(N1CCN(c3cccc4c3OCCO4)CC1)C2,0,41
ames1712,Cc1ccc(N=NNCc2ccc([N+](=O)[O-])cc2)cc1,1,38
CYP2D6_6147,COc1cc(CNC(=O)CCCCC=CC(C)C)ccc1O,0,32
DILI0002,O=c1[nH]c(O)cn1N=Cc1ccc(-c2ccc([N+](=O)[O-])cc2)o1,1,50
CYP1A2_1128,O=[N+]([O-])c1cc(Cl)cc2c1nc(NCCO)c1ccccc12,1,42
pgpi2049,COc1cc2c(c(OC)c1OC)C1CCC(OC)C(=O)CC1C(NC(C)=O)CC2,0,49
DILI0368,OCCN1CCN(CCCN2c3ccccc3C=Cc3ccccc32)CC1,1,38
pgpi1405,CN1CCC23c4c5ccc(O)c4OC2C(O)C=CC3C1C5,0,36
pgpi2270,CC1C(=NC(=O)C(NOC(C)(C)C(=O)O)c2csc(N)n2)C(=O)N1S(=O)(=O)O,0,58
mmp5136,O=C(O)C(CC(=O)N1CC2CCCCC2C1)Cc1ccccc1,0,37
CYP1A2_3952,COc1cccc(Cn2c(=O)c(-c3ccc(F)cc3)nc3cncnc32)c1,0,45
DILI0123,COC(=O)NC(C(=O)NC(Cc1ccccc1)C(O)CN(Cc1ccc(-c2ccccn2)cc1)NC(=O)C(NC(=O)OC)C(C)(C)C)C(C)(C)C,1,90
pgps674,O=c1cc(-c2ccc(O)cc2)oc2cc(O)cc(O)c12,0,36
mmp0137,O=S(=O)(c1ccc(Cl)cc1)c1ccc(Cl)cc1,1,33
BBB344,CC(=O)NCCCOc1cccc(CN2CCCCC2)c1,0,30
DILI0062,O=c1[nH]cc(N(CCCl)CCCl)c(=O)[nH]1,1,33
pgpi1022,CC(=O)C1CCC(CC(=O)N2CCC(C3c4ccc(Br)cc4Cc4cc(Cl)cc(Br)c43)CC2)CC1,1,64
ames4204,COc1c2ccoc2nc2c(OC)c(OCC3OC3(C)C)ccc12,0,38
CYP2C9_2641,Cc1cccc(C)c1OCC(N)C(C)C,0,23
CYP3A4_06071,COc1ccc(NC(=O)N2CC3(CCN(C(=O)c4cccc(F)c4)CC3)C2)cc1,0,51
hep4648,O=C(Nc1ccncc1)C(=O)c1cn(Cc2ccc(Cl)cc2)c2ccccc12,0,47
CYP2C19_6724,c1ccc2cc(-c3cc(-c4cc(-c5ccc6ccccc6c5)on4)no3)ccc2c1,0,51
pgps202,COc1ccc2c(c1)CCC=C2CCCN1CCc2cc(OC)c(OC)cc2C1,1,44
BBB202,CC1(C)SSC(C)(C)C(NC(=O)C(N)Cc2ccc(O)cc2)C(=O)NCC(=O)NC(Cc2ccccc2)C(=O)NC1C(=O)O,0,79
CYP2D6_5882,CC(C)NC(=O)N1CCC2(CCCN(C(=O)c3ccncc3)C2)C1,0,42
CYP2C19_1219,N=C(N)SCc1nc(-c2ccc(Cl)cc2)no1,1,30
ames0494,BrCBr,1,5
CYP2D6_3376,NCCCCC(NC(CCc1ccccc1)C(=O)O)C(=O)N1CCCC1C(=O)O,0,46
pgpi1125,COc1ccc(CN(C)CCc2ccc(NC(=O)c3cccc4c(=O)c5cccc(F)c5[nH]c34)cc2)cc1OC,1,67
DILI1124,S=P(N1CC1)(N1CC1)N1CC1,0,22
CYP1A2_2824,O=C(Cc1ccc(Cl)c(Cl)c1)OCCN1CCCC1,0,32
ames4389,O=S(=O)(O)c1ccc2cc(O)c(S(=O)(=O)O)cc2c1,0,39
pgpi2015,C1CCc2nnnn2CC1,0,14
hlm0409,O=C1CC2(CCCC2)CC(=O)N1CCCCN1CCN(c2ncccn2)CC1,1,44
pgps534,OCC(O)C(O)C(O)C(O)CO,0,20
CYP2C19_4200,CN(C)CCC(=O)C1(O)CCC2C3CC=C4CC(O)CCC4(C)C3CCC21C,0,48
pgpi2133,CC(CN(C)C)C(C)(O)Cc1ccc(Cl)cc1,0,30
CYP2C19_2744,COC1(NC(=O)C(C(=O)O)c2ccc(O)cc2)C(=O)N2C(C(=O)O)=C(CSc3nnnn3C)COC21,0,67
DILI0335,CN1CCN2c3ncccc3Cc3ccccc3C2C1,1,28
hep1682,O=C(CSc1nnc(-c2ccncc2)n1-c1ccccc1)NN=Cc1cc(Br)cc(Br)c1O,1,55
hep2898,Nc1ncnc2c1ncn2CCOCP(=O)(OCOC(=O)OC1CCCCC1)OCOC(=O)OC1CCCCC1,0,59
CYP3A4_00745,COC(=O)c1ccc(C(NC(=O)OCc2ccccc2)C(=CC(C)C(=O)N(C)Cc2cccnc2)c2cccnc2)cc1,1,71
ames0029,N#CC(=CC=Cc1ccccc1)c1ccc(F)cc1,1,30
pgpi2110,CCN(CC)C(=O)Nc1ccc(OCC(O)CNC(C)(C)C)c(C(C)=O)c1,0,47
CYP1A2_6301,C#CCOCCCC(=O)O,0,14
CYP2D6_7580,NC(O)=NO,0,8
CYP2D6_2246,CC(C)C(CC(=O)NC1CCCCC1C(=O)NC(CC(=O)NC(CCC(=O)O)CC(=O)O)Cc1c[nH]c2ccccc12)NC(=O)CC(CO)NC(=O)C1CCCCC1N,0,101
hep1005,NNC(=O)CSc1nnc(-c2ccncc2)o1,1,27
pgpi1055,CCOc1ccccc1N1CCN(CC(O)COc2ccc3c(c2)CCC(=O)N3)CC1,1,48
hERG500,CC(CN1c2ccccc2Sc2ccccc21)N(C)C,0,30
CYP1A2_1087,COc1cc2c(cc1C(F)(F)F)N(C(=O)Nc1cc(F)cc(-c3cccnc3)c1)CC2,1,55
pgpi0828,CCC(=O)C1=CN(C(=O)Oc2ccccc2)C=CC1c1ccc(OC)cc1,1,45
CYP2C19_5691,N#Cc1ccc(CN2CCC3(CCCN(S(=O)(=O)c4ccccc4)C3)C2)cc1,0,49
DILI0573,CCCCCCCCCCCC(CC1OC(=O)C1CCCCCC)OC(=O)C(CC(C)C)NC=O,1,50
mmp5276,Cc1ccccc1COC1CC2(C(C)C)CCC1(C)O2,0,32
DILI0922,CC1(C)SC2C(NC(=O)C3(N)CCCCC3)C(=O)N2C1C(=O)O,0,44
CYP1A2_6008,NC(CCl)C(=O)O,0,13
hep5481,CCCCn1c2ccccc2c2cc(C(=O)O)nc(-c3cc(OC)c(OC)c(OC)c3)c21,0,54
ames2695,O=[N+]([O-])c1ccc2c([N+](=O)[O-])cc3c([N+](=O)[O-])cccc3c2c1,1,60
CYP2D6_3476,O=c1c(O)c(-c2ccccc2)oc2cc(O)cc(O)c12,0,36
CYP1A2_0305,COc1ccc2[nH]cc(CCNc3ccnc(-c4ccc(N(C)C)cc4)n3)c2c1,1,49
CYP2D6_3495,O=C(O)Cc1ccccc1Nc1c(Cl)cccc1Cl,0,30
CYP2C19_3404,c1ccc(C(=NNc2nc3ccccc3s2)c2ccccn2)cc1,0,37
ames4792,Cc1c(C=NOCc2ccc(Cl)cc2)c2cc([N+](=O)[O-])ccc2n1Cc1ccccc1,0,56
hep2239,CCCCOc1ccc2c3ccnc(C)c3n(CCCc3ccccc3)c2c1,0,40
DILI0966,Fc1ccc(C(c2ccc(F)cc2)N2CCN(CC=Cc3ccccc3)CC2)cc1,0,47
pgpi1063,CC(=O)OCC12C(OC(=O)c3ccccc3)C(=O)C3C(OC(C)=O)C1(OC3(C)C)C(C)(O)CC(OC(=O)c1ccccc1)C2OC(=O)c1ccccc1,1,97
mmp4011,O=C(O)c1cc(O)c2c(O)c3c(OC4OC(CO)C(O)C(O)C4O)cccc3c(-c3c4cc(C(=O)O)cc(O)c4c(O)c4c(OC5OC(CO)C(O)C(O)C5O)cccc34)c2c1,0,113
pgpi0799,CC(=O)OC1(C(C)=O)CCC2C3=CC(C)=C4CC(=O)CCC4(C)C3CCC21C,1,53
pgpi0387,CCNc1ccc(-c2[nH]c(-c3ccc(C=CCOCC)cc3)nc2-c2ccc(NC(C)C)cc2)cc1,1,61
hep3089,O=S(=O)(Nc1ccccn1)c1ccc(NC(=S)Nc2ccnc3cc(C(F)(F)F)ccc23)cc1,0,59
pgps227,CC(=O)N(C)c1ccc(Nc2cc(C)[nH]c3ccc4ncnc4c23)cc1,1,46
ames6093,COc1ccc(C(c2ccc(OC)cc2)C(Cl)(Cl)Cl)cc1,0,38
hep3859,COc1cc(C=CC(=O)CC(=O)C=Cc2ccc(OC3CC(C(C)CCC=C(C)C)C(O)C=C3C)c(OC)c2)ccc1O,0,73
CYP1A2_2741,CN1C=CC=CC1=C=NO,0,16
BBB102,CC(=O)OC(C)C,1,12
CYP2D6_0719,O=C(c1ccncc1)N1CCC2(CC1)CN(c1ccccc1)C2,1,38
CYP2C19_7715,Nc1ccc(S(=O)(=O)Nc2ccnn2-c2ccccc2)cc1,0,37
pgpi0463,COc1cc2c(cc1OC)CN(CCNC(=O)c1c(Cl)cccc1NC(=O)c1ccc(C(C)C)cc1)CC2,1,63
hep2048,N#Cc1c(Cl)c(Cl)c2c(C(=O)c3ccccc3)c3n(c(=N)c2c1Cl)CCN3,0,53
hep1621,COc1cccc2c1Cc1c(Nc3ccc4c(c3)OCCO4)n[nH]c1-2,1,43
BBB125,CC(=O)OCCC(C)C,1,14
CYP2C19_2099,Cc1cc2c(nc1C)CCCN2CC(C)ON=C1C2CCn3c(=O)n(-c4ccccc4)c(=O)n3C2C(O)C2OC12,0,70
hep3599,COc1ccc2c(c1)[nH]c1c(C)nccc12,0,29
ames6141,Cc1cc(Cl)ccc1O,0,14
BBB074,CSc1ccc2c(c1)N(CCC1CCCNC1)c1ccccc1S2,1,36
BBB120,c1ccc(C2(N3CCCCC3)CCCCC2)cc1,1,28
CYP2C19_0994,CC(=O)NCCNc1nc(-c2ccccc2Cl)nc2ccccc12,1,37
ames3058,Cc1ccc2cc3ccc4ccccc4c3cc2c1,1,27
mmp0243,Nc1ncc([N+](=O)[O-])s1,1,22
hep0180,C=C1C(OC(=O)C(O)C(NC(=O)OC(C)(C)C)c2ccccc2)CC(OC(C)=O)C2(C)C1CC1(C(C)(C)O)CC(=O)C(C)=C1C(OC(=O)c1ccccc1)C2OC(C)=O,1,113
hep1601,CC(=O)N1N=C(c2ccc3ccccc3c2)OC1c1ccncc1,1,38
hlm2423,N#Cc1ccccc1Cn1c(N2CCCC(N)C2)nc(-c2ccccc2)cc1=O,0,46
hep2025,O=c1c2c3c(sc2nc(C=Cc2ccccc2)n1-c1nc2cc([N+](=O)[O-])ccc2s1)CCCC3,0,64
CYP1A2_4007,COc1ccc(-n2c(=O)cnc3cnc(Nc4ccccc4)nc32)cc1,0,42
CYP3A4_07884,CN(C)CCCNc1c2c(nc3ccc(Cl)cc13)CCCC2,0,35
hlm1835,O=C(NCc1ccc(Br)cc1OC(F)(F)F)c1ccc(OCCC(F)(F)F)nc1,0,49
ames4731,CC(=O)OC1(C(C)=O)CCC2C3=CC(Cl)=C4CC(=O)C5CC5C4(C)C3CCC21C,0,57
ames5257,CCC(C)c1cc([N+](=O)[O-])cc([N+](=O)[O-])c1O,0,43
CYP1A2_3190,CC(C)(C)NCC(O)c1ccc(O)c(CO)n1,0,29
mmp5716,CCCCCCCCC=CCCCCCCCC(=O)NCCO,0,27
hERG329,N#CSCSC#N,0,9
pgps441,C=C1CC2C=C(C)CC(C(O)NC(=O)C=CC=CC)OC(=O)C=CC=C(C)CC(=O)C=CCC(C1)O2,0,66
hERG210,Cc1nc2ccccc2n1C1CC2CCC(C1)N2CCC(NC(=O)C1CCC1)c1ccccc1,1,53
pgps780,COC12CCC3(CC1C(C)(O)C(C)(C)C)C1Cc4ccc(O)c5c4C3(CCN1CC1CC1)C2O5,1,62
hep1020,COc1cccc(Nc2nccc(-c3ccc(Cl)c(Cl)c3)n2)c1,1,40
mmp4547,CN(C)C(=O)Nc1cccc(OC(=O)NC(C)(C)C)c1,0,36
DILI0623,O=C(O)COc1ccc(C(=O)c2cccs2)c(Cl)c1Cl,1,36
CYP2C19_1110,c1cn(-c2ncnc3ccc(-c4ccoc4)cc23)cn1,1,34
hERG511,Nc1nc(SCc2ccc([N+](=O)[O-])cc2)c2ncn(C3OC(CO)C(O)C3O)c2n1,0,57
CYP3A4_08575,NCC(CC(=O)O)c1ccc(Cl)cc1,0,24
hlm1092,COc1ccc(CNCCNc2ccnc3cc(Cl)ccc23)cc1,1,35
hlm0989,CC(C)c1ccc(-c2ccc(C#N)cn2)cc1,1,29
hep2446,CCCCn1c2cc(OCC(C)C)ccc2c2ccnc(C)c21,0,35
mmp4079,COc1cc(C)cc(O)c1,0,16
DILI0759,COC1=CC(=O)CC(C)C12Oc1c(Cl)c(OC)cc(OC)c1C2=O,1,44
CYP1A2_3728,Cc1noc(C)c1C(=O)N1CCC2(CCCN(c3ccncc3)C2)CC1,0,43
DILI1371,CNC(=O)Oc1ccc2c(c1)C1(C)CCN(C)C1N2C,0,35
hlm1522,CNCCNc1nnc(-c2ccc(F)c(F)c2Nc2ccc(I)cc2F)o1,0,42
CYP3A4_02403,CCOP(=S)(OCC)Oc1ccc([N+](=O)[O-])cc1,1,36
CYP2D6_0620,COC(=O)N1CCC2(CCN(C(=O)Nc3cccc(F)c3)CC2)CC1,1,43
pgpi2094,CCN(CC)C(=O)C1CN2CCc3cc(OC)c(OC)cc3C2CC1OC(C)=O,0,47
hep4264,CCOC(=O)N1c2ccccc2C(=O)CC1C#Cc1ccccc1C#CCS(=O)(=O)c1ccccc1,0,58
pgps500,CN(C)CCC=C1c2ccccc2C=Cc2ccccc21,0,31
hlm2877,Cc1c(C(=O)Nc2ccnc(F)c2)nn(C)c1-c1ccc(F)cc1,0,42
CYP2D6_5678,CN1CCN(c2ncc3nc(-c4ccccc4)c(=O)n(Cc4cccs4)c3n2)CC1,0,50
hERG303,CN1C2CCC1CC(OC(c1ccccc1)c1ccccc1N)C2,0,36
hep5792,COc1cc(=O)n(C)c2ccccc12,0,23
DILI1284,CN(C)C(=O)C(CCN1CCC(O)(c2ccc(Cl)cc2)CC1)(c1ccccc1)c1ccccc1,0,58
DILI0432,CC12Cc3c[nH]nc3CC1CCC1C2CCC2(C)C1CCC2(C)O,1,41
CYP3A4_00045,N#CCCN(CC#Cc1ccccc1)OCc1ccccc1,1,30
hERG005,CC(Cc1ccccc1)NCCC(c1ccccc1)c1ccccc1,1,35
CYP2D6_7338,N#CN=C(N)Nc1ccc(Cl)cc1,0,22
hlm0273,CC(C)CCn1nc(-c2cccs2)c(=O)c(C2=NS(=O)(=O)c3cc(CS(C)(=O)=O)ccc3N2)c1O,1,68
hlm2012,Cc1cc(-c2ncc(C(=O)c3cccc(O)c3)s2)ccc1O,0,38
DILI0469,CC(CN(C)C)CN1c2ccccc2CCc2ccccc21,1,32
BBB216,COc1ccc2c(c1)C(CC(=O)O)C(C)N2C(=O)c1ccc(Cl)cc1,0,46
hep3636,CCC1OC(=O)C(C)C(OC2CC(C)(OC)C(O)C(C)O2)C(C)C(OC2OC(C)CC(N(C)C)C2O)C(C)(O)CC(C)CN(CCNC(=S)Nc2ccccc2)C(C)C(O)C1(C)O,0,113
DILI1087,CCCOc1ccc(C(=O)OCCN(CC)CC)cc1N,0,30
CYP2D6_5766,O=C(c1ccncc1)N1CCC2(CC1)CCN(c1ccncc1)CC2,0,40
pgps004,COC1CC(OC2CC(OC3CC(OC4C(=O)c5c(cc6cc(OC7CC(OC8CC(O)C(OC)C(C)O8)C(OC(C)=O)C(C)O7)cc(O)c6c5O)CC4C(OC)C(=O)C(O)C(C)O)OC(C)C3O)OC(C)C2O)OC(C)C1OC(=O)C(C)C,1,150
hep5902,O=C1c2ccccc2C(=O)N1c1nccs1,0,26
hERG209,CC(=C(F)C(=O)Nc1ccc(-c2ccccc2S(N)(=O)=O)cc1)c1cccc(C(=N)N)c1,1,60
BBB125,CC(=O)OCCC(C)C,1,14
hep3648,C=CCc1ccc(O)c(-c2ccc(OC(C)C)c(CC=C)c2)c1,0,40
BBB332,COc1ccc(CCNCCCC(C#N)(c2ccc(OC)c(OC)c2)C(C)C)cc1OC,0,49
mmp4442,OCC1CC2CC1C1CCC(CO)C21,0,22
CYP1A2_4570,O=C(c1cnccn1)N1CCC2(CCCN(Cc3ccncc3)C2)CC1,0,41
pgps688,Cc1ccc(C)c(NC(=O)CCC(=NNC(=O)c2c(O)ccc3ccccc23)C(C)C(=O)c2ccc(O)cc2)c1,0,70
DILI0943,OC(CCCN1CCCCC1)(c1ccccc1)c1ccccc1,0,33
hERG030,COc1ccc(C(=O)N2CCN(c3ccc4c(c3)CCC(=O)N4)CC2)cc1OC,1,49
BBB055,CCC(=O)C(c1ccccc1)(c1ccccc1)C(C)N(C)C,1,37
CYP2D6_4951,CN(C)c1ccc(-c2nccc(Nc3ccc(F)cc3)n2)cc1,0,38
CYP3A4_04512,CC12CCC(CN(CCC[N+](C)(C)C)C1)C2(C)C,0,35
CYP2C9_5862,Cc1nc2cnc(N3CCN(C)CC3)nc2n(C2CC2)c1=O,0,37
DILI0887,C[N+](C)(C)CC(=O)O,0,18
CYP2C19_1638,C=CCC1(c2ccccc2)Oc2ccc(C)cc2-c2nc3cc(Cl)c(Cl)cc3nc21,0,52
hlm0091,CCc1nc(N)nc(N)c1-c1ccc2c(c1)N(CCCOC)C(=O)C(c1ccccc1)O2,1,54
CYP2C9_3607,Nc1ccn(C2OC(COP(=O)(O)O)C(O)C2O)c(=O)n1,0,39
BBB146,C=CCCCCCC,1,9
DILI0469,CC(CN(C)C)CN1c2ccccc2CCc2ccccc21,1,32
pgps436,O=C(O)COc1ccc(C(=O)CNC(=O)c2cc3c(s2)CCNC3)cc1OCC(=O)O,0,53
pgps301,CCN(CC)CCNC(=O)c1cc(Cl)c(N)cc1OC,1,32
CYP1A2_3174,CC1CC(C)CN(S(=O)(=O)c2cc(Cl)c(Oc3ccc([N+](=O)[O-])cc3Cl)c(Cl)c2)C1,0,66
hlm1654,CS(=O)(=O)Nc1ccc2c(c1)S(=O)(=O)N=C(C1C(=O)C3C4CCC(CC4)C3N(Cc3ccccc3)C1=O)N2,0,75
DILI0634,CC(C)c1c(C(=O)Nc2ccccc2)c(-c2ccccc2)c(-c2ccc(F)cc2)n1CCC(O)CC(O)CC(=O)O,1,71
mmp2751,O=S(=O)(O)c1ccccc1O,0,19
pgpi1240,O=C(c1ccc(F)cc1)C1CCN(CCCN2c3ccccc3Sc3ccc(C(F)(F)F)cc32)CC1,1,59
BBB233,COc1cc2nc(N3CCN(C(=O)c4ccco4)CC3)nc(N)c2cc1OC,0,45
DILI1159,CCC(=O)OC1(C(=O)CCl)C(C)CC2C3CC=C4CC(=O)C=CC4(C)C3(F)C(O)CC21C,0,62
pgps316,CCC(=C(c1ccccc1)c1ccc(OCCN(C)C)cc1)c1ccccc1,0,43
CYP2D6_4327,COc1cccc(-c2cc(NCc3cccc(C)c3)ncn2)c1,0,36
DILI1269,NCCc1ccc(O)c(O)c1,0,17
hep3861,N#Cc1c(Cl)c(Cl)c2c(C(=O)c3ccc(Cl)cc3)c3n(c(=N)c2c1Cl)CCCN3,0,58
CYP3A4_03851,C(=Cc1ccccc1)CN1CCN(CCOC(c2ccccc2)c2ccccc2)CC1,0,46
pgpi1779,CCNC(C)Cc1cccc(C(F)(F)F)c1,0,26
BBB306,COc1ccc2c(c1)c(CC(=O)O)c(C)n2C(=O)c1ccc(Cl)cc1,0,46
CYP2D6_0745,c1cncc(-c2nccc(-n3ccnc3)n2)c1,1,29
mmp2221,Nc1nc(N)nc(N)n1,0,15
CYP3A4_00348,COC(=O)c1ccc(C23CC4(C2)C(CN(Cc2cccnc2)C4c2ccccc2)C3c2ccccc2)cc1,1,63
hep4111,CCOP(=O)(OCC)C(NC(=O)c1cc(O)c2c(c1)C(=O)c1cccc(O)c1C2=O)c1ccc(Br)cc1,0,68
hlm1632,CS(=O)(=O)Nc1ccc2c(c1)S(=O)(=O)N=C(C1C(=O)C3C4CCC(C4)C3N(Cc3cccs3)C1=O)N2,0,73
hep0976,Clc1cccc(Nc2ncnc3ccc(NCc4ccc(Br)s4)cc23)c1,1,42
mmp5749,CC(=O)C1CCC2C3CC=C4CC(OS(=O)(=O)O)CCC4(C)C3CCC12C,0,49
CYP1A2_1554,CC(C)C(CC(=O)NC1CCCCC1C(=O)NC(CC(=O)NC(CCC(=O)O)CC(=O)O)Cc1c[nH]c2ccccc12)NC(=O)CC(Cc1c[nH]c2ccccc12)NC(=O)C1CNCCC1N,0,116
hlm1915,CC(C)Cc1nc2c(C(F)(F)F)cccc2n1-c1cccc(Oc2cccc(S(C)(=O)=O)c2)c1,0,61
CYP3A4_09056,C=C(C)C(=O)OCCCCCC,0,18
CYP3A4_05311,CC1CCCC2(CC[N+](C)(CCC[N+](C)(C)C)CC2)C1,0,40
ames4297,CN(Cc1ccccc1)C(=O)CBr,0,21
DILI0352,COC(=O)C1=C(C)N=C(C)C(C(=O)OC)C1c1ccccc1[N+](=O)[O-],1,52
hERG290,c1ccc(C2CC2)c(OCC2=NCCN2)c1,0,27
CYP2C9_3471,N#CC1CNC(N)NC1N,0,15
pgps393,COC(=O)C1=CCC23CCC(C(C)(C=CC=C(C)C(=O)O)OC2=O)C3(OC(C)=O)CC1,0,60
mmp3836,CCOP(=O)(CC)Oc1ccc([N+](=O)[O-])cc1,0,35
CYP3A4_06847,Cn1cccc1C(=O)N1CCC2(CC1)CN(c1cccc(-c3ccccc3)c1)C2,0,49
mmp1490,O=C(O)c1ccccc1C(=O)Nc1ccc(S(=O)(=O)Nc2nccs2)cc1,0,47
CYP2C19_3833,COC(=O)C1(Cc2ccccc2)C2c3cc(C(=O)N(C)C)n(Cc4cc(C)n(C)n4)c3CC2CN1C(=O)c1ccccc1,0,76
ames6138,CCCC(=O)Nc1ccc(OCC(O)CNC(C)C)c(C(C)=O)c1,0,40
hep1209,COc1cc(C=CC(=O)c2ccc(N)c(-c3ccc(F)cc3)c2)cc(OC)c1OC,1,51
pgpi1290,C=CCNc1nc(NCC=C)nc(N2CCC(NCCC(c3ccccc3)c3ccccc3)CC2)n1,1,54
CYP2C19_5641,Cc1nc2cnc(Nc3ccccc3)nc2n(Cc2ccc(F)cc2)c1=O,0,42
ames0325,Cc1cc(O)c2c(c1)C(=O)c1cccc(O)c1C2=O,1,35
CYP2D6_3030,Nc1ccc(N2C(=O)c3ccccc3C2=O)c(Cl)c1,0,34
CYP2C9_5932,c1cn(-c2ncnc3ccc(-c4ccoc4)cc23)cn1,0,34
hep5131,CCC(C)C(=O)c1c(O)c(CC=C(C)C)c(O)c2c(C(O)CC)cc(=O)oc12,0,53
CYP2C19_6108,COc1ccc(CNc2ncnc3ccc(-c4ccccc4CN(C)C)cc23)c(OC)c1,0,49
CYP1A2_1405,CC12CCC(=O)C=C1CCC1C2C(O)CC2(C)C1CCC2(O)C(=O)COC(=O)CCC(=O)O,0,60
mmp3968,CCN(CC)CCNC(=O)c1ccc(NC(C)=O)cc1,0,32
mmp2274,CCNCCO,0,6
ames0220,COC(=O)C(Cl)Cl,1,14
pgps090,CCCOC(=O)NC1CCc2cc(OC)c(OC)c(OC)c2-c2ccc(OC)c(=O)cc21,1,53
hep4595,CC1(C)CCC2(C(=O)OC3OC(COC4OC(CO)C(O)C(O)C4OC4OC(CO)C(O)C(O)C4O)C(O)C(OC4OC(CO)C(O)C(O)C4O)C3O)CCC3(C)C(=CCC4C5(C)CCC(OC6OCC(O)C(O)C6O)C(C)(C(=O)O)C5CCC43C)C2C1,0,159
pgps309,CC(C)(C)NCC(O)COc1ccccc1C#N,1,27
hERG047,CN(C)CCCN1c2ccccc2Sc2ccc(Cl)cc21,1,32
BBB299,CN(Cc1cnc2nc(N)nc(N)c2n1)c1ccc(C(=O)NC(CCC(=O)O)C(=O)O)cc1,0,58
CYP2C19_2783,CC12CCCC1C1C(=O)CC3CC(=O)CCC3(C)C1CC2=O,0,39
hERG218,Fc1ccc(C(c2ccc(F)cc2)N2CCN(CC=Cc3ccccc3)CC2)cc1,1,47
hERG560,Brc1ccccc1-c1ccccc1,0,19
CYP2D6_1740,CC(c1ccccc1)n1c(O)c2c(c1O)C1C(CC2)C(=NOCC(O)COCc2ccco2)CC(O)C1O,0,63
pgpi1614,CC(NC(=O)C(N)Cc1ccc(O)cc1)C(=O)NC(Cc1ccccc1)C(=O)NC(CCC(=O)O)C(O)=NC(C(=O)NC(C(O)=NCC(N)=O)C(C)C)C(C)C,0,102
BBB176,CN1CC2c3ccccc3Oc3ccc(Cl)cc3C2C1,1,31
CYP2C19_4768,COC(=O)N1CCCC2(CCN(C(=O)NC(C)C)C2)C1,0,36
pgpi0625,CCC(=C(c1ccc(O)cc1)c1ccc(OCCN(C)C)cc1)c1ccccc1,1,46
hlm1670,CS(=O)(=O)Nc1ccc2c(c1)S(=O)(=O)N=C(C1C(=O)CC(c3ccccc3)N(Cc3ccc(F)cc3)C1=O)N2,0,76
CYP2C9_6453,O=C(O)C[n+]1ccccc1,0,18
CYP1A2_0392,FC(F)(F)c1ccccc1-c1ccc2ncnc(N3CCOCC3)c2c1,1,41
pgpi0775,CCOC(=O)N1CCC(=C2c3ccc(Cl)cc3CCc3cccnc32)CC1,1,44
pgpi1571,CC12CCC3c4ccc(O)cc4CCC3C1CC(O)C2O,0,33
hERG039,CN(C(=O)N1CC(c2cc(F)ccc2F)=CC1c1ccccc1)C1CCNCC1,1,47
DILI0257,CC(C)CN(CC(OP(=O)(O)O)C(Cc1ccccc1)NC(=O)OC1CCOC1)S(=O)(=O)c1ccc(N)cc1,1,69
hlm2200,CCC1OC(=O)C(C)C(OC2CC(C)(OC)C(O)C(C)O2)C(C)C(OC2OC(C)CC(N(C)C)C2O)C(C)(O)CC(C)CN(CCNC(=S)NCCc2ccccc2)C(C)C(O)C1(C)O,0,115
hep3619,CCC1OC(=O)C(C)C(OC2CC(C)(OC)C(OCCCOCCCCc3ccc4c(c3)c(=O)c(C(=O)O)cn4C3CC3)C(C)O2)C(C)C(OC2OC(C)CC(N(C)C)C2O)C(C)(O)CC(C)CN(C)C(C)C(O)C1(C)O,0,138
pgpi0214,COc1ccccc1N1CCN(CCCCNC(=O)c2ccc3ccccc3c2)CC1,1,44
CYP2C19_6951,Clc1ccc(-c2nnc(-c3cccc4ccccc34)o2)cc1Cl,0,39
pgps653,COCCc1ccc(OCC(O)CNC(C)C)cc1,0,27
hep5469,CCCCCCC1C(=O)OC(C)C(NC(=O)c2cccc(NC=O)c2O)C(=O)OC(C)C1OC(=O)CC(C)C,0,66
CYP2C19_4015,CC1(C)OC2COC(c3[nH]nc4c(=O)[nH]c(=O)[nH]c34)C2O1,0,48
ames6475,CCCCCCCCOP(=O)(OCCCCCCCC)OCCCCCCCC,0,34
CYP2D6_4957,COC(=O)N1CCC2(CCN(Cc3nccs3)CC2)CC1,0,34
DILI0565,COC(c1ccccc1)(c1ccccc1)C(Oc1nc(C)cc(C)n1)C(=O)O,1,47
ames2546,N#Cc1ccc(C=Cc2ccc([N+](=O)[O-])cc2)cc1,1,38
CYP3A4_02998,CC1NC(=O)CC=CC(C)C2C=CC(O)C(COC(=O)C(C)NC(=O)CC=CC(C)C3C=CC(O)C(COC1=O)O3)O2,0,76
CYP2C9_0297,CC(C(=O)Nc1ccc2ccccc2c1)C1CC1(C)C(NP(=O)(c1ccccc1)c1ccccc1)c1ccccc1,1,67
CYP3A4_08322,N=C1CCCCN1,0,10
mmp1776,CCC(CO)(CO)CO,0,13
pgpi1027,CCC(C(=O)OCCN1CCN(CCOc2ccc(OC)cc2)CC1)c1ccccc1,1,46
BBB203,CCN=C(NC#N)NCCSCc1ncccc1Br,0,26
CYP2C19_3943,Oc1ccc(C(O)C2CCCCN2)cc1O,0,24
BBB240,COc1cc2c(c(OC)c1OC)-c1ccc(OC)c(=O)cc1C(NC(C)=O)CC2,0,50
CYP3A4_02318,C=CC1CN2CCC1CC2C(OC(=O)OCC)c1ccnc2ccc(OC)cc12,1,45
ames5319,CCOP(=S)(OCC)SCn1c(=O)oc2cc(Cl)ccc21,0,36
CYP3A4_07433,Cc1cc(CN2CCCCC2)c(O)c(CN2CCCCC2)c1,0,34
CYP2D6_2490,CC(=CCNc1ncnc2c1ncn2C1OC(CO)C(O)C1O)CO,0,38
DILI0091,CC(Cl)(Cl)Cl,1,12
BBB331,CCn1cc(C(=O)O)c(=O)c2ccc(C)nc21,0,31
pgpi2147,C=C1C(C)C2C(Cc3ccccc3)NC(=O)C23C(OC(C)=O)C=CC(C)(O)CC(C)CC=CC3C1O,0,65
ames6037,FC(F)(F)C(Cl)Br,0,15
CYP2C9_1772,CCN1CC2(COC)C(O)CC(OC)C34C5CC6(O)C(OC)C(O)C(OC(C)=O)(C5C6OC(=O)c5ccccc5)C(C(OC)C23)C14,0,86
BBB217,CN=C(C[N+](=O)[O-])NCCSc1ccc(CN(C)C)o1,0,38
hlm2585,COc1ccc(-c2cc(-c3ccc(NS(C)(=O)=O)cc3)cnc2N)cn1,0,46
hlm3044,O=c1cc(CNc2cc(Cl)cc(Cl)c2)[nH][nH]1,0,35
DILI0688,Oc1c(Cl)cc(Cl)c(Cl)c1Cc1c(O)c(Cl)cc(Cl)c1Cl,1,43
CYP1A2_1802,O=C(O)c1cc2ccccc2c(Cc2cc3ccccc3c(C(=O)O)c2O)c1O,0,47
CYP2C19_7361,O=C(O)Cc1c[nH]cn1,0,17
hep4559,C=C1C2CC(O)C3C(C2)(C(=O)OC2CCC4(C)COC5OCC23C54)C1O,0,50
CYP2D6_5670,Clc1ccccc1-c1cc(NCCN2CCOCC2)ncn1,0,32
pgps167,CCCCc1nc(Cl)c(CO)n1Cc1ccc(-c2ccccc2-c2nn[nH]n2)cc1,1,50
CYP3A4_09627,NCCNCCNCCN,0,10
hep0341,COc1ccc2c(c[n+]3c4c2ccc2c5c(cc(c24)CC3)OCO5)c1OC(=O)c1ccc(F)cc1F,1,64
mmp5278,CN=C(NC)NCc1ccccc1,0,18
CYP2C9_0478,COc1ccc(Oc2ncc3nc(CCc4ccccc4)c(=O)n(CCC#N)c3n2)cc1,1,50
BBB263,CN1CCC23c4c5ccc(O)c4OC2C(O)C=CC3C1C5,0,36
hep4321,COc1cc(CC2COC(c3cc(OC)c4c(c3)OCO4)C2CO)cc2c1OCO2,0,48
hlm1169,COc1cc2c(N3CCN(C(=O)Nc4ccc(OC(C)C)cc4)CC3)ncnc2cc1OCCCN(C)C,0,59
CYP3A4_00074,C=C(C)C(O)C=Cc1ccc(Br)cc1,1,25
CYP2C9_3611,CCc1cc(O)n(SCC(N)C(=O)O)c1O,0,27
pgpi1962,CCNC(=O)Oc1ccccc1[N+](=O)[O-],0,29
CYP2D6_3305,COC(=O)C1(C)C=C2C(=C(c3ccccc3)C(=O)C2C)CN1,0,42
CYP2C9_2212,CC1OC(OCC2OC(Oc3c(-c4ccc(O)c(O)c4)oc4cc(O)cc(O)c4c3=O)C(O)C(O)C2O)C(O)C(O)C1O,0,77
CYP1A2_1547,CC(C)C(CC(=O)NC1CCNCC1C(=O)NC(CC(=O)NC(CCC(=O)O)CC(=O)O)Cc1c[nH]c2ccccc12)NC(=O)CC(Cc1c[nH]c2ccccc12)NC(=O)C1CCCCC1N,0,116
hep5117,CC1=Nc2[nH]ncc2C(c2ccco2)C1C(=O)Nc1ccc(F)c(Cl)c1,0,48
ames5791,Oc1cccc2cc3cccc(O)c3c(O)c12,0,27
ames2227,Cn1c([N+](=O)[O-])cnc1COC(N)=O,1,30
BBB325,CN(C)Cc1ccc(CSCCNc2[nH]cc(Cc3ccccc3)c2[N+](=O)[O-])o1,0,53
ames4208,O=c1oc2cc(-n3nc4ccc5ccccc5c4n3)ccc2cc1-c1ccccc1,0,47
pgps470,CCc1cc(-c2[nH]nc(C)c2-c2ccc3c(c2)OCCO3)c(O)cc1O,0,47
CYP3A4_01405,Cc1noc(C)c1-c1cncnc1NC1CC1,1,26
hERG633,CCCOC(=O)c1c(-c2ccccc2)nc(CC)c(C(=O)SCC)c1CCC,0,45
pgpi0174,COc1cccc(CCc2ccccc2OCCCCN2CCN(c3ccccc3OC)CC2)c1,1,47
CYP1A2_2848,CCC(=O)N1CCN(C(=O)c2ccccc2)CC1,0,30
hlm1435,Cc1cccc(N2CCC(C(=O)Nc3ccc4c(c3)NC(=O)CO4)CC2)c1C,0,48
DILI1381,Nc1ncnc2c1ncn2C1OC(CO)C(O)C1O,0,29
BBB315,CCC1(O)CC2CN(CCc3c([nH]c4ccccc34)C(C(=O)OC)(c3cc4c(cc3OC)N(C=O)C3C(O)(C(=O)OC)C(OC(C)=O)C5(CC)C=CCN6CCC43C65)C2)C1,0,114
BBB036,COc1ccc(C(CN(C)C)C2(O)CCCCC2)cc1,1,32
CYP2C19_4511,N#Cc1ccccc1-c1ccc2ncnc(N3CCNCC3)c2c1,0,36
mmp3412,CCCCOC(C)=O,0,11
hep2774,C=c1c(C(=O)NCCN(C)C)c(C)[nH]c1=Cc1c(O)[nH]c2cccnc12,0,51
hep4937,CC(=O)C=C1CC(C)(C)CC12OC(=O)CCC2C,0,33
hep4258,CC(=O)OC1=C2C(C)C(O)CC(C(OC(=O)c3ccccc3)C3C(C)(CCC4OCC43O)C1=O)C2(C)C,0,69
pgps613,O=C(O)Cc1cc(N=Nc2ccc(S(=O)(=O)Nc3ccccn3)cc2)ccc1O,0,49
CYP3A4_05605,COc1ccc(-n2c(=O)c(-c3ccc(Cl)cc3)nc3cnc(N(C)C)nc32)cc1,0,53
BBB111,CN1CN(c2ccccc2)C2(CCN(CCCC(=O)c3ccc(F)cc3)CC2)C1=O,1,50
CYP2C9_7597,O=c1n(CCCN2CCN(c3cccc(Cl)c3)CC2)nc2ccccn12,0,42
CYP3A4_09888,c1coc(CNc2ncnc3[nH]cnc23)c1,0,27
CYP2C9_2103,CC(C(=O)OC1CC2CCC(C1)N2C)c1ccc(Br)cc1,0,37
mmp0419,O=[N+]([O-])c1ccc(O)c2ncccc12,1,29
CYP2D6_1064,c1ccc(CN2CCC3(CCCc4ccccc43)CC2)cc1,1,34
pgps090,CCCOC(=O)NC1CCc2cc(OC)c(OC)c(OC)c2-c2ccc(OC)c(=O)cc21,1,53
CYP3A4_01041,COC(=O)C1(Cc2ccc(OC)cc2)C2c3cc(C(=O)N4CCCC4)n(Cc4ccc(S(C)(=O)=O)cc4)c3CC2CN1C(=O)c1ccccc1,1,89
ames4696,CC1C(C)(C)C2=C(C(=O)CCC2)C1(C)C,0,31
CYP3A4_04725,Cc1c(-c2ccccc2)oc2cc(O)ccc2c1=O,0,31
CYP2C19_5934,COCCn1c(=O)c(C)nc2cnc(N(C)C)nc21,0,32
pgpi0066,CC1=C(c2ccccc2)C(=O)c2c(OCC(O)CN3CCCCC3)cccc21,1,46
hERG388,CC=C(c1ccc(O)cc1)C(CC)c1ccc(O)cc1,0,33
CYP2C9_5586,CN1CCC2(CC1)CCN(C(=O)c1ccncc1)CC2,0,33
CYP3A4_05057,Cc1cc(NC(=O)Nc2ccc3c(ccn3C)c2)sn1,0,33
pgpi1460,CC(C)NC1CCC(c2ccccc2)(c2ccccc2)CC1,0,34
mmp5177,CNCc1ccccc1,0,11
hlm1198,COc1cc2c(N3CCN(C(=O)Nc4ccc(C#N)cc4)CC3)ncnc2cc1OCCCN1CCCCC1,0,59
CYP2D6_0069,CSC(=N)N,1,8
hep2031,CC1=NN(C(=O)CSc2ccccc2)C(c2cc(Br)cc(Br)c2O)C1,0,45
hep1646,C=C(COC)C1CCC2(C(=O)O)CCC3(C)C(CCC4C5(C)CCC(OC(=O)n6ccnc6C)C(C)(C)C5CCC43C)C12,1,78
CYP2D6_0517,Cc1ccccc1-c1ccc2ncnc(N(C)Cc3ccco3)c2c1,1,38
DILI0158,CON=C(C(=O)NC1C(=O)N2C(C(=O)O)=C(C[n+]3cccc4c3CCC4)CSC12)c1csc(N)n1,1,67
BBB137,OC(c1cc(C(F)(F)F)nc2c(C(F)(F)F)cccc12)C1CCCCN1,1,46
hep3592,COc1cccc(C=CC(=O)NC2C(OC3CCC4(C)C(=CCC5C4CCC4(C)C5CC5OC6(CCC(C)CO6)C(C)C54)C3)OC(CO)C(O)C2O)c1OC,0,96
hlm1148,Oc1c(C(Nc2ccccn2)c2ccccc2)ccc2cccnc12,1,37
DILI0076,C1CCC(C(CC2CCCCN2)C2CCCCC2)CC1,1,30
CYP2C9_2719,OCC1OC(c2nc3cc(Cl)c(Cl)cc3[nH]2)C(O)C1O,0,39
hep2984,COc1ccc(C(=O)c2c3n(c(=N)c4c(Cl)c(C#N)c(Cl)c(Cl)c24)CCN3)cc1,0,59
CYP3A4_03716,CC(O)COC1C2OC(CO)C(OC3OC(CO)C(OC4OC(CO)C(OC5OC(CO)C(OC6OC(CO)C(OC7OC(CO)C(OC8OC(CO)C(O2)C(O)C8O)C(O)C7O)C(O)C6O)C(O)C5OCC(C)O)C(O)C4OCC(C)O)C(O)C3O)C1O,0,151
CYP3A4_10021,CNCCCN1c2ccccc2CCc2ccccc21,0,26
mmp0733,CCCCC(=O)OCC(=O)C1(O)C=C2C(=O)c3c(c(O)c4c(OC)cccc4c3O)C(=O)C2C(OC2CC(NC(=O)C(F)(F)F)C(O)C(C)O2)C1,1,97
hep0835,CN(C)CCCOc1c(OCc2ccccc2)cc2oc(-c3ccccc3)cc(=O)c2c1O,1,51
pgps430,Cc1ncc2n1-c1ccc(Cl)cc1C(c1ccccc1F)=NC2O,0,39
CYP2D6_3320,CCC1C2=C3C(CCC4C(OC)OCC(C)(C34)N(C(=O)OC(C)(C)C)C2)C(CO)C1CO,0,60
mmp0030,CCOc1nc2cccc(C(=O)O)c2n1Cc1ccc(-c2ccccc2-c2nn[nH]n2)cc1,1,55
pgpi1238,CN(C)CCCN1c2ccccc2Sc2ccc(C(F)(F)F)cc21,1,38
CYP2C19_2571,CCC1(O)CC2CN(CCc3c([nH]c4ccccc34)C(C(=O)OC)(c3cc4c(cc3OC)N(C=O)C3C(O)(C(=O)OC)C(C(=O)OC)C5(CC)C=CCN6CCC43C65)C2)C1,0,114
CYP2D6_5726,Cn1c(=O)c(-c2cccc(Cl)c2)nc2cncnc21,0,34
hlm2784,Nc1ncc(-c2ccc(C(=O)N3CCOCC3)cc2)cc1-c1ccc(C(F)(F)F)cc1,0,54
BBB340,CC(C=CC1=C(C)CCCC1(C)C)=CC=CC(C)=CC(=O)O,0,40
DILI0776,C=C1c2cccc(O)c2C(=O)C2C(=O)C3(O)C(=O)C(C(N)=O)C(=O)C(N(C)C)C3C(O)C12,1,68
hlm3193,C=Cc1cc(C(NC(=O)NC(C)(C)C)C(=O)Nc2cccc(C(=O)NS(=O)(=O)c3ccc(C(F)(F)F)cc3)c2)ccc1Oc1cc(OC)nc(-c2ccccc2)n1,0,104
CYP2C9_0141,N=C1Sc2ccccc2C2=NCCCN12,1,23
CYP2D6_5703,Cc1nc2cnc(N(C)C)nc2n(Cc2ccc(F)cc2)c1=O,0,38
CYP1A2_6107,O=C(O)CCSC1=NCCN1,0,17
mmp3868,CC(CCC(=O)O)(c1ccc(O)cc1)c1ccc(O)cc1,0,36
CYP2C9_0744,COc1ccc2c(=O)cc(-c3ccc(O)cc3)oc2c1,1,34
ames3082,c1cc2ccc3cc4c(c5ccc(c1)c2c35)C1OC1CC4,1,37
ames5064,[O-][n+]1cccc2cccc(O)c21,0,24
ames2468,OC1c2ccc3cc4c(ccc5ccccc54)nc3c2C2OC2C1O,1,39
CYP1A2_6588,COc1cc(NCCC(=O)O)c2ncccc2c1,0,27
DILI0071,CC1CN(c2cc3c(cc2F)c(=O)c(C(=O)O)cn3-c2ccc(F)cc2F)CCN1,1,53
BBB034,C=CC1CN2CCC1CC2C(O)c1ccnc2ccc(OC)cc12,1,37
CYP2C19_6185,CS(=O)(=O)Nc1cccc(-c2cncnc2-n2ccnc2)c1,0,38
hep5415,CC(=O)Oc1cc(OC(C)=O)c2c(=O)c3cccc(OC(C)=O)c3oc2c1,0,49
CYP2D6_0167,OC1C=C2CCN3Cc4cc5c(cc4C(C1O)C23)OCO5,1,36
CYP2D6_6063,O=C(c1cccc(F)c1)N1CCC2(CC1)CCN(c1ccccc1)CC2,0,43
CYP2D6_1982,COC1COC(=O)C(CCSC)NC(=O)CC=CC(C)COC(=O)CCCC1C,0,45
hERG351,CCCCN1CCC(n2c(=O)[nH]c3ccccc32)CC1,0,34
ames2627,O=C(Cl)c1ccc([N+](=O)[O-])cc1,1,29
CYP2D6_2673,CC12CCC3c4ccc(OS(=O)(=O)O)cc4CCC3C1CCC2=O,0,41
hlm2585,COc1ccc(-c2cc(-c3ccc(NS(C)(=O)=O)cc3)cnc2N)cn1,0,46
hERG166,COc1ccc(CC2c3cc(Oc4cc(CC5c6cc(OC)c(OC)cc6CCN5C)ccc4O)c(OC)cc3CCN2C)cc1,1,70
CYP1A2_2939,COCCNC(=O)C(C)C1CC1(C)C(NC(=O)OCc1ccccc1)c1ccccc1,0,49
DILI0232,C#CC(O)(C=CCl)CC,1,16
CYP2D6_4358,Cc1nc2cnc(N(C)C)nc2n(C2CC2)c1=O,0,31
CYP2D6_5233,COc1ccccc1CNc1cc(-c2ccccc2Cl)ncn1,0,33
pgps148,COc1ccc(-n2nnnc2C(F)(F)F)cc1CNC1CCCNC1c1ccccc1,1,46
CYP3A4_09663,CNS(=O)(=O)Cc1ccc2[nH]cc(CCN(C)C)c2c1,0,37
hlm2843,CCN1CCN(c2ccc(NC(=O)c3ccc(-c4ccccn4)cc3)cc2)CC1,0,47
pgpi0563,COc1ccc(CCNc2nc(N(C)Cc3ccccc3)c3c(C)cccc3n2)cc1OC,1,49
BBB124,COc1ccc2c3c1OC1C(O)C=CC4C(C2)N(C)CCC341,1,39
pgps124,COC(=O)CC(O)(CCCC(C)(C)O)C(=O)OC1C(OC)=CC23CCCN2CCc2cc4c(cc2C13)OCO4,1,68
CYP1A2_1990,CNC1(C)C2CCC(C2)C1(C)C,0,22
BBB319,CC(C)NCC(O)COc1ccc(CC(N)=O)cc1,0,30
DILI0789,CC(C)(C(=O)O)c1ccc(C(O)CCCN2CCC(C(O)(c3ccccc3)c3ccccc3)CC2)cc1,0,62
hERG015,Cc1nccn1CC1CCc2c(c3ccccc3n2C)C1=O,1,33
hERG085,C1CCC2(C1)C1CN(CC3CC3)CC2CN(CC2CC2)C1,1,37
CYP1A2_4481,O=C(c1ccco1)N1CCC2(CC1)CCN(c1ccccc1)CC2,0,39
CYP2C9_7377,O=C(O)CCc1nc2ccccc2[nH]1,0,24
CYP2C9_6010,COc1cccc(Cn2c(=O)c(C)nc3cnc(N4CCNCC4)nc32)c1,0,44
CYP2D6_3462,COc1cc(OC)c(C=C2C(=O)Nc3ccccc32)c(OC)c1,0,39
CYP1A2_6400,O=C(O)c1nnsc1-c1csnn1,0,21
DILI0864,CN(C)CCc1c[nH]c2ccc(CS(=O)(=O)N3CCCC3)cc12,0,42
CYP2C19_1261,CC1=CC(C)(C)Nc2ccc(CSc3ccccc3)cc21,1,34
CYP2C19_5527,O=C(Oc1ccccc1)N1CCCC2(CCN(Cc3nccs3)C2)C1,0,40
CYP3A4_08830,O=NN(CCO)CCO,0,12
CYP2D6_4343,COc1ccc(-n2c(=O)c(-c3cccc(Cl)c3)nc3cncnc32)cc1,0,46
hep1419,COc1ccc(C=CC(=O)c2ccc(OC)c3c2OC(C)(C)C=C3)cc1OCCCN(C)C,1,54
pgpi0427,COc1cc2c(cc1OC)CN(CCc1ccc(NC(=O)c3ccc(Br)cc3)cc1)CC2,1,52
CYP2C19_5390,COc1ccc(-n2c(=O)c(CCc3ccccc3)nc3cnc(N4CCNCC4)nc32)cc1,0,53
CYP1A2_2024,CC1CC2C3CC=C4CC(=O)C=CC4(C)C3(F)C(O)CC2(C)C1(O)C(=O)CO,0,54
BBB011,O=c1ccc(-c2c(-c3ccccc3)nn3ccccc23)nn1CCN1CCCCC1,1,47
hERG393,CCOC(=O)C1=C(C)N=C(C)C(C(=O)OC)C1c1cccc(Cl)c1Cl,0,47
DILI0654,NC(=O)c1cnccn1,1,14
BBB256,CC(=O)Nc1ccc(OCC(O)CNC(C)C)cc1,0,30
CYP2D6_2597,COc1cc2nc(N(C)CCCNC(=O)C3CCCO3)nc(N)c2cc1OC,0,43
CYP2D6_5127,COCCn1c(=O)cnc2cnc(Nc3ccccc3)nc21,0,33
DILI1281,O=c1[nH]cc(F)c(=O)[nH]1,0,23
CYP2C19_1569,Cn1nnnc1SCC1=C(C(=O)O)N2C(=O)C(NC(=O)C(O)c3ccccc3)C2SC1,0,55
pgpi1236,CCCCc1oc2ccccc2c1C(=O)c1cc(I)c(OCCN(CC)CC)c(I)c1,1,48
CYP2D6_5098,COCCn1c(=O)c(-c2cccc(F)c2)nc2cncnc21,0,36
DILI0545,CN(CC=CC#CC(C)(C)C)Cc1cccc2ccccc12,1,34
mmp4149,COc1ccc(CN2CCNCC2)c(OC)c1OC,0,27
hERG448,NCCNS(=O)(=O)c1cccc2cnccc12,0,27
CYP2C19_0058,COC(=O)N(C=Cc1ccc(OC)cc1)CCc1ccc(OC)c(OC)c1,1,43
hlm0001,c1ccc(OCC2CCC3CN(c4ncccn4)CCN3C2)cc1,1,36
pgpi2028,CC1=CC(=O)c2cccc(OCC(O)CN3CCCCC3)c21,0,36
hERG572,CCOC(=O)C1OC1c1ccccc1,0,21
hlm1435,Cc1cccc(N2CCC(C(=O)Nc3ccc4c(c3)NC(=O)CO4)CC2)c1C,0,48
hERG181,COc1ccc(CN2CCC(NC(=O)c3cc(=O)c4ccc(F)cc4o3)CC2)cc1F,1,51
CYP1A2_1615,CC(C)OC(=O)c1cc2c(OCC(O)CNC(C)(C)C)cccc2[nH]1,0,45
hlm0653,CC(C)Cn1c(O)cn(Cc2ccc(-c3ccc(F)c(CN4CCOCC4)n3)cc2)c1=O,1,54
CYP3A4_07365,N#Cc1ccc(OC(=O)c2ccc(N=C(N)N)cc2)cc1,0,36
CYP1A2_0065,CC(C)(C)c1ccc(S(=O)(=O)C=CC#N)cc1,1,33
CYP2C9_4349,COC(=O)N1CCC2(CCCN(C(c3ccccc3)c3ccccc3)C2)CC1,0,45
hep1928,CCn1c2cc(=[O+]CC(C)C)ccc2c2ccn(Cc3ccccc3)c(C)c21,1,48
mmp2839,OC1COC2C(O)COC12,0,16
BBB209,CN=C(NC#N)NCCSCc1[nH]cnc1C,0,26
CYP2D6_1098,O=C1CSC2(CCN(CCCN3c4ccccc4Sc4ccc(Cl)cc43)CC2)N1,1,47
pgps353,CSc1c(C(=O)NN2CCCCC2)nn(-c2ccc(Cl)cc2Cl)c1-c1ccc(Cl)cc1,0,55
CYP1A2_4847,O=C(c1ccco1)N1CCC2(CCCN(Cc3ccccc3)C2)CC1,0,40
CYP2C19_4978,N#CCCn1c(=O)cnc2cnc(Nc3ccccc3)nc21,0,34
CYP2C19_0525,c1ccc(CC(Nc2cccnc2)c2ccccc2)cc1,1,31
pgps498,N#CC1C(=S)N(C2OC(CO)C(O)C(O)C2O)C(c2ccccc2)=CC1c1ccco1,0,54
CYP2C9_0926,C=C(CC)C(=O)c1ccc(OCC(=O)O)c(Cl)c1Cl,1,36
CYP2D6_0235,CN1C2CCC1CC(OC(c1ccccc1)c1ccc(Cl)cc1)C2,1,39
DILI0648,Cn1cc[nH]c1=S,1,13
CYP2D6_5302,CC(C)NC(=O)N1CCC2(CCCN(C(=O)Oc3ccccc3)C2)C1,0,43
pgpi1918,COc1cnc(NS(=O)(=O)c2ccc(N)cc2)nc1,0,33
CYP2C19_6702,COc1ccc2nccc(C(=O)O)c2c1,0,24
DILI0035,CN1CCCC(CN2c3ccccc3Sc3ccccc32)C1,1,32
hep3342,N=C(N)NCCCC(NC(=O)C(Cc1c[nH]c2ccccc12)NC(=O)C(N)Cc1c[nH]c2ccccc12)C(=O)OCc1ccccc1,0,81
mmp2441,CCCCCOC(=O)c1ccccc1C(=O)OCCCCC,0,30
hERG131,Clc1ccc2c(c1)C(N1CCNCC1)=Nc1ccccc1O2,1,36
CYP2C19_4833,COc1ccc(NC(=O)N2CCCC3(CCNCC3)C2)cc1,0,35
hERG441,CCc1nc(N)nc(N)c1-c1ccc(Cl)cc1,0,29
mmp1928,O=C(OC(=O)c1ccccc1)c1ccccc1,0,27
CYP2C9_5824,COc1ccc(CNc2cc(-c3ccccc3CN(C)C)ncn2)c(OC)c1,0,43
ames2427,OCC1COC(CCI)O1,1,14
CYP3A4_05163,Cc1ncc([N+](=O)[O-])n1CCN=[N+]=[N-],0,35
pgps670,CN1CCC23c4c5ccc(O)c4OC2C(OC2OC(C(=O)O)C(O)C(O)C2O)C=CC3C1C5,0,59
ames0579,Nc1ccc(C=Cc2cccc(N)c2)cc1,1,25
hep1981,Cc1ccc2nc(C)n(NC(=O)C(C#N)=Cc3ccc([N+](=O)[O-])cc3)c(=O)c2c1,0,60
CYP3A4_06499,CC(=O)N1CCC2(CC1)CCN(C(=O)Nc1cccc(F)c1)CC2,0,42
mmp6052,C=Cc1ccc(O)c(OC)c1,0,18
BBB059,CN(C)CCC=C1c2ccccc2COc2ccccc21,1,30
pgpi1956,CNC(=O)ON=CC(C)(C)SC,0,20
mmp4764,Nc1ccc(C(=O)O)c(O)c1,0,20
ames5804,O=Cc1c(Cl)cccc1Cl,0,17
CYP3A4_09234,O=Nc1ccc(NO)cc1,0,15
CYP3A4_02217,CN1CCC(n2[nH]c(-c3ccccc3)c(Cc3ccccc3)c2=O)CC1,1,45
CYP2C9_4316,COC(=O)N1CCC2(CC1)CN(C(=O)Nc1ccc(OC)cc1)C2,0,42
hlm3025,C=CC1CC1(NC(=O)C1CC(OC)(c2ccc(-c3cnn(C)c3)cc2)CN1C(=O)C(NC(=O)OC1CCCC1)C(C)(C)C)C(=O)NS(=O)(=O)C1CC1,0,100
hep2195,COc1ccc2c(C3(c4c[nH]c5cc(OC)ccc45)C(=O)Nc4ccccc43)c[nH]c2c1,0,59
mmp2096,CCNc1cccc(C)c1,0,14
hep0372,COc1ccc(OC)c(C=CC(=O)C(=Cc2ccc(OC)c(O)c2)C(=O)C=Cc2cc(OC)ccc2OC)c1,1,66
ames4177,CCOCOCC,0,7
hERG568,O=S1OCC2C(CO1)C1(Cl)C(Cl)=C(Cl)C2(Cl)C1(Cl)Cl,0,45
CYP2C19_5170,COCC(=O)N1CCCC2(CCN(C(=O)Nc3cccc(F)c3)C2)C1,0,43
pgpi0118,O=C(CCc1ccccc1)c1cccc(OCC(O)CN2CCN(c3ccc(F)cc3)CC2)c1,1,53
CYP2C9_4821,Cc1cnc(CNc2cc(-c3ccccc3C(F)(F)F)ncn2)cn1,0,40
hlm2948,Cc1cccc(NC(=O)c2nc(C)n(-c3ccc(F)cc3)c2C)n1,0,42
CYP1A2_5938,OC(COc1ccccc1)CN1CCCCC1,0,23
CYP2C9_4854,Cc1nc2cnc(N3CCOCC3)nc2n(C)c1=O,0,30
CYP2C19_2346,CCOC(=O)C12CC1C(=NO)c1ccccc1O2,0,30
hlm2446,N#Cc1ccccc1Cn1c(N2CCCC(N)C2)ncc(I)c1=O,0,38
CYP2C19_7850,COC(=O)Nc1nc2cc(C(=O)c3ccccc3)ccc2[nH]1,0,39
hlm0616,CC(C)Cn1c(O)cn(Cc2ccc(-c3ccc(F)c(CN4CCCC(C)C4)n3)cc2)c1=O,1,57
hERG030,COc1ccc(C(=O)N2CCN(c3ccc4c(c3)CCC(=O)N4)CC2)cc1OC,1,49
DILI0384,CC(C)(S)C(N)C(=O)O,1,18
CYP2C19_0629,c1ccc(Nc2cc(-c3ccoc3)ncn2)cc1,1,29
CYP2D6_4658,COc1ccc(CNc2ncncc2-c2c(C)noc2C)c(OC)c1,0,38
hlm0928,CCC1=CC(C)CC(C)CC(OC)C2OC(O)(C(=O)C(=O)N3CCCCC3C(=O)OC(C(C)=CC3CCC(O)C(F)C3)C(C)C(O)CC1=O)C(C)CC2OC,1,99
BBB262,COc1cc2c(cc1CNC1CCCNC1c1ccccc1)N(S(C)(=O)=O)C(C)C2,0,50
mmp4933,CCC1OC(=O)C(C)C(OC2CC(C)(OC)C(O)C(C)O2)C(C)C(OC2OC(C)CC(N(C)C)C2O)C(C)(OC)CC(C)C(=O)C(C)C(O)C1(C)O,0,98
CYP3A4_08167,NCCCP(=O)(O)CC1CCCCC1,0,21
CYP1A2_3007,COC(=O)C1(Cc2ccc(F)cc2)C2c3cc(C(=O)N4CCCC4)n(Cc4ccc(C(F)(F)F)nc4)c3CC2CN1C(=O)c1ccccc1,0,86
CYP2D6_2757,O=[N+]([O-])OC1COC2C(O[N+](=O)[O-])COC12,0,40
pgpi1581,CN(CCO)c1nc(N2CCCCC2)c2nc(N(C)CCO)nc(N3CCCCC3)c2n1,0,50
hlm1848,CN(C)CCNC(=O)c1ccc(NC(=O)Nc2ccc(-c3nc(N4CCOCC4)c4ccn(CC(F)(F)F)c4n3)cc2)cc1,0,75
CYP3A4_01453,Clc1ccccc1-c1nc(-n2ccnc2)c2ccccc2n1,1,35
ames4814,CCCCOCC(=O)O,0,12
pgpi0090,CCC(C)(C)C(=O)OC1CC(C)C=C2C=CC(C)C(CCC3CC(O)CC(=O)O3)C21,1,56
BBB039,CCC(C)Nc1ccc(I)c(NC(C)CC)c1,1,27
ames5459,C=C1CC23CCC4C(C)(C(=O)O)CCCC4(C)C2CCC1C3,0,40
pgpi0211,CC(=O)Oc1ccc(C(c2ccc(OC(C)=O)cc2)c2ccccn2)cc1,1,45
pgps067,CCC1CN2CCc3cc(OC)c(OC)cc3C2CC1CC1NCCc2cc(OC)c(OC)cc21,1,53
hep1700,COc1cc(C2c3cc4c(cc3C(NC(=S)NC(=O)c3ccccc3Cl)C3COC(=O)C23)OCO4)cc(OC)c1O,1,71
CYP2D6_4850,Cn1c(=O)c(-c2cc(F)cc(F)c2)nc2cnc(Oc3ccccc3)nc21,0,47
BBB217,CN=C(C[N+](=O)[O-])NCCSc1ccc(CN(C)C)o1,0,38
CYP2C9_0807,NCC(O)CN,1,8
hlm2086,COc1ccccc1-c1ccc2cnc(Nc3ccc(C4CCN(CC(C)O)CC4)cc3)nn12,0,53
BBB038,COc1ccc(OC(F)(F)F)cc1CNC1CCCNC1c1ccccc1,1,39
CYP2C9_2221,C=C1C2CCC3C4(C)CC(OC5OC(CO)C(OS(=O)(=O)O)C(OS(=O)(=O)O)C5OC(=O)CC(C)C)CC(C(=O)O)C4CCC3(C2)C1O,0,93
CYP2C19_5565,COc1ccccc1CN1CCCC2(CCN(S(C)(=O)=O)CC2)C1,0,40
hlm0465,Cc1nc(-c2ccc(C(c3nnnn3Cc3ccccc3)N3CCCN(C4CCC4)CC3)cc2)cs1,1,57
pgps007,COC1CC(OC2C(C)OC(OC3C(C)=CCC4CC(CC5(C=CC(C)C(C(C)C)O5)O4)OC(=O)C4C=C(C)C(O)C5OCC(=CC=CC3C)C45O)CC2OC)OC(C)C1NC(C)=O,1,115
CYP1A2_4723,COc1ccc(C(=O)N2CCC3(CCCN(Cc4nccs4)C3)CC2)cc1,0,44
CYP2C19_3945,NNC(NN)NN,0,9
pgps010,CCC(C)C1OC2(CCC1C)CC1CC(CC=C(C)C(OC3COC(C)C(OC4CC(OC)C(O)C(C)O4)C3OC)C(C)C=CC=C3COC4C(O)C(C)=CC(C(=O)O1)C34O)O2,1,111
CYP1A2_6904,Nc1nc(N)nc(CCCCc2nc(N)nc(N)n2)n1,0,32
CYP2D6_0470,COc1ccccc1CNc1ncnc2ccc(-c3cccnc3)cc12,1,37
ames3199,Cc1ccc2c(ccc3c4ccccc4ccc23)c1,1,29
ames3787,BrCCCBr,0,7
mmp1214,CCC1(CCC(C)C)C(=O)NC(=O)NC1=O,0,29
hep1393,O=C1C=C(N2CCN(c3ccccc3)CC2)C(=O)c2c(O)cccc21,1,44
BBB269,Cn1c(=O)c2[nH]cnc2n(C)c1=O,0,26
DILI0612,Cc1c(C)c2c(c(C)c1O)CCC(C)(COc1ccc(Cc3sc(=O)[nH]c3O)cc1)O2,1,57
CYP1A2_7366,Cc1cn[nH]c1,0,11
BBB305,NCCc1nc(-c2ccccc2)cs1,0,21
CYP1A2_3797,Clc1ccccc1-c1ccc2ncnc(NCCN3CCOCC3)c2c1,0,38
CYP2C9_0998,O=C(O)C=CC(O)c1ccc(Cl)cc1,0,25
hep5600,COc1cc(-c2nc(CO)cc3c4ccccc4n(C)c23)cc(OC)c1OC,0,45
DILI1267,CC1CN(CC(Cc2ccccc2)C(=O)NCC(=O)O)CCC1(C)c1cccc(O)c1,0,51
pgpi1922,Nc1ccc(S(=O)(=O)Nc2ccc3nccnc3c2)cc1,0,35
BBB055,CCC(=O)C(c1ccccc1)(c1ccccc1)C(C)N(C)C,1,37
pgps811,COc1cc2c(c(OC)c1OC)-c1ccc(SC)c(=S)cc1C(NC(C)=O)CC2,1,50
pgpi1700,COc1ccc(CN(CCN(C)C)c2nccs2)cc1,0,30
hep4959,C=CC1(C)CC2(O)CCC3C(C)(C)C(=O)C=CC3(C)C2CC1=O,0,45
CYP3A4_06944,CN1CCN(c2ncc3nc(-c4ccccc4)c(=O)n(CCC#N)c3n2)CC1,0,47
pgpi0741,C=C1C(OC(C)=O)CC(=O)C(C)(C)C=CC(C)C(=O)C2(OC(C)=O)CC(C)(OC(C)=O)C(OC(C)=O)C2C1OC(C)=O,1,85
CYP3A4_03389,O=C(OC1CN2CCC1CC2)C(O)(c1ccccc1)c1ccccc1,0,40
hlm0708,COc1ccc(S(=O)(=O)N2Cc3ccc(C=CC(O)=NO)cc3C2)cc1,1,46
BBB001,COc1ccc(C2Sc3ccccc3N(CCN(C)C)C(=O)C2OC(C)=O)cc1,1,47
pgps409,O=c1n(CCCN2CCN(c3cccc(Cl)c3)CC2)nc2ccccn12,0,42
CYP2C9_5395,O=C(c1cccc(F)c1)N1CCC2(CCCN(Cc3ccccc3)C2)CC1,0,44
pgps614,ClC1(Cl)C2(Cl)C3(Cl)C4(Cl)C(Cl)(Cl)C5(Cl)C3(Cl)C1(Cl)C5(Cl)C24Cl,0,64
pgps667,CC1CCC2C(C)C(O)OC3OC4(C)CCC1C32OO4,0,34
CYP3A4_09727,CCC1(CC)C(=O)CC=NC1=O,0,21
CYP2D6_0951,NNC(=O)c1ccc[n+](CCc2ccccc2)c1,1,30
DILI1372,NC(Cc1ccc(O)c(O)c1)C(=O)O,0,25
hep4443,Oc1ccc(-c2nnc(SCCCN3CCN(c4nc5ccccc5o4)CC3)o2)cc1,0,48
ames3429,Cc1cccc2ccc3cc4ccccc4cc3c12,1,27
CYP3A4_03212,CC12CCC3C(CCC4(O)CC(O)CCC34C=O)C1(O)CCC2C1=CC(=O)OC1,0,52
pgps807,CCN(C(=O)Cc1ccc(S(C)(=O)=O)cc1)C1CCN(CCC(c2cc(F)cc(F)c2)C2CCC(S(C)(=O)=O)CC2)CC1,1,80
hep5544,Cc1ccc(C=C2SC(=Nc3nc(-c4c(C)n(C)n(-c5ccccc5)c4=O)cs3)N(c3ccccc3)C2=O)cc1,0,72
ames5358,[O-][n+]1cccc2ccccc21,0,21
CYP2C19_5440,O=C(Nc1ccccc1)N1CCC2(CC1)CCN(S(=O)(=O)c1ccccc1)CC2,0,50
CYP3A4_08322,N=C1CCCCN1,0,10
mmp1986,C=C(C)C1CC=C(C)C(OC(C)=O)C1,0,27
ames3876,Cn1c(N)nc2nc3cccnc3cc21,0,23
DILI1282,CC(C)NCC(O)c1ccc(O)c(O)c1,0,25
pgps182,O=C(NCC=CCN1CCN(c2cccc(Cl)c2Cl)CC1)c1ccc(-c2ccccn2)cc1,1,54
ames2163,COc1c2ccoc2nc2c(O)cccc12,1,24
CYP2D6_2297,CC(C)CC(CC(=O)NC(CCC(=O)O)CC(=O)O)NC(=O)C1CNCCC1NC(=O)CC(CCCN)NC(=O)CC(Cc1c[nH]c2ccccc12)NC(=O)C1CNCCC1N,0,104
BBB168,Ic1ccc(CN2CCCCC2)cc1CN1CCCCC1,1,29
pgpi2273,O=c1c(Cc2c(O)oc3ccccc3c2=O)c(O)oc2ccccc12,0,41
pgps327,O=C(CCCN1CCC(O)(c2ccc(Cl)cc2)CC1)c1ccc(F)cc1,0,44
CYP2C19_4658,CN1CCN(c2ncc3ncc(=O)n(Cc4ccc(F)cc4)c3n2)CC1,0,43
DILI0123,COC(=O)NC(C(=O)NC(Cc1ccccc1)C(O)CN(Cc1ccc(-c2ccccn2)cc1)NC(=O)C(NC(=O)OC)C(C)(C)C)C(C)(C)C,1,90
hERG147,O=C(OC1Cc2c(O)cc(O)cc2OC1c1cc(O)c(O)c(O)c1)c1cc(O)c(O)c(O)c1,1,60
DILI0196,Clc1ccc2c(c1)CCc1cccnc1C2=C1CCNCC1,1,34
hlm1161,O=C(C=NO)c1cccnc1OCC1CCN(Cc2ccccc2)CC1,1,38
pgps014,CC(=O)OC1=C2C(C)C(OC(=O)C(O)C(CC(C)C)NC(=O)OC(C)(C)C)C3OC(=O)OC3(C(OC(=O)c3ccccc3)C3C4(OC(C)=O)COC4CC(O)C3(C)C1=O)C2(C)C,1,120
BBB314,CC(C)(C)NCC(O)c1ccc(O)c(CO)c1,0,29
mmp3767,CCCCC(CC)CO[N+](=O)[O-],0,23
CYP1A2_4919,COc1ccccc1-c1cc(NCc2cnc(C)cn2)ncn1,0,34
pgpi0836,COc1ccc(CN(C)Cc2ccc(NC(=O)c3cccc4c(=O)c5ccccc5[nH]c34)cc2)cc1OC,1,63
BBB090,CNCCC(Oc1ccc(C(F)(F)F)cc1)c1ccccc1,1,34
BBB237,COc1ccc2[nH]c([S+]([O-])Cc3ncc(C)c(OC)c3C)nc2c1,0,47
CYP2C9_4730,CN1CCCC2(CCN(C(=O)c3ccco3)CC2)C1,0,32
CYP3A4_04641,CNC(=O)C1(C)C=CCN1C(=O)OC,0,25
hERG043,CNCCCN1c2ccccc2CCc2ccccc21,1,26
hlm0351,CC1=C2CC3C(CCC4CC(O)CCC43C)C2CCC2(C1)OC1CC(C)CNC1C2C,1,52
CYP2C9_5394,CC(=O)NCCNc1ccnc(-c2ccccc2C)n1,0,30
BBB167,CCCCCCC(C)C,1,11
hERG135,COc1ccc(CN2CCC(NC(=O)c3cc(=O)c4ccc(F)cc4o3)CC2)cc1,1,50
ames1485,Nc1c(F)cc(-c2cc(F)c(N)c(F)c2)cc1F,1,33
hep5796,O=C(Cc1cccs1)Nc1ccc2nc3ccccc3nc2c1,0,34
pgpi0181,COc1cccc(CCc2ccccc2OCCN2CCN(c3ncccn3)CC2)c1,1,43
CYP1A2_3726,O=S(=O)(c1ccccc1)N1CCC2(CCCN(c3ccccn3)C2)CC1,0,44
hlm2696,N#CC1(n2cc(C(NC(=O)C3CCOCC3)C3CCCCC3)nn2)CC1,0,44
DILI0272,CON=C1CN(c2nc3c(cc2F)c(=O)c(C(=O)O)cn3C2CC2)CC1CN,1,49
pgpi1333,COC(=O)C1C(O)CCC2CN3CCc4c([nH]c5ccccc45)C3C(OC(=O)c3ccccc3)C21,1,62
ames2385,Cc1cc(NOS(=O)(=O)O)ccc1N,1,24
CYP1A2_2210,NC(CCC(=O)NC(CSN=O)C(=O)NCC(=O)O)C(=O)O,0,39
CYP2C9_6393,O=C(O)CCCCC1CCSS1,0,17
pgps159,C=C(c1ccc(-c2ccccc2)cc1)N1CCc2cc(OC)c(OC)cc2C1,1,46
hlm1462,CS(=O)(=O)Nc1ccc2c(c1)S(=O)(=O)N=C(c1c(O)c(N3CCCC3)nn(-c3ccccc3)c1=O)N2,0,71
mmp3329,CCCSC(=O)Cl,0,11
CYP2D6_7191,Cc1cc(C2(c3cc(C)c(O)c(C(=O)O)c3)OS(=O)(=O)c3ccccc32)cc(C(=O)O)c1O,0,65
hERG398,O=S(=O)(c1cccc2c(I)cccc12)N1CCCNCC1,0,35
CYP2D6_5559,CN(C)c1nc(-c2cccnc2)nc2ccccc12,0,30
CYP1A2_3029,COC(=O)C1(Cc2ccc(OC)cc2)C2c3cc(C(=O)N(C)C)n(Cc4cc(C)n(C)n4)c3CC2CN1C(=O)c1ccccc1,0,80
pgpi0052,CC(=O)Oc1cc2oc(-c3ccccc3)cc(=O)c2c(O)c1OCc1ccccc1,1,49
CYP2C9_6209,CN1CCN(CCC=C2c3ccccc3Sc3ccc(S(=O)(=O)N(C)C)cc32)CC1,0,51
CYP2C19_2525,CC1CC2C3CC(F)C4=CC(=O)C=CC4(C)C3(F)C(O)CC2(C)C1(CC(=O)CO)C(=O)SCF,0,65
hep1543,Oc1cccc(C=NNc2nc(NCCCN3CCOCC3)c3ccccc3n2)c1,1,43
pgps308,CCC(=O)C1(c2cccc(O)c2)CCN(C)CC1,1,31
CYP1A2_1241,Cn1ccc2cc3c(cc21)CCN3C(=O)Nc1cccnc1,1,35
mmp4096,CN1CCCC1Cc1c[nH]c2ccc(CCS(=O)(=O)c3ccccc3)cc12,0,46
hep2598,Fc1cccc(F)c1CSc1nnc(-c2cnccn2)o1,0,32
hERG157,CN1CCCCC1c1c(-c2ccccc2)[nH]c2ccccc12,1,36
CYP2D6_0525,O=C(c1ccncc1)N1CCC2(CCCN(C(c3ccccc3)c3ccccc3)C2)CC1,1,51
CYP2D6_6451,O=S(=O)(O)c1ccc(NN(c2c(O)ccc3ccccc23)S(=O)(=O)O)cc1,0,51
hERG575,c1ccc(Nc2cccc3ccccc23)cc1,0,25
hlm2015,O=C(NCc1ccc(Cl)cc1Cl)N1CCC(Oc2ccc(OC(F)(F)F)cc2)CC1,0,51
CYP1A2_4781,COc1ncc2nc(C)c(=O)n(Cc3cccs3)c2n1,0,33
CYP1A2_7182,COC(=O)c1c(-c2cc(OC)c(OC)c(OC)c2)c2ccc(OCc3ccccn3)cc2c(=O)n1-c1ccc(N)cc1,0,72
pgpi1543,COc1ccccc1N1CCN(CCc2oc(=O)[nH]c2-c2ccc(F)cc2)CC1,0,48
CYP2C19_2084,CCCNC(=O)OCC1OC(CCON=C(C)CCN2CCc3nc(CC)c(CC)cc3C2)C=CC1Oc1ccc(OC)cc1,0,68
CYP3A4_01638,CS(=O)(=O)Nc1cccc(-c2ccc3ncnc(NCc4cccs4)c3c2)c1,1,47
pgps497,CCc1c2c(nc3ccc(OC4OC(C(=O)O)C(O)C(O)C4O)cc13)-c1cc(C(O)(CC)C(=O)O)c(CO)c(=O)n1C2,0,80
BBB297,O=C(O)CCCc1ccc(N(CCCl)CCCl)cc1,0,30
mmp4674,CC=CC=CC=O,0,10
pgps403,O=C1CCC2(O)C3Cc4ccc(O)c5c4C2(CCN3CC2CC2)C1O5,0,44
CYP3A4_04147,C[N+]1(C)C2CCC1CC(OC(=O)C(CO)c1ccccc1)C2,0,40
mmp0244,Oc1c2ccccc2c2c3c(cccc13)N=N2,1,28
hlm1310,CCc1nc(N)nc(N)c1-c1ccc2c(c1)N(CCCOC)CC(C)O2,0,43
mmp3583,O=C(O)c1snc(Cl)c1Cl,0,19
DILI0764,CC1(C)SC2C(NC(=O)C(NC(=O)N3CCN(S(C)(=O)=O)C3=O)c3ccccc3)C(=O)N2C1C(=O)O,1,71
CYP2C19_0707,COc1ccc(C(=O)N2CCCC3(CCN(c4ccccc4)C3)C2)cc1,1,43
CYP2C9_7012,Cn1c(=O)c2[nH]c(CCC(=O)O)nc2n(C)c1=O,0,36
CYP2D6_2652,CC1OC(OC2C(O)CC(OC3C(O)CC(OC4CCC5(C)C(CCC6C5CC(O)C5(C)C(C7=CC(=O)OC7)CCC65O)C4)OC3C)OC2C)CC(O)C1O,0,97
pgps140,O=C1C=CC(=O)c2c1c(O)c1c(NCCNCCO)ccc(NCCNCCO)c1c2O,1,49
CYP2C9_2277,CCC(=O)OCC(=O)C1(OC(=O)CC)C(C)CC2C3CC=C4CC(=O)C=CC4(C)C3(Cl)C(O)CC21C,0,69
ames2422,COc1ccc2nc3cc(Cl)ccc3c(NCCCNCCCl)c2n1,1,37
hlm0469,c1ccc(Cn2nnnc2C(c2ccc(-n3cncn3)cc2)N2CCCN(C3CCC3)CC2)cc1,1,56
mmp0457,O=[N+]([O-])c1ccc(Oc2ccc(C(F)(F)F)cc2[N+](=O)[O-])cc1,1,53
hep6026,CC1OC(OC2C(OC3COC(OC4CCC5(C)C(CCC6(C)C5CCC57OCC8(CCC(C)(CO)CC85)C(O)CC67C)C4(C)C)C(OC4OC(CO)C(O)C(O)C4O)C3O)OC(CO)C(O)C2O)C(O)C(O)C1O,0,133
CYP3A4_05099,O=C(CCN1CCCCC1)N1CCc2c([nH]c3ccccc23)C1c1cccnc1,0,47
pgps316,CCC(=C(c1ccccc1)c1ccc(OCCN(C)C)cc1)c1ccccc1,0,43
CYP2D6_3927,NCC(O)CSP(=O)(O)O,0,17
CYP2C19_6464,CCN(CC)C(C)CN1c2ccccc2Sc2ccccc21,0,32
hERG532,NC(Cc1ccc(F)cc1)C(=O)O,0,22
hlm1239,CCN1c2ncc(CCOc3ccc(CC(=O)O)cc3C)cc2C(=O)N(C)c2cccnc21,0,53
pgps389,CN(C)CC=C(c1ccc(Br)cc1)c1cccnc1,0,31
ames5126,CC1(C)C(C=C(Cl)Cl)C1C(=O)OC(C#N)c1cccc(Oc2ccccc2)c1,0,51
