Name,SMILES,Property
mmp0001,Oc1c(Cl)ccc(Cl)c1,1
mmp0002,CC=O,1
mmp0003,ClC1(C(C(Cl)(C2(Cl)C3=O)C45Cl)(Cl)C2(C(Cl)(C34Cl)C15Cl)Cl)Cl,1
mmp0004,Nc1ccc(O)cc1,1
mmp0005,ClC1C(Cl)C(Cl)C(Cl)C(Cl)C1Cl,1
mmp0006,OC(C(Cc1c(c2[nH]c1)cccc2)=O)=O,1
mmp0007,Oc1ccc([N+]([O-])=O)cc1,1
mmp0008,CCOP(Oc1ccc([N+]([O-])=O)cc1)(OCC)=S,1
mmp0009,Oc1c(Cl)c(Cl)c(Cl)c(Cl)c1Cl,1
mmp0010,O=CCc1ccccc1,1
mmp0011,Oc1c(O)c(O)ccc1,1
mmp0012,O[Se](O)=O,1
mmp0013,NCCS(O)(=O)=O,1
mmp0014,Oc1c(Br)cc(Br)cc1Br,1
mmp0015,Oc1c([N+]([O-])=O)cc([N+]([O-])=O)cc1,1
mmp0016,Cc1c(c(c2c3c(c(c4cc3)cccc4)c5)c5cc1)CC2,1
mmp0017,Cc1c(Cl)ccc(O)c1,1
mmp0018,Oc1c(O)cc(C=C(C#N)C#N)cc1,1
mmp0019,CCCSc1cc(c2cc1)[nH]c(NC(OC)=O)n2,1
mmp0020,CC1(c(c2C(C)(C)CC1)ccc(C(Nc3ccc(C(O)=O)cc3)=O)c2)C,1
mmp0021,COC(C(C(c1c([N+]([O-])=O)cccc1)C(C(OCC(C)=O)=O)=C(C)N2)=C2C)=O,1
mmp0022,CCCCN(c1c([N+]([O-])=O)cc(C(F)(F)F)cc1[N+]([O-])=O)CC,1
mmp0023,CC(N1S(=O)(=O)Nc(c2C1=O)cccc2)C,1
mmp0024,CCc1c(C(c2cc(Br)c(O)c(Br)c2)=O)c(c3o1)cccc3,1
mmp0025,S=C=NCc1ccccc1,1
mmp0026,CC(c1c(O)cc(C(C)(C)C)c(O)c1)(C)C,1
mmp0027,CC(Oc1ccc(C(c2ncccc2)c3ccc(OC(C)=O)cc3)cc1)=O,1
mmp0028,Oc1c(Sc2c(O)c(Cl)cc(Cl)c2)cc(Cl)cc1Cl,1
mmp0029,CCOc1n(Cc2ccc(c3c(c4n[nH]nn4)cccc3)cc2)c(c5n1)c(C(OC(OC(OC6CCCCC6)=O)C)=O)ccc5,1
mmp0030,CCOc1n(Cc2ccc(c3c(c4n[nH]nn4)cccc3)cc2)c(c5n1)c(C(O)=O)ccc5,1
mmp0031,CCCCCc1cc2c(c(c3C(C)(C)O2)cc(C)cc3)c(O)c1,1
mmp0032,Clc1cc(NN=C(C#N)C#N)ccc1,1
mmp0033,Oc1c(c2c(Cl)cc1Cl)nccc2,1
mmp0034,Cc1c(Cl)c(C)cc(O)c1,1
mmp0035,CCOP(Oc1c(Cl)cc(Cl)c(Cl)n1)(OCC)=S,1
mmp0036,CC1(CCCCC1)COc2ccc(CC3C(=O)NC(=O)S3)cc2,1
mmp0037,Oc1c(c2c(Cl)cc1I)nccc2,1
mmp0038,CC(CC(c1cc(Cc2c(Cl)cc(Cl)cc2)c(O)cc1)(C)C)(C)C,1
mmp0039,Oc1c(c2c(Cl)cc1)nccc2,1
mmp0040,CC1CC(C)(C)CC(OC(C(c2ccccc2)O)=O)C1,1
mmp0041,Oc1c(c2ccc1)C(=O)c(c3C2=O)c(O)ccc3,1
mmp0042,ClC(Cl)=C(c1ccc(Cl)cc1)c2ccc(Cl)cc2,1
mmp0043,Clc1ccc(C(C(Cl)(Cl)Cl)c2ccc(Cl)cc2)cc1,1
mmp0044,Oc1c(Cc2c(O)ccc(Cl)c2)cc(Cl)cc1,1
mmp0045,CCC(c1ccc(O)cc1)=C(c2ccc(O)cc2)CC,1
mmp0046,[O-][n+]1c(SSc2[n+]([O-])cccc2)cccc1,1
mmp0047,CCN(C(SSC(N(CC)CC)=S)=S)CC,1
mmp0048,CN(C(Nc1cc(Cl)c(Cl)cc1)=O)C,1
mmp0049,O=C1c(c2[Se]N1c3ccccc3)cccc2,1
mmp0050,Cc1cc(c2c(O)c1)C(=O)c(c3C2=O)cc(O)cc3O,1
mmp0051,ClC(C(C(Cl)(Cl)C12Cl)(Cl)C(C13)COS(=O)OC3)=C2Cl,1
mmp0052,CCCCCCOc1c(C(N)=O)cccc1,1
mmp0053,COC(Nc1[nH]c(c2n1)cc(Sc3ccccc3)cc2)=O,1
mmp0054,CC(C(c1ccc(Cl)cc1)C(OC(c2cc(Oc3ccccc3)ccc2)C#N)=O)C,1
mmp0055,CCC(c1c(O)cc(O)cc1O)=O,1
mmp0056,OC(c1c(Nc2cc(C(F)(F)F)ccc2)cccc1)=O,1
mmp0057,CC(C(Nc1cc(C(F)(F)F)c([N+]([O-])=O)cc1)=O)C,1
mmp0058,CC(c1sc(NS(c2ccccc2)(=O)=O)nn1)(C)C,1
mmp0059,CC(c1c(c2c(C=O)c(O)c1O)cc(C)c(c3c(O)c(c4cc3C)c(C=O)c(O)c(O)c4C(C)C)c2O)C,1
mmp0060,ClC1C2C(C(C(Cl)(Cl)C23Cl)(Cl)C(Cl)=C3Cl)C=C1,1
mmp0061,Oc1c(Cc2c(Cl)c(Cl)cc(Cl)c2O)c(Cl)c(Cl)cc1Cl,1
mmp0062,CCCCCCc1c(O)cc(O)cc1,1
mmp0063,CC(Cc1ccc(C(C(O)=O)C)cc1)C,1
mmp0064,OCc1c(c2[nH]c1)cccc2,1
mmp0065,Cc1c(CS(c2[nH]c(c3n2)cccc3)=O)nccc1OCC(F)(F)F,1
mmp0066,CC(C)=CCC(C(=O)C(=O)c(c12)cccc1)=C2O,1
mmp0067,Cc1c(C(Nc2ccc(C(F)(F)F)cc2)=O)cno1,1
mmp0068,CCCc1c(OCCCCc2n[nH]nn2)ccc(C(C)=O)c1O,1
mmp0069,CC(OC(C(C(OC(C)C)=O)=C1SC=CS1)=O)C,1
mmp0070,CC(CC(=O)N1c2ccccc2)=N1,1
mmp0071,COC(Nc1[nH]c(c2n1)cc(C(c3ccccc3)=O)cc2)=O,1
mmp0072,COc1ccc(C(C(Cl)(Cl)Cl)c2ccc(OC)cc2)cc1,1
mmp0073,COC(Nc1[nH]c(c2n1)cc(C(c3sccc3)=O)cc2)=O,1
mmp0074,ClC(C(c1c(Cl)cccc1)c2ccc(Cl)cc2)Cl,1
mmp0075,COC(C(C(c1cc([N+]([O-])=O)ccc1)C(C(OCCN(Cc2ccccc2)C)=O)=C(C)N3)=C3C)=O,1
mmp0076,Oc1c(C(Nc2c(Cl)cc([N+]([O-])=O)cc2)=O)cc(Cl)cc1,1
mmp0077,OC(c1c(Nc2cc(C(F)(F)F)ccc2)nccc1)=O,1
mmp0078,CS(Nc1c(Oc2ccccc2)cc([N+]([O-])=O)cc1)(=O)=O,1
mmp0079,COC(C(C(c1c([N+]([O-])=O)cccc1)C(C(OCC(C)C)=O)=C(C)N2)=C2C)=O,1
mmp0080,CCOC(C(C(c1cc([N+]([O-])=O)ccc1)C(C(OC)=O)=C(C)N2)=C2C)=O,1
mmp0081,[O-][N+](c1ccc(C=NN2C(=O)NC(=O)C2)o1)=O,1
mmp0082,CC(C(Cc1cc(O)c(O)cc1)C)Cc2cc(O)c(O)cc2,1
mmp0083,Oc1ccc(NC(c2c(O)cccc2)=O)cc1,1
mmp0084,Oc1ccc(Cl)cc1,1
mmp0085,Oc1ccc(C2(c3ccc(O)cc3)c(c4C(=O)O2)cccc4)cc1,1
mmp0086,Oc1ccc(S(O)(=O)=O)cc1,1
mmp0087,CCCCC1C(=O)N(c2ccccc2)N(c3ccccc3)C1=O,1
mmp0088,Oc1ccc(CCC(c2c(O)cc(O)cc2O)=O)cc1,1
mmp0089,O=Cc1c(C=O)cccc1,1
mmp0090,Clc1cc(c2cc1)C(c3ccccc3)=NCC(=O)N2CC4CC4,1
mmp0091,CC(c1ccc(OC2C(OS(OCC#C)=O)CCCC2)cc1)(C)C,1
mmp0092,CC(c1c(O)c(C(C)C)ccc1)C,1
mmp0093,CCCOC(c1cc(O)c(O)c(O)c1)=O,1
mmp0094,COc1ccc(CN(c2ncccc2)CCN(C)C)cc1,1
mmp0095,Oc1ccc(c2c(C(c3ccc(OCCN4CCCCC4)cc3)=O)c(c5s2)ccc(O)c5)cc1,1
mmp0096,Fc1ccc(C(CCCN2CCC3(C(=O)NCN3c4ccccc4)CC2)=O)cc1,1
mmp0097,CC(Nc1ccc(S(Nc2ccc([N+]([O-])=O)cc2)(=O)=O)cc1)=O,1
mmp0098,Clc1cc(Cl)c(Oc2ccc(Oc3c(Cl)cc(Cl)cn3)cc2)nc1,1
mmp0099,CN(C(SSC(N(C)C)=S)=S)C,1
mmp0100,Cc1c(Cl)ccc(Nc2c(C(O)=O)cccc2)c1,1
mmp0101,Oc1c(Oc2c(Cl)cc(Cl)cc2)ccc(Cl)c1,1
mmp0102,CCCN(c1c([N+]([O-])=O)cc(C(F)(F)F)cc1[N+]([O-])=O)CCC,1
mmp0103,CC(CC(c1ccc(OCCO)cc1)(C)C)(C)C,1
mmp0104,Cc1c(O)c(C)c(c2c1C)CCC(COc3ccc(CC4C(=O)NC(=O)S4)cc3)(C)O2,1
mmp0105,COc1c(Cc2c(c3n(C)c2)cc(NC(OC4CCCC4)=O)cc3)ccc(C(NS(c5c(C)cccc5)(=O)=O)=O)c1,1
mmp0106,CC1(C(O)CC2)C2C3C(c(c4CC3)ccc(O)c4)CC1,1
mmp0107,CCN(C(C1C=C(C2N(C)C1)c(c(c3[nH]c4)c4C2)ccc3)=O)CC,1
mmp0108,Nc1c(O)cccc1,1
mmp0109,CC1(C(=O)CC2)C2C3C(c(c4CC3)ccc(O)c4)CC1,1
mmp0110,CC(Nc1cc2c(c(c3C2)cccc3)cc1)=O,1
mmp0111,NC(C(O)=O)Cc1cc(I)c(Oc2cc(I)c(O)cc2)c(I)c1,1
mmp0112,CNc1ccc(O)cc1,1
mmp0113,CN(c1ccc(N=Nc2cc(C)ccc2)cc1)C,1
mmp0114,c1cc(c2cc1)cc3c(c(c4cc3)cccc4)c2,1
mmp0115,CCCCCCCCCCCCCCCC[N+](C)(C)C,1
mmp0116,CC1(C(C#C)(O)CC2)C2C3C(c(c4CC3)ccc(O)c4)CC1,1
mmp0117,ClC1C(Cl)C2C(C(C(Cl)(Cl)C23Cl)(Cl)C(Cl)=C3Cl)C1,1
mmp0118,C(c1ccccc1)=C(c2ccccc2)c3ccccc3,1
mmp0119,Oc1c(Cl)c(Cl)c(Cl)cc1Cl,1
mmp0120,CNC(Oc1c(c2ccc1)cccc2)=O,1
mmp0121,COC(C(=O)C=C1C(c(c2CCC1NC(C)=O)c(OC)c(OC)c(OC)c2)=C3)=C3,1
mmp0122,CCc1c(C(c2cc(I)c(O)c(I)c2)=O)c(c3o1)cccc3,1
mmp0123,[O-][N+](c1cc([N+]([O-])=O)c(F)cc1)=O,1
mmp0124,Oc1c(O)c(c2cc1)C(=O)c(c3C2=O)cccc3,1
mmp0125,ClC(C(c1ccc(Cl)cc1)c2ccc(Cl)cc2)Cl,1
mmp0126,CCc1ccc(C(c2ccc(CC)cc2)C(Cl)Cl)cc1,1
mmp0127,Cc1nc(c2cc1)c(O)c(Cl)cc2Cl,1
mmp0128,N(c1ccc(Nc2ccccc2)cc1)c3ccccc3,1
mmp0129,Cc1ccc(OP(Oc2ccccc2)(Oc3ccccc3)=O)cc1,1
mmp0130,Cc1ccc(OP(Oc2ccc(C)cc2)(Oc3ccc(C)cc3)=O)cc1,1
mmp0131,CCC(c1c(O)cc(C(CC)(C)C)c(O)c1)(C)C,1
mmp0132,CC(c1cc(Br)c(O)c(Br)c1)(c2cc(Br)c(O)c(Br)c2)C,1
mmp0133,CC(c1cc(Cl)c(O)c(Cl)c1)(c2cc(Cl)c(O)c(Cl)c2)C,1
mmp0134,Cc1c(O)ccc(C(c2cc(C)c(O)cc2)(C)C)c1,1
mmp0135,CC(c1ccc(O)cc1)(c2ccc(O)cc2)C,1
mmp0136,CC(c1ccc(Cl)cc1)(c2ccc(Cl)cc2)O,1
mmp0137,Clc1ccc(S(c2ccc(Cl)cc2)(=O)=O)cc1,1
mmp0138,Cl[Si](c1ccccc1)(c2ccccc2)Cl,1
mmp0139,Cc1ccc(S(NC2CCCCC2)(=O)=O)cc1,1
mmp0140,Clc1ccc(OS(c2ccc(Cl)cc2)(=O)=O)cc1,1
mmp0141,CC(c1ccccc1)(OOC(c2ccccc2)(C)C)C,1
mmp0142,CCC(c1ccc(O)cc1)(C)C,1
mmp0143,Nc1c(c2c(Br)cc1Br)C(=O)c(c3C2=O)cccc3,1
mmp0144,Oc1c(O)c(c2c(O)c1)C(=O)c(c3C2=O)cccc3,1
mmp0145,Oc1c(c2c(O)cc1)C(=O)c(c3C2=O)cccc3,1
mmp0146,O=C1c(c(c2ccc3)c3C(=O)O1)ccc2,1
mmp0147,Cc1c(N)c(c2cc1)C(=O)c(c3C2=O)cccc3,1
mmp0148,O=C(C1C(=O)c(c2C1=O)cccc2)C(c3ccccc3)c4ccccc4,1
mmp0149,O=C1c(c2C(=O)C1c3nc(c4cc3)cccc4)cccc2,1
mmp0150,CC(C(C1C(=O)c(c2C1=O)cccc2)=O)(C)C,1
mmp0151,CC(CC(C1C(=O)c(c2C1=O)cccc2)=O)C,1
mmp0152,COc1c(C(C)(C)C)cc([N+]([O-])=O)c(C)c1[N+]([O-])=O,1
mmp0153,CCc1cc(c2cc1)C(=O)c(c3C2=O)cccc3,1
mmp0154,Cc1cc(c2cc1)C(=O)c(c3C2=O)cccc3,1
mmp0155,O=C(c1c(C(OC2CCCCC2)=O)cccc1)OC3CCCCC3,1
mmp0156,O=C1c(c2C(=O)c(c13)cccc3)cccc2,1
mmp0157,Oc1c(C(c2ccccc2)=O)cc(Cl)cc1,1
mmp0158,CCCC(c1c(C)cc(O)c(C(C)(C)C)c1)c2c(C)cc(O)c(C(C)(C)C)c2,1
mmp0159,CCN(c1ccccc1)C(N(c2ccccc2)CC)=O,1
mmp0160,[O-][N+](c1c(c2ccc1)cccc2)=O,1
mmp0161,Nc1cc(c2cc1)cc(S(O)(=O)=O)cc2O,1
mmp0162,Oc1c(C(Nc2ccccc2)=O)cccc1,1
mmp0163,Oc1c(Cl)cc(Cl)cc1Cl,1
mmp0164,CC(c1c(O)cccc1)(C)C,1
mmp0165,CCc1cc(C(C)(C)C)c(O)c(Cc2c(O)c(C(C)(C)C)cc(CC)c2)c1,1
mmp0166,CC(c1c(O)c(C(C)(C)C)cc(CO)c1)(C)C,1
mmp0167,Cc1cc(O)c(C(C)(C)C)cc1,1
mmp0168,CCC(c1c(O)c([N+]([O-])=O)cc([N+]([O-])=O)c1)C,1
mmp0169,Nc1c([N+]([O-])=O)cc(Cl)cc1,1
mmp0170,CC(c1c(O)cc(C)c(Cl)c1)C,1
mmp0171,CCC(c1c(O)cccc1)C,1
mmp0172,CC(c1c(O)cc(C)cc1)C,1
mmp0173,Oc1c(c2ccc1)cccc2,1
mmp0174,CC(OC(C(Cl)(Cl)Cl)c1ccccc1)=O,1
mmp0175,Oc1c(c2ccccc2)cccc1,1
mmp0176,O=C1c(c2Cc(c13)cccc3)cccc2,1
mmp0177,CN(c1ccc(C(c2ccc(N(C)C)cc2)=O)cc1)C,1
mmp0178,c1ccc(c2cc(c3ccccc3)ccc2)cc1,1
mmp0179,Cc1c(N)cc(c2c1)SC(C3=N2)=CC(=[N+](C)C)C=C3,1
mmp0180,N1c(c2Sc(c13)cccc3)cccc2,1
mmp0181,Nc1ccc(c2ccc(N)cc2)cc1,1
mmp0182,Oc1ccc(c2ccc(O)cc2)cc1,1
mmp0183,CCN(c1ccc(N)cc1)CC,1
mmp0184,CCCOC(c1ccc(O)cc1)=O,1
mmp0185,CCCCOC(c1ccc(O)cc1)=O,1
mmp0186,[O-][N+](c1cc(c2cc1)[nH]cn2)=O,1
mmp0187,CC(NSc1sc(c2n1)cccc2)(C)C,1
mmp0188,C1OCCN(SSc2sc(c3n2)cccc3)C1,1
mmp0189,C1CCC(NSc2sc(c3n2)cccc3)CC1,1
mmp0190,Oc1cc(Cl)c(Cl)cc1,1
mmp0191,Cc1c(N)cc(N)cc1,1
mmp0192,Nc1c(N)cc(Cl)cc1,1
mmp0193,Oc1c(Cl)cc(Cl)c(Cl)c1,1
mmp0194,Cc1c(Sc2c(C)cc(O)c(C(C)(C)C)c2)cc(C(C)(C)C)c(O)c1,1
mmp0195,CCc1cc(C(C)(C)C)c(O)cc1,1
mmp0196,CC(c1cc(C(C)(C)C)c(O)cc1)(C)C,1
mmp0197,Nc1c([N+]([O-])=O)cc([N+]([O-])=O)cc1,1
mmp0198,Clc1cc(Cl)c(OS(c2ccccc2)(=O)=O)cc1,1
mmp0199,Oc1c(Sc2c(O)ccc(Cl)c2)cc(Cl)cc1,1
mmp0200,COc1c([N+]([O-])=O)cc(C(Nc2ccccc2)=O)cc1,1
mmp0201,CC(c1cc(O)c(O)cc1)(C)C,1
mmp0202,CC(c1ccc(O)cc1)(C)C,1
mmp0203,CN(c1cc(O)ccc1)C,1
mmp0204,Nc1c(Cl)cc([N+]([O-])=O)cc1Cl,1
mmp0205,CCC(c1ccc(O)cc1)C,1
mmp0206,CN(c1ccc(N)cc1)C,1
mmp0207,CCOc1ccc([N+]([O-])=O)cc1,1
mmp0208,Nc1c(Cl)cc(Cc2cc(Cl)c(N)cc2)cc1,1
mmp0209,Oc1cc(Nc2ccccc2)ccc1,1
mmp0210,Clc1ccc(NC(Nc2cc(Cl)c(Cl)cc2)=O)cc1,1
mmp0211,ClCC#CCOC(Nc1cc(Cl)ccc1)=O,1
mmp0212,Oc1ccc(Cc2ccccc2)cc1,1
mmp0213,NC(Oc1ccc(Cc2ccccc2)cc1)=O,1
mmp0214,CCC(Nc1ccc(NC(CC)C)cc1)C,1
mmp0215,O=C(Nc1ccccc1)Nc2ccccc2,1
mmp0216,Clc1c(Cl)cc(N=C=O)cc1,1
mmp0217,C1OCCN(Sc2sc(c3n2)cccc3)C1,1
mmp0218,Oc1ccc(OCc2ccccc2)cc1,1
mmp0219,S=C=Nc1ccccc1,1
mmp0220,Clc1ccc(N=C=O)cc1,1
mmp0221,CCCCNc1ccc(C(OCCOCCOCCOCCOCCOCCOCCOCCOCCOC)=O)cc1,1
mmp0222,C(Oc1ccccc1)COc2ccccc2,1
mmp0223,Oc1ccc(N=O)cc1,1
mmp0224,ONc1ccc(N=O)cc1,1
mmp0225,Nc1ccc(N)cc1,1
mmp0226,CCCCC(CN1C(=O)C(C2C1=O)C3CC2C=C3)CC,1
mmp0227,OC(C(Cl)(Cl)Cl)(c1ccc(Cl)cc1)c2ccc(Cl)cc2,1
mmp0228,CC(Oc1ccc(C2(c3ccc(OC(C)=O)cc3)c(c4NC2=O)cccc4)cc1)=O,1
mmp0229,O=P(Oc1ccccc1)(Oc2ccccc2)Oc3ccccc3,1
mmp0230,Clc1ccc(S(c2c(Cl)cc(Cl)c(Cl)c2)(=O)=O)cc1,1
mmp0231,Nc1cc(c2cc1)C(=O)c(c3C2=O)cccc3,1
mmp0232,ClC(C(=O)c(c1C2=O)cccc1)=C2Cl,1
mmp0233,CCC(Cc1c(c2[nH]c1)cccc2)N,1
mmp0234,ClC(C(=O)C(Cl)=C(Cl)C1=O)=C1Cl,1
mmp0235,Cc1cc(C(C)(C)C)c(O)c(Cc2c(O)c(C(C)(C)C)cc(C)c2)c1,1
mmp0236,c1cc(c2cc1)cc(c3c2)cccc3,1
mmp0237,Oc1c(Cc2ccccc2)cc(Cl)cc1,1
mmp0238,O=C(c1ccccc1)CC(c2ccccc2)=O,1
mmp0239,Oc1c(Cl)cc(Cl)cc1,1
mmp0240,CCC(c1cc(C(CC)(C)C)c(O)cc1)(C)C,1
mmp0241,COc1cc(C(C)(C)C)c(O)cc1,1
mmp0242,CC(CC(c1ccc(OCCOCC[N+](Cc2ccccc2)(C)C)cc1)(C)C)(C)C,1
mmp0243,Nc1sc([N+]([O-])=O)cn1,1
mmp0244,O=C1c(c(c2[nH]n3)c3c(c14)cccc4)ccc2,1
mmp0245,Oc1c([N+]([O-])=O)cc([N+]([O-])=O)cc1C2CCCCC2,1
mmp0246,COC1C(C(OC)=O)C(C2CC1OC(c3cc(OC)c(OC)c(OC)c3)=O)CC(N4C2)c5c(c(c6[nH]5)cccc6)CC4,1
mmp0247,COc1cc(O)c(C(c2c(O)cccc2)=O)cc1,1
mmp0248,COc1cc(O)c(C(c2c(O)cc(OC)cc2)=O)cc1,1
mmp0249,Oc1cc(O)c(C(c2c(O)cc(O)cc2)=O)cc1,1
mmp0250,CCn1c(c2c(c13)cccc3)ccc(N)c2,1
mmp0251,ClC(SN1C(=O)C(C2C1=O)CC=CC2)(Cl)Cl,1
mmp0252,ClC(SN1C(=O)c(c2C1=O)cccc2)(Cl)Cl,1
mmp0253,Cc1c(Cl)c(C)c(Cl)c(O)c1,1
mmp0254,CC(C1C(OC(c2c(N)cccc2)=O)CC(C)CC1)C,1
mmp0255,Oc1cc(c2cc1)cccc2,1
mmp0256,N(c1ccccc1)N=Nc2ccccc2,1
mmp0257,Nc1nc(N)c(N=Nc2ccccc2)cc1,1
mmp0258,Nc1cc(N)c(O)cc1,1
mmp0259,CN(C(S)=S)C,1
mmp0260,CCCCCCCCCCCCCC[N+](Cc1ccccc1)(C)C,1
mmp0261,NC(c1ccc(OCCCCCOc2ccc(C(N)=N)cc2)cc1)=N,1
mmp0262,CC(CC(c1ccc(O)cc1)(C)C)(C)C,1
mmp0263,Nc1nc(N)ccc1,1
mmp0264,CC(C)=CCCC(C)=CCCC(C=C)(O)C,1
mmp0265,Oc1c(c2c(Cl)cc1)CCC2,1
mmp0266,CC(c(c1NC2(C)C)cccc1)=C2,1
mmp0267,O=Nc1ccc(Nc2ccccc2)cc1,1
mmp0268,c1cc2c(c(c(c(c3ccc4)c24)c5cc3)ccc5)cc1,1
mmp0269,c1cc2c(c(c(c3ccc4)c24)ccc3)cc1,1
mmp0270,O1c(c2Sc(c13)cccc3)cccc2,1
mmp0271,CC(OC1C=C(C2CC1)CCC(C23)C4C(C(C#C)(OC(C)=O)CC4)(C)CC3)=O,1
mmp0272,CCCCC(COP(OCC(CCCC)CC)(O)=O)CC,1
mmp0273,COP(Oc1c(Cl)cc(Cl)c(Cl)c1)(OC)=S,1
mmp0274,CC1(C(OC(CCC2CCCC2)=O)CC3)C3C4C(c(c5CC4)ccc(O)c5)CC1,1
mmp0275,FC(c1cc(N=C=O)ccc1)(F)F,1
mmp0276,CON(C(Nc1cc(Cl)c(Cl)cc1)=O)C,1
mmp0277,[O-][N+](c1ccc(NC(Nc2ccc([N+]([O-])=O)cc2)=O)cc1)=O,1
mmp0278,FC(c1c(Cl)ccc(NC(Nc2ccc(Cl)cc2)=O)c1)(F)F,1
mmp0279,F[Sn](c1ccccc1)(c2ccccc2)c3ccccc3,1
mmp0280,CN1C2C(c(c(c3[nH]c4)c4C2)ccc3)=CC(C(NC5(C(=O)N(C6(O)O5)C(Cc7ccccc7)C(=O)N(C68)CCC8)C)=O)C1,1
mmp0281,CC(C1C(C)(C2CC1)CCC(C23)C(C)(C4CC3)CCC(O)C4)CCC(O)=O,1
mmp0282,OC(c1cc(c2c(O)c1)C(=O)c(c3C2=O)cccc3O)=O,1
mmp0283,Oc1c(c2ccc1)c(O)c(c3c2)c(O)ccc3,1
mmp0284,OCc1cc(c2c(O)c1)C(=O)c(c3C2=O)cccc3O,1
mmp0285,Cc1cc(c2c(O)c1)C(=O)c(c3C2=O)cccc3O,1
mmp0286,Oc1c(c2c(c3c1)cccc3)cccc2,1
mmp0287,OC1(C(=O)c(c2C1=O)cccc2)O,1
mmp0288,COc1cc(C(C)(C)C)c(O)c(C(C)(C)C)c1,1
mmp0289,Cc1cc(c2c(O)c1)cc(c3c2O)cccc3O,1
mmp0290,[O-][N+](c1ccccc1)=Nc2ccccc2,1
mmp0291,Cc1c(C(C)(C)C)cc(C(C)(C)C)c(O)c1,1
mmp0292,CCCCCc1cc(O)cc(O)c1,1
mmp0293,O=C1CCCCCCCCCCCCCC1,1
mmp0294,CCOC(C(c1ccc(Cl)cc1)(c2ccc(Cl)cc2)O)=O,1
mmp0295,IC(I)=C(I)I,1
mmp0296,COc1c(OC)c(OC)cc(C2c(c3C(O)C4C2C(=O)OC4)cc(c5c3)OCO5)c1,1
mmp0297,CC1(C(O)CC2)C2C3C(C(C)(C4CC3)CCC(=O)C4)CC1,1
mmp0298,[O-][N+](c1c([N+]([O-])=O)cccc1)=O,1
mmp0299,Nc1cc(N)c(N=Nc2ccccc2)cc1,1
mmp0300,Cc1c(O)c([N+]([O-])=O)cc([N+]([O-])=O)c1,1
mmp0301,Nc1ccc(N=Nc2ccc(N)cc2)cc1,1
mmp0302,CCCCCCCCCCCC[N+](CCOc1ccccc1)(C)C,1
mmp0303,C1CCC(N=C=NC2CCCCC2)CC1,1
mmp0304,Nc1cc(N)ccc1,1
mmp0305,CN(c1ccc(C(c2ccc(N(C)C)cc2)=C3C=CC(=[N+](C)C)C=C3)cc1)C,1
mmp0306,Oc1cc([N+]([O-])=O)ccc1,1
mmp0307,COc1ccc(C(Cl)=C(c2ccc(OC)cc2)c3ccc(OC)cc3)cc1,1
mmp0308,Nc1ccc(C(c2ccc(N)cc2)=C3C=CC(=N)C=C3)cc1,1
mmp0309,Oc1c(Cl)c(Cl)ccc1,1
mmp0310,COc1c(O)ccc(C=C2C(=O)C(=Cc3cc(OC)c(O)cc3)CCC2)c1,1
mmp0311,Cc1c(N=C=O)cc(N=C=O)cc1,1
mmp0312,CC(c1cc(O)ccc1)(C)C,1
mmp0313,N(c1ccccc1)c2ccccc2,1
mmp0314,[Hg](c1ccccc1)c2ccccc2,1
mmp0315,Oc1cc(Cl)cc(Cl)c1,1
mmp0316,CC(c1ccc(O)cc1)(c2ccccc2)C,1
mmp0317,[O-][N+](c1c(c2cc(c13)cccc3)cccc2)=O,1
mmp0318,[O-][N+](c1c(c(c2CC3)c3cc1)ccc2)=O,1
mmp0319,Oc1cc(c2cc1)C(=O)c(c3C2=O)cccc3,1
mmp0320,[O-][N+](c1cc2c(c(c3C2)cccc3)cc1)=O,1
mmp0321,Oc1c(Br)c(Br)c(Br)c(Br)c1Br,1
mmp0322,Oc1cc(Cl)c(Cl)c(Cl)c1,1
mmp0323,Cc1cc([N+]([O-])=O)c(O)c([N+]([O-])=O)c1,1
mmp0324,Nc1cc(c2cc1)cc(c3c2)cccc3,1
mmp0325,[O-][N+](c1cc(c2cc1)cccn2)=O,1
mmp0326,Nc1c(N)cccc1,1
mmp0327,CC(c1cc(O)ccc1)C,1
mmp0328,Nc1c(C(O)=O)ccc([N+]([O-])=O)c1,1
mmp0329,Oc1ccc(Cc2ccc(O)cc2)cc1,1
mmp0330,CC(C(=N)C=CC1=C(c2ccc(N)cc2)c3ccc(N)cc3)=C1,1
mmp0331,CCN(c1ccc(C(c2ccccc2)=C3C=CC(=[N+](CC)CC)C=C3)cc1)CC,1
mmp0332,COc1c(OC)c(c2cc1)c[n+](c3c2)CCc(c34)cc(c5c4)OCO5,1
mmp0333,CCCc1c(O)cccc1,1
mmp0334,CCCc1ccc(O)cc1,1
mmp0335,CCCC[Sn](CCCC)(Cl)Cl,1
mmp0336,Cc1cc(O)c(C)c(C)c1,1
mmp0337,CC(C(C(=O)C(C(C)(C)C)=CC1=O)=C1)(C)C,1
mmp0338,CN(S(N(c1ccc(C)cc1)SC(Cl)(Cl)F)(=O)=O)C,1
mmp0339,CC(c1cc(C(C)(C)C)c(O)c(C(C)(C)C)c1)(C)C,1
mmp0340,CCC1(c2ccccc2)C(=O)N(C(c3ccccc3)=O)C(=O)NC1=O,1
mmp0341,Clc1ccc(C(C(Cl)(Cl)Cl)c2c(Cl)cccc2)cc1,1
mmp0342,NC(N)=NN=C(C=Cc1ccc([N+]([O-])=O)o1)C=Cc2ccc([N+]([O-])=O)o2,1
mmp0343,Cc1c(N)cccc1N,1
mmp0344,Oc1ccc(Oc2ccccc2)cc1,1
mmp0345,[O-][N+](c1ccc(Nc2ccccc2)cc1)=O,1
mmp0346,CCNc1nc(SC)nc(NC(C)(C)C)n1,1
mmp0347,CC(C(Cl)(Cl)Cl)=O,1
mmp0348,Oc1c(Cl)c(Cl)ccc1Cl,1
mmp0349,Oc1c(Cl)c(Cl)cc(Cl)c1,1
mmp0350,Oc1c(Cl)c(Cl)cc(Cl)c1Cl,1
mmp0351,Oc1ccc(C(NN=Cc2ccc([N+]([O-])=O)o2)=O)cc1,1
mmp0352,CCC(c1c(OC(OC(C)C)=O)c([N+]([O-])=O)cc([N+]([O-])=O)c1)C,1
mmp0353,Cc1c(N=Nc2c(N)c(c3c(S(O)(=O)=O)c2)cccc3)ccc(c4cc(C)c(N=Nc5c(N)c(c6c(S(O)(=O)=O)c5)cccc6)cc4)c1,1
mmp0354,ClC1C2C(C(C(Cl)(Cl)C23Cl)(Cl)C(Cl)=C3Cl)C(C14)O4,1
mmp0355,CCCCCCOC(c1ccc(O)cc1)=O,1
mmp0356,CCCCCCCOC(c1ccc(O)cc1)=O,1
mmp0357,CN(S(N(c1ccccc1)SC(Cl)(Cl)F)(=O)=O)C,1
mmp0358,CCCCCCCCCCCCCC[N+](C)(C)C,1
mmp0359,Oc1ccc(C(c2ccccc2)=O)cc1,1
mmp0360,Oc1c(C(Nc2cc(Cl)c(Cl)cc2)=O)cc(Cl)cc1Cl,1
mmp0361,CCCCCCCCCCCCOC(c1cc(O)c(O)c(O)c1)=O,1
mmp0362,Cc1cc(Nc2ccccc2)ccc1,1
mmp0363,N#Cc1c(c2cc(c13)cccc3)cccc2,1
mmp0364,CCCCCCCCOC(c1ccc(O)cc1)=O,1
mmp0365,CC(OC1CC(C2(C)CC1)=CCC(C23)C4C(C(=O)CC4)(C)CC3)=O,1
mmp0366,CC[n+]1c(c2c(c3c1c4ccccc4)ccc(N)c3)cc(N)cc2,1
mmp0367,CCCCCc1c(O)cc(C)cc1,1
mmp0368,Cc1c(C(CC(C)(C)C)(C)C)ccc(OCCOCC[N+](Cc2ccccc2)(C)C)c1,1
mmp0369,Cc1c(O)ccc(Cl)c1,1
mmp0370,Oc1c(C(Nc2ccc(Br)cc2)=O)cc(Br)cc1Br,1
mmp0371,CC(c1c(O)c([N+]([O-])=O)cc([N+]([O-])=O)c1)(C)C,1
mmp0372,CCCC[Sn](CCCC)(CCCC)Cl,1
mmp0373,CCCC[Sn](CCCC)(CCCC)CCCC,1
mmp0374,CC(C(OCC(COc1ccc(C(c2ccc(OCC(COC(C(C)=C)=O)O)cc2)(C)C)cc1)O)=O)=C,1
mmp0375,[O-][N+](c1cc([N+]([O-])=O)c(SC#N)cc1)=O,1
mmp0376,CCCCc1ccc(O)cc1,1
mmp0377,CCCCCCCC(Oc1c(Br)cc(C#N)cc1Br)=O,1
mmp0378,ClC(C(C(Cl)(Cl)C12Cl)(Cl)CC1CBr)=C2Cl,1
mmp0379,OC1CCCCCCCCCCC1,1
mmp0380,CCCCCCCCc1ccc(O)cc1,1
mmp0381,Nc1c([N+]([O-])=O)cc([N+]([O-])=O)cc1Br,1
mmp0382,[O-][N+](c1ccc(Oc2c(Cl)cc(Cl)cc2)cc1)=O,1
mmp0383,CC(c1c(O)ccc(O)c1)(C)C,1
mmp0384,CCCCCc1cc(c2c(O)c1)OC(C)(C)C(C23)CCC(C)=C3,1
mmp0385,CN(C(Nc1ccc(Oc2ccc(Cl)cc2)cc1)=O)C,1
mmp0386,CC1C(NC(Nc2ccccc2)=O)CCCC1,1
mmp0387,CCCCCCCc1ccc(O)cc1,1
mmp0388,CC1C(C(COC(C(C)(C)C)=O)=O)(O)C(C)(C2C1)CC(O)C(F)(C23)C(C)(C(=C4)C(F)C3)C=CC4=O,1
mmp0389,Brc1ccc(Oc2ccc(Br)cc2)cc1,1
mmp0390,Nc1scc(c2ccc([N+]([O-])=O)cc2)n1,1
mmp0391,COP(Oc1c(Cl)cc(Br)c(Cl)c1)(OC)=S,1
mmp0392,CCCCC(OC1(C(CO)=O)C(C)(C2CC1C)CC(O)C(F)(C23)C(C)(C(=C4)CC3)C=CC4=O)=O,1
mmp0393,CC(C(Nc1cc(Cl)c(Cl)cc1)=O)=C,1
mmp0394,Clc1ccc(Sc2c(Cl)cc(Cl)c(Cl)c2)cc1,1
mmp0395,Nc1c(c2c(N)cc1)cccc2,1
mmp0396,Nc1c(c2ccc1)cccc2N,1
mmp0397,CCOc1ccc(N=Nc2c(N)cc(N)cc2)cc1,1
mmp0398,Oc1cc2c(C3(c(c4C(=O)O3)cccc4)c(c5O2)ccc(O)c5)cc1,1
mmp0399,NC(Nc1cc(Cl)c(Cl)cc1)=O,1
mmp0400,Cc1c(c(c(c2ccc3)c3cc4)c4cc1)cc2,1
mmp0401,ClC(C(SN1C(=O)C(C2C1=O)CC=CC2)(Cl)Cl)Cl,1
mmp0402,CN(c1ccc(C(c2ccc(N(C)C)cc2)=N)cc1)C,1
mmp0403,CCCCCCCCOc1ccc(C(O)=O)cc1,1
mmp0404,O=C1c(c2SN1)cccc2,1
mmp0405,CCCCCCCCCCCCOC(c1ccc(O)cc1)=O,1
mmp0406,Oc1ccc(Sc2ccc(O)cc2)cc1,1
mmp0407,Cc1c(N)c(N)ccc1,1
mmp0408,CCCCCCCCCCCCCC[n+]1ccc(C)cc1,1
mmp0409,CC[Sn](CC)(CC)Br,1
mmp0410,Cc1c(N)ccc(O)c1,1
mmp0411,CC(c1cc(C(C)C)c(O)cc1)C,1
mmp0412,BrC1C(Br)CCC(Br)C(Br)CCC(Br)C(Br)CC1,1
mmp0413,BrCC(C1CC(Br)C(Br)CC1)Br,1
mmp0414,OCC(COC(C=C)=O)(COC(C=C)=O)COC(C=C)=O,1
mmp0415,Clc1ccc(C(c2ccccc2)C(C3C(=O)c(c4C3=O)cccc4)=O)cc1,1
mmp0416,CCCCCc1ccco1,1
mmp0417,[O-][N+](c1sc(NC(c2sccc2)=O)nc1)=O,1
mmp0418,ON1C(=S)C=CC=C1,1
mmp0419,Oc1c(c2c([N+]([O-])=O)cc1)nccc2,1
mmp0420,CC(c1cc(Br)c(OCCO)c(Br)c1)(c2cc(Br)c(OCCO)c(Br)c2)C,1
mmp0421,O=C(c1ccccc1)OCC(COC(c2ccccc2)=O)(COC(c3ccccc3)=O)COC(c4ccccc4)=O,1
mmp0422,CC(COC(c1ccc(O)cc1)=O)C,1
mmp0423,ClCC(c1c(Cl)cc(Cl)cc1)=O,1
mmp0424,Oc1c(C(Nc2cc(C(F)(F)F)ccc2)=O)cc(Br)cc1Br,1
mmp0425,Oc1c(Cl)c(Cl)c(Cl)c(Cl)c1,1
mmp0426,Oc1c(c(c(c2ccc3)c3cc4)c4cc1)cc2,1
mmp0427,CCCCCCCCCCCC[n+]1cc(c2cc1)cccc2,1
mmp0428,COc1c(c2ccc1)nc(N)s2,1
mmp0429,CCC(c1c(O)c(C(CC)C)ccc1)C,1
mmp0430,[O-][N+](c1c(c(c(c2ccc3)c3cc4)c4cc1)cc2)=O,1
mmp0431,CCC(OCC(C1(C(C)(C2CC1C)CC(O)C(Cl)(C23)C(C)(C(=C4)CC3)C=CC4=O)OC(CC)=O)=O)=O,1
mmp0432,CNC(Oc1c(C(Nc2ccccc2)=O)cccc1)=O,1
mmp0433,CCC(OCC(C1(C(C)(C2CC1C)CC(O)C(F)(C23)C(C)(C(=C4)CC3)C=CC4=O)OC(CC)=O)=O)=O,1
mmp0434,COP(Oc1c(Cl)cc(Cl)c(Cl)n1)(OC)=S,1
mmp0435,CCOP(Oc1c(Cl)cc(Cl)c(Cl)n1)(OCC)=O,1
mmp0436,COc1c(N)cc2c(c(c3o2)cccc3)c1,1
mmp0437,CC(OC(C(c1ccc(Cl)cc1)(c2ccc(Cl)cc2)O)=O)C,1
mmp0438,Oc1cc(c2cc1)ccc(SSc3cc(c4cc3)ccc(O)c4)c2,1
mmp0439,Nc1cc(Cl)c(N)cc1,1
mmp0440,Cc1c(N)ccc(Nc2ccc(O)cc2)c1,1
mmp0441,Nc1sc(c2n1)cc([N+]([O-])=O)cc2,1
mmp0442,ClC(NC(=O)C(Cl)=C1)=C1Cl,1
mmp0443,CCCCCOC(c1ccc(O)cc1)=O,1
mmp0444,CCCCCCCCCCCC[N+](Cc1ccccc1)(C)C,1
mmp0445,Nc1c(N)cc(c2cc(N)c(N)cc2)cc1,1
mmp0446,CCOC(Nc1cc(OC(Nc2ccccc2)=O)ccc1)=O,1
mmp0447,COC(Nc1cc(OC(Nc2cc(C)ccc2)=O)ccc1)=O,1
mmp0448,CCCCCCCCCc1ccc(OCCOCCO)cc1,1
mmp0449,Cl[Sb](Cl)Cl,1
mmp0450,Oc1c(C2C(=O)c(c3C2=O)cccc3)nc(c4c1Br)cccc4,1
mmp0451,Clc1c(c2c(Cl)cccc2)cccc1,1
mmp0452,[O-][n+]1c(S)cccc1,1
mmp0453,CC(Oc1c(c2ccc1)C(=O)c(c3C2=O)c(OC(C)=O)cc(C(O)=O)c3)=O,1
mmp0454,OCc1cc(Oc2ccccc2)ccc1,1
mmp0455,CCCCc1cc(c2cc1)[nH]c(NC(OC)=O)n2,1
mmp0456,CCN(C(S)=S)CC,1
mmp0457,[O-][N+](c1ccc(Oc2c([N+]([O-])=O)cc(C(F)(F)F)cc2)cc1)=O,1
mmp0458,CCC(COC(C=C)=O)(COC(C=C)=O)COC(C=C)=O,1
mmp0459,Brc1ccc(NC(c2sc(Br)c(Br)c2)=O)cc1,1
mmp0460,Nc1c(Cl)cc(c2c(Cl)cc(N)c(Cl)c2)c(Cl)c1,1
mmp0461,Oc1c(Cl)c(Cl)c(Cl)cc1,1
mmp0462,OC(CC(C(O)=O)Cl)=O,1
mmp0463,CC1C(OC2OC(C)C(OC3OC(C)C(OC4C(O)C(O)C(O)C(CO)O4)C(O)C3)C(O)C2)C(O)CC(OC5CC6C(C7C(C(O)(C8(C)C(O)C7)CCC8C(COC9=O)=C9)CC6)(C)CC5)O1,1
mmp0464,Cc1c(Nc2c(C(O)=O)cccn2)cccc1Cl,1
mmp0465,OC(c1cnccc1)(c2ccc(Cl)cc2)c3ccc(Cl)cc3,1
mmp0466,O=C1c(c2C(=O)N1SC3CCCCC3)cccc2,1
mmp0467,OC(Cc1c(c2ccc(Cl)cc2)nc(c3ccccc3)s1)=O,1
mmp0468,CCCCCCOc1ccc(O)cc1,1
mmp0469,CCCN(c1c([N+]([O-])=O)cc(S(N)(=O)=O)cc1[N+]([O-])=O)CCC,1
mmp0470,CC(Oc1c(Cl)cc(Cl)c(N2C(=O)OC(C(C)(C)C)=N2)c1)C,1
mmp0471,Nc1sc(c2n1)cccc2Cl,1
mmp0472,COc1c(c2ccc1)C(=O)c(c3C2=O)c(O)c(c4c3O)C(OC5OC(C)C(O)C(N)C5)CC(C(C)=O)(O)C4,1
mmp0473,CCCCC(COC(c1ccc(N(C)C)cc1)=O)CC,1
mmp0474,N#CSCSc1sc(c2n1)cccc2,1
mmp0475,CC(CC1C(=O)N(C2C(O)(N13)OC(C(C)C)(NC(C4C=C(C5N(C)C4)c(c(c6[nH]c7Br)c7C5)ccc6)=O)C3=O)CCC2)C,1
mmp0476,CCCCCCCCCCCCCCCC[N+](Cc1ccccc1)(C)C,1
mmp0477,CCCCCCCCCCCCCCCCCC[N+](Cc1ccccc1)(C)C,1
mmp0478,Oc1ccc(Nc2ccccc2)cc1,1
mmp0479,CCCCCCCCCCCCCCCC[N+](CC)(C)C,1
mmp0480,CC(C)=CCCC(C=C)(OC(c1ccccc1)=O)C,1
mmp0481,BrCC(COP(OCC(CBr)Br)(OCC(CBr)Br)=O)Br,1
mmp0482,CC(CC(C#CC(CC(C)C)(O)C)(O)C)C,1
mmp0483,Cc1cc(C(C)(C)C)c(O)c(C(C)(C)C)c1,1
mmp0484,CC(c1c(O)c(C(C)(C)C)ccc1)(C)C,1
mmp0485,Nc1c(c2c(N)cc1)C(=O)c(c3C2=O)cccc3,1
mmp0486,c1cc(c(c(c2ccc3)c3cc4)c4c1)cc2,1
mmp0487,Cc1c([N+]([O-])=O)c(c2cc1)C(=O)c(c3C2=O)cccc3,1
mmp0488,Oc1c(C(Nc2cc(Cl)c(Oc3ccc(Cl)cc3)cc2)=O)cc(I)cc1I,1
mmp0489,CCNc1nc(SC)nc(NC(C(C)C)C)n1,1
mmp0490,OC(N(N=Cc1ccc(c2ccc([N+]([O-])=O)cc2)o1)CC3=O)=N3,1
mmp0491,CCC(OC1(C(CCl)=O)C(C)(C2CC1C)CC(O)C(F)(C23)C(C)(C(=C4)CC3)C=CC4=O)=O,1
mmp0492,COc1cc(c2cc1)sc(NC(Nc3ccccc3)=O)n2,1
mmp0493,CCCN(c1c([N+]([O-])=O)cc(C(F)(F)F)cc1[N+]([O-])=O)CC2CC2,1
mmp0494,CCCCCCCCN1C(=O)C=CS1,1
mmp0495,OC1(c2cc(C(F)(F)F)c(Cl)cc2)CCN(CCCC(c3ccc(F)cc3)c4ccc(F)cc4)CC1,1
mmp0496,Cc1c(C)c(C(Nc2ccccc2)=O)c(C)o1,1
mmp0497,COc1c(OC)c(c2cc1)CN3C(c(c4CC3)cc(c5c4)OCO5)C2,1
mmp0498,CCCN(c1c([N+]([O-])=O)c(N)c(C(F)(F)F)cc1[N+]([O-])=O)CCC,1
mmp0499,Brc1cc(Br)c(Oc2c(Br)cc(Br)c(Br)c2)cc1,1
mmp0500,CN(C=Nc1c(C)cc(C)cc1)C=Nc2c(C)cc(C)cc2,1
mmp0501,OCCNc1c([N+]([O-])=O)cc(N(CCO)CCO)cc1,1
mmp0502,CCCN(c1c([N+]([O-])=O)cc(C(C)C)cc1[N+]([O-])=O)CCC,1
mmp0503,Clc1c(Cl)c(Cl)c(c2c(Cl)c(Cl)c(Cl)cc2)cc1,1
mmp0504,COc1c(N)cc(N)cc1,1
mmp0505,CCC(Nc1c([N+]([O-])=O)c(C)c(C)cc1[N+]([O-])=O)CC,1
mmp0506,CCCCCCc1ccc(c2ccc(C#N)cc2)cc1,1
mmp0507,CCCSP(Oc1c(Cl)cc(Br)cc1)(OCC)=O,1
mmp0508,O=C(Nc1snnc1)Nc2ccccc2,1
mmp0509,Nc1scc(c2ccccc2)n1,1
mmp0510,Oc1c(O)c(O)c(C(c2cc(O)c(O)c(O)c2)=O)cc1,1
mmp0511,CC1(C(C(OC(c2cc(Oc3ccccc3)ccc2)C#N)=O)C1C=C(Br)Br)C,1
mmp0512,[O-][N+](c1ccc(NC(NCc2cnccc2)=O)cc1)=O,1
mmp0513,CCC1(C(C#C)(O)CC2)C2C3C(C(C(=C4)CC3)CCC4)C(=C)C1,1
mmp0514,CCN(c1c([N+]([O-])=O)cc(C(F)(F)F)cc1[N+]([O-])=O)CC(C)=C,1
mmp0515,CCCCCCCCSC(Oc1c(c2ccccc2)nnc(Cl)c1)=O,1
mmp0516,CC(Oc1cc(NC(c2c(C)cccc2)=O)ccc1)C,1
mmp0517,CC(Oc1c(C(Nc2sc([N+]([O-])=O)cn2)=O)cccc1)=O,1
mmp0518,Cc1c(NC(c2c(O)c(I)cc(I)c2)=O)cc(Cl)c(C(c3ccc(Cl)cc3)C#N)c1,1
mmp0519,Nc1ccc(C(Nc2c(N)cccc2)=O)cc1,1
mmp0520,OC(c1c(Cl)cccc1)(c2cncnc2)c3ccc(Cl)cc3,1
mmp0521,FC(c1cc(Nc2c(C(OC3c(c4C(=O)O3)cccc4)=O)cccn2)ccc1)(F)F,1
mmp0522,CSc1[nH]c(c2n1)cc(Cl)c(Oc3c(Cl)c(Cl)ccc3)c2,1
mmp0523,CC(C(C(OC(c1cc(Oc2ccccc2)ccc1)C#N)=O)Nc3c(Cl)cc(C(F)(F)F)cc3)C,1
mmp0524,CCC(C(OC1C(C2=CC(C)C1)C(CCC3OC(=O)CC(O)C3)C(C)C=C2)=O)C,1
mmp0525,CCOC(C(Oc1ccc(Oc2nc(c3nc2)ccc(Cl)c3)cc1)C)=O,1
mmp0526,CCC(c1ccc(CC(CN2CC(C)OC(C)C2)C)cc1)(C)C,1
mmp0527,C1NC(C2Oc(c3OC2)cccc3)=NC1,1
mmp0528,CCC(OC1(C(SCF)=O)C(C)(C2CC1C)CC(O)C(F)(C23)C(C)(C(=C4)C(F)C3)C=CC4=O)=O,1
mmp0529,CCCCCCC(OC(COc1c(Cl)c(N)c(Cl)c(F)n1)=O)C,1
mmp0530,CC#CC1(C(C)(C2CC1)CC(c3ccc(N(C)C)cc3)C(C24)=C(C(=C5)CC4)CCC5=O)O,1
mmp0531,CC(C(Nc1cc(C(F)(F)F)c(C#N)cc1)=O)(CS(c2ccc(F)cc2)(=O)=O)O,1
mmp0532,CCc1cnc(CCOc2ccc(CC3C(=O)NC(=O)S3)cc2)cc1,1
mmp0533,CC(NC(C1N(CC(C(NC(C(NC(c2nc(c3cc2)cccc3)=O)CC(N)=O)=O)Cc4ccccc4)O)CC(C5C1)CCCC5)=O)(C)C,1
mmp0534,NNc1ccccc1,1
mmp0535,CC(c1c2c(C(C)(C)CC2)cc(C(C)(C)C)c1)=O,1
mmp0536,Oc1c(C2CCCC2)cc(Cl)cc1,1
mmp0537,CCCCNC(OCC#CI)=O,1
mmp0538,CCN(c1c([N+]([O-])=O)cc(C(F)(F)F)cc1[N+]([O-])=O)Cc2c(Cl)cccc2F,1
mmp0539,Nc1c(C(Oc2cc(c3cc2)cccc3)=O)cccc1,1
mmp0540,CCOC(C(OC(c1c([N+]([O-])=O)ccc(Oc2c(Cl)cc(C(F)(F)F)cc2)c1)=O)C)=O,1
mmp0541,COc1c(N)ccc(c2cc(OC)c(N)cc2)c1,1
mmp0542,Cc1c([N+]([O-])=O)c(C(C)(C)C)c([N+]([O-])=O)c(C)c1[N+]([O-])=O,1
mmp0543,CSCCCN=C=S,1
mmp0544,CCCCCCCCCCCCCC[n+]1ccccc1,1
mmp0545,C1CCC(c2ccccc2)(N3CCCC3)CC1,1
mmp0546,CO[Si](OC)(OC)CCCCl,1
mmp0547,CC(CC(c1cc(n2nc(c3n2)cccc3)c(O)cc1)(C)C)(C)C,1
mmp0548,CC(CC(c1c(O)cccc1)(C)C)(C)C,1
mmp0549,CCCCCCCC[N+](CCCCCCCC)(C)C,1
mmp0550,CCCCC(OC1(C(CO)=O)C(C)(C2CC1C)CC(O)C(F)(C23)C(C)(C(=C4)CC3)C=CC4=O)=O,1
mmp0551,CCC(OCC(C1(C(C)(C2CC1C)CC(O)C(F)(C23)C(C)(C(=C4)CC3)C=CC4=O)OC(CC)=O)=O)=O,1
mmp0552,FC(C1(C#CC2CC2)c(c3NC(=O)O1)cc(Cl)cc3)(F)F,1
mmp0553,Cc1c(C(NC(C(CN2C(C(NC(C)(C)C)=O)CC(C3C2)CCCC3)O)CSc4ccccc4)=O)cccc1O,1
mmp0554,O=C1C(c2ccccc2)=C1c3ccccc3,1
mmp0555,CN1c(c(c2n(C3C(O)C(O)C(CO)O3)c4)c4C(N)=N1)ncn2,1
mmp0556,CC(c1ccc(CN2CCN(C(c3ccc(Cl)cc3)c4ccccc4)CC2)cc1)(C)C,1
mmp0557,OC(Cc1cc(I)c(Oc2cc(I)c(O)c(I)c2)c(I)c1)=O,1
mmp0558,CC1C2(C3CC1)CC(C(O)(C)CC2)C3(C)C,1
mmp0559,Cc1nc(c2cc1)c(O)c(Br)cc2Br,1
mmp0560,Fc1c(C(NC(Nc2cc(Oc3c(Cl)cc(C(F)(F)F)cn3)c(Cl)cc2)=O)=O)c(F)ccc1,1
mmp0561,CCCCCCCCCCCCc1ccc(O)cc1,1
mmp0562,C[Si]1(N[Si](C)(C)N[Si](C)(C)N1)C,1
mmp0563,CCC(c1ccc(O)cc1)(c2ccc(O)cc2)C,1
mmp0564,CCCCC(c1c(Cl)cc(Cl)cc1)(Cn2ncnc2)O,1
mmp0565,O=C1c(c(c2ccc3)c3C(=O)N1)ccc2,1
mmp0566,CC(c1ccc(OC(c2c(O)cccc2)=O)cc1)(C)C,1
mmp0567,Cc1c(O)cc(C)c(C2(c3c(C)cc(O)c(C)c3)c(c4S(=O)(=O)O2)cccc4)c1,1
mmp0568,CN(c1ccc(C(c2ccc(N(C)C)cc2)c3ccccc3)cc1)C,1
mmp0569,O=C(c1ccccc1)Nc2c(SSc3c(NC(c4ccccc4)=O)cccc3)cccc2,1
mmp0570,Oc1c(C(Nc2cc([N+]([O-])=O)ccc2)=O)cc(c3c1)cccc3,1
mmp0571,Oc1c(Cl)cc(Cl)c(O)c1,1
mmp0572,C[Si](c1ccccc1)(c2ccccc2)Cl,1
mmp0573,FC(C(CC(c1ccccc1)=O)=O)(F)F,1
mmp0574,S=C1N(Cc2ccccc2)CN(Cc3ccccc3)CS1,1
mmp0575,CNc1c(c2ncn1)[nH]cn2,1
mmp0576,Fc1ccc(OCCCN2CCC3(C(=O)NCN3c4ccccc4)CC2)cc1,1
mmp0577,CC1(C(O)CC2)C2C3C(c(c4CC3)ccc(O)c4)CC1,1
mmp0578,[O-][N+](C(Br)Br)=O,1
mmp0579,CC(c1c(O)c(C(C)(C)C)cc([N+]([O-])=O)c1)(C)C,1
mmp0580,NS(C(C(C(C(C(C(C(C(F)(F)F)(F)F)(F)F)(F)F)(F)F)(F)F)(F)F)(F)F)(=O)=O,1
mmp0581,Nc1ccc(NC(c2ccc(N)cc2)=O)cc1,1
mmp0582,Oc1c(C(c2c(O)cccc2)=O)cccc1,1
mmp0583,c1ccc(B(c2ccccc2)c3ccccc3)cc1,1
mmp0584,Oc1c(O)c(O)c(C(c2ccccc2)=O)cc1,1
mmp0585,O=CC=C(c1ccccc1)c2ccccc2,1
mmp0586,CCCC(OC1(C(CCl)=O)C(C)(C2CC1C)CC(=O)C(F)(C23)C(C)(C(=C4)CC3)C=CC4=O)=O,1
mmp0587,CC(C(Cc1cc(O)c(O)cc1)C)Cc2cc(O)c(O)cc2,1
mmp0588,CC1C(C(COC(C)=O)=O)(OC(C)=O)C(C)(C2C1)CC(O)C(F)(C23)C(C)(C(=C4)C(F)C3)C=CC4=O,1
mmp0589,CCCC(OC1(C(COC(CC)=O)=O)C(C)(C2CC1C)CC(O)C(F)(C23)C(C)(C(=C4)CC3)C=CC4=O)=O,1
mmp0590,CC(c1ccccc1)NNC(c2ccccc2)=O,1
mmp0591,FC(C(Oc1c(Cl)cc(NC(NC(c2c(F)cccc2F)=O)=O)c(Cl)c1)(F)F)C(F)(F)F,1
mmp0592,COc1ccc(C=CC(c2c(OC)cc(OC)cc2)=O)cc1,1
mmp0593,CCCOc1cc(c2cc1)sc(NC(OC)=O)n2,1
mmp0594,CC(CC1C(=O)NC(Cc2ccccc2)C(=O)N(C3C(=O)NC(C(C)C)C(=O)NC(CCCN)C(=O)NC(CC(C)C)C(=O)NC(Cc4ccccc4)C(=O)N(C5C(=O)NC(C(C)C)C(=O)NC(CCCN)C(=O)N1)CCC5)CCC3)C,1
mmp0595,CCCN(C(n1cncc1)=O)CCOc2c(Cl)cc(Cl)cc2Cl,1
mmp0596,CCC(c1noc(NC(c2c(OC)cccc2OC)=O)c1)(CC)C,1
mmp0597,C[Si](c1ccc(F)cc1)(c2ccc(F)cc2)Cn3ncnc3,1
mmp0598,CN(c1ccc(C2(c3ccc(N(C)C)cc3)c(c4C(=O)O2)ccc(N(C)C)c4)cc1)C,1
mmp0599,OCc1c(c2cc(c13)cccc3)cccc2,1
mmp0600,Oc1ccc(C(c2c(O)cc(O)cc2)=O)cc1,1
mmp0601,Oc1ccc(C(C(F)(F)F)(C(F)(F)F)c2ccc(O)cc2)cc1,1
mmp0602,CC(c1cc(c2cc1)c(c3cc2)cccc3)=O,1
mmp0603,C(Cc1ccncc1)Cc2ccccc2,1
mmp0604,CCc1c(c2nc(c13)C(N4C3)=CC5=C(COC(=O)C5(CC)O)C4=O)cc(OC(N6CCC(N7CCCCC7)CC6)=O)cc2,1
mmp0605,Nc1ccc(Nc2ccccc2)cc1,1
mmp0606,OC(c1c(C(c2cc(I)c(O)c(I)c2)=C3C=C(I)C(=O)C(I)=C3)cccc1)=O,1
mmp0607,CCN=C1c(c2C(=C(c3ccc(N(CC)CC)cc3)c4ccc(N(CC)CC)cc4)C=C1)cccc2,1
mmp0608,Oc1c(Cc2c(O)cccc2)cccc1,1
mmp0609,Oc1ccc(Cc2c(O)cccc2)cc1,1
mmp0610,CC(c1cc(C(c2ccccc2)(C)C)c(O)cc1)(c3ccccc3)C,1
mmp0611,Oc1ccc(C(C(Cl)(Cl)Cl)c2ccc(O)cc2)cc1,1
mmp0612,CC(O[Si](OC(C)=O)(OC(C)=O)C)=O,1
mmp0613,COC(c1c(O)c(C)c(O)cc1C)=O,1
mmp0614,CCO[Si](OCC)(OCC)CCCCl,1
mmp0615,Nc1nc(N)c(N)c(N)n1,1
mmp0616,Cc1nc(c2c(N)c1)ccc(NC(Nc3cc(c4cc3)c(N)cc(C)n4)=O)c2,1
mmp0617,Oc1cc(Cl)c(c2ccccc2)cc1,1
mmp0618,Nc1cc(Cl)c(O)c(Cl)c1,1
mmp0619,Nc1ccc(Oc2cc(N)c(N)cc2)cc1,1
mmp0620,CC(CC(c1ccc(O)cc1)(c2ccc(O)cc2)C)C,1
mmp0621,CCCCCCCCCCCCCCC(C(O)=O)Br,1
mmp0622,Cc1c(C(c2ccc(C(O)=O)cc2)=C)cc3c(C(C)(C)CCC3(C)C)c1,1
mmp0623,CC(c1ccc(Nc2ccc(C(c3ccccc3)(C)C)cc2)cc1)(c4ccccc4)C,1
mmp0624,Clc1c(c2c(C=O)c(c13)cccc3)cccc2,1
mmp0625,Oc1cc(C(c2ccccc2)=O)ccc1,1
mmp0626,Oc1ccc(C(c2ccc(O)cc2)=C(Cl)Cl)cc1,1
mmp0627,CCCCCCC(Nc1ccc(Nc2ccccc2)cc1)C,1
mmp0628,CC(C(Cn1ncnc1)(CCc2ccc(Cl)cc2)O)(C)C,1
mmp0629,CC1(C(Cn2ncnc2)(O)C(Cc3ccc(Cl)cc3)CC1)C,1
mmp0630,CCC(c1cc(C(C)(C)C)c(O)c(C(C)(C)C)c1)C,1
mmp0631,CCO[Si](OCC)(OCC)CC(C)C,1
mmp0632,CC1C(C)(C)c(c2C(C)(C)C1)cc(C)c(C(C)=O)c2,1
mmp0633,CSc1nc(NC(C)(C)C)nc(NC2CC2)n1,1
mmp0634,Cc1c(O)c(C(C)(C)C)cc(CCC(OCCOCCOCCOC(CCc2cc(C(C)(C)C)c(O)c(C)c2)=O)=O)c1,1
mmp0635,CC(C(Nc1cc(C(F)(F)F)c([N+]([O-])=O)cc1)=O)(O)C,1
mmp0636,CCOP(OC(C(Cl)(Cl)Cl)Cl)(OCC)=S,1
mmp0637,COP(Oc1c(Cl)cc(C)cc1Cl)(OC)=S,1
mmp0638,Clc1ccc(CN(C(Nc2ccccc2)=O)C3CCCC3)cc1,1
mmp0639,Fc1c(C(NC(Nc2cc(Cl)c(Oc3c(Cl)cc(C(F)(F)F)cn3)c(Cl)c2)=O)=O)c(F)ccc1,1
mmp0640,Fc1cc(F)c(NC(c2c(Oc3cc(C(F)(F)F)ccc3)nccc2)=O)cc1,1
mmp0641,FC(C(Oc1c(Cl)cc(NC(NC(c2c(F)cccc2F)=O)=O)cc1Cl)(F)F)F,1
mmp0642,CC(N1C(=O)C(Cl)=C(SCc2ccc(C(C)(C)C)cc2)C=N1)(C)C,1
mmp0643,CC(C(C(OC(c1cc(Oc2ccccc2)ccc1)C#N)=O)Nc3c(Cl)cc(C(F)(F)F)cc3)C,1
mmp0644,CCOCn1c(C(F)(F)F)c(Br)c(C#N)c1c2ccc(Cl)cc2,1
mmp0645,CCCC(OCC(C(C(OC(CCC)=O)CN1c(c2N=C(C1=N3)C(=O)NC3=O)cc(C)c(C)c2)OC(CCC)=O)OC(CCC)=O)=O,1
mmp0646,CC(C(C(NC(Cc1ccccc1)CC(C(NC(COc2c(C)cccc2C)=O)Cc3ccccc3)O)=O)N4C(=O)NCCC4)C,1
mmp0647,CCOC(c1c(C(c2cc(Br)c(O)c(Br)c2)=C3C=C(Br)C(=O)C(Br)=C3)cccc1)=O,1
mmp0648,NNc1scc(c2ccc(N)cc2)n1,1
mmp0649,CC(c1ccc(O)cc1)(c2ccc(O)cc2)c3ccc(O)cc3,1
mmp0650,Cc1c(CN2C(=O)N(Cc3c(C)c(O)c(C(C)(C)C)cc3C)C(=O)N(Cc4c(C)c(O)c(C(C)(C)C)cc4C)C2=O)c(C)c(O)c(C(C)(C)C)c1,1
mmp0651,CC(CC(N(c1ccc(N)cc1)c2ccccc2)C)C,1
mmp0652,Clc1nccc(NC(Nc2ccccc2)=O)c1,1
mmp0653,Brc1cc(Br)c(Oc2c(Br)cc(Br)cc2)cc1,1
mmp0654,O=C1c2c(c(c(c(c3ccc4)c4cc5)c5c2)cc3)CCC1,1
mmp0655,Oc1cc(c2cc1)c(c3C2)cccc3,1
mmp0656,NNc1scc(c2ccccc2)n1,1
mmp0657,CCCC(c1c(O)cccc1)C,1
mmp0658,C(c1ccccc1)=Cc2ccncc2,1
mmp0659,Oc1ccc(C2(c3ccc(O)cc3)C4CC(C(C45)CCC5)C2)cc1,1
mmp0660,CCCCC(C(O)=O)CC,1
mmp0661,CC1C(C)(C)C2CC1C(C3CC(O)CCC3)C2,1
mmp0662,Nc1c([N+]([O-])=O)cc(SC#N)cc1,1
mmp0663,CC1(C(O)CC2)C2C3C(c(c4CC3CCCCCCCCCS(CCCC(C(F)(F)F)(F)F)=O)ccc(O)c4)CC1,1
mmp0664,CN(c1cc(c2cc1)SC(C3=N2)=CC(=[N+](C)C)C=C3)C,1
mmp0665,Cc1c(c2ccc(Cl)cc2)n(c3c(Cl)cc(Cl)cc3)nc1C(NN4CCCCC4)=O,1
mmp0666,CCCCC(COC(c1ccc(O)cc1)=O)CC,1
mmp0667,COC(N(c1ccc(OC(F)(F)F)cc1)C(N2N=C(C3(C(OC)=O)OC2)c(c4C3)ccc(Cl)c4)=O)=O,1
mmp0668,CC1(c(c2C(C)(C)CC1)ccc(NC(c3ccc(C(O)=O)cc3)=O)c2)C,1
mmp0669,CC1C(C(C)=O)(C)CC2=C(CCCC2(C)C)C1,1
mmp0670,CC(N(C(c1ccccc1)=O)NC(c2ccc(Cl)cc2)=O)(C)C,1
mmp0671,CC(OC(c1ccc(O)cc1)=O)(C)C,1
mmp0672,CCCC1C(CC)=CC(CC)=CN1c2ccccc2,1
mmp0673,CC(Cc1ccc(CCc2sc(c3c2)n(c4C(C)N=C3c5c(Cl)cccc5)c(C)nn4)cc1)C,1
mmp0674,CCCCCCOc1c(C)c(C)c(O)c(C)c1,1
mmp0675,CC(OCCN(c1ccc(N=Nc2c(C#N)cc([N+]([O-])=O)cc2)cc1)CCOC(C)=O)=O,1
mmp0676,COc1c(O)c(OC)cc(C2c(c3C(O)C4C2C(=O)OC4)cc(c5c3)OCO5)c1,1
mmp0677,Clc1cc(c2cc1)N(CCCN3CCC4(SCC(=O)N4)CC3)c(c5S2)cccc5,1
mmp0678,Cc1[nH]c(C=C2c(c3NC2=O)cccc3)c(C)c1,1
mmp0679,CN1CCN(Cc2ccc(C(Nc3cc(Nc4nc(c5cnccc5)ccn4)c(C)cc3)=O)cc2)CC1,1
mmp0680,CC(n(c(c(c1c(c23)cccc2)n34)c5c(c16)CNC6=O)c(c57)cccc7)(C(CO)(O)C8)OC48,1
mmp0681,OCCCCCCCCCCCCBr,1
mmp0682,NNCc1ccccc1,1
mmp0683,CC(OC1(C2C(C(=O)C(O)C(C(C)(C)C3(O)C2OC(c4ccccc4)=O)=C(C)C(OC(C(C(c5ccccc5)NC(OC(C)(C)C)=O)O)=O)C3)(C)C(O)C6)C6OC1)=O,1
mmp0684,COc1c(Nc2c(c3nc(c24)cccc4)cccc3)ccc(NS(C)(=O)=O)c1,1
mmp0685,OC(c1ccc(F)cc1)CCC2C(=O)N(c3ccc(F)cc3)C2c4ccc(O)cc4,1
mmp0686,COC(C(C(c1cc([N+]([O-])=O)ccc1)C(C(OCCN2CCN(C(c3ccccc3)c4ccccc4)CC2)=O)=C(C)N5)=C5C)=O,1
mmp0687,CCC1(C(C(OC)=O)c(c2C(OC3OC(C)C(OC4OC(C)C(OC5OC(C)C(=O)CC5)C(O)C4)C(N(C)C)C3)C1)cc(c6c2O)C(=O)c(c7C6=O)cccc7O)O,1
mmp0688,Cc1c(c2n(Cc3ccc(OCCN4CCCCCC4)cc3)c1c5ccc(O)cc5)cc(O)cc2,1
mmp0689,COc1c2c(c(c3c([N+]([O-])=O)c2)c(c4cc3C(O)=O)OCO4)ccc1,1
mmp0690,CC(NCC(CSc1scc(c2sc(C(N)=O)cc2)n1)O)(C)C,1
mmp0691,Cc1ccc(n2c(NC(Nc3c(c4c(OCCN5CCOCC5)cc3)cccc4)=O)cc(C(C)(C)C)n2)cc1,1
mmp0692,COC(C(C(c1cc([N+]([O-])=O)ccc1)C(C(OC(CN(CCC(c2ccccc2)c3ccccc3)C)(C)C)=O)=C(C)N4)=C4C)=O,1
mmp0693,O=C1CCCC=CCCCCCCCCCC1,1
mmp0694,COc1cc(C)c(Nc2ccccc2)cc1,1
mmp0695,CN1C(NC(Nc2cc(Cl)ccc2)=O)=NC(=O)C1,1
mmp0696,CN=C1C=CC(=C(c2ccc(N(C)C)cc2)c3ccc(N(C)C)cc3)C=C1,1
mmp0697,CCOc1cc(c2cc1)c(N)c(c3n2)ccc(N)c3,1
mmp0698,CCCCCC(OC1(C(C)=O)C(C)(C2CC1)CCC(C23)C(C)(C(=C4)CC3)CCC4=O)=O,1
mmp0699,CC(C(C)(C)c(c12)c(c3cc1)cccc3)=N2,1
mmp0700,CCCCCCCCCCCCc1c(O)cccc1,1
mmp0701,NC(c(c1C2=N)cc(c3c1)cccc3)=N2,1
mmp0702,COc1c(c2ccc1)C(C3CO2)CN(CCCCN4C(=O)c5c(c(c6s5)nc(c7ccccc7)cn6)NC4=O)C3,1
mmp0703,COC(C1(C(C2(C)CCC1)CC=C(C23)C=C(C(C)C)CC3)C)=O,1
mmp0704,CS(c1cc([N+]([O-])=O)c(C(C2C(=O)CCCC2=O)=O)cc1)(=O)=O,1
mmp0705,CCC(c1ccc(O)cc1)C(c2ccc(O)cc2)CC,1
mmp0706,Nc1cc(c2cc1)nc(c3c2)cc(N)cc3,1
mmp0707,CC1(C(Nc2c(Cl)c(Cl)c(O)cc2)=O)CCCCC1,1
mmp0708,CC1(c2ccc(Oc3ccccc3)cc2)C(=O)N(Nc4ccccc4)C(=O)O1,1
mmp0709,Cc1c(C(Nc2cc(C)c(C(N3c(c4C(O)CCC3)ccc(Cl)c4)=O)cc2)=O)cccc1,1
mmp0710,CNC1C(C(=C2)c(c3CC1)c(OC)c(OC)c(OC)c3)=CC(=O)C(OC)=C2,1
mmp0711,CC1(C(=O)CC2)C2C(=C3)C(c(c4C3)ccc(O)c4)CC1,1
mmp0712,CCCCCCC(OC1(C#C)C(C)(C2CC1)CCC(C23)C(C(=C4)CC3)CCC4=O)=O,1
mmp0713,Oc1ccc(C2(c3ccc(O)cc3)CCCCC2)cc1,1
mmp0714,CC1(C(CC=C)(O)CC2)C2C3C(C(C(=C4)CC3)CCC4)CC1,1
mmp0715,CC(CCCCCCc1ccc(O)cc1)C,1
mmp0716,COC(C1(CCC(C)(C23)C4(C)C(C(C)(C5CC4)C=C(C#N)C(=O)C5(C)C)=CC2=O)C3CC(C)(C)CC1)=O,1
mmp0717,CNC(c1nccc(Oc2ccc(NC(Nc3cc(C(F)(F)F)c(Cl)cc3)=O)cc2)c1)=O,1
mmp0718,CC1C(O)C(O)C(O)C(OC2CC(O)(C3(CO)C(O)C2)CCC(C34)C(O)(C5(C)CC4O)CCC5C(COC6=O)=C6)O1,1
mmp0719,CC1C(O)C(O)CC(OC2C(C)OC(OC3C(C)OC(OC4CC5C(C6C(C(O)(C7(C)CC6)CCC7C(COC8=O)=C8)CC5)(C)CC4)CC3O)CC2O)O1,1
mmp0720,CC1C(C(CCl)=O)(OC(c2ccco2)=O)C(C)(C3C1)CC(O)C(Cl)(C34)C(C)(C(=C5)CC4)C=CC5=O,1
mmp0721,C[n+]1c(c2cc(c13)ccc(N)c3)cc(N)cc2,1
mmp0722,CN1c(c2C(c3ccccc3)=NC(NC(c4[nH]c(c5c4)cccc5)=O)C1=O)cccc2,1
mmp0723,CC1C(O)C(N)CC(OC2c(c3CC(C(C)=O)(O)C2)c(O)c(c4c3O)C(=O)c(c5C4=O)c(O)ccc5)O1,1
mmp0724,COC(C(C(c1cc([N+]([O-])=O)ccc1)C(C(OC2CN(Cc3ccccc3)CC2)=O)=C(C)N4)=C4C)=O,1
mmp0725,CC(N(C(C)C)CCC(c1c(O)ccc(C)c1)c2ccccc2)C,1
mmp0726,COc1c(c2ccc1)C(=O)c(c3C2=O)c(O)c(c4c3O)C(OC5OC(C)C(O)C(N)C5)CC(C(CO)=O)(O)C4,1
mmp0727,COC1C(C)OC(OC2C(C)OC(OC3C(C)OC(OC4CC5C(C6C(C(O)(C7(C)C(O)C6)CCC7C(COC8=O)=C8)CC5)(C)CC4)CC3O)CC2O)CC1O,1
mmp0728,CC(C=CC(C(C)(C)CCC1)=C1C)=CC=CC(C)=CC(O)=O,1
mmp0729,Oc1ccc(C=Cc2cc(O)cc(O)c2)cc1,1
mmp0730,CC(C=CC=C(C=CC(C(C)(C)CCC1)=C1C)C)=CCO,1
mmp0731,COC1C(O)CCC(C=C(C2C(C)C(O)CC(=O)C(CC=C)C=C(C)CC(C)CC(OC)C3OC(C(C)CC3OC)(O)C(=O)C(=O)N(C4C(=O)O2)CCCC4)C)C1,1
mmp0732,CCC(c1ccc(O)cc1)=C(c2ccc(O)cc2)CC,1
mmp0733,CCCCC(OCC(C1(Cc(c2C(OC3OC(C)C(O)C(NC(C(F)(F)F)=O)C3)C1)c(O)c(c4c2O)C(=O)c(c5C4=O)cccc5OC)O)=O)=O,1
mmp0734,Clc1ccc(C(c2c(Cl)cc(N3C(=O)NC(=O)C=N3)cc2Cl)C#N)cc1,1
mmp0735,CCC1(C2=C(C(=O)N3C(c(c4C3)nc(c5c4)cccc5[N+]([O-])=O)=C2)COC1=O)O,1
mmp0736,Cc1c(C)cc(c2c1)N(CC(C(C(CO)O)O)O)C(C3=N2)=NC(=O)NC3=O,1
mmp0737,CC(CC=C(c1ccccc1)C=O)C,1
mmp0738,CCCCCCCCCOC(c1ccc(O)cc1)=O,1
mmp0739,CC(c1ccc(O)cc1)c2ccc(O)cc2,1
mmp0740,Cc1c(Nc2c(C(O)=O)cccc2)cccc1Cl,1
mmp0741,CCOC(c1c(c2n(C)c1C)cc(O)cc2)=O,1
mmp0742,COc1c(Oc2c(Cl)cc(Cl)cc2)ccc(Cl)c1,1
mmp0743,CC1C(O)C(N)CC(OC2c(c3CC(C(C)=O)(O)C2)c(O)c(c4c3O)C(=O)c(c5C4=O)cccc5)O1,1
mmp0744,CC1(C(C(OCc2c(F)c(F)cc(F)c2F)=O)C1C=C(Cl)Cl)C,1
mmp0745,CC1C(OC2OC(C)C(OC3OC(C)C(OC4C(O)C(O)C(O)C(CO)O4)C(OC(C)=O)C3)C(O)C2)C(O)CC(OC5CC6C(C7C(C(O)(C8(C)C(O)C7)CCC8C(COC9=O)=C9)CC6)(C)CC5)O1,1
mmp0746,COC(C(C(c1cc([N+]([O-])=O)ccc1)C(C(OC2CN(Cc3ccccc3)CCC2)=O)=C(C)N4)=C4C)=O,1
mmp0747,CCC(Oc1ccc(C(CC)=C(c2ccc(OC(CC)=O)cc2)CC)cc1)=O,1
mmp0748,CC=C(c1ccc(O)cc1)C(c2ccc(O)cc2)=CC,1
mmp0749,CCOc1ccc(NC(Nc2ccc(OCC)cc2)=S)cc1,1
mmp0750,S=C1Sc(c2N1)cccc2,1
mmp0751,S=C(NC1CCCCC1)NC2CCCCC2,1
mmp0752,Oc1c(CC=C)cc(S(c2cc(CC=C)c(O)cc2)(=O)=O)cc1,1
mmp0753,Oc1ccc(C(c2c(O)c(O)c(O)cc2)=O)cc1,1
mmp0754,ClC(C(C(Cl)(Cl)C12Cl)(Cl)C(C13)C4CC3C(C45)O5)=C2Cl,1
mmp0755,COc1c(O)ccc(C=CC(CC(C=Cc2cc(OC)c(O)cc2)=O)=O)c1,1
mmp0756,CC(Nc1ccc(NC(NC(c2ccc(C(C)(C)C)cc2)=O)=S)cc1)=O,1
mmp0757,NC(N)=NNc1ccc(N=NC(N)=S)cc1,1
mmp0758,CC([N+]([O-])=O)=Cc1ccccc1,1
mmp0759,CCCCN(c1cc(O)c(C(c2c(C(O)=O)cccc2)=O)cc1)CCCC,1
mmp0760,Nc1c(c2nc(c13)cccc3)cccc2,1
mmp0761,CC1C(O)C(O)CC(OC2C(C)OC(OC3C(C)OC(OC4CC5C(C6C(C(O)(C7(C)C(O)C6)CCC7C(COC8=O)=C8)CC5)(C)CC4)CC3O)CC2O)O1,1
mmp0762,CN(c1ccc(C(c2ccccc2)=C3C=CC(=[N+](C)C)C=C3)cc1)C,1
mmp0763,CCCCCCCC[N+](CCCCCCCC)(CCCCCCCC)CCCCCCCC,1
mmp0764,CCCCCCCCCCCCCCn1c[n+](C)cc1,1
mmp0765,CCCCCCCCCC[n+]1c(C)n(CCCCCCCCCC)cc1,1
mmp0766,CC1OC(=O)c(c2CCCCCC(O)CCC1)c(O)cc(O)c2,1
mmp0767,CCCCCCCC[P+](CCCCCCCC)(CCCCCCCC)CCCCCCCC,1
mmp0768,CCN1C(CNC(c2c(OC)ccc(S(CC)(=O)=O)c2)=O)CCC1,1
mmp0769,Oc1c(c2c([N+]([O-])=O)cc1)C(=O)c3c(c([N+]([O-])=O)ccc3O)C2=O,1
mmp0770,Fc1ccc(Oc2c(c3ncc2)c(Cl)cc(Cl)c3)cc1,1
mmp0771,Nc1cc([N+]([O-])=O)c(O)cc1,1
mmp0772,Nc1cc([N+]([O-])=O)c(NCCO)cc1,1
mmp0773,Nc1c(O)ccc([N+]([O-])=O)c1,1
mmp0774,Sc1sc(c2n1)cccc2,1
mmp0775,Nc1c(O)cc([N+]([O-])=O)c(Cl)c1,1
mmp0776,Nc1cc([N+]([O-])=O)c(N)cc1,1
mmp0777,NNc1scc(c2ccc([N+]([O-])=O)cc2)n1,1
mmp0778,Cc1ccc(C(c2cc([N+]([O-])=O)c(O)c(O)c2)=O)cc1,1
mmp0779,[O-][N+](c1cc(c2cc1)C(=O)C(=O)N2)=O,1
mmp0780,Nc1c(O)c([N+]([O-])=O)cc([N+]([O-])=O)c1,1
mmp0781,Nc1c(O)cc([N+]([O-])=O)cc1,1
mmp0782,Nc1c(N)cc([N+]([O-])=O)cc1,1
mmp0783,OC(C(=O)c(c1O2)c(O)cc(O)c1)=C2c3cc(O)c(O)cc3,1
mmp0784,COc1ccc(C(C(=O)c(c2O3)ccc(O)c2)=C3)cc1,1
mmp0785,Oc1ccc(C(Oc(c2C3=O)cc(O)cc2O)=C3)cc1,1
mmp0786,CC(C1C(C)(C2CC1)CCCC2=CC=C3C(=C)C(O)CC(O)C3)CCCC(O)(C)C,1
mmp0787,CCCC=CC=CC(OC1C(OC2CC1=CC(OC)=O)(O)C(C)(C)C=CC(OC3CC(OC4CC(O)CC(=O)OC(C(O)C)C2)(O)C(C)(C)C(OC(C)=O)C4)CC(=CC(OC)=O)C3)=O,1
mmp0788,OC(C(=O)c(c1O2)c(O)cc(O)c1)=C2c3ccc(O)cc3,1
mmp0789,Oc1ccc(C(C(=O)c(c2O3)c(O)cc(O)c2)=C3)cc1,1
mmp0790,CN(c1ncccc1)CCOc2ccc(CC3C(=O)NC(=O)S3)cc2,1
mmp0791,CC(C1C(C)(C2CC1)CCCC2=CC=C3CC(O)CC(O)C3)C=CC(C(O)(C)C)C,1
mmp0792,CCCCCC=CC=CC(OCC)=O,1
mmp0793,CC1OC(=O)c(c2C=CCCCC(=O)CCC1)c(O)cc(O)c2,1
mmp0794,Oc1cc(c2c(O)c1)OC(c3ccccc3)=CC2=O,1
mmp0795,Oc1cc2c(c3c(c(c4o3)ccc(O)c4)C(=O)O2)cc1,1
mmp0796,Cc1c(c(c(c(c2c(O)cc3O)c3C4=O)c5C(C)(C)C2=O)c4c(O)c1)c(O)c5,1
mmp0797,COCCOC(C(C(c1cc([N+]([O-])=O)ccc1)C(C(OCC=Cc2ccccc2)=O)=C(C)N3)=C3C)=O,1
mmp0798,CC(C)=CCOc1ccc(C=CC(c2c(OCC(O)=O)cc(OCC=C(C)C)cc2)=O)cc1,1
mmp0799,CC(C=CC=C(C=CC(C(C)(C)CCC1)=C1C)C)=CC(O)=O,1
mmp0800,CCCCCC=CC=CC=O,1
mmp0801,CCCCCCCCC=CCCCCCCCC(N)=O,1
mmp0802,CC(C1C(C)(C2CC1)CCCC2=CC=C3C(=C)CCC(O)C3)CCCC(O)(C)C,1
mmp0803,CC(C1C(C)(C2CC1)CCCC2=CC=C3C(=C)CCC(O)C3)CCC(C(O)(C)C)O,1
mmp0804,C(C1NCCCC1)C(C2CCCCC2)C3CCCCC3,1
mmp0805,CC(N(Cc1ccccc1)CCCl)COc2ccccc2,1
mmp0806,ClCC1(C(C(Cl)(Cl)C2(Cl)C1=C)(Cl)C(Cl)C2Cl)CCl,1
mmp0807,CCCCN(C(S)=S)CCCC,1
mmp0808,CC1(C(C#C)(O)CC2)C2C3C(C(C(=C4)CC3)CCC4)CC1,1
mmp0809,CC(C)=CCCC(C)=CCCC(C=C)(O)C,1
mmp0810,CC1C(OC2OC(C)C(OC3OC(C)C(OC4C(O)C(O)C(O)C(CO)O4)C(OC(C)=O)C3)C(O)C2)C(O)CC(OC5CC6C(C7C(C(O)(C8(C)CC7)CCC8C(COC9=O)=C9)CC6)(C)CC5)O1,1
mmp0811,COC(C(C(C(O)C)O)=O)C1C(OC2OC(C)C(O)C(OC3OC(C)C(O)C(OC4OC(C)C(O)C(O)(C)C4)C3)C2)C(=O)c(c5C1)c(O)c(c6c5)c(O)c(C)c(OC7OC(C)C(O)C(OC8OC(C)C(O)C(O)C8)C7)c6,1
mmp0812,CC1C(O)C(O)C(O)C(OC2C=C(C3(C)CC2)CCC(C34)C(O)(C5(C)CC4)CCC5C(C=CC(=O)O6)=C6)O1,1
mmp0813,COC1C(O)CCC(CC(C2OC(=O)C(N3C(=O)C(=O)C(OC4CC(OC)C(C)=CC=CC=CC(C)CC(C)C(=O)C(OC)C(O)C(C)=CC(C)C(=O)C2)(O)C(C)CC4)CCCC3)C)C1,1
mmp0814,CCOC1C(O)C(OCc2ccccc2)C(C(OCc3ccccc3)COCc4ccccc4)O1,1
mmp0815,CC(C=CC(C(C)(C)CCC1)=C1C)=CC=CC(C)=CC(Nc2ccc(O)cc2)=O,1
mmp0816,CC(C1C(C)(C2CC1)CCCC2=CC=C3C(=C)C(O)CC(O)C3)C=CC(C4CC4)O,1
mmp0817,CC1C(C(CCl)=O)(O)C(C)(C2C1)CC(O)C(F)(C23)C(C)(C(=C4)CC3)C=CC4=O,1
mmp0818,CC(C(C=CC(C1C(C)(C2CC1)CCCC2=CC=C3C(C)CCC(O)C3)C)C)C,1
mmp0819,CCCCCCCCC=CCCCCCCCC(NCc1cc(OC)c(O)cc1)=O,1
mmp0820,O=C1c(c2NC1=C3C(=O)c(c4N3)cccc4)cccc2,1
mmp0821,O=C1C=CC(=NNc2ccccc2)C=C1,1
mmp0822,CC(c(c1OC2=O)c(O)cc(O)c1)=C2,1
mmp0823,Nc1cc(N)c(N=Nc2ccc(c3ccc(N=Nc4c(S(O)(=O)=O)cc(c5c4N)C=C(S(O)(=O)=O)C(=NNc6ccccc6)C5=O)cc3)cc2)cc1,1
mmp0824,[O-][N+](c1cc([N+]([O-])=O)c(ONC=C2C=C(Br)C(=O)C(Br)=C2)cc1)=O,1
mmp0825,OCCc1ccc(Nc2c(c3c(O)cc2)C(=O)c(c4C3=O)c([N+]([O-])=O)ccc4O)cc1,1
mmp0826,CCOc1c(OCCNC(Cc2cc(S(N)(=O)=O)c(OC)cc2)C)cccc1,1
mmp0827,CCCCCCCCC=CCCCCCCCCOCCO,1
mmp0828,CC(C(C=CC(CCC=C)=O)C(C)(C)CC1)=C1,1
mmp0829,COC(CCCC(CC=CC(C)=CC(OC(C)C)=O)C)(C)C,1
mmp0830,CCC1(CN2CC(CC(c3c(OC)cc4c(C(C(N5CC=C6)C6(CC)C(OC(C)=O)C7(C(OC)=O)O)(C7N4C)CC5)c3)(C(OC)=O)c8c(c(c9[nH]8)cccc9)CC2)C1)O,1
mmp0831,O=C1C(=CNCc2ccccc2)C=CC=C1,1
mmp0832,NC(NN=Cc1ccc([N+]([O-])=O)o1)=O,1
mmp0833,COC1C(C)C(OC(C)=O)C(C)C(O)C(C)C(O)C(C)C=CC=C(C)C(=O)NC(C(C(c(c(C(=O)C2(C)OC=C1)c3O2)c4c(O)c3C)=O)=CNN5CCN(C)CC5)=C4O,1
mmp0834,CC(c1ccccc1)NCCC(c2ccccc2)c3ccccc3,1
mmp0835,CCN1c(c2C=CC1=CC=Cc3[n+](CC)c(c4cc3)cccc4)cccc2,1
mmp0836,O=C1C(=NNc2ccccc2)c(c3C=C1)cccc3,1
mmp0837,CCCCCC(CO)=Cc1ccccc1,1
mmp0838,CCN(C(NC1C=C(C2N(C)C1)c(c(c3[nH]c4)c4C2)ccc3)=O)CC,1
mmp0839,c1ccc([Sn](c2ccccc2)c3ccccc3)cc1,1
mmp0840,CCOC(CCCCCCCC=CCC=CCC=CCC)=O,1
mmp0841,CON(c1c(COc2nn(c3ccc(Cl)cc3)cc2)cccc1)C(OC)=O,1
mmp0842,CCC(C(C(C(C(CCc1c(C(O)=O)c(O)c(C)cc1)C)O)C)=O)C2C(C)CC(C3OC(C)C(CC)(O)CC3)(CC)O2,1
mmp0843,CCOC(C1(c2ccccc2)CCN(CCC(c3ccccc3)(c4ccccc4)C#N)CC1)=O,1
mmp0844,CCN1c(c2SC1=CC=CC=Cc3[n+](CC)c(c4s3)cccc4)cccc2,1
mmp0845,CCC(C1C(C)C=CC2(OC3CC(OC(=O)C(C(O)(C4OC5)C5=CC=CC(C)C(OC6OC(C)C(OC7OC(C)C(O)C(OC)C7)C(OC)C6)C(C)=CC3)C=C(C)C4O)C2)O1)C,1
mmp0846,CC(C=CC=C(C=CC(C(C)(C)CCC1)=C1C)C)=CC=O,1
mmp0847,CCC(C(O)=O)(CC(Nc1cc(C=Cc2scc(C3CCC3)n2)ccc1)=O)CC,1
mmp0848,CC(C(C(n1ncnc1)=Cc2c(Cl)cc(Cl)cc2)O)(C)C,1
mmp0849,CC(c1c(O)c(C(C)(C)C)cc(C=C2C(=O)N=C(N)S2)c1)(C)C,1
mmp0850,CC1(C(C(OC(c2cc(Oc3ccccc3)ccc2)C#N)=O)C1C=C(C(F)(F)F)Cl)C,1
mmp0851,CC1(C(C(OC(c2cc(Oc3ccccc3)ccc2)C#N)=O)C1C=C(C(F)(F)F)Cl)C,1
mmp0852,COC1C(OCCO)CCC(CC(C2OC(=O)C(N3C(=O)C(=O)C(OC4CC(OC)C(C)=CC=CC=CC(C)CC(C)C(=O)C(OC)C(O)C(C)=CC(C)C(=O)C2)(O)C(C)CC4)CCCC3)C)C1,1
mmp0853,CNC(c1c(Sc2cc(c3cc2)[nH]nc3C=Cc4ncccc4)cccc1)=O,1
mmp0854,S=C1C(C2N=CN1)NC=N2,1
mmp0855,CC1C(C2OC3(C(C4(C)C(O)O3)O4)C1)C(C)(C5(C)C2)CCC(C6(C7C8)CCC(OC9C(O)C(O)C(O)CO9)C7(C)C)(C5=C8)C6,1
mmp0856,COC1C(C)C(OC(C)=O)C(C)C(O)C(C)C(O)C(C)C=CC=C(C)C(=O)NC(C(C(c(c(C(=O)C2(C)OC=C1)c3O2)c4c(O)c3C)=O)=CNN5CCN(C6CCCC6)CC5)=C4O,1
mmp0857,CC1(C(=O)OC2=O)C2(C)C(OC13)CC3,1
mmp0858,CN1c(c2C(=NNC(N)=S)C1=O)cccc2,1
mmp0859,CC1(C=CC2)C2C3C(C(C)(C4CC3)CCC(=O)C4)CC1,1
mmp0860,CC(C(OCC(C1(C(C)(C2C3)CC(O)C(C24)C(C)(C(=C5)CC4)C=CC5=O)C3OC(C6CCCCC6)O1)=O)=O)C,1
mmp0861,CCC(OC1(C(CCl)=O)C(C)(C2CC1C)CC(O)C(F)(C23)C(C)(C(=C4)C(F)C3)C=CC4=O)=O,1
mmp0862,Fc1c(F)c(Nc2c(Cl)cc(I)cc2)c(C(NOCC3CC3)=O)cc1,1
mmp0863,NC(C(O)=O)C(c1cc(O)c(O)cc1)O,1
mmp0864,CCC1(C(C#C)(O)CC2)C2C3C(C(C(=C4)CC3)CCC4=NO)CC1,1
mmp0865,CC(Oc1cc(c2cc1)CCC(C23)C(C4(C)CC3)CCC4O)=O,1
mmp0866,CCOc1nc(c2cc1)C(=O)C(C(NCc3ccccc3)=O)=CN2,1
mmp0867,COC1C(O)C(C)OC(OC2C(OC)CC(OC3C(C)=CCC4CC(CC5(C=CC(C)C(C6CCCCC6)O5)O4)OC(=O)C(C(O)(C7OC8)C8=CC=CC3C)C=C(C)C7O)OC2C)C1,1
mmp0868,CCc1c(c2ccc(Br)cc2)n(c3c(Cl)cc(Cl)cc3)nc1C(NN4CCCCC4)=O,1
mmp0869,Cc1cc(c2cc1)c(c3ccc(Cl)cc3)c(CN(C(Nc4c(F)cc(F)cc4F)=O)Cc5ccccc5)o2,1
mmp0870,CN(S(n1c(c2ccc(C)cc2)c(Cl)nc1C#N)(=O)=O)C,1
mmp0871,CC(c1nc(n2nc1)ncc2c3cc(c4c(C#N)cccc4F)c(F)cc3)(O)C,1
mmp0872,OC1(c(c2C3)ccc(Cl)c2)C3SC(c4ccccc4)=N1,1
mmp0873,CCCCCCCCCCCCCC[P+](CCCC)(CCCC)CCCC,1
mmp0874,CNC1c(c2C(c3cc(Cl)c(Cl)cc3)CC1)cc(S(N)(=O)=O)cc2,1
mmp0875,COC(CCc1c(nc2c1C)cc3[nH]c(c(C)c3CCC(O)=O)cc4nc(C(C45C)=CC=C(C(OC)=O)C5C(OC)=O)cc6[nH]c(C(C=C)=C6C)c2)=O,1
mmp0876,CNc1ccc(C(CC(CCC(C2C(C)C=CC=CC=CC=CC=CC=CC=CC(OC3C(O)C(N)C(O)C(C)O3)CC(OC4(O)CC(O)CC(O)CC(O)CC(O)CC(=O)CC(O)CC(=O)O2)C(C(OC)=O)C(O)C4)C)O)=O)cc1,1
mmp0877,Cc1c(C(O)(C)C)c(c2o1)cccc2NC(c3c(Cl)cccc3Cl)=O,1
mmp0878,CCC1N(C(OC(C)C)=O)c(c2C(N(C(C)=O)Cc3cc(C(F)(F)F)cc(C(F)(F)F)c3)C1)ccc(C(F)(F)F)c2,1
mmp0879,CC(c1nc(c2cc(c3o2)cc(OCc4c(CC(O)=O)cccc4)cc3)sc1)(C)C,1
mmp0880,COc1ccc(C(Nc2c(C#N)c(NCc3ccccc3)c(c4n2)cccc4)=O)cc1,1
mmp0881,CCc1c(OCC(O)=O)ccc(SCc2c(CN3CCN(c4ccc(OC)cc4)CC3)nc(c5ccc(C(F)(F)F)cc5)s2)c1,1
mmp0882,CCCCCCCCCCCCn1c[n+](C)cc1,1
mmp0883,CSC(N(Nc1ccccc1)C(=O)C2(c3ccccc3)C)=N2,1
mmp0884,Fc1c(C(c(c(c2CC3)N3C(=O)C4NC(c5[nH]c(c6c5)cccc6)=O)ccc2)=N4)cccc1,1
mmp0885,Cc1c(Nc2c(C(O)=O)cccn2)c(C)ccc1,1
mmp0886,CCN1CCC2(c(c3OC2)cc(c4c3)N(C(c5ccc(c6c(C)cc(c7nnc(C)o7)cc6)cc5)=O)CC4)CC1,1
mmp0887,Oc1cc(CC2C(Cc3cc(O)ccc3)C(=O)OC2)ccc1,1
mmp0888,CC1(C2C(C(C3(C)CC2)CCO3)(C)CCC1)C,1
mmp0889,CON=C(c1c(Oc2c(F)c(Oc3c(Cl)cccc3)ncn2)cccc1)C(OCCO4)=N4,1
mmp0890,Cc1c(NC(c2c(C(NC(CS(C)(=O)=O)(C)C)=O)c(I)ccc2)=O)ccc(C(C(F)(F)F)(C(F)(F)F)F)c1,1
mmp0891,COc1c(c2ccc1)C(=O)c(c3C2=O)c(O)c(c4c3O)C(OC5OC(C)C(OC6OCCCC6)C(N)C5)CC(C(CO)=O)(O)C4,1
mmp0892,CCCCCCCCn1c[n+](C)cc1,1
mmp0893,CC(c1c(N2C(=O)c(c3C2=O)cc(O)cc3)c(C(C)C)ccc1)C,1
mmp0894,OCC1C(O)C(O)C(O)C(C2c(c3C(=O)c(c24)c(O)ccc4)cc(CO)cc3O)O1,1
mmp0895,ClC(C(C(Cl)(Cl)C12Cl)(Cl)C(C13)COS(=O)OC3)=C2Cl,1
mmp0896,ClC(C(C(Cl)(Cl)C12Cl)(Cl)C(C13)C4CC3C(C45)O5)=C2Cl,1
mmp0897,Oc1cc(O)c(C(c2cc(O)c(O)cc2)=O)cc1,1
mmp0898,CC(C(c1ccc(OC(F)F)cc1)C(OC(c2cc(Oc3ccccc3)ccc2)C#N)=O)C,1
mmp0899,CCCC[n+]1ccc(C)cc1,1
mmp0900,Cc1c(C(F)(F)F)cc(c2c1)N(C(Nc3cnc(Oc4c(C)nccc4)cc3)=O)CC2,1
mmp0901,Oc1c(O)c(O)cc(C(Oc2c(O)c(O)cc(C(OCC3C(OC(c4cc(OC(c5cc(O)c(O)c(O)c5)=O)c(O)c(O)c4)=O)C(OC(c6cc(OC(c7cc(O)c(O)c(O)c7)=O)c(O)c(O)c6)=O)C(OC(c8cc(OC(c9cc(O)c(O)c(O)c9)=O)c(O)c(O)c8)=O)C(OC(c%10cc(OC(c%11cc(O)c(O)c(O)c%11)=O)c(O)c(O)c%10)=O)O3)=O)c2)=O)c1,1
mmp0902,COc1c(OC)c(c2cc1)c[n+](c3c2)CCc(c34)cc(OC)c(OC)c4,1
mmp0903,NC(N)=C1C=CC(=CC=C2C(=O)C=C(C(N)=N)C=C2)C=C1,1
mmp0904,CCCCCCCCCCCCCC[P+](CCCCCC)(CCCCCC)CCCCCC,1
mmp0905,COc1c(OCCNCC(COc2c(c3ccc2)c(c4[nH]3)cccc4)O)cccc1,1
mmp0906,CCCC[Sn](OC(C)=O)(OC(C)=O)CCCC,1
mmp0907,CCCC[Sn](O[Sn](CCCC)(CCCC)CCCC)(CCCC)CCCC,1
mmp0908,CC(O[Sn](c1ccccc1)(c2ccccc2)c3ccccc3)=O,1
mmp0909,CCCC[Sn](OC(C(C)=C)=O)(CCCC)CCCC,1
mmp0910,CCCC[Sn](OC(c1ccccc1)=O)(CCCC)CCCC,1
mmp0911,CC(O[Pb](c1ccccc1)(c2ccccc2)c3ccccc3)=O,1
mmp0912,CCCC[Sn](OC(C=C)=O)(CCCC)CCCC,1
mmp0913,CON=C1C(C)C(C(C)=CC(C)C)OC2(OC3CC(OC(=O)C(C(O)(C4OC5)C5=CC=CC(C)CC(C)=CC3)C=C(C)C4O)C2)C1,1
mmp0914,CN1S(=O)(=O)c(c2C(=O)C1C(Nc3ncccc3)=O)cc(Cl)s2,1
mmp0915,CCCCCCCCCCCCCCCCn1c[n+](C)cc1,1
mmp0916,COC(C(C(C(O)C)O)=O)C1C(OC2OC(C)C(O)C(OC3OC(C)C(O)C(OC4OC(C)C(OC(C)=O)C(O)(C)C4)C3)C2)C(=O)c(c5C1)c(O)c(c6c5)c(O)c(C)c(OC7OC(C)C(OC(O)=O)C(OC8OC(C)C(OC)C(O)C8)C7)c6,1
mmp0917,CC(Oc1c(CCl)cc([N+]([O-])=O)cc1)=O,1
mmp0918,CCCCCCCCCCn1c[n+](C)cc1,1
mmp0919,Clc1ccc(Nc2c(c3c(Cc4ccncc4)nn2)cccc3)cc1,1
mmp0920,CCCCCCCC[N+](CCCCCCCC)(CCCCCCCC)C,1
mmp0921,CC1(C2(Cl)C(Cl)C(C(Cl)(Cl)C2(Cl)Cl)(Cl)C1=C)C,1
mmp0922,CCC(C(C(CC(C(C(Cl)C)Cl)Cl)Cl)Cl)Cl,1
mmp0923,CCC(C1C(C)C=CC2(OC3CC(OC(=O)C(C(O)(C4OC5)C5=CC=CC(C)C(OC6OC(C)C(OC7OC(C)C(NC)C(OC)C7)C(OC)C6)C(C)=CC3)C=C(C)C4O)C2)O1)C,1
mmp0924,CCC(C(OC(C1(CCCCC1)OC2=O)=C2c3cc(Cl)cc(Cl)c3)=O)(C)C,1
mmp0925,CC(n1c(c2c(c3ccc(F)cc3)c1C=CC(CC(CC(O)=O)O)O)cccc2)C,1
mmp0926,CC(c1c(CCC(c2cc(C=Cc3nc(c4cc3)cc(Cl)cc4)ccc2)SCC5(CC5)CC(O)=O)cccc1)(O)C,1
mmp0927,CN(c1ccc(N=NS(O)(=O)=O)cc1)C,1
mmp0928,CCc1c(c2cc(C(c(c3S(=O)(=O)N4c5c(C(F)(F)F)cccc5)cccc3)=C4C(O)=O)c1)OCO2,1
mmp0929,OC(C(NC1=C(C(C2=CC1=O)=Nc(c3O2)cccc3)C4=O)=C4)=O,1
mmp0930,CC(CC(c1ccccc1)C(C(=O)Oc(c23)cccc2)=C3O)=O,1
mmp0931,CCCCCCC(CC=CCCCCCCCC(O)=O)O,1
mmp0932,CC1C(OC2OC(C)C(OC3OC(C)C(OC4C(O)C(O)C(O)C(CO)O4)C(OC(C)=O)C3)C(O)C2)C(O)CC(OC5CC6C(C7C(C(O)(C8(C)CC7)CC(O)C8C(COC9=O)=C9)CC6)(C)CC5)O1,1
mmp0933,FC(c1c(F)cccc1)COC2CCC(Nc3c(c4ncn3)cn[nH]4)CC2,1
mmp0934,CCC(c1ccccc1)NC(c2c(NS(c3c(c4ccc3)nccc4)(=O)=O)ccc(F)c2)=O,1
mmp0935,ClC(C(C(Cl)(Cl)C12Cl)(Cl)C(C13)C4CC3C=C4)=C2Cl,1
mmp0936,CCCCCCCCCCCCCCCCCCn1c[n+](C)cc1,1
mmp0937,NC1(c2ccc(c3c(c4ccccc4)cc(c5n3)C(N6C=C5)=NNC6=O)cc2)CCC1,1
mmp0938,COc1cc(c2cc1)ccc(S(NC(c3cc(c4cc3)OCO4)CC(NC(C(N(C(C)C)C)=O)Cc5ccc(CN6C(C)CCCC6C)cc5)=O)(=O)=O)c2,1
mmp0939,CCC(C1C(C)C=CC2(OC3CC(OC(=O)C(C(O)(C4OC5)C5=CC=CC(C)C(OC6OC(C)C(OC7OC(C)C(NC(C)=O)C(OC)C7)C(OC)C6)C(C)=CC3)C=C(C)C4O)C2)O1)C,1
mmp0940,CCOc1cc(n2c(c3ccc(C)cc3)nc(C(N4CCN(c5cc(c6c(C(O)=O)c5)cccc6)CC4)=O)c2)ccc1,1
mmp0941,COc1c(Cl)cc(Cl)c(Nc2c(c3ncc2C#N)cc(OC)c(OCCCN4CCN(C)CC4)c3)c1,1
mmp0942,CC=CC(Oc1c([N+]([O-])=O)cc([N+]([O-])=O)cc1CCCCCC(C)C)=O,1
mmp0943,Fc1cc(Cn2c(c3cc2C(Nc4cc(c5cc4)cc[nH]5)=O)ccc(F)c3)ccc1,1
mmp0944,CN1CC(c2ccc(F)cc2)N(Cc3cc(c4cc(c5cc4)OC(=O)N5)co3)CC1,1
mmp0945,OC(c(c1OC2=O)cccc1)=C2CC(C(=O)Oc(c34)cccc3)=C4O,1
mmp0946,CN1S(=O)(=O)c(c2C(O)=C1C(Nc3ncccc3)=O)cccc2,1
mmp0947,CC(CC(c1ccc([N+]([O-])=O)cc1)C(C(=O)Oc(c23)cccc2)=C3O)=O,1
mmp0948,CN1S(=O)(=O)c(c2C(O)=C1C(Nc3sc(C)cn3)=O)cccc2,1
mmp0949,CN1S(=O)(=O)c(c2C(O)=C1C(Nc3ncccc3)=O)ccs2,1
mmp0950,CN1S(=O)(=O)c(c2C(O)=C1C(Nc3noc(C)c3)=O)cccc2,1
mmp0951,OC(c(c1OC2=O)cccc1)=C2C3c(c4CCC3)cccc4,1
mmp0952,OC(c1ccc(c2ccc(Br)cc2)cc1)CC(c3ccccc3)C(C(=O)Oc(c45)cccc4)=C5O,1
mmp0953,CN(c1cc2c([n+](C)c(C=Cc3c(C)n(c4ccccc4)c(C)c3)cc2)cc1)C,1
mmp0954,CCCC1(OC(=O)C(C(c2cc(NS(c3ncc(C(F)(F)F)cc3)(=O)=O)ccc2)CC)=C(O)C1)CCc4ccccc4,1
mmp0955,CC(CC(c1ccc(Cl)cc1)C(C(=O)Oc(c23)cccc2)=C3O)=O,1
mmp0956,NC(N1c(c2C(=C(c3sccc3)O)C1=O)ccc(Cl)c2)=O,1
mmp0957,COc1cc(OC)c(C(c2cc(O)ccc2)=O)cc1,1
mmp0958,Cc1c(C(F)(F)F)cccc1Nc2c(C(O)=O)cccn2,1
mmp0959,CC(CC1C(=O)NC(Cc2ccccc2)C(=O)N(C3C(=O)NC(Cc4ccccc4)C(=O)NC(Cc5ccccc5)C(=O)NC(CC(O)=O)C(=O)NC(CCC(O)=O)C(=O)NC(Cc6ccc(O)cc6)C(=O)NC(C(C)C)C(=O)NC(CCCN)C(=O)N1)CCC3)C,1
mmp0960,Cc1ccc(C=C2C(=O)C(C(C)(C)C23)CC3)cc1,1
mmp0961,CC(CC(C)(C)C)CC(N(O)C(=O)C=C1C)=C1,1
mmp0962,CCN(C(c1c(C2(c(c3N(Cc4c(OC)cc(OC)cc4)C2=O)cc(Cl)cc3)C)c(Cl)ccc1)=O)Cc5cnccc5,1
mmp0963,ClC1C(Cl)C2C(C(C(Cl)(Cl)C23Cl)(Cl)C(Cl)=C3Cl)C1,1
mmp0964,ClC(C(C(Cl)(Cl)C12Cl)(Cl)C(C13)C4CC3C=C4)=C2Cl,1
mmp0965,COCCCCCCCCOCCC[Si](O[Si](C)(C)C)(O[Si](C)(C)C)C,1
mmp0966,O=C1c2c(cccc2)N=C(N13)c4c(c5c(cccc5)[nH]4)CC3,1
mmp0967,FC1(Oc2c(ccc(C=C3C(=O)NC(=O)S3)c2)O1)F,1
mmp0968,CCc1ccc(C=C2C(=O)NC(=S)S2)cc1,1
mmp0969,O=C1c2c(cc(Nc3ccccc3)c(Nc4ccccc4)c2)C(=O)N1,1
mmp0970,Clc1ccc(C([n+]2ccn(CC(c3ccc(Cl)cc3Cl)OCc4ccc(Cl)cc4Cl)c2)c5ccc(Cl)cc5)cc1,1
mmp0971,Cn1c(c2c(C(C(=O)NC3=O)=C3c4ccc(Cl)cc4Cl)c1)cccc2,1
mmp0972,CCCCCCCCCCCCCC(OC1C(OC(=O)C)(C2C(C3(O)C1C)C=C(CO)CC(O)(C34)C(=O)C(C)=C4)C2(C)C)=O,1
mmp0973,[i+]1c2c(cccc2)c(c13)cccc3,1
mmp0974,Oc1c(O)cc2c(CCCN(C(NCCc3ccc(Cl)cc3)=S)C2)c1,1
mmp0975,Oc1ccc(C=C(C(NCCc2ccccc2)=O)C#N)cc1O,1
mmp0976,NC(=NC(c1c(N)nc(N2CCCCCC2)c(Cl)n1)=O)N,1
mmp0977,[O-][N+](c1c2c(cccn2)c(N3CCN(C(c4ccc(Cl)cc4)=O)CC3)cc1)=O,1
mmp0978,Oc1ccc(C(F)(F)F)cc1N2c3c(cc(C(F)(F)F)cc3)NC2=O,1
mmp0979,OC(c1ccccc1Nc2cc(OCc3ccc(c4n3)cccc4)ccc2)=O,1
mmp0980,Clc1cc(c2oc(C=C(C(Nc3c4c(nccc4)ccc3)=O)C#N)cc2)c(Cl)cc1,1
mmp0981,Oc1c(Cl)cc(NC(C(=O)NC2=O)=C2c3ccccc3[N+](=O)[O-])cc1,1
mmp0982,CCCc1c(c2ccc(O)cc2)nn(c3ccc(O)cc3)c1c4ccc(O)cc4,1
mmp0983,OCc1oc(c2c(c3n(Cc4ccccc4)n2)cccc3)cc1,1
mmp0984,CCCC(NCCc1c(c2n3c1c4c(cccc4)CCC3)cc(OC)cc2)=O,1
mmp0985,OC(c1cc([N+](=O)[O-])ccc1NCCCc2ccccc2)=O,1
mmp0986,NC(c1sc(c2[n+]1[O-])c([N+](=O)[O-])cc(C#N)c2)=O,1
mmp0987,COC(C(C(c1c(C(F)(F)F)cccc1)C([N+](=O)[O-])=C(C)N2)=C2C)=O,1
mmp0988,O=C1C=Cc2c(cc(c3c2OCCCCc4ccccc4)occ3)O1,1
mmp0989,NC(C(=Cc1ccc(O)cc1)C#N)=C(C#N)C#N,1
mmp0990,CC(c1c(O)c(C(C)(C)C)cc(C=C(C(=S)N)C#N)c1)(C)C,1
mmp0991,NC(C(C#N)=Cc1cc(O)c(O)cc1)=S,1
mmp0992,O=C1C(=Cc2ccsc2)CCC1=Cc3sccc3,1
mmp0993,CN(c1ccc(C(=C2C=CC(=[N+](C)C)C=C2)c3ccccc3)cc1)C,1
mmp0994,CCCCCCCCCCCCCC[N+](Cc1ccccc1)(C)C,1
mmp0995,FC(c1c(Br)c(C#N)c(c2ccc(Cl)cc2)[nH]1)(F)F,1
mmp0996,CN(c1ccc(C(=C2C=CC(=[N+](C)C)C=C2)c3ccccc3)cc1)C,1
mmp0997,c1ccc(c2nc(c3[nH]2)cccc3)cc1,1
mmp0998,c1ccc([Sb](c2ccccc2)c3ccccc3)cc1,1
mmp0999,CSc1ccc(O)cc1C,1
mmp1000,Cc1ccc(S(C(I)I)(=O)=O)cc1,1
mmp1001,Cc1ccc(N=Nc2c(c3ccc2O)cccc3)c(C)c1,1
mmp1002,CCOc1ccc(C=CC)cc1O,1
mmp1003,Nc1ccc(N)cc1,1
mmp1004,Cl[Sn](c1ccccc1)(c2ccccc2)c3ccccc3,1
mmp1005,COc1c(OC)cc(c2c1)c(Nc3cc(Cl)ccc3)ncn2,1
mmp1006,COc1ccc(OC)c(N=Nc2c(c3ccc2O)cccc3)c1,1
mmp1007,COC(N(c1ccc(OC(F)(F)F)cc1)C(N2N=C(C3(C(OC)=O)OC2)c4c(cc(Cl)cc4)C3)=O)=O,1
mmp1008,Oc1c(I)cc(I)cc1I,1
mmp1009,Nc1ccc([N+](=O)[O-])cc1C#N,1
mmp1010,Nc1cc([N+](=O)[O-])cc(Cl)c1O,1
mmp1011,Nc1cc([N+](=O)[O-])ccc1Cl,1
mmp1012,Nc1ccc([N+](=O)[O-])cc1Cl,1
mmp1013,Nc1cccnc1N,1
mmp1014,Nc1ccc(Cl)c([N+](=O)[O-])c1,1
mmp1015,[O-][N+](c1ccc([N+](=O)[O-])cc1)=O,1
mmp1016,CCCCNc1ccc(NCCCC)c(c12)C(=O)c3c(cccc3)C2=O,1
mmp1017,Nc1c(Oc2ccccc2)cc(O)c(c13)C(=O)c4c(cccc4)C3=O,1
mmp1018,Clc1cccc(c12)C(=O)c3c(cccc3)C2=O,1
mmp1019,CC1(C(=O)CC2)C2C3C(C(C)(C4CC3)CCC(O)C4)CC1,1
mmp1020,Cc1cc(C)c(C(P(c2ccccc2)(c3ccccc3)=O)=O)c(C)c1,1
mmp1021,OC(C1(CC1)Cl)(Cc2ccccc2Cl)Cn3ncnc3,1
mmp1022,Oc1cc(c2cc1O)cccc2,1
mmp1023,CC(c1c(cc(O)cc1)OC2=O)=C2Cl,1
mmp1024,CC(Nc1ccc(N=Nc2cc(C)ccc2O)cc1)=O,1
mmp1025,Oc1c(c2ccc1)cccc2O,1
mmp1026,c1c(CSc2c3c(n(C4C(O)C(O)C(CO)O4)cn3)nc(N)n2)ccc([N+](=O)[O-])c1,1
mmp1027,Oc1c(c2oc(C=C3C(=O)NC(=O)S3)cc2)ccc(F)c1,1
mmp1028,O=C1c(nc2c(cccc2)n3)c3NC(=O)N1,1
mmp1029,OCC(Cc1cc(C(C)(C)C)c(O)c(C(C)(C)C)c1)(C)C,1
mmp1030,CC(c1c(O)c(C(C)(C)C)cc(CC(C=O)(C)C)c1)(C)C,1
mmp1031,c1c(CC(NC(OCc2ccccc2)=O)C(CCl)=O)cccc1,1
mmp1032,[nH]1c(C(C(C2OC3(OC(Cc4oc5c(c(C(=O)O)c(NC)cc5)n4)C(C)CC3)C(C)CC2C)C)=O)ccc1,1
mmp1033,O=C1OCC(C2C(CC(O)C3C4CCC5(O)C3(C(O)CC(OC6C(O)C(O)C(O)C(C)O6)C5)CO)(C)C4(O)CC2)C1,1
mmp1034,Fc1ccc(c2nc(c3ccc([N+](=O)[O-])cc3)[nH]c2c4ccncc4)cc1,1
mmp1035,Nc1c(c(c2ccc(Oc3ccccc3)cc2)cn4C5CCCC5)c4ncn1,1
mmp1036,Oc1c(c2c(c3cc(O)c2)C(N(CCC)CC3)C4)c4ccc1O,1
mmp1037,Oc1c(Br)cc(C=C2c3c(ccc(I)c3)NC2=O)cc1Br,1
mmp1038,c1c(C(Nc2[nH]c3c(cccc3)n2)CCC4)c4ccc1,1
mmp1039,CCOC(N1CCN([N+](=NOc2ccc([N+](=O)[O-])cc2[N+](=O)[O-])[O-])CC1)=O,1
mmp1040,c1c(C(NC(c2cc(c3ccccc3)nc(cccc4)c24)=O)C(OC)=O)cccc1,1
mmp1041,OCCSC1=C(C(c2c(cccc2)C1=O)=O)SCCO,1
mmp1042,CC(c1c(CC(CCN(CCCc2[nH]c3c(cccc3)n2)C)(OC(C4CC4)=O)CC5)c5cc(F)c1)C,1
mmp1043,c1c(C(C=Cc2ccc(O)cc2)=O)c(O)cc(O)c1,1
mmp1044,C1C(C(=O)C(=O)c2c3cccc2)=C3OC(C)(C)C1,1
mmp1045,Oc1c(C(=O)C(O)=C(c2cc(O)c(O)c(O)c2)O3)c3cc(O)c1,1
mmp1046,c1c(C2(CCN(Cc3c4c(cccc4)[nH]c3)CC2)O)ccc(Cl)c1,1
mmp1047,c1c(I)c(CNC2C(C(c3ccccc3)c4ccccc4)N5CCC2CC5)ccc1,1
mmp1048,OCC1C(O)C(O)C(n2c3c(c(SCc4ccc([N+](=O)[O-])cc4)ncn3)nc2)O1,1
mmp1049,c1c2c(C(C3(O)C4C2)(CCN4CC5CC5)C(O6)c(oc7c8cccc7)c8C3)c6c(O)c1,1
mmp1050,O=C1SC(=Cc2cc3c(nccn3)cc2)C(=O)N1,1
mmp1051,CN(S(c1cc2c(NC(=O)C2=Cc3[nH]c4c(CCCC4)c3)cc1)(=O)=O)C,1
mmp1052,COc1cc(OC)c(C=C2c3c(cccc3)NC2=O)c(OC)c1,1
mmp1053,Oc1c(O)cc(C(c2c(F)cccc2)=O)cc1[N+](=O)[O-],1
mmp1054,[O-][N+](c1cc2c(C=CS2(=O)=O)cc1)=O,1
mmp1055,[O-][N+](c1cc(C(Nc2n(CCN3CCOCC3)c4c(cccc4)n2)=O)ccc1)=O,1
mmp1056,CCCCCCCCC=CCCCCCCCC(NCCc1cc(O)c(O)cc1)=O,1
mmp1057,CN(c1ccc(C=C2c3c(cccc3)NC2=O)cc1)C,1
mmp1058,Oc1ccc(C=C(C(Nc2ccccc2)=O)C#N)cc1O,1
mmp1059,Cc1ccc(O)c(N=Nc2ccccc2)n1,1
mmp1060,c1c(C(NC(C(=Cc2ccc(O)c(O)c2)C#N)=O)C)cccc1,1
mmp1061,N#CC1(C(CCC2C3CCC(=C4)C2(Cc5c4nc6n(c7c(cccc7)n6)c5)C)(C)C3CC1)O,1
mmp1062,Oc1ccc(C=C(C(c2ccc(O)c(O)c2)=O)C#N)cc1O,1
mmp1063,c1c(ccc(O)c2SSc3c(cccc4)c4ccc3O)c2ccc1,1
mmp1064,ClCCCl,0
mmp1065,Clc1cc(Cl)c(Cl)cc1,0
mmp1066,ClCC=O,0
mmp1067,OCCCl,0
mmp1068,OC(CCC(C(O)=O)=O)=O,0
mmp1069,OC(c1cc(O)c(O)cc1)=O,0
mmp1070,N#Cc1cnccc1,0
mmp1071,OC(CCc1ccccc1)=O,0
mmp1072,NCCCC(O)=O,0
mmp1073,OC(c1ccc(O)cc1)=O,0
mmp1074,OCCO,0
mmp1075,CC(N)=O,0
mmp1076,CC(C(C)=O)O,0
mmp1077,CC(C)=O,0
mmp1078,OC(CCCCC(O)=O)=O,0
mmp1079,NC(NC1C(=O)NC(=O)N1)=O,0
mmp1080,Nc1c(C(O)=O)cccc1,0
mmp1081,O=Cc1ccccc1,0
mmp1082,OC(c1ccccc1)=O,0
mmp1083,OCc1ccccc1,0
mmp1084,C[N+](CC(O)=O)(C)C,0
mmp1085,CCCC=O,0
mmp1086,CC(C(O)C)O,0
mmp1087,CCCCO,0
mmp1088,Oc1c(O)cccc1,0
mmp1089,O=CC=Cc1ccccc1,0
mmp1090,OCC=Cc1ccccc1,0
mmp1091,OC(CC(C(O)=O)(CC(O)=O)O)=O,0
mmp1092,O=C1C=Cc(c2O1)cccc2,0
mmp1093,CC(c1ccc(CO)cc1)C,0
mmp1094,CC(c1ccc(C=O)cc1)C,0
mmp1095,Cc1c(O)cccc1,0
mmp1096,Cc1cc(O)ccc1,0
mmp1097,CCCCCCCC,0
mmp1098,OC(c1cc(O)c(O)c(O)c1)=O,0
mmp1099,CCCCCCCC(O)=O,0
mmp1100,OC(CCCCCC(O)=O)=O,0
mmp1101,CC([N+]([O-])=O)C,0
mmp1102,CCCCCCCC=O,0
mmp1103,COc1c(O)cccc1,0
mmp1104,OC(CNC(c1ccccc1)=O)=O,0
mmp1105,CCC=O,0
mmp1106,[O-][N+](c1ccc(C=O)cc1)=O,0
mmp1107,OC(CP(O)(O)=O)=O,0
mmp1108,NCCCCCC(O)=O,0
mmp1109,o1c(c2c(c13)cccc3)cccc2,0
mmp1110,CN1C(N)=NC(=O)C1,0
mmp1111,NC(C(O)=O)CS,0
mmp1112,NC(NC(=O)N=C1)=C1,0
mmp1113,CC(C(O)=O)O,0
mmp1114,OC(C1NCCC1)=O,0
mmp1115,CC(C(C)=O)=O,0
mmp1116,O=C1Oc(c2CC1)cccc2,0
mmp1117,NCCO,0
mmp1118,CCOC(C(C(C)=O)C)=O,0
mmp1119,NC=O,0
mmp1120,OC(CCCC(O)=O)=O,0
mmp1121,NCC(O)=O,0
mmp1122,OCC(CO)O,0
mmp1123,NCCc1[nH]cnc1,0
mmp1124,Oc1ccc(O)cc1,0
mmp1125,O=C1c(c2NC=N1)[nH]cn2,0
mmp1126,CCC(C(C(O)=O)N)C,0
mmp1127,c1nc[nH]c1,0
mmp1128,c1cc(c2cc1)cc[nH]2,0
mmp1129,OC(Cc1c(c2[nH]c1)cccc2)=O,0
mmp1130,OC(CC(C(O)=O)=C)=O,0
mmp1131,OC(CCCCC1SSCC1)=O,0
mmp1132,OC(CC(O)=O)=O,0
mmp1133,CSCCC(C(O)=O)N,0
mmp1134,CO,0
mmp1135,OC1C(O)C(O)C(O)C(O)C1O,0
mmp1136,COc1cc(c2cc1)c(CCNC(C)=O)c[nH]2,0
mmp1137,CC(Nc1ccccc1)=O,0
mmp1138,c1cc(c2cc1)cccc2,0
mmp1139,NC(c1cnccc1)=O,0
mmp1140,OC(c1cnccc1)=O,0
mmp1141,CN(c1ccccc1)C,0
mmp1142,CCCCCCCCO,0
mmp1143,OC(C(NC(=O)NC1=O)=C1)=O,0
mmp1144,OC(CC(C(O)=O)=O)=O,0
mmp1145,OC(C(O)=O)=O,0
mmp1146,Nc1ccc(C(O)=O)cc1,0
mmp1147,CCCCCCCCCCCCCCCC(O)=O,0
mmp1148,NC(C(O)=O)Cc1ccccc1,0
mmp1149,c1cc2c(c(c3cc2)cccc3)cc1,0
mmp1150,Oc1ccccc1,0
mmp1151,OC(Cc1ccccc1)=O,0
mmp1152,OP(O)(O)=O,0
mmp1153,OC(c1c(C(O)=O)cccc1)=O,0
mmp1154,CC(CO)O,0
mmp1155,CCCO,0
mmp1156,NC(c1nccnc1)=O,0
mmp1157,Cc1c(O)c(C=O)c(CO)cn1,0
mmp1158,Cc1c(O)c(CN)c(COP(O)(O)=O)cn1,0
mmp1159,Cc1c(O)c(CO)c(CO)cn1,0
mmp1160,CC(C(O)=O)=O,0
mmp1161,OC(c1c(C(O)=O)nccc1)=O,0
mmp1162,NC(C(O)=O)CSCC(O)=O,0
mmp1163,OC(CCC(O)=O)=O,0
mmp1164,OC(CS)=O,0
mmp1165,Cc1ccccc1,0
mmp1166,O=C1NC(=O)C=CN1,0
mmp1167,NC(N)=O,0
mmp1168,CC(C1C(O)CC(C)CC1)C,0
mmp1169,c1cc2c(c(c3cc2)nccc3)nc1,0
mmp1170,CCC(N(C(c1nc(c2c(Cl)cccc2)c(c3c1)cccc3)=O)C)C,0
mmp1171,FC(c1c(n2cncc2)cccc1)(F)F,0
mmp1172,c1cnc(c2ncccc2)cc1,0
mmp1173,COC(COc1c(Cl)cc(Cl)cc1)=O,0
mmp1174,OC(c1c(O)cc(O)cc1)=O,0
mmp1175,Cc1cc(N)ncc1,0
mmp1176,Nc1[nH]ncn1,0
mmp1177,COCCCN,0
mmp1178,CCCN1c(c2C(=O)NC1=O)nc[nH]2,0
mmp1179,OC(CC[N+]([O-])=O)=O,0
mmp1180,Nc1ccncc1,0
mmp1181,O=C1NC(c2ccccc2)(c3ccccc3)C(=O)N1,0
mmp1182,CN1C(=O)c(c2N(C)C1=O)n(CCO)cn2,0
mmp1183,Oc1c(c2ccc1)nccc2,0
mmp1184,Nc1c(c2nc(c13)CCCC3)cccc2,0
mmp1185,CC(Nc1ccc(O)cc1)=O,0
mmp1186,CC(Nc1c(O)ccc([As](O)(O)=O)c1)=O,0
mmp1187,CC(Nc1sc(S(N)(=O)=O)nn1)=O,0
mmp1188,CC(c1ccc(S(NC(NC2CCCCC2)=O)(=O)=O)cc1)=O,0
mmp1189,CC(NO)=O,0
mmp1190,CCC(c1ccccc1)C(NC(NC(C)=O)=O)=O,0
mmp1191,CC(NC(C(O)=O)Cc1ccccc1)=O,0
mmp1192,CC(NCCCCCC(O)=O)=O,0
mmp1193,OC(C(Nc1cc(c2n[nH]nn2)ccc1)=O)=O,0
mmp1194,CC(Nc1ccc(CC(O)=O)cc1)=O,0
mmp1195,NC(Nc(c1C2=O)n(COCCO)cn1)=N2,0
mmp1196,Cc1c(N2C(=O)c(c3N=C2CF)cc(N)cc3)cccc1,0
mmp1197,NC(c1c(Cl)cc([N+]([O-])=O)cc1)=O,0
mmp1198,CC(NCC(c1cc(CO)c(O)cc1)O)(C)C,0
mmp1199,CNC(ON=CC(SC)(C)C)=O,0
mmp1200,O=C1C(C2=NC=N1)=CNN2,0
mmp1201,Cc1n(c2nn1)c(c3C(c4ccccc4)=NC2)ccc(Cl)c3,0
mmp1202,OC(CN1C(=O)c(c(c2ccc3)c3C1=O)ccc2)=O,0
mmp1203,NS(c1c(Cl)cc2c(S(=O)(=O)NC(CSCC=C)N2)c1)(=O)=O,0
mmp1204,CN(c1nc(N(C)C)nc(N(C)C)n1)C,0
mmp1205,NC1(CC2C3)CC(CC3C1)C2,0
mmp1206,NCCCNCCSP(O)(O)=O,0
mmp1207,CCC1(c2ccc(N)cc2)C(=O)NC(=O)CC1,0
mmp1208,Nc1ccc(C(NCC(O)=O)=O)cc1,0
mmp1209,NCC(CC(O)=O)O,0
mmp1210,CN1C(C)=C(N)C(=O)N1c2ccccc2,0
mmp1211,CN1C(=O)c(c2N(C)C1=O)[nH]cn2,0
mmp1212,Nc1sccn1,0
mmp1213,CCN1C(CNC(c2c(OC)cc(N)c(S(CC)(=O)=O)c2)=O)CCC1,0
mmp1214,CCC1(C(=O)NC(=O)NC1=O)CCC(C)C,0
mmp1215,CC(c1cc(C(C#N)(C)C)cc(Cn2ncnc2)c1)(C#N)C,0
mmp1216,COc1ccc(C(N2C(=O)CCC2)=O)cc1,0
mmp1217,COc1ccc(C2C(=O)c(c3C2=O)cccc3)cc1,0
mmp1218,OC(c1c(c2cc(c13)cccc3)cccc2)=O,0
mmp1219,CN1C(C)=CC(=O)N1c2ccccc2,0
mmp1220,COC(C(CN(C)CC1)=C1)=O,0
mmp1221,CC(Oc1c(C(O)=O)cccc1)=O,0
mmp1222,CCNc1nc(NC(C)C)nc(Cl)n1,0
mmp1223,CN1c2c(c(C(NC3C(CCN4C3)CC4)=O)cc(Cl)c2)OCC1=O,0
mmp1224,OC(CCCCCCCC(O)=O)=O,0
mmp1225,COP(SCN1C(=O)c(c2N=N1)cccc2)(OC)=S,0
mmp1226,c1ccc(N=Nc2ccccc2)cc1,0
mmp1227,NCC(c1ccc(Cl)cc1)CC(O)=O,0
mmp1228,CCCCNCC(c1ccc(O)cc1)O,0
mmp1229,CCC1(C(=O)NC(=O)NC1=O)CC,0
mmp1230,CCC1(CC(=O)NC(=O)C1)C,0
mmp1231,CNC(Oc1c(c2ccc1)OC(C)(C)O2)=O,0
mmp1232,NS(c1c(C(F)(F)F)cc2c(S(=O)(=O)NC(Cc3ccccc3)N2)c1)(=O)=O,0
mmp1233,CC(N(C=O)Cc1c(N)nc(C)nc1)=C(SC(c2ccccc2)=O)CCOP(O)(O)=O,0
mmp1234,NC(c1ccccc1)=O,0
mmp1235,CCOC(c1ccc(N)cc1)=O,0
mmp1236,O=C(c1ccccc1)OCc2ccccc2,0
mmp1237,CCCCOC(c1c(C(OCc2ccccc2)=O)cccc1)=O,0
mmp1238,COc1c(c2cc(c13)OC(=O)C=C3)cco2,0
mmp1239,O=C1OCC1,0
mmp1240,CC(NCC(COc1ccc(CCOCC2CC2)cc1)O)C,0
mmp1241,c1ccc(C(n2cncc2)c3ccc(c4ccccc4)cc3)cc1,0
mmp1242,CCN(CCNC(c1c(OC)cc(N)c(Br)c1)=O)CC,0
mmp1243,CC(C(C(NC(N)=O)=O)Br)C,0
mmp1244,OC1(c2ccc(Br)cc2)CCN(CCCC(c3ccc(F)cc3)=O)CC1,0
mmp1245,CC(C(=O)C(C)=C(C(c1ccccc1)CCCCCC(O)=O)C2=O)=C2C,0
mmp1246,OCC([N+]([O-])=O)(CO)Br,0
mmp1247,CCCCC1C(=O)N(C2CCCCC2)C(=O)NC1=O,0
mmp1248,CCCCOc1ccc(CC(NO)=O)cc1,0
mmp1249,CCCCN=C(N=C(N)N)N,0
mmp1250,CCCCNc1c(Oc2ccccc2)c(S(N)(=O)=O)cc(C(O)=O)c1,0
mmp1251,O=C1N(CCCCN2CCN(c3ncccn3)CC2)C(=O)CC4(CCCC4)C1,0
mmp1252,CS(OCCCCOS(C)(=O)=O)(=O)=O,0
mmp1253,CCCCOC(c1ccc(N)cc1)=O,0
mmp1254,C[As](O)(C)=O,0
mmp1255,CCOC(NNc1nnc(N(CC(O)C)CC)cc1)=O,0
mmp1256,OC(C=Cc1cc(O)c(O)cc1)=O,0
mmp1257,CC(C1(C)CC2)(C2CC1=O)C,0
mmp1258,NC(N1c(c2C=Cc(c13)cccc3)cccc2)=O,0
mmp1259,CNC(Oc1c(c2ccc1)OC(C)(C)C2)=O,0
mmp1260,CCCC(COC(NC(C)C)=O)(COC(N)=O)C,0
mmp1261,ClCCNC(N(N=O)CCCl)=O,0
mmp1262,CC(c1cc2c(c(c3[nH]2)cc(Cl)cc3)cc1)C(O)=O,0
mmp1263,CCCCCCCCCCCCCCCCO,0
mmp1264,OC(C(Cl)(Cl)Cl)O,0
mmp1265,OC(CCCc1ccc(N(CCCl)CCCl)cc1)=O,0
mmp1266,CN=C1N=C(C2=C(c3ccccc3)N(O)C1)C=CC(Cl)=C2,0
mmp1267,CN1C(=O)CCS(=O)(=O)C1c2ccc(Cl)cc2,0
mmp1268,NS(c1c(Cl)cc2c(S(=O)(=O)N=CN2)c1)(=O)=O,0
mmp1269,NC(OCC(COc1ccc(Cl)cc1)O)=O,0
mmp1270,CCCNC(NS(c1ccc(Cl)cc1)(=O)=O)=O,0
mmp1271,OC(C(Oc(c1C2=O)cccc1)=C2)=O,0
mmp1272,CN(C(CCCOc1cc(c2cc1)C=CC(=O)N2)=O)C3CCCCC3,0
mmp1273,O=C1Nc(c2CC1)ccc(OCCCCc3n(C4CCCCC4)nnn3)c2,0
mmp1274,CC(NCC(c1cc(C#N)c(N)cc1)O)C,0
mmp1275,CN=C(NC#N)NCCSCc1c(C)[nH]cn1,0
mmp1276,CC1(OC(C)(C)C2CC1)CC2,0
mmp1277,CC(C(O)=O)(Oc1ccc(C2C(Cl)(Cl)C2)cc1)C,0
mmp1278,C(C(NCC1)=N1)Oc2c(C3CC3)cccc2,0
mmp1279,CCC(C(O)=O)(Oc1ccc(C2(c3ccc(OC(C(O)=O)(CC)C)cc3)CCCCC2)cc1)C,0
mmp1280,CN1c(c2N(c3ccccc3)C(=O)CC1=O)ccc(Cl)c2,0
mmp1281,CN(CCC(c1c(Cl)cccc1)(c2ccccc2)O)C,0
mmp1282,CCOC(C(Oc1ccc(Cl)cc1)(C)C)=O,0
mmp1283,CC(C(O)=O)(Oc1ccc(Cl)cc1)C,0
mmp1284,Clc1c(NC(NCC2)=N2)c(Cl)ccc1,0
mmp1285,CC1N(NC(c2cc(S(N)(=O)=O)c(Cl)cc2)=O)C(C)CCC1,0
mmp1286,Cc1ccc(O)cc1,0
mmp1287,CCN(c1c(C)cccc1)C(C=CC)=O,0
mmp1288,CC(Oc1ccc(C(c2ccc(OC(C)=O)cc2)=C3CCCCC3)cc1)=O,0
mmp1289,NS(c1c(Cl)cc2c(S(=O)(=O)NC(CC3CCCC3)N2)c1)(=O)=O,0
mmp1290,NS(c1c(Cl)cc2c(S(=O)(=O)NC(C3C4CC(C=C4)C3)N2)c1)(=O)=O,0
mmp1291,CC1(C(C(OC(c2cc(Oc3ccccc3)ccc2)C#N)=O)C1C=C(Cl)Cl)C,0
mmp1292,COC(c1c(Cl)c(Cl)c(C(OC)=O)c(Cl)c1Cl)=O,0
mmp1293,NC(NC(N)=NC1=O)=C1,0
mmp1294,Nc1ccc(S(c2ccc(N)cc2)(=O)=O)cc1,0
mmp1295,CCCCCCCCCC(O)=O,0
mmp1296,CN1C(C)=C(O)C(=O)C=C1,0
mmp1297,Clc1cc(c2cc1)C(c3ccccc3)=NCC(=O)N2,0
mmp1298,CCCCCCCCC(NCc1cc(OC)c(O)cc1)=O,0
mmp1299,CN1c(c2C(c3ccccc3)=NCC1=O)ccc(Cl)c2,0
mmp1300,CCOP(Oc1nc(C(C)C)nc(C)c1)(OCC)=S,0
mmp1301,CC(Nc(c1S2(=O)=O)ccc(Cl)c1)=N2,0
mmp1302,BrCBr,0
mmp1303,CCCCOC(c1c(C(OCCCC)=O)cccc1)=O,0
mmp1304,COc1c(C(O)=O)c(Cl)ccc1Cl,0
mmp1305,Clc1c(C#N)c(Cl)ccc1,0
mmp1306,NS(c1cc(S(N)(=O)=O)c(Cl)c(Cl)c1)(=O)=O,0
mmp1307,COP(OC=C(Cl)Cl)(OC)=O,0
mmp1308,OC(CN(CCN(CC(O)=O)CC(O)=O)CCN(CC(O)=O)CC(O)=O)=O,0
mmp1309,CC(OP(OC(C)C)(C)=O)C,0
mmp1310,OCC(CS)S,0
mmp1311,CC1(C(=O)NC(=O)O1)C,0
mmp1312,CNC(CSP(OC)(OC)=S)=O,0
mmp1313,Cc1n(C)c([N+]([O-])=O)cn1,0
mmp1314,O=C(c1ccccc1)c2ccccc2,0
mmp1315,CC(N(C(C)C)CCC(c1ncccc1)(c2ccccc2)C(N)=O)C,0
mmp1316,Cn1c(C(NCCC(N)=N)=O)cc(NC(c2n(C)cc(NC(c3n(C)cc(NC=O)c3)=O)c2)=O)c1,0
mmp1317,CCOP(SCCSCC)(OCC)=S,0
mmp1318,Clc1cc(c2cc1)NC(=O)N2C3CCN(CCCN4c(c5NC4=O)cccc5)CC3,0
mmp1319,Fc1ccc(C(CCCN2CC=C(N3c(c4NC3=O)cccc4)CC2)=O)cc1,0
mmp1320,OCC(CN1CCN(c2ccccc2)CC1)O,0
mmp1321,CN1C(=O)c(c2N(C)C1=O)n(CC(CO)O)cn2,0
mmp1322,FC(OC(C(Cl)F)(F)F)F,0
mmp1323,CCN1c(c2C(=O)C(C(O)=O)=C1)nc(N3CCNCC3)c(F)c2,0
mmp1324,COc1nc(n2c(OC)cc(C)n2)nc(C)c1,0
mmp1325,Clc1cc2c(n(c3CN=C2c4ccccc4)cnn3)cc1,0
mmp1326,CCC(C(c1c(Cl)c(Cl)c(OCC(O)=O)cc1)=O)=C,0
mmp1327,CCOc1c(C(N)=O)cccc1,0
mmp1328,CCCSP(SCCC)(OCC)=O,0
mmp1329,CCC1(C(=O)NC(=O)C1)C,0
mmp1330,CCOc1cc(c2cc1)C(C)=CC(C)(C)N2,0
mmp1331,CCOc1cc(c2cc1)sc(S(N)(=O)=O)n2,0
mmp1332,CCOC(c1ccc(NC(CN2CCCCC2)=O)cc1)=O,0
mmp1333,CCc1c(c2ccc1)[nH]c(c23)C(CC(O)=O)(CC)OCC3,0
mmp1334,CCN1C(=O)c(c2C1Nc3ccc(OCCN4CCCCC4)cc3)cccc2,0
mmp1335,COc1c(O)ccc(CC=C)c1,0
mmp1336,CC(OCC(COC(C)=O)CCn1c(c2nc1)nc(N)nc2)=O,0
mmp1337,NC(N)=Nc1scc(CSCCC(N)=NS(N)(=O)=O)n1,0
mmp1338,CC(C(C(=O)N(c1ccccc1)N2C)=C2CN(C(Cc3ccccc3)C)C)C,0
mmp1339,NC(OCC(c1ccccc1)COC(N)=O)=O,0
mmp1340,OC(Cc1ccc(c2ccccc2)cc1)=O,0
mmp1341,CCCCC(c1ccccc1)O,0
mmp1342,CC(OC(C(Oc1ccc(C(c2ccc(Cl)cc2)=O)cc1)(C)C)=O)C,0
mmp1343,Oc1ccc(C2c(c3CCNC2)cc(O)c(O)c3Cl)cc1,0
mmp1344,CCC(N(c1ccccc1)C2CCN(CCc3ccccc3)CC2)=O,0
mmp1345,FC(COc1cc(C(NCC2NCCCC2)=O)c(OCC(F)(F)F)cc1)(F)F,0
mmp1346,CN1CCN(c2c(F)c(c3cc2F)N(CCF)C=C(C(O)=O)C3=O)CC1,0
mmp1347,OC(c1c(F)cc(F)cc1)(Cn2ncnc2)Cn3ncnc3,0
mmp1348,NC(NC(=O)N=C1)=C1F,0
mmp1349,CCOC(c1c2n(c(c3C(=O)N(C)C2)ccc(F)c3)cn1)=O,0
mmp1350,CC(OC(C(c1cc(F)c(c2ccccc2)cc1)C)=O)OC(C)=O,0
mmp1351,OC(c1c(OP(O)(O)=O)cccc1)=O,0
mmp1352,CN1C(=O)c(c2N(Cc3ccco3)C1=O)[nH]c(C)n2,0
mmp1353,NS(c1c(Cl)cc(NCc2ccco2)c(C(O)=O)c1)(=O)=O,0
mmp1354,CCCCc1cnc(C(O)=O)cc1,0
mmp1355,NCC1(CCCCC1)CC(O)=O,0
mmp1356,O=C1C2=C(CNCC2)ON1,0
mmp1357,NC(Nc(c1C2=O)n(COC(CO)CO)cn1)=N2,0
mmp1358,Cc1ncc(C(NCCc2ccc(S(NC(NC3CCCCC3)=O)(=O)=O)cc2)=O)nc1,0
mmp1359,O=CCCCC=O,0
mmp1360,CCC1(c2ccccc2)C(=O)NC(=O)CC1,0
mmp1361,CC(c1cc(c2c(C)cc1)c(C)cc2)C,0
mmp1362,COc1c(OCC(CO)O)cccc1,0
mmp1363,NC(N)=NN=Cc1c(Cl)cccc1Cl,0
mmp1364,OC(c1ccc(S(N(Cl)Cl)(=O)=O)cc1)=O,0
mmp1365,FC(C(Br)Cl)(F)F,0
mmp1366,CCCCC(CN1CC(N)(C)CN(CC(CCCC)CC)C1)CC,0
mmp1367,CN1C(=O)C(C(CCCC2)=C2)(C)C(=O)NC1=O,0
mmp1368,NS(c1c(Cl)cc2c(S(=O)(=O)NCN2)c1)(=O)=O,0
mmp1369,NS(c1c(C(F)(F)F)cc2c(S(=O)(=O)NCN2)c1)(=O)=O,0
mmp1370,NC(NO)=O,0
mmp1371,CC(C(c1c(n2nc1C(C)C)cccc2)=O)C,0
mmp1372,CCN(CC(Nc1c(C)cccc1C)=O)CC,0
mmp1373,CCCCCCCCCCCCCCCCCCOCC(CO)O,0
mmp1374,ClCCNP1(N(CCCl)CCCO1)=O,0
mmp1375,NC(C(=O)NC=C1c2ccncc2)=C1,0
mmp1376,CC1N(NC(c2cc(S(N)(=O)=O)c(Cl)cc2)=O)c(c3C1)cccc3,0
mmp1377,CC(c1ccc(N2C(=O)c(c3C2)cccc3)cc1)C(O)=O,0
mmp1378,CC(NCc1c(I)c(C(O)=O)c(I)c(NC(C)=O)c1I)=O,0
mmp1379,CC(N(c1c(I)c(C(NCC(CO)O)=O)c(I)c(C(NCC(CO)O)=O)c1I)CC(CN(c2c(I)c(C(NCC(CO)O)=O)c(I)c(C(NCC(CO)O)=O)c2I)C(C)=O)O)=O,0
mmp1380,NC(CI)=O,0
mmp1381,Oc1c(c2c(I)cc1I)nccc2,0
mmp1382,CN(c1c(I)c(C(NCC(CO)O)=O)c(I)c(C(NCC(CO)O)=O)c1I)C(CO)=O,0
mmp1383,CCC(C(O)=O)Cc1c(I)c(N)c(I)cc1I,0
mmp1384,OC(c1c(I)c(NC(CCCCC(Nc2c(I)c(C(O)=O)c(I)cc2I)=O)=O)c(I)cc1I)=O,0
mmp1385,OC(c1c(I)c(NC(COCCOCCOCC(Nc2c(I)c(C(O)=O)c(I)cc2I)=O)=O)c(I)cc1I)=O,0
mmp1386,OCCN(c1c(I)c(C(NCC(CO)O)=O)c(I)c(C(NCC(CO)O)=O)c1I)C(CO)=O,0
mmp1387,CNC(c1c(I)c(C(NCC(Nc2c(I)c(C(NCCO)=O)c(I)c(C(O)=O)c2I)=O)=O)c(I)c(N(C(C)=O)C)c1I)=O,0
mmp1388,CC(N(c1c(I)c(C(NCC(CO)O)=O)c(I)c(C(NCCO)=O)c1I)CC(CO)O)=O,0
mmp1389,Cc1cc(C(NNCc2ccccc2)=O)no1,0
mmp1390,Clc1cc(Cl)c(C(OCc2c(Cl)cccc2Cl)Cn3cncc3)cc1,0
mmp1391,FC(OC(C(F)(F)F)Cl)F,0
mmp1392,NNC(c1ccncc1)=O,0
mmp1393,CC([N+](C(C)C)(CCC(c1ccccc1)(c2ccccc2)C(N)=O)C)C,0
mmp1394,CC(O)C,0
mmp1395,CC(NCC(c1cc(O)c(O)cc1)O)C,0
mmp1396,COC(C(C(c1c(c2ccc1)non2)C(C(OC(C)C)=O)=C(C)N3)=C3C)=O,0
mmp1397,CNC1(c2c(Cl)cccc2)C(=O)CCCC1,0
mmp1398,Fc1ccc(C(C2CCN(CCN3C(=O)c(c4NC3=O)cccc4)CC2)=O)cc1,0
mmp1399,CC(c1cc(C(c2ccccc2)=O)ccc1)C(O)=O,0
mmp1400,CN1CCC(=C2c(c3C(=O)Cc(c24)cccc4)ccs3)CC1,0
mmp1401,OCC(OC=C(O)C1=O)=C1,0
mmp1402,CCCCCCCCCCCC(O)=O,0
mmp1403,N#Cc1ccc(C(n2ncnc2)c3ccc(C#N)cc3)cc1,0
mmp1404,O=C1C(Cc2ccncc2)(Cc3ccncc3)c(c4N1c5ccccc5)cccc4,0
mmp1405,ClCCN(C(NC1CCCCC1)=O)N=O,0
mmp1406,OC1C(=O)Nc(c2C(c3c(Cl)cccc3)=N1)ccc(Cl)c2,0
mmp1407,CC(c1ccc(CC2C(=O)CCC2)cc1)C(O)=O,0
mmp1408,CCOC(CC(C(OCC)=O)SP(OC)(OC)=S)=O,0
mmp1409,CNC1(C(C)(C)C(CC12)CC2)C,0
mmp1410,CN1c(c2C(c3ccccc3)=NCC1)ccc(Cl)c2,0
mmp1411,CN(S(c1cc(S(N)(=O)=O)c(Cl)cc1)(=O)=O)CC2(OCCC2)C,0
mmp1412,CC1(CC(CC2C1)(N)CC3(C)C2)C3,0
mmp1413,Cc1c(OCC(CO)O)cccc1,0
mmp1414,CCCC(COC(N)=O)(COC(N)=O)C,0
mmp1415,Nc1cc(C(O)=O)c(O)cc1,0
mmp1416,CN1C(CCN2c(c3Sc(c24)cccc4)cc(S(C)=O)cc3)CCCC1,0
mmp1417,CC(C(O)=O)=C,0
mmp1418,COP(SC)(N)=O,0
mmp1419,CCC1(C(=O)N(C)C(=O)NC1=O)CC,0
mmp1420,CN1C(=NC(C)=O)SC(S(N)(=O)=O)=N1,0
mmp1421,C1N(CN2C3)CN(CN13)C2,0
mmp1422,COc1c(OCC(COC(N)=O)O)cccc1,0
mmp1423,CNC(ON=C(SC)C)=O,0
mmp1424,COc1c(c2cc(c13)C=CC(=O)O3)occ2,0
mmp1425,COC(C(Cl)Cl)(F)F,0
mmp1426,CNC(Cc1c(OC)cccc1)C,0
mmp1427,COP(Oc1ccc([N+]([O-])=O)cc1)(OC)=S,0
mmp1428,COS(C)(=O)=O,0
mmp1429,Cc1c(S(N)(=O)=O)cc(c2c1)S(=O)(=O)CCC2,0
mmp1430,CCN(CCNC(c1c(OC)cc(N)c(Cl)c1)=O)CC,0
mmp1431,CCc1c(N(C(CCl)=O)C(COC)C)c(C)ccc1,0
mmp1432,CC1N(c2c(C)cccc2)C(=O)c(c3N1)cc(S(N)(=O)=O)c(Cl)c3,0
mmp1433,Cc1n(CCO)c([N+]([O-])=O)cn1,0
mmp1434,CC(c1cnccc1)(C(c2cnccc2)=O)C,0
mmp1435,CC(NC(=O)C(C#N)=C1)=C1c2ccncc2,0
mmp1436,CN1CC2N(c(c3Cc(c24)cccc4)nccc3)CC1,0
mmp1437,Clc1ccc(C(NCCN2CCOCC2)=O)cc1,0
mmp1438,NC(CS(C(c1ccccc1)c2ccccc2)=O)=O,0
mmp1439,Clc1cc(c2cc1)N(CCCN3CCC4(C(=O)NC(N45)CCCC5)CC3)c(c6CC2)cccc6,0
mmp1440,COc1c(c2cc(CC=C)c1)OCO2,0
mmp1441,CCN(C(c1cc(C)ccc1)=O)CC,0
mmp1442,OCCNCc1ccccc1,0
mmp1443,COc1cc(c2cc1)ccc(CCC(C)=O)c2,0
mmp1444,CCN1c(c2C(=O)C(C(O)=O)=C1)nc(C)cc2,0
mmp1445,O=C(NCc1ccccc1)CCNNC(c2ccncc2)=O,0
mmp1446,O=C(c1cnccc1)OCC(COC(c2cnccc2)=O)(COC(c3cnccc3)=O)COC(c4cnccc4)=O,0
mmp1447,COC(C(C(c1c([N+]([O-])=O)cccc1)C(C(OC)=O)=C(C)N2)=C2C)=O,0
mmp1448,CN1C(C)=C(NC(c2cnccc2)=O)C(=O)N1c3ccccc3,0
mmp1449,CC1(C(=O)N(c2cc(C(F)(F)F)c([N+]([O-])=O)cc2)C(=O)N1)C,0
mmp1450,CNCCC(c1ccccc1)Oc2c(OC)cccc2,0
mmp1451,[O-][N+](c1cc(c2cc1)C(c3ccccc3)=NCC(=O)N2)=O,0
mmp1452,NC(c1cc([N+]([O-])=O)cc([N+]([O-])=O)c1)=O,0
mmp1453,CCN(Cc1n(c2c(C(c3c(Cl)cccc3)=O)cc([N+]([O-])=O)cc2)ccn1)CC,0
mmp1454,CCN1c(c2C(=O)C(C(O)=O)=C1)cc(N3CCNCC3)c(F)c2,0
mmp1455,CC(NC(C(c1ccc(O)cc1)O)C)CCc2ccccc2,0
mmp1456,CC1N(c(c2cc(F)c3N4CCN(C)CC4)c3OC1)C=C(C(O)=O)C2=O,0
mmp1457,CN1CCN(C(Nc(c23)cccc2)=C4C(=N3)SC(C)=C4)CC1,0
mmp1458,COc1cc(c2cc1)[nH]c(S(Cc3c(C)c(OC)c(C)cn3)=O)n2,0
mmp1459,Cc1n(CC2C(=O)c3c(n(C)c(c34)cccc4)CC2)ccn1,0
mmp1460,NC1C(N)CCCC1,0
mmp1461,CC(NCC1Nc(c2CC1)cc([N+]([O-])=O)c(CO)c2)C,0
mmp1462,OC(CCc1nc(c2ccccc2)c(c3ccccc3)o1)=O,0
mmp1463,OC1C(=O)Nc(c2C(c3ccccc3)=N1)ccc(Cl)c2,0
mmp1464,NC(CN1C(=O)CC(O)C1)=O,0
mmp1465,CCN1c(c2C(=O)C(C(O)=O)=C1)cc(c3c2)OCO3,0
mmp1466,COc1cc(O)c(C(c2ccccc2)=O)cc1,0
mmp1467,Cc1c(CC(NCC2)=N2)c(C)c(O)c(C(C)(C)C)c1,0
mmp1468,CCCCC1C(=O)N(c2ccc(O)cc2)N(c3ccccc3)C1=O,0
mmp1469,O=C1C=CC(=O)C=C1,0
mmp1470,NC(C(O)=O)Cc1ccc(Cl)cc1,0
mmp1471,NC(C(O)=O)Cc1ccc(F)cc1,0
mmp1472,CCCCCCCCCCCCCCCC(NCCO)=O,0
mmp1473,NCCC(P(O)(O)=O)(P(O)(O)=O)O,0
mmp1474,CC(C(C(NCCC(NCCSSCCNC(CCNC(C(C(CO)(C)C)O)=O)=O)=O)=O)O)(CO)C,0
mmp1475,CC(C(C(NCCCO)=O)O)(CO)C,0
mmp1476,COc1c(OC)c(CS(c2[nH]c(c3n2)cc(OC(F)F)cc3)=O)ncc1,0
mmp1477,Clc1ccc(Cl)cc1,0
mmp1478,NC(OC(c1ccccc1)C2=O)=N2,0
mmp1479,NC(Nc(c1C2=O)n(CCC(CO)CO)cn1)=N2,0
mmp1480,CCCCCC1NS(=O)(=O)c(c2N1)cc(S(N)(=O)=O)c(C(F)(F)F)c2,0
mmp1481,CN1c2c(n(C)cn2)C(=O)N(CCCCC(C)=O)C1=O,0
mmp1482,NC(NC(Cc1ccccc1)=O)=O,0
mmp1483,CCOc1ccc(NC(C)=O)cc1,0
mmp1484,O=C1c(c2C(=O)C1c3ccccc3)cccc2,0
mmp1485,CCC1(c2ccccc2)C(=O)NC(=O)NC1=O,0
mmp1486,Oc1ccc(C2(c3ccc(O)cc3)c(c4S(=O)(=O)O2)cccc4)cc1,0
mmp1487,CC(C)=CC1C(C)(C)C1C(OCc2cc(Oc3ccccc3)ccc2)=O,0
mmp1488,NC(OCCCc1ccccc1)=O,0
mmp1489,CCOP(SCSCC)(OCC)=S,0
mmp1490,OC(c1c(C(Nc2ccc(S(Nc3sccn3)(=O)=O)cc2)=O)cccc1)=O,0
mmp1491,COc1c(NC(NCC2)=N2)c(Cl)nc(C)n1,0
mmp1492,Cc1c(NC(CC2(CCC3)N3CCC2)=O)c(C)ccc1,0
mmp1493,CC(NCC(COc1c(c2ccc1)cc[nH]2)O)C,0
mmp1494,CCN1c(c2C(=O)C(C(O)=O)=C1)nc(N3CCNCC3)nc2,0
mmp1495,C1NCCNC1,0
mmp1496,BrCCC(N1CCN(C(CCBr)=O)CC1)=O,0
mmp1497,NC(CN1C(=O)CCC1)=O,0
mmp1498,CC(N=C(N1C2=O)C=CC=C1)=C2CCN3CCC(C(c4ccc(F)cc4)=O)CC3,0
mmp1499,CN1CCN(CC(N2c(c3NC(=O)c(c24)cccc4)nccc3)=O)CC1,0
mmp1500,NS(c1c(Oc2ccccc2)c(N3CCCC3)cc(C(O)=O)c1)(=O)=O,0
mmp1501,C(c1cc(c2cc1)OCO2)N3CCN(c4ncccn4)CC3,0
mmp1502,CCN1c(c2C(=O)C(C(O)=O)=C1)nc(N3CCCC3)nc2,0
mmp1503,CN1S(=O)(=O)c(c2NC1CSCC(F)(F)F)cc(S(N)(=O)=O)c(Cl)c2,0
mmp1504,CC(NCC(COc1ccc(NC(C)=O)cc1)O)C,0
mmp1505,CC(c1cc(c2cc1)Cc(c3O2)cccn3)C(O)=O,0
mmp1506,O=C(N1CC(=O)N2C(c(c3CC2)cccc3)C1)C4CCCCC4,0
mmp1507,COc1c(OC)cc(c2c1)c(N)nc(N3CCN(C(c4ccco4)=O)CC3)n2,0
mmp1508,CCC1(c2ccccc2)C(=O)NCNC1=O,0
mmp1509,CCCN(S(c1ccc(C(O)=O)cc1)(=O)=O)CCC,0
mmp1510,CC(c1c(O)c(C(C)(C)C)cc(SC(Sc2cc(C(C)(C)C)c(O)c(C(C)(C)C)c2)(C)C)c1)(C)C,0
mmp1511,CCCN(C(C(NC(c1ccccc1)=O)CCC(O)=O)=O)CCC,0
mmp1512,COc1nc(NC(C)C)nc(NC(C)C)n1,0
mmp1513,CSc1nc(NC(C)C)nc(NC(C)C)n1,0
mmp1514,CC(NCC(c1cc(c2cc1)cccc2)O)C,0
mmp1515,CC(N(c1ccccc1)C(CCl)=O)C,0
mmp1516,CC(Nc1nc(NC(C)C)nc(Cl)n1)C,0
mmp1517,CCCn1c(c2nc1)C(=O)N(CCCCC(C)=O)C(=O)N2C,0
mmp1518,CNC(Oc1c(OC(C)C)cccc1)=O,0
mmp1519,CCCSSC(CCO)=C(N(C=O)Cc1c(N)nc(C)nc1)C,0
mmp1520,CC(Cn1c(c2nc1)C(=O)N(C)C(=O)N2C)O,0
mmp1521,CN(CCc1c(c2[nH]c1)c(O)ccc2)C,0
mmp1522,CNC(OCc1nc(COC(NC)=O)ccc1)=O,0
mmp1523,CCc1c(c2ccc(Cl)cc2)c(N)nc(N)n1,0
mmp1524,CCC1(C(=O)C=CNC1=O)CC,0
mmp1525,CC(NC(C(=O)N(c1ccccc1)N2C)=C2C)C,0
mmp1526,OC(C(NC(c1ccc(Cl)cc1)=O)CC(c(c2NC3=O)cccc2)=C3)=O,0
mmp1527,Oc1cc(O)ccc1,0
mmp1528,CC(Oc1cc(O)ccc1)=O,0
mmp1529,CC(N=C(N1C2=O)CCCC1)=C2CCN3CCC(c4c(c5on4)ccc(F)c5)CC3,0
mmp1530,CC(N=C(N1C2=O)SC=C1)=C2CCN3CCC(=C(c4ccc(F)cc4)c5ccc(F)cc5)CC3,0
mmp1531,CN(CCc1c(c2[nH]c1)cc(Cn3ncnc3)cc2)C,0
mmp1532,COc1c(OC2CCCC2)cc(C3CC(=O)NC3)cc1,0
mmp1533,Cn1c([N+]([O-])=O)cnc1COC(N)=O,0
mmp1534,CCCN(CCc1c(c2ccc1)CC(=O)N2)CCC,0
mmp1535,Oc1c([N+]([O-])=O)cc([As](O)(O)=O)cc1,0
mmp1536,O=C1c(c2S(=O)(=O)N1)cccc2,0
mmp1537,C=CCc1cc(c2cc1)OCO2,0
mmp1538,OCc1c(O)cccc1,0
mmp1539,NC(c1c(O)cccc1)=O,0
mmp1540,OC(c1c(OC(c2c(O)cccc2)=O)cccc1)=O,0
mmp1541,OC(CCCCCCCCC(O)=O)=O,0
mmp1542,CC1CCC(NC(N(N=O)CCCl)=O)CC1,0
mmp1543,FCOC(C(F)(F)F)C(F)(F)F,0
mmp1544,Nc1ccc(S(Nc2ncccn2)(=O)=O)cc1,0
mmp1545,CC(COC(OCN1C(=O)CN(CCN2CC(=O)N(COC(OCC(C)C)=O)C(=O)C2)CC1=O)=O)C,0
mmp1546,CC(NCC(c1ccc(NS(C)(=O)=O)cc1)O)C,0
mmp1547,OC(CCCc1ccccc1)=O,0
mmp1548,O=C1C2(CCN(CC3Oc(c4OC3)cccc4)CC2)N(c5ccccc5)CN1,0
mmp1549,OC(CC(c(c1C(=O)N2Cc3c(F)cc(Br)cc3)cccc1)=N2)=O,0
mmp1550,CCCCCCCCCCCCCCCCCC(O)=O,0
mmp1551,ONC(CCCCCCC(Nc1ccccc1)=O)=O,0
mmp1552,OC(CCC(Nc1ccc(S(Nc2sccn2)(=O)=O)cc1)=O)=O,0
mmp1553,Nc1ccc(S(NC(c2ccccc2)=O)(=O)=O)cc1,0
mmp1554,CC(NS(c1ccc(N)cc1)(=O)=O)=O,0
mmp1555,COc1nc(OC)nc(NS(c2ccc(N)cc2)(=O)=O)c1,0
mmp1556,NC(N)=NS(c1ccc(N)cc1)(=O)=O,0
mmp1557,Cc1nc(NS(c2ccc(N)cc2)(=O)=O)ncc1,0
mmp1558,COc1cnc(NS(c2ccc(N)cc2)(=O)=O)nc1,0
mmp1559,Cc1nc(NS(c2ccc(N)cc2)(=O)=O)nc(C)c1,0
mmp1560,Cc1sc(NS(c2ccc(N)cc2)(=O)=O)nn1,0
mmp1561,Cc1cc(NS(c2ccc(N)cc2)(=O)=O)no1,0
mmp1562,COc1ncnc(NS(c2ccc(N)cc2)(=O)=O)c1,0
mmp1563,Nc1ccc(S(N)(=O)=O)cc1,0
mmp1564,Nc1ccc(S(Nc2n(c3ccccc3)ncc2)(=O)=O)cc1,0
mmp1565,Nc1ccc(S(Nc2ncccc2)(=O)=O)cc1,0
mmp1566,Nc1ccc(S(Nc2nc(c3nc2)cccc3)(=O)=O)cc1,0
mmp1567,Nc1ccc(S(Nc2sccn2)(=O)=O)cc1,0
mmp1568,O=C1N(c2ccccc2)N(c3ccccc3)C(=O)C1CCS(c4ccccc4)=O,0
mmp1569,Cc1nc(C)nc(NS(c2ccc(N)cc2)(=O)=O)c1,0
mmp1570,COc1c(c2[nH]c(c3n2)cccn3)ccc(S(C)=O)c1,0
mmp1571,CCCCC1(C(=O)N(c2ccccc2)N(c3ccccc3)C1=O)COC(CCC(O)=O)=O,0
mmp1572,Nc1sc(c2n1)CCN(CC=C)CC2,0
mmp1573,COc1c(c2cc(F)c1N3CC(C)NCC3)N(C4CC4)C=C(C(O)=O)C2=O,0
mmp1574,CCCCOC(C(Nc1cc(c2n[nH]nn2)ccc1)=O)=O,0
mmp1575,CNC(N(c1sc(C(C)(C)C)nn1)C)=O,0
mmp1576,FC(C(=O)NC(=O)N1C2OCCC2)=C1,0
mmp1577,CN1CCN(CC(N2c(c3C(=O)Nc(c24)cccc4)c(C)sc3)=O)CC1,0
mmp1578,CN1c(c2C(c3ccccc3)=NC(O)C1=O)ccc(Cl)c2,0
mmp1579,CN1C(=O)n(c2N=N1)cnc2C(N)=O,0
mmp1580,OC(C(=O)C(O)=C(O)C1=O)=C1O,0
mmp1581,O=C1NC(=O)C(N2C(=O)c(c3C2=O)cccc3)CC1,0
mmp1582,CN1c2c(n(C)cn2)C(=O)NC1=O,0
mmp1583,CC(N(C=O)Cc1c(N)nc(C)nc1)=C(SSC(CCO)=C(N(C=O)Cc2c(N)nc(C)nc2)C)CCO,0
mmp1584,OC(c1c(S)cccc1)=O,0
mmp1585,OCCSCCO,0
mmp1586,S=P(N1CC1)(N2CC2)N3CC3,0
mmp1587,CCN(CCOc1cc2c(c(c3C2=O)ccc(OCCN(CC)CC)c3)cc1)CC,0
mmp1588,CCS(CCn1c([N+]([O-])=O)cnc1C)(=O)=O,0
mmp1589,CC(C(NCC(O)=O)=O)S,0
mmp1590,Clc1c(NC(NCC2)=N2)c(c3cc1)nsn3,0
mmp1591,CCN(C(c1cnccc1)=O)CC,0
mmp1592,Cc1ccc(S(NC(NN2CCCCCC2)=O)(=O)=O)cc1,0
mmp1593,CCCCNC(NS(c1ccc(C)cc1)(=O)=O)=O,0
mmp1594,CN(c1cc(C)ccc1)C(Oc2cc(c3cc2)cccc3)=S,0
mmp1595,NCC1CCC(C(O)=O)CC1,0
mmp1596,CC(OCC(OC(C)=O)COC(C)=O)=O,0
mmp1597,Nc1nc(c2c(N)n1)nc(N)c(c3ccccc3)n2,0
mmp1598,Cc1n(c2nn1)c(c3C(c4c(Cl)cccc4)=NC2)ccc(Cl)c3,0
mmp1599,BrC(Br)Br,0
mmp1600,NS(c1c(Cl)cc2c(S(=O)(=O)NC(C(Cl)Cl)N2)c1)(=O)=O,0
mmp1601,ClCCN(CCCl)CCCl,0
mmp1602,NCCNCCNCCN,0
mmp1603,CN1C(=O)C(C)(C)OC1=O,0
mmp1604,COc1c(OC)c(OC)cc(Cc2c(N)nc(N)nc2)c1,0
mmp1605,CC(c(c1OC2=O)cc(c3c1C)cc(C)o3)=C2,0
mmp1606,CCN(C(C(c1ccccc1)CO)=O)Cc2ccncc2,0
mmp1607,COc1c(OC)c(OC)cc(C(NC2CNCCC2)=O)c1,0
mmp1608,NCCc1ccc(O)cc1,0
mmp1609,OC(CCCCCCCCC=C)=O,0
mmp1610,COc1c(N2CCN(CCCNC(N(C)C(=O)N(C)C3=O)=C3)CC2)cccc1,0
mmp1611,CCOC(N)=O,0
mmp1612,COc1ccc(C(C2(CCCCC2)O)CN(C)C)cc1,0
mmp1613,NC(C=C)CCC(O)=O,0
mmp1614,Cc1c(NC(SCCC2)=N2)c(C)ccc1,0
mmp1615,CC(c1cc(c2cc1)CC(=O)c(c3S2)cccc3)C(O)=O,0
mmp1616,COc1c(OC(F)F)ccc(C(C=CC(=O)N2)=N2)c1,0
mmp1617,OC(CN1c(c2C(=O)N(Cc3c(F)cc(Br)cc3)C1=O)cc(Cl)cc2)=O,0
mmp1618,Cl[Zn]Cl,0
mmp1619,CN(C(Cc1n(c2nc1c3ccc(C)cc3)cc(C)cc2)=O)C,0
mmp1620,COc1c(OC)cc(c2c1)C(=O)C(CC3CCN(Cc4ccccc4)CC3)C2,0
mmp1621,CC1C(C(CO)=O)(O)C(C)(C2C1)CC(O)C(F)(C23)C(C)(C(=C4)CC3)C=CC4=O,0
mmp1622,CC(OCC(C1(C(C)(C2CC1)CC(=O)C(C23)C(C)(C(=C4)CC3)CCC4=O)O)=O)=O,0
mmp1623,COC1(C(COC(N)=O)C2=C3C(=O)C(C)=C(N)C2=O)N3CC(C14)N4,0
mmp1624,CC[N+](CCOC(C(c1ccccc1)(C2CCCCC2)O)=O)(CC)C,0
mmp1625,CC1(C(C(CO)=O)CC2)C2C3C(C(C)(C(=C4)CC3)CCC4=O)C(O)C1,0
mmp1626,CC1(C(C2CC3)C(O)CC(C)(C24)C(C(CO)=O)(O)CC4)C3=CC(=O)CC1,0
mmp1627,CC1(C(C(CO)=O)(O)CC2)C2C3C(C(C)(C(=C4)CC3)C=CC4=O)C(O)C1,0
mmp1628,CC1(C(O)C(O)C2)C2C3C(c(c4CC3)ccc(O)c4)CC1,0
mmp1629,OC(c1c(Cl)cccc1Cl)=O,0
mmp1630,OC(c1c(Cl)c(Cl)ccc1Cl)=O,0
mmp1631,OC(c1c(Cl)c(Cl)ccc1)=O,0
mmp1632,OCC(C(C(C(CO)O)O)O)O,0
mmp1633,OC(c1c(Cl)ccc(Cl)c1)=O,0
mmp1634,OC(c1c(Cl)cc(Cl)cc1)=O,0
mmp1635,CC(C(=O)NC(=O)N1C2OC(CO)C(O)C2)=C1,0
mmp1636,OCC1C(O)CC(N2C(=O)NC(=O)C(F)=C2)O1,0
mmp1637,OCC1C(O)C(O)C(O)C(O)O1,0
mmp1638,CCCCOCCOCCOCc1c(CCC)cc(c2c1)OCO2,0
mmp1639,c1cc(c2cc1)nc[nH]2,0
mmp1640,OC(Cc1cc(I)c(Oc2cc(I)c(O)cc2)c(I)c1)=O,0
mmp1641,OC(c1cc(Cl)cc(Cl)c1)=O,0
mmp1642,CNCC(c1cc(O)c(O)cc1)O,0
mmp1643,OC(c1cc(Cl)c(Cl)cc1)=O,0
mmp1644,NC(C(O)=O)Cc1cc(I)c(Oc2cc(I)c(O)c(I)c2)c(I)c1,0
mmp1645,COc1ccc(NC(C)=O)cc1,0
mmp1646,C[N+](CCOC(N)=O)(C)C,0
mmp1647,CC(OC1(C#C)C(C)(C2CC1)CCC(C23)C(C(=C4)CC3)CCC4=O)=O,0
mmp1648,CC(OCC(C1(C(C)(C2CC1)CC(O)C(C23)C(C)(C(=C4)CC3)C=CC4=O)O)=O)=O,0
mmp1649,CC(C(C(O)=O)N)(S)C,0
mmp1650,COP(C(C(Cl)(Cl)Cl)O)(OC)=O,0
mmp1651,CC1C(C2(C)C(C3C1)C(O)CC(C)(C34)C(C(COC(C)=O)=O)(O)CC4)=CC(=O)C=C2,0
mmp1652,CC1(C(=O)CC2)C2C3C(C(C)(C4=CC3)CCC(O)C4)CC1,0
mmp1653,CC[N+](CCOC(C1c(c2Oc(c13)cccc3)cccc2)=O)(CC)C,0
mmp1654,c1cc2c(c(c3cc2)cc4c(c(c5cc4)cccc5)c3)cc1,0
mmp1655,OCC1C(O)CC(N2C(=O)NC(=O)C(I)=C2)O1,0
mmp1656,CCC1C(=O)OCC1Cc2n(C)cnc2,0
mmp1657,C1CCn(c2CC1)nnn2,0
mmp1658,Nc1c(N)cncc1,0
mmp1659,CCN(N=O)CC,0
mmp1660,OC(c1ccncc1)=O,0
mmp1661,CN(CCCl)CCCl,0
mmp1662,ClC(Cl)(Cl)Cl,0
mmp1663,CC(OCC(C1C(C)(C2CC1)CCC(C23)C(C)(C(=C4)CC3)CCC4=O)=O)=O,0
mmp1664,OCC(C(c1ccc([N+]([O-])=O)cc1)O)NC(C(Cl)Cl)=O,0
mmp1665,NCCCCC(C(O)=O)N,0
mmp1666,C[N+](Cc1ccccc1)(C)C,0
mmp1667,C=CCN=C=S,0
mmp1668,CN(N)C,0
mmp1669,CC(C(Cl)(Cl)Cl)(O)C,0
mmp1670,CNC(Oc1cc(c2cc1)C(C)(C3N2C)CCN3C)=O,0
mmp1671,OCC1C(O)C(O)C(O)C(OC2(C(O)C(O)C(CO)O2)CO)O1,0
mmp1672,CCC(OC1C(C)(C2CC1)CCC(C23)C(C)(C(=C4)CC3)CCC4=O)=O,0
mmp1673,CC(CCCC(C1C(C)(C2CC1)CCC(C23)C(C)(C4=CC3)CCC(O)C4)C)C,0
mmp1674,CN(C(C(=O)N(c1ccccc1)N2C)=C2C)C,0
mmp1675,CC1(C(O)CC2)C2C3C(C(C)(C(=C4)CC3)CCC4=O)CC1,0
mmp1676,CC(OCC(CSC1N2C(=O)C1NC(Cc3sccc3)=O)=C2C(O)=O)=O,0
mmp1677,CCOc1c(C(OC)=O)ccc(NC(C)=O)c1,0
mmp1678,OCC1C(O)CC(N2C(=O)NC(=O)C(Br)=C2)O1,0
mmp1679,NC(Nc(c1C2=O)ncc(CNc3ccc(C(NC(C(O)=O)CCC(O)=O)=O)cc3)n1)=N2,0
mmp1680,C(N1CCCCC1)C2Oc(c3OC2)cccc3,0
mmp1681,O=C1Oc(c2N1)cccc2,0
mmp1682,O=NN1CCOCC1,0
mmp1683,NC(C(O)=O)Cc1cc(O)c(O)cc1,0
mmp1684,C(c1ccccc1)C(NCC2)=N2,0
mmp1685,NC(C(O)=O)Cc1ccc(O)cc1,0
mmp1686,CC(OCC[N+](C)(C)C)=O,0
mmp1687,Nc1c2c(n(C3C(O)C(C4O3)OP(O)(=O)OC4)cn2)ncn1,0
mmp1688,COc1cc(C(C(N)C)O)c(OC)cc1,0
mmp1689,CC[N+](Cc1c(Br)cccc1)(C)C,0
mmp1690,Cc1ccc(S(O)(=O)=O)cc1,0
mmp1691,Nc1nc(c2o1)cc(Cl)cc2,0
mmp1692,OC(c1ccc([N+]([O-])=O)cc1)=O,0
mmp1693,CCOS(C)(=O)=O,0
mmp1694,CN(N=O)C,0
mmp1695,C[N+]1(CCC(=C(c2ccccc2)c3ccccc3)CC1)C,0
mmp1696,NC(Nc1ccccc1)=O,0
mmp1697,CCOS(OCC)(=O)=O,0
mmp1698,CC[N+](CCOc1c(OCC[N+](CC)(CC)CC)c(OCC[N+](CC)(CC)CC)ccc1)(CC)CC,0
mmp1699,CCCCCC=O,0
mmp1700,ClCCN(C(C(=O)NC(=O)N1)=C1)CCCl,0
mmp1701,Cc1nc(N)c(C[n+]2c(C)c(CCO)sc2)cn1,0
mmp1702,OC(CN(CC(O)=O)CCOCCOCCN(CC(O)=O)CC(O)=O)=O,0
mmp1703,ClC(Cl)Cl,0
mmp1704,ClC(C(Cl)(Cl)Cl)(Cl)Cl,0
mmp1705,CC(OCC(C1(C(C)(C2CC1OC(C)=O)CC(O)C(F)(C23)C(C)(C(=C4)CC3)C=CC4=O)O)=O)=O,0
mmp1706,OC(CBr)=O,0
mmp1707,CN(C=O)C,0
mmp1708,CC1(C(C#C)(O)CC2)C2C3C(C(C(=C4)CC3)CCC4=O)CC1,0
mmp1709,NC1C(=O)NOC1,0
mmp1710,CC(C1(C(C)(C2CC1)CCC(C23)C(C)(C(=C4)CC3)CCC4=O)O)=O,0
mmp1711,CN1C(=O)c(c2N(C)C1=O)n(C)cn2,0
mmp1712,C[N+](CC[N+]1(Cc(c2C1)c(Cl)c(Cl)c(Cl)c2Cl)C)(C)C,0
mmp1713,OCC(C(C(C(CO)O)O)O)O,0
mmp1714,NC(C=CN(C1C(O)C(O)C(CO)O1)C2=O)=N2,0
mmp1715,OCC1C(O)CC(N2C(=O)NC(=O)C(C(F)(F)F)=C2)O1,0
mmp1716,COc1c(OCC2OC(=O)NC2)cccc1,0
mmp1717,Cc1ccc(S(N)(=O)=O)cc1,0
mmp1718,CCC(c1ccc(O)cc1)=O,0
mmp1719,CC(Cl)(Cl)Cl,0
mmp1720,CC(C(C(O)=O)N)O,0
mmp1721,COc1cc(c2cc1)CCC(C23)C4C(C(C#C)(O)CC4)(C)CC3,0
mmp1722,CC(N(c1c(C)cccc1)C(=O)c(c23)cccc2)=N3,0
mmp1723,CC1(C(C)(C2CC1)CCC(C23)C(C)(C(=C4)CC3)C=CC4=O)O,0
mmp1724,NC(C(O)=O)Cc1c(c2[nH]c1)cccc2,0
mmp1725,CC(NCC(c1ccc([N+]([O-])=O)cc1)O)C,0
mmp1726,OC(c1ccc(Cl)cc1)=O,0
mmp1727,NC(C(O)=O)CCCN=C(N)N,0
mmp1728,CCBr,0
mmp1729,ClCBr,0
mmp1730,CCCCC(c1ccc(Cl)cc1)(C#N)Cn2ncnc2,0
mmp1731,CC#N,0
mmp1732,ClCCl,0
mmp1733,S=C=S,0
mmp1734,CC(Br)C,0
mmp1735,ClC(Br)Cl,0
mmp1736,CC(S)C,0
mmp1737,CC(Cl)Cl,0
mmp1738,ClC(Cl)=C,0
mmp1739,IC(I)I,0
mmp1740,C[N+]([O-])=O,0
mmp1741,CC1NC1,0
mmp1742,C[N+](C)(C)C,0
mmp1743,ClC(Br)(Cl)Cl,0
mmp1744,CC(N)(C)C,0
mmp1745,CC(S)(C)C,0
mmp1746,CS(O)(=O)=O,0
mmp1747,C[Si](C)(C)C,0
mmp1748,C[Si](Cl)(C)C,0
mmp1749,CC(C#N)(O)C,0
mmp1750,CC(OO)(C)C,0
mmp1751,OC(C(Br)(Br)Br)=O,0
mmp1752,CC(C(C)(C)C)=O,0
mmp1753,ClC(C(Cl)(Cl)Cl)Cl,0
mmp1754,ClC(C(Cl)(Cl)Cl)=O,0
mmp1755,OC(C(Cl)(Cl)Cl)=O,0
mmp1756,[O-][N+](C(Cl)(Cl)Cl)=O,0
mmp1757,FC(C(Cl)(Cl)F)(Cl)Cl,0
mmp1758,FC(C(Cl)(Cl)F)(Cl)F,0
mmp1759,CC1(OC(C(CO)=O)(C2O1)C(C)(C3C2)CC(O)C(F)(C34)C(C)(C(=C5)CC4)C=CC5=O)C,0
mmp1760,CC1(C(C)(C2CC1)CC(O)C(F)(C23)C(C)(C(=C4)CC3)CCC4=O)O,0
mmp1761,C[N+]1(CC(OC(C(c2ccccc2)(c3ccccc3)O)=O)CCC1)C,0
mmp1762,CC1(C(C23C=CC1O)C(C(O)=O)C4(C25)CC(C(=C)C4)(O)CC5)C(=O)O3,0
mmp1763,CN1C(=O)C(c2ccccc2)(C)CC1=O,0
mmp1764,CC1(C(=O)N(Br)C(=O)N1Br)C,0
mmp1765,CCC(C(NC(N)=O)=O)(CC)Br,0
mmp1766,CC(C(C(COC(C(C)C)=O)(C)C)O)C,0
mmp1767,CC1(C(=O)NC(=O)N1)C,0
mmp1768,C1C(C2C=C1)C3CC2C=C3,0
mmp1769,CCC(C#C)(O)C,0
mmp1770,COC(OC)(C)C,0
mmp1771,COS(OC)(=O)=O,0
mmp1772,O=S1(CC=CC1)=O,0
mmp1773,CCOC(C1C(c2ccccc2)(C)O1)=O,0
mmp1774,CC(CO)(CO)CO,0
mmp1775,NC(CO)(CO)CO,0
mmp1776,CCC(CO)(CO)CO,0
mmp1777,OC(CCS)=O,0
mmp1778,[O-][N+](OCC(CO[N+]([O-])=O)(CO[N+]([O-])=O)CO[N+]([O-])=O)=O,0
mmp1779,CC(C(OC(C=C)(CCC=C(C)C)C)=O)C,0
mmp1780,CCOP(OCC)(OCC)=O,0
mmp1781,CCCCC(COP(OCC(CCCC)CC)(OCC(CCCC)CC)=O)CC,0
mmp1782,CCCCOCCOP(OCCOCCCC)(OCCOCCCC)=O,0
mmp1783,CC(CC(C)(C)CC1=O)=C1,0
mmp1784,CC(OOC(CCC(OOC(C)(C)C)(C)C)(C)C)(C)C,0
mmp1785,CC(C#N)(N=NC(C#N)(C)C)C,0
mmp1786,CCC(CCCC(C)C)(O)C,0
mmp1787,CC(C)=CCCC(C=C)(O)C,0
mmp1788,CCC(Br)C,0
mmp1789,CC(C=C)=C,0
mmp1790,CC(C#N)C,0
mmp1791,CC(CO)C,0
mmp1792,CC(C=O)C,0
mmp1793,CCC(Cl)C,0
mmp1794,CC(CCl)Cl,0
mmp1795,ClCC(Cl)=C,0
mmp1796,CC(CN)N,0
mmp1797,CCC(C)=O,0
mmp1798,CC(C=C)=O,0
mmp1799,CC(CCl)=O,0
mmp1800,ClCC(Cl)Cl,0
mmp1801,ClC=C(Cl)Cl,0
mmp1802,ClCC(Cl)=O,0
mmp1803,NC(C=C)=O,0
mmp1804,OC(C=C)=O,0
mmp1805,CNC(C)=O,0
mmp1806,COC(C)=O,0
mmp1807,CC(OO)=O,0
mmp1808,COC(Cl)=O,0
mmp1809,CC[N+]([O-])=O,0
mmp1810,BrC(C(Br)Br)Br,0
mmp1811,CC(C(O)=O)C,0
mmp1812,ClC(C(Cl)Cl)Cl,0
mmp1813,CC(C(N)=O)=C,0
mmp1814,OC(C(Cl)Cl)=O,0
mmp1815,CC1(C(=C)C(CC12)CC2)C,0
mmp1816,CC(c1ccccc1)(OO)C,0
mmp1817,Nc1ccc(S(Nc2nnc(Cl)cc2)(=O)=O)cc1,0
mmp1818,CCNS(c1ccc(C)cc1)(=O)=O,0
mmp1819,CC(C1CCC(N)(C)CC1)(N)C,0
mmp1820,CC(C(C(C)(C)C1C2)C1)=C2,0
mmp1821,COC(C(C)=C)=O,0
mmp1822,Nc1cc(S(O)(=O)=O)c(C=Cc2c(S(O)(=O)=O)cc(N)cc2)cc1,0
mmp1823,Nc1c(S(O)(=O)=O)c(c2cc1)cccc2,0
mmp1824,Cc1c([N+]([O-])=O)c(C)ccc1,0
mmp1825,C1C2C(C3CC2C(C34)O4)C(C15)O5,0
mmp1826,OC(C(c1ccc(Cl)cc1)c2ccc(Cl)cc2)=O,0
mmp1827,C1c(c(c2ccc3)c3C1)ccc2,0
mmp1828,Cc1c(c2[nH]c1)cccc2,0
mmp1829,Cc1c(O)c(C(O)=O)ccc1,0
mmp1830,Cc1c(C)c([N+]([O-])=O)ccc1,0
mmp1831,Cc1c([N+]([O-])=O)cccc1Cl,0
mmp1832,CCOC(c1c(C(OCC)=O)cccc1)=O,0
mmp1833,CC(COC(c1c(C(OCC(C)C)=O)cccc1)=O)C,0
mmp1834,CCOC(COC(c1c(C(OCC)=O)cccc1)=O)=O,0
mmp1835,CCCCCCOC(c1c(C(OCCCCCC)=O)cccc1)=O,0
mmp1836,CCCCCCCCCOC(c1c(C(OCCCCCCCCC)=O)cccc1)=O,0
mmp1837,CCCCCCCCCCOC(c1c(C(OCCCCCCCCCC)=O)cccc1)=O,0
mmp1838,OC(Cc1c(Cl)c(Cl)ccc1Cl)=O,0
mmp1839,CC(Nc1c(I)c(C(O)=O)c(I)cc1I)=O,0
mmp1840,O=C1C(C2C(=O)N1)CC=CC2,0
mmp1841,O=C1C(C2C(=O)O1)CC=CC2,0
mmp1842,O=C1c(c2C(=O)O1)cccc2,0
mmp1843,CCCCOC(COC(c1c(C(OCCCC)=O)cccc1)=O)=O,0
mmp1844,[O-][N+](c1c(c2ccccc2)cccc1)=O,0
mmp1845,O=NN(c1ccccc1)c2ccccc2,0
mmp1846,CN1C(=O)C(c2ccccc2)CC1=O,0
mmp1847,C1c(c2c(c13)cccc3)cccc2,0
mmp1848,NC(Cc1c(c2ccc1)cccc2)=O,0
mmp1849,OC(Cc1c(c2ccc1)cccc2)=O,0
mmp1850,CC(COC(c1c(O)cccc1)=O)C,0
mmp1851,CCOC(c1c(N)cccc1)=O,0
mmp1852,OCCOC(c1c(O)cccc1)=O,0
mmp1853,[O-][N+](OC1C(C2OC1)OCC2O[N+]([O-])=O)=O,0
mmp1854,Cc1c(Cl)cccc1N,0
mmp1855,Clc1c(Cl)c(Cl)ccc1,0
mmp1856,Cc1c(N)c(C)ccc1,0
mmp1857,Oc1c(Cl)cccc1Cl,0
mmp1858,ClC(Cl)=C(C(Cl)=C(Cl)Cl)Cl,0
mmp1859,OCC(C(C(C(CO)=O)O)O)O,0
mmp1860,Brc1c(Br)c(Br)c(Br)c(Br)c1Br,0
mmp1861,ClN1C(=O)N(Cl)C(=O)N(Cl)C1=O,0
mmp1862,CCC(C(O)=O)CC,0
mmp1863,C=CN1C(=O)CCC1,0
mmp1864,OC(c1ccco1)=O,0
mmp1865,FC(c1c(Cl)cccc1)(F)F,0
mmp1866,Cc1cc(S(O)(=O)=O)c(N)cc1,0
mmp1867,Cc1c(Cl)cc(N)c(S(O)(=O)=O)c1,0
mmp1868,Cc1c(Cl)cc(S(O)(=O)=O)c(N)c1,0
mmp1869,NC(c1c(N)cccc1)=O,0
mmp1870,CC(c1c(O)cccc1)C,0
mmp1871,Cc1c([N+]([O-])=O)cccc1,0
mmp1872,[O-][N+](c1c(Cl)cccc1)=O,0
mmp1873,Oc1c([N+]([O-])=O)cccc1,0
mmp1874,OC(c1c(I)c(I)cc(I)c1)=O,0
mmp1875,OC(c1c(Cl)c([N+]([O-])=O)cc(Cl)c1)=O,0
mmp1876,CCCCCCCCOC(c1cc(C(OCCCCCCCC)=O)c(C(OCCCCCCCC)=O)cc1)=O,0
mmp1877,OC(c1c(C(O)=O)cc(S(O)(=O)=O)cc1)=O,0
mmp1878,O=C1c(c2C(=O)O1)cc(c3c2)C(=O)OC3=O,0
mmp1879,[O-][N+](c1cc(c2cc1)C(=O)NC2=O)=O,0
mmp1880,Cc1cc([N+]([O-])=O)c(C)cc1,0
mmp1881,[O-][N+](c1c(Cl)cc(Cl)c(Cl)c1)=O,0
mmp1882,Cc1cc(C)c([N+]([O-])=O)cc1,0
mmp1883,Clc1c(C=O)cccc1,0
mmp1884,CCc1c(O)cccc1,0
mmp1885,Oc1c(C=O)cccc1,0
mmp1886,Cc1c(c2ccc1)cccc2,0
mmp1887,Clc1c(c2ccc1)cccc2,0
mmp1888,O=C1c(c2NN=N1)cccc2,0
mmp1889,CCC(C(c1ccccc1)C(OCC[N+](CC)(CC)C)=O)C,0
mmp1890,Nc1c(c2ccccc2)cccc1,0
mmp1891,O=C1C(C2CCCCC2)CCCC1,0
mmp1892,O=C1c(c2Oc(c13)cccc3)cccc2,0
mmp1893,Nc1cc(c2cc1)c(O)cc(S(O)(=O)=O)c2,0
mmp1894,CN(Cc1cc(CN(C)C)c(O)c(CN(C)C)c1)C,0
mmp1895,OCC1C(O)C(O)C(O)C(=O)O1,0
mmp1896,Clc1ccc(C(c2ccc(Cl)cc2)=O)cc1,0
mmp1897,Cc1c(N=C=O)cccc1N=C=O,0
mmp1898,N#Cc1c(C#N)cccc1,0
mmp1899,COc1c(OC)cccc1,0
mmp1900,c1cc(c2cc1)nccn2,0
mmp1901,C1NCc(c2C1)cccc2,0
mmp1902,c1cc(c2cc1)cccn2,0
mmp1903,COc1c([N+]([O-])=O)cccc1,0
mmp1904,Cc1cc(c2cc1)cccc2,0
mmp1905,Clc1cc(c2cc1)cccc2,0
mmp1906,Cc1cc(c2cc1)cccn2,0
mmp1907,Cc1nc(c2cc1)cccc2,0
mmp1908,CCN(c1ccccc1)CC,0
mmp1909,Nc1nc(c2ccccc2)nc(N)n1,0
mmp1910,CCN(c1cc(C)ccc1)CCO,0
mmp1911,COc1c(NC(CC(C)=O)=O)cccc1,0
mmp1912,O=C1NN(c2ccccc2)CC1,0
mmp1913,Cc1cc(c2cc1)C=CC(=O)O2,0
mmp1914,c1ccc(c2ccccc2)cc1,0
mmp1915,Brc1ccc(c2ccccc2)cc1,0
mmp1916,Nc1ccc(c2ccccc2)cc1,0
mmp1917,Nc1cc(c2cc1)ccc(S(O)(=O)=O)c2,0
mmp1918,COc1cc(c2cc1)cccc2,0
mmp1919,COc1c(OC)cc(CC=C)cc1,0
mmp1920,N(c1cc(c2cc1)cccc2)c3ccc(Nc4cc(c5cc4)cccc5)cc3,0
mmp1921,COc1c(O)ccc(C)c1,0
mmp1922,CCC(c1ccccc1)O,0
mmp1923,COC(c1ccccc1)=O,0
mmp1924,CC(C(O)=O)Oc1c(C)cc(Cl)cc1,0
mmp1925,CC(CC(Nc1c(C)cccc1)=O)=O,0
mmp1926,CCOC(c1ccccc1)=O,0
mmp1927,CC(CC(c1ccccc1)=O)=O,0
mmp1928,O=C(c1ccccc1)OC(c2ccccc2)=O,0
mmp1929,O=C(c1ccccc1)Oc2ccccc2,0
mmp1930,CCOC(CC(c1ccccc1)=O)=O,0
mmp1931,CNCC(c1ccc(O)cc1)O,0
mmp1932,CC(OC(COc1c(Cl)cc(Cl)cc1)=O)C,0
mmp1933,CCCOC(c1ccc(N)cc1)=O,0
mmp1934,CC(COC(c1ccc(N)cc1)=O)C,0
mmp1935,CCCCC(C(OCCOCCOCCOC(C(CCCC)CC)=O)=O)CC,0
mmp1936,O=C(c1ccccc1)OOC(c2ccccc2)=O,0
mmp1937,S=C(N1CCCCC1)SSC(N2CCCCC2)=S,0
mmp1938,CC(CCOC(c1ccccc1)=O)C,0
mmp1939,O=C(c1ccccc1)OCCc2ccccc2,0
mmp1940,COC(C1CCC(C(OC)=O)CC1)=O,0
mmp1941,CCOc1c(N)cccc1,0
mmp1942,Cc1c(OCC(O)=O)ccc(Cl)c1,0
mmp1943,Cc1c(OCCCC(O)=O)ccc(Cl)c1,0
mmp1944,CCCC(C(CO)CC)O,0
mmp1945,CCC(C(NC(N)=O)=O)=CC,0
mmp1946,CCN(C(SCC(Cl)=C)=S)CC,0
mmp1947,c1cc(c2cc1)n[nH]n2,0
mmp1948,c1cc(c2cc1)ncs2,0
mmp1949,Cc1c(Br)cccc1,0
mmp1950,Cc1c(C)cccc1,0
mmp1951,Cc1c(Cl)cccc1,0
mmp1952,Clc1c(Cl)cccc1,0
mmp1953,Nc1c(Cl)cccc1,0
mmp1954,Cc1c(N)cccc1,0
mmp1955,Oc1c(Cl)cccc1,0
mmp1956,Cc1cc(C)c(C)cc1,0
mmp1957,Cc1c(C)cc(N)cc1,0
mmp1958,Cc1c(C)cc(O)cc1,0
mmp1959,Cc1cc(C)c(N)cc1,0
mmp1960,Cc1c(O)ccc(O)c1,0
mmp1961,Cc1c(Cl)cc(Cl)cc1,0
mmp1962,Cc1c(Cl)cc(N)cc1,0
mmp1963,Nc1cc(Cl)c(Cl)cc1,0
mmp1964,Nc1c(Cl)ccc(Cl)c1,0
mmp1965,Cc1cc(O)c(C)cc1,0
mmp1966,CCOC(C(OCC)=O)=O,0
mmp1967,Cc1c(C)cc(C)c(C)c1,0
mmp1968,Clc1c(Cl)cc(Cl)c(Cl)c1,0
mmp1969,CC1C(=O)OC(C)C(=O)O1,0
mmp1970,CC(C(OCC=C)=O)=C,0
mmp1971,CC1C(C2CC(C3(C)CC2)O3)O1,0
mmp1972,C1C(c2ccccc2)O1,0
mmp1973,OCC(CBr)Br,0
mmp1974,CCC(C=O)C,0
mmp1975,ClCC(CCl)Cl,0
mmp1976,CCC(CC)=O,0
mmp1977,OC(CCl)CCl,0
mmp1978,OCC(CCl)O,0
mmp1979,CCC(C)=NO,0
mmp1980,CNC(NC)=O,0
mmp1981,OC1CCCC1,0
mmp1982,O=C1OCCC1,0
mmp1983,O=C1OCCO1,0
mmp1984,OCC(C(C(C(C(O)=O)O)O)OC1C(O)C(O)C(O)C(CO)O1)O,0
mmp1985,Cc1c([N+]([O-])=O)cc(C(O)=O)cc1,0
mmp1986,CC(OC1C(C)=CCC(C(C)=C)C1)=O,0
mmp1987,COc1c(N)ccc([N+]([O-])=O)c1,0
mmp1988,COc1c(O)ccc(C=CC)c1,0
mmp1989,CCCC(C(O)=O)C,0
mmp1990,CCOC(C(C)=C)=O,0
mmp1991,CCOC(C(O)C)=O,0
mmp1992,CC(C(OC(C(C)C)=O)=O)C,0
mmp1993,CC(COC(C(C)C)=O)C,0
mmp1994,CC(COC(C(C)=C)=O)C,0
mmp1995,CC(C(OCCOC(C(C)=C)=O)=O)=C,0
mmp1996,CCC(CO)CC,0
mmp1997,OCC1OCCC1,0
mmp1998,OCc1ccco1,0
mmp1999,O=Cc1ccco1,0
mmp2000,CC(c1ccccc1)(C)C,0
mmp2001,ClC(c1ccccc1)(Cl)Cl,0
mmp2002,FC(c1ccccc1)(F)F,0
mmp2003,ClS(c1ccccc1)(=O)=O,0
mmp2004,OS(c1ccccc1)(=O)=O,0
mmp2005,FC(c1cc(Cl)ccc1)(F)F,0
mmp2006,Nc1cc(C(F)(F)F)ccc1,0
mmp2007,Nc1c(O)ccc(S(O)(=O)=O)c1,0
mmp2008,[O-][N+](c1cc(C(F)(F)F)ccc1)=O,0
mmp2009,Cc1ccc(C(C)(C)C)cc1,0
mmp2010,CC(C1CCC(O)CC1)(C)C,0
mmp2011,FC(c1ccc(Cl)cc1)(F)F,0
mmp2012,CS(c1ccc(Cl)cc1)(=O)=O,0
mmp2013,OS(c1ccc(Cl)cc1)(=O)=O,0
mmp2014,OC(C1NC(=O)CC1)=O,0
mmp2015,CC(c1ccccc1)C,0
mmp2016,CC(c1ccccc1)=C,0
mmp2017,CC(c1ccccc1)O,0
mmp2018,CC(c1ccccc1)=O,0
mmp2019,ClC(c1ccccc1)Cl,0
mmp2020,ClC(c1ccccc1)=O,0
mmp2021,[O-][N+](c1ccccc1)=O,0
mmp2022,Cc1cc(C(O)=O)ccc1,0
mmp2023,OC(c1cc(O)ccc1)=O,0
mmp2024,Cc1cc([N+]([O-])=O)ccc1,0
mmp2025,Nc1cc([N+]([O-])=O)ccc1,0
mmp2026,Cc1cc([N+]([O-])=O)cc(C)c1,0
mmp2027,CNCC(c1cc(O)c(O)cc1)=O,0
mmp2028,CC(C1CC(O)C(C)=CC1)=C,0
mmp2029,CC(C1CC(=O)C(C)=CC1)=C,0
mmp2030,Cc1c(C)cc([N+]([O-])=O)cc1,0
mmp2031,Cc1c(N)ccc([N+]([O-])=O)c1,0
mmp2032,[O-][N+](c1cc(Cl)c(Cl)cc1)=O,0
mmp2033,Cc1c(N)cc([N+]([O-])=O)cc1,0
mmp2034,COc1c(N)cc([N+]([O-])=O)cc1,0
mmp2035,[O-][N+](c1cc(C=O)ccc1)=O,0
mmp2036,ClC(c1cc(C(Cl)=O)ccc1)=O,0
mmp2037,[O-][N+](c1cc([N+]([O-])=O)ccc1)=O,0
mmp2038,COC(c1ccc(C)cc1)=O,0
mmp2039,COC(c1ccc(O)cc1)=O,0
mmp2040,CC(C1C=CC(C)=CC1)C,0
mmp2041,CC(C(CC=C(C)C1)=C1)C,0
mmp2042,CC(c1ccc(C)cc1)C,0
mmp2043,CC(c1ccc(O)cc1)=O,0
mmp2044,Cc1ccc(C(O)=O)cc1,0
mmp2045,CN(c1ccc(C)cc1)C,0
mmp2046,[O-][N+](c1ccc(Cl)cc1)=O,0
mmp2047,Nc1ccc([N+]([O-])=O)cc1,0
mmp2048,COc1ccc(C(C)=O)cc1,0
mmp2049,[O-][N+](c1ccc(CCl)cc1)=O,0
mmp2050,CNc1ccc([N+]([O-])=O)cc1,0
mmp2051,CC(c1ccc(C(C)C)cc1)C,0
mmp2052,CC(c1ccc([N+]([O-])=O)cc1)=O,0
mmp2053,ClC(c1ccc(C(Cl)=O)cc1)=O,0
mmp2054,OC(c1ccc(C(O)=O)cc1)=O,0
mmp2055,CN(c1ccc(N(C)C)cc1)C,0
mmp2056,CCN(CCO)CC,0
mmp2057,BrCc1ccccc1,0
mmp2058,CCc1ccccc1,0
mmp2059,C=Cc1ccccc1,0
mmp2060,ClCc1ccccc1,0
mmp2061,NCc1ccccc1,0
mmp2062,N#Cc1ccccc1,0
mmp2063,N#Cc1ccncc1,0
mmp2064,O=CC1CC=CCC1,0
mmp2065,OCc1cnccc1,0
mmp2066,CNc1ccccc1,0
mmp2067,ON=C1CCCCC1,0
mmp2068,C=Cc1ncccc1,0
mmp2069,N#Cc1ncccc1,0
mmp2070,CCN1CCOCC1,0
mmp2071,O=NN1CCCCC1,0
mmp2072,Cc1cc(C=C)ccc1,0
mmp2073,CC(Cc1ccccc1)(O)C,0
mmp2074,O(c1ccccc1)P(Oc2ccccc2)Oc3ccccc3,0
mmp2075,Clc1c(Nc2nc(Cl)nc(Cl)n2)cccc1,0
mmp2076,CN(C(Oc1c[n+](C)ccc1)=O)C,0
mmp2077,C=CCOc1nc(OCC=C)nc(OCC=C)n1,0
mmp2078,CC(C=O)=Cc1ccccc1,0
mmp2079,CNC(CC1CCCCC1)C,0
mmp2080,CN(C(Nc1ccccc1)=O)C,0
mmp2081,Brc1ccc(Oc2ccccc2)cc1,0
mmp2082,CN(c1ccc(Cc2ccc(N(C)C)cc2)cc1)C,0
mmp2083,O=C=Nc1ccc(Cc2ccc(N=C=O)cc2)cc1,0
mmp2084,Nc1ccc(Cc2ccc(N)cc2)cc1,0
mmp2085,Nc1ccc(Oc2ccc(Cl)cc2)cc1,0
mmp2086,Nc1ccc(Oc2ccc(N)cc2)cc1,0
mmp2087,C(c1ccccc1)c2ccccc2,0
mmp2088,C1CCC(NC2CCCCC2)CC1,0
mmp2089,O(c1ccccc1)c2ccccc2,0
mmp2090,CCCCCCC(C=O)=Cc1ccccc1,0
mmp2091,C(C1OC1)Oc2cc(OCC3OC3)ccc2,0
mmp2092,CCOC(Cc1ccccc1)=O,0
mmp2093,CC(CC(Nc1ccccc1)=O)=O,0
mmp2094,O=C(Oc1ccccc1)Oc2ccccc2,0
mmp2095,O=C(OCCc1ccccc1)Cc2ccccc2,0
mmp2096,CCNc1cc(C)ccc1,0
mmp2097,COc1cc(C)c(N)cc1,0
mmp2098,CC(CN(CC(O)C)CCN(CC(O)C)CC(O)C)O,0
mmp2099,OCCN(CCO)CCO,0
mmp2100,CCCCN(CCCC)CCCC,0
mmp2101,CCCCCCCCCCCCN(CCCCCCCCCCCC)CCCCCCCCCCCC,0
mmp2102,OB(O)O,0
mmp2103,CC(CCc1ccccc1)(O)C,0
mmp2104,CCCCC(COC(C)=O)CC,0
mmp2105,CCCCC(COC(C=C)=O)CC,0
mmp2106,C(c1ccccc1)Cc2ccccc2,0
mmp2107,CCOC(C=Cc1ccccc1)=O,0
mmp2108,CC(CC(OCc1ccccc1)=O)C,0
mmp2109,O=C(C=Cc1ccccc1)OCc2ccccc2,0
mmp2110,CC(OCCc1ccccc1)=O,0
mmp2111,CC(C(OCCc1ccccc1)=O)C,0
mmp2112,C(c1ccccc1)OCc2ccccc2,0
mmp2113,CCCC(OCCc1ccccc1)=O,0
mmp2114,CC(OCC=Cc1ccccc1)=O,0
mmp2115,CC(C(OCC=Cc1ccccc1)=O)C,0
mmp2116,CCNc1ccccc1,0
mmp2117,O=CNc1ccccc1,0
mmp2118,OCCN1CCNCC1,0
mmp2119,CN(Cc1ccccc1)C,0
mmp2120,COc1ccc(COC(C)=O)cc1,0
mmp2121,OCC(COc1ccc(Cl)cc1)O,0
mmp2122,CCCc1ccc(OC)cc1,0
mmp2123,COc1ccc(C=CC)cc1,0
mmp2124,CCCCC1OC(=O)CC1,0
mmp2125,CCCCc1ccccc1,0
mmp2126,CCCCCC1OC(=O)CC1,0
mmp2127,CCCCCCCC1OC(=O)CC1,0
mmp2128,CCc1ccc(CC)cc1,0
mmp2129,OCC1CCC(CO)CC1,0
mmp2130,COc1ccc(CO)cc1,0
mmp2131,CCCC1OC(=O)CC1,0
mmp2132,CCCC(CO)C,0
mmp2133,COC(CC#N)=O,0
mmp2134,CCOC(CBr)=O,0
mmp2135,CCOC(CC)=O,0
mmp2136,CCOC(CCl)=O,0
mmp2137,CC(CC(C)=NO)C,0
mmp2138,COC(CC(C)=O)=O,0
mmp2139,CCOC(CC(OCC)=O)=O,0
mmp2140,CCOC(CC#N)=O,0
mmp2141,CCOC(OCC)C,0
mmp2142,CCOC(OCC)=O,0
mmp2143,O=C1NCCCCC1,0
mmp2144,Cc1cc(C)c(O)cc1,0
mmp2145,CC(CCC=C(C)C)CCOC=O,0
mmp2146,CCCCOC(CCCCC(OCCCC)=O)=O,0
mmp2147,CCCCCCC(CCCCCCCCCCC(O)=O)O,0
mmp2148,CCCOC(CCCCC(OCCC)=O)=O,0
mmp2149,CCCCC(CNCC(CCCC)CC)CC,0
mmp2150,CC(CCCC(CCO)C)C,0
mmp2151,CC(CCC=C(C)C)CCO,0
mmp2152,CCCC(OCCC(C)C)=O,0
mmp2153,CCCC(OC(CCC)=O)=O,0
mmp2154,CCCCCCCCCCCC(OCC)=O,0
mmp2155,Brc1ccc(Br)cc1,0
mmp2156,Cc1ccc(Br)cc1,0
mmp2157,Nc1ccc(Br)cc1,0
mmp2158,Cc1ccc(C)cc1,0
mmp2159,Cc1ccc(Cl)cc1,0
mmp2160,Cc1ccc(S)cc1,0
mmp2161,CC(COC(C=C)=O)C,0
mmp2162,COC(CCC(OC)=O)=O,0
mmp2163,OCCCCC(CO)O,0
mmp2164,C=CC(OCCC#N)=O,0
mmp2165,ClC(OCCOCCOC(Cl)=O)=O,0
mmp2166,C1C(C2OC2)CC(C3C1)O3,0
mmp2167,CCC1OC1,0
mmp2168,ClCC1OC1,0
mmp2169,CC(C(OCC1OC1)=O)=C,0
mmp2170,C=CCOCC1OC1,0
mmp2171,BrCCBr,0
mmp2172,CCCBr,0
mmp2173,BrCC=C,0
mmp2174,C=CC=O,0
mmp2175,ClCCBr,0
mmp2176,ClCC=C,0
mmp2177,CCC#N,0
mmp2178,C=CC#N,0
mmp2179,ClCC#N,0
mmp2180,OCC=C,0
mmp2181,OCC#C,0
mmp2182,O=CC=O,0
mmp2183,COCCl,0
mmp2184,CC(CC(C)(C)C)=C,0
mmp2185,CC(C)=CC(C)(C)C,0
mmp2186,CC(CC(O)(C)C)O,0
mmp2187,CCOP(OP(OCC)(OCC)=O)(OCC)=O,0
mmp2188,CCCCOP(OCCCC)(O)=O,0
mmp2189,CC(CC=O)CCCC(O)(C)C,0
mmp2190,CCCC(C)C,0
mmp2191,CCCC(C)=O,0
mmp2192,CC(CCO)O,0
mmp2193,OC(CCCl)=O,0
mmp2194,COCC(O)C,0
mmp2195,CN(CCO)C,0
mmp2196,CCC[N+]([O-])=O,0
mmp2197,CC(CC(N)C)C,0
mmp2198,CC(CC(C)=O)C,0
mmp2199,CC(CC(O)C)C,0
mmp2200,CC(NC(C)C)C,0
mmp2201,NC(NC(N)=O)=O,0
mmp2202,CC(OC(C)C)C,0
mmp2203,CC(OC(C)=O)C,0
mmp2204,CC(OC(C)=O)=O,0
mmp2205,CC1OC(=O)CC1,0
mmp2206,O=C1OC(=O)CC1,0
mmp2207,CC1OC(=O)OC1,0
mmp2208,Cc1cc(C)ccc1,0
mmp2209,Cc1cc(Cl)ccc1,0
mmp2210,Nc1cc(Cl)ccc1,0
mmp2211,O=C1OC(=O)CCC1,0
mmp2212,COC(CC(OC)=O)=O,0
mmp2213,CC(OC(CCl)C)CCl,0
mmp2214,CCOC(CC(C)C)=O,0
mmp2215,COCC(OC(C)=O)C,0
mmp2216,Cc1cc(C)cc(C)c1,0
mmp2217,Cc1cc(O)cc(C)c1,0
mmp2218,Cc1cc(N)cc(C)c1,0
mmp2219,Clc1cc(Cl)cc(Cl)c1,0
mmp2220,Clc1nc(Cl)nc(Cl)n1,0
mmp2221,Nc1nc(N)nc(N)n1,0
mmp2222,O=C1NC(=O)NC(=O)N1,0
mmp2223,CC(CC(CC(C)C)O)C,0
mmp2224,CC(CC(CC(C)C)=O)C,0
mmp2225,Brc1ccccc1,0
mmp2226,Cc1ccncc1,0
mmp2227,Clc1ccccc1,0
mmp2228,OC1CCCCC1,0
mmp2229,O=C1CCCCC1,0
mmp2230,Sc1ccccc1,0
mmp2231,Cc1cnccc1,0
mmp2232,CN1CCOCC1,0
mmp2233,Cc1ncccc1,0
mmp2234,Clc1ncccc1,0
mmp2235,CC(C(OCCOCCOCCOC(C(C)=C)=O)=O)=C,0
mmp2236,O=C1OCCCCCCCCCCCCCCC1,0
mmp2237,CCCCCCOC(CCCCCCCC(OCCCCCC)=O)=O,0
mmp2238,CCCCOC(CCCCCCCCC(OCCCC)=O)=O,0
mmp2239,CN(CCCN)C,0
mmp2240,CC(OCCO)C,0
mmp2241,BrCCCBr,0
mmp2242,CCCCC,0
mmp2243,CCCC=C,0
mmp2244,CCCCS,0
mmp2245,CNCCO,0
mmp2246,NNCCO,0
mmp2247,CCON=O,0
mmp2248,C1COCC1,0
mmp2249,o1cccc1,0
mmp2250,c1cscc1,0
mmp2251,CC(CCC(O)(C)C)(O)C,0
mmp2252,CC(OOC(C)(C)C)(C)C,0
mmp2253,CC(CCC(C)=O)C,0
mmp2254,CC(CCC(C)=O)=O,0
mmp2255,CN(CCN(C)C)C,0
mmp2256,CC(COC(C)=O)C,0
mmp2257,C=CC(NCNC(C=C)=O)=O,0
mmp2258,CCCCCCCCCCCCCC(OC(C)C)=O,0
mmp2259,CCCCCCOC(CCCCC(OCCCCCC)=O)=O,0
mmp2260,CCCCCCCCCC(OCC)=O,0
mmp2261,CCOC(CCCCCCCCC(OCC)=O)=O,0
mmp2262,CCCCCCCCCC(OC)=O,0
mmp2263,CCCCCC(C)=O,0
mmp2264,CC(CCON=O)C,0
mmp2265,CCCCCBr,0
mmp2266,CCCCCC,0
mmp2267,CCCCC#N,0
mmp2268,N#CCCC#N,0
mmp2269,CCCCC=O,0
mmp2270,OCCCCO,0
mmp2271,OCC#CCO,0
mmp2272,CCCC=NO,0
mmp2273,COCCOC,0
mmp2274,CCNCCO,0
mmp2275,CCOCCO,0
mmp2276,C1CCCCC1,0
mmp2277,C1OCOCO1,0
mmp2278,C1CCNCC1,0
mmp2279,C1NCCOC1,0
mmp2280,CC(CNCC(C)C)C,0
mmp2281,CC(CNCC(O)C)O,0
mmp2282,CC(COCC(O)C)O,0
mmp2283,OC(COCC(O)=O)=O,0
mmp2284,CC(CCCC(CCCC(CCCCC(CCCC(CCCC(C)C)C)C)C)C)C,0
mmp2285,CCCCCCCC(OC)=O,0
mmp2286,CCCCCC#CC(OC)=O,0
mmp2287,CCCCCCC(O)=O,0
mmp2288,CCOCCOC(C)=O,0
mmp2289,OC(CCSCCC(O)=O)=O,0
mmp2290,CC(OCCOCCOCCOC(C)=O)=O,0
mmp2291,BrCCCCCBr,0
mmp2292,CCCCCCBr,0
mmp2293,CCCCCCO,0
mmp2294,OCCCCCO,0
mmp2295,CCCCN=C=O,0
mmp2296,NCCNCCN,0
mmp2297,NCCNCCO,0
mmp2298,OCCNCCO,0
mmp2299,CCCOCCC,0
mmp2300,ClCCOCCCl,0
mmp2301,OCCOCCO,0
mmp2302,C1CCNCCC1,0
mmp2303,CC(OCCOC(C)=O)=O,0
mmp2304,CCCCCCCC(Cl)=O,0
mmp2305,CCCCCCC=C,0
mmp2306,N#CCCCCC#N,0
mmp2307,CCCCCCCO,0
mmp2308,CCCCOCCO,0
mmp2309,COCCOCCO,0
mmp2310,CCCCCCC#CC(OC)=O,0
mmp2311,COC(CCCCCCCCC=C)=O,0
mmp2312,CCCCCCCCCCCC(OC)=O,0
mmp2313,CCCCCCCCBr,0
mmp2314,CCCCCCCCC,0
mmp2315,CCCCCCCCCl,0
mmp2316,CCCCCCCCN,0
mmp2317,CCCCCCCCS,0
mmp2318,CCOCCOCCO,0
mmp2319,ClCCOCOCCCl,0
mmp2320,N#CCCNCCC#N,0
mmp2321,COCCOCCOC,0
mmp2322,N#CCCSCCC#N,0
mmp2323,CCCCCCCCC(O)=O,0
mmp2324,CCCCCCCOC(C)=O,0
mmp2325,CCCCOCCOC(C)=O,0
mmp2326,CCCCCCCCOC(C)=O,0
mmp2327,CCOCCOCCOC(C)=O,0
mmp2328,CCCCCCCCCCOC(C)=O,0
mmp2329,CCCCCCCCCCCCN(C)C,0
mmp2330,CCCCCCOCCO,0
mmp2331,ClCCOCCOCCCl,0
mmp2332,OCCOCCOCCO,0
mmp2333,CCCCCCCCCCO,0
mmp2334,CCCCCCCCCC=O,0
mmp2335,CCCCOCCOCCO,0
mmp2336,COCCOCCOCCO,0
mmp2337,CCCCCCCCCCC(O)=O,0
mmp2338,CCCCCCCCCCCC,0
mmp2339,CCCCCCCCCCC=C,0
mmp2340,CCCCCCCCCCCO,0
mmp2341,CCCCCCCCCCC=O,0
mmp2342,C=CCCCCCCCCC=O,0
mmp2343,COCCOCCOCCOC,0
mmp2344,CCOCCOCCOCCO,0
mmp2345,CCCCCCCCCCCCCl,0
mmp2346,CCCCCCCCCCCCO,0
mmp2347,CCCCCCCCCCCCS,0
mmp2348,CCCCOCCOCCSC#N,0
mmp2349,NCCNCCNCCNCCN,0
mmp2350,CCCCCCOCCOCCO,0
mmp2351,OCCOCCOCCOCCO,0
mmp2352,CCCCCCCCCCCCOC(C)=O,0
mmp2353,CCCCCCCCCCCCCO,0
mmp2354,CCCCCCCCCCCCCCBr,0
mmp2355,CCCCCCCCCCCCCCO,0
mmp2356,CCCCOCCOCCOCCCC,0
mmp2357,CCCCCCCCCCCCCCN(C)C,0
mmp2358,CCCCCCCCCCCCCCCCBr,0
mmp2359,CCCCCCCCCCCCCCCCCCO,0
mmp2360,CCC(OC1C(C)(C2CC1)CCC(C23)c(c4CC3)ccc(OC(CC)=O)c4)=O,0
mmp2361,CCC(NC(C1C=C(C2N(C)C1)c(c(c3[nH]c4)c4C2)ccc3)=O)CO,0
mmp2362,CC(NNc1ccccc1)=O,0
mmp2363,CCS(C(S(CC)(=O)=O)(C)C)(=O)=O,0
mmp2364,ClC(C(C(Cl)(Cl)C12Cl)(Cl)C3C1C(=O)OC3=O)=C2Cl,0
mmp2365,OC(C1C(C(Cl)(Cl)C2(Cl)C1C(O)=O)(Cl)C(Cl)=C2Cl)=O,0
mmp2366,CCC1(c2ccccc2)C(=O)N(C)C(=O)NC1=O,0
mmp2367,CCC(CO)(CO)N,0
mmp2368,OCC(CO)(CO)CO,0
mmp2369,CC[N+](Cc1c(Cl)cccc1)(CCNC(C(NCC[N+](Cc2c(Cl)cccc2)(CC)CC)=O)=O)CC,0
mmp2370,CCOP(Oc1ccc(S(C)=O)cc1)(OCC)=S,0
mmp2371,COP(Oc1ccc(S(N)(=O)=O)cc1)(OC)=S,0
mmp2372,CC(C)=CCCC(C=C)(OC(C)=O)C,0
mmp2373,ClCCOP(OCCCl)(OCCCl)=O,0
mmp2374,CC1CC(C)(C)CC(O)C1,0
mmp2375,ClC(C(C(Cl)(Cl)Cl)=O)(Cl)Cl,0
mmp2376,Cc1c(Br)c(C)nc(NS(c2ccc(N)cc2)(=O)=O)n1,0
mmp2377,OC(C(Cl)(Cl)Cl)NC(NC(C(Cl)(Cl)Cl)O)=O,0
mmp2378,CCC(C(O)=O)C,0
mmp2379,Clc1c(Cl)c(c2c(Cl)c1Cl)C(=O)OC2=O,0
mmp2380,[O-][N+](c1c(Cl)c(Cl)cc(Cl)c1Cl)=O,0
mmp2381,COCCOC(c1c(C(OCCOC)=O)cccc1)=O,0
mmp2382,CCCCOCCOC(c1c(C(OCCOCCCC)=O)cccc1)=O,0
mmp2383,CCCCCCCCOC(c1c(C(OCCCCCCCC)=O)cccc1)=O,0
mmp2384,Oc1c(C(c2ccccc2)=O)cccc1,0
mmp2385,OCN1C(=O)c(c2C1=O)cccc2,0
mmp2386,O=C1OC(=O)c(c2N1)cccc2,0
mmp2387,CC1(C(=O)N(Cl)C(=O)N1Cl)C,0
mmp2388,Oc1c(C(Oc2ccccc2)=O)cccc1,0
mmp2389,CC1CC(C)(C)CC(OC(c2c(O)cccc2)=O)C1,0
mmp2390,CCOC(c1c(O)cccc1)=O,0
mmp2391,CC(OC=CC1=O)=C1O,0
mmp2392,CC(c1c(O)c(C(C)(C)C)cc(Cc2cc(C(C)(C)C)c(O)c(C(C)(C)C)c2)c1)(C)C,0
mmp2393,Cc1c(C(O)=O)cccc1,0
mmp2394,CC(c1c(O)cccc1)=O,0
mmp2395,CCCCCCCCCCOC(c1c(C(OCCCCCCCC)=O)cccc1)=O,0
mmp2396,Cc1c([N+]([O-])=O)cc(N)cc1,0
mmp2397,Cc1cc([N+]([O-])=O)c(O)cc1,0
mmp2398,O=C1c(c2C=NN1)cccc2,0
mmp2399,OC(c1ccccc1)C(c2ccccc2)=O,0
mmp2400,C1Cc(c2CC1)cccc2,0
mmp2401,c1cc(c2cc1)ccnc2,0
mmp2402,Cc1c(N)ccc(c2cc(C)c(N)cc2)c1,0
mmp2403,COc1c(OC)cc(C=O)cc1,0
mmp2404,OC(COc1cc(c2cc1)cccc2)=O,0
mmp2405,CCCCCCCCCCCC(N(CCO)CCO)=O,0
mmp2406,CCC(OC(c1ccccc1)C)=O,0
mmp2407,CCOC(c1ccc(O)cc1)=O,0
mmp2408,O=C(c1ccccc1)OCCOCCOC(c2ccccc2)=O,0
mmp2409,O=Cc1cc(c2cc1)OCO2,0
mmp2410,CC=Cc1cc(c2cc1)OCO2,0
mmp2411,COC(c1ccc(C(OC)=O)cc1)=O,0
mmp2412,CCCCCCCCS(C(Cc1cc(c2cc1)OCO2)C)=O,0
mmp2413,CC(Nc1c(C)cccc1)=O,0
mmp2414,COc1c(N)cc(C)cc1,0
mmp2415,Cc1sc(c2n1)cccc2,0
mmp2416,S(c1sc(c2n1)cccc2)Sc3sc(c4n3)cccc4,0
mmp2417,O=C1CCCC1,0
mmp2418,CN1CCCC1,0
mmp2419,Cc1c(S(O)(=O)=O)cc([N+]([O-])=O)cc1,0
mmp2420,Cc1c([N+]([O-])=O)cc([N+]([O-])=O)cc1,0
mmp2421,[O-][N+](c1c(Cl)ccc(C(F)(F)F)c1)=O,0
mmp2422,CCOc1c(O)ccc(C=O)c1,0
mmp2423,CCOC(C1C(c2ccccc2)O1)=O,0
mmp2424,CCN(CC)CC,0
mmp2425,NC(Nc1ccc([As](O)(O)=O)cc1)=O,0
mmp2426,CC(Nc1ccc(S(N)(=O)=O)cc1)=O,0
mmp2427,[O-][N+](c1cc(Cl)ccc1)=O,0
mmp2428,CC(c1cc([N+]([O-])=O)ccc1)=O,0
mmp2429,[O-][N+](c1cc(C(Cl)=O)ccc1)=O,0
mmp2430,OC(c1cc(C(O)=O)ccc1)=O,0
mmp2431,OC(c1cc([N+]([O-])=O)ccc1)=O,0
mmp2432,COC(c1ccc(OC)cc1)=O,0
mmp2433,CC(c1ccc(C)cc1)=O,0
mmp2434,[O-][N+](c1ccc(C(Cl)=O)cc1)=O,0
mmp2435,CN1C(C)=C(I)C(=O)N1c2ccccc2,0
mmp2436,Clc1c(c2c(c3c1)C(=O)c(c4C3=O)cccc4)Nc(c5N2)c(c6cc5Cl)C(=O)c(c7C6=O)cccc7,0
mmp2437,COc1cc(c2cc1)c(C(C3N(CC(C=C)C4C3)CC4)O)ccn2,0
mmp2438,COC(c1c(C(OC)=O)cccc1)=O,0
mmp2439,CCCOC(c1c(C(OCCC)=O)cccc1)=O,0
mmp2440,C=CCOC(c1c(C(OCC=C)=O)cccc1)=O,0
mmp2441,CCCCCOC(c1c(C(OCCCCC)=O)cccc1)=O,0
mmp2442,CNCC(C(C(C(CO)O)O)O)O,0
mmp2443,CCC(c1nc(CCN(CC)CC)on1)c2ccccc2,0
mmp2444,OC(c1c(c2nc(c3ccccc3)c1)cccc2)=O,0
mmp2445,OC(CNC(c1c(I)cccc1)=O)=O,0
mmp2446,OC(CCCc1c(c2[nH]c1)cccc2)=O,0
mmp2447,Nc1c(Cl)c(C(O)=O)cc(Cl)c1,0
mmp2448,COc1c(N)cccc1,0
mmp2449,Nc1c(c2ccc1)cccc2,0
mmp2450,Cc1ccc(C(c2ccccc2)=O)cc1,0
mmp2451,CCc1c(CC)cccc1,0
mmp2452,CN(CCN(c1ncccc1)Cc2sccc2)C,0
mmp2453,CCCOC(c1cnc(C(OCCC)=O)cc1)=O,0
mmp2454,CCCCNc1ccc(C(OCCN(C)C)=O)cc1,0
mmp2455,CCCCOC(c1ccccc1)=O,0
mmp2456,Nc1sc(c2n1)cccc2,0
mmp2457,Cc1c(S)cccc1,0
mmp2458,Cc1c(C)cc(N)c(C)c1,0
mmp2459,CCC(CO)C,0
mmp2460,OC(C(O)=O)CC(O)=O,0
mmp2461,CCCCOC(C(O)C)=O,0
mmp2462,NS(c1ccc(C(O)=O)cc1)(=O)=O,0
mmp2463,CC(C1CCC(O)(C)CC1)=C,0
mmp2464,OC(CN(CC(O)=O)CC(O)=O)=O,0
mmp2465,Nc1ccc(Sc2ccc(N)cc2)cc1,0
mmp2466,ClCCOP(OCCCl)OCCCl,0
mmp2467,CC(OCc1ccccc1)=O,0
mmp2468,N#CCc1ccccc1,0
mmp2469,NCCN1CCNCC1,0
mmp2470,NC(Nc1ccc(Cl)cc1)=O,0
mmp2471,CN(C(Nc1ccc(Cl)cc1)=O)C,0
mmp2472,CC(Nc1ccc(C(CCl)=O)cc1)=O,0
mmp2473,CC(OS(OCCCl)=O)COc1ccc(C(C)(C)C)cc1,0
mmp2474,COc1ccc(CC=C)cc1,0
mmp2475,O=NN1CCN(N=O)CC1,0
mmp2476,NNC(CC#N)=O,0
mmp2477,CCOC(C=C)=O,0
mmp2478,OCNC(NCO)=O,0
mmp2479,CCCCOC(CCC(OCCCC)=O)=O,0
mmp2480,CC(COC(CCCCC(OCC(C)C)=O)=O)C,0
mmp2481,CCC(OCCC(CCC=C(C)C)C)=O,0
mmp2482,CCCC(OCCC(CCC=C(C)C)C)=O,0
mmp2483,CCCCOCCOCCOC(CCCCC(OCCOCCOCCCC)=O)=O,0
mmp2484,CCCCCCC(CCCCCCCCCCC(OC)=O)O,0
mmp2485,CC(CCC=C(C)C)CCO,0
mmp2486,CC(C)=CCCC(C)=CC=O,0
mmp2487,CCCCOC(C=C)=O,0
mmp2488,CCCC(Cl)=O,0
mmp2489,CCOC(C)=O,0
mmp2490,CC(C)=CC(C)=O,0
mmp2491,COC(OC)CC(CCCC(O)(C)C)C,0
mmp2492,CCOC(CC(C)=O)=O,0
mmp2493,CCCCCCOC(C(C)=C)=O,0
mmp2494,CC(NCCO)=O,0
mmp2495,CC(C#CC(O)(C)C)(O)C,0
mmp2496,CCCCCC(O)=O,0
mmp2497,OC(CNCC(O)=O)=O,0
mmp2498,CCCCCCC,0
mmp2499,CCCNCCC,0
mmp2500,CCCCCCCCCCCCOC(C(C)=C)=O,0
mmp2501,CCCCCCCCCCCCCCCC(OC(C)C)=O,0
mmp2502,CCCCCCOC(C)=O,0
mmp2503,CCCCOCCCC,0
mmp2504,CCCCCCCCCO,0
mmp2505,CCCCCCCCCCN,0
mmp2506,CCCCCCCCCOC(C)=O,0
mmp2507,CCCCCCNCCCCCC,0
mmp2508,CCCCOCCOCCOCCO,0
mmp2509,NCCCCCCNCCCCCCN,0
mmp2510,COCCOCCOCCOCCOC,0
mmp2511,CCCCCCCCCCCCCCCCN,0
mmp2512,CC(C(C(CO)(C)C)O)C,0
mmp2513,OS(CNc1ccc(S(c2ccc(NCS(O)=O)cc2)(=O)=O)cc1)=O,0
mmp2514,COC(C1C(C2CCC1O)CC(N3C2)c4c(c(c5[nH]4)cccc5)CC3)=O,0
mmp2515,COC(OC)OC,0
mmp2516,COc1ccc(O)cc1,0
mmp2517,COc1ccc(OC)cc1,0
mmp2518,CC(OC(Cc1ccccc1)(C)C)=O,0
mmp2519,CC1(N(c2ccc(Cl)cc2)C(N)=NC(N)=N1)C,0
mmp2520,CCOc1ccc(N)cc1,0
mmp2521,NCCS,0
mmp2522,c1cc2c(c(c(c(c2ccc3)c3cc4)c4cc5)c5cc6)c6c1,0
mmp2523,C(c(c(c1ccc2)c23)ccc1)=C3,0
mmp2524,c1cc2c(c(c3cc2)ccc(c34)cccc4)cc1,0
mmp2525,c1cc(c2cc1)cnnc2,0
mmp2526,O1c(c2Oc(c13)cccc3)cccc2,0
mmp2527,o1c(c2cc1)cccc2,0
mmp2528,C1N(CCN2C1)CC2,0
mmp2529,C1CC(C2CC1)O2,0
mmp2530,C1CCCC1,0
mmp2531,CCOP(OCC)(S)=S,0
mmp2532,CC([N+](C(C)C)(CCOC(C1c(c2Oc(c13)cccc3)cccc2)=O)C)C,0
mmp2533,COC(C(c1ccccc1)C2NCCCC2)=O,0
mmp2534,CS(OCC(C(COS(C)(=O)=O)O)O)(=O)=O,0
mmp2535,CNP(Oc1c(Cl)cc(C(C)(C)C)cc1)(OC)=O,0
mmp2536,NC(C(O)=O)Cc1cc(I)c(O)c(I)c1,0
mmp2537,CCN(CCOC(C(c1ccccc1)(c2ccccc2)O)=O)CC,0
mmp2538,NNc1c(c2cnn1)cccc2,0
mmp2539,CC(Nc1cc2c(c(c3C2)ccc(NC(C)=O)c3)cc1)=O,0
mmp2540,CCN(C(c1cc(OC)c(O)cc1)=O)CC,0
mmp2541,CN(Cc1ccccc1)CC#C,0
mmp2542,CC(Cc1ccc(O)cc1)N,0
mmp2543,CNNC,0
mmp2544,FC1(C(F)(F)C(F)(C2(F)C(F)(F)C1(F)F)C(F)(F)C(F)(F)C(F)(F)C2(F)F)F,0
mmp2545,CCOP(Oc1ccc([N+]([O-])=O)cc1)(OCC)=O,0
mmp2546,CNC(Oc1cc(C)c(N(C)C)c(C)c1)=O,0
mmp2547,CC1C(O)(C)C(O)(C)C(=O)OCC(C(N2CC3)C3OC1=O)=CC2,0
mmp2548,C[N+](C1c(c2c(c13)cccc3)cccc2)(CCCCCC[N+](C4c(c5c(c46)cccc6)cccc5)(C)C)C,0
mmp2549,FC(c1c(Cl)cc(Cl)cc1)(F)F,0
mmp2550,NC(N=CN(C1C(O)C(O)C(CO)O1)C2=O)=N2,0
mmp2551,CC(c(c1OC2=O)ccc(OP(OCCCl)(OCCCl)=O)c1)=C2Cl,0
mmp2552,CC(Oc1c(C(O)=O)ccc(C(F)(F)F)c1)=O,0
mmp2553,CC(OCc1cc(c2cc1)OCO2)=O,0
mmp2554,FC(c1cc(Cl)c(Cl)cc1)(F)F,0
mmp2555,FC(COCC(F)(F)F)(F)F,0
mmp2556,CCCCNC(NS(c1ccc(N)cc1)(=O)=O)=O,0
mmp2557,Fc1c(F)c(F)c(Br)c(F)c1F,0
mmp2558,CC(c1cnccc1)=O,0
mmp2559,CCSCC,0
mmp2560,FC(C(Cl)(Cl)Cl)(F)F,0
mmp2561,FC(C(C(C(C(C(F)(F)F)(F)F)(F)F)(F)F)(F)F)(F)F,0
mmp2562,CC(OCC(C1(C(C)(C2C3)CC(O)C(F)(C24)C(C)(C(=C5)C(F)C4)C=CC5=O)C3OC(C)(C)O1)=O)=O,0
mmp2563,COc1c(c(C2(C3CC(O)C=C2)CCN(C)C4)c4cc1)O3,0
mmp2564,CCCCCCCCCC(OC1C(C)(C2CC1)CCC(C23)C(C(=C4)CC3)CCC4=O)=O,0
mmp2565,CCC(NC(C1C=C(C2N(C)C1)c(c(c3n(C)c4)c4C2)ccc3)=O)CO,0
mmp2566,CCCC(Nc1c2c(n(C3C(OC(CCC)=O)C(C4O3)OP(O)(=O)OC4)cn2)ncn1)=O,0
mmp2567,Oc1c(F)cccc1,0
mmp2568,Nc1c(F)cc(F)cc1,0
mmp2569,OC(CC#N)=O,0
mmp2570,CC1C(C(CO)=O)(O)C(C)(C2C1)CC(O)C(F)(C23)C(C)(C(=C4)CC3)C=CC4=O,0
mmp2571,CCOC(C(F)(F)F)=O,0
mmp2572,[O-][N+](c1c(C(F)(F)F)cccc1)=O,0
mmp2573,Fc1c(C(Cl)=O)cccc1,0
mmp2574,CC(C)=CCCC(C)=O,0
mmp2575,NC#N,0
mmp2576,C1SC1,0
mmp2577,FC(C(C(C(C(C(C(C(Br)(F)F)(F)F)(F)F)(F)F)(F)F)(F)F)(F)F)(F)F,0
mmp2578,CC(CCCC1(C)C)=C1C=O,0
mmp2579,CN(CC(Cn1c(c2nc1)C(=O)N(C)C(=O)N2C)O)CCO,0
mmp2580,OC(c1cc(C(F)(F)F)ccc1)=O,0
mmp2581,CCCC1NCCCC1,0
mmp2582,CC(C)=CCCC(C)=CC(O)=O,0
mmp2583,Fc1ccc(Br)cc1,0
mmp2584,NC(N)=NC#N,0
mmp2585,Fc1ccccc1,0
mmp2586,Nc1cnccc1,0
mmp2587,CCCCCON=O,0
mmp2588,CC1C(C(C)(C)C2CC1)C2,0
mmp2589,CC(C1C(C)(C2CC1)C(O)CC(C23)C(C)(C4CC3O)CCC(O)C4)CCC(NCC(O)=O)=O,0
mmp2590,Cc1cc(C)c(C(O)=O)c(C)c1,0
mmp2591,CC1(C(O)CC2)C2C3C(C(C)(C(=C4)CC3)CCC4=O)CC1,0
mmp2592,CC(C)=CCOc1c(c2cc(c13)C=CC(=O)O3)occ2,0
mmp2593,Oc1c(c2c([N+]([O-])=O)cc1[N+]([O-])=O)cc(S(O)(=O)=O)cc2,0
mmp2594,CC(NC(c1c(O)cccc1)=O)=O,0
mmp2595,CN(CCc1c(c2[nH]c1)cc(O)cc2)C,0
mmp2596,Nc1sc(c2ccccc2)c(N)n1,0
mmp2597,ONC(c1ccccc1)=O,0
mmp2598,OC(c1nc(C(O)=O)ccc1)=O,0
mmp2599,Nc1nc(Nc2ccc(Cl)cc2)ncn1,0
mmp2600,ClC(OCc1ccccc1)=O,0
mmp2601,O=C1OCCCCC1,0
mmp2602,CC(CC(O)=O)CCC=C(C)C,0
mmp2603,C1COC1,0
mmp2604,CC(CC(O)=O)C,0
mmp2605,O=C1CC(=O)CCC1,0
mmp2606,OCCCO,0
mmp2607,C1SCCSC1,0
mmp2608,CC(CCCC(CCCC(CCCC(C=C)(O)C)C)C)C,0
mmp2609,OC(CCCCCCC(O)=O)=O,0
mmp2610,OC(CCCCCCCCCCCC(O)=O)=O,0
mmp2611,CCCCCCCCCCCCCCCCC(O)=O,0
mmp2612,CC(Cl)(C)C,0
mmp2613,COP(OC)(OC)=O,0
mmp2614,CC(C)=CCl,0
mmp2615,CCC(S)C,0
mmp2616,CC(C(Cl)Cl)=O,0
mmp2617,CC(C(CCC(C1=C2)C3(C)C(C(C(O)=O)(C)CCC3)C2)=C1)C,0
mmp2618,CC(C1C(=O)OCC1)=O,0
mmp2619,COc1c(O)cc(C2Oc(c3C(=O)C2)cc(OC4C(O)C(O)C(O)C(COC5C(O)C(O)C(O)C(C)O5)O4)cc3O)cc1,0
mmp2620,CN(CCc1c(c2[nH]c1)c(OP(O)(O)=O)ccc2)C,0
mmp2621,CC1(C(O)CC2)C2C3C(C(C)(C4=CC3)CCC(O)C4)CC1,0
mmp2622,Nc1c(c2ccc1)C(=O)NNC2=O,0
mmp2623,Cc1[n+](CCCCCCCCCC[n+]2c(c3c(N)cc2C)cccc3)c(c4c(N)c1)cccc4,0
mmp2624,Cc1c(C)c(O)ccc1,0
mmp2625,Nc1c(Cl)c(Cl)c(Cl)c(Cl)c1Cl,0
mmp2626,Cc1cc(C)c(O)c(C)c1,0
mmp2627,Cc1c(C(N)=O)cccc1,0
mmp2628,OC(c1cc(C(O)=O)c(C(O)=O)cc1)=O,0
mmp2629,OCC1C(O)C(O)C(O)C(OC2C(CO)OC(O)C(O)C2O)O1,0
mmp2630,OC(c1c(O)cc(NC(c2ccccc2)=O)cc1)=O,0
mmp2631,Cc1c(C=O)cccc1,0
mmp2632,OC1c(c2CCC1)cccc2,0
mmp2633,O=C1c(c2CCC1)cccc2,0
mmp2634,ClCC(c1ccccc1)=O,0
mmp2635,OC(c1ccccc1)C#N,0
mmp2636,Cc1nc(N)c(C[n+]2c(C)c(CCOP(O)(O)=O)sc2)cn1,0
mmp2637,CCC(OC(c1ccccc1)=O)(CN(C)C)C,0
mmp2638,CC1N(CCCOC(c2ccccc2)=O)CCCC1,0
mmp2639,CN1CN(C)C(=S)SC1,0
mmp2640,Cc1ccco1,0
mmp2641,O=C(OCC(OC(Nc1ccccc1)=O)CN2CCCCC2)Nc3ccccc3,0
mmp2642,Nc1nc(Nc2ccccc2)ncn1,0
mmp2643,CC(Nc1cc(C)ccc1)=O,0
mmp2644,CCCCCCCC(OCC(OC(CCCCCCC)=O)COC(CCCCCCC)=O)=O,0
mmp2645,CC(Cc1ccccc1)C,0
mmp2646,CCCCCOC(CCCCC)=O,0
mmp2647,Cc1ccc(N)cc1,0
mmp2648,OCCBr,0
mmp2649,ClC=CCl,0
mmp2650,CC(CC(C)(C)C)C,0
mmp2651,CC(OC(C)(C)C)=O,0
mmp2652,C[Si]1(O[Si](C)(C)O[Si](C)(C)O[Si](C)(C)O[Si](C)(C)O1)C,0
mmp2653,C[Si]1(O[Si](C)(C)O[Si](C)(C)O1)C,0
mmp2654,CCOC(Cl)=O,0
mmp2655,CC(C)=CC(O)=O,0
mmp2656,Clc1cc(Cl)ccc1,0
mmp2657,CCOC(NC(C(Cl)(Cl)Cl)O)=O,0
mmp2658,Cc1nc(N)nc(N)n1,0
mmp2659,O=C1OCCCC1,0
mmp2660,CC(CON=O)C,0
mmp2661,ClCCC#N,0
mmp2662,ClCOCCl,0
mmp2663,CC(CCCC(O)(C)C)N,0
mmp2664,CCCCCC(O)C,0
mmp2665,CC(CCCC(N)C)C,0
mmp2666,CCCCON=O,0
mmp2667,CCCCSCCCC,0
mmp2668,CCCCCCCCCCCCCC(O)=O,0
mmp2669,CCCCCCCCCCCCCCCC,0
mmp2670,CCCCCCCCCCCCCCCCI,0
mmp2671,COC(C(O)C)=O,0
mmp2672,Oc1c(c2c(S(O)(=O)=O)cc1I)nccc2,0
mmp2673,CN1C(=O)c(c2C1=O)cccc2,0
mmp2674,CC1(C(C(O)=O)N(C2S1)C(=O)C2N)C,0
mmp2675,OC(c1c([N+]([O-])=O)cccc1)=O,0
mmp2676,OC(c1cc(c2cc1)C(=O)OC2=O)=O,0
mmp2677,Cc1c(CCl)cccc1,0
mmp2678,COc1c(OC(Oc2c(OC)cccc2)=O)cccc1,0
mmp2679,c1nccc(c2ccncc2)c1,0
mmp2680,NNC(c1cnccc1)=O,0
mmp2681,Nc1c(Cl)cc(Cl)cc1,0
mmp2682,CCC(OC)=O,0
mmp2683,OC(c1cc(C(O)=O)cc(C(O)=O)c1)=O,0
mmp2684,CCCCCCCCCCCCCCCC(OCC(OC(CCCCCCCCCCCCCCC)=O)COC(CCCCCCCCCCCCCCC)=O)=O,0
mmp2685,OCC1OC1,0
mmp2686,CN=C=S,0
mmp2687,C[Si]1(O[Si](C)(C)O[Si](C)(C)O[Si](C)(C)O1)C,0
mmp2688,CC(C)=CCO,0
mmp2689,NC(N)=N[N+]([O-])=O,0
mmp2690,CN(CCOC(c1ncccc1)(c2ccccc2)C)C,0
mmp2691,CCC(CC)(C)C,0
mmp2692,NNC(N)=O,0
mmp2693,CC(CCl)=C,0
mmp2694,CC=C(Cl)Cl,0
mmp2695,CC(C(C)=O)C,0
mmp2696,CCC(C(C)=O)C,0
mmp2697,CC1(C(=O)CC2)C2C3C(C(C)(C(=C4O)CC3)CCC4=O)CC1,0
mmp2698,OC(c1c(C(O)=O)c(C(O)=O)ccc1)=O,0
mmp2699,Cc1c(c2c(C)cc1)cccc2,0
mmp2700,Cc1c(C)c(c2cc1)cccc2,0
mmp2701,OCC1C(O)C(O)C(O)C(OC2C(O)C(CO)(O)OC2CO)O1,0
mmp2702,Cc1c(O)c(C)ccc1,0
mmp2703,CC(c1c([N+]([O-])=O)cccc1)=O,0
mmp2704,OC(C(c1ccccc1)Cc2cc(I)c(O)c(I)c2)=O,0
mmp2705,Cc1cc(N)c([N+]([O-])=O)cc1,0
mmp2706,CC(NC(C(c1ccc(O)cc1)O)C)COc2ccccc2,0
mmp2707,CCc1c(N)c(CC)ccc1,0
mmp2708,Cc1cc(c2cc1)ccc(C)c2,0
mmp2709,NC(N1Cc(c2CC1)cccc2)=N,0
mmp2710,CC(C)=C1CC=C(C)CC1,0
mmp2711,OCc1ncccc1,0
mmp2712,[O-][N+](OCCN(CCO[N+]([O-])=O)CCO[N+]([O-])=O)=O,0
mmp2713,Cc1ccc(CO)cc1,0
mmp2714,CCCC(CC)C,0
mmp2715,CCCC(CC)=O,0
mmp2716,CCCCOC(CC)=O,0
mmp2717,BrCC#N,0
mmp2718,CC(OC(N)=O)C[N+](C)(C)C,0
mmp2719,CC(CC=O)C,0
mmp2720,Cc1cc(Br)ccc1,0
mmp2721,Nc1cc(O)ccc1,0
mmp2722,COc1cc(C=O)ccc1,0
mmp2723,CCCCNC(N)=O,0
mmp2724,CCCCC=C,0
mmp2725,C=CCCC#N,0
mmp2726,CCCCCCCCCCCC(C)=O,0
mmp2727,NC(N)=N,0
mmp2728,ClC(Br)(Br)Cl,0
mmp2729,CC(Cl)(Cl)C,0
mmp2730,ClSC(Cl)(Cl)Cl,0
mmp2731,CC(C(O)=O)(O)C,0
mmp2732,CC([N+]([O-])=O)(Cl)Cl,0
mmp2733,CCC(C(O)=O)(C)C,0
mmp2734,C[N+]1(CC(OC(C(c2ccccc2)(C3CCCC3)O)=O)CC1)C,0
mmp2735,CC(C(O)=O)(CC(O)=O)C,0
mmp2736,COC(N)=O,0
mmp2737,CC(C(O)=O)Br,0
mmp2738,CC(C(Cl)Cl)Cl,0
mmp2739,CC(C(O)=O)Cl,0
mmp2740,OC(C(CBr)Br)=O,0
mmp2741,CCC([N+]([O-])=O)Cl,0
mmp2742,Cc1c([N+]([O-])=O)cccc1N,0
mmp2743,CC(OC(c1c(C(OC(C)C)=O)cccc1)=O)C,0
mmp2744,[O-][N+](c1c(c2ccc1)cccc2[N+]([O-])=O)=O,0
mmp2745,CC(CO)(N)C,0
mmp2746,Cc1c([N+]([O-])=O)cccc1[N+]([O-])=O,0
mmp2747,Cc1c(O)cccc1O,0
mmp2748,OCC(C(C(C(CO)O)O)O)O,0
mmp2749,Clc1c(Cl)c(Cl)c(Cl)c(Cl)c1,0
mmp2750,CCOC(C(C(C)=O)Cl)=O,0
mmp2751,Oc1c(S(O)(=O)=O)cccc1,0
mmp2752,Cc1cc(S(O)(=O)=O)c(C)cc1,0
mmp2753,[O-][N+](c1c(C(Cl)=O)cccc1)=O,0
mmp2754,[O-][N+](c1c(CC#N)cccc1)=O,0
mmp2755,COC(c1c(Cl)cccc1)=O,0
mmp2756,[O-][N+](c1c(Cl)cc(Cl)cc1)=O,0
mmp2757,Cc1c(N=O)cccc1,0
mmp2758,Cc1c(c2ccc1)nccc2,0
mmp2759,OC(c1ccccc1)C(O)=O,0
mmp2760,[O-][N+](c1c(CCl)cccc1)=O,0
mmp2761,Cc1cc(c2cc1)nccc2,0
mmp2762,CNC(c1ccccc1)=O,0
mmp2763,CN(c1ccccc1)N=O,0
mmp2764,CC(OOC(c1ccccc1)=O)(C)C,0
mmp2765,CCOC(N(N=O)C)=O,0
mmp2766,OCC(CCl)Cl,0
mmp2767,COC(OC)=O,0
mmp2768,O=C1NCCC1,0
mmp2769,CC(NC(C(O)=O)CS)=O,0
mmp2770,CC(C(O)=O)CCC(O)=O,0
mmp2771,CCN(C=O)CC,0
mmp2772,Nc1cc(C(O)=O)cc(N)c1,0
mmp2773,OC(c1cc([N+]([O-])=O)cc(C(O)=O)c1)=O,0
mmp2774,[O-][N+](c1cc(CCl)ccc1)=O,0
mmp2775,OC(c1ccc(C#N)cc1)=O,0
mmp2776,OC(c1ccc(C=O)cc1)=O,0
mmp2777,NNc1ccc(C(O)=O)cc1,0
mmp2778,NC(c1ccc([N+]([O-])=O)cc1)=O,0
mmp2779,CCc1cc(C)ccc1,0
mmp2780,CCc1cc(O)ccc1,0
mmp2781,CCOc1ccc(NC(C)=Nc2ccc(OCC)cc2)cc1,0
mmp2782,CCOc1cc(N)ccc1,0
mmp2783,CC(Nc1cc(O)ccc1)=O,0
mmp2784,CCCN(N=O)CCC,0
mmp2785,Cc1ccc(NC(N)=O)cc1,0
mmp2786,CCOc1ccc(O)cc1,0
mmp2787,Cc1ccc(C=C)cc1,0
mmp2788,CC(OCc1ccco1)=O,0
mmp2789,CCCC(OC)=O,0
mmp2790,CC(OC(C)=O)COC(C)=O,0
mmp2791,CCC(COC(C)=O)C,0
mmp2792,CSSC,0
mmp2793,CC(CC#N)C,0
mmp2794,COCC(O)=O,0
mmp2795,OCC[N+]([O-])=O,0
mmp2796,CC(OC=O)C,0
mmp2797,CC(CC(O)C)O,0
mmp2798,Cc1ccc(C)o1,0
mmp2799,N#Cc1cc(C#N)ccc1,0
mmp2800,Nc1cc(Cl)cc(Cl)c1,0
mmp2801,CCOCC(O)=O,0
mmp2802,CCCC[N+]([O-])=O,0
mmp2803,OCCCBr,0
mmp2804,COC(CCCCC(OC)=O)=O,0
mmp2805,CCCCCC(N)=O,0
mmp2806,O=CNNC=O,0
mmp2807,CC(CCCC(O)=O)C,0
mmp2808,CCCCCOC(C)=O,0
mmp2809,NC(CCCCC(N)=O)=O,0
mmp2810,CCCCCCCCCCCCCCCC(OCC)=O,0
mmp2811,BrCCCCCCBr,0
mmp2812,CCCCCCC#N,0
mmp2813,OCCCCCCO,0
mmp2814,CCOCCOCC,0
mmp2815,CCCSSCCC,0
mmp2816,CCCCCCCCCCCCC,0
mmp2817,CCCCCCCCCCCCCC,0
mmp2818,CCCCCCCCCCCCCCC,0
mmp2819,CCCCCCCCCCCCCCCBr,0
mmp2820,CCCCCCCCCCCCCCCO,0
mmp2821,CCCCCCCCCCCCCCCCC,0
mmp2822,ClCC(Cl)(Cl)Cl,0
mmp2823,OC(C(Br)Br)=O,0
mmp2824,Brc1c(Br)c(c2c(Br)c1Br)C(=O)OC2=O,0
mmp2825,Clc1c(Cl)c(Cl)c(Cl)cc1,0
mmp2826,Clc1cc(Cl)c(Cl)c(Cl)c1,0
mmp2827,COc1c(OC)c(OC)cc(C(N2CCOCC2)=O)c1,0
mmp2828,CCCCCCI,0
mmp2829,CCCCCCCCCCCCC(O)=O,0
mmp2830,CCCCCCCCCCCCCCCCCC#N,0
mmp2831,NC(CF)=O,0
mmp2832,CCC1C(O)(C)C(O)C(C)C(=O)C(C)CC(O)(C)C(OC2C(O)C(N(C)C)CC(C)O2)C(C)C(OC3OC(C)C(O)C(OC)(C)C3)C(C)C(=O)O1,0
mmp2833,Cc1ccc(c2ccccc2)cc1,0
mmp2834,CN(C(Oc1nn(C(N(C)C)=O)c(C)c1)=O)C,0
mmp2835,[O-][N+](c1cc(I)ccc1)=O,0
mmp2836,NC(c1cc([N+]([O-])=O)ccc1)=O,0
mmp2837,CCCC=C(C=O)CC,0
mmp2838,CCCCCC[N+]([O-])=O,0
mmp2839,OC1C(C2OC1)OCC2O,0
mmp2840,CCCCCCCCCCCCCCCCCCCCCCO,0
mmp2841,Cc1ccc(S(NC(NC2CCCCC2)=O)(=O)=O)cc1,0
mmp2842,CCCCCCCCCCCCCCCCC(C(C(O)=O)(CC(O)=O)O)C(O)=O,0
mmp2843,FC(C(C(C(C(F)(F)F)(F)F)(F)F)(F)F)(F)F,0
mmp2844,CN(P(N(C)C)(N(C)C)=O)C,0
mmp2845,CC(C(O)=O)(CCC(O)=O)C,0
mmp2846,CO[Si](OC)(OC)OC,0
mmp2847,NC(C(Cl)Cl)=O,0
mmp2848,CN(C(N)=O)N=O,0
mmp2849,CCN(C(C)=O)CC,0
mmp2850,CCSCCCl,0
mmp2851,CC(N=C=NC(C)C)C,0
mmp2852,OC(CCCCCCCCCCC(O)=O)=O,0
mmp2853,CCCCCCCCCBr,0
mmp2854,Cc1[nH]ccn1,0
mmp2855,CCC1OC(=O)CC1,0
mmp2856,CCCC1OC(=O)CCC1,0
mmp2857,OP(Oc1ccccc1)(O)=O,0
mmp2858,CCCCCC1OC(=O)CCC1,0
mmp2859,CCCCCCC1OC(=O)CC1,0
mmp2860,CC(c1cc(C(C)C)cc(C(C)C)c1)C,0
mmp2861,ClC(c1c(Cl)c(Cl)c(C(Cl)=O)c(Cl)c1Cl)=O,0
mmp2862,COP(SCN1C(=O)c(c2C1=O)cccc2)(OC)=S,0
mmp2863,CCN(CCCC(Nc1c(c2ncc1)ccc(Cl)c2)C)CCO,0
mmp2864,COP(OC)(C)=O,0
mmp2865,CCN(C(N)=O)N=O,0
mmp2866,CCCN(C(SCC)=O)CCC,0
mmp2867,ClCC(C=C)Cl,0
mmp2868,CCOP(OCC)O,0
mmp2869,CCOCCC(OCC)=O,0
mmp2870,C=COCCOCCOC=C,0
mmp2871,CC(Nc1ccccc1)C,0
mmp2872,CCOP(SCSc1ccc(Cl)cc1)(OCC)=S,0
mmp2873,CCC1(C(C#C)(O)CC2)C2C3C(C(C(=C4)CC3)CCC4=O)CC1,0
mmp2874,COP(OC)(O)=O,0
mmp2875,CC(C(C(O)=O)=O)(C)C,0
mmp2876,OCCOC(C=C)=O,0
mmp2877,O=C=NCCCCCCN=C=O,0
mmp2878,Cc1[nH]cnc1,0
mmp2879,ClC1C(=O)CCCC1,0
mmp2880,CC1(NC(C)(C)CC(=O)C1)C,0
mmp2881,O=C1C(C2C(=O)O1)C3CC2C=C3,0
mmp2882,CC1OC(C)OC(OC(C)=O)C1,0
mmp2883,CC1(SC(C)(C)SC(C)(C)S1)C,0
mmp2884,O=C1CCCCCCCCCCC1,0
mmp2885,NC(N)=NC(N)=NCCc1ccccc1,0
mmp2886,OP(Oc1ccccc1)(Oc2ccccc2)=O,0
mmp2887,Cc1c(N)ccc(Cc2cc(C)c(N)cc2)c1,0
mmp2888,OCCN1C(=O)N(CCO)C(=O)N(CCO)C1=O,0
mmp2889,CC(C(OCCO)=O)=C,0
mmp2890,CCCCCSCCCCC,0
mmp2891,CN1C(=O)CCC1,0
mmp2892,CC(C1C(=O)CCCC1)=O,0
mmp2893,Clc1cc(Cl)c(C=O)cc1,0
mmp2894,Cc1c([N+]([O-])=O)c(c2cc1)cccc2,0
mmp2895,S(c1ccccc1)Sc2ccccc2,0
mmp2896,CCO[Si](OCC)(OCC)CCCN,0
mmp2897,CCO[Si](OCC)(OCC)CCC#N,0
mmp2898,CCCCN(N=O)CCCC,0
mmp2899,NCCOCCO,0
mmp2900,C=CC1OC1,0
mmp2901,O=NN1CCCC1,0
mmp2902,O=C1C=CCCC1,0
mmp2903,OC1(C#N)CCCCC1,0
mmp2904,O=NN1CCCCCC1,0
mmp2905,CC1(C(=O)C(C)(C)C1=O)C,0
mmp2906,Nc1[nH]c(c2n1)cccc2,0
mmp2907,CN(c1ccc([N+]([O-])=O)cc1)N=O,0
mmp2908,CCOP(Sc1ccccc1)(CC)=S,0
mmp2909,O=C1NCCCCCCCCCCC1,0
mmp2910,COP(Oc1ccc([N+]([O-])=O)cc1)(OC)=O,0
mmp2911,COC(SC(=O)N1CSP(OC)(OC)=S)=N1,0
mmp2912,CN(C(C(c1ccccc1)c2ccccc2)=O)C,0
mmp2913,CCOP(Oc1nc(C(C)C)nc(C)c1)(OCC)=O,0
mmp2914,CCOc1nnc(NS(c2ccc(N)cc2)(=O)=O)cc1,0
mmp2915,ON1C(c2ccccc2)=C(C3=NC(=O)C1)C=C(Cl)C=C3,0
mmp2916,CC1(OC(=O)CC2)C2C3C(C(C)(C(=C4)CC3)C=CC4=O)CC1,0
mmp2917,CC1(C2C(C3C(C4(OC(=O)CC4)CC3)(C)CC2)C=C5)C5=CC(=O)CC1,0
mmp2918,C[N+](CCCl)(C)C,0
mmp2919,C[Si](N[Si](C)(C)C)(C)C,0
mmp2920,CCCCCCCCCCCl,0
mmp2921,CCCCCCCCCCCCCCC(O)=O,0
mmp2922,CCNc1nc(Cl)nc(N)n1,0
mmp2923,CC(c1ccc(C(C)=O)cc1)=O,0
mmp2924,CCNc1nc(SC)nc(NCC)n1,0
mmp2925,C=CCN1C(=O)N(CC=C)C(=O)N(CC=C)C1=O,0
mmp2926,Cc1ccc(S(NC(NC2CCCCCCC2)=O)(=O)=O)cc1,0
mmp2927,COCCO[Si](C=C)(OCCOC)OCCOC,0
mmp2928,CCC(NCCNC(CO)CC)CO,0
mmp2929,CC(c1[nH]ccc1)=O,0
mmp2930,COc1c(C(C)C)ccc(C)c1,0
mmp2931,CCOc1ccc(NC(CC(O)C)=O)cc1,0
mmp2932,CCC(C(c1ccccc1)(c2ccccc2)CC(N(C)C)C)=O,0
mmp2933,CNC(CSP(OC)(OC)=O)=O,0
mmp2934,CCCCN(C(SCCC)=O)CC,0
mmp2935,CC(COC(C(CO)(C)C)=O)(CO)C,0
mmp2936,C[S+](CCC(C(O)=O)N)C,0
mmp2937,OCCN(N=O)CCO,0
mmp2938,CCCCCCCC(OCCCCCC)=O,0
mmp2939,CC(NC(N)=O)(C)C,0
mmp2940,CC(OC(CCCC(C=C)=C)(C)C)=O,0
mmp2941,CCCC[Sn](Cl)(Cl)Cl,0
mmp2942,CCCCCCCC(N(C)C)=O,0
mmp2943,COC(CCCC(OC)=O)=O,0
mmp2944,CCCCCCCCCCC,0
mmp2945,CCCCCCCCCCCCC=C,0
mmp2946,O=S1(OCCC1)=O,0
mmp2947,C1CCCNCCC1,0
mmp2948,CN(c1ccncc1)C,0
mmp2949,CC(c1ncccc1)=O,0
mmp2950,CC(c1ccccc1)CO,0
mmp2951,Cc1c(C)nc(C)c(C)n1,0
mmp2952,[O-][N+](c1cc[n+]([O-])cc1)=O,0
mmp2953,CCSC(N(C1CCCCC1)CC)=O,0
mmp2954,OC(c1cc(c2cc1)ccc(C(O)=O)c2)=O,0
mmp2955,Brc1ccc(C2C(=O)c(c3C2=O)cccc3)cc1,0
mmp2956,CCN(C(N(CC)CC)=O)CC,0
mmp2957,CC(C)=CCOC(C)=O,0
mmp2958,SCCCCCCCCS,0
mmp2959,ON=C1CCCC1,0
mmp2960,CC(CCCC1=O)=C1,0
mmp2961,CC(NC1C(=O)SCC1)=O,0
mmp2962,CC1(C(=O)C2(C)C)CC2CC1,0
mmp2963,Cc1ccc(C(O)(C)C)cc1,0
mmp2964,CCN(S(c1ccc(C(O)=O)cc1)(=O)=O)CC,0
mmp2965,O=[Bi]O[Bi]=O,0
mmp2966,O=[Cd],0
mmp2967,O=[Mo](=O)=O,0
mmp2968,CCCCCCCCCCCC(OCC(CO)O)=O,0
mmp2969,CCCCCCCCCCCCCCCCCC(OCC(O)C)=O,0
mmp2970,CC1(C(CC12)C(=C)CC2)C,0
mmp2971,CC1(C2C(C3C(C(C)(C4=CC3=O)CCC(C)(C45)CCC(C(O)=O)(C)C5)(C)CC2)(C)CCC1OC6C(OC7C(O)C(O)C(O)C(C(O)=O)O7)C(O)C(O)C(C(O)=O)O6)C,0
mmp2972,CC(CCCC(CCCC(CCCC1(Oc(c2CC1)c(C)c(C)c(O)c2C)C)C)C)C,0
mmp2973,CCCOC(Cc1cc(OC)c(OCC(N(CC)CC)=O)cc1)=O,0
mmp2974,CC(C1C(C)(C2CC1C#N)CCC(C23)C(C)(C4=CC3)CCC(O)C4)=O,0
mmp2975,C(n1cccc1)c2ccco2,0
mmp2976,N#Cc1ncsc1,0
mmp2977,NC(c1ccncc1)=O,0
mmp2978,COC(c1cc(C(OC)=O)ccc1)=O,0
mmp2979,C[Se]CCC(C(O)=O)N,0
mmp2980,COc1c(C(O)=O)c(OC)ccc1,0
mmp2981,ClCC=CCCl,0
mmp2982,NCc1cc(CN)ccc1,0
mmp2983,COc1c(N2CCN(CCCC(c3ccc(F)cc3)=O)CC2)cccc1,0
mmp2984,CCOP(Cl)(Cl)=O,0
mmp2985,OCC(CBr)(CBr)CBr,0
mmp2986,CC(Cc1ccc(CC(O)=O)cc1)C,0
mmp2987,CCCCC(COCCO)CC,0
mmp2988,CC1(Oc(c2C1)c(O)ccc2)C,0
mmp2989,CCCOCC(O)C,0
mmp2990,COC(c1ccc(C=O)cc1)=O,0
mmp2991,OP(c1ccccc1)(O)=O,0
mmp2992,CCc1ccc(Br)cc1,0
mmp2993,CN(NC(CCC(O)=O)=O)C,0
mmp2994,Cc1cnc(N)cc1,0
mmp2995,CC1CCN(CCCC(c2ccc(F)cc2)=O)CC1,0
mmp2996,CC1(C(O)C2(C)C)CC2CC1,0
mmp2997,OC(O)=O,0
mmp2998,COC(C)(C)C,0
mmp2999,CCOC(CC(C(OCC)=O)SP(OC)(OC)=O)=O,0
mmp3000,CC(C(C)(C)c(c12)cccc1)=N2,0
mmp3001,CCN(C(N1CCN(C)CC1)=O)CC,0
mmp3002,CSC(C=NO)(C)C,0
mmp3003,C=CCCCCCCC=C,0
mmp3004,Fc1ccc(C(CCCN2CCN(c3ncccc3)CC2)=O)cc1,0
mmp3005,CC(OC(C=C)=O)(C)C,0
mmp3006,Cc1cc(OCC2OC(=O)NC2)cc(C)c1,0
mmp3007,SC1CCCC1,0
mmp3008,OCC1CC=CCC1,0
mmp3009,COC(c1ccc(C(O)=O)cc1)=O,0
mmp3010,CC(CC(OC(C)(C)C)=O)=O,0
mmp3011,NC(C=NN(c1ccccc1)C2=O)=C2Cl,0
mmp3012,OC(c1c(Cl)ccc(Cl)n1)=O,0
mmp3013,OC(CC(C(O)=O)C(C(O)=O)CC(O)=O)=O,0
mmp3014,CC(COC(COc1c(Cl)cc(Cl)cc1)=O)C,0
mmp3015,CCCCCCCCCC,0
mmp3016,CN(CCC#N)C,0
mmp3017,CON(C(Nc1ccc(Cl)cc1)=O)C,0
mmp3018,COc1cc(c2cc1)sc(N)n2,0
mmp3019,CO[Si](OC)(OC)CCCNCCN,0
mmp3020,NC1CCC(CC2CCC(N)CC2)CC1,0
mmp3021,N#CCCCC(C#N)CCC#N,0
mmp3022,OCc1c(Cl)cc(Cl)cc1,0
mmp3023,OC(c1ccccc1)(c2ccccc2)C3CCNCC3,0
mmp3024,CCC1NS(=O)(=O)c(c2N1)cc(S(N)(=O)=O)c(Cl)c2,0
mmp3025,Cc1nc(N)ccc1,0
mmp3026,CCCCOCNC(C=C)=O,0
mmp3027,CC(C=Cc1ccccc1)=O,0
mmp3028,Nc1c(Cl)c(C(O)=O)nc(Cl)c1Cl,0
mmp3029,CCCCOCCOC(COc1c(Cl)cc(Cl)cc1)=O,0
mmp3030,CCCSC(N(CCC)CCC)=O,0
mmp3031,Clc1nc(C(Cl)(Cl)Cl)ccc1,0
mmp3032,Cc1c([N+]([O-])=O)cccc1C(O)=O,0
mmp3033,Cc1c(C(O)=O)c([N+]([O-])=O)ccc1,0
mmp3034,OP(CP(O)(O)=O)(O)=O,0
mmp3035,COc1c(Cl)ccc(Cl)c1,0
mmp3036,OC(COc1c(Cl)cc(Cl)cc1)=O,0
mmp3037,CCSC(N(CC(C)C)CC(C)C)=O,0
mmp3038,CCCCCCCCCCCCCCCCN(C)C,0
mmp3039,CCCCCCCCN(C)C,0
mmp3040,NC(N)=NC(c1c(N)nc(N)c(Cl)n1)=O,0
mmp3041,CCOC(CCc1ccccc1)=O,0
mmp3042,CCO[Si](OCC)(OCC)C,0
mmp3043,CNC(Oc1cc(C)c(N(C)C)cc1)=O,0
mmp3044,O=C1Oc(c2C(=O)N1)cccc2,0
mmp3045,CN(C(CC(C)=O)=O)C,0
mmp3046,CCCCCNCCCCC,0
mmp3047,Brc1c(c2ccccc2)cccc1,0
mmp3048,CCCCOC(CCC(C)=O)=O,0
mmp3049,Fc1ccc(C(CCCN2CCC(N3c(c4NC3=O)cccc4)CC2)=O)cc1,0
mmp3050,CC(C(OCCCCOC(C(C)=C)=O)=O)=C,0
mmp3051,NCCCCCCN,0
mmp3052,CC1C(C(CO)=O)(O)C(C)(C2C1)CC(O)C(F)(C23)C(C)(C(=C4)C(F)C3)C=CC4=O,0
mmp3053,CCCCCCCCCCOC(C=C)=O,0
mmp3054,CN(C(Nc1cc(C(F)(F)F)ccc1)=O)C,0
mmp3055,NC(N)=NCC1Oc(c2OC1)cccc2,0
mmp3056,C=CCSSCC=C,0
mmp3057,CCCSSCC=C,0
mmp3058,ClCCOC(C=C)=O,0
mmp3059,CC(NC(C=C)=O)C,0
mmp3060,CCSC(N1CCCCCC1)=O,0
mmp3061,CC(C1C(O)CC(C)CC1)C,0
mmp3062,Cc1c(O)c(C(C)(C)C)ccc1,0
mmp3063,CC(C1CC(=O)C(C)=CC1)=C,0
mmp3064,CCOP(SCSc1c(Cl)ccc(Cl)c1)(OCC)=S,0
mmp3065,CCCCCCCCC1OC(=O)CC1,0
mmp3066,C(c1ccccc1)Nc2c3c(n(C4OCCCC4)cn3)ncn2,0
mmp3067,CCCCCCOC(C(C)C)=O,0
mmp3068,CC(C(OCCOCCOC(C(C)=C)=O)=O)=C,0
mmp3069,COC(CS)=O,0
mmp3070,ClC1(C(C(Cl)(C2(Cl)C3(Cl)Cl)C45Cl)(Cl)C2(C(Cl)(C34Cl)C15Cl)Cl)Cl,0
mmp3071,O=C(C1CC(C2CC1)O2)OCC3CC(C4CC3)O4,0
mmp3072,CC1C(C(COP(O)(O)=O)=O)(O)C(C)(C2C1)CC(O)C(F)(C23)C(C)(C(=C4)CC3)C=CC4=O,0
mmp3073,COc1cc(Br)ccc1,0
mmp3074,OC(c1c[n+]([O-])ccc1)=O,0
mmp3075,Clc1c(Cl)nc(Cl)c(Cl)c1,0
mmp3076,CCCCCCCCC1OC1,0
mmp3077,Cc1c(C)c(O)c(C)cc1,0
mmp3078,CCCCCCCCCCCCCCCl,0
mmp3079,C(COCC1OC1)CCOCC2OC2,0
mmp3080,CCCCOCC1OC1,0
mmp3081,CC(C=C)CCC=C(C)C,0
mmp3082,CCCCCCCCCCCC#N,0
mmp3083,CCCCCCCCCCCC=C,0
mmp3084,CN(CCOC(C=C)=O)C,0
mmp3085,COc1c(OC)c(NS(c2ccc(N)cc2)(=O)=O)ncn1,0
mmp3086,O=C1N(CC2OC2)C(=O)N(CC3OC3)C(=O)N1CC4OC4,0
mmp3087,CC(C(OCC1OCCC1)=O)=C,0
mmp3088,COC(c1cc(C(OC)=O)c(C(OC)=O)cc1)=O,0
mmp3089,CCCCC(COCC1OC1)CC,0
mmp3090,CCCCCCCCCCCCOCC1OC1,0
mmp3091,C[Si](O[Si](CCCN)(C)C)(CCCN)C,0
mmp3092,CCCCCCCCCCl,0
mmp3093,CCCCCCCCCCCCCOC(C(C)=C)=O,0
mmp3094,CC(C(OCc1ccccc1)=O)=C,0
mmp3095,CCC(C=CC)=O,0
mmp3096,CCCCCCCCOC(C=C)=O,0
mmp3097,CCCCCCOC(C=C)=O,0
mmp3098,C(C(NCC1)=N1)N(c2ccccc2)Cc3ccccc3,0
mmp3099,CCOC(C(Cc1cc(O)c(O)cc1)(N)C)=O,0
mmp3100,COP(OC)(Cl)=S,0
mmp3101,CO[Si](OC)(OC)CCCOCC1OC1,0
mmp3102,CO[Si](OC)(OC)CCCOC(C(C)=C)=O,0
mmp3103,CCCCOCCOC(COc1c(Cl)cc(Cl)c(Cl)c1)=O,0
mmp3104,CC(CCc1ccccc1)=O,0
mmp3105,C1CCC(SSC2CCCCC2)CC1,0
mmp3106,NCC1CC(CN)CCC1,0
mmp3107,O=CN1CCCCC1,0
mmp3108,CCOc1snc(C(Cl)(Cl)Cl)n1,0
mmp3109,CC(Nc1ccc(OC(C)=O)cc1)=O,0
mmp3110,Oc1cc(S(O)(=O)=O)c(O)cc1,0
mmp3111,NC(c1c(N)n(C2C(O)C(O)C(CO)O2)cn1)=O,0
mmp3112,CCCCCCOC(CCC)=O,0
mmp3113,OC(CNC(c1ccc([N+]([O-])=O)cc1)=O)=O,0
mmp3114,CCN1C(=O)CCC1,0
mmp3115,C=CCOC(CCC1CCCCC1)=O,0
mmp3116,CCN(C(Cc1ccc(OC)cc1)C)CCCCOC(c2cc(OC)c(OC)cc2)=O,0
mmp3117,CC(c1cc(C(N=C=O)(C)C)ccc1)(N=C=O)C,0
mmp3118,CCOP(OCC)(CN(CCO)CCO)=O,0
mmp3119,CCCc1cc(OC)c(O)cc1,0
mmp3120,CCCOCCO,0
mmp3121,CC(C(NC(C)=CC1=O)=N1)C,0
mmp3122,CC(CC(OCC=C)=O)C,0
mmp3123,CC1(CC(CN)(C)CC(N)C1)C,0
mmp3124,CN(CCOC(C(C)=C)=O)C,0
mmp3125,OC(C(=O)C1=O)=C1O,0
mmp3126,COC(c1cc(Cl)ccc1)=O,0
mmp3127,CCCCOC(CCCCCCCC(OCCCC)=O)=O,0
mmp3128,COC(CCS)=O,0
mmp3129,CCSC(Cl)=O,0
mmp3130,CC(c1ccc(C(O)(C)C)cc1)(O)C,0
mmp3131,CC(NC(C)=C(Cl)C1=O)=C1Cl,0
mmp3132,CO[Si](c1ccccc1)(OC)OC,0
mmp3133,N#CSCc1ccccc1,0
mmp3134,ClC(C#N)Cl,0
mmp3135,C[N+](CC1OC1)(C)C,0
mmp3136,CC(C(=O)NC(=O)N1C2C=CC(CO)O2)=C1,0
mmp3137,CON(C(Nc1ccc(Br)cc1)=O)C,0
mmp3138,CC1OC(=O)C1,0
mmp3139,COc1cc(C(CNC(CN)=O)O)c(OC)cc1,0
mmp3140,CC1C(O)C(O)C(N2C(=O)NC(=O)C(F)=C2)O1,0
mmp3141,CC(c1ccc(OCC2OC2)cc1)(C)C,0
mmp3142,Cc1c([N+]([O-])=O)ccc(C(O)=O)c1,0
mmp3143,CC(C=Cc1cc(c2cc1)OCO2)=O,0
mmp3144,Fc1ccc(C(CCCN2CC(N3CC2)CCC3)=O)cc1,0
mmp3145,Cc1c(N)ccc(Cl)c1,0
mmp3146,CCCCCCCCCCOC(C(C)=C)=O,0
mmp3147,CC1C(=O)CCO1,0
mmp3148,[O-][N+](c1c(Cl)c(Cl)ccc1)=O,0
mmp3149,CCCCCCCCCCCCC1OC1,0
mmp3150,BrC(C#N)Br,0
mmp3151,CSCCC=O,0
mmp3152,CCC(COC(C(C)=C)=O)(COC(C(C)=C)=O)COC(C(C)=C)=O,0
mmp3153,OCC(CBr)(CBr)CO,0
mmp3154,CC(C(C#N)(C)C)(C#N)C,0
mmp3155,COC(NS(c1ccc(N)cc1)(=O)=O)=O,0
mmp3156,CCCCCCCCCCCC(N(CC)CC)=O,0
mmp3157,CCCCCCCCCCCCCCCCCCCl,0
mmp3158,Nc1nc(Cl)nc(N)n1,0
mmp3159,CC(CC(C)(C)C)CCO,0
mmp3160,C[N+]1(CC(OC(C(c2ccccc2)(c3ccccc3)O)=O)C4CC1)CC4,0
mmp3161,CC(CCc1ccc(OC(C)=O)cc1)=O,0
mmp3162,Cc1cc(Oc2ccccc2)ccc1,0
mmp3163,OC(COc1ccccc1)=O,0
mmp3164,CC(Nc1ccc(C(O)=O)cc1)=O,0
mmp3165,CCCCCCCCCCCOC(c1c(C(OCCCCCCCCCCC)=O)cccc1)=O,0
mmp3166,CC1C(=O)C(O)=C(C)O1,0
mmp3167,OS(c1c(C=Cc2c(S(O)(=O)=O)cc([N+]([O-])=O)cc2)ccc([N+]([O-])=O)c1)(=O)=O,0
mmp3168,CCN(CC)O,0
mmp3169,CC=CC(O)=O,0
mmp3170,CN(c1ccc(OC(c2ccco2)=O)cc1)C(C(Cl)Cl)=O,0
mmp3171,OC(c1cc(Oc2ccccc2)ccc1)=O,0
mmp3172,CC(C(O)=O)(Oc1ccc(C2c(c3CCC2)cccc3)cc1)C,0
mmp3173,COc1nc(C)nc(NS(c2ccc(N)cc2)(=O)=O)c1,0
mmp3174,CC(C(OCCNC(C)(C)C)=O)=C,0
mmp3175,CCOC(NNc1c(c2cnn1)cccc2)=O,0
mmp3176,CC(C)=CCCC(C)=CCCC(C)=O,0
mmp3177,CNC1C(OC2C(C=O)(O)C(C)OC2OC3C(N=C(N)N)C(O)C(N=C(N)N)C(O)C3O)OC(CO)C(O)C1O,0
mmp3178,CCCCN(N=O)CCCCO,0
mmp3179,CC(c1cc(c2cc1)N(CCCN3CCC(CCO)CC3)c(c4S2)cccc4)=O,0
mmp3180,CCCCCCC(CCCC)CO,0
mmp3181,CCOC(C(C)(C)C)=O,0
mmp3182,CN1CCC(=C2c(c3CCc(c24)cccc4)nccc3)CC1,0
mmp3183,CCC(C(C)(C)C)O,0
mmp3184,CC(CCCC(NC(C)C)C)C,0
mmp3185,CCc1c(c2ncn1)cc(OC)c(OC)c2,0
mmp3186,CC(OCC1OC1)C,0
mmp3187,S=C=Nc1ccc(N=C=S)cc1,0
mmp3188,COc1c(S(O)(=O)=O)cc(C(c2ccccc2)=O)c(O)c1,0
mmp3189,Nc1c2c(n(C3OC(CO)CC3)cn2)ncn1,0
mmp3190,CCCCCCC(O)C,0
mmp3191,CC(COC(c1ccccc1)=O)(COC(c2ccccc2)=O)C,0
mmp3192,NCCCOCCOCCOCCCN,0
mmp3193,CCCCCCCCCI,0
mmp3194,CCCCCCCCCCCCI,0
mmp3195,CC[N+](CCC(c1ccccc1)(C2CCCCC2)O)(CC)CC,0
mmp3196,CCCCOc1ccc(N)cc1,0
mmp3197,COC(c1c(C(O)=O)cccc1)=O,0
mmp3198,CCCCC(COC(c1c(C(O)=O)cccc1)=O)CC,0
mmp3199,O=CN1CCOCC1,0
mmp3200,CO[Si](OC)(OC)CCCS,0
mmp3201,COc1c(OC)cc(C=O)c(OC)c1,0
mmp3202,CCCCC(C(O)=O)C,0
mmp3203,CC(C#N)CCC#N,0
mmp3204,CC(C1CCC(O)CC1)C,0
mmp3205,CC[N+]1(C(C)C(=C(c2ccccc2)c3ccccc3)CC1)CC,0
mmp3206,CCN(c1ccc(C(c2ccccc2)=C3C=CC(=[N+](Cc4cc(S(O)(=O)=O)ccc4)CC)C=C3)cc1)Cc5cc(S(O)(=O)=O)ccc5,0
mmp3207,OC(c1nc(Cl)ccc1)=O,0
mmp3208,CCc1ccc(C=O)cc1,0
mmp3209,CC1(C(C(O)=O)N(C2S1)C(=O)C2NC(C(c3ccccc3)C(O)=O)=O)C,0
mmp3210,CC(Oc1c(O)cccc1)C,0
mmp3211,CCCCCCCCCCCCCCCCCl,0
mmp3212,NCCCN(CCO)CCO,0
mmp3213,C1C=CCC(c2ccccc2)C1,0
mmp3214,O=C=NC1CCC(CC2CCC(N=C=O)CC2)CC1,0
mmp3215,Nc1cc(N)c(Cl)cc1,0
mmp3216,Clc1ccc(C(Cl)(Cl)Cl)cc1,0
mmp3217,CC(OCCS1)=C1C(Nc2ccccc2)=O,0
mmp3218,CCCCCCCCCCC(CCCCCCCC)CO,0
mmp3219,COc1c(OC)cc(Cc2c(N)nc(N)nc2)cc1,0
mmp3220,CC(OB(OC(C)C)OC(C)C)C,0
mmp3221,CC(CC(C)(C)C)CC=O,0
mmp3222,Cc1c([N+]([O-])=O)c(C(O)=O)ccc1,0
mmp3223,CN(Cc1ccccc1)Cc2ccccc2,0
mmp3224,CCCCC(COC(C=Cc1ccc(OC)cc1)=O)CC,0
mmp3225,Nc1n(c2ccccc2)nnn1,0
mmp3226,CCOC(C(C(=O)c(c1N2)cc(OCC(C)C)c(OCC(C)C)c1)=C2)=O,0
mmp3227,O=C(C1C(C(OCC2OC2)=O)CCCC1)OCC3OC3,0
mmp3228,NC(c1cc[n+](CC(CSC2N3C(=O)C2NC(Cc4sccc4)=O)=C3C(O)=O)cc1)=O,0
mmp3229,O=NN1CCNCC1,0
mmp3230,O=C1NC(=O)C(c2ccccc2)(C3CCN(Cc4ccccc4)CC3)CC1,0
mmp3231,CC(CCCCCCCCCCCCCCC(O)=O)C,0
mmp3232,O=C1C=CC(=O)NN1,0
mmp3233,CN(CCOC(C(C1(CCCC1)O)c2ccccc2)=O)C,0
mmp3234,CC(NC(=O)N(C(C)(C)C)C1=O)=C1Cl,0
mmp3235,Cc1c(C)cc(C=O)cc1,0
mmp3236,CC(C1CC=C(C)CC1)=C,0
mmp3237,Clc1c(Cl)c(Cl)c(Cl)s1,0
mmp3238,ClCCN(P1(OCCCN1)=O)CCCl,0
mmp3239,C[N+](CCOC(CCC(OCC[N+](C)(C)C)=O)=O)(C)C,0
mmp3240,CNC(CCC=C(C)C)C,0
mmp3241,CC(Nc1nc(Cl)nc(N)n1)C,0
mmp3242,Nc1cc(S(O)(=O)=O)c(O)c(C(O)=O)c1,0
mmp3243,CCC(c1ccc(Cl)cc1)=O,0
mmp3244,CC(C(N=Nc1ccc(S(O)(=O)=O)cc1)C(=O)N2c3c(Cl)cc(S(O)(=O)=O)c(Cl)c3)=N2,0
mmp3245,CCCCCCOC(CCCCC)=O,0
mmp3246,OC(c(c1S2(=O)=O)cccc1)=N2,0
mmp3247,CCCCC(COC(c1ccc(C(OCC(CCCC)CC)=O)cc1)=O)CC,0
mmp3248,O=C1OCCCCOCCCCCCCCCC1,0
mmp3249,CCCCCCCCCCCc1ccccc1,0
mmp3250,CCCCCCOC(c1ccccc1)=O,0
mmp3251,CC(C(C(COC(C(C)C)=O)(C)C)OC(C(C)C)=O)C,0
mmp3252,CCC(OC(CC)C)C,0
mmp3253,NC(C(O)=O)CCC(O)=O,0
mmp3254,S(c1sccc1)Sc2sccc2,0
mmp3255,CC(NCC(c1c(Cl)cccc1)O)C,0
mmp3256,ClCc1ncccc1,0
mmp3257,ClCc1cnccc1,0
mmp3258,COc1c(OC)cc(Cc2c(N)nc(N)nc2)c(C)c1,0
mmp3259,CN(C(CO)(C)C)C,0
mmp3260,CC(C)=CCCC(C=C)(OC(c1c(N)cccc1)=O)C,0
mmp3261,NC(C1c(c2CCc(c13)cccc3)cccc2)=O,0
mmp3262,CN(N=Nc1ccccc1)C,0
mmp3263,CCOc1c(c2c(S(O)(=O)=O)cc1)nccc2,0
mmp3264,CCC(C(c1cc(O)c(O)cc1)O)NC(C)C,0
mmp3265,CCCCCCCCCCCCCCC1OC1,0
mmp3266,CC(P(O)(O)=O)(P(O)(O)=O)O,0
mmp3267,NC(C=CN(C1OC(CO)CC1)C2=O)=N2,0
mmp3268,CN1c(c2C(N3CC1=O)c(c4CC3)cccc4)ccc(Cl)c2,0
mmp3269,CCCCOC(C(OC(CCC)=O)C)=O,0
mmp3270,Nc1c(C(OCC=C)=O)cccc1,0
mmp3271,COC(C=C(CCC=C(C)C)C)OC,0
mmp3272,CN(C1CCCCC1)C2CCCCC2,0
mmp3273,COc1c(cc2cc1)Oc3cc(c4cc3OC)C([N+](C)(C)CC4)Cc(ccc5Oc(c(c67)C([N+](C)(C)CC6)C2)c(OC)c(OC)c7)cc5,0
mmp3274,O=[Si]=O,0
mmp3275,Cl[Sn](Cl)(Cl)Cl,0
mmp3276,CCCCC(COC(CS)=O)CC,0
mmp3277,CC(OCC1OC1)(C)C,0
mmp3278,I[Cu],0
mmp3279,Cc1c(NC(CN2CCCC2)=O)c(C)ccc1,0
mmp3280,OP(OP(O)(O)=O)(O)=O,0
mmp3281,OS(OOS(O)(=O)=O)(=O)=O,0
mmp3282,NS(O)(=O)=O,0
mmp3283,O[Cr](O[Cr](O)(=O)=O)(=O)=O,0
mmp3284,CCN1CN(CC)CN(CC)C1,0
mmp3285,OS(F)(=O)=O,0
mmp3286,ClS(Cl)(=O)=O,0
mmp3287,CCCCCCCCCCCCCCCCCC(OCC(CO)O)=O,0
mmp3288,CCOP(SCCSCC)(OCC)=O,0
mmp3289,CC(CN(CC(O)C)CC(O)C)O,0
mmp3290,CC(OCC(C1C(C)(C2CC1)CC(=O)C(C23)C(C)(C4CC3)CCC(O)C4)=O)=O,0
mmp3291,CCCCOCC(OCC(O)C)C,0
mmp3292,CCCCCCCCCCCCCCCCCC(OCCO)=O,0
mmp3293,C[Si](O[Si](C)(C)C)(C)C,0
mmp3294,CN(CCCCCCN(C)C)C,0
mmp3295,CC(ONC1=O)=C1,0
mmp3296,ClP(Cl)(Cl)=O,0
mmp3297,ClP(Cl)(Cl)(Cl)Cl,0
mmp3298,CCCCCCOC(C(CC)C)=O,0
mmp3299,NO,0
mmp3300,CCCCCC(CCC)CO,0
mmp3301,CCC(N)C,0
mmp3302,ClCC=CCl,0
mmp3303,CC1(C(O)CC2)C2C(C(=C3C4=CC(=O)CC3)C=C1)CC4,0
mmp3304,CCCCC(COCCC#N)CC,0
mmp3305,COC(COC(COC(CO)C)C)C,0
mmp3306,NC(C(C#N)(Br)Br)=O,0
mmp3307,COCCOC(CC#N)=O,0
mmp3308,CC(C1(C)CC2)(C2C(=O)C1=O)C,0
mmp3309,COc1c(OC(Cc2ccccc2)=O)ccc(CC=C)c1,0
mmp3310,COC(Nc1[nH]c(c2n1)cccc2)=O,0
mmp3311,OC1(C(OC(c2cnccc2)=O)C(OC(c3cnccc3)=O)C(COC(c4cnccc4)=O)O1)COC(c5cnccc5)=O,0
mmp3312,CC(NC(C(O)=O)CCC(N)=O)=O,0
mmp3313,OCCCCCCCCC=C,0
mmp3314,C=CC(OCCCCCCOC(C=C)=O)=O,0
mmp3315,CNC(N(c1ccccc1)c2ccccc2)=O,0
mmp3316,CCN(C(C(Cl)=C(OP(OC)(OC)=O)C)=O)CC,0
mmp3317,CN(CCS)C,0
mmp3318,COC(CCC[N+](C)(C)C)=O,0
mmp3319,CCCCNCC,0
mmp3320,CCOC(c1c(C)nc(n2c1)cc(OP(OCC)(OCC)=S)n2)=O,0
mmp3321,CC(C1C(O)CCCC1)(C)C,0
mmp3322,CCCC1C(=O)N2N(C(N(C)C)=Nc(c23)ccc(C)c3)C1=O,0
mmp3323,CCOP(Oc1nc(c2nc1)cccc2)(OCC)=S,0
mmp3324,CC(OP(OC(CCl)C)(OC(CCl)C)=O)CCl,0
mmp3325,CCCCCCCCCCCCCC(OCC(OC(CCCCCCCCCCCCC)=O)COP(OCC[N+](C)(C)C)(O)=O)=O,0
mmp3326,CC(CC(C(C)=O)=O)C,0
mmp3327,OC(COc1ccc(Cl)cc1)=O,0
mmp3328,CC(c1ccc(C#N)cc1)C,0
mmp3329,CCCSC(Cl)=O,0
mmp3330,CCCCc1c(OCc2ccccc2)cc(c3c1)NC=C(C(OC)=O)C3=O,0
mmp3331,CCOC(Cc1ccc(c2ccccc2)cc1)=O,0
mmp3332,CC(C1C(=O)CC(C)CC1)C,0
mmp3333,CC(C1(C)CC2)(C2C[N+](CCC[N+](C)(C)C)(C)C1)C,0
mmp3334,CCNC1(c2sccc2)C(=O)CCCC1,0
mmp3335,CCOC(NC(Cc1ccc(Cl)cc1)(C)C)=O,0
mmp3336,Cc1c(NC(c2c(O)cc(Cl)c(S(N)(=O)=O)c2)=O)c(C)ccc1,0
mmp3337,CCCCCCCCCC(N(C)C)=O,0
mmp3338,CC(N(CC#C)C)Cc1ccccc1,0
mmp3339,Cc1nc(C)c(C)nc1,0
mmp3340,CC(c1n(C)c([N+]([O-])=O)cn1)C,0
mmp3341,CC(C=CC(C(C)(C)CCC1)=C1C)=O,0
mmp3342,NC(C(NNCc1c(O)c(O)c(O)cc1)=O)CO,0
mmp3343,CCCC(C(CC)O)C,0
mmp3344,OCCc1c([N+]([O-])=O)cccc1,0
mmp3345,CCN(C(C(Oc1c(c2ccc1)cccc2)C)=O)CC,0
mmp3346,CS(c1ccc(C(C(NC(C(Cl)Cl)=O)CO)O)cc1)(=O)=O,0
mmp3347,CCC(c1ccccc1)C(OCCN(CC)CC)=O,0
mmp3348,CCc1c(C)nccn1,0
mmp3349,OC(COc1c(c2ccc1)C(=O)C=C(C(O)=O)O2)COc3c(c4ccc3)C(=O)C=C(C(O)=O)O4,0
mmp3350,OC1C(C2OC1)OCC2O[N+]([O-])=O,0
mmp3351,CC=C1C2CC(C=C2)C1,0
mmp3352,CCC1(C(C#C)(O)CC2)C2C(C(=C3C4=CC(=O)CC3)C=C1)CC4,0
mmp3353,COc1c(C)ccc(N)c1,0
mmp3354,CCCCNc1ccc(C(OCCN(CC)CC)=O)cc1,0
mmp3355,CCC(C1CCC(=O)CC1)(C)C,0
mmp3356,CC(COCNC(C=C)=O)C,0
mmp3357,OP(CCCl)(O)=O,0
mmp3358,Cc1n(CC(CCl)O)c([N+]([O-])=O)cn1,0
mmp3359,CCS(CCSP(OC)(OC)=O)(=O)=O,0
mmp3360,CC1(C2C(C3C(C(C#C)(O)CC3)(C)CC2)CC4)C4=Cc(c5C1)onc5,0
mmp3361,ICCc1ccccc1,0
mmp3362,CCN(CCNC(COc1ccc(Cl)cc1)=O)CC,0
mmp3363,[O-][N+](c1c(Cl)c(Cl)c(Cl)cc1)=O,0
mmp3364,CCCCNC(n1c(c2nc1NC(OC)=O)cccc2)=O,0
mmp3365,C=CC(OCCOCCOCCOCCOC(C=C)=O)=O,0
mmp3366,OC(Cc1nc(c2ccc(Cl)cc2)sc1)=O,0
mmp3367,CCC(c1ccccc1)C(OCCOCCN(CC)CC)=O,0
mmp3368,CC(C=C)CCCC(O)(C)C,0
mmp3369,CCCCCCCCCCOc1c(OCC)cc(c2c1)NC=C(C(OCC)=O)C2=O,0
mmp3370,CNC(N(c1sc(c2n1)cccc2)C)=O,0
mmp3371,[O-][N+](c1c(Cl)cc(Cl)cc1Cl)=O,0
mmp3372,CN(C(NC1C(O)C(O)C(CO)OC1O)=O)N=O,0
mmp3373,Clc1cc(c2cc1)OC(=O)N2,0
mmp3374,CCCC(C1(C(=O)NC(=O)NC1=O)CC=C)C,0
mmp3375,COc1c(O)cc(CCC(c2c(O)cc(OC3C(OC4C(O)C(O)C(O)C(C)O4)C(O)C(O)C(CO)O3)cc2O)=O)cc1,0
mmp3376,O=NN1CCCCCCC1,0
mmp3377,CSC(N(N)C(=O)C(C(C)(C)C)=N1)=N1,0
mmp3378,CC(N1CC(=O)NC(=O)C1)CN2CC(=O)NC(=O)C2,0
mmp3379,COc1c(OC)c(OC)cc(C(NCCCCCC(O)=O)=O)c1,0
mmp3380,O=C1c(c2CN(N13)C(=O)c(c4C3)cccc4)cccc2,0
mmp3381,CC(OCCC1CCCCC1)=O,0
mmp3382,CCNc1nc(NC(C#N)(C)C)nc(Cl)n1,0
mmp3383,CC(c1nccnc1)=O,0
mmp3384,CCOP(Oc1cc(C)c(SC)cc1)(NC(C)C)=O,0
mmp3385,CCCC(C1(C(=O)NC(=O)NC1=O)CC=C)C,0
mmp3386,OP(C(P(O)(O)=O)(Cl)Cl)(O)=O,0
mmp3387,COc1c(O)ccc(CCC(C)=O)c1,0
mmp3388,CCOC(OCC)OCC,0
mmp3389,CCOP(OCC)OCC,0
mmp3390,CCCCC(COC(CCCCCCCCC(OCC(CCCC)CC)=O)=O)CC,0
mmp3391,N(c1ccccc1)Nc2ccccc2,0
mmp3392,CC(COC(C=Cc1ccccc1)=O)C,0
mmp3393,O=C(C=Cc1ccccc1)OCC=Cc2ccccc2,0
mmp3394,CCC(OCCc1ccccc1)=O,0
mmp3395,CC(OCCCc1ccccc1)=O,0
mmp3396,CC(CCOCc1ccccc1)C,0
mmp3397,CC(Nc1ccc(N)cc1)=O,0
mmp3398,OCCCc1ccccc1,0
mmp3399,OCCOc1ccccc1,0
mmp3400,CCCCCCCCCCCCc1ccccc1,0
mmp3401,CCCCC(C=O)CC,0
mmp3402,CCc1ccc(O)cc1,0
mmp3403,CSc1ccc(Cl)cc1,0
mmp3404,COc1ccc(C=O)cc1,0
mmp3405,CCOC(CCC(OCC)=O)=O,0
mmp3406,CCCCCCCCC(OCC)=O,0
mmp3407,CC(CC(O)(C)C)=O,0
mmp3408,CC(CC(C)=O)=O,0
mmp3409,CCC(OC(CC)=O)=O,0
mmp3410,CC1OC(C)OC(C)O1,0
mmp3411,CCCCCC(OCC)=O,0
mmp3412,CCCCOC(C)=O,0
mmp3413,C1OCCOC1,0
mmp3414,CC(CCOC(C)=O)C,0
mmp3415,C=CCNCC=C,0
mmp3416,CCCCCCCCCCCCCC(OCC)=O,0
mmp3417,CCCCCCCCCCCCCC(OC)=O,0
mmp3418,CCCCCCCC#N,0
mmp3419,CCCCOCCOCCOC(C)=O,0
mmp3420,CCCCCCCCC=O,0
mmp3421,CCCCCCCCCCCCCC=O,0
mmp3422,ClC(Br)Br,0
mmp3423,CS(Cl)(=O)=O,0
mmp3424,CC1(C(C(CO)=O)(O)C(O)C2)C2C3C(C(C)(C(=C4)CC3)C=CC4=O)(F)C(O)C1,0
mmp3425,CC1C2(C)C(C3(C(C)C(O)C(C=C)(C)CC2OC(CO)=O)CC1)C(=O)CC3,0
mmp3426,OCC([N+]([O-])=O)(CO)CO,0
mmp3427,CC(OCC1C(OC(C)=O)C(OC(C)=O)C(OC(C)=O)C(OC2(C(OC(C)=O)C(OC(C)=O)C(COC(C)=O)O2)COC(C)=O)O1)=O,0
mmp3428,CC(CO)(CO)C,0
mmp3429,O=S1(CCCC1)=O,0
mmp3430,CC(C#N)=C,0
mmp3431,CC(CCl)O,0
mmp3432,CN(C(C)=O)C,0
mmp3433,CC1(C(C(CO)=O)(O)CC2)C2C3C(C(C)(C(=C4)CC3)CCC4=O)(F)C(O)C1,0
mmp3434,Nc1ccc(S(Nc2ccccc2)(=O)=O)cc1,0
mmp3435,ClN1C(=O)CCC1=O,0
mmp3436,CC(C(C(Cl)Cl)=O)(C)C,0
mmp3437,COc1c(OC)c(OC)cc(C(OC(CN2CCOCC2)COCCC(C)C)=O)c1,0
mmp3438,CC(NCC(COc1c(C)c(C)c(OC(C)=O)c(C)c1)O)C,0
mmp3439,CC1N=C(C)C(C)O1,0
mmp3440,[O-][N+](c1n(CC(NCc2ccccc2)=O)ccn1)=O,0
mmp3441,CN(C(Oc1c(C)c(C)nc(N(C)C)n1)=O)C,0
mmp3442,CNC(ON=C(C(N(C)C)=O)SC)=O,0
mmp3443,CC(C(c1ccc(O)cc1)O)NCCc2ccc(O)cc2,0
mmp3444,OC(c1c(C(OCc2ccccc2)=O)cccc1)=O,0
mmp3445,CC1N(N=Cc2ccc([N+]([O-])=O)o2)CCS(=O)(=O)C1,0
mmp3446,CNC(Oc1cc(N=CN(C)C)ccc1)=O,0
mmp3447,CCC(OCCOc1ccccc1)=O,0
mmp3448,CC1c(c2CC1)nccn2,0
mmp3449,CCCCC(C(=O)N=C(NCC)N1)=C1C,0
mmp3450,CC(C#C)(NC(c1cc(Cl)cc(Cl)c1)=O)C,0
mmp3451,CCCNC(C(Nc1c(C(OC)=O)scc1C)=O)C,0
mmp3452,CC(c1cc(c2cc1)ccc(C(C)C)c2)C,0
mmp3453,CCCC(COC(NC1CC1)=O)(COC(N)=O)C,0
mmp3454,CC(c1c(N)c(C(C)C)ccc1)C,0
mmp3455,CCc1c(N)c(C)ccc1,0
mmp3456,CCCCCCCCCCCCCN1CC(C)OC(C)C1,0
mmp3457,Fc1ccc(C(CCCN2CCC(C(c3ccc(F)cc3)=O)CC2)=O)cc1,0
mmp3458,COC1C(C(OC)=O)C(C2CC1OC(C=Cc3cc(OC)c(OC)c(OC)c3)=O)CC(N4C2)c5c(c(c6[nH]5)ccc(OC)c6)CC4,0
mmp3459,CCOP(SCCl)(OCC)=S,0
mmp3460,Cc1cc(C(NCCc2ccc(S(NC(NN3CCCCCC3)=O)(=O)=O)cc2)=O)no1,0
mmp3461,CC(C(C(C(S)(C)C)(C)C)(C)C)C,0
mmp3462,CN(Cc1c(O)cccc1)C,0
mmp3463,CCCCCCCCCCC=CC1C(=O)OC(=O)C1,0
mmp3464,CN(C(CNC(Cc1ccccc1)=O)=O)C,0
mmp3465,NC(C(O)=O)CCC(O)=O,0
mmp3466,CC(C(=O)NC(=O)N1C2OC(CO)C(F)C2)=C1,0
mmp3467,COC(c1c(C)cccc1)=O,0
mmp3468,COc1cc(c2cc1)n(CC(O)=O)c(C)c2C(c3ccc(Cl)cc3)=O,0
mmp3469,Cc1c(NCCN2CCOCC2)nnc(c3ccccc3)c1,0
mmp3470,Cc1sc(SCC(CSC2N3C(=O)C2NC(Cn4nnnc4)=O)=C3C(O)=O)nn1,0
mmp3471,CCC(c1cc(C(CC)(C)C)c(O)c(n2nc(c3n2)cccc3)c1)(C)C,0
mmp3472,C[N+](CC=C)(CC=C)C,0
mmp3473,CN1C(=O)C=C(Cl)S1,0
mmp3474,CCOC1C(C)(C)c(c2O1)cc(OS(C)(=O)=O)cc2,0
mmp3475,CCNc1nc(OC)nc(NC(CC)C)n1,0
mmp3476,CC(C(OCOC(C1C(C)(C)SC2N1C(=O)C2NC(C(c3ccccc3)N)=O)=O)=O)(C)C,0
mmp3477,[N-]=[N+]=[N-],0
mmp3478,CC(CCCCCCCOC(c1c(C(OCCCCCCCC(C)C)=O)cccc1)=O)C,0
mmp3479,CC1(C(C(O)=O)N(C2S1)C(=O)C2NC(C(c3ccc(O)cc3)N)=O)C,0
mmp3480,CC(NCC(COc1c(N2CCOCC2)nsn1)O)(C)C,0
mmp3481,CC(CCCCCCCOC(CCCCC(OCCCCCCCC(C)C)=O)=O)C,0
mmp3482,COc1cc(C2(C(CN(C)C)CCCC2)O)ccc1,0
mmp3483,CNC(C=NN(c1cc(C(F)(F)F)ccc1)C2=O)=C2Cl,0
mmp3484,CCC1(c2ccccc2)C(=O)N(COC)C(=O)N(COC)C1=O,0
mmp3485,CC(CCCCCOC(c1c(C(OCCCCCC(C)C)=O)cccc1)=O)C,0
mmp3486,CCCCCC(OC(=O)C=C1)=C1,0
mmp3487,NCC1CCC(C(Oc2ccc(CCC(O)=O)cc2)=O)CC1,0
mmp3488,COC1(c(c(c2n(C)c3)c3C4)ccc2)C4N(C)CC(COC(c5cc(Br)cnc5)=O)C1,0
mmp3489,CN(c1cc(C)ccc1)C(Oc2cc(c3cc2)CCC3)=S,0
mmp3490,OC1C(COC(c2cnccc2)=O)(COC(c3cnccc3)=O)CCCC1(COC(c4cnccc4)=O)COC(c5cnccc5)=O,0
mmp3491,Cc1c(S)cco1,0
mmp3492,CC(CCCCCOC(CS)=O)C,0
mmp3493,NC(N1c(c2C(=O)Cc(c13)cccc3)cccc2)=O,0
mmp3494,Nc1scc(CC(O)=O)n1,0
mmp3495,OC(CCCCCCNC1c(c2CCc(c13)cccc3)cccc2)=O,0
mmp3496,OCCOCCOC(c1c(Nc2cc(C(F)(F)F)ccc2)cccc1)=O,0
mmp3497,CC(c1ccc(OCC(N2CCCCC2)=O)cc1)=O,0
mmp3498,CCC(C1C(C)=CCC(C(C)C)C1)=O,0
mmp3499,CN(C1CSSSC1)C,0
mmp3500,CC(NC(NS(c1ccc(C)cc1)(=O)=O)=O)Cc2ccccc2,0
mmp3501,NC(c1ccc(O)cc1)C(O)=O,0
mmp3502,CC1(C(=O)N(c2cc(Cl)cc(Cl)c2)C3=O)C3(C)C1,0
mmp3503,CC1(C(C(O)=O)N(C2S1)C(=O)C2N=CN3CCCCCC3)C,0
mmp3504,CC(C#N)(Nc1nc(NC2CC2)nc(Cl)n1)C,0
mmp3505,NCC1C(O)CC(N)C(OC2C(O)C(OC3C(O)C(N)C(O)C(CO)O3)C(N)CC2N)O1,0
mmp3506,O=C(c1cc(c2cc1)OCCO2)CCN3CC(c4ccccc4)CC3,0
mmp3507,Clc1c(N(C(NCC2)=N2)CC=C)c(Cl)ccc1,0
mmp3508,C[N+](CCOP(OP(OCC1C(O)C(O)C(N2C(=O)N=C(N)C=C2)O1)(O)=O)(O)=O)(C)C,0
mmp3509,C1Cc(c2CC1)nccn2,0
mmp3510,CC(Nc1ccc(OCCOCCOc2ccc(NC(C)=O)cc2)cc1)=O,0
mmp3511,CCCN(C(C(Nc1c(C)cccc1C)=O)CC)CC,0
mmp3512,CC(CN(C)C)O,0
mmp3513,CC(NC(N1C(=O)N(c2cc(Cl)cc(Cl)c2)C(=O)C1)=O)C,0
mmp3514,NCCC(C(NC1C(OC2C(O)C(N)C(O)C(CO)O2)C(O)C(OC3C(O)C(O)C(O)C(CN)O3)C(N)C1)=O)O,0
mmp3515,ClC(C(N(CC=C)CC=C)=O)Cl,0
mmp3516,Cc1c(OCC(CNCCOc2ccc(C(N)=O)cc2)O)cccc1,0
mmp3517,OC(CN1c(c2C(=O)c(c13)cccc3)cccc2)=O,0
mmp3518,O=C(c1ccccc1)NC2CCN(CCc3c(c4[nH]c3)cccc4)CC2,0
mmp3519,CC(CSC1N2C(=O)C1NC(C(C(CC=CC3)=C3)N)=O)=C2C(O)=O,0
mmp3520,OCN1C(=O)NC(=O)C1NC(NCNC(NC2C(=O)NC(=O)N2CO)=O)=O,0
mmp3521,O=Cc1cc(Oc2ccccc2)ccc1,0
mmp3522,OOC1NP(N(CCCl)CCCl)(=O)OCC1,0
mmp3523,OC(COc1c(Cl)c(Cl)c(C(c2sccc2)=O)cc1)=O,0
mmp3524,CC(C(O)=O)(Cc1cc(O)c(O)cc1)N,0
mmp3525,CC(N(N)C(=O)C(c1ccccc1)=N2)=N2,0
mmp3526,CCCCCCCCC(OCC(OC(CCCCCCCC)=O)C)=O,0
mmp3527,Cc1c(O)c(C=O)c(COP(O)(O)=O)cn1,0
mmp3528,CC(NCC(COc1c(c2ccc1)CC(O)C(O)C2)O)(C)C,0
mmp3529,COc1ccc(C2C(OC(C)=O)C(=O)N(CCN(C)C)c(c3S2)cccc3)cc1,0
mmp3530,Cc1nc(N)c(CNC(N(N=O)CCCl)=O)cn1,0
mmp3531,CCOP(Oc1nn(C(C)C)c(Cl)n1)(OCC)=S,0
mmp3532,Cc1n(c2ccc(Cl)cc2)c(C)c(CC(O)=O)c1,0
mmp3533,COc1c(OC)cc(CCNCC(COc2cc(C)ccc2)O)cc1,0
mmp3534,CC([N+](CC(COc1c(c2ccc1)cccc2)O)(C)C)C,0
mmp3535,CC(C(C(n1ncnc1)Oc2ccc(Cl)cc2)=O)(C)C,0
mmp3536,C[n+]1n(C)c(c2ccccc2)cc1c3ccccc3,0
mmp3537,CC1(C=C)C(=O)N(c2cc(Cl)cc(Cl)c2)C(=O)O1,0
mmp3538,CC(OC1C(N2CCCCC2)CC(C)(C3C1)C4C(C5C(C(OC(C)=O)C([N+]6(CCCCC6)C)C5)(C)CC4)CC3)=O,0
mmp3539,CC(OCCCCCCCCC=C)=O,0
mmp3540,COC(C(CCCN=C(N[N+]([O-])=O)N)N)=O,0
mmp3541,CC(Cc1ccc(C(C(O)=O)C)cc1)C,0
mmp3542,CN(C(N(C)C(=O)N(C1CCCCC1)C2=O)=N2)C,0
mmp3543,CC(NCC(COc1c(c2ccc1)CCC(=O)N2)O)(C)C,0
mmp3544,CC1(C(C(OCc2cc(Oc3ccccc3)ccc2)=O)C1C=C(Cl)Cl)C,0
mmp3545,CC(C=CC(=O)N1c2ccccc2)=C1,0
mmp3546,COC(Nc1[nH]c(c2n1)cc(S(c3ccccc3)=O)cc2)=O,0
mmp3547,CN1C(=O)c(c2N(C)C1=O)n(CCOC(C(Oc3ccc(Cl)cc3)(C)C)=O)cn2,0
mmp3548,CCOC(C=CC(O)=O)=O,0
mmp3549,CC(C(C(n1ncnc1)Oc2ccc(Cl)cc2)O)(C)C,0
mmp3550,CON=C(c1ccco1)C(NC2C(=O)N(C23)C(C(O)=O)=C(COC(N)=O)CS3)=O,0
mmp3551,CC(S(=O)(=O)CCS1(=O)=O)=C1C,0
mmp3552,O=C1CCC(C2CCCCC2)CC1,0
mmp3553,CC(NC(NS(c1c(Nc2cc(C)ccc2)ccnc1)(=O)=O)=O)C,0
mmp3554,CCN(C(Nc1cc(C(C)=O)c(OCC(CNC(C)(C)C)O)cc1)=O)CC,0
mmp3555,COC(C(N(c1c(C)cccc1C)C(c2ccco2)=O)C)=O,0
mmp3556,COCC(N(c1c(C)cccc1C)C(C(OC)=O)C)=O,0
mmp3557,CC(CC(C)(C)C)CCOC(C)=O,0
mmp3558,Cc1c(NC(CN(CC(O)=O)CC(O)=O)=O)c(C)ccc1,0
mmp3559,Nc1c(S(N)(=O)=O)cc(S(N)(=O)=O)c(C(Cl)=C(Cl)Cl)c1,0
mmp3560,Clc1cc(Cl)c(C2(OCCO2)Cn3ncnc3)cc1,0
mmp3561,CCCC1OC(c2c(Cl)cc(Cl)cc2)(Cn3ncnc3)OC1,0
mmp3562,CN(CCCOC1C(C2OC1C(CO)O)OC(C)(C)O2)C,0
mmp3563,NCc1c(CC(NC2C(=O)N(C23)C(C(O)=O)=C(CSc4n(CC(O)=O)nnn4)CS3)=O)cccc1,0
mmp3564,OC(c1ccccc1)C(NC2C(=O)N(C23)C(C(O)=O)=C(CSc4n(CS(O)(=O)=O)nnn4)CS3)=O,0
mmp3565,CCCC(C(Sc1c(C)occ1)CC)=O,0
mmp3566,NCc1c(Sc2c(CO)cccc2)cccc1,0
mmp3567,OC(c1c([N+]([O-])=O)ccc(Oc2c(Cl)cc(C(F)(F)F)cc2)c1)=O,0
mmp3568,CC(C(N1C(C(O)=O)CCC1)=O)CS,0
mmp3569,OC(P(O)(O)=O)=O,0
mmp3570,COc1c(OC)cc(CC2[N+](CCC(OCCCCCOC(CC[N+]3(C(Cc4cc(OC)c(OC)cc4)c(c5CC3)cc(OC)c(OC)c5)C)=O)=O)(C)CCc(c26)cc(OC)c(OC)c6)cc1,0
mmp3571,FC(Oc1ccc(NC(NC(c2c(Cl)cccc2)=O)=O)cc1)(F)F,0
mmp3572,OC(c1c(Nc2c(C(O)=O)ccc(Cl)c2)cccc1)=O,0
mmp3573,COc1nc(NC(NS(c2c(Cl)cccc2)(=O)=O)=O)nc(C)n1,0
mmp3574,CN=C(NC(Nc1c(C)cccc1C)=O)N,0
mmp3575,[O-][N+](OCCNC(c1cnccc1)=O)=O,0
mmp3576,CSSc1c(C)occ1,0
mmp3577,CCCN1C2C(c(c(c3[nH]c4)c4C2)ccc3)CC(CSC)C1,0
mmp3578,Nc1nc(NC2CC2)nc(N)n1,0
mmp3579,CCOC(C(Oc1ccc(Oc2nc(c3o2)ccc(Cl)c3)cc1)C)=O,0
mmp3580,CC(CSC1N2C(=O)C1NC(C(c3ccc(O)cc3)N)=O)=C2C(O)=O,0
mmp3581,COc1c(OC)c(C(NCC2N(CC=C)CCC2)=O)cc(S(N)(=O)=O)c1,0
mmp3582,COc1ccc(C(Nc2c(CCC3N(C)CCCC3)cccc2)=O)cc1,0
mmp3583,OC(c1c(Cl)c(Cl)ns1)=O,0
mmp3584,CN=C(NC#N)NCCSCc1nc(N=C(N)N)sc1,0
mmp3585,Clc1ncc(C(Cl)(Cl)Cl)cc1,0
mmp3586,CCCc1c(c2cc(c13)C(=O)C=C(C(O)=O)O3)N(CC)C(C(O)=O)=CC2=O,0
mmp3587,Nc1c(Cl)c(OCC(O)=O)nc(F)c1Cl,0
mmp3588,OCC1OC(n2c(c3nc2)NC=NC3=O)CC1,0
mmp3589,COC(C(Oc1ccc(Oc2c(Cl)cc(C(F)(F)F)cn2)cc1)C)=O,0
mmp3590,CCCCOC(C(Oc1ccc(Oc2ncc(C(F)(F)F)cc2)cc1)C)=O,0
mmp3591,CN1C(=O)c(c2N(C)C1=O)n(CC3OCCO3)cn2,0
mmp3592,COc1ccc(C(CC(c2ccc(C(C)(C)C)cc2)=O)=O)cc1,0
mmp3593,CS(NC(c1c([N+]([O-])=O)ccc(Oc2c(Cl)cc(C(F)(F)F)cc2)c1)=O)(=O)=O,0
mmp3594,CC1(c2ccccc2)C(=O)C=C(C(O)=O)O1,0
mmp3595,OC1C(N2CCC1)C(O)C(O)C2,0
mmp3596,Nc1cc(Cl)c(NC(NCC2)=N2)c(Cl)c1,0
mmp3597,CCCC(NOCC)=C1C(=O)CC(CC(SCC)C)CC1=O,0
mmp3598,COC(c1c(S(NC(Nc2nc(C)cc(C)n2)=O)(=O)=O)cccc1)=O,0
mmp3599,OC(c1ccc(OCCn2cncc2)cc1)=O,0
mmp3600,COC1(C(=O)N(C12)C(C(O)=O)=C(CSc3n(C)nnn3)CS2)NC(C4SC(=C(C(O)=O)C(N)=O)S4)=O,0
mmp3601,O=C=NCC1CC(CN=C=O)CCC1,0
mmp3602,COc1c(C(F)(F)F)c(c2cc1)cccc2C(N(CC(O)=O)C)=S,0
mmp3603,Cn1c(c2nc1N)ccc(c23)nccc3,0
mmp3604,Cc1n(CCC(O)=O)c(c2c1Cn3cncc3)cccc2,0
mmp3605,CSc1ccc(C(C(NC(=O)N2)=C2C)=O)cc1,0
mmp3606,COCC(N(c1c(C)cccc1C)N2C(=O)OCC2)=O,0
mmp3607,CC1N(S(O)(=O)=O)C(=O)C1NC(C(c2nc(N)sc2)=NOC(C(O)=O)(C)C)=O,0
mmp3608,Cc1c(Br)c(C)c(NC(CN(CC(O)=O)CC(O)=O)=O)c(C)c1,0
mmp3609,OC(Cc1ccc(CCNS(c2ccc(Cl)cc2)(=O)=O)cc1)=O,0
mmp3610,Nc1scc(C(C(NC2C(=O)N(C23)C(C(O)=O)=C(C=C)CS3)=O)=NOCC(O)=O)n1,0
mmp3611,CC1C(c2ccccc2)(C(O)=O)CCN(C3CCC(c4ccc(F)cc4)(C#N)CC3)C1,0
mmp3612,CCN1C(CNC(c2c(OC)c(Br)ccc2OC)=O)CCC1,0
mmp3613,CC(C1(C(=O)NC(c2c(C(O)=O)cccn2)=N1)C)C,0
mmp3614,CC(C1(C(=O)NC(c2c(C(O)=O)cc(c3n2)cccc3)=N1)C)C,0
mmp3615,CCc1cc(C(O)=O)c(C(NC(=O)C2(C(C)C)C)=N2)nc1,0
mmp3616,CCNC(N(C(C1CN(CC=C)C2C(c(c(c3[nH]c4)c4C2)ccc3)C1)=O)CCCN(C)C)=O,0
mmp3617,CN(C(Oc1cc(C(CNC(C)(C)C)O)cc(OC(N(C)C)=O)c1)=O)C,0
mmp3618,CC1(C(=O)N(Cc2c(Cl)cccc2)OC1)C,0
mmp3619,CNCCC(c1ccccc1)Oc2c(C)cccc2,0
mmp3620,CCOC(C(NC(C(N1C(C(O)=O)Cc(c2C1)cc(OC)c(OC)c2)=O)C)CCc3ccccc3)=O,0
mmp3621,CCOC(C(NC(C(N1C(C(O)=O)Cc(c2C1)cccc2)=O)C)CCc3ccccc3)=O,0
mmp3622,OC(c1c(c2ccc(C(F)(F)F)cc2)cccc1)=O,0
mmp3623,CC(C(C)(C)C)N=C(Nc1ccncc1)NC#N,0
mmp3624,NCCCNCCCCNC(C(NC(CCCCCCN=C(N)N)=O)O)=O,0
mmp3625,CN(C(Cc1cc(Cl)c(Cl)cc1)=O)C2C(N3CCCC3)CC4(OCCC4)CC2,0
mmp3626,O=C1NN=C(c2ccc(n3cncc3)cc2)CC1,0
mmp3627,Cc1c(C)c(Cc2[nH]cnc2)ccc1,0
mmp3628,CCOC(C(NC1C(=O)N(N2CCC1)C(C(O)=O)CCC2)CCc3ccccc3)=O,0
mmp3629,CC(OCC(NCCCOc1cc(CN2CCCCC2)ccc1)=O)=O,0
mmp3630,O=C1c(c2S(=O)(=O)N1CCCCN3CCN(c4ncccn4)CC3)cccc2,0
mmp3631,CCCN1C(C2CCC1)Cc(c3C2)cnc(N)n3,0
mmp3632,CC(NC(C1C(C)(C2CC1)CCC(C23)C(C)(C4CC3)C=CC(=O)N4)=O)(C)C,0
mmp3633,OC(c1cc(c2cc1)c(CCCCN3CC=C(c4ccccc4)CC3)c[nH]2)=O,0
mmp3634,CC(Cn1c(c2nc1)c(c3nc2N)cccc3)C,0
mmp3635,CC(CCCCN1C(=O)c(c2N(C)C1=O)n(C)cn2)O,0
mmp3636,C1NC(C2C(c3ccccc3)(c4ccccc4)C2)=NC1,0
mmp3637,CCN(CCNC(c1ccc(NS(C)(=O)=O)cc1)=O)CC,0
mmp3638,CCC(C(N)=O)N1C(=O)CCC1,0
mmp3639,CC1NCCN(c2c(F)cc(c3c2)C(=O)C(C(O)=O)=CN3c4c(F)cc(F)cc4)C1,0
mmp3640,COc1c(C2(CC3C4)CC(CC4C2)C3)cc(c5cc(c6cc5)ccc(C(O)=O)c6)cc1,0
mmp3641,Nc1c2c(n(CCOCP(O)(O)=O)cn2)ncn1,0
mmp3642,CC(c1sc(c2c1)cccc2)N(C(N)=O)O,0
mmp3643,CC(SCC(C(NCC(OCc1ccccc1)=O)=O)Cc2ccccc2)=O,0
mmp3644,NS(c1ccc(NC(CCC(O)=O)=O)cc1)(=O)=O,0
mmp3645,CC1NC(C)CN(c2c(F)c(c3c(F)c2F)N(C4CC4)C=C(C(O)=O)C3=O)C1,0
mmp3646,NC(C=CN(CC(OCP(O)(O)=O)CO)C1=O)=N1,0
mmp3647,CC(CN1CCN(CC(O)=O)CCN(CC(O)=O)CCN(CC(O)=O)CC1)O,0
mmp3648,NC(NC1=C(N(CC=C)C(=O)N1C2C(O)C(O)C(CO)O2)C3=O)=N3,0
mmp3649,NC(C=CN(C1C(F)(F)C(O)C(CO)O1)C2=O)=N2,0
mmp3650,CNC(CN(CC(O)=O)CCN(CC(O)=O)CCN(CC(NC)=O)CC(O)=O)=O,0
mmp3651,Cc1c(CN2C(=O)c3c(n(C)c(c34)cccc4)CC2)nc[nH]1,0
mmp3652,CN(C(Cc1c(c2ccc1)cco2)=O)C3C(N4CCCC4)CC5(OCCC5)CC3,0
mmp3653,CC(C(C(OCCOCn1c(c2nc1)NC(N)=NC2=O)=O)N)C,0
mmp3654,COc1c(OC)cc(CNCC(COc2cc(c3cc2)C=CC(=O)N3)O)cc1,0
mmp3655,CCc1cc(N(C(N)=Nc2c(c3ccc2)cccc3)C)ccc1,0
mmp3656,Clc1c(CCN2CCN(c3c(c4sn3)cccc4)CC2)cc(c5c1)CC(=O)N5,0
mmp3657,CC(NC1C(N=C(N)N)C=C(C(O)=O)OC1C(C(CO)O)O)=O,0
mmp3658,CN(CCc1c(c2[nH]c1)cc(CC3NC(=O)OC3)cc2)C,0
mmp3659,NC(C(F)=CN(C1OC(CO)SC1)C2=O)=N2,0
mmp3660,COP(OC(P(OC)(OC)=O)c1ccc(Cl)cc1)(OC)=O,0
mmp3661,OP(C(P(O)(O)=O)Sc1ccc(Cl)cc1)(O)=O,0
mmp3662,CCCCS(NC(C(O)=O)Cc1ccc(OCCCCC2CCNCC2)cc1)(=O)=O,0
mmp3663,BrC(C(Br)(Br)Br)Br,0
mmp3664,CC1N(P(N2C(C)C2)(N3C(C)C3)=O)C1,0
mmp3665,CC(OC1(c2ccccc2)CCN(CCc3ccccc3)CC1)=O,0
mmp3666,COC(OC)Cc1ccccc1,0
mmp3667,NC(NNc1ccccc1)=O,0
mmp3668,CC(C(OCCOc1ccccc1)=O)C,0
mmp3669,CCC(C=Cc1ccc(OC)cc1)=O,0
mmp3670,CCN(CCOC(C(C)=C)=O)CC,0
mmp3671,O=C1OCCOC(=O)CCCCCCCCCCC1,0
mmp3672,CC(CC(N)(C)C)(C)C,0
mmp3673,CC(CC(C#C)(O)C)C,0
mmp3674,CC(C)=CC=O,0
mmp3675,CCCCOC(CCCCCCCCC=C)=O,0
mmp3676,CCCCCCCCCC(C=O)C,0
mmp3677,COCCC#N,0
mmp3678,CCCCC(CO)(CO)CC,0
mmp3679,CC(C)=CCCC(C=C)(OC=O)C,0
mmp3680,CC(C=CCC1(C)C)=C1C=O,0
mmp3681,CC(COC(c1ccccc1)=O)C,0
mmp3682,O=C(C=Cc1ccccc1)OCCCc2ccccc2,0
mmp3683,CCOc1ccc(NC(CC(C)=O)=O)cc1,0
mmp3684,COc1ccc(COC=O)cc1,0
mmp3685,CC(CC(CC(CC(C)C)O)C)C,0
mmp3686,CC(CC(CC(CC(C)C)=O)C)C,0
mmp3687,CCC(OC(C=C)(CCC=C(C)C)C)=O,0
mmp3688,NNCCc1ccccc1,0
mmp3689,OC(CCC=C)=O,0
mmp3690,NC(C(Cl)(Cl)Cl)=O,0
mmp3691,COC(c1c(OC)cccc1)=O,0
mmp3692,CCCCC(Cl)=O,0
mmp3693,CCC(COCC=C)(COCC=C)CO,0
mmp3694,CC1C(=O)C(=O)CC1,0
mmp3695,COC(c1cc(c2cc1)ccc(C(OC)=O)c2)=O,0
mmp3696,CC(C(C(O)C)CO)O,0
mmp3697,CCC(OC)(C)C,0
mmp3698,CC(COC(C=C)=O)O,0
mmp3699,CCC[Si](OC)(OC)OC,0
mmp3700,NC(S(O)=O)=N,0
mmp3701,CC(SCc1ccco1)C,0
mmp3702,CCCCNS(c1ccc(C)cc1)(=O)=O,0
mmp3703,CCCCC(COC(COc1c(Cl)cc(Cl)cc1)=O)CC,0
mmp3704,COC(CC(CCC=C(C)C)C)=O,0
mmp3705,CC(N(c1ccccc1)C(C)C)C,0
mmp3706,O=Cc1cc(c2o1)cccc2,0
mmp3707,CCCCCC(C=C)=O,0
mmp3708,CCCCCC(OCCc1ccccc1)=O,0
mmp3709,CCCCCCCCC(OCC=C)=O,0
mmp3710,CCC(OCc1ccc(OC)cc1)=O,0
mmp3711,CC(C(O)=O)O,0
mmp3712,Cl[Yb](Cl)Cl,0
mmp3713,CC(c1c(C)oc(C)c1)=O,0
mmp3714,CCCCCCCCCCCCSCCOCCO,0
mmp3715,FB(F)F,0
mmp3716,CCCCCC=CCC(OC)=O,0
mmp3717,CC1C(=O)C(=O)C(C)C1,0
mmp3718,CC(SCc1ccco1)=O,0
mmp3719,Cc1sc(C=O)cc1,0
mmp3720,Cc1c(c2ccc1)nccn2,0
mmp3721,OS(SSS(O)(=O)=O)(=O)=O,0
mmp3722,C(C1CCC(COCC2OC2)CC1)OCC3OC3,0
mmp3723,CCC(C1C(=O)CCCC1)C,0
mmp3724,CCCCC(COC(OOC(C)(C)C)=O)CC,0
mmp3725,SCCc1nccnc1,0
mmp3726,CC1OC2(C(C)(C)CCC=C2C)CC1,0
mmp3727,CC(c1cc(Br)c(OCC=C)c(Br)c1)(c2cc(Br)c(OCC=C)c(Br)c2)C,0
mmp3728,CC1CC(=O)C(C(S)(C)C)CC1,0
mmp3729,COc1c(Br)cc(OC)c(CC(N)C)c1,0
mmp3730,CC(CC(Oc1ccc(C)cc1)=O)C,0
mmp3731,CC(CCc1cc(c2cc1)OCO2)=O,0
mmp3732,COC(CCO)(C)C,0
mmp3733,OCCNc1c(OCCO)cc([N+]([O-])=O)cc1,0
mmp3734,OCNC(N(C1C(=O)N(CO)C(=O)N1CO)CO)=O,0
mmp3735,CCC(N(c1ccc(F)cc1)C2CCN(CCc3ccccc3)CC2)=O,0
mmp3736,CCC(OC(C1CC=C(C)CC1)(C)C)=O,0
mmp3737,CC(OC1C(C(C)(C)C)CCCC1)=O,0
mmp3738,COC(C(c1ccccc1)C)OC,0
mmp3739,CC(c1ccccc1)OC(C)=O,0
mmp3740,O=C1NC(C2N1)NC(=O)N2,0
mmp3741,CC(C(=O)C(C)(C)CC1=O)=C1,0
mmp3742,CC(N(CCO)CCO)(C)C,0
mmp3743,CCCCCOC(CCCC)=O,0
mmp3744,CCC(COC(CC(C)C)=O)C,0
mmp3745,CCO[Si](OCC)(CCCOCC1OC1)C,0
mmp3746,COCN(c1nc(N(COC)COC)nc(N(COC)COC)n1)COC,0
mmp3747,CC(C(Cl)=O)(C)C,0
mmp3748,N#CC1(N2CCCCC2)CCCCC1,0
mmp3749,Cc1cc(C(C)(C)C)c(O)c(n2nc(c3n2)cc(Cl)cc3)c1,0
mmp3750,CCC(C(CC)=O)=O,0
mmp3751,OCCOCCOCCOCCOCCO,0
mmp3752,CC(OC(Cc1ccccc1)=O)C,0
mmp3753,C(C1OC1)Oc2ccc(N(CC3OC3)CC4OC4)cc2,0
mmp3754,BrCC(OCc1ccccc1)=O,0
mmp3755,CCCCC1OC(=O)CCCC1,0
mmp3756,CCCCCCCOC(CCC)=O,0
mmp3757,C(C1OC1)Oc2ccc(C(c3ccc(OCC4OC4)cc3)C(c5ccc(OCC6OC6)cc5)c7ccc(OCC8OC8)cc7)cc2,0
mmp3758,CC(CCOC(C=Cc1ccccc1)=O)C,0
mmp3759,CC(CC(Cc1ccccc1)O)C,0
mmp3760,CC(Cc1sccn1)C,0
mmp3761,C1CCN(C2(c3sccc3)CCCCC2)CC1,0
mmp3762,CC(c1cc(Br)c(OCC(CBr)Br)c(Br)c1)(c2cc(Br)c(OCC(CBr)Br)c(Br)c2)C,0
mmp3763,C[N+]1(CCCCC1)C,0
mmp3764,CCCCC(COC(Cl)=O)CC,0
mmp3765,COc1cc(CC(N)C)c(OC)cc1,0
mmp3766,OCC(OP(O)(O)=O)CO,0
mmp3767,CCCCC(CO[N+]([O-])=O)CC,0
mmp3768,CCCCCCCCCCCCCCCCCC[N+](CCC[Si](OC)(OC)OC)(C)C,0
mmp3769,CC1C(C)=C(O)C(=O)O1,0
mmp3770,CC(C(c1cc(Cl)ccc1)=O)NC(C)(C)C,0
mmp3771,CCCC(C(OCC)=O)C,0
mmp3772,Clc1cc(N2CCN(CCCN3C(=O)N(C4=N3)C=CC=C4)CC2)ccc1,0
mmp3773,COc1c(OC)cc(c2c1)c(N)nc(N3CCN(C(C4Oc(c5OC4)cccc5)=O)CC3)n2,0
mmp3774,OC(C(C(=O)c(c1N2C3CC3)cc(F)c(N4CCNCC4)c1)=C2)=O,0
mmp3775,CC(c1ccc(C(CCCN2CCC(C(c3ccccc3)(c4ccccc4)O)CC2)O)cc1)(C(O)=O)C,0
mmp3776,O=C1c(c2NC=N1)cccc2,0
mmp3777,OC1(CC(CC2C1)C(=O)C3C2)C3,0
mmp3778,Clc1ccc(OCC(OCCNC2(CC3C4)CC(CC4C2)C3)=O)cc1,0
mmp3779,CCN(Cc1c(O)ccc(Nc2c(c3ncc2)ccc(Cl)c3)c1)CC,0
mmp3780,CCN1C(=O)C(c2ccccc2)(c3ccccc3)C(CCN4CCOCC4)C1,0
mmp3781,CCCC1CN(C)C(C(NC(C2C(O)C(O)C(O)C(SC)O2)C(O)C)=O)C1,0
mmp3782,Cc1cc(CN2CCN(C(c3ccc(Cl)cc3)c4ccccc4)CC2)ccc1,0
mmp3783,CNC1C(O)C(C2C(NC)C1O)OC3C(C(=O)CC(C)O3)(O)O2,0
mmp3784,CCN1C(=O)N(CCN2CCC(N(c3ccccc3)C(CC)=O)(COC)CC2)N=N1,0
mmp3785,CC(N(C)C)C(c1ccccc1)O,0
mmp3786,CC(C=O)Cc1cc(c2cc1)OCO2,0
mmp3787,CC(c1ccc(CCC=O)cc1)(C)C,0
mmp3788,CCN(CCCC(Nc1c(c2ncc1)ccc(Cl)c2)C)CC,0
mmp3789,COC1C(O)C(O)C(O)C(CO)O1,0
mmp3790,NC(c1ccc(OCCCOc2ccc(C(N)=N)cc2)cc1)=N,0
mmp3791,c1cc2c(c(c3[nH]2)ccnc3)cc1,0
mmp3792,Oc1cc(c2c(O)c1)OC(c3cc(O)c(O)c(O)c3)C(OC(c4cc(O)c(O)c(O)c4)=O)C2,0
mmp3793,CC(C1C(C)(C2CC1)CCC(C23)C(C)(C4=CC3)CCC(O)C4)CCCC(O)(C)C,0
mmp3794,CC(Nc1ccc(S(Nc2noc(C)c2)(=O)=O)cc1)=O,0
mmp3795,CNC(C(c1ccccc1)O)C,0
mmp3796,CC(OC1C(N2CC[N+](C)(C)CC2)CC(C)(C3C1)C4C(C5C(C(OC(C)=O)C(N6CC[N+](C)(C)CC6)C5)(C)CC4)CC3)=O,0
mmp3797,NCCc1cc(O)c(O)cc1,0
mmp3798,NC(C(O)=O)CCC(NC(C(NCC(O)=O)=O)CSSCC(C(NCC(O)=O)=O)NC(CCC(C(O)=O)N)=O)=O,0
mmp3799,CC(NC(C=C)=O)(CS(O)(=O)=O)C,0
mmp3800,OC(Cc1c(Oc2c(Cl)cc(Cl)cc2)cccc1)=O,0
mmp3801,NC(NC(c1ccccc1)=C(Br)C2=O)=N2,0
mmp3802,CN(CCCOc1c(c2n(Cc3ccccc3)n1)cccc2)C,0
mmp3803,CC1C(C(COP(O)(O)=O)=O)(O)C(C)(C2C1)CC(O)C(F)(C23)C(C)(C(=C4)CC3)C=CC4=O,0
mmp3804,CC(C(Nc1c(I)c(C(NC(CO)CO)=O)c(I)c(C(NC(CO)CO)=O)c1I)=O)O,0
mmp3805,Nc1nc(Cl)cc(Cl)n1,0
mmp3806,O=C1C(C2C(=O)N1)C3CC2C=C3,0
mmp3807,CCCCCCCCCCCCOCCCN,0
mmp3808,OC(c1ccccc1)(c2ccccc2)C3C(CCN4C3)CC4,0
mmp3809,CC(NC=O)Cc1ccccc1,0
mmp3810,Cn1c(c2nc1CCCC(O)=O)ccc(N(CCCl)CCCl)c2,0
mmp3811,O=C(c1ccccc1)OC2C(CCN3C2)CC3,0
mmp3812,OC(CSCC(NC1C(=O)SCC1)=O)=O,0
mmp3813,CC(Cn1c(c2nc1)C(=O)N(C)C(=O)N2C)C,0
mmp3814,CC(N(C)C)Cc1ccccc1,0
mmp3815,CN1CC(C2CC1)c(c3N2)cc(C)cc3,0
mmp3816,OC(CCc1[nH]c(c2n1)cccc2)=O,0
mmp3817,CCN(CCN1c(c2N=C(Cc3ccc(OC)cc3)C1=O)cccc2)CC,0
mmp3818,Cc1c(CNc2c3c(n(C4C(O)C(O)C(CO)O4)cn3)ncn2)cccc1,0
mmp3819,Clc1c(c2nc(c3ccncc3)no2)cccc1,0
mmp3820,OC1C(O)C(O)C(Nc2ccc(C(O)=O)cc2)OC1,0
mmp3821,O=C(c1cnccc1)NCCc2c(c3[nH]c2)cccc3,0
mmp3822,CC(c1c(S(O)(=O)=O)cc(c2c1)C(C)(C3CC2)CCCC3(C(O)=O)C)C,0
mmp3823,CC(N1C(C(O)=O)CC(O)C1)=O,0
mmp3824,COc1c(OC)c(OC)cc(C(N2CCOCC2)=S)c1,0
mmp3825,C1OCCN(p2(N3CC3)np(N4CC4)(N5CC5)np(N6CC6)(N7CC7)n2)C1,0
mmp3826,Clc1nc(SC2CCNCC2)ccc1,0
mmp3827,CCOC(Cn1c(c2sc(c3ccc(OC)cc3)c(c4ccc(OC)cc4)n2)ccc1)=O,0
mmp3828,CC(C1C(=O)N(C12)C(C(O)=O)=C(C3OCCC3)S2)O,0
mmp3829,OC(COc1sc(CCNS(c2ccccc2)(=O)=O)cc1)=O,0
mmp3830,OC(C1N(C(C2NC(=O)CC2)=O)CSC1)=O,0
mmp3831,CC1N2c(c3C(=O)C(C(O)=O)=C2)c(c(C4(CC4)N)c(F)c3)OC1,0
mmp3832,CNC1CN(c2c(OC)c(c3cc2F)N(C4CC4)C=C(C(O)=O)C3=O)CCC1,0
mmp3833,CCOc1c(C(O)=O)ccc(CC(NC(c2c(N3CCCCC3)cccc2)CC(C)C)=O)c1,0
mmp3834,[O-][N+](c1ccc(CBr)cc1)=O,0
mmp3835,C=Cc1ccc(C=C)cc1,0
mmp3836,CCOP(Oc1ccc([N+]([O-])=O)cc1)(CC)=O,0
mmp3837,CCN(CCNC(c1ccc(N)cc1)=O)CC,0
mmp3838,CN1C(C(Nc2c(C)cccc2C)=O)CCCC1,0
mmp3839,NC(C(O)=O)Cc1[nH]cnc1,0
mmp3840,CNC(Cc1ccccc1)C,0
mmp3841,Cc1cc(N)no1,0
mmp3842,CO[Si](OC)(C)C,0
mmp3843,Cl[Nd](Cl)Cl,0
mmp3844,COC1C(OC)C(C(OC)=O)C(C2C1)CC(N3C2)c4c(c(c5[nH]4)ccc(OC)c5)CC3,0
mmp3845,CCNC(Cc1cc(C(F)(F)F)ccc1)C,0
mmp3846,CC(C(OCCOc1ccccc1)=O)=C,0
mmp3847,CC(OC1C(C)(C2CC1)C=CC(C23)=C(C(=C4)CC3)CCC4=O)=O,0
mmp3848,CCC(C(=O)NC(=O)N1C2OC(CO)C(O)C2)=C1,0
mmp3849,OC(c1c(C(c2ccc(O)cc2)c3ccc(O)cc3)cccc1)=O,0
mmp3850,CCOC(c1c(C)cccc1)=O,0
mmp3851,CC(CC(=O)N1c2ccc(S(O)(=O)=O)cc2)=N1,0
mmp3852,C=Cc1c(C=C)cccc1,0
mmp3853,Cc1cc(c2cc1)CCCN2,0
mmp3854,OCCN(c1cc(Cl)ccc1)CCO,0
mmp3855,CCOC(c1ccc(C)cc1)=O,0
mmp3856,CCOc1c(O)cccc1,0
mmp3857,Clc1cc(c2cc1)n[nH]n2,0
mmp3858,COc1cc([N+]([O-])=O)c(N)cc1,0
mmp3859,SC(N1CCNCC1)=S,0
mmp3860,OCCOc1cc(OCCO)ccc1,0
mmp3861,Nc1ccc(S(NCc2ccccc2)(=O)=O)cc1,0
mmp3862,CC(CCCCCOC(CCCCC(OCCCCCC(C)C)=O)=O)C,0
mmp3863,CC1(C(=O)NC(=O)N1CO)C,0
mmp3864,Cc1c(S(O)(=O)=O)cc(N)cc1,0
mmp3865,COc1c([N+]([O-])=O)cc(C)cc1,0
mmp3866,CC(CC(=O)N1c2cc(S(O)(=O)=O)ccc2)=N1,0
mmp3867,OCCN1CCN(CCO)CC1,0
mmp3868,CC(c1ccc(O)cc1)(c2ccc(O)cc2)CCC(O)=O,0
mmp3869,COc1cc(OC)c(OC)cc1,0
mmp3870,NCc1ccc(S(N)(=O)=O)cc1,0
mmp3871,OCCN(CCN(CCO)CCO)CCO,0
mmp3872,CC(Oc1cc(C)ccc1)=O,0
mmp3873,C1COC2(OCCCC2)CC1,0
mmp3874,CN1CCN(C(c2ccccc2)c3ccccc3)CC1,0
mmp3875,CC(N1C(=O)c(c2C1=O)cccc2)C,0
mmp3876,Fc1c(c2ccccc2)cccc1,0
mmp3877,NC(C(O)=O)CSSCC(C(O)=O)N,0
mmp3878,[O-][N+](c1cc(Cl)c(F)cc1)=O,0
mmp3879,[O-][N+](c1c(F)cc(F)cc1)=O,0
mmp3880,Fc1ccc(C=O)cc1,0
mmp3881,CC(Oc1c(OC(C)=O)c(C(O)=O)ccc1)=O,0
mmp3882,CC(c1ccccc1)(CCl)C,0
mmp3883,CC(OC(=O)c(c12)cccc1)=N2,0
mmp3884,Oc1cc(c2cc1)OCO2,0
mmp3885,CC(NC(C(O)=O)Cc1ccc(O)cc1)=O,0
mmp3886,CN(CCc1ccc(O)cc1)C,0
mmp3887,COc1c(OC)c(OC)cc(C(NCc2ccc(OCCN(C)C)cc2)=O)c1,0
mmp3888,BrCCOc1ccccc1,0
mmp3889,BrCc1ccc(Br)cc1,0
mmp3890,CCN(CCn1c(c2nc1Cc3ccccc3)C(=O)N(C)C(=O)N2C)CCO,0
mmp3891,NC(N)=NCC1OC2(CCCCC2)OC1,0
mmp3892,CN(C1CC2)C2CC(OC(c3cc(C)cc(C)c3)=O)C1,0
mmp3893,CC(c1c(C)c(C)ccc1)c2[nH]cnc2,0
mmp3894,OC(c1ccc(OCCCOc2ccc(C(O)=O)cc2)cc1)=O,0
mmp3895,CCN1c(c2C(=O)C(C(O)=O)=C1)c(F)c(N3CC(C)NCC3)c(F)c2,0
mmp3896,O=C1OC2(CCN(CCc3ccccc3)CC2)CN1,0
mmp3897,CC(CCC(O)=O)=O,0
mmp3898,COC(CCC(C(O)=O)N)=O,0
mmp3899,O=C(c1cc(c2o1)cccc2)N3CCN(Cc4ccccc4)CC3,0
mmp3900,OC(Cc1c(c2ccc(Cl)cc2)nn(c3ccccc3)c1)=O,0
mmp3901,C1OC(NC(C2CC2)C3CC3)=NC1,0
mmp3902,COc1cc2c(n(c(C3=NCC4)c24)CCN3C)cc1,0
mmp3903,OC(C1NCCC(CP(O)(O)=O)C1)=O,0
mmp3904,OC(P(O)(O)=O)(P(O)(O)=O)Cn1cncc1,0
mmp3905,COc1c(OC)c(OC)c(c2c1)c(c3CC(C)C(O)(C)C2)c(OC)c(c4c3)OCO4,0
mmp3906,NC(C(N1C2=O)C1)=N2,0
mmp3907,O=C(NC1CCCCC1)CN2CCNCC2,0
mmp3908,NC(C(O)=O)COP(O)(O)=O,0
mmp3909,CCNC1c(c2S(=O)(=O)N(CCCOC)C1)cc(S(N)(=O)=O)s2,0
mmp3910,CN(S(NC1CN(C)C2C(c(c(c3n(C)c4)c4C2)ccc3)C1)(=O)=O)C,0
mmp3911,CC(c(c1OC2=O)ccc(OCC#C)c1)=C2,0
mmp3912,CC(C(NCCCC(O)=O)=O)(C)C,0
mmp3913,CCNC(NCc1cc(Cl)ccc1)=O,0
mmp3914,CC(OCC(CSC1N2C(=O)C1NC(Cc3ccccc3)=O)=C2C(O)=O)=O,0
mmp3915,Fc1ccc(C2C(=O)c(c3C2=O)cccc3)cc1,0
mmp3916,CC1(C(OC(CCC2CCCC2)=O)CC3)C3C4C(C(C(=C5O)CC4)CCC5=O)CC1,0
mmp3917,COC(C(C)(C)C)=O,0
mmp3918,Cc1ccc(OC(c2c(O)cccc2)=O)cc1,0
mmp3919,CCCOC(c1c(O)cccc1)=O,0
mmp3920,CC(C(c1ccccc1)=O)C,0
mmp3921,CCOC(c1cnccc1)=O,0
mmp3922,CCOc1cc([N+]([O-])=O)c(N)cc1,0
mmp3923,ON(Cc1ccccc1)Cc2ccccc2,0
mmp3924,COc1cc(OC)cc(OC)c1,0
mmp3925,N#CCNCC#N,0
mmp3926,OCCC(C(C(C(C(C(F)(F)F)(F)F)(F)F)(F)F)(F)F)(F)F,0
mmp3927,OCCC(C(C(C(C(C(C(C(F)(F)F)(F)F)(F)F)(F)F)(F)F)(F)F)(F)F)(F)F,0
mmp3928,CCCO[Si](OCCC)(OCCC)OCCC,0
mmp3929,OCCSc1ccccc1,0
mmp3930,COc1ccc(CCO)cc1,0
mmp3931,O=C(c1cc(C(Oc2ccccc2)=O)ccc1)Oc3ccccc3,0
mmp3932,CCCCCCCCC(Cl)=O,0
mmp3933,CCCCCCCCCCCCSC#N,0
mmp3934,CC(c1ccc(N)cc1)(C)C,0
mmp3935,CC(c1cc(c2cc1)CCCC2)=O,0
mmp3936,ClP(c1ccccc1)(Cl)=O,0
mmp3937,C(N1CCCCC1)N2CCCCC2,0
mmp3938,CC(C(c1ccccc1)=O)(C)C,0
mmp3939,CN1C(=O)c(c2N=C1N)[nH]cn2,0
mmp3940,CC(c1ccc(C=O)cc1)(C)C,0
mmp3941,OC1(C(c2ccccc2)=O)CCCCC1,0
mmp3942,O=C(c1nccnc1)NCN2CCOCC2,0
mmp3943,CNC(C(c1ccccc1)c2ccccc2)=O,0
mmp3944,CC[Ge](CC)(CC)Cl,0
mmp3945,CC(C(CC(C(C)(C)C)=O)=O)(C)C,0
mmp3946,OCCCC1CCCCC1,0
mmp3947,OS(CCCN1CCOCC1)(=O)=O,0
mmp3948,CC(CC(C(O)=O)NC(C)=O)C,0
mmp3949,CC(NC(C(O)=O)CCC(O)=O)=O,0
mmp3950,COC(C=C(CCC=C(C)C)C)=O,0
mmp3951,NC(C(O)=O)CO,0
mmp3952,CC(C(O)=O)N,0
mmp3953,CCCC(C(N)=O)CCC,0
mmp3954,COc1c(OC)c(C(O)=O)c(C=NNC(c2ccncc2)=O)cc1,0
mmp3955,Cc1c(NC(CN2C(=O)CCC2)=O)c(C)ccc1,0
mmp3956,CCC1(CC2=O)C(N3CCC1)c(n24)c(c(c45)cccc5)CC3,0
mmp3957,Cc1c(c2c(O)cc1)cccn2,0
mmp3958,CC(NC(c1cnccc1)=O)CNC(c2cnccc2)=O,0
mmp3959,CCOc1ccc(C(COCc2cc(Oc3ccccc3)ccc2)(C)C)cc1,0
mmp3960,Cc1c(NC(CN2CCCCCC2)=O)c(C)ccc1,0
mmp3961,CNC(Cc1cc(c2cc1)OCO2)C,0
mmp3962,Cc1c(COC(C(O)=O)(C)C)oc(c2ccc(Cl)cc2)n1,0
mmp3963,CC(C1C(=O)N(C12)C(C(O)=O)=C(SC3Cn([n+]4C3)cnc4)C2C)O,0
mmp3964,O=C1N(CCNCC2Oc(c3OC2)cccc3)C(=O)CC4(CCCC4)C1,0
mmp3965,CC(N1CC(=O)NC(=O)C1)CN2CC(=O)NC(=O)C2,0
mmp3966,NC(N)=NC(Cc1c(Cl)cccc1Cl)=O,0
mmp3967,CC(NCC(c1cc(C(N)=O)c(O)cc1)O)CCc2ccccc2,0
mmp3968,CCN(CCNC(c1ccc(NC(C)=O)cc1)=O)CC,0
mmp3969,CC(NN)COc1ccccc1,0
mmp3970,CC(c([nH]c12)cc3nc(c(CCC(O)=O)c3C)cc4nc(c(C)c4CCC(O)=O)cc5[nH]c(c(C)c5C=C)c1)=C2C=C,0
mmp3971,OCC1C(Cl)C(O)C(O)C(OC2(C(O)C(O)C(CCl)O2)CCl)O1,0
mmp3972,C[N+]1(CCCCC1)CCC(c2ccccc2)(c3ccccc3)C(N)=O,0
mmp3973,C[N+](CCOC(C(c1ccccc1)(c2ccccc2)O)=O)(C)C,0
mmp3974,CC(C(C(O)=O)N)C,0
mmp3975,COc1c(OC)c(OC)cc(CCN)c1,0
mmp3976,Cn1c(c2nc1)c(N)ncn2,0
mmp3977,COc1cc(O)c(C(c2ccc(C)cc2)=O)cc1,0
mmp3978,COc1cc(O)cc(O)c1,0
mmp3979,OC(CCNC(c1ccccc1)=O)=O,0
mmp3980,OCc1c[n+]([O-])ccc1,0
mmp3981,C(Cc1ccc(COc2ccccc2)cc1)CN3CCOCC3,0
mmp3982,CCCCCCCCCCCCCCCCCCCCCC(NC(C=CN(C1C(O)C(O)C(CO)O1)C2=O)=N2)=O,0
mmp3983,COc1c(OC)cc(c2c1)c(N)nc(N(CCCNC(C3OCCC3)=O)C)n2,0
mmp3984,CCOCC(COc1ccc(NC(CC[S+](C)C)=O)cc1)O,0
mmp3985,Clc1ccc(S(NC(NN2CCCC2)=O)(=O)=O)cc1,0
mmp3986,CC[N+](CCOC(C(C1CCCC1)C2CCCC2)=O)(CC)CC,0
mmp3987,CC(Cn1c([N+]([O-])=O)cnc1C)O,0
mmp3988,COc1c(c2c(C(CCC(O)=O)=O)cc1)cccc2,0
mmp3989,Cc1c(C)c(Nc2c(C(O)=O)cccn2)ccc1,0
mmp3990,CN1C(O)c(c2CC1)cc(c3c2)OCO3,0
mmp3991,OCC1(COC(C(Cl)(Cl)Cl)OC1)CO,0
mmp3992,CCC(OC(NC(C(NC(C(NC(C(NC(C(N)=O)Cc1ccccc1)=O)CC(O)=O)=O)CCSC)=O)Cc2c(c3[nH]c2)cccc3)=O)(C)C,0
mmp3993,Cc1c(NC(c2c(C(O)=O)cccc2)=O)c(C)ccc1,0
mmp3994,Cc1n(c2ccc([N+]([O-])=O)cc2)cc([N+]([O-])=O)n1,0
mmp3995,CC(N(O)c(c1[N+]2=O)cccc1)=C2C(NCCO)=O,0
mmp3996,COc1c(O)c(C(NCCO)=O)cc(CC=C)c1,0
mmp3997,CC(C(NC(P(O)(O)=O)C)=O)N,0
mmp3998,CNC(CC(C(NC(c1ccc(O)cc1)C(NC2C(=O)N(C23)C(C(O)=O)C(C)(C)S3)=O)=O)N)=O,0
mmp3999,COC(C(c1c(c2[nH]c1)cc(OC)cc2)CN)=O,0
mmp4000,CC(C(N1C(C(NC(C(O)=O)Cc2ccccc2)=O)CCC1)=O)CSC(C)=O,0
mmp4001,CCOC(c1ccc(OCCN2C(CO)C(O)C(O)C(O)C2)cc1)=O,0
mmp4002,CCC1(C(NCC2)=N2)Oc(c3C1)cccc3,0
mmp4003,CCC(c1ccccc1)C(NC(N)=O)=O,0
mmp4004,NCCCCC(C(NCC(N)=O)=O)NC(C1N(C(C2NC(=O)C(CC(N)=O)NC(=O)C(CCC(N)=O)NC(=O)C(Cc3ccccc3)NC(=O)C(Cc4ccc(O)cc4)NC(=O)C(NC(CNC(CNC(CN)=O)=O)=O)CSSC2)=O)CCC1)=O,0
mmp4005,O=C(N1c(c2Sc(c13)cccc3)cccc2)CN4CCN(Cc5cc(c6cc5)OCO6)CC4,0
mmp4006,OCC(O)=O,0
mmp4007,CN=C(Nc1ccc(C(C(C)CC(=O)N2)=N2)cc1)NC#N,0
mmp4008,Oc1cc(c2cc1)OC(=O)S2,0
mmp4009,C[N+]1(CC(=C(c2sccc2)c3sccc3)CC4)C4CCCC1,0
mmp4010,CC(C(N1C(C(O)=O)CC(Sc2ccccc2)C1)=O)CSC(c3ccccc3)=O,0
mmp4011,OCC1C(O)C(O)C(O)C(Oc2c(c3ccc2)C(=O)c(c4C3C5c(c6C(=O)c(c57)c(OC8C(O)C(O)C(O)C(CO)O8)ccc7)cc(C(O)=O)cc6O)c(O)cc(C(O)=O)c4)O1,0
mmp4012,COc1nc(NC(NS(c2c(C(N(C)C)=O)cccn2)(=O)=O)=O)nc(OC)c1,0
mmp4013,COc1nc(NC(NS(c2c(OCCCl)cccc2)(=O)=O)=O)nc(C)n1,0
mmp4014,CC(C1C(=O)N(C12)C(C(O)=O)=C(SC3CC(CNS(N)(=O)=O)NC3)C2C)O,0
mmp4015,CCNC(N1CCN(CCCC(c2ccc(F)cc2)c3ccc(F)cc3)CC1)=O,0
mmp4016,NC(C=CN(C1OC(CO)SC1)C2=O)=N2,0
mmp4017,CCOC(c1ccccc1)CN2CCN(CC(C(c3ccccc3)=O)C)CC2,0
mmp4018,CN1C(=O)N(C)C(O)C1O,0
mmp4019,CC(C(c1cncnc1)(c2ccc(OC(F)(F)F)cc2)O)C,0
mmp4020,Clc1c(c2nnc(c3c(Cl)cccc3)nn2)cccc1,0
mmp4021,COC(c1c(S(NC(Nc2nc(OC)nc(C)n2)=O)(=O)=O)ccs1)=O,0
mmp4022,CCCCOCCOCCOCCOCCO,0
mmp4023,OCC(COCC=C)(COCC=C)COCC=C,0
mmp4024,C=C(C#N)CCC#N,0
mmp4025,OP(OCc1ccccc1)(OCc2ccccc2)=O,0
mmp4026,CCCCCCC(c1ccccc1)=O,0
mmp4027,CCC(Nc1ccc(O)cc1)=O,0
mmp4028,CN(CCOCCO)C,0
mmp4029,CC(c1cc(C)c(C)cc1)c2cc(C)c(C)cc2,0
mmp4030,CCCCNC(NCCCC)=O,0
mmp4031,CCCC(C(O)=O)=O,0
mmp4032,O=C1c(c2C(=O)O1)ccc(Oc3cc(c4cc3)C(=O)OC4=O)c2,0
mmp4033,Fc1c(C#N)c(F)ccc1,0
mmp4034,Cc1ccc(C(O)=O)o1,0
mmp4035,CCC[N+](CCC)(CCC)CCC,0
mmp4036,CCCCCCCCCC#N,0
mmp4037,OCCCCCCCl,0
mmp4038,CC(c1c(C)cc(C(C)(C)C)cc1C)=O,0
mmp4039,FC(C(C(C(CCI)(F)F)(F)F)(F)F)(F)F,0
mmp4040,FC(C(C(C(C(C(CCI)(F)F)(F)F)(F)F)(F)F)(F)F)(F)F,0
mmp4041,CCOc1c(OCC)cccc1,0
mmp4042,N#CC1(N=NC2(C#N)CCCCC2)CCCCC1,0
mmp4043,CCCCCCCCCCCCCCCCCCOCCO,0
mmp4044,CC(C(OCCC(C(C(C(C(C(F)(F)F)(F)F)(F)F)(F)F)(F)F)(F)F)=O)=C,0
mmp4045,CC(CO)CO,0
mmp4046,CN(CCN(CCO)C)C,0
mmp4047,C=CN1C(=O)CCCCC1,0
mmp4048,CCCC[P+](CCCC)(CCCC)CCCC,0
mmp4049,CCOC(CC(OCC)=O)=N,0
mmp4050,FC(c1cc(CC#N)ccc1)(F)F,0
mmp4051,CCCCS(Cl)(=O)=O,0
mmp4052,CC(c1ccc(S)cc1)(C)C,0
mmp4053,CC1(NC(C)(C)CC(O)C1)C,0
mmp4054,CN1C(C)(C)CC(O)CC1(C)C,0
mmp4055,O=C1c(c2C(=O)O1)ccc(c3cc(c4cc3)C(=O)OC4=O)c2,0
mmp4056,O=C(c1cc(c2cc1)C(=O)OC2=O)c3cc(c4cc3)C(=O)OC4=O,0
mmp4057,CCCCCCCCOC(CCCCCCCCC(OCCCCCCCC)=O)=O,0
mmp4058,OC1CCC(C2CCCCC2)CC1,0
mmp4059,CCCCCCCCNC,0
mmp4060,OCCCCOC(C=C)=O,0
mmp4061,On1c(c2nn1)cccc2,0
mmp4062,C[Si](C=C)(O[Si](C=C)(C)C)C,0
mmp4063,CC(Oc1ccc(C=C)cc1)=O,0
mmp4064,C=CCOC(c1cc(C(OCC=C)=O)c(C(OCC=C)=O)cc1)=O,0
mmp4065,CCCc1ccc(N)cc1,0
mmp4066,OC(C(C(C(O)=O)OC(c1ccccc1)=O)OC(c2ccccc2)=O)=O,0
mmp4067,CO[Si](C=C)(OC)OC,0
mmp4068,Cc1[nH]c(c2n1)cc(Cl)cc2,0
mmp4069,Nc1c(Cl)ccc(C(O)=O)c1,0
mmp4070,COC(c1cc(Cl)cc(Cl)c1)=O,0
mmp4071,CCCCCCCC[Si](OCC)(OCC)OCC,0
mmp4072,CC1(C(O)C(C)(C)C1O)C,0
mmp4073,CC1(COP(Oc2ccccc2)OC1)C,0
mmp4074,CO[Si](OC)(OC)CCCNc1ccccc1,0
mmp4075,Cc1ccc(N(CCO)CCO)cc1,0
mmp4076,Brc1cc(C=O)ccc1,0
mmp4077,NC(N)=NC(N1CCOCC1)=N,0
mmp4078,NCCCC(C(O)=O)N,0
mmp4079,COc1cc(O)cc(C)c1,0
mmp4080,CC(CC(CCN)(C)C)CN,0
mmp4081,COc1c(C)cc(Cl)cc1,0
mmp4082,OC(c1cc(Br)c(O)c(Br)c1)=O,0
mmp4083,OCCN1C(=O)CCC1,0
mmp4084,CSc1ccc(C=O)cc1,0
mmp4085,CCCCCCCCCCCCSC,0
mmp4086,OCCN1C(=O)NCC1,0
mmp4087,O=S1OCCO1,0
mmp4088,CC(c1cc(C(C)=C)ccc1)=C,0
mmp4089,Clc1nc(Cl)nc(Cl)c1,0
mmp4090,CN(CCCN(CCCN(C)C)C)C,0
mmp4091,COC(CCC(O)=O)=O,0
mmp4092,Cc1ccc(S(N=C=O)(=O)=O)cc1,0
mmp4093,COC(CCSCCC(OC)=O)=O,0
mmp4094,CC(N(C(C)C)CCCl)C,0
mmp4095,CCN(C(Oc1cc(C(N(C)C)C)ccc1)=O)C,0
mmp4096,CN1C(Cc2c(c3[nH]c2)cc(CCS(c4ccccc4)(=O)=O)cc3)CCC1,0
mmp4097,ClC(c1cc(C(Cl)=O)cc(C(Cl)=O)c1)=O,0
mmp4098,COc1c(Cl)cc(OC)c(NC(CC(C)=O)=O)c1,0
mmp4099,CC(NCCO)(C)C,0
mmp4100,ClC(c1c(Cl)cccc1Cl)=O,0
mmp4101,CCCCCCCCP(O)(O)=O,0
mmp4102,CC(C(O)=O)(CO)CO,0
mmp4103,CC(CC(C1CCCCC1)(C)C)=O,0
mmp4104,CC(C(OCC[N+](C)(C)C)=O)=C,0
mmp4105,CN(CCCNC(C(C)=C)=O)C,0
mmp4106,OCC(COCC=C)O,0
mmp4107,FC1(C(F)(F)C2(F)C(C(F)(C3(F)C(F)(F)C2(F)F)C(F)(F)C(F)(F)C(F)(F)C3(F)F)(F)C(F)(F)C1(F)F)F,0
mmp4108,CC(CC(C)(C)CC1O)=C1,0
mmp4109,CC1CNCCC1,0
mmp4110,CCCCC(C(Cl)=O)CC,0
mmp4111,NNC(OCc1ccccc1)=O,0
mmp4112,CCC(C1CCC(O)CC1)(C)C,0
mmp4113,O=C(c1ccccc1)C2CCC2,0
mmp4114,CCN(c1cc(O)c(C(c2c(C(O)=O)cccc2)=O)cc1)CC,0
mmp4115,Oc1cc(O)cc(O)c1,0
mmp4116,OCC(COP(O)(O)=O)O,0
mmp4117,CN(CCN(c1ncccc1)Cc2ccc(Cl)cc2)C,0
mmp4118,CCCCC(N(C)C)=O,0
mmp4119,ClC(C1(Cl)Cl)=C1Cl,0
mmp4120,OCc1ccc(C(O)=O)o1,0
mmp4121,COc1c(N)cc(NC(C)=O)cc1,0
mmp4122,C(OCCN1CCOCC1)CN2CCOCC2,0
mmp4123,CC(C(OCCCCCCOC(C(C)=C)=O)=O)=C,0
mmp4124,CN1C(N)=C(N=O)C(=O)N(C)C1=O,0
mmp4125,C1CCC(N2CC1)=NCCC2,0
mmp4126,CN(CCCNCCCN(C)C)C,0
mmp4127,COCc1ccc(COC)cc1,0
mmp4128,CC(CCCC(C)=C)CCO,0
mmp4129,CCCOCCOCCO,0
mmp4130,NS(c1c(Cl)cccc1)(=O)=O,0
mmp4131,CCOC(C(C#N)=C)=O,0
mmp4132,NCCCN1CCN(CCCN)CC1,0
mmp4133,CCOCCOCCOC(C=C)=O,0
mmp4134,CCOC(c1c(OC)cccc1)=O,0
mmp4135,O=C1c(c2NN1)cccc2,0
mmp4136,CCCCOC(CO)=O,0
mmp4137,CC(C(c1ccccc1)=O)(O)C,0
mmp4138,C[N+]1(CCOCC1)[O-],0
mmp4139,O=C(C(OCc1ccccc1)=O)OCc2ccccc2,0
mmp4140,CCC1(C(=O)NC(=O)N1)C,0
mmp4141,CCC1(COC2)N2COC1,0
mmp4142,CC(C(C(C)(C)C1C2)C1)=C2,0
mmp4143,CCCCCCCCS(Cl)(=O)=O,0
mmp4144,Cc1c(O)c(CO)c(CSSCc2c(CO)c(O)c(C)nc2)cn1,0
mmp4145,OC(c1c(Cl)c(Cl)c(Cl)c(Cl)n1)=O,0
mmp4146,CN(CCCNCCCN)C,0
mmp4147,C1C=CCCC=CC1,0
mmp4148,Cl[V]Cl,0
mmp4149,COc1c(OC)c(OC)c(CN2CCNCC2)cc1,0
mmp4150,CC(CCCC(O)(C)C)C,0
mmp4151,CC(C(CCl)=O)(C)C,0
mmp4152,NC(C(O)=O)CC(O)=O,0
mmp4153,CS(c1c(C(c2c(C3CC3)onc2)=O)ccc(C(F)(F)F)c1)(=O)=O,0
mmp4154,CNC(OCC[N+](C)(C)C)=O,0
mmp4155,CCCCCCCCCCCC[N+](CCCS(O)(=O)=O)(C)C,0
mmp4156,SCCOCCOCCS,0
mmp4157,CC(CC(c1ccc(Nc2ccc(C(CC(C)(C)C)(C)C)cc2)cc1)(C)C)(C)C,0
mmp4158,C[Si](NC1CCCCC1)(NC2CCCCC2)NC3CCCCC3,0
mmp4159,[O-][N+](c1c(Cl)ccc(C=O)c1)=O,0
mmp4160,OC(c1cc(c2cc1)ccc(O)c2)=O,0
mmp4161,CCCCCCCCOCCC#N,0
mmp4162,O=C1C(C2C(=O)O1)CCCC2,0
mmp4163,CC(CCCN)CN,0
mmp4164,OC(C=Cc1ccc(C=CC(O)=O)cc1)=O,0
mmp4165,CC=CC=CCOC(C(C)C)=O,0
mmp4166,CC(C(c1ccc(Cl)cc1)(Cn2ncnc2)O)C3CC3,0
mmp4167,COCc1cc(C(O)=O)c(C(NC(=O)C2(C(C)C)C)=N2)nc1,0
mmp4168,CC1(C(Cn2ncnc2)(O)C(=Cc3ccc(Cl)cc3)CC1)C,0
mmp4169,CC(C(c1ccc(OCCO)cc1)=O)(O)C,0
mmp4170,COc1c(OC)cc(C(c2ccc(Cl)cc2)=CC(N3CCOCC3)=O)cc1,0
mmp4171,COCCCOCCCOC,0
mmp4172,CC(c1ccc(CCOc2c(c3ncn2)cccc3)cc1)(C)C,0
mmp4173,CSC(c1c(c2ccc1)snn2)=O,0
mmp4174,[O-][N+](NC(N(Cc1cnc(Cl)cc1)CC2)=N2)=O,0
mmp4175,CC(N(c1ccc(F)cc1)C(COc2sc(C(F)(F)F)nn2)=O)C,0
mmp4176,CC(CCCC(CCCC(CCCC1(Oc(c2CC1)c(C)c(C)c(OC(C)=O)c2C)C)C)C)C,0
mmp4177,CCCCCCC1C(=O)OCC1,0
mmp4178,CCC(CCC=C(C)C)(O)C,0
mmp4179,CN(C(Nc1cc(NC(N(C)C)=O)c(C)cc1)=O)C,0
mmp4180,CC[Si](OC(C)=O)(OC(C)=O)OC(C)=O,0
mmp4181,OCCCCOC=C,0
mmp4182,c1ccc(c2n[nH]nn2)cc1,0
mmp4183,CCNCC(C)=C,0
mmp4184,CCOC(CC(C(C)=O)C(C)=O)=O,0
mmp4185,CC(C#N)(N)C,0
mmp4186,Cc1c(N)cc(C(N)=O)cc1,0
mmp4187,CC1C(N=C(C(O)=O)N)CC(N)C(OC2C(O)C(O)C(O)C(O)C2O)O1,0
mmp4188,Cc1cc(c2cc1)C(=O)OC2=O,0
mmp4189,Cc1c(CCO)cccc1,0
mmp4190,[O-][N+](c1cc(Cl)c(Cl)c(Cl)c1)=O,0
mmp4191,CCCCCCOC(CC)=O,0
mmp4192,OCC(C(C(C(COC1C(O)C(O)C(O)C(CO)O1)O)O)O)O,0
mmp4193,CC(CC(OCCOC(C(C)=C)=O)=O)=O,0
mmp4194,CCC(OC(C)=O)(CCCC(C)C)C,0
mmp4195,CN1C(c2cnccc2)CCC1,0
mmp4196,OCC(C(C(C(C(O)=O)O)O)O)O,0
mmp4197,CCC(Nc1cc(N)ccc1)=O,0
mmp4198,CCC(COCC(CO)(CO)CC)(CO)CO,0
mmp4199,CCCCCCOC(c1cnccc1)=O,0
mmp4200,COCCOCCOCCOCCOCCO,0
mmp4201,CCO[Si](OCC)(OCC)CCCNC(N)=O,0
mmp4202,ClCN1C(=O)c(c2N=N1)cccc2,0
mmp4203,COP(Oc1c(C(OC(C)C)=O)cccc1)(N)=S,0
mmp4204,CC1(C(=O)NC(=O)NC1=O)C,0
mmp4205,CC(C(OCCOP(O)(O)=O)=O)=C,0
mmp4206,OC(CCOC(C=C)=O)=O,0
mmp4207,COC(c1ccccc1)(C(c2ccccc2)=O)OC,0
mmp4208,CC=C(C(OCCC(CCC=C(C)C)C)=O)C,0
mmp4209,CCO[Si](OCC)(OCC)CCCN=C=O,0
mmp4210,CCCCCCCCCCC=CC#N,0
mmp4211,O=C1N(CCCCN2CCN(c3ncccn3)CC2)C(=O)C(C14)C(CC45)CC5,0
mmp4212,OCCN(C=O)CCO,0
mmp4213,CCCCCCCCCCCCCCCCCC(OCCCCCCCCCCCCCC(C)C)=O,0
mmp4214,CCN(C(C(c1ccccc1)=O)C)CC,0
mmp4215,CC1COC2(C(C)C(C3O2)C(C)(C4C3)C(=O)CC(C45)C(C)(C6CC5)CCC(O)C6)CC1,0
mmp4216,CC(CCCC(C1C(C)(C2CC1)CCC(C23)C(C)(C4CC3)CCC(O)C4)C)C,0
mmp4217,[As]#[In],0
mmp4218,C(C1OC1)Oc2ccc(Cc3ccc(OCC4OC4)cc3)cc2,0
mmp4219,COC1OC=CCC1,0
mmp4220,CC1C(N)CCC(CC2CC(C)C(N)CC2)C1,0
mmp4221,Cc1nc(Nc2ccccc2)nc(C)c1,0
mmp4222,CCCCC(OCC(C1C(C)(C2CC1C)CC(O)C(F)(C23)C(C)(C(=C4)C(F)C3)C=CC4=O)=O)=O,0
mmp4223,OC(c1c(Cl)cccc1)(c2cncnc2)c3ccc(F)cc3,0
mmp4224,CC1(Oc(c2C1)c(N)ccc2)C,0
mmp4225,CCOC(C(Oc1ccc(Oc2nc(c3o2)ccc(Cl)c3)cc1)C)=O,0
mmp4226,OC(c1c(F)cccc1)(c2ccc(F)cc2)Cn3ncnc3,0
mmp4227,OC(c1c(c2ccc1Cl)ncc(Cl)c2)=O,0
mmp4228,COCC(N(c1c(C)scc1C)C(CCl)=O)C,0
mmp4229,CCONC(CC)=C1C(=O)CC(c2c(C)cc(C)cc2C)CC1=O,0
mmp4230,FC(C(c1ccc(Cl)cc1)=NOCC2OCCO2)(F)F,0
mmp4231,CCOP(N1C(=O)SCC1)(SC(CC)C)=O,0
mmp4232,Cc1nc(n2cc1)nc(S(Nc3c(F)cccc3F)(=O)=O)n2,0
mmp4233,COC(c1c(C(F)F)nc(C(F)(F)F)c(C(SCC2)=N2)c1CC(C)C)=O,0
mmp4234,CCCC[N+](CCCC)(CCCC)C,0
mmp4235,CCC(Nc1cc(C)c(C)cc1)CC,0
mmp4236,CC=CC(CSC1N2C(=O)C1NC(C(c3ccc(O)cc3)N)=O)=C2C(O)=O,0
mmp4237,CC(CCCC(CCCC(CCCC1(Oc(c2CC1)c(C)cc(O)c2)C)C)C)C,0
mmp4238,OC(c1ccccc1)(C2C3CC(C=C3)C2)CCN4CCCCC4,0
mmp4239,CC1C(c2ccccc2)OCCN1,0
mmp4240,CCCNC(C(Nc1c(C)cccc1)=O)C,0
mmp4241,CC1(C(=O)NN(c2ccccc2)C1)CO,0
mmp4242,CC1C(C)(C)C2=C(CCCC2=O)C1(C)C,0
mmp4243,CSc1ccc(C(C(N2CCOCC2)(C)C)=O)cc1,0
mmp4244,CC(C(OCC#C)=O)Oc1ccc(Oc2c(F)cc(Cl)cn2)cc1,0
mmp4245,CC(COC(C)(C)C)O,0
mmp4246,CC(CCCC(CCCC(CCCC1(Oc(c2CC1)c(C)c(C)c(O)c2)C)C)C)C,0
mmp4247,CC(C1C(C)(C2CC1)CCC(C23)C(C)(C4CC3)CCC(O)C4)=O,0
mmp4248,CC(COc1ccccc1)O,0
mmp4249,CC(C(Cc1ccc(Cl)cc1)(O)C)CN(C)C,0
mmp4250,CC1(CCC(C23)C(C)(C4CC2)CCC(O)C4)C3CCC1,0
mmp4251,O=C1C(C2C(=O)N1)CC=CC2,0
mmp4252,CCN(CCOC(c1cnccc1)=O)CC,0
mmp4253,CC(C#N)(N=NC(C#N)(CCC(O)=O)C)CCC(O)=O,0
mmp4254,CC(C(c1ccccc1)(c2ccccc2)C(N3CCCC3)=O)CN4CCOCC4,0
mmp4255,CC(C(c1ccc(C)cc1)=O)CN2CCCCC2,0
mmp4256,[O-][N+](c1ccc(C=NN2C(=O)OC(CN3CCOCC3)C2)o1)=O,0
mmp4257,CN(C(C(C(C)=O)Cl)=O)C,0
mmp4258,CC1C(P(O)(O)=O)O1,0
mmp4259,OC(C1NCSC1)=O,0
mmp4260,CC1(C(C(O)=O)N(C2S1)C(=O)C2NC(C(c3ccccc3)C(Oc4cc(c5cc4)CCC5)=O)=O)C,0
mmp4261,CN(c1ccc(CCO)cc1)C,0
mmp4262,CC1C(C=O)CCC(C)=C1,0
mmp4263,CCCCNP(N)(N)=S,0
mmp4264,CC1(C(O)C(N2C(=O)CCC2)c(c3O1)cc(C#N)cc3)C,0
mmp4265,CCOP(Oc1cnc(C(C)(C)C)nc1)(OC(C)C)=S,0
mmp4266,FC(C(Oc1c(Cl)cc(NC(NC(c2c(F)cccc2F)=O)=O)cc1)(F)F)OC(F)(F)F,0
mmp4267,NC1CN(c2c(F)cc(c3n2)C(=O)C(C(O)=O)=CN3c4c(F)cc(F)cc4)CC1,0
mmp4268,CCCCC(COC(CCCCC(OCc1ccccc1)=O)=O)CC,0
mmp4269,OCC(C(C(CO)O)O)O,0
mmp4270,CN(CCCCl)C,0
mmp4271,CCCCN(CCCCCCN(CCCC)CCCC)CCCC,0
mmp4272,CC(NC(c1c(N)cccc1)=O)C,0
mmp4273,CC(c1ccc(Oc2cc(c3cc2)C(=O)OC3=O)cc1)(c4ccc(Oc5cc(c6cc5)C(=O)OC6=O)cc4)C,0
mmp4274,CC(C(CCc1ccc(Cl)cc1)=O)(C)C,0
mmp4275,OCCSCSCCO,0
mmp4276,COC(C1C(=O)CC(C(OC)=O)C(=O)C1)=O,0
mmp4277,OC(CCSSCCC(O)=O)=O,0
mmp4278,CCCCCCCCC(CCCCCC)CO,0
mmp4279,CCOC(CC1(OC(C)CO1)C)=O,0
mmp4280,OC(COCC=C)CCl,0
mmp4281,CC(OC(c1ccccc1)C(c2ccccc2)=O)=O,0
mmp4282,OCCN(CCC#N)CCO,0
mmp4283,OC1C(O)OCCO1,0
mmp4284,CCCCC(COC(CC#N)=O)CC,0
mmp4285,Cc1nn(CO)c(C)c1,0
mmp4286,OC(C=CC(Nc1ccc(S(Nc2sccn2)(=O)=O)cc1)=O)=O,0
mmp4287,O=C1C2CC(C(C23)CCC3)C1,0
mmp4288,COP(OP(OC)(O)=O)(O)=O,0
mmp4289,CCOC(C(c1ccccc1)Br)=O,0
mmp4290,CC1C(=O)NN(c2ccccc2)C1,0
mmp4291,COC(CC(CCc1ccccc1)OC2=O)=C2,0
mmp4292,C=CC(N1CCOCC1)=O,0
mmp4293,CCC(C(C(O)=O)N)C,0
mmp4294,COC(CC(C(C)(C)C)=O)=O,0
mmp4295,CCCCCCCCCOCC1OC1,0
mmp4296,CCCC1SC(C)OCC1,0
mmp4297,COC(c1c(S(N)(=O)=O)ccs1)=O,0
mmp4298,CC1C(C=O)C(C)C=C(C)C1,0
mmp4299,CC(OC(c1ccccc1)=O)COCC(OC(c2ccccc2)=O)C,0
mmp4300,C[N+]1(CCN(CC(c2ccccc2)(C3CCCCC3)O)CC1)C,0
mmp4301,CCCNC(COC(c1ccccc1)=O)(C)C,0
mmp4302,C[Sn](Cl)(Cl)Cl,0
mmp4303,CC1N(C)C(C)(C)CC(OC(C(c2ccccc2)O)=O)C1,0
mmp4304,NCC(c1ccc(O)cc1)O,0
mmp4305,CC(C1C(=O)CCCC1)(C)C,0
mmp4306,CC(NCCn1c(c2nc1)C(=O)N(C)C(=O)N2C)Cc3ccccc3,0
mmp4307,CCCCCC1C(=O)CCC1CC(OC)=O,0
mmp4308,CC(CCCCCOC(CCS)=O)C,0
mmp4309,CC(CCCCCCOC(c1cc(C(OCCCCCCC(C)C)=O)c(C(OCCCCCCC(C)C)=O)cc1)=O)C,0
mmp4310,CN(c1sc(C(NC(C(O)=O)CCC(O)=O)=O)cc1)Cc2cc(c3cc2)C(=O)N=C(C)N3,0
mmp4311,NC(c1c(O)n(C2C(O)C(O)C(CO)O2)cn1)=O,0
mmp4312,COC(CCc1ccc(OCC(CNC(C)C)O)cc1)=O,0
mmp4313,CC(C1C(=O)N(C12)C(C(O)=O)=C(SCCN=CN)C2)O,0
mmp4314,CC(C1C(C)(C2CC1)CC(=O)C(C23)C(C)(C4CC3)CCC(O)C4)=O,0
mmp4315,COc1c(Oc2c(OCCO)nc(c3ncccn3)nc2NS(c4ccc(C(C)(C)C)cc4)(=O)=O)cccc1,0
mmp4316,C[Se]CCC(C(O)=O)N,0
mmp4317,CC(C(NCCC[N+](C)(C)C)=O)=C,0
mmp4318,CC(CN(CCCN(C)C)CCCN(C)C)O,0
mmp4319,CC(CCOCC(OCC=C)=O)C,0
mmp4320,COC(c1ccccc1)C(O)=O,0
mmp4321,CC(OC1C(CC2C1(C)C)(C)CC2)=O,0
mmp4322,CCC1OC(=O)OC1,0
mmp4323,CC1C(C(OOC2(C)O3)(C3OC(O)C4C)C4CC1)CC2,0
mmp4324,CCCC(C(OCC)=O)NC(C(N1C(C(O)=O)CC(C12)CCCC2)=O)C,0
mmp4325,CCN(CC1N(CC(N2c(c3NC(=O)c(c24)cccc4)nccc3)=O)CCCC1)CC,0
mmp4326,CN1C2c(c3CC1)c(c(c4C2)c(O)c(O)cc4)ccc3,0
mmp4327,CCC1(c2ccccc2)C(=O)N(C)C(=O)N1,0
mmp4328,Cn1c(c2c(C(C3Cc(c4CC3)[nH]cn4)=O)c1)cccc2,0
mmp4329,Nc1c(CNC2CCC(O)CC2)cc(Br)cc1Br,0
mmp4330,CC(C(Nc1c(C)cccc1C)=O)N,0
mmp4331,Cc1c(Sc2ccncc2)c(c3cc1)C(=O)N=C(N)N3,0
mmp4332,CC(CCc1ccccc1)CCO,0
mmp4333,CC(CC(=O)N1c2ccc(C(O)=O)cc2)=N1,0
mmp4334,CC(C(C(OCC(OCn1c(c2nc1)NC(N)=NC2=O)CO)=O)N)C,0
mmp4335,CC(Cc1cc(c2cc1)OCO2)N,0
mmp4336,CC(OC(C1CC=C(C)CC1)(C)C)=O,0
mmp4337,CC(OCC(C1(C(C)(C2CC1)CC=C(C23)C(C)(C(=C4)CC3)CCC4=O)O)=O)=O,0
mmp4338,COC(CC(C(OC)=O)C(C)=O)=O,0
mmp4339,CN(CCCNCCC#N)C,0
mmp4340,CC(c1cc(C(c2ccccc2)(C)C)c(O)c(n3nc(c4n3)cccc4)c1)(c5ccccc5)C,0
mmp4341,CCN(c1cc(C)ccc1)CC#N,0
mmp4342,Cc1cc(Cl)c(N)c(C)c1,0
mmp4343,CCc1cc(C(O)=O)c(C(O)=O)nc1,0
mmp4344,COC(CC(C=C)(C)C)=O,0
mmp4345,CC(C)=CCCC(C)=CC=NO,0
mmp4346,CN1C(=O)NC(C(NC(C(N2C(C(N)=O)CCC2)=O)Cc3[nH]cnc3)=O)CC1=O,0
mmp4347,OC(C(Br)(Cl)Cl)=O,0
mmp4348,CS(c1ccc(C(C(NC(C(Cl)Cl)=O)CF)O)cc1)(=O)=O,0
mmp4349,CC(CC1C(=O)N(C2C(O)(N13)OC(C(C)C)(NC(C4CN(C)C5C(c(c(c6[nH]c7)c7C5)ccc6)C4)=O)C3=O)CCC2)C,0
mmp4350,CCC(COCCOC(C=C)=O)(COCCOC(C=C)=O)COCCOC(C=C)=O,0
mmp4351,CC(C(OCOC(C1C(C)(C)SC2N1C(=O)C2N=CN3CCCCCC3)=O)=O)(C)C,0
mmp4352,Clc1ncc(CN2C(=NC#N)SCC2)cc1,0
mmp4353,CC(NC(=O)C(C#N)=C1)=C1c2cn(c3cc2)ccn3,0
mmp4354,C1[n+](c2c([n+]3C1)cccc3)cccc2,0
mmp4355,COC(C(c1c(Cl)cccc1)N2Cc(c3CC2)ccs3)=O,0
mmp4356,Cc1c(Cl)c(N)c(Cl)cc1,0
mmp4357,CCCCCC(C(=O)CC1)=C1,0
mmp4358,CO[Si](OC)(OC)CCCN1C(=O)N(CCC[Si](OC)(OC)OC)C(=O)N(CCC[Si](OC)(OC)OC)C1=O,0
mmp4359,CC(CC(Nc1cc(c2cc1)NC(=O)N2)=O)=O,0
mmp4360,COc1cc(C)c(Br)cc1,0
mmp4361,COc1c(c2cc(CC(N)C)c1)OCO2,0
mmp4362,CC1CCC(CO)CC1,0
mmp4363,COC(c1n(C(c2ccccc2)C)cnc1)=O,0
mmp4364,NC(N)=NCCCCN=C(N)N,0
mmp4365,CCCNC1Cc(c2CC1)sc(N)n2,0
mmp4366,CC(CCCCCCN)C,0
mmp4367,COC(C(C(OC)=O)Cl)=O,0
mmp4368,COc1c(OC)cc(c2c1)C(=O)NC(=O)N2,0
mmp4369,Cc1cc(c2cc1)OCC(=O)CO2,0
mmp4370,FC(C(C(C(C(C(C(C(C(C(F)(F)F)(F)F)(F)F)(F)F)(F)F)(F)F)(F)F)(F)F)(F)F)(F)F,0
mmp4371,COC(c1c(C(c2ccc(OCCN3CCCCC3)cc2)=O)cccc1)=O,0
mmp4372,NC(NC(C(O)=O)CCC(O)=O)=O,0
mmp4373,CCCOCC(OCC(O)C)C,0
mmp4374,Cc1c(c2ccc1)n[nH]n2,0
mmp4375,CCCCCCCCCCCCCCCCCCOC(C(C)=C)=O,0
mmp4376,CC(C(OCCOP(OCCOC(C(C)=C)=O)(O)=O)=O)=C,0
mmp4377,OC1C(O)C(OC(C=Cc2cc(O)c(O)cc2)=O)CC(C(O)=O)(OC(C=Cc3cc(O)c(O)cc3)=O)C1,0
mmp4378,CCN(C(CN1c(c2Sc(c13)cccc3)cccc2)C)CC,0
mmp4379,CC(C1C(=O)C=C(C)OC1=O)=O,0
mmp4380,COCC(N)C,0
mmp4381,CN(CCc1c(c2[nH]c1)cc(CS(N3CCCC3)(=O)=O)cc2)C,0
mmp4382,NCC(CCC(O)=O)=O,0
mmp4383,Cc1ncc(c2c(c3ccc(S(C)(=O)=O)cc3)cc(Cl)cn2)cc1,0
mmp4384,CCc1ccc(C(C(CN2CCCCC2)C)=O)cc1,0
mmp4385,OC(CCn1c(c2c(c13)CC(NS(c4ccc(F)cc4)(=O)=O)CC3)cccc2)=O,0
mmp4386,CCN(C(c1ccc(C(c2cc(OC)ccc2)N3C(C)CN(CC=C)C(C)C3)cc1)=O)CC,0
mmp4387,CS(Nc1c(Oc2ccccc2)cc(c3c1)C(=O)C(NC=O)=CO3)(=O)=O,0
mmp4388,NC(C(O)=O)CCC(NC(C(NCC(O)=O)=O)CS)=O,0
mmp4389,CCC(OC(N1C(CCO)CCCC1)=O)C,0
mmp4390,CCN1CCN(c2nc(c3c(c4ccc(F)cc4)c2)CCCCCC3)CC1,0
mmp4391,CC(SCC(C(O)=O)CC(c1ccc(C)cc1)=O)=O,0
mmp4392,CC(C(N(c1c(C)cccc1C)CCCc2cnccc2)=O)N,0
mmp4393,NC(c1nnn(Cc2c(F)cccc2F)c1)=O,0
mmp4394,CCNC(NCCCOc1cc(CN2CCCCC2)ccc1)=O,0
mmp4395,COc1c(OC)cc(C(NCc2ccc(OCCN(C)C)cc2)=O)cc1,0
mmp4396,CC(OCC(Nc1c(Cl)c(NC(COC(C)=O)=O)cc(C#N)c1)=O)=O,0
mmp4397,CC1(S(=O)(=O)C2N(C(=O)C2)C1C(O)=O)C,0
mmp4398,OC(P(O)(O)=O)(P(O)(O)=O)Cc1n(c2nc1)cccc2,0
mmp4399,CC(C(C(NCCCO)=O)O)(CO)C,0
mmp4400,CC(CN(S(c1ccc(N)cc1)(=O)=O)CC(C(NC(OC2COCC2)=O)Cc3ccccc3)OP(O)(O)=O)C,0
mmp4401,NC1CCN(c2nc(Cl)ccc2)CC1,0
mmp4402,CNC(C(NC(C(CC(NO)=O)CC(C)C)=O)Cc1c(c2[nH]c1)cccc2)=O,0
mmp4403,Fc1c(C(c(c(c2CC3)N3C(=O)C4NC(c5[nH]c(c6c5)cccc6)=O)ccc2)=N4)cccc1,0
mmp4404,COc1ccc(n2c(c3ccc(S(C)=O)cc3)cc(C(F)F)n2)cc1,0
mmp4405,CCn1c(CC2Oc(c3OC2)cccc3)ncc1,0
mmp4406,CCCCCCOC(CC(C(OCCCCCC)=O)(OC(CCC)=O)CC(OCCCCCC)=O)=O,0
mmp4407,COC(C(NC(C(CC(O)=O)N)=O)Cc1ccccc1)=O,0
mmp4408,NC(C(O)=O)CSCCCO,0
mmp4409,CC(OC(c1c(C(O)=O)cccc1)=O)(C)C,0
mmp4410,CN=C(NCCCC(C(O)=O)N)N,0
mmp4411,CC(C1CCCCC1)O,0
mmp4412,c1ccc(n2nnnc2)cc1,0
mmp4413,CCCC1CCC(=O)CC1,0
mmp4414,CCCCCCCCCC(NO)=O,0
mmp4415,CCOC(c1ccc(I)cc1)=O,0
mmp4416,NC(C(O)=O)CCC(N)=O,0
mmp4417,Nc1nc(c2c(N)n1)ncc(CC(c3ccc(C(NC(C(O)=O)CCC(O)=O)=O)cc3)CC#C)n2,0
mmp4418,CCCCCCCCCCCCCCCCCCOP(OC1CC[N+](C)(C)CC1)(O)=O,0
mmp4419,NC(Cc1c(N)c(C(c2ccccc2)=O)ccc1)=O,0
mmp4420,COc1c(OC2CCCC2)cc(C3(C#N)CCC(C(O)=O)CC3)cc1,0
mmp4421,CNC1Cc(c2CC1)c(c3[nH]2)cc(C(N)=O)cc3,0
mmp4422,COC(c1c(S(NC(N(c2nc(OC)nc(C)n2)C)=O)(=O)=O)cccc1)=O,0
mmp4423,NC(Nc(c1C2=O)n(C3C(=C)C(CO)C(O)C3)cn1)=N2,0
mmp4424,CCO[Si](OCC)(OCC)CCC1CC(C2CC1)O2,0
mmp4425,CCCCCCCCCC(OC1C(C)(C2CC1)CCC(C23)C(C)(C(=C4)CC3)CCC4=O)=O,0
mmp4426,CN1Cc(c2C(c3ccccc3)OCC1)cccc2,0
mmp4427,CC(NCCCS(O)(=O)=O)=O,0
mmp4428,OC(COc1ccc(O)cc1)CNCCNC(N2CCOCC2)=O,0
mmp4429,CC(C(c1ccccc1)=O)N,0
mmp4430,NC(N1C(c(c2Cc(c13)cccc3)cccc2)C4)=N4,0
mmp4431,OCC(C(C(C(CO)O)O)OC1C(O)C(O)C(O)C(CO)O1)O,0
mmp4432,CN1C(c2cnccc2)CCC1,0
mmp4433,CO[Si](OC)(OC)CCCNCCC[Si](OC)(OC)OC,0
mmp4434,COC(CCC(CN)=O)=O,0
mmp4435,OC(c1ccccc1)CNCCOc2ccc(CC(O)=O)cc2,0
mmp4436,CC(C1(C)CC2)(C2CC1=O)C,0
mmp4437,OCC1C(O)C(O)C(O)C(OCCc2ccc(O)cc2)O1,0
mmp4438,O=[Zr],0
mmp4439,CN,0
mmp4440,CN1CCN(c2nnc(c3c2)Oc(c4N3C)cccc4)CC1,0
mmp4441,NC(C1Oc(c2C3(C(=O)NC(=O)N3)C1)ccc(F)c2)=O,0
mmp4442,OCC1C(C2CC1)C3CC2C(CO)C3,0
mmp4443,NCCc1c(O)cc(O)c(O)c1,0
mmp4444,COC1C[N+](C)(C)CC(=C(c2sccc2)c3sccc3)C1,0
mmp4445,Clc1ccc(OCC(N2CCN(Cc3cc(c4cc3)OCO4)CC2)=O)cc1,0
mmp4446,CC(CC(C)(C)C)CC(Cl)=O,0
mmp4447,C[N+](CCOC(C=C)=O)(C)C,0
mmp4448,CC(C)=CC1C(C)(C)C1C(OCc2cc(Cc3ccccc3)oc2)=O,0
mmp4449,CCN(C(C1(c2ccccc2)C(CN)C1)=O)CC,0
mmp4450,NCCNC(c1ncc(Cl)cc1)=O,0
mmp4451,OCC1CCC(COC=C)CC1,0
mmp4452,CC(OCCCO)COC(C)(C)C,0
mmp4453,CC1(OC(COC(CCc2ccc(OCC(CNCCNC(N3CCOCC3)=O)O)cc2)=O)CO1)C,0
mmp4454,OCC(C(OCn1c([N+]([O-])=O)ncc1)CO)O,0
mmp4455,Cc1cc(C)c(C(P(c2ccccc2)(C(c3c(C)cc(C)cc3C)=O)=O)=O)c(C)c1,0
mmp4456,CCNCC(c1cc(O)ccc1)O,0
mmp4457,OS(O)(=O)=O,0
mmp4458,CC(C1C(O)CC(C)CC1)C,0
mmp4459,CC(CCCCCOC(C=C)=O)C,0
mmp4460,OC(c1noc(c2ccccc2)c1)CN3CCCCC3,0
mmp4461,CC[N+]1(CCCCC1)CCOC(C(c2ccccc2)(c3ccccc3)O)=O,0
mmp4462,C[N+]1(CCCCC1)CC2OC(c3ccccc3)(C4CCCCC4)OC2,0
mmp4463,CC1(CC(CN=C=O)(C)CC(N=C=O)C1)C,0
mmp4464,CCN1CCc(c2CC1)nc(N)o2,0
mmp4465,CC(CCCCCCCOC(c1cc(C(OCCCCCCCC(C)C)=O)c(C(OCCCCCCCC(C)C)=O)cc1)=O)C,0
mmp4466,ClCc1cc(C=C)ccc1,0
mmp4467,CCc1c(NC(CN(CC(O)=O)CC(O)=O)=O)c(CC)ccc1,0
mmp4468,COC(c1c([N+]([O-])=O)ccc(Cl)c1)=O,0
mmp4469,OC(CCCCC1C(C2CS1)NC(=O)N2)=O,0
mmp4470,CNCC1OC(OC2C(O)C(OC3C(O)C(NC)C(O)(C)CO3)C(N)CC2N)C(N)CC1,0
mmp4471,Fc1c(Br)cc(C=O)cc1,0
mmp4472,CN(C1CC2)C2CC(OC(C(c3ccccc3)CO)=O)C1,0
mmp4473,CCCCCCC[N+](CCCCc1ccc(Cl)cc1)(CC)CC,0
mmp4474,OCC=CCO,0
mmp4475,NCCC(C(NC1C(OC2C(O)C(N)C(O)C(CO)O2)C(O)C(OC3C(N)CCC(CN)O3)C(N)C1)=O)O,0
mmp4476,CN1CCN(c2c(c(N3C=C(C(O)=O)C4=O)c4cc2F)SCC3)CC1,0
mmp4477,Cn1c(c2c(C(C(=O)NC3=O)=C3c4c(c5n(C6CCN(Cc7ncccc7)CC6)c4)cccc5)c1)cccc2,0
mmp4478,CC(c1c(S(C)(=O)=O)cc(C(N=C(N)N)=O)cc1)C,0
mmp4479,CC1(C(C2(C3O1)COC(=O)C3)CC(=O)C(C)(C24)C(C5C(=O)OC6c7ccoc7)(C6(C)CC4)O5)C,0
mmp4480,CCCCOC(C(Oc1ccc(Oc2c(F)cc(C#N)cc2)cc1)C)=O,0
mmp4481,CC(NCC(COc1ccc(CC(N)=O)cc1)O)C,0
mmp4482,OCC1C(O)C(O)C(O)C(OC2C(O)C(O)C(O)C(CO)O2)O1,0
mmp4483,CNC1(c2c(Cl)cccc2)C(=O)CCCC1,0
mmp4484,OC(CNC(CNC(CNC(CSC(c1ccccc1)=O)=O)=O)=O)=O,0
mmp4485,CC(OCC(C1(C(C)(C2C3)CC(O)C(C24)C(C)(C(=C5)CC4)C=CC5=O)C3OC(C)=N1)=O)=O,0
mmp4486,OCC1C(O)C(O)C(O)C(OC2C(CO)OC(OC3C(CO)OC(O)C(O)C3O)C(O)C2O)O1,0
mmp4487,CCN,0
mmp4488,CC(c1cc(c2cc1)C(NC(c3ccc(F)cc3)=O)C(O)C(C)(C)O2)=O,0
mmp4489,CC(OC(c1[nH]c(c2c1)cccc2OCC(CNC(C)(C)C)O)=O)C,0
mmp4490,ClCC(c1ccc(Oc2ccc(C(CCl)=O)cc2)cc1)=O,0
mmp4491,CS(c1ccc(C(C(NC(C(Cl)Cl)=O)COC(CN)=O)O)cc1)(=O)=O,0
mmp4492,CCC1C(N23)C(c4c(c(c5[nH]4)cc(OC)cc5)CC2)CC(C3)C1,0
mmp4493,O=C1C(CN2CCCCC2)CCCC1,0
mmp4494,OC(C(C(C(O)=O)S)S)=O,0
mmp4495,Nc1c[n+](N2CCOCC2)no1,0
mmp4496,CN1C2C(C3(c(c4C2)cc(C)cc4)CC1)CCCC3,0
mmp4497,O=C(N1CCCCC1)C2NC(=O)CC2,0
mmp4498,CC(C(c1ccc(C(F)(F)F)cc1)=O)CN2CCCC2,0
mmp4499,COc1c(O)c(c2cc1O)C(C3OC2=O)OC(CO)C(O)C3O,0
mmp4500,CCC(CCCCC(NC(C(NC(C(NC(C(NC1C(=O)NC(CCN)C(=O)NC(CC(C)C)C(=O)NC(CC(C)C)C(=O)NC(CCN)C(=O)NC(CCN)C(=O)NC(C(O)C)C(=O)NCC1)=O)CCN)=O)C(O)C)=O)CCN)=O)C,0
mmp4501,C1CNC(c2cnccc2)CC1,0
mmp4502,CS(CCNCc1ccc(c2cc(c3cc2)c(Nc4cc(Cl)c(OCc5cc(F)ccc5)cc4)ncn3)o1)(=O)=O,0
mmp4503,CCCCCCC(C(O)=O)CCC,0
mmp4504,OP(CN1c(c2NC(=O)C1=O)cc(N3CCOCC3)c(C(F)(F)F)c2)(O)=O,0
mmp4505,C[N+]1(CCCCC1)CC2OC(c3ccccc3)(c4ccccc4)OC2,0
mmp4506,CC(NC(C(O)=O)CC(NC(C(O)=O)CCC(O)=O)=O)=O,0
mmp4507,CC(C=Cc1ccco1)=O,0
mmp4508,CN(C(C)=NC#N)Cc1cnc(Cl)cc1,0
mmp4509,CN=C(N[N+]([O-])=O)NCc1sc(Cl)nc1,0
mmp4510,CC(CN(S(c1ccc(N)cc1)(=O)=O)CC(C(NC(OC2C(C3OC2)CCO3)=O)Cc4ccccc4)O)C,0
mmp4511,OP(OC(c1c(F)cc(F)cc1)(Cn2ncnc2)Cn3ncnc3)(O)=O,0
mmp4512,Nc1c(c2ccc1)CN(C3C(=O)NC(=O)CC3)C2=O,0
mmp4513,CCN(c1cc(S(NCC[n+]2ccccc2)(=O)=O)c(N=Nc3ccc(S(N(C)C)(=O)=O)cc3)cc1)CC,0
mmp4514,CC1C(=O)OC(C12)C(C3(C)CC2)=C(C)C(=O)C=C3,0
mmp4515,CCC(C(C)C)CCC(C1C(C)(C2CC1)CCC(C23)C(C)(C4=CC3)CCC(O)C4)C,0
mmp4516,OCC(C(CO)O)O,0
mmp4517,CC(OC(C)=O)OC(C)=O,0
mmp4518,CC1(C(OC(CCc2ccccc2)=O)CC3)C3C4C(C(C(=C5)CC4)CCC5=O)CC1,0
mmp4519,[O-][N+](c1cc(c2cc1)C(=O)OC2=O)=O,0
mmp4520,CC(CCC(OC1C(C)(C2CC1)CCC(C23)C(C)(C(=C4)CC3)CCC4=O)=O)C,0
mmp4521,CCCCCCC(CCOC(C)=O)O,0
mmp4522,COc1ccc(S(Nc2sc(CC(C)C)nn2)(=O)=O)cc1,0
mmp4523,O=C1OCCCCCCCCCCCCCC1,0
mmp4524,CC1C(C(COC(C)=O)=O)(O)C(C)(C2C1)CC(O)C(F)(C23)C(C)(C(=C4)CC3)C=CC4=O,0
mmp4525,OCc1ccc(C=O)o1,0
mmp4526,CC(CC(OC(C=C)(CCC=C(C)C)C)=O)C,0
mmp4527,O=C(c1ccccc1)OCCCCCOC(c2ccccc2)=O,0
mmp4528,CCN1C(C2(C(C3(COC)C1)C4OC)C(OC)CC3O)C4C(C(C(OC(c5ccccc5)=O)C6(O)C7)C27)(OC(C)=O)C(O)C6OC,0
mmp4529,CCCCCC(CC)=O,0
mmp4530,O=C1c(c2NC=N1)c(CN3CCCCC3)c[nH]2,0
mmp4531,CC=C(C(OCc1ccccc1)=O)C,0
mmp4532,CC(OC1(C(C)(C2CC1=C)CCC(C23)C(C)(C(=C4)C(C)=C3)CCC4=O)C(C)=O)=O,0
mmp4533,COC(c1ccc(CBr)cc1)=O,0
mmp4534,CC1(C(OP(O)(O)=O)CC2)C2C3C(c(c4CC3)ccc(OC(N(CCCl)CCCl)=O)c4)CC1,0
mmp4535,CC1(C(O)CC2)C2C3C(c(c4CC3)ccc(OC(N(CCCl)CCCl)=O)c4)CC1,0
mmp4536,CC(C1(CC(=O)C2C)C2C1)C,0
mmp4537,CCOC(c1cc(N)ccc1)=O,0
mmp4538,O=C(c1ccccc1)OCCCCCCOC(c2ccccc2)=O,0
mmp4539,Cc1ccc(C(c2ccc(C)cc2)(C)C)cc1,0
mmp4540,CCN(CCc1nc(c2ccccc2)no1)CC,0
mmp4541,COC(C1(c(c2c(c13)cccc3)cccc2)O)=O,0
mmp4542,COc1c(OC)c(c2cc1)C(=O)OC2C3c(c4CCN3C)c(OC)c(c5c4)OCO5,0
mmp4543,CC(C1(C2=O)C3C(C2C(C)C(=O)C3)(C)CC1)C(O)=O,0
mmp4544,CS(OCCCNCCCOS(C)(=O)=O)(=O)=O,0
mmp4545,NC(C(O)=O)C1ON=C(Cl)C1,0
mmp4546,C1Cc2c(c(NC(NCC3)=N3)ccc2)CC1,0
mmp4547,CN(C(Nc1cc(OC(NC(C)(C)C)=O)ccc1)=O)C,0
mmp4548,CCN(CCOC(C(Cc1c(c2ccc1)cccc2)CC3OCCC3)=O)CC,0
mmp4549,Oc1c(O)cc(c2c1)C(C3(O)C2)c(c4OC3)ccc(O)c4O,0
mmp4550,Fc1cc(c2cc1)C3(C(=O)NC(=O)N3)CCO2,0
mmp4551,CC(CC(B(O)O)NC(C(NC(c1nccnc1)=O)Cc2ccccc2)=O)C,0
mmp4552,CC(C(C(NC(Cc1ccccc1)CC(C(NC(OCc2scnc2)=O)Cc3ccccc3)O)=O)NC(N(Cc4nc(C(C)C)sc4)C)=O)C,0
mmp4553,NCCN1CCOCC1,0
mmp4554,OCCCNc1ccccc1,0
mmp4555,CC(NC1C(O)C(O)C(CO)OC1O)=O,0
mmp4556,OC1C(O)C(O)C(O)OC1,0
mmp4557,CC(C1CC=C(C)CC1)=C,0
mmp4558,CC(C1CC(=O)C(C)=CC1)=C,0
mmp4559,OCC1C(O)C(O)C(CO)(O)O1,0
mmp4560,CC1(C2C(C3C(C(C(CO)=O)(O)CC3)(C)CC2)CC4)C4=CC(=O)CC1,0
mmp4561,CC(C1CC=C(C)CC1)=C,0
mmp4562,OCC1C(O)C(O)C(O)C(Oc2ccc(O)cc2)O1,0
mmp4563,CC1(C(=C)C(CC12)CC2)C,0
mmp4564,CC(C(C(C)(C)C1C2)C1)=C2,0
mmp4565,CC1N(C)CC(C2CC3)(C13)CCC(C24)C(C)(C5=CC4)CCC(N(C)C)C5,0
mmp4566,COC(C1(C(=O)c(c2O1)c(OC)cc(OC)c2Cl)C(C)CC3=O)=C3,0
mmp4567,COC1(C(=O)N(C12)C(C(O)=O)=C(COC(N)=O)CS2)NC(Cc3sccc3)=O,0
mmp4568,CCCC(Nc1cc(C(C)=O)c(OCC(CNC(C)C)O)cc1)=O,0
mmp4569,COCCc1ccc(OCC(CNC(C)C)O)cc1,0
mmp4570,OCCN1C(CO)C(O)C(O)C(O)C1,0
mmp4571,CC(OCC(CSC1N2C(=O)C1N)=C2C(O)=O)=O,0
mmp4572,CC(NCC(c1cc(O)cc(O)c1)O)C,0
mmp4573,CC(NCC(c1cc(O)cc(O)c1)O)(C)C,0
mmp4574,CC([N+](C1CC2)(C2CC(OC(C(c3ccccc3)CO)=O)C1)C)C,0
mmp4575,CC(C(=O)c(c1O2)cccc1C(OCCN3CCCCC3)=O)=C2c4ccccc4,0
mmp4576,CCN(CCOC(c1c(Cl)cc(N)cc1)=O)CC,0
mmp4577,CC(C(O)=O)(Cc1ccc(O)cc1)N,0
mmp4578,CC(OC1C(C)(C2CC1[N+]3(CCCC3)CC=C)CCC(C24)C(C)(C5CC4)CC(N6CCOCC6)C(O)C5)=O,0
mmp4579,NCC1C(O)C(O)C(O)C(OC2C(O)C(OC3C(O)C(N)C(O)C(CO)O3)C(N)CC2N)O1,0
mmp4580,NCC1C(O)C(O)C(N)C(OC2C(CO)OC(OC3C(OC4C(N)C(O)C(O)C(CO)O4)C(N)CC(N)C3O)C2O)O1,0
mmp4581,CCOC(OC(OC(C1C(C)(C)SC2N1C(=O)C2NC(C(c3ccccc3)N)=O)=O)C)=O,0
mmp4582,CC(NCC1OC(=O)N(c2cc(F)c(N3CCOCC3)cc2)C1)=O,0
mmp4583,CC1(C(C2CC3)C(O)CC(C)(C24)C(C(COP(O)(O)=O)=O)(O)CC4)C3=CC(=O)CC1,0
mmp4584,CC1CC(=O)C(=C(C)C)CC1,0
mmp4585,CC1CC2C(C(C)C3(C(C)=C(C4CC3)CC(C45)C(C)(C6=CC5)CCC(O)C6)O2)NC1,0
mmp4586,COC(CNC(c1c(OCC(O)=O)cccc1)=O)C[Hg],0
mmp4587,CCCC1CN(C)C(C(NC(C2C(O)C(O)C(OP(O)(O)=O)C(SC)O2)C(Cl)C)=O)C1,0
mmp4588,OC1C(C2(c(c3c(O)cc4)c4C5)C(C5NCC2)C=C1)O3,0
mmp4589,CC(C(C(NCCC(O)=O)=O)O)(CO)C,0
mmp4590,CN(Cc1c(c2ccc1)cccc2)Cc3ccc(C(C)(C)C)cc3,0
mmp4591,CCOC(C(NC1C(=O)N(CC(O)=O)CC(c2sccc2)SC1)CCc3ccccc3)=O,0
mmp4592,CC1C(C(COC(C)=O)=O)(O)C(C)(C2C1)CC(O)C(C23)C(C)(C(=C4)C(F)C3)C=CC4=O,0
mmp4593,COc1c(CN(C)C)c(c2cc1)OC(c3ccccc3)=C(C)C2=O,0
mmp4594,CN(c1c(I)c(C(NC2C(O)C(O)C(CO)OC2O)=O)c(I)c(NC(C)=O)c1I)C(C)=O,0
mmp4595,CN(CCN1c(c2N(C)c(c3C1=O)cccc3)cccc2)C,0
mmp4596,CCC1C(O)C(C)(C2C1)CCC(C23)C(C(=C4)CC3)CCC4=O,0
mmp4597,OCCN1CCN(C(CN2c(c3SC2=O)cc(Cl)cc3)=O)CC1,0
mmp4598,CCN(C(NC1CN(C)C2C(c(c(c3[nH]c4)c4C2)ccc3)C1)=O)CC,0
mmp4599,CCOC(CCC(OC1C(N(C)C)CC(C)OC1OC2C(O)(C)CC(C)C(=O)C(C)C(O)C(O)(C)C(CC)OC(=O)C(C)C(OC3OC(C)C(O)C(OC)(C)C3)C2C)=O)=O,0
mmp4600,CN(C(c1ccccc1)Cc2ccccc2)C,0
mmp4601,OCC(NC1C(O)C(O)C(O)C(CO)(O)C1)CO,0
mmp4602,CC1(C(C(OCOC(C2C(C)(C)S(=O)(=O)C3N2C(=O)C3)=O)=O)N(C4S1)C(=O)C4NC(C(c5ccccc5)N)=O)C,0
mmp4603,CCOC(OC1(C(OCCl)=O)C(C)(C2CC1)CC(O)C(C23)C(C)(C(=C4)CC3)C=CC4=O)=O,0
mmp4604,OCC1C(C(C(O)C2O1)O)OC(OC(CO)C3OC(OC(CO)C4OC(OC(CO)C5OC(OC(CO)C6OC(OC(CO)C7OC(OC(CO)C8O2)C(O)C8O)C(O)C7O)C(O)C6O)C(O)C5O)C(O)C4O)C(O)C3O,0
mmp4605,OC(CC(C(O)=O)=CC(O)=O)=O,0
mmp4606,CC1C(NC2C(O)C(O)C(O)C(CO)=C2)C(O)C(O)C(OC3C(CO)OC(OC4C(CO)OC(O)C(O)C4O)C(O)C3O)O1,0
mmp4607,OC(C=CC(O)=O)=O,0
mmp4608,OC(C(O)=O)C(C(O)=O)O,0
mmp4609,OC(C=Cc1ccccc1)=O,0
mmp4610,OC(C=CC(O)=O)=O,0
mmp4611,CC(C)=CCCC(C)=CCCC(C)=CCO,0
mmp4612,CCC=CCC=CCC=CCC=CCC=CCC=CCCC(O)=O,0
mmp4613,CCCCCCC=CCCCCCCCC(O)=O,0
mmp4614,CCCCCCCCC=CCCCCCCCC(O)=O,0
mmp4615,CCC=CCC=CCC=CCC=CCC=CCCCC(O)=O,0
mmp4616,CC(C(C1C(CC2C(O)C(O)C(CC(C)=CC(OCCCCCCCCC(O)=O)=O)OC2)O1)C)O,0
mmp4617,OCC1C(O)CC(N2C(=O)NC(=O)C(C=CBr)=C2)O1,0
mmp4618,CCC1C(O)(C)C(O)C(C)N(C)CC(C)CC(O)(C)C(OC2C(O)C(N(C)C)CC(C)O2)C(C)C(OC3OC(C)C(O)C(OC)(C)C3)C(C)C(=O)O1,0
mmp4619,CN(C1CC2)C2CC(OC(c3ccccc3)=O)C1C(O)=O,0
mmp4620,NC(N)=NCCCCC1C(=O)NCC(=O)NC(CC(O)=O)C(=O)NC(Cc2c(c3[nH]c2)cccc3)C(=O)N(C4C(=O)NC(C(N)=O)CSSCCC(=O)N1)CCC4,0
mmp4621,CN(C1CC2)C2CC(O)C1,0
mmp4622,CC(C(C(NC(C(O)=O)Cc1ccc(O)cc1)=O)NC(C(NC(C(NC(C(CCCN=C(N)N)N)=O)CCCCN)=O)CC(O)=O)=O)C,0
mmp4623,NC(N=CN(C1OC(CO)C(O)C1)C2=O)=N2,0
mmp4624,CCCCCCCCCCCCCCCC(OCC(OC(CCCCCCCCCCCCCCC)=O)COP(OCC[N+](C)(C)C)(O)=O)=O,0
mmp4625,OCC1C(O)C(O)C(O)C(S)O1,0
mmp4626,CC1(C(C(O)=O)N(C2S1)C(=O)C2NC(C(c3cscc3)C(O)=O)=O)C,0
mmp4627,NCC1OC(OC2C(O)C(OC3C(O)C(N)C(O)C(CO)O3)C(N)CC2N)C(N)CC1,0
mmp4628,SC#N,0
mmp4629,OCl(=O)=O,0
mmp4630,OCCS(O)(=O)=O,0
mmp4631,ClN1C(=O)N(Cl)C(=O)NC1=O,0
mmp4632,NC(O)=O,0
mmp4633,O=[Cr]O[Cr]=O,0
mmp4634,CCN(CCOC(C1(c2ccccc2)CCCC1)=O)CC,0
mmp4635,CCCOc1c(N)cc(C(OCCN(CC)CC)=O)cc1,0
mmp4636,CC(OC(c1ccccc1)=O)COC(c2ccccc2)=O,0
mmp4637,CC(C=O)Cc1ccc(C(C)C)cc1,0
mmp4638,O1[As](O[As]2O3)O[As](O[As]13)O2,0
mmp4639,CC(CCC(C(C)(C)CCC1)=C1C)=O,0
mmp4640,CSc1nccnc1,0
mmp4641,CCC(c1c(OC)nccn1)C,0
mmp4642,CC(c1sccn1)=O,0
mmp4643,CCC(C(OCCc1ccccc1)=O)C,0
mmp4644,CCCCCCC(S)(C)C,0
mmp4645,CC1(N([O])C(C)(C)CC(=O)C1)C,0
mmp4646,CC(c1c(C)nc(C)s1)=O,0
mmp4647,CCCCC(C=CC)=O,0
mmp4648,Cc1cc(N)ccc1,0
mmp4649,Clc1c(S(Cl)(=O)=O)c(Cl)ccc1,0
mmp4650,CN(C(C(=O)N(c1ccccc1)N2C)=C2C)CS(O)(=O)=O,0
mmp4651,CCCCc1ccc(Cl)cc1,0
mmp4652,Cc1c(SSc2c(C)occ2)cco1,0
mmp4653,CSc1ncc(C)nc1,0
mmp4654,COc1c(OC(C(C)C)=O)ccc(C=O)c1,0
mmp4655,CCCC(Nc1c(I)c(CC(C(O)=O)CC)c(I)cc1I)=O,0
mmp4656,CC(C(S)C)S,0
mmp4657,CC(CCCCCCOC(c1c(C(OCCCCCCC(C)C)=O)cccc1)=O)C,0
mmp4658,CC(CCCCOC(c1c(C(OCCCCC(C)C)=O)cccc1)=O)C,0
mmp4659,CC(c1cc(C(N=C=O)(C)C)ccc1)=C,0
mmp4660,Brc1sc(c2n1)cccc2,0
mmp4661,CC(C(C(n1ncnc1)Cc2ccc(Cl)cc2)O)(C)C,0
mmp4662,NC(C1C(O)C(O)C(O)C(O)O1)=O,0
mmp4663,CC(C(C1NC2=C(NC(N)=NC2=O)NC1)O)O,0
mmp4664,CCC(OCC(C1(C(C)(C2CC1C)CC(O)C(C23)C(C)(C(=C4)CC3Cl)C=CC4=O)OC(CC)=O)=O)=O,0
mmp4665,NCC1C(O)C(O)C(N)C(OC2C(O)C(OC3C(O)C(N)C(O)C(CO)O3)C(N)CC2N)O1,0
mmp4666,CCCC(OC1(C(COC(CC)=O)=O)C(C)(C2CC1)CC(O)C(C23)C(C)(C(=C4)CC3)CCC4=O)=O,0
mmp4667,CC(NN)CCc1cc(c2cc1)OCO2,0
mmp4668,CC1(C2C(C3C(C(C)(C4=CC3=O)CCC(C)(C45)CCC(C(O)=O)(C)C5)(C)CC2)(C)CCC1OC(CCC(O)=O)=O)C,0
mmp4669,CC(NC=C(C(NC(c1ccc(O)cc1)C(NC2C(=O)N(C23)C(C(O)=O)=C(CSc4n(C)nnn4)CS3)=O)=O)C5=O)=C5,0
mmp4670,COc1nc(c2cc1)nc(S(Cc3c(C)c(OC)c(C)cn3)=O)[nH]2,0
mmp4671,O=CC=Cc1ccccc1,0
mmp4672,CC(OC1C(C(C)(C)C2C1)(C)CC2)=O,0
mmp4673,COc1ccc(C=CC)cc1,0
mmp4674,CC=CC=CC=O,0
mmp4675,CC(C)=CCCC(C)=CCO,0
mmp4676,CC(Cl)=CCCl,0
mmp4677,CC(C=CC(C(C)(C)CCC1)=C1C)=O,0
mmp4678,CC(OCC=C(C=CC=C(C=CC(C(C)(C)CCC1)=C1C)C)C)=O,0
mmp4679,CC(C)=CCCC(C)=CCCC(C)=CCCC=C(CCC=C(CCC=C(C)C)C)C,0
mmp4680,C1C=CCCC=CCCC=CC1,0
mmp4681,CCOC(C=CC(OCC)=O)=O,0
mmp4682,ClC=CCl,0
mmp4683,CC(C)=CCCC(C)=CCCC(C)=CCOC(C)=O,0
mmp4684,NC(C1N(C(C(NC(C2NC(=O)CC2)=O)Cc3[nH]cnc3)=O)CCC1)=O,0
mmp4685,BrCC=CCBr,0
mmp4686,CC=CC=CCO,0
mmp4687,COc1c(C=CC=O)cccc1,0
mmp4688,ClCC=CCCl,0
mmp4689,CC=CC=CC(O)=O,0
mmp4690,COC(C1C(C2CCC1O)CC(N3C2)c4c(c(c5[nH]4)cccc5)CC3)=O,0
mmp4691,CC(C)=CCCC(C)=CCO,0
mmp4692,ClC=CCl,0
mmp4693,C1CC(N2CC1)C3CC(C(N4C3)CCCC4)C2,0
mmp4694,CNC1(c2c(Cl)cccc2)C(=O)CCCC1,0
mmp4695,NCCCCC(C(NCC(N)=O)=O)NC(C1N(C(C2NC(=O)C(CC(N)=O)NC(=O)C(CCC(N)=O)NC(=O)C(Cc3ccccc3)NC(=O)C(Cc4ccc(O)cc4)NC(=O)C(N)CSSC2)=O)CCC1)=O,0
mmp4696,NC(C(O)=O)Cc1cc(I)c(Oc2cc(I)c(O)c(I)c2)cc1,0
mmp4697,CC1(C(C(O)=O)N(C2S1)C(=O)C2NC(C(c3ccccc3)NC(N4C(=O)N(S(C)(=O)=O)CC4)=O)=O)C,0
mmp4698,C[N+](C1CC2)(C2CC(OC(C(c3ccccc3)CO)=O)C1)C,0
mmp4699,CC(C(NC(C(O)=O)CS)=O)(S)C,0
mmp4700,OC(C(C(C(CBr)O)O)O)CBr,0
mmp4701,CN(C1CC2)C2CC(OC(c3c(c4[nH]c3)cccc4)=O)C1,0
mmp4702,COc1c(OC)c(c2cc1)C(=O)OC2C3c(c4CCN3C)cc(c5c4)OCO5,0
mmp4703,CC1(C(C(COC(CCC(O)=O)=O)=O)(O)CC2)C2C3C(C(C)(C(=C4)CC3)C=CC4=O)C(O)C1,0
mmp4704,COC(C1C(N(C)C2CC1OC(c3ccccc3)=O)CC2)=O,0
mmp4705,OC(c1ccc([N+]([O-])=O)cc1)C(NC(C(Cl)Cl)=O)COC(CCC(O)=O)=O,0
mmp4706,CCNC(C1N(C(C(NC(C(NC(C(NC(C(NC(C(NC(C(NC(C(NC(C2NC(=O)CC2)=O)Cc3[nH]cnc3)=O)Cc4c(c5[nH]c4)cccc5)=O)CO)=O)Cc6ccc(O)cc6)=O)CC(C)C)=O)CC(C)C)=O)CCCN=C(N)N)=O)CCC1)=O,0
mmp4707,CCCC(C(OC1CC([N+](C)(C)C2C1)CC2)=O)CCC,0
mmp4708,Nc1c2c(n(C3C(O)C(O)C(CO)O3)cn2)nc(F)n1,0
mmp4709,CCCC(NC(=S)NC1=O)=C1,0
mmp4710,CC[N+]1(CC(OC(C(c2ccccc2)(c3ccccc3)O)=O)CCC1)C,0
mmp4711,CCCc1nccc(C(N)=S)c1,0
mmp4712,CC(NC(=S)NC1=O)=C1,0
mmp4713,CN1CCN(C(C2CCCCC2)=O)CC1,0
mmp4714,NC(Nc1ccccc1)=S,0
mmp4715,CC(C(C(=O)N(N)C(=S)N1)=N1)(C)C,0
mmp4716,CCN1C(CNC(c2c(OC)ccc(S(N)(=O)=O)c2)=O)CCC1,0
mmp4717,CCC(C(c1c(c2c(O)cc1)C=CC(=O)N2)O)NC(C)C,0
mmp4718,CC(OC1C(=O)OC(C12)C(OC(C)=O)C(=O)O2)=O,0
mmp4719,COc1ccc(C=CC(O)=O)cc1,0
mmp4720,S=C1Nc(c2N1)cccc2,0
mmp4721,CC(C(=O)NC(=S)N1)=C1,0
mmp4722,NC(Nc1c(c2ccc1)cccc2)=S,0
mmp4723,OC(C=Cc1[nH]cnc1)=O,0
mmp4724,COc1ccc(C(N2CCN(CC(N3CCOCC3)=O)CC2)=O)cc1,0
mmp4725,CN1C(=O)CCC1c2cnccc2,0
mmp4726,CC(C1(C)CC2)(C2CC1O)C,0
mmp4727,CC(C(C)(C)C(CC=O)C1)=C1,0
mmp4728,O=C1C=CNC(=S)N1,0
mmp4729,CN1C(=S)NC=C1,0
mmp4730,C(N1CCN(C(c2ccccc2)c3ccccc3)CC1)C=Cc4ccccc4,0
mmp4731,CN(Cc1c(c2ccc1)cccc2)CC=CC#CC(C)(C)C,0
mmp4732,CC(C)=CCCC(C)=CCOC(C)=O,0
mmp4733,O=CC=Cc1ccco1,0
mmp4734,CC(C)=CCCC(C1CC=C(C)CC1)(O)C,0
mmp4735,S=C1N=CC=CN1,0
mmp4736,CC1CC(C)(C)CC(O)C1,0
mmp4737,OCCNC(C=Cc1ccccc1)=O,0
mmp4738,CC(C=C1C(=O)N(CC(O)=O)C(=S)S1)=Cc2ccccc2,0
mmp4739,CCOC=C1C(=O)OC(c2ccccc2)=N1,0
mmp4740,NC(Nc(c1C2=S)nc[nH]1)=N2,0
mmp4741,CCOC(C(CS)N)=O,0
mmp4742,CCCCNC(NCCCC)=S,0
mmp4743,S=C1SC(=S)NN1,0
mmp4744,CNC(NC)=S,0
mmp4745,NC1C(O)C(O)C(CO)OC1O,0
mmp4746,Oc1c(c2c(S(O)(=O)=O)cc1)nccc2,0
mmp4747,S=C1NCCN1,0
mmp4748,CC(OC1CC(C2(C)CC1)=CCC(C23)C4C(C(C(C)=O)CC4)(C)CC3)=O,0
mmp4749,NC1CCCCC1,0
mmp4750,NNC(N)=S,0
mmp4751,NC(N)=S,0
mmp4752,CCC(O)=O,0
mmp4753,OCS(O)(=O)=O,0
mmp4754,CNC(NN)=S,0
mmp4755,NC(NNC1=S)=N1,0
mmp4756,OC(C(NC(=O)NC1=O)=N1)=O,0
mmp4757,OC(CC(C(O)=O)NC(OCc1ccccc1)=O)=O,0
mmp4758,CC(N)=S,0
mmp4759,NC(C#N)=C(C#N)N,0
mmp4760,CC(C1CC=C(C=O)CC1)=C,0
mmp4761,NNC(NN)=S,0
mmp4762,OCCN1CCN(CCS(O)(=O)=O)CC1,0
mmp4763,OC1C(O)C(C2O1)OC(=O)C2O,0
mmp4764,Nc1cc(O)c(C(O)=O)cc1,0
mmp4765,OCC1(C(O)C(O)C(O)CO1)O,0
mmp4766,NC(NNC(N)=S)=S,0
mmp4767,OS(c1c([N+]([O-])=O)cc([N+]([O-])=O)cc1)(=O)=O,0
mmp4768,COC(C(CS)N)=O,0
mmp4769,CCOC(CC(c1c(Cl)nc(Cl)c(F)c1)=O)=O,0
mmp4770,CCCCn1c(C)[n+](C)cc1,0
mmp4771,CCCC[n+]1ccccc1,0
mmp4772,CCCCCC[n+]1ccccc1,0
mmp4773,CCCCCCn1c[n+](C)cc1,0
mmp4774,OC1C(COP(O)(O)=O)OC(COP(O)(O)=O)(O)C1O,0
mmp4775,NC(n1nccc1)=N,0
mmp4776,NC(c1c(Cl)cccc1Cl)=S,0
mmp4777,NN=C(N)N,0
mmp4778,COc1ccc(N)cc1,0
mmp4779,CCNC(NCC)=S,0
mmp4780,CCOC(S)=S,0
mmp4781,COS(O)(=O)=O,0
mmp4782,CCCCCCCCOS(O)(=O)=O,0
mmp4783,Fc1c(Cl)cc(C(Cl)=O)cc1,0
mmp4784,CC(OC(N1C(C(O)=O)CC(F)C1)=O)(C)C,0
mmp4785,CCCCCc1ccc(Cl)cc1,0
mmp4786,NC(NC(N)=S)=S,0
mmp4787,CCc1nccc(C(N)=S)c1,0
mmp4788,OC(C(C(C(C(C(C(C(F)(F)F)(F)F)(F)F)(F)F)(F)F)(F)F)(F)F)=O,0
mmp4789,NS(c1c(OC(F)(F)F)cccc1)(=O)=O,0
mmp4790,NC(C(N)=S)=S,0
mmp4791,CNC(N(C)C)=S,0
mmp4792,CCN(CC(Nc1c(C)cc(C)cc1C)=O)CC,0
mmp4793,NC(NS(c1ccc(N)cc1)(=O)=O)=S,0
mmp4794,C[N+](C1CC2)(C2CC(OC(C(c3ccccc3)CO)=O)C1)[O-],0
mmp4795,CCC1C(C)(C2C(C)C(=O)C(C)CC(OC)(C)C(OC3C(O)C(N(C)C)CC(C)O3)C(C)C(=O)C(C)C(=O)O1)OC(=O)N2CCCCn4cc(c5cnccc5)nc4,0
mmp4796,Clc1cc(Cl)c(C2SC(=C(n3cncc3)C#N)SC2)cc1,0
mmp4797,COc1c(OC)cc(C2N(N3C(=S)N2)C(=S)NC3c4cc(OC)c(OC)cc4)cc1,0
mmp4798,Cc1c(N)c(O)ccc1,0
mmp4799,NCC(c1cc(O)ccc1)O,0
mmp4800,C1NCCN(c2c(c3ccc2)OCCO3)C1,0
mmp4801,CCC(OC1(c2ccccc2)CCN(C)CC1)=O,0
mmp4802,CCCCCCCCCCCCCCCC(OCC(OC(CCCCCCCCCCCCCCC)=O)COP(OCC[N+](C)(C)C)(O)=O)=O,0
mmp4803,CCC(c1ccc(OP(O)(O)=O)cc1)=C(c2ccc(OP(O)(O)=O)cc2)CC,0
mmp4804,CC(CC1C(=O)N(CC=C)C(=S)N1)C,0
mmp4805,CSc1nc(N=[N+]=[N-])nc(NC(C)C)n1,0
mmp4806,COC(NC(Nc1c(NC(NC(OC)=O)=S)cccc1)=S)=O,0
mmp4807,COc1cc(c2cc1)ccc(C(CO)C)c2,0
mmp4808,CCCCOC(CC)O,0
mmp4809,Fc1ccc(C(CCCN2CCC(N3c(c4NC3=S)cccc4)CC2)=O)cc1,0
mmp4810,ONC(CS(C(c1ccccc1)c2ccccc2)=O)=O,0
mmp4811,CC(C(N1C(C(O)=O)CC(Sc2ccccc2)C1)=O)CSC(c3ccccc3)=O,0
mmp4812,CC1(C(=O)OC2=O)C2=CCCC1,0
mmp4813,C=COCCOCCOCCOC=C,0
mmp4814,CCN(C(NC)=C[N+]([O-])=O)Cc1cnc(Cl)cc1,0
mmp4815,CC(C1(C(C)(C2CC1)CC(O)C(F)(C23)C(C)(C(=C4)CC3)CCC4=O)O)=O,0
mmp4816,CCOC(OCCC(SC(OCC)=O)=C(N(C=O)Cc1c(N)nc(C)nc1)C)=O,0
mmp4817,CCC(OC(C)=O)OCCCOC,0
mmp4818,CN1CC2C(c(c3Oc(c24)ccc(Cl)c4)cccc3)C1,0
mmp4819,OC(C(C(O)=O)O)C(C(C(O)=O)O)O,0
mmp4820,COc1c(OC)cc(CCN(CCCN2C(=O)Cc(c3CC2)cc(OC)c(OC)c3)C)cc1,0
mmp4821,COc1c(OC)cc(c2c1)CC(=O)N(CCCN(CC3c(c4C3)cc(OC)c(OC)c4)C)CC2,0
mmp4822,OC(c1c(O)cccc1)=O,0
mmp4823,COC1C(C(OC)=O)C(C2CC1OC(COc3ccc(OC)cc3)=O)CC(N4C2)c5c(c(c6[nH]5)ccc(OC)c6)CC4,0
mmp4824,CC(NCC(c1c(Cl)cc(O)cc1)O)(C)C,0
mmp4825,CC(C1(C)c(c2C3)cc(O)cc2)C3N(CCc4ccccc4)CC1,0
mmp4826,CN1C(=O)N(c2cc(C)c(Oc3ccc(S(C(F)(F)F)(=O)=O)cc3)cc2)C(=O)NC1=O,0
mmp4827,C#CCNC1c(c2CC1)cccc2,0
mmp4828,CCNC(Cc1cc(c2cc1)OCO2)C,0
mmp4829,CC1C(c2ccccc2)OC(N)=N1,0
mmp4830,CC(C(OCCOC1C2CC(C(C23)CC=C3)C1)=O)=C,0
mmp4831,CC(NCC(c1nc(CO)c(O)cc1)O)(C)C,0
mmp4832,CC1(CCC(NC(C(CCC(O)=O)N)=O)CC1)C,0
mmp4833,CCOc1n(c2cc(F)n1)nc(S(Nc3c(Cl)cccc3Cl)(=O)=O)n2,0
mmp4834,CNC1C(OC2C(O)C(O)C(N)C(CO)O2)OC(C3C1O)CC(N)C(OC4C(O)C(O)C(N)CC4N)O3,0
mmp4835,CCOC(COc1c(Cl)cc(F)c(N2C(=O)C(C)=C(C(F)(F)F)C=N2)c1)=O,0
mmp4836,Oc1c(c2c(O)cc1)cccc2O,0
mmp4837,Cc1ccc(S(NC(NC2CCCC2)=O)(=O)=O)cc1,0
mmp4838,CCN(CCNC(COc1ccc(OC)cc1)=O)CC,0
mmp4839,CC(CN1c(c2S(=O)(=O)c(c13)cccc3)cccc2)CN(C)C,0
mmp4840,CNC(C(c1ccc(O)cc1)O)C,0
mmp4841,CN(CCOCCN(CCO)C)C,0
mmp4842,CC1C(=O)C(=O)CCC1,0
mmp4843,CC(C(OC(C(=O)C=CO1)=C1C)=O)C,0
mmp4844,O=C1c(c2C(=O)N1)cccc2,0
mmp4845,CCC(C1CCC(OC)CC1)(C)C,0
mmp4846,CCCCCCCCCCCCOS(O)(=O)=O,0
mmp4847,C=COCC1CCC(COC=C)CC1,0
mmp4848,CC(CC1C2C3CC1C=C3C)=C2,0
mmp4849,CC(CC(c1cc(n2nc(c3n2)cccc3)c(O)c(Cc4c(O)c(n5nc(c6n5)cccc6)cc(C(CC(C)(C)C)(C)C)c4)c1)(C)C)(C)C,0
mmp4850,OS(c1ccc(C=C)cc1)(=O)=O,0
mmp4851,OS(c1c(C=O)cccc1)(=O)=O,0
mmp4852,CCOC(COc1ccc(C)cc1)=O,0
mmp4853,CCCCC1CCC(O)CC1,0
mmp4854,CCCCCCCCCCCC[N+](CC(O)=O)(C)C,0
mmp4855,COc1c(N2CCN(CCCCNC(c3ccc(c4ccc(C(C)=O)cc4)cc3)=O)CC2)cccc1,0
mmp4856,N#CNC#N,0
mmp4857,CCCCCCCCCCCSCC(O)=O,0
mmp4858,CN1c(c2C(=O)C(S(C)=O)=C1)cc(F)cc2,0
mmp4859,c1n[nH]cn1,0
mmp4860,CCCC(O)=O,0
mmp4861,COC(C=CC(OC)=O)=O,0
mmp4862,CCOC(C=CC(OCC)=O)=O,0
mmp4863,CCCCCC(C=CC1C(CC=CCCCC(O)=O)C(=O)CC1O)O,0
mmp4864,CCCCCC=CCC=CCCCCCCCC(O)=O,0
mmp4865,CC(C=CC=C(C=CC(C(C)(C)CCC1)=C1C)C)=CC=CC=C(C=CC=C(C=CC(C(C)(C)CCC2)=C2C)C)C,0
mmp4866,CCCCCCCCCCCCCCCC(OCC=C(C=CC=C(C=CC(C(C)(C)CCC1)=C1C)C)C)=O,0
mmp4867,CC(C(C=CC(C1C(C)(C2CC1)CCCC2=CC=C3C(=C)CCC(O)C3)C)C)C,0
mmp4868,CC(CCCC(C1C(C)(C2CC1)CCCC2=CC=C3C(=C)CCC(O)C3)C)C,0
mmp4869,CC1C(O)C(O)C(O)C(OCC2C(O)C(O)C(O)C(OC(C(=O)c(c3O4)c(O)cc(O)c3)=C4c5cc(O)c(O)cc5)O2)O1,0
mmp4870,CCCCCC=CCC=CCC=CCCCCC(O)=O,0
mmp4871,CN(NN=C1C(C(N)=O)=NC=N1)C,0
mmp4872,COc1c(OC)cc(c2c1)C(Cc3cc(OC)c(OC)c(OC)c3)[N+](CCCOC(CCC=CCCC(OCCC[N+]4(C(Cc5cc(OC)c(OC)c(OC)c5)c(c6CC4)cc(OC)c(OC)c6)C)=O)=O)(C)CC2,0
mmp4873,CC(NCC(COc1ccc(COCCOC(C)C)cc1)O)C,0
mmp4874,CN(Cc1c(c2ccc1)cccc2)CC=Cc3ccccc3,0
mmp4875,CC(C(C=CC(C1C(C)(C2CC1)CCCC2=CC=C3C(=C)C(O)CC(O)C3)C)C)C,0
mmp4876,CCCCCCCCC=CCCCCCCCCCCCC(O)=O,0
mmp4877,CCC=CCCO,0
mmp4878,CCCC=CC=O,0
mmp4879,CC(C=CC=C(C(OC1C(O)C(O)C(O)C(COC2C(O)C(O)C(O)C(CO)O2)O1)=O)C)=CC=CC=C(C=CC=C(C(OC3C(O)C(O)C(O)C(COC4C(O)C(O)C(O)C(CO)O4)O3)=O)C)C,0
mmp4880,CCCCCCCCCCCCCCCC(OC1CC(C)(C)C(C=CC(C)=CC=CC(C)=CC=CC=C(C=CC=C(C=CC(C(C)(C)CC(OC(CCCCCCCCCCCCCCC)=O)C2)=C2C)C)C)=C(C)C1)=O,0
mmp4881,OCC1C(O)C(O)C(O)C(Oc2c(O)cc(c3c2)OC(=O)C=C3)O1,0
mmp4882,CC(C)=CCCC(C)=CCC=C(C=C)C,0
mmp4883,COC(CC(C=Cc1ccccc1)OC2=O)=C2,0
mmp4884,COC(C=C(C=Cc1ccc(OC)cc1)OC2=O)=C2,0
mmp4885,COc1c(O)cc(C(Oc(c2C3=O)cc(OC4C(O)C(O)C(O)C(COC5C(O)C(O)C(O)C(C)O5)O4)cc2O)=C3)cc1,0
mmp4886,OC(C(C(C(O)=O)OC(C=Cc1cc(O)c(O)cc1)=O)OC(C=Cc2cc(O)c(O)cc2)=O)=O,0
mmp4887,CC1C(O)C(O)C(O)C(OC2C(OC(C=Cc3cc(O)c(O)cc3)=O)C(COC4C(O)C(O)C(O)C(CO)O4)OC(OCCc5cc(O)c(O)cc5)C2O)O1,0
mmp4888,Oc1c(O)c(c(c(c2cc(O)c3O)c3OC4=O)c4c1)OC2=O,0
mmp4889,COC(C(=O)C(C)=C(CC=C(CCC=C(CCC=C(CCC=C(CCC=C(CCC=C(CCC=C(CCC=C(CCC=C(CCC=C(C)C)C)C)C)C)C)C)C)C)C)C1=O)=C1OC,0
mmp4890,CC(C=CC1C(C)(C)CCC=C1C)=O,0
mmp4891,CC(C)=CCCC(C)=CCOC=O,0
mmp4892,O=C(NCC=CCOc1nccc(CN2CCCCC2)c1)CS(Cc3ccco3)=O,0
mmp4893,COc1c(O)ccc(C=CC(OC2C(C)(C)C(C3(C4(C5C(C)(C6(C)CC4)CCC6C(CCC=C(C)C)C)C3)CC2)CC5)=O)c1,0
mmp4894,CCC(OC1C(OC)C(OC2C(O)C(N(C)C)C(OC3OC(C)C(OC(CC)=O)C(O)(C)C3)C(C)O2)C(CC=O)CC(C)C(O)C=CC=CCC(C)OC(=O)C1)=O,0
mmp4895,CC(CCCC(CCCC(CCCC1(Oc(c2CC1)c(C)c(C)c(OC(C=C(C=CC=C(C=CC(C(C)(C)CCC3)=C3C)C)C)=O)c2C)C)C)C)C,0
mmp4896,CCCCCC=CCC=CCCCCCCCC(OCC)=O,0
mmp4897,CCOC(C=C(C=CCC(CCCC(C)C)C)C)=O,0
mmp4898,CC(c1ccc(C=C2C(=O)CCCC2)cc1)C(O)=O,0
mmp4899,O=C(c1cc(c2cc1)NCCCC2)CCC3CCN(Cc4ccccc4)CC3,0
mmp4900,Nc1scc(C(C(NC2C(=O)N(C23)C(C(O)=O)=CCS3)=O)=CCC(O)=O)n1,0
mmp4901,CC(C)=CCCC(C)=CCCC(C)=CCCC(C)=CCC(C(=O)c(c1C2=O)cccc1)=C2C,0
mmp4902,CCOC(C=C(C=CC=C(C=Cc1c(C)c(C)c(OC)cc1C)C)C)=O,0
mmp4903,CCCCC(CC=CC1C(CCCCCCC(OC)=O)C(=O)CC1O)(O)C,0
mmp4904,OS(c1cc(c2cc1)C(=O)C(=C3C(=O)c(c4N3)cc(S(O)(=O)=O)cc4)N2)(=O)=O,0
mmp4905,Nc1nc(c2c(Cl)ccc(Cl)c2)nc(N)n1,0
mmp4906,Cc1ccc(C(c2ncccc2)=CCN3CCCC3)cc1,0
mmp4907,NC(C(=O)C1=O)=C1NCC=CCOc2nccc(CN3CCCCC3)c2,0
mmp4908,CCOCCn1c(c2nc1N3CCN(C)CCC3)cccc2,0
mmp4909,NCCCC(CC(NC1C(=O)NC(CO)C(=O)NC(CO)C(=O)NC(=CNC(N)=O)C(=O)NC(C2NC(N)=NC(O)C2)C(=O)NC1)=O)N,0
mmp4910,CC1C(C(COC(C(C)(C)C)=O)=O)C(C)(C2C1)CC(O)C(Cl)(C23)C(C)(C(=C4)C(F)C3)C=CC4=O,0
mmp4911,CCCCC(OC1(C(CO)=O)C(C)(C2CC1)CC(O)C(C23)C(C)(C(=C4)CC3)CCC4=O)=O,0
mmp4912,CCC1C(COC2C(OC)C(OC)C(O)C(C)O2)C=C(C)C=CC(=O)C(C)CC(CCN3CC(C)CC(C)C3)C(OC4C(O)C(N(C)C)C(O)C(C)O4)C(C)C(O)CC(=O)O1,0
mmp4913,CCCCCCC=CCCCCCCCC(O)=O,0
mmp4914,CCCCCC(C=CC=O)O,0
mmp4915,CCCCCCCC=CC=O,0
mmp4916,OCC(C1C(O)C(C2O1)OC(C(Cl)(Cl)Cl)O2)O,0
mmp4917,NC(C(O)=O)COC(O)=C[N+]#N,0
mmp4918,CN(C(COC(Cc1ccc(OC(c2ccc(N=C(N)N)cc2)=O)cc1)=O)=O)C,0
mmp4919,Nc1ccc(Cl)cc1,0
mmp4920,CN(CCC(c1ncccc1)c2ccc(Cl)cc2)C,0
mmp4921,ClC1C(Cl)OCCO1,0
mmp4922,CC(NCC(COc1c(c2ccc1)CCCC2=O)O)(C)C,0
mmp4923,COc1c(OC)cc(C2Oc(c3C(=O)C2)cc(OC4C(O)C(O)C(O)C(COC5C(O)C(O)C(O)C(C)O5)O4)cc3O)cc1,0
mmp4924,OC(CCCCC=C(c1cnccc1)c2ccccc2)=O,0
mmp4925,CNCC(c1cc(O)ccc1)O,0
mmp4926,CC1OC(=O)C=CC(C2CC(O)CC3(O)OC(C(C(O)=O)C(O)C3)CC(OC4C(O)C(N)C(O)C(C)O4)C=CC=CC=CC=CC1)O2,0
mmp4927,CCCCCCCCC=CCCCCCCCCO,0
mmp4928,CCC=CCCO,0
mmp4929,COc1c(C)c(C)c(C=CC(C)=CC=CC(C)=CC(O)=O)c(C)c1,0
mmp4930,CCC(OC1(c2ccccc2)C(C)CN(C)CC1)=O,0
mmp4931,COC1C(N(C(CN)=O)C)C(O)C(OC2C(N)CCC(C(N)C)O2)C(N)C1O,0
mmp4932,COC(CSC1N2C(=O)C1NC(C(C(CC=CC3)=C3)N)=O)=C2C(O)=O,0
mmp4933,CCC1C(O)(C)C(O)C(C)C(=O)C(C)CC(OC)(C)C(OC2C(O)C(N(C)C)CC(C)O2)C(C)C(OC3OC(C)C(O)C(OC)(C)C3)C(C)C(=O)O1,0
mmp4934,CC1(C2C(C3C(C(C#C)(O)CC3)(C)CC2)CC4)C4=CC(=O)CC1,0
mmp4935,COc1c(O)c(OC)cc(C2c(c3C(OC4C(O)C(O)C(C5O4)OC(C)OC5)C6C2C(=O)OC6)cc(c7c3)OCO7)c1,0
mmp4936,COC1C(OC2C(O)C(N(C)C)C(OC3OC(C)C(OC(CC(C)C)=O)C(O)(C)C3)C(C)O2)C(CC=O)CC(C)C(O)C=CC=CCC(C)OC(=O)CC1OC(C)=O,0
mmp4937,NC(c1ccccc1)C(NC2C(=O)N(C23)C(C(O)=O)=C(Cl)CC3)=O,0
mmp4938,CC1C(C(CO)=O)(O)C(C)(C2C1)CC(=O)C(C23)C(C)(C(=C4)CC3)C=CC4=O,0
mmp4939,Oc1c(c(C(C(O)(C2C3)CCC4=C)(C45)CCN2CC6CC6)c3cc1)O5,0
mmp4940,Oc1c(c(C(C(O)(C2C3)CCC4=O)(C45)CCN2CC=C)c3cc1)O5,0
mmp4941,COC1C(OC2C(O)C(N(C)C)C(OC3OC(C)C(O)C(O)(C)C3)C(C)O2)C(CC=O)CC(C)C(OC4OC(C)C(N(C)C)CC4)C=CC=CCC(C)OC(=O)CC1OC(C)=O,0
mmp4942,CC1(OC(C2O1)C(C3(COS(N)(=O)=O)OC2)OC(C)(C)O3)C,0
mmp4943,COC1C(OC(C)=O)C(C)OC(OC2C(C)C(=O)OC(C)C(C)C(OC(C)=O)C(C)C(=O)C3(OC3)CC(C)C(OC4C(OC(C)=O)C(N(C)C)CC(C)O4)C2C)C1,0
mmp4944,OC(c1ccccc1)(c2ccccc2)C(OC3CC([N+]4(CCCC4)C5C3)CC5)=O,0
mmp4945,CCCCC(N(C(C(O)=O)C(C)C)Cc1ccc(c2c(c3n[nH]nn3)cccc2)cc1)=O,0
mmp4946,Clc1ccc(Cn2c(c3nc2CN4CCCC4)cccc3)cc1,0
mmp4947,NCC=CC(O)=O,0
mmp4948,Cc1[n+]([O-])cc(C(O)=O)nc1,0
mmp4949,CCOc1ccc(CC2C(=O)NC(C(CC)C)C(=O)NC(C(O)C)C(=O)NC(CC(N)=O)C(=O)NC(C(N3C(C(NC(C(NCC(N)=O)=O)CCCN)=O)CCC3)=O)CSSCCC(=O)N2)cc1,0
mmp4950,COc1c(OC)cc(CCNCC(c2ccc(O)cc2)O)cc1,0
mmp4951,CC1C(C(CO)=O)C(C)(C2C1)CC(O)C(F)(C23)C(C)(C(=C4)CC3)C=CC4=O,0
mmp4952,OC(C=CC1C(CC=CCCCC(O)=O)C(O)CC1O)COc2cc(C(F)(F)F)ccc2,0
mmp4953,COc1c(OC)c(C(C2CCN(CCc3ccc(F)cc3)CC2)O)ccc1,0
mmp4954,OC1C(C2(c(c3c(O)cc4)c4C5)C(C5N(CC6CCC6)CC2)(O)CC1)O3,0
mmp4955,CC(OP(OC1C(CO)OC(n2c(c3nc2)cc(C)c(C)c3)C1O)(O)=O)CNC(CCC4(C5=NC(C6(C)NC(C(CCC(N)=O)C6(CC(N)=O)C)=C(C)C7=NC(C(CCC(N)=O)C7(CC(N)=O)C)=CC8=NC(C(CCC(N)=O)C8(C)C)=C5C)C4CC(N)=O)C)=O,0
mmp4956,CCCC=CCO,0
mmp4957,CCCCCCCCC=CCCCCCCCC(OC(CO)CO)=O,0
mmp4958,CC(C)=CCCC(C)=CCCC(C=C)(O)C,0
mmp4959,CC=C(C=O)C,0
mmp4960,[O-][N+](c1ccc(C=NN2C(=O)OCC2)o1)=O,0
mmp4961,COC(C(C1(c(c2c(OC)cc3)c3C4)C(C4N(C)CC1)=C5)O2)=C5,0
mmp4962,ClC(C=CC(Cl)=O)=O,0
mmp4963,CCC=CCCOC(C(C)C)=O,0
mmp4964,CCCCCC(OCCC=CCC)=O,0
mmp4965,CCC=CCCCCO,0
mmp4966,COC(N=NC=C1N(O)c(c2[N+]([O-])=C1)cccc2)=O,0
mmp4967,CCOC(O)=Nc1c[n+](N2CCOCC2)no1,0
mmp4968,C=CCOC(C=CC(OCC=C)=O)=O,0
mmp4969,COC(C=CC(O)=O)=O,0
mmp4970,ONC=CN=O,0
mmp4971,CCCCC(COC(C=Cc1ccc(OC)cc1)=O)CC,0
mmp4972,CCC(OCC=Cc1ccccc1)=O,0
mmp4973,CCCC(OCC=C(CCC=C(C)C)C)=O,0
mmp4974,COC(C=C(OP(OC)(OC)=O)C)=O,0
mmp4975,CC(NO)=C(N=O)C,0
mmp4976,C(c1ccccc1)=Cc2ccccc2,0
mmp4977,CCCCCCCCC=CCCCCCCCCN,0
mmp4978,CC(NCc1ccccc1)=C2C(=O)C=CC=C2,0
mmp4979,COc1ccc(C(C(Br)=CC(O)=O)=O)cc1,0
mmp4980,COc1c(OC)c(OC)cc(C=CC(N2CCN(CC(N3CCCC3)=O)CC2)=O)c1,0
mmp4981,CN1C(=CN=O)C=CC=C1,0
mmp4982,CCOc1c(c(C2(C3C(O)C=C4)C4C(N(C)CC2)C5)c5cc1)O3,0
mmp4983,CC(NC=C1C(=O)C=CC=C1)CNC=C2C(=O)C=CC=C2,0
mmp4984,Oc1cc(c2cc1)C3(C4C(N(CC=C)CC3)C2)CCCC4,0
mmp4985,CN1C(C2C(c(c3O4)c5ccc3O)(C4C(O)CC2)CC1)C5,0
mmp4986,OC(C(C(=O)C=CC1=NNc2ccc(S(Nc3ncccc3)(=O)=O)cc2)=C1)=O,0
mmp4987,OS(C(C(=O)C(=NNc1c(c2c(S(O)(=O)=O)cc1)cccc2)c(c34)ccc(S(O)(=O)=O)c3)=C4)(=O)=O,0
mmp4988,OC(C(C(=NNc1ccc(S(O)(=O)=O)cc1)C(=O)N2c3ccc(S(O)(=O)=O)cc3)=N2)=O,0
mmp4989,Cc1c(C)cc(NN=C2c(c3C=C(S(O)(=O)=O)C2=O)ccc(S(O)(=O)=O)c3)c(C)c1,0
mmp4990,CC=CC=NNC(c1ccncc1)=O,0
mmp4991,CN1C(C(=C2)C(O)C1)=CC(=O)C2=NNC(N)=O,0
mmp4992,COCC(Nc1c(NC(NC(OC)=O)=NC(OC)=O)ccc(Sc2ccccc2)c1)=O,0
mmp4993,CCOC(C(NC(C(N(C1Cc(c2C1)cccc2)CC(O)=O)=O)C)CCc3ccccc3)=O,0
mmp4994,NCCCCC(C(N1C(C(O)=O)CCC1)=O)NC(C(O)=O)CCc2ccccc2,0
mmp4995,COCCOCC(C(Oc1cc(c2cc1)CCC2)=O)CC3(C(NC4CCC(C(O)=O)CC4)=O)CCCC3,0
mmp4996,CCCCCN=C(NNC=C1c(c2N=C1)cc(OC)cc2)N,0
mmp4997,CCC(C1N=C(C)C(C)S1)C,0
mmp4998,CCCCCC=CCCC=O,0
mmp4999,CCCCCCCCCC=CCC1C(=O)OC(=O)C1,0
mmp5000,CCC=CCCCCCO,0
mmp5001,CCC=CCCC=CCO,0
mmp5002,CCCCCCCCC=CCCCCCCCC(OCC)=O,0
mmp5003,CCNC(NC(C(C#N)=NOC)=O)=O,0
mmp5004,CCCCCCCCC=CCCCCCCCC(OCCO)=O,0
mmp5005,CCCCC=CCCCCCCCCCC=O,0
mmp5006,CCCCCCCCC=CCCCCCCCC(OC)=O,0
mmp5007,CCC=CCCOC(CC)=O,0
mmp5008,CCCCC(COC(C=CC(OCC(CCCC)CC)=O)=O)CC,0
mmp5009,CC=CCC=CCCCCCCCCOC(C)=O,0
mmp5010,CCCCCCCCC=CCCCOC(C)=O,0
mmp5011,CCOC(OCCC=CCC)C,0
mmp5012,CCC=CCCCCCCCCCCOC(C)=O,0
mmp5013,CCC=CCCCCCCCCCCOC(C)=O,0
mmp5014,CCC=CCCOC(c1ccccc1)=O,0
mmp5015,CC=C(C(OCC=C(CCC=C(C)C)C)=O)C,0
mmp5016,CCCCCCC=CC(OC)=O,0
mmp5017,CC=C(C=CC=C(C)C)C,0
mmp5018,CC1C(C)(C)C(C=CC(C)=O)C(C)=CC1,0
mmp5019,CCC(C=CC1C(C)(C)CCC=C1C)=O,0
mmp5020,CNC(C=C(OP(OC)(OC)=O)C)=O,0
mmp5021,CC(C(C)=CC1C(C)(C)CCC=C1C)=O,0
mmp5022,CC(C=CC1(C(C)(C)CC(=O)C=C1C)O)=CC(O)=O,0
mmp5023,CN(c1ccc(C=Cc2ccc([N+]([O-])=O)cc2)cc1)C,0
mmp5024,CCOC(C(NC(C(N1C(C(O)=O)CCC1)=O)C)CCc2ccccc2)=O,0
mmp5025,CC1C(C(OOC2(C)O3)(C3OC(=O)C4C)C4CC1)CC2,0
mmp5026,C[N+](C1CC(OC(C(c2ccccc2)CO)=O)C3)(C3C(C14)O4)C,0
mmp5027,CON=C(c1nc(N)sc1)C(NC2C(=O)N(C23)C(C(O)=O)=C(Cn4nc(C)nn4)CS3)=O,0
mmp5028,CN(CCCSc1c(NC(C=Cc2ccccc2)=O)cccc1)C,0
mmp5029,CC(CC(C(CC(O)=O)O)NC(C(NC(CC(C(NC(C(C(C)C)NC(C(C(C)C)NC(CC(C)C)=O)=O)=O)CC(C)C)O)=O)C)=O)C,0
mmp5030,OC1C(C2(c(c3c(O)cc4)c4C5)C(C5N(CC=C)CC2)C=C1)O3,0
mmp5031,CN1C2C(C3(c(c4C2)cc(O)cc4)CC1)CCCC3,0
mmp5032,CCOC(C(NC(C(N1C(C(O)=O)CC(C12)CCCC2)=O)C)CCc3ccccc3)=O,0
mmp5033,CCOC(C(NC(C(N1C(=O)N(C)CC1C(O)=O)=O)C)CCc2ccccc2)=O,0
mmp5034,CON=C(c1nc(N)sc1)C(NC2C(=O)N(C23)C(C(OCOC(C(C)(C)C)=O)=O)=C(C)CS3)=O,0
mmp5035,CC1C(O)C(O)C(O)C(OCC2C(O)C(O)C(O)C(OC(C(=O)c(c3O4)c(O)cc(OCCO)c3)=C4c5cc(OCCO)c(OCCO)cc5)O2)O1,0
mmp5036,CC(OC(OCOP(OCOC(OC(C)C)=O)(COC(Cn1c(c2nc1)ncnc2N)C)=O)=O)C,0
mmp5037,CC(CC(CC(O)=O)CN)C,0
mmp5038,C[N+](C1CC(OC(C(c2sccc2)(c3sccc3)O)=O)C4)(C4C(C15)O5)C,0
mmp5039,COc1c(c(C2(C3C(O)CC4)C4C(N(C)CC2)C5)c5cc1)O3,0
mmp5040,CC(OCC(C1(C(C)(C2CC1)CC(O)C(C23)C(C)(C(=C4)CC3)CCC4=O)O)=O)=O,0
mmp5041,CC(NNC(c1ccncc1)=O)C,0
mmp5042,CC(NCC(c1cc(O)cc(O)c1)O)Cc2ccc(O)cc2,0
mmp5043,CCN(CCNC(c1c(OC)ccc(S(C)(=O)=O)c1)=O)CC,0
mmp5044,CC(NCC(c1c(Cl)cccc1)O)(C)C,0
mmp5045,Nc1c(c2nc(c13)CCCC3O)cccc2,0
mmp5046,N(c1ccccc1)C=CC=CC=Nc2ccccc2,0
mmp5047,Nc1nc(c2c(NC3CC3)n1)n(C4C=CC(CO)C4)cn2,0
mmp5048,Cc1c(N=Nc2cc(C)c(NN=C3c(c4C=CC3=O)cccc4)cc2)cccc1,0
mmp5049,CC=C(C#N)C,0
mmp5050,OC(CN(CC(O)=O)CCN(CC(O)=O)CC(O)=O)=O,0
mmp5051,OS(O)(=S)=O,0
mmp5052,CCC(NOCC=CCl)=C1C(=O)CC(C2CCOCC2)CC1=O,0
mmp5053,CCC=C1c(c2C(=O)O1)cccc2,0
mmp5054,CN1C(C2C(c(c3O4)c5ccc3O)(C4C(O)C=C2)CC1)C5,0
mmp5055,CNCC(NC(C(NC(C(NC(C(NC(C(NC(C(N1C(C(NC(C(O)=O)C)=O)CCC1)=O)Cc2[nH]cnc2)=O)C(C)C)=O)Cc3ccc(O)cc3)=O)C(C)C)=O)CCCN=C(N)N)=O,0
mmp5056,CO[P+](OC)=O,0
mmp5057,O[P+](c1ccccc1)=O,0
mmp5058,CCCCO[P+](OCCCC)=O,0
mmp5059,C[Si](O[Si](C)(C)C)O[Si](C)(C)C,0
mmp5060,CCCCC(CO[P+](OCC(CCCC)CC)=O)CC,0
mmp5061,O=[P+](Oc1ccccc1)Oc2ccccc2,0
mmp5062,NC([Se])=N,0
mmp5063,O=[Bi],0
mmp5064,C[Si](O[Si](O[Si](O[Si](C)C)(C)C)(C)C)C,0
mmp5065,CON=C(c1nc(N)sc1)C(NC2C(=O)N(C23)C(C(O)=O)=C(CSC(c4ccco4)=O)CS3)=O,0
mmp5066,CCCCNC([P+](O)=O)(C)C,0
mmp5067,CCCCCC(C=CC1C(C2CC1O)CC(=CCCCC(O)=O)O2)O,0
mmp5068,CC(C1C(C)(C2CC1)CCCC2=CC=C3C(=C)C(O)CC(O)C3)OCCC(O)(C)C,0
mmp5069,Nc1scc(C(C(NC2C(=O)N(C23)C(C(O)=O)=C(C=C)CS3)=O)=NO)n1,0
mmp5070,CC(C(NC(C1NC(=O)C(C(O)C)NC(=O)C(CCCCN)NC(=O)C(Cc2c(c3[nH]c2)cccc3)NC(=O)C(Cc4ccccc4)NC(=O)C(NC(C(Cc5ccccc5)N)=O)CSSC1)=O)CO)O,0
mmp5071,NC(c1ccc(O)cc1)C(NC2C(=O)N(C23)C(C(O)=O)=C(CSc4n[nH]nc4)CS3)=O,0
mmp5072,CN(C1CC2)C2CC(OC(C(c3ccccc3)O)=O)C1,0
mmp5073,C[N+](C1CC(OC(C(c2ccccc2)CO)=O)C3)(C3C(C14)O4)[O-],0
mmp5074,COc1cc(OC)c(C(CCCN2CCCC2)=O)c(OC)c1,0
mmp5075,CCCCCC(C=CC1C(CC=CCCCC(O)=O)C(O)CC1O)O,0
mmp5076,CC(c1c(OCCN(C)C)cc(C)c(OC(C)=O)c1)C,0
mmp5077,CC1NC(C)CCC1,0
mmp5078,CC(CCCCCCOC(CCCCC(OCCCCCCC(C)C)=O)=O)C,0
mmp5079,CCCCC=CC=CC=O,0
mmp5080,ClCC=CCCl,0
mmp5081,CC(C(c1ccccc1)O)N,0
mmp5082,CN(CCC(c1ncccc1)c2ccc(Br)cc2)C,0
mmp5083,CC[N+](CCOc1ccc(C=Cc2ccccc2)cc1)(CC)CC,0
mmp5084,CCC(C)=CCCC(C=C)(O)C,0
mmp5085,OC(COc1c(C=NNC(c2ccncc2)=O)cccc1)=O,0
mmp5086,CN1C(C=Cc2sccc2)=NCCC1,0
mmp5087,CC(CCCC(CC=CC(C)=CC(OCC#C)=O)C)C,0
mmp5088,Fc1cc(C=CC(NC2CC2)=O)ccc1,0
mmp5089,CCOC(Nc1c(N)nc(NCc2ccc(F)cc2)cc1)=O,0
mmp5090,CC#CCC(C(C=CC1C(C2CC1O)CC(=CCCCC(O)=O)C2)O)C,0
mmp5091,OC(C1NCCN(CC=CP(O)(O)=O)C1)=O,0
mmp5092,ClC=CC[N+]1(CN2C3)CN(CN3C1)C2,0
mmp5093,CCC(C([N+]([O-])=O)C)=CC(C(N)=O)=NO,0
mmp5094,CON=C(c1nc(N)sc1)C(NC2C(=O)N(C23)C(C(OCOC(C(C)(C)C)=O)=O)=C(C=Cc4c(C)ncs4)CS3)=O,0
mmp5095,OC(C=Cc1ccc(Cn2cncc2)cc1)=O,0
mmp5096,CCCCCCC(CCCCCCC=CCC(C(C(C(O)=O)(CO)N)O)O)=O,0
mmp5097,CC=C1C(C)(C2CC1=O)CCC(C23)C(C)(C(=C4)CC3)CCC4=O,0
mmp5098,C(c1ccccc1)N2CCNCC2,0
mmp5099,OS(CCCS(O)(=O)=O)(=O)=O,0
mmp5100,NC(NN=Cc1cnccc1)=S,0
mmp5101,COCC(CSC1N2C(=O)C1NC(C(c3nc(N)sc3)=NOC)=O)=C2C(OC(OC(OC(C)C)=O)C)=O,0
mmp5102,CC(C(O)=O)(ON=C(c1nc(N)sc1)C(NC2C(=O)N(C23)C(C(O)=O)=C(C[n+]4ccccc4)CS3)=O)C,0
mmp5103,OCc1ccc(C(NCC(O)=O)=O)o1,0
mmp5104,COC(C=CC=C(C=CC=C(C=CC=C(C=CC=C(C=CC(O)=O)C)C)C)C)=O,0
mmp5105,CCC(CC(C(C(C(C(Cl)C)Cl)Cl)Cl)Cl)Cl,0
mmp5106,CCC(OC(CC)O)O,0
mmp5107,CC1C(C(=C2C)C(C=C(C(O)=O)C)CC1)C(O)C2,0
mmp5108,Brc1c(Br)c(Br)c(Br)c(Oc2c(Br)c(Br)c(Br)c(Br)c2)c1,0
mmp5109,CC1CC(O)C(C(C)=C)CC1,0
mmp5110,CC1(C(=O)OC2=O)C2C3CC1C=C3,0
mmp5111,CN(C1CC(OC(C(c2ccccc2)CO)=O)C3)C3C(C14)O4,0
mmp5112,CC(C1(C)c(c2C3)cc(O)cc2)C3N(CC4CC4)CC1,0
mmp5113,CC1C(=O)N=C(N12)Nc(c3C2)cccc3Cl,0
mmp5114,NC(c1cc[n+](CC(CSC2N3C(=O)C2NC(C(S(O)(=O)=O)c4ccccc4)=O)=C3C(O)=O)cc1)=O,0
mmp5115,OC(C1c2n(c(C(c3ccccc3)=O)cc2)CC1)=O,0
mmp5116,CCC(OC(c1ccccc1)(C(CN(C)C)C)Cc2ccccc2)=O,0
mmp5117,CC(c1cc(Oc2ccccc2)ccc1)C(O)=O,0
mmp5118,CCOC(c1ccc(OC(CCCCCN=C(N)N)=O)cc1)=O,0
mmp5119,O=C(Nc1ccc(S(c2ccc(NC(CCCCCCCCCCCCC3CCCC3)=O)cc2)(=O)=O)cc1)CCCCCCCCCCCCC4CCCC4,0
mmp5120,CCOC(C(NC(C(N1C(C(O)=O)CC2(SCCS2)C1)=O)C)CCc3ccccc3)=O,0
mmp5121,CCCC[N+](C1CC(OC(C(c2ccccc2)CO)=O)C3)(C3C(C14)O4)C,0
mmp5122,CCCCCCCCC=CCCCCCCCC(N(CC(O)=O)C)=O,0
mmp5123,CCC1C(O)(C)C(C(C)C2C(C)CC(O)(C)C(OC3C(O)C(N(C)C)CC(C)O3)C(C)C(OC4OC(C)C(O)C(OC)(C)C4)C(C)C(=O)O1)OC(COCCOC)N2,0
mmp5124,COC1C(C2(C(CC=C(C)C)O2)C)C3(OC3)CCC1OC(C=CC=CC=CC=CC(O)=O)=O,0
mmp5125,CCC1(C(C#C)(O)CC2)C2C3C(C(C(=C4)CC3)CCC4=O)C(=C)C1,0
mmp5126,CC(NCC(c1cc(C(F)(F)F)c(N)c(Cl)c1)O)(C)C,0
mmp5127,Cc1c(N2CCN(CCc3n(c4nn3)CCCC4)CC2)cccc1,0
mmp5128,Nc1c(c2nc(c13)CCC3)CCCC2,0
mmp5129,CC(OC(C[N+](C)(C)C)CC(O)=O)=O,0
mmp5130,CN(C1CCC2)C2CC(NC(c3c(c4n(C)n3)cccc4)=O)C1,0
mmp5131,CCC=C(c1nc(N)sc1)C(NC2C(=O)N(C23)C(C(OCOC(C(C)(C)C)=O)=O)=C(COC(N)=O)CS3)=O,0
mmp5132,CCNC1c(c2S(=O)(=O)C(C)C1)cc(S(N)(=O)=O)s2,0
mmp5133,NC(Nc(c1C2=O)[nH]cc1CCc3ccc(C(NC(C(O)=O)CCC(O)=O)=O)cc3)=N2,0
mmp5134,CCCCCCCCCCCCCCCCCCOCC(OC)COP(OCC[N+](C)(C)C)(O)=O,0
mmp5135,CON=C(c1nc(N)sn1)C(NC2C(=O)N(C23)C(C(O)=O)=C(Cn4c([n+]5cc4)cccn5)CS3)=O,0
mmp5136,OC(C(Cc1ccccc1)CC(N2CC(C3C2)CCCC3)=O)=O,0
mmp5137,COC1C(OC(C(CO)(CO)C)=O)CCC(CC(C2OC(=O)C(N3C(=O)C(=O)C(OC4CC(OC)C(C)=CC=CC=CC(C)CC(C)C(=O)C(OC)C(O)C(C)=CC(C)C(=O)C2)(O)C(C)CC4)CCCC3)C)C1,0
mmp5138,O=C1c(c(c2CCC3)C3CN1C4C(CCN5C4)CC5)ccc2,0
mmp5139,CC(C1C(C)(C2CC1)CCC(C23)C(C)(C4CC3)CCC(O)(C)C4)=O,0
mmp5140,COC(c1ccccc1)(c2ccccc2)C(C(O)=O)Oc3nc(C)cc(C)n3,0
mmp5141,OS(c1c(c2ccc1)cccc2S(O)(=O)=O)(=O)=O,0
mmp5142,CC(CN(C)C)O,0
mmp5143,C(N1c(c2Sc(c13)cccc3)cccc2)C4C(CCN5C4)CC5,0
mmp5144,CCC(c1ccccc1)N,0
mmp5145,OCC(C1C(O)C(C2O1)OC(C(Cl)(Cl)Cl)O2)O,0
mmp5146,CC=C(C(C)C)CCC(C1C(C)(C2CC1)CCC(C2=C3)C(C)(C4C3)CCC(O)C4C)C,0
mmp5147,NC1C(=O)NC(Cc2ccc(O)cc2)C(=O)NC(Cc3ccccc3)C(=O)NC(CCC(N)=O)C(=O)NC(CC(N)=O)C(=O)NC(C(N4C(C(NC(C(NCC(N)=O)=O)CCCN=C(N)N)=O)CCC4)=O)CSSC1,0
mmp5148,CC(Nc1ccc(C=NNC(N)=S)cc1)=O,0
mmp5149,NC(OCC1N(S(O)(=O)=O)C(=O)C1NC(C(c2nc(N)sc2)=NOCC(O)=O)=O)=O,0
mmp5150,CNC(ON=CC(S(C)=O)(C)C)=O,0
mmp5151,CCC(C)=NO[Si](ON=C(CC)C)(ON=C(CC)C)C,0
mmp5152,CC(N=C(N=C(Nc1ccc(Cl)cc1)N)N)C,0
mmp5153,CNC(ON=CC(S(C)(=O)=O)(C)C)=O,0
mmp5154,CCCCN(C(N)=N[N+]([O-])=O)N=O,0
mmp5155,CCOP(ON=C(c1ccccc1)C#N)(OCC)=S,0
mmp5156,CC(c1ccc(OCC(N2CCCCC2)=O)cc1)=NO,0
mmp5157,CON=C(c1nc(N)sc1)C(NC2C(=O)N(C23)C(C(O)=O)=C(C[N+]4(CCCC4)C)CS3)=O,0
mmp5158,CCOC(CNC(C(N1C(C(NCc2ccc(C(N)=NO)cc2)=O)CC1)=O)C3CCCCC3)=O,0
mmp5159,COc1c(OC)cc(C=NNC(c2ccncc2)=O)cc1,0
mmp5160,CC(CN(N=Cc1cnccc1)C(=O)N2)=N2,0
mmp5161,CON=C1C(CN)CN(c2c(F)cc(c3n2)C(=O)C(C(O)=O)=CN3C4CC4)C1,0
mmp5162,CSC(C)=NOC(N(SN(C(ON=C(SC)C)=O)C)C)=O,0
mmp5163,C[N+](CC(CC(O)=O)O)(C)C,0
mmp5164,CCOC(COc1cc(c2cc1)OC(=O)C(CCN(CC)CC)=C2C)=O,0
mmp5165,NCc1cc(C2CCN(C(c3ccc(C#Cc4c(F)cccc4)o3)=O)CC2)ccc1,0
mmp5166,CC(N=C(N1C2=O)C(O)CCC1)=C2CCN3CCC(c4c(c5on4)ccc(F)c5)CC3,0
mmp5167,OCC1C(O)C(O)C(O)C(Oc2c(c3cc(CC(O)=O)ccc3)cc(CCCCCCc4cc(c5cc(CC(O)=O)ccc5)c(OC6C(O)C(O)C(O)C(CO)O6)cc4)cc2)O1,0
mmp5168,Cc1c(Oc2c(c3c(O)cc2)CCC3)c(C)cc(NC(C(O)=O)=O)c1,0
mmp5169,CC(OC1CC(C2(C)CC1)=CCC(C23)C4C(C(c5cnccc5)=CC4)(C)CC3)=O,0
mmp5170,CC(C(C(NC1C(=O)N(C2c(c3C1)cccc3)C(C(O)=O)CCC2)=O)SC(C)=O)C,0
mmp5171,CNC(C1C(N)C(O)C(n2c(c3nc2)ncnc3NCc4c(OCc5cc(C)no5)ccc(Cl)c4)O1)=O,0
mmp5172,CSCCC(C(NCC(NC(C(NC(C(NC(C(NC(C(N)=O)Cc1ccccc1)=O)CC(O)=O)=O)CCSC)=O)Cc2c(c3[nH]c2)cccc3)=O)=O)NC(C(NC(C(CC(O)=O)N)=O)Cc4ccc(OS(O)(=O)=O)cc4)=O,0
mmp5173,CN1C(C2C(c(c3O4)c5ccc3OC(C)=O)(C4C(OC(C)=O)C=C2)CC1)C5,0
mmp5174,CC(N(C=O)Cc1c(N)nc(C)nc1)=C(SSCC2OCCC2)CCO,0
mmp5175,CON=C(c1nc(N)sc1)C(NC2C(=O)N(C23)C(C(O)=O)=C(CSc4sc(CC(O)=O)c(C)n4)CS3)=O,0
mmp5176,CSCCC(C(NC(C(NC(C(N)=O)Cc1ccccc1)=O)CC(O)=O)=O)NC(C(NC(CCNC(OC(C)(C)C)=O)=O)Cc2c(c3[nH]c2)cccc3)=O,0
mmp5177,CNCc1ccccc1,0
mmp5178,CC1C(C)(C2=CCC1)CC(C(C)=C)CC2,0
mmp5179,CCn1c(c2c(C)n1)C(=O)NCC(=C3C=CC(=O)C=C3)N2,0
mmp5180,OC(P(O)(O)=O)(P(O)(O)=O)Cc1cnccc1,0
mmp5181,Cc1cc(c(N2CC3)c3c1)C(c4ccccc4)=NC(NC(c5ccncc5)=O)C2=O,0
mmp5182,CC(c1ccc(CNC(c2c(Oc3cc(c4cc3)non4)nccc2)=O)cc1)(O)C,0
mmp5183,ONC(C1(NS(c2ccc(Oc3ccc(F)cc3)cc2)(=O)=O)CCOCC1)=O,0
mmp5184,OC1c(c2OCC1Cc3ccc(c4ccccc4)cc3)ccc(C5(C(O)=O)CCCC5)c2,0
mmp5185,COCc1n(c2c(c3cc(Cl)c2Cl)NC(=O)C(=O)N3)c(c4c[n+]([O-])ccc4)nn1,0
mmp5186,COc1cc(c2c(C(C)C)c1)S(=O)(=O)N(COC(N=C(N3C4=O)C(OCCN5CCCCC5)=CC=C3)=C4)C2=O,0
mmp5187,CCc1c(c2[nH]c1C)C(=O)C(CN3CCOCC3)CC2,0
mmp5188,NC1C(N)CCCC1,0
mmp5189,CCC1NC(c2ccccc2)C(NCc3c(OC)cc(c4c3)C(C5C(=O)N4C)C5)CC1,0
mmp5190,COc1cc(OC)c(S(N2c(c3C(c4c(OC)cccc4)(N5C(C(N(C)C)=O)CC(O)C5)C2=O)ccc(Cl)c3)(=O)=O)cc1,0
mmp5191,COc1c(N2CCNCC2)cccc1,0
mmp5192,CC(c1cc(S(NC(Nc2c(c3cc(c24)CCC4)CCC3)=O)(=O)=O)oc1)(O)C,0
mmp5193,CCCCCCCCC=CCCCCCCCC(OCC(C1C(O)C(O)CO1)O)=O,0
mmp5194,CCN(N(N=O)O)CC,0
mmp5195,COc1c(c(C(C(C2C3)C=CC4O)(C45)CCN2)c3cc1)O5,0
mmp5196,Clc1c(C2SC(=C(n3cncc3)C#N)SC2)cccc1,0
mmp5197,COc1c(C(NC2C(CCN3C2)CC3)=O)cc(Cl)c(N)c1,0
mmp5198,COC1C(C2(C(CC=C(C)C)O2)C)C3(OC3)CCC1OC(NC(CCl)=O)=O,0
mmp5199,O=C(c1cc(c2cc1)OCCO2)NC3C(CCN4C3)CC4,0
mmp5200,Cc1n(c2ccc(Sc3cc(C4(C(N)=O)CCOCC4)ccc3)cc2)ccn1,0
mmp5201,CC(CCCC(CCCC(CCCC1(Oc(c2CC1)c(C)c(C)c(OC(CCC(OCCO)=O)=O)c2C)C)C)C)C,0
mmp5202,CNc1c(Cl)cc(C(NC2C(C)N(Cc3ccccc3)CC2)=O)c(OC)c1,0
mmp5203,CCN(CCOC1CC(C2(C)CC1)=CCC(C23)C4C(C(=O)CC4)(C)CC3)CC,0
mmp5204,CC(C(O)=O)Oc1cc(F)c(CNC(c2c(Oc3cc(c4cc3)OCO4)nccc2)=O)cc1,0
mmp5205,O=C(Nc1cc(C(NCC2)=N2)ccc1)Nc3cc(C(NCC4)=N4)ccc3,0
mmp5206,CC1(C(CC=C)(O)CC2)C2C(C(=C3C4=CC(=O)CC3)C=C1)CC4,0
mmp5207,COC(C(Cc1cc(O)c(O)cc1)N)=O,0
mmp5208,CC(c1nc(N2C(C)CN(c3nc(C)nc(C)n3)CC2C)ccn1)O,0
mmp5209,CC(NC(C=CN(C1OC(COC(c2ccccc2)=O)OC1)C3=O)=N3)=O,0
mmp5210,CC(OCCO)COCCO,0
mmp5211,CC(Oc1sc(c2c1)CCN(C(c3c(F)cccc3)C(C4CC4)=O)C2)=O,0
mmp5212,c1ccncc1,0
mmp5213,CCCN,0
mmp5214,Cc1c(c2cc(O)c1C(O)=O)C(=O)c(c3C2=O)c(O)c(C4C(O)C(O)C(O)C(CO)O4)c(O)c3O,0
mmp5215,CCCN(C1Cc(c2CC1)cc(OC)cc2)C3CCN(C(C4CCNCC4)=O)CC3,0
mmp5216,CCC(C(C(NCC(NC(C(NC(C(N)=O)CCSC)=O)CC(C)C)=O)=O)NC(C(NC(C(NC(C(NC(C(NC(C(NC(C1N(C(C2NC(=O)CC2)=O)CCC1)=O)CO)=O)CCCCN)=O)CC(O)=O)=O)C)=O)Cc3ccccc3)=O)C,0
mmp5217,CC(c1ccc(CNC(c2c(Oc3ccc(F)cc3)nccc2)=O)cc1)(O)C,0
mmp5218,CS(c1c(Cl)cc(C(C(Nc2nccnc2)=O)CC3CC(=O)CC3)cc1)(=O)=O,0
mmp5219,CC(CCCCCCc1ccc(OCCOCCO)cc1)C,0
mmp5220,CC(OC1(C(C)=O)C(C)(C2CC1)CC(O)C(F)(C23)C(C)(C(=C4)CC3)CCC4=O)=O,0
mmp5221,C[n+]1cn(Cc2ccccc2)cc1,0
mmp5222,CC(CN(S(c1ccc(N)cc1)(=O)=O)CC(C(NC(OC2COCC2)=O)Cc3ccccc3)O)C,0
mmp5223,CC(C=C)CCC=C(C)C,0
mmp5224,CC(OC(NC(C(NC(c1ccc(C)cc1)C)=O)C(C)C)=O)C,0
mmp5225,CC(OS(=O)(=O)NC1=O)=C1,0
mmp5226,CC1(C(CC2C3(C)C)(C3=CCC1)CC2)C,0
mmp5227,CCCCn1c[n+](C)cc1,0
mmp5228,NC(C1(CC2C3)CC(CC3C1)(O)C2)C(N4C(C5CC4C#N)C5)=O,0
mmp5229,CC(O)=O,0
mmp5230,CN1C(=O)C(C(c2c(C)c(C(CCO3)=N3)c(S(C)(=O)=O)cc2)=O)=CN1,0
mmp5231,C[n+]1cn(CC=C)cc1,0
mmp5232,CCCOCCOCCOCCO,0
mmp5233,C[n+]1cn(CCO)cc1,0
mmp5234,CC1c(c2CCNC1)cc(Cl)cc2,0
mmp5235,NC(C1(N2CCCCC2)CCN(CCCC(c3ccc(F)cc3)=O)CC1)=O,0
mmp5236,COc1c(n2c(OC)nc1)nc(NS(c3c(C(F)(F)F)cccc3OCC(F)F)(=O)=O)n2,0
mmp5237,CN1C(C(F)(F)F)=CC(=O)N(c2cc(C(OC(C(OCC=C)=O)(C)C)=O)c(Cl)cc2)C1=O,0
mmp5238,CC(C(OCC(C1C(C)(C2CC1)CCC(C23)C(C)(C(=C4)CC3)CCC4=O)=O)=O)(C)C,0
mmp5239,CON=C(c1nc(N)sc1)C(NC2C(=O)N(C23)C(C(O)=O)=C(C[n+]4c(c5ccc4)CCC5)CS3)=O,0
mmp5240,CC(C(c1ccccc1)=O)N,0
mmp5241,NC(N)=NCc1cc(I)ccc1,0
mmp5242,Cc1c[nH]nc1,0
mmp5243,C(c1cc(c2cc1)cccc2)C(NCC3)=N3,0
mmp5244,CCCN1CC(c2cc(O)ccc2)CCC1,0
mmp5245,Cc1c(C(Nc2ccc(C(N3c(c4C(=CC(N5CCC(N6CCCCC6)CC5)=O)C(F)(F)CC3)cccc4)=O)cc2)=O)cco1,0
mmp5246,CCC(C1C(=O)NC(CCC(N)=O)C(=O)NC(CC(N)=O)C(=O)NC(C(N2C(C(NC(C(NCC(N)=O)=O)CC(C)C)=O)CCC2)=O)CSSCC(N)C(=O)NC(Cc3ccc(O)cc3)C(=O)N1)C,0
mmp5247,CCCOC(N(C)C(=O)N1C(NS(c2c(C(OC)=O)cccc2)(=O)=O)=O)=N1,0
mmp5248,COC(N(C)C(=O)N1C(NS(c2c(OC(F)(F)F)cccc2)(=O)=O)=O)=N1,0
mmp5249,OC(C1CCN(c2c(NC(NC(c3c(Cl)cc(F)c(F)c3)=O)=O)cc(F)cc2)CC1)=O,0
mmp5250,CNC(Cc1ccccc1)C,0
mmp5251,CCCC[n+]1cc(C)ccc1,0
mmp5252,CC(C1(C)c(c2C3)cc(O)cc2)C3N(CC=C(C)C)CC1,0
mmp5253,CC(C1(C)c(c2C3)cc(O)cc2)C3N(CC=C(C)C)CC1,0
mmp5254,NCC(c1cc(O)c(O)cc1)O,0
mmp5255,CN(C=Nc1c(C)cc(Cl)cc1)C,0
mmp5256,O=C1NC(=O)C(=O)C(=O)N1,0
mmp5257,CC(C1C(C)(C2CC1)CCC(C23)C(C)(C4CC3)CCC(O)C4)O,0
mmp5258,C1CC(C2C1)C(CC23)CC3,0
mmp5259,CC(Nc1c(I)c(C(O)=O)c(I)c(NC(C)=O)c1I)=O,0
mmp5260,OCC(C(C(C(C(O)=O)O)O)O)=O,0
mmp5261,CCCn1c[n+](C)cc1,0
mmp5262,CCCCCCCCCCCCCCCCCC(OCC(CCCC)CC)=O,0
mmp5263,CCCC[n+]1c(C)cccc1,0
mmp5264,CNC,0
mmp5265,CC(NCC(c1ccc(O)cc1)O)CCc2ccc(O)cc2,0
mmp5266,CC(NC(C(C(C(CO)O)O)O)C(CC(C(O)=O)=O)O)=O,0
mmp5267,CCCCCCOc1c(C(O)=O)cccc1,0
mmp5268,NCCCCC(C(NCC(N)=O)=O)NC(C1N(C(C2NC(=O)C(CC(N)=O)NC(=O)C(CCC(N)=O)NC(=O)C(Cc3ccccc3)NC(=O)C(Cc4ccccc4)NC(=O)C(N)CSSC2)=O)CCC1)=O,0
mmp5269,COCCCOc1c(C)c(CS(c2[nH]c(c3n2)cccc3)=O)ncc1,0
mmp5270,COc1c(OC)c(CS(c2[nH]c(c3n2)ccc(OC(F)F)c3)=O)ncc1,0
mmp5271,CCC=CCCOC(C(C)=CC)=O,0
mmp5272,COC(C1C(N(C)C2CC1OC(c3ccccc3)=O)CC2)=O,0
mmp5273,CCC1C(=O)N(C2C(=O)N(C)C(Cc3ccccc3)C(=O)N(C4C(=O)NC(c5ccccc5)C(=O)OC(C)C(NC(c6c(O)cccn6)=O)C(=O)N1)CCC(=O)C4)CCC2,0
mmp5274,CCCOC(NCCCN(C)C)=O,0
mmp5275,COc1c(c(C2(C3C(O)C=C4)C4C(N(C)CC2)C5)c5cc1)O3,0
mmp5276,CC(C1(CC2OCc3c(C)cccc3)OC2(C)CC1)C,0
mmp5277,COc1c(O)c(c(C2[N+](C)(C)CC3)c3c1)Oc(ccc4CC5c(c6CCN5C)cc(c(OC)c6)Oc(cc7C2)c(O)cc7)cc4,0
mmp5278,CNC(NCc1ccccc1)=NC,0
mmp5279,COC(C1(C(C)(C2CC1C)CC(O)C(C23)C(C)(C(=C4)CC3)C=CC4=O)C)=O,0
mmp5280,CCCC1CN(C)C(C(NC(C2C(O)C(O)C(O)C(SC)O2)C(Cl)C)=O)C1,0
mmp5281,CNC(C(NC1C(=O)NC(CC(N)=O)C(=O)NC(c(cc23)cc(c2OC4C(OC5OC(C)C(O)C(N)(C)C5)C(O)C(O)C(CO)O4)Oc(c(cc6C1O)Cl)cc6)C(=O)NC7C(=O)NC(C(=O)NC(C(O)=O)c(c8c(cc79)c(O)cc9)cc(O)cc8O)C(O)c(cc(Cl)c%10O3)cc%10)=O)CC(C)C,0
mmp5282,NC(CCC1C(=O)NC(CC(N)=O)C(=O)NC(C(N2C(C(NC(C(NCC(N)=O)=O)CCCN=C(N)N)=O)CCC2)=O)CSSCCC(=O)NC(Cc3ccc(O)cc3)C(=O)NC(Cc4ccccc4)C(=O)N1)=O,0
mmp5283,NCCc1[nH]ncc1,0
mmp5284,CC(CC(C(NC(C(N1C(C(NNC(N)=O)=O)CCC1)=O)CCCN=C(N)N)=O)NC(C(NC(C(NC(C(NC(C(NC(C(NC(C2NC(=O)CC2)=O)Cc3[nH]cnc3)=O)Cc4c(c5[nH]c4)cccc5)=O)CO)=O)Cc6ccc(O)cc6)=O)COC(C)(C)C)=O)C,0
mmp5285,COc1c(OP(O)(O)=O)c(OC)cc(C2c(c3C(OC4C(O)C(O)C(C5O4)OC(C)OC5)C6C2C(=O)OC6)cc(c7c3)OCO7)c1,0
mmp5286,CCCCCCCCCCCCCCCC(OC1C(SC)OC(C(C(Cl)C)NC(C2N(C)CC(CCC)C2)=O)C(O)C1O)=O,0
mmp5287,C[n+]1cn(C)cc1,0
mmp5288,CC(C1C(=O)NC(CO)C(=O)NC(C(O)=O)CSSCC(NC(CNC(C(N)C)=O)=O)C(=O)NC(CCCCN)C(=O)NC(CC(N)=O)C(=O)NC(Cc2ccccc2)C(=O)NC(Cc3ccccc3)C(=O)NC(Cc4c(c5[nH]c4)cccc5)C(=O)NC(CCCCN)C(=O)NC(C(O)C)C(=O)NC(Cc6ccccc6)C(=O)N1)O,0
mmp5289,NCCOC=CC(C(O)=O)N,0
mmp5290,CCn1c[n+](C)cc1,0
mmp5291,COc1cc(c2cc1)c(C(C3N(CC(C=C)C4C3)CC4)O)ccn2,0
mmp5292,CCN(CCSCC(OC1C(C2C3(CCC2=O)C(C)C(O)C(C=C)(C)C1)(C)C(C)CC3)=O)CC,0
mmp5293,OC(CF)=O,0
mmp5294,CCCCCCCCCCCCCCCC(OCC(C1C(O)C(O)CO1)O)=O,0
mmp5295,CC(CCCCCCCOP(Oc1ccccc1)OCCCCCCCC(C)C)C,0
mmp5296,CCCC[N+]1(CCCC1)C,0
mmp5297,CCCCCCCCCCCCCCCCCC(OCC(C1C(O)C(O)CO1)O)=O,0
mmp5298,CC(C[P+](CC(C)C)(CC(C)C)C)C,0
mmp5299,CCNC(Cc1cc(C(F)(F)F)ccc1)C,0
mmp5300,NC(C(O)=O)CCC(O)=O,0
mmp5301,OCC(COP(O)(O)=O)O,0
mmp5302,OC(c1ccc(Cl)cc1)C=CC(O)=O,0
mmp5303,Cc1c(C(c2ccc(Cl)cc2)=O)n(C)c(CC(O)=O)c1,0
mmp5304,CCOC(C(CC(N)C(NC(C)=O)C1OC(CC)CC)=C1)=O,0
mmp5305,O=C1N2C(C3(c(c24)cccc4)CC5)C(C6C1)C(C7=CCO6)CC3N5C7,0
mmp5306,O=C1c(c2O[Bi]O1)cccc2,0
mmp5307,OC(C1C2O[Sb](OC2=O)OC(C(O)=O)C3O[Sb](OC3=O)O1)=O,0
mmp5308,CCCCCCCCCCCC(O[Sn](OC(CCCCCCCCCCC)=O)(CCCC)CCCC)=O,0
mmp5309,OCC(Nc1ccc([As](O[Bi]=O)(O)=O)cc1)=O,0
mmp5310,CCCCCCCCCCCCCCCCCC(O[Al])=O,0
mmp5311,OC(c1cc(c2c(O)c1)O[Bi]O2)=O,0
mmp5312,S=[Sb](S[Sb](=S)=S)=S,0
mmp5313,CC(O[Al])=O,0
mmp5314,CCCCO[Al](OCCCC)OCCCC,0
mmp5315,CCC[N+]1(CCCC1)C,0
mmp5316,COC(c1c(S(NC(Nc2nc(OC)nc(C)n2)=O)(=O)=O)cc(I)cc1)=O,0
mmp5317,CCOc1ccc(NC(Nc2ccc(OCC)cc2)=C)cc1,0
mmp5318,Cc1nc(c2cc(c3cc2)CCN(CCC4CCC(NC(C=Cc5ccc(F)cc5)=O)CC4)CC3)no1,0
mmp5319,CC(NCC(c1nc(C(F)(F)F)sc1)O)Cc2ccc(OCC(O)=O)cc2,0
mmp5320,COC1C(C)C(C(OOC2(C)O3)(C4CC2)C3O1)CCC4C,0
mmp5321,CC(N(C=O)Cc1c(N)nc(C)nc1)=C(SSC(CCOC(c2ccccc2)=O)=C(N(C=O)Cc3c(N)nc(C)nc3)C)CCOC(c4ccccc4)=O,0
mmp5322,CCCCCC=CCC=CCCCCCCCC(NC(c1ccccc1)C)=O,0
mmp5323,CC1C(=O)NC(CNC(CC(CCCN)N)=O)C(=O)NC(=CNC(N)=O)C(=O)NC(C2NC(N)=NCC2)C(=O)NCC(N)C(=O)N1,0
mmp5324,CC(OP(OC1C(CO)OC(n2c(c3nc2)cc(C)c(C)c3)C1O)(O)=O)CNC(CCC4(C(=C5C)NC(C6(C)N=C(C(CCC(N)=O)C6(CC(N)=O)C)C(C)=C7N=C(C(CCC(N)=O)C7(CC(N)=O)C)C=C8N=C5C(CCC(N)=O)C8(C)C)C4CC(N)=O)C)=O,0
mmp5325,CC(C(OCCC(SSC(CCOC(C(C)C)=O)=C(N(C=O)Cc1c(N)nc(C)nc1)C)=C(N(C=O)Cc2c(N)nc(C)nc2)C)=O)C,0
mmp5326,CNC1C(O)(C)COC(OC2C(O)C(OC3C(N)CC=C(CN)O3)C(N)CC2N)C1O,0
mmp5327,CC(C(C(NCCc1scc(c2scc(C(NCCCNC(c3ccccc3)C)=O)n2)n1)=O)NC(C(C(C(NC(C(C(c4[nH]cnc4)OC5C(OC6C(O)C(OC(N)=O)C(O)C(CO)O6)C(O)C(O)C(CO)O5)NC(c7c(C)c(N)nc(C(NCC(C(N)=O)N)CC(N)=O)n7)=O)=O)C)O)C)=O)O,0
mmp5328,COC1(C(=O)N(C12)C(C(O)=O)=C(CSc3n(CCO)nnn3)CO2)NC(CSC(F)F)=O,0
mmp5329,CNC1C(O)(C)COC(OC2C(NC(C(CN)O)=O)CC(N)C(OC3C(O)C(O)C(O)C(CN)O3)C2O)C1O,0
mmp5330,COC1C(O)C(C)OC(OC2C(C)C(=O)OC(C)C(C)C(O)C(C)C(=O)C3(OC3)CC(C)C(OC4C(O)C(N(C)C)CC(C)O4)C2C)C1,0
mmp5331,CCCCCCCCCCCCCCCS(Oc1ccccc1)(=O)=O,0
mmp5332,CC(OCCO)CN(CC(OCCO)C)CCN(CC(OCCO)C)CC(OCCO)C,0
mmp5333,CCCCCCC(OC(C)=O)CCCCCCCCCCC(OCC(OC(C)=O)COC(C)=O)=O,0
mmp5334,NC(NC1=C(N(C=O)C(CNc2ccc(C(NC(C(O)=O)CCC(O)=O)=O)cc2)CN1)C3=O)=N3,0
mmp5335,CN(CCn1c(SCC(CSC2N3C(=O)C2NC(Cc4nc(N)sc4)=O)=C3C(O)=O)nnn1)C,0
mmp5336,CCC1CC(CCC(O)=O)CC1,0
mmp5337,NC(CCC(C(O)=O)Nc1ccc([N+]([O-])=O)cc1)=O,0
mmp5338,OC1C(C2(c(c3c(O)cc4)c4C5)C(C5NCC2)C=C1)O3,0
mmp5339,OCC=C1C2CC([N+]3(CC=C)C1)C(c(c45)cccc4)(C(C2=C6)N5C=C7C(C89C([N+]%10(CC=C)CC8)CC7C(=CCO)C%10)N6c(c9%11)cccc%11)CC3,0
mmp5340,CCCCCCCCCCCC(OCC(C1C(O)C(O)CO1)O)=O,0
mmp5341,CCC(OCC(OC(CC)O)C)O,0
mmp5342,CC(CC(CC(C=C(C1C(=O)OC(=O)C1)C)C)C)C,0
mmp5343,CC(CCCCCCOC(c1c(C(OCCCCCCC(C)(C)C)=O)cccc1)=O)(C)C,0
mmp5344,CCC(OCCCOC)O,0
mmp5345,CCCCCCCCCCCC(OCC(C1C(OCCO)C(OCCO)CO1)O)=O,0
mmp5346,CCC(C(OC=C)=O)(CCC(C)C)C,0
mmp5347,CCC(C(CCOC(C)=O)C)CC,0
mmp5348,OP(OP(OP(O)(O)=O)(O)=O)(O)=O,0
mmp5349,CC[N+]1(CCCC1)C,0
mmp5350,CC[n+]1ccccc1,0
mmp5351,CCCc1n(c2c(C)n1)NC(c3c(OCC)ccc(S(N4CCN(CC)CC4)(=O)=O)c3)=NC2=O,0
mmp5352,CCOC(C1(c2ccccc2)CCN(C)CCC1)=O,0
mmp5353,CCC(OC1C(C(C)(C)C2C1)(C)CC2)=O,0
mmp5354,COCCCOc1c(OC)ccc(CC(C(C)C)CC(C(CC(C(NCC(C(N)=O)(C)C)=O)C(C)C)O)N)c1,0
mmp5355,OS(c1c(c2ccc1)cccc2)(=O)=O,0
mmp5356,OS(c1cc(c2cc1)cccc2)(=O)=O,0
mmp5357,OC(COc1c(c2n(Cc3ccccc3)n1)cccc2)=O,0
mmp5358,CCCCC(COS(O)(=O)=O)CC,0
mmp5359,CC1(C(C(NC(C(O)=O)=CCCCCSCC(C(O)=O)N)=O)C1)C,0
mmp5360,OCCCC(O)=O,0
mmp5361,CON=C(c1nc(N)sc1)C(NC2C(=O)N(C23)C(C(O)=O)=CCS3)=O,0
mmp5362,OC(c1cc(c2o1)cc(Cc3cnccc3)cc2)=O,0
mmp5363,Cc1c(Cl)c(Nc2c(C(O)=O)cccc2)c(Cl)cc1,0
mmp5364,CCc1c(c2c(S(O)(=O)=O)c1)cccc(C(C)C)c2,0
mmp5365,CC(C(Oc1ccc(S(Nc2c(C(NCC(O)=O)=O)cccc2)(=O)=O)cc1)=O)(C)C,0
mmp5366,OCC(C(C(C(C(C(O)=O)O)O)O)O)O,0
mmp5367,Nc1c(c2cc(S(O)(=O)=O)c1)c(O)cc(S(O)(=O)=O)c2,0
mmp5368,CC1(C(C(O)=O)N(C2S1)C(=O)C2NC(Cc3ccccc3)=O)C,0
mmp5369,CCCC(C1(C(=O)N=C(S)NC1=O)CC)C,0
mmp5370,Nc1c(C(c2ccccc2)=O)cccc1CC(O)=O,0
mmp5371,Cn1c(SCC(CSC2N3C(=O)C2NC(C(c4ccccc4)OC=O)=O)=C3C(O)=O)nnn1,0
mmp5372,OC(CCl)=O,0
mmp5373,OCl,0
mmp5374,CCCCCCCCCCCCCCOS(O)(=O)=O,0
mmp5375,COC1(C(=O)N(C12)C(C(O)=O)=C(CSc3n(C)nnn3)CS2)NC(CSCC#N)=O,0
mmp5376,Cc1c(C(NC2C(=O)N(C23)C(C(O)=O)C(C)(C)S3)=O)c(c4c(Cl)cccc4F)no1,0
mmp5377,Cc1c(C(NC2C(=O)N(C23)C(C(O)=O)C(C)(C)S3)=O)c(c4ccccc4)no1,0
mmp5378,OC(N(Cl)C(=O)N(Cl)C1=O)=N1,0
mmp5379,CC1(OC(C2CO1)C(C3(C(O)=O)O2)OC(C)(C)O3)C,0
mmp5380,Cc1c(C)cc(S(O)(=O)=O)cc1,0
mmp5381,ON=O,0
mmp5382,OCl=O,0
mmp5383,CCCCC(O)=O,0
mmp5384,OS(C(C=C(C(=C1NNc2c(C(F)(F)F)cccc2)C3=O)C=CC1=N)=C3)(=O)=O,0
mmp5385,CCCCCCCCCCCC(N(CC(O)=O)C)=O,0
mmp5386,CCCCCCCCS(O)(=O)=O,0
mmp5387,CCCCCN(CCC(P(O)(O)=O)(P(O)(O)=O)O)C,0
mmp5388,CCCCCCCCc1ccc(S(O)(=O)=O)cc1,0
mmp5389,OC(c1cc(S(O)(=O)=O)cc(C(O)=O)c1)=O,0
mmp5390,CC1(C2C(C3C(C(CCC(O)=O)(O)CC3)(C)CC2)C=C4)C4=CC(=O)CC1,0
mmp5391,CC(CP(CC(C)C)(S)=S)C,0
mmp5392,OC(CNc1ccccc1)=O,0
mmp5393,CON=C(c1nc(N)sc1)C(NC2C(=O)N(C23)C(C(O)=O)=C(COC(C)=O)CS3)=O,0
mmp5394,Cn1c(SCC(CSC2N3C(=O)C2NC(C(c4ccccc4)O)=O)=C3C(O)=O)nnn1,0
mmp5395,CC1C(C(COC(c2cc(S(O)(=O)=O)ccc2)=O)=O)(O)C(C)(C3C1)CC(O)C(F)(C34)C(C)(C(=C5)CC4)C=CC5=O,0
mmp5396,CCCCC(COC(CC(S(O)(=O)=O)C(OCC(CCCC)CC)=O)=O)CC,0
mmp5397,CCC1(c2ccccc2)C(=O)N=C(O)NC1=O,0
mmp5398,CC(O)=C1C(=O)C=C(C)OC1=O,0
mmp5399,CC(OCC(CSC1N2C(=O)C1NC(CSc3ccncc3)=O)=C2C(O)=O)=O,0
mmp5400,CC(C(NC1C(=O)N(C12)C(C(O)=O)C(C)(C)S2)=O)Oc3ccccc3,0
mmp5401,CC(C(N=Nc1ccccc1)C(=O)N2c3ccc(S(O)(=O)=O)cc3)=N2,0
mmp5402,CN(c1c(I)c(C(O)=O)c(I)c(NC(C)=O)c1I)C(C)=O,0
mmp5403,Cc1c(C(NC2C(=O)N(C23)C(C(O)=O)C(C)(C)S3)=O)c(c4c(Cl)cccc4Cl)no1,0
mmp5404,COC(c1cc(S(O)(=O)=O)cc(C(OC)=O)c1)=O,0
mmp5405,COc1nc(NC(NS(c2c(OCC(F)(F)F)cccn2)(=O)=O)=O)nc(OC)c1,0
mmp5406,CC(c1c(C(O)=O)cccn1)=NNC(Nc2cc(F)cc(F)c2)=O,0
mmp5407,OS(CC(CS)S)(=O)=O,0
mmp5408,CC1(C(C(O)=O)N(C2S1)C(=O)C2NC(COc3ccccc3)=O)C,0
mmp5409,CCCC(C1(C(=O)N=C(S)NC1=O)CC=C)C,0
mmp5410,OCS(O)=O,0
mmp5411,Oc1cc(c2cc1)ccc(S(O)(=O)=O)c2,0
mmp5412,CCCCCCCCCOS(O)(=O)=O,0
mmp5413,Cc1cc(C)c(S(O)(=O)=O)cc1,0
mmp5414,COc1c(C(NC2C(=O)N(C23)C(C(O)=O)C(C)(C)S3)=O)c(OC)ccc1,0
mmp5415,OC(c1ccc(NC(C(NC(c2ccccc2)=O)Cc3ccc(O)cc3)=O)cc1)=O,0
mmp5416,CC1C(C2(C)C(C3C1)C(O)CC(C)(C34)C(C(COC(CCC(O)=O)=O)=O)(O)CC4)=CC(=O)C=C2,0
mmp5417,COc1cc(c2cc1)ccc(C(C(O)=O)C)c2,0
mmp5418,NCCCC(P(O)(O)=O)(P(O)(O)=O)O,0
mmp5419,CCC1(C(=O)N=C(O)NC1=O)CC,0
mmp5420,CCCCCN(C(C(NC(c1cc(Cl)c(Cl)cc1)=O)CCC(O)=O)=O)CCCCC,0
mmp5421,Cc1c(S(O)(=O)=O)cccc1,0
mmp5422,CCC(OC(C(C)C)OP(CC(N1C(C(O)=O)CC(C2CCCCC2)C1)=O)(CCCCc3ccccc3)=O)=O,0
mmp5423,COc1nc(Sc2c(C(O)=O)c(Cl)ccc2)nc(OC)c1,0
mmp5424,Cc1c(C(N2c(c3C(=NOS(O)(=O)=O)CC2)cc(Cl)cc3)=O)cccc1,0
mmp5425,CC1(C(C(O)=O)N(C2S1)C(=O)C2NC(C(c3ccccc3)NC(N4C(=O)NCC4)=O)=O)C,0
mmp5426,CNCCS(O)(=O)=O,0
mmp5427,CCOC(CC(C(OCC)=O)O)=O,0
mmp5428,OC(C(N(C1SC2)C(=O)C1NC(Cn3nnnc3)=O)=C2CSc4scnn4)=O,0
mmp5429,OS(CC=C)(=O)=O,0
mmp5430,OS(CNNC(c1ccncc1)=O)(=O)=O,0
mmp5431,OS(C(C(OC1CCCCC1)=O)CC(OC2CCCCC2)=O)(=O)=O,0
mmp5432,OC(C(CC(=O)N1c2ccc(S(O)(=O)=O)cc2)=N1)=O,0
mmp5433,O=C1NC2=C(NC(=O)N2)C(=O)N1,0
mmp5434,CC1(C(C(O)=O)N(C2S1)C(=O)C2N3C(C)(C)NC(c4ccccc4)C3=O)C,0
mmp5435,CCOc1c(C(NC2C(=O)N(C23)C(C(O)=O)C(C)(C)S3)=O)c(c4cc1)cccc4,0
mmp5436,CCCCCCCCCC(c1ccc(S(O)(=O)=O)cc1)CC,0
mmp5437,OCC=C1C(C(O)=O)N(C2O1)C(=O)C2,0
mmp5438,OC(c1ccccc1)(c2ccccc2)C(OCCN3CCCCC3)=O,0
mmp5439,CNC(S)=S,0
mmp5440,COc1c(OC)cc(c2c1)c(CCN3CCN(c4ccccc4)CC3)c(C)[nH]2,0
mmp5441,CC(NC1C(OC2C(O)C(O)C(OC3C(NC(C)=O)C(OC4C(O)C(O)C(O)C(C(O)=O)O4)C(O)C(CO)O3)C(C(O)=O)O2)C(O)C(CO)OC1O)=O,0
mmp5442,OC(C(C(=O)c(c1N2c3c(C(O)=O)cccc3)cc(Nc4c(Cl)cc(F)cc4F)c(Cl)c1)=C2)=O,0
mmp5443,COc1cc(c2cc1)c(CCN(C(C)C)C(C)C)c[nH]2,0
mmp5444,CC(C(C(NCCC(NCCS)=O)=O)O)(COP(OP(OCC1C(OP(O)(O)=O)C(O)C(n2c(c3nc2)ncnc3N)O1)(O)=O)(O)=O)C,0
mmp5445,OC(CN(c1c(C#N)c(CC(O)=O)c(C(O)=O)s1)CC(O)=O)=O,0
mmp5446,NCC1C(O)C(O)C(N)C(OC2C(CO)OC(OC3C(OC4C(N)C(O)C(O)C(CN)O4)C(N)CC(N)C3O)C2O)O1,0
mmp5447,Cc1c(c2n(NC(c3c(C)nc(c4ncccc4)nc3)=O)c1)cc(F)cc2,0
mmp5448,CN(CCC(c1ncccc1)c2ccccc2)C,0
mmp5449,CCCCN1C=CN(C)C1,0
mmp5450,CC1(C(C(O)=O)N(C2S1)C(=O)C2NC(C(c3ccccc3)N=C)=O)C,0
mmp5451,CC(C(N1C(C(O)=O)CCC1)=O)NC(C(O)=O)CCc2ccccc2,0
mmp5452,CCCCCC(N)C,0
mmp5453,CON=C(c1nc(N)sc1)C(NC2C(=O)N(C23)C(C(O)=O)=C(C[n+]4n(CCO)c(N)cc4)CS3)=O,0
mmp5454,NC1C2(CC2)CN(c3c(Cl)c(c4cc3F)N(C5C(F)C5)C=C(C(O)=O)C4=O)C1,0
mmp5455,CCCCCCCCCCCCCCC(NC(CCCCCCCCCCCCCC)=O)CO,0
mmp5456,CNC(C1OC(OC2C(O)C(OC3C(O)C(NC)C(O)(C)CO3)C(N)CC2N)C(N)CC1)C,0
mmp5457,CCCCC1C2(CCN(C3(CCN(C(c4c(C)ncnc4C)=O)CC3)C)CC2)OC(=O)N(CC5CCOCC5)C1,0
mmp5458,CC1(C(C(O)=O)N(C2S1)C(=O)C2NC(C(S(O)(=O)=O)c3ccccc3)=O)C,0
mmp5459,CCC(CCCCC(NC(C(NC(C(NC(C(NC1C(=O)NC(CCNCS(O)(=O)=O)C(=O)NC(CC(C)C)C(=O)NC(CC(C)C)C(=O)NC(CCNCS(O)(=O)=O)C(=O)NC(CCNCS(O)(=O)=O)C(=O)NC(C(O)C)C(=O)NCC1)=O)CCNCS(O)(=O)=O)=O)C(O)C)=O)CCNCS(O)(=O)=O)=O)C,0
mmp5460,CCC(N(c1ccccc1)C2CCN(Cc3sccc3)CC2)=O,0
mmp5461,CCn1c(C)[n+](C)cc1,0
mmp5462,C1C2CC(c(c23)cc(c4c3)nccn4)CN1,0
mmp5463,NCCC(NC(C(O)=O)Cc1[nH]cnc1)=O,0
mmp5464,CS(NC(CCCC=CCC1C(=O)CC(O)C1C=CC(COc2ccccc2)O)=O)(=O)=O,0
mmp5465,CCOC(Cc1cc(c2c(OC3C(OC(C)=O)C(OC(C)=O)C(OC(C)=O)C(COC(C)=O)O3)ccc(CCCCCCc4cc(c5cc(CC(OCC)=O)ccc5)c(OC6C(OC(C)=O)C(OC(C)=O)C(OC(C)=O)C(COC(C)=O)O6)cc4)c2)ccc1)=O,0
mmp5466,OC(CC(C(O)=O)S)=O,0
mmp5467,CC(OCC1C(O)C(OC(c2c(C(O)=O)cccc2)=O)C(O)C(OC3C(COC(C)=O)OC(O)C(OC(c4c(C(O)=O)cccc4)=O)C3O)O1)=O,0
mmp5468,CCCCCCCCCCCC(OCC(OC(CCCCC(O)=O)=O)C)=O,0
mmp5469,CCOP(OCC)(O)=O,0
mmp5470,CC(C)=CCCC(C)=CCCC(C)=CCCC(C)=CCCC(C)=O,0
mmp5471,CN1C(C(=C2)CC1S(O)(=O)=O)=CC(=O)C2=NNC(N)=O,0
mmp5472,CN(CCOC(C(c1ccccc1)(c2ccccc2)OCC#C)=O)C,0
mmp5473,COc1ccc(CC(NCC(c2cc(NC=O)c(O)cc2)O)C)cc1,0
mmp5474,CCC(OC1C(C)(C2CC1N3CCCCC3)CCC(C24)C(C)(C5CC4)CC(N6CCCCC6)C(OC(C)=O)C5)=O,0
mmp5475,OCC(C1C(O)=C(O)C(=O)O1)O,0
mmp5476,CN1C(C(NC(c2nnc(C)o2)=O)(C)C)=NC(C(NCc3ccc(F)cc3)=O)=C(O)C1=O,0
mmp5477,OCC(C1C(O)=C(O)C(=O)O1)O,0
mmp5478,CN(c1ccccc1)C(C(C(=O)N(C)c(c23)cccc2)=C3O)=O,0
mmp5479,CN(C1C(=O)C(C(N)=O)=C(O)C(O)(C12)C(=O)C(C3C2O)=C(O)c(c4C3=C)c(O)ccc4Cl)C,0
mmp5480,OC(C(Cl)=CNC1=O)=C1,0
mmp5481,CCCCCCCCCCCCCCCC(OCC(C1C(O)=C(O)C(=O)O1)O)=O,0
mmp5482,CN(C1C(=O)C(C(N)=O)=C(O)C(O)(C12)C(=O)C(=C3O)C(C(O)(C)c(c34)cccc4O)C2O)C,0
mmp5483,CN(C1C(=O)C(C(N)=O)=C(O)C(O)(C12)C(=O)C(C3C2O)=C(O)c(c4C3=C)c(O)ccc4)C,0
mmp5484,CC1c(c2C(O)=C(C13)C(=O)C(O)(C4C3O)C(O)=C(C(N)=O)C(=O)C4N(C)C)cccc2O,0
mmp5485,CN(C1C(=O)C(C(N)=O)=C(O)C(O)(C12)C(=O)C(C3C2)=C(O)c(c4C3)c(O)ccc4N(C)C)C,0
mmp5486,CN(C1C(=O)C(C(N)=O)=C(O)C(O)(C12)C(=O)C(C3C2)=C(O)c(c4C3O)c(O)ccc4Cl)C,0
mmp5487,CN(C1C(=O)C(C(N)=O)=C(O)C(O)(C12)C(=O)C(C3C2)=C(O)c(c4C3)c(O)c(NC(CNC(C)(C)C)=O)cc4N(C)C)C,0
mmp5488,CC(C1(OC(=O)C(Sc2c(C(C)(C)C)cc(CO)c(C)c2)=C(O)C1)CCc3ccc(N)cc3)C,0
mmp5489,CN(C1C(=O)C(C(NCNC(C(O)=O)CCCCN)=O)=C(O)C(O)(C12)C(=O)C(=C3O)C(C(O)(C)c(c34)cccc4O)C2)C,0
mmp5490,CN(C1C(=O)C(C(N)=O)=C(O)C(O)(C12)C(=O)C(=C3O)C(C(O)(C)c(c34)cccc4O)C2)C,0
mmp5491,CN(C1C(=O)C(C(NCN2CCCC2)=O)=C(O)C(O)(C13)C(=O)C(=C4O)C(C(O)(C)c(c45)cccc5O)C3)C,0
mmp5492,OC(C(C(=O)C=CC1=NNc2cc(C(O)=O)c(O)cc2)=C1)=O,0
mmp5493,OC1C(O)C2C(O)C(C(=O)O2)O1,0
mmp5494,CC(c1ncccc1)C(c(c2C3)cccc2)=C3CCN(C)C,0
mmp5495,OCCOC1C(O)C(O)C(CO)OC1O,0
mmp5496,C[N+](Cc1sccc1)(CCOc2ccccc2)C,0
mmp5497,CC(OC(C(CC(O)=O)(CC(O)=O)O)=O)C,0
mmp5498,CCOC(C(O)=O)Cc1ccc(OCCc2ccc(OS(C)(=O)=O)cc2)cc1,0
mmp5499,CC(C1C(C)(C2CC1)C(O)CC(C23)C(C)(C4CC3O)CCC(O)C4)CCC(O)=O,0
mmp5500,CN1C(C)(C)CCCC1(C)C,0
mmp5501,NC(N)=NCCN1CCCCCCC1,0
mmp5502,CCC(CCCCC(NC(C(NC(C(NC(C(NC1C(=O)NC(CCN)C(=O)NC(CC(C)C)C(=O)NC(CC(C)C)C(=O)NC(CCN)C(=O)NC(CCN)C(=O)NC(C(O)C)C(=O)NCC1)=O)CCN)=O)C(O)C)=O)CCN)=O)C,0
mmp5503,CCC(C(C(SCC1C(NC(C(NC(C(NC(C(NC2C(=O)NC(CCCN)C(=O)NC(C(CC)C)C(=O)NC(Cc3ccccc3)C(=O)NC(Cc4[nH]cnc4)C(=O)NC(CC(O)=O)C(=O)NC(CC(N)=O)C(=O)NCCCC2)=O)C(CC)C)=O)CCC(O)=O)=O)CC(C)C)=O)=N1)N)C,0
mmp5504,CCNC1C(OC2C(O)C(NC)C(O)(C)CO2)C(O)C(OC3C(N)CC=C(CN)O3)C(N)C1,0
mmp5505,COc1cc(c2cc1)C3(C4C(N(C)CC3)C2)CCCC4,0
mmp5506,CN1C(C=Cc2c(C)ccs2)=NCCC1,0
mmp5507,COc1ccc(CC(NCC(c2cc(NC=O)c(O)cc2)O)C)cc1,0
mmp5508,COc1c(OC)cc(S(N2c(c3C(c4c(Cl)cccc4)(O)C2C(N5C(C(N)=O)CCC5)=O)ccc(Cl)c3)(=O)=O)cc1,0
mmp5509,C1NC(c2cc(c3cc2)cccc3)=NC1,0
mmp5510,CC(CC(C(O)=O)NC(C(C(Cc1ccccc1)N)O)=O)C,0
mmp5511,CCC(CCCCC(NC(C(NC(C(NC(C(NC1C(=O)NC(CCN)C(=O)NC(Cc2ccccc2)C(=O)NC(CC(C)C)C(=O)NC(CCN)C(=O)NC(CCN)C(=O)NC(C(O)C)C(=O)NCC1)=O)CCN)=O)C(O)C)=O)CCN)=O)C,0
mmp5512,CON=C(c1nc(N)sc1)C(NC2C(=O)N(C23)C(C(O)=O)=C(CSC(N(C)N=C(O)C4=O)=N4)CS3)=O,0
mmp5513,CCC1C(COC2C(OC)C(OC)C(O)C(C)O2)C=C(C)C=CC(=O)C(C)CC(CC=O)C(OC3C(O)C(N(C)C)C(OC4OC(C)C(O)C(O)(C)C4)C(C)O3)C(C)C(O)CC(=O)O1,0
mmp5514,CC(C(C(NCCc1scc(c2scc(C(NCCCCN=C(N)N)=O)n2)n1)=O)NC(C(C(C(NC(C(C(c3[nH]cnc3)OC4C(OC5C(O)C(OC(N)=O)C(O)C(CO)O5)C(O)C(O)C(CO)O4)NC(c6c(C)c(N)nc(C(NCC(C(N)=O)N)CC(N)=O)n6)=O)=O)C)O)C)=O)O,0
mmp5515,OCC1C(O)C(O)C(O)C(OC2(C(O)C(O)C(O)O2)CO)O1,0
mmp5516,O=C(C1NC(=O)CC1)NC2C(c3ccccc3)C2,0
mmp5517,CCOC(C(NCCNC(C(OCC)=O)CS)CS)=O,0
mmp5518,Oc1nc(n2c1)Nc(c3C2)ccc(Cl)c3Cl,0
mmp5519,CON=C(c1nc(N)sc1)C(NC2C(=O)N(C23)C(C(O)=O)=C(CSc4snnc4)CS3)=O,0
mmp5520,CCN(CCOCC1C(O)C(O)C(OCCN(CC)CC)C(O)O1)CC,0
mmp5521,OC1C(CC(CN2C(=O)c(c3N=C2)cc(Cl)c(Br)c3)=O)NCCC1,0
mmp5522,CCCCCC(C1C(=O)OC(C)C(O)C=CC=CC=CC=CC=C(C)C(O)C(O)C(O)CC(O)CC(O)CC(O)CC(O)CC1O)O,0
mmp5523,CNC1C(O)(C)COC(OC2C(O)C(OC3C(N)CC=C(CN)O3)C(N)CC2N)C1O,0
mmp5524,CC(OP(OC1C(CO)OC(n2c(c3nc2)cc(C)c(C)c3)C1O)(O)=O)CNC(CCC4(C5=NC(C6(C)NC(C(CCC(N)=O)C6(CC(N)=O)C)=C(C)C7=NC(C(CCC(N)=O)C7(CC(N)=O)C)=CC8=NC(C(CCC(N)=O)C8(C)C)=C5C)C4CC(N)=O)C)=O,0
mmp5525,COc1c(OC)c(OC)cc(CC(C)C)c1,0
mmp5526,CC(C1(C)c(c2C3)cc(O)cc2)C3N(C)CC1,0
mmp5527,CCC(N(c1ccccc1)C2C(C)CN(CCc3ccccc3)CC2)=O,0
mmp5528,CCC(N(c1ccccc1)C2C(C)CN(CCc3ccccc3)CC2)=O,0
mmp5529,CCC(N(c1ccccc1)C2CCN(Cc3ccccc3)CC2)=O,0
mmp5530,CCc1c(OC)cc(CC(N)C)c(OC)c1,0
mmp5531,CCC(N(c1ccccc1)C2CCN(CC(c3ccccc3)O)CC2)=O,0
mmp5532,CCC(N(c1ccccc1)C2CCN(CCc3sccc3)CC2)=O,0
mmp5533,COc1c(C)cc(OC)c(CC(N)C)c1,0
mmp5534,COc1cc(CC(N)C)c(OC)cc1,0
mmp5535,CC(C1(C)c(c2C3)cc(O)cc2)C3N(C)CC1,0
mmp5536,CCN(CCc1c(c2[nH]c1)cccc2)CC,0
mmp5537,CN(CCc1c(c2[nH]c1)cccc2)C,0
mmp5538,COC1(C(=O)N(C12)C(C(O)=O)=C(CSc3n(C)nnn3)CS2)NC(CSCC(C(O)=O)N)=O,0
mmp5539,COC1C(OC2C(O)C(N(C)C)C(OC3OC(C)C(OC(CC(C)C)=O)C(O)(C)C3)C(C)O2)C(CC=O)CC(C)C(O)C=CC=CCC(C)OC(=O)CC1O,0
mmp5540,CCC(CC(CCNCC(CNCC(CC(CN)CC)C)O)C)CN,0
mmp5541,C[N+](C1CC2)(C2CC(OC(C(c3ccccc3)(c4ccccc4)O)=O)C1)CCF,0
mmp5542,COCC(c1ccc(C(F)(F)F)cc1)N2C(C)CN(C3(CCN(C(c4c(C)ncnc4C)=O)CC3)C)CC2,0
mmp5543,CC(NC(C(C(C(CO)O)O)O)C=O)=O,0
mmp5544,CC(OCC(C1(C(C)(C2CC1=C)CC(O)C(F)(C23)C(C)(C(=C4)CC3)C=CC4=O)O)=O)=O,0
mmp5545,CC(c1ccccc1)NN,0
mmp5546,Oc1c(O)cc(C2c(c3CNC2)ccc(O)c3O)cc1,0
mmp5547,CC(c1n(C2CC(N(CCC(c3ccccc3)NC(C4CCC(F)(F)CC4)=O)C5C2)CC5)c(C)nn1)C,0
mmp5548,CC(CC(C(NC(C(N1C(C(NCC(N)=O)=O)CCC1)=O)CCCN=C(N)N)=O)NC(CNC(C(NC(C(NC(C(NC(C(NC(C2NC(=O)CC2)=O)Cc3[nH]cnc3)=O)Cc4c(c5[nH]c4)cccc5)=O)CO)=O)Cc6ccc(O)cc6)=O)=O)C,0
mmp5549,CCN1C(=O)C(=O)N(C(NC(c2ccccc2)C(NC3C(=O)N(C34)C(C(O)=O)C(C)(C)S4)=O)=O)CC1,0
mmp5550,O=S(OCC1C(OS(O[Al])(=O)=O)C(OS(O[Al])(=O)=O)C(OS(O[Al])(=O)=O)C(OC2(C(OS(O[Al])(=O)=O)C(OS(O[Al])(=O)=O)C(COS(O[Al])(=O)=O)O2)COS(O[Al])(=O)=O)O1)(O[Al])=O,0
mmp5551,CC1C(C)C(O)C(C)C=CC=CCCC=CC=CC=CC=CC(OC2C(O)C(N)C(O)C(C)O2)CC(OC3(O)CC(O)C(O)CCC(O)CC(O)CC(O)CC(=O)O1)C(C(O)=O)C(O)C3,0
mmp5552,OC(C(O)=O)C(C(O)=O)O,0
mmp5553,CC1(C2C(C3C(C(C)(C4=CC3=O)CCC(C)(C45)CCC(C(O)=O)(C)C5)(C)CC2)(C)CCC1OC6C(OC7C(O)C(O)C(O)C(C(O)=O)O7)C(O)C(O)C(C(O)=O)O6)C,0
mmp5554,CN(CCC(c1ncccc1)c2ccc(Cl)cc2)C,0
mmp5555,NC(c1cc(Br)c(OCCCOc2c(Br)cc(C(N)=N)cc2)cc1)=N,0
mmp5556,Cc1ccc(C2(CCN(CCCC(c3ccc(F)cc3)=O)CC2)O)cc1,0
mmp5557,OS(OCC1C(OS(O)=O)C(OS(O)=O)C(OS(O)=O)C(OC2(C(OS(O)=O)C(OS(O)=O)C(COS(O)=O)O2)COS(O)=O)O1)=O,0
mmp5558,Nc1ccccc1,0
mmp5559,CC1(C(C(CC2=C)(CC23)CC4)CC3OC5C(OC6C(O)C(O)C(O)C(CO)O6)C(OC7C(O)C(O)C(O)C(CO)O7)C(O)C(CO)O5)C4C(C(OC8C(O)C(O)C(O)C(CO)O8)=O)(C)CCC1,0
mmp5560,CC1C=CC=C1,0
mmp5561,CCCC[P+](CCCC)(CCCC)CC,0
mmp5562,CCN1C(C)N(C)C=C1,0
mmp5563,CCCC[N+]1(CCCCC1)C,0
mmp5564,CCC[N+]1(CCCCC1)C,0
mmp5565,CCN(C(c1cc(OCC(Nc2ccncc2)C)cc(C)c1)=O)C(C)C,0
mmp5566,CCCCc1nc(c2cc1)C(c3c(CC(C(O)=O)C)cc(OC)cc3)C(C(O)=O)C2c4cc(c5cc4)OCO5,0
mmp5567,COCCOc1ncc(c2c1)n(CC(Nc3ncc(Cl)cc3)=O)c(C(NC4CCN(C(C)C)CC4)=O)c2,0
mmp5568,COC1C(NC2CC(C(N3Cc(c4CC3)cc(C(F)(F)F)cn4)=O)(C(C)C)CC2)CCOC1,0
mmp5569,CCOc1cc(C2(N3CCN(c4ccccc4)CC3)CCC(C)CC2)ccc1,0
mmp5570,Cc1c(N)ccc(C(c2ccc(Nc3ccc(S(O)(=O)=O)cc3)cc2)=C4C=CC(=Nc5c(S(O)(=O)=O)cc(S(O)(=O)=O)cc5)C=C4)c1,0
mmp5571,CCCCOC(OC(COC(CC)O)C)CC,0
mmp5572,CCOC(C=C(O)C)=O,0
mmp5573,CCC(C(O)=O)(CCC(C)C)C,0
mmp5574,CC(c1cc(c2cc1)c(S(O)(=O)=O)c(C(C)C)cc2C(C)C)C,0
mmp5575,CCCCCC(OC(CCCOc1c(Cl)cc(Cl)cc1)=O)CC,0
mmp5576,Cl[In](Cl)Cl,0
mmp5577,CCOC(C=C(O[Al](OC(CC)C)OC(CC)C)C)=O,0
mmp5578,CC1(C2C(C(C)(C)CCC2=O)(CC13)CC3)C,0
mmp5579,Nc1c2c(n(C3C(O)C(C4O3)OP(=O)(O)OC4)c(Br)n2)ncn1,0
mmp5580,Fc1ccc(C(c2ccc(F)cc2)OCCCc3nc[nH]c3)cc1,0
mmp5581,Oc1c(C=NNC(CN2CCN(Cc3ccccc3)CC2)=O)cccc1CC=C,0
mmp5582,CCN1c(c2NC1=O)cc(Cl)c(Cl)c2,0
mmp5583,CCCCCCCCCCC(C(Nc1c(OC)cc(OC)cc1OC)=O)(C)C,0
mmp5584,CCCCCCCCCCCCCCCC(OC(C[N+](C)(C)C)CC(=O)O)=O,0
mmp5585,O=C1c(c2OC(N3CCOCC3)=C1)cccc2c4ccccc4,0
mmp5586,COc1c(O)cc2c(C(C3CC2)CCC(C)(C34)C(O)CC4)c1,0
mmp5587,CCCCCCCCc1ccc(c2ccc(C(=O)O)cc2)cc1,0
mmp5588,Nc1c(Cl)nc(C(NC(Nc2ccccc2)=N)=O)c(N)n1,0
mmp5589,CCC1(C2=C(C(=O)N3C(c(c4C3)nc(c5c4)cccc5)=C2)COC1=O)O,0
mmp5590,CC(NCC(COc1c2c(NC(=O)N2)ccc1)O)(C)C,0
mmp5591,COC1(C(NCC2)=N2)Oc(c3OC1)cccc3,0
mmp5592,CC(NCCCCC(C(=O)O)N)=N,0
mmp5593,NC(C(=O)O)CCCNC(N[N+](=O)[O-])=N,0
mmp5594,NC(C(=O)O)CCCCCP(=O)(O)O,0
mmp5595,NC(C(=O)O)CCCP(=O)(O)O,0
mmp5596,NCCCCC(=O)O,0
mmp5597,NC1(C(=O)O)CC(C(=O)O)CC1,0
mmp5598,NC1(C(=O)O)CCCCC1,0
mmp5599,NC(C#C)CCC(=O)O,0
mmp5600,CCCCCC(CCCC(=O)O)O,0
mmp5601,NC1(C(=O)O)CC1,0
mmp5602,NC(C(=O)O)CC=C,0
mmp5603,NC(C(=O)O)CCONC(=N)N,0
mmp5604,CC(NCC(c1cc(Cl)ccc1)O)Cc2ccc3c(OC(C(=O)O)(C(=O)O)O3)c2,0
mmp5605,CN(CC(=O)O)CCC(c1ccccc1)Oc2ccc(C(F)(F)F)cc2,0
mmp5606,CCCCOc1cc(CC2NC(=O)NC2)ccc1OC,0
mmp5607,CN(C1CC2)C2CC(OC(c3c(N)cccc3)c4ccccc4)C1,0
mmp5608,CC(CC(C(NCCCCNC(=N)N)=O)NC(C1C(C(=O)O)O1)=O)C,0
mmp5609,CC(C1C(CC(=O)O)C(C(=O)O)NC1)C,0
mmp5610,CC(NC(C(SN=O)(C)C)C(=O)O)=O,0
mmp5611,OC(C1C(C(=O)O)NCCC1)=O,0
mmp5612,COc1ccc2c(c(c(c3CCN4C)C4C2)ccc3)c1O,0
mmp5613,CN1C2c(c3CC1)c(c4c(ccc(O)c4O)C2)cc(O)c3,0
mmp5614,[O-][N+](c1cc(c2cc1[N+](=O)[O-])NC(=O)C(=O)N2)=O,0
mmp5615,Oc1cc([N+](=O)[O-])cc([N+](=O)[O-])c1O,0
mmp5616,C(c1ccccc1)N2CCC3(c(c4CCC3)cccc4)CC2,0
mmp5617,Cc1cccc(C#Cc2ccccc2)n1,0
mmp5618,Cc1nc(C=Cc2ccccc2)ccc1,0
mmp5619,OS(Cc1c(c2on1)cccc2)(=O)=N,0
mmp5620,[O-][N+](c1cc(c2cc1C#N)nc(O[Na])c(O[Na])n2)=O,0
mmp5621,COc1ccc(CCn2c(C3(c4ccc(C)cc4)CC3)nnn2)cc1,0
mmp5622,CC(NCC(c1ccc(O)c(NCO)c1)O)Cc2ccc(C=O)cc2,0
mmp5623,CCCCCCCCCC[Si](CCC(NC(c1ccccc1)Cc2ccc(C)cc2)=O)(C)C,0
mmp5624,OC(C(CN(CCON=C(c1ccccc1)c2ccccc2)CC3)=C3)=O,0
mmp5625,Oc1c2c(c(O)ncc2)ccc1,0
mmp5626,O=C(c1ccc2c(OCCO2)c1)N3CCCCC3,0
mmp5627,CN(C(Cc1cc(Cl)c(Cl)cc1)=O)C(c2cccc(OCC(=O)O)c2)CN3CCCC3,0
mmp5628,CC1CCN(CCC2N(S(c3cc(O)ccc3)(=O)=O)CCC2)CC1,0
mmp5629,CC(C(=O)O)(Sc1ccc(CCN(C(NC2CCCCC2)=O)CCCCC3CCCCC3)cc1)C,0
mmp5630,Brc1ccc(C2N=C(N3C2)SCC3)cc1,0
mmp5631,OC(c1cc(O)c2c(cc(Cl)cc2Cl)n1)=O,0
mmp5632,CC1N(S(c2c(c3ccc2)ccnc3)(=O)=O)CCNC1,0
mmp5633,CNCCNS(c1c(c2ccc1)ccnc2)(=O)=O,0
mmp5634,CNc1cc(NS(c2ccc(N)cc2)(=O)=O)nc(NC)n1,0
mmp5635,Clc1ccc(C(NC2C(CCN3C2)CC3)=O)cc1,0
mmp5636,OC(CCC(C(=O)O)N1C(=O)c(c2C1=O)cccc2)=O,0
mmp5637,C1CCN(C2(c3sc4c(cccc4)c3)CCCCC2)CC1,0
mmp5638,C[N+](c1ccc(CC=C)cc1)(CCC(CC[N+](c2ccc(CC=C)cc2)(C)C)=O)C,0
mmp5639,CN1CCc(c2Cc3c(c(c4[nH]3)cccc4)CC1)cccc2,0
mmp5640,CCC(c1ccccc1)NC(c2c(c3nc(c4ccccc4)c2C)cccc3)=O,0
mmp5641,NS(c1c2c(c3c(nc(O)c(O)n3)cc2[N+](=O)[O-])ccc1)(=O)=O,0
mmp5642,CCC(N1CCN(C(c2ccccc2)=O)CC1)=O,0
mmp5643,Nc1nc(OCc2ccccc2)c3c([nH]cn3)n1,0
mmp5644,CCCCCCC(n1c2c(c(N)ncn2)nc1)C(O)C,0
mmp5645,Oc1ccc(Cn2c(S)ncc2)cc1,0
mmp5646,C[N+]1(CCN(c2ccccc2)CC1)C,0
mmp5647,C1NC(c2ccc(c3n2)cccc3)=NC1,0
mmp5648,Brc1cc(c2cc1)c(NCC=C)ncn2,0
mmp5649,COc1cccc(C(NCCN2CCN(c3ccc(Cl)cc3)CC2)=O)c1,0
mmp5650,CC[N+](CC(Nc1c(C)cccc1C)=O)(CC)CC,0
mmp5651,Cc1cc(C)n(c2nc(C)cc(NC3CCCCC3)n2)n1,0
mmp5652,O=C1N(C2=NO1)c3c(cccc3)N=C2,0
mmp5653,CC1C(=O)N(C)C(=O)c2c1nc[nH]2,0
mmp5654,CC(C(C(CNC1=C2C(=O)NC(N)=N1)=N2)=O)O,0
mmp5655,C(c1[nH]ccn1)N(c2ccccc2)Cc3ccccc3,0
mmp5656,Cc1c(C=NN2CCN(Cc3ccccc3)CC2)c(C)n(c4ccccc4)n1,0
mmp5657,Cc1cccc(c2[nH]c(C(C)(C)C)nc2c3cc(c4cc3)nccn4)n1,0
mmp5658,OC(c1ccccc1Nc2ccccc2)=O,0
mmp5659,Cn1c(c2nc1)nc(NCCO)nc2NCc3ccccc3,0
mmp5660,CCCN1C(=O)N(CCC)C(=O)c2c1nc(c3ccc(S(=O)(=O)O)cc3)[nH]2,0
mmp5661,Cn1c2c(N(C)C(=O)N(CC#C)C2=O)nc1,0
mmp5662,CC(CN1C(=O)N(C)C(=O)c2c1nc[nH]2)C,0
mmp5663,CN1C(=O)N(C)C(=O)c2c1nc(c3ccccc3)[nH]2,0
mmp5664,OCC1C(O)C(O)C(c2[nH]c3c(cc(Cl)c(Cl)c3)n2)O1,0
mmp5665,CN1C(=O)N(C)C(=O)c2c1nc(C3CCCC3)[nH]2,0
mmp5666,OS(c1cc(S(=O)(=O)O)c2c(c(S(=O)(=O)O)ccc2NC(c3cc(NC(Nc4cc(C(Nc5c6c(cc(S(=O)(=O)O)cc6S(=O)(=O)O)c(S(=O)(=O)O)cc5)=O)ccc4)=O)ccc3)=O)c1)(=O)=O,0
mmp5667,COc1ccccc1N2CCN(CCN(c3ccccn3)C(c4ccc(F)cc4)=O)CC2,0
mmp5668,Nc1c2c([nH]nc2Nc3ccc(F)cc3)ncn1,0
mmp5669,Brc1cc(c2cc1)N(C(=N3)CO2)C(=O)O3,0
mmp5670,CC(NNC(N1c2c(ccc(Cl)c2)Oc3c(cccc3)C1)=O)=O,0
mmp5671,COc1c(N2CCN(CCN(c3ncccc3)C(C4CCCCC4)=O)CC2)cccc1,0
mmp5672,COc1cc(c2cc1OC)nc(N3CCN(C)CCC3)nc2NC4CCN(Cc5ccccc5)CC4,0
mmp5673,COc1ccc2c(c(CC(=O)O)c(C)n2C(c3ccccc3)=O)c1,0
mmp5674,CCOC(C(Oc1cccc(c12)C(=O)N(CC(Nc3cc(c4cc3)OCCO4)=O)C=C2)C)=O,0
mmp5675,Cn1c(c2ccc(OCC(CNCCOc3ccc(O)c(C(=O)N)c3)O)cc2)nc(C(F)(F)F)c1,0
mmp5676,N#CSc1cc(c2cc1)cc(C(NCC3)=N3)o2,0
mmp5677,OC(C1NCC1)=O,0
mmp5678,OC(C1CCNCC1)=O,0
mmp5679,NC(C(=O)O)CS(=O)O,0
mmp5680,CCCCCCCCCCCCCCSCC(=O)O,0
mmp5681,C[N+](CCOC(CBr)=O)(C)C,0
mmp5682,COC1CC(N2CC3)(C3=CC1)C4=C(COC(=O)C4)CC2,0
mmp5683,CCCCCCC(OC1CC(C)(C)NC(C)(C)C1)=O,0
mmp5684,CN1C(CO)C(O)C(O)C(O)C1,0
mmp5685,OCC1C(O)C(O)C(O)CN1,0
mmp5686,Nc1c2c(n(C3C(O)C(O)C(CO)O3)cn2)nc(Cl)n1,0
mmp5687,OCC1C(O)C(O)C(n2c3c(c(NC4CCCC4)ncn3)nc2)O1,0
mmp5688,OCC1C(O)C(O)C(n2c3c(cncn3)nc2)O1,0
mmp5689,CNc1c2c(n(C3OC(COP(=O)(O)O)C(OP(=O)(O)O)C3)cn2)ncn1,0
mmp5690,Nc1c2c(n(C3OCCC3)cn2)ncn1,0
mmp5691,NC(NC(=O)c1c2n(C3C(O)C(C4O3)OP(=O)(O)OC4)c(Br)n1)=N2,0
mmp5692,C[N+](C1CC2)(C2CC(OC(c3c4c(cccc4)[nH]c3)=O)C1)C,0
mmp5693,CC(OC1c2c(cccc2)N(C(=O)N)c3c(cccc3)C1)=O,0
mmp5694,Cc1nc(N=Nc2ccc(S(=O)(=O)O)cc2S(=O)(=O)O)c(COP(=O)(O)O)c(C=O)c1O,0
mmp5695,CN1CCC(c2c(c3[nH]c2)cc(O)cc3)CC1,0
mmp5696,COc1c(O)cc2c(c(CCNC(=O)C)c[nH]2)c1,0
mmp5697,OC(Cc1c2c(ccc(O)c2)[nH]c1)=O,0
mmp5698,COc1ccc2c(c(CCN)c[nH]2)c1,0
mmp5699,CCN(c1c2c(n(C3C(O)C(O)C(COP(OP(C(P(=O)(O)O)(Br)Br)(=O)O)(=O)O)O3)cn2)ncn1)CC,0
mmp5700,CSc1nc(N)c2c(n(C3C(O)C(O)C(COP(OP(OP(=O)(O)O)(=O)O)(=O)O)O3)cn2)n1,0
mmp5701,Nc1c2c(n(C3C(O)C(C4O3)OP(=O)(O)OC4)c(Sc5ccc(Cl)cc5)n2)ncn1,0
mmp5702,Nc1c2c(n(C3C(O)C(O)C(COP(OP(OP(OP(OCC4C(O)C(O)C(n5c6c(c(N)ncn6)nc5)O4)(=O)O)(=O)O)(=O)O)(=O)O)O3)cn2)ncn1,0
mmp5703,NC(C(CC=CN1C2C(O)C(O)C(COP(OP(OCC3C(O)C(OP(=O)(O)O)C(n4c5c(c(N)ncn5)nc4)O3)(=O)O)(=O)O)O2)=C1)=O,0
mmp5704,NC(c1ccc[n+](C2C(O)C(O)C(COP(OP(OCC3C(O)C(OP(=O)(O)O)C(n4c5c(c(N)ncn5)nc4)O3)(=O)O)(=O)O)O2)c1)=S,0
mmp5705,Nc1ccc(CCNc2c3c(n(C4C(O)C(O)C(CO)O4)cn3)ncn2)cc1,0
mmp5706,CNC(C1C(O)C(O)C(n2c3c(c(NCc4ccc(N)cc4)ncn3)nc2)O1)=O,0
mmp5707,CCNC(C1C(O)C(O)C(n2c3c(c(N)nc(NCCc4ccc(CCC(=O)O)cc4)n3)nc2)O1)=O,0
mmp5708,CCNC(C1C(O)C(O)C(n2c3c(c(N)ncn3)nc2)O1)=O,0
mmp5709,CC(Nc1c2c(n(C3C(O)C(O)C(CO)O3)cn2)ncn1)Cc4ccccc4,0
mmp5710,NCCc1c2c(ccc(C(=O)N)c2)[nH]c1,0
mmp5711,CC(NC(C(OCc1cc(C(F)(F)F)cc(C(F)(F)F)c1)=O)Cc2c3c(cccc3)[nH]c2)=O,0
mmp5712,CC(C1C(O)=C(C(=O)N)C(=O)C(O)(C12)C(O)=C(C3C2)C(=O)c4c(c(N(C)C)ccc4O)C3)C,0
mmp5713,Oc1c(c(C(C(O)(C2C3)Cc4c5[nH]c6c4cccc6)(C57)CCN2CC8CC8)c3cc1)O7,0
mmp5714,COc1cc(N)c(Cl)cc1C(OCCN2CCCCC2)=O,0
mmp5715,CCN(CCOC(c1cc(Cl)c(N)cc1OC)=O)CC,0
mmp5716,CCCCCCCCC=CCCCCCCCC(NCCO)=O,0
mmp5717,C[N+](CC#CCN1C(=O)CCC1)(C)C,0
mmp5718,CCN1C(=O)C=CC1=O,0
mmp5719,NOCC(=O)O,0
mmp5720,CC(C(=NO)C)=O,0
mmp5721,CC(NBr)=O,0
mmp5722,NC(C(=O)O)=O,0
mmp5723,CCN(CCCCCCCCOC(c1cc(OC)c(OC)c(OC)c1)=O)CC,0
mmp5724,O=Nc1cc(c2cc1)C=CC(=O)O2,0
mmp5725,COc1cccc(C(Oc(c2C3=O)cccc2)=C3)c1N,0
mmp5726,COCC1C2(C)c(c3C(=O)O1)c(C(=O)C4=C2C(OC(=O)C)CC(C)(C45)C(=O)CC5)oc3,0
mmp5727,COC(C(C1C(C(CO)=CC1)C(O)O2)=C2)=O,0
mmp5728,CC1(C(C2(CC3(OC4C(OC5C(O)C(O)C(O)C(CO)O5)C(O)C(O)C(CO)O4)C(=C)C2)CC6)CC3)C6C(C(OC7C(O)C(O)C(O)C(CO)O7)=O)(C)CCC1,0
mmp5729,CC(C(C1C(=O)O2)C2C(C(C)(C3(C4C5)O4)C15O)OC3=O)(O)C,0
mmp5730,CC1(C(=O)O)C(C(=O)O)(C)C(OC12)CC2,0
mmp5731,OCC1C(O)C(O)C(Cl)C(O)O1,0
mmp5732,NCCC1NC(CCN)CCC1,0
mmp5733,NCCCCNCCCN,0
mmp5734,SC(N1CCCC1)=S,0
mmp5735,CC(SCC[N+](C)(C)C)=O,0
mmp5736,NCCCS(=O)(=O)O,0
mmp5737,C[N+](CC=O)(C)C,0
mmp5738,NCCSSCCN,0
mmp5739,CCSC(=N)N,0
mmp5740,[Li]Cl,0
mmp5741,CSC(=N)N,0
mmp5742,NCCCCN,0
mmp5743,CCCCC1(C2CCCC2)C(=O)c(c3C1)c(Cl)c(Cl)c(OCC(=O)O)c3,0
mmp5744,CC1(C(C(CO)=O)CC2)C2C3C(C(C)(C4CC3)CCC(O)C4)CC1,0
mmp5745,COc1ccc(C=C(C#N)C#N)cc1,0
mmp5746,NC(=C(c1cc(O)c(O)c(O)c1)C#N)C=C(C#N)C#N,0
mmp5747,CC(NP(OP(NC(C)C)(NC(C)C)=O)(NC(C)C)=O)C,0
mmp5748,OC(C1Cc2c(cccc2)C1)C=CC3C(CC=CCCCC(=O)O)C(O)CC3F,0
mmp5749,CC(C1C(C)(C2CC1)CCC(C23)C(C)(C4=CC3)CCC(OS(=O)(=O)O)C4)=O,0
mmp5750,COc1c(O)ccc(C(CO)O)c1,0
mmp5751,CC1SC(N)=NCC1,0
mmp5752,NC(c1cc(O)cc(O)c1)C(=O)O,0
mmp5753,CC(C1CC=C(C(=O)O)CC1)=C,0
mmp5754,CCCCCCCCCCCC=CC(C=CCCCC(=O)O)(C)C,0
mmp5755,CCCCCCCC=CCCCCCCCCC(=O)O,0
mmp5756,NC(c1onc(O)c1)C(=O)O,0
mmp5757,CC(=CC1(C(O)=C(C)C(=O)S1)C)C=C,0
mmp5758,CN1CC(C(OCC#C)=O)=CCC1,0
mmp5759,OC(C1NCCN(CCCP(=O)(O)O)C1)=O,0
mmp5760,OC(C(CCNC1)=C1)=O,0
mmp5761,CP(C(CCNC1)=C1)(=O)O,0
mmp5762,NCC(c1cc(O)c(O)cc1F)O,0
mmp5763,OC(Cc1nc[nH]c1)=O,0
mmp5764,NC(SCCc1nc[nH]c1)=N,0
mmp5765,COC(C(Cc1ccc(O)cc1)(N)C)=O,0
mmp5766,NC1C=CC=C(C(=O)O)C1,0
mmp5767,NC(C(=O)O)Cc1cccc(c2c(CP(=O)(O)O)cccc2)c1,0
mmp5768,CC(C1CCC(C(Nc2ccncc2)=O)CC1)N,0
mmp5769,CNCCc1cc(O)c(O)cc1,0
mmp5770,CCCN(CCc1cc(O)c(O)cc1)CCC,0
mmp5771,CC(C(c1ccc(O)cc1)O)CN2CCC(Cc3ccccc3)CC2,0
mmp5772,OC(CNC(C(Cc1ccccc1)CS)=O)=O,0
mmp5773,CC(NCC#C)Cc1ccccc1,0
mmp5774,NCCc1ccc(S(=O)(=O)F)cc1,0
mmp5775,CC(c1cccc(Cl)c1Cl)N,0
mmp5776,NC(c1cccc(N)c1)=O,0
mmp5777,NC(NN=Cc1c(Cl)cccc1Cl)=N,0
mmp5778,CCCN(C1Cc(c2CC1)cc(O)cc2)CCC,0
mmp5779,CCCN(C1Cc2c(cccc2O)CC1)CCC,0
mmp5780,CCCN(C1Cc(c2CC1)c(O)ccc2F)CCC,0
mmp5781,C[N+](CC#CCOC(Nc1cc(Cl)ccc1)=O)(C)C,0
mmp5782,NC(NC(Nc1cccc(Cl)c1)=N)=N,0
mmp5783,Clc1c(N=C2NCCN2)c(Cl)cc(I)c1,0
mmp5784,NC(NC(Nc1ccccc1)=N)=N,0
mmp5785,CN1CC(c2ccccc2)c3c(cc(Cl)c(O)c3)CC1,0
mmp5786,CN1CC(c2cc(C)ccc2)c(c3CC1)cc(O)c(O)c3Cl,0
mmp5787,Oc1c(O)cc2c(CCN(CC=C)CC2c3ccccc3)c1,0
mmp5788,OC1C(N2CCC(c3ccccc3)CC2)CCCC1,0
mmp5789,Cc1c(C=CC(NCC2)=N2)cccc1,0
mmp5790,OC(CC(=O)O)CC(C=Cc1c(c2ccc(F)cc2)c(c3nc1C4CC4)cccc3)O,0
mmp5791,C[N+](CCCCCC[N+](C)(C)C)(C)C,0
mmp5792,CC[N+](Cc1ccccc1)(CC)CC,0
mmp5793,CCC(N(c1ccc(Cl)cc1)N=CC2=O)=C2C(=O)O,0
mmp5794,OP(CN(CP(=O)(O)O)CP(=O)(O)O)(=O)O,0
mmp5795,OS(c1c2c(c3c(S(=O)(=O)O)c1)c(c4cc3)c(cc2)c(S(=O)(=O)O)cc4S(=O)(=O)O)(=O)=O,0
mmp5796,COc1ccc([N+](=O)[O-])cc1O,0
mmp5797,CCc1c(N(C(CS(=O)(=O)O)=O)COC)c(CC)ccc1,0
mmp5798,OS(=O)O,0
mmp5799,COCc1c(c2ccc(F)cc2)c(C=CC(CC(CC(=O)O)O)O)c(C(C)C)nc1C(C)C,0
mmp5800,CCc1c(NC(C(=O)O)=O)c(CC)ccc1,0
mmp5801,Nc1ccc(S(Nc2sccn2)(=O)=O)cc1,0
mmp5802,Nc1ccc(c2c1S(=O)(=O)O)c(S(=O)(=O)O)ccc2,0
mmp5803,CCN(c1ccc(N=Nc2ccc([N+](=O)[O-])cc2)cc1)CCC#N,0
mmp5804,C1NCCOC1,0
mmp5805,BrC#N,0
mmp5806,BrCC(COC(C=C)=O)Br,0
mmp5807,CCc1c(Br)c(Br)c(Br)c(Br)c1Br,0
mmp5808,Brc1cc(Br)cc(Br)c1,0
mmp5809,Brc1ccccn1,0
mmp5810,Brc1c(Br)c(Br)c(Oc2c(Br)c(Br)c(Br)c(Br)c2Br)c(Br)c1Br,0
mmp5811,BrCC(c1ccccc1)Br,0
mmp5812,CCCCCCCCCCBr,0
mmp5813,CCCC(C#C)O,0
mmp5814,CC(=CCCC(=CCCC(C=C)=C)C)C,0
mmp5815,CC(CCC=C(C)C)O,0
mmp5816,CC(=NNC(=S)N)C,0
mmp5817,C[As+](CC(=O)O)(C)C,0
mmp5818,COCC(N(c1c(C)cccc1C)C(C(OC)=O)C)=O,0
mmp5819,CCOC(C(O)C)=O,0
mmp5820,CC(=N[Si](C)(C)C)O[Si](C)(C)C,0
mmp5821,CCO[Si](OCC)(C)C,0
mmp5822,C[SiH](O[SiH](C)C)C,0
mmp5823,CC(CC(=[O+][Al]([O+]=C(CC(=O)C)C)[O+]=C(CC(=O)C)C)C)=O,0
mmp5824,CC(CC(=[O+][Cr]([O+]=C(CC(=O)C)C)[O+]=C(CC(=O)C)C)C)=O,0
mmp5825,CC(CC(=[O+][Fe]([O+]=C(CC(=O)C)C)[O+]=C(CC(=O)C)C)C)=O,0
mmp5826,CC(CC=O)CCC=C(C)C,0
mmp5827,CCC(OCC=C(CCC=C(C)C)C)=O,0
mmp5828,CC(CCC=C(C)C)CCOC(C(C)C)=O,0
mmp5829,CC=CCC=CCC=CCC=C,0
mmp5830,CCCCC(=C)C,0
mmp5831,CC(CCO)=C,0
mmp5832,C[Si](C=C)(Cl)C,0
mmp5833,CC1(O2)C2CCC(=C)C3C(C(C)(C)C3)CC1,0
mmp5834,CC(C1(C)CC2)(C2CC1OC(C=C)=O)C,0
mmp5835,C=CC(OCCOC(C1CC2)C2C(C13)CC=C3)=O,0
mmp5836,CC(C=C)(O)C,0
mmp5837,CC(C#N)C=C,0
mmp5838,CCCCCC=CC=CC=C,0
mmp5839,C=Cc1ccncc1,0
mmp5840,CCCCOC=C,0
mmp5841,ClCCOC=C,0
mmp5842,C1CC=CC1,0
mmp5843,C1Cc(c2C1)cccc2,0
mmp5844,[nH]1cccc1,0
mmp5845,C1CSCC1,0
mmp5846,CC1CC(O)C(C(=C)C)CC1,0
mmp5847,CCC=C(C=O)C,0
mmp5848,CC(CC(=O)N)=O,0
mmp5849,CCCC(CCC(=O)C)C,0
mmp5850,CCCCCCCCC(=O)C,0
mmp5851,CC(OC1C(C(C)(C)C2C1)(C)CC2)=O,0
mmp5852,CC(OCC=C(CCC=C(CCC=C(C)C)C)C)=O,0
mmp5853,CC(C(C(=O)C=C(C(C)(C)C)C1=O)=C1)(C)C,0
mmp5854,CSC(NC(=O)C(C(C)(C)C)=N1)=N1,0
mmp5855,CCC(c1cc(C(C)(C)C)cc(n2nc(c3n2)cccc3)c1O)C,0
mmp5856,Cc1cc(C)c(O)c(C(C)(C)C)c1,0
mmp5857,CC(c1c(O)c(C(C)(C)C)cc(CCC(OCCSCCOC(CCc2cc(C(C)(C)C)c(O)c(C(C)(C)C)c2)=O)=O)c1)(C)C,0
mmp5858,CC(CC(CC(C)(C)C)(C)C)CC(C)(C)C,0
mmp5859,CCCC(C(OCC)=O)NC(C(N1C(C(=O)O)CC(C12)CCCC2)=O)C,0
mmp5860,CCC(OOC(C)(C)C)(OOC(C)(C)C)C,0
mmp5861,CC(COCC1OC1)(COCC2OC2)C,0
mmp5862,CC(C(C(C)C)=O)C,0
mmp5863,CC(C(OCc1ccccc1)=O)C,0
mmp5864,CC(C(=O)Cl)C,0
mmp5865,CC(c1ccccc1N)C,0
mmp5866,CC(CBr)C,0
mmp5867,CC(CCOCCC(C)C)C,0
mmp5868,CC=CC(OCC(C)C)=O,0
mmp5869,COCCc1ccc(OCC(CNC(C)C)O)cc1,0
mmp5870,CC(OP(OC(C)C)OC(C)C)C,0
mmp5871,CC(c1ccccc1)C=O,0
mmp5872,CCC(C(OC)=O)C,0
mmp5873,CCC(CC(CC)=O)C,0
mmp5874,CCCC(C=O)C,0
mmp5875,CCOC(CC(O)C)=O,0
mmp5876,CCSC(CC1CC(O)=C(C(=NOCC=CCl)CC)C(=O)C1)C,0
mmp5877,CC=CC(C(C(C)(C)CC=C1)=C1C)=O,0
mmp5878,CC=CC(C(C(C)(C)CCC1)=C1C)=C,0
mmp5879,CC=CCO,0
mmp5880,CC1(C(=O)N(CO)C(=O)N1CO)C,0
mmp5881,CC1(NCOC1)C,0
mmp5882,CCC1(C(=O)N(Cl)C(=O)N1Cl)C,0
mmp5883,CC(CCC(C(O)(C)C)C1)=C1,0
mmp5884,CC(OC(=O)C1)=C1,0
mmp5885,CC(C(=O)NC(=O)N1)=C1,0
mmp5886,Cc1cc(C)c(C=O)c(C)c1,0
mmp5887,CC1CC(C=C(C)C)OCC1,0
mmp5888,CN(c1cccc(C)c1)C,0
mmp5889,Cc1ccc2c(nn[nH]2)c1,0
mmp5890,Cc1ccc(C=O)cc1,0
mmp5891,Cc1ccc(C(=O)Cl)cc1,0
mmp5892,CC1CCC(C(O)(C)C)CC1,0
mmp5893,COc1cc(C(C)C)ccc1C,0
mmp5894,Cc1ccc(CCl)cc1,0
mmp5895,Cc1ccc2c(nc(c3n2)SC(=O)S3)c1,0
mmp5896,Cc1c(C)c(C)ccc1,0
mmp5897,Cc1nc(C)ccc1,0
mmp5898,Cc1cccc(C=C)c1,0
mmp5899,CC1CCCCC1,0
mmp5900,CCc1ccccc1C,0
mmp5901,Cc1cncc(C)c1,0
mmp5902,CC1OC(C)CNC1,0
mmp5903,Cc1cnccn1,0
mmp5904,COCC(N(c1c(C)csc1C)C(CCl)=O)C,0
mmp5905,CC(C1(C)CC2)(C2CC1=O)C,0
mmp5906,Cc1ccc2c(c3c(cccc3C)s2)c1,0
mmp5907,CCC(=O)O,0
mmp5908,CCC(OCC=Cc1ccccc1)=O,0
mmp5909,CCC(c1ccccc1)C,0
mmp5910,CCC(CO)O,0
mmp5911,CCc1c(N)cc(C)c(CC)c1N,0
mmp5912,CCc1cccc(CC)c1,0
mmp5913,CCC1CCCCC1,0
mmp5914,CCc1cnc(C)cc1,0
mmp5915,CCCC(C(CO)O)O,0
mmp5916,CCCCCCCC(=O)C,0
mmp5917,CCCCCCCCc1ccc(Nc2ccc(CCCCCCCC)cc2)cc1,0
mmp5918,CCCCCCCCCCc1ccccc1,0
mmp5919,CCCCCCCCCCCCCc1ccccc1,0
mmp5920,CCCCCCCCCCCCCCCCCO,0
mmp5921,CCCCCCS,0
mmp5922,CCCCN(C)C,0
mmp5923,CCCCOP(OCCCC)(CCCC)=O,0
mmp5924,CCCCOP(OCCCC)OCCCC,0
mmp5925,CCN(C(=O)Cl)CC,0
mmp5926,CCN(c1cc(C)ccc1)CC,0
mmp5927,CCN(c1ccc(C=O)cc1)CC,0
mmp5928,CCOB(OCC)OCC,0
mmp5929,CCOC(C=C(CCC=C(C)C)C)OCC,0
mmp5930,CCOC(OC(OCC)=O)=O,0
mmp5931,CCCCOCC,0
mmp5932,CCOCOCC,0
mmp5933,CCOP(SCCSCC)(OCC)=O,0
mmp5934,CCOP(SCS(CC)(=O)=O)(OCC)=S,0
mmp5935,CC(CN(C)C)Cl,0
mmp5936,CN(CCCl)C,0
mmp5937,ClCCN1CCOCC1,0
mmp5938,ClCCNCCCl,0
mmp5939,CCOC(CN)=O,0
mmp5940,CC1(C(C(OCc2cccc(Oc3ccccc3)c2)=O)C1C=C(Cl)Cl)C,0
mmp5941,ClCC=CCl,0
mmp5942,CCCCCCCCCCCC(=O)Cl,0
mmp5943,ClC(OCCOC(=O)Cl)=O,0
mmp5944,ClC(S(C(Cl)(Cl)Cl)(=O)=O)(Cl)Cl,0
mmp5945,ClC(C(=O)C(C#C)=C(C#C)C1=O)=C1Cl,0
mmp5946,CC(C(=O)O)Oc1c(C)cc(Cl)cc1,0
mmp5947,CC(C(=O)O)Oc1ccc(Cl)cc1Cl,0
mmp5948,OC(COc1ccc(Cl)cc1Cl)=O,0
mmp5949,Clc1cc(c2cc1)nccc2Cl,0
mmp5950,Clc1ccc(CC#N)cc1,0
mmp5951,Clc1ccc(c2ccccc2)cc1,0
mmp5952,Clc1nc(Cl)ccc1,0
mmp5953,Clc1cccnc1,0
mmp5954,Clc1sc2c(cccc2)n1,0
mmp5955,ClC1C(Cl)C2C(C(C(Cl)(Cl)C23Cl)(Cl)C(Cl)=C3Cl)C1,0
mmp5956,ClC1C(Cl)C2C(C(C(Cl)(Cl)C23Cl)(Cl)C(Cl)=C3Cl)C1,0
mmp5957,Clc1c(Cl)cc(c2c(Cl)c(Cl)cc(Cl)c2Cl)c(Cl)c1,0
mmp5958,Clc1ccc(Oc2ccccc2)cc1,0
mmp5959,FC(c1cnc(CNC(c2c(Cl)cccc2Cl)=O)c(Cl)c1)(F)F,0
mmp5960,NC(CCl)=O,0
mmp5961,ClCc1ccccc1CCl,0
mmp5962,OCCCCl,0
mmp5963,CCCCCCCCCCCCS(=O)(=O)Cl,0
mmp5964,CN(C(C=C)=O)C,0
mmp5965,CN(CCN1CCOCC1)C,0
mmp5966,Cn1cccc1,0
mmp5967,CN1CCN(C)CC1,0
mmp5968,Cn1cncc1,0
mmp5969,CN1CN(C)CN(C)C1,0
mmp5970,CO[Si](OC)(OC)CCC1CC(C2CC1)O2,0
mmp5971,CO[Si](OC)(OC)CCCNCCNCCN,0
mmp5972,CCCCCCCC(OC)OC,0
mmp5973,COc1ccc(C=CC)cc1OC,0
mmp5974,COc1ccc(C#N)cc1,0
mmp5975,COc1ccc(OC)c(C=O)c1,0
mmp5976,COc1c(O)c(OC)ccc1,0
mmp5977,COc1ccccc1C=O,0
mmp5978,COc1nccnc1CC(C)C,0
mmp5979,COS(c1ccc(C)cc1)(=O)=O,0
mmp5980,CS(=O)(=O)C,0
mmp5981,OC(C(C(=O)c1c(cc(N2CCNCC2)c(F)c1)N3c4ccc(F)cc4)=C3)=O,0
mmp5982,N#CC=Cc1ccccc1,0
mmp5983,CC(C#N)O,0
mmp5984,Oc1ccc(C#N)cc1,0
mmp5985,Clc1ccccc1C#N,0
mmp5986,Nc1ccccc1C#N,0
mmp5987,OCCC#N,0
mmp5988,N#CCCOCCC#N,0
mmp5989,NC(C1OC1)=O,0
mmp5990,NC(OCC=C)=O,0
mmp5991,NCc1occc1,0
mmp5992,COP(OC)(=S)N,0
mmp5993,Cl[Dy](Cl)Cl,0
mmp5994,Cl[Eu](Cl)Cl,0
mmp5995,Cl[Sc](Cl)Cl,0
mmp5996,OCC(C(C(C=O)O)O)O,0
mmp5997,CC1(C(O)CC(C23)C(C)(C4CC2)CCC(O)C4)C3(O)CCC1C(COC5=O)=C5,0
mmp5998,CCOC(C(C(C(OCC)=O)O)O)=O,0
mmp5999,[O-][N+](c1cc(Cl)ccc1Cl)=O,0
mmp6000,COC(c1ccc([N+](=O)[O-])cc1)=O,0
mmp6001,OCc1ccc([N+](=O)[O-])cc1,0
mmp6002,ClC(C(c1ccccc1)=O)Cl,0
mmp6003,CCOC(C(c1ccccc1)=O)OCC,0
mmp6004,CC(c1ccc(c2ccccc2)cc1)=O,0
mmp6005,CC(c1ccccc1N)=O,0
mmp6006,CC(OC1CCCCC1)=O,0
mmp6007,CCN(CCOC(C=C)=O)CC,0
mmp6008,COC(C=Cc1ccccc1)=O,0
mmp6009,Clc1ccc(C(c2ccccc2)=O)cc1,0
mmp6010,CCCC(OC(OC(CCC)=O)OC(CCC)=O)=O,0
mmp6011,CCCCCCCC(OCC)=O,0
mmp6012,CCC=CCC=CCC=CCCCCCCCC(OC)=O,0
mmp6013,CN(N=O)CCCC(c1cccnc1)=O,0
mmp6014,ClC(c1ccc(Cl)cc1)=O,0
mmp6015,ClC(c1ccc(Cl)cc1Cl)=O,0
mmp6016,ClC(Oc1ccccc1)=O,0
mmp6017,NC(c1ccccc1Cl)=O,0
mmp6018,NC(c1cnc(N)cc1)=O,0
mmp6019,CCOC(c1ccccc1S(NC(Nc2nc(OC)cc(Cl)n2)=O)(=O)=O)=O,0
mmp6020,COc1nc(NC(NS(Nc2ccccc2C(N(C)C)=O)(=O)=O)=O)nc(OC)c1,0
mmp6021,CCc1cccc(C)c1N(C(C(=O)O)=O)C(COC)C,0
mmp6022,CC(c1ccc2c(C(C)(C)CCC2(C)C)c1)=Cc3ccc(C(=O)O)cc3,0
mmp6023,OC(CN(CC(=O)O)CCCN(CC(=O)O)CC(=O)O)=O,0
mmp6024,CCOc1n(c2cc(F)n1)nc(S(Nc3c(Cl)cccc3C(OC)=O)(=O)=O)n2,0
mmp6025,COCCC(OC)=O,0
mmp6026,CCOC=C(C(OCC)=O)C(OCC)=O,0
mmp6027,CCOC(C(CC(C(OCC)=O)(C)N1c2ccc(Cl)cc2Cl)=N1)=O,0
mmp6028,CCCCCCCOC(c1ccccc1C(OCCCCCCC)=O)=O,0
mmp6029,O=C=NCc1cccc(CN=C=O)c1,0
mmp6030,CC(NC(=O)NC1=O)=C1,0
mmp6031,O=C1C=CC=CN1,0
mmp6032,CN1C(=O)C=CS1,0
mmp6033,Cn1c2c(NC(=O)N(C)C2=O)nc1,0
mmp6034,O=C1Cc2c(cccc2)C1,0
mmp6035,O=C1NC(=O)CC1,0
mmp6036,CC(C(C(=O)N(N)C(=O)N1)=N1)(C)C,0
mmp6037,O=C1c2c(cccc2)CO1,0
mmp6038,O=C1c2c(c(c3cc2)c4C(=O)OC3=O)c(cc4)C(=O)O1,0
mmp6039,CC(C=O)=O,0
mmp6040,O=CC1CC1,0
mmp6041,CCN(c1ccc(C=O)c(O)c1)CC,0
mmp6042,COP(OC)(CCC(NCO)=O)=O,0
mmp6043,CC(CCP1(c2ccccc2)=O)=C1,0
mmp6044,CCOP(SCCS(CC)(=O)=O)(OCC)=S,0
mmp6045,CCS(c1cccnc1S(NC(Nc2nc(OC)cc(OC)n2)=O)(=O)=O)(=O)=O,0
mmp6046,CCc1cccc(C)c1N(C(CS(=O)(=O)O)=O)C(COC)C,0
mmp6047,CCOCN(c1c(C)cccc1CC)C(CS(=O)(=O)O)=O,0
mmp6048,CN(N=O)CCCC(c1cccnc1)O,0
mmp6049,Cc1ccc(C2OC(C3CO2)C(C(CO)O)OC(c4ccc(C)cc4)O3)cc1,0
mmp6050,OC(C(=O)NC=C1)=C1,0
mmp6051,CCCCCCCCSCc1cc(C)c(O)c(CSCCCCCCCC)c1,0
mmp6052,COc1cc(C=C)ccc1O,0
mmp6053,COc1cc(O)ccc1,0
mmp6054,Oc1ccccc1Br,0
mmp6055,Oc1ccncc1,0
mmp6056,Cc1ncc(O)cc1,0
mmp6057,OCCC(CO)O,0
mmp6058,OCCCc1cccnc1,0
mmp6059,OCCCS,0
mmp6060,OCCN1CN(CCO)CN(CCO)C1,0
mmp6061,SCc1occc1,0
mmp6062,COc1cc2c([nH]c3c2CCNC3)cc1,0
mmp6063,CCCCCC(C(NC(C(N1C(CO)CCC1)=O)C(C)C)=O)CC(NO)=O,0
mmp6064,CN1c(nc[nH]2)c2C(=O)N(C)C1=O,0
mmp6065,CN(c1nc(N)c(C(N=C(N)N)=O)nc1Cl)C,0
mmp6066,[Na]OS(CCNC(CCC(C1C2(C(C3C(C(CCC(O)C4)(C)C4CC3O)CC2O)CC1)C)C)=O)(=O)=O,0
mmp6067,OC(C(CCC(NC(CSCC(c1ccc(N=[N+]=[N-])cc1)=O)C(NCC(=O)O)=O)=O)N)=O,0
mmp6068,OC(C1CNCCC1)=O,0
mmp6069,CC(NCCc1c2c(ccc(O)c2)[nH]c1)=O,0
mmp6070,n1c(cccc2)c2n(N)n1,0
mmp6071,CCS(Nc1cccc(C(=C2CCCCC2)c3[nH]cnc3)c1)(=O)=O,0
mmp6072,NCCCCNC(=N)N,0
mmp6073,NCCc1c2c(cccc2)[nH]c1,0
mmp6074,OC(C(CCP(O)(=O)O)N)=O,0
mmp6075,OC(C(CP(O)(=O)O)N)=O,0
mmp6076,COc1ccc(CNC(C=Cc2cc3c([nH]cc3CCN(C)C)cc2)=O)cc1,0
mmp6077,NC(c1ccc(N)cc1)=N,0
mmp6078,OC(c1[nH]c2c(cc(F)cc2)c1)=O,0
mmp6079,NCCSC(=N)N,0
mmp6080,OS(CC(c1ccc(Cl)cc1)(CN)O)(=O)=O,0
mmp6081,NCCCP(O)(=O)O,0
mmp6082,NCC1C(O)C(O)C(n2c3c(c(N)ncn3)nc2)O1,0
mmp6083,C=CCN1C(c2c(nc(c3ccc(S(=O)(=O)O)cc3)n2C)N(C)C1=O)=O,0
mmp6084,OC(C(CCCC(=O)O)N)=O,0
mmp6085,OC(C(Cc1c(OCP(O)(=O)O)noc1C(C)(C)C)N)=O,0
mmp6086,Nc1c(ncn2C3C(O)C(O)C(COP(OP(=O)(O)O)(=O)O)O3)c2nc(SC)n1,0
mmp6087,c1c(C(c2cc(O)c(O)cc2)CN(C)C3)c3sc1,0
mmp6088,CC(NCCc1c2c(cccc2)[nH]c1)=O,0
mmp6089,c1c(c2c(Cl)nc1)c(cccc3)c3cc2,0
mmp6090,C1c(cc(C(=O)O)cc2)c2C(C(=O)O)(N)C1,0
mmp6091,CCCCC#Cc1nc(c2c(n(C3C(O)C(O)C(CO)O3)cn2)n1)NC,0
mmp6092,Oc1c(CC(C2(CC(CC3C2)CC4C3)C4)OC5CN)c5ccc1O,0
mmp6093,NC1C(=O)N(O)CC1,0
mmp6094,CN1c(nc(c2ccc(S(=O)(=O)O)cc2)[nH]3)c3C(=O)N(C)C1=O,0
mmp6095,CC(c1onc(O)c1CC(C(=O)O)N)(C)C,0
mmp6096,O=C1C(C(=C(C=CC(=CC=CC(=CC=CC=C(C=CC=C(C=CC2=C(C(C(CC2(C)C)=O)O)C)C)C)C)C)C(C)(C)C1)C)O,0
mmp6097,CN1C(c2onc(C)c2)CCC1,0
mmp6098,Nc1cc(Cl)c(N2C(c3c(cccc3)C2=O)=O)cc1,0
mmp6099,C1C(CC(O)C2)(O)C2C=CCCCC(C)OC(=O)C=C1,0
mmp6100,O1c2c(c(C(=O)OC3C4c(cc5c(OCO5)c6)c6CC[N+]4(C)C)c3cc2)OC1,0
mmp6101,COc1c(cc2c(c(CCNC(C)=O)c[nH]2)c1)Cl,0
mmp6102,c1c(c(CC(NCC2)=N2)c(C)s3)c3ccc1,0
mmp6103,c1c(C(CNC(Cc2ccc(OCC(O[Na])=O)cc2)C)O)cc(Cl)cc1,0
mmp6104,NC(c1c([N+](=O)[O-])cc([N+](=O)[O-])c(N2CC2)c1)=O,0
mmp6105,NC(N(C(C=Cc1cc(Oc2ccc(F)cc2)ccc1)C)O)=O,0
mmp6106,COc1c(N2CCN(CCN3C(CC4(CCCC4)CC3=O)=O)CC2)cccc1,0
mmp6107,Cc1cc(Cn2c3c(CN(C(C(c4ccccc4)c5ccccc5)=O)C(C(=O)O)C3)nc2)ccc1N,0
mmp6108,c1c(CNC(=NC(c2c(N)nc(N)c(Cl)n2)=O)N)cccc1,0
mmp6109,OC(C(CCS(CCCC)(=N)=O)N)=O,0
mmp6110,CCCCS(CCC(C(=O)O)N)(=N)=O,0
mmp6111,CN(S(c1cc([N+](=O)[O-])ccc1C)(=O)=O)C,0
mmp6112,COc1ccc2c(c(CC(=O)O)c(C)n2Cc3ccc(Cl)cc3)c1,0
mmp6113,CCC(Nc1nc(NCc2ccccc2)c3c(n(C(C)C)cn3)n1)CO,0
mmp6114,OCC1C(O)C(O)C(n2c3c(c(NC4C(O)CCC4)ncn3)nc2)O1,0
mmp6115,Nc1c(ncn2C3CCCC3)c2ncn1,0
mmp6116,CC(OCC1=C(N2C(C(NC(CCCC(C(=O)O)N)=O)C2=O)SC1)C(=O)O)=O,0
mmp6117,c1c(c(C(OCC2CCN(CCNS(C)(=O)=O)CC2)=O)cn3C)c3ccc1,0
mmp6118,OC(C(NC(C(=O)O)=CC1=O)=C1)=O,0
mmp6119,COC(C(Cc1ccc(Cl)cc1)N)=O,0
mmp6120,c1c(C=CC(=O)O2)c2c(O)c(O)c1,0
mmp6121,OCC1C(O)C(O)C(n2c3c(c(NC4CCCCC4)ncn3)nc2)O1,0
mmp6122,COc1c(OCCNCC2Oc3c(cccc3)OC2)c(OC)ccc1,0
mmp6123,NCC(C1CCCCCCC1)O,0
mmp6124,Fc1ccc(C(CCCN2C=CC(N3c4c(cccc4)NC3=O)CC2)=O)cc1,0
mmp6125,CC1([N+]([O-])=CCC1)C,0
mmp6126,Clc1nc(c2c(n(C3C(O)C(O)C(COP(OP(OP(=O)(O)O)(=O)O)(=O)O)O3)cn2)n1)N,0
mmp6127,OCC1C(O)C(O)CN1,0
mmp6128,c1c(C(=C2CCN(CCN3C(N=C4C(C=CC=C4)C3=O)=S)CC2)c5ccc(F)cc5)ccc(F)c1,0
mmp6129,OC(C(C1C(C(=O)O)C1)N)=O,0
mmp6130,CCCN1c(nc(C2CCCC2)[nH]3)c3C(=O)N(CCC)C1=O,0
mmp6131,CN(C(NCCCC(C(=O)O)N)=N)C,0
mmp6132,n1c(NC(=O)N(C)C2=O)c2n(C)c1,0
mmp6133,CN1c(nc(C=Cc2cccc(Cl)c2)n3C)c3C(=O)N(C)C1=O,0
mmp6134,CN(C(N=NC(N(C)C)=O)=O)C,0
mmp6135,COC1=C(C(c2c(cccc2)C1=O)=O)OC,0
mmp6136,O=NN(c1cc(O)ccc1O)C,0
mmp6137,OC(Cc1ccc(O)c(O)c1)=O,0
mmp6138,C1c(cc(O)c(O)c2)c2CC(N)C1,0
mmp6139,CCCN1c(ncn2C)c2C(=O)N(CCC)C1=O,0
mmp6140,COc1c(c(cc(C2c(cc3c(OCO3)c4)c4C(OC5OC6C(OC(C)OC6)(O)CC5O)C(COC7=O)C27)c1)OC)O,0
mmp6141,Oc1c(cc2c(CCNCC2c3ccccc3)c1)O,0
mmp6142,N#CCc1n(cccc2OCc3ccccc3)c2nc1C,0
mmp6143,ClC(c(cccc1)c1C(=O)O2)=C2Cl,0
mmp6144,Clc1nnc(N2CC3NC(CC3)C2)cc1,0
mmp6145,NCCCCCCCCCCN,0
mmp6146,Clc1c(ccc(CC(N(C2C(N3CCCC3)CCCC2)C)=O)c1)Cl,0
mmp6147,NC(CNCCC(c1ccccc1)c2ccccc2)=O,0
mmp6148,OC(C(CCONC(=N)N)N)=O,0
mmp6149,C1C(c2c(ccc(OC(Nc3ccccc3)=O)c2)N4C)(C)C4N(C)C1,0
mmp6150,NS(Oc1cc(C(=O)O)c(NCc2occc2)cc1Cl)=O,0
mmp6151,NC(NC(CCC(=O)O)C(=O)O)=N,0
mmp6152,CSc1ccc(C(N2CCC(Cc3ccccc3)CC2)=O)c(OC)c1,0
mmp6153,CC(C1C(P(c2ccccc2)(c3ccccc3)=O)CC(C)CC1)C,0
mmp6154,n1c(CS2=[O][Mg]3([O]=S(Cc4ncc(C)c(OC)c4C)c5n3c6c(cc(OC)cc6)n5)n(c27)c(ccc(OC)c8)c8n7)c(C)c(OC)c(C)c1,0
mmp6155,NC(Nc1ccc2c(c3c(C4C(CCN5CC6CC6)(c(c7ccc8O)c8O4)C(O)(C3)C5C7)[nH]2)c1)=N,0
mmp6156,OC(C(C(C(=O)O)O)N)=O,0
mmp6157,NNC(c1ccc(O)cc1)=O,0
mmp6158,OC(C(CNCC1)=C1)=O,0
mmp6159,NCCS(=O)O,0
mmp6160,C1C(C(c2ccc(OCCCc3nc[nH]c3)cc2)=O)C1,0
mmp6161,C[N+]1(CC(c2ccc(c3ccc(C4(OCC[N+](C)(C)C4)O)cc3)cc2)(O)OCC1)C,0
mmp6162,n1c(cccc2S(N3CCNCC3)(=O)=O)c2ccc1,0
mmp6163,o1c(C)c(CC(C(=O)O)N)c(O)n1,0
mmp6164,CC([N+](C12)(C(CC(C(OC(c3ccccc3)CO)=O)C1)CC2)C)C,0
mmp6165,NCc1onc(O)c1,0
mmp6166,COc1cc(C(C(=O)O)O)ccc1O,0
mmp6167,OCc1nc[nH]c1,0
mmp6168,NCCc1c2c(ccc(O)c2)[nH]c1,0
mmp6169,CCCN(C1Cc2c(ccc(O)c2)CC1)CCC,0
mmp6170,CC(Cc1nc[nH]c1)N,0
mmp6171,COc1c(OS(=O)(=O)O)ccc(C(CO)O)c1,0
mmp6172,Fc1ccc(CN(c2c(Cl)cccc2Cl)C(NCC3)=N3)cc1,0
mmp6173,O1c(cc2c(C(c3ccc(N)cc3)=NN=C(C)C2)c4)c4OC1,0
mmp6174,COc1cc(CC(=O)O)ccc1O,0
mmp6175,OC(C(Cc1cc(O)c(O)cc1O)N)=O,0
mmp6176,OC(C=C(C=Cc1cc(O)c(O)cc1)OC2=O)=C2,0
mmp6177,CCCN(C1Cc2c(cccc2O)CC1)CCC,0
mmp6178,CN1CCN(C2=Nc(cccn3)c3Nc(ccc(C)c4)c24)CC1,0
mmp6179,CC1NCCN(S(c2c3c(cncc3)ccc2)(=O)=O)C1,0
mmp6180,OC(C(Cc1cc(I)c(O)cc1)N)=O,0
mmp6181,C1C(C2(C(c3c(cc(OCC(=O)O)c(Cl)c3Cl)C2)=O)C)CCC1,0
mmp6182,NC(c1ccc(CS(=O)(=O)F)cc1)=N,0
mmp6183,C1C(c2n(cnc2C(OCC)=O)c3c(cc(OC)cc3)C4=O)N4CC1,0
mmp6184,NC(c1cc2c([nH]cc2)cc1)=O,0
mmp6185,NC1=NC(NC(=O)C=N2)=C2C(=O)N1,0
mmp6186,OC(c1cc(c2c(cccc2)n1)O)=O,0
mmp6187,c1c(CC(NC(C(NC(OCc2ccccc2)=O)C(C)C)=O)C=O)cccc1,0
mmp6188,Clc1c(ccc(CC(N(C2C(N3CCCC3)CCCC2)C)=O)c1)Cl,0
mmp6189,CNCCc1c2c(ccc(O)c2)[nH]c1,0
mmp6190,OC(C(c1ccc(C(=O)O)cc1)(N)C)=O,0
mmp6191,CCCN1C(CCc2c3cc(O)cc2)C3CC1,0
mmp6192,Cn1cc(CCN)nc1,0
mmp6193,CNc1c(ncn2C3C(O)C(O)C(CO)O3)c2ncn1,0
mmp6194,n1c(n(C2C(O)C(O)C(COP(CP(OP(=O)(O)O)(=O)O)(=O)O)O2)cn3)c3c(N)nc1,0
mmp6195,CN1C2(CC3N(CCc4c3oc5c4cccc5)CC2)CCN(C)C1=O,0
mmp6196,COCc1[nH]c2c(C(=O)N(C)C(=O)N2CC(C)C)n1,0
mmp6197,OC(C(CCP(O)(=O)O)(C)C)=O,0
mmp6198,CNC(CC(=O)O)C(=O)O,0
mmp6199,CSC(NCCCC(C(=O)O)N)=N,0
mmp6200,Cc1nc(N=Nc2ccc(C(=O)O)cc2)c(COP(=O)(O)O)c(C=O)c1O,0
mmp6201,COc1cc(C(CCNC(C)=O)=O)c(CN=O)cc1,0
mmp6202,COc1cc(CNC(CCCCCCC(C)C)=O)ccc1O,0
mmp6203,CCCOC(c1c(CCC)c(C(SCC)=O)c(CC)nc1c2ccccc2)=O,0
mmp6204,Clc1ccc(N2CCN(Cc3c4c(nccc4)[nH]c3)CC2)cc1,0
mmp6205,CS(CCC(C(=O)O)N)(=N)=O,0
mmp6206,NC(COc1c(F)cc(SCCNS(c2ccccc2)(=O)=O)cc1F)=O,0
mmp6207,c1c(C(=Cc2c3c(cc(Cl)cc3Cl)[nH]c2C(=O)O)C(=O)O)cccc1,0
mmp6208,c1c2c(C(C3(O)C4C2)(CCN4CC5CC5)C(O6)c([nH]c7c8CC(O)(C(CCN9CC%10CC%10)(c(c%11ccc%12O)c%12%13)C7O%13)C9C%11)c8C3)c6c(O)c1,0
mmp6209,NCCc1c(cc(O)cc2)c2[nH]c1C,0
mmp6210,OC(C(CCC(NC(C(NCC(=O)O)=O)CSN=O)=O)N)=O,0
mmp6211,CC(Cc1c2c(ccc(O)c2)[nH]c1)N,0
mmp6212,OC(CC1C(c2c(cccc2)CCC1)O)=O,0
mmp6213,O=C1C(C2C(=O)O1)C(OC23)CC3,0
mmp6214,Cn1cncc1,0
mmp6215,c1c(N2C(c3c(cc(Cl)c(S(ON)=O)c3)NC2C)=O)c(C)ccc1,0
mmp6216,Fc1cccc(C=NN=Cc2cccc(F)c2)c1,0
mmp6217,CC1C(O)CC(C[N+](C)(C)C)O1,0
mmp6218,COc1cc(C(CN)O)ccc1O,0
mmp6219,c1c(OC)c(CNCCCCCCNCCCCCCCCNCCCCCCNCc2ccccc2OC)ccc1,0
mmp6220,O=NN(c1ccc(O)c(O)c1)C,0
mmp6221,c1c(CC(N2CCN(c3c4c(OCCO4)ccc3)CC2)C5)c5ccc1,0
mmp6222,COc1c(N2CCN(CCCCN3C(c4c(cccc4)C3=O)=O)CC2)cccc1,0
mmp6223,O=C1N(CC#CCN2CCCC2)CCC1,0
mmp6224,c1c(C2(C(OCCN3CCOCC3)=O)CCCCC2)cccc1,0
mmp6225,Cc1nc(N=Nc2cc(c3c(c(S(=O)(=O)O)cc([N+](=O)[O-])c3)c2)S(=O)(=O)O)c(COP(=O)(O)O)c(C=O)c1O,0
mmp6226,OP(CC(c1ccc(Cl)cc1)CN)(=O)O,0
mmp6227,Cc1cccc(C(NCN2CCN(c3c(C#N)cccc3)CC2)=O)c1,0
mmp6228,c1c(Nc2nc(c3c(n(C4C(O)C(O)C(CO)O4)cn3)n2)N)cccc1,0
mmp6229,c1c(CNC(c2cc(C(NCc3cccnc3)=O)ccc2OC)=O)cncc1,0
mmp6230,[O-][N+](c1ccc2c(ccc(N3CCNCC3)n2)c1)=O,0
mmp6231,Oc1ccc2c(C3C(N(CCC)CCO3)CO2)c1,0
mmp6232,OC(C(CN1C(=O)NC(=O)O1)N)=O,0
mmp6233,NC(c1ccc(OCC(CN2CC=C(c3ccc(F)cc3)CC2)O)cc1)=O,0
mmp6234,C1c(cccc2Cl)c2CCN(C)C1,0
mmp6235,N[Ru](O[Ru](O[Ru](N)(N)(N)(N)N)(N)(N)(N)N)(N)(N)(N)N,0
mmp6236,C1C(CCC2C3(CCCC2(C(=O)O)C)C)(CC4(O)C1=C)C3CC4,0
mmp6237,NCCCNCCCCNCCCN,0
mmp6238,c1c(N2C(c3ccccc3)=NC(=NC)S2)cccc1,0
mmp6239,c1c([nH]cc2CC(NC(C(NP(OC3C(O)C(O)C(O)C(C)O3)(=O)O)CC(C)C)=O)C(=O)O)c2ccc1,0
mmp6240,CC(NCC(c1cc(CO)c(O)cc1)O)(C)C,0
mmp6241,Oc1c(O)cc(C2c3c(scc3)CNC2)cc1,0
mmp6242,CCCCCCCCCCCCCCCCCC(OC(C[N+](C)(C)C)CC(=O)O)=O,0
mmp6243,OC(CCC(N1C(C(=O)O)CCC1)=O)=O,0
mmp6244,Clc1ccc(N2CCN(Cc3cc4n(cccc4)n3)CC2)cc1,0
mmp6245,OC(C1CN(CCC=C(c2ccccc2)c3ccccc3)CCC1)=O,0
mmp6246,COc1ccc(C(C=CC(=N)N2CCCC(=O)O)=N2)cc1,0
mmp6247,Oc1c(c(c2c(C(c3ccccc3)CNCC2)c1)Cl)O,0
mmp6248,COc1c(OC)cc(c2nc(Nc3c(C(N)=O)cccn3)n4c(ncc4C)c2)cc1,0
mmp6249,NS(C#Cc1ccccc1)(=O)=O,0
mmp6250,OC(C(C(Cc1ccccc1)C(=O)O)N)=O,0
mmp6251,O=C1N(C2OC(COP(OP(=O)(O)O)(=O)O)C(O)C2O)C=CC(=O)N1,0
mmp6252,CCCN(C1Cc2c(cc(OC)c(OC)c2)C1)CCC,0
mmp6253,C1C(NC(N2CCC(c3nc[nH]c3)CC2)=S)CCCC1,0
mmp6254,COc1ccc(CCN(CCc2ccc(OC)c(OC)c2)C)cc1OC,0
mmp6255,Oc1c(CC(c2ccccc2)OC3CN)c3ccc1O,0
mmp6256,COc1cc2c(C3C(C4C(C(NCCCCCCN5C(=O)C=CC5=O)CC4)(C)CC3)CC2)cc1,0
mmp6257,OC(C(CN1C=C(O)C(=O)C=C1)N)=O,0
mmp6258,CC(Cc1cccc(C(F)(F)F)c1)N,0
mmp6259,CCCN1c(nc(N)n2)n2C=C(C)C1=O,0
mmp6260,c1c(OC)c(N2CCN(CCCNC(N(C)C(=O)N(C)C3=O)=C3C)CC2)ccc1,0
mmp6261,CC(Oc1cccnc1N(C2CCN(Cc3ccccc3)CC2)C)C,0
