Name,CANONICAL_SMILES,CLASS
ames2058,CCN(N=O)C(=O)N(C)C,1
ames6185,CCCC(C)=O,0
ames0010,O=C(O)CC(C(=O)O)C(CC(=O)O)C(=O)O,1
ames6189,NCCO,0
ames6190,CCCCCCCCCCCCCCCCN,0
ames4134,FCC(F)(F)F,0
ames6192,CCCCCCC(=O)O,0
ames0017,NC(CSC(Cl)=C(Cl)C(Cl)(Cl)Cl)C(=O)O,1
ames2072,CC(=O)NC(CS)C(=O)O,1
ames4140,C=CC(=O)OCCCCCOC(=O)C=C,0
ames2074,O=[N+]([O-])OCC(CO[N+](=O)[O-])O[N+](=O)[O-],1
ames2075,NC(CSC(Cl)=C(Cl)C(Cl)=C(Cl)Cl)C(=O)O,1
ames4142,CCCCCC(=O)O,0
ames2077,O=[N+]([O-])C([N+](=O)[O-])([N+](=O)[O-])[N+](=O)[O-],1
ames6195,C=C(C)C(=O)OCCCCCCCC(C)C,0
ames6196,NC=O,0
ames6201,N#CCC#N,0
ames6202,OCCOCCO,0
ames2082,COS(=O)(=O)OC,1
ames6204,C=CC(=O)OCCOCCOC(=O)C=C,0
ames4151,CCC=CCCC=CC=O,0
ames4152,CCN=[N+](C)[O-],0
ames4153,CCNC(=O)CCC(N)C(=O)O,0
ames6205,CCCN(CCC)C(=O)SCC,0
ames2092,CCCCN(N=O)C(N)=O,1
ames6216,O=C(O)CNCP(=O)(O)O,0
ames2094,CC(=O)CN(COC(C)=O)N=O,1
ames6219,CCCCOCCO,0
ames0043,NC(CCC(=O)NC(CSC(=O)NCCCl)C(=O)NCC(=O)O)C(=O)O,1
ames4165,C=CCOC(=O)CCCCC,0
ames6223,N#CCCO,0
ames6225,CCC(Br)(CC)C(=O)NC(N)=O,0
ames6227,C=C(C)C(=O)OCCC,0
ames2104,CCC(=O)C(=O)CC,1
ames0051,CC(C)(N=O)[N+](=O)[O-],1
ames0052,CCOP(=O)(OCC)C(C)NC(=O)N(CCCl)N=O,1
ames4171,O=[N+]([O-])C(Br)(CO)CO,0
ames4175,CCN=[N+]([O-])CC,0
ames2109,CCN(CCO[N+](=O)[O-])[N+](=O)[O-],1
ames4177,CCOCOCC,0
ames4178,CC(C)(C)N(CCO)CCO,0
ames6228,CCCCC(CC)COP(OCC(CC)CCCC)OCC(CC)CCCC,0
ames6230,ClC(Cl)=C(Cl)Cl,0
ames0060,CC(C)OS(C)(=O)=O,1
ames6238,CCC(O)CN,0
ames4187,CC(C)OC(=O)CC(=O)OC(C)C,0
ames6244,NCC(=O)O,0
ames4189,C=COC(=O)C=C,0
ames0069,ClC(COCC(Cl)C(Cl)(Cl)Cl)C(Cl)(Cl)Cl,1
ames6245,CCCCCCCCCCCC(C)=O,0
ames6248,C=CCOC(=O)C=C,0
ames2126,NCCCNCCCCN(CCCN)N(O)N=O,1
ames6250,CCCC(C)(COC(N)=O)COC(=O)NC(C)C,0
ames6251,CN(C)C=O,0
ames4196,ClCCC(Br)CBr,0
ames6253,C=C(C)C(=O)OCCCC,0
ames6256,COC=O,0
ames2133,CC(=O)NC(CSC(Cl)=C(Cl)C(Cl)=C(Cl)Cl)C(=O)O,1
ames6259,CCCCC(CC)CNCC(CC)CCCC,0
ames4203,OCC(CO)(CO)CO,0
ames6262,O=C(O)CO,0
ames4113,NC(CSC(F)(F)C(Cl)Cl)C(=O)O,0
ames6268,COC(=O)CCCCC(=O)OC,0
ames4214,CCOCC=O,0
ames0094,O=C(O)CI,1
ames6273,CCCCC(CC)COCCCN,0
ames2151,CCC(C)OS(C)(=O)=O,1
ames0098,BrCCCCBr,1
ames6275,CNC,0
ames6277,CC=O,0
ames0103,NC(CCC(=O)NC(CS)C(=O)NCC(=O)O)C(=O)O,1
ames6282,CCC(C)C(C)CO,0
ames6283,ClC=CCl,0
ames0107,CC(N)(CN=[N+]=[N-])C(=O)O,1
ames6285,O=C(O)CN(CC(=O)O)CC(=O)O,0
ames6286,C[S+](C)[O-],0
ames0110,CCCCC=CC=CC=CC=CC=COCC(O)CO,1
ames6288,COP(=O)(O)O,0
ames4233,NC(CSC(F)(F)C(F)(F)C(F)F)C(=O)O,0
ames0113,CC=CC=CC=O,1
ames2167,CCCOO,1
ames2168,CN(CCCCO)N=O,1
ames0116,NC(=O)N(CCC(=O)O)N=O,1
ames4118,CCCCCCCCCCCl,0
ames2172,CCN(C=O)N=O,1
ames4235,C=C(C)C(=O)OCC(C)(C)COC(=O)C(=C)C,0
ames2174,C=CCNC(N)=O,1
ames6290,CNC=O,0
ames0125,ClC(Cl)(Cl)Br,1
ames6305,C=CCNCC=C,0
ames0128,CC(Cl)=CC=O,1
ames2183,N=NCCCO,1
ames6307,CCCCCCC(O)CC=CCCCCCCCC(=O)O,0
ames4252,CC(N)CCN,0
ames2186,FC(F)(F)I,1
ames4253,C=CCCCCCCCCCCC,0
ames6310,NCCCCCCCCCCC(=O)O,0
ames0135,COP(=O)(OC)C(O)C(Cl)(Cl)Cl,1
ames4256,C=CC(=O)OCCO,0
ames6316,C=C(C)C(=O)OCCCCCC,0
ames6318,ClC(Cl)(Cl)Cl,0
ames0142,CC(=O)OC(C)CN(CC(C)OC(C)=O)N=O,1
ames2200,C=CC=O,1
ames2201,CC(C)(C)OC(=O)CN=[N+]=[N-],1
ames6325,CCCCOCCCC,0
ames4269,CC(CO[N+](=O)[O-])(CO[N+](=O)[O-])CO[N+](=O)[O-],0
ames6326,CCCCOCCOP(=O)(OCCOCCCC)OCCOCCCC,0
ames6328,C=C(C)C,0
ames2207,CCN=C(N)N(N=O)[N+](=O)[O-],1
ames2211,COC(=O)C(N)CSCCCl,1
ames0156,CBr,1
ames4277,CCC=CC(C=O)CC,0
ames6334,CCN(CC)C(=S)SSC(=S)N(CC)CC,0
ames6337,O=P(OCCCl)(OCCCl)OCCCl,0
ames2216,CC(Cl)C(Br)CBr,1
ames4282,FC(F)OC(F)(F)C(F)Cl,0
ames0162,BrCC(Br)(Br)Br,1
ames6342,CC(=O)CC(C)C,0
ames6343,C=CCOC(=O)CCCCCCCC,0
ames0166,NCCN,1
ames4287,CC(C)C(O)(C(=O)O)C(C)O,0
ames6174,CCOC(C)(C)C,0
ames6346,CCC(C)=O,0
ames6348,N#CC=CC#N,0
ames2230,CC(=O)C(C)=O,1
ames2231,ClCCCBr,1
ames6351,CCCCCN(CCCCC)CCCCC,0
ames4295,CCCCOC(=O)CC(CC(=O)OCCCC)(OC(C)=O)C(=O)OCCCC,0
ames2234,NC(CCC(=O)NC(CSC(Cl)=CCl)C(=O)NCC(=O)O)C(=O)O,1
ames6353,CC(=O)C(C)=NO,0
ames4301,C=C(C)C(=O)OCCO,0
ames6358,CC(O)COCC(C)O,0
ames6359,CC(N)CN,0
ames6177,CCC(C)(C)C,0
ames0184,O=C(O)C(Cl)=C(CCl)C(Cl)Cl,1
ames2243,CC(C)CN(N=O)C(=N)N[N+](=O)[O-],1
ames6363,N#CSCSC#N,0
ames2246,CC(=O)OCN(CCCCl)N=O,1
ames6365,CCCC(CCC)C(=O)O,0
ames4310,CO,0
ames6366,CCNC(=S)NCC,0
ames2250,CCCCN(CCO[N+](=O)[O-])[N+](=O)[O-],1
ames6367,CCCCC(CC)CO,0
ames0193,NC(CCCCN=CCC=O)C(=O)O,1
ames2252,CCOC(=O)C(C)CC(C)(CC(CC(C)(CC(CC(C)(CC)C(=O)O)C(=O)OCC)C(=O)O)C(=O)OCC)C(=O)O,1
ames2254,CCCCCCCC(=O)OCC(COC(=O)CCCCCCC)OC(=O)CCCCCCC,1
ames6375,CCNCC,0
ames2258,[N-]=[N+]=NCC(O)C(O)C(O)C(O)C(=O)O,1
ames4320,CCC[N+](=O)[O-],0
ames4322,CCSCCSP(=O)(OC)OC,0
ames4323,COCCl,0
ames4324,C=C(C)C(=O)OCCCCC,0
ames6381,COP(=O)(O)OC,0
ames4327,COC(C)CCO,0
ames6384,CN(C)C,0
ames6389,O=C(O)C(=O)O,0
ames4335,CS(=N)(=O)CCC(N)C(=O)O,0
ames6394,COP(=O)(NC(C)=O)SC,0
ames6396,CC(Cl)Cl,0
ames2278,OCCOCCOCCO,1
ames0220,COC(=O)C(Cl)Cl,1
ames6398,O=C(O)C=CC(=O)O,0
ames2281,O=C(O)CCCCCCCBr,1
ames6401,CCCCCO,0
ames6403,CC#N,0
ames0225,O=NN(CC(=O)O)CC(=O)O,1
ames6407,OC(C(F)(F)F)C(F)(F)F,0
ames4350,CC=CCC,0
ames6412,CC(C)=CCCC(C)CCO,0
ames0234,CCOP(=S)(OCC)OCCSCC,1
ames0235,CC(=O)C(Cl)(Cl)Cl,1
ames6413,CCOC(C)=O,0
ames6414,CCC#N,0
ames2297,[N-]=[N+]=CC(=O)OCC(N)C(=O)O,1
ames2298,CCN(N=O)C(C=O)=NO,1
ames4360,C=CC(=O)NCCCN(C)C,0
ames6417,CSC(C)(C)C=NO,0
ames6421,CN(C)CCCN,0
ames6422,CCCCC(CC)COC(=O)CCCCC(=O)O,0
ames0245,[N-]=[N+]=NCCC(=O)O,1
ames2306,CCCCCCCC(=O)Cl,1
ames4367,CCN(CC)C(=S)SSCC(NC(=O)CCC(N)C(=O)O)C(=O)NCC(=O)O,0
ames4369,FC(F)OC(Cl)C(F)(F)F,0
ames6426,CC(=O)OC(C)=O,0
ames6431,CCCCCC=CCC=CCCCCCCCC(=O)O,0
ames0255,CC(=O)OO[N+](=O)[O-],1
ames2317,CN(CC(O)CO)N=O,1
ames6437,C=CC(=O)NCO,0
ames6438,CC(C)N,0
ames4381,CCNCCN,0
ames0261,CC=CC=O,1
ames6441,CC(C)(Cl)Cl,0
ames6442,O=C(O)CS,0
ames0266,CC(O)C(=O)NCCO,1
ames6446,CCCCC(CC)COS(=O)(=O)O,0
ames6449,CCCCC(C=O)CC,0
ames2332,O=CC(=C(Cl)C(=O)O)C(Cl)Cl,1
ames4394,CCCCOC(=O)CCC,0
ames6451,C=C(C)C(=O)OCC,0
ames0274,[O-][N+](O)=CCl,1
ames2336,CCCOS(C)(=O)=O,1
ames0276,N#CC(Cl)Cl,1
ames6453,CC(C)=CCCC(C)=CC=O,0
ames6455,CCCCC(CC)COP(=O)(OCC(CC)CCCC)OCC(CC)CCCC,0
ames6460,CCC(C)(C)OC,0
ames2343,C=C(C)C(C)Cl,1
ames0283,CC(Br)C(Br)CCl,1
ames6463,O=C(O)CCCCC(=O)O,0
ames6465,COC(=O)CCC(=O)OC,0
ames0287,CS(=O)(=O)OCC(O)C(O)COS(C)(=O)=O,1
ames2349,CC(=O)NC(CSC(Cl)=CCl)C(=O)O,1
ames6467,S=C=S,0
ames6470,C=C(C)OC(C)=O,0
ames0293,NC(CCSC(Cl)=CCl)C(=O)O,1
ames6472,CCC(C)C,0
ames4417,CC(=O)CC(=O)CCC(=O)O,0
ames4418,C[N+](C)(C)CCCl,0
ames6475,CCCCCCCCOP(=O)(OCCCCCCCC)OCCCCCCCC,0
ames6477,CCCCCCCCCCCC(=O)NCCO,0
ames4422,CC(C)(C)OCO,0
ames4423,CC(Br)(CBr)COP(=O)(OCC(C)(Br)CBr)OCC(C)(Br)CBr,0
ames6482,C=C(C#N)C(=O)OCC,0
ames6483,CC(C)N=C=NC(C)C,0
ames4432,CCC(CCC(C)O)COC(=O)CCCCC(=O)O,0
ames4433,C[N+](C)(C)CC(=O)O,0
ames6493,CCCCCCCCCCCCCCCCCC(=O)O,0
ames4437,CC(C)=CCCC(C)=CCO,0
ames2380,O=C(OCCBr)C(O)C(O)C(=O)OCCBr,1
ames4442,CC(F)(F)F,0
ames6499,CCCCCCCCC(Cl)CCC(Cl)CC(Cl)C(Cl)C(Cl)CC(=O)OC,0
ames6502,COCOC,0
ames2389,CCOO,1
ames6506,CCCCCCCCCCCCCCCCCCCC,0
ames4454,CCCC=[N+]([O-])[O-],0
ames4455,CCOCC(=O)O,0
ames2396,CC(=O)OCN(C)N=O,1
ames4457,CC(CO)[N+](=O)[O-],0
ames0340,CCCCON=O,1
ames2402,C=C(C)C(=O)OCC(CC)(COC(=O)C(=C)C)COC(=O)C(=C)C,1
ames0342,CC(=O)OCN(C)[N+](=O)[O-],1
ames0347,NCN,1
ames0348,O=P(O)(OCC(Br)CBr)OCC(Br)CBr,1
ames2411,O=[N+]([O-])CCO,1
ames0350,FC(Cl)(Cl)C(F)(Cl)Cl,1
ames0351,CCCN(N=O)C(N)=O,1
ames4480,CCCCN(N)CCCC,0
ames4486,CCCC(=O)OCCC(C)C,0
ames4489,CNC(O)=NO,0
ames2435,OCC(Cl)(Cl)Cl,1
ames2439,CO[PH](=O)OC,1
ames4500,CCC=CCC=CCC=CCCCCCCCC(=O)O,0
ames0382,NP(=O)(O)N(CCCl)CCCl,1
ames4504,CCCCOC(=O)C=CC(=O)OCCCC,0
ames0388,C=CCOC(C)=O,1
ames4510,NC(=O)N(CC(=O)O)N=O,0
ames4511,CCCCCC[N+](=O)[O-],0
ames4518,CC(C)OP(C)(=O)F,0
ames4526,NC(=O)CBr,0
ames0405,O=C(O)C(Cl)=C(CO)C(Cl)Cl,1
ames0411,CN(C)CCCl,1
ames4535,FC(F)(Cl)C(F)(F)Cl,0
ames2477,CN(C)S(=O)(=O)CCNC(=O)N(CCCl)N=O,1
ames4552,CCN=C=S,0
ames4555,CC(N)=S,0
ames0436,NC(CCC(=O)NC(CSCCCl)NC(=O)CC(=O)O)C(=O)O,1
ames0439,NC(=O)N(CCCC(=O)O)N=O,1
ames4563,O=C(O)C(F)(F)C(F)(Cl)C(F)(F)C(F)(Cl)C(F)(F)C(F)(Cl)C(F)(F)Cl,0
ames2508,CS(=O)(=O)OCCCNCCCOS(C)(=O)=O,1
ames4571,C=CC(=O)OCC(C)(C)C,0
ames0451,CC(O)CN(CC(C)O)N=O,1
ames2516,NC(CCC(=O)N(CC(=O)O)C(=O)C(N)CSN=O)C(=O)O,1
ames0455,CC(C)N(N)C(C)C,1
ames2518,CC(=O)OCN(CCCCCl)N=O,1
ames4579,FC(C(F)(F)F)C(F)(F)F,0
ames0458,CC(O)CN(C)N=O,1
ames2521,CN(N=O)C(=N)N[N+](=O)[O-],1
ames4580,CC(Br)(CCl)CBr,0
ames4582,CCCCCCCCCCCCCOC(=O)C[N+](CC)(CC)CC,0
ames2527,CCCCN(CCCC(=O)O)N=O,1
ames0466,O=C(C(Cl)Cl)C(Cl)Cl,1
ames0476,CC=CCl,1
ames0479,CCCC=CC=O,1
ames4601,COP(=S)(OC)SCC(=O)N(C)C=O,0
ames2548,NC(CSC(=O)NCCCl)C(=O)O,1
ames0494,BrCBr,1
ames2557,NC(CSC(Cl)=C(Cl)Cl)C(=O)O,1
ames4621,CSCC(NC(=O)C(C)(C)SC)C(=O)O,0
ames2564,C=C(Cl)C(Cl)CCl,1
ames4631,CC(C)CC(C)O,0
ames4632,COC(=O)CC(C)=O,0
ames0511,N=NCO,1
ames4635,CC(C)CCCCCCOC(=O)CCCCC(=O)OCCCCCCC(C)C,0
ames2577,CNC(=O)ON(C(C)=O)C(=O)NC,1
ames2579,[N-]=[N+]=NCC(O)CN=[N+]=[N-],1
ames0517,O=CCCCC=O,1
ames4644,NC(CO)C(=O)O,0
ames4647,O=C(O)C=C(CC(=O)O)C(=O)O,0
ames2589,NC(=O)N=NC(N)=O,1
ames2590,CC(Cl)(Cl)[N+](=O)[O-],1
ames4650,C=NO,0
ames0530,CC(=O)OCN(CCCl)N=O,1
ames4655,O=C(O)C(F)(F)C(F)(F)C(F)(F)C(F)(F)C(F)(F)C(F)(F)C(F)(F)C(F)(F)C(F)(F)F,0
ames4656,COC(=O)CC(=O)OC,0
ames0535,CC(Br)CBr,1
ames4657,CC(C)(S)C(=O)NC(CS)C(=O)O,0
ames0538,CCC=CC=CC=CC=CC=COCCCO,1
ames4662,O=[N+]([O-])OCC(CO[N+](=O)[O-])(CO[N+](=O)[O-])CO[N+](=O)[O-],0
ames2605,CCC=CC=CC=CC=COCC(O)CO,1
ames4664,O=P(O)(O)OCC(O)CO,0
ames2607,O=NN(CCCl)C(=O)NCCO,1
ames4665,CC(C)OC(=O)CC(O)(CC(=O)O)C(=O)O,0
ames0546,CCCCN=NC(C)(C)OO,1
ames2609,O=C=S,1
ames2610,NC(CSC(F)(F)C(Cl)Br)C(=O)O,1
ames4666,O=C(O)C(Cl)CCl,0
ames0555,NCCCCC(N)C(=O)O,1
ames2618,CCCCN(CCC(=O)OC)N=O,1
ames0558,CCC=CC=O,1
ames2622,CC(C#N)CCC#N,1
ames2623,CC(=O)OC(C(C)=O)N(C)N=O,1
ames2624,CC(C)(C)OC(=O)NC(CN=[N+]=[N-])C(=O)OC(C)(C)C,1
ames2625,O=CC(CCl)=C(Cl)C(=O)O,1
ames2626,CC(O)CN,1
ames4680,CCC(=O)C(C)=O,0
ames0565,ClCCOCCCl,1
ames4681,CCCCC#N,0
ames4682,CCSCCOP(=S)(OC)OC,0
ames4684,C=CCCCCCCCCCCCC,0
ames2634,NC(CSC(F)(F)C(Br)Br)C(=O)O,1
ames4694,CC(C)(CO)C(O)C(=O)NCCCO,0
ames2637,CC(=O)NC(C(=O)N(CC(=O)O)N=O)C(C)C,1
ames0577,CCOC(=O)N(C)C,1
ames2640,[N-]=[N+]=NCCO,1
ames2642,CCCCCCN(N=O)C(=N)N[N+](=O)[O-],1
ames0583,N#CC(Br)Br,1
ames0584,CC(=O)C=O,1
ames0585,[N-]=[N+]=CC(=O)NCC(N)=O,1
ames2649,O=CC(=C(Cl)Cl)C(Cl)Cl,1
ames0587,CC(=O)NC(CSC(Cl)=C(Cl)Cl)C(=O)O,1
ames0588,CCN=NNCC,1
ames2650,O=C(O)C(Cl)=C(C(=O)O)C(Cl)Cl,1
ames2646,BrCCC(Br)Br,1
ames4706,COC(=O)CCl,0
ames0597,CCCON=O,1
ames0600,C=CC(=O)OCC(CC)(COC(=O)C=C)COC(=O)C=C,1
ames2664,CN(CCO[N+](=O)[O-])[N+](=O)[O-],1
ames0604,CNC(=O)CSP(=S)(OC)OC,1
ames0605,CCCCCCCCC=CCCCCCCCCN,1
ames2676,O=NN(CCO)CC(=O)O,1
ames0615,CNC(=O)NOC(=O)NC,1
ames2680,CC(=O)CN(CC(C)=O)N=O,1
ames2683,CC(C)=CCl,1
ames2684,CC(O)CN(CC(O)CO)N=O,1
ames0622,CCOC(C)C(O)C(=O)O,1
ames4743,FC(F)C(F)(F)F,0
ames2687,CC(C)=[N+]([O-])[O-],1
ames4747,N#CCCNCCC#N,0
ames4754,CC(C)(CO)CO,0
ames4756,CCCCCCCCCCO,0
ames2697,CC(C)(N=NC(C)(C)C(=N)N)C(=N)N,1
ames0635,O=C(OCCBr)C(=O)OCCBr,1
ames2704,ClCC(Cl)CBr,1
ames4765,C=CC(=O)OCC(C)O,0
ames2711,CN(C)C(=O)Cl,1
ames4771,NCCS,0
ames0657,CCN(CC)N(O)N=O,1
ames2720,O=C(CC(O)(CC(=O)OCCBr)C(=O)OCCBr)OCCBr,1
ames0659,O=CC=C(Cl)Cl,1
ames0660,[O-][N+](O)=C(Cl)Cl,1
ames2722,CC(C)(Cl)[N+](=O)[O-],1
ames0672,C=C(Br)C(C)=O,1
ames4798,CCCCCCCCBr,0
ames4799,FC(F)(F)C(F)(F)Cl,0
ames2747,NC(CS)C(=O)O,1
ames4809,C=C(Br)C(=O)O,0
ames4814,CCCCOCC(=O)O,0
ames4815,CC(C)CCOC(=O)CC(C)C,0
ames2758,ClC=C(Cl)COCCCl,1
ames0696,O=[N+]([O-])C(Cl)(Cl)Cl,1
ames4822,[N-]=[N+]=NCC(=O)O,0
ames2763,O=CC(NC(=O)N(CCCl)N=O)C(O)C(O)C(O)CO,1
ames4825,C=CC(=O)OC(C)(C)C,0
ames4829,CC(O)C(C)O,0
ames0716,CC(OP(=O)(OC(C)C(Br)CBr)OC(C)C(Br)CBr)C(Br)CBr,1
ames0718,CN=NNC,1
ames0719,C=C=O,1
ames0720,CCOP(=S)(OCC)OP(=S)(OCC)OCC,1
ames2782,COCCOCCOCCOC,1
ames2783,ClCCl,1
ames4842,COP(=O)(OC)C(OC(=O)CCl)C(Cl)(Cl)Cl,0
ames4845,COP(=O)(OC)SC,0
ames4848,CCCC(=O)OCC,0
ames4849,C=CC(=O)OCC(C)(C)COC(=O)C=C,0
ames4850,CCOC(=O)CCl,0
ames0728,CC(C)(Cl)OC(C)(C)Cl,1
ames4851,ClCC(Cl)Cl,0
ames4862,ON=CC=NO,0
ames2805,CC(Br)C(N)=O,1
ames6289,CCCCOC(C)=O,0
ames2817,CCCC=NO,1
ames2818,C=C(Br)CCl,1
ames2820,CC(C)(C)Br,1
ames4882,C=C(C#N)C(=O)OCC(C)C,0
ames0764,C=C(F)F,1
ames4889,CCS,0
ames0767,CCNN=O,1
ames4896,OCC(O)C(O)CO,0
ames2837,CCN(N=O)C(=N)N[N+](=O)[O-],1
ames4898,CC(Br)Br,0
ames4900,C=COC(C)=O,0
ames4901,CC(C)(C)[N+](=O)[O-],0
ames2842,CNC(=O)N(O)C(C)=O,1
ames4906,NC(N)=O,0
ames2847,CC(Cl)CO,1
ames4911,CC(=O)N(N)C(C)=O,0
ames0795,N#CC(Cl)(Cl)Cl,1
ames4919,CCOP(=S)(OCC)SCSCC,0
ames4922,C=CCCCCCCCC,0
ames2864,CCCCC=CC=CC=CC=CC=COC,1
ames2865,CCCCOS(C)(=O)=O,1
ames2870,C=CC(=O)NCNC(=O)C=C,1
ames4933,NC(=O)NCC(=O)O,0
ames0811,COC(=O)C=CC(C)=CC=CC(C)=CC=CC=C(C)C=CC=C(C)C=CC(=O)OC,1
ames2875,CCCCN(COC(C)=O)N=O,1
ames4938,CCOP(=O)(C#N)N(C)C,0
ames2879,CC(C)N(C(=O)SCC(Cl)=C(Cl)Cl)C(C)C,1
ames4939,CC(C)(Br)C(Br)CCl,0
ames2884,CCOS(=O)(=O)OCC,1
ames4945,COC(F)(F)C(Cl)Cl,0
ames0825,COS(=O)(=O)C(F)(F)F,1
ames2889,C=C(Br)C=O,1
ames2891,OCCBr,1
ames2892,OCCCCl,1
ames0830,O=C(O)C=C(C(Cl)Cl)C(Cl)Cl,1
ames2893,CC(=O)OCC(O)CO,1
ames2895,CS(=O)(=O)OCCCCOS(C)(=O)=O,1
ames2896,COP(=O)(OC)OC,1
ames4952,CC(C)CC=O,0
ames4958,C=[N+]([O-])[O-],0
ames4961,CC=CC,0
ames0840,CC(=O)N(C)N=O,1
ames2908,CCC=CC=CC=CC=CC=COCCC,1
ames2909,CCC=CC=CC=CC=CC=COCC(O)CO,1
ames2913,O=C(Cl)C(Cl)Cl,1
ames0851,CC(O)=NO,1
ames2916,CCCCOO,1
ames4977,CC(OP(C)(=O)Cl)C(C)(C)C,0
ames4979,C[N+](C)(C)NCCC(=O)O,0
ames2921,OCCCl,1
ames4985,C=C(Cl)C#N,0
ames2927,CCCCCN(CCCC)N=O,1
ames2928,O=C(CO)CO,1
ames4987,O=C(O)C(Cl)=C(CCl)C(=O)O,0
ames4990,CC(C(=O)O)=C(Cl)C(=O)O,0
ames0874,CCCSC(=O)Cl,1
ames2937,CCCCN(CCC)N=O,1
ames4997,CS(C)(=O)=O,0
ames4998,CN(C)P(=O)(N(C)C)N(C)C,0
ames0879,NC(CSC=CCl)C(=O)O,1
ames5002,CCCCCCCCCC,0
ames0883,CC(C=O)=C(Cl)C(=O)O,1
ames2947,C=O,1
ames2953,O=C(CCl)CCl,1
ames5015,CCCBr,0
ames2957,CCBr,1
ames2958,CC(O)CBr,1
ames2959,CCCN(CCCCO)N=O,1
ames0897,O=CC=CC=O,1
ames5017,CC(=O)CC(=O)C=CC(=O)O,0
ames2964,C=C(C=O)CC,1
ames5028,CCCCOC(=O)CCCCCCCCC(=O)OCCCC,0
ames2969,OCC(Cl)CCl,1
ames5038,CCOC(=O)C(C)O,0
ames5039,O=CCO,0
ames2981,CCOC(=O)N(CCO)N=O,1
ames2986,NC(=O)N(CCCC(N)C(=O)O)N=O,1
ames2992,CC=C(Cl)C=O,1
ames0930,NC(CCC(=O)NC(CSC(=O)NCCCCl)C(=O)NCC(=O)O)C(=O)O,1
ames2996,CC(O)CCl,1
ames2998,C=C(Cl)CSC(=S)N(CC)CC,1
ames2999,CCN(C#N)N=O,1
ames3003,C=CCCl,1
ames0943,CCC(C)ON=O,1
ames5067,CNCCCC(=O)O,0
ames3009,O=C(O)C(Br)(Br)Br,1
ames3012,COS(=O)(=O)F,1
ames3013,C=C(C)C=O,1
ames5073,CCOC(=O)C(C)=O,0
ames3017,O=P(O)(NCCCO)N(CCCl)CCCl,1
ames3019,OC(CBr)C(O)C(O)C(O)CBr,1
ames3020,NC(O)=NO,1
ames0959,OCC(CO)(CBr)CBr,1
ames5083,CC(=O)CCC(C)=O,0
ames0964,CCCC(=O)Cl,1
ames0966,CCN(C)N=O,1
ames3034,O=C(O)C(Cl)Cl,1
ames5098,CCCCCCCCCCCCCCCCCCCCCCCCCCCC(=O)OCCC(C)O,0
ames3038,OCCI,1
ames3040,CCCCN(CCC(=O)O)N=O,1
ames3043,C=CCBr,1
ames5108,O=C(O)C(Cl)(Cl)Cl,0
ames5112,CCCCCCCCCCCCCCCCCC(=O)NCCNC(=O)CCCCCCCCCCCCCCCCC,0
ames3052,CN(C#N)N=O,1
ames0990,NC(CCC(=O)NC(CSC(Cl)=C(Cl)Cl)C(=O)NCC(=O)O)C(=O)O,1
ames5114,CCCCC(C)C(OC(=O)CC(CC(=O)O)C(=O)O)C(CC(C)CC(O)CCCCCCC(O)C(C)N)OC(=O)CC(CC(=O)O)C(=O)O,0
ames3055,O=P(OCC(Br)CBr)(OCC(Br)CBr)OCC(Br)CBr,1
ames5121,CCSCCSP(=S)(OC)OC,0
ames1001,COC(=O)CNC(=O)C(CSCCCl)NC(=O)CCC(N)C(=O)O,1
ames5127,C=C(C)C(=O)OCCOCCOCCOC(=O)C(=C)C,0
ames3068,ClCC(Cl)CCl,1
ames5130,CC[N+]([O-])=NC,0
ames3075,CCCCN(CC(O)CC)N=O,1
ames3076,C=CC(=O)CC,1
ames5138,FC(F)=C(F)Cl,0
ames1017,NC(CSCCCl)C(=O)O,1
ames3081,CCCCN(CCC(C)O)N=O,1
ames3087,BrC(Br)Br,1
ames3088,CNC(=O)N(C)N=O,1
ames1029,C#CCO,1
ames3092,ClCC(Br)CBr,1
ames5153,CSC(C)(C)C(=O)NC(CS)C(=O)O,0
ames5154,C=CC(=O)OCCCCCC,0
ames3095,CCCCN(CC(O)CCO)N=O,1
ames5155,CCCCCCCCC=CCCCCCCCCCCCC(=O)NCCCCCCCCCCCCCCCCCC,0
ames1035,COCCOC,1
ames3098,CCCCCN(CCCCC)N=O,1
ames5157,N#CCCN,0
ames3101,NC(=O)N(CCO)N=O,1
ames3102,CC(C)(C)OO,1
ames1043,ClC=C(Cl)C(Cl)Cl,1
ames5168,CC(C)(CO)C(O)C(=O)NCCC(=O)O,0
ames1046,ClC(CBr)CBr,1
ames5171,COCC(=O)O,0
ames1049,NCCCl,1
ames3111,CCOC(=O)N(CCOC(C)=O)N=O,1
ames3113,C=CC=C,1
ames3114,C=CCN(CC=C)N=O,1
ames5174,CCCCCC(N)=O,0
ames5178,C=C(C)C(=O)OCCCCCCOC(=O)C(=C)C,0
ames3124,CN(C)N,1
ames5191,CCCCCCCCCCCCO,0
ames1071,C#CCBr,1
ames3134,C=C(Cl)C=O,1
ames3138,C=CC(=O)OCC(Br)CBr,1
ames3139,O=NN(CCO)CCO,1
ames3140,ClCCNCCCl,1
ames3141,BrCC(Br)CBr,1
ames3143,CCCCN(CCCO)N=O,1
ames3144,C=CC(=O)OCCBr,1
ames3145,NNCCO,1
ames5208,CS(=O)(=O)O,0
ames3147,CCCN(CCCC(=O)O)N=O,1
ames3148,CSC(C)=NOC(=O)N(C)N=O,1
ames5209,CC(C)=CCCC(C)CC=O,0
ames5213,CCC(CO)(CO)CO,0
ames3151,OCC(CBr)(CBr)CBr,1
ames5214,CCCCC(C)C(OC(=O)CC(CC(=O)O)C(=O)O)C(CC(C)CCCCCCC(O)CC(O)C(C)N)OC(=O)CC(CC(=O)O)C(=O)O,0
ames3153,CC(C)Cl,1
ames5215,CC(C)=CCCC(C)=CC=CC(C)=CC=CC(C)=CC=CC=C(C)C=CC=C(C)C=CC=C(C)CCC=C(C)C,0
ames3155,CC(=O)OCCOCCOCCOC(C)=O,1
ames5217,CC=CCC#N,0
ames3159,COS(C)(=O)=O,1
ames3160,O=CCCl,1
ames3162,CNC(=O)C(C)SCCSP(=O)(OC)OC,1
ames1102,CC(C)(C)ON=O,1
ames3165,CCOC(=O)N(C)N=O,1
ames5227,CCCCCCC(CC=CCCCCCCCC(=O)OC)OC(C)=O,0
ames5228,CC(OP(C)(=O)F)C(C)(C)C,0
ames3169,C=CBr,1
ames3173,CC(Cl)CN(C)C,1
ames1114,CN=NC(C)(C)OO,1
ames5240,C=C(C)C(=O)OCCCCOC(=O)C(=C)C,0
ames5241,CCCCCCCCCCCCCCCC(=O)O,0
ames3181,CCN(CCCC(=O)O)N=O,1
ames5244,NC(CSC(F)(F)C(F)F)C(=O)O,0
ames1123,CCC=CC=CC=CC=CC=COC,1
ames5248,CC(C)(C#N)N=NC(C)(C)C#N,0
ames3187,BrCCBr,1
ames5252,C=C(C)C(=O)OCCOC(=O)C(=C)C,0
ames1128,CCC=CCC=CCC=CCCCCCCCC(=O)OCC,1
ames3194,CCOC(=O)N(CC)N=O,1
ames3196,CCOCCOC(C)=O,1
ames1138,CN(C)CCN(C)N=O,1
ames5262,CCCCCCC=CCCCCCCOC(C)=O,0
ames1141,CCOC(=O)C=NC(=O)C[NH+]=[N-],1
ames5265,O=C(O)C(O)C(O)C(=O)O,0
ames1143,[N-]=[N+]=NCC(N)C(=O)O,1
ames1144,CC(=O)NC(CSCCCl)C(=O)O,1
ames5268,CCCCCCC(=O)OCC,0
ames5270,C=CC=CC,0
ames1152,CCOC(N)=O,1
ames5278,O=C(O)CC(O)C(=O)O,0
ames1155,[N-]=[N+]=CC(=O)NCC(=O)NN,1
ames5283,C=C(C)C(=O)O,0
ames5284,FC(F)=C(F)F,0
ames5288,CC=NN(C)C=O,0
ames5289,O=C(O)C(F)(F)C(F)(Cl)C(F)(F)C(F)(Cl)C(F)(F)Cl,0
ames3227,NCCNCCNCCN,1
ames1167,NP(=O)(OCCC(=O)O)N(CCCl)CCCl,1
ames1169,CNC(=O)ON,1
ames3231,CC(C)N(C(=O)SCC(Cl)=CCl)C(C)C,1
ames3233,ClCCCl,1
ames1175,NCCNCCO,1
ames3237,NCCNCCNCCNCCN,1
ames3239,COO,1
ames3241,COP(=O)(OC)OC=C(Cl)Cl,1
ames1182,CC=C(C)CCl,1
ames3252,IC(I)I,1
ames3253,ClCBr,1
ames3259,C=C(C#N)C(=O)OC,1
ames3262,O=C(O)C(Cl)Br,1
ames5325,CCOC(=O)CC(C)=O,0
ames3264,CCN(CC)C(=O)C(Cl)=C(C)OP(=O)(OC)OC,1
ames1204,CCOC(=O)N(CCC=O)N=O,1
ames3265,CCC=CC=CC=CC=CC=CC=COCC(O)CO,1
ames1212,C[N+]([O-])(CCCl)CCCl,1
ames3276,CC(C)CCON=O,1
ames3278,C=C(C=O)CCCC,1
ames1218,CCC(C)=NO,1
ames1220,CCOC(=O)CNC(=O)C(C)Br,1
ames3286,ClCC=CCCl,1
ames5353,CSCC(N)C(=O)O,0
ames3291,CC(CCl)OC(C)CCl,1
ames5359,C=CC(=O)OCCCCOC(=O)C=C,0
ames3296,CCN(CCO)N=O,1
ames1236,CCCCCON=O,1
ames3301,CC(Cl)CCl,1
ames3302,ClCCSCCCl,1
ames5365,CCCCCCCCCCCCCO,0
ames3305,BrCC=CCBr,1
ames1246,CC(O)C=CC=O,1
ames5372,S=C(S)NC=CNC(=S)S,0
ames5374,CC(=O)CCOOCCC(C)=O,0
ames1250,CCC(O)C=CC=CC=CC=CC=O,1
ames5376,NC(CCCCNCC(N)C(=O)O)C(=O)O,0
ames3314,CC[S+]([O-])CCSP(=O)(OC)OC,1
ames3319,C=C(Cl)CCl,1
ames1259,CNN=O,1
ames3320,NCCNCCNCCNCCNCCN,1
ames5384,CCCCCCCCO,0
ames3324,OC(CCl)CCl,1
ames5396,FC(F)C(F)C(F)(F)F,0
ames1272,O=C(C(Cl)Cl)C(Cl)(Cl)Cl,1
ames3335,CN(N=O)C(N)=O,1
ames5399,O=C(O)C=CC=CC(=O)O,0
ames3339,CCCCCCCCCCCCN(C)N=O,1
ames3341,C=C(Cl)C(=O)OC,1
ames3342,CCCCN(CCCC)N=O,1
ames5408,CC(C)C(N)C(=O)O,0
ames3345,O=C(O)CBr,1
ames5410,CNC(=O)N(O)C(=O)NC,0
ames3347,CCN(CCCO)N=O,1
ames3348,OCCCBr,1
ames5415,O=C(C(O)CO)C(O)C(O)CO,0
ames5416,O=C(O)CCCCCCCCC(=O)O,0
ames3354,CCCCN(CC(=O)CC)N=O,1
ames1294,C=COCC(F)(F)F,1
ames3355,C=CC(=O)OCCCl,1
ames5421,CC(C)COP(=S)(OCC(C)C)SCCl,0
ames3359,CCCCN(CC(C)=O)N=O,1
ames1304,CCCCBr,1
ames5430,CC(C)COC(=O)CCCCC(=O)OCC(C)C,0
ames3368,ClC=CCCl,1
ames3372,CC(=O)C(Cl)Cl,1
ames5437,CC=CC=CCCCCCCCO,0
ames5439,CC(=O)CCl,0
ames5440,CNC(=O)ON(C(=O)NC)C(=O)NC,0
ames1318,CCC(Cl)=[N+]([O-])O,1
ames3379,O=NN(CCO)CCCCO,1
ames1320,CCCCC=CC=O,1
ames3386,CC(C)CON=O,1
ames5451,C=C(C)C(=O)OCCOC(=O)NCCC(C)CC(C)(C)CNC(=O)OCCOC(=O)C(=C)C,0
ames5452,CCCCCCCCCCCCOCCOCCOCCOCCOCCOCCOCCO,0
ames3389,CC(O)COC(C)(C)C,1
ames5453,CCCC(C)CC(OC(=O)CC(CC(=O)O)C(=O)O)C(CC(C)CCCCCCC(O)CC(O)C(C)N)OC(=O)CC(CC(=O)O)C(=O)O,0
ames1330,O=CC(Br)=C(Br)C(=O)O,1
ames5454,CCC(CCC(C)=O)COC(=O)CCCCC(=O)O,0
ames5455,NC(CC(=O)O)C(=O)O,0
ames5456,C=CC(=O)OCCCCCC(C)C,0
ames3395,CCN(CC)N=O,1
ames5457,CCC(Cl)CC(Cl)CC(C)Cl,0
ames1339,CC(=O)NN,1
ames3401,C=CC#N,1
ames5469,CC(C)(C)NC(=O)SCC(NC(=O)CCC(N)C(=O)O)C(=O)NCC(=O)O,0
ames1346,O=C(O)C=CCl,1
ames3409,O=P(OC(CCl)CCl)(OC(CCl)CCl)OC(CCl)CCl,1
ames3410,OCC(O)CI,1
ames1350,CC(C)S(=O)(=O)Cl,1
ames3419,O=C(NCO)NCO,1
ames3422,OCC(Br)CBr,1
ames3423,O=NN(CCCl)C(=O)NCCCl,1
ames5488,C=C(C)C(=O)N[N+](C)(C)CC(C)O,0
ames3425,CCCCCN(CCCCO)N=O,1
ames3428,CCOC(=O)CBr,1
ames1368,CC(=O)CN(CC(C)O)N=O,1
ames5492,CCN(CC)CCCN,0
ames3432,CCCCN(CCO)N=O,1
ames3433,O=CC=O,1
ames5497,CC(O)CN(CCN(CC(C)O)CC(C)O)CC(C)O,0
ames1375,CN(C)C(=S)SNCCNSC(=S)N(C)C,1
ames3435,CN(CCCl)CCCl,1
ames3436,CN(C)C(=S)SSC(=S)N(C)C,1
ames3437,CCCCN(N=O)C(CCC)OC(C)=O,1
ames5507,CCN(CC)C(=S)SSCC(NC(C)=O)C(=O)O,0
ames1384,NC(=O)CNC(=O)N(CCCl)N=O,1
ames3444,ClCCBr,1
ames5508,CCCCC=[N+]([O-])[O-],0
ames5509,N=C(N)N,0
ames5514,CCC=CC=CC=CC=CC=CSCC(O)CO,0
ames3451,C=C(C)C(=O)OCC(Br)CBr,1
ames3453,OCC(CO)(CCBr)CCBr,1
ames1394,O=CC(Cl)=C(Cl)Cl,1
ames5521,CCOP(=S)(OCC)SCCl,0
ames3460,C=C(C=O)CCC,1
ames5526,CC(=O)NC(CSC(F)=C(F)C(F)(F)F)C(=O)O,0
ames3466,O=C(O)C(Br)Br,1
ames3469,CCCCN(C)N=O,1
ames3471,CCCCCCN(N=O)C(N)=O,1
ames1412,CC(C)Br,1
ames5536,NC(CCC(=O)NC(CSC(=O)NCCO)C(=O)NCC(=O)O)C(=O)O,0
ames3475,C=CCN=C=S,1
ames3476,CCN(N=O)C(N)=O,1
ames5540,FC(Cl)C(F)(F)C(F)(F)Cl,0
ames5542,CCOC(=O)C(Cl)C(C)=O,0
ames3479,CCCCN(CCC(C)=O)N=O,1
ames1420,O=CC(Br)CBr,1
ames3485,OCC(O)CCl,1
ames1432,CC(C)(C)OC(=O)NC(CN=[N+]=[N-])C(=O)O,1
ames3493,C=CC,1
ames5560,ClCC(CCl)(CCl)CCl,0
ames1439,C=C(C)C(=O)OCCN(C)C,1
ames3503,CCCN(CCC)N=O,1
ames5572,C=C(C)C(=O)OC,0
ames1447,CCCN=NC(C)(C)OO,1
ames5573,COC(N)=O,0
ames5574,C=CC(=O)OC,0
ames1451,CN(C)C(=O)N(C)C=O,1
ames5578,C=CC(=O)O,0
ames1453,COC(=O)C(C)Cl,1
ames5579,O=C(O)CC(=O)O,0
ames5580,CCCCC=O,0
ames3516,CCC(CC)[N+](=O)[O-],0
ames1458,N#CC(Cl)Br,1
ames5585,CCCCC,0
ames3525,CCCCCCCCCCCCCCCCCC[N+](C)(C)CCCCCCCCCCCCCCCCCC,0
ames5590,NC(=O)CCCCC(N)=O,0
ames5594,CCOC(=O)CC(SP(=S)(OC)OC)C(=O)OCC,0
ames5595,CC(C)C=O,0
ames5596,C=CCOC(=O)COCCC(C)C,0
ames5600,NCCCNCCCN,0
ames5602,CCCCCCCCC=O,0
ames5608,COCCO,0
ames5609,CC(C)C(C)C,0
ames3546,C=CCCC(C=O)CC,0
ames5613,CCCCOP(=O)(OCCCC)OCCCC,0
ames1488,CN=C(N)N[N+](=O)[O-],1
ames5615,C=CC(=O)OCCOCCOCCOCCOC(=O)C=C,0
ames5616,CCOCCOCCOCC,0
ames3553,ClC=C(Cl)Cl,0
ames3554,CC(C)=CC=O,0
ames5617,CC(C)(C)OOC(C)(C)C,0
ames1499,CCl,1
ames5626,CC(C)(O)C#N,0
ames1501,[N-]=[N+]=NCC(O)C(O)C(O)C(O)CO,1
ames3562,OCCS,0
ames5627,CC(C)CC(C)N,0
ames5628,CN(C)NC(=O)CCC(=O)O,0
ames5631,C=C,0
ames5633,C=CC(=O)OCCCC,0
ames1508,O=CC(Cl)=C(Cl)C(=O)O,1
ames1512,COCC=O,1
ames3574,NC(CSCC=CCl)C(=O)O,0
ames5639,CC(O)C(=O)O,0
ames5643,CCCCCCCCC,0
ames5648,NC(N)=S,0
ames5649,C=CCN(CC=C)CC=C,0
ames5652,CC(C)=CCCC(C)=CCCC(C)=CCCC=C(C)CCC=C(C)CCC=C(C)C,0
ames1527,O=C(CC(O)C(=O)OCCBr)OCCBr,1
ames3589,C=C(C)C(C)=O,0
ames5658,CC(O)CO,0
ames1533,CC=NO,1
ames3594,O=C(O)CC(Cl)C(=O)O,0
ames5659,C=CC(=O)OCC(C)C,0
ames5661,C=CC(=O)OCCOC,0
ames5662,C=CCO,0
ames5664,CCN,0
ames1539,ClCCOP(OCCCl)OCCCl,1
ames5665,CC(C)CNCC(C)C,0
ames1543,OC(O)C(Cl)(Cl)Cl,1
ames3606,COC(C)CCOC(C)=O,0
ames5671,CCCNCCC,0
ames1549,CC(C)COS(C)(=O)=O,1
ames1550,CN(C)[N+](=O)[O-],1
ames3613,NC(CSC(F)(F)C(F)Cl)C(=O)O,0
ames3616,[C-]#[O+],0
ames3617,CC(=O)C(N)C(O)C(O)CO,0
ames5682,CCC(C)N,0
ames5683,CCCCC(CC)COC(=O)CCCCCCCCC(=O)OCC(CC)CCCC,0
ames1560,ClSC(Cl)(Cl)Cl,1
ames3623,C=C(C)C(=O)OCCCCCOC(=O)C(=C)C,0
ames5686,ClC(Cl)Cl,0
ames3629,O=C(O)O,0
ames5692,CCCCCNCCCCC,0
ames3631,CCOC(=O)CC(=O)CCl,0
ames5697,CCOCCO,0
ames3636,CCOCC,0
ames3637,CCCCC(C)C(OC(=O)CC(CC(=O)O)C(=O)O)C(CC(C)CC(O)CCCCC(O)CC(O)C(C)N)OC(=O)CC(CC(=O)O)C(=O)O,0
ames5707,COP(C)(=O)OC,0
ames5708,CC(C)=O,0
ames5709,CN=C=O,0
ames1584,BrC=CBr,1
ames1585,C=CC(C)=O,1
ames5710,CCCC,0
ames5713,OCC(O)C(O)C(O)C(O)CO,0
ames1589,CCCCCN(N=O)C(=N)N[N+](=O)[O-],1
ames3652,NC(=O)NN=CC(=O)O,0
ames5716,ClC(Br)Br,0
ames5717,CC(C)NC(C)C,0
ames5718,CC=C(C)C#N,0
ames3657,CCOP(C)(=O)SCCN(C(C)C)C(C)C,0
ames5719,CCCC(O)C(CC)CO,0
ames3660,FC(F)(Cl)Br,0
ames3662,CCCCC(S)(CCC)CCCC,0
ames5725,CCOP(=S)(OCC)SCSP(=S)(OCC)OCC,0
ames3666,COP(=S)(Cl)OC,0
ames3667,ICI,0
ames5729,CCOP(=O)(CC)OCC,0
ames5732,NCCCCCCN,0
ames5733,C=CCNC(N)=S,0
ames3671,CCCC(C)CC(OC(=O)CC(CC(=O)O)C(=O)O)C(CC(C)CC(O)CCCCC(O)CC(O)C(C)N)OC(=O)CC(CC(=O)O)C(=O)O,0
ames3673,CC(S)C(=O)NCC(=O)O,0
ames5737,CCCCNCCCC,0
ames3677,CNCC(=O)O,0
ames1616,O=NSCCO,1
ames3680,CC(N)C(=O)O,0
ames1619,CC(C)[N+](=O)[O-],1
ames3683,FC(F)(F)CCl,0
ames5749,O=C(O)CCCC(=O)O,0
ames5751,CCOP(=S)(OCC)SCSC(C)(C)C,0
ames3689,CCCCCC(O)C=CC=O,0
ames1627,C=C(C)C(=O)C(=CC(=O)O)OC,1
ames5752,C=CC(=O)OCC(CO)(COC(=O)C=C)COC(=O)C=C,0
ames5757,NCCNCCN,0
ames5758,CCC=O,0
ames5759,C=C(C)C(=O)OCC(C)O,0
ames3698,C=CCCCCCCCCCCCCC,0
ames5761,CN(C)C#N,0
ames5762,BrC(Br)C(Br)(Br)Br,0
ames5764,C=CC(=O)OCC(CC)CCCC,0
ames3702,CN(N)C=O,0
ames5766,CCCCCCCC(=O)O,0
ames5767,CCCCCCCCCCCCCCCCCCN,0
ames5768,CCCCCCC=O,0
ames5771,CCCCN(CCCC)CCCC,0
ames5772,CCCC=C(C=O)CC,0
ames1648,CC(C)(S)C(N)C(=O)O,1
ames1649,COC(=O)C(CSCC(C)Br)NC(C)=O,1
ames3712,CCCCCCCCCCCCCCCCCC(=O)NCCCCC(NC(=O)CCC(NC(=O)C(C)NC(=O)C(C)OC(C(C=O)NC(C)=O)C(O)C(O)CO)C(N)=O)C(=O)O,0
ames5774,CCCCCN,0
ames5778,OCCNCCO,0
ames5782,CCCCCCCCCCCC(=O)O,0
ames5783,ClCC(Cl)(Cl)Cl,0
ames3724,NCC(=O)NCC(=O)NCC(=O)NCC(=O)O,0
ames5787,N#CCCC#N,0
ames1663,NC(CSC(Cl)=CCl)C(=O)O,1
ames5795,O=CO,0
ames3733,O=C(O)CC(O)(CC(=O)O)C(=O)O,0
ames5796,CCCC=O,0
ames5797,ClC(Cl)=C(Cl)C(Cl)=C(Cl)Cl,0
ames5799,CCCCCCCCCCCCS,0
ames5801,CN(C)C(=S)N(C)C,0
ames5803,CC(C)CN(CC(C)C)CC(C)C,0
ames3744,CC=[N+]([O-])[O-],0
ames3746,CC(C)OC(=O)CCl,0
ames3747,CCC(C(C)O)[N+](=O)[O-],0
ames1685,O=C(O)CC[N+](=O)[O-],1
ames3749,OCC#CCO,0
ames3750,CCCCCCCCCCCCOC(=O)CCSCCC(=O)OCCCCCCCCCCCC,0
ames5811,CCCCCCCCCC(=O)O,0
ames3753,COCCCN,0
ames3756,CC(C)(Br)C(Br)COP(=O)(OCC(Br)C(C)(C)Br)OCC(Br)C(C)(C)Br,0
ames5820,C=C(C)C(=O)OCCCCCCCCCC,0
ames3758,CCC(CO)NCCNC(CC)CO,0
ames5821,CC(C)S,0
ames3763,C=CC(C)C#N,0
ames5826,CC(O)CNCC(C)O,0
ames1702,O=[N+]([O-])C(Br)(Br)Br,1
ames3766,CCOP(=S)(OCC(C)C)SCCl,0
ames1707,[N-]=[N+]=NCCC(N)C(=O)O,1
ames5833,COC(C)=O,0
ames1710,CCN(CCCCO)N=O,1
ames3776,CCOC(=O)CNC(=O)CBr,0
ames5841,CC(=O)OC(C)C,0
ames1719,NC(CS)C(=O)NCC(=O)O,1
ames1720,CNC(=O)ONC(C)=O,1
ames3783,CC(Cl)C(=O)O,0
ames3784,C=C(C)C(=O)OCC(C)(C)C,0
ames3787,BrCCCBr,0
ames5847,C=CC(=C)C,0
ames5848,CC(CCl)OP(=O)(OC(C)CCl)OC(C)CCl,0
ames5852,ClC(Cl)(Cl)C(Cl)(Cl)Cl,0
ames5854,CNCCS(=O)(=O)O,0
ames1731,CCOC(=O)C(C)Br,1
ames3795,O=C(O)CCC(=O)O,0
ames5856,CCOCCOCCO,0
ames5857,CC(C)CN,0
ames5859,O=C(O)CN(CCN(CC(=O)O)CC(=O)O)CC(=O)O,0
ames1737,[N-]=[N+]=NCC(=O)C(O)C(O)C(O)CO,1
ames3801,CCOC(C=C(C)CCC=C(C)C)OCC,0
ames1739,CCCCN(N=O)C(=N)N[N+](=O)[O-],1
ames5864,CCN(CC)CCO,0
ames5867,CON,0
ames3806,CCC(CO)[N+](=O)[O-],0
ames5874,CCCCN(CCO)CCCC,0
ames5875,CCOC(=O)CC(C)O,0
ames5877,CCCCCCCCC=CCCCCCCCC(=O)O,0
ames5878,N#CCO,0
ames3817,CCCCCCCCCCCCCCCCCC(=O)OCC(O)CO,0
ames3818,CN[N+](=O)[O-],0
ames5879,C=CC(=O)OCC,0
ames5881,OCCO,0
ames5883,CCCCCCCCCCCCCl,0
ames3822,CC(Br)C(=O)NC(C)(C)C,0
ames3824,FC(F)(F)C(F)(F)C(Cl)Cl,0
ames5886,CC(=O)OCC=C(C)CCC=C(C)C,0
ames5888,CCCOP(=S)(OCCC)OP(=S)(OCCC)OCCC,0
ames5890,CC(=O)OCCC(C)C,0
ames5893,NC(=O)NNC(N)=O,0
ames5896,C=CC(N)=O,0
ames3839,NC(=O)CI,0
ames1776,CCOC(=O)C(N)CS,1
ames5902,CCCCC(CC)CN,0
ames3842,CC(C)(C)CBr,0
ames1779,COC(=O)C(C)CN=[N+]=[N-],1
ames5905,C=CC(=C)Cl,0
ames5906,C=CC(=O)NC(C)(C)CC(C)=O,0
ames5908,CN(C)CCN(C)C,0
ames1784,BrCCCCCBr,1
ames3852,CC(C)(C)OC(=O)OC(=O)OC(C)(C)C,0
ames5915,COC(=O)CCCC(=O)OC,0
ames5916,NCCS(=O)(=O)O,0
ames5924,CCCCCCCCCCCCCC(=O)O,0
ames5926,BrC(Br)C(Br)Br,0
ames5928,CSCCC=O,0
ames5929,CCCCCCNCCCCCC,0
ames5932,C=CC(=O)OCCN(C)C,0
ames5933,OCCCCO,0
ames5938,CCCCCl,0
ames5941,C=CCCCCCC,0
ames3881,CC(O)C(C)[N+](=O)[O-],0
ames5943,N#CCCl,0
ames5948,N#CCCCCC#N,0
ames5951,CCCCOCCOCCOCCCC,0
ames5952,CCO,0
ames5953,CC(CC(=O)O)C(=O)O,0
ames5954,CC(C)(C)OOC(C)(C)CCC(C)(C)OOC(C)(C)C,0
ames1832,CC(=O)CN(C)N=O,1
ames3898,CCOC(=O)CNC(=O)C(C)(C)Br,0
ames3899,OCC(O)CO,0
ames5957,CC(C)CO,0
ames5959,CCCCCCCCCCCCOS(=O)(=O)O,0
ames5964,CC(C)(C#N)C(C)(C)C#N,0
ames5967,CC(=O)OO,0
ames5968,COCCOCCOC,0
ames3910,CCCCCCCCCCCC(=O)OOC(=O)CCCCCCCCCCC,0
ames5972,C=CCOC(=O)CC(C)C,0
ames3915,C=C(C)C(=O)OC(C)(C)C,0
ames5974,CCCCOCCOCCSC#N,0
ames5975,CCCCN,0
ames5978,C=CCN,0
ames3921,O=C(O)C(=O)C(=O)O,0
ames1858,CC(C)CCOS(C)(=O)=O,1
ames5986,COC(C)(C)CC(C)=O,0
ames3931,CCCCCCCCCCCCCCCCCC(N)=O,0
ames5990,FC(Cl)(Cl)Cl,0
ames1867,CN=[N+](C)[O-],1
ames5992,CC(=O)CC(C)(C)O,0
ames5994,CCCCCCCCCCCCCCCCCCOC(=O)CCCCCCCCCCCCCCC,0
ames5995,OCCN(CCO)CCO,0
ames1872,CCCN(N=O)C(=N)N[N+](=O)[O-],1
ames5998,C=C(C)C(=O)OC(C)C,0
ames3940,CC(Cl)(Cl)C(=O)O,0
ames3941,C=CC(=O)OCCCCC,0
ames6001,ClC(Cl)C(Cl)Cl,0
ames1877,O=CC(Cl)(Cl)Cl,1
ames6003,N#CC(=N)C(N)C#N,0
ames6005,CC(=O)C(C)O,0
ames1882,N=C(N)S(=O)O,1
ames3948,CCCCCCCCCCCCCCCCCCO,0
ames1886,CC(Br)C(Br)COP(=O)(OCC(Br)C(C)Br)OCC(Br)C(C)Br,1
ames3952,CCCO,0
ames6014,CCOC(=O)OCC,0
ames1890,CC(C)(C)OC(=O)C(N)CN=[N+]=[N-],1
ames6016,CCCCCCCCCCCC(=O)N(CCO)CCO,0
ames3960,C[N+](C)(C)CCO,0
ames6018,OC[PH](CO)(CO)CO,0
ames3962,CC(=O)OCN=[N+](C)[O-],0
ames6019,CNCCO,0
ames6021,CCSCCC(N)C(=O)O,0
ames1899,COCCOC(C)=O,1
ames3965,CC(Br)(CO)CBr,0
ames6024,CC(=O)Cl,0
ames6025,COCCOCCO,0
ames6028,O=C(Cl)OCCCl,0
ames3971,CC(O)C#N,0
ames6029,NC(=S)NNC(N)=S,0
ames3973,CCC=CC=CC=CC=CC=O,0
ames3974,CCCCCCCCCCC,0
ames3975,CCOC(=O)OC(=O)OCC,0
ames1910,CNC(=O)C=C(C)OP(=O)(OC)OC,1
ames6030,CCCCCC,0
ames6032,NC(CCC(=O)O)C(=O)O,0
ames6034,C=CC(C)(O)CCC=C(C)C,0
ames6035,C#N,0
ames3981,COP(=S)(OC)OC,0
ames6037,FC(F)(F)C(Cl)Br,0
ames6039,NCCCN,0
ames6042,CCCC(=O)O,0
ames3986,CCC(C)C=O,0
ames6045,CCCCC(CC)COC(=O)CCCCC(=O)OCC(CC)CCCC,0
ames1922,[N-]=[N+]=NCC(O)CO,1
ames1923,O=CC=CC=CC=O,1
ames3989,CC(C)CCO,0
ames6050,CCC(=O)O,0
ames6056,CC(C)O,0
ames6057,O=C(O)CCl,0
ames6058,NNC(N)=O,0
ames1935,CCN(CC)[N+]([O-])=NO,1
ames4001,O=C(O)CCCCCCCCCCCCCCCCCO,0
ames4002,C=CC(=O)NCCC[N+](C)(C)C,0
ames4003,CCCCOCC=O,0
ames6059,CC(C)(C)N,0
ames6066,CC(O)CN(CC(C)O)CC(C)O,0
ames6068,O=C(C(F)(F)F)C(F)(F)F,0
ames4012,O=C(O)C(O)C(O)C(O)C(O)CO,0
ames6073,CCCCNCC,0
ames6075,CC(C)CC(=O)CC(C)C,0
ames6076,COC(C)(C)C,0
ames6079,CNC(=O)NC,0
ames4022,C=COC,0
ames4023,O=C(CCl)NCO,0
ames1958,N#CN=C(N)N,1
ames6080,CCCCC(CC)COCCC#N,0
ames6085,CC(N)=O,0
ames6086,CC(C)(C)O,0
ames6087,CCCCOCCOCCO,0
ames6091,C=CCCCC,0
ames4036,ClCCN(CCCl)CCCl,0
ames6094,CCCCC=CC=CCC=O,0
ames4038,CCN=NC(C)(C)OO,0
ames6095,CCCCCCCCC=CCCCCCCCC(=O)OC,0
ames1974,CN(C=O)N=O,1
ames1975,CC(C)CN(N)CC(C)C,1
ames6097,CC(=O)N(C)C,0
ames6098,CCOC(=O)CC(SP(=O)(OC)OC)C(=O)OCC,0
ames6099,CC(=O)O,0
ames6101,CCN(CC)CC,0
ames6102,C=CC(=O)OCCCCCCOC(=O)C=C,0
ames6104,C=CCSSCCC,0
ames1983,CNP(=O)(N(C)C)N(C)C,1
ames6108,ClC(Cl)C(Cl)(Cl)Cl,0
ames6109,CSSC,0
ames4052,FC(F)(F)C(F)(F)C(F)(F)C(F)(F)I,0
ames6113,CCCCN(CC)CC,0
ames6114,C=C(C)C(=O)OCC(C)C,0
ames6119,CN(CCO)CCO,0
ames6120,CC=CC=CC(=O)O,0
ames6121,CCSC(=O)Cl,0
ames6124,C=CC(=C)CCC=C(C)C,0
ames4068,N#CC(C#N)=C(C#N)C#N,0
ames2003,O=C(O)C(Cl)=C(C(Cl)Cl)C(Cl)Cl,1
ames6127,N#CCCC(Br)(C#N)CBr,0
ames4071,CN(C)CCO,0
ames4072,O=P(OCCC(Br)CBr)(OCCC(Br)CBr)OCCC(Br)CBr,0
ames4073,CCCCSCCC(N)C(=O)O,0
ames6129,CCCCC(CC)C(=O)O,0
ames6132,CCCN(CCC)CCC,0
ames4076,CCC=CC#N,0
ames2011,CSCCl,1
ames6134,CNC(=O)ON=CC(C)(C)SC,0
ames6136,N#CCBr,0
ames2015,NC(CCC(=O)NC(CSC(Cl)=C(Cl)C(Cl)=C(Cl)Cl)C(=O)NCC(=O)O)C(=O)O,1
ames2016,CCOCCOCC,1
ames4081,CCOC(=O)CC(C)C,0
ames6142,CCCCCCCCCCCCCCCCCCCCCCCCCCCCO,0
ames6143,C=C(C)C#N,0
ames4086,CCCCO,0
ames6144,CN,0
ames4088,C=CCCCCCCCCC,0
ames4090,CCCCCC(=O)OCC,0
ames2025,COC(=O)C(CSCCBr)NC(C)=O,1
ames4091,FC(Cl)C(F)(F)F,0
ames4092,CSCCC(N)C(=O)O,0
ames2028,OCC(Cl)Cl,1
ames4094,CCOC(=O)CC(SP(=O)(OC)SC)C(=O)OCC,0
ames6150,N#CCl,0
ames6152,CNC(=S)N(C)C,0
ames4101,C=C(C)C(=O)OCCOCCOC(=O)C(=C)C,0
ames4102,CN(C)C(=N)N(C)C,0
ames6159,CC(CCN(C)C)N(C)C,0
ames2039,O=CC(=O)O,1
ames2046,C=C(Br)CBr,1
ames2047,CCC=CC=CC=CC=CC=COCC(C)O,1
ames2050,CCCCN(N=O)C(C=O)=NO,1
ames4117,CCN(N)CC,0
ames2052,ClCC(Br)CCl,1
ames4119,COP(=O)(SC)SC,0
ames0002,Cc1cccc([N+](=O)[O-])c1C,1
ames4124,CSCCC(NC=O)C(=O)NC(Cc1ccccc1)C(=O)O,0
ames4125,COc1c(C(C)(C)C)cc([N+](=O)[O-])c(C)c1[N+](=O)[O-],0
ames4126,CCc1ccccc1[N+](=O)[O-],0
ames6182,Clc1cc(Cl)c(Cl)c(Cl)c1,0
ames6183,COC(=O)c1ccc(C(=O)OC)cc1,0
ames6184,Cc1c(N)cccc1Cl,0
ames6188,CCCCC(CC)COC(=O)c1ccccc1C(=O)OCC(CC)CCCC,0
ames0011,CCCCOc1ccc(N=O)cc1,1
ames4133,CCCOC(=O)c1ccc(O)cc1,0
ames6191,CCCCCCOC(=O)c1ccccc1C(=O)OCCCCCC,0
ames0015,Cc1ccc(S(=O)(=O)NN)cc1,1
ames2069,Cc1ccc(C)c(NO)c1,1
ames6193,CCN(CC)c1ccc(N=O)c(O)c1,0
ames0019,COc1cccc(N)c1,1
ames0021,N#Cc1cc([N+](=O)[O-])ccc1N,1
ames6199,Clc1ccccc1Cl,0
ames6203,CCCCNC(=O)NS(=O)(=O)c1ccc(C)cc1,0
ames4147,O=C(O)Cc1cccc([N+](=O)[O-])c1,0
ames0027,Cc1cccc(CN(C)N=O)c1,1
ames0028,CCN(CC)c1ccc([N+](=O)[O-])cc1,1
ames4148,Cc1cc(S(=O)(=O)O)ccc1N,0
ames6206,N#Cc1ccccc1,0
ames0031,Cc1cccc(C(=O)Cl)c1,1
ames2085,CC(Cc1ccc(O)c(O)c1)(NN)C(=O)O,1
ames6207,Nc1ccc(O)cc1,0
ames2088,[N-]=[N+]=Nc1ccc(F)c([N+](=O)[O-])c1,1
ames0035,Clc1ccc(C(Cl)(Cl)Cl)cc1,1
ames2089,O=C(Cl)c1ccccc1[N+](=O)[O-],1
ames6208,C=CCc1ccc(OC)c(OC)c1,0
ames6210,Cc1ccc(C(C)(C)C)cc1,0
ames6217,Cc1ccc(C(=O)O)cc1,0
ames6218,O=Cc1ccccc1Cl,0
ames0042,CCCCC(CC)COC(=O)c1ccc(N(C)C)c([N+](=O)[O-])c1,1
ames2096,Cc1c(C(=O)O)cccc1[N+](=O)[O-],1
ames0044,O=[N+]([O-])c1ccccc1SSC(Cl)=C(Cl)C(Cl)=C(Cl)Cl,1
ames2097,CCOc1ccc([N+](=O)[O-])cc1,1
ames4172,Cc1c(N=O)cccc1[N+](=O)[O-],0
ames6229,CCC(C)(C)c1ccc(O)cc1,0
ames4174,O=C(O)CCc1ccccc1,0
ames6234,Cc1cc(O)ccc1Cl,0
ames6236,Cc1ccc(C(C)C)c(O)c1,0
ames6237,Cc1cccc(O)c1C,0
ames4181,O=C(CBr)c1ccccc1,0
ames2115,Cc1ccc([N+](=O)[O-])cc1C(=O)O,1
ames4182,COc1cc(C=CC(=O)O)ccc1O,0
ames6239,O=C(O)CCCOc1ccc(Cl)cc1Cl,0
ames4185,O=C(O)CC(NC(=O)COc1cc(Cl)c(Cl)cc1Cl)C(=O)O,0
ames4186,N#Cc1c(Cl)cccc1Cl,0
ames6241,CCN(N=O)c1ccccc1,0
ames0068,O=Cc1ccc([N+](=O)[O-])cc1[N+](=O)[O-],1
ames2125,O=C(Cl)c1cccc([N+](=O)[O-])c1,1
ames0073,Nc1cccc([N+](=O)[O-])c1,1
ames2128,O=C(Cl)Cc1ccccc1,1
ames2129,Cc1ccccc1NO,1
ames6252,C=C(C)c1ccccc1,0
ames6255,CCCCC(CC)COC(=O)c1ccc(C(=O)OCC(CC)CCCC)c(C(=O)OCC(CC)CCCC)c1,0
ames0078,O=Cc1ccccc1[N+](=O)[O-],1
ames4202,CC(NC(=O)COc1ccc(Cl)cc1Cl)C(=O)O,0
ames6264,CC=Cc1ccc(OC)cc1,0
ames4212,O=C(CBr)Nc1ccccc1,0
ames0092,Cc1ccc([N+]#N)cc1,1
ames6271,Nc1cc(S(=O)(=O)O)ccc1O,0
ames0097,O=[N+]([O-])c1ccccc1SSC(Cl)=C(Cl)Cl,1
ames4219,CC(CC=O)c1ccc(C(C)(C)C)cc1,0
ames6276,Cc1c(Br)c(Br)c(Br)c(Br)c1Br,0
ames4221,N#Cc1cc(Br)c(O)c(Br)c1,0
ames0101,CCc1cccc(CC)c1N=O,1
ames4223,COC(=O)c1ccc(CN(C)N=O)cc1,0
ames2157,CC(=O)Nc1ccc(C)c(N)c1,1
ames2158,CCOc1ccc(N=O)cc1,1
ames4224,Nc1ccccc1[N+](=O)[O-],0
ames6284,CC(=O)Nc1cccc(O)c1,0
ames6287,CNC(=O)c1ccccc1,0
ames6292,O=C(O)c1cc(Cl)ccc1Cl,0
ames0115,CC(=O)OCc1cc(C(C)=O)ccc1OC(C)=O,1
ames6293,CCOC(=O)C(C)(C)Oc1ccc(Cl)cc1,0
ames2171,CCOP(=O)(OCC)Oc1ccc([N+](=O)[O-])cc1,1
ames4239,Nc1c(O)cccc1C(=O)O,0
ames0119,CCCCON(OC(C)=O)C(=O)c1ccc(C)cc1,1
ames4240,CC(C)CCCCCOC(=O)c1ccccc1C(=O)OCCCCCC(C)C,0
ames6294,Oc1cccc(O)c1,0
ames6296,O=C(O)c1c(Cl)cccc1Cl,0
ames4244,Sc1ccccc1,0
ames2178,O=C(O)c1cc([N+](=O)[O-])ccc1[N+](=O)[O-],1
ames4246,O=[N+]([O-])c1cc([N+](=O)[O-])c(O)c([N+](=O)[O-])c1O,0
ames6297,CC(=O)Nc1ccc(C(=O)O)cc1,0
ames2181,O=[N+]([O-])c1cccc(CCl)c1,1
ames6300,Oc1c(Br)c(Br)c(Br)c(Br)c1Br,0
ames6302,Cc1ccc(Cl)cc1,0
ames2184,[N-]=[N+]=NCC(CO)Cc1ccccc1,1
ames6304,Oc1c(Cl)cc(Cl)cc1Cl,0
ames6309,NC(=O)c1ccccc1O,0
ames4254,Cc1ccc(CCl)cc1,0
ames2188,Cc1ccc([N+](=O)[O-])cc1C,1
ames6312,COP(=O)(OC)OC(C)=CC(=O)OC(C)c1ccccc1,0
ames6314,CCOCCOC(=O)C=Cc1ccc(OC)cc1,0
ames0137,Nc1cc(Cl)cc(C(=O)O)c1Cl,1
ames0138,O=C(Cl)c1c(Cl)cccc1Cl,1
ames2191,O=C(O)CCCc1ccc(NCCCl)cc1,1
ames6317,Nc1ccc(Br)cc1,0
ames2199,Cc1ccc(O)c(C)c1,1
ames6321,Nc1cc(C(=O)O)c(O)c(S(=O)(=O)O)c1,0
ames4266,Cc1ccc(NC(=O)N(C)C)cc1Cl,0
ames0147,O=[N+]([O-])c1cc(Cl)ccc1Cl,1
ames4268,Fc1c(F)c(Cl)c(F)c(Cl)c1F,0
ames0149,C=Cc1ccc([N+](=O)[O-])cc1,1
ames6329,O=Cc1ccc(Cl)cc1,0
ames6331,Clc1cc(Cl)c(Cl)cc1Cl,0
ames2214,O=C(Cl)c1ccc(C(=O)Cl)cc1,1
ames2215,Nc1ccc(Cl)cc1[N+](=O)[O-],1
ames6336,Nc1ccccc1Cl,0
ames6339,O=C(O)COc1ccc(Cl)cc1Cl,0
ames4283,ClC=C(Cl)c1c(Cl)c(Cl)c(Cl)c(Cl)c1Cl,0
ames6341,CCCCCCCCOc1ccc(C(=O)O)cc1,0
ames0164,Nc1cc([N+](=O)[O-])cc([N+](=O)[O-])c1,1
ames0165,Cc1cccc(C(=O)O)c1[N+](=O)[O-],1
ames6345,Clc1ccc(Br)cc1,0
ames2229,COc1ccccc1C=CC=O,1
ames6349,Nc1ccccc1C(=O)O,0
ames4293,CC(C)Nc1ccccc1,0
ames6352,Cc1cccc(C)c1,0
ames4297,CN(Cc1ccccc1)C(=O)CBr,0
ames4298,CN(C)Cc1ccccc1,0
ames4300,Cc1cc([N+](=O)[O-])cc([N+](=O)[O-])c1C,0
ames6357,C=CC(C)(CCC=C(C)C)OC(=O)c1ccccc1N,0
ames6360,C=C(CC)C(=O)c1ccc(OCC(=O)O)c(Cl)c1Cl,0
ames2242,O=C(Cl)c1cc([N+](=O)[O-])cc([N+](=O)[O-])c1,1
ames6361,Cc1ccc(Cl)cc1N,0
ames2245,CCN(CC)c1ccc(N=O)cc1,1
ames4312,COc1cccc(C(=O)CBr)c1,0
ames6369,O=Cc1ccccc1,0
ames6371,CC(=O)OCc1ccccc1,0
ames2253,O=Nc1ccc(O)cc1,1
ames6372,COC(=O)c1ccccc1C(=O)OC,0
ames0196,CN(Cc1ccc(F)cc1)N=O,1
ames4317,CCCCCCCCCCCCc1ccccc1,0
ames2257,Nc1c(Br)cc([N+](=O)[O-])cc1[N+](=O)[O-],1
ames6373,Oc1c(Cl)cccc1Cl,0
ames4328,CC(C)(C)C(Br)C(=O)Nc1ccccc1,0
ames4331,CN(C)N=Nc1ccc(C(=O)O)cc1,0
ames2270,O=[N+]([O-])c1cccc(O)c1[N+](=O)[O-],1
ames6388,Cc1ccc(O)cc1,0
ames6390,CCC(C)Nc1ccc(NC(C)CC)cc1,0
ames6391,OCc1ccccc1,0
ames6393,Oc1c(Cl)c(Cl)cc(Cl)c1Cl,0
ames2275,O=[N+]([O-])c1cccc([N+](=O)[O-])c1,1
ames4337,O=C(O)C=Cc1ccccc1,0
ames4338,Cc1ccc(NCCO)cc1O,0
ames6397,CC(C)NCC(O)c1ccc(NS(C)(=O)=O)cc1,0
ames4341,O=C(O)CCC(=O)Nc1ccc(Cl)cc1,0
ames6399,Cc1cc(C)cc(O)c1,0
ames6400,Clc1cc(Cl)cc(Cl)c1,0
ames6402,CC(=O)NS(=O)(=O)c1ccc(N)cc1,0
ames0224,O=[N+]([O-])c1ccccc1Cl,1
ames6404,C=CCOC(=O)c1ccccc1C(=O)OCC=C,0
ames0226,CC(=O)OCc1ccc([N+](=O)[O-])cc1,1
ames2285,O=C(O)Cc1ccc(O)c(O)c1,1
ames6405,CCC(=O)Nc1ccc(Cl)c(Cl)c1,0
ames2291,COP(=O)(OC)Oc1ccc([N+](=O)[O-])c(C)c1,1
ames4354,Cc1c(O)cc([N+](=O)[O-])cc1[N+](=O)[O-],0
ames2294,CN(C)N=Nc1ccc(Cl)cc1,1
ames4356,O=[N+]([O-])c1cccc([N+](=O)[O-])c1O,0
ames0240,Cc1ccc([N+](=O)[O-])c([N+](=O)[O-])c1,1
ames2302,Nc1ccc([N+](=O)[O-])c(N)c1,1
ames6429,CC(C)NCC(O)COc1ccc(CC(N)=O)cc1,0
ames4372,CCC(CCCC(=O)O)COC(=O)c1ccccc1C(=O)O,0
ames4373,Nc1c(Cl)cc(Cl)cc1Cl,0
ames2313,Cc1cc(S(=O)(=O)O)c(N)cc1Cl,1
ames0254,Nc1ccc([N+](=O)[O-])cc1O,1
ames2315,O=[N+]([O-])c1ccc(Cl)c([N+](=O)[O-])c1,1
ames4375,CCCCCN(CCCOC)C(=O)C(CCC(=O)O)NC(=O)c1ccc(Cl)c(Cl)c1,0
ames4378,NC(Cc1ccc(O)c([N+](=O)[O-])c1)C(=O)O,0
ames6430,Cc1cccc(C#N)c1,0
ames0259,Nc1cc([N+](=O)[O-])cc([N+](=O)[O-])c1O,1
ames6432,O=C(O)c1cccc(Cl)c1,0
ames4382,CSCNc1ccccc1C(C)=O,0
ames6433,Clc1ccc(Cl)cc1,0
ames6434,O=Cc1ccc(Cl)cc1Cl,0
ames6436,Oc1c(Cl)c(Cl)c(Cl)c(Cl)c1Cl,0
ames6440,COc1cc(N)cc(OC)c1N,0
ames2327,CSc1cc(SC)c(N)c(C)c1N,1
ames2328,CCN(N)c1ccccc1,1
ames6443,N#CC(O)c1ccccc1,0
ames6444,Oc1cc(Cl)ccc1Cl,0
ames6448,Oc1cc(Cl)c(Cl)c(Cl)c1,0
ames0271,O=CC=Cc1ccccc1Cl,1
ames2339,Nc1cccc(N)c1C(=O)O,1
ames2340,CCNS(=O)(=O)c1ccccc1C,1
ames4400,Cc1ccc(S(=O)(=O)OCC(C)C)cc1,0
ames4402,Cc1ccc(C)c(O)c1C,0
ames0282,Nc1ccc(F)cc1,1
ames4404,Sc1c(Cl)c(Cl)c(Cl)c(Cl)c1Cl,0
ames0284,Nc1ccc(Cl)cc1,1
ames0285,Nc1ccc(NOS(=O)(=O)O)cc1Cl,1
ames4407,CC(=O)c1cc(NC(=O)NC(C)(C)C)ccc1OCC(O)CNC(C)(C)C,0
ames4408,OCCOc1cc(Cl)c(Cl)cc1Cl,0
ames4410,COP(=S)(OC)Oc1ccc(SC)c(C)c1,0
ames2350,Nc1c([N+](=O)[O-])cccc1[N+](=O)[O-],1
ames4412,COc1ccc(CO)cc1,0
ames6461,Cc1ccc(CO)cc1,0
ames6462,CCOc1cc(C=O)ccc1O,0
ames6466,C=CC(O)c1ccc(OC)cc1,0
ames2355,CC(Br)C(=O)NCc1ccc(Cl)cc1,1
ames4416,O=C(O)CCC(=O)Nc1ccc(Cl)c(Cl)c1Cl,0
ames2357,CCCCCCCCON(OC(C)=O)C(=O)c1ccccc1,1
ames6471,Cc1c(C)c(Br)c(Br)c(Br)c1Br,0
ames6476,CCCCCCCCCCCCCOC(=O)c1ccccc1C(=O)OCCCCCCCCCCCCC,0
ames2360,Cc1ccc([N+](=O)[O-])cc1[N+](=O)[O-],1
ames0300,O=[N+]([O-])c1ccc(Cl)c(Cl)c1Cl,1
ames6478,CN(C)C(=O)Nc1ccc(Cl)cc1,0
ames4424,Nc1cccc(O)c1[N+](=O)[O-],0
ames0303,NC(=O)c1ccccc1[N+](=O)[O-],1
ames4425,Nc1cc([N+](=O)[O-])cc(S(=O)(=O)O)c1O,0
ames4426,CC(=O)Nc1ccc(CC(=O)O)cc1,0
ames6488,COC(=O)c1ccccc1,0
ames6489,CCOc1ccc(NC(N)=O)cc1,0
ames0314,Nc1ccc(CC(=O)O)cc1,1
ames6494,Cc1c(C)c(N)c(C)c(C)c1N,0
ames6495,CCc1c(Br)c(Br)c(Br)c(Br)c1Br,0
ames4440,SCc1ccccc1,0
ames6501,Cc1cccc(C)c1O,0
ames2385,Cc1cc(NOS(=O)(=O)O)ccc1N,1
ames6504,Cc1ccccc1C#N,0
ames4448,O=[N+]([O-])c1ccccc1S(=O)(=O)O,0
ames6505,C=CCc1ccc(OC)cc1,0
ames4450,O=[N+]([O-])c1cc(C(F)(F)F)cc([N+](=O)[O-])c1O,0
ames4451,Nc1ccc(Cl)c(Cl)c1Cl,0
ames6507,O=C(O)c1ccccc1Cl,0
ames6508,Nc1ccccc1,0
ames6509,FC(F)(F)c1ccc(Cl)cc1,0
ames6510,Oc1ccc(Cl)cc1,0
ames2399,CNc1ccc(O)cc1,1
ames4461,CC(C)OC(=O)COc1ccc(Cl)cc1Cl,0
ames2405,O=[N+]([O-])c1ccc(S)cc1,1
ames2410,Cc1cc(C)c(N)c(C)c1N,1
ames4470,CC(=O)N(O)c1ccc(Cl)cc1,0
ames0356,CN(Cc1ccc([N+](=O)[O-])cc1)N=O,1
ames2419,O=[N+]([O-])c1ccc([N+](=O)[O-])cc1,1
ames0362,Cc1cc(C)cc([N+](=O)[O-])c1,1
ames2425,CCOc1ccc(NC(=O)CC(C)O)cc1,1
ames0364,COP(=S)(OC)Oc1ccc([N+](=O)[O-])c(C)c1,1
ames4485,CCc1cccc(CC)c1NC(C)=O,0
ames4488,O=[N+]([O-])c1ccc(S(=O)(=O)O)cc1,0
ames0371,CCc1cccc(CC)c1N,1
ames2436,CCC(=O)OCc1ccc([N+](=O)[O-])cc1,1
ames4496,O=C(O)CCC(=O)OCC(NC(=O)C(Cl)Cl)C(O)c1ccc([N+](=O)[O-])cc1,0
ames4497,O=C(O)CCC(=O)Nc1cc(Cl)c(Cl)c(Cl)c1,0
ames0378,COP(=S)(OC)Oc1ccc([N+](=O)[O-])cc1,1
ames0381,CC(CN=[N+]=[N-])c1ccccc1,1
ames2446,Nc1cc([N+](=O)[O-])ccc1C(=O)O,1
ames0387,CC(=O)c1cc(NC(N)=O)ccc1OCC(O)CNC(C)(C)C,1
ames2450,O=C(O)CNC(=O)c1ccc([N+](=O)[O-])cc1,1
ames4509,O=[N+]([O-])c1ccc(O)cc1,0
ames2454,NC(=O)c1cccc([N+](=O)[O-])c1,1
ames4515,CC(=O)OCc1cccc([N+](=O)[O-])c1,0
ames2457,NNc1ccc([N+](=O)[O-])cc1[N+](=O)[O-],1
ames4516,CCC(CCC(C)=O)COC(=O)c1ccccc1C(=O)O,0
ames0396,O=C(O)c1ccc([N+](=O)[O-])c([N+](=O)[O-])c1,1
ames2461,COc1cccc(CN(C)N=O)c1,1
ames4521,COc1ccc(CN(C)N=O)cc1,0
ames4524,Nc1ccc(S(=O)(=O)O)cc1C(=O)O,0
ames0408,Nc1cc([N+](=O)[O-])ccc1O,1
ames4530,Nc1cc(Cl)cc(Cl)c1O,0
ames4531,O=C(O)c1cccc(C(=O)O)c1,0
ames0412,Fc1ccccc1,1
ames4536,CC(=O)ON(C(C)=O)c1ccccc1C,0
ames2479,CC(=O)OCN(N=O)c1ccccc1,1
ames4538,CCN(CC)S(=O)(=O)c1ccc(N)cc1,0
ames4539,ClC(Cl)=Cc1c(Cl)c(Cl)c(Cl)c(Cl)c1Cl,0
ames4541,NC(Cc1ccc(O)cc1)C(=O)O,0
ames4542,CC(=O)CC(=O)Nc1ccc(O)cc1,0
ames2484,CNC(=O)Oc1ccccc1OC(C)C,1
ames0422,O=[N+]([O-])c1ccc(Br)c([N+](=O)[O-])c1,1
ames4544,NC(CCC(=O)Nc1ccc([N+](=O)[O-])cc1)C(=O)O,0
ames4545,ClCc1ccccc1CCl,0
ames0426,CN(C)C(=O)Nc1ccc(Cl)c(Cl)c1,1
ames2492,CC(=O)c1cccc([N+](=O)[O-])c1,1
ames4551,COc1cc([N+](=O)[O-])c(O)c(C(C)(C)C)c1,0
ames2494,Cc1ccccc1C(=O)Cl,1
ames2495,NC(Cc1ccc(O)c(O)c1)C(=O)O,1
ames4553,Cc1c(C)c([N+](=O)[O-])c(C(C)(C)C)c([N+](=O)[O-])c1C,0
ames0434,O=C(O)C=Cc1ccc([N+](=O)[O-])cc1,1
ames4558,CCCCCCCCCc1ccccc1C(CO)OS(=O)(=O)O,0
ames4560,O=[N+]([O-])c1ccccc1,0
ames4561,CC(c1ccccc1)N(C)C,0
ames0443,O=C(O)c1ccc(S(=O)(=O)N(Cl)Cl)cc1,1
ames2506,Nc1c(Cl)cc([N+](=O)[O-])cc1[N+](=O)[O-],1
ames4566,ClCc1ccc(CCl)cc1,0
ames0447,O=CC=Cc1ccc([N+](=O)[O-])cc1,1
ames2511,CCCCCOc1ccc(N=O)cc1,1
ames2512,Cc1ccc(NCCCl)cc1,1
ames2514,[N-]=[N+]=NCc1ccccc1,1
ames2515,Nc1ccccc1S(=O)(=O)O,1
ames4575,O=[N+]([O-])c1cc(C(F)(F)F)cc([N+](=O)[O-])c1Cl,0
ames4578,O=C(Cl)c1ccc(Cl)cc1,0
ames2520,CCCN(CCC)c1c([N+](=O)[O-])cc(C(F)(F)F)cc1[N+](=O)[O-],1
ames0459,COC(=O)NC(=S)Nc1ccccc1NC(=S)NC(=O)OC,1
ames0460,Cc1c(N)cc([N+](=O)[O-])cc1N,1
ames4581,CNS(=O)(=O)c1ccc(N)cc1,0
ames0462,NNc1ccc([N+](=O)[O-])cc1,1
ames2525,CC(=O)Nc1cccc(N)c1C(=O)O,1
ames4585,CNS(=O)(=O)c1ccc(NC(C)=O)cc1,0
ames4586,O=C(O)Cc1ccc(Cl)cc1,0
ames4588,CCC(=O)NCc1ccccc1,0
ames0467,O=Cc1c([N+](=O)[O-])cccc1[N+](=O)[O-],1
ames0470,Cc1ccc(C(O)(P(=O)(O)O)P(=O)(O)O)cc1N(CCCl)CCCl,1
ames2534,O=[N+]([O-])C(Br)=Cc1ccccc1,1
ames2535,NC(CSc1ccc([N+](=O)[O-])cc1[N+](=O)[O-])C(=O)O,1
ames4593,CC(C)C(=O)Nc1ccccc1,0
ames0474,ON=C(O)c1ccc(O)c(O)c1,1
ames4597,CCOP(=O)(NC(C)CC)Oc1cc(C)ccc1[N+](=O)[O-],0
ames0477,O=C(Cl)c1ccc(Cl)cc1Cl,1
ames0478,O=C(O)c1ccc([N+](=O)[O-])cc1,1
ames2541,O=[N+]([O-])c1cc(F)ccc1F,1
ames2542,Cc1ccc([N+](=O)[O-])c(C)c1,1
ames4599,N#Cc1ccc(CCl)cc1,0
ames0482,CCCCON(OC(C)=O)C(=O)c1ccc([N+](=O)[O-])cc1,1
ames0483,O=CC=Cc1ccccc1,1
ames0484,Cc1cc(C)cc(NO)c1,1
ames4602,Cc1cc(Cl)ccc1N=CN(C)C,0
ames0486,CCCC(=O)OCc1ccc([N+](=O)[O-])cc1,1
ames2550,ClCc1ccccc1,1
ames2551,O=[N+]([O-])c1ccc(CCO)cc1,1
ames4606,CC(C)c1cc(N)cc([N+](=O)[O-])c1N,0
ames4608,OCc1ccc(C(F)(F)F)cc1,0
ames2554,O=[N+]([O-])c1ccc(Cl)c(Cl)c1,1
ames4612,O=[N+]([O-])c1c(Cl)cc(Cl)cc1Cl,0
ames2556,O=[N+]([O-])c1cc(Cl)c(Cl)cc1Cl,1
ames0495,Cc1ccc(N=NN(C)C)cc1,1
ames2559,Nc1ccc(N)c([N+](=O)[O-])c1,1
ames4617,ClCc1ccc(Cl)cc1,0
ames4618,CCCCCCCCCCCCCCCCCC[N+](C)(C)Cc1ccccc1,0
ames0500,CC(C)COS(=O)(=O)c1ccccc1,1
ames0503,NC(=S)c1c(Cl)cccc1Cl,1
ames0504,CN(c1c([N+](=O)[O-])cc([N+](=O)[O-])cc1[N+](=O)[O-])[N+](=O)[O-],1
ames0508,Cc1cccc([N+](=O)[O-])c1C(O)O,1
ames2573,CNc1ccc(N(CCO)CCO)cc1[N+](=O)[O-],1
ames0515,COc1c([N+](=O)[O-])cc([N+](=O)[O-])cc1[N+](=O)[O-],1
ames4637,CC(=O)CC(=O)Nc1ccc(C)cc1,0
ames4642,O=C(CO)N(O)c1ccc(Cl)cc1,0
ames2588,NC(=O)c1ccc([N+](=O)[O-])cc1,1
ames4648,CCCCCCCCCCCCCCCCCCOC(=O)CCc1cc(C(C)(C)C)c(O)c(C(C)(C)C)c1,0
ames2592,O=[N+]([O-])c1ccc(N(CCO)CCO)c(O)c1,1
ames0533,O=C(Cl)c1ccccc1Cl,1
ames2596,O=C(O)C=Cc1cccc([N+](=O)[O-])c1,1
ames2602,Cc1c(N)cc([N+](=O)[O-])c(N)c1C,1
ames2603,NNc1ccccc1,1
ames4670,O=C(O)COc1ccc(Cl)cc1,0
ames4672,CCCCCC(CC)OC(=O)c1cccc(C(=O)OC(CC)CCCCC)c1,0
ames2615,Nc1c(Cl)cc([N+](=O)[O-])cc1Cl,1
ames0553,Cc1cc(N)c([N+](=O)[O-])cc1N,1
ames0559,CCCCON(OC(C)=O)C(=O)c1ccc(Cl)cc1,1
ames2627,O=C(Cl)c1ccc([N+](=O)[O-])cc1,1
ames2628,CCOc1cccc(N)c1,1
ames0567,CCOS(=O)(=O)c1ccccc1,1
ames0568,O=[N+]([O-])c1ccc(I)c([N+](=O)[O-])c1,1
ames0569,Cc1cc(N)c(C)c([N+](=O)[O-])c1N,1
ames2630,Oc1cccc(O)c1O,1
ames2633,Cc1cccc(C)c1C,1
ames4691,Cc1ccc(NO)cc1[N+](=O)[O-],0
ames2638,O=C(Cl)CCc1ccccc1,1
ames0578,COc1ccc(CNC(=O)C(C)Br)cc1OC,1
ames2641,CC(C)c1cc(N)c([N+](=O)[O-])cc1N,1
ames0580,Cc1cccc(N)c1C,1
ames2644,CCCCON(OC(C)=O)C(=O)c1ccc(Br)cc1,1
ames4705,NNc1ccc(C(=O)O)cc1,0
ames4715,CN(CCO)C(=O)Nc1ccc(Cl)c(Cl)c1,0
ames4717,O=[N+]([O-])c1c(O)c(Cl)cc(Cl)c1Cl,0
ames2659,Nc1ccc(Cl)cc1Cl,1
ames4719,CCCCC(CC)COC(=O)c1ccc(C(=O)O)cc1,0
ames2662,Nc1ccc([N+](=O)[O-])cc1Cl,1
ames4723,Nc1cccc([N+](=O)[O-])c1CO,0
ames4728,Cc1c([N+](=O)[O-])c(C)c([N+](=O)[O-])c(C(C)(C)C)c1[N+](=O)[O-],0
ames0607,O=CC(=O)c1ccccc1,1
ames2671,NCCc1cc(O)c(O)cc1O,1
ames2672,O=[N+]([O-])c1ccccc1Br,1
ames4730,Cc1ccc([N+](=O)[O-])c(N)c1,0
ames4734,Cc1cc(N)c(S(=O)(=O)O)cc1Cl,0
ames2677,CC=Cc1ccc(O)c(O)c1,1
ames0619,CN(N=O)c1ccccc1,1
ames4742,CCCC(=O)OCc1ccccc1[N+](=O)[O-],0
ames4744,CC(C)(C)NCC(O)c1cc(Cl)c(N)c(C(F)(F)F)c1,0
ames4748,C=Cc1ccc(OC)cc1,0
ames0626,Nc1ccc([N+](=O)[O-])cc1,1
ames4750,C[S+]([O-])c1ccc(Cl)cc1,0
ames0630,Cc1c(NO)cc(NO)cc1[N+](=O)[O-],1
ames2700,O=Cc1cccc([N+](=O)[O-])c1,1
ames2703,NC(=NO)c1ccc(O)c(O)c1,1
ames0642,NC(CCC(=O)NC(CSc1ccc([N+](=O)[O-])cc1[N+](=O)[O-])C(=O)NCC(=O)O)C(=O)O,1
ames0643,CCN(CC)c1ccc([N+]#N)cc1,1
ames2705,Cc1ccc(N)cc1[N+](=O)[O-],1
ames4766,CSCCC(NC(=O)COc1ccc(Cl)cc1Cl)C(=O)O,0
ames0648,O=[N+]([O-])c1ccc(NO)cc1,1
ames4780,Cc1ccc(C)c(O)c1,0
ames2723,CCc1cccc(C)c1N,1
ames0661,CC(=O)Nc1ccccc1C,1
ames0662,Cc1ccc(C(=O)Cl)cc1,1
ames4790,CCC(=O)OCc1ccccc1[N+](=O)[O-],0
ames0670,O=[N+]([O-])c1ccccc1CCl,1
ames0671,COc1cc(N)c([N+](=O)[O-])cc1N,1
ames4794,Cc1cccc(C)c1[N+](=O)[O-],0
ames0673,CN(Cc1cccc(Br)c1)N=O,1
ames2740,Cc1ccc([N+](=O)[O-])cc1N,1
ames4802,CC(=O)N(O)c1ccc(C)cc1,0
ames4806,CC(=O)c1ccc(CC(C)C)cc1,0
ames0685,Cc1cc(C#[N+][O-])cc(C#[N+][O-])c1,1
ames2748,O=CC(Br)=Cc1ccccc1,1
ames4810,O=C(O)C=Cc1ccccc1[N+](=O)[O-],0
ames4811,CNc1ccccc1C(=O)OC,0
ames2752,O=[N+]([O-])c1ccc([N+](=O)[O-])c(O)c1,1
ames0693,CN(Cc1ccc(Br)cc1)N=O,1
ames0694,CC=Cc1cccc(OC)c1OC,1
ames4816,CSc1ccc(Cl)cc1,0
ames0697,Nc1ccc([N+](=O)[O-])cc1N,1
ames0698,NC(=NO)c1ccccc1,1
ames2760,Oc1ccc(O)c(O)c1,1
ames4823,C=C(C)c1cc(O)c(C)cc1O,0
ames4827,CC(C)(Br)C(=O)NCc1ccccc1,0
ames4828,Oc1cc(Cl)cc(Cl)c1,0
ames2769,COc1cc(N)c(OC)cc1N,1
ames4831,O=C(O)c1cc(Cl)ccc1O,0
ames2775,ClCCSCc1ccccc1,1
ames4840,COC(=O)C(CSCC(Br)c1ccccc1)NC(C)=O,0
ames4844,O=C(O)CCC(NC(=O)COc1cc(Cl)c(Cl)cc1Cl)C(=O)O,0
ames0724,Cc1ccc(NO)cc1,1
ames0725,COc1ccccc1[N+](=O)[O-],1
ames2788,CN(Cc1cccc(C#N)c1)N=O,1
ames0727,NCCc1ccc(O)c(O)c1,1
ames4847,Nc1ccc(C=CC(=O)O)cc1,0
ames4853,CC(=O)c1c(C)c([N+](=O)[O-])c(C(C)(C)C)c([N+](=O)[O-])c1C,0
ames2794,CCON(OC(C)=O)C(=O)c1ccccc1,1
ames0733,Cc1ccc([N+](=O)[O-])c(C)c1[N+](=O)[O-],1
ames0736,Cc1cc(C)cc(N)c1,1
ames4860,O=[N+]([O-])c1ccccc1CO,0
ames2801,COc1ccc(NOS(=O)(=O)O)cc1N,1
ames4864,Cc1cc(Cl)ccc1OCC(=O)O,0
ames0746,Nc1ccccc1S,1
ames2810,Nc1ccc(O)c([N+](=O)[O-])c1,1
ames4871,C=CCc1ccc(O)cc1,0
ames2815,N#CCc1ccccc1[N+](=O)[O-],1
ames0753,O=[N+]([O-])c1ccccc1SSC(F)=C(Cl)Cl,1
ames2816,O=[N+]([O-])c1ccc(CCl)cc1,1
ames4876,CCCCCCCCCCCCCC[N+](C)(C)Cc1ccccc1,0
ames2819,COCCOC(=O)c1ccccc1C(=O)OCCOC,1
ames4878,ONc1ccc(Cl)c(Cl)c1,0
ames2821,O=[N+]([O-])c1ccccc1[N+](=O)[O-],1
ames4880,Cc1cc(C)cc(C)c1,0
ames2823,CSc1ccc([N+](=O)[O-])cc1[N+](=O)[O-],1
ames4883,O=[N+]([O-])c1ccc(S(=O)(=O)O)c([N+](=O)[O-])c1,0
ames4886,O=[N+]([O-])c1cccc([N+](=O)[O-])c1CO,0
ames0765,[N-]=[N+]=NC(c1ccccc1)C(O)CO,1
ames2833,CCCC(=O)c1cc(O)c(O)cc1O,1
ames0773,CCOP(=O)(NC(C)C)Oc1ccccc1C(=O)OC(C)C,1
ames0774,Cc1ccc(C(=O)O)cc1N,1
ames0776,Cc1c(NO)cc([N+](=O)[O-])cc1[N+](=O)[O-],1
ames4899,COc1cccc(C=O)c1O,0
ames2841,O=Nc1ccc(NO)cc1,1
ames4902,Cc1ccccc1Cl,0
ames4908,CCOC(=O)C(SP(=S)(OC)OC)c1ccccc1,0
ames4909,Cc1cc(N)cc(N)c1,0
ames2853,Nc1ccc(CO)c([N+](=O)[O-])c1,1
ames0792,COc1cc(CNC(=O)C(C)Br)ccc1O,1
ames2855,CC(C)C(=O)N(O)c1ccc(Cl)cc1,1
ames4916,ClCc1ccc(Br)cc1,0
ames2858,ClC(Cl)=C(Cl)C(Cl)=C(Cl)SCc1ccccc1,1
ames4917,O=C(NC(CO)C(O)c1ccc([N+](=O)[O-])cc1)C(Cl)Cl,0
ames2860,Cc1ccc(C(=O)O)cc1[N+](=O)[O-],1
ames0798,CC(=O)ON(OC(C)C)C(=O)c1ccccc1,1
ames2863,O=[N+]([O-])c1ccc(O)cc1[N+](=O)[O-],1
ames4925,Cc1ccccc1[N+](=O)[O-],0
ames0803,[N-]=[N+]=NCC(O)c1ccccc1,1
ames0804,N#CSc1ccc([N+](=O)[O-])cc1[N+](=O)[O-],1
ames4926,CSCCC(NC(=O)COc1cc(Cl)c(Cl)cc1Cl)C(=O)O,0
ames2869,O=[N+]([O-])c1ccc(Cl)cc1Cl,1
ames4934,O=C(Cl)OCc1ccccc1,0
ames2876,ON=C(O)c1ccccc1O,1
ames2877,ClC(Cl)(Cl)c1ccccc1,1
ames2878,BrCc1ccccc1,1
ames0816,O=[N+]([O-])c1ccccc1SSC(Cl)=C(Cl)C(F)(F)F,1
ames2880,Cc1ccc(N)c(C)c1,1
ames0818,N#CCCC(=O)CCc1ccc(C(=O)O)cc1,1
ames0819,Cc1cccc([N+](=O)[O-])c1N,1
ames2881,CN(C)c1ccc(N=O)cc1,1
ames4936,CC(C)COC(=O)Cc1ccccc1,0
ames0826,O=C(O)Cc1ccccc1[N+](=O)[O-],1
ames4950,CCOC(=O)c1ccc(N(O)C=O)cc1,0
ames4953,O=[N+]([O-])c1ccccc1O,0
ames0832,NC(CCC(=O)NNc1ccccc1)C(=O)O,1
ames0833,CCc1cccc(CC)c1NC(=O)CCl,1
ames4955,Cc1ccc(CN(C)N=O)cc1,0
ames2898,CC(C)Oc1ccccc1OC(=O)N(C)N=O,1
ames4956,CC(C)(C)c1cc(O)ccc1O,0
ames0837,Cc1ccc(OC(=O)N(C)N=O)c(C)c1C,1
ames4959,CCN(CC)S(=O)(=O)c1ccc(NC(C)=O)cc1,0
ames4960,O=[N+]([O-])c1cccc(Cl)c1Cl,0
ames2906,COc1ccc(N)cc1,1
ames2907,ON=C(O)c1ccccc1,1
ames4966,O=[N+]([O-])c1c(Cl)c(Cl)cc(Cl)c1Cl,0
ames4967,Cc1cc(N)c([N+](=O)[O-])c(C)c1N,0
ames4968,CCCCC(CC)COC(=O)c1ccc(C(=O)OCC(CC)CCCC)cc1,0
ames2911,Nc1ccc(Cl)cc1N,1
ames0849,Nc1cc(CCO)c(N)c([N+](=O)[O-])c1,1
ames0850,Cc1c(N)cc([N+](=O)[O-])cc1[N+](=O)[O-],1
ames4969,CCOCC(O)COc1ccc([N-]C(=O)CC[S+](C)C)cc1,0
ames4974,Oc1ccc(Cl)cc1Cl,0
ames0853,Cc1ccc(NO)cc1C,1
ames4976,CCNC(=O)Nc1ccc(OCC(O)CNC(C)(C)C)c(C(C)=O)c1,0
ames0855,Cc1c([N+](=O)[O-])cc([N+](=O)[O-])c(N)c1[N+](=O)[O-],1
ames0857,CCOc1ccc(NO)cc1,1
ames4983,CC(C)(C)OOC(C)(C)c1cccc(C(C)(C)OOC(C)(C)C)c1,0
ames4984,CCc1ccccc1N,0
ames2933,Cc1ccccc1N=O,1
ames2934,CC(=O)Nc1ccc(N)cc1,1
ames2936,CCC(CC)c1cccc(OC(=O)N(C)N=O)c1,1
ames0877,Cc1cc(C)c([N+](=O)[O-])cc1[N+](=O)[O-],1
ames5004,NCc1cccc(CN)c1,0
ames0885,Nc1ccc([N+](=O)[O-])cc1[N+](=O)[O-],1
ames0887,O=C(O)c1ccccc1[N+](=O)[O-],1
ames5010,CCCCC(CC)COC(=O)COc1ccc(Cl)cc1Cl,0
ames5012,COC(=O)C(N)Cc1ccc(Cl)cc1,0
ames2954,COc1cc(N)ccc1C,1
ames0892,Cc1ccc([N+](=O)[O-])cc1N=O,1
ames0893,Cc1cccc(C)c1N,1
ames2963,COc1ccccc1N,1
ames0903,Cc1c([N+](=O)[O-])cccc1[N+](=O)[O-],1
ames5027,C=Cc1ccc(C)cc1,0
ames5029,CCCCCCCC(=O)CCc1ccc(O)c(OC)c1,0
ames0908,CCCCON(OC(C)=O)C(=O)c1ccc(OC)cc1,1
ames5033,Nc1ccc(S(N)(=O)=O)cc1,0
ames2974,Cc1cc(C)c(N)cc1C,1
ames5048,Nc1cc(Cl)c(Cl)c(Cl)c1,0
ames5052,CC(O)Cc1cc(N)cc([N+](=O)[O-])c1N,0
ames5053,COc1c(O)c(C)c(C=CC(C)=CCC=C(C)CCC=C(C)CCC=C(C)CCC=C(C)CCC=C(C)CCC=C(C)CCC=C(C)CCC=C(C)CCC=C(C)C)c(O)c1OC,0
ames5056,COc1ccc(CCl)cc1,0
ames0933,COc1cc([N+](=O)[O-])ccc1NC(C)=O,1
ames5057,O=C(O)CC(NC(=O)COc1ccc(Cl)cc1Cl)C(=O)O,0
ames3000,CN(C)c1ccc(N(C)C)cc1,1
ames0939,O=[N+]([O-])c1ccc(S(=O)(=O)Cl)cc1,1
ames5065,CS(=O)(=O)c1ccc(Cl)cc1,0
ames0944,Nc1cc([N+](=O)[O-])cc(Cl)c1O,1
ames0949,Cc1cc([N+](=O)[O-])ccc1[N+](=O)[O-],1
ames5074,Nc1cccc([N+](=O)[O-])c1O,0
ames0952,COP(=S)(OC)Oc1ccc(N)c(C)c1,1
ames5077,BrCc1ccc(CBr)cc1,0
ames0954,CCc1cccc(CC)c1NC(=O)CO,1
ames5080,CCC(CCC(C)O)COC(=O)c1ccccc1C(=O)O,0
ames0961,O=[N+]([O-])C=Cc1ccccc1,1
ames5086,C=Cc1ccc(O)c(OC)c1,0
ames3026,Nc1cccc(N)c1,1
ames5087,CCCCC(CC)COC(=O)c1ccc(N(C)N=O)cc1,0
ames3029,O=C(CCl)c1ccc(Cl)cc1Cl,1
ames5091,COC(=O)COc1ccc(Cl)cc1Cl,0
ames3033,ONc1ccccc1,1
ames5095,CC(C)(C)NCC(O)c1ccc(O)c(NC(N)=O)c1,0
ames0973,CCCCN(CC(CO)OCc1ccccc1)N=O,1
ames3036,CC(=O)Nc1ccc(C(=O)CCl)cc1,1
ames5099,O=[N+]([O-])c1cccc(CBr)c1,0
ames0978,NNc1ccccc1[N+](=O)[O-],1
ames5104,CC(Oc1ccc(Cl)cc1Cl)C(=O)O,0
ames3049,Cc1ccc(N)cc1O,1
ames0989,O=CC=CC=Cc1ccc([N+](=O)[O-])cc1,1
ames5113,CC(Cl)C(=O)NCc1ccccc1,0
ames0999,O=C(Cl)c1ccccc1C(=O)Cl,1
ames5123,CCOP(=S)(OCC)Oc1ccc([N+](=O)[O-])cc1,0
ames3064,Nc1cc(Cl)c(N)c(Cl)c1,1
ames3065,O=NN(O)c1ccccc1,1
ames3066,CCOc1ccc(N)cc1,1
ames5124,CC(C)Cc1ccc(C(C)C(=O)O)cc1,0
ames1007,CCCCC=CCC(=O)CCc1ccc(O)c(OC)c1,1
ames5132,Cc1ccc([N+](=O)[O-])cc1NO,0
ames1014,C=COc1ccc([N+](=O)[O-])cc1,1
ames3079,CC(=O)NNc1ccccc1,1
ames5140,Cc1ccc(NC(=O)CBr)cc1,0
ames5146,CCc1cccc(CC)c1N(COC)C(=O)CO,0
ames5147,ONc1ccc(Cl)cc1,0
ames1031,Nc1cc(Cl)ccc1O,1
ames3096,COc1ccc(N)c(C)c1,1
ames5158,O=C(O)C=Cc1ccc(Cl)cc1,0
ames5159,CCc1ccc([N+](=O)[O-])cc1,0
ames5160,CC(C)CC(NC(=O)C(Cc1ccccc1)NC(=O)CNC(=O)CN)C(=O)O,0
ames1038,CC(=O)Oc1ccc(CCl)cc1,1
ames3110,Cc1ccc(O)c(N)c1,1
ames5172,O=[N+]([O-])c1ccc(O)c([N+](=O)[O-])c1,0
ames5173,N=C(NOS(=O)(=O)O)c1ccccc1,0
ames3115,COc1cc(Cl)c(OC)cc1Cl,1
ames3116,NCC(=O)Nc1ccccc1,1
ames3117,Cc1c(N=C=O)cccc1N=C=O,1
ames5177,CC=Cc1cc(OC)ccc1OC,0
ames5190,CC(=O)Nc1ccc(S(=O)(=O)Cl)cc1,0
ames3130,CN(N=O)C(=O)c1ccccc1,1
ames5197,O=[N+]([O-])c1ccccc1C(F)(F)F,0
ames1074,Cc1c([N+](=O)[O-])cc(N)cc1[N+](=O)[O-],1
ames5201,N=C(N)N=C(N)NCCc1ccccc1,0
ames1077,Nc1ccc([N+](=O)[O-])c(O)c1,1
ames5202,COc1cc(C(C)=O)ccc1O,0
ames3142,O=C(O)CCCc1ccc(N(CCCl)CCCl)cc1,1
ames5206,Nc1c(O)cccc1C(=O)CC(N)C(=O)O,0
ames5207,CC(=O)c1cc(N)ccc1OCC(O)CNC(C)(C)C,0
ames1083,Cc1ccc(N)c([N+](=O)[O-])c1,1
ames5211,O=C(O)c1ccc(O)cc1,0
ames1091,C=Cc1ccc(N)cc1,1
ames1092,O=C(O)c1ccc([N+](=O)[O-])cc1[N+](=O)[O-],1
ames5218,Cc1ccc([N+](=O)[O-])cc1,0
ames5220,BrCc1ccccc1CBr,0
ames5225,COC(=O)C(Cl)=C(OP(=O)(OC)OC)c1cc(Cl)ccc1Cl,0
ames1108,CCCCOCN(C(=O)CCl)c1c(CC)cccc1CC,1
ames3170,CC(=O)OC(c1ccccc1)N(C)N=O,1
ames5234,CC(C)(C)c1cccc(C(C)(C)C)c1O,0
ames5237,CCN(CC)C(=O)Nc1ccc(OCC(O)CNC(C)(C)C)c(C(C)=O)c1,0
ames1116,CCC=CC=CC=CC=CC=COCC(O)c1ccccc1,1
ames5242,COc1ccccc1O,0
ames3185,CCCCON(OC(C)=O)C(=O)c1ccccc1,1
ames3188,O=C(Cl)c1ccccc1,1
ames5257,CCC(C)c1cc([N+](=O)[O-])cc([N+](=O)[O-])c1O,0
ames3198,CCCOc1ccc(N)cc1N,1
ames5261,C[N+](C)(C)Cc1ccccc1,0
ames1139,CN(Cc1cccc(C(F)(F)F)c1)N=O,1
ames5263,O=C(S)c1ccccc1,0
ames1146,BrCC(Br)c1ccccc1,1
ames5271,CC(=O)C(=O)c1ccccc1,0
ames3210,CCNc1cccc(O)c1,1
ames1151,COP(=S)(OC)Oc1ccc(N=O)c(C)c1,1
ames3212,Cc1ccc(N)c(N)c1,1
ames1153,O=[N+]([O-])c1cc(Cl)c(Cl)c(Cl)c1,1
ames5275,Cc1ccc(C)c(C)c1,0
ames5277,Nc1ccc(C=O)cc1,0
ames1159,O=[N+]([O-])c1cccc(O)c1,1
ames3221,CN(C)N=Nc1ccccc1,1
ames5287,CN(C)c1ccc(C=CC=O)cc1,0
ames3225,CN(Cc1ccccc1)N=O,1
ames5293,Nc1ccccc1C(F)(F)F,0
ames5296,Cc1ccc(C=O)cc1,0
ames1173,CN(C)N=Nc1ccc(Br)cc1,1
ames1176,COc1ccccc1NCSC,1
ames1180,N#Cc1cccc([N+](=O)[O-])c1,1
ames1181,CCCCON(OC(C)=O)C(=O)c1ccc(C(C)(C)C)cc1,1
ames5304,O=C(O)c1ccccc1O,0
ames5308,CCN(CC)C(=O)Cc1ccccc1,0
ames1191,N=C(N)N=Nc1ccc(NNC(N)=S)cc1,1
ames3254,CCNc1cc(O)ccc1C,1
ames3255,Nc1ccccc1N,1
ames5317,CCOc1ccccc1N,0
ames1196,COc1cc([N+](=O)[O-])ccc1N,1
ames3258,Nc1ccc(Cl)c(N)c1,1
ames5321,N#Cc1cccc(C#N)c1,0
ames5328,CC(C)CCCCCOC(=O)Cc1cc(Cl)c(Cl)cc1Cl,0
ames1207,CC(C)(C)OOC(=O)c1ccccc1,1
ames5333,CC(=O)OCNC(=O)c1ccc(Cl)cc1,0
ames3273,COc1ccc(C)cc1N,1
ames5338,ClC(Cl)=C(Cl)c1c(Cl)c(Cl)c(Cl)c(Cl)c1Cl,0
ames5339,Fc1c(F)c(F)c(Cl)c(F)c1F,0
ames1215,CC(Br)C(=O)Nc1ccccc1,1
ames3277,Nc1ccc(F)cc1F,1
ames3280,COc1ccc(N)c(OC)c1,1
ames1221,O=[N+]([O-])c1cc(CCl)cc([N+](=O)[O-])c1,1
ames3282,Cc1ccc(NO)c(C)c1,1
ames3283,Clc1ccc(C(Cl)(Cl)Cl)c(Cl)c1,1
ames5349,N#CCc1ccc(Cl)cc1,0
ames5351,O=C(NCO)c1ccc(Cl)cc1,0
ames3288,Nc1ccc(N)cc1,1
ames5352,COP(=O)(OC)Oc1c(Cl)cc(C)cc1Cl,0
ames1229,COc1ccc(CNC(=O)C(C)Br)cc1,1
ames5357,O=[N+]([O-])c1c(Cl)c(Cl)c(Cl)c(Cl)c1Cl,0
ames3295,Cc1ccc(N=C=O)cc1N=C=O,1
ames3300,CN(C)c1cccc(O)c1,1
ames1240,CC(=O)N(O)c1ccccc1C,1
ames5368,CC(=O)OCc1ccccc1[N+](=O)[O-],0
ames3309,Nc1ccc(O)c(N)c1,1
ames1249,COC(=O)c1ccccc1O,1
ames1262,Cc1c(N)cccc1N,1
ames1274,COc1ccc([N+](=O)[O-])cc1N,1
ames3336,Cc1ccc(C)c(N)c1,1
ames5402,O=Cc1ccc(O)cc1,0
ames5412,CON(C)C(=O)Nc1ccc(Br)cc1,0
ames1288,CC(=O)c1ccc(NO)cc1,1
ames1290,Nc1cc([N+](=O)[O-])c(N)cc1Cl,1
ames3356,CNc1ccccc1N,1
ames1299,CC(=O)Nc1ccc(C)cc1,1
ames3361,O=C(Cl)c1ccccc1F,1
ames5424,O=C(O)CCC(=O)Nc1cc(Cl)cc(Cl)c1,0
ames5425,CCCCCC(C=O)=Cc1ccccc1,0
ames5426,N#Cc1ccc(CO)cc1,0
ames3365,ClC(Cl)c1ccccc1,1
ames1307,COc1ccc([N+](=O)[O-])cc1,1
ames5435,O=C(CBr)c1ccc(Br)cc1,0
ames1315,CCCCOc1ccc(CC(O)=NO)cc1,1
ames1317,Cc1cc(C)c(N)c(C)c1,1
ames3378,CCOc1ccc(N)cc1N,1
ames3382,CC(C)(OO)c1ccccc1,1
ames3383,C=CN=Nc1ccccc1,1
ames3384,Nc1ccccc1O,1
ames1328,CC(=O)N(O)c1ccc([N+](=O)[O-])cc1,1
ames1335,O=[N+]([O-])c1ccc(Cl)cc1,1
ames1337,O=S(=O)(O)ONNCCc1ccccc1,1
ames5471,CC=Cc1ccc(OC)cc1OC,0
ames5478,CC(=O)N(CC(O)CO)c1c(I)c(C(=O)NCCO)c(I)c(C(=O)NCC(O)CO)c1I,0
ames3415,Cc1cccc(C)c1NO,1
ames5483,NC(CSc1c(Cl)c(Cl)c(Cl)c(Cl)c1Cl)C(=O)O,0
ames1360,Cc1cccc(NO)c1C,1
ames5486,OCC=Cc1ccccc1,0
ames1365,N#[N+]c1ccc([N+](=O)[O-])cc1,1
ames1371,CCCON(OC(C)=O)C(=O)c1ccccc1,1
ames3431,CN(C)c1ccc(N)cc1,1
ames5498,BrCc1cccc(CBr)c1,0
ames3438,CCN(CC)c1ccc(N)cc1,1
ames3439,C=CC(OC(C)=O)c1ccc(OC)cc1,1
ames5503,COC(=O)C(Br)=C(OP(=O)(OC)OC)c1ccc(Cl)cc1Cl,0
ames5504,CC(=O)c1ccccc1[N+](=O)[O-],0
ames5510,Cc1cccc(N=O)c1,0
ames5511,CC(Oc1cc(Cl)c(Cl)cc1Cl)C(=O)O,0
ames3448,CCOS(=O)(=O)c1ccc(C)cc1,1
ames5516,CCCCOCCOC(=O)COc1ccc(Cl)cc1Cl,0
ames3458,CCN(CC)c1cccc(O)c1,1
ames5523,CNC(=O)Oc1ccccc1,0
ames1402,CC(=O)C=Cc1ccccc1,1
ames3462,Clc1ccc(C(Cl)(Cl)Cl)cc1Cl,1
ames3465,Cc1ccc(N)cc1C,1
ames5530,O=[N+]([O-])c1ccc(CO)cc1,0
ames1416,Cc1cc(N)cc([N+](=O)[O-])c1N,1
ames3477,CCOc1ccc(NC(C)=O)cc1N,1
ames5541,ClC=Cc1c(Cl)c(Cl)c(Cl)c(Cl)c1Cl,0
ames5543,CNCC(O)c1ccc(O)c(O)c1,0
ames1422,Cc1ccc(C)c([N+](=O)[O-])c1,1
ames3482,Nc1cccc(O)c1,1
ames3486,CC(=O)c1ccc(Cl)c(Cl)c1Cl,1
ames5551,CCCNc1c([N+](=O)[O-])ccc(Cl)c1C(=O)O,0
ames1430,O=Cc1ccc([N+](=O)[O-])cc1,1
ames3492,O=C(NCC(O)=NO)c1ccccc1,1
ames3495,N#CC(C#N)=Cc1ccccc1Cl,1
ames1436,O=C(O)c1cccc([N+](=O)[O-])c1,1
ames1438,COc1ccc([N+](=O)[O-])cc1[N+](=O)[O-],1
ames5566,CCOP(=S)(CC)Sc1ccccc1,0
ames5567,Cc1ccccc1C(=O)O,0
ames5568,Brc1ccccc1,0
ames5571,O=C(O)c1ccccc1,0
ames1450,O=[N+]([O-])c1ccc(CBr)cc1,1
ames5576,CCNc1ccccc1,0
ames1452,O=CN(O)c1ccc([N+](=O)[O-])cc1,1
ames3512,Nc1c(O)cccc1[N+](=O)[O-],0
ames3514,Cc1ccc([N+](=O)[O-])cc1S(=O)(=O)O,0
ames5581,COc1ccc(O)c(C(C)(C)C)c1,0
ames3517,CN(C)S(=O)(=O)N(SC(F)(Cl)Cl)c1ccccc1,0
ames5583,Cc1ccc(C#N)cc1,0
ames3521,Cc1ccc(Cl)cc1[N+](=O)[O-],0
ames3522,O=Cc1cccc(Cl)c1,0
ames1462,Nc1cc([N+](=O)[O-])c(N)cc1F,1
ames3524,COC(=O)C(C#N)=Cc1ccccc1Br,0
ames1464,O=[N+]([O-])c1ccccc1CCO,1
ames5586,Cc1cccc(O)c1,0
ames5587,CC(C)CCOC(=O)C=Cc1ccccc1,0
ames3528,COP(=S)(NC(C)C)Oc1ccccc1C(=O)OC(C)C,0
ames5588,FC(F)(F)c1ccccc1Cl,0
ames5589,Cc1ccccc1S(N)(=O)=O,0
ames5591,CCCCOC(=O)c1ccccc1C(=O)OCCCC,0
ames5593,CCc1ccccc1,0
ames5599,CCOc1ccccc1C(N)=O,0
ames1475,Cc1c([N+](=O)[O-])cc([N+](=O)[O-])cc1[N+](=O)[O-],1
ames3538,Cc1ccc(N(CCCl)CCCl)cc1,0
ames1478,O=[N+]([O-])c1cc(N(CCO)CCO)ccc1NCCO,1
ames3540,CC(N)Cc1ccccc1,0
ames5607,Nc1ccc(C(=O)O)cc1,0
ames3545,O=C(O)Cc1ccccc1Cl,0
ames5610,CNc1ccccc1,0
ames1487,O=C(Cl)C(Cl)c1ccccc1,1
ames3550,O=[N+]([O-])c1cccc(C(F)(F)F)c1,0
ames5620,O=C(CCl)c1ccccc1,0
ames1496,CCOc1ccc(N(O)C(C)=O)cc1,1
ames3559,Oc1cc(O)cc(O)c1,0
ames1503,Cc1cc([N+](=O)[O-])ccc1N,1
ames3567,CC(=O)N(O)c1ccccc1,0
ames5632,Cc1ccc(Br)cc1,0
ames3569,COP(=O)(OC)OC(=CBr)c1ccc(Cl)cc1Cl,0
ames5635,Clc1cccc(Cl)c1,0
ames1511,Nc1cc(Cl)ccc1[N+](=O)[O-],1
ames3572,Nc1ccccc1C(=O)CC(N)C(=O)O,0
ames1513,CN(C)N=Nc1ccc([N+](=O)[O-])cc1,1
ames3575,O=CN(O)c1cccc(Cl)c1,0
ames3576,CCCCN(CC(O)c1ccc(O)cc1)N=O,0
ames5637,Cc1cccc(Br)c1,0
ames5641,Clc1cc(Cl)c(Cl)c(Cl)c1Cl,0
ames5644,CCCCCCCCCCCOC(=O)c1ccccc1C(=O)OCCCCCCCCCCC,0
ames3582,OCCc1ccccc1,0
ames3584,CNC(=O)Nc1ccccc1,0
ames5651,Nc1ccc(S(=O)(=O)O)cc1,0
ames1529,COc1ccc(C(Br)=CC(=O)O)cc1,1
ames3591,O=C(O)c1cc(O)c(O)c(O)c1,0
ames5655,Oc1c(Br)cc(Br)cc1Br,0
ames3593,C=Cc1ccccc1C=C,0
ames3598,C=CCc1ccccc1OCC(O)CNC(C)C,0
ames5663,Oc1cc(Cl)c(Cl)c(Cl)c1Cl,0
ames1538,O=C(O)Cc1ccc([N+](=O)[O-])cc1,1
ames5667,CCCCOC(=O)c1ccccc1N,0
ames3610,COc1cc(CCC(C)=O)ccc1O,0
ames5674,CN(C)c1ccccc1,0
ames5675,O=C(O)c1ccc(C(=O)O)cc1,0
ames3615,CC(C)(C)OC(=O)ON=C(C#N)c1ccccc1,0
ames5679,CS(=O)(=O)c1ccc(O)c(N)c1,0
ames5681,Cc1cc(C(C)(C)C)c(O)c(C(C)(C)C)c1,0
ames5684,Cc1ccc(C)cc1,0
ames3624,NC(=O)c1ccc(N)cc1,0
ames3625,O=C(O)CCC(=O)Nc1ccc(Cl)c(Cl)c1,0
ames3626,Cc1ccc(N)c(S(=O)(=O)O)c1,0
ames5687,Clc1c(Cl)c(Cl)c(Cl)c(Cl)c1Cl,0
ames5690,COc1c(Cl)ccc(Cl)c1C(=O)O,0
ames3630,N#Cc1cc(I)c(O)c([N+](=O)[O-])c1,0
ames5693,CC(N)C(O)c1ccccc1,0
ames5694,CCCCCCCCOC(=O)c1ccccc1C(=O)OCCCCCCCC,0
ames5696,O=Cc1ccc(Cl)c(Cl)c1,0
ames1571,Cc1ccc(N)cc1Cl,1
ames3635,O=[N+]([O-])c1ccccc1CBr,0
ames5700,Nc1ccc(O)c(C(=O)O)c1,0
ames3638,CC(=O)Nc1ccccc1,0
ames5702,CC(C)OC(=O)Cc1ccccc1,0
ames5703,CCOC(=O)c1ccccc1N,0
ames5712,CNC(C)Cc1ccccc1,0
ames3650,OCc1ccc(Cl)cc1,0
ames1588,Nc1cc([N+](=O)[O-])ccc1CO,1
ames3651,O=[N+]([O-])c1cc(C(F)(F)F)ccc1Cl,0
ames3653,CCOP(=O)(OCC)OC(=CBr)c1ccc(Cl)cc1Cl,0
ames1592,CCOc1ccccc1[N+](=O)[O-],1
ames1595,NC(=NO)c1cc(O)c(O)c(O)c1,1
ames3658,OCc1ccc(F)cc1,0
ames5721,Clc1ccccc1,0
ames1599,CON(C)C(=O)Nc1ccc(Cl)c(Cl)c1,1
ames5728,Oc1c(Cl)ccc(Cl)c1Cl,0
ames1603,CC(=O)NNc1ccc(CO)cc1,1
ames1604,CC(=O)c1ccc(N=O)cc1,1
ames5730,CC(C)(C)CC(C)(C)c1ccc(O)cc1,0
ames3670,Nc1cc(C(F)(F)F)ccc1Cl,0
ames5734,CCOP(=O)(NC(C)C)Oc1ccc(SC)c(C)c1,0
ames5735,O=C(O)c1c(Br)c(Br)c(Br)c(Br)c1C(=O)O,0
ames5738,Brc1c(Br)c(Br)c(Br)c(Br)c1Br,0
ames3676,COc1cccc([N+](=O)[O-])c1,0
ames5744,c1ccccc1,0
ames5745,CC(C)COC(=O)COc1cc(Cl)c(Cl)cc1Cl,0
ames1620,CC(=O)c1ccc([N+](=O)[O-])cc1,1
ames5746,Oc1cc(Cl)cc(Cl)c1Cl,0
ames5747,C=CCOC(=O)c1ccccc1N,0
ames1623,Nc1cccc([N+](=O)[O-])c1N,1
ames5750,C=CCc1ccc(O)c(OC)c1,0
ames5753,Oc1ccccc1O,0
ames5754,CC(C)COC(=O)c1ccccc1C(=O)OCC(C)C,0
ames3692,CC(C)NCC(O)c1ccc(O)c(O)c1,0
ames5756,CCCCOP(=O)(OCCCC)Oc1ccccc1,0
ames3696,FC(F)(F)c1ccc(CCl)cc1,0
ames5760,COc1cc(OC)c(OC)cc1C=O,0
ames1637,O=[N+]([O-])c1cc([N+](=O)[O-])cc([N+](=O)[O-])c1,1
ames5763,O=C(O)c1ccccc1C(=O)O,0
ames3703,NC(CSCc1ccccc1)C(=O)O,0
ames3705,CN(Cc1ccc(C(=O)O)cc1)N=O,0
ames5770,NC(=O)c1ccccc1,0
ames5775,Cc1ccccc1C,0
ames5776,O=C(O)COc1cc(Cl)c(Cl)cc1Cl,0
ames5777,Cc1ccc(O)cc1C,0
ames1653,Cc1c(N)cc(N)cc1[N+](=O)[O-],1
ames3716,Cc1ccc(C)c(C)c1C,0
ames5779,CCCCC(CC)COC(=O)C=Cc1ccc(OC)cc1,0
ames5780,CCCCOC(=O)c1ccc(O)cc1,0
ames3721,O=Cc1ccccc1O,0
ames5784,CCC(C)c1ccccc1O,0
ames5786,CCCN(CCC)S(=O)(=O)c1ccc(C(=O)O)cc1,0
ames1661,CC(Br)C(=O)NCc1ccccc1,1
ames5790,O=CNc1ccccc1,0
ames1665,Cc1cccc(NO)c1,1
ames5792,CC(C)CCCCCCOC(=O)c1ccccc1C(=O)OCCCCCCC(C)C,0
ames5802,C=Cc1ccccc1Cl,0
ames5804,O=Cc1c(Cl)cccc1Cl,0
ames1680,COc1cc(CNC(=O)CCCCCCC(C)C)ccc1O,1
ames5806,CNC(C)C(O)c1ccccc1,0
ames5808,CCOCN(C(=O)CCl)c1c(C)cccc1CC,0
ames5809,O=S(O)c1ccc(Cl)cc1,0
ames5813,CCCCOC(=O)COc1ccc(Cl)cc1Cl,0
ames3751,O=[N+]([O-])c1cccc(I)c1,0
ames5818,Clc1ccc(Cl)c(Cl)c1,0
ames5819,Oc1c(Cl)cc(Cl)c(Cl)c1Cl,0
ames3757,OCCCc1ccccc1,0
ames3762,Cc1cccc([N+](=O)[O-])c1,0
ames5825,COc1ccc(O)cc1,0
ames1701,O=[N+]([O-])c1cccc(Br)c1,1
ames5828,NC(Cc1ccccc1)C(=O)O,0
ames3767,CC(Br)c1ccccc1,0
ames5830,Cc1c(O)cccc1O,0
ames1706,O=[N+]([O-])c1cc([N+](=O)[O-])c(Cl)c([N+](=O)[O-])c1,1
ames3771,CCc1ccc(C)cc1,0
ames5836,O=C(O)c1ccc(Cl)c(Cl)c1,0
ames3775,OCc1ccc(Br)cc1,0
ames5837,N#Cc1c(Cl)c(Cl)c(Cl)c(C#N)c1Cl,0
ames5845,O=C(O)C=Cc1ccc(C=CC(=O)O)cc1,0
ames5846,N#CCc1ccccc1,0
ames5849,Clc1cccc(Cl)c1Cl,0
ames5850,OCCOc1ccccc1,0
ames5851,CCCCCCOC(=O)c1ccccc1,0
ames3792,CCCC(=O)OCc1cccc([N+](=O)[O-])c1,0
ames5855,CC(O)c1ccccc1,0
ames5858,Cc1c(N)ccc(N)c1C,0
ames1735,Cc1ccccc1N,1
ames5861,Oc1cc(Cl)c(Cl)cc1Cl,0
ames5865,COc1c(N)cc(C)c(N)c1C,0
ames5866,CCCCCc1cc(O)cc(O)c1,0
ames1744,Cc1cccc(N)c1N,1
ames5869,Cc1cccc(N)c1,0
ames3809,Cc1cc([N+](=O)[O-])cc([N+](=O)[O-])c1O,0
ames3810,CC(O)CC(=O)Nc1ccc(O)cc1,0
ames5873,Oc1ccc(O)cc1,0
ames3814,OCc1ccc(O)cc1,0
ames1752,CCOc1ccc(NC(C)=O)cc1[N+](=O)[O-],1
ames5880,NC(=O)c1ccccc1C(N)=O,0
ames3820,CC(=O)Nc1ccc(OCC(O)CNC(C)C)cc1,0
ames5882,Cc1cccc(C(=O)O)c1,0
ames1764,CN(C)c1ccc(CCO)cc1,1
ames3828,COc1c(Cl)c(Cl)c([N+](=O)[O-])c(Cl)c1Cl,0
ames5891,O=S(=O)(O)c1ccccc1,0
ames3831,CC(=O)N(O)c1ccc(Br)cc1,0
ames1768,Cc1c(N)cccc1[N+](=O)[O-],1
ames5894,Clc1cccc(Br)c1,0
ames3834,COc1cc(NC(C)=O)ccc1NC(C)=O,0
ames5895,CC(C)c1ccccc1,0
ames3836,CC(Cl)c1ccccc1,0
ames3837,CCCCc1cc(C)cc(CCCC)c1O,0
ames3838,CC(=O)Nc1ccc([N+](=O)[O-])cc1,0
ames5898,O=C(O)c1ccc(Cl)cc1Cl,0
ames5903,CC(C)CCC(C)Nc1ccc(NC(C)CCC(C)C)cc1,0
ames5904,O=C(O)c1cc(Cl)cc(Cl)c1,0
ames3849,O=C(C=NO)Nc1ccccc1,0
ames3850,CC(C)CCCCCOC(=O)Cc1ccc(Cl)cc1Cl,0
ames5910,Cc1ccc(C(C)(C)O)cc1,0
ames5911,CC(N)(Cc1ccc(O)c(O)c1)C(=O)O,0
ames1789,O=C(O)COc1ccc(N(CCCl)CCCl)cc1,1
ames1790,Cc1cccc([N+](=O)[O-])c1[N+](=O)[O-],1
ames5912,Cc1ccccc1O,0
ames5917,Nc1cccc(S(=O)(=O)O)c1,0
ames5919,FC(F)(F)c1ccccc1,0
ames1797,NC(CO)C(=O)NNCc1ccc(O)c(O)c1O,1
ames5927,Cc1ccccc1,0
ames3868,CN(CCO)C(=O)Nc1ccccc1,0
ames3869,N#Cc1ccc([N+](=O)[O-])cc1,0
ames5931,Oc1ccccc1Cl,0
ames1807,O=[N+]([O-])c1ccc(F)c([N+](=O)[O-])c1,1
ames5934,COC(=O)c1ccccc1N,0
ames3875,CC(=O)CC(=O)Nc1ccccc1C,0
ames1812,O=C(O)c1cc([N+](=O)[O-])cc([N+](=O)[O-])c1,1
ames5937,O=C(O)C=Cc1ccc(O)c(O)c1,0
ames5939,ICCc1ccccc1,0
ames3883,O=CN(O)c1ccccc1,0
ames3884,Cc1cccc(O)c1N,0
ames3886,Cc1cc(Cl)ccc1OC(C)C(=O)O,0
ames3889,O=Cc1cccc(Cl)c1Cl,0
ames3890,O=CN(O)c1ccc(Cl)c(Cl)c1,0
ames5950,O=C=Nc1ccc(N=C=O)cc1,0
ames5955,CC(C)(C)c1ccc(O)c(O)c1,0
ames3895,Nc1ccc(Cl)c(C(F)(F)F)c1,0
ames1833,[N-]=[N+]=NCCc1ccccc1,1
ames1835,CN(Cc1ccc(Cl)cc1)N=O,1
ames5961,Cc1ccc(NC(N)=O)cc1,0
ames1837,CC(=O)C(=NO)C(=O)N(c1ccccc1)N(C)N=O,1
ames3903,O=[N+]([O-])c1cccc(Cl)c1,0
ames3911,O=[N+]([O-])c1cccc(S(=O)(=O)O)c1,0
ames3912,N#Cc1ccccc1C#N,0
ames1851,Cc1cc(C(=O)O)ccc1[N+](=O)[O-],1
ames5979,CCN(CC)C(=O)c1cccc(C)c1,0
ames5981,CCCCCCc1ccc(O)cc1O,0
ames1857,CCOP(=O)(OCC)OC(=CCl)c1ccc(Cl)cc1Cl,1
ames3923,N=C(N)NS(=O)(=O)c1ccc(N)cc1,0
ames5982,CCCCOC(=O)c1ccc(N)cc1,0
ames5985,Clc1ccc(Cl)c(Cl)c1Cl,0
ames3928,ClCc1cccc(CCl)c1,0
ames1863,O=C(O)c1ccc(Cl)c([N+](=O)[O-])c1,1
ames5987,O=C(O)c1cccc(Cl)c1Cl,0
ames5988,O=C(O)c1ccc(Cl)cc1,0
ames5991,Cc1ccccc1C(N)=O,0
ames3938,CCCCCCCCCc1ccc(O)cc1,0
ames5999,O=C(O)c1ccc(O)cc1O,0
ames6006,COc1cc(N)c(C)cc1N,0
ames6008,CC(=O)Nc1cccc(C)c1,0
ames1884,O=[N+]([O-])c1cc([N+](=O)[O-])c(O)c([N+](=O)[O-])c1,1
ames6013,CNCC(O)c1cccc(O)c1,0
ames1892,Cc1ccc(S(=O)(=O)OC(C)C)cc1,1
ames1893,O=[N+]([O-])c1ccc(CO)c([N+](=O)[O-])c1,1
ames3959,Cc1cc(Cl)ccc1OCCCC(=O)O,0
ames3961,Oc1cc(Cl)c(O)cc1Cl,0
ames6020,CC=Cc1ccc(O)c(OC)c1,0
ames3964,COc1ccc(O)cc1C(C)(C)C,0
ames6022,CCOC(=O)c1ccccc1C(=O)OCC,0
ames3968,CC(Br)C(=O)N(C)Cc1ccccc1,0
ames1911,O=CC=Cc1ccccc1[N+](=O)[O-],1
ames3979,COC(=O)c1ccc(O)cc1,0
ames1915,COc1cc(F)ccc1[N+](=O)[O-],1
ames1921,COc1cc(N)ccc1NC(C)=O,1
ames3987,Cc1ccc(S(=O)(=O)O)cc1C,0
ames3988,O=[N+]([O-])c1cc(Cl)c(Cl)c(Cl)c1Cl,0
ames3990,N#Cc1ccccc1[N+](=O)[O-],0
ames6047,CNNCc1ccc(C(=O)NC(C)C)cc1,0
ames6049,Nc1cc(Cl)cc(Cl)c1,0
ames3993,C=Cc1c(Cl)c(Cl)c(Cl)c(Cl)c1Cl,0
ames3994,CCOc1cccc([N+](=O)[O-])c1,0
ames3995,Cc1cccc(OCC(O)CNC(C)(C)C)c1C,0
ames6051,Cc1ccc(O)c(O)c1,0
ames3997,CCCCCCCOc1ccccc1NC(=O)OC(C)CN(CC)CC,0
ames6052,CC(C)CCCCCCCOC(=O)c1ccccc1C(=O)OCCCCCCCC(C)C,0
ames6053,Nc1cccc(Cl)c1,0
ames4000,O=[N+]([O-])c1cccc(CO)c1,0
ames6055,Oc1ccc(Cl)c(Cl)c1Cl,0
ames6061,CCCCC(CC)COC(=O)c1cccc(C(=O)OCC(CC)CCCC)c1,0
ames1939,CC=Cc1cc(OC)c(OC)cc1OC,1
ames6064,COc1ccc(OC)cc1,0
ames4008,Cc1cc(C)c(C)cc1C,0
ames1943,ClC=C(Cl)SCc1ccccc1,1
ames6067,CCCCC(CC)COC(=O)c1ccccc1C(=O)O,0
ames6069,CN(C)C(=O)Nc1cccc(C(F)(F)F)c1,0
ames6070,COCCc1ccc(OCC(O)CNC(C)C)cc1,0
ames4019,BrCc1ccc(Br)cc1,0
ames6077,COc1ccc(C=O)cc1OC,0
ames6078,CCOP(=S)(OCC)Oc1ccc([S+](C)[O-])cc1,0
ames6081,COc1cc(C=O)ccc1O,0
ames6082,CCNS(=O)(=O)c1ccc(C)cc1,0
ames6083,CC(=O)Nc1ccc(O)cc1,0
ames1960,NC(Cc1ccc(N(CCCl)CCCl)cc1)C(=O)O,1
ames6084,Cc1cc(C)c(C)c(C)c1,0
ames4028,CC(=O)N(O)c1ccc(Cl)c(Cl)c1,0
ames1965,Cc1ccc([N+](=O)[O-])c(C(=O)O)c1,1
ames4031,Fc1ccc(CCl)cc1,0
ames6089,Oc1ccc(Cl)c(Cl)c1,0
ames1971,NC(CCC(=O)NNc1ccc(CO)cc1)C(=O)O,1
ames6103,CCCNC(=O)NS(=O)(=O)c1ccc(Cl)cc1,0
ames6106,Nc1cc(Cl)cc(S(=O)(=O)O)c1O,0
ames4049,CCC(=O)OCc1cccc([N+](=O)[O-])c1,0
ames4050,CCc1cc(C(C)(C)C)c(O)c(C(C)(C)C)c1,0
ames4051,CC(=O)Oc1ccc(CO)cc1,0
ames6110,NC(Cc1ccc(F)cc1)C(=O)O,0
ames1987,COc1ccc(N=O)cc1,1
ames1988,COc1c(Cl)c(Cl)c(Cl)c(Cl)c1Cl,1
ames4053,CC(=O)c1ccccc1,0
ames6116,CC(=O)CC(=O)Nc1ccccc1,0
ames6117,Cc1ccccc1Br,0
ames6118,Oc1cccc(Cl)c1Cl,0
ames6122,CCN(CC)c1ccccc1,0
ames6123,COC(=O)c1ccc(C)cc1,0
ames4066,CC(C)CC(NC(=O)COc1ccc(Cl)cc1Cl)C(=O)O,0
ames6125,CCCOC(=O)c1cc(O)c(O)c(O)c1,0
ames4070,CC(C)CC(NC(=O)COc1cc(Cl)c(Cl)cc1Cl)C(=O)O,0
ames6130,COC(=O)c1ccc(C=O)cc1,0
ames2008,O=C(Cl)c1cccc(Cl)c1,1
ames6133,Nc1cccc(C(F)(F)F)c1,0
ames4077,N=C(N)c1ccccc1,0
ames6137,CCCCOC(=O)COc1cc(Cl)c(Cl)cc1Cl,0
ames6138,CCCC(=O)Nc1ccc(OCC(O)CNC(C)C)c(C(C)=O)c1,0
ames6139,CC(C=O)=Cc1ccccc1,0
ames6141,Cc1cc(Cl)ccc1O,0
ames2019,Cc1ccc(N)c(O)c1,1
ames4085,COc1cc(C(C)=O)cc(OC)c1O,0
ames6145,Nc1cc(Cl)ccc1Cl,0
ames2024,CSCNc1ccccc1,1
ames6148,Cc1ccccc1C=O,0
ames4093,Cc1ccc(C(C)C)cc1O,0
ames6154,O=C(O)COc1ccccc1,0
ames6156,COc1ccc(C=O)cc1,0
ames6157,COP(=O)(OC)OC(=CCl)c1cc(Cl)c(Cl)cc1Cl,0
ames6158,CCc1ccccc1O,0
ames2035,O=[N+]([O-])c1ccc(Br)cc1,1
ames4103,N#CCCC(=O)C=Cc1ccc(C(=O)O)cc1,0
ames4104,CC(C)(Br)C(=O)Nc1ccccc1,0
ames4105,C=CCOc1ccccc1OCC(O)CNC(C)C,0
ames6161,Oc1cccc(Cl)c1,0
ames6162,NC(=S)Nc1ccccc1,0
ames6163,NCc1ccc(CN)cc1,0
ames6165,Oc1ccccc1,0
ames2045,CC(CCN=[N+]=[N-])c1ccccc1,1
ames4111,CC(=O)Nc1ccc(S(N)(=O)=O)cc1,0
ames6169,FC(F)(F)c1cccc(Cl)c1,0
ames2051,CNc1ccc([N+](=O)[O-])cc1,1
ames6178,CC(C)COC(=O)c1ccccc1N,0
ames1546,Cn1c2ccccc2c(=O)c2c(O)cc3c(c21)CC(C1(C)CO1)O3,1
ames1628,Cc1cc(=O)oc2c3c(ccc12)C1(C)OOC1(C)O3,1
ames4264,CCC(C)C(C(CC(=O)N1CCCC1C(OC)C(C)C(=O)NC(Cc1ccccc1)c1nccs1)OC)N(C)C(=O)C(NC(=O)C(C(C)C)N(C)C)C(C)C,0
ames3622,Cn1c([N+](=O)[O-])cnc1C(O)c1cc(C(C)(C)C)cc(C(C)(C)C)c1O,0
ames0172,COc1cc(C(O)c2ncc([N+](=O)[O-])n2C)c(O)c(C(C)(C)C)c1,1
ames4472,Cc1cc(C(O)c2ncc([N+](=O)[O-])n2C)c(O)c(C(C)(C)C)c1,0
ames4145,Cc1ccc(C(C)(C)C)c(O)c1C(O)c1ncc([N+](=O)[O-])n1C,0
ames0842,Cc1ccc(C)c2c3c(ccc12)C(O)C(O)C1OC31,1
ames0036,OC1c2ccc3ccccc3c2C2OC2C1O,1
ames5642,CN1CC(C(=O)NC2(C)OC3(O)C4CCCN4C(=O)C(Cc4ccccc4)N3C2=O)C=C2c3cccc4[nH]cc(c34)CC21,0
ames2393,CCc1ccccc1Nc1ccc(Nc2ccccc2CC)c2c(O)c3c(c(O)c12)C(=O)C=CC3=O,1
ames1622,OCC1OC(n2cnc3c(=NO)[nH]cnc32)C(O)C1O,1
ames3789,COc1ccc(CNCC(O)COc2ccc3[nH]c(=O)ccc3c2)cc1OC,0
ames0237,c1ccc2c(c1)-c1c(c3ccccc3c3ccccc13)C1OC21,1
ames0216,O=c1ccc(=[N+]([O-])O)c2c(=O)c3c(=[N+]([O-])O)ccc(=O)c3c(=O)c12,1
ames3695,CC(C)(C)c1ccc(OP2OCC3(CO2)COP(Oc2ccc(C(C)(C)C)cc2C(C)(C)C)OC3)c(C(C)(C)C)c1,0
ames3742,c1ccc2cc3c(ccc4c5ccccc5ccc34)cc2c1,0
ames1428,O=[N+]([O-])c1ccc(-c2nc3n(c2[N+](=O)[O-])CCS3)cc1,1
ames2707,O=[N+]([O-])c1c(-c2ccc(Cl)cc2)nc2n1CCS2,1
ames2148,Cc1ccc(-c2nc3n(c2[N+](=O)[O-])CCS3)cc1,1
ames4963,CC1(C)OC1COc1c2ccoc2cc2oc(=O)ccc12,0
ames1084,O=C1NCCCN1N=Cc1ccc([N+](=O)[O-])o1,1
ames0859,CC(C)(O)C1Cc2cc3ccc(=O)oc3cc2O1,1
ames2377,C=CC(C)(C)c1cc2cc3c(cc2oc1=O)OC(C(C)(C)O)C3,1
ames4841,C=CC(C)(C)c1cc2cc3c(cc2oc1=O)OC(C(C)(C)OC(C)=O)C3,0
ames0735,N=C(N)N=NC(C=Cc1ccc([N+](=O)[O-])o1)=CCc1ccc([N+](=O)[O-])o1,1
ames0375,Cc1nn(C)c(N)c1C(=O)c1ccccc1F,1
ames0674,COc1ccc(C(=O)Nc2ccccc2)cc1[N+](=O)[O-],1
ames2848,O=C(Nc1ccc([N+](=O)[O-])cc1Cl)c1cc(Cl)ccc1O,1
ames6368,O=C(Nc1ccc(Br)cc1)c1cc(Br)cc(Br)c1O,0
ames4403,O=C(Nc1cc(Cl)cc(Cl)c1O)c1c(O)c(Cl)cc(Cl)c1Cl,0
ames5212,Nc1ccc(NC(=O)c2ccc(C(=O)O)cc2)cc1,0
ames4015,COC(=O)C1=C(C)N=C(C)C(C(=O)OCCc2ccc(N3CCN(C(c4ccccc4)c4ccccc4)CC3)cc2)C1c1cccc([N+](=O)[O-])c1,0
ames1289,COC(=O)Nc1nc2cc(C(=NO)c3ccc(F)cc3)ccc2[nH]1,1
ames5553,O=C1C(Cl)=C(Cl)C(=O)C1(Cl)Cl,0
ames2654,O=C1C=C(Cl)C(=O)C1(Cl)Cl,1
ames2102,O=C1C=CC(=O)C1(Cl)Cl,1
ames4249,CC(=O)c1c(O)cc(C)oc1=O,0
ames6220,O=S(=O)(O)c1c(N=Nc2c(O)ccc3ccccc23)ccc2ccccc12,0
ames5505,CN1C(=O)CN=C(c2ccccc2)c2cc(Cl)ccc21,0
ames4386,O=C1CN=C(c2ccccc2)c2cc([N+](=O)[O-])ccc2N1,0
ames2780,CN1C(=O)CN=C(c2ccccc2F)c2cc([N+](=O)[O-])ccc21,1
ames6486,CCN(CC)CCN1C(=O)CN=C(c2ccccc2F)c2cc(Cl)ccc21,0
ames5370,O=C1CN=C(c2ccccc2)c2cc(Cl)ccc2N1,0
ames4923,C=CC1(C)CCC2(C)C(C1)C(=O)CC1C3(C)CCCC12OC3=O,0
ames4014,CC1(c2ccccc2)C(=O)c2ccccc2N1O,0
ames2866,O=[N+]([O-])c1ccc2cccc3c2c1CC3,1
ames2716,O=[N+]([O-])c1ccc2c3c(cccc13)CC2,1
ames5577,c1cc2c3c(cccc3c1)CC2,0
ames5135,O=[N+]([O-])OC1COC2C(O[N+](=O)[O-])COC12,0
ames3786,O=[N+]([O-])OC1COC2C(O)COC12,0
ames2301,CCN(CCCl)CCCNc1c2c(nc3ccccc13)CCCC2,1
ames2987,Nc1c2c(nc3ccccc13)CCCC2,1
ames0591,Nc1cccc2cc3c(nc12)CCCC3,1
ames0053,O=C(O)c1ccc(C=Nn2nnc3c([nH]c4ccccc43)c2=O)cc1,1
ames0951,O=c1c2[nH]c3ccccc3c2nnn1N=Cc1ccc(O)cc1,1
ames2373,COC(=O)c1ccc(C=Nn2nnc3c([nH]c4ccccc43)c2=O)cc1,1
ames2379,O=c1c2[nH]c3ccccc3c2nnn1N=Cc1ccc([N+](=O)[O-])cc1,1
ames0988,COc1ccc(C=Nn2nnc3c([nH]c4ccccc43)c2=O)cc1,1
ames2179,O=c1c2[nH]c3ccccc3c2nnn1N=Cc1ccc(Cl)cc1,1
ames0191,O=c1c2[nH]c3ccccc3c2nnn1N=Cc1ccccc1,1
ames1279,CC(=O)Oc1cc(C=O)cc2c1C(COC(N)=O)C1(OC(C)=O)ON2CC2C1N2C(C)=O,1
ames2766,O=NN1CCCCCCC1,1
ames0290,O=C(CCCl)N=c1sn(C(=O)CCCl)c2ccc([N+](=O)[O-])cc12,1
ames4284,O=C(CCCCl)N=c1sn(C(=O)CCCCl)c2ccccc12,0
ames0102,CCCCCCCCCC(=O)N=c1sn(C(=O)CCCCCCCCC)c2ccc([N+](=O)[O-])cc12,1
ames1934,CC(C)CC(=O)N=c1sn(C(=O)CC(C)C)c2ccc([N+](=O)[O-])cc12,1
ames4867,O=C(CCCl)N=c1sn(C(=O)CCCl)c2ccccc12,0
ames1455,CC(C)C(=O)N=c1sn(C(=O)C(C)C)c2ccc([N+](=O)[O-])cc12,1
ames0013,CCCC(=O)N=c1sn(C(=O)CCC)c2ccc([N+](=O)[O-])cc12,1
ames2529,O=C(CCCCl)N=c1sn(C(=O)CCCCl)c2ccc([N+](=O)[O-])cc12,1
ames2169,CC(=O)N=c1sn(C(C)=O)c2ccc([N+](=O)[O-])cc12,1
ames1593,CCC(=O)N=c1sn(C(=O)CC)c2ccc([N+](=O)[O-])cc12,1
ames2571,CCCCC(=O)N=c1sn(C(=O)CCCC)c2ccc([N+](=O)[O-])cc12,1
ames2443,CCCCCC(=O)N=c1sn(C(=O)CCCCC)c2ccc([N+](=O)[O-])cc12,1
ames1343,CCCCCCCC(=O)N=c1sn(C(=O)CCCCCCC)c2ccc([N+](=O)[O-])cc12,1
ames2415,CNc1cc(Oc2ccc(N)cc2)ncn1,1
ames6291,CC(C)(C)C(=O)C1C(=O)c2ccccc2C1=O,0
ames3729,O=C1c2ccccc2C(=O)C1(O)O,0
ames1390,Cn1c([N+](=O)[O-])cnc1-c1nnc(N)s1,1
ames1674,O=C(O)c1oc([N+](=O)[O-])c(-c2ccccc2)c1-c1ccccc1,1
ames4897,COC(=O)c1oc(N(OC(C)=O)C(C)=O)c(-c2ccccc2)c1-c1ccccc1,0
ames5447,COC(=O)c1oc(NOC(C)=O)c(-c2ccccc2)c1-c1ccccc1,0
ames4258,O=C(O)c1occ(-c2ccccc2)c1-c1ccccc1,0
ames5256,COC(=O)c1occ(-c2ccccc2)c1-c1ccccc1,0
ames5129,COC(=O)c1oc(NO)c(-c2ccccc2)c1-c1ccccc1,0
ames2012,COC(=O)c1oc([N+](=O)[O-])c(-c2ccccc2)c1-c1ccccc1,1
ames5205,COC(=O)c1oc(N(O)C(C)=O)c(-c2ccccc2)c1-c1ccccc1,0
ames2440,O=C(CBr)c1oc([N+](=O)[O-])c(-c2ccccc2)c1-c1ccccc1,1
ames2346,CC(=O)c1oc([N+](=O)[O-])c(-c2ccccc2)c1-c1ccccc1,1
ames5831,C=C1C(=O)OC2CC(C)C3=CCC(=O)C3(C)C(O)C12,0
ames4981,COc1cc([N+](=O)[O-])ccc1NN=C(C(C)=O)C(=O)Nc1ccccc1OC,0
ames5482,CC1(C)CCCC2(C)C(C=O)C(C=O)=CCC12,0
ames2374,O=[N+]([O-])c1cc2c(cc3ccc4cccc5ccc2c3c45)o1,1
ames0331,c1cc2ccc3cc4occc4c4ccc(c1)c2c34,1
ames0516,Nc1ccc2[nH]c3ccccc3c2c1[N+](=O)[O-],1
ames1802,Cc1ccc(C)c2c1c1ccccc1n2C,1
ames0914,Nc1cc2c(cc1[N+](=O)[O-])[nH]c1ccccc12,1
ames2203,Cc1cc([N+](=O)[O-])c(C)c2c1[nH]c1ccccc12,1
ames1316,O=[N+]([O-])c1ccc2[nH]c3c([N+](=O)[O-])c(O)c([N+](=O)[O-])cc3c2c1,1
ames1964,Nc1cc2[nH]c3ccccc3c2cc1[N+](=O)[O-],1
ames0812,O=[N+]([O-])c1cc2c(cc1O)[nH]c1ccccc12,1
ames0686,COc1ccc2[nH]c3c(C)cc(N)c(C)c3c2c1,1
ames1714,Cc1ccc(C)c2c1[nH]c1ccc([N+](=O)[O-])cc12,1
ames3261,CCn1c2ccccc2c2cc(N)ccc21,1
ames2238,Nc1ccc2c([nH]c3ccccc32)c1[N+](=O)[O-],1
ames1210,O=[N+]([O-])c1ccc2[nH]c3c([N+](=O)[O-])cccc3c2c1,1
ames0186,O=[N+]([O-])c1ccc2[nH]c3ccccc3c2c1,1
ames5472,CC(C(=O)O)c1ccc2c(c1)[nH]c1ccc(Cl)cc12,0
ames1477,O=[N+]([O-])c1ccc2c(c1)[nH]c1ccccc12,1
ames2779,Nc1ccc2c(c1)[nH]c1ccccc12,1
ames1874,Cc1ccc(C)c2c1[nH]c1ccccc12,1
ames0721,O=[N+]([O-])c1cc2c([nH]c3ccccc32)c([N+](=O)[O-])c1O,1
ames2786,Cn1c2ccccc2c2ccc([N+](=O)[O-])cc21,1
ames0341,Cc1cc(N)c(C)c2c1[nH]c1ccc(O)cc12,1
ames5107,O=[N+]([O-])c1c(O)ccc2c1[nH]c1ccccc12,0
ames0219,CC(=O)c1ccc2[nH]c3c(C)cc([N+](=O)[O-])c(C)c3c2c1,1
ames2669,Cn1c2ccccc2c2cc([N+](=O)[O-])ccc21,1
ames2547,Cc1cc([N+](=O)[O-])c(C)c2c1[nH]c1ccc([N+](=O)[O-])cc12,1
ames1385,Cc1cc(N)c(C)c2c1[nH]c1ccccc12,1
ames0106,Cc1ccc2[nH]c3c(C)ccc(C)c3c2c1,1
ames2036,Cn1c2ccccc2c2cc(N)ccc21,1
ames2166,Cc1c([N+](=O)[O-])cc(C)c2c1c1ccccc1n2C,1
ames2560,Cc1cc([N+](=O)[O-])c(C)c2c1[nH]c1ccc(O)cc12,1
ames0501,O=[N+]([O-])c1cccc2c1[nH]c1ccccc12,1
ames3720,CC(C)NCC(O)COc1cccc2[nH]c3ccccc3c12,0
ames1408,Cn1c2ccccc2c2ccccc21,1
ames1281,O=[N+]([O-])c1ccc2[nH]c3ccc([N+](=O)[O-])cc3c2c1,1
ames3785,CC(=O)C1=C(C(C)(C)C)C(=O)C(C(C)(C)C)=C1,0
ames4392,CC(C=CC=C(C)C(=O)OC1OC(COC2OC(CO)C(O)C(O)C2O)C(O)C(O)C1O)=CC=CC=C(C)C=CC=C(C)C(=O)OC1OC(COC2OC(CO)C(O)C(O)C2O)C(O)C(O)C1O,0
ames2175,OC1c2c(cc3ccc4cccc5ccc2c3c45)C2OC2C1O,1
ames3215,c1cc2ccc3cc4c(c5ccc(c1)c2c35)CCC1OC41,1
ames2544,O=c1ccc(=Nc2ccc(CCO)cc2)c2c(O)c3c(=[N+]([O-])O)ccc(=O)c3c(O)c12,1
ames1578,Nc1ccc2c(no[n+]2[O-])n1,1
ames2813,O=[N+]([O-])c1ccc2[nH]ncc2c1,1
ames0902,O=C1C=C(c2nnc(NC(=O)c3ccccc3)s2)C(=O)C=C1Nc1ccc([N+](=O)[O-])cc1,1
ames4915,CN(C)CCC=C1c2ccccc2COc2ccccc21,0
ames3004,CC1=CC(=O)c2c(c(O)c3cc(O)cc(O)c3c2O)C1=O,1
ames3041,O=C1C=CC(=O)c2c1c(O)c1c(NCCNCCO)ccc(NCCNCCO)c1c2O,1
ames2978,O=C1C=CC(=O)c2c1c(O)c1c(NCCO)ccc(NCCO)c1c2O,1
ames2598,O=C1C=CC(=O)c2c1c(O)c1ccc(O)c(O)c1c2O,1
ames0984,COc1cc(O)c2c(O)c3c(c(O)c2c1)C(=O)C(C)=CC3=O,1
ames3240,CN(C)c1ccc(N(C)C)c2c(O)c3c(c(O)c12)C(=O)C=CC3=O,1
ames3303,CC1=CC(=O)c2c(c(O)c3c(O)ccc(O)c3c2O)C1=O,1
ames2861,CC1=CC(=O)c2c(c(O)c3ccccc3c2O)C1=O,1
ames4629,[O-][n+]1cc2ccccc2cn1,0
ames2150,CC1OCC(=O)C(=O)C1O,1
ames1561,Cc1nn(C)c(NC(=O)CNCCCN2CCCCC2C)c1C(=O)c1ccccc1F,1
ames0319,CC12CCC3C(CCC4CC(OC(=O)COc5ccc(N(CCCl)CCCl)cc5)CCC43C)C1CCC(=O)N2,1
ames6224,O=C(CCCN1CCC(O)(c2ccc(Cl)cc2)CC1)c1ccc(F)cc1,0
ames3648,Cc1cc(O)c2c(c1O)C(=O)C13C(C2=O)C(=O)C2C(O)C1C1C(O)C3C(=O)C3C(=O)c4c(O)cc(C)c(O)c4C(=O)C321,0
ames4858,Cc1cc(O)c2c(c1)C(=O)C13C(C2=O)C(=O)C2C(O)C1C1C(O)C3C(=O)C3C(=O)c4c(O)cc(C)cc4C(=O)C321,0
ames6054,c1ccc(P(c2ccccc2)c2ccccc2)cc1,0
ames2326,[N-]=[N+]=NCC(O)Cn1ncc2c(N)ncnc21,1
ames5251,Nc1ccc(C(=O)OCCCOC(=O)c2ccc(N)cc2)cc1,0
ames0916,Cn1c2ccccc2c(=N)c2ccccc21,1
ames5611,CC=C1CC2C=CC1C2,0
ames2804,C(CC1CO1)C1CO1,1
ames3061,Cc1c2ccccc2cc2c3c(ccc12)C=CC(O)C3O,1
ames1126,COc1c2c(cc3oc4c(CCC(C)(C)O)ccc(O)c4c(=O)c13)OC1OC=CC21,1
ames3157,COc1c(Cl)ccc2oc3cc4c(c(OC)c3c(=O)c12)C1C=COC1O4,1
ames0678,CC(C)(O)CCc1ccc(O)c2c(=O)c3c(O)c4c(cc3oc12)OC1OC=CC41,1
ames2967,CC(C)(O)CCc1ccc(O)c2c(=O)c3c(O)c4c(cc3oc12)OC1OC=CC41O,1
ames5404,O=c1c2c(O)cccc2oc2cc3c(c(O)c12)C1C=COC1O3,0
ames1733,CC(C)=CCc1ccc(O)c2c(=O)c3c(O)c4c(cc3oc12)OC1OC=CC41O,1
ames1670,O=[N+]([O-])c1ccc(CNc2ncnc3c2ncn3C2OC(CO)C(O)C2O)cc1,1
ames4562,CCCCCCCOc1ccccc1NC(=O)OCCN1CCCCC1,0
ames0229,Fc1cnc2ccc3ccccc3c2c1,1
ames1062,c1ccc2c(c1)ccc1ncccc12,1
ames0683,Nc1cnc2ccc3ccccc3c2c1,1
ames0814,Fc1ccc(F)c2c1ccc1ncccc12,1
ames0787,Fc1cccc2ccc3ncccc3c12,1
ames0440,CN(C)CCNC(=O)c1cc2ccccc2c2cccnc12,1
ames1826,Fc1cccc2c1ccc1ncccc12,1
ames4137,O=C(O)C1=CC=C(O[PH]2(Oc3ccc(C(=O)O)cc3)N[PH](Oc3ccc(C(=O)O)cc3)(Oc3ccc(C(=O)O)cc3)N[PH](Oc3ccc(C(=O)O)cc3)(Oc3ccc(C(=O)O)cc3)N2)CC1,0
ames0330,O=NN1CCCCCCCCCCCC1,1
ames2587,CCN(CC)CCn1nc2ccc(C)c3c2c1Sc1cc(Cl)ccc1-3,1
ames1230,CCN(CC)CCn1nc2ccc(CO)c3c2c1Sc1cc(Cl)ccc1-3,1
ames4210,C[N+]1(C)CCOCC1,0
ames5200,CC1SCC(C(=O)NC(Cc2c[nH]cn2)C(=O)N2CCCC2C(N)=O)NC1=O,0
ames5022,c1ccc2c(c1)Cc1ccccc1-2,0
ames5282,CC(=O)Nc1cc2c(cc1O)-c1ccccc1C2,0
ames3481,CC(=O)Nc1cccc2c1-c1ccccc1C2,1
ames2066,CC1c2ccccc2-c2ccc(F)cc21,1
ames3229,O=Nc1ccc2c(c1)Cc1ccccc1-2,1
ames2073,Cc1cccc2c1C(C)c1ccccc1-2,1
ames3109,CC(=O)Nc1ccc2c(c1)Cc1cc(NC(C)=O)ccc1-2,1
ames2983,Nc1ccc2c(c1)Cc1cc(N)ccc1-2,1
ames1052,CCN(C(C)=O)c1ccc2c(c1)Cc1ccccc1-2,1
ames1311,CCCCCCCCCCCCCCN(OC(C)=O)c1ccc2c(c1)Cc1ccccc1-2,1
ames3501,CC(=O)Nc1ccc2c(c1)Cc1cc(O)ccc1-2,1
ames1442,CC(=O)N(Cl)c1ccc2c(c1)Cc1ccccc1-2,1
ames0291,Nc1ccc2c(c1)Cc1cc([N+](=O)[O-])ccc1-2,1
ames2997,CC(=O)N(O)c1ccc2c(c1)Cc1ccccc1-2,1
ames2177,CC1(OO)c2ccccc2-c2ccccc21,1
ames2743,O=[N+]([O-])c1ccc2c(c1)Cc1cc([N+](=O)[O-])ccc1-2,1
ames4030,CC(C)(C)c1c(N)ccc2c1Cc1ccccc1-2,0
ames4289,CC(=O)Nc1cc2c(cc1OC(C)=O)-c1ccccc1C2,0
ames4547,Cc1cc2c(cc1C)-c1ccccc1C2,0
ames0175,CC1c2ccccc2-c2ccccc21,1
ames2240,O=C(Cl)OCC1c2ccccc2-c2ccccc21,1
ames2501,Cc1ccc2c(c1)-c1ccccc1C2C,1
ames0055,O=[N+]([O-])c1ccc2c(c1)Cc1ccccc1-2,1
ames1596,O=[N+]([O-])c1ccc2c(c1)C(O)c1ccccc1-2,1
ames3268,CCCCCCCCCCCCCC(=O)N(O)c1ccc2c(c1)Cc1ccccc1-2,1
ames3399,CC(=O)ON(C(C)=O)c1ccc2c(c1)Cc1ccccc1-2,1
ames3529,Cc1ccc2c(c1)C(C)c1cc(C)ccc1-2,0
ames1085,CC(=O)Nc1cc2c(cc1Cl)-c1ccccc1C2,1
ames4308,Cc1ccc2c(c1)Cc1cc(C)ccc1-2,0
ames3022,Nc1ccc2c(c1)Cc1ccccc1-2,1
ames3669,CC(=O)Nc1ccc2c(c1OC(C)=O)Cc1ccccc1-2,0
ames0710,ClNc1ccc2c(c1)Cc1ccccc1-2,1
ames2645,Cc1cccc2c1-c1ccccc1C2C,1
ames3287,ONc1ccc2c(c1)Cc1ccccc1-2,1
ames3933,CC(=O)Nc1ccc2c(c1O)Cc1ccccc1-2,0
ames1099,O=[N+]([O-])c1ccc2c(c1)-c1ccccc1C2,1
ames2261,O=CNc1ccc2c(c1)Cc1ccccc1-2,1
ames0343,CC(C)c1c(N)ccc2c1Cc1ccccc1-2,1
ames2790,Cc1cc2c(cc1C)C(C)c1ccccc1-2,1
ames0865,O=[N+]([O-])c1ccc2c(c1)Cc1cccc([N+](=O)[O-])c1-2,1
ames1380,Nc1cccc2c1Cc1ccccc1-2,1
ames0997,Cc1ccc2c(c1)C(C)c1ccccc1-2,1
ames2682,Nc1ccc2c(c1)-c1ccccc1C2,1
ames3067,CC(=O)Nc1ccc2c(c1)Cc1cccc(O)c1-2,1
ames0624,CC1c2cc(F)ccc2-c2ccc(F)cc21,1
ames2434,Nc1cccc2c1-c1ccccc1C2,1
ames2694,O=[N+]([O-])c1ccc2c(c1)Cc1cccc(O)c1-2,1
ames1406,O=[N+]([O-])c1ccc2c(c1)Cc1cc(O)ccc1-2,1
ames4887,NC1c2ccccc2-c2ccccc21,0
ames0510,CCCCCCCCCCCCCC(=O)ON(C(C)=O)c1ccc2c(c1)Cc1ccccc1-2,1
ames3863,NC(=O)C12OC1C(O)(c1ccccc1)NC2=O,0
ames4159,CN1CC=C(c2ccccc2)CC1,0
ames0065,C=CC1=CC(C)C(C)(OC(C)=O)C(=O)OCC2=CC[N+]3(C)CCC(OC1=O)C23O,1
ames0192,CC(=O)OC1CC2C(COC(=O)CC(C)C)=COC(OC(=O)CC(C)C)C2C12CO2,1
ames1036,ClC1=C(Cl)C(Cl)(C2(Cl)C(Cl)=C(Cl)C(Cl)=C2Cl)C(Cl)=C1Cl,1
ames2973,c1cc(OCC2CO2)cc(OCC2CO2)c1,1
ames5266,CC12CCC3C(CC=C4CC(O)CCC43C)C1CCC2=O,0
ames4507,C=Cc1ccccn1,0
ames5409,CN(N=O)c1ccncc1,0
ames4894,ON=Cc1ccccn1,0
ames4768,CCOP(=S)(OCC)Oc1nc(Cl)c(Cl)cc1Cl,0
ames0393,CN(N=O)c1ccccn1,1
ames2063,Fc1ccccn1,1
ames5030,Fc1cccc(F)n1,0
ames0141,Clc1ccccn1,1
ames4777,ON=Cc1ccncc1,0
ames5292,Clc1cccc(Cl)n1,0
ames3882,NCCNC(=O)c1ccc(Cl)cn1,0
ames4273,COP(=S)(OC)Oc1nc(Cl)c(Cl)cc1Cl,0
ames3119,ClCc1ccccn1,1
ames3120,Clc1cccc(C(Cl)(Cl)Cl)n1,1
ames0549,CCOC(=O)N(CCCC(=O)c1cccnc1)N=O,1
ames4675,Clc1cccnc1,0
ames5063,C=Cc1cccnc1,0
ames5196,CN(N=O)c1cccnc1,0
ames4431,ClCc1ccncc1,0
ames4434,Cc1ncc(CO)c(CO)c1O,0
ames5724,NC(=O)c1cccnc1,0
ames6364,Cc1ccncc1,0
ames6240,Nc1ccccn1,0
ames5989,CCc1cc(C(N)=S)ccn1,0
ames1093,CN(CCCC(O)c1cccnc1)N=O,1
ames3156,NNC(=O)c1ccncc1,1
ames5863,Cc1cccnc1,0
ames0456,CCOC(=O)N(N=O)C(CCC=O)c1cccnc1,1
ames5868,CC(=O)c1ccncc1,0
ames5484,Cc1ccccn1,0
ames2265,CN(CCCC(=O)c1cccnc1)N=O,1
ames3560,Clc1cncc(Cl)c1,0
ames4469,Fc1cccnc1,0
ames3179,ClCc1cccnc1,1
ames0868,Clc1cccnc1Cl,1
ames2421,Nc1cccc(N)n1,1
ames5897,CC(=O)NNC(=O)c1ccccn1,0
ames6411,c1ccncc1,0
ames3579,CCOP(=O)(OCC)Oc1nc(Cl)c(Cl)cc1Cl,0
ames5650,CC(=O)c1ccccn1,0
ames4494,Clc1ccc(Cl)nc1,0
ames6166,CCc1ccc(C)nc1,0
ames6040,O=C(O)c1cccnc1,0
ames5143,C=Cc1ccncc1,0
ames3857,CN(C)c1ccncc1,0
ames4247,Clc1ccncc1,0
ames4972,c1ccc2c(c1)-c1nc3ccccc3c3c1c-2nc1ccccc13,0
ames2770,O=[N+]([O-])c1ccc2c(c1)-c1nc3ccccc3c3c1c-2nc1ccccc13,1
ames1386,COc1ccc2c(c1OC)c(=O)n(C)c1c3cc4c(cc3ccc21)OCO4,1
ames4183,C=C1C(=O)OC2C1CCC(C)C1=CCC(=O)C12C,0
ames6140,COc1ccc2c(c1OC)C(=O)OC2C1c2cc3c(cc2CCN1C)OCO3,0
ames6063,CCC1CN2CCc3cc(OC)c(OC)cc3C2CC1CC1NCCc2cc(OC)c(OC)cc21,0
ames2142,Nc1nc2c(ccc3ncccc32)s1,1
ames5188,CC1(C)CCC2(C(=O)O)CCC3(C)C(=CCC4C5(C)CC(O)C(O)C(C)(C(=O)O)C5CCC43C)C2C1,0
ames0934,CC(C)CCCC(C)C1CCC2C3CC4(C5CC(Br)CCC5(C)C3CCC12C)S(=O)(=O)CCS4(=O)=O,1
ames2718,Cc1nc2ccc3ccc4ccc(O)cc4c3c2o1,1
ames2658,O=C(O)c1ccc(C=Cc2ccc([N+](=O)[O-])o2)cc1,1
ames2635,Cc1c2cc[nH]cc2c(C)c2c1nc1ccc(N)cc12,1
ames1986,Cc1c2cc[nH]cc2c(C)c2c1nc1ccccc12,1
ames3206,O=NN1CCCN(N=O)CC1,1
ames4757,CC1(C)CCC2(C(=O)O)CCC3(C)C(=CCC4C5(C)CC(O)C(OC6OC(CO)C(O)C(O)C6O)C(C)(C(=O)O)C5CCC43C)C2C1,0
ames4732,CC(=O)OC1(C(C)=O)CCC2C3=CC(Cl)=C4CC(=O)OCC4(C)C3CCC21C,0
ames0067,COc1ccc(N(CCCl)CCCl)c2cc([N+](=O)[O-])oc12,1
ames1705,COc1ccc(N(CCCl)CCCl)c2oc([N+](=O)[O-])cc12,1
ames1741,COc1ccc2oc([N+](=O)[O-])cc2c1N(CCCl)CCCl,1
ames2000,O=[N+]([O-])c1cc2cc(N(CCCl)CCCl)ccc2o1,1
ames5838,c1ccc2occc2c1,0
ames1528,O=[N+]([O-])c1cc2ccc(N(CCCl)CCCl)cc2o1,1
ames4692,CCc1cccc2cc(C(O)CNC(C)(C)C)oc12,0
ames3620,C#CCOCCN1C=CC=CC1=C=NO,0
ames5870,C=C1C(=CC=C2CCCC3(C)C2CCC3C(C)C=CC(O)C2CC2)CC(O)CC1O,0
ames4930,CC=C1c2ccc(O)cc2C(C)C1c1ccc(O)cc1,0
ames0392,Nc1ccccc1SCSc1ccccc1N,1
ames0950,O=[N+]([O-])c1cc2cc3ccc4cccc5ccc(c2o1)c3c45,1
ames1201,c1cc2ccc3cc4ccoc4c4ccc(c1)c2c34,1
ames4173,Nc1n[nH]c(=S)s1,0
ames3706,O=C1CCC(N2C(=O)c3ccccc3C2=O)C(=O)N1,0
ames4251,COc1cc(C2OCC3C(c4cc(OC)c(OC)c(OC)c4)OCC23)cc(OC)c1OC,0
ames5193,Nc1cnn(-c2ccccc2)c(=O)c1Cl,0
ames1004,O=C(O)c1cc2c(c3c1c([N+](=O)[O-])cc1c(O)cccc13)OCO2,1
ames1524,O=C(O)c1cc2c(c3c1c([N+](=O)[O-])cc1ccccc13)OCO2,1
ames0689,COC(=O)c1cc2c(c3c1ccc1c(OC)cccc13)OCO2,1
ames1686,COc1cccc2c1ccc1c(C(=O)O)cc3c(c12)OCO3,1
ames5297,COc1cc(O)cc2c1cc([N+](=O)[O-])c1c(C(=O)O)cc3c(c12)OCO3,0
ames1920,COc1cccc2c1cc([N+](=O)[O-])c1c(C(=O)O)cc3c(c12)OCO3,1
ames3759,COc1cc(OC)c2cc([N+](=O)[O-])c3c(C(=O)O)cc4c(c3c2c1)OCO4,0
ames1345,COC(=O)c1cc2c(c3c1c([N+](=O)[O-])cc1c(OC)cccc13)OCO2,1
ames5654,Nc1nc(N)c2nc(-c3ccccc3)c(N)nc2n1,0
ames5142,OC1C=Cc2ccc3c(sc4ccccc43)c2C1O,0
ames3782,COc1cc2c(c3oc(=O)c4c(c13)CCOC4=O)C1CCOC1O2,0
ames3802,CCCc1ccc2c(c1)OCO2,0
ames0390,O=Nc1cc2c(cc1O)OCO2,1
ames6126,CC(=O)OCc1ccc2c(c1)OCO2,0
ames6096,CCCCCCCC[S+]([O-])C(C)Cc1ccc2c(c1)OCO2,0
ames6427,Oc1ccc2c(c1)OCO2,0
ames3945,C=CC(=O)c1ccc2c(c1)OCO2,0
ames5554,O=Cc1ccc2c(c1)OCO2,0
ames6424,C=CCc1ccc2c(c1)OCO2,0
ames6170,C=CCc1cc(OC)c2c(c1)OCO2,0
ames3464,C=CC(OC(C)=O)c1ccc2c(c1)OCO2,1
ames5013,CC=Cc1ccc2c(c1)OCO2,0
ames4116,C=CC(O)c1ccc2c(c1)OCO2,0
ames6497,CCCCOCCOCCOCc1cc2c(cc1CCC)OCO2,0
ames3992,CC(=O)C=Cc1ccc2c(c1)OCO2,0
ames1889,COc1cc(OC)c(C2OC2C)cc1OC,1
ames1902,CC1(c2ccc([N+](=O)[O-])cc2)CO1,1
ames6222,CCOC(=O)C1OC1c1ccccc1,0
ames3230,Cc1ccc(C2CO2)cc1,1
ames6260,CCOC(=O)C1OC1(C)c1ccccc1,0
ames0083,CC1(c2ccccc2)CO1,1
ames4398,CC1(c2ccc(Br)cc2)CO1,0
ames2469,COc1ccc(C2OC2C)cc1,1
ames3983,CC1OC1c1ccccc1,0
ames3207,c1ccc(C2CO2)cc1,1
ames1214,COC(=O)C1OC1c1ccccc1,1
ames2732,CC1(c2ccc(Cl)cc2)CO1,1
ames1184,CC1(c2ccc(C#N)cc2)CO1,1
ames3892,CCC1OC1c1ccccc1,0
ames4731,CC(=O)OC1(C(C)=O)CCC2C3=CC(Cl)=C4CC(=O)C5CC5C4(C)C3CCC21C,0
ames4163,CC(O)C1C(=O)N2C(C(=O)O)=C(C3CCCO3)SC12,0
ames3539,CC1C(=O)OC2CCN3CC=C(COC(=O)C(C)(O)C1(C)O)C23,0
ames0296,C1=Cc2c3ccccc3cc3cc4ccccc4c1c23,1
ames6481,CC(=O)c1ccc(S(=O)(=O)NC(=O)NC2CCCCC2)cc1,0
ames1767,Cn1c([N+](=O)[O-])nc2c3cccnc3ccc21,1
ames0163,Cc1cc2ncccc2c2nc(N=[N+]=[N-])n(C)c12,1
ames0963,CC(=O)Nc1nc2c3cccnc3cc(C)c2n1C,1
ames3380,Cn1c(N)nc2c3cccnc3ccc21,1
ames3031,CNc1nc2c3cccnc3ccc2n1C,1
ames2584,CC(=O)Nc1nc2c3cccnc3ccc2n1C,1
ames0554,CCn1c(N)nc2c3cccnc3cc(C)c21,1
ames4009,Cc1cc2ncccc2c2ncn(C)c12,0
ames2337,Cn1cnc2c3cccnc3ccc21,1
ames3369,CN(C)c1nc2c3cccnc3ccc2n1C,1
ames3373,Cc1cc2ncccc2c2nc(N)n(C)c12,1
ames2251,CCn1c(N)nc2c3cccnc3ccc21,1
ames5189,COC(=O)c1cc(OC)c2c(c1-c1c(C(=O)OC)cc(OC)c3c1OCO3)OCO2,0
ames5621,Nc1cccc2c(=O)[nH][nH]c(=O)c12,0
ames4128,O=c1[nH][nH]c(=O)c2ccccc12,0
ames0848,O=c1[nH][nH]c(=O)c2cc([N+](=O)[O-])ccc12,1
ames4738,C[n+]1ccc(-c2cc[n+](C)cc2)cc1,0
ames4039,C[N+]1([O-])CCCC1c1cccnc1,0
ames1440,Cc1cnc2cc3nc(N)n(C)c3c(C)c2n1,1
ames0730,CC1C=C(C=O)C(C=O)=CC2(O)CC(C)(C)CC12,1
ames3982,CC1C=C(C=O)C(C=O)=CC2CC(C)(C)CC12,0
ames0418,COc1cc(=O)c2c(O)c3c(O)oc(C)cc3c(OC)c2c1,1
ames2493,Nc1c2ncn(Cc3ccccc3)c2nc[n+]1[O-],1
ames3177,CC12C=CC(=O)C=C1CCC1C2C(=O)CC2(C)C1CCC2(O)C(=O)CO,1
ames2204,CS(=O)(=O)OCCc1ccc(OCc2ccccc2)cc1,1
ames2455,ICCc1ccc(OCc2ccccc2)cc1,1
ames3761,CC(=O)OC1=C2C(C)C(OC(=O)C(O)C(NC(=O)c3ccccc3)c3ccccc3)CC(O)(C(OC(=O)c3ccccc3)C3C4(OC(C)=O)COC4CC(O)C3(C)C1=O)C2(C)C,0
ames3571,CC1=C(C(=O)Nc2ccccc2)SCCO1,0
ames1577,CC1COc2c(N3CCN(C)CC3)c(F)c(C(=O)O)c3c(=O)ccn1c23,1
ames4162,S=c1[nH]c2ccccc2s1,0
ames1646,CC1(C2CO2)CO1,1
ames3090,C1OC1C1CO1,1
ames6043,Nc1nc(=O)c2nc(CNc3ccc(C(=O)NC(CCC(=O)O)C(=O)O)cc3)cnc2[nH]1,0
ames2537,c1cnc2c(c1)ccc1c3cccnc3ccc12,1
ames0334,O=C(Nc1cccc2c1C(=O)c1cccc(Cl)c1C2=O)c1ccccc1,1
ames2744,OC1C=CC2OC2C1O,1
ames0763,c1cc2c3c(c1)C1NC1c1cccc(c1-3)C1NC21,1
ames2702,CC(C)(C)OC(=O)NN=CC1=CN(O)c2ccccc2N1O,1
ames1226,CC(=O)NN=CC1=CN(O)c2ccccc2N1O,1
ames5502,c1cnc2c(c1)-c1ncsc1CC2,0
ames1133,Nc1nc2c(s1)CCc1ncccc1-2,1
ames2413,CC1(C)Cc2ncccc2-c2nc(N)sc21,1
ames6338,C=C1CC23CC1(O)CCC2C12C=CC(O)C(C)(C(=O)O1)C2C3C(=O)O,0
ames2850,Cn1nc(C2CC2)cc1N,1
ames1098,CCOP(=O)(OCC)N1C2c3ccccc3-c3ccccc3C21,1
ames1519,ClN1C2c3ccccc3-c3ccccc3C21,1
ames2107,CCCCN1C2c3ccccc3-c3ccccc3C21,1
ames0566,CCCCCN1C2c3ccccc3-c3ccccc3C21,1
ames1788,c1ccc2c(c1)-c1ccccc1C1NC21,1
ames1854,C=CCN1C2c3ccccc3-c3ccccc3C21,1
ames0187,CS(=O)(=O)N1C2c3ccccc3-c3ccccc3C21,1
ames3717,Cc1oc(=O)oc1CN1CCN(c2cc3c(cc2F)c(=O)c(C(=O)O)c2n3C(C)S2)CC1,0
ames1913,O=C1CCc2c1ccc1c3c(ccc21)C(O)C(O)C=C3,1
ames1255,O=C1CCc2c1cc(C(F)(F)F)c1c3c(ccc21)C(O)C(O)C=C3,1
ames5714,c1ccc(CSCc2ccccc2)cc1,0
ames5126,CC1(C)C(C=C(Cl)Cl)C1C(=O)OC(C#N)c1cccc(Oc2ccccc2)c1,0
ames2303,CC(C)=CC1C(C(=O)OCc2cccc(Oc3ccccc3)c2)C1(C)C,1
ames4506,CC1(C)C(C(=O)OC(C#N)c2cccc(Oc3ccccc3)c2)C1(C)C,0
ames1072,O=c1oc2cccc3ccc4c5ccccc5cc1c4c32,1
ames4852,CC1C=C(C=O)C(C=O)C(O)C2CC(C)(C)CC12,0
ames2056,Cc1cnc2c(C)cc3c(nc(N)n3C)c2n1,1
ames2185,Cc1nc2ccc3c(nc(N)n3C)c2nc1C,1
ames2324,Cc1cnc2c(ccc3c2nc(N)n3C)n1,1
ames0265,Cc1cnc2c(C)c(C)c3c(nc(N)n3C)c2n1,1
ames4131,Cn1c(NS(=O)(=O)O)nc2c3nc(CO)cnc3ccc21,0
ames0267,Cc1c(C)c2c(nc(N)n2C)c2nccnc12,1
ames3108,Cc1cnc2ccc3c(nc(N)n3C)c2n1,1
ames2725,Cc1cc2nccnc2c2nc(N)n(C)c12,1
ames4787,Cc1cnc2ccc3c(ncn3C)c2n1,0
ames1830,Cc1cnc2c(cc(C)c3c2nc(N)n3C)n1,1
ames2090,CCn1c(N)nc2c3ncc(C)nc3ccc21,1
ames0806,Cc1cnc2c(n1)c(C)cc1c2nc(N)n1C,1
ames0829,Cc1cnc2cc(CO)c3c(nc(N)n3C)c2n1,1
ames1089,Cc1cc2c(nc(N)n2C)c2nccnc12,1
ames1609,Cc1nc2c(C)c(C)c3c(nc(N)n3C)c2nc1C,1
ames2524,Cc1nc2c(C)cc3c(nc(N)n3C)c2nc1C,1
ames1104,Cc1nc2cc(C)c3c(nc(N)n3C)c2nc1C,1
ames0345,Cc1cnc2c(n1)c(C)c(C)c1c2nc(N)n1C,1
ames0230,Cc1cnc2cc(C)c3c(nc(N)n3C)c2n1,1
ames2826,CCn1c(N)nc2c3nc(C)cnc3ccc21,1
ames5019,Cc1cnc2ccc3c(nc(NS(=O)(=O)O)n3C)c2n1,0
ames4319,O=c1c2ccccc2c(=O)c2c1ccc1c2[nH]c2c3c(=O)c4ccccc4c(=O)c3c3[nH]c4c(ccc5c(=O)c6ccccc6c(=O)c54)c3c12,0
ames4226,CC(NCc1ccccc1)C(=O)NCc1ccccc1,0
ames6487,Nc1ccccc1C(=O)OCCc1ccccc1,0
ames1573,c1ccc2cc3cc4ccccc4cc3cc2c1,1
ames5175,O=C(C=Cc1ccc(-c2ccccc2)cc1)c1ccccc1,0
ames2209,CCN(CC)CCNc1ccc2ncn3c4ccc(O)cc4c(=O)c1c23,1
ames2307,CCN(CC)CCNc1ccc2nc(C)n3c4ccc(O)cc4c(=O)c1c23,1
ames0705,Nc1ncnc2c1ncn2C(c1ccccc1)c1ccccc1,1
ames3304,COc1ccc2c(c1)c1cc(OC)ccc1c1c3ccc(OC)cc3c3cc(OC)ccc3c21,1
ames5736,Cc1cc(C)nc(NS(=O)(=O)c2ccc(N)cc2)n1,0
ames1252,O=[N+]([O-])c1ccc2ccc3c(O)ccc4c5ccccc5c1c2c34,1
ames1865,O=[N+]([O-])c1ccc2ccc3cccc4c5ccccc5c1c2c34,1
ames1480,O=[N+]([O-])c1cc2cccc3c4ccccc4c4cccc1c4c23,1
ames1481,O=[N+]([O-])c1ccc2ccc3ccc(O)c4c5ccccc5c1c2c34,1
ames5156,O=[N+]([O-])c1ccc2ccc3ccc([N+](=O)[O-])c4c5ccccc5c1c2c34,0
ames2131,O=[N+]([O-])c1ccc2c3ccccc3c3c([N+](=O)[O-])ccc4ccc1c2c43,1
ames0817,O=[N+]([O-])c1ccc2c3ccccc3c3cccc4ccc1c2c43,1
ames2138,O=[N+]([O-])c1cc([N+](=O)[O-])c2c3ccccc3c3cccc4ccc1c2c43,1
ames1724,CC(=O)Oc1c(OC(C)=O)c2c([N+](=O)[O-])ccc3c4ccccc4c4cccc1c4c23,1
ames3370,c1ccc2c(c1)c1cccc3ccc4cccc2c4c31,1
ames6457,CC1CCC2CC1C2(C)C,0
ames2290,OC1c2cccc3c2C2(OC2C1O)c1ccc2ccccc2c1-3,1
ames2552,C[N+]1=CC=C(c2ccccc2)CC1,1
ames6511,CC1CCCCC1NC(=O)Nc1ccccc1,0
ames2263,c1ccc2c(c1)ccc1cc3ccc4ccncc4c3cc12,1
ames6272,Brc1cc(Br)c(OCCOc2c(Br)cc(Br)cc2Br)c(Br)c1,0
ames4576,CC(C)NCC(O)COc1cccc2c1C=CC2,0
ames1966,O=[N+]([O-])c1ccc2c(c1)CC=C2,1
ames4099,O=S(=O)(O)C1C(O)c2c(cc3ccc4cccc5ccc2c3c45)C(O)C1O,0
ames1037,O=[N+]([O-])c1ccc2ccc3c4c(cc5ccc1c2c53)CCCC4,1
ames2599,O=[N+]([O-])c1ccc2ccc3cc4c(c5ccc1c2c35)CCCC4O,1
ames4820,O=[N+]([O-])c1c2c(c3ccc4cccc5ccc1c3c45)CCCC2O,0
ames4854,O=[N+]([O-])c1c2c(c3ccc4cccc5ccc1c3c45)CCCC2,0
ames1504,O=[N+]([O-])c1ccc2ccc3cc4c(c5ccc1c2c35)CCCC4,1
ames1409,O=Nc1ccc2ccc3c4c(cc5ccc1c2c53)CCCC4,1
ames1101,O=c1c2cccc3ccc4c5ccccc5cc1c4c32,1
ames1713,CC(=O)OCC1=COC(OC(=O)CC(C)C)C2C1=CC(OC(=O)CC(C)C)C21CO1,1
ames1547,O=C1C=C2c3cc4ccccc4cc3-c3cccc(c32)C1=O,1
ames6308,CCc1cccc2c3c([nH]c12)C(CC)(CC(=O)O)OCC3,0
ames5418,CCc1cccc2c3c([nH]c12)C(C)(CC)OCC3,0
ames2459,CCc1c(O)ccc2c3c([nH]c12)C(CC)(CC(=O)O)OCC3,1
ames0756,CCc1cc(O)cc2c3c([nH]c12)C(CC)(CC(=O)O)OCC3,1
ames4180,CCC1(CC(=O)O)OCCc2c1[nH]c1c(C(C)O)cccc21,0
ames5501,CCC1(CC(=O)O)OCCc2c1n(C)c1ccccc21,0
ames3602,CCC1(CC(=O)O)OCCc2c1[nH]c1c(C)cccc21,0
ames4674,CC1(C)C2CC3OC3(C)C1C2,0
ames4634,N=C(N)c1ccc(-c2cc3ccc(C(=N)N)cc3[nH]2)cc1,0
ames1219,c1ccc2c(c1)-c1ccccc1C1OC21,1
ames3722,OC1C=Cc2c(ccc3ncccc23)C1O,0
ames1727,CCN(CC(O)C1=CC(=O)C(=[N+]=[N-])C=C1)N=O,1
ames1521,CCCCN(CC(O)C1=CC(=[N+]=[N-])C(=O)C=C1)N=O,1
ames1383,Cn1c(=NO)[nH]c2ncc(-c3ccccc3)cc21,1
ames2960,Oc1ccc2ccc3c4ccccc4cc4ccc1c2c43,1
ames1932,Oc1ccc2c(c1)cc1ccc3cccc4ccc2c1c34,1
ames1804,Cc1ccc2ccc3c4ccccc4cc4ccc1c2c43,1
ames2060,Cc1ccc2cc3ccc4cccc5ccc(c2c1)c3c45,1
ames0524,ClCc1cc2cc3ccccc3c3ccc4cccc1c4c23,1
ames3358,Oc1c2ccccc2c2ccc3cccc4ccc1c2c43,1
ames3490,OCc1c2ccccc2c2ccc3cccc4ccc1c2c43,1
ames5300,O=S(=O)(O)Oc1c2ccccc2c2ccc3cccc4ccc1c2c43,0
ames1177,O=S(=O)(O)OCc1c2ccccc2c2ccc3cccc4ccc1c2c43,1
ames4918,O=S(=O)(O)Oc1cccc2c1cc1ccc3cccc4ccc2c1c34,0
ames0413,Cc1cc2cccc3ccc4cc5ccccc5c1c4c32,1
ames4278,ClCc1c2ccccc2c2ccc3cccc4ccc1c2c43,0
ames2348,Cc1cc2c3ccccc3cc3ccc4cccc1c4c32,1
ames4286,OCc1cc2c3ccccc3cc3ccc4cccc1c4c32,0
ames0807,Oc1cc2cccc3ccc4c5ccccc5cc1c4c32,1
ames1708,Nc1ccc2ccc3cc4ccccc4c4ccc1c2c34,1
ames1198,ClCc1cc2cccc3ccc4c5ccccc5cc1c4c32,1
ames2098,O=[N+]([O-])c1ccc2ccc3c([N+](=O)[O-])c4ccccc4c4ccc1c2c34,1
ames0177,Cc1cc2cccc3ccc4c5ccccc5cc1c4c32,1
ames5327,ClCc1ccc2ccc3cc4ccccc4c4ccc1c2c34,0
ames2372,O=[N+]([O-])c1ccc2ccc3cc4ccccc4c4ccc1c2c34,1
ames3793,O=S(=O)(O)Oc1ccc2ccc3c4ccccc4cc4ccc1c2c43,0
ames2510,ClCc1cccc2cc3ccc4cccc5ccc(c12)c3c45,1
ames0064,O=[N+]([O-])c1cc2ccc3cc4ccccc4c4ccc(c1)c2c34,1
ames3407,Oc1cc2ccc3cc4ccccc4c4ccc(c1)c2c34,1
ames1992,Cc1ccc2c(c1)cc1ccc3cccc4ccc2c1c34,1
ames2897,Oc1ccc2ccc3cc4ccccc4c4ccc1c2c34,1
ames0452,O=Nc1ccc2ccc3c4ccccc4cc4ccc1c2c43,1
ames3284,Oc1cc2c3ccccc3cc3ccc4cccc1c4c32,1
ames0200,Cc1cccc2c1cc1ccc3cccc4ccc2c1c34,1
ames0712,BrCc1c2ccccc2c2ccc3cccc4ccc1c2c43,1
ames1612,O=Nc1c2ccccc2c2ccc3cccc4ccc1c2c43,1
ames2260,O=[N+]([O-])c1c2ccccc2c2ccc3cccc4ccc1c2c43,1
ames0972,O=[N+]([O-])c1ccc2ccc3c4ccccc4cc4ccc1c2c43,1
ames4453,OCc1cc2cccc3ccc4cc5ccccc5c1c4c32,0
ames2004,CC(=O)OCc1c2ccccc2c2ccc3cccc4ccc1c2c43,1
ames1876,ClCc1cc2c3ccccc3cc3ccc4cccc1c4c32,1
ames1492,Oc1cc2cc3ccccc3c3ccc4cccc1c4c23,1
ames2140,Cc1cc2ccc3cc4ccccc4c4ccc(c1)c2c34,1
ames0090,O=S(=O)(O)Oc1ccc2ccc3cc4ccccc4c4ccc1c2c34,1
ames2279,Cc1cccc2cc3ccc4cccc5ccc(c12)c3c45,1
ames1762,O=[N+]([O-])c1ccc2ccc3c4ccccc4c([N+](=O)[O-])c4ccc1c2c43,1
ames3311,Oc1ccc2cc3ccc4cccc5ccc(c2c1)c3c45,1
ames1124,Cc1ccc2ccc3cc4ccccc4c4ccc1c2c34,1
ames0231,Cc1cc2cc3ccccc3c3ccc4cccc1c4c23,1
ames1392,Cc1c2ccccc2c2ccc3cccc4ccc1c2c43,1
ames3978,O=S(=O)(O)Oc1ccc2cc3ccc4cccc5ccc(c2c1)c3c45,0
ames0248,O=Nc1ccc2ccc3cc4ccccc4c4ccc1c2c34,1
ames1018,Nc1ccc2ccc3c4ccccc4cc4ccc1c2c43,1
ames1407,ClCc1cc2cccc3ccc4cc5ccccc5c1c4c32,1
ames6173,CC1(Cn2ccnn2)C(C(=O)O)N2C(=O)CC2S1(=O)=O,0
ames3841,CC12CCC(=O)C=C1C1CC1C1C2CCC2(C)C1C1CC1C21CCC(=O)O1,0
ames4625,CCCCCCC(CCCC)COc1ccc(-c2ccc(-c3ccc(-c4ccc(OCC(CCCC)CCCCCC)cc4)cc3)cc2)cc1,0
ames4409,CCN(CC)c1ccc(-c2ccc(-c3ccc(-c4ccc(N(CC)CC)cc4)cc3)cc2)cc1,0
ames5318,Nc1ccc(-c2ccc(-c3ccc(-c4ccc(N)cc4)cc3)cc2)cc1,0
ames5117,CN(C)c1ccc(C(=C2C=CC(=N)C=C2)c2ccc(N(C)C)cc2)cc1,0
ames1276,N=C1C=CC(=C(c2ccc(N)cc2)c2ccc(N)cc2)C=C1,1
ames4294,CN=C1C=CC(=C(c2ccc(NC)cc2)c2ccc(N(C)C)cc2)C=C1,0
ames1426,CN=C1C=CC(=C(c2ccc(N(C)C)cc2)c2ccc(N(C)C)cc2)C=C1,1
ames0414,c1ccc(-c2ccncc2)nc1,1
ames5319,CCOP(=S)(OCC)SCn1c(=O)oc2cc(Cl)ccc21,0
ames4100,O=c1[nH]c2ccccc2o1,0
ames4164,CCCCCOc1cccc(NC(=O)OC2CCCCC2N2CCCC2)c1,0
ames1629,OC1C=Cc2c(cc3c4c(cc5ccccc53)-c3ccccc3-c24)C1O,1
ames1300,COC(=O)c1c2c(c3ccccc3c1O)OC(C)(C)C=C2,1
ames3675,Oc1ccc(O)n1-c1cc(Cl)cc(Cl)c1,0
ames4937,Oc1ccc(O)n1-c1ccc(Cl)c(Cl)c1,0
ames4265,Oc1ccc(O)n1-c1ccc(Cl)c(Cl)c1Cl,0
ames4782,Oc1ccc(O)n1-c1ccc(Cl)cc1,0
ames4345,Oc1ccc(O)n1-c1cc(Cl)c(Cl)c(Cl)c1,0
ames4476,O=c1nc[nH]c(=O)[nH]1,0
ames3331,CC(C=CC=C(C)C=CC1=C(C)CCCC1(C)C)=CC=CC=C(C)C=CC=C(C)C=CC1=C(C)CCCC1(C)C,1
ames3446,c1ccc2cc(C3CO3)ccc2c1,1
ames3803,CC(C)CC1NC(=O)CNC1=O,0
ames4607,O=c1c(O)c(O)c1=O,0
ames2971,C=C1CC(=CC)C(=O)OC2CCN3CC=C(COC(=O)C1(C)O)C23,1
ames3243,C=C1CC(=CC)C(=O)OC2CCN3CC=C(COC(=O)C1(O)CO)C23,1
ames5969,O=C(O)CCCCC1CCSS1,0
ames4683,Oc1ccc(O[PH]2(Oc3ccc(O)cc3)N[PH](Oc3ccc(O)cc3)(Oc3ccc(O)cc3)N[PH](Oc3ccc(O)cc3)(Oc3ccc(O)cc3)N2)cc1,0
ames4636,c1ccc2sncc2c1,0
ames0931,Nc1ccc2sncc2c1,1
ames2828,O=[N+]([O-])c1cccc2c(Cl)nsc12,1
ames2062,O=[N+]([O-])c1ccc2snc(Cl)c2c1,1
ames2325,Nc1cccc2cnsc12,1
ames1955,COc1nsc2ccc([N+](=O)[O-])cc12,1
ames0656,O=[N+]([O-])c1cccc2cnsc12,1
ames1816,O=[N+]([O-])c1ccc2c(Cl)nsc2c1,1
ames1978,COc1nsc2ccc(N)cc12,1
ames0889,COc1nsc2cc(N)ccc12,1
ames2789,COc1nsc2cc([N+](=O)[O-])ccc12,1
ames0665,COc1nsc2c(N)cccc12,1
ames2144,COc1nsc2c([N+](=O)[O-])cccc12,1
ames0091,Nc1ccc2snc(Cl)c2c1,1
ames0572,Nc1cccc2c(Cl)nsc12,1
ames0445,O=[N+]([O-])c1ccc2sncc2c1,1
ames3639,O=C(NC(Cc1cc(=O)[nH]c2ccccc12)C(=O)O)c1ccc(Cl)cc1,0
ames5001,O=c1c2[nH]c3ccccc3c2nnn1N=Cc1ccc(-c2ccccc2)cc1,0
ames2478,OC1c2cccc3c2C2(OC2C1O)c1cc2ccccc2cc1-3,1
ames0007,CCNC(=O)Nc1ncc([N+](=O)[O-])s1,1
ames2715,O=C(NCCCl)Nc1ncc([N+](=O)[O-])s1,1
ames1909,Nc1nccs1,1
ames0496,c1cscn1,1
ames0124,Nc1ncc([N+](=O)[O-])s1,1
ames2735,CC(C)Cc1nccs1,1
ames4393,CCC1(O)CC2CN(CCc3c([nH]c4ccccc34)C(C(=O)OC)(c3cc4c(cc3OC)N(C)C3C(O)(C(=O)OC)C(OC(C)=O)C5(CC)C=CCN6CCC43C65)C2)C1,0
ames3643,CCC1(O)CC2CN(CCc3c([nH]c4ccccc34)C(C(=O)OC)(c3cc4c(cc3OC)N(C=O)C3C(O)(C(=O)OC)C(OC(C)=O)C5(CC)C=CCN6CCC43C65)C2)C1,0
ames5980,Cc1cc(Cl)cc2c1C(=O)C(=C1Sc3cc(Cl)cc(C)c3C1=O)S2,0
ames1717,ClC=CC[N+]12CN3CN(CN(C3)C1)C2,1
ames3819,CC(=O)OC1CC2C3(C)CCCC(C)(C)C3CCC2(C)C2CC=C(C=O)C(C=O)C12C,0
ames4835,[O-][n+]1cccc2c3c(ccc21)C(O)C(O)C1OC31,0
ames3360,O=C1CCc2ccc3c(ccc4ccccc43)c21,1
ames3249,Cc1cc2c(c3ccc4ccccc4c13)C(=O)CC2,1
ames2135,OC1C=Cc2c(ccc3c2ccc2ccccc23)C1O,1
ames1197,Nc1cc2c3c(ccc2c2ccccc12)C(O)C(O)C=C3,1
ames2568,Oc1ccc2ccc3c4c(ccc3c2c1)C(O)C(O)C=C4,1
ames2854,O=[N+]([O-])c1cc2c3c(ccc2c2ccccc12)C(O)C(O)C=C3,1
ames3306,COc1cc2c(c3oc(=O)c4c(c13)CCC4O)C1C=COC1O2,1
ames3132,COc1cc2c(c3oc(=O)c4c(c13)C(O)CC4O)C1C=COC1O2,1
ames3363,O=C1c2ccccc2-c2ccc(Oc3ccc(S(=O)(=O)O)cc3)c3cccc1c23,1
ames5060,O=C(O)c1cc(=O)c2c(OCC(O)COc3cccc4oc(C(=O)O)cc(=O)c34)cccc2o1,0
ames3668,CCCCCCCCSCN1C=CN(C)C1,0
ames4316,CN1C=CN(CCS(C)(=O)=O)C1C=NO,0
ames5024,CN(C)CCN1C=CN(C)C1C=NO,0
ames3900,CN1C=CN(COCCC(C)(C)[N+](=O)[O-])C1C=NO,0
ames5489,CCC(CCOCN1C=CN(C)C1C=NO)[N+](=O)[O-],0
ames3949,C#CCOCCN1C=CN(C)C1C=NO,0
ames4344,CN(C)CCCN1C=CN(C)C1C=NO,0
ames5892,C=C(C)C1CC=C(C)C(OC(C)=O)C1,0
ames5538,CCCCCCCCCCCCCCCC(=O)OCC=C(C)C=CC=C(C)C=CC1=C(C)CCCC1(C)C,0
ames5314,CC(=O)OCC=C(C)C=CC=C(C)C=CC1=C(C)CCCC1(C)C,0
ames6186,C=C(C)C1CC=C(C)CC1,0
ames4388,CC1=CCC(C(C)(C)O)CC1,0
ames5450,CC(C=O)=CC=CC(C)=CC=CC=C(C)C=CC=C(C)C=CC1=C(C)CCCC1(C)C,0
ames1810,CC(C=CC=C(C)C=CC1=C(C)CCCC1(C)C)=CC=O,1
ames3779,COC(=O)C(C)=CC=CC(C)=CC=CC=C(C)C=CC=C(C)C=CC1=C(C)CCCC1(C)C,0
ames5034,C1=CCCCC1,0
ames5971,C=C(C)C1CC=C(C)C(O)C1,0
ames5748,C=CC1CC=CCC1,0
ames6131,CCC(=O)C=CC1=C(C)CCCC1(C)C,0
ames0884,CC(C=CC1=C(C)CCCC1(C)C)=CC=CC(C)=CCO,1
ames5169,CC(=O)C=CC1=C(C)CCCC1(C)C,0
ames3855,C=C(C)C1CC=C(C=O)CC1,0
ames3927,O=C(O)C1=CC(O)C(O)C(O)C1,0
ames1669,CC(C)OC1OC(=O)C(Cl)=C1Cl,1
ames1433,O=C1OC(O)C(C(Br)Br)=C1Br,1
ames0023,O=C1OCC(CCl)=C1Br,1
ames1562,O=C1OCC(CBr)=C1Br,1
ames1694,O=C1OC(O)C(CCl)=C1Cl,1
ames1952,O=C1C=C(CCl)CO1,1
ames2351,O=C1OCC(Br)=C1Br,1
ames1579,O=C1OC(O)C(C(Cl)Cl)=C1Cl,1
ames2745,CC1=C(Cl)C(=O)OC1O,1
ames2490,CCC1=C(C(=O)OC)C(=O)OC1C,1
ames4679,O=C1C=CCO1,0
ames1866,O=C1OC(O)C(Cl)=C1Cl,1
ames2388,O=C1OCC(CCl)=C1Cl,1
ames2772,O=C1OCC(Cl)=C1Cl,1
ames0968,O=C1OC(O)C(CBr)=C1Br,1
ames2006,COC(=O)C1=C(C)C(C(C)C)OC1=O,1
ames1111,O=C1OCC(C(Br)Br)=C1Br,1
ames2406,O=C1OCC(C(Cl)Cl)=C1Cl,1
ames0473,O=C1OCC(CBr)=C1Cl,1
ames1759,O=C1OC(O)C(C(Cl)Br)=C1Cl,1
ames0864,COC1OC(=O)C(Cl)=C1C(Cl)Cl,1
ames0109,O=C1OCC(C(Br)Br)=C1Cl,1
ames5520,COC(=O)C1=C(C)C(C)(O)OC1=O,0
ames2044,O=C1C=C(CCl)C(O)O1,1
ames1925,O=C1OC(O)C(C(Br)Br)=C1Cl,1
ames0150,c1scc2c1-c1cscc1C1OC21,1
ames2071,Nc1ccc2nc3ccc(N)cc3[s+]c2c1,1
ames2621,CN(C)c1ccc2nc3ccc(N(C)C)cc3[s+]c2c1,1
ames0310,Cc1cc2nc3ccc(N(C)C)cc3[s+]c2cc1N,1
ames2206,CC(=O)OC1C(OC23C=C(C)C4(CC4)C(C)(O)C2C(=O)C(C)(C)C3)OC(CO)C(OC(=O)C=Cc2ccc(O)cc2)C1O,1
ames3473,c1ccc2c(C3CO3)c3ccccc3cc2c1,1
ames3430,Cc1c2ccccc2c(C2CO2)c2ccccc12,1
ames6474,N=C1NC(C(=O)O)CS1,0
ames4475,CC(=O)OC1C(=O)OC2C(OC(C)=O)C(=O)OC12,0
ames1580,c1ccc2c(CCC3CO3)cccc2c1,1
ames3969,CC(C)(C)NCC(O)COc1ccccc1C1=CCCC1,0
ames5918,O=S(=O)(O)c1cc(N=Nc2c(O)ccc3ccccc23)ccc1-c1ccc(N=Nc2c(O)ccc3ccccc23)cc1S(=O)(=O)O,0
ames0087,Nc1ccc2cc(S(=O)(=O)O)cc(O)c2c1N=Nc1ccc(-c2ccc(N=Nc3c(N)ccc4cc(S(=O)(=O)O)cc(O)c34)cc2)cc1,1
ames4907,Nc1c(S(=O)(=O)O)cc2cc(S(=O)(=O)O)ccc2c1N=Nc1ccc(-c2ccc(N=Nc3c(N)c(S(=O)(=O)O)cc4cc(S(=O)(=O)O)ccc34)c(Cl)c2)cc1Cl,0
ames3707,C(=NN1C=c2[nH]c3ccccc3c2=NN1)c1ccc(Oc2ccccc2)cc1,0
ames1286,OC1c2ccc3ccc4ccccc4c3c2C2OC2C1O,1
ames3860,CC1CCC(=O)C1=O,0
ames1643,CN1CCN(c2c(F)cc3c(=O)c(C(=O)O)cn4c3c2OCN4C)CC1,1
ames5475,COc1c(O)c2c(c3cc(C(=O)N4CCc5c4c(O)c(OC)c4[nH]c(C(=O)N6CC7CC78C6=CC(=O)c6[nH]cc(C)c68)cc54)[nH]c13)CCN2C(N)=O,0
ames1817,C=CCn1cc2c3c(cccc31)C1CC(C)CN(C#N)C1C2,1
ames2153,CN1CC(CBr)CC2c3cccc4[nH]cc(c34)CC21,1
ames0012,CC1CC2c3cccc4[nH]cc(c34)CC2N(C)C1,1
ames2225,CCCn1cc2c3c(cccc31)C1CC(C)CN(C#N)C1C2,1
ames0581,COc1cccc2c(O)c3c(c(O)c12)C(=O)C1=C(CC(O)(C(C)=NNC(=O)c2ccccc2)CC1OC1CC(N)C(O)C(C)O1)C3=O,1
ames5011,Cn1cc[nH]c1=S,0
ames3777,CN(C)CCN(Cc1ccc(Cl)s1)c1ccccn1,0
ames5944,CN(C)CCN(Cc1cccs1)c1ccccn1,0
ames0981,OC1C=CC2=C(c3cccc4cccc2c34)C1O,1
ames0410,C=CCC1=C(C)C(OC(=O)C2C(C=C(C)C)C2(C)C)CC1=O,1
ames3417,Cc1c(N)nc(C)c2c1[nH]c1ccccc12,1
ames1695,Nc1nccc2[nH]c3ccccc3c12,1
ames5389,CCOC(=O)Nc1cccc2c1[nH]c1ccncc12,0
ames2565,Nn1c2ccccc2c2cnccc21,1
ames2867,O=C1C=Cc2c(O)c3cccc4c(O)ccc(c2=C1)c43,1
ames3846,O=C(O)C1Cc2c([nH]c3ccccc23)C(CO)N1,0
ames4481,CC1NC(C(=O)O)Cc2c1[nH]c1ccccc21,0
ames0181,COC(=O)C1Cc2c([nH]c3ccc([N+](=O)[O-])cc23)C(C)N1N=O,1
ames3518,O=C(O)C1Cc2c([nH]c3ccccc23)CN1,0
ames5723,Cc1coc2c1CCC(C)C2,0
ames5303,N1=NC2C3OC3C1C1OC21,0
ames2431,O=c1cn[nH]c(=O)[nH]1,1
ames5414,Cc1n[nH]c(=O)[nH]c1=O,0
ames1466,Nc1ncnc2c1ncn2C(c1ccccc1)(c1ccccc1)c1ccccc1,1
ames1019,Cn1c(N=[N+]=[N-])nc2ccc3ncccc3c21,1
ames3085,Cn1c(N)nc2ccc3ncccc3c21,1
ames3394,c1cc2ccc3ccc(C4CO4)c4ccc(c1)c2c34,1
ames4459,CC(=O)c1cc2c(cc1C)C(C)(C)C(C)C2(C)C,0
ames4109,CC(=O)c1cc2c(cc1C)C(C)(C)C(C)C2C(C)C,0
ames3551,Cc1c([N+](=O)[O-])cc2c(c1[N+](=O)[O-])C(C)(C)CC2(C)C,0
ames4216,CC(=O)c1cc(C(C)(C)C)cc2c1CCC2(C)C,0
ames1825,CC1CN(c2cc3c(cc2F)c(=O)c(C(=O)O)cn3-c2ccc(F)cc2F)CCN1,1
ames3682,O=C(O)c1cn(-c2ccc(F)cc2)c2cc(N3CCNCC3)c(F)cc2c1=O,0
ames6464,COc1cc(C2c3cc4c(cc3C(O)C3COC(=O)C23)OCO4)cc(OC)c1OC,0
ames6011,C=C1CCC(O)CC1=CC=C1CCCC2(C)C1CCC2C(C)CCCC(C)C,0
ames4784,C=C1C(=CC=C2CCCC3(C)C2CCC3C(C)CCC(O)C(C)C)CC(O)CC1O,0
ames2561,CC1(C)CC2C=C(C=O)C3(C=O)CC3(C)C2C1,1
ames2595,CC1(C)CC2C(O)(C=C(C=O)C3(C=O)CC23C)C1,1
ames1160,COC(=O)C12CC1(C=O)C(C=O)=CC1CC(C)(C)CC12,1
ames0512,CC1(C)CC2C=C(CO)C3(C=O)CC3(C)C2C1,1
ames5793,Clc1ccc(COC(Cn2ccnc2)c2ccc(Cl)cc2Cl)cc1,0
ames4020,O=c1[nH]ncc2ccccc12,0
ames4285,CN1C(=O)C23CC4=CC=CC(O)C4N2C(=O)C1(CO)SS3,0
ames2017,COc1cc(OC2OC(CO)C(O)C(O)C2O)c2c(=O)c3c(O)ccc(O)c3oc2c1,1
ames0167,O=c1c2c(OC3OC(CO)C(O)C(O)C3O)cc(O)cc2oc2c(O)ccc(O)c12,1
ames0108,C1=CC2OC2C=C1,1
ames1815,C1=CC23CCCC2(C=C1)O3,1
ames2836,CC(=O)OC1C2OC2C2=CC(=O)C3(CC2(C)C1C)OC3(C)C=O,1
ames6111,O=c1c(O)cc2c(O)oc3c(=O)c(O)cc4c(O)oc1c2c43,0
ames0534,COc1ccc2c(cc3c4c(cc5c(c42)OCO5)C(=O)C(=O)N3C)c1OC,1
ames2043,O=C1c2ccccc2-c2ccc3c4ccc5c6c(ccc(c7ccc1c2c73)c64)C(=O)c1ccccc1-5,1
ames4584,CC1Cc2ccc(C(=O)NC(Cc3ccccc3)C(=O)O)c(O)c2C(=O)O1,0
ames5673,CC1Cc2c(Cl)cc(C(=O)NC(Cc3ccccc3)C(=O)O)c(O)c2C(=O)O1,0
ames1024,CN(C)c1ccc(C(=N)c2ccc(N(C)C)cc2)cc1,1
ames5395,BrC1CCC(Br)C(Br)CCC(Br)C(Br)CCC1Br,0
ames3799,CCOC(=O)c1cc2cc3c4c(c2oc1=O)CCCN4CCC3,0
ames0085,O=c1ccc2cc3c4c(c2o1)CCCN4CCC3,1
ames0344,Cc1cc(=O)oc2c3c4c(cc12)CCCN4CCC3,1
ames2852,O=C1NC2(CCCCC2)C(=O)N1CCN1CC1,1
ames4059,OCC1CCCO1,0
ames6198,C1CCOC1,0
ames4199,CCCCCCCCC=CCCCCCCCC(=O)OCCOCC1(OCCOC)OCC(OCCOC)C1OCCOC,0
ames5962,CC1CCCO1,0
ames2809,CC(C)(C)N(Cc1ccccc1)CC(O)c1ccc(O)c(CO)c1,1
ames3352,Nc1ccc2cc3ccc(N)cc3nc2c1,1
ames0269,Nc1c2ccccc2nc2ccc(I)cc12,1
ames0910,CN(C)CCCNc1c2ccccc2nc2cccc([N+](=O)[O-])c12,1
ames1559,ClCCNCCCNc1c2ccccc2nc2ccccc12,1
ames3234,COc1ccc2nc3cc(Cl)ccc3c(NCCCNCCCl)c2c1,1
ames2470,COC(=O)c1ccc([N+](=O)[O-])c2c(NCCCN(C)C)c3ccccc3nc12,1
ames0409,CN(C)CCNC(=O)c1cccc2nc3ccccc3cc12,1
ames2220,Cc1ccc([N+](=O)[O-])c2c(NCCCN(C)C)c3ccccc3nc12,1
ames3251,CN(C)c1ccc2cc3ccc(N(C)C)cc3nc2c1,1
ames2742,CN(C)CCCNc1c2ccccc2nc2c(N(C)C)ccc([N+](=O)[O-])c12,1
ames4803,CN(C)CCNC(=O)c1ccc2c(N)c3ccccc3nc2c1,0
ames3001,COc1ccc2nc3cc(Cl)ccc3c(NC(C)CCCN(CCCl)CCCl)c2c1,1
ames0301,CN(C)CCCNc1c2ccccc2nc2c(Cl)ccc([N+](=O)[O-])c12,1
ames2620,Cc1ccc2nc3ccc(C)cc3c(N)c2c1,1
ames1844,CN(C)CCCNc1c2ccccc2nc2c(F)ccc([N+](=O)[O-])c12,1
ames0049,Nc1cccc2nc3ccccc3c(N)c12,1
ames0435,CCN(CCCl)CCCNc1c2ccccc2nc2c(OC)cccc12,1
ames1078,CN(C)CCNC(=O)c1cccc2c(N)c3ccccc3nc12,1
ames3269,CCN(CCCl)CCCNc1c2ccc(Cl)cc2nc2ccc(OC)cc12,1
ames1081,COc1ccc([N+](=O)[O-])c2c(NCCCN(C)C)c3ccccc3nc12,1
ames0956,Nc1ccc2cc3ccccc3nc2c1,1
ames0189,Nc1c2ccccc2nc2ccc(Cl)cc12,1
ames1476,Nc1c2ccccc2nc2ccc(Br)cc12,1
ames2119,CN(C)CCCNc1c2ccccc2nc2ccc([N+](=O)[O-])cc12,1
ames1736,CN(C)CCCNc1c2ccccc2nc2c(N(CCO)CCO)ccc([N+](=O)[O-])c12,1
ames1096,Nc1c2ccccc2nc2ccc(O)cc12,1
ames3158,CCN(CC)CCCC(C)Nc1c2ccc(Cl)cc2nc2ccc(OC)cc12,1
ames0076,Nc1ccc2nc3ccccc3c(N)c2c1,1
ames2795,Nc1cccc2nc3ccccc3cc12,1
ames0861,CN(C)CCCNc1c2ccccc2nc2c([N+](=O)[O-])cccc12,1
ames2149,Nc1c2ccccc2nc2ccc([N+](=O)[O-])cc12,1
ames1251,Nc1ccc2nc3ccccc3cc2c1,1
ames1258,COc1cccc2c(NCCCNCCCl)c3ccccc3nc12,1
ames1387,CC(=O)OCCN(CCOC(C)=O)c1ccc([N+](=O)[O-])c2c(NCCCN(C)C)c3ccccc3nc12,1
ames4995,CN(C)CCNC(=O)c1ccc2nc3ccccc3c(N)c2c1,0
ames0748,CCN(CCCl)CCCNc1c2ccccc2nc2ccccc12,1
ames2038,Cc1ccc2nc3ccccc3c(N)c2c1,1
ames1525,Nc1ccc2c(N)c3ccccc3nc2c1,1
ames3205,c1ccc2nc3ccccc3cc2c1,1
ames1660,CN(C)CCNC(=O)c1cccc2cc3ccccc3nc12,1
ames3208,CN(C)CCCNc1c2ccccc2nc2ccccc12,1
ames1537,CN(C)CCCNc1c2ccccc2nc2cc([N+](=O)[O-])ccc12,1
ames0766,CCOc1ccc2nc3cc(N)ccc3c(N)c2c1,1
ames0896,Cc1cc2cc3cc(C)c(N)cc3nc2cc1N,1
ames0249,CCC1(O)CC(OC2CC(N)C(O)C(C)O2)c2c(cc3c(O)c4c(c(O)c3c2O)C(=O)C=CC4=O)C1C(=O)OC,1
ames0195,CCC1(O)CC(OC2CC(N(C)C)C(O)C(C)O2)c2c(cc3c(O)c4c(c(O)c3c2O)C(=O)C=CC4=O)C1C(=O)OC,1
ames5031,CC(=O)OC1C(O)C(C)OC(OC2C(OC(=O)C3CCC4C(C3)OC3(CC(OC(=O)C=Cc5ccccc5)C(C)CO3)C43CO3)OC(C)C(O)C2OC(C)=O)C1O,0
ames3499,Nc1ncn(C2OC(CO)C(O)C2O)c(=O)n1,1
ames0506,Nc1c(N=Nc2ccc(-c3ccc(N=Nc4ccc(O)cc4)cc3)cc2)c(S(=O)(=O)O)cc2cc(S(=O)(=O)O)c(N=Nc3ccccc3)c(O)c12,1
ames5133,CN1C(=O)CC(=O)N(c2ccccc2)c2cc(Cl)ccc21,0
ames2807,c1ccc2c(CC3CO3)cccc2c1,1
ames4590,O=C1C=Cc2c(ccc3c2ccc2ccccc23)C1=O,0
ames0357,Cc1cc2ccccc2c2ccc3c(c12)C=CC(=O)C3=O,1
ames4130,O=c1[nH]cc2ccc3cccc4ccc1c2c34,0
ames6211,COc1cc2c(c(OC)c1OC)-c1ccc(OC)c(=O)cc1C(NC(C)=O)CC2,0
ames5204,CNC1CCc2cc(OC)c(OC)c(OC)c2-c2ccc(OC)c(=O)cc21,0
ames4046,COC(=O)C1=C(C)N=C(C)C(C(=O)OCC=Cc2ccccc2)C1c1cccc([N+](=O)[O-])c1,0
ames2255,O=C1OC(=O)c2cc([N+](=O)[O-])ccc21,1
ames6090,O=C(O)c1ccc2c(c1)C(=O)OC2=O,0
ames5584,O=C1OC(=O)c2c(Cl)c(Cl)c(Cl)c(Cl)c21,0
ames5973,O=C1OC(=O)c2ccccc21,0
ames5698,O=C1OC(=O)c2c(Br)c(Br)c(Br)c(Br)c21,0
ames3765,c1cnc2c(c1)CCC1OC21,0
ames3843,OC1c2cccnc2C2OC2C1O,0
ames3609,Nc1nc2c(s1)CCC1NCCCC21,0
ames4358,O=C(O)CCCCC1SCC2NC(=O)NC21,0
ames1148,CC12CCC3C(CCC4CC(OC(=O)Cc5ccc(N(CCCl)CCCl)cc5)CCC43C)C1CCC(=O)N2,1
ames4725,CC(C)NCC(O)COc1cccc2c1OCC(O)C2,0
ames3523,CC(=O)Oc1c(C)c(C)c2c(c1C)CCC(C)(CCCC(C)CCCC(C)CCCC(C)C)O2,0
ames3835,CC(C)NCC(O)COc1cccc2c1OCC(O[N+](=O)[O-])C2,0
ames4633,Cc1c(C)c2c(c(C)c1O)CCC(C)(CCCC(C)CCCC(C)CCCC(C)C)O2,0
ames3916,CNCc1ccc(CSCCN=C(NCC(O)c2ccc(O)cc2)NS(C)(=O)=O)o1,0
ames5534,CC1CCC2(OC1)OC1CC3C4CC=C5CC(OC6OC(CO)C(OC7OC(C)C(O)C(O)C7O)C(O)C6OC6OC(C)C(O)C(O)C6O)CCC5(C)C4CCC3(C)C1C2C,0
ames2738,C1=CC2OC2c2c1cc1ccc3cccc4ccc2c1c34,1
ames5373,Cn1c(N)nc2c3nc(-c4ccccc4)c(-c4ccccc4)nc3ccc21,0
ames0198,O=C(N=c1sn(C(=O)c2ccc(Cl)cc2)c2ccc([N+](=O)[O-])cc12)c1ccc(Cl)cc1,1
ames0749,O=C(N=c1sn(C(=O)c2ccccc2)c2ccc([N+](=O)[O-])cc12)c1ccccc1,1
ames1363,O=C(N=c1sn(C(=O)c2ccc([N+](=O)[O-])cc2)c2ccc([N+](=O)[O-])cc12)c1ccc([N+](=O)[O-])cc1,1
ames1782,O=C(N=c1sn(C(=O)c2cccc([N+](=O)[O-])c2)c2ccc([N+](=O)[O-])cc12)c1cccc([N+](=O)[O-])c1,1
ames1945,O=C(N=c1sn(C(=O)c2ccccc2Cl)c2ccc([N+](=O)[O-])cc12)c1ccccc1Cl,1
ames2784,O=C(N=c1sn(C(=O)c2cccc(Cl)c2)c2ccc([N+](=O)[O-])cc12)c1cccc(Cl)c1,1
ames1982,O=C(N=c1sn(C(=O)c2ccc(Cl)c(Cl)c2)c2ccc([N+](=O)[O-])cc12)c1ccc(Cl)c(Cl)c1,1
ames2277,O=C(N=c1sn(C(=O)c2ccccc2[N+](=O)[O-])c2ccc([N+](=O)[O-])cc12)c1ccccc1[N+](=O)[O-],1
ames1824,O=C(O)c1ccccc1-c1c2cc(Br)c(=O)c(Br)c-2oc2c(Br)c(O)c(Br)cc12,1
ames5347,COC(=O)Nc1nc2cc(Sc3ccccc3)ccc2[nH]1,0
ames6007,NC(=O)c1ncn(C2OC(CO)C(O)C2O)n1,0
ames0771,C=CCCC1CO1,1
ames1929,OCC(O)C1CO1,1
ames3219,OCC1CO1,1
ames3220,BrCC1CO1,1
ames5669,CCCCCCCCCCCCOCC1CO1,0
ames3223,CC(C)(C)CCCCCC(=O)OCC1CO1,1
ames1677,ClC1OC1CBr,1
ames0906,NC(=O)C1CO1,1
ames2970,FCC1CO1,1
ames3105,ClC1CO1,1
ames5685,CCCCCCCCCCCCCCC1CO1,0
ames1691,CC1(C(N)=O)CO1,1
ames2982,C1CO1,1
ames2476,CCCCCCC(C)(C)C(=O)OCC1CO1,1
ames4279,CCCCCCCCCCC1CO1,0
ames3374,C=CC1CO1,1
ames3248,COCC1CO1,1
ames5699,CCCCCCCCCCCCCCCCC1CO1,0
ames5835,CCCCCCCCCCCCC1CO1,0
ames3129,C=CC(=O)OCC1CO1,1
ames3260,CC1CO1,1
ames3007,C=CCOCC1CO1,1
ames0563,NC(=O)OC1CO1,1
ames3011,ClC(Cl)(Cl)C1CO1,1
ames3398,CC(C)(C)OCC1CO1,1
ames3146,ClC(Cl)(Cl)CC1CO1,1
ames0316,C=CCCCCC1CO1,1
ames3274,CCCCC(CC)COCC1CO1,1
ames4954,CCCCCCC1CO1,0
ames3152,CC(C)OCC1CO1,1
ames5344,CCOC(=O)C1OC1C(=O)NC(CC(C)C)C(=O)NCCC(C)C,0
ames5731,CCCCCCCCC1CO1,0
ames1608,CCC1CO1,1
ames1094,COC1OC1(C)C,1
ames2256,NC(=O)CC1CO1,1
ames3035,C=C(C)C(=O)OCC1CO1,1
ames3420,O=CC1CO1,1
ames4074,CCC1(C(C)O)OC1(C(N)=O)C(=O)OC,0
ames0084,C[N+](C)(C)CC1CO1,1
ames3565,CCC1(C)CO1,0
ames1636,COC(=O)C1(C(N)=O)OC1(C)C(O)C(C)C,1
ames3056,CCCCCCOCC1CO1,1
ames4866,O=C(O)C1OC1C(=O)O,0
ames2935,CCCCOCC1CO1,1
ames0617,CCOCC1CO1,1
ames4228,C=CC1(C)CO1,0
ames4236,C=C(C)C1CO1,0
ames4503,CCCCC1CO1,0
ames1405,CC1OC1C,1
ames3340,ClCC1CO1,1
ames4891,CCCCCCCCC1OC1CCCCCCCC(=O)OCC(CC)CCCC,0
ames3496,Cc1ccc2cc3c4c(ccc3c3c2c1CC3)C=CC(O)C4O,1
ames4498,COc1ccc2cc3c4c(cc(OC)c(OC)c4c2c1)CCN3C,0
ames2333,COc1cc2c3c(cc4ccccc4c3c1OC)N(C=O)CC2,1
ames2531,CN(C)CCNC(=O)c1cccc2c1ncc1ccccc12,1
ames5151,C1CSCCO1,0
ames0136,O=C1OCCN1N=Cc1ccc([N+](=O)[O-])o1,1
ames1372,O=c1[nH]sc2cc([N+](=O)[O-])ccc12,1
ames3641,Nc1ccc2c(=O)[nH]sc2c1,0
ames4054,O=c1[nH]sc2ccccc12,0
ames1690,Cc1nc2c(c3[nH]c4ccccc4c13)C(=O)C=C(N1CC1)C2=O,1
ames0980,c1ccc2c(c1)-c1cc3c(cc1C1NC21)-c1ccccc1C1NC31,1
ames0346,CC(C)=CC1C(C(=O)OCN2C(=O)C3=C(CCCC3)C2=O)C1(C)C,1
ames2812,CN(C)CCNC(=O)c1cccc2ccc(-c3ccccc3)nc12,1
ames1732,Nc1ccc(Oc2cccc(Oc3ccc(N)cc3)c2)cc1,1
ames3734,C=CCN(CC=C)C1c2ccccc2-c2ccccc2C1N1C2c3ccccc3-c3ccccc3C21,0
ames2952,C1CN1,1
ames3203,CC1CN1,1
ames3190,OCCN1CC1,1
ames1601,CC1CC2OC(=O)C(C)C2CC2(C)C(O)CC(O)CC12,1
ames4709,CC(=O)Nc1cc2c(cc1OC(=O)c1ccccc1)-c1ccccc1C2,0
ames2604,c1ccc(OC2CO2)cc1,1
ames0800,O=[N+]([O-])c1ccc(OC2CO2)cc1,1
ames3091,c1ccc2c(c1)cc(C1CO1)c1ccccc12,1
ames2023,COc1ccc2c(OC)c3ccoc3nc2c1,1
ames0105,COc1cc(OC)c2nc3occc3c(OC)c2c1,1
ames0873,COc1ccc2nc3occc3c(OC)c2c1,1
ames1003,COc1cc2nc3occc3c(OC)c2cc1OC,1
ames2163,COc1c2ccoc2nc2c(O)cccc12,1
ames3686,COc1c2ccc(O)cc2nc2occc12,0
ames1242,COc1c2ccccc2nc2occc12,1
ames2086,COc1c2ccoc2nc2c(OC)cccc12,1
ames4834,CCCCCC(=O)OC1(C(C)=O)CCC2C3CC=C4CC(=O)CCC4C3CCC21C,0
ames5446,C#CC1(OC(C)=O)CCC2C3CC=C4CC(=O)CCC4(C)C3CCC21C,0
ames6445,CC(=O)OC1(C(C)=O)CCC2C3CC(C)=C4CC(=O)CCC4(C)C3CCC21C,0
ames3515,C#CC1(O)CCC2C3CC=C4CC(=O)CCC4C3CCC21C,0
ames4808,C#CC1(OC(C)=O)CCC2C3CC=C4CC(=O)CCC4C3CCC21C,0
ames4751,C#CC1(O)CCC2C3CC=C4CC(=O)CCC4C3CCC21CC,0
ames5815,CC(=O)C1CCC2C3CC=C4CC(=O)CCC4(C)C3CCC12C,0
ames5148,C#CC1(OC(=O)CCCCCC)CCC2C3CC=C4CC(=O)CCC4C3CCC21C,0
ames1410,Cc1cc(C=Cc2ccc3cc(N(C)C)ccc3[n+]2C)c(C)n1-c1ccccc1,1
ames3678,NC1CC1c1ccccc1,0
ames5250,CC(C)(Oc1ccc(C2CC2(Cl)Cl)cc1)C(=O)O,0
ames4520,NN(Cc1ccccc1)Cc1ccccc1,0
ames6377,O=NN(Cc1ccccc1)Cc1ccccc1,0
ames1140,O=[N+]([O-])C1=Cc2c3ccc4ccccc4c3cc3cccc1c23,1
ames2286,Oc1cccc2c1ccc1c3c4c(cccc4cc12)C=C3,1
ames0294,C1=Cc2c3ccc4ccccc4c3cc3cccc1c23,1
ames5557,CC(C)C(O)(C(=O)OCC1=CCN2CCC(O)C12)C(C)O,0
ames3338,CC=C(C)C(=O)OC1CCN2CC=C(COC(=O)C(O)(C(C)OC)C(C)(C)O)C12,1
ames4783,CC=C(C)C(=O)OC1CCN2CC=C(CO)C12,0
ames5548,OCC1=CCN2CCC(O)C12,0
ames0258,BrCc1c2cccc3ccc4cc5cccc6ccc1c(c65)c4c32,1
ames3242,c1cc2ccc3cc4cccc5ccc6cc(c1)c2c3c6c54,1
ames0071,CC(=O)OCc1c2cccc3ccc4cc5cccc6ccc1c(c65)c4c32,1
ames4638,CC=C1CC(C)C(C)(O)C(=O)OCC2=CCN3CCC(OC1=O)C23,0
ames3021,CC=C1CC(C)C(O)(CO)C(=O)OCC2=CCN3CCC(OC1=O)C23,1
ames3755,C=C1C(=O)OC2CCN3CC=C(COC(=O)C(C)(O)C(C)C1C)C23,0
ames0940,CC(=O)N(OC(=O)c1ccccc1)c1ccc2c(c1)Cc1ccccc1-2,1
ames4949,CC(C(=O)O)c1ccc(Oc2nccs2)cc1,0
ames0161,OC1C=Cc2ccc3c(ccc4ccccc43)c2C1O,1
ames3083,CC1=CCCc2c1cc(C)c1c2ccc2ccccc21,1
ames0917,O=[N+]([O-])c1cc2c(ccc3ccccc32)c2c1C=CC(O)C2O,1
ames0194,Nc1cnc2c(c1)nc1ccccn12,1
ames0416,ONc1cnc2c(c1)nc1ccccn12,1
ames3032,Cc1cccn2c1nc1ccc(N)nc12,1
ames1873,O=[N+]([O-])c1cnc2c(c1)nc1ccccn12,1
ames3176,Nc1ccc2nc3ccccn3c2n1,1
ames1791,Cc1c(NO)cnc2c1nc1c(C)cccn12,1
ames0539,Cc1c([N+](=O)[O-])cnc2c1nc1c(C)cccn12,1
ames0640,Cc1c(N)cnc2c1nc1c(C)cccn12,1
ames2840,COc1cc2c(cc1O)CCNC21CSC2c3c(OC(C)=O)c(C)c4c(c3C(COC1=O)N1C(O)C3Cc5cc(C)c(OC)c(O)c5C(C21)N3C)OCO4,1
ames0783,O=NN(c1ccc([N+](=O)[O-])cc1)C1OC(CO)C(O)C1O,1
ames5378,COC(=O)Nc1nc2cc(C(=O)c3ccc(F)cc3)ccc2[nH]1,0
ames3427,COC(=O)Nc1nc2cc(C(=O)c3ccccc3)ccc2[nH]1,1
ames6500,ClC1(Cl)C2(Cl)C3(Cl)C4(Cl)C(Cl)(Cl)C5(Cl)C3(Cl)C1(Cl)C5(Cl)C24Cl,0
ames5872,OC1C2(Cl)C3(Cl)C4(Cl)C(Cl)(Cl)C5(Cl)C3(Cl)C1(Cl)C5(Cl)C24Cl,0
ames0922,OC1C=Cc2ccc3nc4ccc5ccccc5c4cc3c2C1O,1
ames2312,C1=Cc2ccc3nc4ccc5ccccc5c4cc3c2CC1,1
ames4620,Nc1ccc2c(-c3ccccc3C(=O)O)c3ccc(N)cc3[o+]c2c1,0
ames0797,CCN(CC)c1ccc2c(-c3ccc(S(=O)(=O)O)cc3S(=O)(=O)O)c3ccc(N(CC)CC)cc3[o+]c2c1,1
ames0742,CCN(CC)c1ccc2c(-c3ccccc3C(=O)O)c3ccc(N(CC)CC)cc3[o+]c2c1,1
ames0037,Cn1c(N)nc2c3cnccc3ccc21,1
ames0974,CC12CCC(=O)NC1=CCC1C2CCC2(C)C(OC(=O)CCCc3ccc(N(CCCl)CCCl)cc3)CCC12,1
ames4343,C=C1CCC2CC1C2(C)C,0
ames4745,CC1(C(=O)O)CCCC2(C)C3CCC4(O)CC3(CCC12)CC41CO1,0
ames4098,Nc1nc(-c2cccnc2)cs1,0
ames3970,C=C1CC23CCC4C(C)(C(=O)O)CCCC4(C)C2CCC1(OC1OC(CO)C(O)C(O)C1OC1OC(CO)C(O)C(O)C1O)C3,0
ames5273,c1ccc(C2OC2c2ccccc2)cc1,0
ames3830,OC1C=Cc2cc3c(ccc4ccccc43)c(Br)c2C1O,0
ames0275,O=[N+]([O-])c1c2c(cc3c1ccc1ccccc13)C=CC(O)C2O,1
ames4788,OC1C=Cc2cc3c(ccc4ccccc43)c(Cl)c2C1O,0
ames2282,Cc1cc2ccccc2c2cc3c(cc12)C(O)C(O)C=C3,1
ames5141,C1CCC2OCCOCCOC3CCCCC3OCCOCCOCCOC2C1,0
ames4429,c1ccc2nc3c(cc2c1)-c1cccc2cccc-3c12,0
ames1505,O=[N+]([O-])c1ccc2nc3c(cc2c1)-c1cccc2cccc-3c12,1
ames4207,Cc1ccc2nc3c(cc2c1)-c1cccc2cccc-3c12,0
ames1403,COc1ccc2nc3c(cc2c1)-c1cccc2cccc-3c12,1
ames3805,O=S(=O)(c1ccc(O)cc1)c1ccc(O)cc1,0
ames4168,CC(=O)Nc1ccc(S(=O)(=O)c2ccc(N)cc2)cc1,0
ames5618,O=S(=O)(c1ccc(Cl)cc1)c1ccc(Cl)cc1,0
ames5913,Nc1ccc(S(=O)(=O)c2ccc(N)cc2)cc1,0
ames4596,O=S(=O)(c1ccc(Cl)cc1)c1cc(Cl)c(Cl)cc1Cl,0
ames3926,CC(=O)Nc1ccc(S(=O)(=O)c2ccc(NC(C)=O)cc2)cc1,0
ames5535,O=S(=O)(c1cc(Cl)cc(Cl)c1O)c1cc(Cl)cc(Cl)c1O,0
ames0942,Nc1c2[nH]cnc2nc[n+]1[O-],1
ames4146,Cc1oc(=O)oc1COC(=O)C1N2C(=O)C(NC(=O)C(N)c3ccccc3)C2SC1(C)C,0
ames2054,c1ccc2c(c1)-c1cccc3cc4ccccc4c-2c13,1
ames2509,CN1CSC(=S)N(C)C1,1
ames1445,CC1CC(=O)O1,1
ames3236,CC1(C)COC1=O,1
ames3396,O=C1CCO1,1
ames3922,OC(Cn1ccnc1)c1ccc(CCc2ccccc2)cc1,0
ames3800,CCOC(=O)C(CCc1ccccc1)NC(C)C(=O)N(CC(=O)O)C1Cc2ccccc2C1,0
ames6000,O=c1c(-c2ccc(O)cc2)coc2cc(O)ccc12,0
ames5301,COc1ccc(-c2coc3cc(O)cc(O)c3c2=O)cc1,0
ames5438,CC(C)Oc1ccc2c(=O)c(-c3ccccc3)coc2c1,0
ames0221,O=C1CCCN1c1ncc([N+](=O)[O-])s1,1
ames5812,CNC(=O)Oc1cccc2c1OC(C)(C)C2,0
ames3815,CC(Cc1ccc(O)c(O)c1)C(C)Cc1ccc(O)c(O)c1,0
ames1028,c1ccc(-c2cccnc2)nc1,1
ames4291,CC1C(C)(C)Nc2ccccc2C1(C)C1C(C)(C)Nc2ccccc2C1(C)C,0
ames1280,Cc1cccc2[nH]c(=O)c(=O)[nH]c12,1
ames2473,OC1C=Cc2c(cc3c4c(c5ccccc5cc24)-c2ccccc2-3)C1O,1
ames1594,Cn1c([N+](=O)[O-])cnc1C1NC(CO)(CO)CO1,1
ames0131,CC12CCC=C(C=O)C1(C=O)C2,1
ames1414,CCn1cc(C(=O)O)c(=O)c2cc(F)c(-c3ccc(O)cc3)c(F)c21,1
ames0827,Nc1ccc2cc(S(=O)(=O)O)c(N=Nc3ccc(-c4ccc(N=Nc5ccc(O)c(C(=O)O)c5)cc4)cc3)c(O)c2c1,1
ames1568,[N-]=[N+]=NCC(O)Cn1ccc(N)nc1=O,1
ames1053,COc1nc(=O)n(CC(O)CN=[N+]=[N-])cc1C,1
ames1185,COc1ccn(CC(O)CN=[N+]=[N-])c(=O)n1,1
ames0491,COc1c(O)cc2c3c1-c1ccccc1CC3N(C)CC2,1
ames5506,O=c1[nH][nH]c2ccccc12,0
ames1624,OC1=c2c(O)ccc3c4c5c(c(O)ccc5c(c23)C2OC12)=C(O)C1OC41,1
ames0907,CC1=Cc2nc3c(ccc4ccccc43)c(C)c2C(O)C1O,1
ames0488,CCC1(O)CC(OC2CC(N(C)C)C(OC3CC(O)C(OC4CC(O)C(O)C(C)O4)C(C)O3)C(C)O2)c2c(cc3c(O)c4c(c(O)c3c2O)C(=O)C=CC4=O)C1C(=O)OC,1
ames3601,O=C1CCCCCCCCCCCC(=O)OCCO1,0
ames4309,O=C1c2ccccc2-c2c1c1ccccc1c(=O)n2CCNCCO,0
ames2751,O=C1OC(=C(Cl)Cl)C(Cl)=C1Cl,1
ames2502,O=C1OC(=C(Cl)Cl)C=C1Cl,1
ames2575,O=C1C=CC(=C(Cl)Cl)O1,1
ames4573,O=C(C=Cc1ccc(Oc2ccccc2)cc1)c1ccccc1,0
ames1957,Nc1nc(=NO)c2ncn(C3OC(CO)C(O)C3O)c2[nH]1,1
ames1437,C1COCC2(C1)CO2,1
ames2010,C1=Cc2cc3cccc4ccc5ccc1c2c5c43,1
ames2271,O=[N+]([O-])C1=Cc2ccc3ccc4cccc5cc1c2c3c45,1
ames5935,Cc1ccc(S(=O)(=O)NC2CCCCC2)cc1,0
ames5134,CC(=O)OCC(=O)C1(OC(C)=O)CCC2C3CC(F)C4=CC(=O)C(Br)=CC4(C)C3(F)C(O)CC21C,0
ames4037,CC12C=CC(=O)C=C1CCC1C2C(O)CC2(C)C1CCC2(O)C(=O)CO,0
ames4843,COc1cccc2c(O)c3c(c(O)c12)C(=O)C1=C(CC(O)(C(=O)CO)CC1OC1CC(N2CCOCC2C#N)C(O)C(C)O1)C3=O,0
ames3878,C1=C2CCCC(=CC3OC13)O2,0
ames1954,OC1c2cccc3ccc4cc5ccccc5c(c4c23)C1O,1
ames1698,O=S1(=O)c2cccc3ccc4c5ccccc5cc1c4c23,1
ames0146,CCOP(=S)(OCC)SC1OCCOC1SP(=S)(OCC)OCC,1
ames6425,C1COCCO1,0
ames2195,c1ccc2c(c1)ccc1c3ccccc3sc21,1
ames2014,O=[N+]([O-])c1cc2c3ccccc3sc2c2ccccc12,1
ames2768,CC(=O)c1ccc[nH]1,1
ames3797,c1cc[nH]c1,0
ames5020,CCC(C)c1[nH]c(O)c(C(C)=O)c1O,0
ames1938,CC(=O)c1c([N+](=O)[O-])cc([N+](=O)[O-])n1[N+](=O)[O-],1
ames4042,Cn1cccc1,0
ames0243,Oc1ccc(O)n1Br,1
ames0151,CC(=O)c1cccn1[N+](=O)[O-],1
ames1758,CC(=O)c1ccc([N+](=O)[O-])[nH]1,1
ames3663,Oc1ccc(O)n1O,0
ames4885,COC1(CCC(C)COC2OC(CO)C(O)C(O)C2O)OC2CC3C4CC=C5CC(OC6OC(CO)C(O)C(OC7OC(CO)C(O)C(O)C7O)C6OC6OC(C)C(O)C(O)C6O)CCC5(C)C4CCC3(C)C2C1C,0
ames3164,C=C1C(=O)OC2CC(C)C3CC(O)OC(O)C3(C)CC12,1
ames1828,C=C1C(=O)OC2CC(C)C3CC(OCC)OC(OCC)C3(C)CC12,1
ames5100,CC(=O)C1(C)OC12C=Cc1ccccc1C2=O,0
ames5477,CC1CC23CCC4C(C)(C(=O)O)CCCC4(C)C2CCC1(O)C3,0
ames4669,CC(=O)OCC12CCC(C)=CC1OC1C(O)C(OC(C)=O)C2(C)C12CO2,0
ames0215,CC(=O)OCC12CC(OC(=O)CC(C)C)C(C)=CC1OC1C(O)C(OC(C)=O)C2(C)C12CO2,1
ames0120,Cc1cccn2c1nc1ccc(=NO)[nH]c12,1
ames0432,c1ccc2c(c1)-c1ccc3c4c1c-2cc1cccc(c14)C1OC31,1
ames5054,CC(CCc1ccccc1)c1ccccc1,0
ames4045,CCC(C)c1cccc(C(C)CC(CC)c2ccc(C[N+](C)(C)C)cc2)c1,0
ames5940,O=S1(=O)CC=CC1,0
ames4641,CC1OC(OC2C(OC3C(OC4CCC5(C)C(CCC6(C)C5CC=C5C7CC(C)(C)CC(O)C7(C)CCC56C)C4(C)CO)OC(C(=O)O)C(O)C3O)OC(CO)C(O)C2O)C(O)C(O)C1O,0
ames0040,C1=CC2OC2c2cc3ccc4cccc5ccc(c21)c3c45,1
ames0311,CC(=O)OCc1cocc2c(C=O)ccc1-2,1
ames2862,CC(C)CC(=O)OCc1cocc2c(C=O)ccc1-2,1
ames5445,OC1C=Cc2c(ccc3cc4c5c(ccc4cc23)C(O)C(O)C=C5)C1O,0
ames3872,CC12CCC3c4ccc(O)cc4CCC3C1CC(O)C2O,0
ames5364,C#CC1(O)CCC2C3CCc4cc(OC)ccc4C3CCC21C,0
ames4274,CC(CCC(=O)O)C1CCC2C3CCc4cc(O)ccc4C3CCC12C,0
ames5598,CC12CCC3c4ccc(O)cc4CCC3C1CCC2O,0
ames6176,C#CC1(O)CCC2C3CCc4cc(O)ccc4C3CCC21C,0
ames2180,O=C1Nc2ccc(S(=O)(=O)O)cc2C1=O,1
ames0278,O=C1Nc2ccc([N+](=O)[O-])cc2C1=O,1
ames6221,O=c1ccc2cc3ccoc3cc2o1,0
ames3614,COc1c2ccoc2c(OC)c2oc(=O)ccc12,0
ames2972,COc1c2occc2cc2ccc(=O)oc12,1
ames3074,CC(C)=CCOc1c2occc2cc2ccc(=O)oc12,1
ames3086,COc1c2ccoc2cc2oc(=O)ccc12,1
ames3570,c1ccc2c(c1)C1CCCCC1C1OC21,0
ames4879,CC12OC1C1CCCCC1c1ccccc12,0
ames3566,COc1ccc2c(c1)C1CCCCC1C1OC21,0
ames3998,Brc1ccc2c(c1)C1OC1C1CCCCC21,0
ames0449,Cn1cc2cccc([N+](=O)[O-])c2n1,1
ames1340,O=[N+]([O-])c1ccc2c[nH]nc2c1,1
ames1811,Cn1cc2ccc([N+](=O)[O-])cc2n1,1
ames0695,O=[N+]([O-])c1cccc2c[nH]nc12,1
ames1157,Nc1ccc2c(c1)oc1ccccc12,1
ames4318,Clc1cccc2c1oc1ccccc12,0
ames5704,c1ccc2c(c1)oc1ccccc12,0
ames1225,O=[N+]([O-])c1ccc2oc3ccccc3c2c1,1
ames1326,Clc1ccc2c(c1)oc1ccccc12,1
ames1747,O=[N+]([O-])c1ccc2c(c1)oc1ccc([N+](=O)[O-])cc12,1
ames1200,O=[N+]([O-])c1ccc2c(c1)oc1ccccc12,1
ames2526,O=[N+]([O-])c1ccc2oc3ccc([N+](=O)[O-])cc3c2c1,1
ames2041,O=[N+]([O-])c1cccc2oc3ccccc3c12,1
ames3914,Clc1cccc2oc3ccccc3c12,0
ames2080,O=[N+]([O-])c1cccc2c1oc1ccccc12,1
ames2212,Clc1ccc2oc3ccccc3c2c1,1
ames2400,Cc1cc2nc3c(=O)[nH]c(=O)nc-3n(C)c2cc1C,1
ames0772,COc1cc2c(c3ccc4ccccc4c13)CCC2=O,1
ames3412,Cc1c2c(c3ccc4ccccc4c3c1C)CCC2=O,1
ames3672,CCOc1cc2c(c3ccc4ccccc4c13)CCC2=O,0
ames5315,CCCCOc1cc2c(c3ccc4ccccc4c13)CCC2=O,0
ames3449,COc1cc2c3c(cc(C)c2c2ccccc12)C(=O)CC3,1
ames3195,Cc1cc2ccccc2c2ccc3c(c12)CCC3=O,1
ames3457,O=C1CCc2c1ccc1c2ccc2ccccc21,1
ames5458,CCCOc1cc2c(c3ccc4ccccc4c13)CCC2=O,0
ames2883,COc1cc2c(c3c(C)cc4ccccc4c13)CCC2=O,1
ames3434,Cc1cc2c(c3ccc4ccccc4c13)CCC2=O,1
ames2797,O=C1CCc2c1cc(C(F)(F)F)c1c2ccc2ccccc21,1
ames3182,CCc1cc2c(c3ccc4ccccc4c13)CCC2=O,1
ames1969,CN(C)CCNC(=O)c1cccc2cc(-c3ccccc3)oc12,1
ames4047,O=C(n1ccnc1)n1ccnc1,0
ames5741,Nc1ccc(S(=O)(=O)Nc2ccccn2)cc1,0
ames5309,O=[N+]([O-])c1ccc(S(=O)(=O)Nc2ccccn2)cc1,0
ames4209,CC(=O)Nc1ccc(S(=O)(=O)Nc2ccccn2)cc1,0
ames2226,c1ccc(C2NC2c2ccccc2)cc1,1
ames0970,CCc1c2ccccc2cc2c3c(ccc12)C(O)C(O)C1OC31,1
ames1183,Cc1c2ccccc2cc2c3c(ccc12)C(O)C(O)C1OC31,1
ames3461,O=c1n(CC2CO2)c(=O)n(CC2CO2)c(=O)n1CC1CO1,1
ames1927,CN(C)c1ccc(N=Nc2cccc(CCl)c2)cc1,1
ames1415,O=[N+]([O-])c1cc(Cl)c(N=Nc2ccc(N(CCO)CCO)cc2Cl)c(Cl)c1,1
ames2451,CC(=O)OCc1ccc(N=Nc2ccc(COC(C)=O)cc2)cc1,1
ames4512,CN(C)c1ccc(N=Nc2ccc(S(=O)(=O)O)cc2)cc1,0
ames5544,Cc1ccc(N=Nc2ccc(N(CCO)CCO)cc2)cc1,0
ames0395,CC(=O)OCc1ccccc1N=Nc1ccc(N(C)C)cc1,1
ames3228,CN(C)c1ccc(N=Nc2ccccc2)cc1,1
ames3484,CNc1ccc(N=Nc2ccccc2)cc1,1
ames0789,CN(C)c1ccc(N=Nc2ccccc2C(=O)O)cc1,1
ames3888,Clc1ccc(N=Nc2ccc(Cl)c(Cl)c2)cc1Cl,0
ames2990,Nc1ccc(N=Nc2ccccc2)cc1,1
ames2613,CC(=O)N(C)c1ccc(N=Nc2ccc(N(C)C)cc2)cc1,1
ames1840,CNc1ccc(N=Nc2ccc(N(C)C(C)=O)cc2)cc1,1
ames2491,O=[N+]([O-])c1ccc(N=Nc2ccc(N(CCO)CCO)cc2)c([N+](=O)[O-])c1,1
ames3388,CC(=O)ON(C)c1ccc(N=Nc2ccccc2)cc1,1
ames5322,OCCNc1ccc(N=Nc2ccc(N(CCO)CCO)cc2)cc1,0
ames0687,Cc1cccc(N=Nc2ccc(N(C)C)cc2)c1,1
ames1073,OCCNc1ccc(N=Nc2ccc(NCCO)cc2)cc1,1
ames0437,CC(=O)OCc1ccc(N=Nc2ccc(N(C)C)cc2)cc1,1
ames1926,CCN(CC)c1cc(NC(C)=O)c(N=Nc2ccc([N+](=O)[O-])cc2)cc1OC,1
ames0699,Nc1ccc(N=Nc2cccc(N)c2N)cc1,1
ames1341,Cc1ccc(N)cc1N=Nc1cc(N)ccc1C,1
ames5210,CNc1ccc(N=Nc2ccc(NC)cc2)cc1,0
ames1344,CN(CCC#N)c1ccc(N=Nc2ccccc2)cc1,1
ames4697,CC(=O)Nc1ccc(C)c(N=Nc2cc(NC(C)=O)ccc2C)c1,0
ames3537,CC(=O)N(C)c1ccc(N=Nc2ccc(N(C)C(C)=O)cc2)cc1,0
ames3408,c1ccc(N=Nc2ccccc2)cc1,1
ames2774,O=C(O)c1cc(N=Nc2ccc([N+](=O)[O-])cc2)ccc1O,1
ames4192,Cc1cc(N(CCO)CCO)ccc1N=Nc1ccc(N)cc1,0
ames5480,CCN(CC)c1ccc(N=Nc2ccccc2)cc1,0
ames1228,CCN(CC)c1ccc(N=Nc2ccc([N+](=O)[O-])cc2C#N)cc1,1
ames0715,CCN(CC)c1ccc(N=Nc2ccc([N+](=O)[O-])cc2)cc1,1
ames2778,CCN(CC)c1cc(NC(C)=O)c(N=Nc2c(Br)cc([N+](=O)[O-])cc2[N+](=O)[O-])cc1OC,1
ames0333,Cc1cc(N=Nc2ccccc2)c(N)cc1N,1
ames0976,Cc1ccccc1N=Nc1ccc(N)c(C)c1N,1
ames3167,COC(=O)c1ccc(N=Nc2ccc(N(C)OC(C)=O)cc2)cc1,1
ames3042,Cc1cc(N=Nc2ccc(S(=O)(=O)O)cc2)c(N)cc1N,1
ames3171,Cc1cc(N=Nc2ccccc2C)ccc1N,1
ames2917,Nc1ccc(N=Nc2ccccc2)c(N)c1,1
ames1757,Cc1c(N)cccc1N=Nc1cccc(N)c1C,1
ames5239,O=C(O)c1ccc(N=Nc2ccc(O)c(C(=O)O)c2)cc1,0
ames0986,CCN(CC)c1ccc(N=Nc2ccc([N+](=O)[O-])cc2Cl)cc1,1
ames5369,O=[N+]([O-])c1ccc(N=Nc2ccc(O)cc2O)cc1,0
ames3054,Cc1cc(N(C)C)ccc1N=Nc1ccccc1,1
ames0738,CCN(CC[N+](C)(C)C)c1ccc(N=Nc2ccc([N+](=O)[O-])cc2Cl)cc1,1
ames1381,COc1cc(N=Nc2ccccc2)ccc1[N+](=O)[O-],1
ames2027,N#Cc1cc([N+](=O)[O-])ccc1N=Nc1ccc(N(CCO)CCO)cc1,1
ames0614,CC(=O)Nc1ccc(N=Nc2cc(C)ccc2O)cc1,1
ames3316,COc1cc(N=Nc2ccccc2)ccc1N,1
ames3704,CC(=O)Nc1cc(N=Nc2ccc(C)c(NC(C)=O)c2)ccc1C,0
ames0361,O=[N+]([O-])c1ccc(N=Nc2ccccc2)cc1,1
ames2034,C=CCN(CC=C)c1cc(NC(C)=O)c(N=Nc2c(Br)cc([N+](=O)[O-])cc2[N+](=O)[O-])cc1OC,1
ames1522,Cc1ccc(N=Nc2ccc(C)c(N)c2)cc1N,1
ames1008,CN(C)c1ccc(N=Nc2ccc(C=O)cc2)cc1,1
ames1526,Nc1ccc(N=Nc2ccc(N)cc2)cc1,1
ames0755,CCN(CCC#N)c1ccc(N=Nc2c(Cl)cc([N+](=O)[O-])cc2Cl)cc1,1
ames1783,CN(C)c1ccc(N=Nc2ccccc2CO)cc1,1
ames0502,COc1ccc(N=Nc2ccc(N(C)C)cc2)cc1,1
ames5397,CC(=O)Nc1cccc(N=Nc2cccc(NC(C)=O)c2C)c1C,0
ames2696,Cc1cc(N=Nc2ccccc2C)c(N)cc1N,1
ames4758,CN(C)c1ccc(N=Nc2ccc(N(C)C)cc2)cc1,0
ames0638,Cc1c(N)ccc(N=Nc2ccccc2)c1N,1
ames5406,Cc1ccccc1N=Nc1ccc(N(C)C)cc1,0
ames0256,CC(=O)Nc1ccc(N=Nc2ccc(N(C)C)cc2)cc1,1
ames6164,CN(C)CCC(c1ccc(Cl)cc1)c1ccccn1,0
ames6356,CN(C)CCOC(C)(c1ccccc1)c1ccccn1,0
ames5832,CN(C)CCC(c1ccccc1)c1ccccn1,0
ames5021,CC(CNC(=O)c1cccnc1)NC(=O)c1cccnc1,0
ames1443,OC1c2ccc3c4c5c(cccc5cc3c2C2OC2C1O)C=C4,1
ames2059,O=Nc1cccc(-c2ccccc2)c1,1
ames3103,ONc1ccc(-c2ccccc2)cc1,1
ames5689,Oc1ccccc1-c1ccccc1,0
ames1566,Nc1ccccc1-c1ccccc1,1
ames4157,O=[N+]([O-])c1cc(-c2ccccc2)ccc1O,0
ames3127,Nc1ccc(-c2ccccc2)cc1,1
ames5711,Brc1ccc(-c2ccccc2)cc1,0
ames3649,CC(C)(C)c1ccc(-c2ccc([N+](=O)[O-])cc2)cc1,0
ames5203,CCc1cc(-c2ccccc2)cc(CC)c1N,0
ames0054,Nc1cccc(-c2ccccc2)c1,1
ames0571,Nc1ccc(-c2ccc(N)c(F)c2)cc1F,1
ames2118,Nc1ccc(-c2ccc(N)c([N+](=O)[O-])c2)cc1[N+](=O)[O-],1
ames0594,O=Nc1ccccc1-c1ccccc1,1
ames6261,Brc1cccc(-c2ccccc2)c1,0
ames5238,O=[N+]([O-])c1ccccc1-c1ccccc1,0
ames1117,O=CN(O)c1ccc(-c2ccccc2)cc1,1
ames4735,Clc1ccc(-c2ccc(Cl)c(Cl)c2Cl)cc1Cl,0
ames2160,O=[N+]([O-])c1ccc(-c2ccc([N+](=O)[O-])c([N+](=O)[O-])c2)c([N+](=O)[O-])c1,1
ames6295,Cc1cc(-c2cc(C)c(N)c(C)c2)cc(C)c1N,0
ames4755,COc1cc(-c2cc(OC)cc(C(C)(C)C)c2O)c(O)c(C(C)(C)C)c1,0
ames5788,c1ccc(-c2ccccc2)cc1,0
ames0126,O=[N+]([O-])c1cccc(-c2ccc([N+](=O)[O-])cc2[N+](=O)[O-])c1,1
ames1667,COC(=O)c1cc(-c2ccc(N)c(C(=O)OC)c2)ccc1N,1
ames0663,CC(=O)Nc1ccc(-c2ccccc2)cc1,1
ames1696,Nc1ccc(-c2ccc(N)c(Br)c2)cc1Br,1
ames1192,O=[N+]([O-])c1ccc(-c2ccccc2[N+](=O)[O-])c([N+](=O)[O-])c1,1
ames1194,Oc1ccc(-c2ccccc2)cc1,1
ames0682,CCC(=O)N(O)c1ccc(-c2ccccc2)cc1,1
ames2749,O=[N+]([O-])c1cc(-c2ccccc2)cc([N+](=O)[O-])c1O,1
ames4296,CC(C)c1cc(-c2ccccc2)cc(C(C)C)c1N,0
ames5840,Nc1ccc(-c2ccc(N)cc2S(=O)(=O)O)c(S(=O)(=O)O)c1,0
ames4303,O=P(O)(O)Oc1c(Br)cc(Br)cc1-c1cc(Br)cc(Br)c1O,0
ames4306,CCOC(=O)C(=NNc1ccc(-c2ccc(NN=C(C(=O)OCC)C(=O)OCC)c(Cl)c2)cc1Cl)C(=O)OCC,0
ames0700,Cc1ccccc1-c1ccc(N)cc1,1
ames0707,Nc1cc(N)c(-c2ccccc2)c([N+](=O)[O-])c1,1
ames1738,CCCCON(OC(C)=O)C(=O)c1ccc(-c2ccccc2)cc1,1
ames3807,ONc1cccc(-c2ccccc2)c1,0
ames0723,Nc1ccc(-c2ccc(N)cc2[N+](=O)[O-])c([N+](=O)[O-])c1,1
ames1755,Nc1cc([N+](=O)[O-])c(-c2ccccc2)c([N+](=O)[O-])c1,1
ames1769,O=[N+]([O-])c1cccc(-c2ccc(O)c([N+](=O)[O-])c2)c1,1
ames5390,COC(=O)C(C)(C)Oc1ccc(-c2ccc(Cl)cc2)cc1,0
ames5393,Oc1ccccc1-c1ccccc1O,0
ames1271,CC(C)(C)c1cc(-c2ccccc2)ccc1N=O,1
ames5922,CCCCCCc1ccc(-c2ccc(C#N)cc2)cc1,0
ames4893,O=[N+]([O-])c1cc(-c2cccc([N+](=O)[O-])c2O)ccc1O,0
ames1801,CC(=O)Nc1ccc(-c2ccc(N)cc2)cc1,1
ames5942,Brc1cc(Br)c(-c2c(Br)cc(Br)cc2Br)c(Br)c1,0
ames2338,Nc1cc([N+](=O)[O-])ccc1-c1ccc([N+](=O)[O-])cc1,1
ames5428,CC(C)(C)c1cc(-c2ccccc2)ccc1[N+](=O)[O-],0
ames0281,Nc1ccc(-c2ccc(Cl)cc2)cc1,1
ames3377,COc1cc(-c2ccc(N)c(OC)c2)ccc1N,1
ames0292,O=[N+]([O-])c1ccc(-c2ccccc2)cc1,1
ames1834,Nc1ccc(-c2ccc([N+](=O)[O-])cc2)cc1,1
ames0295,O=[N+]([O-])c1cc([N+](=O)[O-])c(-c2ccccc2)c([N+](=O)[O-])c1,1
ames3906,Fc1ccccc1-c1ccccc1,0
ames1847,CC(=O)Nc1ccc(-c2ccc(NC(C)=O)cc2)cc1,1
ames1334,Nc1ccc(-c2ccc(N)c(N)c2)cc1N,1
ames1849,O=[N+]([O-])c1ccc(-c2ccc([N+](=O)[O-])cc2[N+](=O)[O-])c([N+](=O)[O-])c1,1
ames3920,O=[N+]([O-])c1cc(-c2ccc(O)c([N+](=O)[O-])c2)ccc1O,0
ames1869,Nc1ccc(-c2ccc([N+](=O)[O-])cc2N)c([N+](=O)[O-])c1,1
ames2905,Nc1ccc(-c2ccc(N)c(O)c2)cc1O,1
ames4965,CCOC(=O)C(=NNc1ccc(-c2ccc(NN=C(C(=O)OCC)C(=O)OCC)cc2)cc1)C(=O)OCC,0
ames2912,O=Nc1ccc(-c2ccccc2)cc1,1
ames2926,Nc1ccc(-c2ccc(N)cc2)cc1,1
ames0870,CC(C)(C)c1ccc(-c2ccc(NO)cc2)cc1,1
ames3447,Nc1ccc(-c2ccc(N)c(Cl)c2)cc1Cl,1
ames1395,Nc1ccc(-c2cc(Cl)c(N)c(Cl)c2)cc1,1
ames3455,Cc1cc(-c2ccc(N)c(C)c2)ccc1N,1
ames1914,Nc1ccc(-c2ccc(N)cc2[N+](=O)[O-])cc1,1
ames1400,Nc1ccc(-c2ccc(N)c([N+](=O)[O-])c2)cc1,1
ames5026,CCOC(=O)C(=NNc1ccc(-c2ccc(NN=C(C(=O)OCC)C(=O)OCC)c(OC)c2)cc1OC)C(=O)OCC,0
ames0402,ONc1ccccc1-c1ccccc1,1
ames6074,COc1ccccc1-c1ccccc1,0
ames5563,Cc1ccccc1-c1ccccc1,0
ames2474,CC(=O)N(O)c1ccc(-c2ccccc2)cc1,1
ames5051,O=Cc1cccc(-c2ccccc2)c1,0
ames0932,Nc1ccc(-c2ccc(N)cc2Cl)c(Cl)c1,1
ames1970,CC(C)(C)c1cc(-c2ccccc2)ccc1NO,1
ames1457,O=[N+]([O-])c1ccc(-c2ccc([N+](=O)[O-])cc2)cc1,1
ames0948,Cc1cc(N)ccc1-c1ccc(O)cc1,1
ames0960,O=[N+]([O-])c1ccc(-c2ccc([N+](=O)[O-])cc2[N+](=O)[O-])cc1,1
ames2513,CC(C)c1cc(-c2ccccc2)ccc1N,1
ames0454,CC(C)(C)c1ccc(-c2ccc(N=O)cc2)cc1,1
ames1485,Nc1c(F)cc(-c2cc(F)c(N)c(F)c2)cc1F,1
ames0463,Nc1ccc(-c2cc(Cl)c(N)c(Cl)c2)cc1Cl,1
ames3039,COc1cc(-c2ccc(N=C=O)c(OC)c2)ccc1N=C=O,1
ames5109,O=[N+]([O-])c1cccc(-c2ccccc2)c1O,0
ames2026,O=C(CBr)c1ccc(-c2ccccc2)cc1,1
ames3063,Cc1cc(N)ccc1-c1ccc(N)cc1C,1
ames3069,Cc1cc(-c2ccccc2C)ccc1N,1
ames1531,Nc1cc(Cl)c(-c2cc(Cl)c(N)cc2Cl)cc1Cl,1
ames3592,CN(C)c1ccc(-c2ccc(N(C)C)cc2)cc1,0
ames4630,Oc1ccc(-c2ccc(O)cc2)cc1,0
ames3084,CC(=O)ON(C(C)=O)c1ccc(-c2ccccc2)cc1,1
ames4357,COc1ccc(C(=C(C#N)CCC(=O)O)c2ccc(OC)cc2)cc1,0
ames6072,ClC(Cl)=C(c1ccc(Cl)cc1)c1ccc(Cl)cc1,0
ames6473,CCCCC(CC)COC(=O)C(C#N)=C(c1ccccc1)c1ccccc1,0
ames3561,N=c1ccn2c(n1)OC1C(O)C(CO)OC12,0
ames2383,CC1CS(=O)(=O)CCN1N=Cc1ccc([N+](=O)[O-])o1,1
ames2943,Cc1cc(O)c2c(c1)C(=O)c1cc(OC3OC(C)C(O)C(O)C3O)cc(O)c1C2=O,1
ames3876,Cn1c(N)nc2nc3cccnc3cc21,0
ames4458,OCC1OC(OC2(CO)OC(CO)C(O)C2O)C(O)C(O)C1O,0
ames0762,CC(=O)N(Nc1ccc2c(c1)Cc1ccccc1-2)c1ccc2c(c1)Cc1ccccc1-2,1
ames4543,CC1CCCC(C)N1CCCC(O)(c1ccccc1)c1ccccn1,0
ames0363,Nc1nc(-c2ccc([N+](=O)[O-])cc2)nc2[nH]cnc12,1
ames2423,CCC=C1OC(=O)c2ccccc21,1
ames3520,O=S(=O)(O)c1ccc2cc(Oc3ccc4cc(S(=O)(=O)O)ccc4c3)ccc2c1,0
ames2608,O=[N+]([O-])c1ccc2c(c1)Oc1ccccc1O2,1
ames2773,O=[N+]([O-])c1ccc2c(c1)Oc1cc(Cl)c(Cl)cc1O2,1
ames1164,O=[N+]([O-])c1cc2c(cc1Cl)Oc1cc(Cl)c(Cl)cc1O2,1
ames0365,O=[N+]([O-])c1ccc2c(c1)Oc1cc([N+](=O)[O-])ccc1O2,1
ames1295,O=[N+]([O-])c1ccc2c(c1)Oc1ccc([N+](=O)[O-])cc1O2,1
ames1266,CN(C)CCNC(=O)c1cccc2c1Oc1ccccc1O2,1
ames6071,Clc1ccc2c(c1)Oc1ccc(Cl)cc1O2,0
ames4818,O=[N+]([O-])c1c(Cl)cc2c(c1Cl)Oc1cc(Cl)c(Cl)cc1O2,0
ames5785,Clc1cc2c(cc1Cl)Oc1cc(Cl)c(Cl)cc1O2,0
ames0313,O=[N+]([O-])c1c(Cl)c(Cl)c2c(c1Cl)Oc1ccc(Cl)c(Cl)c1O2,1
ames5823,Clc1c(Cl)c(Cl)c2c(c1Cl)Oc1c(Cl)c(Cl)c(Cl)c(Cl)c1O2,0
ames3827,c1ccc2c(c1)Oc1ccccc1O2,0
ames1671,CCCCCCCCCCSCn1cc[n+](C)c1,1
ames2686,c1ccc2c(c1)-c1c(c3ccccc3c3ccccc13)C1NC21,1
ames3097,OC1c2cc3ccc4cccc5ccc(c2C2OC2C1O)c3c45,1
ames3082,c1cc2ccc3cc4c(c5ccc(c1)c2c35)C1OC1CC4,1
ames1206,CC(=O)c1ccc2c(c1)CN1C(=O)c3ccccc3C1=N2,1
ames0863,Nc1ccc2c(c1)CN1C(=O)c3ccccc3C1=N2,1
ames3149,S=P(N1CC1)(N1CC1)N1CC1,1
ames4057,CNC(=O)c1cccc(NCC(=O)NCCc2ccc(OC)c(OC)c2)c1,0
ames5701,c1ccc(N(c2ccccc2)c2ccccc2)cc1,0
ames1034,Oc1ccc(C=NC2=S=Nc3ccccc32)cc1,1
ames2121,O=[N+]([O-])c1ccc(C=NC2=S=Nc3ccccc32)cc1,1
ames3825,COC1(CCC(C)COC2OC(CO)C(O)C(O)C2O)OC2CC3C4CC=C5CC(OC6OC(CO)C(OC7OC(C)C(O)C(O)C7O)C(O)C6OC6OC(C)C(O)C(O)C6O)CCC5(C)C4CCC3(C)C2C1C,0
ames1321,COC(=O)c1cccc2oc3c4c(cc(OC)c3c(=O)c12)OC1OC=CC41,1
ames1163,COc1ccc(O)c2c(=O)c3c(OC)cc4c(c3oc12)C1C=COC1O4,1
ames0057,O=c1c2c(O)cccc2oc2c3c(cc(O)c12)OC1OC=CC31,1
ames2890,COc1cc2c(c3oc4cccc(O)c4c(=O)c13)C1C=COC1O2,1
ames2247,COc1cc(O)c2c(=O)c3c(OC)cc4c(c3oc2c1OC)C1C=COC1O4,1
ames5186,COC(=O)c1cc2ccc3ccc[nH]c3c2n1,0
ames5380,c1c[nH]c2c(c1)ccc1ccnc12,0
ames3853,OCc1cc2ccc3ccc[nH]c3c2n1,0
ames3701,Cc1cccc(C)c1NC(=O)CN1CCCC1=O,0
ames6214,CN(C)CCC=C1c2ccccc2CCc2ccccc21,0
ames4150,CC1(C)SSCC(C(=O)O)NC1=O,0
ames6313,CCCCC(CC)COP(=O)(Oc1ccccc1)Oc1ccccc1,0
ames5946,CC(C)CCCCCCCOP(=O)(Oc1ccccc1)Oc1ccccc1,0
ames4726,CC1(C(=O)O)CCC2(C)CCC3(C)C(=C2C1)CC(=O)C1C2(C)CCC(OC4OC(C(=O)O)C(O)C(O)C4OC4OC(C(=O)O)C(O)C(O)C4O)C(C)(C)C2CCC13C,0
ames2371,c1cc2ccc3nc4ccccc4c4ccc(c1)c2c34,1
ames2164,O=[N+]([O-])c1ccc2ccc3c4ccccc4nc4ccc1c2c43,1
ames2727,O=[N+]([O-])c1ccc2ccc3nc4ccccc4c4ccc1c2c34,1
ames0598,c1cc2ccc3cncc4ccc(c1)c2c34,1
ames6415,COC(=O)C1C2CC3c4[nH]c5cc(OC)ccc5c4CCN3CC2CC(OC(=O)C=Cc2cc(OC)c(OC)c(OC)c2)C1OC,0
ames3656,C=C1C2CCC(C2)C1(C)C,0
ames5695,CC1CCCC(=O)CCC=CCc2cc(O)cc(O)c2C(=O)O1,0
ames3541,CSCCC(=O)N1C(C(=O)O)CSC1c1ccccc1O,0
ames4004,C[S+]([O-])CCC(=O)N1C(C(=O)O)CSC1c1ccccc1O,0
ames4490,O=C(O)C1CSC(c2ccccc2O)N1C(=O)CCS,0
ames5884,O=C1C=CCCC1,0
ames6031,CC1=CC(=O)CC(C)(C)C1,0
ames1770,Nc1c2ncn(C(c3ccccc3)(c3ccccc3)c3ccccc3)c2nc[n+]1[O-],1
ames4238,Cc1ccc(S(=O)(=O)NC(=O)NN2CCCCCC2)cc1,0
ames2365,CNC1C(OC2C(OC3C(O)C(O)C(N=C(N)N)C(O)C3N=C(N)N)OC(C)C2(O)C=O)OC(CO)C(O)C1O,1
ames5094,CC=CC1OC(=O)C=CC1O,0
ames2505,COC(=O)C12OC1(C)C(C)(O)NC2=O,1
ames1459,COC(=O)C(C=C(C)C=C(C)C=CC=C(C)C(=O)C12OC1C(O)(CCO)NC2=O)=CCO,1
ames0307,CC=C(C=C(C)C=C(C)C=CC=C(C)C(=O)C12OC1C(O)(CCO)NC2=O)C(=O)OC,1
ames0026,COC(=O)C12OC1(C)C(O)(C(C)C)NC2=O,1
ames0862,CCC12OC1(C(=O)OC)C(=O)NC2(C)O,1
ames3353,Cc1[nH]ccc2c1[nH]c1cc(=O)ccc12,1
ames3161,CC(=O)OCC1OC(Oc2cccc3c2C(=O)c2c(O)cccc2C3=O)C(OC(C)=O)C(OC(C)=O)C1OC(C)=O,1
ames3078,O=C1c2ccccc2C(=O)c2c(OC3OC(CO)C(O)C(O)C3O)ccc(O)c21,1
ames3271,O=C1c2cccc(O)c2C(=O)c2c(OC3OC(CO)C(O)C(O)C3O)cccc21,1
ames5945,CC1CC(C)C(=O)C(C(O)CC2CC(=O)NC(=O)C2)C1,0
ames3985,COc1ccc(C2CC(=O)c3c(O)cc(OC4OC(COC5OC(C)C(O)C(O)C5O)C(O)C(O)C4O)cc3O2)cc1O,0
ames1042,CCN(CC)c1ccc2nc3c4ccccc4c(=N)cc-3oc2c1,1
ames2496,N=c1cc2oc3cc(N)ccc3nc-2c2ccccc12,1
ames0810,CN1CCN(c2cc3c(cc2F)n2c(=O)[nH]c(=O)cc2n3C2CC2)CC1,1
ames1431,CN1CCN(c2cc3c(cc2F)n2c(=O)n(O)c(=O)cc2n3C2CC2)CC1,1
ames2352,c1ccc2c(c1)cc1ccc3cccc4c5ccccc5c2c1c34,1
ames4513,NC(=O)OCC1C(=NC(=O)C(NOCC(=O)O)c2csc(N)n2)C(=O)N1S(=O)(=O)O,0
ames1065,Cc1nc2c(c3[nH]c4ccccc4c13)C(=O)C(N1CC1)=CC2=O,1
ames0899,c1cc2c3c(c4ccc5ccccc5c4cc3c1)C1OC21,1
ames2713,O=[N+]([O-])c1ccc2c(c1)CCc1cc([N+](=O)[O-])ccc1-2,1
ames0509,O=[N+]([O-])c1ccc2c(c1)CCc1ccccc1-2,1
ames0957,CCn1cc(C(=O)O)c(=O)c2cc3c(cc21)OCO3,1
ames4430,Nc1ccc(S(=O)(=O)Nc2cnc3c(Cl)cccc3n2)cc1,0
ames0033,c1ccc2nccnc2c1,1
ames1894,CNc1ccc2ncc(C)nc2c1C,1
ames4989,CCOP(=S)(OCC)Oc1cnc2ccccc2n1,0
ames3642,Cc1cnc2ccccc2n1,0
ames4259,CNc1ccc2ncc(C)nc2c1N,0
ames2329,CNc1ccc2nccnc2c1C,1
ames2844,CNc1ccc2nc(C)c(C)nc2c1C,1
ames1814,CNc1ccc2nc(C)cnc2c1C,1
ames1463,Cc1nc2ccc(N(C)C)c(C)c2nc1C,1
ames6266,Clc1nc2ccccc2nc1Cl,0
ames2759,Cc1nc2ccc(N)c(C)c2nc1C,1
ames0153,CCc1nc2ccc(NC)c(C)c2nc1CC,1
ames0636,Cc1nc2ccc(N)cc2nc1C,1
ames2731,COc1nc2cc([N+](=O)[O-])cc(CBr)c2nc1OC,1
ames1243,COc1nc2cccc(CBr)c2nc1OC,1
ames4371,C1CN2CCN1CC2,0
ames1030,C1=COc2c(c3ccccc3c3cc4ccccc4cc23)C=C1,1
ames2966,C1CC2OC2CC1C1CO1,1
ames4830,CCC1OC(=O)C(C)C(OC2CC(C)(OC)C(O)C(C)O2)C(C)C(OC2OC(C)CC(N(C)C)C2O)C(C)(O)CC(C)CN(C)C(C)C(O)C1(C)O,0
ames2321,CCC1(O)CC(OC2CC(N(C)C)C(OC3CC(O)C(O)C(C)O3)C(C)O2)c2c(cc3c(O)c4c(c(O)c3c2O)C(=O)C=CC4=O)C1C(=O)OC,1
ames3826,CCC1=C(CC2NCCc3cc(OC)c(OC)cc32)CC2c3cc(OC)c(OC)cc3CCN2C1,0
ames2851,O=[N+]([O-])c1ccc2c3c4c(cccc4c4ccccc4c13)C1OC21,1
ames0881,C1=Cc2ccc3c4c(ccc1c24)-c1ccccc1-3,1
ames5528,O=C(O)C1OC(Oc2ccc3ccc4cc5ccccc5c5ccc2c3c45)C(O)C(O)C1O,0
ames4685,Nc1c(C(=O)NN=Cc2ccccc2)[nH]c2ccccc12,0
ames5949,O=C1C=C2C(=CCOC2O)O1,0
ames3773,O=c1cccc2c1ccc1[nH]c3ccc4ccccc4c3cc12,0
ames0481,c1ccc(-c2cccc(-c3ccccn3)n2)nc1,1
ames6146,ClC1=C(Cl)C2(Cl)C3C4C=CC(C4)C3C1(Cl)C2(Cl)Cl,0
ames1962,Nc1ccc(N=Nc2ccc(N=Nc3c(S(=O)(=O)O)cc4cc(S(=O)(=O)O)c(N=Nc5ccc(N=Nc6ccc(N)cc6N)cc5)c(O)c4c3N)cc2)c(N)c1,1
ames5090,Clc1nncc2ccccc12,0
ames2293,CCOC(=O)NNc1nncc2ccccc12,1
ames1005,NNc1nncc2ccccc12,1
ames1715,CC(C)=CC(C)=NNc1nncc2ccccc12,1
ames2299,NNc1nnc(NN)c2ccccc12,1
ames5165,c1ccc2cnncc2c1,0
ames4010,COc1nncc2ccccc12,0
ames4376,Cc1ccc(N=Cc2cccc3cccnc23)c(C(=O)O)c1,0
ames2961,Nc1c(S(=O)(=O)O)cc(Nc2cccc(S(=O)(=O)CCOS(=O)(=O)O)c2)c2c1C(=O)c1ccccc1C2=O,1
ames5822,Cc1ccc(Nc2ccc(O)c3c2C(=O)c2ccccc2C3=O)cc1,0
ames0317,Cc1ccc2c(c1Nc1ccccc1)C(=O)c1ccccc1C2=O,1
ames0573,Cc1ccc(Nc2ccc(N)c3c2C(=O)c2ccccc2C3=O)c(S(=O)(=O)O)c1,1
ames4234,CC(C)(C)NCC(O)COc1cccc2c1CC(O)C(O)C2,0
ames6187,c1ccc2c(c1)CCCC2,0
ames0323,OOC1CCCc2ccccc21,1
ames5582,CC(=O)c1cc2c(cc1C)C(C)(C)C(C)CC2(C)C,0
ames5182,CC(=O)C1(c2ccccc2)CCNCC1,0
ames5149,COC1(OC2CCC3C4CCC5CC6SC6CC5(C)C4CCC23C)CCCC1,0
ames5401,O=C(O)C1OC(Oc2cccc3c2cc2ccc4cccc5ccc3c2c45)C(O)C(O)C1O,0
ames2991,O=C(O)CSc1ccc2c3c(cccc13)C(=O)c1ccccc1-2,1
ames2938,COc1ccc2c3c(cccc13)C(=O)c1ccccc1-2,1
ames3346,CCOC(=O)CSc1ccc2c3c(cccc13)C(=O)c1ccccc1-2,1
ames1885,O=C1c2ccccc2-c2cccc3cccc1c23,1
ames4464,COc1ccc2cc3[n+](cc2c1OC)CCc1cc2c(cc1-3)OCO2,0
ames0523,C=C1CC23CCC4C(C)(C(=O)O)CCCC4(C)C2CCC1(OC1OC(CO)C(O)C(O)C1O)C3,1
ames6335,C1=CC2C3C=CC(C3)C2C1,0
ames5657,ClC1=C(Cl)C2(Cl)C3C(Cl)C=CC3C1(Cl)C2(Cl)Cl,0
ames0701,c1ccc2cc3c(cc2c1)c1c(c2ccccc23)O1,1
ames0711,CN(C)c1ccc(N=Nc2ccc3[nH]ncc3c2)cc1,1
ames1105,COc1ccc(-c2c(C)c(C(=O)O)nc(-c3ccc4c(n3)C(=O)C(=N)C(OC)C4=O)c2N)c(O)c1OC,1
ames4069,CC(C=CC=C(C)C=CC1=C(C)C(=O)CCC1(C)C)=CC=CC=C(C)C=CC=C(C)C=CC1=C(C)C(=O)CCC1(C)C,0
ames0920,c1ccc2c(c1)ccc1c2ccc2cccnc21,1
ames2458,O=[N+]([O-])c1ccc(Nc2ccc(O)cc2)c([N+](=O)[O-])c1,1
ames5677,CC(C)Nc1ccc(Nc2ccccc2)cc1,0
ames0913,O=[N+]([O-])c1ccc(Nc2ccc(Cl)cc2)cc1,1
ames6454,c1ccc(Nc2ccccc2)cc1,0
ames1047,Cc1ccc(Nc2ccc([N+](=O)[O-])cc2)cc1,1
ames5570,Nc1ccc(Nc2ccccc2)cc1,0
ames5055,O=C(O)c1ccccc1Nc1cccc(C(F)(F)F)c1,0
ames3780,O=[N+]([O-])c1ccc(Nc2ccc(N=C=S)cc2)cc1,0
ames5720,CNC(=O)N(c1ccccc1)c1ccccc1,0
ames6490,CC(C)Oc1ccc(Nc2ccccc2)cc1,0
ames6362,CC(C)CC(C)Nc1ccc(Nc2ccccc2)cc1,0
ames5601,CCCCCCCCc1ccc(Nc2ccc(CCCCCCCC)cc2)cc1,0
ames4574,NN(c1ccccc1)c1ccccc1,0
ames5862,COc1ccc(Nc2ccc(OC)cc2)cc1,0
ames0326,Cc1ccc(N(N)c2ccc(C)cc2)cc1,1
ames1618,O=[N+]([O-])c1ccc(Nc2ccccc2O)c([N+](=O)[O-])c1,1
ames1233,Nc1ccc(Nc2ccc([N+](=O)[O-])cc2)cc1,1
ames4973,O=[N+]([O-])c1ccccc1Nc1ccccc1,0
ames4589,O=[N+]([O-])c1ccc(Nc2ccccc2)cc1,0
ames3558,O=C(O)c1ccccc1Nc1cc(Cl)ccc1C(=O)O,0
ames5765,Oc1cccc(Nc2ccccc2)c1,0
ames6278,O=NN(c1ccccc1)c1ccccc1,0
ames1650,O=[N+]([O-])c1cc([N+](=O)[O-])c(Nc2c([N+](=O)[O-])cc([N+](=O)[O-])cc2[N+](=O)[O-])c([N+](=O)[O-])c1,1
ames0757,O=Nc1ccc(Nc2ccccc2)cc1,1
ames0888,CC(=O)Nc1ccc(Nc2ccc([N+](=O)[O-])cc2)cc1,1
ames0250,NC(=O)N(c1ccccc1)c1ccc(C(=O)O)cc1,1
ames6303,O=C(O)Cc1ccccc1Nc1c(Cl)cccc1Cl,0
ames5921,NC(=O)N(c1ccccc1)c1ccccc1,0
ames1557,O=C(c1ccccc1)N(O)c1ccc2c(c1)Cc1ccccc1-2,1
ames2802,O=C(Nc1ccc2c(c1)Cc1ccccc1-2)c1ccccc1,1
ames1076,CC1CC2(OC2C)C(=O)OC2CCN(C)CC=C(COC(=O)C1(C)O)C2=O,1
ames0236,c1ccc(Cc2ccc(CC3CO3)cc2)cc1,1
ames0552,c1ccc2c(COCC3CO3)cccc2c1,1
ames5379,O=C1C=CC2=[N+]([O-])C(c3ccccc3)(c3ccccc3)C(=Nc3ccccc3)C2=C1,0
ames3932,O=c1c2c(O)cccc2oc2cc3c(c(O)c12)C1CCOC1O3,0
ames0321,Cc1c(N)nc(C(CC(N)=O)NCC(N)C(N)=O)nc1C(=O)NC(C(=O)NC(C)C(O)C(C)C(O)=NC(C(O)=NCCc1nc(-c2nc(C(O)=NCCCN(C)CCC(N(C)c3ccc(OCc4ccccc4)c(OCc4ccccc4)c3)N(C)c3ccc(OCc4ccccc4)c(OCc4ccccc4)c3)cs2)cs1)C(C)O)C(OC1OC(CO)C(O)C(O)C1OC1OC(CO)C(O)C(OC(N)=O)C1O)c1cnc[nH]1,1
ames3930,COc1cc(-c2oc3cc(O)cc(O)c3c(=O)c2O)ccc1O,0
ames1931,O=c1c(O)c(-c2ccc(O)cc2)oc2cc(O)cc(O)c12,1
ames6155,O=c1cc(-c2ccc(O)cc2)oc2cc(O)cc(O)c12,0
ames4773,O=c1c(O)c(-c2ccc(OCCO)c(OCCO)c2)oc2cc(OCCO)cc(O)c12,0
ames5258,CCOC(=O)COc1ccc2c(=O)cc(-c3ccccc3)oc2c1,0
ames2363,COc1ccc(-c2oc3ccccc3c(=O)c2N)cc1N,1
ames5392,O=c1c(O)c(-c2ccccc2)oc2cc(O)cc(O)c12,0
ames2335,COc1ccc(-c2oc3ccccc3c(=O)c2[N+](=O)[O-])cc1[N+](=O)[O-],1
ames2498,COc1cc(O)c2c(=O)c(O)c(-c3ccc(O)c(O)c3)oc2c1,1
ames3588,COc1c(O)cc2oc(-c3ccc(O)cc3)cc(=O)c2c1O,0
ames4786,COc1cc2oc(-c3ccc(O)cc3)c(O)c(=O)c2cc1OC,0
ames3272,O=c1c(O)c(-c2ccc(O)c(O)c2)oc2cc(O)cc(O)c12,1
ames4063,OC1C=Cc2ncccc2C1O,0
ames2305,Nc1ncnc2c1ncn2Cc1ccc([N+](=O)[O-])cc1,1
ames1041,Nc1ncnc2c1ncn2Cc1ccccc1,1
ames6088,O=C1C2(Cl)C3(Cl)C4(Cl)C(Cl)(Cl)C5(Cl)C3(Cl)C1(Cl)C5(Cl)C24Cl,0
ames4067,CC1CCC2(OC1)OC1CC3C4CC=C5CC(OC6OC(CO)C(O)C(OC7OC(CO)C(O)C(O)C7O)C6OC6OC(C)C(O)C(O)C6O)CCC5(C)C4CCC3(C)C1C2C,0
ames4347,Cc1ccc2cc3c(ccc4ccccc43)c3c2c1C(O)C3,0
ames2994,Cc1ccc2cc3c(ccc4ccccc43)c3c2c1CC3O,1
ames1805,CC(=O)OC1Cc2c(C)ccc3cc4c(ccc5ccccc54)c1c23,1
ames0114,CC(=O)OC1Cc2c3ccc4ccccc4c3cc3ccc(C)c1c23,1
ames1917,Cc1ccc2cc3c(ccc4ccccc43)c3c2c1CC3OS(=O)(=O)O,1
ames2888,Cc1ccc2cc3c(ccc4ccccc43)c3c2c1CC3,1
ames4741,c1cc(-c2cc3ccc(C4=NCCN4)cc3[nH]2)ccc1C1=NCCN1,0
ames2582,CCCCOc1ccc(N=Nc2ccc(N(CC)CC)cc2)cn1,1
ames6380,Cc1cc(N(CCO)CCO)ccc1N=Nc1cccnc1,0
ames3483,COc1ccc(N=Nc2ccc(N(C)C)cc2)cn1,1
ames6350,OCCN(CCO)c1ccc(N=Nc2ccc(N(CCO)CCO)nc2)cc1,0
ames3942,O=S(=O)(O)CNc1ccc(N=Nc2cccnc2)cc1,0
ames5842,CCN(CC)c1ccc(N=Nc2cccnc2)cc1,0
ames6485,CC(=O)Nc1cc(N(C)C)ccc1N=Nc1cccnc1,0
ames6235,OCCN(CCO)c1ccc(N=Nc2cccnc2)cc1,0
ames2989,Cc1cc(N=Nc2cccnc2)c(N)cc1N,1
ames4846,CCCOC(C(=O)OC1CCN(C)CC1)(c1ccccc1)c1ccccc1,0
ames4658,[O-][n+]1cc2cccnc2cn1,0
ames1238,CC12OOC1(COC(=O)Nc1ccc(Cl)cc1)Oc1ccccc12,1
ames4396,CN1CCN(c2ccc3[nH]c(Cc4ccc5[nH]c(-c6ccc(N(CCCl)CCCl)cc6)nc5c4)nc3c2)CC1,0
ames4362,Cc1ccc2[nH]nnc2c1,0
ames3880,Cc1cccc2[nH]nnc12,0
ames1277,c1ccc2[nH]nnc2c1,1
ames5245,CN(C)[P+](On1nnc2ccccc21)(N(C)C)N(C)C,0
ames4313,On1nnc2ccccc21,0
ames1292,c1ccc(Cc2ccccc2OCC2CO2)cc1,1
ames4895,CN(C)c1ccc(C(c2ccccc2)c2ccc(N(C)C)cc2)cc1,0
ames5375,c1ccc(C(c2ccccc2)c2ccccc2)cc1,0
ames4946,CCN1CCNC(=O)C1=O,0
ames5071,CC1CCC2C(C)C3C(CC4C5CC=C6CC(O)CCC6(C)C5CCC43C)N2C1,0
ames1850,Nc1c2ncn(C(c3ccccc3)c3ccccc3)c2nc[n+]1[O-],1
ames1542,NC1CCN(c2nc3c(cc2F)c(=O)c(C(=O)O)cn3-c2ccc(F)cc2F)C1,1
ames0289,Cn1cnc2c(N)ncnc21,1
ames0353,CSc1ncnc2c1ncn2CC(O)CN=[N+]=[N-],1
ames2284,[N-]=[N+]=NCC(O)Cn1cnc2c(Cl)ncnc21,1
ames1224,[N-]=[N+]=NCC(O)Cn1cnc2c(N)ncnc21,1
ames1644,O=C(NCCCl)Sc1ncnc2[nH]cnc12,1
ames2161,[N-]=[N+]=NCC(O)Cn1cnc2c(Cl)nc(N)nc21,1
ames2083,[N-]=[N+]=NCC(O)Cn1cnc2c(N)nc(N)nc21,1
ames4781,CCOC(=O)CNC(=O)CCCCSc1ncnc2[nH]cnc12,0
ames1631,CN(C)c1ncnc2[nH]cnc12,1
ames1472,Nc1ncnc2[nH]cnc12,1
ames4884,CCOCn1cc(F)c(=O)n(C(=O)c2cccc(C(=O)Oc3nc(OC(=O)c4ccccc4)ccc3C#N)c2)c1=O,0
ames5798,COc1cc2c(cc1OC)C13CCN4CC5=CCOC6CC(=O)N2C1C6C5CC43,0
ames2108,O=[N+]([O-])c1ccc(C2OCC3(CO)COC(c4ccc([N+](=O)[O-])cc4)N23)cc1,1
ames1793,COc1cccc2c1CC([N+](=O)[O-])c1ccc3c(c1-2)OCO3,1
ames2839,Cn1c(N)nc2c3ccncc3ccc21,1
ames3781,O=C(COc1ccc(Cl)cc1Cl)NC(Cc1c[nH]c2ccccc12)C(=O)O,0
ames4089,O=C(COc1cc(Cl)c(Cl)cc1Cl)NC(Cc1c[nH]c2ccccc12)C(=O)O,0
ames2237,C1CSCSC1,1
ames3178,Nc1ccc2c(n1)[nH]c1ccccc12,1
ames3426,Cc1cc2c(nc1N)[nH]c1ccccc12,1
ames0299,c1ccc2sc(SSc3nc4ccccc4s3)nc2c1,1
ames4365,CN1C(=O)C(O)CC1c1cccnc1,0
ames6274,CN1C(=O)CCC1c1cccnc1,0
ames2691,Cn1c(N)nc2cc3ccccc3cc21,1
ames4813,O=C(CCc1ccc(O)cc1)c1c(O)cc(O)cc1O,0
ames3867,ON1CN(Cl)CN(Cl)C1,0
ames4595,O=C(OCc1ccc(Cl)cc1)c1cccc2cccnc12,0
ames4801,O=C(OCc1ccccc1)c1cccc2cccnc12,0
ames3739,O=C(OCc1ccc(Cl)cc1Cl)c1cccc2cccnc12,0
ames0690,C=c1c(N)c(O)c2c(c1O)N1CC3NC3C1(OC)C=2COC(N)=O,1
ames1693,CC1CNC(=O)N1c1ncc([N+](=O)[O-])s1,1
ames2796,O=C(C(Cl)Cl)N1CCN(c2ncc([N+](=O)[O-])s2)C1=O,1
ames1555,O=C1NCCN1c1ncc([N+](=O)[O-])s1,1
ames0232,O=C1NCCN1c1nccs1,1
ames3925,O=C(O)COc1ccc(C(=O)c2cccs2)c(Cl)c1Cl,0
ames0399,S=c1[nH]cnc2[nH]cnc12,1
ames4463,O=C1c2c(ccc3ccccc23)-c2cccc3cccc1c23,0
ames5739,Cc1nnc(NS(=O)(=O)c2ccc(N)cc2)s1,0
ames4517,Nc1ccc(N(c2ccc3ccccc3c2)c2ccc3ccccc3c2)cc1,0
ames5043,COc1cc(C2c3cc4c(cc3C(OC3OC5COC(C)OC5C(O)C3O)C3COC(=O)C23)OCO4)cc(OC)c1O,0
ames3893,C1CN(SSN2CCOCC2)CCO1,0
ames0359,Cc1ccc(NC2OCC(O)C(O)C2O)cc1,1
ames5285,O=[N+]([O-])c1ccc(NC2OCC(O)C(O)C2O)cc1,0
ames0651,O=NN(c1ccc([N+](=O)[O-])cc1)C1OCC(O)C(O)C1O,1
ames5549,CC(=O)OC1COC(Nc2ccc(C(=O)O)cc2)C(OC(C)=O)C1OC(C)=O,0
ames2101,CC(=O)OC1COC(Nc2ccc([N+](=O)[O-])cc2)C(OC(C)=O)C1OC(C)=O,1
ames1075,Cc1ccc(N(N=O)C2OCC(O)C(O)C2O)cc1,1
ames2113,O=NN(c1ccc(C(=O)O)cc1)C1OCC(O)C(O)C1O,1
ames4663,O=C(O)c1ccc(NC2OCC(O)C(O)C2O)cc1,0
ames3025,O=C1CCCc2c1ccc1c2ccc2ccccc21,1
ames3266,Cc1cc2c(c3ccc4ccccc4c13)CCCC2=O,1
ames1086,CC1(O)C=Cc2cc3c(ccc4ccccc43)c3c2C1(O)CC3,1
ames1254,O=C1c2ccccc2-c2c1ccc1ccccc21,1
ames5323,CN1C(C(=O)Nc2ccccn2)C(=O)c2sccc2S1(=O)=O,0
ames1441,O=C1CC(=Nc2ccccc2)C(=O)c2ccccc21,1
ames1061,COC(=O)c1cc2c([nH]c3ccccc32)c(-c2ccc3c(n2)C(=O)C=CC3=O)n1,1
ames5290,CC1CCC(C(C)C)C(OC(=O)c2ccccc2N)C1,0
ames6247,CC1CC(OC(=O)c2ccccc2O)CC(C)(C)C1,0
ames5920,Nc1ccccc1C(=O)OC1CCCCC1,0
ames6232,CCCCOC(=O)c1ccccc1C(=O)OC1CCCCC1,0
ames0786,COP(=S)(OC)SCn1nnc2ccccc2c1=O,1
ames3247,C(CCC1CO1)CC1CO1,1
ames4774,CC1CCc2c(N3CCC(O)CC3)c(F)cc3c(=O)c(C(=O)O)cn1c23,0
ames5612,CN1CCC23c4c5ccc(O)c4OC2C(O)C=CC3C1C5,0
ames6033,COc1ccc2c3c1OC1C(O)C=CC4C(C2)N(C)CCC341,0
ames3526,COC1(NC(=O)CSCC(N)C(=O)O)C(=O)N2C(C(=O)O)=C(CSc3nnnn3C)CSC21,0
ames6379,c1ccc2c(c1)CCNC2,0
ames0056,COc1cc2c(cc1OC)CN(N=O)CC2,1
ames2409,OC1C=Cc2ccc3cc4c(ccc5ccccc54)cc3c2C1O,1
ames4329,Cc1cc(C)n(-c2nnc(NN)c3c2[nH]c2ccccc23)n1,0
ames1862,CC1=CC2=C(C=O)C(=O)C(C)(O)C(O)C2=CO1,1
ames5166,COc1cc2c3c(cc4cc5c(cc4c3c1OC)OCO5)N(C)CC2,0
ames1079,O=c1c2ccc3c4c(ccc(c24)c2nc4ccccc4n12)c(=O)n1c2ccccc2nc31,1
ames6060,O=C1C=CC(=O)O1,0
ames5229,CC(=O)Oc1ccccc1C(=O)Oc1ccccc1C(=O)O,0
ames5222,O=C(Oc1ccccc1)c1ccccc1O,0
ames4763,CC(=O)Nc1ccc(OC(=O)c2ccccc2OC(C)=O)cc1,0
ames6160,Nc1n[nH]c(N)n1,0
ames0182,CCOP(=S)(OCC)Oc1nc(Cl)n(C(C)C)n1,1
ames5666,Nc1nc[nH]n1,0
ames0781,COc1ccc2c(c1)C(=O)c1c(OC)c(OC)cc3ccnc-2c13,1
ames0805,COc1ccc2c(c1)-c1nccc3cc(OC)c(OC)c(c13)C2=O,1
ames0815,CNP(=S)(N1CC1)N1CC1,1
ames4079,O=C1CC2SCC=CN12,0
ames4122,O=C1c2ccccc2-c2ccc3ccc4ccccc4c3c21,0
ames4859,COc1cc(CC2NCCc3cc(O)c(O)cc32)cc(OC)c1OC,0
ames1679,CC=C1CC(C)C(C)(O)C(=O)OCC2=CC[N+]3(C)CCC(OC1=O)C23O,1
ames5170,CC=C1CC(C)C(O)(CO)C(=O)OCC2=CC[N+]3([O-])CCC(OC1=O)C23,0
ames2438,c1ccc2cc3c(ccc4ccncc43)cc2c1,1
ames4583,CC1(C)CCCC2(C)C1CCC1(C)C(C=O)C(C=O)=CCC12,0
ames6374,CN1CCCC1c1cccnc1,0
ames0335,O=NN1CCCC1c1cccnc1,1
ames5199,C1=CC2OC2c2cccnc21,0
ames6315,NC(Cc1c[nH]c2ccccc12)C(=O)O,0
ames4262,CCOC(=O)Cc1c(C(=O)O)c2ccccc2n1C,0
ames1179,O=Nn1cc(CCO)c2ccccc21,1
ames4534,NCCc1c[nH]c2ccc(O)cc12,0
ames2213,N#CCc1cn(N=O)c2ccccc12,1
ames4290,CC(C)NCC(O)COc1cccc2[nH]ccc12,0
ames5348,O=C(O)CCc1c[nH]c2ccccc12,0
ames2124,O=[N+]([O-])c1ccc2c(CCO)c[nH]c2c1,1
ames5476,COc1cc2c(CCNC(C)=O)c[nH]c2cc1O,0
ames3556,N=C(N)c1ccc2c(N)c(C(=N)N)[nH]c2c1,0
ames5495,O=C(O)Cc1c[nH]c2ccc(O)cc12,0
ames1630,NNC(=O)c1[nH]c2ccccc2c1N,1
ames4084,CCc1cccc2c(CCO)c[nH]c12,0
ames1378,Cn1c(CC(=O)OCCCl)c(C(=O)O)c2ccccc21,1
ames4861,N=C(N)c1ccc2cc(C(=N)N)[nH]c2c1,0
ames4605,COc1ccc2[nH]cc(CCNC(C)=O)c2c1,0
ames4991,NCCc1c[nH]c2ccccc12,0
ames5383,c1ccc2[nH]ccc2c1,0
ames1517,ONc1cc2ccccc2[nH]1,1
ames2296,O=Nn1cc(CC(O)C(=O)O)c2ccccc21,1
ames4231,O=C(O)CCCc1c[nH]c2ccccc12,0
ames4359,NCCCCC(N)C(=O)NC(Cc1c[nH]c2ccccc12)C(=O)NC(CCCCN)C(=O)O,0
ames3847,Oc1ccc2[nH]ccc2c1,0
ames1399,O=[N+]([O-])c1ccc2[nH]ccc2c1,1
ames5524,O=C(O)Cc1c[nH]c2ccccc12,0
ames4115,N=C(N)c1cc2ccc(Br)cc2[nH]1,0
ames1465,O=C1C(=O)c2cccc3cccc1c23,1
ames2929,O=C1C=c2c(c(O)c3c(O)c4c(cc3c2O)OC2OC=CC=42)C(=O)C1,1
ames0328,c1ccc2c(c1)ccc1nc3c(ccc4ccccc43)cc12,1
ames3924,CC12OOC1(C)c1c(ccc3ccccc13)O2,0
ames5125,COC(=O)CC1C2(C)C3=C(C)C(c4ccoc4)CC3OC2C2OC(=O)C3(C)C=CC(=O)C1(C)C23,0
ames1993,Oc1ccc2ccc3c4c(cc5ccc1c2c53)C(O)C(O)C=C4,1
ames0740,O=[N+]([O-])c1ccc2ccc3c4c(cc5ccc1c2c53)CCC=C4,1
ames5385,O=[N+]([O-])c1c2c(c3ccc4cccc5ccc1c3c45)C=CCC2,0
ames1165,OC1C=Cc2c(cc3ccc4cccc5ccc2c3c45)C1,1
ames3293,C1=Cc2c(cc3ccc4cccc5ccc2c3c45)CC1,1
ames1652,O=[N+]([O-])c1ccc2ccc3cc4c(c5ccc1c2c35)C=CC(O)C4O,1
ames2269,OC1CC=Cc2c1cc1ccc3cccc4ccc2c1c34,1
ames1689,OC1C=Cc2c(cc3ccc4cccc5ccc2c3c45)C1O,1
ames0985,O=[N+]([O-])c1ccc2ccc3cc4c(c5ccc1c2c35)C=CCC4,1
ames0032,O=[N+]([O-])c1ccc2ccc3c4c(cc5ccc1c2c53)C(O)C(O)C=C4,1
ames3754,O=C1C(O)c2nc3c(ccc4ccccc43)cc2C23CCCCC12O3,0
ames5431,CC1CCC2C(C)C3C(CC4C5CC=C6CC(OC7OC(CO)C(OC8OC(C)C(O)C(O)C8OC8OC(C)C(O)C(O)C8O)C(O)C7O)CCC6(C)C5CCC43C)N2C1,0
ames6009,Cc1ccc(C(=CCN2CCCC2)c2ccccn2)cc1,0
ames4940,c1cnc2c3c(ccc2c1)C1OC1CC3,0
ames0547,C=C(C)C1Cc2c(cc(O)c3c(=O)c4ccccc4n(C)c23)O1,1
ames2754,O=[N+]([O-])c1cc2c3c(c1)CCc1cc([N+](=O)[O-])cc(c1-3)CC2,1
ames2835,O=[N+]([O-])c1cc2c3c(c1)CCc1cccc(c1-3)CC2,1
ames1149,Nc1nc(=NO)c2[nH]cnc2[nH]1,1
ames0059,Cc1c(N)nc(C(CC(N)=O)NCC(N)C(N)=O)nc1C(=O)NC(C(=O)NC(C)C(O)C(C)C(O)=NC(C(O)=NCCc1nc(-c2nc(C(O)=NCCCNC(C)c3ccccc3)cs2)cs1)C(C)O)C(OC1OC(CO)C(O)C(O)C1OC1OC(CO)C(O)C(OC(N)=O)C1O)c1cnc[nH]1,1
ames4514,CC(=O)OCC(=O)NCCCOc1cccc(CN2CCCCC2)c1,0
ames5343,CC1(C)C2CCC3(CO3)C1C2,0
ames5624,O=C(NC(=O)c1c(F)cccc1F)Nc1ccc(Cl)cc1,0
ames3456,CCC1(c2ccccc2)C(=O)NC(=O)NC1=O,1
ames1364,O=[N+]([O-])c1c2c(cc3ccccc13)C(O)C(O)C=C2,1
ames4737,O=[N+]([O-])c1c2c(cc3ccccc13)C=CC(O)C2O,0
ames2647,O=[N+]([O-])c1ccc2cc3c(cc2c1)C(O)C(O)C=C3,1
ames1540,O=[N+]([O-])c1ccc2cc3c(cc2c1)C=CC(O)C3O,1
ames3821,O=C1CCc2ccc3ccc4ccccc4c3c21,0
ames1060,Cc1cccc2c1-c1cc3ccccc3cc1C1NC21,1
ames2057,Cc1c2c(c(C)c3ccccc13)C1NC1c1ccccc1-2,1
ames1483,CCc1c2c(cc3ccccc13)-c1ccccc1C1NC21,1
ames2750,c1ccc2c(c1)-c1cc3ccccc3cc1C1NC21,1
ames2558,Cc1c2c(cc3ccccc13)-c1ccccc1C1NC21,1
ames6107,C1CCCC1,0
ames6197,NC1(C(=O)O)CCCC1,0
ames6392,CC1CCCC1,0
ames2022,O=[N+]([O-])C1CCCC1,1
ames1265,c1ccc2c(c1)Cc1c-2ccc2ccc3ccccc3c12,1
ames0217,O=C1NCCN1N=Cc1ccc([N+](=O)[O-])o1,1
ames0729,CC1CN(N=Cc2ccc([N+](=O)[O-])o2)C(=O)N1,1
ames5546,CN1CCN(c2ccc3[nH]c(CCCCCCc4ccc5[nH]c(-c6ccc(N(CCCl)CCCl)cc6)nc5c4)nc3c2)CC1,0
ames5295,O=C(O)C1Cc2c([nH]c3ccccc23)C(Cc2ccccc2O)N1,0
ames5411,CCOc1ccccc1OCC1CNCCO1,0
ames1751,c1ccc2nc3c4ccccc4c4ccccc4c3cc2c1,1
ames0769,O=C1C=CC(=O)c2c(O)ccc(O)c21,1
ames3121,O=C1C=CC(=O)c2c(O)cccc21,1
ames2320,CC1=CC(=O)c2ccccc2C1=O,1
ames0754,CC1=CC(=O)c2c(O)cccc2C1=O,1
ames0821,O=C1C(Cl)=C(Cl)C(=O)c2ccccc21,1
ames1082,O=C1C=CC(=O)c2ccccc21,1
ames1312,O=C1C(Cl)=C(Cl)C(=O)c2c(O)ccc(O)c21,1
ames6387,COc1ccc(CN(CCN(C)C)c2ncccn2)cc1,0
ames1940,Cc1ccc2cc3c(c4c2c1CC4)C1OC1c1ccccc1-3,1
ames4436,O=[N+]([O-])c1ccc(Nc2ncnc3[nH]cnc23)cc1,0
ames6347,O=C1CCc2ccccc2O1,0
ames0603,COc1cc2c3c(c1)Oc1c(OC)c(OC)cc4c1C(Cc1ccc(OC)c(c1)Oc1ccc(cc1)CC3N(C)CC2)N(C)CC4,1
ames2037,CN(C)CCNC(=O)c1cccn2cc(-c3ccccc3)nc12,1
ames0464,CC(C)NCC1CCc2cc(CO)c([N+](=O)[O-])cc2N1,1
ames4537,CC1CCC2C(C)C3C(CC4C5CC=C6CC(OC7OC(CO)C(OC8OC(C)C(O)C(O)C8O)C(O)C7OC7OC(C)C(O)C(O)C7O)CCC6(C)C5CCC43C)N2C1,0
ames4572,c1ccc(COCc2ccccc2)cc1,0
ames2555,c1ccc2c(c1)ccc1cc3ccc4ccccc4c3nc12,1
ames0801,Cc1ccc2c(c1)-c1cc3ccccc3c3cc4ccccc4c-2c13,1
ames1676,Oc1ccc2c(c1)-c1cc3ccccc3c3cc4ccccc4c-2c13,1
ames0384,c1ccc2c(c1)-c1cc3ccccc3c3cc4ccccc4c-2c13,1
ames4769,C1COCCOCCOCCO1,0
ames1912,COc1cc2c(c3oc(=O)c4c(c13)CCC4=O)C1C(O2)OC2OC21,1
ames4640,COc1cc2c(c3oc(=O)c4c(c13)CCC4=O)C1(C)C3OC3OC1(C)O2,0
ames0497,O=NN(CCc1c[nH]c2ccccc12)C1OCC(O)C(O)C1O,1
ames2370,OC1COC(NCCc2c[nH]c3ccccc23)C(O)C1O,1
ames2580,COc1cccc(C=Cc2ccc([N+](=O)[O-])cc2)c1,1
ames0262,N#Cc1cccc(C=Cc2ccc([N+](=O)[O-])cc2)c1,1
ames0394,O=[N+]([O-])c1ccc(C=Cc2ccccc2)cc1,1
ames2849,CN(C)c1ccc(C=Cc2ccccc2)cc1,1
ames1949,Nc1ccc(C=Cc2ccc(N)cc2)cc1,1
ames1565,O=[N+]([O-])c1ccc(C=Cc2ccc(Cl)cc2)cc1,1
ames1051,Nc1ccc(C=Cc2cccc(Cl)c2)cc1,1
ames0667,O=[N+]([O-])c1ccc(C=Cc2ccc([N+](=O)[O-])cc2)cc1,1
ames6299,C(=Cc1ccccc1)c1ccccc1,0
ames2629,CC(=O)Nc1ccc(C=Cc2ccccc2)cc1,1
ames2111,Cc1ccc(C=Cc2ccc(N)cc2)cc1,1
ames1469,CN(C)c1ccc(C=Cc2ccc([N+](=O)[O-])cc2)cc1,1
ames0190,CCC(=O)N(O)c1ccc(C=Cc2ccccc2)cc1,1
ames0579,Nc1ccc(C=Cc2cccc(N)c2)cc1,1
ames2643,Nc1ccc(C=Cc2ccc([N+](=O)[O-])cc2)cc1,1
ames3542,CCC(=O)Oc1ccc(C(CC)=C(CC)c2ccc(OC(=O)CC)cc2)cc1,0
ames4330,CC(C)(C)c1ccc(C=Cc2ccc(N)cc2)cc1,0
ames1493,Cc1ccc(C=Cc2ccc([N+](=O)[O-])cc2)cc1,1
ames0852,O=[N+]([O-])c1ccc(C=Cc2cccc(Cl)c2)cc1,1
ames5622,Nc1ccc(C=Cc2ccc(N)cc2S(=O)(=O)O)c(S(=O)(=O)O)c1,0
ames1500,Nc1ccc(C=Cc2ccccc2)cc1,1
ames2280,Nc1ccc(C=Cc2ccc(Cl)cc2)cc1,1
ames2546,N#Cc1ccc(C=Cc2ccc([N+](=O)[O-])cc2)cc1,1
ames1908,CC(=O)N(O)c1ccc(C=Cc2ccccc2)cc1,1
ames1010,O=CN(O)c1ccc(C=Cc2ccccc2)cc1,1
ames0499,COc1ccc(C=Cc2ccc(N)cc2)cc1,1
ames0117,N#Cc1ccc(C=Cc2ccc(N)cc2)cc1,1
ames0374,O=[N+]([O-])c1ccc(C=Cc2cccc([N+](=O)[O-])c2)cc1,1
ames0886,COc1ccc(C=Cc2ccc([N+](=O)[O-])cc2)cc1,1
ames1530,COc1cccc(C=Cc2ccc(N)cc2)c1,1
ames5008,CCC(=C(CC)c1ccc(OP(=O)(O)O)cc1)c1ccc(OP(=O)(O)O)cc1,0
ames0890,N#Cc1cccc(C=Cc2ccc(N)cc2)c1,1
ames0637,CCc1ccc(C=Cc2ccc([N+](=O)[O-])cc2)cc1,1
ames4007,C=C(C)c1ccc(C)c2c1CC(C)C(=O)C1CC(C)(O)C(=O)C21,0
ames3057,Oc1c2c(c(O)n1SC(Cl)(Cl)Cl)CC=CC2,1
ames5499,Oc1[nH]c(O)c2c1CC=CC2,0
ames0691,COc1cc(C2c3cc4c(cc3C(OC3OC5COC(c6cccs6)OC5C(O)C3O)C3COC(=O)C23)OCO4)cc(OC)c1O,1
ames3478,Cc1ccc2c(C)c3ccc4ccccc4c3nc2c1,1
ames2460,Cc1cc2c(C)c3ccccc3nc2c2ccccc12,1
ames0912,Cc1c2ccccc2nc2c1ccc1ccccc12,1
ames0658,Cc1cc2nc3c(ccc4ccccc43)c(C)c2cc1C,1
ames0531,Cc1ccc2nc3c(ccc4ccccc43)cc2c1,1
ames1054,Cc1c(C)c2c(N)c3ccccc3nc2c2ccccc12,1
ames0927,Cc1c2cccc(C)c2nc2c1ccc1ccccc12,1
ames5310,Cc1cccc2cc3ccc4ccccc4c3nc12,0
ames1332,OCc1ccc2nc3c(ccc4ccccc43)c(CO)c2c1,1
ames3014,Cc1ccc2nc3c(ccc4ccccc43)c(C)c2c1,1
ames5076,OCc1ccc2c(CO)c3ccc4ccccc4c3nc2c1,0
ames0574,Cc1c2ccc(CO)cc2nc2c1ccc1ccccc12,1
ames4058,Cc1ccc2c(CO)c3ccc4ccccc4c3nc2c1,0
ames2259,NCCN(CCCl)c1c2ccccc2nc2c1ccc1ccccc12,1
ames0975,CCN(CCCl)CCCNc1c2ccccc2nc2c1ccc1ccccc12,1
ames1625,Cc1ccc2cc3ccc4ccccc4c3nc2c1,1
ames1120,Cc1cccc2nc3c(ccc4ccccc43)cc12,1
ames0490,Cc1ccc2nc3c(ccc4ccccc43)c(CO)c2c1,1
ames1132,Cc1cc(C)c2nc3c(ccc4ccccc43)c(C)c2c1,1
ames1391,Cc1c(C)c2c(Cl)c3ccccc3nc2c2ccccc12,1
ames2692,Cc1c2cc(CO)ccc2nc2c1ccc1ccccc12,1
ames2432,CC[n+]1c2ccccc2nc2ccccc21,1
ames0050,C[n+]1c2ccccc2nc2ccccc21,1
ames2831,[O-][n+]1c2ccccc2nc2ccccc21,1
ames2401,c1ccc(Cc2ccc(OCC3CO3)cc2)cc1,1
ames0708,CC(C)(c1ccc(OCC(O)CO)cc1)c1ccc(OCC2CO2)cc1,1
ames3467,O=NN1CCCNC1=O,1
ames4863,CN1CCCN(C)C1=O,0
ames1750,c1ccc2c(c1)COC2,1
ames4078,c1ccc2cnccc2c1,0
ames5120,COc1cc(C)cc2c1C(=O)C=C(c1c(C)cc3c(c1OC)C(=O)C=CC3=O)C2=O,0
ames4695,Cc1cc(O)c2c(c1)C(=O)C(c1c(C)cc3c(c1O)C(=O)C=CC3=O)=CC2=O,0
ames0004,Cc1cc2c(nc(N)n2C)c2ncc(-c3ccccc3)nc12,1
ames4690,c1ccc2sc(SN3CCOCC3)nc2c1,0
ames1930,Cc1ccc2nsc(N)c2c1,1
ames3735,CCCNc1snc2ccccc12,0
ames4646,CNc1snc2ccccc12,0
ames4519,CN(C(=O)CCCCl)c1snc2ccccc12,0
ames2846,O=[N+]([O-])c1cccc2csnc12,1
ames5436,CCCC(=O)Nc1snc2ccc(C)cc12,0
ames2606,CCN(C(=O)CCCl)c1snc2ccccc12,1
ames4024,CC(C)CN(C(=O)CCCl)c1snc2ccccc12,0
ames1444,Cc1ccc2nsc(NC(=O)C(Cl)(Cl)Cl)c2c1,1
ames4281,CC(C)Nc1snc2ccccc12,0
ames5313,CCCCCCCC(=O)Nc1snc2ccccc12,0
ames4928,CC(C)C(=O)Nc1snc2cc(Cl)ccc12,0
ames3904,CC(C)CC(=O)Nc1snc2ccccc12,0
ames1583,CCOC(=O)C(C)(C#N)c1snc2ccc([N+](=O)[O-])cc12,1
ames3909,CCCCCNc1snc2ccccc12,0
ames2499,Nc1snc2ccc(Cl)cc12,1
ames4687,CC(=O)N(C)c1snc2ccccc12,0
ames4176,CCCC(=O)Nc1snc2ccc(Cl)cc12,0
ames1342,O=[N+]([O-])c1cccc2nscc12,1
ames2507,CC(=O)Nc1snc2ccc(Cl)cc12,1
ames4438,CCCCNc1snc2ccccc12,0
ames4569,CC(C)CC(=O)Nc1snc2ccc(Cl)cc12,0
ames5342,CCC(C)Nc1snc2ccccc12,0
ames1996,CCOC(=O)C(C#N)c1snc2ccc([N+](=O)[O-])cc12,1
ames4971,CN(C(=O)CCl)c1snc2ccccc12,0
ames3688,CC(=O)Nc1snc2c(Cl)cc(Cl)cc12,0
ames5367,CCN(C(=O)CCCCl)c1snc2ccccc12,0
ames3954,CCC(=O)Nc1snc2ccccc12,0
ames2146,O=C(CCl)Nc1snc2ccccc12,1
ames2539,CN(C(=O)CCCl)c1snc2ccccc12,1
ames0860,O=[N+]([O-])c1ccc2nscc2c1,1
ames3699,CCCC(=O)Nc1snc2cc(Cl)ccc12,0
ames4351,CCC(=O)Nc1snc2ccc(C)cc12,0
ames1516,O=C(CCl)Nc1snc2cc(Cl)ccc12,1
ames2030,Nc1snc2ccc([N+](=O)[O-])cc12,1
ames0618,Cc1ccc2nsc(NC(=O)C(Cl)Cl)c2c1,1
ames2681,O=C(CCl)Nc1snc2ccc(Cl)cc12,1
ames3709,CCCCC(=O)Nc1snc2ccc(Cl)cc12,0
ames4614,CCCC(=O)Nc1snc2ccccc12,0
ames4872,CC(C)CCNc1snc2ccccc12,0
ames3844,CCNc1snc2ccccc12,0
ames5260,CC(C)CNc1snc2ccccc12,0
ames0370,CC(=O)Nc1snc2ccccc12,1
ames2690,CCOC(=O)C(C#N)c1snc2c([N+](=O)[O-])cccc12,1
ames1012,Cc1ccc2nsc(NC(=O)CCl)c2c1,1
ames2304,Nc1snc2c(Cl)cc(Cl)cc12,1
ames0376,Nc1snc2cc(Cl)ccc12,1
ames0123,CCCN(C(=O)CCCl)c1snc2ccccc12,1
ames5403,OC(Nc1snc2ccccc12)C(Cl)(Cl)Cl,0
ames4120,CC(C)C(=O)Nc1snc2ccccc12,0
ames1597,O=[N+]([O-])c1ccc(C=NC2=S=Nc3ccccc32)o1,1
ames1187,CC(=O)Oc1ccc2c(c1)OC1(C)OOC21C,1
ames1991,COc1cccc2c1C1(C)OOC1(C)O2,1
ames0324,CC12OOC1Oc1ccccc12,1
ames2771,COC12OOC1(C)Oc1ccccc12,1
ames2356,CC(=O)Oc1ccc2c(c1)C1(C)OOC1(C)O2,1
ames1489,COCC12OOC1(C)c1ccccc1O2,1
ames1429,CC12OOC1(C)c1ccccc1O2,1
ames5307,CC12OOC1(CO)Oc1ccccc12,0
ames1471,COc1cccc2c1OC1(C)OOC21C,1
ames3563,OCC12OOC1(CO)c1ccccc1O2,0
ames0828,CC(=O)c1cccc2c1OC1(C)OOC21C,1
ames2540,CC(=O)OCC12OOC1(C)c1ccccc1O2,1
ames4733,Cc1cc(O)c2c(c1)C(=O)C13C4C(=O)C56C(=O)c7c(O)cc(C)cc7C(=O)C57C(C(=O)C16C2=O)C(C)C3C7C4C,0
ames0297,Cn1c(=NO)[nH]c2c3cccnc3ccc21,1
ames3474,O=Nn1cc(O)[nH]c1=O,1
ames4554,O=c1[nH]cc(O)[nH]1,0
ames5061,CC(=O)C1(C)OC12C(=O)C=Cc1ccccc12,0
ames3534,Oc1ccc(Nc2ccc3ccccc3c2)cc1,0
ames6459,c1ccc(Nc2ccc3ccccc3c2)cc1,0
ames1888,CC(Nc1ncnc2[nH]c(-c3ccc(CCl)cc3)cc12)c1ccccc1,1
ames6280,O=C1CCCCCN1,0
ames2488,CCOC(=O)c1[nH]c2ccccc2c1N=Cc1ccc(NC(C)=O)cc1,1
ames0173,CCOC(=O)c1[nH]c2ccccc2c1N=Cc1cc(OC)c(OC)c(OC)c1,1
ames1878,CCOC(=O)c1[nH]c2ccccc2c1N=Cc1ccc(O)cc1,1
ames4363,CCOC(=O)c1[nH]c2ccccc2c1N=Cc1ccc(C)cc1,0
ames1118,CCOC(=O)c1[nH]c2ccccc2c1N=Cc1ccc([N+](=O)[O-])cc1,1
ames4749,CN1CCN(c2ccc3[nH]c(-c4ccc5[nH]c(-c6ccc(O)cc6)nc5c4)nc3c2)CC1,0
ames4639,CCN(CCCl)c1ccc(-c2nc3cc(-c4nc5cc(N6CCN(C)CC6)ccc5[nH]4)ccc3[nH]2)cc1,0
ames4201,CN1CCN(c2ccc3[nH]c(-c4ccc5[nH]c(-c6ccc(N(CCCl)CCCl)cc6)nc5c4)nc3c2)CC1,0
ames6420,Cc1noc(NS(=O)(=O)c2ccc(N)cc2)c1C,0
ames5176,C1CCC2OCCOCCOCCOCCOC3CCCCC3OCCOCCOCCOCCOC2C1,0
ames2120,Fc1cccc2c3c(ccc12)-c1cccc2cccc-3c12,1
ames1658,c1ccc2c3c(ccc2c1)-c1cccc2cccc-3c12,1
ames2726,Fc1ccc2c3c(cccc13)-c1ccc3ccccc3c1-2,1
ames1156,Cc1ccc(N=Nc2c(O)ccc3ccccc23)c([N+](=O)[O-])c1,1
ames4123,Cc1cc(C)cc(N=Nc2c(O)ccc3ccccc23)c1,0
ames5537,Cc1ccc(N=Nc2c(O)c(C(=O)O)cc3ccccc23)cc1S(=O)(=O)O,0
ames4127,O=S(=O)(O)c1ccc2c(N=Nc3ccccc3)c(O)ccc2c1,0
ames3612,COc1cc(S(=O)(=O)O)c(C)cc1N=Nc1c(O)ccc2cc(S(=O)(=O)O)ccc12,0
ames1682,O=[N+]([O-])c1ccc(N=Nc2c(O)ccc3ccccc23)c(Cl)c1,1
ames3489,Cc1ccc(N=Nc2c(O)ccc3ccccc23)c(C)c1,1
ames4013,O=S(=O)(O)c1ccc(N=Nc2c(O)ccc3cc(S(=O)(=O)O)cc(S(=O)(=O)O)c23)cc1,0
ames3508,Cc1ccc(N=Nc2c(O)c(C(=O)O)cc3ccccc23)c(S(=O)(=O)O)c1,0
ames6215,O=S(=O)(O)c1ccc(N=Nc2ccc(O)c3ccccc23)cc1,0
ames2871,Oc1ccc2ccccc2c1N=Nc1ccccc1,1
ames3136,Cc1ccccc1N=Nc1c(O)ccc2ccccc12,1
ames5069,Cc1ccc(N=Nc2c(O)ccc3ccccc23)cc1,0
ames2239,O=S(=O)(O)c1ccc(N=Nc2c(O)c(S(=O)(=O)O)cc3cc(S(=O)(=O)O)ccc23)cc1,1
ames1734,Nc1ccc2ccccc2c1N=Nc1ccc([N+](=O)[O-])cc1,1
ames4190,O=S(=O)(O)c1ccc(N=Nc2c(O)ccc3ccccc23)cc1,0
ames3934,Nc1ccc2ccccc2c1N=Nc1ccccc1,0
ames5093,Cc1cccc(C)c1N=Nc1c(O)ccc2ccccc12,0
ames3937,Cc1ccc(N=Nc2c(O)ccc3ccccc23)c(S(=O)(=O)O)c1,0
ames5231,Nc1ccc2cc(S(=O)(=O)O)cc(O)c2c1N=Nc1ccc([N+](=O)[O-])cc1S(=O)(=O)O,0
ames2785,Cc1ccc(N=Nc2c(O)c(S(=O)(=O)O)cc3cc(S(=O)(=O)O)ccc23)c(C)c1,1
ames3557,Cc1ccc(N=Nc2c(O)ccc3ccccc23)cc1C,0
ames2143,O=[N+]([O-])c1ccc(N=Nc2c(O)ccc3ccccc23)c([N+](=O)[O-])c1,1
ames1765,COc1ccc(OC)c(N=Nc2c(O)ccc3ccccc23)c1,1
ames1509,COc1ccccc1N=Nc1c(O)ccc2ccccc12,1
ames4095,Cc1cccc(N=Nc2c(O)ccc3ccccc23)c1C,0
ames0744,CN(C)c1ccc(N=Nc2cccc3ccccc23)cc1,1
ames5136,Cc1ccc(N=Nc2c(O)ccc3ccccc23)cc1S(=O)(=O)O,0
ames1145,O=[N+]([O-])c1ccc(SSc2ccc([N+](=O)[O-])cc2)cc1,1
ames1729,c1ccc2c(c1)-c1ccccc1C1C2N1C1CCCCC1,1
ames0722,c1ccc2[nH]c(-c3cscn3)nc2c1,1
ames1189,ON=C1CCCCC1,1
ames3037,c1ccc2c3c(ccc2c1)Cc1c(ccc2ccccc12)C3,1
ames4060,CC12CCNC(=O)C=C1CCC1C2CCC2(C)C(OC(=O)C=Cc3cccc(N(CCCl)CCCl)c3)CCC12,0
ames1479,OC1C=Cc2c(ccc3ccccc23)C1O,1
ames0471,Cc1cc(O)c2c(O)c3c(c(O)c2c1)C(=O)C(=O)CC3=O,1
ames0928,O=C1CC(=O)c2c(c(O)c3ccccc3c2O)C1=O,1
ames5246,O=C(O)c1nn(Cc2ccc(Cl)cc2Cl)c2ccccc12,0
ames3366,O=NN1CCC(=O)CC1,1
ames6258,CCN=c1cc2oc3cc(NCC)c(C)cc3c(-c3ccccc3C(=O)OCC)c-2cc1C,0
ames3944,O=C(O)c1occc(=O)c1O,0
ames3500,O=c1cc(CO)occ1O,1
ames1095,Cc1occc(=O)c1O,1
ames5221,Cc1ncc(C[n+]2csc(CCO)c2C)c(N)n1,0
ames1831,COc1cc(OC)c2c(=O)c3c(O)ccc(OC)c3oc2c1,1
ames1803,COc1cc(O)c2c(=O)c3c(O)ccc(O)c3oc2c1,1
ames0551,CN(C)CCNC(=O)c1cccc2c(=O)c3ccccc3oc12,1
ames1683,O=c1c2c(O)cc(O)cc2oc2c(O)ccc(O)c12,1
ames0208,COc1cc(O)c2c(=O)c3cc(OC)ccc3oc2c1,1
ames0209,COc1cc(O)c2c(=O)c3cc(O)ccc3oc2c1,1
ames3913,O=C(O)c1c(Cl)c(Cl)c(Cl)c2oc3c(Br)c(O)c(Br)cc3c(=O)c12,0
ames0633,COc1ccc2oc3cc(O)cc(O)c3c(=O)c2c1,1
ames1216,COc1cc(OC)c2c(=O)c3cc(OC)ccc3oc2c1,1
ames2798,O=c1c2cc(O)ccc2oc2cc(O)cc(O)c12,1
ames0542,CC1=NC(=N)CC2c3ccccc3NC12,1
ames3290,CC1CCc2c1ccc1c2ccc2ccccc21,1
ames3211,Cc1cc2c(c3ccc4ccccc4c13)CCC2C,1
ames3832,c1ccc2c(c1)ccc1c3c(ccc12)CCC3,0
ames4594,Cc1cc2c(c3ccc4ccccc4c13)CCC2,0
ames0743,C1N2CN3CN1CN(C2)C3,1
ames1639,COc1cc(OC)c2c(c1)OC1OC3OC3C21,1
ames4245,CC(C=C(C#N)c1ccc(F)cc1)C(c1ccccc1)C(C#N)c1ccc(F)cc1,0
ames0277,CC(C=C(C#N)c1ccc(Cl)c(Cl)c1)C(c1ccccc1)C(C#N)c1ccc(Cl)c(Cl)c1,1
ames5366,CC(C=C(C#N)c1ccc(Br)cc1)C(c1ccccc1)C(C#N)c1ccc(Br)cc1,0
ames1026,CNc1ncn(C)c1C(=O)N(C)N=O,1
ames1413,Cc1ncc([N+](=O)[O-])n1CCO,1
ames1800,Cn1ccnc1N=O,1
ames1570,NC(Cn1ccnc1)C(=O)O,1
ames0286,O=Nn1cnc(CC(O)=NO)c1,1
ames2611,COCC(O)Cn1cc([N+](=O)[O-])nc1Cl,1
ames4927,O=C(O)C=Cc1c[nH]cn1,0
ames2227,Cn1c([N+](=O)[O-])cnc1COC(N)=O,1
ames0564,Cc1ncc([N+](=O)[O-])n1C,1
ames1338,O=[N+]([O-])c1cnc(CO)n1CCO,1
ames0570,N#[N+]c1[nH]cnc1C(N)=O,1
ames3532,NCCc1c[nH]cn1,0
ames4311,c1c[nH]cn1,0
ames0831,Cn1ccnc1[N+](=O)[O-],1
ames4056,C#CCN=C(NC#N)NCCSCc1[nH]cnc1C,0
ames2656,Cn1cncc1[N+](=O)[O-],1
ames2407,CN(N=O)C(=O)c1c(N(C)C(=O)OC(C)(C)C)ncn1C,1
ames4218,CNC(=O)c1c(N(C)N=O)ncn1C,0
ames4478,Cc1ncc[nH]1,0
ames5122,CC(=O)n1ccnc1,0
ames2678,CCS(=O)(=O)CCn1c([N+](=O)[O-])cnc1C,1
ames1773,COCC(O)Cn1ccnc1[N+](=O)[O-],1
ames5901,Cc1c[nH]cn1,0
ames2173,Cc1ncc([N+](=O)[O-])n1CC(=O)O,1
ames2053,CN(N=O)C(=O)c1c(N(C)N=O)ncn1C,1
ames6386,COc1cc(Cc2cnc(N)nc2N)cc(OC)c1OC,0
ames5688,O=C(C=Cc1ccc(O)c(O)c1)OC1CC(O)(C(=O)O)CC(O)C1O,0
ames1678,Cn1cnc(N=O)c1-c1ccccc1,1
ames4546,Cn1cnc([N+](=O)[O-])c1-c1ccccc1,0
ames0122,c1cnc2c(c1)ccc1c2ccc2cccnc21,1
ames1322,O=C1NC(c2ccc([N+](=O)[O-])s2)Nc2ccccc21,1
ames3226,c1ccc2c(c1)ccc1cc3c(ccc4ccccc43)cc12,1
ames1057,O=[N+]([O-])c1ccc2c(ccc3cc4c(ccc5ccccc54)cc32)c1,1
ames0104,C1=CC2OC2c2ncccc21,1
ames4770,CC(=O)NCCc1ccc(O)c(C2C(=O)C(=O)c3c(c(O)c4c(C(=O)O)c(C(=O)O)c(O)cc4c3O)C2=O)c1,0
ames1404,O=[N+]([O-])c1ccc2c(c1)nc(C=NOCc1ccccc1[N+](=O)[O-])n2Cc1ccc(Cl)cc1Cl,1
ames1284,O=[N+]([O-])c1ccc2c(c1)nc(C=NOCc1ccccc1[N+](=O)[O-])n2Cc1ccccc1,1
ames4951,O=[N+]([O-])c1cccc(CON=Cc2nc3cc([N+](=O)[O-])ccc3n2Cc2ccc(Cl)cc2)c1,0
ames5036,O=[N+]([O-])c1cccc(CON=Cc2nc3cc([N+](=O)[O-])ccc3n2Cc2ccc(F)cc2)c1,0
ames5371,Nc1nc(=O)c2[nH]nnc2[nH]1,0
ames0075,O=[N+]([O-])C1=Cc2c3c1cccc3cc1ccc3ccccc3c21,1
ames1704,C1=Cc2c3c1cccc3cc1ccc3ccccc3c21,1
ames3590,Cc1ccc(COS(=O)(=O)c2ccc(C)cc2)cc1,0
ames0349,Cc1ccc(S(=O)(=O)OCc2ccc([N+](=O)[O-])cc2)cc1,1
ames4762,Cc1ccc(S(=O)(=O)OCc2ccccc2)cc1,0
ames2660,Cc1cc(C)c2nsnc2c1[N+](=O)[O-],1
ames2767,Cc1cc(C)c2nsnc2c1N,1
ames5230,O=S1(=O)CCCC1,0
ames5291,CCC1OC(CO)C(COCC2OC(COC3OC(CO)C(O)C(O)C3O)C(OC)C(O)C2O)C(O)C1O,0
ames1268,OC1c2cc3c4ccccc4c4ccccc4c3cc2C2OC2C1O,1
ames0681,COc1ccc([N+](=O)[O-])ccc1=O,1
ames4096,CC(CCC(=O)O)C1CCC2C3C(=O)CC4CC(=O)CCC4(C)C3CCC12C,0
ames3257,OC(c1ccc2c(c1)OCO2)C1CO1,1
ames3077,c1cc2c(cc1CC1CO1)OCO2,1
ames2903,CC(=O)OC(c1ccc2c(c1)OCO2)C1CO1,1
ames0180,OC1c2ccc3c4c(ccc3c2C2OC2C1O)CCC4,1
ames0895,Cc1cc2c(c3ccc4c(c13)C1OC1C(O)C4O)CCC2,1
ames2500,O=C1C(c2[nH]c3ccccc3c2O)=Nc2ccccc21,1
ames4609,O=C1C(c2[nH]c3ccc(S(=O)(=O)O)cc3c2O)=Nc2ccc(S(=O)(=O)O)cc21,0
ames1953,COc1cc(N=Nc2ccc(N)cc2)c(C)cc1N=Nc1c(S(=O)(=O)O)cc2ccc(N)cc2c1O,1
ames2806,Nc1ncnc2c1ncn2-c1ccc([N+](=O)[O-])cc1[N+](=O)[O-],1
ames2235,Nc1ncnc2c1ncn2-c1ccc([N+](=O)[O-])cc1,1
ames0709,O=[N+]([O-])c1cc[n+]([O-])cc1,1
ames5479,CN(C)C(=O)Oc1ccc[n+](C)c1,0
ames3577,C[n+]1cccc(C(=O)O)c1,0
ames6327,Cn1c(=O)c2c(ncn2C)n(C)c1=O,0
ames6311,Cn1cnc2c1c(=O)[nH]c(=O)n2C,0
ames6048,Cn1c(=O)c2[nH]cnc2n(C)c1=O,0
ames0081,ClCCNCCCNc1c2ccccc2nc2c1ccc1cccnc12,1
ames2020,CCN(CCCl)CCCNc1c2ccccc2nc2c1ccc1cccnc12,1
ames0066,CCN(CC)c1ccc2nc3ccc(N(CC)CC)cc3[o+]c2c1,1
ames0641,CC1(C(=O)Nc2ccccc2)CO1,1
ames1951,O=C(Nc1ccccc1)C1CO1,1
ames5085,Cc1c(O)[nH]c(CC(C)C)c(O)n(C)c(Cc2ccccc2)c(O)ncc(=O)n1C,0
ames4868,O=C1c2cccc3ccc4ccc5cccc1c5c4c23,0
ames5110,COC(=O)Nc1nc2cc(OS(=O)(=O)c3ccc(F)cc3)ccc2[nH]1,0
ames0741,O=C1C=Cc2ccc3c(ccc4ccccc43)c2C1=O,1
ames0332,c1ccc(CSSCc2ccccc2)cc1,1
ames2616,CN(CCC#N)c1ccc(N=Nc2ccc3ncsc3c2)cc1,1
ames1575,CNc1ccc(N=Nc2ccc3ncsc3c2)cc1,1
ames0918,CN(C)c1ccc(N=Nc2ccc3ncsc3c2)cc1,1
ames0475,Nc1nc(-c2ccc([N+](=O)[O-])cc2)nc2c1ncn2-c1ccc([N+](=O)[O-])cc1,1
ames4427,Cc1ccc2c(C)c3c(nc2c1)-c1ccccc1C(O)C3O,0
ames4667,Cc1ccc2nc3c(c(C)c2c1)C(O)C(O)c1ccccc1-3,0
ames5032,CC(C)C1(NC(=O)C2CC3c4cccc5[nH]cc(c45)CC3N(C)C2)OC2(O)C3CCCN3C(=O)C(Cc3ccccc3)N2C1=O,0
ames4626,COCC1CN(c2ccc3nc(C(O)CCC#N)sc3c2)C(=O)O1,0
ames1959,O=c1oc2ccc([N+](=O)[O-])cc2c2ccccc12,1
ames0677,O=c1oc2cc([N+](=O)[O-])ccc2c2ccccc12,1
ames1718,O=c1oc2c([N+](=O)[O-])cccc2c2ccccc12,1
ames5102,COc1cc(O)c2c(=O)oc3cc(O)cc(C)c3c2c1,0
ames5072,Cc1cc(O)cc2oc(=O)c3c(O)cc(O)cc3c12,0
ames5354,CC1CCC2(OC1)OC1CC3C4CC=C5CC(O)CCC5(C)C4CCC3(C)C1C2C,0
ames1486,Nc1ccc(N=Nc2ccc3cc(S(=O)(=O)O)c(N=Nc4ccc(Nc5ccc(N=Nc6c(S(=O)(=O)O)cc7ccc(N=Nc8ccc(N)cc8N)cc7c6O)cc5S(=O)(=O)O)cc4)c(O)c3c2)c(N)c1,1
ames6004,C1CCC2CCCCC2C1,0
ames6046,CC1CCCC2(C)CCCCC12O,0
ames1730,CC1CCC2C(C)CCC(C(C)C)C2C1,1
ames3879,OCC1OC(n2cnc3c2ncn2ccnc32)C(O)C1O,0
ames3877,OCC1OC(n2cnc3c2ncn2ccnc32)CC1O,0
ames6270,CCN(CC)CC#CCOC(=O)C(O)(c1ccccc1)C1CCCCC1,0
ames5460,CCNCC#CC(C)(C)OC(=O)C(O)(c1ccccc1)C1CCCCC1,0
ames4112,CCN(CC)CC#CC(C)(C)OC(=O)C(O)(c1ccccc1)C1CCCCC1,0
ames4305,C1CCC(C(CC2CCCCN2)C2CCCCC2)CC1,0
ames0367,C=C1CC23CCC4C(C)(C(=O)O)CCCC4(C)C2CCC1(O)C3,1
ames5459,C=C1CC23CCC4C(C)(C(=O)O)CCCC4(C)C2CCC1C3,0
ames4944,C=C1CC23CCC4C(C)(C(=O)O)CCCC4(C)C2CCC1(OC(C)=O)C3,0
ames3760,C=C1C2CCC3C4(C)CCCC(C)(C(=O)O)C4CCC3(C2)C1O,0
ames4280,C=C1C(O)C23CCC4C(C)(C(=O)O)CCCC4(C)C2CCC1(O)C3,0
ames4501,CCCCCC(=O)Cc1cc(O)cc2c1C(=O)Oc1cc(O)c(C(=O)O)c(CCCCC)c1O2,0
ames2241,c1cc2ccc3ccc4ccc5ccc6ccc1c1c2c3c4c5c61,1
ames5705,O=C1N=C(c2ccccc2)c2cc(Cl)ccc2NC1O,0
ames0611,Oc1ccc2ccc3[nH]c4ccc5ccccc5c4c3c2c1,1
ames2549,c1ccc2c(c1)ccc1[nH]c3ccc4ccccc4c3c12,1
ames2663,Cn1c2ccc3ccccc3c2c2c3ccccc3ccc21,1
ames4929,Oc1cccc2ccc3[nH]c4ccc5ccccc5c4c3c12,0
ames2791,O=[N+]([O-])c1cc2[nH]c3ccc4ccc(O)cc4c3c2c2ccccc12,1
ames0465,Oc1cccc2c1ccc1[nH]c3ccc4ccccc4c3c12,1
ames0210,Cc1cc2[nH]c3cc(C)c4ccccc4c3c2c2ccccc12,1
ames1881,Cc1ccc2c(ccc3[nH]c4ccc5ccccc5c4c32)c1,1
ames2208,O=[N+]([O-])c1cc2[nH]c3ccc4c(O)cccc4c3c2c2ccccc12,1
ames1887,Oc1ccc2c(ccc3[nH]c4ccc5ccccc5c4c32)c1,1
ames1119,O=[N+]([O-])c1cc2[nH]c3cc([N+](=O)[O-])c4ccccc4c3c2c2ccccc12,1
ames0992,O=[N+]([O-])c1cc2[nH]c3ccc4ccccc4c3c2c2cccc(O)c12,1
ames4587,CC1(CO)C(O)CCC2(C)C1CCC1CC3CC12CCC3(O)CO,0
ames0420,Nc1nc(-c2ccc([N+](=O)[O-])s2)cs1,1
ames0778,O=CNc1nc(-c2ccc([N+](=O)[O-])s2)cs1,1
ames0368,O=CNc1nc(-c2cc([N+](=O)[O-])cs2)cs1,1
ames2465,Nc1nc(-c2cc([N+](=O)[O-])cs2)cs1,1
ames1977,CC(=O)Nc1nc(-c2cc([N+](=O)[O-])cs2)cs1,1
ames3018,O=S1(=O)OC2(c3ccccc31)c1cc(Br)c(O)c(Br)c1Oc1c2cc(Br)c(O)c1Br,1
ames5400,O=C1C(O)Cc2cc3ccc([N+](=O)[O-])cc3cc2C1O,0
ames3798,O=C1C(O)Cc2cc3cc([N+](=O)[O-])ccc3cc2C1O,0
ames5236,C1CCC2OCCOCCOCCOC3CCCCC3OCCOCCOCCOC2C1,0
ames4229,CC(=O)C1=CCC2C3=CCC4=CC(O)C(O)CC4(C)C3CC(O)C12C,0
ames2375,COc1ccc2c(ccc3oc([N+](=O)[O-])cc32)c1,1
ames0631,O=[N+]([O-])c1cc2c(ccc3cc(N(CCCl)CCCl)ccc32)o1,1
ames1231,Cc1c(C(=O)O)c(O)cc2c(O)c3c(c(O)c12)C(=O)C(C1OC(CO)C(O)C(O)C1O)C(=O)C3=O,1
ames4242,CC1CC2C3CC=C4CC(=O)C=CC4(C)C3(F)C(O)CC2(C)C1(O)C(=O)CO,0
ames4334,CCC(=O)OCC(=O)C1(OC(=O)CC)C(C)CC2C3C(Cl)C=C4CC(=O)C=CC4(C)C3C(O)CC21C,0
ames4383,CC(C)=CCCC(C)=CCCC(C)=CC(=O)OCC(=O)C1(O)CCC2C3CC=C4CC(=O)C=CC4(C)C3C(O)CC21C,0
ames5853,C=CC1CC2C=CC1C2,0
ames3719,ClCC1C(CCl)C2(Cl)C(Cl)=C(Cl)C1(Cl)C2(Cl)Cl,0
ames6135,O=C(O)C1C(C(=O)O)C2(Cl)C(Cl)=C(Cl)C1(Cl)C2(Cl)Cl,0
ames3778,CC(=O)Nc1ccc2[nH]c3c(C)c4ccncc4c(C)c3c2c1,0
ames6503,O=c1ccc(=O)[nH][nH]1,0
ames6092,CCN(Cc1ccccc1)c1ccccc1,0
ames5678,CN(C)CCN(Cc1ccccc1)c1ccccc1,0
ames0858,CC1=C2C(=CC(C)(C)C2O)C(=O)C(C)(O)C12CC2,1
ames1325,CC1=C2C(=CC(C)(CO)C2O)C(=O)C(C)(O)C12CC2,1
ames4211,CC=C(C(=CC)c1ccc(O)cc1)c1ccc(O)cc1,0
ames4491,CC1OCCc2cc3c(cc21)C(C)(C)C(C)C3(C)C,0
ames4736,CC1COCc2cc3c(cc21)C(C)(C)C(C)C3(C)C,0
ames3325,C(CCOCC1CO1)COCC1CO1,1
ames4493,CC(=O)N(CC(O)CN(C(C)=O)c1c(I)c(C(=O)NCC(O)CO)c(I)c(C(=O)NCC(O)CO)c1I)c1c(I)c(C(=O)NCC(O)CO)c(I)c(C(=O)NCC(O)CO)c1I,0
ames1697,COC1CC(C)(O)Cc2cc3c(c(O)c21)C(=O)c1c(O)cc2c(c1C3=O)OC1OC2(C)C(O)C(N(C)C)C1O,1
ames2093,CCC1(O)CC(OC2CC(N(C)C)C(O)C(C)O2)c2c(cc3c(c2O)C(=O)c2c(O)cccc2C3=O)C1C(=O)OC,1
ames5332,CSCC(NC(=O)COc1cccc2cnccc12)C(=O)NC(Cc1ccccc1)C(O)C(=O)N1CSCC1C(=O)NC(C)(C)C,0
ames2719,O=[N+]([O-])c1ccc2c(c1)CCc1c-2ccc2c1CCCC2,1
ames2418,COc1cc(=O)c2c([nH]c(C)c3c4c(nc32)CCCC=4)c1O,1
ames2249,COc1cc(=O)c2c([nH]cc3c4c(nc32)CCCC=4)c1O,1
ames4649,CCOc1ccc(C(C)(C)C)cc1NC(=O)C(=O)Nc1ccccc1CC,0
ames0448,O=Nc1c(-c2ccc([N+](=O)[O-])cc2)nc2sccn12,1
ames2843,Cc1cn2c([N+](=O)[O-])c(-c3ccc([N+](=O)[O-])cc3)nc2s1,1
ames1721,O=[N+]([O-])c1c(-c2ccc(Cl)cc2)nc2sccn12,1
ames0668,O=Nc1c(-c2ccc(Cl)cc2)nc2sccn12,1
ames1377,Cc1cn2c(N=O)c(-c3ccc([N+](=O)[O-])cc3)nc2s1,1
ames0544,O=[N+]([O-])c1ccc(-c2nc3sccn3c2[N+](=O)[O-])cc1,1
ames4032,CC(CCC(=O)O)C1CCC2C3CCC4CC(O)CCC4(C)C3CC(=O)C12C,0
ames0158,C1=CC2OC2c2ccc3c4c5c(cccc5cc3c21)C=C4,1
ames0025,CC[N+]([O-])(CC)CCNc1ccc(CO)c2sc3ccccc3c(=O)c12,1
ames2386,CN(C)CCNC(=O)c1cccc2c(=O)c3ccccc3sc12,1
ames0532,CCN(CC)CCNc1ccc(COS(C)(=O)=O)c2sc3ccccc3c(=O)c12,1
ames3498,CCN(CC)CCNc1ccc(C)c2sc3ccccc3c(=O)c12,1
ames1213,c1ccc2c(c1)-c1cc3ccc4ccccc4c3cc1C1NC21,1
ames1314,O=C(C=Cc1ccccc1)OCC=Cc1ccccc1,1
ames2358,c1scc2c1-c1cscc1C1NC21,1
ames1973,c1ccc2c(c1)ccc1c3cccnc3ccc21,1
ames5084,c1ccc2c(c1)CCC1CCCCC21,0
ames4340,COc1c2ccccc2[n+]([O-])c2occc12,0
ames0519,O=c1c2ccccc2[nH]c2ccc3c(c12)OCCO3,1
ames2517,O=c1oc2ccc([N+](=O)[O-])c3ccc4cccc1c4c23,1
ames1610,O=c1oc2c([N+](=O)[O-])ccc3ccc4cccc1c4c32,1
ames4304,O=c1oc2cccc3ccc4cccc1c4c32,0
ames4722,CCCC(=O)OC1C(C)OC(OC2C(C)OC(OC3C(CC=O)CC(C)C(O)C=CC=CCC(C)OC(=O)CC(O)C3OC)C(O)C2N(C)C)CC1(C)OC(=O)CC,0
ames4708,COC(C(=O)C(O)C(C)O)C1Cc2cc3cc(OC4CC(OC5CC(O)C(OC)C(C)O5)C(OC(C)=O)C(C)O4)c(C)c(O)c3c(O)c2C(=O)C1OC1CC(OC2CC(OC3CC(C)(O)C(OC(C)=O)C(C)O3)C(O)C(C)O2)C(O)C(C)O1,0
ames2414,O=[N+]([O-])c1cc2c3c(c1)CCc1c4c(cc(c1-3)CC2)CCCC4,1
ames5167,CC(C)C(C(=O)OC(C#N)c1cccc(Oc2ccccc2)c1)c1ccc(Cl)cc1,0
ames2002,O=[N+]([O-])c1ccc2c3c(c4c([N+](=O)[O-])ccc5ccc1c2c54)CCCC3,1
ames0143,O=[N+]([O-])c1ccc2ccc3ccc([N+](=O)[O-])c4c5c(c1c2c34)CCCC5,1
ames0369,O=[N+]([O-])c1cc([N+](=O)[O-])c2c3c(c4cccc5ccc1c2c54)CCCC3,1
ames0628,O=[N+]([O-])c1ccc2ccc3cccc4c5c(c1c2c34)CCCC5,1
ames2730,O=[N+]([O-])c1ccc2c3c(c4cccc5ccc1c2c54)CCCC3,1
ames1827,O=[N+]([O-])c1cc2cccc3c4c(c5cccc1c5c23)CCCC4,1
ames0366,OC1c2ccc3c(c2C2OC2C1O)-c1cccc2cccc-3c12,1
ames1449,C1=Cc2cc3cccc4c5ccccc5c5ccc1c2c5c34,1
ames0014,CC1C=Cc2c1ccc1c2ccc2ccccc21,1
ames2919,C1=Cc2c(ccc3c2ccc2ccccc23)C1,1
ames5960,CC(C)=C1CCC(C)CC1=O,0
ames2127,O=[N+]([O-])c1ccc2ccc3c4ccccc4[n+]([O-])c4ccc1c2c34,1
ames0924,O=[N+]([O-])c1ccc2ccc3c4c(ccc1c24)c1ccccc1[n+]3[O-],1
ames0647,[O-][n+]1c2ccccc2c2ccc3cccc4ccc1c2c34,1
ames2308,O=C(NC(S)c1nc2ccccc2s1)NC(S)c1nc2ccccc2s1,1
ames1754,CC(C)CCCC(C)C1CCC2C3CC4OC45CC(O)CCC5(C)C3CCC12C,1
ames0664,Cn1c(N=[N+]=[N-])nc2c3ccccc3ccc21,1
ames0841,C1=Cc2c3ccc4cccc5ccc(c6cccc1c26)c3c45,1
ames0590,c1ccc(-c2ccc(CCC3CO3)cc2)cc1,1
ames1712,Cc1ccc(N=NNCc2ccc([N+](=O)[O-])cc2)cc1,1
ames0901,Cc1ccc(N=NNCc2ccccc2)cc1,1
ames5360,CC(C)(C)OOC1(C)C=C(C(C)(C)C)C(=O)C(C(C)(C)C)=C1,0
ames3655,NS(=O)(=O)c1cc2c(cc1Cl)N=CNS2(=O)=O,0
ames3543,C[n+]1ccc(-c2ccccc2)cc1,0
ames4348,O=C(Nc1ccccc1)Nc1snc2ccccc12,0
ames1333,O=C(NCc1ccccc1)C(Cl)c1ccccc1,1
ames5253,O=C(NCc1ccccc1)C(Br)c1ccccc1,0
ames3640,CN1C=CN(CCCN2C=CC(C([NH-])=O)C=C2)C1C=[N+]=O,0
ames4275,COc1cc(C(=O)OCCCN2CCCN(CCCOC(=O)c3cc(OC)c(OC)c(OC)c3)CC2)cc(OC)c1OC,0
ames4779,O=c1ccc2cc(OC3OC(CO)C(O)C(O)C3O)c(O)cc2o1,0
ames5670,C=CC1CN2CCC1CC2C(O)c1ccnc2ccc(OC)cc12,0
ames3633,C=CC1CN2CCC1CC2C(OC(=O)C(C)O)c1ccnc2ccc(OC)cc12,0
ames3991,C=CC1CN2CCC1CC2C(OC(=O)OCC)c1ccnc2ccc(OC)cc12,0
ames1818,c1ccc(Cn2ccnc2)cc1,1
ames4591,NCC1CCC(C(=O)c2ccc(CCC(=O)O)cc2)CC1,0
ames1256,O=C1C=Cc2c3ccccc3c(O)c3cccc1c23,1
ames2600,Nn1nnc2c([nH]c3ccccc32)c1=O,1
ames0522,O=[N+]([O-])c1ccc(Nc2ncnc3c2ncn3-c2ccc([N+](=O)[O-])cc2)cc1,1
ames1223,CC(C)(C)C1=CC(=O)C=C(C2=CC(=O)C=C(C(C)(C)C)C2=O)C1=O,1
ames5629,CC1CCCC(O)CCCCCc2cc(O)cc(O)c2C(=O)O1,0
ames6153,O=C(OC1CCCCC1)c1ccccc1C(=O)OC1CCCCC1,0
ames0527,Cn1c(N)nc2c3ccc(=O)[nH]c3ccc21,1
ames4467,CC12C=CC3=C(CC=C4CC(=O)CCC43)C1CCC2O,0
ames0620,CCN(CCCl)c1ccc(OCCCCCNc2c3ccccc3nc3ccccc23)cc1,1
ames3072,OC1=c2c(O)cc3cccc4ccc(c2c43)C23CCCCC12O3,1
ames2468,OC1c2ccc3cc4c(ccc5ccccc54)nc3c2C2OC2C1O,1
ames5816,Oc1csc(=S)[nH]1,0
ames3270,COc1cc2c(c3oc(=O)c4c(c13)CCC4=O)C1CCOC1O2,1
ames1293,Cn1c2cc(=N)ccc-2cc2ccccc21,1
ames2741,C1COCOC1,1
ames3214,CC(=O)OC1CC(C)OC(C)O1,1
ames3684,O=C1c2ccc3nc(-c4ccccc4)sc3c2C(=O)c2ccc3nc(-c4ccccc4)sc3c21,0
ames1842,COc1nsc2c(OCC3CO3)cccc12,1
ames2799,c1cc(OCC2CO2)c2sncc2c1,1
ames0627,CS(=O)(=O)OC1CN(C(c2ccccc2)c2ccccc2)C1,1
ames2001,Cc1cc2c([nH]c1=NO)[nH]c1ccccc12,1
ames4441,Nc1nc(=O)c2ncn(C3C=CC(CO)C3)c2[nH]1,0
ames2480,OCC1OC(n2cnc3c(=S)[nH]cnc32)C(O)C1O,1
ames0329,CC1CC2c3cccc4c3c(cn4C3CCCC3)CC2N(C)C1,1
ames4833,CC1CCCC(=O)CCCCCc2cc(O)cc(O)c2C(=O)O1,0
ames3334,C1CN1c1nc(N2CC2)nc(N2CC2)n1,1
ames4704,COC(=O)CC1Cc2cc3cc(OC)c(-c4c(OC)cc5cc6c(c(O)c5c4O)C(=O)OC(CC(=O)OC)C6)c(O)c3c(O)c2C(=O)O1,0
ames1245,NC(=O)C(=Cc1ccc([N+](=O)[O-])o1)c1ccco1,1
ames1936,Cc1ccc2c(=O)c3cccc4ccc1c2c43,1
ames2145,O=c1c2cccc3ccc4cccc1c4c32,1
ames0919,O=[N+]([O-])c1ccc2c(c1)CCc1cc3c(cc1-2)CCc1ccccc1-3,1
ames1150,Cc1ccc2cc3c(c4c2c1CC4)C1NC1c1ccccc1-3,1
ames0185,C(=NNC1=NCCN1)c1c2ccccc2c(C=NNC2=NCCN2)c2ccccc12,1
ames4018,OC1c2ccccc2-c2cc3c(ccc4ccccc43)nc2C1O,0
ames3752,C1CCC2OCCOCCOC3CCCCC3OCCOCCOC2C1,0
ames0969,COc1ccc(C(=O)ON(OCc2ccccc2)C(=O)c2ccccc2)cc1,1
ames1699,O=Cc1ccc(C(=O)ON(OCc2ccccc2)C(=O)c2ccccc2)cc1,1
ames1906,O=C(ON(OCc1ccccc1)C(=O)c1ccccc1)c1cccc([N+](=O)[O-])c1,1
ames2685,COc1cccc(C(=O)ON(OCc2ccccc2)C(=O)c2ccccc2)c1,1
ames3166,O=C(ON(OCc1ccccc1)C(=O)c1ccccc1)c1ccccc1,1
ames0018,O=C(ON(OCc1ccccc1)C(=O)c1ccccc1)c1ccc([N+](=O)[O-])cc1,1
ames0403,CC(C)(C)c1ccc(C(=O)ON(OCc2ccccc2)C(=O)c2ccccc2)cc1,1
ames2369,O=C(ON(OCc1ccccc1)C(=O)c1ccccc1)c1ccc(Cl)cc1,1
ames0152,N#Cc1ccc(C(=O)ON(OCc2ccccc2)C(=O)c2ccccc2)cc1,1
ames0223,Cc1ccc(C(=O)ON(OCc2ccccc2)C(=O)c2ccccc2)cc1,1
ames1067,Cc1c(C(=O)NC(C(=O)NC(C)C(O)C(C)C(O)=NC(C(O)=NCCc2nc(-c3nc(C(O)=NCCCN(C)CCCNC(=N)CC4CCC(Cl)CC4)cs3)cs2)C(C)O)C(OC2OC(CO)C(O)C(O)C2OC2OC(CO)C(O)C(OC(N)=O)C2O)c2cnc[nH]2)nc(C(CNCC(N)C(N)=O)C(N)=O)[nH]c1=N,1
ames0845,Cc1c(C(=O)NC(C(=O)NC(C)C(O)C(C)C(O)=NC(C(O)=NCCc2nc(-c3nc(C(O)=NCCCNCCCNC(=N)CC4CCC(Cl)CC4)cs3)cs2)C(C)O)C(OC2OC(CO)C(O)C(O)C2OC2OC(CO)C(O)C(OC(N)=O)C2O)c2cnc[nH]2)nc(C(CC(N)=O)NCC(N)C(N)=O)[nH]c1=N,1
ames5423,CC(C)c1c(C(=O)Nc2ccccc2)c(-c2ccccc2)c(-c2ccc(F)cc2)n1CCC(O)CC(O)CC(=O)O,0
ames1398,OC1C=Cc2c(ccc3c4c5c(cccc5cc23)C=C4)C1O,1
ames5391,COc1cccc2c1cc1c3c(cc4c(c32)OCO4)C(=O)N1C1OC(CO)C(O)C(O)C1O,0
ames0953,c1cc2ccc3ccnc4ccc(c1)c2c34,1
ames2081,OC1c2ccc3ccc4c5ccccc5ccc4c3c2C2OC2C1O,1
ames3901,CN(C)c1ccc(C(=C2C=CC(=[N+](C)C)C=C2)C2=C3C=CC(=S(=O)(O)O)C=C3C=C(S(=O)(=O)O)C2=O)cc1,0
ames1532,Cc1c(C(=O)NC(C(=O)NC(C)C(O)C(C)C(O)=NC(C(O)=NCCc2nc(-c3nc(C(O)=NCCc4cnc[nH]4)cs3)cs2)C(C)O)C(OC2OC(CO)C(O)C(O)C2OC2OC(CO)C(O)C(OC(N)=O)C2O)c2cnc[nH]2)nc(C(CC(N)=O)NCC(N)C(N)=O)[nH]c1=N,1
ames4243,Clc1nncc2ccncc12,0
ames0867,NNc1nncc2ccncc12,1
ames3548,COc1nncc2ccncc12,0
ames4108,Clc1nncc2cnccc12,0
ames4110,COc1nncc2cnccc12,0
ames2274,NNc1nncc2cnccc12,1
ames3530,c1cc2cnncc2cn1,0
ames0062,[O-][S+](c1cc(Cl)cc(Cl)c1O)c1cc(Cl)cc(Cl)c1O,1
ames2803,CN(C)CCNC(=O)c1cccc2c1Nc1ccccc1O2,1
ames1645,CC1=CC(=C(C#N)C#N)C=C(C=Cc2ccc(N(C)C)cc2)O1,1
ames2886,O=C(c1ccc2c(c1)OCO2)C1CO1,1
ames2485,Cc1c(N=[N+]([O-])c2cc([N+](=O)[O-])c(C)c([N+](=O)[O-])c2)cc([N+](=O)[O-])cc1[N+](=O)[O-],1
ames4449,CCOc1ccc(N=[N+]([O-])c2ccc(OCC)cc2)cc1,0
ames2679,Cc1ccc(N=[N+]([O-])c2ccc(C)c(N)c2)cc1N,1
ames1774,[O-][N+](=Nc1ccccc1)c1ccccc1,1
ames4739,CC(=O)Nc1cc(N=[N+]([O-])c2ccc(C)c(NC(C)=O)c2)ccc1C,0
ames5320,Cc1c(N=[N+]([O-])c2cccc([N+](=O)[O-])c2C)cccc1[N+](=O)[O-],0
ames2652,COc1ccc(N=[N+]([O-])c2ccc(OC)cc2)cc1,1
ames5420,CC(=O)Nc1cccc(N=[N+]([O-])c2cccc(NC(C)=O)c2C)c1C,0
ames4361,CC(=O)Nc1ccc(C)c(N=[N+]([O-])c2cc(NC(C)=O)ccc2C)c1,0
ames4716,Cc1ccc([N+](=O)[O-])cc1N=[N+]([O-])c1cc([N+](=O)[O-])ccc1C,0
ames0213,Cc1c(N)cccc1N=[N+]([O-])c1cccc(N)c1C,1
ames4272,[O-][N+](=Nc1ccc(Cl)c(Cl)c1)c1ccc(Cl)c(Cl)c1,0
ames0441,Cc1ccc(N)cc1N=[N+]([O-])c1cc(N)ccc1C,1
ames4888,Cc1ccc(N=[N+]([O-])c2ccc(C)c([N+](=O)[O-])c2)cc1[N+](=O)[O-],0
ames2765,Cc1c([N+](=O)[O-])cc(N=[N+]([O-])c2cc([N+](=O)[O-])c(C)c([N+](=O)[O-])c2)cc1[N+](=O)[O-],1
ames0608,Cc1c(N=[N+]([O-])c2cc([N+](=O)[O-])cc([N+](=O)[O-])c2C)cc([N+](=O)[O-])cc1[N+](=O)[O-],1
ames4776,O=C(NC(=O)c1c(F)cccc1F)Nc1cc(Cl)c(Oc2ncc(C(F)(F)F)cc2Cl)c(Cl)c1,0
ames4677,NS(=O)(=O)c1cc(C(=O)O)c(NCc2ccco2)cc1Cl,0
ames2223,c1ccc2c(c1)ccc1c3ccncc3ccc21,1
ames0739,CN1CCc2c1ccc1ccc3ccc(O)cc3c21,1
ames2737,Cc1c2c(cc3ccccc13)-c1ccccc1C(O)C2O,1
ames3654,OC1c2ccccc2-c2cc3ccccc3c(Cl)c2C1O,0
ames4994,OC1c2ccccc2-c2cc3ccccc3c(Br)c2C1O,0
ames5066,c1ccc2c(c1)ncc1cnc3ccccc3c12,0
ames2267,O=[N+]([O-])c1cccc2c1ncc1cnc3ccccc3c12,1
ames4505,[O-][n+]1cc2ccncc2cn1,0
ames6406,COC(=O)C1C2CC3c4[nH]c5cc(OC)ccc5c4CCN3CC2CC(OC(=O)c2cc(OC)c(OC)c(OC)c2)C1OC,0
ames4161,O=c1[nH]cnc2ccccc12,0
ames4206,CC(=O)OC1(C(C)=O)CCC2C3C4CC4(Cl)C4=CC(=O)C5CC5C4(C)C3CCC21C,0
ames5023,O=c1c(Cl)c(Cl)cnn1S(=O)(=O)c1ccccc1,0
ames3580,COc1ccc(S(=O)(=O)n2ncc(Cl)c(Cl)c2=O)cc1,0
ames5070,O=c1c(Cl)c(Cl)cnn1S(=O)(=O)c1ccc(Cl)cc1Cl,0
ames5394,Cc1ccc(S(=O)(=O)n2ncc(Cl)c(Cl)c2=O)cc1,0
ames4370,O=c1c(Cl)c(Cl)cnn1S(=O)(=O)c1ccc(Cl)cc1,0
ames0385,O=[N+]([O-])c1ccc2nc3ccc([N+](=O)[O-])cc3nc2c1,1
ames3094,Nc1cc2nc3ccccc3nc2cc1N,1
ames2202,O=[N+]([O-])c1ccc2nc3ccccc3nc2c1,1
ames3491,Nc1cc2nc3ccc(Cl)cc3nc2cc1N,1
ames1569,Nc1ccc2nc3ccc(N)cc3nc2c1,1
ames0415,O=[N+]([O-])c1ccc2nc3c([N+](=O)[O-])cccc3nc2c1,1
ames4033,Nc1cccc2nc3cccc(N)c3nc12,0
ames2359,Cc1cc2nc3ccc(N(C)C)cc3nc2cc1N,1
ames0429,O=[N+]([O-])c1ccc2nc3cc([N+](=O)[O-])ccc3nc2c1,1
ames0692,O=[N+]([O-])c1cccc2nc3ccccc3nc12,1
ames0309,O=[N+]([O-])c1cccc2nc3cccc([N+](=O)[O-])c3nc12,1
ames1980,Nc1ccc2nc3c(N)cccc3nc2c1,1
ames2248,Nc1cc2nc3ccccc3nc2cc1O,1
ames1606,Cc1cc2nc3ccc(C)c(N)c3nc2cc1N,1
ames2781,Nc1cccc2nc3c(N)cccc3nc12,1
ames1366,Nc1cccc2nc3ccccc3nc12,1
ames3046,Nc1ccc2nc3cc(N)ccc3nc2c1,1
ames3833,O=[N+]([O-])c1cccc2nc3c([N+](=O)[O-])cccc3nc12,0
ames3459,COc1cc2nc3cc(N)c(OC)cc3nc2cc1N,1
ames3332,COc1cc2nc3cc(N)ccc3nc2cc1N,1
ames0507,Nc1ccc2nc3ccccc3nc2c1,1
ames0127,CN(C)CCNC(=O)c1cccc2nc3ccccc3nc12,1
ames0386,O=[N+]([O-])c1ccc2ccc3cc4c(c5ccc1c2c35)C(O)C(O)C=C4,1
ames1188,O=[N+]([O-])c1ccc2ccc3c4c(cc5ccc1c2c53)C=CCC4,1
ames2519,O=[N+]([O-])c1c2c(c3ccc4cccc5ccc1c3c45)CCC=C2,1
ames1657,O=[N+]([O-])c1ccc2ccc3c4c(cc5ccc1c2c53)C=CC(O)C4O,1
ames2412,O=[N+]([O-])c1ccc2ccc3cc4c(c5ccc1c2c35)CCC=C4,1
ames5267,CC(C)(C)C1=CC(=CC=C2C=C(C(C)(C)C)C(=O)C(C(C)(C)C)=C2)C=C(C(C)(C)C)C1=O,0
ames1044,COc1ccc2cc([N+](=O)[O-])c3ccc(=O)oc3c2c1,1
ames0979,O=C(CCNNC(=O)c1ccncc1)NCc1ccccc1,1
ames2189,Cc1ccc2c(c1O)NC(O)C1CC(C=CC(N)=O)=CN1C2=O,1
ames3728,ON1c2ccccc2C(=Nc2ccccc2)C1(c1ccccc1)c1ccccc1,0
ames4435,O=NN1C(C(=O)O)CSC1C(O)C(O)C(O)C(O)CO,0
ames4474,O=C(O)C1CSCN1,0
ames5515,CC(O)C(O)C(O)C(O)C1SCCN1N=O,0
ames1948,O=NN1CCSC1,1
ames0823,O=NN1CCSC1CO,1
ames1178,C1CSCN1,1
ames0761,O=NN1CCSC1C(O)C(O)C(O)C(O)CO,1
ames3856,O=NN1CSCC1C(=O)O,0
ames3829,O=NN1CCSC1C(O)C(O)C(O)CO,0
ames3279,Nc1ccc(Sc2ccc(N)cc2)cc1,1
ames0038,Nc1ccc(Sc2ccccc2)cc1,1
ames4384,Oc1c(Cl)cc(Cl)cc1Sc1cc(Cl)cc(Cl)c1O,0
ames0905,CC(=O)Nc1ccc(Sc2ccccc2)cc1,1
ames5900,Cc1cc(O)c(C(C)(C)C)cc1Sc1cc(C(C)(C)C)c(O)cc1C,0
ames2165,O=Nc1ccc(Sc2ccccc2)cc1,1
ames1461,CC(=O)N(O)c1ccc(Sc2ccccc2)cc1,1
ames2563,O=[N+]([O-])c1ccc(Sc2ccccc2)cc1,1
ames1208,ONc1ccc(Sc2ccccc2)cc1,1
ames2597,Nc1ccc(Sc2ccc([N+](=O)[O-])cc2)cc1,1
ames6242,Oc1ccc(Cl)cc1Sc1cc(Cl)ccc1O,0
ames3958,O=[N+]([O-])c1cc(Cl)cc(Sc2cc(Cl)cc([N+](=O)[O-])c2O)c1O,0
ames0096,CC(=O)ON(C(C)=O)c1ccc(Sc2ccccc2)cc1,1
ames5993,CC1C=CC=CC=CC=CC=CC=CC=CC(OC2OC(C)C(O)C(N)C2O)CC2OC(O)(CC(O)CC(O)C(O)CCC(O)CC(O)CC(=O)OC(C)C(C)C1O)CC(O)C2C(=O)O,0
ames5003,O=C1CCCCCO1,0
ames4540,O=C(c1ccccc1)C1OC1c1ccc(-c2ccccc2)cc1,0
ames4713,CC(C)(C)NC(=O)C1CCC2C3C=CC4=CC(C(=O)O)CCC4(C)C3CCC12C,0
ames3030,c1ccc2c(c1)ccc1cc3ccc4ccccc4c3cc12,1
ames3874,Cc1nnc2n1-c1ccc(Cl)cc1C(c1ccccc1Cl)=NC2,0
ames4698,Clc1ccc2c(c1)C(c1ccccc1)=NCc1nncn1-2,0
ames3317,C1COC1,1
ames6175,CC(CN1CC(=O)NC(=O)C1)N1CC(=O)NC(=O)C1,0
ames5006,CNC1C(O)C(OC2C(NC(=O)C(O)CN)CC(N)C(OC3CC(CN)C(O)C(O)C3O)C2O)CCC1(C)O,0
ames1806,Cc1c(C(=O)NC(C(=O)NC(C)C(O)C(C)C(O)=NC(C(O)=NCCc2nc(-c3nc(C(O)=NCCCCNC(=N)N)cs3)cs2)C(C)O)C(OC2OC(CO)C(O)C(O)C2OC2OC(CO)C(O)C(OC(N)=O)C2O)c2cnc[nH]2)nc(C(CC(N)=O)NCC(N)C(N)=O)[nH]c1=N,1
ames4379,CC1(C)CC(C(N)=O)C(C)(C)N1O,0
ames2397,CC(=O)N1CCCC1C(=O)N(CC(=O)O)N=O,1
ames3715,CC1(C)CC(C(=O)NCCCCCCCCCCCC(=O)O)C(C)(C)N1O,0
ames2948,O=NN1CCC(O)C1,1
ames5075,CC1(C)CC(C(=O)O)C(C)(C)N1O,0
ames4789,C1CCNC1,0
ames1796,O=NN1CC(Cl)C(Cl)C1,1
ames5522,O=c1c2ccccc2[nH]c2ccccc12,0
ames0318,COc1cc2[nH]c3ccccc3c(=O)c2cc1OC,1
ames0560,CN(C)CCNC(=O)c1cccc2c(=O)c3ccccc3[nH]c12,1
ames0945,O=C1CC2NCCCNCCCCN(CCCN1)C(=O)C1c3cc2ccc3OC1c1ccc(O)cc1,1
ames4764,O=C(O)c1cc(=O)c2cccc(O)c2[nH]1,0
ames6010,O=c1cc[nH]c2ccccc12,0
ames2710,O=c1cc(O)[nH]c2ccccc12,1
ames5116,O=C(O)c1cc(=O)c2ccccc2[nH]1,0
ames5235,S=c1scc(-c2ccccc2)s1,0
ames4568,CCCCCC(C)(O)C=CC1C(O)CC(=O)C1CC=CCCCC(=O)O,0
ames6320,CC(C)=CCC1CCCC1=O,0
ames5977,CC(CCc1ccccc1)NCC(O)c1ccc(O)c(C(N)=O)c1,0
ames4986,COC1=CC2C3Cc4ccc(OC)c(O)c4C2(CCN3C)CC1=O,0
ames3745,CCC(C)C1N=C(O)C(CCCNC(=N)N)N=C(O)C(CC(=O)O)N=C(O)C(CCSC)N=C(O)C(CCCNC(=N)N)N=C(O)CN=C(O)CN=C(O)C(Cc2ccccc2)N=C(O)C(N=C(O)C(CO)N=C(O)C(CO)N=C(O)C(CCCNC(=N)N)N=C(O)C(CCCNC(=N)N)N=C(O)C(CC(C)C)N=C(O)C(N)CO)CSSCC(C(=O)NC(CC(=N)O)C(O)=NC(CO)C(O)=NC(Cc2ccccc2)C(O)=NC(CCCNC(=N)N)C(O)=NC(Cc2ccc(O)cc2)C(=O)O)N=C(O)CN=C(O)C(CC(C)C)N=C(O)CN=C(O)C(CO)N=C(O)C(CCC(N)=O)NC(=O)C(C)NC(=O)CNC1=O,0
ames4797,O=C(Cn1c(=O)sc2ccccc21)OCc1ccccc1,0
ames2139,c1cc2ccc3ccc4ccc5cccc6c(c1)c2c3c4c56,1
ames4645,O=C(CCCN1CCN(c2ccccn2)CC1)c1ccc(F)cc1,0
ames0222,C=C(C)C1C=C2C(COC(=O)CCCCCCCCCCCCCCCCC)=CC=C2C(C)=CC1,1
ames4061,CC(=O)c1ccc2c(c1)C(=O)C1(CC1)O2,0
ames5103,CC(=O)c1c(O)c(C)c(O)c2c1OC1=CC(=O)C(C(C)=O)C(=O)C12C,0
ames1870,CCCCc1c(O)n(-c2ccc(O)cc2)n(-c2ccccc2)c1=O,1
ames3870,CCCCc1c(O)n(-c2ccccc2)n(-c2ccccc2)c1=O,0
ames3732,Cc1ccc(OP(=O)(Oc2ccc(C)cc2C)Oc2ccc(C)cc2C)c(C)c1,0
ames6026,O=P(Oc1ccccc1)(Oc1ccccc1)Oc1ccccc1,0
ames4805,Cc1cccc(OP(=O)(Oc2ccccc2)Oc2ccccc2)c1,0
ames5996,Cc1cc(O)ccc1OP(=O)(Oc1cc(O)ccc1C)Oc1c(C)cccc1O,0
ames5449,CCCCCCCCCc1ccc(OP(=O)(Oc2ccccc2)Oc2ccccc2)cc1,0
ames6231,CC(C)c1ccc(OP(=O)(Oc2ccccc2)Oc2ccccc2)cc1,0
ames6498,Cc1cccc(OP(=O)(Oc2cccc(C)c2)Oc2cccc(C)c2)c1,0
ames6435,CC(C)(C)c1ccc(OP(=O)(Oc2ccccc2)Oc2ccccc2)cc1,0
ames6333,CC12CCC(CC1)C(C)(C)O2,0
ames5312,O=NN(CC1(O)CCC(O)C(O)C1O)C(Cc1ccccc1)C(=O)O,0
ames3887,O=C1OC2C(O)COC2(O)C1(O)Cc1c[nH]c2ccccc12,0
ames2832,CC(=O)Nc1ccc2ccc3ccc(O)c4ccc1c2c34,1
ames1941,O=[N+]([O-])c1ccc2ccc3c([N+](=O)[O-])ccc4ccc1c2c43,1
ames1045,O=[N+]([O-])c1ccc2ccc3cccc4c(O)cc1c2c34,1
ames0536,O=S(=O)(O)OCc1ccc2ccc3cccc4ccc1c2c34,1
ames2734,O=[N+]([O-])c1cc2ccc3cccc4ccc(c1O)c2c34,1
ames1961,CC(O)c1ccc2ccc3cccc4ccc1c2c34,1
ames2224,Nc1cc2ccc3cccc4ccc(c1)c2c34,1
ames2868,Nc1ccc2ccc3ccc([N+](=O)[O-])c4ccc1c2c34,1
ames0048,O=[N+]([O-])c1ccc2ccc3ccc([N+](=O)[O-])c4ccc1c2c34,1
ames2366,CC(=O)N(O)c1ccc2ccc3cccc4ccc1c2c34,1
ames3392,Nc1ccc2ccc3cccc4ccc1c2c34,1
ames2757,O=[N+]([O-])c1ccc2c(O)cc3cccc4ccc1c2c43,1
ames1209,O=Nc1ccc2ccc3c([N+](=O)[O-])ccc4ccc1c2c43,1
ames2504,O=[N+]([O-])c1cc2ccc3cc([N+](=O)[O-])cc4ccc(c1)c2c34,1
ames1602,O=[N+]([O-])c1cc([N+](=O)[O-])c2ccc3cccc4ccc1c2c43,1
ames1348,O=[N+]([O-])c1cc2ccc3cccc4ccc(c1)c2c34,1
ames0965,O=Nc1ccc2ccc3cccc4ccc1c2c34,1
ames1097,CC(=O)Nc1cc(O)c2ccc3cccc4ccc1c2c34,1
ames2395,O=Cc1ccc2ccc3cccc4ccc1c2c34,1
ames1235,Nc1cc2cccc3ccc4cccc1c4c32,1
ames1107,O=[N+]([O-])c1cc(O)c2ccc3cccc4ccc1c2c34,1
ames2136,O=[N+]([O-])c1cc2cccc3ccc4cccc1c4c32,1
ames0596,OCc1cc2ccc3cccc4ccc(c1)c2c34,1
ames2792,CC(=O)Oc1cc([N+](=O)[O-])c2ccc3cccc4ccc1c2c43,1
ames1632,CC(=O)Nc1ccc2ccc3cccc4ccc1c2c34,1
ames1507,O=S(=O)(O)c1ccc2ccc3cccc4ccc1c2c34,1
ames2283,O=[N+]([O-])c1ccc2ccc3ccc(O)c4ccc1c2c34,1
ames0737,CC(=O)Nc1ccc2ccc3c(O)ccc4ccc1c2c43,1
ames1640,O=[N+]([O-])c1ccc2ccc3c(O)ccc4ccc1c2c43,1
ames0613,ClCc1ccc2ccc3cccc4ccc1c2c34,1
ames2155,CC(O)c1cc2ccc3cccc4ccc(c1)c2c34,1
ames2029,CC(=O)OCc1ccc2ccc3cccc4ccc1c2c34,1
ames2553,Clc1ccc2ccc3cccc4ccc1c2c34,1
ames1396,O=[N+]([O-])c1ccc2ccc3cccc4cc(O)c1c2c34,1
ames3328,Cc1ccc2ccc3cccc4ccc1c2c34,1
ames1011,O=[N+]([O-])c1ccc2cc(O)c3cccc4ccc1c2c43,1
ames1401,OCc1ccc2ccc3cccc4ccc1c2c34,1
ames2569,O=[N+]([O-])c1ccc2ccc3cccc4ccc1c2c34,1
ames1924,O=Nc1ccc2ccc3ccc([N+](=O)[O-])c4ccc1c2c34,1
ames2657,C(COCC1CO1)OCC1CO1,1
ames0061,O=C1c2ccc3ccccc3c2-c2c1ccc1ccccc21,1
ames2007,O=c1[nH]cnc2c1ncn2C1CCC(CO)O1,1
ames3679,O=c1[nH]cnc2c1ncn2C1OC(COP(=O)(O)O)C(O)C1O,0
ames4873,Clc1cnc(Oc2ccc(Oc3ncc(Cl)cc3Cl)cc2)c(Cl)c1,0
ames2123,O=[N+]([O-])c1ccc(CN2C3c4ccccc4-c4ccccc4C32)cc1,1
ames0839,FC(F)(F)c1cccc(CN2C3c4ccccc4-c4ccccc4C32)c1,1
ames0616,Cc1ccc(CN2C3c4ccccc4-c4ccccc4C32)cc1,1
ames1002,Cc1cc(C)c(CN2C3c4ccccc4-c4ccccc4C32)c(C)c1,1
ames0654,COc1ccc(CN2C3c4ccccc4-c4ccccc4C32)cc1,1
ames1490,Brc1ccc(CN2C3c4ccccc4-c4ccccc4C32)cc1,1
ames0112,COc1cccc(CN2C3c4ccccc4-c4ccccc4C32)c1,1
ames0625,Clc1ccc(CN2C3c4ccccc4-c4ccccc4C32)cc1,1
ames2103,Fc1ccc(CN2C3c4ccccc4-c4ccccc4C32)cc1,1
ames1821,c1ccc(CN2C3c4ccccc4-c4ccccc4C32)cc1,1
ames2021,ON=c1[nH]cnc2[nH]cnc12,1
ames1997,Cn1cnc2c(=NO)[nH]cnc21,1
ames4565,c1ccc(N2CCNCC2)cc1,0
ames4446,C=CC(=O)N1CCN(c2ccccc2)CC1,0
ames0882,CCN(CC)c1ccc(-c2ccc(-c3ccc(N(CC)CC)cc3)cc2)cc1,1
ames3864,c1ccc(-c2ccc(-c3ccccc3)cc2)cc1,0
ames1763,Nc1ccc(-c2ccc(-c3ccc(N)cc3)cc2)cc1,1
ames6179,COc1ccc2cc(CCC(C)=O)ccc2c1,0
ames2578,Nc1cc2ccccc2cc1N,1
ames1545,Cc1ccc2cccc([N+](=O)[O-])c2c1,1
ames2064,O=CN(O)c1ccc2ccccc2c1,1
ames4138,O=S(=O)(O)c1cc(S(=O)(=O)O)c2cc(O)ccc2c1,0
ames4654,Nc1cc(S(=O)(=O)O)c2cccc(S(=O)(=O)O)c2c1,0
ames3126,C=CC(OC(C)=O)c1ccc(OC)c2ccccc12,1
ames3128,ONc1cccc2ccccc12,1
ames1582,Cc1cc([N+](=O)[O-])cc2ccccc12,1
ames4166,Cc1cc2ccccc2cc1[N+](=O)[O-],0
ames3133,CNC(=O)Oc1cccc2ccccc12,1
ames2105,Oc1cc(O)c2ccccc2c1,1
ames5726,Cc1ccc2c(C)cccc2c1,0
ames2116,Cc1ccc2ccccc2c1[N+](=O)[O-],1
ames0079,N#Cc1cccc2c([N+](=O)[O-])cccc12,1
ames3172,NCCNc1cccc2ccccc12,1
ames4729,Oc1cccc2ccccc12,0
ames6281,Clc1c(Cl)c(Cl)c2c(Cl)c(Cl)c(Cl)c(Cl)c2c1Cl,0
ames1647,Cc1cccc2c([N+](=O)[O-])cccc12,1
ames0621,Oc1ccc2c(O)cccc2c1,1
ames4241,CC(C)NCC(O)COc1cccc2ccccc12,0
ames2698,Cc1ccc([N+](=O)[O-])c2ccccc12,1
ames1664,NC(=O)Cc1cccc2ccccc12,1
ames4760,CC(=O)c1ccc2ccccc2c1,0
ames3217,Nc1cccc2ccccc12,1
ames3736,COc1ccc2cc(C(C)C(=O)O)ccc2c1,0
ames2190,Cc1cccc2ccc([N+](=O)[O-])cc12,1
ames5294,CC(C)(C)c1c(N)ccc2ccccc12,0
ames0145,C=Cc1c(O)c(O)c2c(O)c(O)c(O)c(O)c2c1O,1
ames2205,S=C=Nc1cccc2ccccc12,1
ames5824,c1ccc2ccccc2c1,0
ames3246,ON=C(O)c1ccc2ccccc2c1,1
ames2219,O=[N+]([O-])c1ccc2ccccc2c1,1
ames5834,Cc1cc(C)c2ccccc2c1,0
ames2762,Nc1ccc(N)c2ccccc12,1
ames0702,O=[N+]([O-])c1cccc2c([N+](=O)[O-])cccc12,1
ames4832,O=S(=O)(O)c1cccc2cc(O)ccc12,0
ames6382,Cc1ccc2ccccc2c1,0
ames2264,O=[N+]([O-])c1c(O)ccc2ccccc12,1
ames3294,ClCCN(CCCl)c1ccc2ccccc2c1,1
ames1237,O=[N+]([O-])c1cc2cccc([N+](=O)[O-])c2cc1[N+](=O)[O-],1
ames1760,CC(=O)N(O)c1ccc2ccccc2c1,1
ames3310,CN(N=O)C(=O)Oc1cccc2ccccc12,1
ames1766,O=[N+]([O-])c1cccc2cccc([N+](=O)[O-])c12,1
ames3848,C=Cc1c(OC)c(O)c2c(O)c(OC)c(OC)c(O)c2c1O,0
ames3854,Cc1ccc2ccccc2c1C,0
ames4374,NNC(=O)CNc1ccc2ccccc2c1,0
ames2318,Cc1c([N+](=O)[O-])ccc2ccccc12,1
ames0264,O=[N+]([O-])c1cc([N+](=O)[O-])c2ccccc2c1,1
ames4389,O=S(=O)(O)c1ccc2cc(O)c(S(=O)(=O)O)cc2c1,0
ames1296,Cc1ccc2c([N+](=O)[O-])cccc2c1,1
ames4401,Clc1c(Cl)c(Cl)c2ccccc2c1Cl,0
ames0796,O=[N+]([O-])c1cc([N+](=O)[O-])c2ccc(S(=O)(=O)O)cc2c1O,1
ames4406,Oc1ccc2ccccc2c1,0
ames5956,Clc1ccc2ccccc2c1,0
ames4415,Nc1ccc(S(=O)(=O)O)c2ccccc12,0
ames3390,Nc1ccc2ccccc2c1S(=O)(=O)O,1
ames0308,Cc1cccc2cccc([N+](=O)[O-])c12,1
ames1860,Cc1cc([N+](=O)[O-])c2ccccc2c1,1
ames0834,OCCN(CCO)c1ccc2ccccc2c1,1
ames2384,Cc1ccc2ccc([N+](=O)[O-])cc2c1,1
ames1868,Nc1cccc2cccc(N)c12,1
ames0843,NC(=S)Nc1cccc2ccccc12,1
ames5494,CN(CC(=O)NN)c1ccc2ccccc2c1,0
ames3963,CC(=O)NCC(O)COc1cccc2ccccc12,0
ames2932,Nc1cccc2c(N)cccc12,1
ames5512,O=C(O)Cc1cccc2ccccc12,0
ames5014,O=C(O)COc1ccc2ccccc2c1,0
ames2444,Cc1ccc2cc([N+](=O)[O-])ccc2c1,1
ames4011,O=C=Nc1cccc2c(N=C=O)cccc12,0
ames2979,Nc1ccc2ccccc2c1,1
ames2980,ONc1ccc2ccccc2c1,1
ames3527,O=Nc1c(O)ccc2ccccc12,0
ames1495,O=[N+]([O-])c1cccc2ccccc12,1
ames5111,C=C(C)C=Cc1c(O)c(O)c2ccccc2c1O,0
ames3051,CCCCON(OC(C)=O)C(=O)c1ccc2ccccc2c1,1
ames5118,Nc1c(O)ccc2ccccc12,0
ames5646,Cc1cccc2ccccc12,0
ames0498,Cc1cccc2cc([N+](=O)[O-])ccc12,1
ames2040,Clc1cccc2ccccc12,1
ames2042,Oc1ccc(O)c2ccccc12,1
ames1015,CCC(=O)N(O)c1ccc2ccccc2c1,1
ames1020,O=[N+]([O-])c1cc([N+](=O)[O-])c2c([N+](=O)[O-])cc([N+](=O)[O-])cc2c1,1
ames5144,CC(C)NCC(O)c1ccc2ccccc2c1,0
ames5800,CC=C(c1ccc(O)cc1)C(CC)c1ccc(O)cc1,0
ames4988,Nc1cc(S(=O)(=O)O)cc2cc(S(=O)(=O)O)c(N=Nc3ccccc3)c(O)c12,0
ames5839,Cc1cc(C)c(S(=O)(=O)O)cc1N=Nc1cc(S(=O)(=O)O)c2ccccc2c1O,0
ames2591,CN(C)c1ccc(N=Nc2ccc3ccccc3c2)cc1,1
ames4456,CCC1OC(=O)C(C)C(OC2CC(C)(OC)C(O)C(C)O2)C(C)C(OC2OC(C)CC(N(C)C)C2O)C(C)(O)CC(C)C(=NOCOCCOC)C(C)C(O)C1(C)O,0
ames4044,O=C1CCc2c3c(c4c(ccc5ccccc54)c21)CCC3,0
ames2217,Cc1cc2c3c(cccc3c1)-c1cc3ccccc3cc1-2,1
ames2154,O=[N+]([O-])c1ccc2c3c(cccc13)-c1cc3ccccc3cc1-2,1
ames0134,Fc1ccc2cc3c(cc2c1)-c1cccc2cccc-3c12,1
ames2522,Fc1cccc2cc3c(cc12)-c1cccc2cccc-3c12,1
ames1423,Fc1ccc2c3c(cccc13)-c1cc3ccccc3cc1-2,1
ames1460,Cc1c2c(c(C)c3ccccc13)-c1cccc3cccc-2c13,1
ames0987,c1ccc2cc3c(cc2c1)-c1cccc2cccc-3c12,1
ames3163,c1ccc2c(c1)cc1ccc3cc4ccccc4c4ccc2c1c34,1
ames1614,C=CCn1cc2c3c(cccc31)C1C=C(CO)CN(C)C1C2,1
ames1308,CCCCCn1cc2c3c(cccc31)C1C=C(C)CN(C)C1C2,1
ames0550,CCCn1cc2c3c(cccc31)C1C=C(C)CN(C)C1C2,1
ames0880,CC1=CC2c3cccc4[nH]cc(c34)CC2N(C)C1,1
ames5605,COc1ccc(CCC(=O)c2c(O)cc(OC3OC(CO)C(O)C(O)C3OC3OC(C)C(O)C(O)C3O)cc2O)cc1O,0
ames4156,O=S(=O)(O)c1ccc(N=NNc2ccc(S(=O)(=O)O)cc2)cc1,0
ames3135,c1ccc(N=NNc2ccccc2)cc1,1
ames2632,O=C1c2ccccc2C(=O)C1c1ccc2ccccc2n1,1
ames0652,CC(C)=CCCC(C)(O)C1CC=CCC1=O,1
ames6167,C=C(C)C1C=CC(C)C(=O)C1,0
ames4025,O=[N+]([O-])c1cc(NS(=O)(=O)c2cccc3cccnc23)ccc1Cl,0
ames5442,O=S(=O)(Nc1cc(Cl)cc(Cl)c1)c1cccc2cccnc12,0
ames4673,Cc1cccc(NS(=O)(=O)c2cccc3cccnc23)c1,0
ames5485,O=S(=O)(Nc1ccc(Cl)cc1Cl)c1cccc2cccnc12,0
ames3811,O=[N+]([O-])c1cccc(NS(=O)(=O)c2cccc3cccnc23)c1,0
ames4395,O=S(=O)(Nc1ccccc1Cl)c1cccc2cccnc12,0
ames4721,O=S(=O)(Nc1cccc(Cl)c1)c1cccc2cccnc12,0
ames5462,O=S(=O)(Nc1ccc(Cl)c(Cl)c1)c1cccc2cccnc12,0
ames5559,Cc1ccccc1NS(=O)(=O)c1cccc2cccnc12,0
ames4499,O=S(=O)(Nc1ccc(Cl)cc1)c1cccc2cccnc12,0
ames4982,Cc1ccc(NS(=O)(=O)c2cccc3cccnc23)cc1,0
ames3488,Nc1c(Oc2ccccc2)cc(O)c2c1C(=O)c1ccccc1C2=O,1
ames2675,COCC1C=C2c3cccc4c3c(cn4C)CC2N(C)C1,1
ames0824,c1ccc2c(c1)cc1c3ccccc3c3cccc4ccc2c1c43,1
ames5817,O=S1OCC2C(CO1)C1(Cl)C(Cl)=C(Cl)C2(Cl)C1(Cl)Cl,0
ames3894,NCCCN1CCN(CCCN)CC1,0
ames3027,O=NN1CCN(N=O)CC1,1
ames3443,CC1CN(N=O)CCN1N=O,1
ames3285,CC1CN(N=O)C(C)CN1N=O,1
ames4129,OCCN1CCNCC1,0
ames2228,O=NN1CCNCC1,1
ames4257,CN1CCNCC1,0
ames4772,NCCN1CCNCC1,0
ames1232,CN1CCN(N=O)CC1,1
ames2946,CC1CN(N=O)CC(C)N1N=O,1
ames5461,CN1CCN(C)CC1,0
ames5789,C1CNCCN1,0
ames2636,O=C(CCBr)N1CCN(C(=O)CCBr)CC1,1
ames0747,COC(=O)C12OC1(C)C(C)OC2=O,1
ames0421,COC(=O)C12OC1(C)C(C)(O)OC2=O,1
ames0750,COC(=O)C12OC1(C)C(C(C)C)OC2=O,1
ames1905,CCC12OC1(C(=O)OC)C(=O)OC2C,1
ames2433,Cc1nc2c(c3[nH]c4ccccc4c13)C(=O)C=CC2=O,1
ames1125,COC1=CC(=O)c2nc(C)c3c([nH]c4ccccc43)c2C1=O,1
ames1190,COC1=CC(=O)c2c(ncc3c2[nH]c2ccccc23)C1=O,1
ames0799,COC1=CC(=O)c2c(nc(C)c3c2[nH]c2ccccc23)C1=O,1
ames4837,[NH-]C(=O)c1cc[n+](COCN2C=CC=CC2=C=NO)cc1,0
ames0876,CC=CC1=CC(=O)C23CC2C(C)(C)OC3(O)C1=O,1
ames0592,CC=C(Cl)C1=CC(=O)C23CC2C(C)(C)OC3(O)C1=O,1
ames6512,COC1COC(COCC2COC(OC)C(OS(=O)(=O)O)C2OS(=O)(=O)O)C(OS(=O)(=O)O)C1OS(=O)(=O)O,0
ames5533,CCCCCCCCCCCCCC(=O)OC1C(C)C2(O)C(C=C(CO)CC3(O)C(=O)C(C)=CC32)C2C(C)(C)C12OC(C)=O,0
ames1253,CCOC(=O)C1=c2c(c3ccccc3n2C)=N[N][N+]1=O,1
ames1916,Cn1c2c(c3ccccc31)=N[N][N+](=O)C=2C(=O)OCCCl,1
ames3385,Nc1ccc(Cc2ccc(N)c(Cc3ccc(N)cc3)c2)cc1,1
ames5097,c1ccc2c(c1)C1OOC2c2ccccc21,0
ames5078,C1COCCOCCOCCOCCOCCOCCO1,0
ames1967,C1=Cc2c(ccc3ccc4ccccc4c23)C1,1
ames4411,Nc1nc(=O)c2[nH]c(=O)n(C3CC(O)C(CO)O3)c2[nH]1,0
ames4746,Nc1nc(=O)c2[nH]c(=O)n(C3OC(CO)C(O)C3O)c2[nH]1,0
ames3587,Nc1ccn(C2OC(COP(=O)(O)OC3C(CO)OC(n4cnc5c(N)ncnc54)C3O)C(O)C2O)c(=O)n1,0
ames4227,N=C(NOC1OC(C(=O)O)C(O)C(O)C1O)c1ccccc1,0
ames4532,OC1c2ccccc2-c2ccc3ccccc3c2C1O,0
ames1742,O=C1NC(=O)C(Cl)(Cl)C1=C(Cl)Cl,1
ames2099,O=C1CC(=C(Cl)Cl)C(=O)N1,1
ames1950,O=C1NC(=O)C(Cl)C1=C(Cl)Cl,1
ames5422,O=C(c1ccc(-c2ccccc2)cc1)C1OC1c1ccccc1,0
ames5958,CN(C(=O)CN(CCO)CC(=O)N(C)C(C)(C)Cc1ccccc1)C(C)(C)Cc1ccccc1,0
ames1607,O=CNNc1nc(-c2ccc([N+](=O)[O-])o2)cs1,1
ames2156,Nc1nc(-c2ccc([N+](=O)[O-])o2)cs1,1
ames0039,O=C(Nc1nc(-c2ccc([N+](=O)[O-])o2)cs1)C(F)(F)F,1
ames2068,Cc1nc(-c2ccc([N+](=O)[O-])o2)cs1,1
ames1427,CC(=O)Nc1nc(-c2ccc([N+](=O)[O-])o2)cs1,1
ames1331,O=[N+]([O-])c1ccc(-c2cscn2)o1,1
ames0528,O=CNc1nc(-c2ccc([N+](=O)[O-])o2)cs1,1
ames0279,CN(C)Nc1nc(-c2ccc([N+](=O)[O-])o2)cs1,1
ames4314,O=C(c1ccccc1)C1OC1c1ccc(Oc2ccccc2)cc1,0
ames1879,O=[N+]([O-])c1ccc(CNc2ncnc3[nH]cnc23)cc1,1
ames3573,c1ccc(CNc2ncnc3[nH]cnc23)cc1,0
ames6340,CCn1cc(C(=O)O)c(=O)c2ccc(C)nc21,0
ames1264,Cc1nc2c(c3[nH]c4ccccc4c13)C(=O)C(N1CCN(C)CC1)=CC2=O,1
ames3885,CC(C)C1=CC2=CCC3C(C)(C(=O)O)CCCC3(C)C2CC1,0
ames0315,COC(COC(N)=O)C1=C(N2CC2)C(=O)C(C)=C(N2CC2)C1=O,1
ames5555,O=C1c2ccccc2-c2ccc3c4c(ccc1c24)-c1ccccc1C3=O,0
ames1063,COc1cccc2c(O)c3c(c(O)c12)C(=O)C1=C(CC(O)(C(=O)CO)CC1OC1CC(N)CC(C)O1)C3=O,1
ames1195,COc1cccc2c(O)c3c(c(O)c12)C(=O)C1=C(CC(O)(C(C)=O)CC1OC1CC(N(C)C)C(O)C(C)O1)C3=O,1
ames2874,COc1cccc2c(O)c3c(c(O)c12)C(=O)C1=C(CC(O)(C(=O)CO)CC1OC1CC(N)C(O)C(C)O1)C3=O,1
ames1946,COc1cccc2c(O)c3c(c(O)c12)C(=O)C1=C(C3=O)C(OC2CC(N(C)C)C(O)C(C)O2)CC(O)(C(=O)CO)C1,1
ames2699,COc1cccc2c(O)c3c(c(O)c12)C(=O)C1=C(CC(O)(C(=O)CO)CC1OC1CC(N)C(OC)C(C)O1)C3=O,1
ames2925,COc1cccc2c(O)c3c(c(O)c12)C(=O)C1=C(CC(O)(C(C)=O)CC1OC1CC(N)C(O)C(C)O1)C3=O,1
ames5187,COc1c(C(=O)O)c(=O)[nH]c2ccccc12,0
ames6017,O=c1ccc2ccccc2[nH]1,0
ames3062,Cc1ccccc1OCC1CO1,1
ames3192,c1ccc(OCC2CO2)cc1,1
ames2194,O=[N+]([O-])c1ccc(OCC2CO2)cc1,1
ames3267,CC(C)(C)c1ccc(OCC2CO2)cc1,1
ames2885,Cc1ccc(OCC2CO2)cc1,1
ames2132,Cc1nc2ccc3ccc4ccc(O)cc4c3c2n1C,1
ames2688,[O-][n+]1ccc(NO)c2ccccc21,1
ames5064,[O-][n+]1cccc2cccc(O)c21,0
ames0822,O=[N+]([O-])c1cc[n+]([O-])c2ccccc12,1
ames5358,[O-][n+]1cccc2ccccc21,0
ames3748,COc1c(Cl)cc2c(c1OC)N(C)C1N3C(=O)C4(C)SSC3(C(=O)N4C)C(O)C21O,0
ames3393,O=NN1CCNC1=O,1
ames0046,O=C1N(CO)C(O)C(O)N1CO,1
ames5050,S=C1SSC2=NCCN12,0
ames1166,c1ccc2c3c4c(cc5ccccc5c4cc2c1)C1=C3CCCC1,1
ames0639,N#[N+]Nc1ccc2c(c1)N=C1C=CC(=NN=[N-])C=C1C2=Nc1ccc(NS(=O)(=O)CCCN)cc1,1
ames3511,CS(=O)(=O)Nc1ccc(N=C2C3=CC(=NN=[N-])C=CC3=Nc3cc(N[N+]#N)ccc32)cc1,0
ames5519,c1ccc2sc(SNC3CCCCC3)nc2c1,0
ames3977,O=C1c2c(ccc3ccccc23)-c2ccc3ccccc3c21,0
ames0446,CC=C1CC(C)C(C)(OC(C)=O)C(=O)OCC2=CCN(C)CCC(OC1=O)C2=O,1
ames6306,c1ccc2c(c1)Oc1ccccc1S2,0
ames1786,COC1=Cc2ccnc3c2c(c(O)c2ccc(OC)cc23)C1=O,1
ames3424,Cc1ccc2nc(-c3ccc(N)cc3)sc2c1,1
ames2901,Cc1ccc2nc(-c3ccc(N)cc3)sc2c1S(=O)(=O)O,1
ames1574,CN(C)CCNC(=O)c1cccn2c(=O)c3ccccc3nc12,1
ames2481,CCOP(=O)(Oc1ccc([N+](=O)[O-])cc1)c1ccccc1,1
ames5740,CC(C)(Oc1ccc(C2CCCc3ccccc32)cc1)C(=O)O,0
ames4468,Cc1ccc2ccc3c(ccc4c5cccc(C)c5ccc43)c2c1,0
ames1548,c1ccc2c(c1)ccc1c2ccc2c3ccccc3ccc21,1
ames6012,CC12CCC(CC1=O)C2(C)C,0
ames5930,CC12CCC(C1)C(C)(C)C2=O,0
ames3174,O=C1c2ccccc2C(=O)c2c1cc(OC1OC(COC3OCC(O)C(O)C3O)C(O)C(O)C1O)c(CO)c2O,1
ames3611,O=C1c2ccccc2C(=O)c2c1ccc(OC1OC(COC3OCC(O)C(O)C3O)C(O)C(O)C1O)c2O,0
ames3917,CN1CCN(C2=Nc3ccccc3Oc3ccc(Cl)cc32)CC1,0
ames3918,Cc1ccc(S(=O)(=O)NC(=O)Nc2ncc([N+](=O)[O-])s2)cc1,0
ames1033,Cc1cc(-c2ccc(N=Nc3c(N)c(C)cc(S(=O)(=O)O)c3N)c(C)c2)ccc1N=Nc1ccc(O)c(C(=O)O)c1,1
ames2648,Cc1ccc(N(CC2(O)OCC(O)C(O)C2O)N=O)cc1,1
ames5429,Cc1ccc(NCC2(O)OCC(O)C(O)C2O)cc1,0
ames4444,C[N+]1([O-])CC=C(c2ccccc2)CC1,0
ames4158,C=c1cc(O)c(=C)cc1O,0
ames4385,C=c1c(C)c(O)c(=C)c(C)c1O,0
ames3718,CC1CN(N=O)CC(C)N1C(=O)c1ccccc1,0
ames5377,c1ccc2c(c1)OCCOCCOCCOCCO2,0
ames4689,CN(C)C1C(=O)C(C(N)=O)C(=O)C2(O)C(=O)C3C(=O)c4c(O)cccc4C(C)(O)C3C(O)C12,0
ames5552,CN(C)C1C(=O)C(C(N)=O)C(=O)C2(O)C(=O)C3C(=O)c4c(O)cccc4C(C)(O)C3CC12,0
ames4194,CN1C(=O)CCC1c1ccc[n+]([O-])c1,0
ames1675,NC(=O)c1cc(N2CC2)c([N+](=O)[O-])cc1[N+](=O)[O-],1
ames4299,O=C(Nc1ccccc1)c1c(O)[nH]c(=S)[nH]c1=O,0
ames3494,c1ccc2cc(Nc3ccc(Nc4ccc5ccccc5c4)cc3)ccc2c1,1
ames5569,Oc1ccc2cc(SSc3ccc4cc(O)ccc4c3)ccc2c1,0
ames0030,Nc1ncnc2c1nc(-c1ccc([N+](=O)[O-])cc1)n2-c1ccc([N+](=O)[O-])cc1,1
ames2266,Cc1cc(=O)oc2ccc3c(c12)C1(C)OOC1(C)O3,1
ames5183,CC(O)CN1CC(C)OC1=O,0
ames1716,O=C1CCOP(=O)(N(CCCl)CCCl)N1,1
ames4197,C=C1CC23CCC4C(C)(C(=O)OC5OC(CO)C(O)C(O)C5O)CCCC4(C)C2CCC1(OC1OC(CO)C(O)C(O)C1OC1OC(C)C(O)C(O)C1O)C3,0
ames3578,CCOP(=O)(OCC)Oc1cc(-c2ccccc2)on1,0
ames4005,C=c1c(=O)c(=O)c(=C2C(=O)C(O)C(C)C(=O)C2O)c(=O)c1=O,0
ames4080,N#CC1=C(C#N)SCCS1,0
ames3137,OC1c2cc3ccc4ccccc4c3cc2C2OC2C1O,1
ames0404,OC1c2ccc3cccnc3c2C2OC2C1O,1
ames2362,c1cnc2c3c(ccc2c1)CCC1OC31,1
ames2048,COc1cccc2c(O)c3c(c(O)c12)C(=O)C1=C(CC(O)(C(C)=O)CC1O)C3=O,1
ames0093,COc1cccc2c(O)c3c(c(O)c12)C(=O)C1=C(CC(O)(C(=O)CO)CC1O)C3=O,1
ames1090,c1ccc2c3c4c(ccc5cccc(c54)C4OC34)cc2c1,1
ames4604,Cc1c(N)c(=O)n(-c2ccccc2)n1C,0
ames6246,Cc1cc(=O)n(-c2ccccc2)[nH]1,0
ames1261,Cc1c(N=O)c(=O)n(-c2ccccc2)n1C,1
ames3845,Cc1cc(=O)n(-c2ccccc2)n1C,0
ames1781,Cc1c(N(C)C)c(=O)n(-c2ccccc2)n1C,1
ames3010,Cc1c(N(C)CS(=O)(=O)O)c(=O)n(-c2ccccc2)n1C,1
ames4557,Cc1c(C(C)C)c(=O)n(-c2ccccc2)n1C,0
ames1558,C=CC(=O)N(CC1CO1)CC1CO1,1
ames5216,CC(C)(C)NCC(O)COc1nsnc1N1CCOCC1,0
ames4892,CC(C)(C)NCC(O)COc1ccc(O)cc1C1CCCC1,0
ames1068,CC(C)(C)NCC(O)COc1ccccc1C1CCCC1,1
ames1898,O=CNc1nc(C=Cc2ccc([N+](=O)[O-])o2)cs1,1
ames1087,Nc1nc(C=Cc2ccc([N+](=O)[O-])o2)cs1,1
ames1088,CC(=O)Nc1nc(C=Cc2ccc([N+](=O)[O-])o2)cs1,1
ames5715,Nc1ccccc1C(=O)OCC=Cc1ccccc1,0
ames4548,c1cc[n+]2c(c1)-c1cccc[n+]1CC2,0
ames2334,CC(=O)ON(OCc1ccc(-c2ccccc2)cc1)C(=O)c1ccccc1,1
ames0288,C1=Cc2c3ccccc3cc3cccc1c23,1
ames2262,Cn1c2cccc(=N)c-2cc2ccccc21,1
ames4135,COc1cc(O)c2c(c1)C1=CC(O)C(O)CC1(C)OC2=O,0
ames4924,COC(=O)C1=C(c2ccccc2)C(C)OC1=O,0
ames4445,Cc1c(N)nc(C(CC(N)=O)NCC(N)C(N)=O)nc1C(=O)NC(C(=O)NC(C)C(O)C(C)C(O)=NC(C(O)=NCCc1nc(-c2nc(C(=O)O)cs2)cs1)C(C)O)C(OC1OC(CO)C(O)C(O)C1OC1OC(CO)C(O)C(OC(N)=O)C1O)c1cnc[nH]1,0
ames5249,C=C1C(O)C2OC3(CCC(C=CC(C)C4CC(C)=CC5(OC(CC(C)(O)C(=O)O)CCC5O)O4)O3)CCC2OC1C(O)CC(C)C1OC2(CCCCO2)CCC1C,0
ames0133,COc1c(O)c2c(c3oc(=O)c4c(c13)CCC4=O)C1C=COC1O2,1
ames3357,COc1cc2c(c3oc(=O)c4c(c13)CCC4=O)C1(O)C=COC1O2,1
ames3364,COc1cc2c(c3oc(=O)c4c(c13)CCC4=O)C1C=COC1O2,1
ames2631,COc1cc2c(c3oc(=O)c4c(c13)C(Cl)C(Cl)C4=O)C1C=COC1O2,1
ames3468,COc1cc2c(c3oc(=O)c4c(c13)C(O)CC4=O)C1C=COC1O2,1
ames1942,O=[N+]([O-])c1ccc2c(c1)CCN2,1
ames1556,O=[N+]([O-])c1ccc2c(c1)NCC2,1
ames3536,CC1CC2c3cc(Br)cc4c3c(cn4CC3CC3)CC2N(C)C1,0
ames5500,CC1CCC2(C(=O)OC3OC(COC4OC(CO)C(OC5OC(C)C(O)C(O)C5O)C(O)C4O)C(O)C(O)C3O)CCC3(C)C(=CCC4C5(C)CC(O)C(O)C(C)(CO)C5CCC43C)C2C1C,0
ames0820,c1cc2c3c(c1)C1OC1c1cccc(c1-3)C1OC21,1
ames0632,[N-]=[N+]=NCC1OC(O)C(O)C(O)C1O,1
ames3099,CN(N=O)C(=O)NC1C(O)OC(CO)C(O)C1O,1
ames3984,CCCCCCCCCCCCCCCCCC(=O)NCCCCC(NC(=O)CCC(NC(=O)C(C)NC(=O)C(C)OC1C(O)C(CO)OC(O)C1NC(C)=O)C(N)=O)C(=O)O,0
ames4724,CCN(CC)C(=S)SC1OC(CO)C(O)C(O)C1O,0
ames5336,OCC(O)C(O)C(OC1OC(CO)C(O)C(O)C1O)C(O)CO,0
ames5243,C[N+]([O-])=NCC1OC(CO)C(O)C(O)C1O,0
ames5527,O=NN(CC(=O)O)CC1(O)OCC(O)C(O)C1O,0
ames0505,O=[N+]([O-])c1ccc2c(c1)-c1cc3ccccc3c3cccc-2c13,1
ames1846,c1ccc2c(c1)-c1cccc3c1c-2cc1ccccc13,1
ames5640,CCCCCCCCCCCCCCCCCC1=NCCN1CCO,0
ames4307,OC1c2ccc3ncccc3c2C2OC2C1O,0
ames2381,c1cnc2ccc3c(c2c1)C1OC1CC3,1
ames5769,CCC1NC(=O)c2cc(S(N)(=O)=O)c(Cl)cc2N1,0
ames1172,O=P1(Oc2ccccc2)OCc2ccccc2O1,1
ames5279,O=C(C=Cc1ccccc1)c1ccccc1,0
ames4413,O=C(C=Cc1ccccc1)c1ccc(Br)cc1,0
ames0644,O=C(C=Cc1ccc([N+](=O)[O-])cc1)c1ccccc1,1
ames4800,CN(C)c1ccc(C=CC(=O)c2ccccc2)cc1,0
ames4707,O=C(C=Cc1ccccc1[N+](=O)[O-])c1ccccc1,0
ames1838,CC(=O)Nc1ccc(C=CC(=O)c2ccccc2)cc1,1
ames3581,O=C(C=Cc1ccccc1)c1ccc(F)cc1,0
ames3873,COc1ccc(C(=O)C=Cc2ccccc2)cc1,0
ames4564,O=C(C=Cc1ccc(Br)cc1)c1ccccc1,0
ames4660,O=C(C=Cc1ccc(O)cc1)c1ccccc1,0
ames4366,CC(=O)Nc1ccc(C(=O)C=Cc2ccccc2)cc1,0
ames2404,O=C(C=Cc1ccc([N+](=O)[O-])cc1)c1ccc([N+](=O)[O-])cc1,1
ames3851,COc1ccc(C=CC(=O)c2ccccc2)cc1,0
ames4912,O=C(C=Cc1ccc(F)cc1)c1ccccc1,0
ames5299,O=C(C=Cc1cccc([N+](=O)[O-])c1)c1ccccc1,0
ames3595,O=C(C=Cc1ccccc1)c1ccc(O)cc1,0
ames1829,O=C(C=Cc1ccccc1)c1ccc([N+](=O)[O-])cc1,1
ames0514,Fc1ccc(F)c2c1ccc1cccnc12,1
ames2187,Fc1cccc2c1ccc1cccnc12,1
ames5219,Fc1cnc2c(c1)cc(F)c1ccccc12,0
ames0557,c1ccc2c(c1)ccc1cccnc12,1
ames1749,Fc1cc2ccccc2c2ncccc12,1
ames5427,Fc1cnc2c(ccc3ccccc32)c1,0
ames2273,Fc1cc2cccnc2c2ccccc12,1
ames1567,Fc1ccc2ccc3cccnc3c2c1,1
ames3375,Nc1ccc2ccc3ccccc3c2n1,1
ames1891,Cc1ccccc1N=Nc1ccc(N=Nc2c(O)ccc3ccccc23)c(C)c1,1
ames2005,Oc1ccc2ccccc2c1N=Nc1ccc(N=Nc2ccccc2)cc1,1
ames3400,CCCCc1ccc(N=Cc2ccc(OC)cc2)cc1,1
ames3106,CCC(C)COC(=O)C=Cc1ccc(N=Cc2ccc(OC)cc2)cc1,1
ames1297,CCCCOc1ccc(C=Nc2ccc(CC)cc2)cc1,1
ames4027,Nc1ncnc2c1ncn2C1CC(O)C(CO)O1,0
ames5255,Nc1ncnc2c1ncn2C1OC(CO)C(O)C1O,0
ames2594,Nc1ncnc2c1ncn2C1CCC(CO)O1,1
ames1467,OCNc1ncnc2c1ncn2C1OC(CO)C(O)C1O,1
ames1822,Nc1ncnc2c1ncn2C1OC(CO)CC1O,1
ames2761,c1ccc2c(c1)-c1cc3ccccc3c3cc4c(c-2c13)CCCC4,1
ames2706,COc1ccc2c(OC)c3c(nc2c1OC)OCC3,1
ames5545,CCOC(=O)C1=C(C)N=C(C)C(C(=O)OCC2COC3(CCCC3)O2)C1c1cccc(Cl)c1,0
ames1944,Cc1cc(=O)oc2cc3c(cc12)C1(C)OOC1(C)O3,1
ames3202,c1ccc(Nc2ccc(Nc3ccccc3)cc2)cc1,1
ames0541,c1ccc(-c2ccc(OCC3CO3)cc2)cc1,1
ames6149,Cc1cc(=O)oc2cc(O)ccc12,0
ames4710,CCNc1cc2oc(=O)cc(C)c2cc1C,0
ames5805,Cc1ccc2oc(=O)ccc2c1,0
ames4198,CCN(CC)c1ccc2c(C(F)(F)F)cc(=O)oc2c1,0
ames4006,CCN(CC)c1ccc2c(C)cc(=O)oc2c1,0
ames3951,Cc1cc(=O)oc2cc(N)ccc12,0
ames6330,CCOP(=S)(OCC)Oc1ccc2c(C)c(Cl)c(=O)oc2c1,0
ames2601,O=c1ccc2ccccc2o1,1
ames5274,COc1ccc2c(CBr)cc(=O)oc2c1,0
ames5634,Cc1cc(=O)oc2cc(O)cc(O)c12,0
ames1454,Cn1c(N)nc2nc3ccccc3cc21,1
ames3956,OCCN1CCN(CCCN2c3ccccc3Sc3ccc(C(F)(F)F)cc32)CC1,0
ames5009,CCCCCCCCCC(=O)OCCN1CCN(CCCN2c3ccccc3Sc3ccc(C(F)(F)F)cc32)CC1,0
ames3552,CCCCCCC(=O)OCCN1CCN(CCCN2c3ccccc3Sc3ccc(C(F)(F)F)cc32)CC1,0
ames5000,Nc1[nH]c(=O)nc2c1ncn2C1OC(CO)C(O)C1O,0
ames3730,Nc1[nH]c(=O)nc2c1ncn2C1CC(O)C(CO)O1,0
ames0775,c1ccc2c(c1)ccc1cc3c(ccc4ccncc43)cc12,1
ames3535,O=C(C1CCCCC1)N1CC(=O)N2CCc3ccccc3C2C1,0
ames3307,c1ccc2c(c1)Cc1c(c3ccccc3c3ccccc13)C2,1
ames3510,C1CCCC2OC2CC1,0
ames3404,Cn1c(N)nc2ncc(-c3ccccc3)cc21,1
ames2532,Cn1c(N=[N+]=[N-])nc2ncc(-c3ccccc3)cc21,1
ames1933,Cn1c([N+](=O)[O-])nc2ncc(-c3ccccc3)cc21,1
ames3947,OC1C=Cc2c(ccc3cc4c(cc23)C(O)C(O)c2ccccc2-4)C1O,0
ames0609,c1ccc2c(c1)cc1c3c2ccc2cccc(c23)C1,1
ames1703,OC1c2cccc3ccc4c5ccccc5cc1c4c23,1
ames1634,ClC1c2cccc3ccc4c5ccccc5cc1c4c23,1
ames6212,O=c1n(CCO)c(=O)n(CCO)c(=O)n1CCO,0
ames3607,O=c1[nH]c(=O)[nH]c(=O)[nH]1,0
ames4767,O=c1n(Cl)c(=O)n(Cl)c(=O)n1Cl,0
ames5606,O=c1[nH]c(=O)n(Cl)c(=O)n1Cl,0
ames6249,C=CCn1c(=O)n(CC=C)c(=O)n(CC=C)c1=O,0
ames0521,CS(=O)(=O)n1ncc(Cl)c(Cl)c1=O,1
ames5513,CCC(=O)n1ncc(Cl)c(Cl)c1=O,0
ames5355,CCCCC(=O)n1ncc(Cl)c(Cl)c1=O,0
ames5398,CC(=O)n1ncc(Cl)c(Cl)c1=O,0
ames1541,Nc1nc2ccc([N+](=O)[O-])cc2s1,1
ames6439,Cc1cccc2sc(N)nc12,0
ames3381,Cc1cc2nc(N)sc2cc1C,1
ames4482,Cc1nc2ccccc2s1,0
ames3741,CNC(=O)N(C)c1nc2ccccc2s1,0
ames1357,COc1cccc2sc(N)nc12,1
ames3100,COc1ccc2nc(N)sc2c1,1
ames5162,Nc1nc2cc(Cl)c(Cl)cc2s1,0
ames6419,c1ccc2scnc2c1,0
ames5653,Nc1nc2ccccc2s1,0
ames2170,Nc1ccc2ncsc2c1,1
ames2950,CCOc1ccc2nc(N)sc2c1,1
ames3725,Nc1nc2c(Cl)cccc2s1,0
ames4793,Cc1cc(=O)c2c(O)c3c(O)cc(O)c4c5c(O)cc(O)c6c(=O)c7c(O)cc(C)c8c1c2c(c34)c(c65)c78,0
ames3661,Cn1c2ccc3cc2c(=S)c2cc(ccc21)OCCOCCOCCOCCOCCOCCO3,0
ames0898,C1=Cc2c3cc4ccccc4cc3cc3cccc1c23,1
ames1170,COc1nsc2cc(OCC3CO3)ccc12,1
ames6036,C1OCOCO1,0
ames3263,ClCC1OC(CCl)OC(CCl)O1,1
ames0427,CC(=O)N=C1CON=C(c2ccc([N+](=O)[O-])o2)N1,1
ames1158,Cc1ccc2ccc3ccc(C)cc3c2c1,1
ames1424,Nc1cc2ccccc2c2ccccc12,1
ames0398,O=[N+]([O-])c1ccc2ccc3cccc([N+](=O)[O-])c3c2c1,1
ames1425,O=[N+]([O-])c1cccc2c1c([N+](=O)[O-])cc1cccc([N+](=O)[O-])c12,1
ames0016,O=[N+]([O-])c1cccc2c1ccc1cccc([N+](=O)[O-])c12,1
ames2856,Nc1ccc2c(ccc3ccccc32)c1,1
ames3371,Cc1ccc2c(ccc3ccccc32)c1,1
ames1956,O=[N+]([O-])c1cc2ccccc2c2c([N+](=O)[O-])cccc12,1
ames2354,O=[N+]([O-])c1ccc2ccc3ccccc3c2c1,1
ames2612,O=[N+]([O-])c1ccc2c([N+](=O)[O-])cc3cccc([N+](=O)[O-])c3c2c1,1
ames0169,O=[N+]([O-])c1ccc2c(c1)cc([N+](=O)[O-])c1ccc([N+](=O)[O-])cc12,1
ames0809,Nc1cccc2c1ccc1ccccc12,1
ames0045,Nc1ccc2ccc3ccccc3c2c1,1
ames5068,Cc1ccc2ccc3ccccc3c2c1C,0
ames0305,O=[N+]([O-])c1ccc2cc([N+](=O)[O-])c3ccc([N+](=O)[O-])cc3c2c1,1
ames0946,Oc1cc2ccccc2c2ccccc12,1
ames2753,O=[N+]([O-])c1cccc2c1c([N+](=O)[O-])cc1ccccc12,1
ames1984,O=[N+]([O-])c1cc2ccccc2c2ccccc12,1
ames0706,CNc1ccc2ccc3ccc(O)cc3c2c1,1
ames2122,O=[N+]([O-])c1ccc2c(c1)cc([N+](=O)[O-])c1ccccc12,1
ames3411,Cc1cccc2c1ccc1ccccc12,1
ames0201,O=[N+]([O-])c1cccc2c1ccc1ccccc12,1
ames2777,CNC(=O)Oc1cc2ccccc2c2ccccc12,1
ames0971,O=[N+]([O-])c1cccc2c1cc([N+](=O)[O-])c1cccc([N+](=O)[O-])c12,1
ames2394,O=[N+]([O-])c1ccc2c(c1)c([N+](=O)[O-])cc1c([N+](=O)[O-])cccc12,1
ames2829,O=[N+]([O-])c1ccc2ccc3ccc([N+](=O)[O-])cc3c2c1,1
ames0854,Cc1cc(C)c2ccc3ccccc3c2c1,1
ames0089,O=[N+]([O-])c1cc2cccc([N+](=O)[O-])c2c2ccccc12,1
ames2665,Cc1ccc(C)c2c1ccc1ccccc12,1
ames3694,Cc1cccc2c1ccc1cc(C(C)C)ccc12,0
ames0606,O=[N+]([O-])c1ccc2c(c1)c([N+](=O)[O-])cc1ccccc12,1
ames0994,O=[N+]([O-])c1ccc2ccc3c([N+](=O)[O-])cccc3c2c1,1
ames1382,O=[N+]([O-])c1ccc2c([N+](=O)[O-])cc3ccccc3c2c1,1
ames1388,O=[N+]([O-])c1ccc2c(c1)c([N+](=O)[O-])cc1cccc([N+](=O)[O-])c12,1
ames2033,O=[N+]([O-])c1ccc2c(ccc3ccccc32)c1,1
ames4622,Nc1cccc2ccc3ccccc3c12,0
ames2695,O=[N+]([O-])c1ccc2c([N+](=O)[O-])cc3c([N+](=O)[O-])cccc3c2c1,1
ames2176,Clc1cc2ccccc2c2ccccc12,1
ames1794,O=[N+]([O-])c1ccc2c(ccc3ccc([N+](=O)[O-])cc32)c1,1
ames2445,Cc1cc(C)c2c(ccc3ccccc32)c1,1
ames1799,CC(=O)c1cc(Cc2ccc(N)c(C(C)=O)c2)ccc1N,1
ames5150,CC(C)(c1ccc(O[PH](=O)O)cc1)c1ccc(O[PH](=O)O)cc1,0
ames6180,CCOC(=O)C(O)(c1ccc(Cl)cc1)c1ccc(Cl)cc1,0
ames4903,Nc1ccc(Cc2ccc(N=O)c(Cl)c2)cc1Cl,0
ames5807,CC(C)(c1cc(Br)c(O)c(Br)c1)c1cc(Br)c(O)c(Br)c1,0
ames5660,CN(C)CCOC(c1ccccc1)c1ccccc1,0
ames5936,Clc1ccc(C(c2ccccc2Cl)C(Cl)Cl)cc1,0
ames6322,CC(C)(c1ccc(O)cc1)c1ccc(O)cc1,0
ames2976,Nc1ccc(Cc2ccc(N)cc2)cc1,1
ames4397,CCOCCOC(=O)c1cc(Cc2ccc(N)c(C(=O)OCCOCC)c2)ccc1N,0
ames5814,Cc1ccccc1C(OCCN(C)C)c1ccccc1,0
ames4399,Cc1ccc(Cc2ccccc2)cc1,0
ames1305,Oc1ccc(Cl)cc1Cc1cc(Cl)ccc1O,1
ames5432,CCCC(c1cc(C(C)(C)C)c(O)cc1C)c1cc(C(C)(C)C)c(O)cc1C,0
ames1823,[N-]=[N+]=NC(c1ccccc1)c1ccccc1,1
ames3764,Cc1cc(Cc2cc(C)cc(C(C)(C)C)c2O)c(O)c(C(C)(C)C)c1,0
ames1319,COC(=O)c1cc(Cc2ccc(N)c(C(=O)OC)c2)ccc1N,1
ames3774,CC(C)(c1ccccc1)c1ccc(O)cc1,0
ames6093,COc1ccc(C(c2ccc(OC)cc2)C(Cl)(Cl)Cl)cc1,0
ames3908,Nc1c(O)cc(Cc2cc(Cl)c(N)c(OS(=O)(=O)O)c2)cc1Cl,0
ames6480,Clc1ccc(C(c2ccc(Cl)cc2)C(Cl)Cl)cc1,0
ames1080,CCc1ccc(C(c2ccc(CC)cc2)C(Cl)Cl)cc1,1
ames1985,CCSc1cc(Cc2ccc(N)c(SCC)c2)ccc1N,1
ames1600,CC(=O)Nc1ccc(Cc2ccc(NC(C)=O)c(Cl)c2)cc1Cl,1
ames4439,CC(C)OC(=O)c1cc(Cc2ccc(N)c(C(=O)OC(C)C)c2)ccc1N,0
ames0714,Cc1cc(Cc2ccc(N)c(C)c2)ccc1N,1
ames4711,CCN(CC)C(=O)c1cc(Cc2ccc(N)c(C(=O)N(CC)CC)c2)ccc1N,0
ames4326,Oc1ccc(Cc2ccccc2O)cc1,0
ames4712,Nc1ccc(Cc2ccc(N)c(C(=O)O)c2)cc1C(=O)O,0
ames2528,Nc1ccc(Cc2ccc(NO)c(Cl)c2)cc1Cl,1
ames5232,CCCOC(=O)c1cc(Cc2ccc(N)c(C(=O)OCCC)c2)ccc1N,0
ames2793,[N-]=[N+]=NCCC(c1ccccc1)c1ccccc1,1
ames1373,CC(C)Sc1cc(Cc2ccc(N)c(SC(C)C)c2)ccc1N,1
ames4213,C=C(C)C(=O)OCC(O)COc1ccc(C(C)(C)c2ccc(OCC(O)COC(=O)C(=C)C)cc2)cc1,0
ames4087,Nc1ccc(Cc2cc(O)c(N)c(Cl)c2)cc1Cl,0
ames5247,CC(C)(C)c1cc(Cc2cc(C(C)(C)C)c(O)c(C(C)(C)C)c2)cc(C(C)(C)C)c1O,0
ames5638,Oc1ccc(Cl)cc1Cc1ccccc1,0
ames0998,Nc1ccc(Cc2ccc(N)cc2[N+](=O)[O-])c([N+](=O)[O-])c1,1
ames0872,CC(=O)Nc1ccc(Cc2ccc(N)c(Cl)c2)cc1Cl,1
ames4097,CC(C)(c1ccc(OCC(O)CO)cc1)c1ccc(OCC(O)CO)cc1,0
ames6027,Oc1c(Cl)cc(Cl)c(Cl)c1Cc1c(O)c(Cl)cc(Cl)c1Cl,0
ames5386,CC(=O)Nc1ccc(Cc2ccc(N)cc2)cc1,0
ames5647,Clc1ccc(C(c2ccc(Cl)cc2)C(Cl)(Cl)Cl)cc1,0
ames5907,OC(c1ccc(Cl)cc1)(c1ccc(Cl)cc1)C(Cl)(Cl)Cl,0
ames3329,Nc1ccc(Cc2ccc(N)c(Cl)c2)cc1Cl,1
ames3980,CN(C)C(c1ccccc1)(c1ccccc1)N(C)C,0
ames5529,CC(C)(c1ccc(OCC(O)CCl)cc1)c1ccc(OCC(O)CCl)cc1,0
ames5018,CCc1cc(Cc2cc(C)c(N)c(CC)c2)cc(C)c1N,0
ames3343,CN(C)c1ccc(Cc2ccc(N(C)C)cc2)cc1,1
ames3564,Cc1cc(O)c2c(O)c3c(c(O)c2c1)CC(=O)C(=O)C3=O,0
ames1303,O=C1Cc2c(c(O)c3ccccc3c2O)C(=O)C1=O,1
ames4237,O=C1c2ccccc2-c2ccc3ccccc3c21,0
ames3861,CCn1cc(C(=O)O)c(=O)c2cc(F)c(-c3ccncc3)c(F)c21,0
ames2714,Cc1c(Cn2ccnc2)c2cc([N+](=O)[O-])ccc2n1Cc1ccccc1,1
ames1032,c1ccc2c(c1)ccc1c2ccc2ccc3ccccc3c21,1
ames3089,CC(C)(COCC1CO1)COCC1CO1,1
ames3599,CC12CCC3C(CCC4CC(O)CCC43C)C1CCC(=O)N2,0
ames0263,c1ccc2c(c1)CCc1cc3ccc4c(c3cc1-2)CCCC4,1
ames5226,N=C(N)c1ccc(-c2cc3ccc(C(=N)N)cc3s2)cc1,0
ames5829,COc1ccc(C(=O)N2CCN(c3ccc4c(c3)CCC(=O)N4)CC2)cc1OC,0
ames0257,O=C1c2ccccc2-c2ccc([N+](=O)[O-])cc21,1
ames3281,CCN(CC)CCOc1ccc2c(c1)C(=O)c1cc(OCCN(CC)CC)ccc1-2,1
ames3509,O=C1c2ccccc2-c2ccccc21,0
ames2619,O=C1c2cc([N+](=O)[O-])ccc2-c2ccc([N+](=O)[O-])cc21,1
ames0155,O=C1c2cc([N+](=O)[O-])ccc2-c2c1cc([N+](=O)[O-])cc2[N+](=O)[O-],1
ames0157,O=C1c2ccccc2-c2cc([N+](=O)[O-])ccc21,1
ames2733,O=C1c2cc([N+](=O)[O-])cc([N+](=O)[O-])c2-c2c1cc([N+](=O)[O-])cc2[N+](=O)[O-],1
ames5619,O=C(O)c1cc(N=Nc2ccc(S(=O)(=O)Nc3ccccn3)cc2)ccc1O,0
ames0713,Nc1cc(N)c(N=Nc2ccc(S(=O)(=O)O)cc2)cc1N=Nc1ccc(-c2ccc(N=Nc3ccc(O)c(C(=O)O)c3)cc2)cc1,1
ames5334,OC1C2=c3c(cc4cccc5ccc(c3c54)C1O)-c1ccccc12,0
ames5161,CC(=O)C(=NNc1ccc(-c2ccc(NN=C(C(C)=O)C(O)=Nc3ccc(C)cc3C)c(Cl)c2)cc1Cl)C(=O)Nc1ccc(C)cc1C,0
ames1864,O=c1cc2ccc3cccc4ccc([nH]1)c2c34,1
ames4740,CC1=NC(=N)C(C(=O)OC2CN(C(c3ccccc3)c3ccccc3)C2)C(c2cccc([N+](=O)[O-])c2)C1C(=O)OC(C)C,0
ames4921,CC1CCC2C(C)C3C(CC4C5CC=C6CC(OC7OC(CO)C(O)C(OC8OC(CO)C(O)C(O)C8O)C7OC7OC(C)C(O)C(O)C7O)CCC6(C)C5CCC43C)N2C1,0
ames2141,ON=c1[nH]cnc2c1ncn2Cc1ccccc1,1
ames4021,O=C1CC(c2ccc(O)cc2)Oc2cc(O)cc(O)c21,0
ames1655,O=C(Nc1snc2ccccc12)c1ccccc1,1
ames2055,Cc1ccccc1NC(=O)c1csc([N+](=O)[O-])c1,1
ames1287,O=C(Nc1ccccc1)c1csc([N+](=O)[O-])c1,1
ames1809,COc1ccc(NC(=O)c2csc([N+](=O)[O-])c2)cc1,1
ames0397,Cc1ccc(NC(=O)c2csc([N+](=O)[O-])c2)cc1,1
ames1302,O=C(Nc1cccc(Cl)c1)c1csc([N+](=O)[O-])c1,1
ames0406,CN(C(=O)c1csc([N+](=O)[O-])c1)c1ccccc1,1
ames0794,CCc1ccccc1NC(=O)c1csc([N+](=O)[O-])c1,1
ames0925,O=C(Nc1ccccc1Cl)c1csc([N+](=O)[O-])c1,1
ames1313,O=C(Nc1cccc(Br)c1)c1csc([N+](=O)[O-])c1,1
ames0936,O=C(Nc1ccc(F)cc1)c1csc([N+](=O)[O-])c1,1
ames1470,COc1ccccc1NC(=O)c1csc([N+](=O)[O-])c1,1
ames0320,O=C(Nc1ccc(Cl)cc1)c1csc([N+](=O)[O-])c1,1
ames0704,COc1cccc(NC(=O)c2csc([N+](=O)[O-])c2)c1,1
ames1861,O=C(Nc1ccccc1[N+](=O)[O-])c1csc([N+](=O)[O-])c1,1
ames2639,O=C(Nc1ccc(Br)cc1)c1csc([N+](=O)[O-])c1,1
ames1351,Cc1cccc(NC(=O)c2csc([N+](=O)[O-])c2)c1,1
ames2523,O=C(Nc1ccc([N+](=O)[O-])cc1)c1csc([N+](=O)[O-])c1,1
ames2533,O=C(Nc1cccc(F)c1)c1csc([N+](=O)[O-])c1,1
ames1376,CCc1ccc(NC(=O)c2csc([N+](=O)[O-])c2)cc1,1
ames0480,O=C(Nc1ccccc1Br)c1csc([N+](=O)[O-])c1,1
ames0355,O=C(Nc1ccccc1F)c1csc([N+](=O)[O-])c1,1
ames2162,O=C(Nc1cccc([N+](=O)[O-])c1)c1csc([N+](=O)[O-])c1,1
ames2441,CCc1cccc(NC(=O)c2csc([N+](=O)[O-])c2)c1,1
ames0836,c1ccc(COCC2CO2)cc1,1
ames3727,[O-][n+]1cccc2c1C1OC1C=C2,0
ames3996,OC1c2c(ccc3ncccc23)C2OC2C1O,0
ames5025,c1cnc2ccc3c(c2c1)CCC1OC31,0
ames4890,c1ccc2c(c1)Cc1ccc3ccc4ccccc4c3c1-2,0
ames3507,Cc1cc(O)c2c(c1)C(=O)c1c(c(O)cc(O)c1-c1c(O)cc(O)c3c1C(=O)c1cc(C)cc(O)c1C3=O)C2=O,0
ames5059,CC(C)n1c(C=CC(O)CC(O)CC(=O)O)c(-c2ccc(F)cc2)c2ccccc21,0
ames3664,CC1(C)C=C(C(=O)O)C(C)(C)N1O,0
ames1968,OC1c2ccc3nc4ccc5ccccc5c4cc3c2C2OC2C1O,1
ames4421,O=S1(=O)OC(c2cc(Br)c(O)c(Br)c2)(c2cc(Br)c(O)c(Br)c2)c2ccccc21,0
ames6062,Cc1cc(C2(c3cc(C)c(O)cc3C)OS(=O)(=O)c3ccccc32)c(C)cc1O,0
ames4487,O=S1(=O)OC(c2cc(Br)c(O)c(Br)c2)(c2cc(Br)c(O)c(Br)c2)c2c(Br)c(Br)c(Br)c(Br)c21,0
ames4380,c1ccc(-c2cccc(-c3ccccc3)c2)cc1,0
ames1672,Cc1nc([N+](=O)[O-])cc2c1[nH]c1c([N+](=O)[O-])cc([N+](=O)[O-])cc12,1
ames1709,O=[N+]([O-])c1cc([N+](=O)[O-])c2[nH]c3cnc([N+](=O)[O-])cc3c2c1,1
ames2746,c1ccc2c(c1)[nH]c1cnccc12,1
ames3045,Cc1nccc2c1[nH]c1ccccc12,1
ames3050,COc1ccc2c(c1)[nH]c1c(C)nccc12,1
ames1808,CC(=O)c1c(O)c2n(c1O)C(C)(C)C1Cc3cccc4[nH]cc(c34)C21,1
ames0001,[N-]=[N+]=C1C=NC(=O)NC1=O,1
ames2995,OC1C=Cc2c(ccc3cc4c(ccc5ccccc54)cc23)C1O,1
ames1785,O=C1C=Cc2ccc3c4c(ccc1c24)C=CC3=O,1
ames0869,O=C1CCC2(O)c3c(ccc(O)c31)-c1ccc(O)c3c1C2C1OC1C3=O,1
ames4875,COc1cc2c3c(c1O)-c1cc4c(cc1CC3N(C)CC2)OCO4,0
ames3204,O=C(OCC1CO1)C1CCCCC1C(=O)OCC1CO1,1
ames4980,Cc1ccc(N=CN=CN(C)c2ccc(C)cc2C)c(C)c1,0
ames0562,c1ccc2c(c1)-c1cc3c(cc1C1OC21)-c1ccccc1C1OC31,1
ames1740,c1ccc2c(c1)ccc1ccc3c(c12)CCC3,1
ames4996,Nc1cc(-c2ccncc2)c[nH]c1=O,0
ames5464,Cc1[nH]c(=O)c(C#N)cc1-c1ccncc1,0
ames2009,C1CC2(CCO1)CO2,1
ames3024,CC1CN(N=O)C(=O)NC1=O,1
ames3080,O=NN1CCC(=O)NC1=O,1
ames1859,N=C1CC(=O)C(=O)c2ccccc21,1
ames4276,CCCC1(O)CCC2C3CCC4CC(=O)CC(C)C4(C)C3CCC21C,0
ames4405,CC12CC(C=O)C(=O)CC1CCC1C2CCC2(C)C1CCC2(C)O,0
ames3950,CC1CC2(C)C(CCC3C4CCC(O)C4(C)CCC32)CC1=O,0
ames1778,COc1ccc2c(cc3c4c(cc5c(c42)OCO5)CCN3C)c1OC,1
ames6112,COc1ccc(Cc2nccc3cc(OC)c(OC)cc23)cc1OC,0
ames4821,Clc1cccc(Cl)c1NC1=NCCN1,0
ames6408,CN(C)c1ccc(C2(c3ccc(N(C)C)cc3)OC(=O)c3cc(N(C)C)ccc32)cc1,0
ames5092,O=C1OC(c2ccc(O)cc2)(c2ccc(O)cc2)c2ccccc21,0
ames3350,c1cc2cc3c4c(ccc5cc6c(c1CCC6)c2c54)CCC3,1
ames2447,C1CSCCS1,1
ames1039,O=NN1CCSCC1,1
ames5037,COc1c(OC)c2occc2c2oc(=O)ccc12,0
ames4055,O=c1ccc2ccc3occc3c2o1,0
ames4204,COc1c2ccoc2nc2c(OC)c(OCC3OC3(C)C)ccc12,0
ames4826,Nc1c(S(=O)(=O)O)cc(NC2CCCCC2)c2c1C(=O)c1ccccc1C2=O,0
